complex_id,rank,model_weight,seed,cv_fold,DockQ,ranking_confidence,acceptable,acceptable_score
1a22__B1_P10912--1a22__A1_P01241,1,3,3,0,0.712227739022913,87.375,True,0.9890621304512024
1a22__B1_P10912--1a22__A1_P01241,2,3,1,0,0.7114431123257109,87.0625,True,0.9924466609954834
1a22__B1_P10912--1a22__A1_P01241,3,4,0,0,0.7232284458409967,86.875,True,0.9908260703086853
1a22__B1_P10912--1a22__A1_P01241,4,5,1,0,0.7093242049735528,86.8125,True,0.9933979511260986
1a22__B1_P10912--1a22__A1_P01241,5,3,2,0,0.70722465715211,86.625,True,0.9927634596824646
1a22__B1_P10912--1a22__A1_P01241,6,4,2,0,0.7093923309531928,86.5,True,0.9924071431159973
1a22__B1_P10912--1a22__A1_P01241,7,4,3,0,0.7292577036205744,86.5,True,0.997077226638794
1a22__B1_P10912--1a22__A1_P01241,8,5,2,0,0.70969824835082,86.3125,True,0.9812096953392029
1a22__B1_P10912--1a22__A1_P01241,9,1,1,0,0.7617428709448332,86.0625,True,0.8601065278053284
1a22__B1_P10912--1a22__A1_P01241,10,5,0,0,0.7417280014826259,86.0,True,0.9618378281593323
1a22__B1_P10912--1a22__A1_P01241,11,1,3,0,0.7119218859417579,85.375,True,0.9930794835090637
1a22__B1_P10912--1a22__A1_P01241,12,4,1,0,0.757200159376478,85.3125,True,0.9824697971343994
1a22__B1_P10912--1a22__A1_P01241,13,1,0,0,0.7604113458223262,85.1875,True,0.784570038318634
1a22__B1_P10912--1a22__A1_P01241,14,5,3,0,0.712401142205961,85.125,True,0.9940627217292786
1a22__B1_P10912--1a22__A1_P01241,15,3,0,0,0.7616534368510722,84.6875,True,0.9756860136985779
1a22__B1_P10912--1a22__A1_P01241,16,2,2,0,0.6823175844965276,84.25,True,0.9918003678321838
1a22__B1_P10912--1a22__A1_P01241,17,2,3,0,0.7607137523567792,84.25,True,0.8914027810096741
1a22__B1_P10912--1a22__A1_P01241,18,2,1,0,0.7431150463838637,83.8125,True,0.8565896153450012
1a22__B1_P10912--1a22__A1_P01241,19,1,2,0,0.754387122295798,83.125,True,0.9055931568145752
1a22__B1_P10912--1a22__A1_P01241,20,2,0,0,0.7554631172550303,81.9375,True,0.7694265842437744
1aor__A1_Q51739--1aor__B1_Q51739,1,2,0,0,0.9232179069699614,88.875,True,0.03436857834458351
1aor__A1_Q51739--1aor__B1_Q51739,2,3,2,0,0.7994074307245059,67.375,True,0.04251091554760933
1aor__A1_Q51739--1aor__B1_Q51739,3,2,2,0,0.1902847189197419,37.625,False,0.03740477189421654
1aor__A1_Q51739--1aor__B1_Q51739,4,2,3,0,0.0192137589300618,31.8125,False,0.012398874387145042
1aor__A1_Q51739--1aor__B1_Q51739,5,3,1,0,0.0075841322500278,27.921875,False,0.0056965467520058155
1aor__A1_Q51739--1aor__B1_Q51739,6,4,3,0,0.0088507602965184,27.375,False,0.19105684757232666
1aor__A1_Q51739--1aor__B1_Q51739,7,4,1,0,0.0084460928758452,27.28125,False,0.017440441995859146
1aor__A1_Q51739--1aor__B1_Q51739,8,4,0,0,0.0086027185186051,26.96875,False,0.5813243985176086
1aor__A1_Q51739--1aor__B1_Q51739,9,4,2,0,0.0087055093665777,26.609375,False,0.168950155377388
1aor__A1_Q51739--1aor__B1_Q51739,10,3,0,0,0.007606932441334,26.40625,False,0.005745385307818651
1aor__A1_Q51739--1aor__B1_Q51739,11,1,2,0,0.0099708927186974,26.03125,False,0.13391365110874176
1aor__A1_Q51739--1aor__B1_Q51739,12,2,1,0,0.0102072551865075,25.953125,False,0.10068035870790482
1aor__A1_Q51739--1aor__B1_Q51739,13,1,1,0,0.0099155854094919,25.59375,False,0.029637223109602928
1aor__A1_Q51739--1aor__B1_Q51739,14,5,1,0,0.0075043373959546,25.53125,False,0.009537293575704098
1aor__A1_Q51739--1aor__B1_Q51739,15,1,0,0,0.0103159735809802,25.390625,False,0.11776060611009598
1aor__A1_Q51739--1aor__B1_Q51739,16,1,3,0,0.0099376661482493,25.34375,False,0.058145198971033096
1aor__A1_Q51739--1aor__B1_Q51739,17,5,2,0,0.0081060680899444,25.203125,False,5.949253136350308e-06
1aor__A1_Q51739--1aor__B1_Q51739,18,5,3,0,0.0077966620281299,25.0,False,0.00027679422055371106
1aor__A1_Q51739--1aor__B1_Q51739,19,5,0,0,0.0079601359746958,24.8125,False,0.0006920574232935905
1aor__A1_Q51739--1aor__B1_Q51739,20,3,3,0,0.0089206972557888,24.171875,False,0.14173009991645813
1b3q__B1_Q56310--1b3q__A1_Q56310,1,2,3,2,0.3565377439920534,55.90625,True,0.8405358195304871
1b3q__B1_Q56310--1b3q__A1_Q56310,2,2,2,2,0.3660196690484456,55.21875,True,0.8388108611106873
1b3q__B1_Q56310--1b3q__A1_Q56310,3,2,0,2,0.3680319629716597,53.90625,True,0.8384576439857483
1b3q__B1_Q56310--1b3q__A1_Q56310,4,2,1,2,0.3659268807296169,53.1875,True,0.8405358195304871
1b3q__B1_Q56310--1b3q__A1_Q56310,5,1,1,2,0.3636373718425517,52.375,True,0.8616783022880554
1b3q__B1_Q56310--1b3q__A1_Q56310,6,1,2,2,0.3659628792826737,52.25,True,0.86219722032547
1b3q__B1_Q56310--1b3q__A1_Q56310,7,1,3,2,0.364608171214311,52.09375,True,0.8667669892311096
1b3q__B1_Q56310--1b3q__A1_Q56310,8,1,0,2,0.3686394252423659,51.1875,True,0.8714178204536438
1b3q__B1_Q56310--1b3q__A1_Q56310,9,5,2,2,0.3507643693653121,49.21875,True,0.8648313283920288
1b3q__B1_Q56310--1b3q__A1_Q56310,10,5,0,2,0.3505705794677156,48.8125,True,0.8461180329322815
1b3q__B1_Q56310--1b3q__A1_Q56310,11,4,0,2,0.359870511912645,48.78125,True,0.907978892326355
1b3q__B1_Q56310--1b3q__A1_Q56310,12,4,2,2,0.3572257850611308,48.59375,True,0.9117895364761353
1b3q__B1_Q56310--1b3q__A1_Q56310,13,4,1,2,0.360558268962399,48.125,True,0.9078680276870728
1b3q__B1_Q56310--1b3q__A1_Q56310,14,3,2,2,0.3567977928791677,48.03125,True,0.8751395344734192
1b3q__B1_Q56310--1b3q__A1_Q56310,15,3,3,2,0.3602529197995281,48.0,True,0.8664290308952332
1b3q__B1_Q56310--1b3q__A1_Q56310,16,3,0,2,0.3584723472657474,47.90625,True,0.8520206809043884
1b3q__B1_Q56310--1b3q__A1_Q56310,17,5,1,2,0.3520193379996564,47.90625,True,0.8788542747497559
1b3q__B1_Q56310--1b3q__A1_Q56310,18,5,3,2,0.3508378623165776,47.78125,True,0.8753463625907898
1b3q__B1_Q56310--1b3q__A1_Q56310,19,4,3,2,0.3598618101973114,47.59375,True,0.9013975858688354
1b3q__B1_Q56310--1b3q__A1_Q56310,20,3,1,2,0.3609833813183612,47.4375,True,0.8633288145065308
1b7e__A1_Q46731--1b7e__A2_Q46731,1,2,1,0,0.7810456643138058,71.0,True,0.9234427809715271
1b7e__A1_Q46731--1b7e__A2_Q46731,2,2,3,0,0.7670160518216428,70.3125,True,0.9270222783088684
1b7e__A1_Q46731--1b7e__A2_Q46731,3,2,2,0,0.7796114556470015,67.4375,True,0.9365264773368835
1b7e__A1_Q46731--1b7e__A2_Q46731,4,2,0,0,0.7168296254437304,65.75,True,0.9234427809715271
1b7e__A1_Q46731--1b7e__A2_Q46731,5,1,2,0,0.7472874609712273,65.6875,True,0.9778998494148254
1b7e__A1_Q46731--1b7e__A2_Q46731,6,1,1,0,0.7219745724898763,64.75,True,0.9603661298751831
1b7e__A1_Q46731--1b7e__A2_Q46731,7,1,0,0,0.7312533339774102,63.25,True,0.9603661298751831
1b7e__A1_Q46731--1b7e__A2_Q46731,8,1,3,0,0.7290821237880932,62.46875,True,0.9603661298751831
1b7e__A1_Q46731--1b7e__A2_Q46731,9,4,3,0,0.7963728940412943,62.15625,True,0.9539196491241455
1b7e__A1_Q46731--1b7e__A2_Q46731,10,4,1,0,0.7897256322827095,60.9375,True,0.9464105367660522
1b7e__A1_Q46731--1b7e__A2_Q46731,11,4,0,0,0.7888596319523756,60.40625,True,0.9464105367660522
1b7e__A1_Q46731--1b7e__A2_Q46731,12,4,2,0,0.7820365707195295,59.59375,True,0.9464105367660522
1b7e__A1_Q46731--1b7e__A2_Q46731,13,3,0,0,0.7384004034549561,58.59375,True,0.9747388958930969
1b7e__A1_Q46731--1b7e__A2_Q46731,14,3,2,0,0.7755512843672027,55.6875,True,0.972609281539917
1b7e__A1_Q46731--1b7e__A2_Q46731,15,5,0,0,0.8008858414179078,55.25,True,0.9389609098434448
1b7e__A1_Q46731--1b7e__A2_Q46731,16,3,3,0,0.762436131069603,55.0,True,0.9753618240356445
1b7e__A1_Q46731--1b7e__A2_Q46731,17,5,3,0,0.784945910512297,54.375,True,0.9536346197128296
1b7e__A1_Q46731--1b7e__A2_Q46731,18,3,1,0,0.7579367985669722,53.8125,True,0.9639331698417664
1b7e__A1_Q46731--1b7e__A2_Q46731,19,5,1,0,0.7959612469780467,51.875,True,0.9388061165809631
1b7e__A1_Q46731--1b7e__A2_Q46731,20,5,2,0,0.7897269763480379,51.375,True,0.9547340869903564
1bed__A1_P32557--1bed__A2_P32557,1,3,3,2,0.90534195021465,78.0625,True,0.0023587695322930813
1bed__A1_P32557--1bed__A2_P32557,2,1,0,2,0.9153799808183084,74.25,True,0.00016684166621416807
1bed__A1_P32557--1bed__A2_P32557,3,1,1,2,0.9161294304801988,73.125,True,0.0007288376218639314
1bed__A1_P32557--1bed__A2_P32557,4,3,0,2,0.8966985913492764,71.0,True,0.0023587695322930813
1bed__A1_P32557--1bed__A2_P32557,5,1,2,2,0.9103548140336024,68.1875,True,0.0002817327913362533
1bed__A1_P32557--1bed__A2_P32557,6,1,3,2,0.912071655174136,66.9375,True,0.0002817327913362533
1bed__A1_P32557--1bed__A2_P32557,7,3,1,2,0.8819083054141998,66.5625,True,0.0007695030071772635
1bed__A1_P32557--1bed__A2_P32557,8,3,2,2,0.577325226972271,59.15625,True,0.004768394865095615
1bed__A1_P32557--1bed__A2_P32557,9,4,3,2,0.8985300184047199,35.21875,True,0.00016684166621416807
1bed__A1_P32557--1bed__A2_P32557,10,4,0,2,0.9117235548770508,32.625,True,0.00015245706890709698
1bed__A1_P32557--1bed__A2_P32557,11,4,2,2,0.9218306685456796,32.09375,True,0.0003811125934589654
1bed__A1_P32557--1bed__A2_P32557,12,4,1,2,0.8693768674540582,30.921875,True,0.002371294889599085
1bed__A1_P32557--1bed__A2_P32557,13,5,1,2,0.039425182482865,26.765625,False,0.018368089571595192
1bed__A1_P32557--1bed__A2_P32557,14,2,3,2,0.0577049053215288,24.828125,False,0.2032974511384964
1bed__A1_P32557--1bed__A2_P32557,15,2,2,2,0.0609198499300643,24.453125,False,0.2822234034538269
1bed__A1_P32557--1bed__A2_P32557,16,2,0,2,0.0955578622209256,24.171875,False,0.2222282737493515
1bed__A1_P32557--1bed__A2_P32557,17,2,1,2,0.1311729712489855,23.78125,False,0.08716532588005066
1bed__A1_P32557--1bed__A2_P32557,18,5,0,2,0.0436141690764157,23.34375,False,0.0146834971383214
1bed__A1_P32557--1bed__A2_P32557,19,5,3,2,0.0498934529157468,23.203125,False,0.018138643354177475
1bed__A1_P32557--1bed__A2_P32557,20,5,2,2,0.4887083004014713,21.921875,True,0.858725368976593
1bl4__A1_P62942--1bl4__B1_P62942,1,3,0,4,0.0176767603813217,71.8125,False,0.8227105140686035
1bl4__A1_P62942--1bl4__B1_P62942,2,3,2,4,0.0178362788979199,71.625,False,0.673732578754425
1bl4__A1_P62942--1bl4__B1_P62942,3,3,3,4,0.0175494493975899,71.375,False,0.8102428317070007
1bl4__A1_P62942--1bl4__B1_P62942,4,3,1,4,0.017269144779628,70.1875,False,0.5115841031074524
1bl4__A1_P62942--1bl4__B1_P62942,5,5,0,4,0.0163514459323346,46.0,False,0.8774391412734985
1bl4__A1_P62942--1bl4__B1_P62942,6,4,0,4,0.0142456186345981,44.625,False,0.8439109325408936
1bl4__A1_P62942--1bl4__B1_P62942,7,5,1,4,0.0157156306241698,44.0,False,0.3011716902256012
1bl4__A1_P62942--1bl4__B1_P62942,8,5,2,4,0.0163553016056906,43.71875,False,0.773247241973877
1bl4__A1_P62942--1bl4__B1_P62942,9,1,0,4,0.2643265164934351,42.4375,True,0.23827682435512543
1bl4__A1_P62942--1bl4__B1_P62942,10,5,3,4,0.0161381569810053,42.1875,False,0.859922468662262
1bl4__A1_P62942--1bl4__B1_P62942,11,1,3,4,0.2645078326591331,41.25,True,0.12008766829967499
1bl4__A1_P62942--1bl4__B1_P62942,12,1,2,4,0.2637626899541654,41.1875,True,0.16805864870548248
1bl4__A1_P62942--1bl4__B1_P62942,13,4,3,4,0.0146362276427371,41.03125,False,0.9985364675521851
1bl4__A1_P62942--1bl4__B1_P62942,14,4,1,4,0.0149496857617139,39.28125,False,0.06296052783727646
1bl4__A1_P62942--1bl4__B1_P62942,15,1,1,4,0.2659203364527076,38.59375,True,0.00824054330587387
1bl4__A1_P62942--1bl4__B1_P62942,16,4,2,4,0.0150084793108121,38.21875,False,0.9977265000343323
1bl4__A1_P62942--1bl4__B1_P62942,17,2,2,4,0.1431052119906122,22.15625,False,0.028141137212514877
1bl4__A1_P62942--1bl4__B1_P62942,18,2,3,4,0.03325903692713,20.125,False,0.04428322985768318
1bl4__A1_P62942--1bl4__B1_P62942,19,2,1,4,0.0401088559755276,19.59375,False,0.11136173456907272
1bl4__A1_P62942--1bl4__B1_P62942,20,2,0,4,0.0365283659204887,19.453125,False,0.01537251379340887
1boy__A1_P13726--1boy__A2_P13726,1,4,2,1,0.0054806596203427,67.875,False,1.226700533152325e-06
1boy__A1_P13726--1boy__A2_P13726,2,3,3,1,0.0041261901901919,67.5625,False,2.435471913031506e-07
1boy__A1_P13726--1boy__A2_P13726,3,3,2,1,0.0070912111666583,65.75,False,7.447958694228873e-08
1boy__A1_P13726--1boy__A2_P13726,4,4,0,1,0.0036676960535717,62.5625,False,6.412403052991067e-08
1boy__A1_P13726--1boy__A2_P13726,5,4,3,1,0.005209789532057,61.03125,False,4.7473218245386306e-08
1boy__A1_P13726--1boy__A2_P13726,6,4,1,1,0.0029700847366191,59.75,False,2.9235945930849994e-07
1boy__A1_P13726--1boy__A2_P13726,7,2,0,1,0.0049764956655499,59.125,False,3.1040733006193477e-07
1boy__A1_P13726--1boy__A2_P13726,8,3,0,1,0.0031809866115659,53.875,False,9.892097807551181e-08
1boy__A1_P13726--1boy__A2_P13726,9,2,1,1,0.0041162630072851,51.65625,False,1.9150580499172065e-07
1boy__A1_P13726--1boy__A2_P13726,10,2,2,1,0.0042182150661968,50.59375,False,4.5763621869809867e-07
1boy__A1_P13726--1boy__A2_P13726,11,3,1,1,0.002507673943066,20.234375,False,0.02288977988064289
1boy__A1_P13726--1boy__A2_P13726,12,1,0,1,0.0046424987792813,17.90625,False,0.4740961492061615
1boy__A1_P13726--1boy__A2_P13726,13,1,3,1,0.004953991630168,17.875,False,0.038414064794778824
1boy__A1_P13726--1boy__A2_P13726,14,1,1,1,0.0046688796423872,17.71875,False,0.049300357699394226
1boy__A1_P13726--1boy__A2_P13726,15,1,2,1,0.0045555007598033,17.59375,False,0.28773847222328186
1boy__A1_P13726--1boy__A2_P13726,16,2,3,1,0.0053746260806112,17.140625,False,0.02529207058250904
1boy__A1_P13726--1boy__A2_P13726,17,5,0,1,0.0052112045391539,16.71875,False,0.01355835422873497
1boy__A1_P13726--1boy__A2_P13726,18,5,1,1,0.005660649719273,16.640625,False,0.003431701799854636
1boy__A1_P13726--1boy__A2_P13726,19,5,3,1,0.0098640023179004,16.25,False,0.016815822571516037
1boy__A1_P13726--1boy__A2_P13726,20,5,2,1,0.0091817487294234,15.8125,False,0.01563309319317341
1cdd__A1_P08179--1cdd__B1_P08179,1,4,1,0,0.0070469744777235,77.4375,False,0.9879213571548462
1cdd__A1_P08179--1cdd__B1_P08179,2,4,3,0,0.0071123393886255,77.125,False,0.9635143280029297
1cdd__A1_P08179--1cdd__B1_P08179,3,4,2,0,0.0070407934505763,75.625,False,0.9797835350036621
1cdd__A1_P08179--1cdd__B1_P08179,4,1,3,0,0.0073650793987315,74.6875,False,0.6674252152442932
1cdd__A1_P08179--1cdd__B1_P08179,5,1,1,0,0.0080054362646685,72.6875,False,0.9245368838310242
1cdd__A1_P08179--1cdd__B1_P08179,6,1,0,0,0.0079335412339944,71.375,False,0.9822335839271545
1cdd__A1_P08179--1cdd__B1_P08179,7,1,2,0,0.0078519445640855,70.5,False,0.9769519567489624
1cdd__A1_P08179--1cdd__B1_P08179,8,2,3,0,0.0073159378858146,68.3125,False,0.19321535527706146
1cdd__A1_P08179--1cdd__B1_P08179,9,2,2,0,0.0074505755081369,67.6875,False,0.13737472891807556
1cdd__A1_P08179--1cdd__B1_P08179,10,2,0,0,0.0074056740145334,65.6875,False,0.19276832044124603
1cdd__A1_P08179--1cdd__B1_P08179,11,3,0,0,0.0093545840112539,37.6875,False,0.06948033720254898
1cdd__A1_P08179--1cdd__B1_P08179,12,3,1,0,0.0092679482540509,37.375,False,0.024041445925831795
1cdd__A1_P08179--1cdd__B1_P08179,13,4,0,0,0.0086880501998202,32.875,False,0.008891947567462921
1cdd__A1_P08179--1cdd__B1_P08179,14,3,2,0,0.0097977679560096,31.890625,False,0.09833075851202011
1cdd__A1_P08179--1cdd__B1_P08179,15,3,3,0,0.00914391671036,31.1875,False,0.0019303940935060382
1cdd__A1_P08179--1cdd__B1_P08179,16,5,3,0,0.0090904726023275,29.65625,False,0.00819223653525114
1cdd__A1_P08179--1cdd__B1_P08179,17,2,1,0,0.0093109793054153,28.296875,False,0.026386022567749023
1cdd__A1_P08179--1cdd__B1_P08179,18,5,1,0,0.0081353013815176,26.375,False,0.04675669968128204
1cdd__A1_P08179--1cdd__B1_P08179,19,5,0,0,0.0076655899903046,24.703125,False,0.07991619408130646
1cdd__A1_P08179--1cdd__B1_P08179,20,5,2,0,0.0081279649735014,24.40625,False,0.06432808935642242
1dov__A1_P26231--1dov__A2_P26231,1,3,2,2,0.7288057425382591,81.0625,True,0.00884730089455843
1dov__A1_P26231--1dov__A2_P26231,2,3,0,2,0.7235393162781797,80.5625,True,0.006649091374129057
1dov__A1_P26231--1dov__A2_P26231,3,3,3,2,0.7275830559416634,80.3125,True,0.006812753155827522
1dov__A1_P26231--1dov__A2_P26231,4,3,1,2,0.70750961440132,80.3125,True,0.00713935773819685
1dov__A1_P26231--1dov__A2_P26231,5,5,3,2,0.7344372177503926,72.875,True,0.001159860985353589
1dov__A1_P26231--1dov__A2_P26231,6,5,2,2,0.7315093467979246,70.8125,True,0.001462272834032774
1dov__A1_P26231--1dov__A2_P26231,7,5,0,2,0.7257952491476982,68.8125,True,0.00245616864413023
1dov__A1_P26231--1dov__A2_P26231,8,5,1,2,0.7211482449969067,67.0625,True,0.0012827891623601317
1dov__A1_P26231--1dov__A2_P26231,9,2,0,2,0.7728623775374647,58.71875,True,0.028830090537667274
1dov__A1_P26231--1dov__A2_P26231,10,2,2,2,0.7451931097173997,57.40625,True,0.00630628876388073
1dov__A1_P26231--1dov__A2_P26231,11,2,3,2,0.772432223701648,55.3125,True,0.01377112977206707
1dov__A1_P26231--1dov__A2_P26231,12,2,1,2,0.738599267720068,53.71875,True,0.008985228836536407
1dov__A1_P26231--1dov__A2_P26231,13,1,3,2,0.0081679864289101,23.734375,False,0.0004123691760469228
1dov__A1_P26231--1dov__A2_P26231,14,1,1,2,0.0082373203591503,23.234375,False,0.002019705716520548
1dov__A1_P26231--1dov__A2_P26231,15,4,1,2,0.5387706214362165,23.109375,True,1.2231340406287927e-05
1dov__A1_P26231--1dov__A2_P26231,16,4,2,2,0.3691007990111532,22.125,True,0.0062666176818311214
1dov__A1_P26231--1dov__A2_P26231,17,1,2,2,0.0135405490184172,21.375,False,0.01071974914520979
1dov__A1_P26231--1dov__A2_P26231,18,1,0,2,0.008437008252826,21.0,False,0.0034158776979893446
1dov__A1_P26231--1dov__A2_P26231,19,4,0,2,0.1331419809498939,17.90625,False,0.04193713143467903
1dov__A1_P26231--1dov__A2_P26231,20,4,3,2,0.1226955924040615,17.359375,False,0.02305622585117817
1e1c__A1_P11653--1e1c__B1_P11652,1,5,3,1,0.8879610296877852,95.3125,True,0.8655871748924255
1e1c__A1_P11653--1e1c__B1_P11652,2,5,1,1,0.8824624056244575,95.3125,True,0.7925844192504883
1e1c__A1_P11653--1e1c__B1_P11652,3,4,1,1,0.8780828307520663,95.25,True,0.8217619061470032
1e1c__A1_P11653--1e1c__B1_P11652,4,5,2,1,0.8779362841725277,95.25,True,0.7741906642913818
1e1c__A1_P11653--1e1c__B1_P11652,5,4,2,1,0.8769812124617719,95.25,True,0.8448032140731812
1e1c__A1_P11653--1e1c__B1_P11652,6,4,3,1,0.8848930295749645,95.1875,True,0.8748964071273804
1e1c__A1_P11653--1e1c__B1_P11652,7,4,0,1,0.8816670967274084,95.1875,True,0.8224223256111145
1e1c__A1_P11653--1e1c__B1_P11652,8,5,0,1,0.8847508049676026,95.1875,True,0.8190125823020935
1e1c__A1_P11653--1e1c__B1_P11652,9,3,2,1,0.8812043703593312,95.125,True,0.8185656666755676
1e1c__A1_P11653--1e1c__B1_P11652,10,3,1,1,0.8821870154328565,95.0625,True,0.7796574831008911
1e1c__A1_P11653--1e1c__B1_P11652,11,3,3,1,0.887511542985337,95.0625,True,0.8248143196105957
1e1c__A1_P11653--1e1c__B1_P11652,12,1,1,1,0.8949368997469773,95.0,True,0.81266188621521
1e1c__A1_P11653--1e1c__B1_P11652,13,3,0,1,0.877376988524769,95.0,True,0.8031777143478394
1e1c__A1_P11653--1e1c__B1_P11652,14,1,2,1,0.8885638722686778,94.9375,True,0.8005971908569336
1e1c__A1_P11653--1e1c__B1_P11652,15,2,2,1,0.8936868563914121,94.9375,True,0.7560304403305054
1e1c__A1_P11653--1e1c__B1_P11652,16,1,3,1,0.897450727532742,94.9375,True,0.825131356716156
1e1c__A1_P11653--1e1c__B1_P11652,17,2,3,1,0.900440552363834,94.875,True,0.8173344731330872
1e1c__A1_P11653--1e1c__B1_P11652,18,2,1,1,0.9001500004725854,94.875,True,0.7616792917251587
1e1c__A1_P11653--1e1c__B1_P11652,19,2,0,1,0.8938514573255358,94.8125,True,0.767551064491272
1e1c__A1_P11653--1e1c__B1_P11652,20,1,0,1,0.8908377701316491,94.8125,True,0.8297922611236572
1e5s__A1_O09345--1e5s__B2_O09345,1,5,0,1,0.0682889959251928,65.6875,False,0.9906497597694397
1e5s__A1_O09345--1e5s__B2_O09345,2,1,1,1,0.0672913027009006,59.3125,False,0.8369226455688477
1e5s__A1_O09345--1e5s__B2_O09345,3,2,3,1,0.0687355080355387,58.6875,False,0.9394290447235107
1e5s__A1_O09345--1e5s__B2_O09345,4,1,3,1,0.0673330764207844,53.25,False,0.6683824062347412
1e5s__A1_O09345--1e5s__B2_O09345,5,4,2,1,0.0685786201092851,51.25,False,0.8997411727905273
1e5s__A1_O09345--1e5s__B2_O09345,6,3,0,1,0.0683416894825023,50.625,False,0.9497129321098328
1e5s__A1_O09345--1e5s__B2_O09345,7,5,2,1,0.0682598503077234,50.375,False,0.9840236902236938
1e5s__A1_O09345--1e5s__B2_O09345,8,4,0,1,0.0686836664789703,49.84375,False,0.999229907989502
1e5s__A1_O09345--1e5s__B2_O09345,9,4,1,1,0.0686450079519121,49.8125,False,0.9990832805633545
1e5s__A1_O09345--1e5s__B2_O09345,10,4,3,1,0.0686090461093014,49.75,False,0.9980646967887878
1e5s__A1_O09345--1e5s__B2_O09345,11,3,1,1,0.0684966867610625,49.4375,False,0.99796462059021
1e5s__A1_O09345--1e5s__B2_O09345,12,3,2,1,0.0685306322095413,49.34375,False,0.9992128610610962
1e5s__A1_O09345--1e5s__B2_O09345,13,3,3,1,0.06837181600919,48.6875,False,0.9856752753257751
1e5s__A1_O09345--1e5s__B2_O09345,14,2,2,1,0.0685851687678971,48.65625,False,0.5611438155174255
1e5s__A1_O09345--1e5s__B2_O09345,15,2,0,1,0.0687962228071719,46.78125,False,0.6668931841850281
1e5s__A1_O09345--1e5s__B2_O09345,16,1,0,1,0.0969251311814948,46.59375,False,0.9920806288719177
1e5s__A1_O09345--1e5s__B2_O09345,17,2,1,1,0.0688125829949602,46.4375,False,0.9753465056419373
1e5s__A1_O09345--1e5s__B2_O09345,18,1,2,1,0.0416225527677125,45.15625,False,0.6517346501350403
1e5s__A1_O09345--1e5s__B2_O09345,19,5,1,1,0.0684087160923108,44.5,False,0.997748076915741
1e5s__A1_O09345--1e5s__B2_O09345,20,5,3,1,0.0685111674340551,44.46875,False,0.9989666938781738
1evx__A1_Q94702--1evx__B1_Q94702,1,3,3,0,0.010925439496474,83.9375,False,0.9999996423721313
1evx__A1_Q94702--1evx__B1_Q94702,2,1,3,0,0.0106887260735216,82.5,False,0.998427152633667
1evx__A1_Q94702--1evx__B1_Q94702,3,5,3,0,0.0081590347435443,82.4375,False,0.9999998807907104
1evx__A1_Q94702--1evx__B1_Q94702,4,3,2,0,0.0103580558701426,81.25,False,1.0
1evx__A1_Q94702--1evx__B1_Q94702,5,5,0,0,0.0083365714057729,79.9375,False,0.9999997615814209
1evx__A1_Q94702--1evx__B1_Q94702,6,3,0,0,0.0083639274187413,79.3125,False,1.0
1evx__A1_Q94702--1evx__B1_Q94702,7,4,2,0,0.0096473411158354,77.25,False,0.9999371767044067
1evx__A1_Q94702--1evx__B1_Q94702,8,5,1,0,0.0082699114596067,76.5625,False,1.0
1evx__A1_Q94702--1evx__B1_Q94702,9,4,1,0,0.0084140522103871,73.0625,False,0.9991081357002258
1evx__A1_Q94702--1evx__B1_Q94702,10,5,2,0,0.00959210957137,72.3125,False,0.977381706237793
1evx__A1_Q94702--1evx__B1_Q94702,11,4,0,0,0.0100342612859327,71.0,False,0.730006992816925
1evx__A1_Q94702--1evx__B1_Q94702,12,2,1,0,0.0088150788485174,68.0,False,1.0
1evx__A1_Q94702--1evx__B1_Q94702,13,2,2,0,0.0102244976931274,66.3125,False,0.993085503578186
1evx__A1_Q94702--1evx__B1_Q94702,14,1,2,0,0.0100925353353011,62.6875,False,1.0
1evx__A1_Q94702--1evx__B1_Q94702,15,4,3,0,0.0084975266538872,62.5625,False,0.9660090208053589
1evx__A1_Q94702--1evx__B1_Q94702,16,1,1,0,0.0108132490073413,55.65625,False,0.8373264670372009
1evx__A1_Q94702--1evx__B1_Q94702,17,3,1,0,0.0109906266411894,53.34375,False,0.5974994897842407
1evx__A1_Q94702--1evx__B1_Q94702,18,2,3,0,0.0104346300330603,52.5,False,0.9997958540916443
1evx__A1_Q94702--1evx__B1_Q94702,19,1,0,0,0.0105102797263241,22.9375,False,0.05378617346286774
1evx__A1_Q94702--1evx__B1_Q94702,20,2,0,0,0.0101116421488417,19.3125,False,0.05462279170751572
1exs__A1_P04119--1exs__A2_P04119,1,3,3,1,0.3011266108835699,66.5625,True,0.9993544220924377
1exs__A1_P04119--1exs__A2_P04119,2,3,1,1,0.3164791485752165,62.125,True,0.9999302625656128
1exs__A1_P04119--1exs__A2_P04119,3,3,2,1,0.3226009025174198,62.0625,True,0.9995786547660828
1exs__A1_P04119--1exs__A2_P04119,4,3,0,1,0.3217386191244765,61.21875,True,0.9999864101409912
1exs__A1_P04119--1exs__A2_P04119,5,1,2,1,0.3259900901940235,59.125,True,0.9999607801437378
1exs__A1_P04119--1exs__A2_P04119,6,2,0,1,0.0123313610663717,58.9375,False,0.7575740218162537
1exs__A1_P04119--1exs__A2_P04119,7,2,1,1,0.0108744873183826,57.78125,False,0.6851459741592407
1exs__A1_P04119--1exs__A2_P04119,8,1,3,1,0.3218903431690887,57.3125,True,0.9993811845779419
1exs__A1_P04119--1exs__A2_P04119,9,1,1,1,0.3245903115449811,55.53125,True,0.9999523162841797
1exs__A1_P04119--1exs__A2_P04119,10,2,3,1,0.0109403022976491,54.65625,False,0.5256529450416565
1exs__A1_P04119--1exs__A2_P04119,11,4,2,1,0.2954843279502046,28.171875,True,0.9723910093307495
1exs__A1_P04119--1exs__A2_P04119,12,4,0,1,0.2366206810736957,26.1875,True,0.11672433465719223
1exs__A1_P04119--1exs__A2_P04119,13,2,2,1,0.0094738951959988,22.375,False,0.004710871260613203
1exs__A1_P04119--1exs__A2_P04119,14,4,3,1,0.3004691787256889,21.53125,True,0.45182645320892334
1exs__A1_P04119--1exs__A2_P04119,15,4,1,1,0.1255535181241075,19.0625,False,0.016595209017395973
1exs__A1_P04119--1exs__A2_P04119,16,5,0,1,0.1926715407736669,18.625,False,0.03579050675034523
1exs__A1_P04119--1exs__A2_P04119,17,5,2,1,0.195259449744219,17.625,False,0.0535748191177845
1exs__A1_P04119--1exs__A2_P04119,18,5,1,1,0.1513873163789423,17.09375,False,0.09760091453790665
1exs__A1_P04119--1exs__A2_P04119,19,5,3,1,0.3083444788113792,17.0625,True,0.09671548008918762
1exs__A1_P04119--1exs__A2_P04119,20,1,0,1,0.0569774810232433,14.9140625,False,0.05472605302929878
1f8u__A1_P22303--1f8u__B1_P0C1Z0,1,3,0,4,0.1074135757276404,52.21875,False,0.0001958150533027947
1f8u__A1_P22303--1f8u__B1_P0C1Z0,2,3,3,4,0.1019832102705993,51.75,False,0.20595623552799225
1f8u__A1_P22303--1f8u__B1_P0C1Z0,3,3,2,4,0.0945510892678223,51.4375,False,0.23253141343593597
1f8u__A1_P22303--1f8u__B1_P0C1Z0,4,3,1,4,0.1022628272256454,51.1875,False,0.5286345481872559
1f8u__A1_P22303--1f8u__B1_P0C1Z0,5,4,3,4,0.1178671675121576,50.125,False,0.0014457136858254671
1f8u__A1_P22303--1f8u__B1_P0C1Z0,6,4,0,4,0.1291056023301792,49.65625,False,0.2467799186706543
1f8u__A1_P22303--1f8u__B1_P0C1Z0,7,5,3,4,0.0838182214140566,48.0,False,0.402709037065506
1f8u__A1_P22303--1f8u__B1_P0C1Z0,8,4,1,4,0.1576398698849319,45.96875,False,0.30464351177215576
1f8u__A1_P22303--1f8u__B1_P0C1Z0,9,1,2,4,0.0886254374684536,45.15625,False,0.4862325191497803
1f8u__A1_P22303--1f8u__B1_P0C1Z0,10,1,3,4,0.0791396836420555,45.03125,False,0.08418474346399307
1f8u__A1_P22303--1f8u__B1_P0C1Z0,11,4,2,4,0.2087220039777344,44.78125,False,0.14364928007125854
1f8u__A1_P22303--1f8u__B1_P0C1Z0,12,5,2,4,0.4520224867354952,44.375,True,0.08070327341556549
1f8u__A1_P22303--1f8u__B1_P0C1Z0,13,5,1,4,0.3228791062046801,42.4375,True,0.7280141115188599
1f8u__A1_P22303--1f8u__B1_P0C1Z0,14,1,0,4,0.2229304863071196,42.34375,False,0.12628430128097534
1f8u__A1_P22303--1f8u__B1_P0C1Z0,15,5,0,4,0.0967056108471119,41.875,False,0.22864100337028503
1f8u__A1_P22303--1f8u__B1_P0C1Z0,16,2,0,4,0.1523672187681608,41.6875,False,0.041619155555963516
1f8u__A1_P22303--1f8u__B1_P0C1Z0,17,2,1,4,0.1293785873407412,39.6875,False,0.33085325360298157
1f8u__A1_P22303--1f8u__B1_P0C1Z0,18,1,1,4,0.108823376567948,38.78125,False,0.1427692472934723
1f8u__A1_P22303--1f8u__B1_P0C1Z0,19,2,2,4,0.1976686131628396,36.90625,False,0.1122676432132721
1f8u__A1_P22303--1f8u__B1_P0C1Z0,20,2,3,4,0.206666169651859,36.5,False,0.15780925750732422
1fd3__A1_O15263--1fd3__C1_O15263,1,3,0,2,0.0294831960716535,82.8125,False,0.9999998807907104
1fd3__A1_O15263--1fd3__C1_O15263,2,3,2,2,0.0294504541496873,82.125,False,0.9999998807907104
1fd3__A1_O15263--1fd3__C1_O15263,3,3,3,2,0.0295115747184849,82.125,False,0.9999998807907104
1fd3__A1_O15263--1fd3__C1_O15263,4,3,1,2,0.0296008726602693,81.6875,False,0.9999998807907104
1fd3__A1_O15263--1fd3__C1_O15263,5,5,1,2,0.0293442757586005,79.625,False,1.0
1fd3__A1_O15263--1fd3__C1_O15263,6,5,0,2,0.029400376985071,79.375,False,1.0
1fd3__A1_O15263--1fd3__C1_O15263,7,5,3,2,0.0294356294616377,78.5,False,0.9999997615814209
1fd3__A1_O15263--1fd3__C1_O15263,8,5,2,2,0.0293993171541885,77.6875,False,1.0
1fd3__A1_O15263--1fd3__C1_O15263,9,4,2,2,0.0299758874925297,77.4375,False,0.9991249442100525
1fd3__A1_O15263--1fd3__C1_O15263,10,4,0,2,0.0299421256329757,76.25,False,0.9991249442100525
1fd3__A1_O15263--1fd3__C1_O15263,11,4,3,2,0.029871192647484,76.1875,False,0.999808132648468
1fd3__A1_O15263--1fd3__C1_O15263,12,4,1,2,0.0299296640379213,74.6875,False,0.9991249442100525
1fd3__A1_O15263--1fd3__C1_O15263,13,1,2,2,0.0299608746819958,72.375,False,0.9999895095825195
1fd3__A1_O15263--1fd3__C1_O15263,14,1,3,2,0.0299783134269825,70.8125,False,0.9999895095825195
1fd3__A1_O15263--1fd3__C1_O15263,15,1,1,2,0.0298515884004237,66.125,False,0.9999946355819702
1fd3__A1_O15263--1fd3__C1_O15263,16,1,0,2,0.0301552917609164,64.375,False,0.999808132648468
1fd3__A1_O15263--1fd3__C1_O15263,17,2,3,2,0.0318904942076461,29.703125,False,0.0760241150856018
1fd3__A1_O15263--1fd3__C1_O15263,18,2,0,2,0.0663481439754846,26.8125,False,0.010302144102752209
1fd3__A1_O15263--1fd3__C1_O15263,19,2,2,2,0.0310727661213928,23.90625,False,0.08578198403120041
1fd3__A1_O15263--1fd3__C1_O15263,20,2,1,2,0.0623339303716019,18.046875,False,0.04223654419183731
1foe__A1_Q60610--1foe__B1_P63000,1,5,0,1,0.4997908099178576,87.1875,True,0.9842612743377686
1foe__A1_Q60610--1foe__B1_P63000,2,1,2,1,0.4811629523529454,87.0625,True,0.879085123538971
1foe__A1_Q60610--1foe__B1_P63000,3,5,2,1,0.5309142508392716,86.6875,True,0.9577919244766235
1foe__A1_Q60610--1foe__B1_P63000,4,5,3,1,0.530877140261634,86.3125,True,0.5839908719062805
1foe__A1_Q60610--1foe__B1_P63000,5,5,1,1,0.5530255225990697,85.875,True,0.39420557022094727
1foe__A1_Q60610--1foe__B1_P63000,6,4,1,1,0.5412342427990614,85.4375,True,0.7221486568450928
1foe__A1_Q60610--1foe__B1_P63000,7,4,3,1,0.5081422548181519,85.375,True,0.9243955016136169
1foe__A1_Q60610--1foe__B1_P63000,8,4,0,1,0.5294475033245979,85.0625,True,0.9233559966087341
1foe__A1_Q60610--1foe__B1_P63000,9,1,3,1,0.4954008619725158,84.5625,True,0.9963586926460266
1foe__A1_Q60610--1foe__B1_P63000,10,4,2,1,0.5273955150196542,84.5,True,0.12155939638614655
1foe__A1_Q60610--1foe__B1_P63000,11,2,0,1,0.5574458909509227,84.375,True,0.8797973990440369
1foe__A1_Q60610--1foe__B1_P63000,12,2,3,1,0.5699737901985124,84.0,True,0.9965139031410217
1foe__A1_Q60610--1foe__B1_P63000,13,2,1,1,0.560530049026021,83.875,True,0.9951059818267822
1foe__A1_Q60610--1foe__B1_P63000,14,2,2,1,0.5631431680181843,83.8125,True,0.9990063309669495
1foe__A1_Q60610--1foe__B1_P63000,15,1,1,1,0.4790788598113865,83.375,True,0.9946687817573547
1foe__A1_Q60610--1foe__B1_P63000,16,1,0,1,0.4651176942359836,82.375,True,0.9905185103416443
1foe__A1_Q60610--1foe__B1_P63000,17,3,1,1,0.3055667432710305,78.25,True,0.4862886667251587
1foe__A1_Q60610--1foe__B1_P63000,18,3,3,1,0.3002443201266906,76.25,True,0.3594408929347992
1foe__A1_Q60610--1foe__B1_P63000,19,3,0,1,0.3013074571044786,75.1875,True,0.21495944261550903
1foe__A1_Q60610--1foe__B1_P63000,20,3,2,1,0.3297282104581567,72.375,True,0.05776491388678551
1g6u__A1_UNDEFINED--1g6u__B1_UNDEFINED,1,1,1,0,0.7275139921499552,84.0625,True,0.91804039478302
1g6u__A1_UNDEFINED--1g6u__B1_UNDEFINED,2,1,0,0,0.7175197022200589,83.75,True,0.901573896408081
1g6u__A1_UNDEFINED--1g6u__B1_UNDEFINED,3,1,3,0,0.7248605329772951,83.6875,True,0.91804039478302
1g6u__A1_UNDEFINED--1g6u__B1_UNDEFINED,4,5,3,0,0.7171850169222491,82.6875,True,0.9545296430587769
1g6u__A1_UNDEFINED--1g6u__B1_UNDEFINED,5,5,1,0,0.7129438383925771,82.625,True,0.91804039478302
1g6u__A1_UNDEFINED--1g6u__B1_UNDEFINED,6,1,2,0,0.7288467148281917,82.5625,True,0.91804039478302
1g6u__A1_UNDEFINED--1g6u__B1_UNDEFINED,7,5,0,0,0.6952270818783074,82.1875,True,0.8342821002006531
1g6u__A1_UNDEFINED--1g6u__B1_UNDEFINED,8,5,2,0,0.7022959475224576,82.0625,True,0.901573896408081
1g6u__A1_UNDEFINED--1g6u__B1_UNDEFINED,9,3,3,0,0.7022410062592118,81.4375,True,0.8755234479904175
1g6u__A1_UNDEFINED--1g6u__B1_UNDEFINED,10,3,0,0,0.6958057408425774,81.25,True,0.7889996767044067
1g6u__A1_UNDEFINED--1g6u__B1_UNDEFINED,11,3,1,0,0.6951342624584141,81.1875,True,0.7889996767044067
1g6u__A1_UNDEFINED--1g6u__B1_UNDEFINED,12,3,2,0,0.703612155903209,81.0,True,0.8192759156227112
1g6u__A1_UNDEFINED--1g6u__B1_UNDEFINED,13,2,3,0,0.7188141203183024,80.75,True,0.8595364093780518
1g6u__A1_UNDEFINED--1g6u__B1_UNDEFINED,14,2,1,0,0.71712341480335,80.625,True,0.8442804217338562
1g6u__A1_UNDEFINED--1g6u__B1_UNDEFINED,15,2,0,0,0.7211233730814665,80.1875,True,0.91804039478302
1g6u__A1_UNDEFINED--1g6u__B1_UNDEFINED,16,2,2,0,0.7223426618070667,79.25,True,0.8595364093780518
1g6u__A1_UNDEFINED--1g6u__B1_UNDEFINED,17,4,1,0,0.720957920814806,68.75,True,0.9096586108207703
1g6u__A1_UNDEFINED--1g6u__B1_UNDEFINED,18,4,3,0,0.7294201436351684,67.9375,True,0.9471415281295776
1g6u__A1_UNDEFINED--1g6u__B1_UNDEFINED,19,4,2,0,0.7030861229867155,67.625,True,0.91804039478302
1g6u__A1_UNDEFINED--1g6u__B1_UNDEFINED,20,4,0,0,0.207852820544509,32.03125,False,0.0690145492553711
1gmg__A1_P03051--1gmg__A2_P03051,1,4,3,4,0.1445360533665282,87.1875,False,1.0
1gmg__A1_P03051--1gmg__A2_P03051,2,4,0,4,0.1389728682442884,86.9375,False,0.9999997615814209
1gmg__A1_P03051--1gmg__A2_P03051,3,3,3,4,0.0298206851957383,86.4375,False,0.07662904262542725
1gmg__A1_P03051--1gmg__A2_P03051,4,4,1,4,0.1328083610455947,84.8125,False,0.9999972581863403
1gmg__A1_P03051--1gmg__A2_P03051,5,4,2,4,0.1444036097887071,84.5,False,1.0
1gmg__A1_P03051--1gmg__A2_P03051,6,1,0,4,0.0298646191079103,84.375,False,0.07263538986444473
1gmg__A1_P03051--1gmg__A2_P03051,7,3,0,4,0.1491171304357195,80.0625,False,1.0
1gmg__A1_P03051--1gmg__A2_P03051,8,3,1,4,0.1492815601022464,73.125,False,1.0
1gmg__A1_P03051--1gmg__A2_P03051,9,3,2,4,0.1491576511461756,66.6875,False,1.0
1gmg__A1_P03051--1gmg__A2_P03051,10,2,2,4,0.1385656800597699,66.6875,False,0.9999278783798218
1gmg__A1_P03051--1gmg__A2_P03051,11,2,3,4,0.1392118485170044,65.75,False,0.999995231628418
1gmg__A1_P03051--1gmg__A2_P03051,12,1,2,4,0.1398357232226637,64.4375,False,0.9990116357803345
1gmg__A1_P03051--1gmg__A2_P03051,13,2,1,4,0.1387357952606599,62.34375,False,0.9999998807907104
1gmg__A1_P03051--1gmg__A2_P03051,14,5,2,4,0.1516308650654541,58.3125,False,0.999913215637207
1gmg__A1_P03051--1gmg__A2_P03051,15,5,1,4,0.1523066746508811,57.46875,False,0.9998394250869751
1gmg__A1_P03051--1gmg__A2_P03051,16,1,1,4,0.1384960324808557,56.65625,False,0.9998730421066284
1gmg__A1_P03051--1gmg__A2_P03051,17,5,3,4,0.1423009189613822,56.25,False,0.99992835521698
1gmg__A1_P03051--1gmg__A2_P03051,18,2,0,4,0.1505843208515441,51.03125,False,0.9981951117515564
1gmg__A1_P03051--1gmg__A2_P03051,19,1,3,4,0.1505525314154483,50.53125,False,0.9999762773513794
1gmg__A1_P03051--1gmg__A2_P03051,20,5,0,4,0.1042319817347025,41.78125,False,0.05889785662293434
1gri__A1_P62993--1gri__B1_P62993,1,1,0,3,0.0441608601924013,47.28125,False,1.1620228390629705e-10
1gri__A1_P62993--1gri__B1_P62993,2,2,2,3,0.0159329235705509,44.53125,False,0.18632687628269196
1gri__A1_P62993--1gri__B1_P62993,3,5,2,3,0.0474020427187148,42.34375,False,8.779789823165629e-06
1gri__A1_P62993--1gri__B1_P62993,4,2,0,3,0.01569647412912,41.28125,False,0.047834768891334534
1gri__A1_P62993--1gri__B1_P62993,5,2,1,3,0.0304721566358484,40.71875,False,2.900713127473864e-07
1gri__A1_P62993--1gri__B1_P62993,6,2,3,3,0.0159567923596999,40.625,False,0.01259490754455328
1gri__A1_P62993--1gri__B1_P62993,7,5,1,3,0.0474854197027757,38.4375,False,7.90672220318811e-06
1gri__A1_P62993--1gri__B1_P62993,8,3,3,3,0.0425018950372423,38.28125,False,7.859727446657416e-08
1gri__A1_P62993--1gri__B1_P62993,9,5,0,3,0.045026606001258,38.0625,False,1.2124935892643407e-05
1gri__A1_P62993--1gri__B1_P62993,10,3,0,3,0.0474049208527736,37.9375,False,7.555138381576398e-08
1gri__A1_P62993--1gri__B1_P62993,11,3,2,3,0.0492811214420319,34.90625,False,3.062781672724668e-08
1gri__A1_P62993--1gri__B1_P62993,12,5,3,3,0.0468875703706789,33.5,False,2.8833314900111873e-06
1gri__A1_P62993--1gri__B1_P62993,13,3,1,3,0.0475206703482283,32.28125,False,4.395766595166606e-08
1gri__A1_P62993--1gri__B1_P62993,14,4,1,3,0.0376721240652154,30.421875,False,1.2804753168893512e-05
1gri__A1_P62993--1gri__B1_P62993,15,4,3,3,0.0173756660481639,28.875,False,7.939893293951172e-06
1gri__A1_P62993--1gri__B1_P62993,16,4,2,3,0.039819933716711,28.421875,False,6.063584123694454e-07
1gri__A1_P62993--1gri__B1_P62993,17,4,0,3,0.0560898713175787,27.5625,False,1.0476369993739354e-08
1gri__A1_P62993--1gri__B1_P62993,18,1,3,3,0.0284182871560198,17.921875,False,0.04517870768904686
1gri__A1_P62993--1gri__B1_P62993,19,1,2,3,0.0267030912060237,17.890625,False,0.02592550776898861
1gri__A1_P62993--1gri__B1_P62993,20,1,1,3,0.0198937092302282,17.6875,False,0.02560807205736637
1hh4__A1_P63000--1hh4__C1_P52565,1,4,0,1,0.4206780323224839,70.75,True,0.990050196647644
1hh4__A1_P63000--1hh4__C1_P52565,2,4,2,1,0.4687712806977163,61.75,True,0.9996147155761719
1hh4__A1_P63000--1hh4__C1_P52565,3,5,0,1,0.4909302850866357,60.03125,True,0.6964204907417297
1hh4__A1_P63000--1hh4__C1_P52565,4,5,2,1,0.5004368687620168,59.6875,True,0.9992641806602478
1hh4__A1_P63000--1hh4__C1_P52565,5,1,2,1,0.5102478108327824,52.40625,True,0.9999688863754272
1hh4__A1_P63000--1hh4__C1_P52565,6,3,3,1,0.5024079466929915,52.3125,True,0.9999978542327881
1hh4__A1_P63000--1hh4__C1_P52565,7,4,1,1,0.3757591439361285,38.125,True,0.5930399894714355
1hh4__A1_P63000--1hh4__C1_P52565,8,3,1,1,0.3996606543729706,34.5625,True,0.14270780980587006
1hh4__A1_P63000--1hh4__C1_P52565,9,4,3,1,0.1484183564381498,33.53125,False,0.002411564812064171
1hh4__A1_P63000--1hh4__C1_P52565,10,3,0,1,0.082013881580521,26.5625,False,0.00026427890406921506
1hh4__A1_P63000--1hh4__C1_P52565,11,2,1,1,0.0955026538125397,25.4375,False,0.04813692718744278
1hh4__A1_P63000--1hh4__C1_P52565,12,2,2,1,0.0646448970007166,24.203125,False,0.014497699216008186
1hh4__A1_P63000--1hh4__C1_P52565,13,3,2,1,0.0501828720102536,23.453125,False,0.02174954116344452
1hh4__A1_P63000--1hh4__C1_P52565,14,2,3,1,0.0665161680549223,23.421875,False,0.11747930943965912
1hh4__A1_P63000--1hh4__C1_P52565,15,1,1,1,0.0543915036942086,22.765625,False,0.0028803618624806404
1hh4__A1_P63000--1hh4__C1_P52565,16,1,0,1,0.0461427587719082,22.640625,False,0.088596872985363
1hh4__A1_P63000--1hh4__C1_P52565,17,1,3,1,0.0475271316281258,22.25,False,0.0018227449618279934
1hh4__A1_P63000--1hh4__C1_P52565,18,2,0,1,0.0353096543979387,21.703125,False,0.7021663188934326
1hh4__A1_P63000--1hh4__C1_P52565,19,5,1,1,0.042353152257641,20.25,False,0.1429055631160736
1hh4__A1_P63000--1hh4__C1_P52565,20,5,3,1,0.0442261900103206,20.203125,False,0.038981176912784576
1hni__A1_P03366--1hni__B1_P03367,1,1,2,1,0.0051534665293039,64.6875,False,0.6935620307922363
1hni__A1_P03366--1hni__B1_P03367,2,1,1,1,0.1460378731164565,59.78125,False,3.9567701605847105e-05
1hni__A1_P03366--1hni__B1_P03367,3,1,3,1,0.1441748925625312,57.09375,False,0.00014448701404035091
1hni__A1_P03366--1hni__B1_P03367,4,1,0,1,0.1447493680511108,56.375,False,0.00030440776026807725
1hni__A1_P03366--1hni__B1_P03367,5,5,0,1,0.1435033375328394,55.59375,False,0.07845640927553177
1hni__A1_P03366--1hni__B1_P03367,6,4,0,1,0.1401588341693002,54.875,False,6.696568743791431e-05
1hni__A1_P03366--1hni__B1_P03367,7,5,2,1,0.1416558873132027,54.84375,False,0.2170422375202179
1hni__A1_P03366--1hni__B1_P03367,8,5,1,1,0.1416311124198854,54.03125,False,1.3656041119247675e-05
1hni__A1_P03366--1hni__B1_P03367,9,4,1,1,0.141370931021738,53.78125,False,6.230355938896537e-05
1hni__A1_P03366--1hni__B1_P03367,10,5,3,1,0.1437031172151096,52.53125,False,0.13978677988052368
1hni__A1_P03366--1hni__B1_P03367,11,4,3,1,0.1391339260396423,51.21875,False,0.00011245982022956014
1hni__A1_P03366--1hni__B1_P03367,12,2,3,1,0.1493755642757539,48.6875,False,0.004439426586031914
1hni__A1_P03366--1hni__B1_P03367,13,4,2,1,0.1414070448495105,48.53125,False,0.00010422078048577532
1hni__A1_P03366--1hni__B1_P03367,14,2,0,1,0.0056446913079413,47.25,False,0.8942548036575317
1hni__A1_P03366--1hni__B1_P03367,15,2,2,1,0.0057226476463465,43.84375,False,0.8861063718795776
1hni__A1_P03366--1hni__B1_P03367,16,3,2,1,0.1443112330593413,43.125,False,0.03104071319103241
1hni__A1_P03366--1hni__B1_P03367,17,3,0,1,0.1437202527224385,40.3125,False,0.03447404131293297
1hni__A1_P03366--1hni__B1_P03367,18,2,1,1,0.0067873397489011,39.0,False,0.7899143695831299
1hni__A1_P03366--1hni__B1_P03367,19,3,1,1,0.006487909899867,35.8125,False,0.0670563280582428
1hni__A1_P03366--1hni__B1_P03367,20,3,3,1,0.0333425823202865,19.09375,False,0.01883988454937935
1i7f__A1_P0A6Y5--1i7f__A2_P0A6Y5,1,1,2,0,0.7098499974227678,87.3125,True,0.9770635962486267
1i7f__A1_P0A6Y5--1i7f__A2_P0A6Y5,2,1,0,0,0.7123666408075356,86.3125,True,0.9947019219398499
1i7f__A1_P0A6Y5--1i7f__A2_P0A6Y5,3,2,0,0,0.7114164701565082,85.375,True,0.9941884279251099
1i7f__A1_P0A6Y5--1i7f__A2_P0A6Y5,4,2,3,0,0.7150070485881223,84.0,True,0.9919933080673218
1i7f__A1_P0A6Y5--1i7f__A2_P0A6Y5,5,1,1,0,0.711600262685646,84.0,True,0.9941293001174927
1i7f__A1_P0A6Y5--1i7f__A2_P0A6Y5,6,2,2,0,0.7172489377475856,83.8125,True,0.9930722117424011
1i7f__A1_P0A6Y5--1i7f__A2_P0A6Y5,7,1,3,0,0.7124841061175657,83.4375,True,0.9939409494400024
1i7f__A1_P0A6Y5--1i7f__A2_P0A6Y5,8,2,1,0,0.7181330333366375,83.0625,True,0.9948053956031799
1i7f__A1_P0A6Y5--1i7f__A2_P0A6Y5,9,4,2,0,0.0818455750959217,79.375,False,0.3744456171989441
1i7f__A1_P0A6Y5--1i7f__A2_P0A6Y5,10,3,0,0,0.0925240707022581,79.375,False,0.6813098788261414
1i7f__A1_P0A6Y5--1i7f__A2_P0A6Y5,11,3,3,0,0.0917239816980418,79.3125,False,0.9802794456481934
1i7f__A1_P0A6Y5--1i7f__A2_P0A6Y5,12,3,1,0,0.0904520630814808,78.8125,False,0.9022244811058044
1i7f__A1_P0A6Y5--1i7f__A2_P0A6Y5,13,4,1,0,0.0801823429916664,78.3125,False,0.013475474901497364
1i7f__A1_P0A6Y5--1i7f__A2_P0A6Y5,14,3,2,0,0.0864016746786215,77.875,False,0.40367022156715393
1i7f__A1_P0A6Y5--1i7f__A2_P0A6Y5,15,4,0,0,0.0811946989780926,76.5,False,0.5795484781265259
1i7f__A1_P0A6Y5--1i7f__A2_P0A6Y5,16,4,3,0,0.0784093726459948,74.375,False,0.5206499099731445
1i7f__A1_P0A6Y5--1i7f__A2_P0A6Y5,17,5,2,0,0.0962709874060784,67.5,False,0.08673856407403946
1i7f__A1_P0A6Y5--1i7f__A2_P0A6Y5,18,5,3,0,0.0977597866699832,66.75,False,0.058963704854249954
1i7f__A1_P0A6Y5--1i7f__A2_P0A6Y5,19,5,1,0,0.0955127249355496,65.1875,False,0.5729234218597412
1i7f__A1_P0A6Y5--1i7f__A2_P0A6Y5,20,5,0,0,0.0954813145229265,64.75,False,0.609360933303833
1ira__B1_P14778--1ira__A1_P18510,1,5,2,0,0.704973812566681,88.9375,True,0.9955880641937256
1ira__B1_P14778--1ira__A1_P18510,2,5,1,0,0.7189753284467475,88.6875,True,0.9972090125083923
1ira__B1_P14778--1ira__A1_P18510,3,5,3,0,0.7082040887839925,88.5,True,0.9960657954216003
1ira__B1_P14778--1ira__A1_P18510,4,4,2,0,0.6384244531291515,88.4375,True,0.9701164960861206
1ira__B1_P14778--1ira__A1_P18510,5,4,3,0,0.6452046945285992,88.4375,True,0.9728946685791016
1ira__B1_P14778--1ira__A1_P18510,6,5,0,0,0.6823989386593307,88.4375,True,0.9884345531463623
1ira__B1_P14778--1ira__A1_P18510,7,1,0,0,0.6589922774733936,88.375,True,0.9530561566352844
1ira__B1_P14778--1ira__A1_P18510,8,4,0,0,0.6770480442289778,88.375,True,0.9976620674133301
1ira__B1_P14778--1ira__A1_P18510,9,1,2,0,0.6412037021609186,88.25,True,0.9436862468719482
1ira__B1_P14778--1ira__A1_P18510,10,1,3,0,0.6431817283508178,88.1875,True,0.9778006076812744
1ira__B1_P14778--1ira__A1_P18510,11,3,1,0,0.7067706185240769,88.1875,True,0.2267378568649292
1ira__B1_P14778--1ira__A1_P18510,12,1,1,0,0.6583691694720822,88.125,True,0.9733298420906067
1ira__B1_P14778--1ira__A1_P18510,13,3,2,0,0.6929910607159709,88.0625,True,0.9311230778694153
1ira__B1_P14778--1ira__A1_P18510,14,3,0,0,0.6833973457274758,88.0625,True,0.9920364022254944
1ira__B1_P14778--1ira__A1_P18510,15,3,3,0,0.6924621277915679,88.0,True,0.9600754976272583
1ira__B1_P14778--1ira__A1_P18510,16,2,1,0,0.664019184834062,87.9375,True,0.8599990010261536
1ira__B1_P14778--1ira__A1_P18510,17,4,1,0,0.6715472868453435,87.8125,True,0.9995037317276001
1ira__B1_P14778--1ira__A1_P18510,18,2,2,0,0.6766590018252718,87.8125,True,0.03894495218992233
1ira__B1_P14778--1ira__A1_P18510,19,2,0,0,0.6932185252401712,87.5625,True,0.39790213108062744
1ira__B1_P14778--1ira__A1_P18510,20,2,3,0,0.6689154591715004,87.25,True,0.3107658922672272
1k04__A1_Q05397--1k04__A2_Q05397,1,4,1,3,0.6350024461672643,80.375,True,0.026912091299891472
1k04__A1_Q05397--1k04__A2_Q05397,2,4,2,3,0.6386782903380029,80.3125,True,0.026912091299891472
1k04__A1_Q05397--1k04__A2_Q05397,3,4,0,3,0.6325533348817087,80.0625,True,0.026912091299891472
1k04__A1_Q05397--1k04__A2_Q05397,4,4,3,3,0.6363154530242646,79.9375,True,0.026912091299891472
1k04__A1_Q05397--1k04__A2_Q05397,5,3,1,3,0.6541534062883384,75.4375,True,0.02057570405304432
1k04__A1_Q05397--1k04__A2_Q05397,6,3,0,3,0.6700078088316864,75.0,True,0.015264510177075863
1k04__A1_Q05397--1k04__A2_Q05397,7,5,1,3,0.641325909511052,74.8125,True,0.01346918847411871
1k04__A1_Q05397--1k04__A2_Q05397,8,3,3,3,0.6762135987784691,74.75,True,0.015264510177075863
1k04__A1_Q05397--1k04__A2_Q05397,9,5,0,3,0.6446477769386898,74.6875,True,0.010023378767073154
1k04__A1_Q05397--1k04__A2_Q05397,10,5,2,3,0.6732089582789431,74.625,True,0.0339355543255806
1k04__A1_Q05397--1k04__A2_Q05397,11,5,3,3,0.6714683914664179,74.4375,True,0.015920713543891907
1k04__A1_Q05397--1k04__A2_Q05397,12,3,2,3,0.6753138497147734,74.375,True,0.02057570405304432
1k04__A1_Q05397--1k04__A2_Q05397,13,1,0,3,0.6296230780407228,66.5625,True,0.006767051760107279
1k04__A1_Q05397--1k04__A2_Q05397,14,1,1,3,0.6432096378659108,65.375,True,0.0076929316855967045
1k04__A1_Q05397--1k04__A2_Q05397,15,1,3,3,0.6352943480385594,65.125,True,0.006555613130331039
1k04__A1_Q05397--1k04__A2_Q05397,16,1,2,3,0.6485169278531128,64.75,True,0.007794231176376343
1k04__A1_Q05397--1k04__A2_Q05397,17,2,3,3,0.0209598147751948,26.5625,False,0.02760806679725647
1k04__A1_Q05397--1k04__A2_Q05397,18,2,1,3,0.0387004186402989,25.359375,False,0.03754281625151634
1k04__A1_Q05397--1k04__A2_Q05397,19,2,0,3,0.0229809491690238,19.671875,False,0.07830335199832916
1k04__A1_Q05397--1k04__A2_Q05397,20,2,2,3,0.022305941527766,18.875,False,0.06929639726877213
1k51__A1_Q51912--1k51__A2_Q51912,1,1,1,2,0.0265439975694308,59.4375,False,1.713118217594456e-05
1k51__A1_Q51912--1k51__A2_Q51912,2,2,0,2,0.3963135218950382,58.8125,True,0.015415486879646778
1k51__A1_Q51912--1k51__A2_Q51912,3,5,3,2,0.0259004414162414,28.796875,False,0.00010028046381194144
1k51__A1_Q51912--1k51__A2_Q51912,4,5,0,2,0.0266503355925997,24.765625,False,2.571815093688201e-05
1k51__A1_Q51912--1k51__A2_Q51912,5,3,1,2,0.0312358658407695,18.578125,False,0.03862883150577545
1k51__A1_Q51912--1k51__A2_Q51912,6,3,0,2,0.0282112309368754,18.09375,False,0.1530236303806305
1k51__A1_Q51912--1k51__A2_Q51912,7,2,1,2,0.047704888027941,16.71875,False,0.05981510505080223
1k51__A1_Q51912--1k51__A2_Q51912,8,4,0,2,0.0299358109051698,16.15625,False,0.04640115424990654
1k51__A1_Q51912--1k51__A2_Q51912,9,3,2,2,0.0294380913186867,16.078125,False,0.33599966764450073
1k51__A1_Q51912--1k51__A2_Q51912,10,3,3,2,0.0299777488013224,15.015625,False,0.007580099161714315
1k51__A1_Q51912--1k51__A2_Q51912,11,2,3,2,0.0515086865962678,14.8359375,False,0.08698447793722153
1k51__A1_Q51912--1k51__A2_Q51912,12,1,3,2,0.0336238855451113,14.7109375,False,0.04564063996076584
1k51__A1_Q51912--1k51__A2_Q51912,13,1,2,2,0.0484640785472973,14.6015625,False,0.01909993775188923
1k51__A1_Q51912--1k51__A2_Q51912,14,4,1,2,0.0196778946719074,14.2734375,False,0.04183200001716614
1k51__A1_Q51912--1k51__A2_Q51912,15,5,1,2,0.0263550775426185,14.2421875,False,0.009622294455766678
1k51__A1_Q51912--1k51__A2_Q51912,16,2,2,2,0.0247414607360825,14.109375,False,0.04456400126218796
1k51__A1_Q51912--1k51__A2_Q51912,17,4,3,2,0.0533265250058666,14.1015625,False,0.020671062171459198
1k51__A1_Q51912--1k51__A2_Q51912,18,5,2,2,0.0322700846267593,13.71875,False,0.03959069028496742
1k51__A1_Q51912--1k51__A2_Q51912,19,1,0,2,0.0722360663701048,13.6484375,False,0.01884636841714382
1k51__A1_Q51912--1k51__A2_Q51912,20,4,2,2,0.039425483820999,13.0859375,False,0.03966505825519562
1k72__B1_P37700--1k72__A1_P37700,1,4,1,1,0.0020686534517434,38.4375,False,0.07789146155118942
1k72__B1_P37700--1k72__A1_P37700,2,4,0,1,0.0030849556501151,37.34375,False,0.07228070497512817
1k72__B1_P37700--1k72__A1_P37700,3,4,2,1,0.0021251589785405,34.3125,False,0.08227662742137909
1k72__B1_P37700--1k72__A1_P37700,4,1,0,1,0.0051904021024488,28.984375,False,0.2203875482082367
1k72__B1_P37700--1k72__A1_P37700,5,5,1,1,0.005727220686822,28.796875,False,0.0005856177886016667
1k72__B1_P37700--1k72__A1_P37700,6,3,3,1,0.0055392064849871,28.3125,False,0.0271996408700943
1k72__B1_P37700--1k72__A1_P37700,7,2,3,1,0.0072706218984758,27.828125,False,0.003724840935319662
1k72__B1_P37700--1k72__A1_P37700,8,1,1,1,0.0049988443859264,27.6875,False,0.006830155849456787
1k72__B1_P37700--1k72__A1_P37700,9,2,2,1,0.0068953963920267,27.59375,False,0.00442018685862422
1k72__B1_P37700--1k72__A1_P37700,10,5,3,1,0.005377720078506,27.28125,False,0.023665331304073334
1k72__B1_P37700--1k72__A1_P37700,11,3,0,1,0.0052760985307386,26.71875,False,0.01913152076303959
1k72__B1_P37700--1k72__A1_P37700,12,1,3,1,0.004891905766621,26.109375,False,0.0002717527386266738
1k72__B1_P37700--1k72__A1_P37700,13,5,2,1,0.0054252010395689,25.625,False,0.059710659086704254
1k72__B1_P37700--1k72__A1_P37700,14,3,2,1,0.0049632209718563,25.5,False,0.0531492717564106
1k72__B1_P37700--1k72__A1_P37700,15,1,2,1,0.0024643884257214,25.359375,False,0.14140628278255463
1k72__B1_P37700--1k72__A1_P37700,16,4,3,1,0.005155209947242,24.265625,False,0.0029206573963165283
1k72__B1_P37700--1k72__A1_P37700,17,2,1,1,0.0047965469070449,24.140625,False,0.0654708668589592
1k72__B1_P37700--1k72__A1_P37700,18,3,1,1,0.0039075573909475,23.90625,False,0.010810383595526218
1k72__B1_P37700--1k72__A1_P37700,19,2,0,1,0.0049383016293457,23.875,False,0.01791120506823063
1k72__B1_P37700--1k72__A1_P37700,20,5,0,1,0.002741717543154,23.796875,False,0.0891692116856575
1krl__B1_P02882--1krl__A1_P02881,1,2,3,0,0.8504889730461812,87.5625,True,0.9965749382972717
1krl__B1_P02882--1krl__A1_P02881,2,4,3,0,0.8636432119130973,86.5625,True,0.9965088963508606
1krl__B1_P02882--1krl__A1_P02881,3,4,2,0,0.863918383517173,86.25,True,0.9961446523666382
1krl__B1_P02882--1krl__A1_P02881,4,4,0,0,0.865078284838726,86.1875,True,0.9962922930717468
1krl__B1_P02882--1krl__A1_P02881,5,1,3,0,0.7934856792774543,83.0625,True,0.5939279794692993
1krl__B1_P02882--1krl__A1_P02881,6,1,0,0,0.7958530969658347,82.9375,True,0.5388606786727905
1krl__B1_P02882--1krl__A1_P02881,7,3,3,0,0.790721214869141,82.9375,True,0.5743716955184937
1krl__B1_P02882--1krl__A1_P02881,8,1,1,0,0.7886105719835391,82.9375,True,0.47319307923316956
1krl__B1_P02882--1krl__A1_P02881,9,3,0,0,0.7870582448465205,82.6875,True,0.5233749151229858
1krl__B1_P02882--1krl__A1_P02881,10,3,1,0,0.7890683818164241,82.6875,True,0.5743716955184937
1krl__B1_P02882--1krl__A1_P02881,11,1,2,0,0.7904219154326396,82.625,True,0.4328545928001404
1krl__B1_P02882--1krl__A1_P02881,12,2,1,0,0.7930211558683252,82.625,True,0.2996975779533386
1krl__B1_P02882--1krl__A1_P02881,13,3,2,0,0.7873145910822897,82.0625,True,0.6519727110862732
1krl__B1_P02882--1krl__A1_P02881,14,2,0,0,0.7960961136405974,81.75,True,0.3286217153072357
1krl__B1_P02882--1krl__A1_P02881,15,4,1,0,0.7942751589039262,81.4375,True,0.4028645157814026
1krl__B1_P02882--1krl__A1_P02881,16,5,3,0,0.7970397425975051,81.0625,True,0.5669476985931396
1krl__B1_P02882--1krl__A1_P02881,17,2,2,0,0.7471554929487945,80.6875,True,0.6571034789085388
1krl__B1_P02882--1krl__A1_P02881,18,5,1,0,0.7963112268313397,80.5,True,0.5377331376075745
1krl__B1_P02882--1krl__A1_P02881,19,5,0,0,0.7992708489713675,80.25,True,0.5026183128356934
1krl__B1_P02882--1krl__A1_P02881,20,5,2,0,0.7948627183589201,80.0,True,0.5622547268867493
1kzh__A1_P70826--1kzh__B1_P70826,1,2,1,1,0.8965118032639796,93.9375,True,0.764793872833252
1kzh__A1_P70826--1kzh__B1_P70826,2,2,2,1,0.8938853490174467,93.1875,True,0.7567727565765381
1kzh__A1_P70826--1kzh__B1_P70826,3,2,0,1,0.8976558380102523,93.125,True,0.753474771976471
1kzh__A1_P70826--1kzh__B1_P70826,4,2,3,1,0.8924112907431505,93.0,True,0.7709892392158508
1kzh__A1_P70826--1kzh__B1_P70826,5,3,0,1,0.9056692076714072,93.0,True,0.8467617630958557
1kzh__A1_P70826--1kzh__B1_P70826,6,3,2,1,0.9043142611908124,92.625,True,0.8516198396682739
1kzh__A1_P70826--1kzh__B1_P70826,7,3,3,1,0.9052301664486544,92.5625,True,0.8469418287277222
1kzh__A1_P70826--1kzh__B1_P70826,8,3,1,1,0.903589485901144,92.5625,True,0.8512555956840515
1kzh__A1_P70826--1kzh__B1_P70826,9,5,0,1,0.9036563463770046,92.375,True,0.863181471824646
1kzh__A1_P70826--1kzh__B1_P70826,10,5,1,1,0.8994804886407266,92.1875,True,0.8505683541297913
1kzh__A1_P70826--1kzh__B1_P70826,11,1,1,1,0.8874494623633294,92.1875,True,0.7866770625114441
1kzh__A1_P70826--1kzh__B1_P70826,12,5,2,1,0.8985518677310999,92.1875,True,0.7854070663452148
1kzh__A1_P70826--1kzh__B1_P70826,13,1,3,1,0.8870550495665531,92.125,True,0.7896020412445068
1kzh__A1_P70826--1kzh__B1_P70826,14,4,0,1,0.9053463719298792,92.0625,True,0.8609932065010071
1kzh__A1_P70826--1kzh__B1_P70826,15,1,0,1,0.8907553364783268,92.0625,True,0.7917503714561462
1kzh__A1_P70826--1kzh__B1_P70826,16,1,2,1,0.8889787968939289,92.0,True,0.7917503714561462
1kzh__A1_P70826--1kzh__B1_P70826,17,4,2,1,0.8999752407724433,91.9375,True,0.8691954612731934
1kzh__A1_P70826--1kzh__B1_P70826,18,5,3,1,0.9062612894653568,91.9375,True,0.8636378645896912
1kzh__A1_P70826--1kzh__B1_P70826,19,4,1,1,0.9008424930775206,91.8125,True,0.8604143261909485
1kzh__A1_P70826--1kzh__B1_P70826,20,4,3,1,0.9055976265626072,91.5,True,0.8784597516059875
1luj__A1_P35222--1luj__B1_Q9JJN6,1,5,1,1,0.7630902109145564,91.125,True,0.14822499454021454
1luj__A1_P35222--1luj__B1_Q9JJN6,2,2,2,1,0.752819974023402,91.0,True,0.5801069140434265
1luj__A1_P35222--1luj__B1_Q9JJN6,3,4,2,1,0.7637724392529187,91.0,True,0.17088519036769867
1luj__A1_P35222--1luj__B1_Q9JJN6,4,5,2,1,0.7719074227101496,90.8125,True,0.02038094960153103
1luj__A1_P35222--1luj__B1_Q9JJN6,5,5,3,1,0.7809407811108139,90.8125,True,0.06823905557394028
1luj__A1_P35222--1luj__B1_Q9JJN6,6,5,0,1,0.7653445986642651,90.1875,True,0.7899145483970642
1luj__A1_P35222--1luj__B1_Q9JJN6,7,2,3,1,0.7868369398725754,90.125,True,0.21435390412807465
1luj__A1_P35222--1luj__B1_Q9JJN6,8,1,3,1,0.7921302667456036,90.0625,True,0.5209000110626221
1luj__A1_P35222--1luj__B1_Q9JJN6,9,1,1,1,0.7902660274530712,90.0625,True,0.43476900458335876
1luj__A1_P35222--1luj__B1_Q9JJN6,10,4,1,1,0.7712777163050784,90.0,True,0.8459174633026123
1luj__A1_P35222--1luj__B1_Q9JJN6,11,4,0,1,0.7774926252527804,90.0,True,0.6575629115104675
1luj__A1_P35222--1luj__B1_Q9JJN6,12,1,0,1,0.7786035006063585,89.9375,True,0.5671295523643494
1luj__A1_P35222--1luj__B1_Q9JJN6,13,1,2,1,0.8049765380065687,89.875,True,0.1504962295293808
1luj__A1_P35222--1luj__B1_Q9JJN6,14,3,2,1,0.6875916066355172,88.75,True,0.16449932754039764
1luj__A1_P35222--1luj__B1_Q9JJN6,15,3,1,1,0.6904032075096186,88.5,True,0.18237397074699402
1luj__A1_P35222--1luj__B1_Q9JJN6,16,3,3,1,0.6847811644572274,87.875,True,0.03271963447332382
1luj__A1_P35222--1luj__B1_Q9JJN6,17,3,0,1,0.6631171796461776,87.8125,True,0.0048003834672272205
1luj__A1_P35222--1luj__B1_Q9JJN6,18,4,3,1,0.6584914151583121,87.6875,True,0.007726170588284731
1luj__A1_P35222--1luj__B1_Q9JJN6,19,2,0,1,0.6867248813156649,86.875,True,0.17339566349983215
1luj__A1_P35222--1luj__B1_Q9JJN6,20,2,1,1,0.7212364933208342,85.125,True,0.8794346451759338
1lyw__B1_P07339--1lyw__A1_P07339,1,2,3,1,0.4619035519666518,94.5,True,0.787531852722168
1lyw__B1_P07339--1lyw__A1_P07339,2,2,0,1,0.4598541286128738,94.4375,True,0.7885827422142029
1lyw__B1_P07339--1lyw__A1_P07339,3,2,2,1,0.4649587045699737,94.3125,True,0.7802470922470093
1lyw__B1_P07339--1lyw__A1_P07339,4,5,3,1,0.4635153900516736,94.25,True,0.8643183708190918
1lyw__B1_P07339--1lyw__A1_P07339,5,2,1,1,0.4638775742605989,94.25,True,0.7770089507102966
1lyw__B1_P07339--1lyw__A1_P07339,6,1,1,1,0.463719940109303,94.1875,True,0.839552104473114
1lyw__B1_P07339--1lyw__A1_P07339,7,1,3,1,0.4662106692999019,94.125,True,0.8370356559753418
1lyw__B1_P07339--1lyw__A1_P07339,8,4,0,1,0.4674915735221954,94.125,True,0.8346085548400879
1lyw__B1_P07339--1lyw__A1_P07339,9,4,2,1,0.4685362010679242,94.125,True,0.8147389888763428
1lyw__B1_P07339--1lyw__A1_P07339,10,1,2,1,0.4673231965536471,94.125,True,0.8174480199813843
1lyw__B1_P07339--1lyw__A1_P07339,11,4,3,1,0.4673846398966271,94.125,True,0.8349096179008484
1lyw__B1_P07339--1lyw__A1_P07339,12,1,0,1,0.464470504041303,94.0625,True,0.8502677083015442
1lyw__B1_P07339--1lyw__A1_P07339,13,4,1,1,0.4641794152357896,94.0625,True,0.7914851903915405
1lyw__B1_P07339--1lyw__A1_P07339,14,5,2,1,0.4671035633169335,94.0625,True,0.7818939089775085
1lyw__B1_P07339--1lyw__A1_P07339,15,5,0,1,0.4682850948452302,93.875,True,0.7990230917930603
1lyw__B1_P07339--1lyw__A1_P07339,16,5,1,1,0.4651811772086704,93.875,True,0.791408121585846
1lyw__B1_P07339--1lyw__A1_P07339,17,3,0,1,0.4678211876735611,93.4375,True,0.8245832920074463
1lyw__B1_P07339--1lyw__A1_P07339,18,3,3,1,0.4689621319187537,93.375,True,0.8177449703216553
1lyw__B1_P07339--1lyw__A1_P07339,19,3,2,1,0.4666017363086741,93.25,True,0.8121445775032043
1lyw__B1_P07339--1lyw__A1_P07339,20,3,1,1,0.4635571317503175,93.0625,True,0.802342414855957
1mr1__A1_Q13485--1mr1__D1_P12755,1,4,1,0,0.9119560463003415,91.3125,True,0.9621647000312805
1mr1__A1_Q13485--1mr1__D1_P12755,2,4,2,0,0.9132881906002944,91.1875,True,0.9620485305786133
1mr1__A1_Q13485--1mr1__D1_P12755,3,2,2,0,0.8671454095808775,91.0625,True,0.9558764100074768
1mr1__A1_Q13485--1mr1__D1_P12755,4,4,3,0,0.9014855630419676,91.0625,True,0.9689260125160217
1mr1__A1_Q13485--1mr1__D1_P12755,5,4,0,0,0.912368167546974,91.0,True,0.9621647000312805
1mr1__A1_Q13485--1mr1__D1_P12755,6,3,3,0,0.9140824815668416,90.9375,True,0.9692441821098328
1mr1__A1_Q13485--1mr1__D1_P12755,7,3,1,0,0.9009035299445776,90.9375,True,0.9785727858543396
1mr1__A1_Q13485--1mr1__D1_P12755,8,3,2,0,0.9125083213641846,90.875,True,0.9501269459724426
1mr1__A1_Q13485--1mr1__D1_P12755,9,3,0,0,0.911174415549128,90.75,True,0.9501269459724426
1mr1__A1_Q13485--1mr1__D1_P12755,10,5,1,0,0.8983286187793417,90.625,True,0.9071027040481567
1mr1__A1_Q13485--1mr1__D1_P12755,11,1,2,0,0.8967958625032372,90.625,True,0.9662820100784302
1mr1__A1_Q13485--1mr1__D1_P12755,12,5,0,0,0.9077693322389612,90.4375,True,0.9335969686508179
1mr1__A1_Q13485--1mr1__D1_P12755,13,1,3,0,0.8978411770382748,90.4375,True,0.9577103853225708
1mr1__A1_Q13485--1mr1__D1_P12755,14,5,3,0,0.9048599175723132,90.375,True,0.9335969686508179
1mr1__A1_Q13485--1mr1__D1_P12755,15,5,2,0,0.9083500515150016,90.375,True,0.8957921266555786
1mr1__A1_Q13485--1mr1__D1_P12755,16,2,0,0,0.8848009846960977,90.3125,True,0.8908664584159851
1mr1__A1_Q13485--1mr1__D1_P12755,17,1,0,0,0.89577429017555,90.3125,True,0.9450181722640991
1mr1__A1_Q13485--1mr1__D1_P12755,18,2,3,0,0.8850555261302055,90.125,True,0.913646936416626
1mr1__A1_Q13485--1mr1__D1_P12755,19,2,1,0,0.8916399802604481,90.0,True,0.9099423885345459
1mr1__A1_Q13485--1mr1__D1_P12755,20,1,1,0,0.8940485529184187,89.75,True,0.9155353307723999
1na6__B1_P14633--1na6__A1_P14633,1,1,3,3,0.650444251171018,71.375,True,0.4264891743659973
1na6__B1_P14633--1na6__A1_P14633,2,1,2,3,0.3661058065133973,67.25,True,0.9954313039779663
1na6__B1_P14633--1na6__A1_P14633,3,2,2,3,0.6363817117282023,66.0625,True,0.49793675541877747
1na6__B1_P14633--1na6__A1_P14633,4,1,1,3,0.3982613236597032,65.3125,True,0.8846377730369568
1na6__B1_P14633--1na6__A1_P14633,5,2,3,3,0.6673809509152436,65.0,True,0.4304984211921692
1na6__B1_P14633--1na6__A1_P14633,6,2,1,3,0.7141484636562677,63.96875,True,0.8071073889732361
1na6__B1_P14633--1na6__A1_P14633,7,1,0,3,0.3006003372573997,63.1875,True,0.7842625379562378
1na6__B1_P14633--1na6__A1_P14633,8,2,0,3,0.3296441387690427,58.9375,True,0.9896185994148254
1na6__B1_P14633--1na6__A1_P14633,9,3,1,3,0.1978878112686468,57.28125,False,0.10322794318199158
1na6__B1_P14633--1na6__A1_P14633,10,4,0,3,0.2001937234035078,54.375,False,0.34494873881340027
1na6__B1_P14633--1na6__A1_P14633,11,4,3,3,0.2506483545624368,54.125,True,0.6450933218002319
1na6__B1_P14633--1na6__A1_P14633,12,4,2,3,0.2183152479486727,54.0,False,0.04612768068909645
1na6__B1_P14633--1na6__A1_P14633,13,5,2,3,0.244651584711997,53.65625,True,0.5085310339927673
1na6__B1_P14633--1na6__A1_P14633,14,4,1,3,0.207024141974624,52.90625,False,0.07032305002212524
1na6__B1_P14633--1na6__A1_P14633,15,3,2,3,0.1893671186719819,52.46875,False,0.8379929065704346
1na6__B1_P14633--1na6__A1_P14633,16,5,1,3,0.216158163377584,50.375,False,0.8368433117866516
1na6__B1_P14633--1na6__A1_P14633,17,3,3,3,0.2117157825575912,49.59375,False,0.7581954002380371
1na6__B1_P14633--1na6__A1_P14633,18,3,0,3,0.2138040605017643,49.375,False,0.7219350337982178
1na6__B1_P14633--1na6__A1_P14633,19,5,3,3,0.1969127683101234,48.1875,False,0.972151517868042
1na6__B1_P14633--1na6__A1_P14633,20,5,0,3,0.2258581907899675,46.53125,False,0.497132807970047
1nfp__A1_P09142--1nfp__A2_P09142,1,2,1,3,0.478855888012756,69.125,True,0.3834339380264282
1nfp__A1_P09142--1nfp__A2_P09142,2,5,3,3,0.4044452082492324,57.0,True,0.38071343302726746
1nfp__A1_P09142--1nfp__A2_P09142,3,2,3,3,0.4181445615473148,55.0625,True,0.12224895507097244
1nfp__A1_P09142--1nfp__A2_P09142,4,5,0,3,0.4054437255100798,46.71875,True,0.05899569392204285
1nfp__A1_P09142--1nfp__A2_P09142,5,2,0,3,0.4242246752684833,41.125,True,0.2212996631860733
1nfp__A1_P09142--1nfp__A2_P09142,6,5,2,3,0.2969038071727022,37.96875,True,0.19282525777816772
1nfp__A1_P09142--1nfp__A2_P09142,7,5,1,3,0.3428787322252593,35.875,True,0.002843584166839719
1nfp__A1_P09142--1nfp__A2_P09142,8,1,1,3,0.2635594005394849,27.421875,True,0.025014040991663933
1nfp__A1_P09142--1nfp__A2_P09142,9,4,3,3,0.0630654352842259,27.140625,False,0.02081671915948391
1nfp__A1_P09142--1nfp__A2_P09142,10,4,0,3,0.2584773602034902,26.8125,True,0.05873551964759827
1nfp__A1_P09142--1nfp__A2_P09142,11,4,2,3,0.2084850528050823,26.765625,False,0.056088633835315704
1nfp__A1_P09142--1nfp__A2_P09142,12,2,2,3,0.1193541433524926,26.484375,False,0.049746133387088776
1nfp__A1_P09142--1nfp__A2_P09142,13,1,3,3,0.3001657596367539,25.65625,True,0.05155801773071289
1nfp__A1_P09142--1nfp__A2_P09142,14,1,0,3,0.1107234667534656,25.484375,False,0.07572018355131149
1nfp__A1_P09142--1nfp__A2_P09142,15,3,3,3,0.2710804127478678,25.46875,True,0.02926134318113327
1nfp__A1_P09142--1nfp__A2_P09142,16,3,1,3,0.2042796751390132,24.921875,False,0.004587091971188784
1nfp__A1_P09142--1nfp__A2_P09142,17,1,2,3,0.3288780759211416,24.828125,True,0.07868537306785583
1nfp__A1_P09142--1nfp__A2_P09142,18,4,1,3,0.0658113619250899,24.5625,False,0.04689363017678261
1nfp__A1_P09142--1nfp__A2_P09142,19,3,2,3,0.1077733357188706,22.328125,False,0.41817137598991394
1nfp__A1_P09142--1nfp__A2_P09142,20,3,0,3,0.0692399954657772,21.5625,False,0.028978662565350533
1ny5__B1_O67198--1ny5__A1_O67198,1,4,2,2,0.0954033617891848,41.96875,False,0.016738612204790115
1ny5__B1_O67198--1ny5__A1_O67198,2,5,1,2,0.0978932716292427,41.0,False,0.001944927149452269
1ny5__B1_O67198--1ny5__A1_O67198,3,4,3,2,0.0944868813344051,40.46875,False,0.9638010263442993
1ny5__B1_O67198--1ny5__A1_O67198,4,5,3,2,0.099090220623427,39.875,False,0.03706363961100578
1ny5__B1_O67198--1ny5__A1_O67198,5,4,0,2,0.0955338352187244,39.59375,False,0.4838506579399109
1ny5__B1_O67198--1ny5__A1_O67198,6,1,1,2,0.1029831842535807,39.5,False,0.04402798041701317
1ny5__B1_O67198--1ny5__A1_O67198,7,5,0,2,0.0965630533909727,39.4375,False,0.9988767504692078
1ny5__B1_O67198--1ny5__A1_O67198,8,1,2,2,0.0989301184100306,39.25,False,0.9999182224273682
1ny5__B1_O67198--1ny5__A1_O67198,9,4,1,2,0.0943420855318951,38.9375,False,0.9995891451835632
1ny5__B1_O67198--1ny5__A1_O67198,10,1,3,2,0.0910758449104872,38.84375,False,0.05003965273499489
1ny5__B1_O67198--1ny5__A1_O67198,11,1,0,2,0.0919506403296117,38.84375,False,0.25627776980400085
1ny5__B1_O67198--1ny5__A1_O67198,12,5,2,2,0.095921877955873,38.40625,False,0.999958872795105
1ny5__B1_O67198--1ny5__A1_O67198,13,3,2,2,0.0911227358619929,38.28125,False,0.7826470732688904
1ny5__B1_O67198--1ny5__A1_O67198,14,3,0,2,0.0904547746668085,37.75,False,0.09548577666282654
1ny5__B1_O67198--1ny5__A1_O67198,15,3,3,2,0.086464613075391,35.9375,False,0.9374650716781616
1ny5__B1_O67198--1ny5__A1_O67198,16,3,1,2,0.0720842943368366,35.34375,False,0.8706957101821899
1ny5__B1_O67198--1ny5__A1_O67198,17,2,0,2,0.0877004282048685,35.0625,False,0.9411734342575073
1ny5__B1_O67198--1ny5__A1_O67198,18,2,3,2,0.0858985317955653,33.75,False,0.979365348815918
1ny5__B1_O67198--1ny5__A1_O67198,19,2,1,2,0.0883617993091938,33.09375,False,0.9490460753440857
1ny5__B1_O67198--1ny5__A1_O67198,20,2,2,2,0.108426738691705,31.671875,False,0.6939562559127808
1ogy__A1_Q53176--1ogy__B1_Q53177,1,5,3,4,0.6190365685698871,93.3125,True,0.9568063020706177
1ogy__A1_Q53176--1ogy__B1_Q53177,2,5,2,4,0.6170488647124958,93.25,True,0.9255720973014832
1ogy__A1_Q53176--1ogy__B1_Q53177,3,1,3,4,0.6073926699445821,93.1875,True,0.892050564289093
1ogy__A1_Q53176--1ogy__B1_Q53177,4,2,0,4,0.6094275750227262,93.0,True,0.9551077485084534
1ogy__A1_Q53176--1ogy__B1_Q53177,5,2,3,4,0.6046838006088723,93.0,True,0.9384206533432007
1ogy__A1_Q53176--1ogy__B1_Q53177,6,2,1,4,0.5992329513348446,93.0,True,0.8891444206237793
1ogy__A1_Q53176--1ogy__B1_Q53177,7,4,3,4,0.6115651987390023,93.0,True,0.9390095472335815
1ogy__A1_Q53176--1ogy__B1_Q53177,8,2,2,4,0.6085470866122545,92.875,True,0.9176673293113708
1ogy__A1_Q53176--1ogy__B1_Q53177,9,1,0,4,0.6131012007415869,92.875,True,0.9606671333312988
1ogy__A1_Q53176--1ogy__B1_Q53177,10,1,1,4,0.613675515068266,92.8125,True,0.8566898703575134
1ogy__A1_Q53176--1ogy__B1_Q53177,11,1,2,4,0.6128278615191781,92.6875,True,0.9247452020645142
1ogy__A1_Q53176--1ogy__B1_Q53177,12,5,0,4,0.6133544393783134,92.625,True,0.8785703182220459
1ogy__A1_Q53176--1ogy__B1_Q53177,13,4,0,4,0.6214420906729116,92.625,True,0.8984527587890625
1ogy__A1_Q53176--1ogy__B1_Q53177,14,3,3,4,0.6035084375997046,92.5625,True,0.9324513077735901
1ogy__A1_Q53176--1ogy__B1_Q53177,15,3,1,4,0.6076197127311893,92.4375,True,0.8955217003822327
1ogy__A1_Q53176--1ogy__B1_Q53177,16,4,2,4,0.6079762823631446,92.375,True,0.9439803957939148
1ogy__A1_Q53176--1ogy__B1_Q53177,17,3,2,4,0.6129140020931177,92.3125,True,0.8648220896720886
1ogy__A1_Q53176--1ogy__B1_Q53177,18,3,0,4,0.6193921217816936,92.3125,True,0.8738977313041687
1ogy__A1_Q53176--1ogy__B1_Q53177,19,4,1,4,0.6098187117809181,91.8125,True,0.8770846724510193
1ogy__A1_Q53176--1ogy__B1_Q53177,20,5,1,4,0.5711042096377561,91.5,True,0.6173493266105652
1on8__A1_Q9ES89--1on8__B1_Q9ES89,1,4,1,4,0.6094457135708579,72.875,True,0.9990875720977783
1on8__A1_Q9ES89--1on8__B1_Q9ES89,2,4,2,4,0.5909455797783455,70.4375,True,0.9958957433700562
1on8__A1_Q9ES89--1on8__B1_Q9ES89,3,4,3,4,0.5894656233152167,70.1875,True,0.9950447082519531
1on8__A1_Q9ES89--1on8__B1_Q9ES89,4,4,0,4,0.5707555848161107,68.9375,True,0.9970085024833679
1on8__A1_Q9ES89--1on8__B1_Q9ES89,5,1,2,4,0.5825416574661796,67.125,True,0.9983022212982178
1on8__A1_Q9ES89--1on8__B1_Q9ES89,6,1,1,4,0.5788310539292019,65.9375,True,0.9996153116226196
1on8__A1_Q9ES89--1on8__B1_Q9ES89,7,2,2,4,0.6821211123638418,62.21875,True,0.9867212772369385
1on8__A1_Q9ES89--1on8__B1_Q9ES89,8,2,3,4,0.7559515119107315,60.90625,True,0.9917991161346436
1on8__A1_Q9ES89--1on8__B1_Q9ES89,9,1,0,4,0.59470772315759,59.96875,True,0.9604787230491638
1on8__A1_Q9ES89--1on8__B1_Q9ES89,10,1,3,4,0.57965368941894,59.875,True,0.9967117309570312
1on8__A1_Q9ES89--1on8__B1_Q9ES89,11,2,1,4,0.6271624757664677,59.0,True,0.9071054458618164
1on8__A1_Q9ES89--1on8__B1_Q9ES89,12,2,0,4,0.6885840107379249,56.84375,True,0.99155592918396
1on8__A1_Q9ES89--1on8__B1_Q9ES89,13,3,1,4,0.6159823245395942,56.53125,True,0.9225581288337708
1on8__A1_Q9ES89--1on8__B1_Q9ES89,14,5,3,4,0.5942703435211556,56.46875,True,0.9052060842514038
1on8__A1_Q9ES89--1on8__B1_Q9ES89,15,3,3,4,0.6539312053044956,55.09375,True,0.9643871784210205
1on8__A1_Q9ES89--1on8__B1_Q9ES89,16,5,0,4,0.6518813197866272,54.9375,True,0.8720681071281433
1on8__A1_Q9ES89--1on8__B1_Q9ES89,17,5,2,4,0.6438497759356613,54.9375,True,0.015398286283016205
1on8__A1_Q9ES89--1on8__B1_Q9ES89,18,5,1,4,0.6300665757113971,53.6875,True,0.3412858545780182
1on8__A1_Q9ES89--1on8__B1_Q9ES89,19,3,0,4,0.6456772480495951,52.34375,True,0.8736639618873596
1on8__A1_Q9ES89--1on8__B1_Q9ES89,20,3,2,4,0.6902658655203927,48.15625,True,0.9870387315750122
1ory__A1_O67806--1ory__B1_O67803,1,1,0,1,0.7833672594034556,92.6875,True,0.8790047764778137
1ory__A1_O67806--1ory__B1_O67803,2,1,2,1,0.7873671470736947,92.6875,True,0.8572307229042053
1ory__A1_O67806--1ory__B1_O67803,3,1,1,1,0.7821475770791985,92.5,True,0.8621828556060791
1ory__A1_O67806--1ory__B1_O67803,4,1,3,1,0.7853407565715523,92.4375,True,0.8682184815406799
1ory__A1_O67806--1ory__B1_O67803,5,4,2,1,0.7842159014365303,92.375,True,0.8424875140190125
1ory__A1_O67806--1ory__B1_O67803,6,4,0,1,0.7882150937083542,92.3125,True,0.8008396029472351
1ory__A1_O67806--1ory__B1_O67803,7,4,3,1,0.7951517520580847,92.3125,True,0.8648216128349304
1ory__A1_O67806--1ory__B1_O67803,8,3,3,1,0.7892071018821184,92.25,True,0.8125491738319397
1ory__A1_O67806--1ory__B1_O67803,9,2,0,1,0.7733444518285816,92.1875,True,0.8399691581726074
1ory__A1_O67806--1ory__B1_O67803,10,4,1,1,0.7841586671738802,92.1875,True,0.8062060475349426
1ory__A1_O67806--1ory__B1_O67803,11,2,1,1,0.7668008096554203,92.1875,True,0.8399691581726074
1ory__A1_O67806--1ory__B1_O67803,12,3,0,1,0.7919338815545274,92.125,True,0.8190977573394775
1ory__A1_O67806--1ory__B1_O67803,13,3,2,1,0.7902937761784917,92.125,True,0.8125491738319397
1ory__A1_O67806--1ory__B1_O67803,14,2,2,1,0.7655489890071637,92.0625,True,0.8340608477592468
1ory__A1_O67806--1ory__B1_O67803,15,3,1,1,0.7931038496717812,92.0625,True,0.801326334476471
1ory__A1_O67806--1ory__B1_O67803,16,5,3,1,0.7779007572717043,92.0,True,0.8539664149284363
1ory__A1_O67806--1ory__B1_O67803,17,5,0,1,0.772395640064839,92.0,True,0.8539664149284363
1ory__A1_O67806--1ory__B1_O67803,18,5,1,1,0.772692255286454,92.0,True,0.8533913493156433
1ory__A1_O67806--1ory__B1_O67803,19,2,3,1,0.7673779213600477,91.9375,True,0.8399691581726074
1ory__A1_O67806--1ory__B1_O67803,20,5,2,1,0.7777275359468897,91.8125,True,0.7739002108573914
1pfo__A1_P0C2E9--1pfo__A2_P0C2E9,1,4,0,0,0.0046131047310679,80.375,False,0.005165486130863428
1pfo__A1_P0C2E9--1pfo__A2_P0C2E9,2,4,3,0,0.0046836536184193,74.0625,False,0.03597879037261009
1pfo__A1_P0C2E9--1pfo__A2_P0C2E9,3,4,2,0,0.0046223004742384,72.25,False,0.14916986227035522
1pfo__A1_P0C2E9--1pfo__A2_P0C2E9,4,4,1,0,0.004675517141038,70.5,False,0.008152912370860577
1pfo__A1_P0C2E9--1pfo__A2_P0C2E9,5,5,3,0,0.0046804465766285,58.09375,False,0.0074233501218259335
1pfo__A1_P0C2E9--1pfo__A2_P0C2E9,6,3,0,0,0.0046249620877741,57.25,False,0.21053925156593323
1pfo__A1_P0C2E9--1pfo__A2_P0C2E9,7,2,3,0,0.0046625471132245,53.84375,False,0.03419484943151474
1pfo__A1_P0C2E9--1pfo__A2_P0C2E9,8,3,3,0,0.0046957122161804,51.75,False,0.06240060552954674
1pfo__A1_P0C2E9--1pfo__A2_P0C2E9,9,5,2,0,0.0046162111753232,49.0625,False,0.0015695512993261218
1pfo__A1_P0C2E9--1pfo__A2_P0C2E9,10,1,0,0,0.0045991918751162,47.46875,False,0.015169568359851837
1pfo__A1_P0C2E9--1pfo__A2_P0C2E9,11,2,0,0,0.004653827751204,46.9375,False,0.007761744316667318
1pfo__A1_P0C2E9--1pfo__A2_P0C2E9,12,5,1,0,0.0046179415509141,46.625,False,0.0018210018752142787
1pfo__A1_P0C2E9--1pfo__A2_P0C2E9,13,5,0,0,0.0046097881290508,44.40625,False,0.0064701903611421585
1pfo__A1_P0C2E9--1pfo__A2_P0C2E9,14,3,2,0,0.004684383319442,43.75,False,0.008890073746442795
1pfo__A1_P0C2E9--1pfo__A2_P0C2E9,15,2,1,0,0.0046467433410066,43.3125,False,0.01101735234260559
1pfo__A1_P0C2E9--1pfo__A2_P0C2E9,16,2,2,0,0.0046533676155091,42.5,False,0.02094539999961853
1pfo__A1_P0C2E9--1pfo__A2_P0C2E9,17,1,3,0,0.0046010257288814,40.84375,False,0.007609807886183262
1pfo__A1_P0C2E9--1pfo__A2_P0C2E9,18,1,2,0,0.0045674010022068,39.46875,False,0.03478798270225525
1pfo__A1_P0C2E9--1pfo__A2_P0C2E9,19,3,1,0,0.0046270118496213,39.15625,False,0.06800492852926254
1pfo__A1_P0C2E9--1pfo__A2_P0C2E9,20,1,1,0,0.0045786228643924,38.28125,False,0.0072004590183496475
1ptq__A1_P28867--1ptq__A2_P28867,1,1,0,3,0.5356969038367914,66.5,True,0.3621513545513153
1ptq__A1_P28867--1ptq__A2_P28867,2,1,1,3,0.5722288817188762,65.75,True,0.2678341567516327
1ptq__A1_P28867--1ptq__A2_P28867,3,1,3,3,0.5624021413172601,65.6875,True,0.3621513545513153
1ptq__A1_P28867--1ptq__A2_P28867,4,1,2,3,0.538664789775261,65.5,True,0.7938958406448364
1ptq__A1_P28867--1ptq__A2_P28867,5,3,1,3,0.6981468319456597,63.28125,True,0.11288566887378693
1ptq__A1_P28867--1ptq__A2_P28867,6,5,2,3,0.736093303237054,62.71875,True,0.008524620905518532
1ptq__A1_P28867--1ptq__A2_P28867,7,5,0,3,0.7494916381515745,62.625,True,0.03978120535612106
1ptq__A1_P28867--1ptq__A2_P28867,8,5,1,3,0.7354650913104003,61.6875,True,0.008524620905518532
1ptq__A1_P28867--1ptq__A2_P28867,9,5,3,3,0.7524602671494335,61.03125,True,0.008524620905518532
1ptq__A1_P28867--1ptq__A2_P28867,10,3,3,3,0.7261269467176765,60.84375,True,0.027443092316389084
1ptq__A1_P28867--1ptq__A2_P28867,11,3,0,3,0.6401592482799511,60.625,True,0.037691980600357056
1ptq__A1_P28867--1ptq__A2_P28867,12,2,1,3,0.5380377854099961,60.21875,True,0.11148614436388016
1ptq__A1_P28867--1ptq__A2_P28867,13,3,2,3,0.6191806409625508,59.71875,True,0.11288566887378693
1ptq__A1_P28867--1ptq__A2_P28867,14,2,0,3,0.5737039289364728,58.40625,True,0.11148614436388016
1ptq__A1_P28867--1ptq__A2_P28867,15,2,3,3,0.6105380534752671,58.125,True,0.11148614436388016
1ptq__A1_P28867--1ptq__A2_P28867,16,4,2,3,0.4754967192182789,56.75,True,0.9678905010223389
1ptq__A1_P28867--1ptq__A2_P28867,17,4,3,3,0.3862609476610203,56.65625,True,0.008038889616727829
1ptq__A1_P28867--1ptq__A2_P28867,18,4,0,3,0.4121229704366325,56.0,True,0.09852010756731033
1ptq__A1_P28867--1ptq__A2_P28867,19,4,1,3,0.4455838764806785,55.25,True,0.034840233623981476
1ptq__A1_P28867--1ptq__A2_P28867,20,2,2,3,0.5591262341943471,53.9375,True,0.11148614436388016
1qb3__B1_P20486--1qb3__A1_P20486,1,2,1,1,0.0101585327347017,76.75,False,0.9999998807907104
1qb3__B1_P20486--1qb3__A1_P20486,2,5,3,1,0.0104478141791365,75.0625,False,0.9999996423721313
1qb3__B1_P20486--1qb3__A1_P20486,3,4,1,1,0.0101077626122408,74.625,False,1.0
1qb3__B1_P20486--1qb3__A1_P20486,4,5,0,1,0.0102489475912928,73.375,False,0.999998927116394
1qb3__B1_P20486--1qb3__A1_P20486,5,3,0,1,0.0101868389752827,72.1875,False,0.9999998807907104
1qb3__B1_P20486--1qb3__A1_P20486,6,4,2,1,0.0102873258804149,71.5,False,0.9999998807907104
1qb3__B1_P20486--1qb3__A1_P20486,7,3,2,1,0.0102554355032888,71.1875,False,0.9999997615814209
1qb3__B1_P20486--1qb3__A1_P20486,8,4,3,1,0.0105128636306655,69.4375,False,0.9999998807907104
1qb3__B1_P20486--1qb3__A1_P20486,9,4,0,1,0.0104793537454581,69.1875,False,1.0
1qb3__B1_P20486--1qb3__A1_P20486,10,5,2,1,0.010702751386852,69.125,False,1.0
1qb3__B1_P20486--1qb3__A1_P20486,11,1,2,1,0.0101878813595735,66.875,False,0.9999997615814209
1qb3__B1_P20486--1qb3__A1_P20486,12,2,2,1,0.0112625947958121,66.6875,False,0.9999998807907104
1qb3__B1_P20486--1qb3__A1_P20486,13,2,3,1,0.0108944700229848,65.1875,False,0.9999997615814209
1qb3__B1_P20486--1qb3__A1_P20486,14,3,3,1,0.010500883156954,62.40625,False,0.9999992847442627
1qb3__B1_P20486--1qb3__A1_P20486,15,3,1,1,0.0105073094680632,56.59375,False,0.9999994039535522
1qb3__B1_P20486--1qb3__A1_P20486,16,1,0,1,0.1013843392069327,53.65625,False,0.39269375801086426
1qb3__B1_P20486--1qb3__A1_P20486,17,1,3,1,0.0174675111968577,22.140625,False,0.014212301932275295
1qb3__B1_P20486--1qb3__A1_P20486,18,1,1,1,0.0150988815000964,19.03125,False,0.005589514039456844
1qb3__B1_P20486--1qb3__A1_P20486,19,2,0,1,0.0154662358384731,18.90625,False,0.1184970885515213
1qb3__B1_P20486--1qb3__A1_P20486,20,5,1,1,0.0176448913137712,17.34375,False,0.0031017044093459845
1qf8__A1_P67870--1qf8__B1_P67870,1,5,2,0,0.0581093840385423,55.65625,False,0.0008905533468350768
1qf8__A1_P67870--1qf8__B1_P67870,2,5,0,0,0.0556056096493495,54.9375,False,0.0008990740752778947
1qf8__A1_P67870--1qf8__B1_P67870,3,4,1,0,0.0598113339986194,50.65625,False,0.005531063303351402
1qf8__A1_P67870--1qf8__B1_P67870,4,5,1,0,0.0576135746693002,46.21875,False,0.0034472045954316854
1qf8__A1_P67870--1qf8__B1_P67870,5,3,3,0,0.0589966064802366,44.5625,False,0.0023124085273593664
1qf8__A1_P67870--1qf8__B1_P67870,6,1,1,0,0.0593435502895216,42.1875,False,0.8656324744224548
1qf8__A1_P67870--1qf8__B1_P67870,7,2,2,0,0.0895678957428332,41.59375,False,0.958063542842865
1qf8__A1_P67870--1qf8__B1_P67870,8,1,0,0,0.0904371811650481,40.46875,False,0.9784948825836182
1qf8__A1_P67870--1qf8__B1_P67870,9,5,3,0,0.0569332530351925,40.0625,False,4.3687894503818825e-05
1qf8__A1_P67870--1qf8__B1_P67870,10,1,2,0,0.0805684230056508,40.03125,False,0.8935931921005249
1qf8__A1_P67870--1qf8__B1_P67870,11,1,3,0,0.0394336688339208,38.5,False,0.9421799778938293
1qf8__A1_P67870--1qf8__B1_P67870,12,2,1,0,0.0990905911255217,36.875,False,0.9430810809135437
1qf8__A1_P67870--1qf8__B1_P67870,13,2,3,0,0.0239147745492861,28.328125,False,0.026742249727249146
1qf8__A1_P67870--1qf8__B1_P67870,14,3,1,0,0.0690207023992617,28.125,False,0.006380755454301834
1qf8__A1_P67870--1qf8__B1_P67870,15,2,0,0,0.1463373954042048,26.65625,False,0.2641693353652954
1qf8__A1_P67870--1qf8__B1_P67870,16,3,2,0,0.0253460880747213,21.328125,False,0.057866696268320084
1qf8__A1_P67870--1qf8__B1_P67870,17,4,2,0,0.0154012708370236,20.703125,False,0.046851832419633865
1qf8__A1_P67870--1qf8__B1_P67870,18,4,3,0,0.0135904310342963,20.28125,False,0.07452686131000519
1qf8__A1_P67870--1qf8__B1_P67870,19,4,0,0,0.0149264760921574,20.0625,False,0.0722336396574974
1qf8__A1_P67870--1qf8__B1_P67870,20,3,0,0,0.0187069671687628,19.578125,False,0.039341315627098083
1qqf__A1_P01026--1qqf__A2_P01026,1,4,0,1,0.5873776681589512,85.5,True,0.00032172902137972414
1qqf__A1_P01026--1qqf__A2_P01026,2,4,1,1,0.5930191103083357,72.0,True,0.01679840125143528
1qqf__A1_P01026--1qqf__A2_P01026,3,4,2,1,0.4977597869035122,69.0,True,0.014027262106537819
1qqf__A1_P01026--1qqf__A2_P01026,4,4,3,1,0.5927114057455511,67.8125,True,0.7292604446411133
1qqf__A1_P01026--1qqf__A2_P01026,5,1,1,1,0.3002761405269502,67.3125,True,0.09758653491735458
1qqf__A1_P01026--1qqf__A2_P01026,6,1,2,1,0.2913266670163278,66.375,True,0.16921254992485046
1qqf__A1_P01026--1qqf__A2_P01026,7,1,0,1,0.3318830303325444,57.5,True,0.16639265418052673
1qqf__A1_P01026--1qqf__A2_P01026,8,1,3,1,0.4311212656683492,54.375,True,0.025917816907167435
1qqf__A1_P01026--1qqf__A2_P01026,9,2,2,1,0.3560470046428248,53.53125,True,0.03283887356519699
1qqf__A1_P01026--1qqf__A2_P01026,10,2,0,1,0.3573722685539008,47.40625,True,0.023867135867476463
1qqf__A1_P01026--1qqf__A2_P01026,11,5,1,1,0.079138654103988,46.6875,False,0.03356488049030304
1qqf__A1_P01026--1qqf__A2_P01026,12,2,3,1,0.3350530344007867,45.28125,True,0.1564907729625702
1qqf__A1_P01026--1qqf__A2_P01026,13,5,2,1,0.0946866310447705,42.28125,False,0.05336686223745346
1qqf__A1_P01026--1qqf__A2_P01026,14,5,3,1,0.0847765614295753,42.28125,False,0.014418069273233414
1qqf__A1_P01026--1qqf__A2_P01026,15,2,1,1,0.3259658295731849,41.875,True,0.040103718638420105
1qqf__A1_P01026--1qqf__A2_P01026,16,3,0,1,0.08427956702073,41.1875,False,0.021230574697256088
1qqf__A1_P01026--1qqf__A2_P01026,17,5,0,1,0.0404581675987673,41.03125,False,0.10533308237791061
1qqf__A1_P01026--1qqf__A2_P01026,18,3,1,1,0.0867641143125142,40.875,False,0.07948760688304901
1qqf__A1_P01026--1qqf__A2_P01026,19,3,2,1,0.1100285613012545,40.71875,False,0.060269832611083984
1qqf__A1_P01026--1qqf__A2_P01026,20,3,3,1,0.0760940201651511,38.3125,False,0.04376744106411934
1qrk__B1_P00488--1qrk__A1_P00488,1,4,0,2,0.6106249151971914,75.9375,True,0.008057973347604275
1qrk__B1_P00488--1qrk__A1_P00488,2,4,2,2,0.5914409103523514,74.0625,True,0.5161416530609131
1qrk__B1_P00488--1qrk__A1_P00488,3,5,3,2,0.5756992908629962,68.625,True,0.4174802303314209
1qrk__B1_P00488--1qrk__A1_P00488,4,1,3,2,0.1403054417257684,68.625,False,0.777759850025177
1qrk__B1_P00488--1qrk__A1_P00488,5,1,0,2,0.5841153619327032,68.125,True,0.007070848718285561
1qrk__B1_P00488--1qrk__A1_P00488,6,1,1,2,0.5170151399678287,67.1875,True,0.0012031180085614324
1qrk__B1_P00488--1qrk__A1_P00488,7,3,0,2,0.6070218035424082,64.0,True,0.26932814717292786
1qrk__B1_P00488--1qrk__A1_P00488,8,3,1,2,0.6096934521632584,63.625,True,0.016138767823576927
1qrk__B1_P00488--1qrk__A1_P00488,9,3,3,2,0.5912997900544994,63.40625,True,0.11729305982589722
1qrk__B1_P00488--1qrk__A1_P00488,10,1,2,2,0.1517965435424252,63.21875,False,0.027097737416625023
1qrk__B1_P00488--1qrk__A1_P00488,11,5,2,2,0.509038484527981,61.9375,True,0.15049698948860168
1qrk__B1_P00488--1qrk__A1_P00488,12,5,1,2,0.2075382939765195,59.53125,False,0.008688523434102535
1qrk__B1_P00488--1qrk__A1_P00488,13,5,0,2,0.1756104251599846,59.1875,False,0.7671507596969604
1qrk__B1_P00488--1qrk__A1_P00488,14,4,3,2,0.1842179752769179,57.0,False,0.00799121055752039
1qrk__B1_P00488--1qrk__A1_P00488,15,2,2,2,0.4564085480333055,56.03125,True,0.005507192108780146
1qrk__B1_P00488--1qrk__A1_P00488,16,3,2,2,0.1746115140929543,55.03125,False,0.4760367274284363
1qrk__B1_P00488--1qrk__A1_P00488,17,4,1,2,0.1615903517428303,54.40625,False,0.8793709874153137
1qrk__B1_P00488--1qrk__A1_P00488,18,2,1,2,0.4388668052799175,49.59375,True,0.016132766380906105
1qrk__B1_P00488--1qrk__A1_P00488,19,2,3,2,0.1861233944984007,49.5625,False,0.1736316829919815
1qrk__B1_P00488--1qrk__A1_P00488,20,2,0,2,0.4395752833808626,49.5625,True,0.18919260799884796
1qxx__A1_P02929--1qxx__A2_P02929,1,2,1,2,0.7630832708597183,78.5,True,4.0324632522015236e-10
1qxx__A1_P02929--1qxx__A2_P02929,2,4,1,2,0.7586630385218657,77.25,True,3.1923694243651823e-10
1qxx__A1_P02929--1qxx__A2_P02929,3,2,3,2,0.7890503914396211,75.375,True,1.598892823695408e-10
1qxx__A1_P02929--1qxx__A2_P02929,4,4,0,2,0.7589919746768953,72.125,True,1.0073786249620298e-10
1qxx__A1_P02929--1qxx__A2_P02929,5,3,1,2,0.7213611784872951,68.0625,True,2.57880175547065e-11
1qxx__A1_P02929--1qxx__A2_P02929,6,4,2,2,0.6389901938727429,67.6875,True,7.697180670618309e-10
1qxx__A1_P02929--1qxx__A2_P02929,7,2,2,2,0.7082482307716514,66.3125,True,3.0493482738869204e-10
1qxx__A1_P02929--1qxx__A2_P02929,8,4,3,2,0.6489905847861871,66.1875,True,4.872501291330877e-10
1qxx__A1_P02929--1qxx__A2_P02929,9,3,0,2,0.6419554001410548,66.125,True,6.931312190872063e-10
1qxx__A1_P02929--1qxx__A2_P02929,10,5,1,2,0.760800375469529,66.0625,True,9.607030448943732e-11
1qxx__A1_P02929--1qxx__A2_P02929,11,3,2,2,0.6313199690582275,64.6875,True,5.979622352825231e-10
1qxx__A1_P02929--1qxx__A2_P02929,12,3,3,2,0.6408807133600551,64.3125,True,3.09974462764373e-10
1qxx__A1_P02929--1qxx__A2_P02929,13,5,3,2,0.7472821484611251,64.125,True,2.174188086512263e-11
1qxx__A1_P02929--1qxx__A2_P02929,14,5,2,2,0.6460279728220656,55.28125,True,8.580305216332462e-11
1qxx__A1_P02929--1qxx__A2_P02929,15,5,0,2,0.6489484622891034,54.625,True,1.435826596507539e-10
1qxx__A1_P02929--1qxx__A2_P02929,16,2,0,2,0.0345380126769821,48.90625,False,0.0029636742547154427
1qxx__A1_P02929--1qxx__A2_P02929,17,1,0,2,0.0434141703232331,43.53125,False,0.0005063689313828945
1qxx__A1_P02929--1qxx__A2_P02929,18,1,3,2,0.037017774125763,41.4375,False,0.0008851193706505001
1qxx__A1_P02929--1qxx__A2_P02929,19,1,1,2,0.0425976390679841,40.8125,False,4.8825269914232194e-05
1qxx__A1_P02929--1qxx__A2_P02929,20,1,2,2,0.0405464668457528,35.15625,False,0.0005668795201927423
1r5p__B1_Q8YT41--1r5p__A1_Q8YT41,1,5,0,1,0.0455987290758567,53.03125,False,0.4162329137325287
1r5p__B1_Q8YT41--1r5p__A1_Q8YT41,2,5,1,1,0.0465913192010022,45.125,False,0.40883415937423706
1r5p__B1_Q8YT41--1r5p__A1_Q8YT41,3,4,1,1,0.0916595362752405,33.46875,False,0.005808865185827017
1r5p__B1_Q8YT41--1r5p__A1_Q8YT41,4,5,3,1,0.0545079412097325,32.15625,False,0.02584584429860115
1r5p__B1_Q8YT41--1r5p__A1_Q8YT41,5,4,3,1,0.0971874595380903,30.890625,False,0.0013237213715910912
1r5p__B1_Q8YT41--1r5p__A1_Q8YT41,6,2,3,1,0.0333395317365394,28.171875,False,0.1184898316860199
1r5p__B1_Q8YT41--1r5p__A1_Q8YT41,7,2,0,1,0.0362635563065148,25.625,False,0.5344429016113281
1r5p__B1_Q8YT41--1r5p__A1_Q8YT41,8,2,1,1,0.0411900779193011,25.21875,False,0.008819887414574623
1r5p__B1_Q8YT41--1r5p__A1_Q8YT41,9,1,2,1,0.0166769856658813,24.453125,False,0.21242325007915497
1r5p__B1_Q8YT41--1r5p__A1_Q8YT41,10,2,2,1,0.0732438970212902,23.515625,False,9.091218998946715e-06
1r5p__B1_Q8YT41--1r5p__A1_Q8YT41,11,1,1,1,0.0167648255925679,22.328125,False,0.43510326743125916
1r5p__B1_Q8YT41--1r5p__A1_Q8YT41,12,1,0,1,0.0170469974717162,20.28125,False,0.41096630692481995
1r5p__B1_Q8YT41--1r5p__A1_Q8YT41,13,1,3,1,0.0353049474688592,20.125,False,0.11271826922893524
1r5p__B1_Q8YT41--1r5p__A1_Q8YT41,14,5,2,1,0.0962911709448628,19.375,False,0.003877101233229041
1r5p__B1_Q8YT41--1r5p__A1_Q8YT41,15,3,1,1,0.0991151008307496,15.2109375,False,0.09524580091238022
1r5p__B1_Q8YT41--1r5p__A1_Q8YT41,16,3,2,1,0.0210956807710052,14.75,False,0.17782019078731537
1r5p__B1_Q8YT41--1r5p__A1_Q8YT41,17,3,3,1,0.1044592875292593,14.4375,False,0.20154787600040436
1r5p__B1_Q8YT41--1r5p__A1_Q8YT41,18,4,2,1,0.1359923119627488,14.234375,False,0.0009767708834260702
1r5p__B1_Q8YT41--1r5p__A1_Q8YT41,19,4,0,1,0.0470477534563678,14.109375,False,0.0670931339263916
1r5p__B1_Q8YT41--1r5p__A1_Q8YT41,20,3,0,1,0.1166759777577191,14.0390625,False,0.007611227221786976
1rj9__B1_O07347--1rj9__A1_P83749,1,4,3,1,0.8990108090767972,89.9375,True,0.8293465971946716
1rj9__B1_O07347--1rj9__A1_P83749,2,4,0,1,0.8681982336163513,89.4375,True,0.7543174028396606
1rj9__B1_O07347--1rj9__A1_P83749,3,4,1,1,0.9023207111379736,89.0,True,0.812286376953125
1rj9__B1_O07347--1rj9__A1_P83749,4,5,2,1,0.8860418530744791,88.6875,True,0.6414830088615417
1rj9__B1_O07347--1rj9__A1_P83749,5,4,2,1,0.886148500954555,88.6875,True,0.7574762105941772
1rj9__B1_O07347--1rj9__A1_P83749,6,2,1,1,0.8289363122719843,88.3125,True,0.6380786895751953
1rj9__B1_O07347--1rj9__A1_P83749,7,1,0,1,0.8825263450737714,88.25,True,0.7467564940452576
1rj9__B1_O07347--1rj9__A1_P83749,8,5,1,1,0.9098686055042878,88.0625,True,0.8338351845741272
1rj9__B1_O07347--1rj9__A1_P83749,9,2,2,1,0.830494894594238,87.8125,True,0.655992329120636
1rj9__B1_O07347--1rj9__A1_P83749,10,1,3,1,0.8942916540642748,87.4375,True,0.5989348292350769
1rj9__B1_O07347--1rj9__A1_P83749,11,3,1,1,0.9079508289731212,87.375,True,0.7214454412460327
1rj9__B1_O07347--1rj9__A1_P83749,12,2,3,1,0.8444143577983111,87.375,True,0.6278638243675232
1rj9__B1_O07347--1rj9__A1_P83749,13,2,0,1,0.8570585348006604,87.375,True,0.5748751163482666
1rj9__B1_O07347--1rj9__A1_P83749,14,1,1,1,0.8732303765378031,87.3125,True,0.5961822867393494
1rj9__B1_O07347--1rj9__A1_P83749,15,3,0,1,0.8655991005848476,87.125,True,0.6792694330215454
1rj9__B1_O07347--1rj9__A1_P83749,16,3,2,1,0.8129979475747148,86.9375,True,0.9786834716796875
1rj9__B1_O07347--1rj9__A1_P83749,17,5,3,1,0.8288888518376799,86.875,True,0.9791722893714905
1rj9__B1_O07347--1rj9__A1_P83749,18,3,3,1,0.864823963052721,86.625,True,0.8746802806854248
1rj9__B1_O07347--1rj9__A1_P83749,19,5,0,1,0.823551195269121,86.5625,True,0.5360668897628784
1rj9__B1_O07347--1rj9__A1_P83749,20,1,2,1,0.8641872083155525,86.3125,True,0.5549795031547546
1rk4__A1_O00299--1rk4__B1_O00299,1,1,0,3,0.0254779958424484,27.203125,False,0.042430441826581955
1rk4__A1_O00299--1rk4__B1_O00299,2,1,3,3,0.0305264037163907,25.390625,False,0.0272341500967741
1rk4__A1_O00299--1rk4__B1_O00299,3,1,2,3,0.0309635528614136,22.8125,False,0.11933580040931702
1rk4__A1_O00299--1rk4__B1_O00299,4,1,1,3,0.0324123708051048,21.671875,False,0.10573132336139679
1rk4__A1_O00299--1rk4__B1_O00299,5,2,3,3,0.0295013564317024,21.65625,False,0.2646625339984894
1rk4__A1_O00299--1rk4__B1_O00299,6,2,0,3,0.069129938006077,21.453125,False,0.20917022228240967
1rk4__A1_O00299--1rk4__B1_O00299,7,2,1,3,0.0490577756974747,21.046875,False,0.1456848829984665
1rk4__A1_O00299--1rk4__B1_O00299,8,5,2,3,0.0387122590946773,20.546875,False,0.01790502294898033
1rk4__A1_O00299--1rk4__B1_O00299,9,2,2,3,0.0564782941191607,20.3125,False,0.05711671710014343
1rk4__A1_O00299--1rk4__B1_O00299,10,5,0,3,0.0398976862895214,20.1875,False,0.011842479929327965
1rk4__A1_O00299--1rk4__B1_O00299,11,5,3,3,0.0413453549620124,20.015625,False,0.015271738171577454
1rk4__A1_O00299--1rk4__B1_O00299,12,4,3,3,0.0320704662706561,20.0,False,0.00010719306010287255
1rk4__A1_O00299--1rk4__B1_O00299,13,4,0,3,0.028322058723049,19.828125,False,0.004248111508786678
1rk4__A1_O00299--1rk4__B1_O00299,14,4,1,3,0.0443680720112614,19.5,False,0.033070970326662064
1rk4__A1_O00299--1rk4__B1_O00299,15,5,1,3,0.1743474716249101,18.9375,False,0.0036443867720663548
1rk4__A1_O00299--1rk4__B1_O00299,16,4,2,3,0.1706910576340463,18.71875,False,0.14689798653125763
1rk4__A1_O00299--1rk4__B1_O00299,17,3,3,3,0.030042272036345,18.5625,False,5.353118467610329e-06
1rk4__A1_O00299--1rk4__B1_O00299,18,3,0,3,0.0285227150961758,18.328125,False,1.3479502740665339e-05
1rk4__A1_O00299--1rk4__B1_O00299,19,3,2,3,0.028481366987575,18.296875,False,0.011096135713160038
1rk4__A1_O00299--1rk4__B1_O00299,20,3,1,3,0.0294522249155824,18.171875,False,0.0007883590878918767
1s4k__A1_Q8ZPR1--1s4k__B1_Q8ZPR1,1,4,3,1,0.0376470693995013,29.46875,False,0.9273846745491028
1s4k__A1_Q8ZPR1--1s4k__B1_Q8ZPR1,2,3,1,1,0.088627538217648,22.65625,False,0.013166124932467937
1s4k__A1_Q8ZPR1--1s4k__B1_Q8ZPR1,3,1,3,1,0.0329822151837624,22.078125,False,0.9841129183769226
1s4k__A1_Q8ZPR1--1s4k__B1_Q8ZPR1,4,5,2,1,0.1033301041611925,20.609375,False,0.026803435757756233
1s4k__A1_Q8ZPR1--1s4k__B1_Q8ZPR1,5,3,0,1,0.0749787802510978,18.9375,False,0.0009053292451426387
1s4k__A1_Q8ZPR1--1s4k__B1_Q8ZPR1,6,2,0,1,0.0491591580222751,18.375,False,0.04930448904633522
1s4k__A1_Q8ZPR1--1s4k__B1_Q8ZPR1,7,5,3,1,0.0775011692216162,18.28125,False,0.013720828108489513
1s4k__A1_Q8ZPR1--1s4k__B1_Q8ZPR1,8,2,1,1,0.0779699447032802,18.28125,False,0.057113878428936005
1s4k__A1_Q8ZPR1--1s4k__B1_Q8ZPR1,9,5,0,1,0.0625557313633287,17.96875,False,0.0023962189443409443
1s4k__A1_Q8ZPR1--1s4k__B1_Q8ZPR1,10,4,1,1,0.0184163294394798,17.734375,False,0.12533143162727356
1s4k__A1_Q8ZPR1--1s4k__B1_Q8ZPR1,11,1,0,1,0.0241455983308582,17.625,False,0.8103546500205994
1s4k__A1_Q8ZPR1--1s4k__B1_Q8ZPR1,12,3,2,1,0.040838762735022,17.421875,False,0.026454197242856026
1s4k__A1_Q8ZPR1--1s4k__B1_Q8ZPR1,13,2,3,1,0.0468609943789125,17.359375,False,0.005656195338815451
1s4k__A1_Q8ZPR1--1s4k__B1_Q8ZPR1,14,5,1,1,0.1420298219658229,17.171875,False,0.0036764945834875107
1s4k__A1_Q8ZPR1--1s4k__B1_Q8ZPR1,15,4,2,1,0.0300165349387477,17.109375,False,0.0035736318677663803
1s4k__A1_Q8ZPR1--1s4k__B1_Q8ZPR1,16,2,2,1,0.0531363959300235,16.9375,False,0.00252849911339581
1s4k__A1_Q8ZPR1--1s4k__B1_Q8ZPR1,17,3,3,1,0.0281174698205835,16.609375,False,0.024942830204963684
1s4k__A1_Q8ZPR1--1s4k__B1_Q8ZPR1,18,4,0,1,0.0360677709707706,15.2265625,False,0.05198843777179718
1s4k__A1_Q8ZPR1--1s4k__B1_Q8ZPR1,19,1,1,1,0.0401934253945282,14.0234375,False,0.009564479812979698
1s4k__A1_Q8ZPR1--1s4k__B1_Q8ZPR1,20,1,2,1,0.0173896296778523,12.703125,False,0.021304083988070488
1s70__A1_P62207--1s70__B1_Q90623,1,4,0,1,0.7275811782277941,88.625,True,0.9854677319526672
1s70__A1_P62207--1s70__B1_Q90623,2,5,2,1,0.7252862914617898,88.1875,True,0.9648338556289673
1s70__A1_P62207--1s70__B1_Q90623,3,3,0,1,0.6639126894266921,87.5625,True,0.9877371788024902
1s70__A1_P62207--1s70__B1_Q90623,4,5,1,1,0.6248481934875006,87.375,True,0.8968117833137512
1s70__A1_P62207--1s70__B1_Q90623,5,4,2,1,0.6798808542019373,87.25,True,0.9549545049667358
1s70__A1_P62207--1s70__B1_Q90623,6,4,3,1,0.7011177734467106,87.0625,True,0.9935328960418701
1s70__A1_P62207--1s70__B1_Q90623,7,1,1,1,0.7398020646548907,86.75,True,0.9622781872749329
1s70__A1_P62207--1s70__B1_Q90623,8,5,3,1,0.6520196767274863,86.5,True,0.981687605381012
1s70__A1_P62207--1s70__B1_Q90623,9,5,0,1,0.6792167344965748,86.4375,True,0.9864444136619568
1s70__A1_P62207--1s70__B1_Q90623,10,3,2,1,0.5362745533023282,86.0,True,0.9830566048622131
1s70__A1_P62207--1s70__B1_Q90623,11,2,1,1,0.5931886460257129,85.6875,True,0.7835314273834229
1s70__A1_P62207--1s70__B1_Q90623,12,4,1,1,0.5654625000029493,85.4375,True,0.973899781703949
1s70__A1_P62207--1s70__B1_Q90623,13,3,3,1,0.4387797665840984,85.0,True,0.5478871464729309
1s70__A1_P62207--1s70__B1_Q90623,14,3,1,1,0.4286762500392598,84.8125,True,0.4987962543964386
1s70__A1_P62207--1s70__B1_Q90623,15,2,2,1,0.560134543522747,84.625,True,0.4623914659023285
1s70__A1_P62207--1s70__B1_Q90623,16,1,0,1,0.6079183099276076,84.625,True,0.7746627330780029
1s70__A1_P62207--1s70__B1_Q90623,17,1,2,1,0.6987831630770233,84.4375,True,0.9879174828529358
1s70__A1_P62207--1s70__B1_Q90623,18,2,0,1,0.539631584467602,84.375,True,0.7796065211296082
1s70__A1_P62207--1s70__B1_Q90623,19,2,3,1,0.5552396304036509,84.1875,True,0.9108504056930542
1s70__A1_P62207--1s70__B1_Q90623,20,1,3,1,0.5404598178310885,83.75,True,0.9318268299102783
1smx__A1_P21513--1smx__B1_P21513,1,1,0,0,0.0153498445538025,33.59375,False,0.05783948674798012
1smx__A1_P21513--1smx__B1_P21513,2,1,1,0,0.0158068212404666,29.28125,False,0.05175744742155075
1smx__A1_P21513--1smx__B1_P21513,3,2,0,0,0.2406513786016403,22.9375,True,0.16166095435619354
1smx__A1_P21513--1smx__B1_P21513,4,1,3,0,0.0290539351319406,20.15625,False,0.020949261263012886
1smx__A1_P21513--1smx__B1_P21513,5,2,1,0,0.2222385431931975,19.65625,False,0.19875876605510712
1smx__A1_P21513--1smx__B1_P21513,6,2,2,0,0.1844860509355027,19.5625,False,0.3472154438495636
1smx__A1_P21513--1smx__B1_P21513,7,1,2,0,0.0280842948898387,19.453125,False,0.006733020301908255
1smx__A1_P21513--1smx__B1_P21513,8,2,3,0,0.1798235371559075,19.265625,False,0.19841474294662476
1smx__A1_P21513--1smx__B1_P21513,9,5,0,0,0.0495096045282394,18.453125,False,0.03813113272190094
1smx__A1_P21513--1smx__B1_P21513,10,5,2,0,0.0825214019193569,18.375,False,0.18983086943626404
1smx__A1_P21513--1smx__B1_P21513,11,4,0,0,0.0282000590007507,18.359375,False,0.01390161458402872
1smx__A1_P21513--1smx__B1_P21513,12,4,1,0,0.1069444052020128,18.328125,False,0.2676575183868408
1smx__A1_P21513--1smx__B1_P21513,13,4,2,0,0.0371073838093175,18.078125,False,0.02346179448068142
1smx__A1_P21513--1smx__B1_P21513,14,5,1,0,0.0265357570415604,18.015625,False,0.03674918785691261
1smx__A1_P21513--1smx__B1_P21513,15,4,3,0,0.0991232144219913,17.921875,False,0.197998046875
1smx__A1_P21513--1smx__B1_P21513,16,3,3,0,0.0826449789985713,17.734375,False,0.0160745307803154
1smx__A1_P21513--1smx__B1_P21513,17,5,3,0,0.0274389335508348,17.703125,False,0.06886956095695496
1smx__A1_P21513--1smx__B1_P21513,18,3,2,0,0.0382122653696936,17.515625,False,0.06256146728992462
1smx__A1_P21513--1smx__B1_P21513,19,3,0,0,0.0546428898209266,17.4375,False,0.02858518436551094
1smx__A1_P21513--1smx__B1_P21513,20,3,1,0,0.0450629391961612,17.140625,False,0.012745002284646034
1spp__B1_P35496--1spp__A1_P35495,1,3,3,4,0.3660599810221559,57.625,True,0.6758686900138855
1spp__B1_P35496--1spp__A1_P35495,2,5,2,4,0.2510124925990736,56.46875,True,0.002557032275944948
1spp__B1_P35496--1spp__A1_P35495,3,1,1,4,0.46358197110308,46.65625,True,0.9490542411804199
1spp__B1_P35496--1spp__A1_P35495,4,3,0,4,0.3203340786587548,45.90625,True,0.000501711736433208
1spp__B1_P35496--1spp__A1_P35495,5,2,2,4,0.2998344664996814,45.59375,True,0.7584065794944763
1spp__B1_P35496--1spp__A1_P35495,6,5,1,4,0.3179109210294206,44.9375,True,0.01623527519404888
1spp__B1_P35496--1spp__A1_P35495,7,5,0,4,0.2983492428848046,43.875,True,0.001817328971810639
1spp__B1_P35496--1spp__A1_P35495,8,3,1,4,0.3379555517947085,43.125,True,0.20199763774871826
1spp__B1_P35496--1spp__A1_P35495,9,1,3,4,0.353069684960195,41.84375,True,0.08284203708171844
1spp__B1_P35496--1spp__A1_P35495,10,2,1,4,0.2357126272140612,41.84375,True,0.35226088762283325
1spp__B1_P35496--1spp__A1_P35495,11,4,2,4,0.3073506438656965,41.8125,True,4.4045586378160806e-07
1spp__B1_P35496--1spp__A1_P35495,12,3,2,4,0.4215067679518653,40.625,True,0.8755256533622742
1spp__B1_P35496--1spp__A1_P35495,13,5,3,4,0.2859320882331197,39.125,True,0.013866569846868515
1spp__B1_P35496--1spp__A1_P35495,14,2,0,4,0.3094312866877675,38.28125,True,0.041929248720407486
1spp__B1_P35496--1spp__A1_P35495,15,2,3,4,0.2483469707367615,38.0,True,0.970641016960144
1spp__B1_P35496--1spp__A1_P35495,16,4,1,4,0.2903208926365838,36.46875,True,4.842786802328192e-05
1spp__B1_P35496--1spp__A1_P35495,17,4,3,4,0.1565007559897325,35.78125,False,0.024166109040379524
1spp__B1_P35496--1spp__A1_P35495,18,1,0,4,0.2602881591061928,35.4375,True,3.854190211427522e-08
1spp__B1_P35496--1spp__A1_P35495,19,1,2,4,0.3728275057170817,35.09375,True,0.6306123733520508
1spp__B1_P35496--1spp__A1_P35495,20,4,0,4,0.1789573305204525,34.46875,False,0.0002875457576010376
1t6b__A1_P13423--1t6b__B1_P58335,1,3,0,4,0.041260124680762,30.296875,False,0.09290513396263123
1t6b__A1_P13423--1t6b__B1_P58335,2,4,2,4,0.0861722102126889,29.859375,False,0.049872513860464096
1t6b__A1_P13423--1t6b__B1_P58335,3,4,3,4,0.0580479510250479,28.96875,False,0.0049668545834720135
1t6b__A1_P13423--1t6b__B1_P58335,4,3,3,4,0.1033438365939373,28.84375,False,0.04013471677899361
1t6b__A1_P13423--1t6b__B1_P58335,5,4,0,4,0.0422343312673364,28.578125,False,0.012405429035425186
1t6b__A1_P13423--1t6b__B1_P58335,6,5,0,4,0.0377995473071033,28.28125,False,0.049668412655591965
1t6b__A1_P13423--1t6b__B1_P58335,7,5,1,4,0.0734445162306664,28.0625,False,0.009400464594364166
1t6b__A1_P13423--1t6b__B1_P58335,8,4,1,4,0.0674473317071734,27.78125,False,0.0019519615452736616
1t6b__A1_P13423--1t6b__B1_P58335,9,2,2,4,0.0446504582930789,27.578125,False,0.0032386051025241613
1t6b__A1_P13423--1t6b__B1_P58335,10,2,1,4,0.0871656332272122,27.015625,False,0.2704334557056427
1t6b__A1_P13423--1t6b__B1_P58335,11,5,3,4,0.0759212096639001,25.75,False,0.021901289001107216
1t6b__A1_P13423--1t6b__B1_P58335,12,2,0,4,0.0685255447113765,25.65625,False,0.09049805253744125
1t6b__A1_P13423--1t6b__B1_P58335,13,1,0,4,0.0652625155433662,25.4375,False,0.03269943967461586
1t6b__A1_P13423--1t6b__B1_P58335,14,3,1,4,0.0875610353524308,25.25,False,0.0031450733076781034
1t6b__A1_P13423--1t6b__B1_P58335,15,1,2,4,0.0888353236267912,24.46875,False,0.054534174501895905
1t6b__A1_P13423--1t6b__B1_P58335,16,2,3,4,0.0868133745525157,24.390625,False,0.045230671763420105
1t6b__A1_P13423--1t6b__B1_P58335,17,3,2,4,0.039512535936322,24.28125,False,0.1523081213235855
1t6b__A1_P13423--1t6b__B1_P58335,18,1,1,4,0.0552671609481615,24.03125,False,0.019886372610926628
1t6b__A1_P13423--1t6b__B1_P58335,19,5,2,4,0.0406231235205811,23.65625,False,0.05035827308893204
1t6b__A1_P13423--1t6b__B1_P58335,20,1,3,4,0.07887928071691,23.484375,False,0.06610072404146194
1t6l__A1_P16790--1t6l__A2_P16790,1,1,2,0,0.3610030019593815,41.09375,True,0.3898331820964813
1t6l__A1_P16790--1t6l__A2_P16790,2,4,3,0,0.2789424967174275,36.53125,True,0.001067548873834312
1t6l__A1_P16790--1t6l__A2_P16790,3,3,3,0,0.3194933136056302,34.59375,True,0.2154003530740738
1t6l__A1_P16790--1t6l__A2_P16790,4,5,2,0,0.2108437933892956,26.21875,False,0.5806134343147278
1t6l__A1_P16790--1t6l__A2_P16790,5,4,2,0,0.1968917573507296,22.25,False,0.662960946559906
1t6l__A1_P16790--1t6l__A2_P16790,6,5,0,0,0.2494045321162363,21.59375,True,0.0009705302072688937
1t6l__A1_P16790--1t6l__A2_P16790,7,2,3,0,0.2474085328273347,21.28125,True,0.07258324325084686
1t6l__A1_P16790--1t6l__A2_P16790,8,3,0,0,0.3017937050453949,21.0625,True,0.9098806977272034
1t6l__A1_P16790--1t6l__A2_P16790,9,5,1,0,0.2932752019818403,20.78125,True,0.00010009291872847825
1t6l__A1_P16790--1t6l__A2_P16790,10,2,0,0,0.1727916780688227,20.578125,False,0.05488418787717819
1t6l__A1_P16790--1t6l__A2_P16790,11,1,0,0,0.133779307559196,19.28125,False,0.031170979142189026
1t6l__A1_P16790--1t6l__A2_P16790,12,3,1,0,0.1214271192501843,18.109375,False,0.2451164424419403
1t6l__A1_P16790--1t6l__A2_P16790,13,4,1,0,0.0322573417627538,17.546875,False,0.023123016580939293
1t6l__A1_P16790--1t6l__A2_P16790,14,5,3,0,0.0466052567849718,15.734375,False,0.03258175030350685
1t6l__A1_P16790--1t6l__A2_P16790,15,3,2,0,0.1157633208549703,15.515625,False,0.17936307191848755
1t6l__A1_P16790--1t6l__A2_P16790,16,1,1,0,0.0164181181998058,14.6953125,False,0.08106623589992523
1t6l__A1_P16790--1t6l__A2_P16790,17,2,1,0,0.0658284495167863,14.3671875,False,0.07306819409132004
1t6l__A1_P16790--1t6l__A2_P16790,18,1,3,0,0.0193379735264087,14.03125,False,0.00683912169188261
1t6l__A1_P16790--1t6l__A2_P16790,19,2,2,0,0.0181781722186593,13.0546875,False,0.05217114835977554
1t6l__A1_P16790--1t6l__A2_P16790,20,4,0,0,0.0165496343561558,12.78125,False,0.005381869152188301
1tej__B1_P0C6B5--1tej__A1_P0C6B4,1,4,3,4,0.8133840523680179,80.0625,True,0.8934850096702576
1tej__B1_P0C6B5--1tej__A1_P0C6B4,2,4,2,4,0.8284310544585732,79.75,True,0.8934850096702576
1tej__B1_P0C6B5--1tej__A1_P0C6B4,3,4,0,4,0.8240239358872327,79.625,True,0.8934850096702576
1tej__B1_P0C6B5--1tej__A1_P0C6B4,4,4,1,4,0.8243697623483207,79.625,True,0.8934850096702576
1tej__B1_P0C6B5--1tej__A1_P0C6B4,5,5,0,4,0.810805910903866,79.25,True,0.8716493844985962
1tej__B1_P0C6B5--1tej__A1_P0C6B4,6,5,3,4,0.8003311090620634,79.125,True,0.8716493844985962
1tej__B1_P0C6B5--1tej__A1_P0C6B4,7,5,1,4,0.8028572321991011,78.9375,True,0.8716493844985962
1tej__B1_P0C6B5--1tej__A1_P0C6B4,8,2,1,4,0.8901567118469896,78.6875,True,0.8809434771537781
1tej__B1_P0C6B5--1tej__A1_P0C6B4,9,2,3,4,0.8841555182005963,78.5625,True,0.8809434771537781
1tej__B1_P0C6B5--1tej__A1_P0C6B4,10,2,0,4,0.8864952132872704,78.5,True,0.8809434771537781
1tej__B1_P0C6B5--1tej__A1_P0C6B4,11,2,2,4,0.892270838610053,78.4375,True,0.8809434771537781
1tej__B1_P0C6B5--1tej__A1_P0C6B4,12,5,2,4,0.8200538832161787,78.375,True,0.8716493844985962
1tej__B1_P0C6B5--1tej__A1_P0C6B4,13,1,1,4,0.8509994176940231,78.3125,True,0.9025546312332153
1tej__B1_P0C6B5--1tej__A1_P0C6B4,14,1,3,4,0.8379445216156648,78.125,True,0.8822190165519714
1tej__B1_P0C6B5--1tej__A1_P0C6B4,15,1,0,4,0.8486892483150491,78.125,True,0.9106760025024414
1tej__B1_P0C6B5--1tej__A1_P0C6B4,16,1,2,4,0.8499185820561692,77.875,True,0.9025546312332153
1tej__B1_P0C6B5--1tej__A1_P0C6B4,17,3,2,4,0.8418066344116825,76.0625,True,0.8716493844985962
1tej__B1_P0C6B5--1tej__A1_P0C6B4,18,3,1,4,0.8439656969462711,75.8125,True,0.8716493844985962
1tej__B1_P0C6B5--1tej__A1_P0C6B4,19,3,0,4,0.8472099787803402,75.75,True,0.8716493844985962
1tej__B1_P0C6B5--1tej__A1_P0C6B4,20,3,3,4,0.8424716436069373,75.3125,True,0.8716493844985962
1tf0__A1_P02768--1tf0__B1_Q51911,1,5,1,0,0.8599519092712029,94.875,True,0.9303864240646362
1tf0__A1_P02768--1tf0__B1_Q51911,2,5,3,0,0.8597976550473138,94.75,True,0.9303864240646362
1tf0__A1_P02768--1tf0__B1_Q51911,3,5,2,0,0.8619076420290083,94.6875,True,0.9303864240646362
1tf0__A1_P02768--1tf0__B1_Q51911,4,1,0,0,0.878346425605636,94.625,True,0.9407062530517578
1tf0__A1_P02768--1tf0__B1_Q51911,5,2,0,0,0.8673733946863798,94.625,True,0.9288045763969421
1tf0__A1_P02768--1tf0__B1_Q51911,6,5,0,0,0.8615057618651504,94.625,True,0.9303864240646362
1tf0__A1_P02768--1tf0__B1_Q51911,7,2,1,0,0.8699854506573937,94.4375,True,0.9052255153656006
1tf0__A1_P02768--1tf0__B1_Q51911,8,1,1,0,0.8692312216158894,94.3125,True,0.9052255153656006
1tf0__A1_P02768--1tf0__B1_Q51911,9,4,1,0,0.8570694332725827,94.3125,True,0.9303864240646362
1tf0__A1_P02768--1tf0__B1_Q51911,10,3,1,0,0.8670142596479747,94.25,True,0.9052255153656006
1tf0__A1_P02768--1tf0__B1_Q51911,11,1,2,0,0.8679710465609783,94.125,True,0.9052255153656006
1tf0__A1_P02768--1tf0__B1_Q51911,12,4,0,0,0.856565778966598,94.125,True,0.9478253722190857
1tf0__A1_P02768--1tf0__B1_Q51911,13,3,3,0,0.8661155564764824,94.125,True,0.9052255153656006
1tf0__A1_P02768--1tf0__B1_Q51911,14,4,3,0,0.8538490177586091,94.0625,True,0.9478253722190857
1tf0__A1_P02768--1tf0__B1_Q51911,15,2,2,0,0.8695660060849707,93.9375,True,0.9052255153656006
1tf0__A1_P02768--1tf0__B1_Q51911,16,3,2,0,0.861018353515416,93.9375,True,0.9478253722190857
1tf0__A1_P02768--1tf0__B1_Q51911,17,3,0,0,0.8615590860061758,93.9375,True,0.9303864240646362
1tf0__A1_P02768--1tf0__B1_Q51911,18,4,2,0,0.8565467895573168,93.875,True,0.9478253722190857
1tf0__A1_P02768--1tf0__B1_Q51911,19,1,3,0,0.8736590597183822,93.6875,True,0.9272498488426208
1tf0__A1_P02768--1tf0__B1_Q51911,20,2,3,0,0.8646561568487305,93.4375,True,0.9303864240646362
1tj7__A1_P11447--1tj7__B1_P11447,1,4,3,2,0.0251540870247101,87.625,False,0.0011831873562186956
1tj7__A1_P11447--1tj7__B1_P11447,2,4,0,2,0.0208539560536907,87.5,False,0.001659434288740158
1tj7__A1_P11447--1tj7__B1_P11447,3,4,2,2,0.0251507012137512,87.0,False,0.0017990745836868882
1tj7__A1_P11447--1tj7__B1_P11447,4,4,1,2,0.0251562571857713,86.25,False,0.0010763459140434861
1tj7__A1_P11447--1tj7__B1_P11447,5,5,3,2,0.009008039331964,84.6875,False,1.0
1tj7__A1_P11447--1tj7__B1_P11447,6,5,0,2,0.0090176225573507,84.375,False,1.0
1tj7__A1_P11447--1tj7__B1_P11447,7,1,3,2,0.0251521192498786,84.125,False,0.004102434031665325
1tj7__A1_P11447--1tj7__B1_P11447,8,1,1,2,0.0251549848921585,83.0,False,0.01042797788977623
1tj7__A1_P11447--1tj7__B1_P11447,9,5,2,2,0.0090084163185668,82.9375,False,1.0
1tj7__A1_P11447--1tj7__B1_P11447,10,1,2,2,0.0208703022177642,82.5625,False,0.004876782651990652
1tj7__A1_P11447--1tj7__B1_P11447,11,2,1,2,0.0208507141378404,80.9375,False,0.005412280093878508
1tj7__A1_P11447--1tj7__B1_P11447,12,1,0,2,0.0229949461132906,80.625,False,0.004109090194106102
1tj7__A1_P11447--1tj7__B1_P11447,13,2,3,2,0.0208063613561845,80.375,False,0.005546520464122295
1tj7__A1_P11447--1tj7__B1_P11447,14,5,1,2,0.6860411335468531,79.375,True,0.0021619866602122784
1tj7__A1_P11447--1tj7__B1_P11447,15,2,2,2,0.0251747335608558,76.1875,False,0.002634996548295021
1tj7__A1_P11447--1tj7__B1_P11447,16,3,3,2,0.0090186355932331,75.8125,False,1.0
1tj7__A1_P11447--1tj7__B1_P11447,17,3,0,2,0.0090243376168029,75.4375,False,1.0
1tj7__A1_P11447--1tj7__B1_P11447,18,3,2,2,0.0090152863298344,75.3125,False,1.0
1tj7__A1_P11447--1tj7__B1_P11447,19,3,1,2,0.0090194805976182,74.75,False,1.0
1tj7__A1_P11447--1tj7__B1_P11447,20,2,0,2,0.6695871721036664,55.3125,True,0.0027936752885580063
1ujw__A1_P06129--1ujw__B1_P00646,1,5,0,1,0.8470985296867936,90.25,True,0.9454919695854187
1ujw__A1_P06129--1ujw__B1_P00646,2,5,1,1,0.8448851805274148,90.0625,True,0.9415991306304932
1ujw__A1_P06129--1ujw__B1_P00646,3,4,0,1,0.8465662736039873,89.8125,True,0.9475101828575134
1ujw__A1_P06129--1ujw__B1_P00646,4,4,1,1,0.8416270919006975,89.375,True,0.9263138175010681
1ujw__A1_P06129--1ujw__B1_P00646,5,5,2,1,0.8425490338372024,89.25,True,0.9000741243362427
1ujw__A1_P06129--1ujw__B1_P00646,6,4,3,1,0.8312787751361187,89.1875,True,0.9382472634315491
1ujw__A1_P06129--1ujw__B1_P00646,7,1,0,1,0.8412537664290715,89.0,True,0.9230282306671143
1ujw__A1_P06129--1ujw__B1_P00646,8,5,3,1,0.8293413016808043,88.75,True,0.9248113036155701
1ujw__A1_P06129--1ujw__B1_P00646,9,2,3,1,0.828869537328694,87.9375,True,0.900439441204071
1ujw__A1_P06129--1ujw__B1_P00646,10,2,0,1,0.8425950726267543,87.9375,True,0.8790611624717712
1ujw__A1_P06129--1ujw__B1_P00646,11,4,2,1,0.7555870596681965,87.75,True,0.863223135471344
1ujw__A1_P06129--1ujw__B1_P00646,12,3,2,1,0.8353195234643973,87.6875,True,0.9483166337013245
1ujw__A1_P06129--1ujw__B1_P00646,13,1,3,1,0.8162230655649617,87.5,True,0.8597490787506104
1ujw__A1_P06129--1ujw__B1_P00646,14,1,1,1,0.81449598980962,87.25,True,0.881088376045227
1ujw__A1_P06129--1ujw__B1_P00646,15,3,0,1,0.7776617607530488,86.8125,True,0.8037233948707581
1ujw__A1_P06129--1ujw__B1_P00646,16,1,2,1,0.8034408114999095,86.625,True,0.7946359515190125
1ujw__A1_P06129--1ujw__B1_P00646,17,3,3,1,0.8268415236484467,86.25,True,0.8076992034912109
1ujw__A1_P06129--1ujw__B1_P00646,18,2,2,1,0.8079378629848417,85.8125,True,0.7331426739692688
1ujw__A1_P06129--1ujw__B1_P00646,19,2,1,1,0.8105196139056862,85.75,True,0.831933319568634
1ujw__A1_P06129--1ujw__B1_P00646,20,3,1,1,0.7181760705805885,84.4375,True,0.7343641519546509
1v5v__A1_O58888--1v5v__B1_O58888,1,1,1,4,0.801073856130179,91.3125,True,0.9259376525878906
1v5v__A1_O58888--1v5v__B1_O58888,2,1,0,4,0.393049161517741,85.8125,True,0.020122990012168884
1v5v__A1_O58888--1v5v__B1_O58888,3,3,2,4,0.5158549693070005,85.5625,True,0.9999992847442627
1v5v__A1_O58888--1v5v__B1_O58888,4,3,1,4,0.5639463777930067,84.6875,True,0.8451037406921387
1v5v__A1_O58888--1v5v__B1_O58888,5,1,2,4,0.4228907538309499,83.5,True,0.9943700432777405
1v5v__A1_O58888--1v5v__B1_O58888,6,3,0,4,0.4418818756744007,83.0625,True,0.005632518790662289
1v5v__A1_O58888--1v5v__B1_O58888,7,3,3,4,0.5047275113412993,82.6875,True,0.9999990463256836
1v5v__A1_O58888--1v5v__B1_O58888,8,2,3,4,0.3801047191291815,82.6875,True,0.9999171495437622
1v5v__A1_O58888--1v5v__B1_O58888,9,2,2,4,0.4154197519603111,82.625,True,0.9999973773956299
1v5v__A1_O58888--1v5v__B1_O58888,10,5,3,4,0.54755190611391,82.375,True,0.9997612833976746
1v5v__A1_O58888--1v5v__B1_O58888,11,1,3,4,0.4231486109881459,82.3125,True,0.9998960494995117
1v5v__A1_O58888--1v5v__B1_O58888,12,5,2,4,0.5033511695634126,80.9375,True,0.9999822378158569
1v5v__A1_O58888--1v5v__B1_O58888,13,5,1,4,0.5106843309315238,80.4375,True,0.999976634979248
1v5v__A1_O58888--1v5v__B1_O58888,14,4,0,4,0.4409907757959765,80.0625,True,0.9852491021156311
1v5v__A1_O58888--1v5v__B1_O58888,15,2,1,4,0.4706911751439149,79.875,True,0.9999998807907104
1v5v__A1_O58888--1v5v__B1_O58888,16,2,0,4,0.4787922883310156,78.625,True,0.9999977350234985
1v5v__A1_O58888--1v5v__B1_O58888,17,5,0,4,0.3667985524911549,78.5,True,0.16792911291122437
1v5v__A1_O58888--1v5v__B1_O58888,18,4,2,4,0.4288161958336614,77.1875,True,0.9999974966049194
1v5v__A1_O58888--1v5v__B1_O58888,19,4,1,4,0.3472495330344982,76.25,True,0.622260570526123
1v5v__A1_O58888--1v5v__B1_O58888,20,4,3,4,0.4298241911823043,72.0,True,0.9999778270721436
1vc1__A1_Q9X1F5--1vc1__B1_Q9X1F5,1,5,3,3,0.906277161243982,87.75,True,0.9999988079071045
1vc1__A1_Q9X1F5--1vc1__B1_Q9X1F5,2,5,0,3,0.904892964286588,87.5625,True,0.9999773502349854
1vc1__A1_Q9X1F5--1vc1__B1_Q9X1F5,3,5,1,3,0.9045658793979374,87.5,True,0.9999988079071045
1vc1__A1_Q9X1F5--1vc1__B1_Q9X1F5,4,5,2,3,0.9100898872844142,86.5625,True,0.999996542930603
1vc1__A1_Q9X1F5--1vc1__B1_Q9X1F5,5,3,1,3,0.8262657534126531,86.375,True,0.9648638963699341
1vc1__A1_Q9X1F5--1vc1__B1_Q9X1F5,6,3,2,3,0.8805209609277688,85.3125,True,0.9999898672103882
1vc1__A1_Q9X1F5--1vc1__B1_Q9X1F5,7,2,3,3,0.9074020812607224,85.25,True,0.9999978542327881
1vc1__A1_Q9X1F5--1vc1__B1_Q9X1F5,8,2,0,3,0.9152174632106728,83.625,True,0.9999988079071045
1vc1__A1_Q9X1F5--1vc1__B1_Q9X1F5,9,2,2,3,0.9174139633596148,83.3125,True,0.9999988079071045
1vc1__A1_Q9X1F5--1vc1__B1_Q9X1F5,10,3,3,3,0.8668502284777663,82.8125,True,0.9999898672103882
1vc1__A1_Q9X1F5--1vc1__B1_Q9X1F5,11,2,1,3,0.9160109354201862,82.6875,True,0.9999988079071045
1vc1__A1_Q9X1F5--1vc1__B1_Q9X1F5,12,4,0,3,0.8734283101294859,79.375,True,0.9995427131652832
1vc1__A1_Q9X1F5--1vc1__B1_Q9X1F5,13,1,1,3,0.8846734755345135,78.375,True,0.9999886751174927
1vc1__A1_Q9X1F5--1vc1__B1_Q9X1F5,14,1,0,3,0.8474776768293412,77.875,True,0.9960404634475708
1vc1__A1_Q9X1F5--1vc1__B1_Q9X1F5,15,4,2,3,0.9079442564808572,77.375,True,0.999996542930603
1vc1__A1_Q9X1F5--1vc1__B1_Q9X1F5,16,4,3,3,0.9286237645090332,77.3125,True,0.9999997615814209
1vc1__A1_Q9X1F5--1vc1__B1_Q9X1F5,17,1,2,3,0.8117413077057772,74.3125,True,0.9775545597076416
1vc1__A1_Q9X1F5--1vc1__B1_Q9X1F5,18,1,3,3,0.7441645302217884,72.6875,True,0.9911026954650879
1vc1__A1_Q9X1F5--1vc1__B1_Q9X1F5,19,4,1,3,0.8225372912795373,62.8125,True,1.0
1vc1__A1_Q9X1F5--1vc1__B1_Q9X1F5,20,3,0,3,0.0734336730823427,51.125,False,0.029089827090501785
1vf6__A1_Q8NI35--1vf6__C1_Q9JLB2,1,5,0,3,0.8263850762211051,82.0,True,0.8113496899604797
1vf6__A1_Q8NI35--1vf6__C1_Q9JLB2,2,5,2,3,0.8161533194964967,81.8125,True,0.8220665454864502
1vf6__A1_Q8NI35--1vf6__C1_Q9JLB2,3,5,1,3,0.8307405089663762,81.6875,True,0.7923194766044617
1vf6__A1_Q8NI35--1vf6__C1_Q9JLB2,4,2,1,3,0.8361459747960417,81.375,True,0.7392779588699341
1vf6__A1_Q8NI35--1vf6__C1_Q9JLB2,5,5,3,3,0.828881227476976,81.3125,True,0.6950058937072754
1vf6__A1_Q8NI35--1vf6__C1_Q9JLB2,6,2,3,3,0.8394749390075278,81.3125,True,0.7392398715019226
1vf6__A1_Q8NI35--1vf6__C1_Q9JLB2,7,2,0,3,0.8409241363087233,81.125,True,0.7325863838195801
1vf6__A1_Q8NI35--1vf6__C1_Q9JLB2,8,2,2,3,0.8374885931217154,80.875,True,0.7392398715019226
1vf6__A1_Q8NI35--1vf6__C1_Q9JLB2,9,1,3,3,0.7967667509185646,80.5,True,0.8205029368400574
1vf6__A1_Q8NI35--1vf6__C1_Q9JLB2,10,1,1,3,0.794985177228531,80.25,True,0.8038315773010254
1vf6__A1_Q8NI35--1vf6__C1_Q9JLB2,11,4,1,3,0.8110797395241601,80.1875,True,0.7807194590568542
1vf6__A1_Q8NI35--1vf6__C1_Q9JLB2,12,1,0,3,0.7956832805344963,79.875,True,0.8029812574386597
1vf6__A1_Q8NI35--1vf6__C1_Q9JLB2,13,4,3,3,0.7911617583828034,79.75,True,0.7857370376586914
1vf6__A1_Q8NI35--1vf6__C1_Q9JLB2,14,3,1,3,0.8252410737000074,79.6875,True,0.7687647342681885
1vf6__A1_Q8NI35--1vf6__C1_Q9JLB2,15,1,2,3,0.7948124596568853,79.5625,True,0.8374250531196594
1vf6__A1_Q8NI35--1vf6__C1_Q9JLB2,16,4,0,3,0.805729314486137,79.5625,True,0.7987329363822937
1vf6__A1_Q8NI35--1vf6__C1_Q9JLB2,17,3,3,3,0.8225087726174348,79.5,True,0.7671868205070496
1vf6__A1_Q8NI35--1vf6__C1_Q9JLB2,18,4,2,3,0.7967850123040877,79.4375,True,0.7777495384216309
1vf6__A1_Q8NI35--1vf6__C1_Q9JLB2,19,3,0,3,0.8315616770152593,79.125,True,0.7713228464126587
1vf6__A1_Q8NI35--1vf6__C1_Q9JLB2,20,3,2,3,0.8227446202116009,78.875,True,0.7795097231864929
1vp7__B1_Q7VV85--1vp7__A1_Q7VV85,1,5,2,0,0.8154258714859747,86.1875,True,0.9690279960632324
1vp7__B1_Q7VV85--1vp7__A1_Q7VV85,2,3,2,0,0.8811847478639644,86.1875,True,0.9970652461051941
1vp7__B1_Q7VV85--1vp7__A1_Q7VV85,3,2,2,0,0.804842340927061,86.1875,True,0.932790994644165
1vp7__B1_Q7VV85--1vp7__A1_Q7VV85,4,1,0,0,0.8059917716172399,86.0625,True,0.9641318917274475
1vp7__B1_Q7VV85--1vp7__A1_Q7VV85,5,2,0,0,0.8236004966573812,86.0,True,0.9306642413139343
1vp7__B1_Q7VV85--1vp7__A1_Q7VV85,6,2,3,0,0.8078975209402827,86.0,True,0.9368504881858826
1vp7__B1_Q7VV85--1vp7__A1_Q7VV85,7,1,3,0,0.8155878903059247,86.0,True,0.9593105912208557
1vp7__B1_Q7VV85--1vp7__A1_Q7VV85,8,3,0,0,0.8786657171447398,86.0,True,0.9974126219749451
1vp7__B1_Q7VV85--1vp7__A1_Q7VV85,9,1,2,0,0.8015890744669214,85.875,True,0.9487634897232056
1vp7__B1_Q7VV85--1vp7__A1_Q7VV85,10,5,3,0,0.8186900096267707,85.75,True,0.9777160286903381
1vp7__B1_Q7VV85--1vp7__A1_Q7VV85,11,3,1,0,0.8830452904683503,85.625,True,0.9974299073219299
1vp7__B1_Q7VV85--1vp7__A1_Q7VV85,12,2,1,0,0.8103458485123332,85.625,True,0.8405182957649231
1vp7__B1_Q7VV85--1vp7__A1_Q7VV85,13,1,1,0,0.8069957456887084,85.625,True,0.9487634897232056
1vp7__B1_Q7VV85--1vp7__A1_Q7VV85,14,5,1,0,0.8690312443571924,85.625,True,0.9992042183876038
1vp7__B1_Q7VV85--1vp7__A1_Q7VV85,15,5,0,0,0.8683995846748896,85.5625,True,0.9990496039390564
1vp7__B1_Q7VV85--1vp7__A1_Q7VV85,16,4,0,0,0.9031419613459288,85.5625,True,0.9980935454368591
1vp7__B1_Q7VV85--1vp7__A1_Q7VV85,17,3,3,0,0.8882941556340859,85.5625,True,0.9975873231887817
1vp7__B1_Q7VV85--1vp7__A1_Q7VV85,18,4,1,0,0.8985198784300148,85.375,True,0.9982166886329651
1vp7__B1_Q7VV85--1vp7__A1_Q7VV85,19,4,2,0,0.9045460734651992,85.375,True,0.9982166886329651
1vp7__B1_Q7VV85--1vp7__A1_Q7VV85,20,4,3,0,0.903684183172787,85.3125,True,0.9982166886329651
1x3w__A1_Q02890--1x3w__B1_P32628,1,1,0,0,0.5632389870291314,89.0,True,0.0001498395431553945
1x3w__A1_Q02890--1x3w__B1_P32628,2,1,2,0,0.5719596959437975,88.875,True,0.00019500531197991222
1x3w__A1_Q02890--1x3w__B1_P32628,3,2,3,0,0.5739487689567427,88.1875,True,2.461825897626113e-05
1x3w__A1_Q02890--1x3w__B1_P32628,4,2,0,0,0.57447096522874,86.5,True,2.461825897626113e-05
1x3w__A1_Q02890--1x3w__B1_P32628,5,4,2,0,0.374441155879198,49.75,True,0.2441803216934204
1x3w__A1_Q02890--1x3w__B1_P32628,6,4,1,0,0.2181893754447272,44.8125,False,0.07449217140674591
1x3w__A1_Q02890--1x3w__B1_P32628,7,3,2,0,0.3375363800504722,44.03125,True,0.29595065116882324
1x3w__A1_Q02890--1x3w__B1_P32628,8,3,1,0,0.3886215033619882,43.65625,True,0.43578317761421204
1x3w__A1_Q02890--1x3w__B1_P32628,9,4,3,0,0.3478620023305903,43.625,True,0.13840138912200928
1x3w__A1_Q02890--1x3w__B1_P32628,10,4,0,0,0.2771493541409133,43.5625,True,6.351152842398733e-05
1x3w__A1_Q02890--1x3w__B1_P32628,11,3,0,0,0.1761566167961823,42.75,False,0.029520224779844284
1x3w__A1_Q02890--1x3w__B1_P32628,12,5,0,0,0.173147588557093,42.71875,False,0.05931679531931877
1x3w__A1_Q02890--1x3w__B1_P32628,13,3,3,0,0.155600651115355,42.5625,False,0.0804150328040123
1x3w__A1_Q02890--1x3w__B1_P32628,14,1,1,0,0.3455722304629909,42.40625,True,0.3734762668609619
1x3w__A1_Q02890--1x3w__B1_P32628,15,5,1,0,0.3002960393400556,42.34375,True,0.040650032460689545
1x3w__A1_Q02890--1x3w__B1_P32628,16,1,3,0,0.312265015325795,41.90625,True,0.16407880187034607
1x3w__A1_Q02890--1x3w__B1_P32628,17,5,3,0,0.2613799581183247,41.875,True,0.08356264978647232
1x3w__A1_Q02890--1x3w__B1_P32628,18,2,1,0,0.2479102401921435,40.90625,True,0.13175450265407562
1x3w__A1_Q02890--1x3w__B1_P32628,19,2,2,0,0.1485090499541847,40.5,False,0.07249515503644943
1x3w__A1_Q02890--1x3w__B1_P32628,20,5,2,0,0.2071884900674674,40.34375,False,0.016094423830509186
1xsv__A1_P67248--1xsv__B1_P67248,1,1,1,4,0.774596053778201,67.6875,True,0.9988558292388916
1xsv__A1_P67248--1xsv__B1_P67248,2,1,0,4,0.7811763271305933,67.375,True,0.9974007606506348
1xsv__A1_P67248--1xsv__B1_P67248,3,1,2,4,0.7565229835913433,66.875,True,0.9992407560348511
1xsv__A1_P67248--1xsv__B1_P67248,4,5,2,4,0.7302009912020883,65.6875,True,0.9973512887954712
1xsv__A1_P67248--1xsv__B1_P67248,5,5,1,4,0.7406145610718881,65.6875,True,0.9648094177246094
1xsv__A1_P67248--1xsv__B1_P67248,6,1,3,4,0.7216499294640698,64.875,True,0.7277921438217163
1xsv__A1_P67248--1xsv__B1_P67248,7,5,3,4,0.7360175014311489,64.5625,True,0.9648094177246094
1xsv__A1_P67248--1xsv__B1_P67248,8,5,0,4,0.7371060154471826,62.875,True,0.9908486604690552
1xsv__A1_P67248--1xsv__B1_P67248,9,4,3,4,0.7682763252795127,57.375,True,0.9937752485275269
1xsv__A1_P67248--1xsv__B1_P67248,10,2,3,4,0.6892630910826986,56.0625,True,0.9971230626106262
1xsv__A1_P67248--1xsv__B1_P67248,11,4,2,4,0.7700310688737434,55.34375,True,0.9937752485275269
1xsv__A1_P67248--1xsv__B1_P67248,12,2,2,4,0.6749906107874099,51.5,True,0.9929353594779968
1xsv__A1_P67248--1xsv__B1_P67248,13,4,1,4,0.7639495489660105,50.8125,True,0.9937752485275269
1xsv__A1_P67248--1xsv__B1_P67248,14,4,0,4,0.7609571125723478,48.40625,True,0.9848489165306091
1xsv__A1_P67248--1xsv__B1_P67248,15,2,0,4,0.6709238163764812,45.90625,True,0.9939084053039551
1xsv__A1_P67248--1xsv__B1_P67248,16,2,1,4,0.6695321230298372,44.1875,True,0.9954397082328796
1xsv__A1_P67248--1xsv__B1_P67248,17,3,3,4,0.7533785983212038,35.96875,True,0.9946957230567932
1xsv__A1_P67248--1xsv__B1_P67248,18,3,1,4,0.7397362977766958,34.21875,True,0.9955860376358032
1xsv__A1_P67248--1xsv__B1_P67248,19,3,0,4,0.7354783333077153,32.34375,True,0.9994608759880066
1xsv__A1_P67248--1xsv__B1_P67248,20,3,2,4,0.7365513511759431,32.21875,True,0.9990242719650269
1yt5__A1_Q9X255--1yt5__D1_Q9X255,1,1,1,4,0.0121181521907579,90.375,False,0.9513649344444275
1yt5__A1_Q9X255--1yt5__D1_Q9X255,2,5,1,4,0.0367993971016604,89.1875,False,0.7183592915534973
1yt5__A1_Q9X255--1yt5__D1_Q9X255,3,5,2,4,0.0491355416994905,88.25,False,0.9074724316596985
1yt5__A1_Q9X255--1yt5__D1_Q9X255,4,1,0,4,0.0491845054543362,88.0,False,0.947291910648346
1yt5__A1_Q9X255--1yt5__D1_Q9X255,5,5,0,4,0.0491255855299257,87.9375,False,0.860378086566925
1yt5__A1_Q9X255--1yt5__D1_Q9X255,6,5,3,4,0.0429408755952775,87.125,False,0.8176319599151611
1yt5__A1_Q9X255--1yt5__D1_Q9X255,7,1,2,4,0.0429301849959673,87.0,False,0.9674774408340454
1yt5__A1_Q9X255--1yt5__D1_Q9X255,8,2,1,4,0.0245130795144116,85.625,False,0.9670833945274353
1yt5__A1_Q9X255--1yt5__D1_Q9X255,9,1,3,4,0.0430339140463517,83.8125,False,0.9689275026321411
1yt5__A1_Q9X255--1yt5__D1_Q9X255,10,2,2,4,0.0369891955368145,82.8125,False,0.9188675880432129
1yt5__A1_Q9X255--1yt5__D1_Q9X255,11,2,0,4,0.0369258792655075,82.8125,False,0.9813758134841919
1yt5__A1_Q9X255--1yt5__D1_Q9X255,12,2,3,4,0.0246481166674029,78.1875,False,0.985425591468811
1yt5__A1_Q9X255--1yt5__D1_Q9X255,13,4,1,4,0.0371521544564662,68.625,False,0.9620700478553772
1yt5__A1_Q9X255--1yt5__D1_Q9X255,14,3,2,4,0.0492520305108914,66.1875,False,0.9825069308280945
1yt5__A1_Q9X255--1yt5__D1_Q9X255,15,3,3,4,0.0367718222708232,64.25,False,0.9591580033302307
1yt5__A1_Q9X255--1yt5__D1_Q9X255,16,4,2,4,0.0496822107032377,60.59375,False,0.9640328288078308
1yt5__A1_Q9X255--1yt5__D1_Q9X255,17,4,3,4,0.0496455620950173,60.125,False,0.9646191596984863
1yt5__A1_Q9X255--1yt5__D1_Q9X255,18,3,0,4,0.0371262089989975,57.25,False,0.9666315913200378
1yt5__A1_Q9X255--1yt5__D1_Q9X255,19,3,1,4,0.0370868390147455,56.75,False,0.9811928272247314
1yt5__A1_Q9X255--1yt5__D1_Q9X255,20,4,0,4,0.0497224295148977,55.375,False,0.975090742111206
1z77__A1_Q9X0C0--1z77__A2_Q9X0C0,1,5,2,4,0.2755111913881322,67.1875,True,0.9999443292617798
1z77__A1_Q9X0C0--1z77__A2_Q9X0C0,2,1,2,4,0.0819532992579619,64.3125,False,0.007184013724327087
1z77__A1_Q9X0C0--1z77__A2_Q9X0C0,3,1,0,4,0.0746114066526959,58.125,False,0.8543511033058167
1z77__A1_Q9X0C0--1z77__A2_Q9X0C0,4,1,3,4,0.0711724669767923,55.09375,False,0.3577044606208801
1z77__A1_Q9X0C0--1z77__A2_Q9X0C0,5,1,1,4,0.0791109624823976,52.3125,False,0.1433923989534378
1z77__A1_Q9X0C0--1z77__A2_Q9X0C0,6,5,1,4,0.2445252155186413,44.90625,True,0.9998340606689453
1z77__A1_Q9X0C0--1z77__A2_Q9X0C0,7,5,0,4,0.1974940795360764,43.59375,False,0.9886566400527954
1z77__A1_Q9X0C0--1z77__A2_Q9X0C0,8,2,2,4,0.1547574008537015,42.03125,False,0.4067767858505249
1z77__A1_Q9X0C0--1z77__A2_Q9X0C0,9,4,1,4,0.0281810384554918,37.71875,False,0.0015556634170934558
1z77__A1_Q9X0C0--1z77__A2_Q9X0C0,10,4,0,4,0.0681143603304449,36.75,False,0.9938752055168152
1z77__A1_Q9X0C0--1z77__A2_Q9X0C0,11,2,1,4,0.1918604255983013,36.125,False,0.7807291746139526
1z77__A1_Q9X0C0--1z77__A2_Q9X0C0,12,2,0,4,0.0703785774468475,35.90625,False,0.9987767338752747
1z77__A1_Q9X0C0--1z77__A2_Q9X0C0,13,4,2,4,0.2807799933823305,34.5625,True,0.3645702600479126
1z77__A1_Q9X0C0--1z77__A2_Q9X0C0,14,4,3,4,0.3370923416172402,33.03125,True,0.5715398192405701
1z77__A1_Q9X0C0--1z77__A2_Q9X0C0,15,3,1,4,0.1732005014585178,31.71875,False,9.6192834462272e-06
1z77__A1_Q9X0C0--1z77__A2_Q9X0C0,16,2,3,4,0.2347808383715066,30.96875,True,0.9935617446899414
1z77__A1_Q9X0C0--1z77__A2_Q9X0C0,17,3,2,4,0.0559034502659016,30.328125,False,0.9707579612731934
1z77__A1_Q9X0C0--1z77__A2_Q9X0C0,18,3,0,4,0.0804194268415853,29.09375,False,0.9727298021316528
1z77__A1_Q9X0C0--1z77__A2_Q9X0C0,19,3,3,4,0.0655349685587387,26.921875,False,0.15614454448223114
1z77__A1_Q9X0C0--1z77__A2_Q9X0C0,20,5,3,4,0.0888729553208065,21.734375,False,0.01611756719648838
1zop__A1_P20701--1zop__B1_P20701,1,4,0,1,0.0077177553906739,71.125,False,0.5595750212669373
1zop__A1_P20701--1zop__B1_P20701,2,4,1,1,0.0075852481108492,70.5625,False,0.8677055835723877
1zop__A1_P20701--1zop__B1_P20701,3,4,3,1,0.0073651017819236,68.8125,False,0.8669374585151672
1zop__A1_P20701--1zop__B1_P20701,4,4,2,1,0.0074854741399511,68.1875,False,0.8364081382751465
1zop__A1_P20701--1zop__B1_P20701,5,1,0,1,0.0055501545403214,43.84375,False,0.371685266494751
1zop__A1_P20701--1zop__B1_P20701,6,1,1,1,0.0056069306404471,39.09375,False,0.35983791947364807
1zop__A1_P20701--1zop__B1_P20701,7,1,2,1,0.0056545840262189,36.625,False,0.2171582579612732
1zop__A1_P20701--1zop__B1_P20701,8,1,3,1,0.0056637506188141,32.84375,False,0.2004885971546173
1zop__A1_P20701--1zop__B1_P20701,9,3,0,1,0.0062189857174072,23.15625,False,0.11603132635354996
1zop__A1_P20701--1zop__B1_P20701,10,3,2,1,0.0060724609549085,22.40625,False,0.328940212726593
1zop__A1_P20701--1zop__B1_P20701,11,5,0,1,0.1264248302094892,21.921875,False,0.23235434293746948
1zop__A1_P20701--1zop__B1_P20701,12,5,1,1,0.1310913163610651,21.046875,False,0.23656366765499115
1zop__A1_P20701--1zop__B1_P20701,13,3,3,1,0.0061183840059077,20.96875,False,0.04529213905334473
1zop__A1_P20701--1zop__B1_P20701,14,5,3,1,0.1303942208964652,20.96875,False,0.3491796553134918
1zop__A1_P20701--1zop__B1_P20701,15,5,2,1,0.1055412610401873,20.1875,False,0.11040765047073364
1zop__A1_P20701--1zop__B1_P20701,16,2,2,1,0.006175786105974,20.15625,False,0.006328337360173464
1zop__A1_P20701--1zop__B1_P20701,17,3,1,1,0.0067729483793499,19.859375,False,0.019578874111175537
1zop__A1_P20701--1zop__B1_P20701,18,2,0,1,0.0724482555165129,19.65625,False,0.06679468601942062
1zop__A1_P20701--1zop__B1_P20701,19,2,3,1,0.0063065996045614,19.0625,False,0.0030374855268746614
1zop__A1_P20701--1zop__B1_P20701,20,2,1,1,0.015723475527695,16.703125,False,0.0621313713490963
1zoq__A1_Q14653--1zoq__B1_Q92793,1,4,1,4,0.732800017010101,88.3125,True,0.9355583190917969
1zoq__A1_Q14653--1zoq__B1_Q92793,2,4,0,4,0.7325474612599692,88.0,True,0.9427509307861328
1zoq__A1_Q14653--1zoq__B1_Q92793,3,4,2,4,0.733863827671177,87.875,True,0.9427509307861328
1zoq__A1_Q14653--1zoq__B1_Q92793,4,3,3,4,0.7451890814482741,87.8125,True,0.9769694805145264
1zoq__A1_Q14653--1zoq__B1_Q92793,5,2,3,4,0.7121428961569617,87.625,True,0.9800963997840881
1zoq__A1_Q14653--1zoq__B1_Q92793,6,3,1,4,0.7481723326935432,87.3125,True,0.9879555702209473
1zoq__A1_Q14653--1zoq__B1_Q92793,7,2,2,4,0.7322237536299885,87.1875,True,0.8986811637878418
1zoq__A1_Q14653--1zoq__B1_Q92793,8,3,0,4,0.7468420314814218,87.1875,True,0.9754191040992737
1zoq__A1_Q14653--1zoq__B1_Q92793,9,5,0,4,0.7242380626743904,86.875,True,0.9199984073638916
1zoq__A1_Q14653--1zoq__B1_Q92793,10,3,2,4,0.7448639179784395,86.875,True,0.9850254654884338
1zoq__A1_Q14653--1zoq__B1_Q92793,11,2,1,4,0.7601945185496537,86.875,True,0.9093104600906372
1zoq__A1_Q14653--1zoq__B1_Q92793,12,5,2,4,0.6834846095607868,86.8125,True,0.9710133671760559
1zoq__A1_Q14653--1zoq__B1_Q92793,13,4,3,4,0.728715429607672,86.8125,True,0.9566004276275635
1zoq__A1_Q14653--1zoq__B1_Q92793,14,5,3,4,0.7201311435996708,86.5625,True,0.9786679148674011
1zoq__A1_Q14653--1zoq__B1_Q92793,15,2,0,4,0.695032504026632,86.25,True,0.9271180033683777
1zoq__A1_Q14653--1zoq__B1_Q92793,16,5,1,4,0.7079987280382177,86.1875,True,0.8989330530166626
1zoq__A1_Q14653--1zoq__B1_Q92793,17,1,3,4,0.7271512292224979,85.1875,True,0.9149222373962402
1zoq__A1_Q14653--1zoq__B1_Q92793,18,1,0,4,0.6911700543408394,85.1875,True,0.9705975651741028
1zoq__A1_Q14653--1zoq__B1_Q92793,19,1,1,4,0.7306677742653666,85.125,True,0.9589157104492188
1zoq__A1_Q14653--1zoq__B1_Q92793,20,1,2,4,0.722144809875771,84.75,True,0.9393534064292908
1zp6__A1_A9CEJ3--1zp6__A2_A9CEJ3,1,3,3,3,0.8207619958199516,89.1875,True,0.9394674301147461
1zp6__A1_A9CEJ3--1zp6__A2_A9CEJ3,2,4,2,3,0.8110724707103634,88.8125,True,0.9280848503112793
1zp6__A1_A9CEJ3--1zp6__A2_A9CEJ3,3,3,2,3,0.8373195434728302,88.8125,True,0.7996222972869873
1zp6__A1_A9CEJ3--1zp6__A2_A9CEJ3,4,4,0,3,0.8283388553539944,88.75,True,0.7950054407119751
1zp6__A1_A9CEJ3--1zp6__A2_A9CEJ3,5,4,3,3,0.8259186285881591,88.625,True,0.8381973505020142
1zp6__A1_A9CEJ3--1zp6__A2_A9CEJ3,6,3,1,3,0.8529993598674261,88.5625,True,0.706596314907074
1zp6__A1_A9CEJ3--1zp6__A2_A9CEJ3,7,1,1,3,0.8269194835680628,88.5625,True,0.9297045469284058
1zp6__A1_A9CEJ3--1zp6__A2_A9CEJ3,8,5,1,3,0.8423597439264118,88.4375,True,0.6821527481079102
1zp6__A1_A9CEJ3--1zp6__A2_A9CEJ3,9,1,3,3,0.8218669218648617,88.375,True,0.9326009750366211
1zp6__A1_A9CEJ3--1zp6__A2_A9CEJ3,10,2,1,3,0.8513361261164304,88.25,True,0.6447746157646179
1zp6__A1_A9CEJ3--1zp6__A2_A9CEJ3,11,3,0,3,0.8218301707551486,88.1875,True,0.9315362572669983
1zp6__A1_A9CEJ3--1zp6__A2_A9CEJ3,12,4,1,3,0.834043282468194,88.0,True,0.8011976480484009
1zp6__A1_A9CEJ3--1zp6__A2_A9CEJ3,13,5,3,3,0.8227125359060722,87.875,True,0.9149817228317261
1zp6__A1_A9CEJ3--1zp6__A2_A9CEJ3,14,1,2,3,0.8185811019156826,87.0,True,0.9348675012588501
1zp6__A1_A9CEJ3--1zp6__A2_A9CEJ3,15,5,0,3,0.8369272545435904,86.4375,True,0.7856065630912781
1zp6__A1_A9CEJ3--1zp6__A2_A9CEJ3,16,5,2,3,0.820930346769886,86.3125,True,0.9325270652770996
1zp6__A1_A9CEJ3--1zp6__A2_A9CEJ3,17,1,0,3,0.8435388152612183,84.875,True,0.7300646901130676
1zp6__A1_A9CEJ3--1zp6__A2_A9CEJ3,18,2,0,3,0.8322063922075146,84.1875,True,0.8125882148742676
1zp6__A1_A9CEJ3--1zp6__A2_A9CEJ3,19,2,3,3,0.846540191302144,84.125,True,0.6565145254135132
1zp6__A1_A9CEJ3--1zp6__A2_A9CEJ3,20,2,2,3,0.842192296069351,80.8125,True,0.6565145254135132
2a1j__B1_P07992--2a1j__A1_Q92889,1,5,1,2,0.8259670552008265,86.4375,True,0.9431584477424622
2a1j__B1_P07992--2a1j__A1_Q92889,2,5,3,2,0.7971188949244059,86.125,True,0.9549920558929443
2a1j__B1_P07992--2a1j__A1_Q92889,3,5,0,2,0.7905836396764788,86.0625,True,0.9458431005477905
2a1j__B1_P07992--2a1j__A1_Q92889,4,5,2,2,0.8215682151562725,85.875,True,0.8989670872688293
2a1j__B1_P07992--2a1j__A1_Q92889,5,4,1,2,0.7817750432102447,85.125,True,0.9373751878738403
2a1j__B1_P07992--2a1j__A1_Q92889,6,4,3,2,0.7732279781005404,85.0,True,0.9253658652305603
2a1j__B1_P07992--2a1j__A1_Q92889,7,4,0,2,0.7794580038813855,84.875,True,0.9373751878738403
2a1j__B1_P07992--2a1j__A1_Q92889,8,4,2,2,0.7836482548242136,84.4375,True,0.9373751878738403
2a1j__B1_P07992--2a1j__A1_Q92889,9,3,1,2,0.8535394394738938,83.0625,True,0.8469452261924744
2a1j__B1_P07992--2a1j__A1_Q92889,10,3,2,2,0.8552285743857045,82.6875,True,0.8828688263893127
2a1j__B1_P07992--2a1j__A1_Q92889,11,3,0,2,0.8529600201966728,82.6875,True,0.863763153553009
2a1j__B1_P07992--2a1j__A1_Q92889,12,2,1,2,0.803964048022756,82.3125,True,0.8849966526031494
2a1j__B1_P07992--2a1j__A1_Q92889,13,2,2,2,0.8389553269294933,81.875,True,0.8896179795265198
2a1j__B1_P07992--2a1j__A1_Q92889,14,2,3,2,0.8114535259458336,81.5,True,0.935997486114502
2a1j__B1_P07992--2a1j__A1_Q92889,15,2,0,2,0.8053597183161324,81.3125,True,0.9087188243865967
2a1j__B1_P07992--2a1j__A1_Q92889,16,3,3,2,0.8536588484158071,81.25,True,0.8630930781364441
2a1j__B1_P07992--2a1j__A1_Q92889,17,1,3,2,0.751821045685323,80.875,True,0.9596825242042542
2a1j__B1_P07992--2a1j__A1_Q92889,18,1,1,2,0.7532905171428143,80.75,True,0.9793903827667236
2a1j__B1_P07992--2a1j__A1_Q92889,19,1,0,2,0.776375164733529,80.6875,True,0.8435983061790466
2a1j__B1_P07992--2a1j__A1_Q92889,20,1,2,2,0.7894008978030929,79.375,True,0.8620186448097229
2a3l__A1_O80452--2a3l__A2_O80452,1,4,0,0,0.2258004733289797,88.375,False,0.9897463321685791
2a3l__A1_O80452--2a3l__A2_O80452,2,4,1,0,0.227408817512064,87.6875,False,0.9881547689437866
2a3l__A1_O80452--2a3l__A2_O80452,3,4,3,0,0.2228196639287334,86.4375,False,0.9845371246337891
2a3l__A1_O80452--2a3l__A2_O80452,4,4,2,0,0.2147407780453557,86.25,False,0.989740252494812
2a3l__A1_O80452--2a3l__A2_O80452,5,5,1,0,0.2188620618190728,85.0625,False,0.9331046342849731
2a3l__A1_O80452--2a3l__A2_O80452,6,5,0,0,0.2081326426671301,84.375,False,0.9343669414520264
2a3l__A1_O80452--2a3l__A2_O80452,7,5,3,0,0.2042249688145332,83.8125,False,0.9766825437545776
2a3l__A1_O80452--2a3l__A2_O80452,8,1,0,0,0.2463812466805072,83.4375,True,0.9379917979240417
2a3l__A1_O80452--2a3l__A2_O80452,9,2,2,0,0.2212486246017556,83.0,False,0.9824783205986023
2a3l__A1_O80452--2a3l__A2_O80452,10,5,2,0,0.2076749943826291,82.9375,False,0.9598342776298523
2a3l__A1_O80452--2a3l__A2_O80452,11,2,0,0,0.2345104233602161,82.8125,True,0.9729602336883545
2a3l__A1_O80452--2a3l__A2_O80452,12,2,1,0,0.2196223894912078,82.6875,False,0.8890114426612854
2a3l__A1_O80452--2a3l__A2_O80452,13,2,3,0,0.2333520794770359,82.6875,True,0.989021897315979
2a3l__A1_O80452--2a3l__A2_O80452,14,1,3,0,0.2431234518146741,82.5,True,0.9788376092910767
2a3l__A1_O80452--2a3l__A2_O80452,15,1,1,0,0.2474822162326518,82.5,True,0.9697521328926086
2a3l__A1_O80452--2a3l__A2_O80452,16,1,2,0,0.2638780472604985,82.3125,True,0.9805740714073181
2a3l__A1_O80452--2a3l__A2_O80452,17,3,1,0,0.1944327014566021,75.3125,False,0.9806159138679504
2a3l__A1_O80452--2a3l__A2_O80452,18,3,0,0,0.1910192474303293,75.3125,False,0.9880838990211487
2a3l__A1_O80452--2a3l__A2_O80452,19,3,3,0,0.1852268076517376,73.6875,False,0.9896368384361267
2a3l__A1_O80452--2a3l__A2_O80452,20,3,2,0,0.1878744231945719,72.9375,False,0.9924174547195435
2apo__A1_Q57612--2apo__B1_P81303,1,4,0,1,0.769453718653959,90.4375,True,0.828697144985199
2apo__A1_Q57612--2apo__B1_P81303,2,4,1,1,0.7696087328691347,90.25,True,0.908458411693573
2apo__A1_Q57612--2apo__B1_P81303,3,5,2,1,0.7868052095204802,90.1875,True,0.7946282029151917
2apo__A1_Q57612--2apo__B1_P81303,4,5,0,1,0.7900513427216252,89.8125,True,0.8225043416023254
2apo__A1_Q57612--2apo__B1_P81303,5,5,1,1,0.7898234001788597,89.75,True,0.8632287383079529
2apo__A1_Q57612--2apo__B1_P81303,6,4,3,1,0.7657368786140948,89.75,True,0.908458411693573
2apo__A1_Q57612--2apo__B1_P81303,7,4,2,1,0.7756607175866042,89.6875,True,0.8940348029136658
2apo__A1_Q57612--2apo__B1_P81303,8,5,3,1,0.7753329021816243,89.4375,True,0.903755784034729
2apo__A1_Q57612--2apo__B1_P81303,9,1,0,1,0.7668294969752983,89.1875,True,0.8561319708824158
2apo__A1_Q57612--2apo__B1_P81303,10,1,2,1,0.7664605443820011,88.625,True,0.8386558294296265
2apo__A1_Q57612--2apo__B1_P81303,11,3,3,1,0.7779631874734748,88.375,True,0.888595461845398
2apo__A1_Q57612--2apo__B1_P81303,12,1,1,1,0.7610330138890665,88.125,True,0.8874064683914185
2apo__A1_Q57612--2apo__B1_P81303,13,3,0,1,0.781642738863034,88.0,True,0.8395687341690063
2apo__A1_Q57612--2apo__B1_P81303,14,1,3,1,0.7700688183142478,87.875,True,0.8047202825546265
2apo__A1_Q57612--2apo__B1_P81303,15,3,1,1,0.7881703587049141,87.875,True,0.8352254033088684
2apo__A1_Q57612--2apo__B1_P81303,16,3,2,1,0.781642963158931,87.75,True,0.8873785138130188
2apo__A1_Q57612--2apo__B1_P81303,17,2,0,1,0.7730271695826482,86.9375,True,0.779007613658905
2apo__A1_Q57612--2apo__B1_P81303,18,2,2,1,0.7779051782343194,86.75,True,0.8190239667892456
2apo__A1_Q57612--2apo__B1_P81303,19,2,1,1,0.7790004248998271,86.5625,True,0.8474717736244202
2apo__A1_Q57612--2apo__B1_P81303,20,2,3,1,0.7710908427726375,86.375,True,0.8421652913093567
2aye__B1_Q84294--2aye__A1_Q84294,1,1,1,4,0.6557737066857915,86.1875,True,0.9890643954277039
2aye__B1_Q84294--2aye__A1_Q84294,2,1,0,4,0.6563798596074739,85.6875,True,0.9890643954277039
2aye__B1_Q84294--2aye__A1_Q84294,3,5,1,4,0.6567587024763852,85.4375,True,0.967983603477478
2aye__B1_Q84294--2aye__A1_Q84294,4,1,3,4,0.657449457444788,85.3125,True,0.9890643954277039
2aye__B1_Q84294--2aye__A1_Q84294,5,5,3,4,0.6578191148268767,85.0,True,0.967983603477478
2aye__B1_Q84294--2aye__A1_Q84294,6,1,2,4,0.6581942836045965,85.0,True,0.9890643954277039
2aye__B1_Q84294--2aye__A1_Q84294,7,5,0,4,0.6568715578056344,84.9375,True,0.967983603477478
2aye__B1_Q84294--2aye__A1_Q84294,8,2,3,4,0.5908059169952011,84.375,True,0.9880457520484924
2aye__B1_Q84294--2aye__A1_Q84294,9,5,2,4,0.6616240814768052,84.1875,True,0.967983603477478
2aye__B1_Q84294--2aye__A1_Q84294,10,2,0,4,0.5741575143702348,84.1875,True,0.992175281047821
2aye__B1_Q84294--2aye__A1_Q84294,11,2,2,4,0.5745392638181408,84.125,True,0.9916449189186096
2aye__B1_Q84294--2aye__A1_Q84294,12,2,1,4,0.5991208697540883,84.125,True,0.9675372838973999
2aye__B1_Q84294--2aye__A1_Q84294,13,4,1,4,0.6452224682063087,72.375,True,0.9642807245254517
2aye__B1_Q84294--2aye__A1_Q84294,14,4,0,4,0.6349931733243257,62.3125,True,0.9646162986755371
2aye__B1_Q84294--2aye__A1_Q84294,15,4,3,4,0.635099256528661,60.625,True,0.9732609391212463
2aye__B1_Q84294--2aye__A1_Q84294,16,4,2,4,0.6475324029050866,57.15625,True,0.975178599357605
2aye__B1_Q84294--2aye__A1_Q84294,17,3,2,4,0.6563346181518562,47.84375,True,0.9515615701675415
2aye__B1_Q84294--2aye__A1_Q84294,18,3,1,4,0.6608629206771115,47.59375,True,0.9389632940292358
2aye__B1_Q84294--2aye__A1_Q84294,19,3,3,4,0.6238768662361341,45.75,True,0.9509896039962769
2aye__B1_Q84294--2aye__A1_Q84294,20,3,0,4,0.6188173010241377,45.6875,True,0.9463565945625305
2b11__A1_P00431--2b11__B1_P00044,1,5,2,1,0.8752306944692506,86.8125,True,0.23590372502803802
2b11__A1_P00431--2b11__B1_P00044,2,2,0,1,0.8463382614313661,85.9375,True,0.22866834700107574
2b11__A1_P00431--2b11__B1_P00044,3,3,2,1,0.8921201049251133,85.3125,True,0.25125643610954285
2b11__A1_P00431--2b11__B1_P00044,4,3,0,1,0.9155282352975442,83.875,True,0.214440256357193
2b11__A1_P00431--2b11__B1_P00044,5,3,3,1,0.8928576427612782,83.75,True,0.22958746552467346
2b11__A1_P00431--2b11__B1_P00044,6,5,0,1,0.8778152973104808,83.5625,True,0.30462852120399475
2b11__A1_P00431--2b11__B1_P00044,7,1,0,1,0.8976973265748639,82.5,True,0.26083460450172424
2b11__A1_P00431--2b11__B1_P00044,8,1,3,1,0.9055500879709548,82.3125,True,0.5034666657447815
2b11__A1_P00431--2b11__B1_P00044,9,5,3,1,0.8878512684624926,82.1875,True,0.6139587759971619
2b11__A1_P00431--2b11__B1_P00044,10,1,2,1,0.8998855109505707,81.75,True,0.6370378732681274
2b11__A1_P00431--2b11__B1_P00044,11,3,1,1,0.8870258532321644,81.75,True,0.22958746552467346
2b11__A1_P00431--2b11__B1_P00044,12,2,2,1,0.8839077651386008,81.75,True,0.788517415523529
2b11__A1_P00431--2b11__B1_P00044,13,4,0,1,0.8944544471799659,81.0625,True,0.5388703942298889
2b11__A1_P00431--2b11__B1_P00044,14,2,3,1,0.8808179308628278,80.1875,True,0.7955754399299622
2b11__A1_P00431--2b11__B1_P00044,15,1,1,1,0.8977713473563452,78.9375,True,0.7693004012107849
2b11__A1_P00431--2b11__B1_P00044,16,4,2,1,0.8893214344797035,78.9375,True,0.714012086391449
2b11__A1_P00431--2b11__B1_P00044,17,2,1,1,0.9021824346859588,78.5,True,0.7551202178001404
2b11__A1_P00431--2b11__B1_P00044,18,5,1,1,0.889948577130792,73.875,True,0.5867289900779724
2b11__A1_P00431--2b11__B1_P00044,19,4,1,1,0.7909788282654042,49.34375,True,0.8790040612220764
2b11__A1_P00431--2b11__B1_P00044,20,4,3,1,0.7614746925234711,47.46875,True,0.11889319121837616
2b42__A1_Q8H0K8--2b42__B1_P18429,1,5,0,0,0.8730729438811732,92.25,True,0.9999163150787354
2b42__A1_Q8H0K8--2b42__B1_P18429,2,5,2,0,0.8737667264432823,91.9375,True,0.9999606609344482
2b42__A1_Q8H0K8--2b42__B1_P18429,3,4,3,0,0.8632214539713088,91.625,True,0.9999121427536011
2b42__A1_Q8H0K8--2b42__B1_P18429,4,4,2,0,0.8771720733692207,91.4375,True,0.9999525547027588
2b42__A1_Q8H0K8--2b42__B1_P18429,5,5,3,0,0.8599208145873715,91.3125,True,0.9999982118606567
2b42__A1_Q8H0K8--2b42__B1_P18429,6,2,3,0,0.8986795712778811,91.25,True,0.999883770942688
2b42__A1_Q8H0K8--2b42__B1_P18429,7,1,2,0,0.8499520995391118,91.0625,True,0.9999393224716187
2b42__A1_Q8H0K8--2b42__B1_P18429,8,4,1,0,0.8643491409502575,91.0625,True,0.9999984502792358
2b42__A1_Q8H0K8--2b42__B1_P18429,9,5,1,0,0.8646364870311057,91.0,True,1.0
2b42__A1_Q8H0K8--2b42__B1_P18429,10,2,1,0,0.904957611697334,90.9375,True,0.9997406601905823
2b42__A1_Q8H0K8--2b42__B1_P18429,11,1,0,0,0.8524804195577341,90.5625,True,0.9999344348907471
2b42__A1_Q8H0K8--2b42__B1_P18429,12,1,1,0,0.8514375215483501,90.375,True,0.9999377727508545
2b42__A1_Q8H0K8--2b42__B1_P18429,13,2,0,0,0.911483933820028,90.375,True,0.9997883439064026
2b42__A1_Q8H0K8--2b42__B1_P18429,14,4,0,0,0.8677844209755156,89.8125,True,0.9999978542327881
2b42__A1_Q8H0K8--2b42__B1_P18429,15,3,2,0,0.8544877518489987,89.5625,True,0.9999603033065796
2b42__A1_Q8H0K8--2b42__B1_P18429,16,3,3,0,0.8370951246666051,88.3125,True,0.9999988079071045
2b42__A1_Q8H0K8--2b42__B1_P18429,17,3,0,0,0.372459666377487,36.21875,True,0.09671971201896667
2b42__A1_Q8H0K8--2b42__B1_P18429,18,1,3,0,0.4671149346938855,34.6875,True,0.1566683053970337
2b42__A1_Q8H0K8--2b42__B1_P18429,19,3,1,0,0.0679458879436697,32.9375,False,0.002861075336113572
2b42__A1_Q8H0K8--2b42__B1_P18429,20,2,2,0,0.1130484796032811,31.546875,False,0.03907623142004013
2b5u__A1_P00646--2b5u__B1_P02984,1,1,2,0,0.8462231841684501,86.0625,True,0.2850935161113739
2b5u__A1_P00646--2b5u__B1_P02984,2,1,1,0,0.5252271688243121,85.4375,True,0.7125023603439331
2b5u__A1_P00646--2b5u__B1_P02984,3,4,0,0,0.3530127394788023,85.125,True,0.9952925443649292
2b5u__A1_P00646--2b5u__B1_P02984,4,3,3,0,0.2157698284398852,84.9375,False,0.9942077398300171
2b5u__A1_P00646--2b5u__B1_P02984,5,3,0,0,0.225878639852664,84.875,False,0.997860848903656
2b5u__A1_P00646--2b5u__B1_P02984,6,1,3,0,0.4402000643215039,84.875,True,0.9119691848754883
2b5u__A1_P00646--2b5u__B1_P02984,7,5,2,0,0.2991669730507039,84.875,True,0.9950632452964783
2b5u__A1_P00646--2b5u__B1_P02984,8,4,1,0,0.5335302440750425,84.875,True,0.9978806972503662
2b5u__A1_P00646--2b5u__B1_P02984,9,1,0,0,0.5873041980577413,84.8125,True,0.40643489360809326
2b5u__A1_P00646--2b5u__B1_P02984,10,3,2,0,0.2730889108867544,84.8125,True,0.9966039657592773
2b5u__A1_P00646--2b5u__B1_P02984,11,3,1,0,0.229970272068776,84.75,False,0.9098967909812927
2b5u__A1_P00646--2b5u__B1_P02984,12,4,3,0,0.5306194289899409,84.75,True,0.7410646080970764
2b5u__A1_P00646--2b5u__B1_P02984,13,5,1,0,0.2972181786583551,84.625,True,0.9950182437896729
2b5u__A1_P00646--2b5u__B1_P02984,14,4,2,0,0.3620935479125,84.5625,True,0.9880181550979614
2b5u__A1_P00646--2b5u__B1_P02984,15,5,0,0,0.2628812531702432,84.4375,True,0.9948073029518127
2b5u__A1_P00646--2b5u__B1_P02984,16,5,3,0,0.2300646046101868,83.6875,True,0.9696992039680481
2b5u__A1_P00646--2b5u__B1_P02984,17,2,0,0,0.3195451971984511,83.0625,True,0.8804722428321838
2b5u__A1_P00646--2b5u__B1_P02984,18,2,3,0,0.305416742638968,82.875,True,0.993244469165802
2b5u__A1_P00646--2b5u__B1_P02984,19,2,1,0,0.3749917239732173,82.6875,True,0.959970235824585
2b5u__A1_P00646--2b5u__B1_P02984,20,2,2,0,0.3183814418073702,82.625,True,0.9809685945510864
2c08__A1_O35179--2c08__A2_O35179,1,5,2,3,0.1655899153597492,44.46875,False,0.4740871489048004
2c08__A1_O35179--2c08__A2_O35179,2,3,0,3,0.2108992534599997,43.0625,False,0.014956033788621426
2c08__A1_O35179--2c08__A2_O35179,3,3,3,3,0.1828714796822167,42.9375,False,0.6944525837898254
2c08__A1_O35179--2c08__A2_O35179,4,5,3,3,0.4680408567444896,40.90625,True,0.0015542537439614534
2c08__A1_O35179--2c08__A2_O35179,5,3,1,3,0.4638374087190136,40.4375,True,0.49647092819213867
2c08__A1_O35179--2c08__A2_O35179,6,4,2,3,0.1928141643255828,39.9375,False,0.1192491352558136
2c08__A1_O35179--2c08__A2_O35179,7,1,2,3,0.3901458387092705,39.59375,True,0.004076304379850626
2c08__A1_O35179--2c08__A2_O35179,8,5,1,3,0.4865653768345517,39.5625,True,0.576726496219635
2c08__A1_O35179--2c08__A2_O35179,9,5,0,3,0.5187875658501762,39.53125,True,0.004329817835241556
2c08__A1_O35179--2c08__A2_O35179,10,3,2,3,0.1861087926804998,39.46875,False,0.003007679944857955
2c08__A1_O35179--2c08__A2_O35179,11,4,3,3,0.1966574221474419,38.78125,False,0.3879774510860443
2c08__A1_O35179--2c08__A2_O35179,12,1,3,3,0.4299955166086602,38.71875,True,0.002070812974125147
2c08__A1_O35179--2c08__A2_O35179,13,1,0,3,0.4531848202614914,38.5,True,0.008653245866298676
2c08__A1_O35179--2c08__A2_O35179,14,4,1,3,0.1803389136380434,38.28125,False,0.5812731385231018
2c08__A1_O35179--2c08__A2_O35179,15,4,0,3,0.1807965726180092,37.40625,False,0.4699523448944092
2c08__A1_O35179--2c08__A2_O35179,16,2,3,3,0.1530054065239643,37.40625,False,0.42513152956962585
2c08__A1_O35179--2c08__A2_O35179,17,1,1,3,0.3998884711056614,36.75,True,0.0001784187334123999
2c08__A1_O35179--2c08__A2_O35179,18,2,2,3,0.169351274560861,35.90625,False,0.4292234778404236
2c08__A1_O35179--2c08__A2_O35179,19,2,0,3,0.1516052176910138,35.5625,False,0.01010781992226839
2c08__A1_O35179--2c08__A2_O35179,20,2,1,3,0.4135750132897136,33.09375,True,0.002360379323363304
2cuy__A1_Q5SL77--2cuy__B1_Q5SL77,1,4,0,2,0.5517743394892677,82.0625,True,0.12756332755088806
2cuy__A1_Q5SL77--2cuy__B1_Q5SL77,2,4,2,2,0.5349569596125714,79.9375,True,0.19128446280956268
2cuy__A1_Q5SL77--2cuy__B1_Q5SL77,3,4,1,2,0.5109454708803427,73.4375,True,0.28887248039245605
2cuy__A1_Q5SL77--2cuy__B1_Q5SL77,4,4,3,2,0.5121049114133521,73.0625,True,0.37928125262260437
2cuy__A1_Q5SL77--2cuy__B1_Q5SL77,5,2,3,2,0.032452468395602,35.625,False,0.29870638251304626
2cuy__A1_Q5SL77--2cuy__B1_Q5SL77,6,2,0,2,0.0340396458674138,35.4375,False,0.07480528205633163
2cuy__A1_Q5SL77--2cuy__B1_Q5SL77,7,2,1,2,0.0332709104418141,33.875,False,0.20658135414123535
2cuy__A1_Q5SL77--2cuy__B1_Q5SL77,8,3,1,2,0.0344577189455092,32.40625,False,0.5269826650619507
2cuy__A1_Q5SL77--2cuy__B1_Q5SL77,9,3,0,2,0.0405324795399159,32.28125,False,0.9996629953384399
2cuy__A1_Q5SL77--2cuy__B1_Q5SL77,10,2,2,2,0.0328745180773483,32.21875,False,0.24287930130958557
2cuy__A1_Q5SL77--2cuy__B1_Q5SL77,11,3,3,2,0.0385396541958032,30.546875,False,0.999764621257782
2cuy__A1_Q5SL77--2cuy__B1_Q5SL77,12,5,1,2,0.0335710296262251,29.390625,False,0.43069833517074585
2cuy__A1_Q5SL77--2cuy__B1_Q5SL77,13,5,3,2,0.0350236392466608,28.90625,False,0.17111022770404816
2cuy__A1_Q5SL77--2cuy__B1_Q5SL77,14,5,2,2,0.0337460391679735,28.8125,False,0.1362362504005432
2cuy__A1_Q5SL77--2cuy__B1_Q5SL77,15,3,2,2,0.040986753205235,28.359375,False,0.9890604019165039
2cuy__A1_Q5SL77--2cuy__B1_Q5SL77,16,5,0,2,0.0333178608539209,27.578125,False,0.19353149831295013
2cuy__A1_Q5SL77--2cuy__B1_Q5SL77,17,1,3,2,0.0310513120381107,27.28125,False,0.003411817131564021
2cuy__A1_Q5SL77--2cuy__B1_Q5SL77,18,1,1,2,0.0309911149459016,26.21875,False,0.0015160187613219023
2cuy__A1_Q5SL77--2cuy__B1_Q5SL77,19,1,0,2,0.0298551551344848,25.6875,False,0.0030092501547187567
2cuy__A1_Q5SL77--2cuy__B1_Q5SL77,20,1,2,2,0.0297864761693071,24.28125,False,0.0006006342591717839
2d1g__A1_A0Q436--2d1g__B1_A0Q436,1,4,1,3,0.9200916395514568,93.9375,True,1.0
2d1g__A1_A0Q436--2d1g__B1_A0Q436,2,4,0,3,0.9140482636000206,93.6875,True,1.0
2d1g__A1_A0Q436--2d1g__B1_A0Q436,3,5,0,3,0.9043652154618989,93.5625,True,1.0
2d1g__A1_A0Q436--2d1g__B1_A0Q436,4,1,2,3,0.9271184958777924,93.375,True,0.9999995231628418
2d1g__A1_A0Q436--2d1g__B1_A0Q436,5,1,3,3,0.92707074048866,93.375,True,0.9999995231628418
2d1g__A1_A0Q436--2d1g__B1_A0Q436,6,5,3,3,0.9047450626034562,93.25,True,1.0
2d1g__A1_A0Q436--2d1g__B1_A0Q436,7,1,1,3,0.9087989484408884,93.25,True,1.0
2d1g__A1_A0Q436--2d1g__B1_A0Q436,8,5,2,3,0.8906123590349191,93.1875,True,1.0
2d1g__A1_A0Q436--2d1g__B1_A0Q436,9,2,1,3,0.9224557967694031,93.0,True,1.0
2d1g__A1_A0Q436--2d1g__B1_A0Q436,10,1,0,3,0.9128957104949492,93.0,True,1.0
2d1g__A1_A0Q436--2d1g__B1_A0Q436,11,2,2,3,0.9218379705045874,93.0,True,1.0
2d1g__A1_A0Q436--2d1g__B1_A0Q436,12,2,0,3,0.9148115985095874,92.9375,True,1.0
2d1g__A1_A0Q436--2d1g__B1_A0Q436,13,4,3,3,0.9301407042774712,92.875,True,1.0
2d1g__A1_A0Q436--2d1g__B1_A0Q436,14,3,1,3,0.0204611458959906,92.875,False,0.4237114191055298
2d1g__A1_A0Q436--2d1g__B1_A0Q436,15,2,3,3,0.913324967702016,92.875,True,1.0
2d1g__A1_A0Q436--2d1g__B1_A0Q436,16,3,2,3,0.0262556792465996,92.6875,False,0.04762221500277519
2d1g__A1_A0Q436--2d1g__B1_A0Q436,17,3,3,3,0.0262597139512986,92.5625,False,0.05640065297484398
2d1g__A1_A0Q436--2d1g__B1_A0Q436,18,5,1,3,0.874851604136687,92.4375,True,0.9999998807907104
2d1g__A1_A0Q436--2d1g__B1_A0Q436,19,4,2,3,0.0194433955987083,91.6875,False,0.35344263911247253
2d1g__A1_A0Q436--2d1g__B1_A0Q436,20,3,0,3,0.0255684677248104,59.75,False,0.11821472644805908
2dcu__A1_Q8U082--2dcu__B1_Q8U3I5,1,4,0,4,0.6026008679888563,80.3125,True,0.0012024604948237538
2dcu__A1_Q8U082--2dcu__B1_Q8U3I5,2,4,2,4,0.5244666537021143,78.3125,True,0.0009346877923235297
2dcu__A1_Q8U082--2dcu__B1_Q8U3I5,3,3,2,4,0.200250526972082,76.625,False,0.9424394369125366
2dcu__A1_Q8U082--2dcu__B1_Q8U3I5,4,4,3,4,0.4805070855267973,76.5625,True,0.7116313576698303
2dcu__A1_Q8U082--2dcu__B1_Q8U3I5,5,3,3,4,0.2023054884118262,76.375,False,0.9723365306854248
2dcu__A1_Q8U082--2dcu__B1_Q8U3I5,6,1,0,4,0.2045259430071933,76.125,False,0.9645630121231079
2dcu__A1_Q8U082--2dcu__B1_Q8U3I5,7,3,1,4,0.196817233025163,76.0625,False,0.9618033170700073
2dcu__A1_Q8U082--2dcu__B1_Q8U3I5,8,3,0,4,0.2207024279894157,75.75,False,0.36035922169685364
2dcu__A1_Q8U082--2dcu__B1_Q8U3I5,9,5,2,4,0.1767221386829369,75.6875,False,0.24046681821346283
2dcu__A1_Q8U082--2dcu__B1_Q8U3I5,10,5,0,4,0.2042553722410386,75.5625,False,0.9682199358940125
2dcu__A1_Q8U082--2dcu__B1_Q8U3I5,11,4,1,4,0.5206229505942305,75.3125,True,9.67153118835995e-06
2dcu__A1_Q8U082--2dcu__B1_Q8U3I5,12,5,3,4,0.1769133913967658,74.75,False,0.19725169241428375
2dcu__A1_Q8U082--2dcu__B1_Q8U3I5,13,5,1,4,0.1774858042224754,73.8125,False,0.0790080800652504
2dcu__A1_Q8U082--2dcu__B1_Q8U3I5,14,1,3,4,0.1784479943761844,73.6875,False,0.41150885820388794
2dcu__A1_Q8U082--2dcu__B1_Q8U3I5,15,2,3,4,0.1782729430685186,73.3125,False,0.6761627793312073
2dcu__A1_Q8U082--2dcu__B1_Q8U3I5,16,1,1,4,0.1790906648212063,72.5,False,0.15406939387321472
2dcu__A1_Q8U082--2dcu__B1_Q8U3I5,17,2,0,4,0.2049181555812239,72.125,False,0.8846701979637146
2dcu__A1_Q8U082--2dcu__B1_Q8U3I5,18,1,2,4,0.1788617142638203,72.0,False,0.00781903974711895
2dcu__A1_Q8U082--2dcu__B1_Q8U3I5,19,2,2,4,0.1806598357232007,72.0,False,0.5768411755561829
2dcu__A1_Q8U082--2dcu__B1_Q8U3I5,20,2,1,4,0.1814363980902998,71.375,False,0.834503173828125
2dm9__A1_O57724--2dm9__B1_O57724,1,2,0,1,0.587009785128806,86.1875,True,0.14469628036022186
2dm9__A1_O57724--2dm9__B1_O57724,2,1,0,1,0.6121600048827177,84.25,True,0.08266817033290863
2dm9__A1_O57724--2dm9__B1_O57724,3,1,1,1,0.6416364978529708,84.1875,True,0.7487390637397766
2dm9__A1_O57724--2dm9__B1_O57724,4,4,1,1,0.6333022111660518,82.5625,True,0.9485406279563904
2dm9__A1_O57724--2dm9__B1_O57724,5,1,3,1,0.6072533451912864,82.0625,True,0.4379313290119171
2dm9__A1_O57724--2dm9__B1_O57724,6,3,3,1,0.4380823103739478,81.0,True,0.14254464209079742
2dm9__A1_O57724--2dm9__B1_O57724,7,3,1,1,0.4403913933745891,80.1875,True,0.024319959804415703
2dm9__A1_O57724--2dm9__B1_O57724,8,2,1,1,0.4043803589972066,79.8125,True,0.999929666519165
2dm9__A1_O57724--2dm9__B1_O57724,9,3,0,1,0.464386081832004,79.75,True,0.1180911511182785
2dm9__A1_O57724--2dm9__B1_O57724,10,2,3,1,0.4153672674201678,79.375,True,0.9999784231185913
2dm9__A1_O57724--2dm9__B1_O57724,11,5,0,1,0.4473962142384376,79.375,True,0.04961521178483963
2dm9__A1_O57724--2dm9__B1_O57724,12,3,2,1,0.4600751030435347,78.6875,True,0.04826876521110535
2dm9__A1_O57724--2dm9__B1_O57724,13,5,2,1,0.4475945151134913,78.0625,True,0.05938155576586723
2dm9__A1_O57724--2dm9__B1_O57724,14,1,2,1,0.4924596169016276,78.0,True,0.027328498661518097
2dm9__A1_O57724--2dm9__B1_O57724,15,5,3,1,0.668141141964421,76.375,True,0.5899552702903748
2dm9__A1_O57724--2dm9__B1_O57724,16,2,2,1,0.4082306238485007,76.0625,True,0.9999728202819824
2dm9__A1_O57724--2dm9__B1_O57724,17,5,1,1,0.6140760150540008,72.375,True,0.9124972224235535
2dm9__A1_O57724--2dm9__B1_O57724,18,4,0,1,0.3838355456955065,66.1875,True,0.9800690412521362
2dm9__A1_O57724--2dm9__B1_O57724,19,4,2,1,0.3767798638344488,63.21875,True,0.9555720686912537
2dm9__A1_O57724--2dm9__B1_O57724,20,4,3,1,0.3848958478274539,50.40625,True,0.9864565134048462
2ec2__A1_Q974H8--2ec2__C1_Q974H8,1,5,1,3,0.8384541069439617,91.375,True,0.9965192079544067
2ec2__A1_Q974H8--2ec2__C1_Q974H8,2,1,2,3,0.3670494516654701,91.3125,True,0.01563679240643978
2ec2__A1_Q974H8--2ec2__C1_Q974H8,3,5,0,3,0.8392598453979127,91.25,True,0.9911602139472961
2ec2__A1_Q974H8--2ec2__C1_Q974H8,4,5,3,3,0.8433432936131403,91.0625,True,0.9742461442947388
2ec2__A1_Q974H8--2ec2__C1_Q974H8,5,1,1,3,0.8303027780716422,90.375,True,0.7886806130409241
2ec2__A1_Q974H8--2ec2__C1_Q974H8,6,3,3,3,0.8347095384815663,90.0625,True,0.6362239122390747
2ec2__A1_Q974H8--2ec2__C1_Q974H8,7,1,0,3,0.804258954225013,89.9375,True,0.44614750146865845
2ec2__A1_Q974H8--2ec2__C1_Q974H8,8,2,0,3,0.2143975243596086,89.5625,False,0.9950717091560364
2ec2__A1_Q974H8--2ec2__C1_Q974H8,9,3,2,3,0.8362811099753192,89.4375,True,0.8934041261672974
2ec2__A1_Q974H8--2ec2__C1_Q974H8,10,3,0,3,0.8331313496806496,89.25,True,0.6648789644241333
2ec2__A1_Q974H8--2ec2__C1_Q974H8,11,4,1,3,0.8311837109677082,89.0625,True,0.986478328704834
2ec2__A1_Q974H8--2ec2__C1_Q974H8,12,3,1,3,0.8341823301046888,88.8125,True,0.6380181908607483
2ec2__A1_Q974H8--2ec2__C1_Q974H8,13,2,2,3,0.2147627477123451,88.3125,False,0.9874680042266846
2ec2__A1_Q974H8--2ec2__C1_Q974H8,14,2,1,3,0.2147032693337099,88.1875,False,0.9950717091560364
2ec2__A1_Q974H8--2ec2__C1_Q974H8,15,5,2,3,0.3744055724327902,86.875,True,0.012803922407329082
2ec2__A1_Q974H8--2ec2__C1_Q974H8,16,2,3,3,0.2150292867542003,86.3125,False,0.997819185256958
2ec2__A1_Q974H8--2ec2__C1_Q974H8,17,4,0,3,0.2075270138656061,85.875,False,0.9897823333740234
2ec2__A1_Q974H8--2ec2__C1_Q974H8,18,1,3,3,0.3596122446288015,85.625,True,0.03589187562465668
2ec2__A1_Q974H8--2ec2__C1_Q974H8,19,4,2,3,0.2144919431324696,84.6875,False,0.9999501705169678
2ec2__A1_Q974H8--2ec2__C1_Q974H8,20,4,3,3,0.2143092764214423,84.375,False,0.9999501705169678
2ei5__A1_Q5SM82--2ei5__B1_Q5SM82,1,4,3,2,0.5960316391939556,67.0625,True,0.2661440670490265
2ei5__A1_Q5SM82--2ei5__B1_Q5SM82,2,3,1,2,0.5371281757729203,58.71875,True,0.15870162844657898
2ei5__A1_Q5SM82--2ei5__B1_Q5SM82,3,3,3,2,0.5412084190838189,58.28125,True,0.5256181359291077
2ei5__A1_Q5SM82--2ei5__B1_Q5SM82,4,3,2,2,0.4926833552450604,58.0,True,0.14786790311336517
2ei5__A1_Q5SM82--2ei5__B1_Q5SM82,5,5,2,2,0.2976492706960472,57.25,True,0.026113299652934074
2ei5__A1_Q5SM82--2ei5__B1_Q5SM82,6,5,3,2,0.3685838379457951,57.1875,True,0.05572395399212837
2ei5__A1_Q5SM82--2ei5__B1_Q5SM82,7,1,3,2,0.5444482282733024,56.75,True,0.9456816911697388
2ei5__A1_Q5SM82--2ei5__B1_Q5SM82,8,4,2,2,0.5883265117221298,56.71875,True,0.7665839791297913
2ei5__A1_Q5SM82--2ei5__B1_Q5SM82,9,3,0,2,0.4189401396642234,56.625,True,0.24736802279949188
2ei5__A1_Q5SM82--2ei5__B1_Q5SM82,10,1,1,2,0.2945697620108597,56.21875,True,4.484277087613009e-05
2ei5__A1_Q5SM82--2ei5__B1_Q5SM82,11,5,0,2,0.4075485001544033,55.4375,True,0.07464488595724106
2ei5__A1_Q5SM82--2ei5__B1_Q5SM82,12,1,2,2,0.3109373166513072,55.34375,True,1.172586689790478e-05
2ei5__A1_Q5SM82--2ei5__B1_Q5SM82,13,5,1,2,0.2392084524357085,55.1875,True,0.1827414184808731
2ei5__A1_Q5SM82--2ei5__B1_Q5SM82,14,2,1,2,0.2138777096152512,54.875,False,0.596259593963623
2ei5__A1_Q5SM82--2ei5__B1_Q5SM82,15,2,0,2,0.3043122170727932,54.6875,True,0.0005850769230164587
2ei5__A1_Q5SM82--2ei5__B1_Q5SM82,16,2,2,2,0.3256809998383096,54.375,True,2.9004419047851115e-05
2ei5__A1_Q5SM82--2ei5__B1_Q5SM82,17,4,0,2,0.3620802743875115,53.46875,True,0.0004017949977423996
2ei5__A1_Q5SM82--2ei5__B1_Q5SM82,18,1,0,2,0.2714824215852157,53.0625,True,0.005241889040917158
2ei5__A1_Q5SM82--2ei5__B1_Q5SM82,19,2,3,2,0.3011486466425394,52.1875,True,0.07654818892478943
2ei5__A1_Q5SM82--2ei5__B1_Q5SM82,20,4,1,2,0.211484645878634,47.96875,False,0.15223686397075653
2eiu__E1_O67549--2eiu__A1_O67549,1,5,3,0,0.9351136977355158,91.1875,True,0.9396751523017883
2eiu__E1_O67549--2eiu__A1_O67549,2,5,1,0,0.9304930528609456,91.0,True,0.8745784163475037
2eiu__E1_O67549--2eiu__A1_O67549,3,4,2,0,0.9194418387685304,90.9375,True,0.6499425172805786
2eiu__E1_O67549--2eiu__A1_O67549,4,4,3,0,0.9225105571266704,90.875,True,0.769551694393158
2eiu__E1_O67549--2eiu__A1_O67549,5,4,0,0,0.9273785473969912,90.8125,True,0.7447130084037781
2eiu__E1_O67549--2eiu__A1_O67549,6,4,1,0,0.923793110856537,90.75,True,0.769551694393158
2eiu__E1_O67549--2eiu__A1_O67549,7,3,0,0,0.9292108926095344,90.625,True,0.7447130084037781
2eiu__E1_O67549--2eiu__A1_O67549,8,2,3,0,0.933093874737969,90.375,True,0.9794670343399048
2eiu__E1_O67549--2eiu__A1_O67549,9,2,2,0,0.9272435247170552,90.0,True,0.8745784163475037
2eiu__E1_O67549--2eiu__A1_O67549,10,2,0,0,0.9157292439442408,89.6875,True,0.8024547100067139
2eiu__E1_O67549--2eiu__A1_O67549,11,3,2,0,0.9273849043023312,89.0625,True,0.7447130084037781
2eiu__E1_O67549--2eiu__A1_O67549,12,2,1,0,0.9164686393726604,88.6875,True,0.7760722041130066
2eiu__E1_O67549--2eiu__A1_O67549,13,1,3,0,0.9220800244430516,86.4375,True,0.7196293473243713
2eiu__E1_O67549--2eiu__A1_O67549,14,1,0,0,0.921372415511902,83.375,True,0.8154090046882629
2eiu__E1_O67549--2eiu__A1_O67549,15,1,2,0,0.9214842630907784,80.875,True,0.7196293473243713
2eiu__E1_O67549--2eiu__A1_O67549,16,5,2,0,0.2626041853116481,80.5,True,0.9289289116859436
2eiu__E1_O67549--2eiu__A1_O67549,17,5,0,0,0.2623572649086543,78.4375,True,0.8518614768981934
2eiu__E1_O67549--2eiu__A1_O67549,18,3,3,0,0.2621242220219653,78.375,True,0.9511761665344238
2eiu__E1_O67549--2eiu__A1_O67549,19,3,1,0,0.2639534189558166,77.0625,True,0.905422568321228
2eiu__E1_O67549--2eiu__A1_O67549,20,1,1,0,0.9171729102180324,76.6875,True,0.5874659419059753
2fzt__B1_Q9WZF7--2fzt__A1_Q9WZF7,1,4,0,4,0.0312416171671351,82.125,False,0.023995844647288322
2fzt__B1_Q9WZF7--2fzt__A1_Q9WZF7,2,4,2,4,0.8818937695804032,81.6875,True,0.9858022332191467
2fzt__B1_Q9WZF7--2fzt__A1_Q9WZF7,3,5,3,4,0.880781272822211,80.3125,True,0.9537595510482788
2fzt__B1_Q9WZF7--2fzt__A1_Q9WZF7,4,2,3,4,0.8913332205910264,80.125,True,0.9525474309921265
2fzt__B1_Q9WZF7--2fzt__A1_Q9WZF7,5,4,3,4,0.3033758991556081,79.5,True,0.31979742646217346
2fzt__B1_Q9WZF7--2fzt__A1_Q9WZF7,6,5,1,4,0.8838330315984138,79.3125,True,0.9867217540740967
2fzt__B1_Q9WZF7--2fzt__A1_Q9WZF7,7,5,2,4,0.8769603526928099,78.9375,True,0.9525754451751709
2fzt__B1_Q9WZF7--2fzt__A1_Q9WZF7,8,1,2,4,0.3161186661594855,67.25,True,0.48832619190216064
2fzt__B1_Q9WZF7--2fzt__A1_Q9WZF7,9,1,1,4,0.2713270809026744,47.15625,True,0.6460688710212708
2fzt__B1_Q9WZF7--2fzt__A1_Q9WZF7,10,4,1,4,0.2867237921176593,40.09375,True,0.17208243906497955
2fzt__B1_Q9WZF7--2fzt__A1_Q9WZF7,11,1,0,4,0.2647422971026389,34.34375,True,0.09120375663042068
2fzt__B1_Q9WZF7--2fzt__A1_Q9WZF7,12,3,3,4,0.28261841803248,32.84375,True,0.1783427596092224
2fzt__B1_Q9WZF7--2fzt__A1_Q9WZF7,13,1,3,4,0.0304645258366975,30.96875,False,0.021797768771648407
2fzt__B1_Q9WZF7--2fzt__A1_Q9WZF7,14,5,0,4,0.2419507581884476,30.03125,True,0.13428185880184174
2fzt__B1_Q9WZF7--2fzt__A1_Q9WZF7,15,3,1,4,0.0691739495641406,29.53125,False,0.001528255408629775
2fzt__B1_Q9WZF7--2fzt__A1_Q9WZF7,16,2,0,4,0.02089961054062,24.78125,False,0.0446515791118145
2fzt__B1_Q9WZF7--2fzt__A1_Q9WZF7,17,2,1,4,0.021233142217194,20.859375,False,0.026542700827121735
2fzt__B1_Q9WZF7--2fzt__A1_Q9WZF7,18,2,2,4,0.0452104426355899,20.28125,False,0.0036052195355296135
2fzt__B1_Q9WZF7--2fzt__A1_Q9WZF7,19,3,0,4,0.0624063605389248,19.4375,False,0.022712882608175278
2fzt__B1_Q9WZF7--2fzt__A1_Q9WZF7,20,3,2,4,0.0677564537671199,19.078125,False,0.0057074520736932755
2ga9__B1_P23371--2ga9__A1_P07617,1,5,2,4,0.771090695564289,74.875,True,0.9984599351882935
2ga9__B1_P23371--2ga9__A1_P07617,2,5,3,4,0.7581668292420399,73.4375,True,0.9937507510185242
2ga9__B1_P23371--2ga9__A1_P07617,3,4,2,4,0.7765123506807563,72.9375,True,0.9950500130653381
2ga9__B1_P23371--2ga9__A1_P07617,4,4,0,4,0.7727627532075644,72.0625,True,0.9912715554237366
2ga9__B1_P23371--2ga9__A1_P07617,5,5,0,4,0.7433954861665094,71.6875,True,0.9869027137756348
2ga9__B1_P23371--2ga9__A1_P07617,6,3,2,4,0.7764113005333401,71.0,True,0.9956295490264893
2ga9__B1_P23371--2ga9__A1_P07617,7,4,3,4,0.7641329201295871,70.0,True,0.9873479604721069
2ga9__B1_P23371--2ga9__A1_P07617,8,4,1,4,0.7622807253577544,69.5,True,0.9882529377937317
2ga9__B1_P23371--2ga9__A1_P07617,9,5,1,4,0.7407691738199613,69.375,True,0.9972112774848938
2ga9__B1_P23371--2ga9__A1_P07617,10,1,0,4,0.2203467202313569,66.6875,False,0.9955084323883057
2ga9__B1_P23371--2ga9__A1_P07617,11,2,0,4,0.7273593916540406,64.9375,True,0.9856438636779785
2ga9__B1_P23371--2ga9__A1_P07617,12,1,1,4,0.21642296245528,64.25,False,0.9976009726524353
2ga9__B1_P23371--2ga9__A1_P07617,13,2,2,4,0.7415251372239479,64.0625,True,0.9716104865074158
2ga9__B1_P23371--2ga9__A1_P07617,14,3,3,4,0.7173780989031212,63.71875,True,0.9758223295211792
2ga9__B1_P23371--2ga9__A1_P07617,15,3,1,4,0.690453037718441,63.03125,True,0.9250603318214417
2ga9__B1_P23371--2ga9__A1_P07617,16,1,2,4,0.2120080293538945,62.28125,False,0.9983065128326416
2ga9__B1_P23371--2ga9__A1_P07617,17,1,3,4,0.2144977227690525,62.03125,False,0.9969968795776367
2ga9__B1_P23371--2ga9__A1_P07617,18,2,1,4,0.7020942504724615,60.3125,True,0.9945230484008789
2ga9__B1_P23371--2ga9__A1_P07617,19,3,0,4,0.6854076090743234,58.375,True,0.8792406320571899
2ga9__B1_P23371--2ga9__A1_P07617,20,2,3,4,0.6826302805688039,57.4375,True,0.9900214076042175
2gbo__A1_Q831P3--2gbo__B1_Q831P3,1,3,0,3,0.1903938234668919,59.9375,False,0.34699079394340515
2gbo__A1_Q831P3--2gbo__B1_Q831P3,2,3,2,3,0.1904508027574558,58.46875,False,0.4547230899333954
2gbo__A1_Q831P3--2gbo__B1_Q831P3,3,2,2,3,0.0182061126836158,51.8125,False,0.017779499292373657
2gbo__A1_Q831P3--2gbo__B1_Q831P3,4,2,1,3,0.018371708613994,49.65625,False,0.01703038439154625
2gbo__A1_Q831P3--2gbo__B1_Q831P3,5,2,3,3,0.0183745188904404,49.25,False,0.01489302422851324
2gbo__A1_Q831P3--2gbo__B1_Q831P3,6,2,0,3,0.0185291403837705,49.03125,False,0.014048678800463676
2gbo__A1_Q831P3--2gbo__B1_Q831P3,7,3,3,3,0.0183751343073154,48.84375,False,0.006181566510349512
2gbo__A1_Q831P3--2gbo__B1_Q831P3,8,3,1,3,0.018080349613231,48.09375,False,0.003431297605857253
2gbo__A1_Q831P3--2gbo__B1_Q831P3,9,1,2,3,0.1731443641459766,47.53125,False,0.9996318817138672
2gbo__A1_Q831P3--2gbo__B1_Q831P3,10,1,0,3,0.1732786775722572,45.1875,False,0.9993851184844971
2gbo__A1_Q831P3--2gbo__B1_Q831P3,11,1,1,3,0.1732890505340327,43.5625,False,0.9897860288619995
2gbo__A1_Q831P3--2gbo__B1_Q831P3,12,1,3,3,0.1732912622951321,42.75,False,0.996519923210144
2gbo__A1_Q831P3--2gbo__B1_Q831P3,13,5,2,3,0.1871504372189301,36.5,False,0.9990133047103882
2gbo__A1_Q831P3--2gbo__B1_Q831P3,14,5,1,3,0.186800926353393,36.0,False,0.710023820400238
2gbo__A1_Q831P3--2gbo__B1_Q831P3,15,5,0,3,0.1910438200476398,35.34375,False,0.24938799440860748
2gbo__A1_Q831P3--2gbo__B1_Q831P3,16,5,3,3,0.1793174423935219,35.1875,False,0.9999945163726807
2gbo__A1_Q831P3--2gbo__B1_Q831P3,17,4,2,3,0.1846686405212114,29.421875,False,0.9195875525474548
2gbo__A1_Q831P3--2gbo__B1_Q831P3,18,4,3,3,0.1956763172693149,28.6875,False,0.9892888069152832
2gbo__A1_Q831P3--2gbo__B1_Q831P3,19,4,0,3,0.1961202994301932,27.84375,False,0.9976281523704529
2gbo__A1_Q831P3--2gbo__B1_Q831P3,20,4,1,3,0.1808130669038001,26.1875,False,0.8579944372177124
2gd9__A1_P37508--2gd9__B1_P37508,1,1,3,1,0.6030592334830186,69.0,True,0.7692137360572815
2gd9__A1_P37508--2gd9__B1_P37508,2,4,1,1,0.2002995643547508,65.8125,False,0.002326505957171321
2gd9__A1_P37508--2gd9__B1_P37508,3,4,2,1,0.2005479660535872,65.6875,False,0.0060731456615030766
2gd9__A1_P37508--2gd9__B1_P37508,4,4,3,1,0.2008054441755918,65.25,False,0.001365687232464552
2gd9__A1_P37508--2gd9__B1_P37508,5,4,0,1,0.2009523879787637,65.125,False,0.003093646839261055
2gd9__A1_P37508--2gd9__B1_P37508,6,2,3,1,0.7673718552021591,64.5625,True,0.15807916224002838
2gd9__A1_P37508--2gd9__B1_P37508,7,5,0,1,0.8247056229126403,64.5625,True,0.009737368673086166
2gd9__A1_P37508--2gd9__B1_P37508,8,5,1,1,0.8338364954896004,63.875,True,0.006685788743197918
2gd9__A1_P37508--2gd9__B1_P37508,9,5,2,1,0.8237894271921408,63.09375,True,0.007451168727129698
2gd9__A1_P37508--2gd9__B1_P37508,10,2,0,1,0.197714101517667,61.9375,False,0.16579660773277283
2gd9__A1_P37508--2gd9__B1_P37508,11,1,2,1,0.1996799475250785,61.21875,False,0.1022302582859993
2gd9__A1_P37508--2gd9__B1_P37508,12,2,2,1,0.2064698462223905,60.96875,False,0.004051622003316879
2gd9__A1_P37508--2gd9__B1_P37508,13,3,0,1,0.2168968057115941,60.15625,False,0.0013927784748375416
2gd9__A1_P37508--2gd9__B1_P37508,14,3,2,1,0.2131441423863195,59.9375,False,6.0351681895554066e-05
2gd9__A1_P37508--2gd9__B1_P37508,15,3,1,1,0.2183747567337501,59.84375,False,0.0013324343599379063
2gd9__A1_P37508--2gd9__B1_P37508,16,2,1,1,0.2054608242774155,59.125,False,8.884626731742173e-05
2gd9__A1_P37508--2gd9__B1_P37508,17,5,3,1,0.824212217974914,58.875,True,0.026262249797582626
2gd9__A1_P37508--2gd9__B1_P37508,18,1,0,1,0.1969221329317309,58.875,False,0.016353454440832138
2gd9__A1_P37508--2gd9__B1_P37508,19,3,3,1,0.2066846884130321,57.5,False,0.7193011045455933
2gd9__A1_P37508--2gd9__B1_P37508,20,1,1,1,0.1981053715685317,55.3125,False,0.36125656962394714
2gsk__A1_P06129--2gsk__B1_P02929,1,2,0,3,0.0060780569961632,55.8125,False,0.9414999485015869
2gsk__A1_P06129--2gsk__B1_P02929,2,2,3,3,0.0060256586046083,55.0,False,0.9303439259529114
2gsk__A1_P06129--2gsk__B1_P02929,3,2,2,3,0.0061026640473354,54.0,False,0.9312344193458557
2gsk__A1_P06129--2gsk__B1_P02929,4,5,1,3,0.0061568923028324,53.09375,False,0.8047628998756409
2gsk__A1_P06129--2gsk__B1_P02929,5,3,3,3,0.0061472091786673,52.96875,False,0.9999990463256836
2gsk__A1_P06129--2gsk__B1_P02929,6,3,1,3,0.0062138377677316,52.46875,False,0.1897651106119156
2gsk__A1_P06129--2gsk__B1_P02929,7,5,3,3,0.0062064927525888,52.28125,False,0.8513854742050171
2gsk__A1_P06129--2gsk__B1_P02929,8,4,1,3,0.0061426892177185,52.09375,False,0.13110005855560303
2gsk__A1_P06129--2gsk__B1_P02929,9,3,2,3,0.0061198328780388,52.0625,False,0.9550970792770386
2gsk__A1_P06129--2gsk__B1_P02929,10,2,1,3,0.0060626536720525,52.0625,False,0.6658080816268921
2gsk__A1_P06129--2gsk__B1_P02929,11,4,3,3,0.0061153847457719,51.96875,False,0.992583155632019
2gsk__A1_P06129--2gsk__B1_P02929,12,4,0,3,0.0060624350618284,51.65625,False,0.06870753318071365
2gsk__A1_P06129--2gsk__B1_P02929,13,3,0,3,0.0062524187827012,51.5,False,0.8394197821617126
2gsk__A1_P06129--2gsk__B1_P02929,14,4,2,3,0.0062087622823285,50.90625,False,0.74974524974823
2gsk__A1_P06129--2gsk__B1_P02929,15,5,2,3,0.0061645591386423,50.875,False,0.06476423144340515
2gsk__A1_P06129--2gsk__B1_P02929,16,5,0,3,0.0061411909446128,50.0,False,0.2851056754589081
2gsk__A1_P06129--2gsk__B1_P02929,17,1,3,3,0.006172129771418,47.125,False,0.08957412093877792
2gsk__A1_P06129--2gsk__B1_P02929,18,1,1,3,0.006186155173891,43.5625,False,0.670039176940918
2gsk__A1_P06129--2gsk__B1_P02929,19,1,2,3,0.0062426587966934,42.4375,False,0.1309404820203781
2gsk__A1_P06129--2gsk__B1_P02929,20,1,0,3,0.0063578063680756,37.625,False,0.9721440672874451
2gsm__A1_P33517--2gsm__B1_Q03736,1,5,0,1,0.9444535681587684,95.3125,True,0.82591313123703
2gsm__A1_P33517--2gsm__B1_Q03736,2,5,3,1,0.9441612330258266,95.25,True,0.8745713829994202
2gsm__A1_P33517--2gsm__B1_Q03736,3,5,2,1,0.9450918692789616,95.25,True,0.7894489765167236
2gsm__A1_P33517--2gsm__B1_Q03736,4,5,1,1,0.9452638438131928,95.25,True,0.8247035145759583
2gsm__A1_P33517--2gsm__B1_Q03736,5,2,3,1,0.9432689078464876,95.125,True,0.8086071610450745
2gsm__A1_P33517--2gsm__B1_Q03736,6,2,2,1,0.9418820895697286,95.125,True,0.7607308626174927
2gsm__A1_P33517--2gsm__B1_Q03736,7,2,1,1,0.9467430275621602,95.125,True,0.7660037279129028
2gsm__A1_P33517--2gsm__B1_Q03736,8,2,0,1,0.9438571202740514,95.125,True,0.7846912145614624
2gsm__A1_P33517--2gsm__B1_Q03736,9,4,2,1,0.946041493156898,95.0625,True,0.8099463582038879
2gsm__A1_P33517--2gsm__B1_Q03736,10,3,2,1,0.946475789706259,95.0625,True,0.8576586246490479
2gsm__A1_P33517--2gsm__B1_Q03736,11,1,2,1,0.9430283529569148,95.0625,True,0.7748340964317322
2gsm__A1_P33517--2gsm__B1_Q03736,12,3,1,1,0.9419011892234208,95.0625,True,0.8433497548103333
2gsm__A1_P33517--2gsm__B1_Q03736,13,1,1,1,0.9435267866832726,95.0625,True,0.7931573987007141
2gsm__A1_P33517--2gsm__B1_Q03736,14,3,0,1,0.9443403105517312,95.0625,True,0.8217777609825134
2gsm__A1_P33517--2gsm__B1_Q03736,15,1,0,1,0.9435290122300074,95.0625,True,0.8020959496498108
2gsm__A1_P33517--2gsm__B1_Q03736,16,1,3,1,0.942072206239504,95.0,True,0.7804779410362244
2gsm__A1_P33517--2gsm__B1_Q03736,17,3,3,1,0.9416913070446102,95.0,True,0.848965585231781
2gsm__A1_P33517--2gsm__B1_Q03736,18,4,0,1,0.9442018355029184,95.0,True,0.8030529618263245
2gsm__A1_P33517--2gsm__B1_Q03736,19,4,3,1,0.9439634040094048,94.9375,True,0.8516083359718323
2gsm__A1_P33517--2gsm__B1_Q03736,20,4,1,1,0.9454786728729506,94.9375,True,0.8012614250183105
2h1e__A1_P32657--2h1e__B1_P32657,1,4,3,4,0.0190596038103228,20.109375,False,0.002388244029134512
2h1e__A1_P32657--2h1e__B1_P32657,2,1,2,4,0.0133772804432105,18.828125,False,0.010252364911139011
2h1e__A1_P32657--2h1e__B1_P32657,3,4,1,4,0.0405353443015661,18.8125,False,0.0016546304104849696
2h1e__A1_P32657--2h1e__B1_P32657,4,2,0,4,0.0141840711648659,18.625,False,0.002551253419369459
2h1e__A1_P32657--2h1e__B1_P32657,5,3,1,4,0.0122517666794492,18.359375,False,0.11430700868368149
2h1e__A1_P32657--2h1e__B1_P32657,6,1,1,4,0.0128313542694328,18.1875,False,0.062230680137872696
2h1e__A1_P32657--2h1e__B1_P32657,7,4,0,4,0.0293931519319003,18.15625,False,0.07856167107820511
2h1e__A1_P32657--2h1e__B1_P32657,8,4,2,4,0.0351189189482546,18.03125,False,0.04452112317085266
2h1e__A1_P32657--2h1e__B1_P32657,9,3,2,4,0.0123957307780336,17.96875,False,0.03127742558717728
2h1e__A1_P32657--2h1e__B1_P32657,10,2,1,4,0.0122879026790817,17.484375,False,0.05563180148601532
2h1e__A1_P32657--2h1e__B1_P32657,11,2,2,4,0.0128320969245995,17.4375,False,0.0035890722647309303
2h1e__A1_P32657--2h1e__B1_P32657,12,2,3,4,0.0126915946356213,17.3125,False,0.02303505875170231
2h1e__A1_P32657--2h1e__B1_P32657,13,3,0,4,0.0121610180553892,17.046875,False,0.05948907136917114
2h1e__A1_P32657--2h1e__B1_P32657,14,3,3,4,0.0123167525942555,16.96875,False,0.06378534436225891
2h1e__A1_P32657--2h1e__B1_P32657,15,1,3,4,0.0125255223802313,16.734375,False,0.046650275588035583
2h1e__A1_P32657--2h1e__B1_P32657,16,1,0,4,0.012775155783133,16.609375,False,0.14823858439922333
2h1e__A1_P32657--2h1e__B1_P32657,17,5,3,4,0.0115895723338763,16.40625,False,0.10583285242319107
2h1e__A1_P32657--2h1e__B1_P32657,18,5,0,4,0.0113649406157861,16.3125,False,0.09026722609996796
2h1e__A1_P32657--2h1e__B1_P32657,19,5,1,4,0.0106842775396703,16.21875,False,0.07855760306119919
2h1e__A1_P32657--2h1e__B1_P32657,20,5,2,4,0.011304789515931,15.7421875,False,0.09758798032999039
2h46__A1_P62993--2h46__A2_P62993,1,1,0,2,0.0234015355894955,42.46875,False,4.9302843763143755e-06
2h46__A1_P62993--2h46__A2_P62993,2,1,3,2,0.0232594506491052,41.96875,False,7.084315257088747e-06
2h46__A1_P62993--2h46__A2_P62993,3,1,2,2,0.023285801036043,40.875,False,4.206482572044479e-06
2h46__A1_P62993--2h46__A2_P62993,4,1,1,2,0.0234643969865522,38.625,False,3.0580411021219334e-06
2h46__A1_P62993--2h46__A2_P62993,5,3,0,2,0.0239653569529557,26.0,False,0.0021484808530658484
2h46__A1_P62993--2h46__A2_P62993,6,2,0,2,0.0153603966936193,25.484375,False,0.35648757219314575
2h46__A1_P62993--2h46__A2_P62993,7,3,1,2,0.0239430844111473,24.875,False,0.062199901789426804
2h46__A1_P62993--2h46__A2_P62993,8,3,3,2,0.0242399944338161,24.609375,False,0.01622200757265091
2h46__A1_P62993--2h46__A2_P62993,9,3,2,2,0.0240494140493067,24.359375,False,5.926412995904684e-05
2h46__A1_P62993--2h46__A2_P62993,10,4,0,2,0.0169703611151724,24.1875,False,0.02978864684700966
2h46__A1_P62993--2h46__A2_P62993,11,4,1,2,0.0218090747739206,24.046875,False,0.1720803678035736
2h46__A1_P62993--2h46__A2_P62993,12,4,3,2,0.0174230337790577,23.484375,False,0.2883630394935608
2h46__A1_P62993--2h46__A2_P62993,13,2,2,2,0.0153495467620002,21.953125,False,0.20505519211292267
2h46__A1_P62993--2h46__A2_P62993,14,4,2,2,0.0229219286163125,21.71875,False,0.4559902250766754
2h46__A1_P62993--2h46__A2_P62993,15,2,3,2,0.0160909908790599,21.5625,False,0.2803441286087036
2h46__A1_P62993--2h46__A2_P62993,16,5,0,2,0.0183444537809534,19.34375,False,0.016263388097286224
2h46__A1_P62993--2h46__A2_P62993,17,5,2,2,0.0240201580669129,18.734375,False,0.015399466268718243
2h46__A1_P62993--2h46__A2_P62993,18,2,1,2,0.0152877644069031,17.578125,False,0.05048275366425514
2h46__A1_P62993--2h46__A2_P62993,19,5,1,2,0.0244430811461327,17.15625,False,0.0051401033997535706
2h46__A1_P62993--2h46__A2_P62993,20,5,3,2,0.019670375868785,16.859375,False,0.37966230511665344
2h7z__B1_A0S865--2h7z__A1_A0S864,1,3,3,3,0.8281237566718179,72.3125,True,0.6405531167984009
2h7z__B1_A0S865--2h7z__A1_A0S864,2,5,1,3,0.8300644811801693,70.375,True,0.7913576364517212
2h7z__B1_A0S865--2h7z__A1_A0S864,3,3,1,3,0.8404273731209561,69.75,True,0.7328891158103943
2h7z__B1_A0S865--2h7z__A1_A0S864,4,2,1,3,0.7745748587750031,69.6875,True,0.790482759475708
2h7z__B1_A0S865--2h7z__A1_A0S864,5,5,3,3,0.8349983110626376,67.6875,True,0.877531111240387
2h7z__B1_A0S865--2h7z__A1_A0S864,6,2,3,3,0.7729163491749106,67.6875,True,0.790482759475708
2h7z__B1_A0S865--2h7z__A1_A0S864,7,3,0,3,0.8254624186863478,66.625,True,0.7791501879692078
2h7z__B1_A0S865--2h7z__A1_A0S864,8,4,2,3,0.8395964190788864,65.25,True,0.7791501879692078
2h7z__B1_A0S865--2h7z__A1_A0S864,9,4,3,3,0.8282069876444599,65.0625,True,0.9668297171592712
2h7z__B1_A0S865--2h7z__A1_A0S864,10,5,0,3,0.8414455275114116,64.625,True,0.9445070028305054
2h7z__B1_A0S865--2h7z__A1_A0S864,11,4,1,3,0.7985632311621558,64.3125,True,0.9448844790458679
2h7z__B1_A0S865--2h7z__A1_A0S864,12,2,2,3,0.7929997634783055,64.25,True,0.9258495569229126
2h7z__B1_A0S865--2h7z__A1_A0S864,13,1,3,3,0.8206961550124361,64.125,True,0.8633859753608704
2h7z__B1_A0S865--2h7z__A1_A0S864,14,1,2,3,0.8224253945848221,63.59375,True,0.8633859753608704
2h7z__B1_A0S865--2h7z__A1_A0S864,15,1,0,3,0.8204760013046629,63.03125,True,0.8633859753608704
2h7z__B1_A0S865--2h7z__A1_A0S864,16,3,2,3,0.8393947879186183,62.6875,True,0.9848745465278625
2h7z__B1_A0S865--2h7z__A1_A0S864,17,1,1,3,0.8259904482516144,62.625,True,0.833845317363739
2h7z__B1_A0S865--2h7z__A1_A0S864,18,2,0,3,0.7954567545874385,60.75,True,0.9759103059768677
2h7z__B1_A0S865--2h7z__A1_A0S864,19,5,2,3,0.8166225153927709,59.0625,True,0.9978858828544617
2h7z__B1_A0S865--2h7z__A1_A0S864,20,4,0,3,0.5235547683572834,55.4375,True,0.37080225348472595
2hn1__A1_O29472--2hn1__A2_O29472,1,5,3,0,0.7409718908518798,60.15625,True,0.9999996423721313
2hn1__A1_O29472--2hn1__A2_O29472,2,5,1,0,0.7403444900996202,59.46875,True,0.9999998807907104
2hn1__A1_O29472--2hn1__A2_O29472,3,5,2,0,0.7303558012090093,58.8125,True,0.9999998807907104
2hn1__A1_O29472--2hn1__A2_O29472,4,2,0,0,0.6470666864751141,58.5625,True,0.9904084205627441
2hn1__A1_O29472--2hn1__A2_O29472,5,5,0,0,0.7436745899089049,58.375,True,0.9999996423721313
2hn1__A1_O29472--2hn1__A2_O29472,6,2,2,0,0.6549935247611872,58.0,True,0.9994632601737976
2hn1__A1_O29472--2hn1__A2_O29472,7,1,0,0,0.6511109496345514,57.125,True,0.49385935068130493
2hn1__A1_O29472--2hn1__A2_O29472,8,3,2,0,0.7506127942280925,57.125,True,0.9999955892562866
2hn1__A1_O29472--2hn1__A2_O29472,9,1,3,0,0.6517029730800483,56.40625,True,0.7856809496879578
2hn1__A1_O29472--2hn1__A2_O29472,10,1,2,0,0.6206489291238678,56.25,True,0.8162241578102112
2hn1__A1_O29472--2hn1__A2_O29472,11,1,1,0,0.642943558355178,56.21875,True,0.5433341264724731
2hn1__A1_O29472--2hn1__A2_O29472,12,2,1,0,0.642429722483703,55.78125,True,0.9991326928138733
2hn1__A1_O29472--2hn1__A2_O29472,13,2,3,0,0.6454111991199579,55.75,True,0.9995471835136414
2hn1__A1_O29472--2hn1__A2_O29472,14,3,0,0,0.1665927613694552,30.0,False,0.6697352528572083
2hn1__A1_O29472--2hn1__A2_O29472,15,4,0,0,0.1552953495877817,29.828125,False,0.8492393493652344
2hn1__A1_O29472--2hn1__A2_O29472,16,3,1,0,0.1616382476263252,29.03125,False,0.5806445479393005
2hn1__A1_O29472--2hn1__A2_O29472,17,4,2,0,0.1537941532334976,28.921875,False,0.8577537536621094
2hn1__A1_O29472--2hn1__A2_O29472,18,3,3,0,0.0810583203586981,28.734375,False,0.028225382789969444
2hn1__A1_O29472--2hn1__A2_O29472,19,4,1,0,0.1568870505486617,28.203125,False,0.8919773101806641
2hn1__A1_O29472--2hn1__A2_O29472,20,4,3,0,0.1605177144385907,28.125,False,0.8751627206802368
2huk__A1_P00720--2huk__A2_P00720,1,1,3,2,0.0137138716130072,22.265625,False,0.002539516193792224
2huk__A1_P00720--2huk__A2_P00720,2,1,0,2,0.0139807922044904,20.53125,False,0.006640417501330376
2huk__A1_P00720--2huk__A2_P00720,3,1,2,2,0.0157599635138513,20.0625,False,0.008777905255556107
2huk__A1_P00720--2huk__A2_P00720,4,1,1,2,0.0140527155024602,19.734375,False,0.0013602892868220806
2huk__A1_P00720--2huk__A2_P00720,5,5,0,2,0.2806967684285141,19.203125,True,0.06232089549303055
2huk__A1_P00720--2huk__A2_P00720,6,4,0,2,0.0726043306612442,18.3125,False,0.03861540928483009
2huk__A1_P00720--2huk__A2_P00720,7,4,3,2,0.1207333400288254,18.09375,False,0.032806169241666794
2huk__A1_P00720--2huk__A2_P00720,8,2,1,2,0.0099885529084242,17.640625,False,0.08546667546033859
2huk__A1_P00720--2huk__A2_P00720,9,4,2,2,0.0716397703569381,17.53125,False,0.03323990851640701
2huk__A1_P00720--2huk__A2_P00720,10,3,1,2,0.0095946407352378,17.359375,False,0.022026028484106064
2huk__A1_P00720--2huk__A2_P00720,11,3,0,2,0.0093736222712401,17.21875,False,0.032371267676353455
2huk__A1_P00720--2huk__A2_P00720,12,5,3,2,0.0064826628530415,17.21875,False,0.04076221585273743
2huk__A1_P00720--2huk__A2_P00720,13,2,3,2,0.0093557571389788,17.0,False,0.13614048063755035
2huk__A1_P00720--2huk__A2_P00720,14,3,3,2,0.009559897650974,16.859375,False,0.05472346022725105
2huk__A1_P00720--2huk__A2_P00720,15,3,2,2,0.0092266726861594,16.625,False,0.10074389725923538
2huk__A1_P00720--2huk__A2_P00720,16,4,1,2,0.0221561724273043,16.3125,False,0.05828184634447098
2huk__A1_P00720--2huk__A2_P00720,17,2,0,2,0.0088622329855299,16.140625,False,0.01673785038292408
2huk__A1_P00720--2huk__A2_P00720,18,5,1,2,0.0143741265869412,15.703125,False,0.043555762618780136
2huk__A1_P00720--2huk__A2_P00720,19,5,2,2,0.0151372040414218,15.1953125,False,0.09160890430212021
2huk__A1_P00720--2huk__A2_P00720,20,2,2,2,0.0676092220677044,14.8046875,False,0.057411447167396545
2j67__A1_Q9BXR5--2j67__B1_Q9BXR5,1,3,2,0,0.6860780458319903,65.75,True,0.04631752520799637
2j67__A1_Q9BXR5--2j67__B1_Q9BXR5,2,3,1,0,0.6887521511132254,62.4375,True,0.023699332028627396
2j67__A1_Q9BXR5--2j67__B1_Q9BXR5,3,4,3,0,0.0502753965881744,58.4375,False,0.016081523150205612
2j67__A1_Q9BXR5--2j67__B1_Q9BXR5,4,2,0,0,0.3827925524239946,37.5625,True,0.029286421835422516
2j67__A1_Q9BXR5--2j67__B1_Q9BXR5,5,1,0,0,0.3697673868868675,34.59375,True,0.17249204218387604
2j67__A1_Q9BXR5--2j67__B1_Q9BXR5,6,2,1,0,0.3249403387820959,33.25,True,0.051829952746629715
2j67__A1_Q9BXR5--2j67__B1_Q9BXR5,7,1,3,0,0.304132604291278,33.1875,True,0.04907497391104698
2j67__A1_Q9BXR5--2j67__B1_Q9BXR5,8,1,1,0,0.2572646864177312,33.09375,True,0.0372481495141983
2j67__A1_Q9BXR5--2j67__B1_Q9BXR5,9,1,2,0,0.2281879614851636,32.78125,False,0.18443575501441956
2j67__A1_Q9BXR5--2j67__B1_Q9BXR5,10,2,3,0,0.4977672667341541,32.5625,True,0.04243456944823265
2j67__A1_Q9BXR5--2j67__B1_Q9BXR5,11,3,0,0,0.1505700764207933,31.203125,False,0.002220486057922244
2j67__A1_Q9BXR5--2j67__B1_Q9BXR5,12,3,3,0,0.1184018117386275,31.015625,False,0.012658720836043358
2j67__A1_Q9BXR5--2j67__B1_Q9BXR5,13,4,0,0,0.1124659388307311,30.5625,False,0.049225062131881714
2j67__A1_Q9BXR5--2j67__B1_Q9BXR5,14,2,2,0,0.3817648037695969,26.734375,True,0.029954897239804268
2j67__A1_Q9BXR5--2j67__B1_Q9BXR5,15,5,3,0,0.0706972120730007,26.46875,False,0.054965198040008545
2j67__A1_Q9BXR5--2j67__B1_Q9BXR5,16,5,1,0,0.0700947327441042,25.21875,False,0.06695044040679932
2j67__A1_Q9BXR5--2j67__B1_Q9BXR5,17,4,2,0,0.074488814220751,24.765625,False,0.014501030556857586
2j67__A1_Q9BXR5--2j67__B1_Q9BXR5,18,5,0,0,0.0703484069823763,24.5,False,0.0269054863601923
2j67__A1_Q9BXR5--2j67__B1_Q9BXR5,19,5,2,0,0.1127786599097745,24.25,False,0.033407535403966904
2j67__A1_Q9BXR5--2j67__B1_Q9BXR5,20,4,1,0,0.0845608868245298,23.203125,False,0.0370064340531826
2j68__A1_B2IZD3--2j68__A2_B2IZD3,1,1,1,2,0.1802799182883413,49.375,False,0.001080772839486599
2j68__A1_B2IZD3--2j68__A2_B2IZD3,2,2,1,2,0.1461759820684515,47.34375,False,0.36781126260757446
2j68__A1_B2IZD3--2j68__A2_B2IZD3,3,1,0,2,0.1685429331121428,47.125,False,0.0006830728962086141
2j68__A1_B2IZD3--2j68__A2_B2IZD3,4,1,2,2,0.18237244214247,46.6875,False,0.006816774606704712
2j68__A1_B2IZD3--2j68__A2_B2IZD3,5,1,3,2,0.1599562220134725,45.53125,False,0.13723625242710114
2j68__A1_B2IZD3--2j68__A2_B2IZD3,6,2,0,2,0.1339587774864988,45.03125,False,0.06399118900299072
2j68__A1_B2IZD3--2j68__A2_B2IZD3,7,5,2,2,0.2444343525827773,43.9375,True,0.15560951828956604
2j68__A1_B2IZD3--2j68__A2_B2IZD3,8,5,3,2,0.2388504812498461,43.78125,True,0.027132617309689522
2j68__A1_B2IZD3--2j68__A2_B2IZD3,9,5,0,2,0.2141611475956148,41.3125,False,0.06156347692012787
2j68__A1_B2IZD3--2j68__A2_B2IZD3,10,4,1,2,0.1549503058642623,41.25,False,0.0380881130695343
2j68__A1_B2IZD3--2j68__A2_B2IZD3,11,4,2,2,0.1482668531248401,41.25,False,0.16101543605327606
2j68__A1_B2IZD3--2j68__A2_B2IZD3,12,5,1,2,0.2025229335528872,40.59375,False,0.20580902695655823
2j68__A1_B2IZD3--2j68__A2_B2IZD3,13,2,3,2,0.1417756583155461,40.5,False,0.19454649090766907
2j68__A1_B2IZD3--2j68__A2_B2IZD3,14,4,3,2,0.1693044326990015,40.15625,False,0.009298681281507015
2j68__A1_B2IZD3--2j68__A2_B2IZD3,15,4,0,2,0.1504245524119023,40.03125,False,0.060690246522426605
2j68__A1_B2IZD3--2j68__A2_B2IZD3,16,2,2,2,0.0687649305219487,39.09375,False,0.06050002947449684
2j68__A1_B2IZD3--2j68__A2_B2IZD3,17,3,0,2,0.0913150072241908,34.3125,False,0.026915226131677628
2j68__A1_B2IZD3--2j68__A2_B2IZD3,18,3,1,2,0.096264317271108,33.5,False,0.06085556745529175
2j68__A1_B2IZD3--2j68__A2_B2IZD3,19,3,3,2,0.0908469366337618,32.5625,False,0.037061017006635666
2j68__A1_B2IZD3--2j68__A2_B2IZD3,20,3,2,2,0.0654186970672342,32.4375,False,0.07130787521600723
2j6g__A1_Q6T3W5--2j6g__A2_Q6T3W5,1,5,3,4,0.0498208372700835,67.875,False,0.9103615880012512
2j6g__A1_Q6T3W5--2j6g__A2_Q6T3W5,2,5,0,4,0.049630109032917,67.1875,False,0.840008020401001
2j6g__A1_Q6T3W5--2j6g__A2_Q6T3W5,3,5,2,4,0.0498026675807683,66.4375,False,0.9487345814704895
2j6g__A1_Q6T3W5--2j6g__A2_Q6T3W5,4,4,2,4,0.049770755181308,66.1875,False,0.982957661151886
2j6g__A1_Q6T3W5--2j6g__A2_Q6T3W5,5,4,0,4,0.0503882196890822,62.71875,False,0.9964718818664551
2j6g__A1_Q6T3W5--2j6g__A2_Q6T3W5,6,2,1,4,0.165418318851407,60.84375,False,0.003642852883785963
2j6g__A1_Q6T3W5--2j6g__A2_Q6T3W5,7,3,1,4,0.0500313071734739,60.75,False,0.9769437909126282
2j6g__A1_Q6T3W5--2j6g__A2_Q6T3W5,8,2,3,4,0.1655179313455667,58.53125,False,0.012481133453547955
2j6g__A1_Q6T3W5--2j6g__A2_Q6T3W5,9,2,2,4,0.1697550923311536,56.75,False,0.005093715153634548
2j6g__A1_Q6T3W5--2j6g__A2_Q6T3W5,10,1,3,4,0.1279330398082085,52.96875,False,0.0007300837314687669
2j6g__A1_Q6T3W5--2j6g__A2_Q6T3W5,11,1,1,4,0.1264122229342011,52.4375,False,0.000453727989224717
2j6g__A1_Q6T3W5--2j6g__A2_Q6T3W5,12,3,2,4,0.057817806970548,52.3125,False,0.7696264982223511
2j6g__A1_Q6T3W5--2j6g__A2_Q6T3W5,13,3,0,4,0.1175504046488553,51.84375,False,0.922320544719696
2j6g__A1_Q6T3W5--2j6g__A2_Q6T3W5,14,3,3,4,0.1016202667081087,51.75,False,0.12196459621191025
2j6g__A1_Q6T3W5--2j6g__A2_Q6T3W5,15,1,2,4,0.1312698785280767,51.6875,False,0.0007140688830986619
2j6g__A1_Q6T3W5--2j6g__A2_Q6T3W5,16,1,0,4,0.1203033457540838,51.21875,False,0.0011591508518904448
2j6g__A1_Q6T3W5--2j6g__A2_Q6T3W5,17,2,0,4,0.150230663980866,50.875,False,0.0024849972687661648
2j6g__A1_Q6T3W5--2j6g__A2_Q6T3W5,18,5,1,4,0.1245521547232565,49.9375,False,0.0007894791779108346
2j6g__A1_Q6T3W5--2j6g__A2_Q6T3W5,19,4,3,4,0.0596215503587674,49.71875,False,0.0356079563498497
2j6g__A1_Q6T3W5--2j6g__A2_Q6T3W5,20,4,1,4,0.1112898591147615,49.40625,False,0.26858294010162354
2ntx__A1_Q9LV40--2ntx__B1_Q9LV40,1,2,3,1,0.5789012712043528,77.25,True,0.7716562747955322
2ntx__A1_Q9LV40--2ntx__B1_Q9LV40,2,4,1,1,0.5775887467544987,75.9375,True,0.867809534072876
2ntx__A1_Q9LV40--2ntx__B1_Q9LV40,3,3,1,1,0.5967982500233026,74.9375,True,0.6841853260993958
2ntx__A1_Q9LV40--2ntx__B1_Q9LV40,4,5,3,1,0.5926097861854693,73.5,True,0.9949694275856018
2ntx__A1_Q9LV40--2ntx__B1_Q9LV40,5,4,2,1,0.5851919375602813,72.3125,True,0.9958257675170898
2ntx__A1_Q9LV40--2ntx__B1_Q9LV40,6,3,3,1,0.6290234732905832,70.875,True,0.9733794927597046
2ntx__A1_Q9LV40--2ntx__B1_Q9LV40,7,5,1,1,0.5944757864095959,70.25,True,0.8877163529396057
2ntx__A1_Q9LV40--2ntx__B1_Q9LV40,8,2,2,1,0.5878121595835356,69.75,True,0.9993281364440918
2ntx__A1_Q9LV40--2ntx__B1_Q9LV40,9,4,3,1,0.5558936386083558,68.6875,True,0.14190629124641418
2ntx__A1_Q9LV40--2ntx__B1_Q9LV40,10,2,1,1,0.4869799566704076,67.5,True,0.8408941626548767
2ntx__A1_Q9LV40--2ntx__B1_Q9LV40,11,5,0,1,0.6241580076535468,63.46875,True,0.848953902721405
2ntx__A1_Q9LV40--2ntx__B1_Q9LV40,12,2,0,1,0.5606071705489476,55.625,True,0.9923956394195557
2ntx__A1_Q9LV40--2ntx__B1_Q9LV40,13,3,0,1,0.5253369571392126,49.8125,True,0.0372699499130249
2ntx__A1_Q9LV40--2ntx__B1_Q9LV40,14,1,1,1,0.5949591976303026,48.40625,True,0.9854279160499573
2ntx__A1_Q9LV40--2ntx__B1_Q9LV40,15,3,2,1,0.6151444870304729,48.125,True,0.8898427486419678
2ntx__A1_Q9LV40--2ntx__B1_Q9LV40,16,1,3,1,0.4593762230692111,43.125,True,0.2182425707578659
2ntx__A1_Q9LV40--2ntx__B1_Q9LV40,17,4,0,1,0.4349881087428648,38.0625,True,0.35489213466644287
2ntx__A1_Q9LV40--2ntx__B1_Q9LV40,18,1,0,1,0.4656167730141695,37.625,True,0.06565943360328674
2ntx__A1_Q9LV40--2ntx__B1_Q9LV40,19,5,2,1,0.3698630619695309,32.09375,True,0.3863116204738617
2ntx__A1_Q9LV40--2ntx__B1_Q9LV40,20,1,2,1,0.2341540138740348,29.609375,True,0.2573167085647583
2o96__B1_P51665--2o96__A1_P51665,1,4,0,4,0.6963134947929509,89.5625,True,0.9814075827598572
2o96__B1_P51665--2o96__A1_P51665,2,4,3,4,0.6050102137340457,89.5625,True,0.9794899821281433
2o96__B1_P51665--2o96__A1_P51665,3,2,3,4,0.6857546538629881,88.625,True,0.9460951089859009
2o96__B1_P51665--2o96__A1_P51665,4,3,3,4,0.655882410269161,87.0,True,0.8607995510101318
2o96__B1_P51665--2o96__A1_P51665,5,4,1,4,0.6120351387122623,83.3125,True,0.9401059746742249
2o96__B1_P51665--2o96__A1_P51665,6,1,2,4,0.0477887336483656,65.375,False,0.7704615592956543
2o96__B1_P51665--2o96__A1_P51665,7,1,1,4,0.0541475399405219,63.4375,False,0.6196460127830505
2o96__B1_P51665--2o96__A1_P51665,8,3,2,4,0.0468774177096451,59.875,False,0.9996793270111084
2o96__B1_P51665--2o96__A1_P51665,9,5,1,4,0.0399232214082188,59.25,False,0.14159409701824188
2o96__B1_P51665--2o96__A1_P51665,10,1,3,4,0.0477700289237519,59.1875,False,0.9708159565925598
2o96__B1_P51665--2o96__A1_P51665,11,3,0,4,0.047923699003501,57.1875,False,0.9889916181564331
2o96__B1_P51665--2o96__A1_P51665,12,5,2,4,0.039303191851639,57.03125,False,0.13677585124969482
2o96__B1_P51665--2o96__A1_P51665,13,5,0,4,0.0414384859818977,56.1875,False,0.505262017250061
2o96__B1_P51665--2o96__A1_P51665,14,5,3,4,0.0410635918267112,54.5,False,0.3863829970359802
2o96__B1_P51665--2o96__A1_P51665,15,3,1,4,0.05362473602358,47.375,False,0.9665985107421875
2o96__B1_P51665--2o96__A1_P51665,16,1,0,4,0.0511637182791003,46.90625,False,0.9978100657463074
2o96__B1_P51665--2o96__A1_P51665,17,4,2,4,0.0529683125110722,40.28125,False,0.9715166091918945
2o96__B1_P51665--2o96__A1_P51665,18,2,2,4,0.041786660844733,39.8125,False,0.8821015954017639
2o96__B1_P51665--2o96__A1_P51665,19,2,1,4,0.0409855011677777,37.75,False,0.9429869055747986
2o96__B1_P51665--2o96__A1_P51665,20,2,0,4,0.0427221940396564,36.8125,False,0.9460042715072632
2oo9__A1_P22681--2oo9__B1_P22681,1,2,2,4,0.0841846757526277,73.0625,False,0.005919074174016714
2oo9__A1_P22681--2oo9__B1_P22681,2,4,1,4,0.1097410346073493,22.484375,False,0.999233603477478
2oo9__A1_P22681--2oo9__B1_P22681,3,4,3,4,0.1106020477321761,22.09375,False,0.8732647895812988
2oo9__A1_P22681--2oo9__B1_P22681,4,4,0,4,0.1270260766399393,20.609375,False,0.8564661741256714
2oo9__A1_P22681--2oo9__B1_P22681,5,4,2,4,0.1240206648989213,20.09375,False,0.9985774755477905
2oo9__A1_P22681--2oo9__B1_P22681,6,5,3,4,0.1247989712724539,20.03125,False,0.5457310676574707
2oo9__A1_P22681--2oo9__B1_P22681,7,5,1,4,0.1773836398274348,19.296875,False,0.9955086708068848
2oo9__A1_P22681--2oo9__B1_P22681,8,5,2,4,0.1382428203718756,18.921875,False,0.985396683216095
2oo9__A1_P22681--2oo9__B1_P22681,9,1,1,4,0.1127342561568531,18.921875,False,0.0026015848852694035
2oo9__A1_P22681--2oo9__B1_P22681,10,5,0,4,0.1368341801098575,18.375,False,0.2929806113243103
2oo9__A1_P22681--2oo9__B1_P22681,11,3,3,4,0.1632269699937268,18.015625,False,0.99776291847229
2oo9__A1_P22681--2oo9__B1_P22681,12,3,1,4,0.1754757313644603,17.96875,False,0.7645437121391296
2oo9__A1_P22681--2oo9__B1_P22681,13,2,0,4,0.032635553682612,17.828125,False,0.37638992071151733
2oo9__A1_P22681--2oo9__B1_P22681,14,3,0,4,0.1132296103826044,17.8125,False,0.01928005740046501
2oo9__A1_P22681--2oo9__B1_P22681,15,3,2,4,0.114654026932571,17.328125,False,0.0017793854931369424
2oo9__A1_P22681--2oo9__B1_P22681,16,1,3,4,0.0805057057284266,16.375,False,0.020966820418834686
2oo9__A1_P22681--2oo9__B1_P22681,17,1,0,4,0.1464992043952094,15.21875,False,0.17293120920658112
2oo9__A1_P22681--2oo9__B1_P22681,18,1,2,4,0.1752775511369992,15.15625,False,0.038823265582323074
2oo9__A1_P22681--2oo9__B1_P22681,19,2,3,4,0.0466213885444778,13.09375,False,0.03428114950656891
2oo9__A1_P22681--2oo9__B1_P22681,20,2,1,4,0.1085420478283226,12.8828125,False,0.28665691614151
2p09__A1_UNDEFINED--2p09__A2_UNDEFINED,1,5,0,4,0.0253604512405473,16.140625,False,0.03111969865858555
2p09__A1_UNDEFINED--2p09__A2_UNDEFINED,2,2,1,4,0.0372737938342161,13.8515625,False,0.22632648050785065
2p09__A1_UNDEFINED--2p09__A2_UNDEFINED,3,5,2,4,0.0577662452357839,13.828125,False,0.06635530292987823
2p09__A1_UNDEFINED--2p09__A2_UNDEFINED,4,4,0,4,0.0276151845093954,12.6875,False,0.03872653841972351
2p09__A1_UNDEFINED--2p09__A2_UNDEFINED,5,1,0,4,0.0308248348965228,12.3125,False,0.005764816887676716
2p09__A1_UNDEFINED--2p09__A2_UNDEFINED,6,3,3,4,0.0298441348953723,12.1796875,False,0.17359621822834015
2p09__A1_UNDEFINED--2p09__A2_UNDEFINED,7,5,1,4,0.052081230965971,11.78125,False,0.013509062118828297
2p09__A1_UNDEFINED--2p09__A2_UNDEFINED,8,5,3,4,0.0341345210584911,11.625,False,0.11601758748292923
2p09__A1_UNDEFINED--2p09__A2_UNDEFINED,9,2,2,4,0.0524805082922966,11.515625,False,0.006209325976669788
2p09__A1_UNDEFINED--2p09__A2_UNDEFINED,10,2,0,4,0.0342287096323461,11.234375,False,0.01182000245898962
2p09__A1_UNDEFINED--2p09__A2_UNDEFINED,11,2,3,4,0.0276256256488981,11.1171875,False,0.07136231660842896
2p09__A1_UNDEFINED--2p09__A2_UNDEFINED,12,4,3,4,0.0302047062625797,10.6015625,False,0.03338879346847534
2p09__A1_UNDEFINED--2p09__A2_UNDEFINED,13,1,3,4,0.0320059604929642,10.125,False,0.09506240487098694
2p09__A1_UNDEFINED--2p09__A2_UNDEFINED,14,3,1,4,0.0422533800283671,9.59375,False,0.01774120144546032
2p09__A1_UNDEFINED--2p09__A2_UNDEFINED,15,1,1,4,0.0333258141347984,9.546875,False,0.08696825057268143
2p09__A1_UNDEFINED--2p09__A2_UNDEFINED,16,1,2,4,0.0278924552707792,9.3046875,False,0.03829001262784004
2p09__A1_UNDEFINED--2p09__A2_UNDEFINED,17,4,2,4,0.0500284654879715,9.1875,False,0.29189789295196533
2p09__A1_UNDEFINED--2p09__A2_UNDEFINED,18,3,0,4,0.0835606806609947,9.140625,False,0.046594224870204926
2p09__A1_UNDEFINED--2p09__A2_UNDEFINED,19,4,1,4,0.0285474340584082,8.5390625,False,0.00228446745313704
2p09__A1_UNDEFINED--2p09__A2_UNDEFINED,20,3,2,4,0.0186277728429617,8.46875,False,0.040538400411605835
2pyu__A1_P52061--2pyu__A2_P52061,1,4,0,1,0.4076441283125315,87.0625,True,0.8377470970153809
2pyu__A1_P52061--2pyu__A2_P52061,2,4,3,1,0.4036663454835574,87.0625,True,0.8377470970153809
2pyu__A1_P52061--2pyu__A2_P52061,3,3,3,1,0.3803558764245874,86.875,True,0.8377470970153809
2pyu__A1_P52061--2pyu__A2_P52061,4,4,2,1,0.4129012310401552,86.8125,True,0.8377470970153809
2pyu__A1_P52061--2pyu__A2_P52061,5,4,1,1,0.4195618673164995,86.6875,True,0.8377470970153809
2pyu__A1_P52061--2pyu__A2_P52061,6,3,0,1,0.3793926108710972,86.625,True,0.8377470970153809
2pyu__A1_P52061--2pyu__A2_P52061,7,3,1,1,0.377496386228059,86.5625,True,0.8377470970153809
2pyu__A1_P52061--2pyu__A2_P52061,8,3,2,1,0.3905828840477504,86.125,True,0.8377470970153809
2pyu__A1_P52061--2pyu__A2_P52061,9,2,1,1,0.412293799219126,85.6875,True,0.8377470970153809
2pyu__A1_P52061--2pyu__A2_P52061,10,5,3,1,0.4404453418619421,85.625,True,0.8377470970153809
2pyu__A1_P52061--2pyu__A2_P52061,11,5,0,1,0.4530955491007961,85.625,True,0.8377470970153809
2pyu__A1_P52061--2pyu__A2_P52061,12,2,2,1,0.4221441605419815,85.125,True,0.8377470970153809
2pyu__A1_P52061--2pyu__A2_P52061,13,2,0,1,0.4164199865875619,85.0625,True,0.8154518604278564
2pyu__A1_P52061--2pyu__A2_P52061,14,1,1,1,0.3940830283754219,84.9375,True,0.8329097628593445
2pyu__A1_P52061--2pyu__A2_P52061,15,1,3,1,0.4058741869799983,84.875,True,0.8329097628593445
2pyu__A1_P52061--2pyu__A2_P52061,16,1,2,1,0.4058235848453462,84.375,True,0.8329097628593445
2pyu__A1_P52061--2pyu__A2_P52061,17,1,0,1,0.3854196498147482,84.1875,True,0.8329097628593445
2pyu__A1_P52061--2pyu__A2_P52061,18,2,3,1,0.4171385261137125,84.1875,True,0.8377470970153809
2pyu__A1_P52061--2pyu__A2_P52061,19,5,2,1,0.4520367434688895,83.9375,True,0.8377470970153809
2pyu__A1_P52061--2pyu__A2_P52061,20,5,1,1,0.4520667559437035,83.3125,True,0.8377470970153809
2q1k__A1_Q1EHA4--2q1k__B1_Q1EHA4,1,5,0,0,0.5814439604738205,27.375,True,0.9716376066207886
2q1k__A1_Q1EHA4--2q1k__B1_Q1EHA4,2,5,1,0,0.4945143250722399,23.578125,True,0.997333288192749
2q1k__A1_Q1EHA4--2q1k__B1_Q1EHA4,3,5,2,0,0.4717472093892385,23.203125,True,0.7173205614089966
2q1k__A1_Q1EHA4--2q1k__B1_Q1EHA4,4,1,1,0,0.2930925949006734,21.0,True,0.08869063854217529
2q1k__A1_Q1EHA4--2q1k__B1_Q1EHA4,5,1,3,0,0.2951084537298267,19.546875,True,0.08013370633125305
2q1k__A1_Q1EHA4--2q1k__B1_Q1EHA4,6,4,0,0,0.5434251028835557,19.53125,True,0.9931154847145081
2q1k__A1_Q1EHA4--2q1k__B1_Q1EHA4,7,2,1,0,0.3763969184513336,19.453125,True,0.27216312289237976
2q1k__A1_Q1EHA4--2q1k__B1_Q1EHA4,8,2,3,0,0.4097953289146483,18.5625,True,0.8170822858810425
2q1k__A1_Q1EHA4--2q1k__B1_Q1EHA4,9,1,0,0,0.3708191174746354,18.125,True,0.9980485439300537
2q1k__A1_Q1EHA4--2q1k__B1_Q1EHA4,10,5,3,0,0.3755092111019816,18.109375,True,0.23962141573429108
2q1k__A1_Q1EHA4--2q1k__B1_Q1EHA4,11,4,2,0,0.4869587558501201,17.90625,True,0.9999344348907471
2q1k__A1_Q1EHA4--2q1k__B1_Q1EHA4,12,4,1,0,0.4235500773491054,17.515625,True,0.9994118213653564
2q1k__A1_Q1EHA4--2q1k__B1_Q1EHA4,13,4,3,0,0.5161001586170864,16.5625,True,0.9975911378860474
2q1k__A1_Q1EHA4--2q1k__B1_Q1EHA4,14,1,2,0,0.2203256307422129,15.8125,False,0.15342967212200165
2q1k__A1_Q1EHA4--2q1k__B1_Q1EHA4,15,2,2,0,0.2156043415431718,15.34375,False,0.04363939166069031
2q1k__A1_Q1EHA4--2q1k__B1_Q1EHA4,16,2,0,0,0.3268206621952763,15.140625,True,0.11708270758390427
2q1k__A1_Q1EHA4--2q1k__B1_Q1EHA4,17,3,2,0,0.3450056081602016,14.7109375,True,0.13431228697299957
2q1k__A1_Q1EHA4--2q1k__B1_Q1EHA4,18,3,3,0,0.0871050704239417,13.3828125,False,0.02582799457013607
2q1k__A1_Q1EHA4--2q1k__B1_Q1EHA4,19,3,0,0,0.0447438819786069,12.96875,False,0.0106504512950778
2q1k__A1_Q1EHA4--2q1k__B1_Q1EHA4,20,3,1,0,0.0534617143313404,12.125,False,0.00417594937607646
2qko__B1_Q0S912--2qko__A1_Q0S912,1,3,2,0,0.1608734091042163,76.375,False,0.0006604169611819088
2qko__B1_Q0S912--2qko__A1_Q0S912,2,5,2,0,0.5274122863055469,74.25,True,6.226088800076468e-08
2qko__B1_Q0S912--2qko__A1_Q0S912,3,5,1,0,0.5341077180619321,73.5,True,1.6441946115719475e-07
2qko__B1_Q0S912--2qko__A1_Q0S912,4,5,3,0,0.5324780371044128,72.6875,True,1.1542985589585442e-07
2qko__B1_Q0S912--2qko__A1_Q0S912,5,5,0,0,0.541982111119558,69.375,True,2.539200920637086e-07
2qko__B1_Q0S912--2qko__A1_Q0S912,6,2,3,0,0.1668892605356658,66.9375,False,0.0005259938188828528
2qko__B1_Q0S912--2qko__A1_Q0S912,7,3,0,0,0.5902864388780859,65.0625,True,0.04312755912542343
2qko__B1_Q0S912--2qko__A1_Q0S912,8,2,2,0,0.1685347728828743,65.0,False,0.0001292302185902372
2qko__B1_Q0S912--2qko__A1_Q0S912,9,3,1,0,0.1703413539497436,64.9375,False,0.0004937800695188344
2qko__B1_Q0S912--2qko__A1_Q0S912,10,2,1,0,0.1696712897944744,63.125,False,0.00013149528240319341
2qko__B1_Q0S912--2qko__A1_Q0S912,11,3,3,0,0.5451956852315835,60.59375,True,5.657900601363508e-07
2qko__B1_Q0S912--2qko__A1_Q0S912,12,2,0,0,0.578039428253397,58.84375,True,0.0009435981046408415
2qko__B1_Q0S912--2qko__A1_Q0S912,13,1,0,0,0.1712376500331252,54.5,False,0.00029675528639927506
2qko__B1_Q0S912--2qko__A1_Q0S912,14,1,1,0,0.1634979397436501,54.125,False,0.0008213803521357477
2qko__B1_Q0S912--2qko__A1_Q0S912,15,1,2,0,0.1644805451213252,51.40625,False,0.00012783009151462466
2qko__B1_Q0S912--2qko__A1_Q0S912,16,4,0,0,0.2107395490896619,36.03125,False,2.3445867469717996e-09
2qko__B1_Q0S912--2qko__A1_Q0S912,17,4,1,0,0.0864379669975773,34.03125,False,0.43050235509872437
2qko__B1_Q0S912--2qko__A1_Q0S912,18,4,2,0,0.0795873948689795,33.53125,False,0.7723345756530762
2qko__B1_Q0S912--2qko__A1_Q0S912,19,1,3,0,0.5372202902635537,33.0625,True,9.454941505282477e-07
2qko__B1_Q0S912--2qko__A1_Q0S912,20,4,3,0,0.0611042722551106,28.375,False,0.8504542112350464
2qpv__A1_Q7CZ16--2qpv__B1_Q7CZ16,1,5,2,0,0.0097371829607608,87.3125,False,0.9371927380561829
2qpv__A1_Q7CZ16--2qpv__B1_Q7CZ16,2,5,3,0,0.0097659605508792,87.0,False,0.9388806819915771
2qpv__A1_Q7CZ16--2qpv__B1_Q7CZ16,3,5,1,0,0.0097455484300204,86.875,False,0.9488555788993835
2qpv__A1_Q7CZ16--2qpv__B1_Q7CZ16,4,5,0,0,0.0097461456680988,86.6875,False,0.948975682258606
2qpv__A1_Q7CZ16--2qpv__B1_Q7CZ16,5,4,0,0,0.0097501793855464,86.25,False,0.9645757675170898
2qpv__A1_Q7CZ16--2qpv__B1_Q7CZ16,6,4,3,0,0.0097429974261603,85.5625,False,0.9668940901756287
2qpv__A1_Q7CZ16--2qpv__B1_Q7CZ16,7,4,2,0,0.0096902580795821,85.0,False,0.941788911819458
2qpv__A1_Q7CZ16--2qpv__B1_Q7CZ16,8,1,0,0,0.0097827140209448,84.8125,False,0.9655649065971375
2qpv__A1_Q7CZ16--2qpv__B1_Q7CZ16,9,2,0,0,0.0097615778313525,84.8125,False,0.9205356240272522
2qpv__A1_Q7CZ16--2qpv__B1_Q7CZ16,10,3,0,0,0.0097161235784996,84.75,False,0.9371927380561829
2qpv__A1_Q7CZ16--2qpv__B1_Q7CZ16,11,1,3,0,0.0097663653857287,84.6875,False,0.9655649065971375
2qpv__A1_Q7CZ16--2qpv__B1_Q7CZ16,12,2,3,0,0.0097353344715395,84.6875,False,0.9205356240272522
2qpv__A1_Q7CZ16--2qpv__B1_Q7CZ16,13,2,2,0,0.0097704394088951,84.5625,False,0.9205356240272522
2qpv__A1_Q7CZ16--2qpv__B1_Q7CZ16,14,4,1,0,0.0097095904342031,84.5,False,0.9393904209136963
2qpv__A1_Q7CZ16--2qpv__B1_Q7CZ16,15,1,2,0,0.0097753071445291,84.3125,False,0.9738889336585999
2qpv__A1_Q7CZ16--2qpv__B1_Q7CZ16,16,1,1,0,0.0097596336111963,84.125,False,0.9668302536010742
2qpv__A1_Q7CZ16--2qpv__B1_Q7CZ16,17,3,2,0,0.0097146485036429,83.875,False,0.9371927380561829
2qpv__A1_Q7CZ16--2qpv__B1_Q7CZ16,18,3,1,0,0.0097370950600656,83.5,False,0.9392913579940796
2qpv__A1_Q7CZ16--2qpv__B1_Q7CZ16,19,3,3,0,0.0097526475887695,83.3125,False,0.9707928895950317
2qpv__A1_Q7CZ16--2qpv__B1_Q7CZ16,20,2,1,0,0.0097152252720428,83.25,False,0.9205356240272522
2r17__C1_Q96QK1--2r17__A1_Q9UBQ0,1,2,3,1,0.7553942881300472,91.4375,True,0.8903486728668213
2r17__C1_Q96QK1--2r17__A1_Q9UBQ0,2,2,2,1,0.7490386608755691,91.1875,True,0.7554073929786682
2r17__C1_Q96QK1--2r17__A1_Q9UBQ0,3,2,0,1,0.7576520187512864,91.125,True,0.7546728253364563
2r17__C1_Q96QK1--2r17__A1_Q9UBQ0,4,4,3,1,0.7337973452514667,90.875,True,0.9559234976768494
2r17__C1_Q96QK1--2r17__A1_Q9UBQ0,5,5,3,1,0.7742229058215845,90.8125,True,0.9047290682792664
2r17__C1_Q96QK1--2r17__A1_Q9UBQ0,6,2,1,1,0.7593236131700416,90.75,True,0.7273231148719788
2r17__C1_Q96QK1--2r17__A1_Q9UBQ0,7,5,0,1,0.764004349227987,90.6875,True,0.7964176535606384
2r17__C1_Q96QK1--2r17__A1_Q9UBQ0,8,3,2,1,0.757715053620232,90.5625,True,0.9244531393051147
2r17__C1_Q96QK1--2r17__A1_Q9UBQ0,9,5,1,1,0.7553584324712627,90.5,True,0.7910252213478088
2r17__C1_Q96QK1--2r17__A1_Q9UBQ0,10,5,2,1,0.7564498022710806,90.3125,True,0.8013672828674316
2r17__C1_Q96QK1--2r17__A1_Q9UBQ0,11,4,0,1,0.7498355212070885,90.3125,True,0.8780210614204407
2r17__C1_Q96QK1--2r17__A1_Q9UBQ0,12,1,3,1,0.7389026736798844,90.25,True,0.886642575263977
2r17__C1_Q96QK1--2r17__A1_Q9UBQ0,13,1,0,1,0.7242826368361636,90.125,True,0.8504937887191772
2r17__C1_Q96QK1--2r17__A1_Q9UBQ0,14,1,2,1,0.728738109694559,90.0625,True,0.789417028427124
2r17__C1_Q96QK1--2r17__A1_Q9UBQ0,15,4,1,1,0.7494610714020599,90.0625,True,0.8888205885887146
2r17__C1_Q96QK1--2r17__A1_Q9UBQ0,16,3,1,1,0.7644885188535189,89.9375,True,0.7582917809486389
2r17__C1_Q96QK1--2r17__A1_Q9UBQ0,17,3,3,1,0.7759470897904396,89.9375,True,0.8702988028526306
2r17__C1_Q96QK1--2r17__A1_Q9UBQ0,18,4,2,1,0.7400400770745471,89.5,True,0.7962585687637329
2r17__C1_Q96QK1--2r17__A1_Q9UBQ0,19,1,1,1,0.7377903144824692,89.1875,True,0.8436005711555481
2r17__C1_Q96QK1--2r17__A1_Q9UBQ0,20,3,0,1,0.7464962393180109,89.1875,True,0.9061928391456604
2r1f__A1_P28306--2r1f__B1_P28306,1,3,2,0,0.0138290556113118,59.0625,False,0.025896182283759117
2r1f__A1_P28306--2r1f__B1_P28306,2,3,0,0,0.0137026504577828,55.8125,False,0.018707962706685066
2r1f__A1_P28306--2r1f__B1_P28306,3,5,0,0,0.0138125767390335,46.40625,False,0.028984010219573975
2r1f__A1_P28306--2r1f__B1_P28306,4,1,3,0,0.3886154019849757,45.53125,True,0.2312125861644745
2r1f__A1_P28306--2r1f__B1_P28306,5,5,2,0,0.0140238723648413,44.03125,False,0.020539583638310432
2r1f__A1_P28306--2r1f__B1_P28306,6,5,1,0,0.0139679231280351,42.71875,False,0.020681343972682953
2r1f__A1_P28306--2r1f__B1_P28306,7,1,0,0,0.3725145591466836,40.8125,True,0.1361345648765564
2r1f__A1_P28306--2r1f__B1_P28306,8,1,2,0,0.3794718483141744,30.828125,True,0.12335363775491714
2r1f__A1_P28306--2r1f__B1_P28306,9,1,1,0,0.3463368956417267,24.40625,True,0.05930174142122269
2r1f__A1_P28306--2r1f__B1_P28306,10,5,3,0,0.0314580964254387,23.234375,False,0.19243714213371277
2r1f__A1_P28306--2r1f__B1_P28306,11,4,0,0,0.0076766513072745,21.390625,False,0.017323993146419525
2r1f__A1_P28306--2r1f__B1_P28306,12,4,2,0,0.0234933432983983,21.078125,False,0.16841688752174377
2r1f__A1_P28306--2r1f__B1_P28306,13,4,3,0,0.0670702408221219,20.953125,False,0.0749938040971756
2r1f__A1_P28306--2r1f__B1_P28306,14,3,3,0,0.0760478163257782,19.78125,False,0.017222782596945763
2r1f__A1_P28306--2r1f__B1_P28306,15,3,1,0,0.0117301277258822,19.59375,False,0.006263206247240305
2r1f__A1_P28306--2r1f__B1_P28306,16,2,1,0,0.1104561092168324,19.234375,False,0.14442381262779236
2r1f__A1_P28306--2r1f__B1_P28306,17,4,1,0,0.0410480329770573,19.15625,False,0.01512207556515932
2r1f__A1_P28306--2r1f__B1_P28306,18,2,3,0,0.0180626746431994,18.609375,False,0.020840033888816833
2r1f__A1_P28306--2r1f__B1_P28306,19,2,0,0,0.0223640240818419,18.453125,False,0.022293489426374435
2r1f__A1_P28306--2r1f__B1_P28306,20,2,2,0,0.0960175134334333,18.421875,False,0.05250234156847
2r7a__A1_O70018--2r7a__C1_O70018,1,4,1,2,0.1070391541449517,59.6875,False,0.6068663597106934
2r7a__A1_O70018--2r7a__C1_O70018,2,4,2,2,0.1125497004993629,52.8125,False,0.3943737745285034
2r7a__A1_O70018--2r7a__C1_O70018,3,4,3,2,0.098708060093,51.9375,False,0.5830221772193909
2r7a__A1_O70018--2r7a__C1_O70018,4,4,0,2,0.0814705023274148,51.125,False,0.47868064045906067
2r7a__A1_O70018--2r7a__C1_O70018,5,3,1,2,0.030864258861692,44.125,False,0.04616434872150421
2r7a__A1_O70018--2r7a__C1_O70018,6,3,3,2,0.0363822273499989,42.53125,False,0.04064460098743439
2r7a__A1_O70018--2r7a__C1_O70018,7,3,2,2,0.0699949411752384,35.71875,False,0.027192240580916405
2r7a__A1_O70018--2r7a__C1_O70018,8,3,0,2,0.0424350365405083,34.09375,False,0.07291825860738754
2r7a__A1_O70018--2r7a__C1_O70018,9,5,1,2,0.0336129962705581,31.09375,False,0.05862021446228027
2r7a__A1_O70018--2r7a__C1_O70018,10,5,2,2,0.0596331303121107,31.046875,False,0.03003581054508686
2r7a__A1_O70018--2r7a__C1_O70018,11,5,0,2,0.0332429957063831,29.890625,False,0.09143940359354019
2r7a__A1_O70018--2r7a__C1_O70018,12,5,3,2,0.0378444127814862,28.75,False,0.058356743305921555
2r7a__A1_O70018--2r7a__C1_O70018,13,2,1,2,0.0500869923283992,26.65625,False,0.0879824087023735
2r7a__A1_O70018--2r7a__C1_O70018,14,1,3,2,0.0516067844804887,25.0625,False,0.23295508325099945
2r7a__A1_O70018--2r7a__C1_O70018,15,1,1,2,0.0446820913676737,23.25,False,0.0061660753563046455
2r7a__A1_O70018--2r7a__C1_O70018,16,1,2,2,0.0291403836394436,22.140625,False,0.0210480447858572
2r7a__A1_O70018--2r7a__C1_O70018,17,2,3,2,0.0241241640110607,21.828125,False,0.08667312562465668
2r7a__A1_O70018--2r7a__C1_O70018,18,1,0,2,0.0170469598873214,21.453125,False,0.1520044207572937
2r7a__A1_O70018--2r7a__C1_O70018,19,2,0,2,0.018676750151124,21.109375,False,0.03576409071683884
2r7a__A1_O70018--2r7a__C1_O70018,20,2,2,2,0.021455111774549,20.75,False,0.22168254852294922
2r9a__A1_Q9H9Q4--2r9a__B1_Q9H9Q4,1,1,3,4,0.2073079940899882,50.15625,False,0.9602367281913757
2r9a__A1_Q9H9Q4--2r9a__B1_Q9H9Q4,2,1,1,4,0.2568450327817093,50.0625,True,0.2310330867767334
2r9a__A1_Q9H9Q4--2r9a__B1_Q9H9Q4,3,1,0,4,0.2129215883583936,49.96875,False,0.9901476502418518
2r9a__A1_Q9H9Q4--2r9a__B1_Q9H9Q4,4,3,3,4,0.2027770332412349,44.15625,False,0.9917707443237305
2r9a__A1_Q9H9Q4--2r9a__B1_Q9H9Q4,5,1,2,4,0.2527073106396156,44.0,True,0.5539870262145996
2r9a__A1_Q9H9Q4--2r9a__B1_Q9H9Q4,6,3,0,4,0.1975060599502103,42.59375,False,0.9944920539855957
2r9a__A1_Q9H9Q4--2r9a__B1_Q9H9Q4,7,3,2,4,0.1889112033461877,42.5625,False,0.9987736344337463
2r9a__A1_Q9H9Q4--2r9a__B1_Q9H9Q4,8,3,1,4,0.1940539080454519,41.53125,False,0.992432713508606
2r9a__A1_Q9H9Q4--2r9a__B1_Q9H9Q4,9,4,0,4,0.3220032295913913,39.9375,True,0.003925129305571318
2r9a__A1_Q9H9Q4--2r9a__B1_Q9H9Q4,10,2,2,4,0.2736603047375309,39.4375,True,1.951121475940454e-06
2r9a__A1_Q9H9Q4--2r9a__B1_Q9H9Q4,11,4,2,4,0.2981577729084947,39.09375,True,2.9234714020276442e-05
2r9a__A1_Q9H9Q4--2r9a__B1_Q9H9Q4,12,5,1,4,0.2785595035132553,38.53125,True,0.9995012283325195
2r9a__A1_Q9H9Q4--2r9a__B1_Q9H9Q4,13,2,1,4,0.2846275074352927,38.40625,True,0.00030079411226324737
2r9a__A1_Q9H9Q4--2r9a__B1_Q9H9Q4,14,4,1,4,0.3186385394093231,38.25,True,0.19356144964694977
2r9a__A1_Q9H9Q4--2r9a__B1_Q9H9Q4,15,5,0,4,0.2063216467069587,38.125,False,0.9929363131523132
2r9a__A1_Q9H9Q4--2r9a__B1_Q9H9Q4,16,5,2,4,0.2984581627426035,37.875,True,0.001049771555699408
2r9a__A1_Q9H9Q4--2r9a__B1_Q9H9Q4,17,5,3,4,0.1942701760493743,37.75,False,0.8465895056724548
2r9a__A1_Q9H9Q4--2r9a__B1_Q9H9Q4,18,4,3,4,0.2876311967412371,37.4375,True,4.777126378030516e-05
2r9a__A1_Q9H9Q4--2r9a__B1_Q9H9Q4,19,2,3,4,0.284040206257024,36.8125,True,2.1055848264950328e-06
2r9a__A1_Q9H9Q4--2r9a__B1_Q9H9Q4,20,2,0,4,0.2756393753869346,33.8125,True,0.00017181252769660205
2raf__B1_F9URQ8--2raf__A1_F9URQ8,1,4,1,1,0.6602259052884388,82.875,True,0.9622042179107666
2raf__B1_F9URQ8--2raf__A1_F9URQ8,2,4,0,1,0.634856120439785,81.3125,True,0.35227394104003906
2raf__B1_F9URQ8--2raf__A1_F9URQ8,3,4,2,1,0.458064279727188,78.5625,True,0.9809954762458801
2raf__B1_F9URQ8--2raf__A1_F9URQ8,4,5,1,1,0.5352504649677751,77.5,True,0.9782097935676575
2raf__B1_F9URQ8--2raf__A1_F9URQ8,5,5,3,1,0.5109641271887834,77.4375,True,0.9821678400039673
2raf__B1_F9URQ8--2raf__A1_F9URQ8,6,5,0,1,0.5482917080605559,76.6875,True,0.9763017296791077
2raf__B1_F9URQ8--2raf__A1_F9URQ8,7,3,3,1,0.5725699484914082,76.375,True,0.45871612429618835
2raf__B1_F9URQ8--2raf__A1_F9URQ8,8,3,2,1,0.5877556058897294,76.25,True,0.4425874948501587
2raf__B1_F9URQ8--2raf__A1_F9URQ8,9,4,3,1,0.6604585985987964,76.125,True,0.36868816614151
2raf__B1_F9URQ8--2raf__A1_F9URQ8,10,3,1,1,0.5925299322118974,76.0625,True,0.3058338463306427
2raf__B1_F9URQ8--2raf__A1_F9URQ8,11,5,2,1,0.515996458485405,74.3125,True,0.9782313704490662
2raf__B1_F9URQ8--2raf__A1_F9URQ8,12,3,0,1,0.5842576050516644,67.75,True,0.00020889643928967416
2raf__B1_F9URQ8--2raf__A1_F9URQ8,13,2,0,1,0.6253908416947769,67.25,True,0.9932767152786255
2raf__B1_F9URQ8--2raf__A1_F9URQ8,14,2,1,1,0.6362697569184567,64.8125,True,0.9965832829475403
2raf__B1_F9URQ8--2raf__A1_F9URQ8,15,2,3,1,0.6397590211792153,64.4375,True,0.8999025225639343
2raf__B1_F9URQ8--2raf__A1_F9URQ8,16,2,2,1,0.5266396554719022,56.40625,True,0.9972833395004272
2raf__B1_F9URQ8--2raf__A1_F9URQ8,17,1,3,1,0.6444712357678294,38.59375,True,0.9998939037322998
2raf__B1_F9URQ8--2raf__A1_F9URQ8,18,1,0,1,0.0383728052305352,24.234375,False,0.020997293293476105
2raf__B1_F9URQ8--2raf__A1_F9URQ8,19,1,2,1,0.0162182861449746,24.109375,False,0.12193767726421356
2raf__B1_F9URQ8--2raf__A1_F9URQ8,20,1,1,1,0.0678315492906828,23.9375,False,0.01424802653491497
2rax__A1_O15392--2rax__B1_Q53HL2,1,2,2,3,0.8608227888208647,82.3125,True,0.7486065030097961
2rax__A1_O15392--2rax__B1_Q53HL2,2,4,3,3,0.8726463894250883,82.0,True,0.836146354675293
2rax__A1_O15392--2rax__B1_Q53HL2,3,2,3,3,0.8648398754470419,81.9375,True,0.7952322959899902
2rax__A1_O15392--2rax__B1_Q53HL2,4,5,3,3,0.8670436753840692,81.8125,True,0.7529987096786499
2rax__A1_O15392--2rax__B1_Q53HL2,5,5,2,3,0.8660002679855285,81.8125,True,0.7529987096786499
2rax__A1_O15392--2rax__B1_Q53HL2,6,4,1,3,0.8716278855939996,81.75,True,0.8432123064994812
2rax__A1_O15392--2rax__B1_Q53HL2,7,4,2,3,0.8739968937861274,81.6875,True,0.836146354675293
2rax__A1_O15392--2rax__B1_Q53HL2,8,1,2,3,0.8549618151870301,81.625,True,0.849358856678009
2rax__A1_O15392--2rax__B1_Q53HL2,9,4,0,3,0.8766625705286023,81.5625,True,0.8451728820800781
2rax__A1_O15392--2rax__B1_Q53HL2,10,2,1,3,0.857878138373513,81.5625,True,0.7529987096786499
2rax__A1_O15392--2rax__B1_Q53HL2,11,5,0,3,0.8704669959660839,81.5,True,0.7288783192634583
2rax__A1_O15392--2rax__B1_Q53HL2,12,3,1,3,0.8771897137201613,81.4375,True,0.7529987096786499
2rax__A1_O15392--2rax__B1_Q53HL2,13,5,1,3,0.8729228558934011,81.3125,True,0.7288783192634583
2rax__A1_O15392--2rax__B1_Q53HL2,14,3,2,3,0.8696024681411588,81.3125,True,0.8086158037185669
2rax__A1_O15392--2rax__B1_Q53HL2,15,3,3,3,0.8722911479564006,81.1875,True,0.8086158037185669
2rax__A1_O15392--2rax__B1_Q53HL2,16,3,0,3,0.8822755129055252,81.1875,True,0.8112215995788574
2rax__A1_O15392--2rax__B1_Q53HL2,17,1,1,3,0.8656667264882624,81.0625,True,0.8382430076599121
2rax__A1_O15392--2rax__B1_Q53HL2,18,1,3,3,0.8563788895830028,80.625,True,0.8354208469390869
2rax__A1_O15392--2rax__B1_Q53HL2,19,1,0,3,0.8677546586387161,80.625,True,0.8382430076599121
2rax__A1_O15392--2rax__B1_Q53HL2,20,2,0,3,0.8679045157220258,80.4375,True,0.8239786624908447
2uxe__A1_Q49PX0--2uxe__C1_Q49PX0,1,4,3,0,0.0639503937922121,12.59375,False,0.017563417553901672
2uxe__A1_Q49PX0--2uxe__C1_Q49PX0,2,4,0,0,0.0933701843878026,12.34375,False,0.00825768057256937
2uxe__A1_Q49PX0--2uxe__C1_Q49PX0,3,4,1,0,0.0483972800124095,12.328125,False,0.01589854061603546
2uxe__A1_Q49PX0--2uxe__C1_Q49PX0,4,5,2,0,0.0574751657681354,12.03125,False,0.04375540092587471
2uxe__A1_Q49PX0--2uxe__C1_Q49PX0,5,1,1,0,0.0753462126530092,11.375,False,0.06445589661598206
2uxe__A1_Q49PX0--2uxe__C1_Q49PX0,6,3,1,0,0.0435821333989312,11.1796875,False,9.334492642665282e-05
2uxe__A1_Q49PX0--2uxe__C1_Q49PX0,7,3,3,0,0.0162266803290777,10.8203125,False,0.019514981657266617
2uxe__A1_Q49PX0--2uxe__C1_Q49PX0,8,3,0,0,0.0510445922127228,10.8046875,False,0.0033371986355632544
2uxe__A1_Q49PX0--2uxe__C1_Q49PX0,9,5,0,0,0.0264308974110859,10.375,False,0.027951693162322044
2uxe__A1_Q49PX0--2uxe__C1_Q49PX0,10,2,3,0,0.0322694253304975,10.2109375,False,0.011151855811476707
2uxe__A1_Q49PX0--2uxe__C1_Q49PX0,11,1,2,0,0.0652416927043107,10.1796875,False,0.0514858104288578
2uxe__A1_Q49PX0--2uxe__C1_Q49PX0,12,4,2,0,0.0526299871375223,10.125,False,0.005088686477392912
2uxe__A1_Q49PX0--2uxe__C1_Q49PX0,13,2,2,0,0.014334611579942,9.8203125,False,0.02473212406039238
2uxe__A1_Q49PX0--2uxe__C1_Q49PX0,14,2,1,0,0.0129177496009503,9.8046875,False,0.05078290402889252
2uxe__A1_Q49PX0--2uxe__C1_Q49PX0,15,1,0,0,0.0852091367316363,9.765625,False,0.038803402334451675
2uxe__A1_Q49PX0--2uxe__C1_Q49PX0,16,5,3,0,0.0339856144330076,9.671875,False,0.026084646582603455
2uxe__A1_Q49PX0--2uxe__C1_Q49PX0,17,3,2,0,0.0593836731524656,9.6484375,False,0.06693268567323685
2uxe__A1_Q49PX0--2uxe__C1_Q49PX0,18,2,0,0,0.0135477307780255,9.4609375,False,0.022610371932387352
2uxe__A1_Q49PX0--2uxe__C1_Q49PX0,19,5,1,0,0.0319749641813409,8.96875,False,0.00567224994301796
2uxe__A1_Q49PX0--2uxe__C1_Q49PX0,20,1,3,0,0.0684937822646756,8.8671875,False,0.009649588726460934
2uzx__B1_P08581--2uzx__A1_P0DQD2,1,2,0,4,0.5928089276253022,75.3125,True,0.0059870886616408825
2uzx__B1_P08581--2uzx__A1_P0DQD2,2,2,3,4,0.5621273070646414,74.6875,True,0.007914911024272442
2uzx__B1_P08581--2uzx__A1_P0DQD2,3,2,2,4,0.4177425220856161,51.75,True,0.014245998114347458
2uzx__B1_P08581--2uzx__A1_P0DQD2,4,2,1,4,0.3838478285764486,47.90625,True,0.011522705666720867
2uzx__B1_P08581--2uzx__A1_P0DQD2,5,5,0,4,0.048371215305507,31.03125,False,0.5327327847480774
2uzx__B1_P08581--2uzx__A1_P0DQD2,6,5,2,4,0.0445349469268148,30.59375,False,0.3468715250492096
2uzx__B1_P08581--2uzx__A1_P0DQD2,7,5,1,4,0.0350160935921201,30.125,False,0.11564011871814728
2uzx__B1_P08581--2uzx__A1_P0DQD2,8,1,2,4,0.0249273698086744,28.453125,False,0.02311611920595169
2uzx__B1_P08581--2uzx__A1_P0DQD2,9,3,0,4,0.0409108232930383,28.109375,False,0.2533855438232422
2uzx__B1_P08581--2uzx__A1_P0DQD2,10,3,1,4,0.0429033033916074,28.015625,False,0.21204909682273865
2uzx__B1_P08581--2uzx__A1_P0DQD2,11,5,3,4,0.074982981067739,27.96875,False,0.2769663333892822
2uzx__B1_P08581--2uzx__A1_P0DQD2,12,1,1,4,0.0282267445780362,27.3125,False,0.010800852440297604
2uzx__B1_P08581--2uzx__A1_P0DQD2,13,3,3,4,0.0460614168729429,27.046875,False,0.13703685998916626
2uzx__B1_P08581--2uzx__A1_P0DQD2,14,3,2,4,0.0441727306484573,26.9375,False,0.15177178382873535
2uzx__B1_P08581--2uzx__A1_P0DQD2,15,1,3,4,0.0287810868800486,26.21875,False,0.05417149141430855
2uzx__B1_P08581--2uzx__A1_P0DQD2,16,1,0,4,0.0212190461719156,26.015625,False,0.00424920255318284
2uzx__B1_P08581--2uzx__A1_P0DQD2,17,4,3,4,0.0370201418690799,25.90625,False,0.0249110609292984
2uzx__B1_P08581--2uzx__A1_P0DQD2,18,4,0,4,0.0362648956694899,25.78125,False,0.029199620708823204
2uzx__B1_P08581--2uzx__A1_P0DQD2,19,4,1,4,0.0382177332250127,25.6875,False,0.004561278969049454
2uzx__B1_P08581--2uzx__A1_P0DQD2,20,4,2,4,0.031487070788264,25.65625,False,0.004028798546642065
2vcg__D1_Q70I53--2vcg__A1_Q70I53,1,5,1,1,0.8884685571281515,85.375,True,0.8478337526321411
2vcg__D1_Q70I53--2vcg__A1_Q70I53,2,5,0,1,0.8821623136838189,85.1875,True,0.8216903209686279
2vcg__D1_Q70I53--2vcg__A1_Q70I53,3,5,3,1,0.8859569274536075,84.75,True,0.8136884570121765
2vcg__D1_Q70I53--2vcg__A1_Q70I53,4,4,3,1,0.8827416373080123,83.625,True,0.9535428285598755
2vcg__D1_Q70I53--2vcg__A1_Q70I53,5,4,2,1,0.890076450270919,81.75,True,0.8474096655845642
2vcg__D1_Q70I53--2vcg__A1_Q70I53,6,4,1,1,0.8923637949714079,81.3125,True,0.8599534034729004
2vcg__D1_Q70I53--2vcg__A1_Q70I53,7,5,2,1,0.8989015345807903,81.3125,True,0.7420153617858887
2vcg__D1_Q70I53--2vcg__A1_Q70I53,8,4,0,1,0.8916789966785896,78.875,True,0.8727055191993713
2vcg__D1_Q70I53--2vcg__A1_Q70I53,9,2,0,1,0.9004718109363821,76.375,True,0.8002142906188965
2vcg__D1_Q70I53--2vcg__A1_Q70I53,10,2,3,1,0.8988560287765367,74.875,True,0.9166979789733887
2vcg__D1_Q70I53--2vcg__A1_Q70I53,11,2,2,1,0.8973053952535817,71.125,True,0.7573156356811523
2vcg__D1_Q70I53--2vcg__A1_Q70I53,12,2,1,1,0.9012672658851713,70.4375,True,0.7500722408294678
2vcg__D1_Q70I53--2vcg__A1_Q70I53,13,3,3,1,0.8607005640361199,59.875,True,0.9208571314811707
2vcg__D1_Q70I53--2vcg__A1_Q70I53,14,3,1,1,0.8804941043442355,59.625,True,0.759197473526001
2vcg__D1_Q70I53--2vcg__A1_Q70I53,15,1,1,1,0.8872917936447376,58.0,True,0.7668306231498718
2vcg__D1_Q70I53--2vcg__A1_Q70I53,16,1,3,1,0.8754368457306042,57.6875,True,0.8642643690109253
2vcg__D1_Q70I53--2vcg__A1_Q70I53,17,1,2,1,0.8798782596434572,57.125,True,0.8226286172866821
2vcg__D1_Q70I53--2vcg__A1_Q70I53,18,3,2,1,0.8602886633811938,56.65625,True,0.9218748211860657
2vcg__D1_Q70I53--2vcg__A1_Q70I53,19,1,0,1,0.8713638586714431,56.03125,True,0.8971174359321594
2vcg__D1_Q70I53--2vcg__A1_Q70I53,20,3,0,1,0.85221575055622,52.8125,True,0.9230777025222778
2vlo__B1_P09883--2vlo__A1_P13479,1,4,0,3,0.8811099839542577,90.5,True,0.8110023736953735
2vlo__B1_P09883--2vlo__A1_P13479,2,4,1,3,0.8930967658564134,90.5,True,0.8314733505249023
2vlo__B1_P09883--2vlo__A1_P13479,3,4,2,3,0.88161969761063,90.375,True,0.8110023736953735
2vlo__B1_P09883--2vlo__A1_P13479,4,4,3,3,0.8786487731016549,90.0625,True,0.8110023736953735
2vlo__B1_P09883--2vlo__A1_P13479,5,1,0,3,0.8916198017939833,89.875,True,0.8258699774742126
2vlo__B1_P09883--2vlo__A1_P13479,6,1,2,3,0.8926543417255378,89.75,True,0.8236435055732727
2vlo__B1_P09883--2vlo__A1_P13479,7,2,2,3,0.8844105914150501,89.6875,True,0.8110023736953735
2vlo__B1_P09883--2vlo__A1_P13479,8,5,3,3,0.899842499213567,89.6875,True,0.8341661691665649
2vlo__B1_P09883--2vlo__A1_P13479,9,3,2,3,0.9185517764748724,89.6875,True,0.8341661691665649
2vlo__B1_P09883--2vlo__A1_P13479,10,5,2,3,0.8991605974732826,89.6875,True,0.8341661691665649
2vlo__B1_P09883--2vlo__A1_P13479,11,1,1,3,0.8965042278260813,89.5625,True,0.8137985467910767
2vlo__B1_P09883--2vlo__A1_P13479,12,3,0,3,0.9149851793296616,89.5,True,0.8341661691665649
2vlo__B1_P09883--2vlo__A1_P13479,13,1,3,3,0.895071369754732,89.4375,True,0.8137985467910767
2vlo__B1_P09883--2vlo__A1_P13479,14,3,1,3,0.9107900725000416,89.4375,True,0.8104367852210999
2vlo__B1_P09883--2vlo__A1_P13479,15,5,1,3,0.8943689679772037,89.4375,True,0.8104367852210999
2vlo__B1_P09883--2vlo__A1_P13479,16,5,0,3,0.8959789542280695,89.375,True,0.8341661691665649
2vlo__B1_P09883--2vlo__A1_P13479,17,2,3,3,0.8839085743775631,89.3125,True,0.8110023736953735
2vlo__B1_P09883--2vlo__A1_P13479,18,2,1,3,0.8775839894946159,89.3125,True,0.781857430934906
2vlo__B1_P09883--2vlo__A1_P13479,19,3,3,3,0.919999651075563,89.3125,True,0.8341661691665649
2vlo__B1_P09883--2vlo__A1_P13479,20,2,0,3,0.8795088577629165,89.3125,True,0.781857430934906
2w2d__A1_P0DPI1--2w2d__B1_P0DPI1,1,3,2,1,0.2993123699637441,75.75,True,0.1888713240623474
2w2d__A1_P0DPI1--2w2d__B1_P0DPI1,2,1,1,1,0.3768109227502039,74.375,True,0.22002467513084412
2w2d__A1_P0DPI1--2w2d__B1_P0DPI1,3,1,2,1,0.6088467608864075,72.4375,True,0.5259218811988831
2w2d__A1_P0DPI1--2w2d__B1_P0DPI1,4,4,2,1,0.570178437588834,72.375,True,0.4194033145904541
2w2d__A1_P0DPI1--2w2d__B1_P0DPI1,5,1,0,1,0.1456758595620122,69.4375,False,0.007623360026627779
2w2d__A1_P0DPI1--2w2d__B1_P0DPI1,6,4,0,1,0.2851770255473281,69.1875,True,0.03434295207262039
2w2d__A1_P0DPI1--2w2d__B1_P0DPI1,7,4,1,1,0.237898446214214,68.8125,True,0.431470662355423
2w2d__A1_P0DPI1--2w2d__B1_P0DPI1,8,1,3,1,0.2479508977126354,67.625,True,0.6462219953536987
2w2d__A1_P0DPI1--2w2d__B1_P0DPI1,9,5,0,1,0.2144540973615108,67.3125,False,0.715970516204834
2w2d__A1_P0DPI1--2w2d__B1_P0DPI1,10,2,0,1,0.2112185491211521,66.875,False,0.6111612319946289
2w2d__A1_P0DPI1--2w2d__B1_P0DPI1,11,3,0,1,0.1762945614338606,66.1875,False,0.13468104600906372
2w2d__A1_P0DPI1--2w2d__B1_P0DPI1,12,2,2,1,0.3814196211177149,64.8125,True,0.21372850239276886
2w2d__A1_P0DPI1--2w2d__B1_P0DPI1,13,4,3,1,0.1558595015928792,64.625,False,0.03569828346371651
2w2d__A1_P0DPI1--2w2d__B1_P0DPI1,14,3,3,1,0.1904203722733617,64.375,False,0.07566070556640625
2w2d__A1_P0DPI1--2w2d__B1_P0DPI1,15,2,3,1,0.1458409509320615,64.0625,False,0.11441884189844131
2w2d__A1_P0DPI1--2w2d__B1_P0DPI1,16,2,1,1,0.2485607811224135,63.375,True,0.3256305754184723
2w2d__A1_P0DPI1--2w2d__B1_P0DPI1,17,5,2,1,0.1742613518980164,63.15625,False,0.2525639235973358
2w2d__A1_P0DPI1--2w2d__B1_P0DPI1,18,5,1,1,0.1898658288816439,60.90625,False,0.12345751374959946
2w2d__A1_P0DPI1--2w2d__B1_P0DPI1,19,3,1,1,0.1934393023278247,39.90625,False,0.04105653613805771
2w2d__A1_P0DPI1--2w2d__B1_P0DPI1,20,5,3,1,0.0134627709115166,21.9375,False,0.022154314443469048
2wk4__B1_Q69014--2wk4__A1_Q69014,1,3,1,1,0.1855191729342689,32.6875,False,0.05758705735206604
2wk4__B1_Q69014--2wk4__A1_Q69014,2,3,3,1,0.1302960879893902,28.34375,False,0.0022769493516534567
2wk4__B1_Q69014--2wk4__A1_Q69014,3,5,1,1,0.0508230293247037,27.765625,False,0.39233413338661194
2wk4__B1_Q69014--2wk4__A1_Q69014,4,3,0,1,0.0740773346414993,27.5,False,0.05143757164478302
2wk4__B1_Q69014--2wk4__A1_Q69014,5,4,3,1,0.0812526149877014,27.3125,False,0.0006408175686374307
2wk4__B1_Q69014--2wk4__A1_Q69014,6,3,2,1,0.075812961568909,27.046875,False,0.03596923127770424
2wk4__B1_Q69014--2wk4__A1_Q69014,7,4,0,1,0.0368065373094622,26.828125,False,0.07373491674661636
2wk4__B1_Q69014--2wk4__A1_Q69014,8,5,2,1,0.0382012874230146,26.34375,False,0.3283049166202545
2wk4__B1_Q69014--2wk4__A1_Q69014,9,5,0,1,0.0476357223272605,26.15625,False,0.6770440340042114
2wk4__B1_Q69014--2wk4__A1_Q69014,10,2,1,1,0.0825632847059821,25.4375,False,0.025068342685699463
2wk4__B1_Q69014--2wk4__A1_Q69014,11,5,3,1,0.0477477548955623,25.4375,False,0.5237025022506714
2wk4__B1_Q69014--2wk4__A1_Q69014,12,2,3,1,0.0554302653288947,24.953125,False,0.893625020980835
2wk4__B1_Q69014--2wk4__A1_Q69014,13,4,2,1,0.0133859778135703,24.90625,False,0.0012409549672156572
2wk4__B1_Q69014--2wk4__A1_Q69014,14,2,2,1,0.0749600074385594,24.84375,False,0.007198451552540064
2wk4__B1_Q69014--2wk4__A1_Q69014,15,2,0,1,0.055441910789708,24.8125,False,0.6121465563774109
2wk4__B1_Q69014--2wk4__A1_Q69014,16,4,1,1,0.0156241216826322,24.734375,False,0.04197660833597183
2wk4__B1_Q69014--2wk4__A1_Q69014,17,1,1,1,0.0502247092139617,23.34375,False,0.03132180497050285
2wk4__B1_Q69014--2wk4__A1_Q69014,18,1,3,1,0.0174087426237946,23.328125,False,0.012193202041089535
2wk4__B1_Q69014--2wk4__A1_Q69014,19,1,0,1,0.0347764367605653,22.984375,False,0.15150532126426697
2wk4__B1_Q69014--2wk4__A1_Q69014,20,1,2,1,0.0338221389639485,22.96875,False,0.1348462551832199
2wmp__A1_Q1R2W9--2wmp__B1_Q47445,1,3,3,4,0.7911419155865644,91.8125,True,0.9205985069274902
2wmp__A1_Q1R2W9--2wmp__B1_Q47445,2,3,2,4,0.7990591126434156,91.75,True,0.826961100101471
2wmp__A1_Q1R2W9--2wmp__B1_Q47445,3,3,1,4,0.7883116944660674,91.75,True,0.9110921025276184
2wmp__A1_Q1R2W9--2wmp__B1_Q47445,4,3,0,4,0.7857807253228484,91.5625,True,0.8564571142196655
2wmp__A1_Q1R2W9--2wmp__B1_Q47445,5,5,0,4,0.8136599012600674,91.5,True,0.7741647362709045
2wmp__A1_Q1R2W9--2wmp__B1_Q47445,6,5,3,4,0.8185137149042446,91.25,True,0.846515953540802
2wmp__A1_Q1R2W9--2wmp__B1_Q47445,7,4,3,4,0.8046847575406014,91.1875,True,0.9398866891860962
2wmp__A1_Q1R2W9--2wmp__B1_Q47445,8,5,1,4,0.81719884353287,91.1875,True,0.8121750950813293
2wmp__A1_Q1R2W9--2wmp__B1_Q47445,9,2,2,4,0.8304349333518307,91.125,True,0.9001480340957642
2wmp__A1_Q1R2W9--2wmp__B1_Q47445,10,5,2,4,0.8224683597104371,90.9375,True,0.8061307668685913
2wmp__A1_Q1R2W9--2wmp__B1_Q47445,11,4,1,4,0.8042935598835106,90.875,True,0.9259708523750305
2wmp__A1_Q1R2W9--2wmp__B1_Q47445,12,4,0,4,0.8036810767501223,90.8125,True,0.8623411655426025
2wmp__A1_Q1R2W9--2wmp__B1_Q47445,13,2,0,4,0.8230348184520754,90.6875,True,0.873536229133606
2wmp__A1_Q1R2W9--2wmp__B1_Q47445,14,2,1,4,0.8339810174618831,90.625,True,0.871143102645874
2wmp__A1_Q1R2W9--2wmp__B1_Q47445,15,2,3,4,0.8290868030826412,90.5625,True,0.8971125483512878
2wmp__A1_Q1R2W9--2wmp__B1_Q47445,16,4,2,4,0.7994670941582771,90.4375,True,0.9194984436035156
2wmp__A1_Q1R2W9--2wmp__B1_Q47445,17,1,3,4,0.7998214878784555,90.0,True,0.8613800406455994
2wmp__A1_Q1R2W9--2wmp__B1_Q47445,18,1,0,4,0.7795974295286822,88.25,True,0.9497033357620239
2wmp__A1_Q1R2W9--2wmp__B1_Q47445,19,1,1,4,0.7666113986137271,88.125,True,0.959333062171936
2wmp__A1_Q1R2W9--2wmp__B1_Q47445,20,1,2,4,0.7643314022225823,87.9375,True,0.9609662890434265
2wuz__A1_Q7Z1V1--2wuz__B1_Q7Z1V1,1,5,0,3,0.0671304879713131,29.109375,False,0.2347795069217682
2wuz__A1_Q7Z1V1--2wuz__B1_Q7Z1V1,2,5,3,3,0.041724205790748,27.703125,False,0.01453009620308876
2wuz__A1_Q7Z1V1--2wuz__B1_Q7Z1V1,3,5,1,3,0.0330006187375906,27.515625,False,0.002001843648031354
2wuz__A1_Q7Z1V1--2wuz__B1_Q7Z1V1,4,5,2,3,0.0422023755454582,27.359375,False,0.02394556999206543
2wuz__A1_Q7Z1V1--2wuz__B1_Q7Z1V1,5,3,1,3,0.0417201924388666,26.625,False,0.003020281670615077
2wuz__A1_Q7Z1V1--2wuz__B1_Q7Z1V1,6,3,2,3,0.0281490144842161,26.453125,False,0.034730710089206696
2wuz__A1_Q7Z1V1--2wuz__B1_Q7Z1V1,7,3,0,3,0.0419413071005294,26.15625,False,0.024351127445697784
2wuz__A1_Q7Z1V1--2wuz__B1_Q7Z1V1,8,3,3,3,0.0421121001920963,25.984375,False,0.006020607426762581
2wuz__A1_Q7Z1V1--2wuz__B1_Q7Z1V1,9,4,2,3,0.0787462228514543,25.046875,False,0.0813208818435669
2wuz__A1_Q7Z1V1--2wuz__B1_Q7Z1V1,10,4,0,3,0.0916051336133335,24.953125,False,0.03286251425743103
2wuz__A1_Q7Z1V1--2wuz__B1_Q7Z1V1,11,4,3,3,0.0664850555578435,24.75,False,0.016023658215999603
2wuz__A1_Q7Z1V1--2wuz__B1_Q7Z1V1,12,4,1,3,0.039450391667807,24.40625,False,0.02601875178515911
2wuz__A1_Q7Z1V1--2wuz__B1_Q7Z1V1,13,1,0,3,0.1330547206394603,23.453125,False,0.0001526569394627586
2wuz__A1_Q7Z1V1--2wuz__B1_Q7Z1V1,14,1,2,3,0.1188696851877124,23.25,False,0.00022449405514635146
2wuz__A1_Q7Z1V1--2wuz__B1_Q7Z1V1,15,1,3,3,0.1269282050898818,23.09375,False,3.455754631431773e-05
2wuz__A1_Q7Z1V1--2wuz__B1_Q7Z1V1,16,1,1,3,0.1279814672247191,22.984375,False,1.7130118067143485e-05
2wuz__A1_Q7Z1V1--2wuz__B1_Q7Z1V1,17,2,3,3,0.0384727524288498,20.671875,False,0.018789229914546013
2wuz__A1_Q7Z1V1--2wuz__B1_Q7Z1V1,18,2,0,3,0.0152762579544738,20.328125,False,0.07858490943908691
2wuz__A1_Q7Z1V1--2wuz__B1_Q7Z1V1,19,2,1,3,0.0359839294277383,20.15625,False,0.10649731010198593
2wuz__A1_Q7Z1V1--2wuz__B1_Q7Z1V1,20,2,2,3,0.0147955344485018,19.9375,False,0.08887582272291183
2wwx__B1_Q5ZSQ3--2wwx__A1_P62820,1,4,2,4,0.0390408075124953,25.046875,False,0.7972415089607239
2wwx__B1_Q5ZSQ3--2wwx__A1_P62820,2,4,0,4,0.038354681977568,25.0,False,0.5661780834197998
2wwx__B1_Q5ZSQ3--2wwx__A1_P62820,3,3,3,4,0.0316570042974989,24.875,False,0.5447093844413757
2wwx__B1_Q5ZSQ3--2wwx__A1_P62820,4,3,0,4,0.0343412141444268,24.78125,False,0.6390230059623718
2wwx__B1_Q5ZSQ3--2wwx__A1_P62820,5,4,1,4,0.0363827643578954,24.671875,False,0.5928729772567749
2wwx__B1_Q5ZSQ3--2wwx__A1_P62820,6,1,3,4,0.3079211241153026,24.390625,True,0.08429739624261856
2wwx__B1_Q5ZSQ3--2wwx__A1_P62820,7,1,2,4,0.2180705328553063,24.21875,False,0.010264920070767403
2wwx__B1_Q5ZSQ3--2wwx__A1_P62820,8,3,2,4,0.0340663104124489,24.15625,False,0.5286345481872559
2wwx__B1_Q5ZSQ3--2wwx__A1_P62820,9,5,1,4,0.0336049885587504,24.125,False,0.5286345481872559
2wwx__B1_Q5ZSQ3--2wwx__A1_P62820,10,4,3,4,0.0330642467667153,24.125,False,0.850195586681366
2wwx__B1_Q5ZSQ3--2wwx__A1_P62820,11,3,1,4,0.0336202001167425,24.09375,False,0.7011718153953552
2wwx__B1_Q5ZSQ3--2wwx__A1_P62820,12,2,2,4,0.2145137477188508,24.03125,False,0.013507288880646229
2wwx__B1_Q5ZSQ3--2wwx__A1_P62820,13,5,2,4,0.2224577520092176,23.921875,False,0.07394848018884659
2wwx__B1_Q5ZSQ3--2wwx__A1_P62820,14,1,0,4,0.2244849410422678,23.90625,False,0.04393720626831055
2wwx__B1_Q5ZSQ3--2wwx__A1_P62820,15,2,1,4,0.2485132441298239,23.671875,True,0.05205569043755531
2wwx__B1_Q5ZSQ3--2wwx__A1_P62820,16,2,3,4,0.0411134951749728,23.640625,False,0.09538658708333969
2wwx__B1_Q5ZSQ3--2wwx__A1_P62820,17,2,0,4,0.221424750066905,23.59375,False,0.44357115030288696
2wwx__B1_Q5ZSQ3--2wwx__A1_P62820,18,5,0,4,0.3096495848765309,23.0625,True,0.5298567414283752
2wwx__B1_Q5ZSQ3--2wwx__A1_P62820,19,1,1,4,0.0239797085308384,22.453125,False,0.002214111154899001
2wwx__B1_Q5ZSQ3--2wwx__A1_P62820,20,5,3,4,0.1651646989135533,21.96875,False,0.022571610286831856
2x5f__A1_UNDEFINED--2x5f__B1_UNDEFINED,1,1,1,0,0.1398278224570319,95.5625,False,0.9540412425994873
2x5f__A1_UNDEFINED--2x5f__B1_UNDEFINED,2,1,3,0,0.1388721273934966,95.4375,False,0.9574598073959351
2x5f__A1_UNDEFINED--2x5f__B1_UNDEFINED,3,1,2,0,0.1389298586207985,95.375,False,0.956181526184082
2x5f__A1_UNDEFINED--2x5f__B1_UNDEFINED,4,1,0,0,0.1391759233804894,95.125,False,0.9419214129447937
2x5f__A1_UNDEFINED--2x5f__B1_UNDEFINED,5,3,0,0,0.1403158845579954,95.0,False,0.9409258365631104
2x5f__A1_UNDEFINED--2x5f__B1_UNDEFINED,6,3,3,0,0.1393581523468338,94.25,False,0.9529011249542236
2x5f__A1_UNDEFINED--2x5f__B1_UNDEFINED,7,3,2,0,0.1404229403666055,93.4375,False,0.9365611672401428
2x5f__A1_UNDEFINED--2x5f__B1_UNDEFINED,8,2,0,0,0.1397555941032107,93.1875,False,0.946078896522522
2x5f__A1_UNDEFINED--2x5f__B1_UNDEFINED,9,3,1,0,0.1433487865288417,93.0625,False,0.9396200180053711
2x5f__A1_UNDEFINED--2x5f__B1_UNDEFINED,10,5,3,0,0.1415289724088921,92.9375,False,0.9389927387237549
2x5f__A1_UNDEFINED--2x5f__B1_UNDEFINED,11,5,0,0,0.1415188970269471,92.8125,False,0.937096118927002
2x5f__A1_UNDEFINED--2x5f__B1_UNDEFINED,12,2,3,0,0.1400350343447547,92.6875,False,0.9511773586273193
2x5f__A1_UNDEFINED--2x5f__B1_UNDEFINED,13,4,1,0,0.1395743019310274,92.5625,False,0.940601110458374
2x5f__A1_UNDEFINED--2x5f__B1_UNDEFINED,14,2,1,0,0.1402440288318519,92.5,False,0.9242456555366516
2x5f__A1_UNDEFINED--2x5f__B1_UNDEFINED,15,4,3,0,0.140628878393077,92.4375,False,0.9557505249977112
2x5f__A1_UNDEFINED--2x5f__B1_UNDEFINED,16,5,2,0,0.1418288762586335,92.3125,False,0.9310553669929504
2x5f__A1_UNDEFINED--2x5f__B1_UNDEFINED,17,5,1,0,0.1391088539616383,92.25,False,0.9445484280586243
2x5f__A1_UNDEFINED--2x5f__B1_UNDEFINED,18,4,2,0,0.139875109122184,92.0625,False,0.9414995908737183
2x5f__A1_UNDEFINED--2x5f__B1_UNDEFINED,19,4,0,0,0.1397625206540072,91.4375,False,0.9315902590751648
2x5f__A1_UNDEFINED--2x5f__B1_UNDEFINED,20,2,2,0,0.1396356664971572,91.1875,False,0.9466617107391357
2xcu__A1_O66663--2xcu__C1_O66663,1,5,1,1,0.45063490265094,52.53125,True,0.8469387888908386
2xcu__A1_O66663--2xcu__C1_O66663,2,5,3,1,0.4927981060067179,50.8125,True,0.7964650988578796
2xcu__A1_O66663--2xcu__C1_O66663,3,5,0,1,0.4519914477319133,48.34375,True,0.9072923064231873
2xcu__A1_O66663--2xcu__C1_O66663,4,3,0,1,0.3960591783129144,37.46875,True,0.5589490532875061
2xcu__A1_O66663--2xcu__C1_O66663,5,3,1,1,0.4049389552933253,34.125,True,0.873227059841156
2xcu__A1_O66663--2xcu__C1_O66663,6,3,3,1,0.3818385544830829,33.84375,True,0.44028863310813904
2xcu__A1_O66663--2xcu__C1_O66663,7,3,2,1,0.377412184252688,33.75,True,0.38314288854599
2xcu__A1_O66663--2xcu__C1_O66663,8,5,2,1,0.3897741389255117,33.71875,True,0.9435147047042847
2xcu__A1_O66663--2xcu__C1_O66663,9,1,2,1,0.1613777204464161,28.828125,False,0.3059001863002777
2xcu__A1_O66663--2xcu__C1_O66663,10,2,0,1,0.055978193175436,27.859375,False,0.08402189612388611
2xcu__A1_O66663--2xcu__C1_O66663,11,1,1,1,0.1509638719214233,27.765625,False,0.007698892615735531
2xcu__A1_O66663--2xcu__C1_O66663,12,1,3,1,0.1535271298054768,27.53125,False,0.0036035466473549604
2xcu__A1_O66663--2xcu__C1_O66663,13,1,0,1,0.1345527682819513,27.34375,False,0.2467455416917801
2xcu__A1_O66663--2xcu__C1_O66663,14,2,2,1,0.0530212100517605,27.3125,False,0.161269873380661
2xcu__A1_O66663--2xcu__C1_O66663,15,2,3,1,0.0930254530530941,26.265625,False,0.07503703236579895
2xcu__A1_O66663--2xcu__C1_O66663,16,2,1,1,0.1626668891386891,26.0,False,0.8835394382476807
2xcu__A1_O66663--2xcu__C1_O66663,17,4,0,1,0.0096263673535294,25.296875,False,0.05144644156098366
2xcu__A1_O66663--2xcu__C1_O66663,18,4,1,1,0.0102882312285043,24.71875,False,0.07794596999883652
2xcu__A1_O66663--2xcu__C1_O66663,19,4,2,1,0.0113261298273571,24.015625,False,0.01320101972669363
2xcu__A1_O66663--2xcu__C1_O66663,20,4,3,1,0.012330345254376,23.828125,False,0.005282909609377384
2xf1__A1_Q8I467--2xf1__A2_Q8I467,1,5,3,3,0.0141696722278695,82.625,False,0.04702640324831009
2xf1__A1_Q8I467--2xf1__A2_Q8I467,2,5,0,3,0.0143151469161379,82.625,False,0.01703997328877449
2xf1__A1_Q8I467--2xf1__A2_Q8I467,3,5,2,3,0.0133887681130466,74.25,False,0.10052800178527832
2xf1__A1_Q8I467--2xf1__A2_Q8I467,4,2,3,3,0.0103350109941129,71.8125,False,0.016414815559983253
2xf1__A1_Q8I467--2xf1__A2_Q8I467,5,4,2,3,0.1711888438629572,71.375,False,0.014219330623745918
2xf1__A1_Q8I467--2xf1__A2_Q8I467,6,2,0,3,0.012744492667337,67.0625,False,0.09888903051614761
2xf1__A1_Q8I467--2xf1__A2_Q8I467,7,4,3,3,0.2029158535043161,65.9375,False,0.022739194333553314
2xf1__A1_Q8I467--2xf1__A2_Q8I467,8,4,1,3,0.2023197846755449,64.875,False,0.00031163767562247813
2xf1__A1_Q8I467--2xf1__A2_Q8I467,9,1,1,3,0.1974187042760838,62.09375,False,0.0037462033797055483
2xf1__A1_Q8I467--2xf1__A2_Q8I467,10,3,0,3,0.2554071677735563,61.59375,True,0.02927495539188385
2xf1__A1_Q8I467--2xf1__A2_Q8I467,11,1,2,3,0.1810736953115628,60.875,False,0.15927739441394806
2xf1__A1_Q8I467--2xf1__A2_Q8I467,12,5,1,3,0.2401066970336674,60.75,True,0.020383868366479874
2xf1__A1_Q8I467--2xf1__A2_Q8I467,13,3,2,3,0.2542564064529706,58.375,True,0.008216156624257565
2xf1__A1_Q8I467--2xf1__A2_Q8I467,14,3,3,3,0.2623622658292983,58.09375,True,0.0855066180229187
2xf1__A1_Q8I467--2xf1__A2_Q8I467,15,4,0,3,0.0119498863803611,57.78125,False,0.02384772337973118
2xf1__A1_Q8I467--2xf1__A2_Q8I467,16,1,0,3,0.1943213499805839,55.0,False,0.004469563718885183
2xf1__A1_Q8I467--2xf1__A2_Q8I467,17,3,1,3,0.2221529445983683,51.71875,False,0.011354625225067139
2xf1__A1_Q8I467--2xf1__A2_Q8I467,18,1,3,3,0.2048187743240591,38.75,False,0.01085673552006483
2xf1__A1_Q8I467--2xf1__A2_Q8I467,19,2,1,3,0.0130735385121938,25.1875,False,0.42860275506973267
2xf1__A1_Q8I467--2xf1__A2_Q8I467,20,2,2,3,0.0279430265490704,19.015625,False,0.18320424854755402
2xgg__B1_UNDEFINED--2xgg__A1_UNDEFINED,1,3,1,3,0.0378417677234843,75.9375,False,0.009597125463187695
2xgg__B1_UNDEFINED--2xgg__A1_UNDEFINED,2,3,3,3,0.0378864705474793,75.125,False,0.004449807573109865
2xgg__B1_UNDEFINED--2xgg__A1_UNDEFINED,3,3,0,3,0.0377958134125438,72.625,False,0.006222079508006573
2xgg__B1_UNDEFINED--2xgg__A1_UNDEFINED,4,2,0,3,0.0378448394828987,70.25,False,0.01830844022333622
2xgg__B1_UNDEFINED--2xgg__A1_UNDEFINED,5,2,2,3,0.0377825947198179,64.8125,False,0.007334517780691385
2xgg__B1_UNDEFINED--2xgg__A1_UNDEFINED,6,2,1,3,0.0378052769665171,64.5,False,0.004281732253730297
2xgg__B1_UNDEFINED--2xgg__A1_UNDEFINED,7,3,2,3,0.0377415120331988,63.5,False,0.01503504253923893
2xgg__B1_UNDEFINED--2xgg__A1_UNDEFINED,8,4,0,3,0.7227922987236667,63.03125,True,0.015128802508115768
2xgg__B1_UNDEFINED--2xgg__A1_UNDEFINED,9,5,1,3,0.0377219077906485,58.375,False,0.006856500171124935
2xgg__B1_UNDEFINED--2xgg__A1_UNDEFINED,10,5,3,3,0.0378986160731144,57.90625,False,0.0010753439273685217
2xgg__B1_UNDEFINED--2xgg__A1_UNDEFINED,11,2,3,3,0.0375065637983087,52.625,False,0.014830875210464
2xgg__B1_UNDEFINED--2xgg__A1_UNDEFINED,12,5,0,3,0.0383823070610461,49.125,False,0.006902818568050861
2xgg__B1_UNDEFINED--2xgg__A1_UNDEFINED,13,1,0,3,0.0379815019625951,44.4375,False,0.04029237478971481
2xgg__B1_UNDEFINED--2xgg__A1_UNDEFINED,14,5,2,3,0.0388363869992256,43.40625,False,0.004890320356935263
2xgg__B1_UNDEFINED--2xgg__A1_UNDEFINED,15,4,3,3,0.6892880952259149,43.15625,True,0.02988705225288868
2xgg__B1_UNDEFINED--2xgg__A1_UNDEFINED,16,1,2,3,0.0379755095351459,41.84375,False,0.014498496428132057
2xgg__B1_UNDEFINED--2xgg__A1_UNDEFINED,17,1,1,3,0.0381624194623457,41.375,False,0.01807650737464428
2xgg__B1_UNDEFINED--2xgg__A1_UNDEFINED,18,1,3,3,0.615467584890724,37.53125,True,0.08213376253843307
2xgg__B1_UNDEFINED--2xgg__A1_UNDEFINED,19,4,2,3,0.3917158956645463,34.1875,True,0.16485372185707092
2xgg__B1_UNDEFINED--2xgg__A1_UNDEFINED,20,4,1,3,0.301008743535093,31.921875,True,0.013270552270114422
2xr7__A1_Q589Y0--2xr7__A2_Q589Y0,1,4,1,2,0.0040351362861566,81.3125,False,0.22206279635429382
2xr7__A1_Q589Y0--2xr7__A2_Q589Y0,2,1,1,2,0.3855096062396286,72.625,True,0.006139657460153103
2xr7__A1_Q589Y0--2xr7__A2_Q589Y0,3,1,2,2,0.3674696595244499,69.9375,True,0.005457085091620684
2xr7__A1_Q589Y0--2xr7__A2_Q589Y0,4,1,3,2,0.3747114241531441,67.9375,True,0.006716245319694281
2xr7__A1_Q589Y0--2xr7__A2_Q589Y0,5,2,3,2,0.0039978532513763,53.75,False,0.23884116113185883
2xr7__A1_Q589Y0--2xr7__A2_Q589Y0,6,4,0,2,0.0027825853225991,37.125,False,0.23014721274375916
2xr7__A1_Q589Y0--2xr7__A2_Q589Y0,7,3,3,2,0.0027370340986028,26.203125,False,0.3313227891921997
2xr7__A1_Q589Y0--2xr7__A2_Q589Y0,8,1,0,2,0.0347077188886109,26.1875,False,0.014482439495623112
2xr7__A1_Q589Y0--2xr7__A2_Q589Y0,9,3,2,2,0.0027098636776673,24.734375,False,0.31706953048706055
2xr7__A1_Q589Y0--2xr7__A2_Q589Y0,10,3,0,2,0.0027103510089388,24.109375,False,0.35326671600341797
2xr7__A1_Q589Y0--2xr7__A2_Q589Y0,11,4,2,2,0.0031848600455568,23.890625,False,0.019493788480758667
2xr7__A1_Q589Y0--2xr7__A2_Q589Y0,12,4,3,2,0.003433934050082,23.859375,False,0.021720537915825844
2xr7__A1_Q589Y0--2xr7__A2_Q589Y0,13,2,2,2,0.019790923925228,22.78125,False,0.11985038220882416
2xr7__A1_Q589Y0--2xr7__A2_Q589Y0,14,2,1,2,0.0254071905328836,22.734375,False,0.11281488835811615
2xr7__A1_Q589Y0--2xr7__A2_Q589Y0,15,5,3,2,0.0050483698381416,21.609375,False,0.012627280317246914
2xr7__A1_Q589Y0--2xr7__A2_Q589Y0,16,5,0,2,0.0052788274771615,21.4375,False,0.019482608884572983
2xr7__A1_Q589Y0--2xr7__A2_Q589Y0,17,5,2,2,0.0052834859387163,21.171875,False,0.07527296990156174
2xr7__A1_Q589Y0--2xr7__A2_Q589Y0,18,3,1,2,0.0045973208541597,21.09375,False,0.031703703105449677
2xr7__A1_Q589Y0--2xr7__A2_Q589Y0,19,5,1,2,0.0059687265470513,20.9375,False,0.010607782751321793
2xr7__A1_Q589Y0--2xr7__A2_Q589Y0,20,2,0,2,0.0071206128810518,20.5,False,0.012188131920993328
2xuv__B1_P0AET2--2xuv__A1_P0AET2,1,1,0,3,0.0291494860720318,21.96875,False,0.2543408274650574
2xuv__B1_P0AET2--2xuv__A1_P0AET2,2,3,0,3,0.1057673216549296,21.90625,False,0.013353093527257442
2xuv__B1_P0AET2--2xuv__A1_P0AET2,3,3,3,3,0.0655072043339002,19.90625,False,0.0017223343020305037
2xuv__B1_P0AET2--2xuv__A1_P0AET2,4,1,1,3,0.041998000844261,19.09375,False,0.8525461554527283
2xuv__B1_P0AET2--2xuv__A1_P0AET2,5,1,3,3,0.0419634791708234,18.890625,False,0.5554680228233337
2xuv__B1_P0AET2--2xuv__A1_P0AET2,6,1,2,3,0.0406994339270914,18.6875,False,0.1730659455060959
2xuv__B1_P0AET2--2xuv__A1_P0AET2,7,5,0,3,0.0493230501812989,18.59375,False,0.016549233347177505
2xuv__B1_P0AET2--2xuv__A1_P0AET2,8,2,0,3,0.0311369240175661,16.625,False,0.3514682352542877
2xuv__B1_P0AET2--2xuv__A1_P0AET2,9,5,1,3,0.0780460055336935,16.0625,False,0.000424980215029791
2xuv__B1_P0AET2--2xuv__A1_P0AET2,10,5,2,3,0.0641248668714032,15.109375,False,0.04734165221452713
2xuv__B1_P0AET2--2xuv__A1_P0AET2,11,3,1,3,0.0790961639118508,14.7421875,False,0.002605393761768937
2xuv__B1_P0AET2--2xuv__A1_P0AET2,12,4,3,3,0.0511641296425966,13.375,False,0.1081184446811676
2xuv__B1_P0AET2--2xuv__A1_P0AET2,13,2,3,3,0.0269593652558154,12.7578125,False,0.0762886106967926
2xuv__B1_P0AET2--2xuv__A1_P0AET2,14,4,1,3,0.0387348762835466,12.5625,False,0.026228804141283035
2xuv__B1_P0AET2--2xuv__A1_P0AET2,15,2,2,3,0.0380922506508005,12.5390625,False,0.12898460030555725
2xuv__B1_P0AET2--2xuv__A1_P0AET2,16,2,1,3,0.0282987875594947,12.4609375,False,0.0655040368437767
2xuv__B1_P0AET2--2xuv__A1_P0AET2,17,4,2,3,0.0419509363288316,12.2890625,False,0.07290652394294739
2xuv__B1_P0AET2--2xuv__A1_P0AET2,18,3,2,3,0.0798385489525406,11.71875,False,0.18991291522979736
2xuv__B1_P0AET2--2xuv__A1_P0AET2,19,4,0,3,0.0625616087885005,11.546875,False,0.28207874298095703
2xuv__B1_P0AET2--2xuv__A1_P0AET2,20,5,3,3,0.0437671547649048,10.140625,False,0.02751089818775654
2y6b__A1_Q43758--2y6b__A2_Q43758,1,1,0,1,0.0051661456330997,94.75,False,0.7168946266174316
2y6b__A1_Q43758--2y6b__A2_Q43758,2,1,2,1,0.0051620710982665,94.5625,False,0.7998130321502686
2y6b__A1_Q43758--2y6b__A2_Q43758,3,3,0,1,0.0051602046880274,94.5625,False,0.6750494241714478
2y6b__A1_Q43758--2y6b__A2_Q43758,4,3,2,1,0.0051601659507582,94.5,False,0.7810822129249573
2y6b__A1_Q43758--2y6b__A2_Q43758,5,3,1,1,0.0051607387238299,94.4375,False,0.7798479199409485
2y6b__A1_Q43758--2y6b__A2_Q43758,6,3,3,1,0.0051602968972309,94.375,False,0.7168946266174316
2y6b__A1_Q43758--2y6b__A2_Q43758,7,1,3,1,0.0051616412130538,94.375,False,0.7168946266174316
2y6b__A1_Q43758--2y6b__A2_Q43758,8,1,1,1,0.0051602319785223,94.375,False,0.7280123233795166
2y6b__A1_Q43758--2y6b__A2_Q43758,9,4,2,1,0.0051685576456257,94.3125,False,0.8727684020996094
2y6b__A1_Q43758--2y6b__A2_Q43758,10,4,0,1,0.0051623500342098,94.3125,False,0.7514930963516235
2y6b__A1_Q43758--2y6b__A2_Q43758,11,2,2,1,0.0051731876526365,94.125,False,0.7168946266174316
2y6b__A1_Q43758--2y6b__A2_Q43758,12,2,0,1,0.0051763272673464,94.125,False,0.6750494241714478
2y6b__A1_Q43758--2y6b__A2_Q43758,13,4,1,1,0.0051616930183881,94.125,False,0.8727684020996094
2y6b__A1_Q43758--2y6b__A2_Q43758,14,2,1,1,0.0051716951727878,94.0,False,0.7168946266174316
2y6b__A1_Q43758--2y6b__A2_Q43758,15,2,3,1,0.0051741480665656,93.875,False,0.7168946266174316
2y6b__A1_Q43758--2y6b__A2_Q43758,16,5,2,1,0.0051689906682163,93.875,False,0.7168946266174316
2y6b__A1_Q43758--2y6b__A2_Q43758,17,4,3,1,0.0051541944420775,93.8125,False,0.8949088454246521
2y6b__A1_Q43758--2y6b__A2_Q43758,18,5,0,1,0.0051705450124563,93.75,False,0.7168946266174316
2y6b__A1_Q43758--2y6b__A2_Q43758,19,5,1,1,0.0051632511835978,93.625,False,0.8420796394348145
2y6b__A1_Q43758--2y6b__A2_Q43758,20,5,3,1,0.0051661936280087,93.375,False,0.8019574284553528
2y9y__B1_P43596--2y9y__A1_P38144,1,5,3,1,0.5177558234543114,90.0,True,0.8592954277992249
2y9y__B1_P43596--2y9y__A1_P38144,2,1,3,1,0.5900645561981019,90.0,True,0.8482906818389893
2y9y__B1_P43596--2y9y__A1_P38144,3,1,2,1,0.5585713709557603,89.875,True,0.8327338099479675
2y9y__B1_P43596--2y9y__A1_P38144,4,5,2,1,0.5187882887121825,89.875,True,0.8353842496871948
2y9y__B1_P43596--2y9y__A1_P38144,5,5,1,1,0.5378710590191617,89.75,True,0.8500210046768188
2y9y__B1_P43596--2y9y__A1_P38144,6,1,1,1,0.5672383774011512,89.625,True,0.8202657103538513
2y9y__B1_P43596--2y9y__A1_P38144,7,2,3,1,0.6000696857856065,89.5,True,0.8749828934669495
2y9y__B1_P43596--2y9y__A1_P38144,8,4,3,1,0.5424922870145134,89.375,True,0.9049487709999084
2y9y__B1_P43596--2y9y__A1_P38144,9,1,0,1,0.5717686639013201,89.375,True,0.8615404963493347
2y9y__B1_P43596--2y9y__A1_P38144,10,2,2,1,0.6196919193079337,89.3125,True,0.7531994581222534
2y9y__B1_P43596--2y9y__A1_P38144,11,2,1,1,0.591625871989583,89.3125,True,0.8106127977371216
2y9y__B1_P43596--2y9y__A1_P38144,12,2,0,1,0.6035499329603368,89.25,True,0.7547234892845154
2y9y__B1_P43596--2y9y__A1_P38144,13,3,2,1,0.5602610057663108,89.1875,True,0.85867840051651
2y9y__B1_P43596--2y9y__A1_P38144,14,4,0,1,0.5456331933241961,89.1875,True,0.8929948806762695
2y9y__B1_P43596--2y9y__A1_P38144,15,4,1,1,0.5418878397125698,89.125,True,0.883674681186676
2y9y__B1_P43596--2y9y__A1_P38144,16,5,0,1,0.510592351376525,89.0625,True,0.8440954685211182
2y9y__B1_P43596--2y9y__A1_P38144,17,3,1,1,0.5600807597577613,89.0,True,0.8337361812591553
2y9y__B1_P43596--2y9y__A1_P38144,18,3,0,1,0.5504924996876226,88.8125,True,0.8367152810096741
2y9y__B1_P43596--2y9y__A1_P38144,19,4,2,1,0.5440517688806422,88.5,True,0.8855250477790833
2y9y__B1_P43596--2y9y__A1_P38144,20,3,3,1,0.5555903995878002,87.9375,True,0.8390719294548035
2yaj__A1_Q38HX4--2yaj__B1_Q38HX3,1,5,0,4,0.9007527105821036,96.3125,True,0.8616189956665039
2yaj__A1_Q38HX4--2yaj__B1_Q38HX3,2,4,0,4,0.9011212420938935,96.25,True,0.893412172794342
2yaj__A1_Q38HX4--2yaj__B1_Q38HX3,3,4,3,4,0.9019613732669955,96.1875,True,0.8930856585502625
2yaj__A1_Q38HX4--2yaj__B1_Q38HX3,4,4,1,4,0.9003372529381272,96.1875,True,0.8930856585502625
2yaj__A1_Q38HX4--2yaj__B1_Q38HX3,5,5,2,4,0.8839425206782786,96.1875,True,0.8930856585502625
2yaj__A1_Q38HX4--2yaj__B1_Q38HX3,6,4,2,4,0.9030415428701613,96.1875,True,0.8930856585502625
2yaj__A1_Q38HX4--2yaj__B1_Q38HX3,7,5,3,4,0.9026943826706466,96.125,True,0.9050005078315735
2yaj__A1_Q38HX4--2yaj__B1_Q38HX3,8,5,1,4,0.9030422489540916,96.125,True,0.9104169011116028
2yaj__A1_Q38HX4--2yaj__B1_Q38HX3,9,3,0,4,0.8932370302994626,96.0625,True,0.8933708071708679
2yaj__A1_Q38HX4--2yaj__B1_Q38HX3,10,1,0,4,0.8944131246836532,96.0625,True,0.8826509714126587
2yaj__A1_Q38HX4--2yaj__B1_Q38HX3,11,1,2,4,0.8917604067168666,96.0,True,0.8975407481193542
2yaj__A1_Q38HX4--2yaj__B1_Q38HX3,12,3,2,4,0.8991913929760393,96.0,True,0.8862314820289612
2yaj__A1_Q38HX4--2yaj__B1_Q38HX3,13,1,3,4,0.8922633317122148,96.0,True,0.8819387555122375
2yaj__A1_Q38HX4--2yaj__B1_Q38HX3,14,1,1,4,0.8956188036493687,96.0,True,0.8731588125228882
2yaj__A1_Q38HX4--2yaj__B1_Q38HX3,15,2,0,4,0.8898807569705465,96.0,True,0.8707895278930664
2yaj__A1_Q38HX4--2yaj__B1_Q38HX3,16,3,1,4,0.895624228468396,95.9375,True,0.880125880241394
2yaj__A1_Q38HX4--2yaj__B1_Q38HX3,17,2,3,4,0.8860749852666636,95.9375,True,0.8797175288200378
2yaj__A1_Q38HX4--2yaj__B1_Q38HX3,18,3,3,4,0.8962051352354043,95.9375,True,0.8805626630783081
2yaj__A1_Q38HX4--2yaj__B1_Q38HX3,19,2,2,4,0.8826516488481725,95.875,True,0.8797175288200378
2yaj__A1_Q38HX4--2yaj__B1_Q38HX3,20,2,1,4,0.882562891773179,95.875,True,0.8797175288200378
2yin__B1_Q92608--2yin__D1_P63000,1,4,2,2,0.8843936849308087,92.3125,True,1.0
2yin__B1_Q92608--2yin__D1_P63000,2,5,3,2,0.8660989015618044,92.0625,True,1.0
2yin__B1_Q92608--2yin__D1_P63000,3,4,1,2,0.8909055857069657,92.0625,True,1.0
2yin__B1_Q92608--2yin__D1_P63000,4,4,3,2,0.8807297344036006,92.0625,True,1.0
2yin__B1_Q92608--2yin__D1_P63000,5,5,1,2,0.8728273663649113,92.0625,True,1.0
2yin__B1_Q92608--2yin__D1_P63000,6,5,2,2,0.8665511027352403,91.5,True,0.9999998807907104
2yin__B1_Q92608--2yin__D1_P63000,7,3,3,2,0.8719136857899367,91.3125,True,1.0
2yin__B1_Q92608--2yin__D1_P63000,8,1,3,2,0.8743884514257058,91.1875,True,0.9999997615814209
2yin__B1_Q92608--2yin__D1_P63000,9,1,1,2,0.8686110595948872,91.0,True,0.9999985694885254
2yin__B1_Q92608--2yin__D1_P63000,10,1,0,2,0.8737563493440468,91.0,True,0.9999799728393555
2yin__B1_Q92608--2yin__D1_P63000,11,3,1,2,0.8729900891916613,90.875,True,1.0
2yin__B1_Q92608--2yin__D1_P63000,12,3,2,2,0.8689603138253389,90.8125,True,1.0
2yin__B1_Q92608--2yin__D1_P63000,13,1,2,2,0.877156445869689,90.6875,True,0.9999971389770508
2yin__B1_Q92608--2yin__D1_P63000,14,4,0,2,0.8792545239355478,90.5625,True,0.9999998807907104
2yin__B1_Q92608--2yin__D1_P63000,15,2,1,2,0.8738175047483234,90.4375,True,0.9999997615814209
2yin__B1_Q92608--2yin__D1_P63000,16,2,2,2,0.870959083133147,90.25,True,1.0
2yin__B1_Q92608--2yin__D1_P63000,17,2,3,2,0.8723623535439287,89.75,True,1.0
2yin__B1_Q92608--2yin__D1_P63000,18,2,0,2,0.8668809960931888,89.375,True,0.9999998807907104
2yin__B1_Q92608--2yin__D1_P63000,19,5,0,2,0.4333921529315236,60.125,True,0.3365900218486786
2yin__B1_Q92608--2yin__D1_P63000,20,3,0,2,0.4135281253072677,57.65625,True,0.23769068717956543
2yip__A1_P81860--2yip__B1_P81860,1,3,2,2,0.2157851557074656,82.9375,False,0.9607502222061157
2yip__A1_P81860--2yip__B1_P81860,2,4,3,2,0.2667932870552733,82.625,True,0.9999508857727051
2yip__A1_P81860--2yip__B1_P81860,3,4,1,2,0.2612035834922384,82.375,True,0.9994422793388367
2yip__A1_P81860--2yip__B1_P81860,4,2,2,2,0.2515730478690239,81.625,True,0.9717479944229126
2yip__A1_P81860--2yip__B1_P81860,5,4,2,2,0.2673368164172418,80.0625,True,0.9999972581863403
2yip__A1_P81860--2yip__B1_P81860,6,3,0,2,0.2637914141994442,79.0,True,0.999894380569458
2yip__A1_P81860--2yip__B1_P81860,7,3,3,2,0.2574400163078297,76.5625,True,0.9996563196182251
2yip__A1_P81860--2yip__B1_P81860,8,4,0,2,0.2603530032152554,73.75,True,0.9999080896377563
2yip__A1_P81860--2yip__B1_P81860,9,3,1,2,0.2133042162254792,72.4375,False,0.8186848759651184
2yip__A1_P81860--2yip__B1_P81860,10,2,3,2,0.2806412289515035,71.3125,True,0.7167702317237854
2yip__A1_P81860--2yip__B1_P81860,11,5,0,2,0.2537872034013497,64.5625,True,0.9999902248382568
2yip__A1_P81860--2yip__B1_P81860,12,5,2,2,0.250426659912653,63.59375,True,0.999977707862854
2yip__A1_P81860--2yip__B1_P81860,13,1,1,2,0.2489548704958127,62.0,True,0.9963911175727844
2yip__A1_P81860--2yip__B1_P81860,14,5,3,2,0.2420746234572804,61.96875,True,0.9999932050704956
2yip__A1_P81860--2yip__B1_P81860,15,1,2,2,0.2569105370757768,57.65625,True,0.9994738698005676
2yip__A1_P81860--2yip__B1_P81860,16,5,1,2,0.2489119489992511,44.6875,True,0.9997983574867249
2yip__A1_P81860--2yip__B1_P81860,17,2,0,2,0.0449432841730269,27.671875,False,0.06061749532818794
2yip__A1_P81860--2yip__B1_P81860,18,2,1,2,0.0571174379510362,26.59375,False,0.16666628420352936
2yip__A1_P81860--2yip__B1_P81860,19,1,0,2,0.1938017253398815,26.046875,False,0.02473902702331543
2yip__A1_P81860--2yip__B1_P81860,20,1,3,2,0.1324414140767747,23.09375,False,0.9393340349197388
2ynw__B1_Q704V1--2ynw__A1_Q704V1,1,2,3,4,0.3661155933876656,23.34375,True,0.0022969183046370745
2ynw__B1_Q704V1--2ynw__A1_Q704V1,2,5,0,4,0.3306469560709625,22.984375,True,0.040968019515275955
2ynw__B1_Q704V1--2ynw__A1_Q704V1,3,5,3,4,0.2673588008216259,22.296875,True,0.00039747371920384467
2ynw__B1_Q704V1--2ynw__A1_Q704V1,4,5,2,4,0.2781526196385332,21.46875,True,0.002535022096708417
2ynw__B1_Q704V1--2ynw__A1_Q704V1,5,2,1,4,0.2695493310099964,21.296875,True,0.0010943834204226732
2ynw__B1_Q704V1--2ynw__A1_Q704V1,6,2,0,4,0.164932041907785,21.265625,False,0.34883230924606323
2ynw__B1_Q704V1--2ynw__A1_Q704V1,7,5,1,4,0.0874851023363269,20.65625,False,0.004229624755680561
2ynw__B1_Q704V1--2ynw__A1_Q704V1,8,2,2,4,0.2895645845447411,20.5,True,0.0037083574570715427
2ynw__B1_Q704V1--2ynw__A1_Q704V1,9,3,2,4,0.067736002592811,20.3125,False,0.01902974396944046
2ynw__B1_Q704V1--2ynw__A1_Q704V1,10,3,3,4,0.0787448866130315,20.125,False,0.011146126314997673
2ynw__B1_Q704V1--2ynw__A1_Q704V1,11,3,0,4,0.0394843102630784,19.796875,False,0.027745425701141357
2ynw__B1_Q704V1--2ynw__A1_Q704V1,12,1,1,4,0.0108438781228671,19.4375,False,0.005456525832414627
2ynw__B1_Q704V1--2ynw__A1_Q704V1,13,3,1,4,0.0485781769897826,19.125,False,0.0051172091625630856
2ynw__B1_Q704V1--2ynw__A1_Q704V1,14,1,3,4,0.0136352589975734,19.09375,False,0.023597273975610733
2ynw__B1_Q704V1--2ynw__A1_Q704V1,15,4,3,4,0.0096740649867782,18.84375,False,0.06406746059656143
2ynw__B1_Q704V1--2ynw__A1_Q704V1,16,1,0,4,0.0158525764863175,18.765625,False,0.006482594646513462
2ynw__B1_Q704V1--2ynw__A1_Q704V1,17,4,0,4,0.0271983018416611,18.625,False,0.019920120015740395
2ynw__B1_Q704V1--2ynw__A1_Q704V1,18,1,2,4,0.1313488665552086,18.328125,False,0.05104932561516762
2ynw__B1_Q704V1--2ynw__A1_Q704V1,19,4,2,4,0.0117024179120198,17.96875,False,0.006962071172893047
2ynw__B1_Q704V1--2ynw__A1_Q704V1,20,4,1,4,0.137709377767827,17.03125,False,0.0006703092949464917
2yor__A1_B9W4V6--2yor__B1_B9W4V6,1,5,1,1,0.0067649648430569,47.1875,False,0.0015122268814593554
2yor__A1_B9W4V6--2yor__B1_B9W4V6,2,5,2,1,0.0067120391824011,44.0625,False,0.005700620822608471
2yor__A1_B9W4V6--2yor__B1_B9W4V6,3,4,2,1,0.006676214237928,43.125,False,0.0005800784565508366
2yor__A1_B9W4V6--2yor__B1_B9W4V6,4,5,0,1,0.005880570090396,25.453125,False,0.07493957877159119
2yor__A1_B9W4V6--2yor__B1_B9W4V6,5,5,3,1,0.0065998377242153,23.4375,False,0.019793793559074402
2yor__A1_B9W4V6--2yor__B1_B9W4V6,6,2,0,1,0.052741987844567,22.234375,False,0.08250459283590317
2yor__A1_B9W4V6--2yor__B1_B9W4V6,7,2,1,1,0.078331973940238,21.9375,False,0.09585855901241302
2yor__A1_B9W4V6--2yor__B1_B9W4V6,8,3,0,1,0.0224345146585838,21.796875,False,0.009310223162174225
2yor__A1_B9W4V6--2yor__B1_B9W4V6,9,2,2,1,0.0678172534764409,21.703125,False,0.07739919424057007
2yor__A1_B9W4V6--2yor__B1_B9W4V6,10,2,3,1,0.0944093026652194,21.453125,False,0.02964669279754162
2yor__A1_B9W4V6--2yor__B1_B9W4V6,11,3,2,1,0.0063348918169708,20.890625,False,0.04316115379333496
2yor__A1_B9W4V6--2yor__B1_B9W4V6,12,4,1,1,0.0057268182455207,20.1875,False,0.044009730219841
2yor__A1_B9W4V6--2yor__B1_B9W4V6,13,4,0,1,0.0056094050227107,19.90625,False,0.028446732088923454
2yor__A1_B9W4V6--2yor__B1_B9W4V6,14,3,1,1,0.0356410439836605,19.84375,False,0.011920193210244179
2yor__A1_B9W4V6--2yor__B1_B9W4V6,15,4,3,1,0.005679609931428,19.546875,False,0.004795941058546305
2yor__A1_B9W4V6--2yor__B1_B9W4V6,16,3,3,1,0.0368175598747675,19.328125,False,0.008726678788661957
2yor__A1_B9W4V6--2yor__B1_B9W4V6,17,1,2,1,0.0059896220949162,19.3125,False,0.12192142009735107
2yor__A1_B9W4V6--2yor__B1_B9W4V6,18,1,0,1,0.142913986603958,19.25,False,0.07012530416250229
2yor__A1_B9W4V6--2yor__B1_B9W4V6,19,1,3,1,0.0065747567705413,19.1875,False,0.03588271513581276
2yor__A1_B9W4V6--2yor__B1_B9W4V6,20,1,1,1,0.0071232201746224,18.78125,False,0.0003935795393772423
2ypr__A1_Q99581--2ypr__B1_Q99581,1,1,0,1,0.8958408418298874,88.0625,True,0.6937472224235535
2ypr__A1_Q99581--2ypr__B1_Q99581,2,1,2,1,0.8942067051296725,86.9375,True,0.6495990753173828
2ypr__A1_Q99581--2ypr__B1_Q99581,3,1,3,1,0.8976493490406895,85.0625,True,0.6937472224235535
2ypr__A1_Q99581--2ypr__B1_Q99581,4,1,1,1,0.8895629477493507,75.0625,True,0.5191091895103455
2ypr__A1_Q99581--2ypr__B1_Q99581,5,2,3,1,0.7466032763002984,50.25,True,0.9948624968528748
2ypr__A1_Q99581--2ypr__B1_Q99581,6,3,1,1,0.0968166861539407,48.0625,False,0.9548919200897217
2ypr__A1_Q99581--2ypr__B1_Q99581,7,3,3,1,0.0944951777185203,46.53125,False,0.986998975276947
2ypr__A1_Q99581--2ypr__B1_Q99581,8,3,2,1,0.09672873145441,45.90625,False,0.9920892715454102
2ypr__A1_Q99581--2ypr__B1_Q99581,9,3,0,1,0.0975480031118539,45.40625,False,0.986998975276947
2ypr__A1_Q99581--2ypr__B1_Q99581,10,2,2,1,0.0978596494055726,38.875,False,0.7032040357589722
2ypr__A1_Q99581--2ypr__B1_Q99581,11,4,0,1,0.121655877202857,38.8125,False,0.2942141592502594
2ypr__A1_Q99581--2ypr__B1_Q99581,12,5,1,1,0.2230136277272757,38.65625,False,0.46681642532348633
2ypr__A1_Q99581--2ypr__B1_Q99581,13,4,1,1,0.1958157050295578,37.3125,False,0.32992488145828247
2ypr__A1_Q99581--2ypr__B1_Q99581,14,4,2,1,0.104033360984968,37.3125,False,0.9797917008399963
2ypr__A1_Q99581--2ypr__B1_Q99581,15,5,3,1,0.2254008468221359,35.65625,False,0.9093139171600342
2ypr__A1_Q99581--2ypr__B1_Q99581,16,2,1,1,0.3551191467644876,34.21875,True,0.03491051495075226
2ypr__A1_Q99581--2ypr__B1_Q99581,17,5,2,1,0.195509519384856,32.65625,False,0.978886604309082
2ypr__A1_Q99581--2ypr__B1_Q99581,18,2,0,1,0.199937495412558,32.21875,False,0.685433566570282
2ypr__A1_Q99581--2ypr__B1_Q99581,19,4,3,1,0.2160294960550719,30.9375,False,0.07778918743133545
2ypr__A1_Q99581--2ypr__B1_Q99581,20,5,0,1,0.202485382720351,29.890625,False,0.6870200037956238
2yq2__A1_Q01499--2yq2__B1_Q01499,1,3,0,4,0.3613568303261165,60.46875,True,0.10419166833162308
2yq2__A1_Q01499--2yq2__B1_Q01499,2,4,0,4,0.3285520265547484,55.03125,True,0.7084699273109436
2yq2__A1_Q01499--2yq2__B1_Q01499,3,4,2,4,0.3254124733529758,52.53125,True,0.6342349052429199
2yq2__A1_Q01499--2yq2__B1_Q01499,4,4,1,4,0.1327166917431079,49.71875,False,0.05940971523523331
2yq2__A1_Q01499--2yq2__B1_Q01499,5,3,3,4,0.0813108746061126,44.78125,False,1.0
2yq2__A1_Q01499--2yq2__B1_Q01499,6,1,1,4,0.0683786222343637,43.375,False,1.0
2yq2__A1_Q01499--2yq2__B1_Q01499,7,1,0,4,0.0744837931255165,43.25,False,0.9999995231628418
2yq2__A1_Q01499--2yq2__B1_Q01499,8,1,2,4,0.0760510201351989,42.40625,False,0.9999995231628418
2yq2__A1_Q01499--2yq2__B1_Q01499,9,1,3,4,0.0665651466738827,40.78125,False,1.0
2yq2__A1_Q01499--2yq2__B1_Q01499,10,5,2,4,0.0693989453981096,39.53125,False,1.0
2yq2__A1_Q01499--2yq2__B1_Q01499,11,5,0,4,0.0734203632632558,39.0,False,0.9999833106994629
2yq2__A1_Q01499--2yq2__B1_Q01499,12,2,3,4,0.0783678210726883,38.21875,False,1.0
2yq2__A1_Q01499--2yq2__B1_Q01499,13,2,1,4,0.0707372529158887,38.125,False,1.0
2yq2__A1_Q01499--2yq2__B1_Q01499,14,4,3,4,0.082550352981175,37.375,False,1.0
2yq2__A1_Q01499--2yq2__B1_Q01499,15,5,3,4,0.0841388045410986,36.8125,False,0.28278377652168274
2yq2__A1_Q01499--2yq2__B1_Q01499,16,2,0,4,0.079821672929332,31.46875,False,0.999972939491272
2yq2__A1_Q01499--2yq2__B1_Q01499,17,5,1,4,0.0741556630120344,30.921875,False,0.9986556768417358
2yq2__A1_Q01499--2yq2__B1_Q01499,18,3,2,4,0.0559881806753884,28.53125,False,0.588523805141449
2yq2__A1_Q01499--2yq2__B1_Q01499,19,3,1,4,0.0582063211596084,27.59375,False,0.43876925110816956
2yq2__A1_Q01499--2yq2__B1_Q01499,20,2,2,4,0.0500182840969871,23.109375,False,0.22593951225280762
2yx8__A1_O60894--2yx8__A2_O60894,1,2,2,2,0.0410312793502997,40.1875,False,0.09340875595808029
2yx8__A1_O60894--2yx8__A2_O60894,2,5,0,2,0.0353394770785887,39.21875,False,0.21225567162036896
2yx8__A1_O60894--2yx8__A2_O60894,3,4,1,2,0.0340528692219577,31.9375,False,0.20048610866069794
2yx8__A1_O60894--2yx8__A2_O60894,4,2,1,2,0.341038775369597,27.953125,True,0.009388722479343414
2yx8__A1_O60894--2yx8__A2_O60894,5,1,1,2,0.0320369211136339,25.765625,False,0.11284160614013672
2yx8__A1_O60894--2yx8__A2_O60894,6,3,0,2,0.0272219357661513,19.0625,False,0.19675271213054657
2yx8__A1_O60894--2yx8__A2_O60894,7,2,3,2,0.3076765110941432,17.171875,True,0.03804687038064003
2yx8__A1_O60894--2yx8__A2_O60894,8,2,0,2,0.275173172592715,16.859375,True,0.040355924516916275
2yx8__A1_O60894--2yx8__A2_O60894,9,1,0,2,0.0146457416856868,13.6328125,False,0.006056420039385557
2yx8__A1_O60894--2yx8__A2_O60894,10,5,3,2,0.0142780338371221,12.8671875,False,0.07240354269742966
2yx8__A1_O60894--2yx8__A2_O60894,11,1,2,2,0.0146120740969532,12.859375,False,0.030482668429613113
2yx8__A1_O60894--2yx8__A2_O60894,12,5,1,2,0.0168168597632619,12.828125,False,0.0037886074278503656
2yx8__A1_O60894--2yx8__A2_O60894,13,4,3,2,0.0198362959643004,12.7109375,False,0.029560567811131477
2yx8__A1_O60894--2yx8__A2_O60894,14,5,2,2,0.0184799943514035,12.671875,False,0.0379796139895916
2yx8__A1_O60894--2yx8__A2_O60894,15,4,0,2,0.0176791641425168,12.6328125,False,0.04095899686217308
2yx8__A1_O60894--2yx8__A2_O60894,16,4,2,2,0.0178016392413329,12.5390625,False,0.03623305633664131
2yx8__A1_O60894--2yx8__A2_O60894,17,1,3,2,0.0152971015011847,12.4921875,False,0.0024530186783522367
2yx8__A1_O60894--2yx8__A2_O60894,18,3,3,2,0.0165117435814795,12.4375,False,0.00474895304068923
2yx8__A1_O60894--2yx8__A2_O60894,19,3,1,2,0.0363894420442905,12.2421875,False,0.027422234416007996
2yx8__A1_O60894--2yx8__A2_O60894,20,3,2,2,0.0192410564911104,12.03125,False,0.06619986146688461
2z1b__A1_P10518--2z1b__A2_P10518,1,5,2,0,0.0199707040119806,89.5,False,0.931214451789856
2z1b__A1_P10518--2z1b__A2_P10518,2,5,1,0,0.0200127572814051,89.375,False,0.9531037211418152
2z1b__A1_P10518--2z1b__A2_P10518,3,5,3,0,0.0200218552773726,87.6875,False,0.916154146194458
2z1b__A1_P10518--2z1b__A2_P10518,4,5,0,0,0.0199932909535497,87.3125,False,0.8797355890274048
2z1b__A1_P10518--2z1b__A2_P10518,5,4,3,0,0.0230982920856562,85.4375,False,0.9955500364303589
2z1b__A1_P10518--2z1b__A2_P10518,6,4,2,0,0.020046461471953,85.0,False,0.9815017580986023
2z1b__A1_P10518--2z1b__A2_P10518,7,4,0,0,0.0201386615337267,85.0,False,0.9365605711936951
2z1b__A1_P10518--2z1b__A2_P10518,8,4,1,0,0.0200232620616969,84.375,False,0.9708777666091919
2z1b__A1_P10518--2z1b__A2_P10518,9,3,2,0,0.0140004602519262,82.1875,False,0.9945520758628845
2z1b__A1_P10518--2z1b__A2_P10518,10,3,0,0,0.0200740829065524,82.0625,False,0.9965897798538208
2z1b__A1_P10518--2z1b__A2_P10518,11,2,3,0,0.0261082235101654,80.875,False,0.9889677166938782
2z1b__A1_P10518--2z1b__A2_P10518,12,2,1,0,0.0200755525717379,80.8125,False,0.9441202878952026
2z1b__A1_P10518--2z1b__A2_P10518,13,3,1,0,0.0140353015521467,80.625,False,0.9916197061538696
2z1b__A1_P10518--2z1b__A2_P10518,14,1,0,0,0.0129286542706266,79.5,False,0.9552975296974182
2z1b__A1_P10518--2z1b__A2_P10518,15,3,3,0,0.0139630144687156,79.3125,False,0.9944539666175842
2z1b__A1_P10518--2z1b__A2_P10518,16,2,0,0,0.0201841739637848,78.1875,False,0.8892712593078613
2z1b__A1_P10518--2z1b__A2_P10518,17,2,2,0,0.0200586205627789,77.75,False,0.975423276424408
2z1b__A1_P10518--2z1b__A2_P10518,18,1,1,0,0.0141924852734568,77.0,False,0.9893590211868286
2z1b__A1_P10518--2z1b__A2_P10518,19,1,3,0,0.0201054189242063,75.25,False,0.9965140223503113
2z1b__A1_P10518--2z1b__A2_P10518,20,1,2,0,0.0261322592435964,75.0625,False,0.9949729442596436
2zae__A1_O59425--2zae__B1_O59248,1,2,0,2,0.7973690882559433,86.75,True,0.7080847024917603
2zae__A1_O59425--2zae__B1_O59248,2,2,1,2,0.779371068224914,86.0625,True,0.9097294807434082
2zae__A1_O59425--2zae__B1_O59248,3,1,1,2,0.7683982515016062,83.5625,True,0.9063438773155212
2zae__A1_O59425--2zae__B1_O59248,4,3,2,2,0.8050122985447592,81.1875,True,0.7533828616142273
2zae__A1_O59425--2zae__B1_O59248,5,3,1,2,0.8152789462893592,81.125,True,0.7642222046852112
2zae__A1_O59425--2zae__B1_O59248,6,2,2,2,0.4583542062758628,78.6875,True,0.9755723476409912
2zae__A1_O59425--2zae__B1_O59248,7,3,0,2,0.7833964495873934,77.9375,True,0.8395072221755981
2zae__A1_O59425--2zae__B1_O59248,8,4,1,2,0.4726772707380117,77.9375,True,0.9937333464622498
2zae__A1_O59425--2zae__B1_O59248,9,5,0,2,0.4564583767929684,77.625,True,0.9837239980697632
2zae__A1_O59425--2zae__B1_O59248,10,1,3,2,0.4587679727811708,77.5625,True,0.9213220477104187
2zae__A1_O59425--2zae__B1_O59248,11,4,0,2,0.4928571651534996,77.375,True,0.9785606265068054
2zae__A1_O59425--2zae__B1_O59248,12,2,3,2,0.470273560554843,77.3125,True,0.9753839373588562
2zae__A1_O59425--2zae__B1_O59248,13,5,1,2,0.436748338565208,77.1875,True,0.9862545728683472
2zae__A1_O59425--2zae__B1_O59248,14,4,3,2,0.4837282444311342,76.875,True,0.9807774424552917
2zae__A1_O59425--2zae__B1_O59248,15,1,2,2,0.4408782489592933,76.25,True,0.9957786798477173
2zae__A1_O59425--2zae__B1_O59248,16,5,3,2,0.4715297227681828,75.75,True,0.9916054010391235
2zae__A1_O59425--2zae__B1_O59248,17,4,2,2,0.5065640046400842,74.0,True,0.9957032799720764
2zae__A1_O59425--2zae__B1_O59248,18,5,2,2,0.4566715725850781,73.75,True,0.9927502870559692
2zae__A1_O59425--2zae__B1_O59248,19,3,3,2,0.6563993974412484,72.5,True,0.9984669089317322
2zae__A1_O59425--2zae__B1_O59248,20,1,0,2,0.4597617754395913,69.25,True,0.9889484643936157
2zcm__B1_Q5HKQ1--2zcm__A1_Q5HKQ1,1,1,1,4,0.5181718853140552,74.3125,True,0.06511963903903961
2zcm__B1_Q5HKQ1--2zcm__A1_Q5HKQ1,2,1,2,4,0.613272874298958,69.6875,True,0.30392464995384216
2zcm__B1_Q5HKQ1--2zcm__A1_Q5HKQ1,3,1,0,4,0.6381657624008806,69.25,True,0.3626253008842468
2zcm__B1_Q5HKQ1--2zcm__A1_Q5HKQ1,4,2,2,4,0.0941603051026904,64.5,False,0.003917425870895386
2zcm__B1_Q5HKQ1--2zcm__A1_Q5HKQ1,5,5,0,4,0.3891301247051448,63.3125,True,0.29425567388534546
2zcm__B1_Q5HKQ1--2zcm__A1_Q5HKQ1,6,2,3,4,0.5608689483683674,59.875,True,0.6864058971405029
2zcm__B1_Q5HKQ1--2zcm__A1_Q5HKQ1,7,3,3,4,0.33471087124189,59.65625,True,0.023544227704405785
2zcm__B1_Q5HKQ1--2zcm__A1_Q5HKQ1,8,3,0,4,0.0295271646007393,56.875,False,0.0015031133079901338
2zcm__B1_Q5HKQ1--2zcm__A1_Q5HKQ1,9,4,1,4,0.3995818843133671,55.96875,True,0.26448407769203186
2zcm__B1_Q5HKQ1--2zcm__A1_Q5HKQ1,10,4,0,4,0.3645306552542295,53.84375,True,0.13067878782749176
2zcm__B1_Q5HKQ1--2zcm__A1_Q5HKQ1,11,5,1,4,0.0616312706315426,53.40625,False,0.015146731398999691
2zcm__B1_Q5HKQ1--2zcm__A1_Q5HKQ1,12,1,3,4,0.3915154874192075,52.21875,True,0.7361084222793579
2zcm__B1_Q5HKQ1--2zcm__A1_Q5HKQ1,13,3,2,4,0.0416055885529054,51.59375,False,0.7203493118286133
2zcm__B1_Q5HKQ1--2zcm__A1_Q5HKQ1,14,4,3,4,0.0748515625520423,48.3125,False,0.0025025620125234127
2zcm__B1_Q5HKQ1--2zcm__A1_Q5HKQ1,15,2,0,4,0.0354230927996947,40.875,False,0.8803586363792419
2zcm__B1_Q5HKQ1--2zcm__A1_Q5HKQ1,16,4,2,4,0.353249749506068,40.0,True,0.042844656854867935
2zcm__B1_Q5HKQ1--2zcm__A1_Q5HKQ1,17,2,1,4,0.0456224140870658,37.875,False,0.5467047691345215
2zcm__B1_Q5HKQ1--2zcm__A1_Q5HKQ1,18,3,1,4,0.0426589390489769,34.09375,False,0.041620202362537384
2zcm__B1_Q5HKQ1--2zcm__A1_Q5HKQ1,19,5,2,4,0.0541706771453479,28.171875,False,0.07926962524652481
2zcm__B1_Q5HKQ1--2zcm__A1_Q5HKQ1,20,5,3,4,0.0502295154897005,27.875,False,0.05243295431137085
2zix__A1_Q96NY9--2zix__B1_Q96AY2,1,1,0,2,0.4372363313077486,82.9375,True,0.8696771860122681
2zix__A1_Q96NY9--2zix__B1_Q96AY2,2,1,1,2,0.4306379719685337,81.625,True,0.8582658767700195
2zix__A1_Q96NY9--2zix__B1_Q96AY2,3,1,2,2,0.4365818717442336,81.3125,True,0.8648120760917664
2zix__A1_Q96NY9--2zix__B1_Q96AY2,4,5,3,2,0.4371625113344793,81.3125,True,0.9165133833885193
2zix__A1_Q96NY9--2zix__B1_Q96AY2,5,5,2,2,0.4368915493218061,80.0,True,0.9073222279548645
2zix__A1_Q96NY9--2zix__B1_Q96AY2,6,5,0,2,0.4265725304068408,79.9375,True,0.8970857858657837
2zix__A1_Q96NY9--2zix__B1_Q96AY2,7,1,3,2,0.4360962233352906,79.8125,True,0.8715885281562805
2zix__A1_Q96NY9--2zix__B1_Q96AY2,8,5,1,2,0.4277678209337167,79.6875,True,0.9269170761108398
2zix__A1_Q96NY9--2zix__B1_Q96AY2,9,3,2,2,0.4708145188628928,78.25,True,0.9332441687583923
2zix__A1_Q96NY9--2zix__B1_Q96AY2,10,3,1,2,0.4705771455407491,77.9375,True,0.9337162971496582
2zix__A1_Q96NY9--2zix__B1_Q96AY2,11,4,0,2,0.4334447797887976,77.0625,True,0.8967337608337402
2zix__A1_Q96NY9--2zix__B1_Q96AY2,12,3,3,2,0.4674036143713594,76.625,True,0.9318187832832336
2zix__A1_Q96NY9--2zix__B1_Q96AY2,13,2,0,2,0.4057945261872149,75.9375,True,0.8448143601417542
2zix__A1_Q96NY9--2zix__B1_Q96AY2,14,2,2,2,0.4274032792436746,75.5,True,0.8756494522094727
2zix__A1_Q96NY9--2zix__B1_Q96AY2,15,4,1,2,0.4324704394763914,75.5,True,0.9269782304763794
2zix__A1_Q96NY9--2zix__B1_Q96AY2,16,2,1,2,0.435506776290058,75.4375,True,0.8503468036651611
2zix__A1_Q96NY9--2zix__B1_Q96AY2,17,4,2,2,0.4465507581560829,74.0625,True,0.9512066841125488
2zix__A1_Q96NY9--2zix__B1_Q96AY2,18,2,3,2,0.4399391872135513,74.0625,True,0.8901544213294983
2zix__A1_Q96NY9--2zix__B1_Q96AY2,19,3,0,2,0.3948334610592562,73.875,True,0.9217221736907959
2zix__A1_Q96NY9--2zix__B1_Q96AY2,20,4,3,2,0.4461011515497525,73.4375,True,0.9315270781517029
2zjs__A1_Q5SHQ8--2zjs__B1_P38383,1,4,1,2,0.7105339961219618,87.8125,True,0.8927667737007141
2zjs__A1_Q5SHQ8--2zjs__B1_P38383,2,4,0,2,0.7087044410601141,87.625,True,0.8881773948669434
2zjs__A1_Q5SHQ8--2zjs__B1_P38383,3,4,2,2,0.7090215383586375,87.5,True,0.8966012001037598
2zjs__A1_Q5SHQ8--2zjs__B1_P38383,4,4,3,2,0.7088629791771609,87.4375,True,0.8859116435050964
2zjs__A1_Q5SHQ8--2zjs__B1_P38383,5,3,0,2,0.6999907876641952,86.125,True,0.8668032288551331
2zjs__A1_Q5SHQ8--2zjs__B1_P38383,6,3,1,2,0.6993524962337793,86.0625,True,0.8765360713005066
2zjs__A1_Q5SHQ8--2zjs__B1_P38383,7,5,1,2,0.7028117315157019,85.875,True,0.8684228658676147
2zjs__A1_Q5SHQ8--2zjs__B1_P38383,8,5,3,2,0.694052032409412,85.6875,True,0.865825891494751
2zjs__A1_Q5SHQ8--2zjs__B1_P38383,9,3,2,2,0.6979711913208148,85.6875,True,0.884160041809082
2zjs__A1_Q5SHQ8--2zjs__B1_P38383,10,3,3,2,0.6984157042357017,85.6875,True,0.8913792371749878
2zjs__A1_Q5SHQ8--2zjs__B1_P38383,11,5,0,2,0.6970675285641231,85.625,True,0.8638935685157776
2zjs__A1_Q5SHQ8--2zjs__B1_P38383,12,2,3,2,0.7042172961362484,85.625,True,0.8818717002868652
2zjs__A1_Q5SHQ8--2zjs__B1_P38383,13,1,1,2,0.6960356460097316,85.5625,True,0.8830405473709106
2zjs__A1_Q5SHQ8--2zjs__B1_P38383,14,2,2,2,0.7010668459516038,85.375,True,0.861430287361145
2zjs__A1_Q5SHQ8--2zjs__B1_P38383,15,2,0,2,0.7062747691347173,85.375,True,0.8494659662246704
2zjs__A1_Q5SHQ8--2zjs__B1_P38383,16,1,2,2,0.6964388525460844,85.3125,True,0.8759859800338745
2zjs__A1_Q5SHQ8--2zjs__B1_P38383,17,5,2,2,0.7019150095380221,85.3125,True,0.8760373592376709
2zjs__A1_Q5SHQ8--2zjs__B1_P38383,18,2,1,2,0.7015620427107468,84.9375,True,0.8729295134544373
2zjs__A1_Q5SHQ8--2zjs__B1_P38383,19,1,3,2,0.6996579690226395,84.875,True,0.9001424908638
2zjs__A1_Q5SHQ8--2zjs__B1_P38383,20,1,0,2,0.699204635197814,84.875,True,0.90193110704422
3a7m__B1_P0A1N2--3a7m__A1_P0A1N2,1,4,2,2,0.0351376732208971,74.5625,False,0.009340019896626472
3a7m__B1_P0A1N2--3a7m__A1_P0A1N2,2,4,1,2,0.0351329581489597,74.0625,False,0.006508356425911188
3a7m__B1_P0A1N2--3a7m__A1_P0A1N2,3,4,0,2,0.0351674998771909,73.875,False,0.008573313243687153
3a7m__B1_P0A1N2--3a7m__A1_P0A1N2,4,4,3,2,0.0351358260743431,73.1875,False,0.012644359841942787
3a7m__B1_P0A1N2--3a7m__A1_P0A1N2,5,1,2,2,0.3400801515488538,69.875,True,0.03525606542825699
3a7m__B1_P0A1N2--3a7m__A1_P0A1N2,6,2,2,2,0.3613722062879346,69.5,True,0.20125997066497803
3a7m__B1_P0A1N2--3a7m__A1_P0A1N2,7,1,1,2,0.3458785694199706,69.0625,True,0.06562542170286179
3a7m__B1_P0A1N2--3a7m__A1_P0A1N2,8,1,3,2,0.3476084435189924,64.4375,True,0.2500785291194916
3a7m__B1_P0A1N2--3a7m__A1_P0A1N2,9,5,0,2,0.0352648264060499,64.25,False,0.0011647858191281557
3a7m__B1_P0A1N2--3a7m__A1_P0A1N2,10,2,1,2,0.3426789824227451,63.21875,True,0.032758209854364395
3a7m__B1_P0A1N2--3a7m__A1_P0A1N2,11,1,0,2,0.3369565784253363,62.90625,True,0.38025885820388794
3a7m__B1_P0A1N2--3a7m__A1_P0A1N2,12,5,3,2,0.0233263160194599,59.53125,False,0.0008104827138595283
3a7m__B1_P0A1N2--3a7m__A1_P0A1N2,13,5,2,2,0.0233626603931273,56.0,False,0.0005574083770625293
3a7m__B1_P0A1N2--3a7m__A1_P0A1N2,14,5,1,2,0.0235624540805294,50.25,False,0.00033898057881742716
3a7m__B1_P0A1N2--3a7m__A1_P0A1N2,15,3,3,2,0.0317900749439664,47.15625,False,2.671801848919131e-05
3a7m__B1_P0A1N2--3a7m__A1_P0A1N2,16,2,3,2,0.33077520801005,43.125,True,0.2668147087097168
3a7m__B1_P0A1N2--3a7m__A1_P0A1N2,17,3,2,2,0.0179386017592851,41.53125,False,0.013524532318115234
3a7m__B1_P0A1N2--3a7m__A1_P0A1N2,18,3,1,2,0.0195703876227286,34.34375,False,0.0004688345652539283
3a7m__B1_P0A1N2--3a7m__A1_P0A1N2,19,2,0,2,0.0221009754402126,33.8125,False,0.936165988445282
3a7m__B1_P0A1N2--3a7m__A1_P0A1N2,20,3,0,2,0.019025412260751,29.875,False,0.004508033394813538
3a98__B1_Q92556--3a98__A1_Q92608,1,4,0,4,0.6250539174745133,80.6875,True,0.8964663743972778
3a98__B1_Q92556--3a98__A1_Q92608,2,4,1,4,0.7110069364039727,80.5625,True,0.9073213934898376
3a98__B1_Q92556--3a98__A1_Q92608,3,5,2,4,0.6878603218552088,79.0625,True,0.8776373863220215
3a98__B1_Q92556--3a98__A1_Q92608,4,5,1,4,0.691920907831605,78.75,True,0.8505874872207642
3a98__B1_Q92556--3a98__A1_Q92608,5,4,3,4,0.7302172027650787,78.625,True,0.9353719353675842
3a98__B1_Q92556--3a98__A1_Q92608,6,1,2,4,0.7105607166785841,77.375,True,0.9020799398422241
3a98__B1_Q92556--3a98__A1_Q92608,7,2,2,4,0.6958311947131546,77.0625,True,0.9126948714256287
3a98__B1_Q92556--3a98__A1_Q92608,8,5,3,4,0.701441860617399,77.0625,True,0.8744513392448425
3a98__B1_Q92556--3a98__A1_Q92608,9,5,0,4,0.6884966243284728,76.75,True,0.858104944229126
3a98__B1_Q92556--3a98__A1_Q92608,10,2,3,4,0.7034220539489765,76.5,True,0.9481526613235474
3a98__B1_Q92556--3a98__A1_Q92608,11,2,0,4,0.7134232396513985,75.9375,True,0.9263284206390381
3a98__B1_Q92556--3a98__A1_Q92608,12,4,2,4,0.6527784371692016,75.8125,True,0.9127605557441711
3a98__B1_Q92556--3a98__A1_Q92608,13,1,1,4,0.6872856960207209,75.125,True,0.8986775875091553
3a98__B1_Q92556--3a98__A1_Q92608,14,2,1,4,0.6937608219890851,74.8125,True,0.9229293465614319
3a98__B1_Q92556--3a98__A1_Q92608,15,1,0,4,0.6765204633088793,73.1875,True,0.9328204393386841
3a98__B1_Q92556--3a98__A1_Q92608,16,1,3,4,0.7244234664664232,72.0,True,0.8940244317054749
3a98__B1_Q92556--3a98__A1_Q92608,17,3,0,4,0.6574130998332399,63.25,True,0.9722451567649841
3a98__B1_Q92556--3a98__A1_Q92608,18,3,2,4,0.6894295020799944,62.8125,True,0.8959938287734985
3a98__B1_Q92556--3a98__A1_Q92608,19,3,1,4,0.6814367219092358,59.25,True,0.902799129486084
3a98__B1_Q92556--3a98__A1_Q92608,20,3,3,4,0.6678616287905457,57.3125,True,0.9653258323669434
3aon__A1_P43435--3aon__B1_P43455,1,4,0,0,0.6391050819746291,84.375,True,0.49537599086761475
3aon__A1_P43435--3aon__B1_P43455,2,4,1,0,0.6230126895168374,84.125,True,0.9887880682945251
3aon__A1_P43435--3aon__B1_P43455,3,4,2,0,0.5878386934113596,82.9375,True,0.9760825037956238
3aon__A1_P43435--3aon__B1_P43455,4,4,3,0,0.6325962671067252,82.375,True,0.9913995265960693
3aon__A1_P43435--3aon__B1_P43455,5,5,3,0,0.6246461893699485,80.6875,True,0.9896073937416077
3aon__A1_P43435--3aon__B1_P43455,6,3,1,0,0.618625663013577,80.3125,True,0.7496809959411621
3aon__A1_P43435--3aon__B1_P43455,7,3,0,0,0.6181536089392591,79.75,True,0.9362064003944397
3aon__A1_P43435--3aon__B1_P43455,8,5,2,0,0.639828368651456,79.75,True,0.8718960881233215
3aon__A1_P43435--3aon__B1_P43455,9,3,2,0,0.6235460698396362,79.6875,True,0.9771929383277893
3aon__A1_P43435--3aon__B1_P43455,10,2,2,0,0.6170034668391498,79.25,True,0.7544614672660828
3aon__A1_P43435--3aon__B1_P43455,11,3,3,0,0.6060312104912433,78.6875,True,0.9942492246627808
3aon__A1_P43435--3aon__B1_P43455,12,1,3,0,0.5043878338053708,78.625,True,0.9700244069099426
3aon__A1_P43435--3aon__B1_P43455,13,5,0,0,0.4400347605306975,78.375,True,0.6901592016220093
3aon__A1_P43435--3aon__B1_P43455,14,2,1,0,0.6151081080646189,77.625,True,0.7816569805145264
3aon__A1_P43435--3aon__B1_P43455,15,5,1,0,0.5777021195703633,77.5,True,0.9998588562011719
3aon__A1_P43435--3aon__B1_P43455,16,2,3,0,0.6130037998831952,77.125,True,0.9350652694702148
3aon__A1_P43435--3aon__B1_P43455,17,1,0,0,0.5345849581818931,76.125,True,0.9580702185630798
3aon__A1_P43435--3aon__B1_P43455,18,1,2,0,0.5294449196360461,75.1875,True,0.9783808588981628
3aon__A1_P43435--3aon__B1_P43455,19,2,0,0,0.5946411275502795,74.5,True,0.8791304230690002
3aon__A1_P43435--3aon__B1_P43455,20,1,1,0,0.5300227896870778,74.0,True,0.9610998034477234
3axj__B1_Q9VF77--3axj__A1_Q7JVK6,1,1,2,1,0.7396338531998136,85.8125,True,0.7343370318412781
3axj__B1_Q9VF77--3axj__A1_Q7JVK6,2,1,1,1,0.743436316085858,85.75,True,0.7923136353492737
3axj__B1_Q9VF77--3axj__A1_Q7JVK6,3,1,0,1,0.7526153883864817,85.625,True,0.8953624963760376
3axj__B1_Q9VF77--3axj__A1_Q7JVK6,4,1,3,1,0.7348872738380209,85.4375,True,0.7363693118095398
3axj__B1_Q9VF77--3axj__A1_Q7JVK6,5,2,0,1,0.7260316946971748,84.0,True,0.7232685685157776
3axj__B1_Q9VF77--3axj__A1_Q7JVK6,6,2,1,1,0.7395004041495258,83.9375,True,0.7372599840164185
3axj__B1_Q9VF77--3axj__A1_Q7JVK6,7,2,2,1,0.6806530731320852,83.4375,True,0.8195516467094421
3axj__B1_Q9VF77--3axj__A1_Q7JVK6,8,4,2,1,0.7467536923667449,83.0,True,0.7588241100311279
3axj__B1_Q9VF77--3axj__A1_Q7JVK6,9,2,3,1,0.737808593362113,82.9375,True,0.8432319164276123
3axj__B1_Q9VF77--3axj__A1_Q7JVK6,10,5,2,1,0.7198102988025911,82.875,True,0.6437236666679382
3axj__B1_Q9VF77--3axj__A1_Q7JVK6,11,4,0,1,0.7272092898742191,82.875,True,0.6871482729911804
3axj__B1_Q9VF77--3axj__A1_Q7JVK6,12,4,1,1,0.7372790562036111,82.75,True,0.8697730302810669
3axj__B1_Q9VF77--3axj__A1_Q7JVK6,13,5,1,1,0.7274065734524217,82.5625,True,0.7929394841194153
3axj__B1_Q9VF77--3axj__A1_Q7JVK6,14,3,0,1,0.7291226584718604,82.5,True,0.8445888757705688
3axj__B1_Q9VF77--3axj__A1_Q7JVK6,15,5,0,1,0.7276587604884334,82.4375,True,0.80611652135849
3axj__B1_Q9VF77--3axj__A1_Q7JVK6,16,5,3,1,0.7451711271367302,82.4375,True,0.8971285820007324
3axj__B1_Q9VF77--3axj__A1_Q7JVK6,17,4,3,1,0.7376517401884387,82.375,True,0.9376175999641418
3axj__B1_Q9VF77--3axj__A1_Q7JVK6,18,3,1,1,0.6876678874898965,81.375,True,0.8748106360435486
3axj__B1_Q9VF77--3axj__A1_Q7JVK6,19,3,2,1,0.68822526593246,81.3125,True,0.9253356456756592
3axj__B1_Q9VF77--3axj__A1_Q7JVK6,20,3,3,1,0.6564548427897479,80.875,True,0.8589491248130798
3b42__B1_Q74EM7--3b42__A1_Q74EM7,1,1,3,4,0.0447166376461056,77.625,False,0.0018504849867895246
3b42__B1_Q74EM7--3b42__A1_Q74EM7,2,1,2,4,0.0447603887544794,77.3125,False,0.0006323929992504418
3b42__B1_Q74EM7--3b42__A1_Q74EM7,3,1,0,4,0.0448721294991523,76.875,False,0.0003587260143831372
3b42__B1_Q74EM7--3b42__A1_Q74EM7,4,1,1,4,0.0448819083969509,76.875,False,0.00027048587799072266
3b42__B1_Q74EM7--3b42__A1_Q74EM7,5,4,3,4,0.5497553030829033,59.71875,True,3.732225899860664e-12
3b42__B1_Q74EM7--3b42__A1_Q74EM7,6,2,2,4,0.5298995561360973,57.1875,True,9.357623589846195e-14
3b42__B1_Q74EM7--3b42__A1_Q74EM7,7,4,0,4,0.5506947680557536,56.0,True,1.2548267980250216e-11
3b42__B1_Q74EM7--3b42__A1_Q74EM7,8,4,1,4,0.5201854856816178,52.3125,True,3.496842260197752e-10
3b42__B1_Q74EM7--3b42__A1_Q74EM7,9,2,3,4,0.5034350119178287,50.4375,True,1.0033852004473487e-12
3b42__B1_Q74EM7--3b42__A1_Q74EM7,10,2,1,4,0.5709538095865857,49.71875,True,9.357623589846195e-14
3b42__B1_Q74EM7--3b42__A1_Q74EM7,11,2,0,4,0.5641077052185679,44.65625,True,9.357623589846195e-14
3b42__B1_Q74EM7--3b42__A1_Q74EM7,12,3,0,4,0.0485028662669275,43.0,False,0.03720787540078163
3b42__B1_Q74EM7--3b42__A1_Q74EM7,13,3,3,4,0.0505000593717977,37.8125,False,0.010925454087555408
3b42__B1_Q74EM7--3b42__A1_Q74EM7,14,3,1,4,0.0533033924097435,35.40625,False,0.020527184009552002
3b42__B1_Q74EM7--3b42__A1_Q74EM7,15,5,0,4,0.0502494148023423,34.4375,False,0.0036013026256114244
3b42__B1_Q74EM7--3b42__A1_Q74EM7,16,5,1,4,0.0504507265469937,33.6875,False,0.0027116863057017326
3b42__B1_Q74EM7--3b42__A1_Q74EM7,17,3,2,4,0.0538511657096088,33.34375,False,0.008484099991619587
3b42__B1_Q74EM7--3b42__A1_Q74EM7,18,5,3,4,0.0511369843645179,26.78125,False,0.025500478222966194
3b42__B1_Q74EM7--3b42__A1_Q74EM7,19,5,2,4,0.0469632454082959,23.4375,False,0.005058347247540951
3b42__B1_Q74EM7--3b42__A1_Q74EM7,20,4,2,4,0.0604426047275928,22.421875,False,0.021714486181735992
3b4y__A1_P9WNE1--3b4y__B1_P9WNE1,1,3,3,4,0.906790973399792,94.0625,True,0.9276412725448608
3b4y__A1_P9WNE1--3b4y__B1_P9WNE1,2,5,0,4,0.7920760286671115,94.0625,True,0.8798984885215759
3b4y__A1_P9WNE1--3b4y__B1_P9WNE1,3,4,3,4,0.8065185827715696,94.0,True,0.9175183773040771
3b4y__A1_P9WNE1--3b4y__B1_P9WNE1,4,5,1,4,0.8943331810515763,93.9375,True,0.8984816074371338
3b4y__A1_P9WNE1--3b4y__B1_P9WNE1,5,4,2,4,0.8315050544520025,93.9375,True,0.9217184782028198
3b4y__A1_P9WNE1--3b4y__B1_P9WNE1,6,3,1,4,0.9102741876685988,93.875,True,0.9129882454872131
3b4y__A1_P9WNE1--3b4y__B1_P9WNE1,7,5,3,4,0.9083500395237616,93.875,True,0.9311050176620483
3b4y__A1_P9WNE1--3b4y__B1_P9WNE1,8,1,3,4,0.8093688722373237,93.875,True,0.9563530683517456
3b4y__A1_P9WNE1--3b4y__B1_P9WNE1,9,3,2,4,0.9171971552896656,93.8125,True,0.9202664494514465
3b4y__A1_P9WNE1--3b4y__B1_P9WNE1,10,1,2,4,0.8138948277804928,93.8125,True,0.9494456648826599
3b4y__A1_P9WNE1--3b4y__B1_P9WNE1,11,4,1,4,0.8120796777867776,93.8125,True,0.9166109561920166
3b4y__A1_P9WNE1--3b4y__B1_P9WNE1,12,3,0,4,0.912568397465793,93.8125,True,0.9295011162757874
3b4y__A1_P9WNE1--3b4y__B1_P9WNE1,13,4,0,4,0.8037522957962989,93.75,True,0.8993323445320129
3b4y__A1_P9WNE1--3b4y__B1_P9WNE1,14,1,0,4,0.8044474758910288,93.75,True,0.9627437591552734
3b4y__A1_P9WNE1--3b4y__B1_P9WNE1,15,5,2,4,0.8992830426215042,93.6875,True,0.9194723963737488
3b4y__A1_P9WNE1--3b4y__B1_P9WNE1,16,1,1,4,0.8057338184045063,93.6875,True,0.9500987529754639
3b4y__A1_P9WNE1--3b4y__B1_P9WNE1,17,2,1,4,0.789004559061491,93.5,True,0.9013398885726929
3b4y__A1_P9WNE1--3b4y__B1_P9WNE1,18,2,2,4,0.7994587801419453,93.375,True,0.8925884962081909
3b4y__A1_P9WNE1--3b4y__B1_P9WNE1,19,2,3,4,0.8023309754797251,93.375,True,0.9538120031356812
3b4y__A1_P9WNE1--3b4y__B1_P9WNE1,20,2,0,4,0.8093569196076622,93.3125,True,0.8843228816986084
3cam__A1_Q9JZZ4--3cam__B1_Q9JZZ4,1,3,0,1,0.3894621841887382,58.1875,True,0.8369252681732178
3cam__A1_Q9JZZ4--3cam__B1_Q9JZZ4,2,3,1,1,0.3806076966405634,57.96875,True,0.8188574314117432
3cam__A1_Q9JZZ4--3cam__B1_Q9JZZ4,3,2,2,1,0.4724671012608128,57.96875,True,0.8625895977020264
3cam__A1_Q9JZZ4--3cam__B1_Q9JZZ4,4,2,0,1,0.422343414526969,57.6875,True,0.9241052865982056
3cam__A1_Q9JZZ4--3cam__B1_Q9JZZ4,5,1,2,1,0.4103873991760302,57.65625,True,0.7938723564147949
3cam__A1_Q9JZZ4--3cam__B1_Q9JZZ4,6,1,0,1,0.4074550524693239,57.375,True,0.817106306552887
3cam__A1_Q9JZZ4--3cam__B1_Q9JZZ4,7,5,2,1,0.4311141669879645,57.0,True,0.831017017364502
3cam__A1_Q9JZZ4--3cam__B1_Q9JZZ4,8,3,3,1,0.4424520596762207,56.90625,True,0.8524190187454224
3cam__A1_Q9JZZ4--3cam__B1_Q9JZZ4,9,4,2,1,0.4268375730714198,56.28125,True,0.8973250985145569
3cam__A1_Q9JZZ4--3cam__B1_Q9JZZ4,10,5,3,1,0.4296019538952444,55.875,True,0.8168517351150513
3cam__A1_Q9JZZ4--3cam__B1_Q9JZZ4,11,5,1,1,0.436565063460663,55.75,True,0.8869535326957703
3cam__A1_Q9JZZ4--3cam__B1_Q9JZZ4,12,3,2,1,0.4638977339206684,55.28125,True,0.9620459675788879
3cam__A1_Q9JZZ4--3cam__B1_Q9JZZ4,13,4,0,1,0.4178629546862793,55.25,True,0.8259708881378174
3cam__A1_Q9JZZ4--3cam__B1_Q9JZZ4,14,4,3,1,0.4354549019814175,55.0625,True,0.9704209566116333
3cam__A1_Q9JZZ4--3cam__B1_Q9JZZ4,15,1,1,1,0.4875366477522447,54.84375,True,0.7289907336235046
3cam__A1_Q9JZZ4--3cam__B1_Q9JZZ4,16,4,1,1,0.4377897352235961,54.8125,True,0.9449276924133301
3cam__A1_Q9JZZ4--3cam__B1_Q9JZZ4,17,5,0,1,0.4550700325634495,54.15625,True,0.7629795074462891
3cam__A1_Q9JZZ4--3cam__B1_Q9JZZ4,18,1,3,1,0.4063928702004369,52.84375,True,0.8124978542327881
3cam__A1_Q9JZZ4--3cam__B1_Q9JZZ4,19,2,1,1,0.4327429393824442,51.9375,True,0.8490884304046631
3cam__A1_Q9JZZ4--3cam__B1_Q9JZZ4,20,2,3,1,0.4251726781948641,47.5,True,0.8849552869796753
3cbk__A1_P07858--3cbk__B1_Q966X9,1,4,2,3,0.7470958969330256,90.8125,True,0.8582340478897095
3cbk__A1_P07858--3cbk__B1_Q966X9,2,4,3,3,0.7116633135467912,90.6875,True,0.9108052849769592
3cbk__A1_P07858--3cbk__B1_Q966X9,3,4,1,3,0.7550044822825637,90.6875,True,0.8412964940071106
3cbk__A1_P07858--3cbk__B1_Q966X9,4,1,1,3,0.762331261436984,90.5625,True,0.7767911553382874
3cbk__A1_P07858--3cbk__B1_Q966X9,5,4,0,3,0.7132983095631306,90.375,True,0.8999789953231812
3cbk__A1_P07858--3cbk__B1_Q966X9,6,2,2,3,0.7313127556050644,90.25,True,0.7199204564094543
3cbk__A1_P07858--3cbk__B1_Q966X9,7,3,1,3,0.7452153074138078,90.1875,True,0.753818929195404
3cbk__A1_P07858--3cbk__B1_Q966X9,8,1,2,3,0.7224907680865907,90.0,True,0.833000659942627
3cbk__A1_P07858--3cbk__B1_Q966X9,9,3,3,3,0.6880194579545892,89.75,True,0.8395379781723022
3cbk__A1_P07858--3cbk__B1_Q966X9,10,3,2,3,0.7412214826708268,89.6875,True,0.6502276062965393
3cbk__A1_P07858--3cbk__B1_Q966X9,11,1,3,3,0.713036527825282,89.625,True,0.8446655869483948
3cbk__A1_P07858--3cbk__B1_Q966X9,12,2,1,3,0.7322788265978195,89.625,True,0.7244049906730652
3cbk__A1_P07858--3cbk__B1_Q966X9,13,1,0,3,0.7624464462641058,89.5625,True,0.7016866207122803
3cbk__A1_P07858--3cbk__B1_Q966X9,14,2,0,3,0.6873726263027482,89.4375,True,0.8316753506660461
3cbk__A1_P07858--3cbk__B1_Q966X9,15,3,0,3,0.6942707819155766,89.375,True,0.8331416845321655
3cbk__A1_P07858--3cbk__B1_Q966X9,16,5,2,3,0.6789632510600208,89.3125,True,0.9151830673217773
3cbk__A1_P07858--3cbk__B1_Q966X9,17,2,3,3,0.6817830758276372,89.3125,True,0.8325547575950623
3cbk__A1_P07858--3cbk__B1_Q966X9,18,5,0,3,0.6907575010385237,89.25,True,0.8550904393196106
3cbk__A1_P07858--3cbk__B1_Q966X9,19,5,3,3,0.6617882542699611,89.1875,True,0.9468252062797546
3cbk__A1_P07858--3cbk__B1_Q966X9,20,5,1,3,0.7350657215943829,89.125,True,0.657405436038971
3cnu__A1_O28738--3cnu__A2_O28738,1,5,3,4,0.7346152476683162,78.125,True,0.9969701766967773
3cnu__A1_O28738--3cnu__A2_O28738,2,4,2,4,0.6361247196040476,68.4375,True,0.9999768733978271
3cnu__A1_O28738--3cnu__A2_O28738,3,5,1,4,0.6486766063878503,65.75,True,0.9999793767929077
3cnu__A1_O28738--3cnu__A2_O28738,4,4,3,4,0.6789057551702934,65.5,True,0.9999896287918091
3cnu__A1_O28738--3cnu__A2_O28738,5,4,0,4,0.6365781811376778,56.0,True,0.9999328851699829
3cnu__A1_O28738--3cnu__A2_O28738,6,3,3,4,0.3224021806281225,40.1875,True,0.014006450772285461
3cnu__A1_O28738--3cnu__A2_O28738,7,5,2,4,0.1810226543380975,39.96875,False,0.08398310840129852
3cnu__A1_O28738--3cnu__A2_O28738,8,5,0,4,0.5208097348137857,36.875,True,0.0006768954917788506
3cnu__A1_O28738--3cnu__A2_O28738,9,4,1,4,0.5510259721443487,34.46875,True,0.32110390067100525
3cnu__A1_O28738--3cnu__A2_O28738,10,3,1,4,0.0906663062277924,33.78125,False,0.009119594469666481
3cnu__A1_O28738--3cnu__A2_O28738,11,1,2,4,0.0897266600351967,29.875,False,0.04994989186525345
3cnu__A1_O28738--3cnu__A2_O28738,12,3,0,4,0.1990952547850397,29.703125,False,0.1324518769979477
3cnu__A1_O28738--3cnu__A2_O28738,13,3,2,4,0.1332580288899938,29.109375,False,0.46951013803482056
3cnu__A1_O28738--3cnu__A2_O28738,14,1,1,4,0.071382827674247,27.890625,False,0.0686580017209053
3cnu__A1_O28738--3cnu__A2_O28738,15,1,3,4,0.0609888508107556,26.625,False,0.011381199583411217
3cnu__A1_O28738--3cnu__A2_O28738,16,2,3,4,0.1114571785030409,26.46875,False,0.0089398343116045
3cnu__A1_O28738--3cnu__A2_O28738,17,1,0,4,0.0639883117827754,26.09375,False,0.0772300511598587
3cnu__A1_O28738--3cnu__A2_O28738,18,2,0,4,0.074155931624155,25.5,False,0.029453640803694725
3cnu__A1_O28738--3cnu__A2_O28738,19,2,2,4,0.0760777552345172,24.328125,False,0.03781265392899513
3cnu__A1_O28738--3cnu__A2_O28738,20,2,1,4,0.0794426533383088,24.03125,False,0.009731944650411606
3co5__A1_Q5F5Q1--3co5__B1_Q5F5Q1,1,5,3,1,0.0112997247150476,78.625,False,4.455908128875308e-05
3co5__A1_Q5F5Q1--3co5__B1_Q5F5Q1,2,3,1,1,0.0111717102322952,78.5625,False,2.5126981199719012e-05
3co5__A1_Q5F5Q1--3co5__B1_Q5F5Q1,3,2,3,1,0.0117093308115669,69.5,False,0.001552874338813126
3co5__A1_Q5F5Q1--3co5__B1_Q5F5Q1,4,1,2,1,0.2891837409268331,66.9375,True,0.14140628278255463
3co5__A1_Q5F5Q1--3co5__B1_Q5F5Q1,5,4,3,1,0.0232912573742185,61.28125,False,0.08752774447202682
3co5__A1_Q5F5Q1--3co5__B1_Q5F5Q1,6,2,2,1,0.0110205535154194,54.5625,False,3.7785044696647674e-05
3co5__A1_Q5F5Q1--3co5__B1_Q5F5Q1,7,4,1,1,0.0246260390534953,37.1875,False,0.09968554228544235
3co5__A1_Q5F5Q1--3co5__B1_Q5F5Q1,8,1,3,1,0.0123184502448471,34.15625,False,0.0004040569765493274
3co5__A1_Q5F5Q1--3co5__B1_Q5F5Q1,9,3,0,1,0.0168497136906123,27.71875,False,0.04246039316058159
3co5__A1_Q5F5Q1--3co5__B1_Q5F5Q1,10,3,2,1,0.0181142878382344,27.5,False,0.024344824254512787
3co5__A1_Q5F5Q1--3co5__B1_Q5F5Q1,11,4,0,1,0.0174059259734113,27.328125,False,0.06206810846924782
3co5__A1_Q5F5Q1--3co5__B1_Q5F5Q1,12,3,3,1,0.0176383272440206,27.3125,False,0.06150252744555473
3co5__A1_Q5F5Q1--3co5__B1_Q5F5Q1,13,4,2,1,0.0248825932757673,26.40625,False,0.004226962570101023
3co5__A1_Q5F5Q1--3co5__B1_Q5F5Q1,14,5,0,1,0.0232302686809376,25.28125,False,0.12137068808078766
3co5__A1_Q5F5Q1--3co5__B1_Q5F5Q1,15,2,0,1,0.016588831710826,24.625,False,0.08892006427049637
3co5__A1_Q5F5Q1--3co5__B1_Q5F5Q1,16,5,2,1,0.0238158854577081,23.171875,False,0.19335904717445374
3co5__A1_Q5F5Q1--3co5__B1_Q5F5Q1,17,5,1,1,0.0210304935531474,22.875,False,0.18720142543315887
3co5__A1_Q5F5Q1--3co5__B1_Q5F5Q1,18,2,1,1,0.0229298805701005,22.640625,False,0.09911693632602692
3co5__A1_Q5F5Q1--3co5__B1_Q5F5Q1,19,1,0,1,0.0316394550358828,21.171875,False,0.031003179028630257
3co5__A1_Q5F5Q1--3co5__B1_Q5F5Q1,20,1,1,1,0.0327904719587259,21.015625,False,0.02691471576690674
3ct4__A1_Q9CIV8--3ct4__A2_Q9CIV8,1,4,0,0,0.006451370471711,95.5625,False,0.9691581130027771
3ct4__A1_Q9CIV8--3ct4__A2_Q9CIV8,2,4,3,0,0.0064533118316262,95.375,False,0.975312352180481
3ct4__A1_Q9CIV8--3ct4__A2_Q9CIV8,3,4,2,0,0.0064429884613828,95.375,False,0.9719559550285339
3ct4__A1_Q9CIV8--3ct4__A2_Q9CIV8,4,3,0,0,0.0064350791320587,95.3125,False,0.959896445274353
3ct4__A1_Q9CIV8--3ct4__A2_Q9CIV8,5,2,1,0,0.0064300178066633,95.3125,False,0.9626798033714294
3ct4__A1_Q9CIV8--3ct4__A2_Q9CIV8,6,2,3,0,0.0064455346992412,95.25,False,0.9808042645454407
3ct4__A1_Q9CIV8--3ct4__A2_Q9CIV8,7,3,2,0,0.0064457511903605,95.25,False,0.9540913701057434
3ct4__A1_Q9CIV8--3ct4__A2_Q9CIV8,8,5,1,0,0.0064124440563548,95.1875,False,0.9645239114761353
3ct4__A1_Q9CIV8--3ct4__A2_Q9CIV8,9,2,2,0,0.0064283263568522,95.1875,False,0.9592639803886414
3ct4__A1_Q9CIV8--3ct4__A2_Q9CIV8,10,5,3,0,0.0064283417992209,95.125,False,0.9717341661453247
3ct4__A1_Q9CIV8--3ct4__A2_Q9CIV8,11,1,2,0,0.0064450206750589,94.9375,False,0.9723988771438599
3ct4__A1_Q9CIV8--3ct4__A2_Q9CIV8,12,2,0,0,0.0064536782917347,94.9375,False,0.9648996591567993
3ct4__A1_Q9CIV8--3ct4__A2_Q9CIV8,13,1,0,0,0.0064519100158813,94.9375,False,0.9726054072380066
3ct4__A1_Q9CIV8--3ct4__A2_Q9CIV8,14,3,1,0,0.0064396727229587,94.875,False,0.9609403014183044
3ct4__A1_Q9CIV8--3ct4__A2_Q9CIV8,15,5,2,0,0.0064308211273013,94.8125,False,0.9558746814727783
3ct4__A1_Q9CIV8--3ct4__A2_Q9CIV8,16,1,1,0,0.0064577236365809,94.75,False,0.9786302447319031
3ct4__A1_Q9CIV8--3ct4__A2_Q9CIV8,17,1,3,0,0.0064527041529293,94.6875,False,0.9746812582015991
3ct4__A1_Q9CIV8--3ct4__A2_Q9CIV8,18,3,3,0,0.0064529220537521,94.4375,False,0.9642310738563538
3ct4__A1_Q9CIV8--3ct4__A2_Q9CIV8,19,5,0,0,0.0064753826142937,94.1875,False,0.9438301920890808
3ct4__A1_Q9CIV8--3ct4__A2_Q9CIV8,20,4,1,0,0.006393968045187,92.8125,False,0.9268423318862915
3ctv__A1_O28011--3ctv__A2_O28011,1,4,3,4,0.0452558188520313,82.0,False,0.9987589120864868
3ctv__A1_O28011--3ctv__A2_O28011,2,5,3,4,0.0456852806681871,81.375,False,0.9974045157432556
3ctv__A1_O28011--3ctv__A2_O28011,3,4,2,4,0.0459230610617514,79.75,False,0.9987589120864868
3ctv__A1_O28011--3ctv__A2_O28011,4,5,1,4,0.0466990612538207,79.5625,False,0.9974580407142639
3ctv__A1_O28011--3ctv__A2_O28011,5,3,3,4,0.047965396084094,75.75,False,0.9735949635505676
3ctv__A1_O28011--3ctv__A2_O28011,6,4,0,4,0.046259769957926,74.1875,False,0.9989835619926453
3ctv__A1_O28011--3ctv__A2_O28011,7,2,1,4,0.0523067877953421,73.5,False,0.9998784065246582
3ctv__A1_O28011--3ctv__A2_O28011,8,1,1,4,0.0339824054048624,70.9375,False,0.9996010661125183
3ctv__A1_O28011--3ctv__A2_O28011,9,1,3,4,0.0427535662812734,70.875,False,0.9998328685760498
3ctv__A1_O28011--3ctv__A2_O28011,10,1,2,4,0.0412156581513294,69.0625,False,0.999695897102356
3ctv__A1_O28011--3ctv__A2_O28011,11,1,0,4,0.0452425034631908,68.0,False,0.9998331069946289
3ctv__A1_O28011--3ctv__A2_O28011,12,3,0,4,0.1599679094256976,60.1875,False,0.9989527463912964
3ctv__A1_O28011--3ctv__A2_O28011,13,3,2,4,0.1717059243158255,59.84375,False,0.9996633529663086
3ctv__A1_O28011--3ctv__A2_O28011,14,5,0,4,0.6388921968046356,54.59375,True,0.06938573718070984
3ctv__A1_O28011--3ctv__A2_O28011,15,5,2,4,0.6438220004092705,37.46875,True,0.20303276181221008
3ctv__A1_O28011--3ctv__A2_O28011,16,3,1,4,0.5788280190369172,36.25,True,0.09872107207775116
3ctv__A1_O28011--3ctv__A2_O28011,17,2,2,4,0.4333976108448547,27.40625,True,0.3419667184352875
3ctv__A1_O28011--3ctv__A2_O28011,18,2,3,4,0.0630615336937523,26.515625,False,0.016371235251426697
3ctv__A1_O28011--3ctv__A2_O28011,19,4,1,4,0.3848036725983894,26.484375,True,0.0007935105822980404
3ctv__A1_O28011--3ctv__A2_O28011,20,2,0,4,0.4184299830989963,25.71875,True,0.023012233898043633
3cwf__A1_P23545--3cwf__B1_P23545,1,1,3,3,0.1369285312703626,87.75,False,0.014560086652636528
3cwf__A1_P23545--3cwf__B1_P23545,2,1,0,3,0.2111870827423562,86.5625,False,0.22972263395786285
3cwf__A1_P23545--3cwf__B1_P23545,3,1,2,3,0.2091947831246957,85.375,False,0.3657873868942261
3cwf__A1_P23545--3cwf__B1_P23545,4,3,2,3,0.1987226686985819,85.25,False,0.8185460567474365
3cwf__A1_P23545--3cwf__B1_P23545,5,4,3,3,0.1679990326602796,79.125,False,0.9280056953430176
3cwf__A1_P23545--3cwf__B1_P23545,6,3,3,3,0.2018335045986859,77.625,False,0.808458149433136
3cwf__A1_P23545--3cwf__B1_P23545,7,5,1,3,0.206639043798567,75.5625,False,0.03485877066850662
3cwf__A1_P23545--3cwf__B1_P23545,8,3,0,3,0.2005819246952947,72.0,False,0.6246519088745117
3cwf__A1_P23545--3cwf__B1_P23545,9,4,1,3,0.1842317855965659,71.9375,False,0.9085994362831116
3cwf__A1_P23545--3cwf__B1_P23545,10,4,2,3,0.1901236735771186,58.0625,False,0.926480233669281
3cwf__A1_P23545--3cwf__B1_P23545,11,4,0,3,0.1887511991790507,51.71875,False,0.9815664291381836
3cwf__A1_P23545--3cwf__B1_P23545,12,1,1,3,0.0883077608201376,38.28125,False,0.07352406531572342
3cwf__A1_P23545--3cwf__B1_P23545,13,2,3,3,0.2036700476788976,33.96875,False,0.08934374153614044
3cwf__A1_P23545--3cwf__B1_P23545,14,2,2,3,0.5145490853556268,32.0,True,0.1782848984003067
3cwf__A1_P23545--3cwf__B1_P23545,15,2,1,3,0.1292079091844788,31.703125,False,0.07334601879119873
3cwf__A1_P23545--3cwf__B1_P23545,16,5,0,3,0.2157197201572109,31.171875,False,0.06009327620267868
3cwf__A1_P23545--3cwf__B1_P23545,17,5,3,3,0.0973226636531574,30.671875,False,0.051357731223106384
3cwf__A1_P23545--3cwf__B1_P23545,18,3,1,3,0.2250202056403404,29.203125,False,0.00024887704057618976
3cwf__A1_P23545--3cwf__B1_P23545,19,2,0,3,0.2139853238881617,28.734375,False,0.2692284882068634
3cwf__A1_P23545--3cwf__B1_P23545,20,5,2,3,0.2309396586793791,26.140625,True,0.15907923877239227
3d0t__D1_Q91YN9--3d0t__C1_Q91YN9,1,4,0,3,0.2009982890663297,57.25,False,0.9999840259552002
3d0t__D1_Q91YN9--3d0t__C1_Q91YN9,2,4,1,3,0.2008835511836199,56.9375,False,0.9999780654907227
3d0t__D1_Q91YN9--3d0t__C1_Q91YN9,3,4,3,3,0.2018282392018636,56.1875,False,0.9999871253967285
3d0t__D1_Q91YN9--3d0t__C1_Q91YN9,4,4,2,3,0.2006372713048288,55.15625,False,0.9999715089797974
3d0t__D1_Q91YN9--3d0t__C1_Q91YN9,5,5,3,3,0.2016458579720017,51.40625,False,0.9999992847442627
3d0t__D1_Q91YN9--3d0t__C1_Q91YN9,6,5,2,3,0.2016108151583051,50.59375,False,0.9999967813491821
3d0t__D1_Q91YN9--3d0t__C1_Q91YN9,7,5,1,3,0.2038062905727905,47.8125,False,0.9999755620956421
3d0t__D1_Q91YN9--3d0t__C1_Q91YN9,8,1,0,3,0.2010179616159652,47.0625,False,0.9912779331207275
3d0t__D1_Q91YN9--3d0t__C1_Q91YN9,9,1,2,3,0.1905487928451267,46.75,False,0.9953951239585876
3d0t__D1_Q91YN9--3d0t__C1_Q91YN9,10,5,0,3,0.7396956498266732,45.78125,True,0.569411039352417
3d0t__D1_Q91YN9--3d0t__C1_Q91YN9,11,3,0,3,0.2024049984975617,45.1875,False,0.9999887943267822
3d0t__D1_Q91YN9--3d0t__C1_Q91YN9,12,3,2,3,0.2022988433943239,44.5,False,0.9999983310699463
3d0t__D1_Q91YN9--3d0t__C1_Q91YN9,13,3,3,3,0.1994095754056062,43.96875,False,0.9999984502792358
3d0t__D1_Q91YN9--3d0t__C1_Q91YN9,14,3,1,3,0.2017691386364599,42.875,False,0.9999973773956299
3d0t__D1_Q91YN9--3d0t__C1_Q91YN9,15,1,3,3,0.1913845755681202,42.3125,False,0.9946547746658325
3d0t__D1_Q91YN9--3d0t__C1_Q91YN9,16,1,1,3,0.1875756380875355,39.84375,False,0.988701581954956
3d0t__D1_Q91YN9--3d0t__C1_Q91YN9,17,2,0,3,0.5043712805609315,35.5625,True,0.07568038254976273
3d0t__D1_Q91YN9--3d0t__C1_Q91YN9,18,2,1,3,0.1823726653454475,17.703125,False,0.22430479526519775
3d0t__D1_Q91YN9--3d0t__C1_Q91YN9,19,2,3,3,0.2159320931633798,16.84375,False,0.6143380403518677
3d0t__D1_Q91YN9--3d0t__C1_Q91YN9,20,2,2,3,0.2072617384448308,16.25,False,0.08272396773099899
3d3r__A1_Q8EF93--3d3r__B1_Q8EF93,1,1,3,0,0.408169608079374,69.0,True,0.9870676398277283
3d3r__A1_Q8EF93--3d3r__B1_Q8EF93,2,1,0,0,0.414362391088058,68.875,True,0.9810660481452942
3d3r__A1_Q8EF93--3d3r__B1_Q8EF93,3,1,2,0,0.4076511133142195,67.5625,True,0.9824909567832947
3d3r__A1_Q8EF93--3d3r__B1_Q8EF93,4,2,3,0,0.417583782065243,65.9375,True,0.998664379119873
3d3r__A1_Q8EF93--3d3r__B1_Q8EF93,5,2,2,0,0.4117005982339615,65.8125,True,0.9943780303001404
3d3r__A1_Q8EF93--3d3r__B1_Q8EF93,6,2,1,0,0.4253785369417064,64.875,True,0.9825594425201416
3d3r__A1_Q8EF93--3d3r__B1_Q8EF93,7,1,1,0,0.4104408917811546,64.75,True,0.994353175163269
3d3r__A1_Q8EF93--3d3r__B1_Q8EF93,8,3,3,0,0.3853085875028831,64.625,True,0.999316930770874
3d3r__A1_Q8EF93--3d3r__B1_Q8EF93,9,4,3,0,0.3997243510448223,64.625,True,0.9956905245780945
3d3r__A1_Q8EF93--3d3r__B1_Q8EF93,10,3,0,0,0.4018197425099248,64.4375,True,0.9998712539672852
3d3r__A1_Q8EF93--3d3r__B1_Q8EF93,11,4,2,0,0.4041091281616307,64.125,True,0.9961764812469482
3d3r__A1_Q8EF93--3d3r__B1_Q8EF93,12,3,1,0,0.3904123745345718,64.0,True,0.9993892908096313
3d3r__A1_Q8EF93--3d3r__B1_Q8EF93,13,4,0,0,0.4083263021339989,63.65625,True,0.9978556036949158
3d3r__A1_Q8EF93--3d3r__B1_Q8EF93,14,3,2,0,0.3937994040971138,63.5,True,0.999631404876709
3d3r__A1_Q8EF93--3d3r__B1_Q8EF93,15,4,1,0,0.4043149707018965,63.34375,True,0.9989100694656372
3d3r__A1_Q8EF93--3d3r__B1_Q8EF93,16,5,1,0,0.4052070852164534,62.09375,True,0.9995570778846741
3d3r__A1_Q8EF93--3d3r__B1_Q8EF93,17,5,3,0,0.3950603564963089,61.34375,True,0.9994901418685913
3d3r__A1_Q8EF93--3d3r__B1_Q8EF93,18,5,0,0,0.4039079961337219,60.96875,True,0.9995822310447693
3d3r__A1_Q8EF93--3d3r__B1_Q8EF93,19,5,2,0,0.4085555603333841,60.28125,True,0.9993163347244263
3d3r__A1_Q8EF93--3d3r__B1_Q8EF93,20,2,0,0,0.4459522444751891,51.03125,True,0.2970973253250122
3d8h__B1_Q5CXZ9--3d8h__A1_Q5CXZ9,1,4,1,4,0.7796786247873229,90.125,True,0.9551998376846313
3d8h__B1_Q5CXZ9--3d8h__A1_Q5CXZ9,2,4,2,4,0.734144414136043,89.875,True,0.9498509764671326
3d8h__B1_Q5CXZ9--3d8h__A1_Q5CXZ9,3,4,3,4,0.7459203395523696,89.5625,True,0.945729672908783
3d8h__B1_Q5CXZ9--3d8h__A1_Q5CXZ9,4,4,0,4,0.7114517282609855,89.375,True,0.8945031762123108
3d8h__B1_Q5CXZ9--3d8h__A1_Q5CXZ9,5,1,1,4,0.7590024852595514,87.5,True,0.9136247038841248
3d8h__B1_Q5CXZ9--3d8h__A1_Q5CXZ9,6,1,0,4,0.8142210494287729,86.25,True,0.8891794681549072
3d8h__B1_Q5CXZ9--3d8h__A1_Q5CXZ9,7,5,1,4,0.7869855174099761,84.4375,True,0.8891794681549072
3d8h__B1_Q5CXZ9--3d8h__A1_Q5CXZ9,8,5,2,4,0.7821134747701062,83.4375,True,0.9573538303375244
3d8h__B1_Q5CXZ9--3d8h__A1_Q5CXZ9,9,1,3,4,0.7728672236682907,83.25,True,0.9136247038841248
3d8h__B1_Q5CXZ9--3d8h__A1_Q5CXZ9,10,1,2,4,0.7657165050333518,81.9375,True,0.9136247038841248
3d8h__B1_Q5CXZ9--3d8h__A1_Q5CXZ9,11,3,2,4,0.8077912627693115,81.125,True,0.9136247038841248
3d8h__B1_Q5CXZ9--3d8h__A1_Q5CXZ9,12,5,3,4,0.756176887253671,81.125,True,0.9791148900985718
3d8h__B1_Q5CXZ9--3d8h__A1_Q5CXZ9,13,3,1,4,0.8273635712409888,76.375,True,0.9136247038841248
3d8h__B1_Q5CXZ9--3d8h__A1_Q5CXZ9,14,5,0,4,0.7726598112619785,75.4375,True,0.9551998376846313
3d8h__B1_Q5CXZ9--3d8h__A1_Q5CXZ9,15,2,0,4,0.7386070682877115,65.875,True,0.9551998376846313
3d8h__B1_Q5CXZ9--3d8h__A1_Q5CXZ9,16,3,3,4,0.8407829001378956,64.625,True,0.9136247038841248
3d8h__B1_Q5CXZ9--3d8h__A1_Q5CXZ9,17,3,0,4,0.844637436152793,63.21875,True,0.9136247038841248
3d8h__B1_Q5CXZ9--3d8h__A1_Q5CXZ9,18,2,2,4,0.7872613667653251,57.46875,True,0.8891794681549072
3d8h__B1_Q5CXZ9--3d8h__A1_Q5CXZ9,19,2,1,4,0.8227119484301092,51.46875,True,0.9360978603363037
3d8h__B1_Q5CXZ9--3d8h__A1_Q5CXZ9,20,2,3,4,0.8368857127361168,49.59375,True,0.9551998376846313
3dal__A1_O75626--3dal__B2_O75626,1,4,2,2,0.006824591580468,82.875,False,0.8879581093788147
3dal__A1_O75626--3dal__B2_O75626,2,4,1,2,0.0068081957867622,82.75,False,0.8879581093788147
3dal__A1_O75626--3dal__B2_O75626,3,4,0,2,0.0068500811614473,82.5625,False,0.8900548815727234
3dal__A1_O75626--3dal__B2_O75626,4,4,3,2,0.0068484789413019,79.9375,False,0.8879581093788147
3dal__A1_O75626--3dal__B2_O75626,5,2,2,2,0.0068214602721888,78.25,False,0.8879581093788147
3dal__A1_O75626--3dal__B2_O75626,6,5,0,2,0.0069642650699368,76.375,False,0.8953300714492798
3dal__A1_O75626--3dal__B2_O75626,7,5,1,2,0.0068249977724242,73.5625,False,0.8953300714492798
3dal__A1_O75626--3dal__B2_O75626,8,2,3,2,0.0067699054053342,72.8125,False,0.8951900005340576
3dal__A1_O75626--3dal__B2_O75626,9,2,0,2,0.0069147222746859,70.9375,False,0.8879581093788147
3dal__A1_O75626--3dal__B2_O75626,10,5,3,2,0.0067427481119929,68.4375,False,0.905560314655304
3dal__A1_O75626--3dal__B2_O75626,11,5,2,2,0.0068307478078154,66.0,False,0.905560314655304
3dal__A1_O75626--3dal__B2_O75626,12,1,0,2,0.0069815180869368,65.875,False,0.8900548815727234
3dal__A1_O75626--3dal__B2_O75626,13,1,2,2,0.0070644190622977,63.9375,False,0.8858773112297058
3dal__A1_O75626--3dal__B2_O75626,14,3,3,2,0.0067498796246008,63.625,False,0.9204970002174377
3dal__A1_O75626--3dal__B2_O75626,15,3,0,2,0.0068138512716006,63.3125,False,0.9204970002174377
3dal__A1_O75626--3dal__B2_O75626,16,1,1,2,0.0069447308865426,62.5625,False,0.8924731612205505
3dal__A1_O75626--3dal__B2_O75626,17,1,3,2,0.006930692700382,61.5,False,0.8940597772598267
3dal__A1_O75626--3dal__B2_O75626,18,2,1,2,0.0069322683591582,61.4375,False,0.8879581093788147
3dal__A1_O75626--3dal__B2_O75626,19,3,1,2,0.0068866070999111,56.375,False,0.9204970002174377
3dal__A1_O75626--3dal__B2_O75626,20,3,2,2,0.0068954840001002,53.25,False,0.9204970002174377
3dsl__A1_O93523--3dsl__B1_O93523,1,2,2,1,0.0100995192020225,47.28125,False,0.06619486957788467
3dsl__A1_O93523--3dsl__B1_O93523,2,2,0,1,0.0100515509330238,45.84375,False,0.04153237119317055
3dsl__A1_O93523--3dsl__B1_O93523,3,2,3,1,0.0105046112684662,42.8125,False,0.04830978810787201
3dsl__A1_O93523--3dsl__B1_O93523,4,3,0,1,0.1751612622594539,35.0625,False,0.016578828915953636
3dsl__A1_O93523--3dsl__B1_O93523,5,3,1,1,0.1983446203759078,34.53125,False,0.034255895763635635
3dsl__A1_O93523--3dsl__B1_O93523,6,3,3,1,0.1936255654209911,31.171875,False,0.13127367198467255
3dsl__A1_O93523--3dsl__B1_O93523,7,4,1,1,0.0165536438011483,22.953125,False,0.037118639796972275
3dsl__A1_O93523--3dsl__B1_O93523,8,5,3,1,0.0176281467537143,22.90625,False,0.005710164085030556
3dsl__A1_O93523--3dsl__B1_O93523,9,5,1,1,0.017358589650594,22.8125,False,0.0037267813459038734
3dsl__A1_O93523--3dsl__B1_O93523,10,5,2,1,0.0177821539567539,22.578125,False,0.1619669497013092
3dsl__A1_O93523--3dsl__B1_O93523,11,3,2,1,0.1029432288657276,22.375,False,0.06774591654539108
3dsl__A1_O93523--3dsl__B1_O93523,12,4,2,1,0.0133653070407124,22.328125,False,0.04031321406364441
3dsl__A1_O93523--3dsl__B1_O93523,13,2,1,1,0.0584609623296675,22.21875,False,0.06135953962802887
3dsl__A1_O93523--3dsl__B1_O93523,14,1,2,1,0.0136543272981684,21.796875,False,0.1655392050743103
3dsl__A1_O93523--3dsl__B1_O93523,15,5,0,1,0.017407104949157,21.375,False,0.03504075109958649
3dsl__A1_O93523--3dsl__B1_O93523,16,1,0,1,0.0136230788906868,21.25,False,0.04112843796610832
3dsl__A1_O93523--3dsl__B1_O93523,17,4,3,1,0.017397068602535,21.234375,False,0.004155434668064117
3dsl__A1_O93523--3dsl__B1_O93523,18,4,0,1,0.0158806230045554,21.15625,False,0.055573634803295135
3dsl__A1_O93523--3dsl__B1_O93523,19,1,3,1,0.0166900267277455,20.53125,False,0.006491122767329216
3dsl__A1_O93523--3dsl__B1_O93523,20,1,1,1,0.0160380021307879,20.390625,False,0.0062019419856369495
3e0j__G1_P49005--3e0j__H1_Q15054,1,5,3,3,0.8161121430949115,94.375,True,0.7833860516548157
3e0j__G1_P49005--3e0j__H1_Q15054,2,3,2,3,0.8206054900053381,94.375,True,0.8107078075408936
3e0j__G1_P49005--3e0j__H1_Q15054,3,3,0,3,0.8190253395196067,94.3125,True,0.7992647290229797
3e0j__G1_P49005--3e0j__H1_Q15054,4,5,1,3,0.8216819839138537,94.3125,True,0.7788434624671936
3e0j__G1_P49005--3e0j__H1_Q15054,5,3,3,3,0.8274801107969676,94.3125,True,0.8060056567192078
3e0j__G1_P49005--3e0j__H1_Q15054,6,5,2,3,0.7846034449380103,94.25,True,0.7798979878425598
3e0j__G1_P49005--3e0j__H1_Q15054,7,3,1,3,0.8185786611531122,94.25,True,0.7963101863861084
3e0j__G1_P49005--3e0j__H1_Q15054,8,5,0,3,0.8050270388789494,94.1875,True,0.7767661213874817
3e0j__G1_P49005--3e0j__H1_Q15054,9,4,2,3,0.8384672857293687,93.8125,True,0.8386563062667847
3e0j__G1_P49005--3e0j__H1_Q15054,10,2,3,3,0.7948726495810986,93.8125,True,0.7527750134468079
3e0j__G1_P49005--3e0j__H1_Q15054,11,4,3,3,0.8470577951683897,93.75,True,0.8374059200286865
3e0j__G1_P49005--3e0j__H1_Q15054,12,4,1,3,0.843458743952968,93.625,True,0.8374059200286865
3e0j__G1_P49005--3e0j__H1_Q15054,13,1,3,3,0.8046136484281773,93.5625,True,0.8063890933990479
3e0j__G1_P49005--3e0j__H1_Q15054,14,2,2,3,0.8058159798448381,93.5625,True,0.7488827705383301
3e0j__G1_P49005--3e0j__H1_Q15054,15,1,2,3,0.7985498015453567,93.5625,True,0.8191470503807068
3e0j__G1_P49005--3e0j__H1_Q15054,16,2,1,3,0.8195832782512181,93.5,True,0.7460013628005981
3e0j__G1_P49005--3e0j__H1_Q15054,17,4,0,3,0.8367023148686076,93.5,True,0.8417674899101257
3e0j__G1_P49005--3e0j__H1_Q15054,18,2,0,3,0.8006439963458442,93.5,True,0.7498891353607178
3e0j__G1_P49005--3e0j__H1_Q15054,19,1,0,3,0.8075799602270971,93.5,True,0.8151600956916809
3e0j__G1_P49005--3e0j__H1_Q15054,20,1,1,3,0.8089780304820268,93.1875,True,0.8143929243087769
3e0y__A1_Q74E48--3e0y__B1_Q74E48,1,3,1,4,0.3126453899573803,78.5,True,0.0817766860127449
3e0y__A1_Q74E48--3e0y__B1_Q74E48,2,1,0,4,0.3126451556788562,75.625,True,0.023614468052983284
3e0y__A1_Q74E48--3e0y__B1_Q74E48,3,1,3,4,0.3120852271785016,74.3125,True,0.026266438886523247
3e0y__A1_Q74E48--3e0y__B1_Q74E48,4,1,2,4,0.3138441824034257,72.25,True,0.03644869849085808
3e0y__A1_Q74E48--3e0y__B1_Q74E48,5,5,0,4,0.3131136604264007,61.40625,True,0.11855649203062057
3e0y__A1_Q74E48--3e0y__B1_Q74E48,6,1,1,4,0.3176077948208345,44.8125,True,0.0467245951294899
3e0y__A1_Q74E48--3e0y__B1_Q74E48,7,4,3,4,0.0794705906296777,44.3125,False,0.03747863695025444
3e0y__A1_Q74E48--3e0y__B1_Q74E48,8,3,2,4,0.242244858862166,44.1875,True,0.6392594575881958
3e0y__A1_Q74E48--3e0y__B1_Q74E48,9,3,0,4,0.4114371043127655,41.75,True,0.1830565184354782
3e0y__A1_Q74E48--3e0y__B1_Q74E48,10,4,0,4,0.0793325942621529,41.15625,False,0.03829921409487724
3e0y__A1_Q74E48--3e0y__B1_Q74E48,11,5,2,4,0.282712867745702,39.5,True,0.0032098989468067884
3e0y__A1_Q74E48--3e0y__B1_Q74E48,12,3,3,4,0.3746829932449114,39.0625,True,0.05187898501753807
3e0y__A1_Q74E48--3e0y__B1_Q74E48,13,4,2,4,0.0873626277847415,36.34375,False,0.024715745821595192
3e0y__A1_Q74E48--3e0y__B1_Q74E48,14,5,3,4,0.2540221643824702,33.59375,True,0.002414950169622898
3e0y__A1_Q74E48--3e0y__B1_Q74E48,15,4,1,4,0.0925700035547838,30.109375,False,0.023292172700166702
3e0y__A1_Q74E48--3e0y__B1_Q74E48,16,2,3,4,0.1718871940739861,25.203125,False,0.004632747266441584
3e0y__A1_Q74E48--3e0y__B1_Q74E48,17,2,2,4,0.1558497262265351,19.90625,False,0.0037650540471076965
3e0y__A1_Q74E48--3e0y__B1_Q74E48,18,2,1,4,0.0076056256675404,17.8125,False,0.014805161394178867
3e0y__A1_Q74E48--3e0y__B1_Q74E48,19,2,0,4,0.067748152534428,17.09375,False,0.0016822608886286616
3e0y__A1_Q74E48--3e0y__B1_Q74E48,20,5,1,4,0.0072384411682501,16.421875,False,0.016664985567331314
3e7l__A1_O66551--3e7l__B1_O66551,1,1,1,1,0.9537954583455112,87.875,True,0.8190942406654358
3e7l__A1_O66551--3e7l__B1_O66551,2,1,2,1,0.9511716462206694,87.8125,True,0.8529561758041382
3e7l__A1_O66551--3e7l__B1_O66551,3,1,0,1,0.9504647692283829,87.625,True,0.8190942406654358
3e7l__A1_O66551--3e7l__B1_O66551,4,1,3,1,0.9501909474923264,87.5,True,0.8529561758041382
3e7l__A1_O66551--3e7l__B1_O66551,5,3,2,1,0.9363829116236572,87.5,True,0.8259705305099487
3e7l__A1_O66551--3e7l__B1_O66551,6,4,0,1,0.9304483630407372,87.4375,True,0.82956463098526
3e7l__A1_O66551--3e7l__B1_O66551,7,2,3,1,0.9258595998818752,87.4375,True,0.8259705305099487
3e7l__A1_O66551--3e7l__B1_O66551,8,4,1,1,0.9291982982076352,87.4375,True,0.849543571472168
3e7l__A1_O66551--3e7l__B1_O66551,9,2,1,1,0.9293205741984212,87.4375,True,0.7931556701660156
3e7l__A1_O66551--3e7l__B1_O66551,10,4,3,1,0.9320591618331432,87.375,True,0.8697290420532227
3e7l__A1_O66551--3e7l__B1_O66551,11,2,0,1,0.9315321962088892,87.3125,True,0.7931556701660156
3e7l__A1_O66551--3e7l__B1_O66551,12,4,2,1,0.924114434389872,87.3125,True,0.8406320810317993
3e7l__A1_O66551--3e7l__B1_O66551,13,2,2,1,0.931514144586814,87.3125,True,0.7931556701660156
3e7l__A1_O66551--3e7l__B1_O66551,14,3,1,1,0.9377200159624528,87.3125,True,0.8259705305099487
3e7l__A1_O66551--3e7l__B1_O66551,15,3,0,1,0.9432644557798048,87.1875,True,0.8190942406654358
3e7l__A1_O66551--3e7l__B1_O66551,16,3,3,1,0.929629876046296,87.125,True,0.8221301436424255
3e7l__A1_O66551--3e7l__B1_O66551,17,5,3,1,0.9414644649488754,86.9375,True,0.8259705305099487
3e7l__A1_O66551--3e7l__B1_O66551,18,5,2,1,0.941597922456686,86.8125,True,0.8259705305099487
3e7l__A1_O66551--3e7l__B1_O66551,19,5,1,1,0.940276517612494,86.8125,True,0.8259705305099487
3e7l__A1_O66551--3e7l__B1_O66551,20,5,0,1,0.9402022523743055,86.6875,True,0.8259705305099487
3evi__A1_Q8N4E4--3evi__B1_Q8N4E4,1,2,3,3,0.6600450517552744,82.125,True,0.9997366070747375
3evi__A1_Q8N4E4--3evi__B1_Q8N4E4,2,2,1,3,0.6449662501940526,80.5625,True,0.9996747970581055
3evi__A1_Q8N4E4--3evi__B1_Q8N4E4,3,5,2,3,0.538246727715809,67.0625,True,0.8003758192062378
3evi__A1_Q8N4E4--3evi__B1_Q8N4E4,4,2,2,3,0.5955216295995734,66.125,True,0.999894380569458
3evi__A1_Q8N4E4--3evi__B1_Q8N4E4,5,4,1,3,0.5515471759632685,65.3125,True,0.8919615149497986
3evi__A1_Q8N4E4--3evi__B1_Q8N4E4,6,3,2,3,0.5243690298628094,64.75,True,0.16202843189239502
3evi__A1_Q8N4E4--3evi__B1_Q8N4E4,7,2,0,3,0.5594903185752509,63.96875,True,0.8856750130653381
3evi__A1_Q8N4E4--3evi__B1_Q8N4E4,8,3,3,3,0.5571303693086934,60.65625,True,0.2178182750940323
3evi__A1_Q8N4E4--3evi__B1_Q8N4E4,9,3,0,3,0.5594661172515144,59.84375,True,0.9476411938667297
3evi__A1_Q8N4E4--3evi__B1_Q8N4E4,10,5,1,3,0.5438203398084253,58.6875,True,0.8780063390731812
3evi__A1_Q8N4E4--3evi__B1_Q8N4E4,11,4,2,3,0.5575868254005364,58.0625,True,0.3834162652492523
3evi__A1_Q8N4E4--3evi__B1_Q8N4E4,12,3,1,3,0.5593683315242153,56.4375,True,0.1141190454363823
3evi__A1_Q8N4E4--3evi__B1_Q8N4E4,13,4,3,3,0.5951320996571914,49.5625,True,0.9036400318145752
3evi__A1_Q8N4E4--3evi__B1_Q8N4E4,14,4,0,3,0.5695134774370572,43.8125,True,0.31220635771751404
3evi__A1_Q8N4E4--3evi__B1_Q8N4E4,15,1,3,3,0.0103596189432512,24.015625,False,0.09757427871227264
3evi__A1_Q8N4E4--3evi__B1_Q8N4E4,16,1,2,3,0.0102339728339046,23.96875,False,0.11866132915019989
3evi__A1_Q8N4E4--3evi__B1_Q8N4E4,17,1,1,3,0.0103473481021279,23.203125,False,0.028374075889587402
3evi__A1_Q8N4E4--3evi__B1_Q8N4E4,18,1,0,3,0.010171802829307,22.5,False,0.04302293807268143
3evi__A1_Q8N4E4--3evi__B1_Q8N4E4,19,5,0,3,0.0558167388649202,21.453125,False,0.027859104797244072
3evi__A1_Q8N4E4--3evi__B1_Q8N4E4,20,5,3,3,0.0536980168301477,19.59375,False,0.0527343675494194
3ezu__A1_Q74FR4--3ezu__A2_Q74FR4,1,5,2,2,0.023958157374606,60.71875,False,0.9450309872627258
3ezu__A1_Q74FR4--3ezu__A2_Q74FR4,2,2,0,2,0.0204043177908984,60.5625,False,0.9201482534408569
3ezu__A1_Q74FR4--3ezu__A2_Q74FR4,3,4,3,2,0.0205429111574598,60.25,False,0.5297096967697144
3ezu__A1_Q74FR4--3ezu__A2_Q74FR4,4,2,2,2,0.0194149929267517,60.03125,False,0.9011012315750122
3ezu__A1_Q74FR4--3ezu__A2_Q74FR4,5,3,1,2,0.0226090945683597,59.875,False,0.19416899979114532
3ezu__A1_Q74FR4--3ezu__A2_Q74FR4,6,3,2,2,0.0225051979683113,59.59375,False,0.23279568552970886
3ezu__A1_Q74FR4--3ezu__A2_Q74FR4,7,3,0,2,0.0264837064291417,59.53125,False,0.9824726581573486
3ezu__A1_Q74FR4--3ezu__A2_Q74FR4,8,5,1,2,0.0189937484273872,59.4375,False,0.9535263776779175
3ezu__A1_Q74FR4--3ezu__A2_Q74FR4,9,4,0,2,0.0200147879450383,59.40625,False,0.26019296050071716
3ezu__A1_Q74FR4--3ezu__A2_Q74FR4,10,5,3,2,0.0185772692755358,59.3125,False,0.9920444488525391
3ezu__A1_Q74FR4--3ezu__A2_Q74FR4,11,3,3,2,0.0255228616036807,59.125,False,0.33509212732315063
3ezu__A1_Q74FR4--3ezu__A2_Q74FR4,12,5,0,2,0.0233162126913467,59.09375,False,0.6924976706504822
3ezu__A1_Q74FR4--3ezu__A2_Q74FR4,13,2,3,2,0.0207290983909459,59.0625,False,0.9950418472290039
3ezu__A1_Q74FR4--3ezu__A2_Q74FR4,14,2,1,2,0.0281836516544579,59.0,False,0.999823272228241
3ezu__A1_Q74FR4--3ezu__A2_Q74FR4,15,1,0,2,0.0205100043698953,58.65625,False,0.8674286007881165
3ezu__A1_Q74FR4--3ezu__A2_Q74FR4,16,4,2,2,0.030814810391238,58.5,False,0.9996836185455322
3ezu__A1_Q74FR4--3ezu__A2_Q74FR4,17,4,1,2,0.0467059450024693,58.28125,False,0.9789299368858337
3ezu__A1_Q74FR4--3ezu__A2_Q74FR4,18,1,2,2,0.0189561025995311,57.625,False,0.042000651359558105
3ezu__A1_Q74FR4--3ezu__A2_Q74FR4,19,1,1,2,0.0412797709364268,57.375,False,0.017070116475224495
3ezu__A1_Q74FR4--3ezu__A2_Q74FR4,20,1,3,2,0.0185359011218535,55.28125,False,0.992091178894043
3f2u__A1_P83916--3f2u__A2_P83916,1,1,2,2,0.0414083138462204,45.375,False,0.006377814803272486
3f2u__A1_P83916--3f2u__A2_P83916,2,1,0,2,0.0415804254062011,42.25,False,0.026222478598356247
3f2u__A1_P83916--3f2u__A2_P83916,3,1,1,2,0.0407552433330606,41.375,False,0.008940142579376698
3f2u__A1_P83916--3f2u__A2_P83916,4,1,3,2,0.0412486664375579,39.625,False,0.011076390743255615
3f2u__A1_P83916--3f2u__A2_P83916,5,3,1,2,0.7291523003221924,37.59375,True,7.911391719517269e-08
3f2u__A1_P83916--3f2u__A2_P83916,6,3,0,2,0.6953067624853664,37.25,True,4.796662622652548e-08
3f2u__A1_P83916--3f2u__A2_P83916,7,3,2,2,0.7450044067174125,37.125,True,6.222539639111346e-08
3f2u__A1_P83916--3f2u__A2_P83916,8,3,3,2,0.7029636119094308,35.46875,True,1.184705666901209e-08
3f2u__A1_P83916--3f2u__A2_P83916,9,4,1,2,0.5956287190010531,35.125,True,0.00015595216245856136
3f2u__A1_P83916--3f2u__A2_P83916,10,4,0,2,0.6081662063858352,33.03125,True,7.402462506433949e-05
3f2u__A1_P83916--3f2u__A2_P83916,11,4,3,2,0.6281484649760247,30.875,True,1.4742552593816072e-05
3f2u__A1_P83916--3f2u__A2_P83916,12,5,3,2,0.6590555980965837,28.046875,True,1.295852052862756e-05
3f2u__A1_P83916--3f2u__A2_P83916,13,5,2,2,0.61668881699732,27.765625,True,0.00011559041740838438
3f2u__A1_P83916--3f2u__A2_P83916,14,5,0,2,0.5708758647403557,21.125,True,0.0102163664996624
3f2u__A1_P83916--3f2u__A2_P83916,15,5,1,2,0.5478798525090305,21.0,True,0.002787576522678137
3f2u__A1_P83916--3f2u__A2_P83916,16,4,2,2,0.6801284737746031,18.984375,True,1.100058923952929e-07
3f2u__A1_P83916--3f2u__A2_P83916,17,2,2,2,0.04656885247449,17.0,False,0.1284371018409729
3f2u__A1_P83916--3f2u__A2_P83916,18,2,0,2,0.0477425588727669,16.765625,False,0.17530450224876404
3f2u__A1_P83916--3f2u__A2_P83916,19,2,3,2,0.0502643419793227,15.09375,False,0.048735760152339935
3f2u__A1_P83916--3f2u__A2_P83916,20,2,1,2,0.0479113096548227,14.3203125,False,0.0236166063696146
3f6t__B1_Q5FIG7--3f6t__A1_Q5FIG7,1,1,1,2,0.4862245037733374,93.8125,True,0.9485552310943604
3f6t__B1_Q5FIG7--3f6t__A1_Q5FIG7,2,1,3,2,0.4857510394392889,93.6875,True,0.9104335308074951
3f6t__B1_Q5FIG7--3f6t__A1_Q5FIG7,3,1,0,2,0.4978880019033423,93.5,True,0.9508541226387024
3f6t__B1_Q5FIG7--3f6t__A1_Q5FIG7,4,5,0,2,0.4960251578440546,93.4375,True,0.9503505825996399
3f6t__B1_Q5FIG7--3f6t__A1_Q5FIG7,5,5,3,2,0.4960875810289864,93.375,True,0.9438987970352173
3f6t__B1_Q5FIG7--3f6t__A1_Q5FIG7,6,2,0,2,0.4779108072751554,93.3125,True,0.8376101851463318
3f6t__B1_Q5FIG7--3f6t__A1_Q5FIG7,7,3,0,2,0.4952538880261177,93.25,True,0.9522242546081543
3f6t__B1_Q5FIG7--3f6t__A1_Q5FIG7,8,5,1,2,0.4984859148606076,93.25,True,0.9755481481552124
3f6t__B1_Q5FIG7--3f6t__A1_Q5FIG7,9,3,1,2,0.4869713263027996,93.125,True,0.9029598236083984
3f6t__B1_Q5FIG7--3f6t__A1_Q5FIG7,10,5,2,2,0.4940961131507215,93.0625,True,0.9370490312576294
3f6t__B1_Q5FIG7--3f6t__A1_Q5FIG7,11,4,3,2,0.4947974154854996,93.0625,True,0.9841099977493286
3f6t__B1_Q5FIG7--3f6t__A1_Q5FIG7,12,2,2,2,0.4809329771341676,92.875,True,0.8572390675544739
3f6t__B1_Q5FIG7--3f6t__A1_Q5FIG7,13,1,2,2,0.5016241779481455,92.875,True,0.9346314668655396
3f6t__B1_Q5FIG7--3f6t__A1_Q5FIG7,14,4,1,2,0.4960941316550185,92.75,True,0.9644536972045898
3f6t__B1_Q5FIG7--3f6t__A1_Q5FIG7,15,4,2,2,0.4984547646167299,92.6875,True,0.9170293211936951
3f6t__B1_Q5FIG7--3f6t__A1_Q5FIG7,16,3,2,2,0.4903932760182499,92.6875,True,0.938893735408783
3f6t__B1_Q5FIG7--3f6t__A1_Q5FIG7,17,3,3,2,0.4942758785191157,92.625,True,0.909851610660553
3f6t__B1_Q5FIG7--3f6t__A1_Q5FIG7,18,4,0,2,0.4925074348862825,92.5,True,0.9838874936103821
3f6t__B1_Q5FIG7--3f6t__A1_Q5FIG7,19,2,1,2,0.4942241836857233,92.3125,True,0.9338468313217163
3f6t__B1_Q5FIG7--3f6t__A1_Q5FIG7,20,2,3,2,0.489110931320084,92.125,True,0.8998233675956726
3f7c__A1_A1TZ69--3f7c__A2_A1TZ69,1,3,2,4,0.0557675937168912,70.4375,False,0.0014580506831407547
3f7c__A1_A1TZ69--3f7c__A2_A1TZ69,2,4,2,4,0.3011404892396749,66.5625,True,0.931101381778717
3f7c__A1_A1TZ69--3f7c__A2_A1TZ69,3,3,3,4,0.3033321458640163,65.125,True,0.9115197658538818
3f7c__A1_A1TZ69--3f7c__A2_A1TZ69,4,4,1,4,0.3010170857365126,62.09375,True,0.9402174353599548
3f7c__A1_A1TZ69--3f7c__A2_A1TZ69,5,2,0,4,0.2174000901753026,52.875,False,0.9795634150505066
3f7c__A1_A1TZ69--3f7c__A2_A1TZ69,6,1,3,4,0.2294514915412587,51.6875,False,0.9994733929634094
3f7c__A1_A1TZ69--3f7c__A2_A1TZ69,7,1,2,4,0.2311034725226546,51.46875,True,0.9977933168411255
3f7c__A1_A1TZ69--3f7c__A2_A1TZ69,8,2,3,4,0.2241436906993474,50.96875,False,0.9999816417694092
3f7c__A1_A1TZ69--3f7c__A2_A1TZ69,9,1,0,4,0.2284488650289784,49.15625,False,0.9961726069450378
3f7c__A1_A1TZ69--3f7c__A2_A1TZ69,10,1,1,4,0.2330836132743575,48.96875,True,0.9964144229888916
3f7c__A1_A1TZ69--3f7c__A2_A1TZ69,11,3,0,4,0.0582473281609733,43.4375,False,0.008666484616696835
3f7c__A1_A1TZ69--3f7c__A2_A1TZ69,12,3,1,4,0.0592239343457107,41.09375,False,0.007070513907819986
3f7c__A1_A1TZ69--3f7c__A2_A1TZ69,13,4,3,4,0.0533313988149059,29.875,False,0.013613898307085037
3f7c__A1_A1TZ69--3f7c__A2_A1TZ69,14,4,0,4,0.0399288400758998,28.40625,False,0.0567021407186985
3f7c__A1_A1TZ69--3f7c__A2_A1TZ69,15,5,0,4,0.0303365440647463,25.4375,False,0.04976032301783562
3f7c__A1_A1TZ69--3f7c__A2_A1TZ69,16,5,2,4,0.0340204328771896,24.140625,False,0.10343349725008011
3f7c__A1_A1TZ69--3f7c__A2_A1TZ69,17,2,2,4,0.0336160473747702,23.59375,False,0.0032380709890276194
3f7c__A1_A1TZ69--3f7c__A2_A1TZ69,18,5,1,4,0.0379853819576383,23.328125,False,0.04285251721739769
3f7c__A1_A1TZ69--3f7c__A2_A1TZ69,19,5,3,4,0.0327138106036742,22.875,False,0.03985565900802612
3f7c__A1_A1TZ69--3f7c__A2_A1TZ69,20,2,1,4,0.0756355450069133,22.578125,False,0.03288957476615906
3f8u__A1_P30101--3f8u__B1_O15533,1,4,0,3,0.4296435508995711,68.8125,True,0.7802324295043945
3f8u__A1_P30101--3f8u__B1_O15533,2,4,2,3,0.4082941221564298,66.4375,True,0.9508036971092224
3f8u__A1_P30101--3f8u__B1_O15533,3,4,3,3,0.3749122788757635,65.75,True,0.9723554849624634
3f8u__A1_P30101--3f8u__B1_O15533,4,3,0,3,0.2138776858954349,61.65625,False,0.10524124652147293
3f8u__A1_P30101--3f8u__B1_O15533,5,4,1,3,0.5161260485130187,61.59375,True,0.9968562126159668
3f8u__A1_P30101--3f8u__B1_O15533,6,1,2,3,0.5389972167489261,52.3125,True,0.8036543726921082
3f8u__A1_P30101--3f8u__B1_O15533,7,3,2,3,0.0096684640919302,45.78125,False,0.004797868896275759
3f8u__A1_P30101--3f8u__B1_O15533,8,3,1,3,0.0089043039461057,30.46875,False,0.00426765251904726
3f8u__A1_P30101--3f8u__B1_O15533,9,1,0,3,0.0086170955052102,26.265625,False,0.016769757494330406
3f8u__A1_P30101--3f8u__B1_O15533,10,1,1,3,0.0102366896115572,25.90625,False,0.007589995861053467
3f8u__A1_P30101--3f8u__B1_O15533,11,3,3,3,0.0076313038453491,23.953125,False,0.0040639168582856655
3f8u__A1_P30101--3f8u__B1_O15533,12,2,3,3,0.0572766753869947,23.109375,False,0.02800435945391655
3f8u__A1_P30101--3f8u__B1_O15533,13,5,0,3,0.0073211329743816,22.09375,False,0.007334388792514801
3f8u__A1_P30101--3f8u__B1_O15533,14,2,0,3,0.0512843598271248,21.953125,False,0.13233709335327148
3f8u__A1_P30101--3f8u__B1_O15533,15,2,2,3,0.0382072139876046,21.875,False,0.08130893111228943
3f8u__A1_P30101--3f8u__B1_O15533,16,1,3,3,0.0093419434044422,21.734375,False,0.009236794896423817
3f8u__A1_P30101--3f8u__B1_O15533,17,5,1,3,0.0070826254408861,21.640625,False,0.00046301630209200084
3f8u__A1_P30101--3f8u__B1_O15533,18,2,1,3,0.0790812429065468,21.625,False,0.14335794746875763
3f8u__A1_P30101--3f8u__B1_O15533,19,5,3,3,0.00779026017755,21.546875,False,0.02646075002849102
3f8u__A1_P30101--3f8u__B1_O15533,20,5,2,3,0.0176279374481974,21.3125,False,0.04000360891222954
3ffm__A1_O95257--3ffm__A2_O95257,1,1,1,1,0.0388523219252019,65.4375,False,0.0002237553271697834
3ffm__A1_O95257--3ffm__A2_O95257,2,1,3,1,0.0267016052770403,64.6875,False,4.344842636783142e-06
3ffm__A1_O95257--3ffm__A2_O95257,3,1,0,1,0.0265075802381057,61.125,False,3.98720567318378e-06
3ffm__A1_O95257--3ffm__A2_O95257,4,1,2,1,0.027400455076342,53.28125,False,0.003786619519814849
3ffm__A1_O95257--3ffm__A2_O95257,5,5,1,1,0.0576224140363094,45.6875,False,0.2552309036254883
3ffm__A1_O95257--3ffm__A2_O95257,6,5,2,1,0.0551409805797876,44.40625,False,0.16010388731956482
3ffm__A1_O95257--3ffm__A2_O95257,7,5,0,1,0.0573347188527374,39.78125,False,0.15800146758556366
3ffm__A1_O95257--3ffm__A2_O95257,8,3,1,1,0.0401892629471433,38.375,False,0.7089285850524902
3ffm__A1_O95257--3ffm__A2_O95257,9,4,3,1,0.0815626299291836,34.84375,False,0.9998598098754883
3ffm__A1_O95257--3ffm__A2_O95257,10,4,0,1,0.0944168947587298,34.0625,False,0.613663375377655
3ffm__A1_O95257--3ffm__A2_O95257,11,5,3,1,0.054448510052092,33.90625,False,0.03939589112997055
3ffm__A1_O95257--3ffm__A2_O95257,12,4,2,1,0.0784168094488179,33.46875,False,0.9999980926513672
3ffm__A1_O95257--3ffm__A2_O95257,13,4,1,1,0.0811746170408641,32.65625,False,0.9999351501464844
3ffm__A1_O95257--3ffm__A2_O95257,14,3,2,1,0.0624700150941338,32.21875,False,0.18424469232559204
3ffm__A1_O95257--3ffm__A2_O95257,15,3,0,1,0.039853871303537,31.796875,False,0.8958621025085449
3ffm__A1_O95257--3ffm__A2_O95257,16,3,3,1,0.0606441147663303,26.90625,False,0.21528059244155884
3ffm__A1_O95257--3ffm__A2_O95257,17,2,3,1,0.0783998571203815,25.75,False,0.5374839305877686
3ffm__A1_O95257--3ffm__A2_O95257,18,2,0,1,0.1023314014974614,25.359375,False,0.11761853098869324
3ffm__A1_O95257--3ffm__A2_O95257,19,2,1,1,0.0804782905247599,23.078125,False,0.9999092817306519
3ffm__A1_O95257--3ffm__A2_O95257,20,2,2,1,0.086216191148683,23.046875,False,0.9999889135360718
3fkq__A1_D0VX10--3fkq__A2_D0VX10,1,3,3,4,0.4764608817313696,63.78125,True,0.9124369621276855
3fkq__A1_D0VX10--3fkq__A2_D0VX10,2,3,1,4,0.4818272005418482,63.40625,True,0.9181050062179565
3fkq__A1_D0VX10--3fkq__A2_D0VX10,3,3,0,4,0.465153695574116,63.34375,True,0.9489396810531616
3fkq__A1_D0VX10--3fkq__A2_D0VX10,4,4,2,4,0.4316932964363678,63.34375,True,0.9030870199203491
3fkq__A1_D0VX10--3fkq__A2_D0VX10,5,3,2,4,0.4675324377446949,63.28125,True,0.8997302651405334
3fkq__A1_D0VX10--3fkq__A2_D0VX10,6,2,1,4,0.4386023308549176,62.4375,True,0.9555267095565796
3fkq__A1_D0VX10--3fkq__A2_D0VX10,7,2,2,4,0.4533092680571999,62.4375,True,0.9227531552314758
3fkq__A1_D0VX10--3fkq__A2_D0VX10,8,4,0,4,0.4601487841747643,62.1875,True,0.9114817380905151
3fkq__A1_D0VX10--3fkq__A2_D0VX10,9,5,3,4,0.4566763491861829,62.15625,True,0.974430501461029
3fkq__A1_D0VX10--3fkq__A2_D0VX10,10,4,3,4,0.4339775200284968,62.09375,True,0.9285984039306641
3fkq__A1_D0VX10--3fkq__A2_D0VX10,11,5,1,4,0.4418055863695194,61.8125,True,0.916384756565094
3fkq__A1_D0VX10--3fkq__A2_D0VX10,12,5,2,4,0.4306859412017263,61.71875,True,0.916384756565094
3fkq__A1_D0VX10--3fkq__A2_D0VX10,13,4,1,4,0.4330568003947081,61.5625,True,0.8900677561759949
3fkq__A1_D0VX10--3fkq__A2_D0VX10,14,5,0,4,0.4311092199891551,61.5,True,0.9168737530708313
3fkq__A1_D0VX10--3fkq__A2_D0VX10,15,2,3,4,0.4146071596503746,60.90625,True,0.9774565100669861
3fkq__A1_D0VX10--3fkq__A2_D0VX10,16,2,0,4,0.4398217190684223,60.84375,True,0.9324566721916199
3fkq__A1_D0VX10--3fkq__A2_D0VX10,17,1,1,4,0.4654041134057818,58.71875,True,0.9436989426612854
3fkq__A1_D0VX10--3fkq__A2_D0VX10,18,1,0,4,0.4411518450270817,57.65625,True,0.9357118606567383
3fkq__A1_D0VX10--3fkq__A2_D0VX10,19,1,2,4,0.4479189313874391,57.34375,True,0.9103489518165588
3fkq__A1_D0VX10--3fkq__A2_D0VX10,20,1,3,4,0.3866090774798924,57.34375,True,0.8457146286964417
3fn7__A1_Q99ZN4--3fn7__A2_Q99ZN4,1,3,2,4,0.3596853743364232,45.90625,True,0.486665815114975
3fn7__A1_Q99ZN4--3fn7__A2_Q99ZN4,2,3,1,4,0.3415067258460735,45.40625,True,0.6332833170890808
3fn7__A1_Q99ZN4--3fn7__A2_Q99ZN4,3,3,3,4,0.3394283495318403,44.6875,True,0.413341224193573
3fn7__A1_Q99ZN4--3fn7__A2_Q99ZN4,4,3,0,4,0.3620243207739573,44.03125,True,0.39335447549819946
3fn7__A1_Q99ZN4--3fn7__A2_Q99ZN4,5,2,1,4,0.2546991311611358,39.03125,True,0.8719006180763245
3fn7__A1_Q99ZN4--3fn7__A2_Q99ZN4,6,2,2,4,0.2376721081546467,38.46875,True,0.9972543120384216
3fn7__A1_Q99ZN4--3fn7__A2_Q99ZN4,7,5,0,4,0.059553863534844,36.09375,False,0.01601315103471279
3fn7__A1_Q99ZN4--3fn7__A2_Q99ZN4,8,5,2,4,0.2271811660532414,35.4375,False,0.9862181544303894
3fn7__A1_Q99ZN4--3fn7__A2_Q99ZN4,9,5,3,4,0.3141338488142753,33.6875,True,0.2901070713996887
3fn7__A1_Q99ZN4--3fn7__A2_Q99ZN4,10,2,0,4,0.2005528080148026,33.40625,False,0.21829788386821747
3fn7__A1_Q99ZN4--3fn7__A2_Q99ZN4,11,5,1,4,0.2968177473155555,32.90625,True,0.47561338543891907
3fn7__A1_Q99ZN4--3fn7__A2_Q99ZN4,12,2,3,4,0.3058639803905652,31.046875,True,0.048009324818849564
3fn7__A1_Q99ZN4--3fn7__A2_Q99ZN4,13,1,3,4,0.2740788870084799,29.796875,True,0.8501194715499878
3fn7__A1_Q99ZN4--3fn7__A2_Q99ZN4,14,1,1,4,0.2312849188342287,28.046875,True,0.9279559850692749
3fn7__A1_Q99ZN4--3fn7__A2_Q99ZN4,15,1,2,4,0.2343478041479002,26.859375,True,0.923719584941864
3fn7__A1_Q99ZN4--3fn7__A2_Q99ZN4,16,1,0,4,0.2635128586099917,25.125,True,0.01796136423945427
3fn7__A1_Q99ZN4--3fn7__A2_Q99ZN4,17,4,2,4,0.0179744624277331,21.84375,False,0.017003335058689117
3fn7__A1_Q99ZN4--3fn7__A2_Q99ZN4,18,4,1,4,0.0183143359055912,21.8125,False,0.01690570078790188
3fn7__A1_Q99ZN4--3fn7__A2_Q99ZN4,19,4,0,4,0.015085985000106,21.8125,False,0.008832952938973904
3fn7__A1_Q99ZN4--3fn7__A2_Q99ZN4,20,4,3,4,0.0194667565892337,20.5,False,0.09163828939199448
3fx0__B1_Q9Y6K9--3fx0__A1_Q9Y6K9,1,5,0,2,0.7096777121268296,73.0625,True,0.9039780497550964
3fx0__B1_Q9Y6K9--3fx0__A1_Q9Y6K9,2,5,1,2,0.7107037939086173,72.875,True,0.9076837301254272
3fx0__B1_Q9Y6K9--3fx0__A1_Q9Y6K9,3,5,2,2,0.7124874259336061,72.875,True,0.9039780497550964
3fx0__B1_Q9Y6K9--3fx0__A1_Q9Y6K9,4,5,3,2,0.7161961205796032,72.75,True,0.9076837301254272
3fx0__B1_Q9Y6K9--3fx0__A1_Q9Y6K9,5,1,1,2,0.7275872437237213,72.625,True,0.8718764781951904
3fx0__B1_Q9Y6K9--3fx0__A1_Q9Y6K9,6,1,0,2,0.723569856291341,72.5625,True,0.8963475227355957
3fx0__B1_Q9Y6K9--3fx0__A1_Q9Y6K9,7,1,3,2,0.7313862039031975,71.875,True,0.8718764781951904
3fx0__B1_Q9Y6K9--3fx0__A1_Q9Y6K9,8,1,2,2,0.7259867570153222,71.5625,True,0.8568555116653442
3fx0__B1_Q9Y6K9--3fx0__A1_Q9Y6K9,9,2,0,2,0.7278361822967209,70.75,True,0.8871051073074341
3fx0__B1_Q9Y6K9--3fx0__A1_Q9Y6K9,10,4,1,2,0.7155476004000496,70.625,True,0.9076837301254272
3fx0__B1_Q9Y6K9--3fx0__A1_Q9Y6K9,11,4,0,2,0.7111333557243512,70.625,True,0.9076837301254272
3fx0__B1_Q9Y6K9--3fx0__A1_Q9Y6K9,12,2,2,2,0.7278621997324715,69.875,True,0.8759346604347229
3fx0__B1_Q9Y6K9--3fx0__A1_Q9Y6K9,13,2,3,2,0.7277875894618662,69.8125,True,0.8759346604347229
3fx0__B1_Q9Y6K9--3fx0__A1_Q9Y6K9,14,2,1,2,0.7304889134458397,69.5625,True,0.8551655411720276
3fx0__B1_Q9Y6K9--3fx0__A1_Q9Y6K9,15,4,2,2,0.7118198145322071,69.4375,True,0.9038373231887817
3fx0__B1_Q9Y6K9--3fx0__A1_Q9Y6K9,16,4,3,2,0.7173207772627567,69.1875,True,0.9039531946182251
3fx0__B1_Q9Y6K9--3fx0__A1_Q9Y6K9,17,3,0,2,0.7000482460692817,67.375,True,0.9091586470603943
3fx0__B1_Q9Y6K9--3fx0__A1_Q9Y6K9,18,3,1,2,0.6978953189294987,66.5625,True,0.8958132863044739
3fx0__B1_Q9Y6K9--3fx0__A1_Q9Y6K9,19,3,3,2,0.6945267416804187,66.25,True,0.9091586470603943
3fx0__B1_Q9Y6K9--3fx0__A1_Q9Y6K9,20,3,2,2,0.6970885958781997,66.125,True,0.900235116481781
3gb8__A1_O14980--3gb8__B1_O95149,1,3,1,2,0.7200700079007746,86.125,True,0.8113685250282288
3gb8__A1_O14980--3gb8__B1_O95149,2,5,0,2,0.4238226279451398,78.75,True,0.06032109633088112
3gb8__A1_O14980--3gb8__B1_O95149,3,5,1,2,0.1774677180791114,73.9375,False,0.9779982566833496
3gb8__A1_O14980--3gb8__B1_O95149,4,1,3,2,0.6475330878618707,73.125,True,0.14184734225273132
3gb8__A1_O14980--3gb8__B1_O95149,5,5,2,2,0.1985571424682887,71.125,False,0.13846929371356964
3gb8__A1_O14980--3gb8__B1_O95149,6,1,2,2,0.5172077611006283,70.4375,True,0.1469220668077469
3gb8__A1_O14980--3gb8__B1_O95149,7,5,3,2,0.191564747785924,69.8125,False,0.27217748761177063
3gb8__A1_O14980--3gb8__B1_O95149,8,1,1,2,0.5362302326935694,69.25,True,0.15320944786071777
3gb8__A1_O14980--3gb8__B1_O95149,9,4,1,2,0.1996237339144581,69.125,False,0.17643646895885468
3gb8__A1_O14980--3gb8__B1_O95149,10,3,2,2,0.3745727047123584,68.8125,True,0.20063947141170502
3gb8__A1_O14980--3gb8__B1_O95149,11,1,0,2,0.4168760318873737,68.5625,True,0.0039007358718663454
3gb8__A1_O14980--3gb8__B1_O95149,12,4,2,2,0.5897970990341389,68.0,True,0.2382146567106247
3gb8__A1_O14980--3gb8__B1_O95149,13,3,0,2,0.2248035122569495,67.5625,False,0.5041488409042358
3gb8__A1_O14980--3gb8__B1_O95149,14,4,3,2,0.2561542408376407,66.75,True,0.4354328215122223
3gb8__A1_O14980--3gb8__B1_O95149,15,4,0,2,0.1809092384512746,66.375,False,0.1411214917898178
3gb8__A1_O14980--3gb8__B1_O95149,16,3,3,2,0.1691043320740309,64.1875,False,0.14671196043491364
3gb8__A1_O14980--3gb8__B1_O95149,17,2,3,2,0.1730520772041102,63.625,False,0.013390631414949894
3gb8__A1_O14980--3gb8__B1_O95149,18,2,2,2,0.1645206005137779,62.96875,False,0.018475983291864395
3gb8__A1_O14980--3gb8__B1_O95149,19,2,0,2,0.4050848760975052,61.65625,True,0.38141313195228577
3gb8__A1_O14980--3gb8__B1_O95149,20,2,1,2,0.1630029238004008,60.875,False,0.1783861368894577
3h8i__A1_Q7ZAG8--3h8i__B1_Q7ZAG8,1,1,0,1,0.0326334465885248,44.0,False,0.06113949045538902
3h8i__A1_Q7ZAG8--3h8i__B1_Q7ZAG8,2,4,0,1,0.0340335017767116,43.4375,False,0.020104072988033295
3h8i__A1_Q7ZAG8--3h8i__B1_Q7ZAG8,3,4,3,1,0.0336258708644445,41.96875,False,0.011335145682096481
3h8i__A1_Q7ZAG8--3h8i__B1_Q7ZAG8,4,1,3,1,0.0212075054992453,40.875,False,0.00626678392291069
3h8i__A1_Q7ZAG8--3h8i__B1_Q7ZAG8,5,4,2,1,0.0392260985073691,39.6875,False,0.22495228052139282
3h8i__A1_Q7ZAG8--3h8i__B1_Q7ZAG8,6,3,1,1,0.128010889253257,39.59375,False,0.01642554998397827
3h8i__A1_Q7ZAG8--3h8i__B1_Q7ZAG8,7,1,2,1,0.0687740264506918,37.5,False,0.04926338046789169
3h8i__A1_Q7ZAG8--3h8i__B1_Q7ZAG8,8,5,3,1,0.0859841553724081,35.375,False,0.02082676999270916
3h8i__A1_Q7ZAG8--3h8i__B1_Q7ZAG8,9,4,1,1,0.044181332129562,34.59375,False,0.16376742720603943
3h8i__A1_Q7ZAG8--3h8i__B1_Q7ZAG8,10,2,2,1,0.0865224087016895,33.375,False,0.0020312578417360783
3h8i__A1_Q7ZAG8--3h8i__B1_Q7ZAG8,11,3,3,1,0.085128518638546,33.28125,False,0.09939948469400406
3h8i__A1_Q7ZAG8--3h8i__B1_Q7ZAG8,12,3,0,1,0.2635506583469735,32.96875,True,0.01267031766474247
3h8i__A1_Q7ZAG8--3h8i__B1_Q7ZAG8,13,2,1,1,0.1036489919103302,32.90625,False,0.0030435624066740274
3h8i__A1_Q7ZAG8--3h8i__B1_Q7ZAG8,14,2,3,1,0.1704660383576665,31.140625,False,0.011130722239613533
3h8i__A1_Q7ZAG8--3h8i__B1_Q7ZAG8,15,5,0,1,0.0998094932760853,30.921875,False,0.1244775801897049
3h8i__A1_Q7ZAG8--3h8i__B1_Q7ZAG8,16,5,2,1,0.0934462208417394,30.890625,False,0.13101887702941895
3h8i__A1_Q7ZAG8--3h8i__B1_Q7ZAG8,17,3,2,1,0.2755170095943864,30.671875,True,0.12694717943668365
3h8i__A1_Q7ZAG8--3h8i__B1_Q7ZAG8,18,2,0,1,0.0924840618584514,30.640625,False,0.15389367938041687
3h8i__A1_Q7ZAG8--3h8i__B1_Q7ZAG8,19,1,1,1,0.0292677863057711,29.9375,False,0.0030882367864251137
3h8i__A1_Q7ZAG8--3h8i__B1_Q7ZAG8,20,5,1,1,0.0972632940365511,29.5,False,0.5399449467658997
3hkl__B1_Q62838--3hkl__A1_Q62838,1,4,2,3,0.008204245910455,50.0625,False,0.8266680836677551
3hkl__B1_Q62838--3hkl__A1_Q62838,2,1,3,3,0.0379889438721098,40.4375,False,0.00834109727293253
3hkl__B1_Q62838--3hkl__A1_Q62838,3,3,1,3,0.0085879773176011,34.625,False,0.0170143935829401
3hkl__B1_Q62838--3hkl__A1_Q62838,4,3,2,3,0.0084859578050642,34.34375,False,0.04398121312260628
3hkl__B1_Q62838--3hkl__A1_Q62838,5,1,2,3,0.0434467711652029,31.765625,False,0.04610563442111015
3hkl__B1_Q62838--3hkl__A1_Q62838,6,1,1,3,0.0394597137747814,31.203125,False,0.017162056639790535
3hkl__B1_Q62838--3hkl__A1_Q62838,7,5,1,3,0.0084806585910445,28.078125,False,0.03843772038817406
3hkl__B1_Q62838--3hkl__A1_Q62838,8,5,2,3,0.0084033130682995,26.828125,False,0.013812072575092316
3hkl__B1_Q62838--3hkl__A1_Q62838,9,3,3,3,0.0086468082591915,25.9375,False,0.0030274016316980124
3hkl__B1_Q62838--3hkl__A1_Q62838,10,4,3,3,0.0093917804904675,25.296875,False,0.06432695686817169
3hkl__B1_Q62838--3hkl__A1_Q62838,11,1,0,3,0.0370985324495078,25.1875,False,0.02185000851750374
3hkl__B1_Q62838--3hkl__A1_Q62838,12,5,3,3,0.0090951649084438,25.03125,False,0.34478816390037537
3hkl__B1_Q62838--3hkl__A1_Q62838,13,3,0,3,0.0089613614062084,24.6875,False,0.7525450587272644
3hkl__B1_Q62838--3hkl__A1_Q62838,14,4,1,3,0.0085378704817099,23.359375,False,0.04891002178192139
3hkl__B1_Q62838--3hkl__A1_Q62838,15,5,0,3,0.0087452312041057,23.328125,False,0.11906956136226654
3hkl__B1_Q62838--3hkl__A1_Q62838,16,2,2,3,0.0098092301140706,22.90625,False,0.1823730766773224
3hkl__B1_Q62838--3hkl__A1_Q62838,17,2,1,3,0.0097473747108446,22.296875,False,0.30274227261543274
3hkl__B1_Q62838--3hkl__A1_Q62838,18,2,3,3,0.0090182083675962,20.453125,False,0.013739632442593575
3hkl__B1_Q62838--3hkl__A1_Q62838,19,2,0,3,0.0097527429315153,20.234375,False,0.11147037893533707
3hkl__B1_Q62838--3hkl__A1_Q62838,20,4,0,3,0.009840382899198,18.1875,False,0.26393014192581177
3i26__A1_P0C0V9--3i26__B1_P0C0V9,1,4,1,2,0.0267647281339286,39.875,False,0.03441242501139641
3i26__A1_P0C0V9--3i26__B1_P0C0V9,2,1,3,2,0.0084697969665879,25.015625,False,0.00504269078373909
3i26__A1_P0C0V9--3i26__B1_P0C0V9,3,4,3,2,0.0222153846972062,24.5,False,0.03607944771647453
3i26__A1_P0C0V9--3i26__B1_P0C0V9,4,1,2,2,0.0067362588886283,24.1875,False,0.013277815654873848
3i26__A1_P0C0V9--3i26__B1_P0C0V9,5,5,1,2,0.0254184930727832,23.84375,False,0.007399471942335367
3i26__A1_P0C0V9--3i26__B1_P0C0V9,6,5,0,2,0.0594727178339347,22.84375,False,0.06894677877426147
3i26__A1_P0C0V9--3i26__B1_P0C0V9,7,4,0,2,0.0077616610658962,22.65625,False,0.04162055253982544
3i26__A1_P0C0V9--3i26__B1_P0C0V9,8,5,3,2,0.1039135820818848,22.578125,False,0.05913920700550079
3i26__A1_P0C0V9--3i26__B1_P0C0V9,9,2,3,2,0.0621652133209668,22.5625,False,0.08279849588871002
3i26__A1_P0C0V9--3i26__B1_P0C0V9,10,4,2,2,0.0636616711988879,22.515625,False,0.04164953529834747
3i26__A1_P0C0V9--3i26__B1_P0C0V9,11,1,1,2,0.0338532530852587,22.1875,False,0.003475308185443282
3i26__A1_P0C0V9--3i26__B1_P0C0V9,12,2,0,2,0.0533768686283977,22.078125,False,0.012504829093813896
3i26__A1_P0C0V9--3i26__B1_P0C0V9,13,2,2,2,0.0820987163763566,21.8125,False,0.10008431226015091
3i26__A1_P0C0V9--3i26__B1_P0C0V9,14,5,2,2,0.0602132742716257,21.59375,False,0.0318753756582737
3i26__A1_P0C0V9--3i26__B1_P0C0V9,15,3,0,2,0.0513620739505585,21.40625,False,0.026706518605351448
3i26__A1_P0C0V9--3i26__B1_P0C0V9,16,3,1,2,0.0327074384797518,21.171875,False,0.013926337473094463
3i26__A1_P0C0V9--3i26__B1_P0C0V9,17,1,0,2,0.0416042088479651,21.140625,False,0.007426590658724308
3i26__A1_P0C0V9--3i26__B1_P0C0V9,18,2,1,2,0.0766448696155257,20.921875,False,0.0618344210088253
3i26__A1_P0C0V9--3i26__B1_P0C0V9,19,3,3,2,0.0404898747166313,20.8125,False,0.07976923137903214
3i26__A1_P0C0V9--3i26__B1_P0C0V9,20,3,2,2,0.0475742456135374,20.3125,False,0.0507814846932888
3jsb__A1_P14240--3jsb__A2_P14240,1,5,0,0,0.0217433755425049,24.171875,False,0.035642869770526886
3jsb__A1_P14240--3jsb__A2_P14240,2,3,2,0,0.022088875962404,23.0625,False,0.36439281702041626
3jsb__A1_P14240--3jsb__A2_P14240,3,5,1,0,0.0208311649883352,19.65625,False,0.9556847810745239
3jsb__A1_P14240--3jsb__A2_P14240,4,3,1,0,0.023482502381445,19.0625,False,0.3113943636417389
3jsb__A1_P14240--3jsb__A2_P14240,5,3,3,0,0.02191968346173,18.375,False,0.1825905591249466
3jsb__A1_P14240--3jsb__A2_P14240,6,4,3,0,0.0083800197741436,18.328125,False,0.021351564675569534
3jsb__A1_P14240--3jsb__A2_P14240,7,5,2,0,0.0178523645176341,18.234375,False,0.0023937877267599106
3jsb__A1_P14240--3jsb__A2_P14240,8,3,0,0,0.0244568340470346,17.578125,False,0.006329389754682779
3jsb__A1_P14240--3jsb__A2_P14240,9,5,3,0,0.0197579393632227,17.5,False,0.075034499168396
3jsb__A1_P14240--3jsb__A2_P14240,10,2,1,0,0.029415688149115,17.375,False,0.0874597355723381
3jsb__A1_P14240--3jsb__A2_P14240,11,4,0,0,0.0103969282129956,17.1875,False,0.18851466476917267
3jsb__A1_P14240--3jsb__A2_P14240,12,1,1,0,0.039489401419763,17.109375,False,0.07593118399381638
3jsb__A1_P14240--3jsb__A2_P14240,13,2,3,0,0.0278743389864168,17.109375,False,0.02046949230134487
3jsb__A1_P14240--3jsb__A2_P14240,14,2,0,0,0.0289096475435132,17.0625,False,0.06008969619870186
3jsb__A1_P14240--3jsb__A2_P14240,15,4,1,0,0.0118275558721696,16.84375,False,0.0556349940598011
3jsb__A1_P14240--3jsb__A2_P14240,16,2,2,0,0.0284711227765344,16.828125,False,0.033921800553798676
3jsb__A1_P14240--3jsb__A2_P14240,17,1,0,0,0.0758956117365429,16.796875,False,0.11635250598192215
3jsb__A1_P14240--3jsb__A2_P14240,18,1,2,0,0.0757310411679682,16.71875,False,0.12114632874727249
3jsb__A1_P14240--3jsb__A2_P14240,19,1,3,0,0.0226186854391424,16.5625,False,0.03547101095318794
3jsb__A1_P14240--3jsb__A2_P14240,20,4,2,0,0.0099341494890017,16.453125,False,0.10367783904075623
3jtz__A1_Q9Z3B4--3jtz__A2_Q9Z3B4,1,4,1,0,0.8967332496827279,89.3125,True,0.001243610167875886
3jtz__A1_Q9Z3B4--3jtz__A2_Q9Z3B4,2,4,0,0,0.8801752779836326,89.25,True,0.00455463258549571
3jtz__A1_Q9Z3B4--3jtz__A2_Q9Z3B4,3,4,2,0,0.8908281413627915,89.0625,True,0.001243610167875886
3jtz__A1_Q9Z3B4--3jtz__A2_Q9Z3B4,4,5,0,0,0.8803064077900672,88.875,True,0.0027936340775340796
3jtz__A1_Q9Z3B4--3jtz__A2_Q9Z3B4,5,5,3,0,0.8736802489240442,88.8125,True,0.003644449170678854
3jtz__A1_Q9Z3B4--3jtz__A2_Q9Z3B4,6,4,3,0,0.8995804589290678,88.8125,True,0.001243610167875886
3jtz__A1_Q9Z3B4--3jtz__A2_Q9Z3B4,7,5,1,0,0.8720501020863874,88.5625,True,0.008920923806726933
3jtz__A1_Q9Z3B4--3jtz__A2_Q9Z3B4,8,5,2,0,0.8847798547846605,88.0625,True,0.0027936340775340796
3jtz__A1_Q9Z3B4--3jtz__A2_Q9Z3B4,9,3,0,0,0.8839155518328488,85.6875,True,0.0005117908585816622
3jtz__A1_Q9Z3B4--3jtz__A2_Q9Z3B4,10,3,3,0,0.8731576320265871,85.5,True,0.0008486987208016217
3jtz__A1_Q9Z3B4--3jtz__A2_Q9Z3B4,11,1,2,0,0.2230512564824552,77.0,False,2.4844744984875433e-05
3jtz__A1_Q9Z3B4--3jtz__A2_Q9Z3B4,12,1,0,0,0.2247678745781837,74.5625,False,2.4844744984875433e-05
3jtz__A1_Q9Z3B4--3jtz__A2_Q9Z3B4,13,1,3,0,0.2181229756268925,73.625,False,2.6948091544909403e-05
3jtz__A1_Q9Z3B4--3jtz__A2_Q9Z3B4,14,1,1,0,0.2218340966638962,68.375,False,2.6948091544909403e-05
3jtz__A1_Q9Z3B4--3jtz__A2_Q9Z3B4,15,3,1,0,0.2272949294413292,39.65625,False,3.818003460764885e-05
3jtz__A1_Q9Z3B4--3jtz__A2_Q9Z3B4,16,3,2,0,0.3630010693476464,26.578125,True,0.14944572746753693
3jtz__A1_Q9Z3B4--3jtz__A2_Q9Z3B4,17,2,3,0,0.0300063644601275,20.40625,False,0.04276362061500549
3jtz__A1_Q9Z3B4--3jtz__A2_Q9Z3B4,18,2,2,0,0.0346121782807449,20.28125,False,0.06870663166046143
3jtz__A1_Q9Z3B4--3jtz__A2_Q9Z3B4,19,2,0,0,0.0480609174469819,20.1875,False,0.07015199959278107
3jtz__A1_Q9Z3B4--3jtz__A2_Q9Z3B4,20,2,1,0,0.0328744553568689,20.015625,False,0.13523633778095245
3k7v__A1_P30153--3k7v__B1_P67775,1,3,0,2,0.6058683779459383,90.625,True,0.9184560179710388
3k7v__A1_P30153--3k7v__B1_P67775,2,3,3,2,0.6031977773279308,89.8125,True,0.8867762684822083
3k7v__A1_P30153--3k7v__B1_P67775,3,1,3,2,0.6213713822481568,88.8125,True,0.888615071773529
3k7v__A1_P30153--3k7v__B1_P67775,4,5,0,2,0.6222630543969808,88.75,True,0.9027684926986694
3k7v__A1_P30153--3k7v__B1_P67775,5,3,2,2,0.6010133602228377,87.8125,True,0.9122036099433899
3k7v__A1_P30153--3k7v__B1_P67775,6,3,1,2,0.5940181408312349,87.625,True,0.8640567064285278
3k7v__A1_P30153--3k7v__B1_P67775,7,1,0,2,0.6172729748002616,87.5625,True,0.9197648763656616
3k7v__A1_P30153--3k7v__B1_P67775,8,2,3,2,0.6077832773796535,87.5,True,0.9744039177894592
3k7v__A1_P30153--3k7v__B1_P67775,9,5,1,2,0.6289194854629154,87.1875,True,0.9348655939102173
3k7v__A1_P30153--3k7v__B1_P67775,10,1,2,2,0.62219030666149,86.875,True,0.9128045439720154
3k7v__A1_P30153--3k7v__B1_P67775,11,4,0,2,0.6273852301623587,86.625,True,0.976239800453186
3k7v__A1_P30153--3k7v__B1_P67775,12,1,1,2,0.6101198692571655,85.4375,True,0.9128358364105225
3k7v__A1_P30153--3k7v__B1_P67775,13,4,2,2,0.628432795049504,84.75,True,0.9754737615585327
3k7v__A1_P30153--3k7v__B1_P67775,14,5,3,2,0.6450758211904005,84.125,True,0.9431224465370178
3k7v__A1_P30153--3k7v__B1_P67775,15,2,0,2,0.5987376594406891,83.1875,True,0.9919041991233826
3k7v__A1_P30153--3k7v__B1_P67775,16,2,1,2,0.6165007336859387,82.6875,True,0.8798998594284058
3k7v__A1_P30153--3k7v__B1_P67775,17,5,2,2,0.6308162387920694,82.625,True,0.912918210029602
3k7v__A1_P30153--3k7v__B1_P67775,18,4,3,2,0.6151801745578696,82.5625,True,0.9539289474487305
3k7v__A1_P30153--3k7v__B1_P67775,19,4,1,2,0.6084406792537279,80.0625,True,0.9229596853256226
3k7v__A1_P30153--3k7v__B1_P67775,20,2,2,2,0.6029874899331036,79.6875,True,0.9046962857246399
3lbx__B1_P11277--3lbx__A1_P02549,1,5,1,0,0.695489232318411,83.6875,True,0.9373100399971008
3lbx__B1_P11277--3lbx__A1_P02549,2,5,3,0,0.6956578017184446,83.625,True,0.9330605268478394
3lbx__B1_P11277--3lbx__A1_P02549,3,5,2,0,0.6965729427511236,83.0625,True,0.9286059141159058
3lbx__B1_P11277--3lbx__A1_P02549,4,5,0,0,0.6973565024166871,82.8125,True,0.9330605268478394
3lbx__B1_P11277--3lbx__A1_P02549,5,4,1,0,0.701857125427516,82.6875,True,0.9375998973846436
3lbx__B1_P11277--3lbx__A1_P02549,6,4,2,0,0.7008995220961006,82.4375,True,0.9375998973846436
3lbx__B1_P11277--3lbx__A1_P02549,7,4,3,0,0.701562878455353,82.3125,True,0.9430482983589172
3lbx__B1_P11277--3lbx__A1_P02549,8,4,0,0,0.7008595367463872,82.3125,True,0.9430482983589172
3lbx__B1_P11277--3lbx__A1_P02549,9,3,3,0,0.6913538444211111,82.0625,True,0.9373100399971008
3lbx__B1_P11277--3lbx__A1_P02549,10,3,2,0,0.6938518846045182,81.5,True,0.9373100399971008
3lbx__B1_P11277--3lbx__A1_P02549,11,2,1,0,0.6811906281463168,81.4375,True,0.9383565187454224
3lbx__B1_P11277--3lbx__A1_P02549,12,3,0,0,0.686458579720456,81.375,True,0.9375998973846436
3lbx__B1_P11277--3lbx__A1_P02549,13,2,3,0,0.6846951630114514,81.3125,True,0.9383565187454224
3lbx__B1_P11277--3lbx__A1_P02549,14,1,1,0,0.6668592473588211,80.8125,True,0.9547819495201111
3lbx__B1_P11277--3lbx__A1_P02549,15,2,2,0,0.6921323173869625,80.75,True,0.9383565187454224
3lbx__B1_P11277--3lbx__A1_P02549,16,2,0,0,0.6859879117927875,80.3125,True,0.9383565187454224
3lbx__B1_P11277--3lbx__A1_P02549,17,1,0,0,0.6746221331504656,80.0,True,0.9547819495201111
3lbx__B1_P11277--3lbx__A1_P02549,18,1,2,0,0.6712042927390433,79.625,True,0.9547819495201111
3lbx__B1_P11277--3lbx__A1_P02549,19,1,3,0,0.6989812955039847,79.0,True,0.9547819495201111
3lbx__B1_P11277--3lbx__A1_P02549,20,3,1,0,0.6726582441029479,74.9375,True,0.9373100399971008
3lcb__A1_Q8X607--3lcb__D2_P08200,1,4,1,2,0.774296384896862,80.8125,True,0.9202592968940735
3lcb__A1_Q8X607--3lcb__D2_P08200,2,1,1,2,0.8013913066191903,80.6875,True,0.9907969236373901
3lcb__A1_Q8X607--3lcb__D2_P08200,3,4,0,2,0.7679533473063285,79.9375,True,0.9554147124290466
3lcb__A1_Q8X607--3lcb__D2_P08200,4,4,2,2,0.7777747774249743,79.6875,True,0.9536384344100952
3lcb__A1_Q8X607--3lcb__D2_P08200,5,1,3,2,0.779281300548854,78.9375,True,0.914097011089325
3lcb__A1_Q8X607--3lcb__D2_P08200,6,1,2,2,0.7827581890448142,78.875,True,0.9506224393844604
3lcb__A1_Q8X607--3lcb__D2_P08200,7,4,3,2,0.7864806133365202,78.875,True,0.9447645545005798
3lcb__A1_Q8X607--3lcb__D2_P08200,8,1,0,2,0.7738629074859854,78.75,True,0.9316481351852417
3lcb__A1_Q8X607--3lcb__D2_P08200,9,5,1,2,0.7847115702397794,78.625,True,0.9866889119148254
3lcb__A1_Q8X607--3lcb__D2_P08200,10,5,3,2,0.7764460730440653,77.9375,True,0.9455585479736328
3lcb__A1_Q8X607--3lcb__D2_P08200,11,2,2,2,0.7571976414828855,77.875,True,0.8137257695198059
3lcb__A1_Q8X607--3lcb__D2_P08200,12,5,0,2,0.7741231389153431,77.8125,True,0.9433596730232239
3lcb__A1_Q8X607--3lcb__D2_P08200,13,5,2,2,0.7707087658881949,77.125,True,0.9529623985290527
3lcb__A1_Q8X607--3lcb__D2_P08200,14,2,1,2,0.7754599708727715,76.75,True,0.890416145324707
3lcb__A1_Q8X607--3lcb__D2_P08200,15,2,3,2,0.7735885264308452,76.0,True,0.8940587639808655
3lcb__A1_Q8X607--3lcb__D2_P08200,16,2,0,2,0.7524813580670117,75.8125,True,0.835644543170929
3lcb__A1_Q8X607--3lcb__D2_P08200,17,3,1,2,0.7606665857009868,75.0625,True,0.8422219157218933
3lcb__A1_Q8X607--3lcb__D2_P08200,18,3,3,2,0.761246289555516,74.9375,True,0.8582531809806824
3lcb__A1_Q8X607--3lcb__D2_P08200,19,3,2,2,0.7541659711074344,73.5,True,0.8723631501197815
3lcb__A1_Q8X607--3lcb__D2_P08200,20,3,0,2,0.7524429140963896,72.5625,True,0.8824475407600403
3lf6__B1_UNDEFINED--3lf6__A1_UNDEFINED,1,1,3,4,0.0605858682294215,85.5625,False,3.2651347446101264e-13
3lf6__B1_UNDEFINED--3lf6__A1_UNDEFINED,2,2,1,4,0.060642874413449,84.375,False,9.357623589846195e-14
3lf6__B1_UNDEFINED--3lf6__A1_UNDEFINED,3,2,0,4,0.0609048371247647,84.0,False,9.357623589846195e-14
3lf6__B1_UNDEFINED--3lf6__A1_UNDEFINED,4,2,3,4,0.0608976297184778,83.8125,False,9.357623589846195e-14
3lf6__B1_UNDEFINED--3lf6__A1_UNDEFINED,5,1,1,4,0.0587161909016705,82.8125,False,3.5999045411294617e-10
3lf6__B1_UNDEFINED--3lf6__A1_UNDEFINED,6,1,2,4,0.0614881396311556,81.75,False,9.357623589846195e-14
3lf6__B1_UNDEFINED--3lf6__A1_UNDEFINED,7,4,3,4,0.0593995547949254,81.6875,False,1.2667783488851114e-11
3lf6__B1_UNDEFINED--3lf6__A1_UNDEFINED,8,4,2,4,0.0594012748516172,81.0625,False,7.470402074716276e-10
3lf6__B1_UNDEFINED--3lf6__A1_UNDEFINED,9,4,0,4,0.0594001660583656,80.8125,False,1.4480577847919562e-09
3lf6__B1_UNDEFINED--3lf6__A1_UNDEFINED,10,4,1,4,0.0594144619653283,80.0625,False,1.951775546737977e-11
3lf6__B1_UNDEFINED--3lf6__A1_UNDEFINED,11,2,2,4,0.0618301921322984,79.5,False,1.458089204930957e-11
3lf6__B1_UNDEFINED--3lf6__A1_UNDEFINED,12,1,0,4,0.0621227272433794,78.9375,False,9.357623589846195e-14
3lf6__B1_UNDEFINED--3lf6__A1_UNDEFINED,13,5,1,4,0.6513339367287345,75.625,True,0.9791125059127808
3lf6__B1_UNDEFINED--3lf6__A1_UNDEFINED,14,5,0,4,0.6713623416325408,74.625,True,0.9677870869636536
3lf6__B1_UNDEFINED--3lf6__A1_UNDEFINED,15,5,2,4,0.658980531116545,71.5,True,0.9758270978927612
3lf6__B1_UNDEFINED--3lf6__A1_UNDEFINED,16,5,3,4,0.6391622977468571,71.0,True,0.9773377180099487
3lf6__B1_UNDEFINED--3lf6__A1_UNDEFINED,17,3,2,4,0.5742387773695,70.5625,True,0.29083555936813354
3lf6__B1_UNDEFINED--3lf6__A1_UNDEFINED,18,3,3,4,0.5750688712743594,69.1875,True,0.25997474789619446
3lf6__B1_UNDEFINED--3lf6__A1_UNDEFINED,19,3,1,4,0.5714890052309237,66.6875,True,0.2494461089372635
3lf6__B1_UNDEFINED--3lf6__A1_UNDEFINED,20,3,0,4,0.5694035635279393,65.1875,True,0.24624581634998322
3m7p__A1_P02751--3m7p__A2_P02751,1,2,0,0,0.0100457645835616,23.03125,False,0.07405850291252136
3m7p__A1_P02751--3m7p__A2_P02751,2,1,1,0,0.0083087668336601,21.71875,False,0.10512226819992065
3m7p__A1_P02751--3m7p__A2_P02751,3,1,2,0,0.0079748749170065,20.90625,False,0.06026449799537659
3m7p__A1_P02751--3m7p__A2_P02751,4,4,1,0,0.008027176653544,20.703125,False,0.0469062514603138
3m7p__A1_P02751--3m7p__A2_P02751,5,1,0,0,0.00947061218738,20.546875,False,0.09085570275783539
3m7p__A1_P02751--3m7p__A2_P02751,6,5,0,0,0.0080639090306685,20.546875,False,0.01158665306866169
3m7p__A1_P02751--3m7p__A2_P02751,7,4,3,0,0.0111136186970531,20.046875,False,0.010232323780655861
3m7p__A1_P02751--3m7p__A2_P02751,8,5,3,0,0.0087968836757029,19.765625,False,0.02010677196085453
3m7p__A1_P02751--3m7p__A2_P02751,9,4,2,0,0.0105852034099622,19.65625,False,0.0045981500297784805
3m7p__A1_P02751--3m7p__A2_P02751,10,5,1,0,0.0099810545113719,19.078125,False,0.010989222675561905
3m7p__A1_P02751--3m7p__A2_P02751,11,4,0,0,0.0102182957404406,18.609375,False,0.01115333940833807
3m7p__A1_P02751--3m7p__A2_P02751,12,2,1,0,0.0106789263747316,18.328125,False,0.07710041105747223
3m7p__A1_P02751--3m7p__A2_P02751,13,1,3,0,0.0081866130064341,17.9375,False,0.012367647141218185
3m7p__A1_P02751--3m7p__A2_P02751,14,3,1,0,0.008887983103476,17.75,False,0.005902629811316729
3m7p__A1_P02751--3m7p__A2_P02751,15,3,3,0,0.0088030517402202,17.75,False,0.03734349459409714
3m7p__A1_P02751--3m7p__A2_P02751,16,2,3,0,0.0083233544455894,17.703125,False,0.02426653355360031
3m7p__A1_P02751--3m7p__A2_P02751,17,3,2,0,0.0093488898894861,17.1875,False,0.04112027585506439
3m7p__A1_P02751--3m7p__A2_P02751,18,2,2,0,0.0083058652218373,16.796875,False,0.031515661627054214
3m7p__A1_P02751--3m7p__A2_P02751,19,3,0,0,0.0104003562796135,16.40625,False,0.004320255480706692
3m7p__A1_P02751--3m7p__A2_P02751,20,5,2,0,0.0087813232972093,16.3125,False,0.09495259076356888
3mca__A1_O74774--3mca__B1_Q9USL5,1,4,2,0,0.5464294672961154,60.75,True,0.0970112532377243
3mca__A1_O74774--3mca__B1_Q9USL5,2,5,1,0,0.0709576079359438,56.03125,False,0.002318051178008318
3mca__A1_O74774--3mca__B1_Q9USL5,3,4,0,0,0.0975513889179878,55.4375,False,0.9989351630210876
3mca__A1_O74774--3mca__B1_Q9USL5,4,5,0,0,0.065812355897517,54.71875,False,0.9825361967086792
3mca__A1_O74774--3mca__B1_Q9USL5,5,5,3,0,0.0635050085353793,53.875,False,0.9717033505439758
3mca__A1_O74774--3mca__B1_Q9USL5,6,4,3,0,0.0765045800951229,53.375,False,0.990196704864502
3mca__A1_O74774--3mca__B1_Q9USL5,7,3,3,0,0.0713165406440714,52.96875,False,0.6942691206932068
3mca__A1_O74774--3mca__B1_Q9USL5,8,1,0,0,0.1571694045916719,52.5,False,0.6275700330734253
3mca__A1_O74774--3mca__B1_Q9USL5,9,1,3,0,0.0640830323911781,52.1875,False,0.8264939785003662
3mca__A1_O74774--3mca__B1_Q9USL5,10,1,1,0,0.0762951699722745,52.15625,False,0.9999735355377197
3mca__A1_O74774--3mca__B1_Q9USL5,11,2,3,0,0.0672833081155556,51.28125,False,0.4184991419315338
3mca__A1_O74774--3mca__B1_Q9USL5,12,3,0,0,0.072159653194481,51.03125,False,0.9716790318489075
3mca__A1_O74774--3mca__B1_Q9USL5,13,1,2,0,0.089355647937822,50.125,False,0.9994951486587524
3mca__A1_O74774--3mca__B1_Q9USL5,14,5,2,0,0.0807078298728932,49.53125,False,0.39980950951576233
3mca__A1_O74774--3mca__B1_Q9USL5,15,2,2,0,0.0959694936700464,48.1875,False,0.9445434212684631
3mca__A1_O74774--3mca__B1_Q9USL5,16,2,0,0,0.1331651184635053,48.125,False,0.621141791343689
3mca__A1_O74774--3mca__B1_Q9USL5,17,2,1,0,0.0969221265319437,47.875,False,0.9877840876579285
3mca__A1_O74774--3mca__B1_Q9USL5,18,4,1,0,0.2187391140115853,46.1875,False,0.6854164600372314
3mca__A1_O74774--3mca__B1_Q9USL5,19,3,1,0,0.0826185294620616,45.25,False,0.9999934434890747
3mca__A1_O74774--3mca__B1_Q9USL5,20,3,2,0,0.0714088934692145,44.8125,False,0.34396636486053467
3mlf__A1_UNDEFINED--3mlf__B1_UNDEFINED,1,5,3,3,0.5002940342760246,77.5,True,0.19174951314926147
3mlf__A1_UNDEFINED--3mlf__B1_UNDEFINED,2,5,0,3,0.5162007955800348,76.0625,True,0.13121679425239563
3mlf__A1_UNDEFINED--3mlf__B1_UNDEFINED,3,5,2,3,0.516504762009152,75.1875,True,0.07533097267150879
3mlf__A1_UNDEFINED--3mlf__B1_UNDEFINED,4,3,0,3,0.4868943058746398,51.8125,True,0.029229743406176567
3mlf__A1_UNDEFINED--3mlf__B1_UNDEFINED,5,5,1,3,0.3105848501451125,30.21875,True,0.05545204132795334
3mlf__A1_UNDEFINED--3mlf__B1_UNDEFINED,6,3,2,3,0.2929545505699862,28.78125,True,0.13535019755363464
3mlf__A1_UNDEFINED--3mlf__B1_UNDEFINED,7,2,1,3,0.1121652022716521,24.59375,False,0.2230791300535202
3mlf__A1_UNDEFINED--3mlf__B1_UNDEFINED,8,2,0,3,0.1125399339790056,22.328125,False,0.18967680633068085
3mlf__A1_UNDEFINED--3mlf__B1_UNDEFINED,9,4,1,3,0.0992899620854501,20.25,False,0.15399664640426636
3mlf__A1_UNDEFINED--3mlf__B1_UNDEFINED,10,3,1,3,0.1053733273894179,18.734375,False,0.008456455543637276
3mlf__A1_UNDEFINED--3mlf__B1_UNDEFINED,11,1,2,3,0.161016754701962,18.0625,False,0.2355063408613205
3mlf__A1_UNDEFINED--3mlf__B1_UNDEFINED,12,4,3,3,0.1088198432023371,14.1875,False,0.010237213224172592
3mlf__A1_UNDEFINED--3mlf__B1_UNDEFINED,13,4,0,3,0.0630190404608536,13.4765625,False,0.05013555288314819
3mlf__A1_UNDEFINED--3mlf__B1_UNDEFINED,14,4,2,3,0.0743391745995302,12.765625,False,0.026753272861242294
3mlf__A1_UNDEFINED--3mlf__B1_UNDEFINED,15,3,3,3,0.1082477708886791,12.2734375,False,0.009830023162066936
3mlf__A1_UNDEFINED--3mlf__B1_UNDEFINED,16,2,2,3,0.022632014694704,12.0234375,False,0.03938192501664162
3mlf__A1_UNDEFINED--3mlf__B1_UNDEFINED,17,2,3,3,0.0341897911113972,11.21875,False,0.02717876248061657
3mlf__A1_UNDEFINED--3mlf__B1_UNDEFINED,18,1,1,3,0.0398762508714463,10.4140625,False,0.023332925513386726
3mlf__A1_UNDEFINED--3mlf__B1_UNDEFINED,19,1,3,3,0.0264914856951531,10.078125,False,0.009168947115540504
3mlf__A1_UNDEFINED--3mlf__B1_UNDEFINED,20,1,0,3,0.04800497000789,9.9609375,False,0.037334099411964417
3mxn__A1_Q9H9A7--3mxn__B1_Q96E14,1,5,1,3,0.7846595514823321,91.75,True,0.7619578838348389
3mxn__A1_Q9H9A7--3mxn__B1_Q96E14,2,5,2,3,0.8188177599000652,91.625,True,0.8147872686386108
3mxn__A1_Q9H9A7--3mxn__B1_Q96E14,3,5,3,3,0.8174516350060181,91.625,True,0.8128733038902283
3mxn__A1_Q9H9A7--3mxn__B1_Q96E14,4,3,1,3,0.820578633859469,91.4375,True,0.7884389758110046
3mxn__A1_Q9H9A7--3mxn__B1_Q96E14,5,3,2,3,0.8268281013296016,91.4375,True,0.8218048810958862
3mxn__A1_Q9H9A7--3mxn__B1_Q96E14,6,5,0,3,0.8176124214444287,91.4375,True,0.7955970168113708
3mxn__A1_Q9H9A7--3mxn__B1_Q96E14,7,3,0,3,0.8299330850901555,91.375,True,0.8379079103469849
3mxn__A1_Q9H9A7--3mxn__B1_Q96E14,8,3,3,3,0.8233594929801676,91.3125,True,0.8105142712593079
3mxn__A1_Q9H9A7--3mxn__B1_Q96E14,9,1,2,3,0.8064457863397049,91.3125,True,0.8691462874412537
3mxn__A1_Q9H9A7--3mxn__B1_Q96E14,10,4,1,3,0.8123141713846872,91.25,True,0.8205532431602478
3mxn__A1_Q9H9A7--3mxn__B1_Q96E14,11,4,2,3,0.815919074573127,91.25,True,0.8059794306755066
3mxn__A1_Q9H9A7--3mxn__B1_Q96E14,12,4,0,3,0.8098152318554525,91.125,True,0.821372389793396
3mxn__A1_Q9H9A7--3mxn__B1_Q96E14,13,1,0,3,0.8112654787485534,91.125,True,0.8279037475585938
3mxn__A1_Q9H9A7--3mxn__B1_Q96E14,14,1,3,3,0.8076467839026659,91.125,True,0.8388403058052063
3mxn__A1_Q9H9A7--3mxn__B1_Q96E14,15,4,3,3,0.8188210289883217,91.125,True,0.8566120862960815
3mxn__A1_Q9H9A7--3mxn__B1_Q96E14,16,1,1,3,0.812154267975813,91.0625,True,0.8555535078048706
3mxn__A1_Q9H9A7--3mxn__B1_Q96E14,17,2,2,3,0.8098656312833595,90.875,True,0.7404378652572632
3mxn__A1_Q9H9A7--3mxn__B1_Q96E14,18,2,3,3,0.8197325560309691,90.4375,True,0.764762282371521
3mxn__A1_Q9H9A7--3mxn__B1_Q96E14,19,2,1,3,0.7885934418867744,90.375,True,0.7481326460838318
3mxn__A1_Q9H9A7--3mxn__B1_Q96E14,20,2,0,3,0.8043791092461556,90.125,True,0.750565767288208
3n4i__A1_P0AD64--3n4i__B1_P35804,1,5,3,2,0.7135625553350368,93.0,True,0.9998879432678223
3n4i__A1_P0AD64--3n4i__B1_P35804,2,5,1,2,0.6865747980882024,92.75,True,0.9945637583732605
3n4i__A1_P0AD64--3n4i__B1_P35804,3,5,2,2,0.6243628899027205,92.6875,True,0.5794154405593872
3n4i__A1_P0AD64--3n4i__B1_P35804,4,3,3,2,0.690339880524764,92.5,True,0.9790756106376648
3n4i__A1_P0AD64--3n4i__B1_P35804,5,5,0,2,0.7256516484907606,92.3125,True,1.0
3n4i__A1_P0AD64--3n4i__B1_P35804,6,4,1,2,0.7219036120799722,92.0625,True,0.9999997615814209
3n4i__A1_P0AD64--3n4i__B1_P35804,7,4,2,2,0.7270856695236748,91.8125,True,0.9999910593032837
3n4i__A1_P0AD64--3n4i__B1_P35804,8,3,1,2,0.7015812192005239,91.75,True,0.9998261332511902
3n4i__A1_P0AD64--3n4i__B1_P35804,9,3,2,2,0.7128601252045131,91.625,True,0.9999855756759644
3n4i__A1_P0AD64--3n4i__B1_P35804,10,4,3,2,0.7275289743195903,91.125,True,1.0
3n4i__A1_P0AD64--3n4i__B1_P35804,11,3,0,2,0.722070582903128,91.0625,True,0.9999446868896484
3n4i__A1_P0AD64--3n4i__B1_P35804,12,1,0,2,0.7317082163745687,90.5,True,0.9999990463256836
3n4i__A1_P0AD64--3n4i__B1_P35804,13,4,0,2,0.7329147407800068,89.8125,True,1.0
3n4i__A1_P0AD64--3n4i__B1_P35804,14,1,3,2,0.6945777240862538,88.8125,True,0.9999998807907104
3n4i__A1_P0AD64--3n4i__B1_P35804,15,1,2,2,0.7253873395766903,88.6875,True,0.9999996423721313
3n4i__A1_P0AD64--3n4i__B1_P35804,16,1,1,2,0.7322199276180417,87.8125,True,0.9999966621398926
3n4i__A1_P0AD64--3n4i__B1_P35804,17,2,3,2,0.7171849140368113,87.625,True,0.999998927116394
3n4i__A1_P0AD64--3n4i__B1_P35804,18,2,1,2,0.0589010778652914,30.3125,False,0.10848859697580338
3n4i__A1_P0AD64--3n4i__B1_P35804,19,2,2,2,0.0587085208305376,28.3125,False,0.11779876053333282
3n4i__A1_P0AD64--3n4i__B1_P35804,20,2,0,2,0.0593717881340503,28.09375,False,0.01845638081431389
3n7e__A1_Q58AD3--3n7e__B1_Q58AD3,1,1,0,1,0.0957793563570699,72.1875,False,0.8794413208961487
3n7e__A1_Q58AD3--3n7e__B1_Q58AD3,2,1,2,1,0.0936181358605102,70.6875,False,0.8948069214820862
3n7e__A1_Q58AD3--3n7e__B1_Q58AD3,3,1,3,1,0.0945515053209254,69.875,False,0.9033692479133606
3n7e__A1_Q58AD3--3n7e__B1_Q58AD3,4,2,2,1,0.09893670235528,53.8125,False,0.25033456087112427
3n7e__A1_Q58AD3--3n7e__B1_Q58AD3,5,5,3,1,0.0376958091579524,31.484375,False,0.08037539571523666
3n7e__A1_Q58AD3--3n7e__B1_Q58AD3,6,5,2,1,0.036108844720231,30.40625,False,0.08509063720703125
3n7e__A1_Q58AD3--3n7e__B1_Q58AD3,7,5,1,1,0.0374525817890054,29.25,False,0.21871565282344818
3n7e__A1_Q58AD3--3n7e__B1_Q58AD3,8,5,0,1,0.0412681089682534,27.4375,False,0.08836150169372559
3n7e__A1_Q58AD3--3n7e__B1_Q58AD3,9,3,3,1,0.1012320044792887,26.390625,False,0.02469802275300026
3n7e__A1_Q58AD3--3n7e__B1_Q58AD3,10,3,1,1,0.0783235688422402,25.359375,False,0.10426215082406998
3n7e__A1_Q58AD3--3n7e__B1_Q58AD3,11,3,0,1,0.458831034053831,24.671875,True,0.0718839168548584
3n7e__A1_Q58AD3--3n7e__B1_Q58AD3,12,3,2,1,0.3787625754496761,23.78125,True,0.03128957003355026
3n7e__A1_Q58AD3--3n7e__B1_Q58AD3,13,2,3,1,0.0876410532102429,22.953125,False,0.04667043685913086
3n7e__A1_Q58AD3--3n7e__B1_Q58AD3,14,4,1,1,0.0710002279078078,16.703125,False,0.07108838856220245
3n7e__A1_Q58AD3--3n7e__B1_Q58AD3,15,2,0,1,0.051560565595383,16.125,False,0.11146261543035507
3n7e__A1_Q58AD3--3n7e__B1_Q58AD3,16,1,1,1,0.0751658345261472,15.9921875,False,0.019181057810783386
3n7e__A1_Q58AD3--3n7e__B1_Q58AD3,17,2,1,1,0.0275574806315888,15.9296875,False,0.019130447879433632
3n7e__A1_Q58AD3--3n7e__B1_Q58AD3,18,4,0,1,0.0222588175813452,14.546875,False,0.056646090000867844
3n7e__A1_Q58AD3--3n7e__B1_Q58AD3,19,4,3,1,0.0181772919196672,14.390625,False,0.0011741609778255224
3n7e__A1_Q58AD3--3n7e__B1_Q58AD3,20,4,2,1,0.0225696722901857,14.296875,False,0.00986394751816988
3n9y__A1_P05108--3n9y__C1_P10109,1,1,3,4,0.7691303787940557,90.5,True,0.9870534539222717
3n9y__A1_P05108--3n9y__C1_P10109,2,5,0,4,0.8003975332976804,90.3125,True,0.9790098667144775
3n9y__A1_P05108--3n9y__C1_P10109,3,5,3,4,0.7993155291128858,90.1875,True,0.9964838027954102
3n9y__A1_P05108--3n9y__C1_P10109,4,1,1,4,0.7664234421580952,90.1875,True,0.7748885750770569
3n9y__A1_P05108--3n9y__C1_P10109,5,3,2,4,0.8221636145331885,90.125,True,0.9961135387420654
3n9y__A1_P05108--3n9y__C1_P10109,6,1,0,4,0.7533984541193247,89.75,True,0.9952676296234131
3n9y__A1_P05108--3n9y__C1_P10109,7,5,2,4,0.793288730799207,89.75,True,0.9953392744064331
3n9y__A1_P05108--3n9y__C1_P10109,8,5,1,4,0.7788804482299342,89.6875,True,0.7336057424545288
3n9y__A1_P05108--3n9y__C1_P10109,9,2,0,4,0.7289927468131777,89.625,True,0.9963059425354004
3n9y__A1_P05108--3n9y__C1_P10109,10,2,2,4,0.7512070392233491,89.1875,True,0.9957679510116577
3n9y__A1_P05108--3n9y__C1_P10109,11,4,2,4,0.7424138491683273,88.875,True,0.06259576231241226
3n9y__A1_P05108--3n9y__C1_P10109,12,4,1,4,0.7558472964202491,88.875,True,0.6873547434806824
3n9y__A1_P05108--3n9y__C1_P10109,13,3,3,4,0.8370145293421464,88.875,True,0.9468508362770081
3n9y__A1_P05108--3n9y__C1_P10109,14,4,0,4,0.7635304397778975,88.75,True,0.6384390592575073
3n9y__A1_P05108--3n9y__C1_P10109,15,1,2,4,0.7545260000458421,88.6875,True,0.998891294002533
3n9y__A1_P05108--3n9y__C1_P10109,16,2,1,4,0.7744806841203519,88.125,True,0.7944231629371643
3n9y__A1_P05108--3n9y__C1_P10109,17,3,1,4,0.6472641694297455,88.0625,True,0.14596278965473175
3n9y__A1_P05108--3n9y__C1_P10109,18,3,0,4,0.8091703888695062,87.8125,True,0.9873338937759399
3n9y__A1_P05108--3n9y__C1_P10109,19,2,3,4,0.7602343448082257,87.6875,True,0.9874654412269592
3n9y__A1_P05108--3n9y__C1_P10109,20,4,3,4,0.8284373776100145,87.5,True,0.9940938353538513
3nbe__A1_B2ZRS9--3nbe__B1_B2ZRS9,1,5,1,4,0.9395948959206104,90.875,True,1.0
3nbe__A1_B2ZRS9--3nbe__B1_B2ZRS9,2,5,2,4,0.9408476379972256,90.875,True,1.0
3nbe__A1_B2ZRS9--3nbe__B1_B2ZRS9,3,4,0,4,0.9515918462276688,90.8125,True,1.0
3nbe__A1_B2ZRS9--3nbe__B1_B2ZRS9,4,1,0,4,0.9559388240015766,90.8125,True,1.0
3nbe__A1_B2ZRS9--3nbe__B1_B2ZRS9,5,1,3,4,0.9446819379098104,90.6875,True,1.0
3nbe__A1_B2ZRS9--3nbe__B1_B2ZRS9,6,4,3,4,0.9470599017310928,90.625,True,1.0
3nbe__A1_B2ZRS9--3nbe__B1_B2ZRS9,7,4,2,4,0.945346684089184,90.4375,True,1.0
3nbe__A1_B2ZRS9--3nbe__B1_B2ZRS9,8,5,0,4,0.9291394585352084,90.0625,True,1.0
3nbe__A1_B2ZRS9--3nbe__B1_B2ZRS9,9,2,2,4,0.9378955227807724,89.9375,True,1.0
3nbe__A1_B2ZRS9--3nbe__B1_B2ZRS9,10,5,3,4,0.9267065922702064,89.9375,True,1.0
3nbe__A1_B2ZRS9--3nbe__B1_B2ZRS9,11,1,1,4,0.8692755730019659,89.875,True,1.0
3nbe__A1_B2ZRS9--3nbe__B1_B2ZRS9,12,4,1,4,0.946703840283139,89.75,True,1.0
3nbe__A1_B2ZRS9--3nbe__B1_B2ZRS9,13,1,2,4,0.8847105136753456,89.625,True,1.0
3nbe__A1_B2ZRS9--3nbe__B1_B2ZRS9,14,2,3,4,0.938898368653541,88.9375,True,1.0
3nbe__A1_B2ZRS9--3nbe__B1_B2ZRS9,15,3,1,4,0.1127795550831499,79.6875,False,0.1956881582736969
3nbe__A1_B2ZRS9--3nbe__B1_B2ZRS9,16,3,0,4,0.1128868474175764,79.6875,False,0.15814296901226044
3nbe__A1_B2ZRS9--3nbe__B1_B2ZRS9,17,3,2,4,0.1124554055182962,78.75,False,0.1956881582736969
3nbe__A1_B2ZRS9--3nbe__B1_B2ZRS9,18,3,3,4,0.1127699255874895,78.625,False,0.1956881582736969
3nbe__A1_B2ZRS9--3nbe__B1_B2ZRS9,19,2,1,4,0.0815781396454766,35.9375,False,0.05067981407046318
3nbe__A1_B2ZRS9--3nbe__B1_B2ZRS9,20,2,0,4,0.0994361736749301,33.15625,False,0.17470970749855042
3nbf__A1_Q72GF3--3nbf__B1_Q72GF3,1,3,0,4,0.6055948510159368,82.625,True,0.1518900841474533
3nbf__A1_Q72GF3--3nbf__B1_Q72GF3,2,3,3,4,0.6151092027689042,82.25,True,0.09587448090314865
3nbf__A1_Q72GF3--3nbf__B1_Q72GF3,3,3,2,4,0.6155265338529654,81.75,True,0.10483365505933762
3nbf__A1_Q72GF3--3nbf__B1_Q72GF3,4,3,1,4,0.6347773070078785,81.125,True,0.644753098487854
3nbf__A1_Q72GF3--3nbf__B1_Q72GF3,5,4,2,4,0.6189528229504236,77.25,True,0.1924709677696228
3nbf__A1_Q72GF3--3nbf__B1_Q72GF3,6,4,3,4,0.6196720561214883,76.75,True,0.09312392771244049
3nbf__A1_Q72GF3--3nbf__B1_Q72GF3,7,4,0,4,0.4279229627294801,24.8125,True,0.35459575057029724
3nbf__A1_Q72GF3--3nbf__B1_Q72GF3,8,1,2,4,0.3076621043126881,23.484375,True,0.02838289365172386
3nbf__A1_Q72GF3--3nbf__B1_Q72GF3,9,1,0,4,0.2687120384231027,22.90625,True,0.02526169829070568
3nbf__A1_Q72GF3--3nbf__B1_Q72GF3,10,5,1,4,0.1191835668057753,21.3125,False,0.27635207772254944
3nbf__A1_Q72GF3--3nbf__B1_Q72GF3,11,2,3,4,0.0292014583935946,20.515625,False,0.049516964703798294
3nbf__A1_Q72GF3--3nbf__B1_Q72GF3,12,2,0,4,0.0305946908500997,20.5,False,0.05003782734274864
3nbf__A1_Q72GF3--3nbf__B1_Q72GF3,13,2,2,4,0.0312767875157796,20.40625,False,0.03722056746482849
3nbf__A1_Q72GF3--3nbf__B1_Q72GF3,14,4,1,4,0.0065766744689402,20.171875,False,0.0015408832114189863
3nbf__A1_Q72GF3--3nbf__B1_Q72GF3,15,1,1,4,0.1958603598218029,20.015625,False,0.01259630173444748
3nbf__A1_Q72GF3--3nbf__B1_Q72GF3,16,2,1,4,0.075851328635776,20.0,False,0.022407932206988335
3nbf__A1_Q72GF3--3nbf__B1_Q72GF3,17,1,3,4,0.1446978985252578,18.796875,False,0.17248141765594482
3nbf__A1_Q72GF3--3nbf__B1_Q72GF3,18,5,2,4,0.0159483448714669,18.6875,False,0.02889479324221611
3nbf__A1_Q72GF3--3nbf__B1_Q72GF3,19,5,0,4,0.1077857533933969,18.5625,False,0.44092732667922974
3nbf__A1_Q72GF3--3nbf__B1_Q72GF3,20,5,3,4,0.0857955714597952,18.375,False,0.038052454590797424
3njc__A1_P42955--3njc__B1_P42955,1,5,0,4,0.2275219995305719,83.5625,False,0.916790783405304
3njc__A1_P42955--3njc__B1_P42955,2,5,1,4,0.226873470950718,83.4375,False,0.9065696597099304
3njc__A1_P42955--3njc__B1_P42955,3,5,3,4,0.2273417789109873,83.125,False,0.9191480875015259
3njc__A1_P42955--3njc__B1_P42955,4,3,1,4,0.2266366861050855,82.0625,False,0.917837381362915
3njc__A1_P42955--3njc__B1_P42955,5,5,2,4,0.2269990387952732,82.0625,False,0.9212490320205688
3njc__A1_P42955--3njc__B1_P42955,6,3,2,4,0.2210180758838065,80.9375,False,0.9290160536766052
3njc__A1_P42955--3njc__B1_P42955,7,3,0,4,0.2244979845262833,80.3125,False,0.9182894229888916
3njc__A1_P42955--3njc__B1_P42955,8,3,3,4,0.227049640271659,80.3125,False,0.9200426936149597
3njc__A1_P42955--3njc__B1_P42955,9,4,1,4,0.2241838998751649,78.0,False,0.9050326943397522
3njc__A1_P42955--3njc__B1_P42955,10,4,0,4,0.226243890602007,77.25,False,0.8932384848594666
3njc__A1_P42955--3njc__B1_P42955,11,4,2,4,0.2273994886134734,76.875,False,0.95377516746521
3njc__A1_P42955--3njc__B1_P42955,12,1,1,4,0.2226362691359624,74.625,False,0.8631505370140076
3njc__A1_P42955--3njc__B1_P42955,13,2,3,4,0.2207074535468209,74.375,False,0.9672046899795532
3njc__A1_P42955--3njc__B1_P42955,14,2,1,4,0.2231855440962729,74.1875,False,0.8611721992492676
3njc__A1_P42955--3njc__B1_P42955,15,1,0,4,0.2228060029578995,73.75,False,0.8990955948829651
3njc__A1_P42955--3njc__B1_P42955,16,2,2,4,0.2192483770232018,72.6875,False,0.9366859197616577
3njc__A1_P42955--3njc__B1_P42955,17,1,2,4,0.2240441816747726,72.4375,False,0.9076870083808899
3njc__A1_P42955--3njc__B1_P42955,18,2,0,4,0.2204114401761915,72.25,False,0.9188400506973267
3njc__A1_P42955--3njc__B1_P42955,19,1,3,4,0.2285711249382801,72.0625,False,0.8867586255073547
3njc__A1_P42955--3njc__B1_P42955,20,4,3,4,0.2339948868658261,72.0,True,0.9451037049293518
3nk4__A1_P79762--3nk4__B1_P79762,1,5,1,3,0.1675244445969802,29.765625,False,0.0031781012658029795
3nk4__A1_P79762--3nk4__B1_P79762,2,2,3,3,0.1205552094065343,29.09375,False,0.023278409615159035
3nk4__A1_P79762--3nk4__B1_P79762,3,2,0,3,0.1255675261988499,28.859375,False,0.017449358478188515
3nk4__A1_P79762--3nk4__B1_P79762,4,2,2,3,0.1069089784144438,28.25,False,0.016709402203559875
3nk4__A1_P79762--3nk4__B1_P79762,5,2,1,3,0.0877896957595827,27.5,False,0.09772832691669464
3nk4__A1_P79762--3nk4__B1_P79762,6,5,0,3,0.1697040897579865,27.4375,False,0.029013874009251595
3nk4__A1_P79762--3nk4__B1_P79762,7,1,0,3,0.0992947443369732,26.765625,False,0.6123707890510559
3nk4__A1_P79762--3nk4__B1_P79762,8,1,2,3,0.088157078301598,26.71875,False,0.37704998254776
3nk4__A1_P79762--3nk4__B1_P79762,9,3,3,3,0.1517298834856921,26.65625,False,0.01453164592385292
3nk4__A1_P79762--3nk4__B1_P79762,10,3,2,3,0.0961693566604579,26.3125,False,0.12653879821300507
3nk4__A1_P79762--3nk4__B1_P79762,11,1,1,3,0.0885227745659666,26.0625,False,0.07933565229177475
3nk4__A1_P79762--3nk4__B1_P79762,12,1,3,3,0.0835570159009091,25.90625,False,0.11510717868804932
3nk4__A1_P79762--3nk4__B1_P79762,13,5,2,3,0.0673940413834004,24.828125,False,0.07356799393892288
3nk4__A1_P79762--3nk4__B1_P79762,14,3,0,3,0.0631683124440679,20.25,False,0.1870504915714264
3nk4__A1_P79762--3nk4__B1_P79762,15,4,1,3,0.0076341667217711,18.703125,False,0.02218712493777275
3nk4__A1_P79762--3nk4__B1_P79762,16,4,0,3,0.0107962039702872,18.46875,False,0.008461498655378819
3nk4__A1_P79762--3nk4__B1_P79762,17,4,3,3,0.0203552902743511,17.671875,False,0.03705768287181854
3nk4__A1_P79762--3nk4__B1_P79762,18,4,2,3,0.0311056451696766,17.625,False,0.05270758271217346
3nk4__A1_P79762--3nk4__B1_P79762,19,5,3,3,0.0218867706827818,17.390625,False,0.02946365438401699
3nk4__A1_P79762--3nk4__B1_P79762,20,3,1,3,0.014994862702091,16.75,False,0.028817210346460342
3nnf__A1_Q6DNF2--3nnf__A2_Q6DNF2,1,5,1,3,0.8508492998666316,79.8125,True,0.10342252999544144
3nnf__A1_Q6DNF2--3nnf__A2_Q6DNF2,2,4,2,3,0.7539524684134974,76.8125,True,0.9363009929656982
3nnf__A1_Q6DNF2--3nnf__A2_Q6DNF2,3,3,3,3,0.8220197613154748,75.1875,True,0.3912164866924286
3nnf__A1_Q6DNF2--3nnf__A2_Q6DNF2,4,1,2,3,0.6462915053041917,72.375,True,0.9366767406463623
3nnf__A1_Q6DNF2--3nnf__A2_Q6DNF2,5,1,3,3,0.5265089327516596,69.6875,True,0.21100914478302002
3nnf__A1_Q6DNF2--3nnf__A2_Q6DNF2,6,5,2,3,0.6080485881354218,69.5625,True,0.9611684083938599
3nnf__A1_Q6DNF2--3nnf__A2_Q6DNF2,7,3,2,3,0.5480283387740418,65.25,True,0.11029083281755447
3nnf__A1_Q6DNF2--3nnf__A2_Q6DNF2,8,4,3,3,0.5972226745469776,63.6875,True,0.3055678904056549
3nnf__A1_Q6DNF2--3nnf__A2_Q6DNF2,9,4,1,3,0.4963510485456094,63.0,True,0.9146808981895447
3nnf__A1_Q6DNF2--3nnf__A2_Q6DNF2,10,3,1,3,0.4432199385716457,61.03125,True,0.5476509928703308
3nnf__A1_Q6DNF2--3nnf__A2_Q6DNF2,11,2,3,3,0.4144179069406093,59.375,True,0.4760230779647827
3nnf__A1_Q6DNF2--3nnf__A2_Q6DNF2,12,3,0,3,0.5062688642890276,57.5625,True,0.9960045218467712
3nnf__A1_Q6DNF2--3nnf__A2_Q6DNF2,13,4,0,3,0.538863712908749,57.5,True,0.9803029298782349
3nnf__A1_Q6DNF2--3nnf__A2_Q6DNF2,14,1,1,3,0.4272782104892915,56.34375,True,0.9606460332870483
3nnf__A1_Q6DNF2--3nnf__A2_Q6DNF2,15,5,3,3,0.4752141589799545,52.71875,True,0.43482187390327454
3nnf__A1_Q6DNF2--3nnf__A2_Q6DNF2,16,5,0,3,0.4570831931480457,51.78125,True,0.9903592467308044
3nnf__A1_Q6DNF2--3nnf__A2_Q6DNF2,17,2,0,3,0.3238343856320043,51.40625,True,0.23821349442005157
3nnf__A1_Q6DNF2--3nnf__A2_Q6DNF2,18,1,0,3,0.3822525344489442,51.09375,True,0.3411259055137634
3nnf__A1_Q6DNF2--3nnf__A2_Q6DNF2,19,2,2,3,0.4280286496857886,49.75,True,0.9867053627967834
3nnf__A1_Q6DNF2--3nnf__A2_Q6DNF2,20,2,1,3,0.4202490540510048,49.25,True,0.9915812611579895
3o47__A1_P84077--3o47__A2_P84077,1,4,2,2,0.0222068951729669,20.015625,False,0.08428193628787994
3o47__A1_P84077--3o47__A2_P84077,2,4,0,2,0.0135867702871247,19.5625,False,0.15914861857891083
3o47__A1_P84077--3o47__A2_P84077,3,3,1,2,0.0123056370004202,19.40625,False,0.008899032138288021
3o47__A1_P84077--3o47__A2_P84077,4,4,1,2,0.0118829402260772,18.6875,False,0.11268532276153564
3o47__A1_P84077--3o47__A2_P84077,5,5,2,2,0.0166070634292345,18.640625,False,0.14478598535060883
3o47__A1_P84077--3o47__A2_P84077,6,5,1,2,0.014479102588238,18.203125,False,0.025687385350465775
3o47__A1_P84077--3o47__A2_P84077,7,3,3,2,0.0135014172644085,18.015625,False,0.028911644592881203
3o47__A1_P84077--3o47__A2_P84077,8,3,2,2,0.0110065355959421,17.984375,False,0.15056093037128448
3o47__A1_P84077--3o47__A2_P84077,9,5,0,2,0.010872174477415,17.953125,False,0.1376156508922577
3o47__A1_P84077--3o47__A2_P84077,10,2,3,2,0.0173350063366509,17.9375,False,0.1827278435230255
3o47__A1_P84077--3o47__A2_P84077,11,3,0,2,0.0099647603979674,17.9375,False,0.10500247031450272
3o47__A1_P84077--3o47__A2_P84077,12,2,2,2,0.0196579849719823,17.921875,False,0.220657616853714
3o47__A1_P84077--3o47__A2_P84077,13,5,3,2,0.0175420903294685,17.84375,False,0.1514052450656891
3o47__A1_P84077--3o47__A2_P84077,14,1,3,2,0.0110906710582383,17.8125,False,0.01104046031832695
3o47__A1_P84077--3o47__A2_P84077,15,1,1,2,0.0113342936931822,17.75,False,0.0018384421709924936
3o47__A1_P84077--3o47__A2_P84077,16,2,0,2,0.0412401385532801,17.515625,False,0.14673353731632233
3o47__A1_P84077--3o47__A2_P84077,17,4,3,2,0.0156378341353298,17.46875,False,0.05411534383893013
3o47__A1_P84077--3o47__A2_P84077,18,2,1,2,0.020575639089296,17.28125,False,0.02467109076678753
3o47__A1_P84077--3o47__A2_P84077,19,1,2,2,0.0108247782215854,17.125,False,0.027166306972503662
3o47__A1_P84077--3o47__A2_P84077,20,1,0,2,0.0140309425003508,16.921875,False,0.06193696707487106
3ph0__A1_Q1EHA4--3ph0__B1_Q1EHA2,1,5,1,0,0.2259660211714962,85.25,False,0.050617415457963943
3ph0__A1_Q1EHA4--3ph0__B1_Q1EHA2,2,5,0,0,0.2259082614272336,84.625,False,0.050617415457963943
3ph0__A1_Q1EHA4--3ph0__B1_Q1EHA2,3,5,2,0,0.2259276410359299,84.0625,False,0.050617415457963943
3ph0__A1_Q1EHA4--3ph0__B1_Q1EHA2,4,5,3,0,0.2260146096788735,84.0625,False,0.07279573380947113
3ph0__A1_Q1EHA4--3ph0__B1_Q1EHA2,5,4,0,0,0.220799129935547,82.8125,False,0.09069599956274033
3ph0__A1_Q1EHA4--3ph0__B1_Q1EHA2,6,4,2,0,0.226368718449528,82.75,False,0.07132966071367264
3ph0__A1_Q1EHA4--3ph0__B1_Q1EHA2,7,4,3,0,0.226494411234772,82.5625,False,0.10323313623666763
3ph0__A1_Q1EHA4--3ph0__B1_Q1EHA2,8,4,1,0,0.2152348501907051,81.0625,False,0.055519040673971176
3ph0__A1_Q1EHA4--3ph0__B1_Q1EHA2,9,1,1,0,0.8132205190217681,80.5,True,0.10360227525234222
3ph0__A1_Q1EHA4--3ph0__B1_Q1EHA2,10,1,0,0,0.8106113998605106,64.0625,True,0.13286440074443817
3ph0__A1_Q1EHA4--3ph0__B1_Q1EHA2,11,1,3,0,0.8162785767261832,59.09375,True,0.0961064025759697
3ph0__A1_Q1EHA4--3ph0__B1_Q1EHA2,12,1,2,0,0.8155724625411199,49.09375,True,0.1372063010931015
3ph0__A1_Q1EHA4--3ph0__B1_Q1EHA2,13,2,3,0,0.7822082538110365,46.96875,True,0.9316481947898865
3ph0__A1_Q1EHA4--3ph0__B1_Q1EHA2,14,3,0,0,0.6884281744658907,30.484375,True,0.9237968325614929
3ph0__A1_Q1EHA4--3ph0__B1_Q1EHA2,15,3,3,0,0.7593941425420893,21.796875,True,0.9804567098617554
3ph0__A1_Q1EHA4--3ph0__B1_Q1EHA2,16,2,0,0,0.3134120048096345,18.140625,True,0.0012409271439537406
3ph0__A1_Q1EHA4--3ph0__B1_Q1EHA2,17,3,1,0,0.4303798345243059,16.78125,True,0.41313374042510986
3ph0__A1_Q1EHA4--3ph0__B1_Q1EHA2,18,2,2,0,0.6388590035061354,16.390625,True,0.7542098164558411
3ph0__A1_Q1EHA4--3ph0__B1_Q1EHA2,19,3,2,0,0.511393807252547,16.078125,True,0.7251543998718262
3ph0__A1_Q1EHA4--3ph0__B1_Q1EHA2,20,2,1,0,0.2903235007408009,14.6875,True,0.2056806981563568
3qsg__A1_C8WX00--3qsg__A2_C8WX00,1,1,3,0,0.5118393935769322,79.0,True,0.38807862997055054
3qsg__A1_C8WX00--3qsg__A2_C8WX00,2,1,0,0,0.4999121024845498,78.1875,True,0.42674463987350464
3qsg__A1_C8WX00--3qsg__A2_C8WX00,3,1,2,0,0.5171499960785942,76.625,True,0.4246240556240082
3qsg__A1_C8WX00--3qsg__A2_C8WX00,4,1,1,0,0.4966195882764718,75.0625,True,0.5859237909317017
3qsg__A1_C8WX00--3qsg__A2_C8WX00,5,3,0,0,0.4558817519103909,70.4375,True,0.8122785687446594
3qsg__A1_C8WX00--3qsg__A2_C8WX00,6,2,3,0,0.32402200408083,69.25,True,2.9800072297803126e-05
3qsg__A1_C8WX00--3qsg__A2_C8WX00,7,4,1,0,0.1740865772279183,68.6875,False,0.23426547646522522
3qsg__A1_C8WX00--3qsg__A2_C8WX00,8,5,0,0,0.3098829659709221,68.1875,True,3.196494799340144e-05
3qsg__A1_C8WX00--3qsg__A2_C8WX00,9,2,1,0,0.3321538507992163,67.875,True,0.001937417546287179
3qsg__A1_C8WX00--3qsg__A2_C8WX00,10,2,2,0,0.3156020418168317,67.8125,True,6.073665645089932e-05
3qsg__A1_C8WX00--3qsg__A2_C8WX00,11,3,1,0,0.4415843422423526,67.5625,True,0.12401094287633896
3qsg__A1_C8WX00--3qsg__A2_C8WX00,12,5,3,0,0.3291321734018216,67.3125,True,0.002077630255371332
3qsg__A1_C8WX00--3qsg__A2_C8WX00,13,4,2,0,0.1737871968828644,66.875,False,0.34228241443634033
3qsg__A1_C8WX00--3qsg__A2_C8WX00,14,4,0,0,0.1695376490713175,66.25,False,0.16289648413658142
3qsg__A1_C8WX00--3qsg__A2_C8WX00,15,4,3,0,0.3139771074913633,65.8125,True,0.0024326664861291647
3qsg__A1_C8WX00--3qsg__A2_C8WX00,16,5,1,0,0.305332250498965,65.4375,True,2.865808710339479e-06
3qsg__A1_C8WX00--3qsg__A2_C8WX00,17,5,2,0,0.2970848733991728,65.1875,True,3.6247784009901807e-06
3qsg__A1_C8WX00--3qsg__A2_C8WX00,18,3,3,0,0.2996569632846469,62.15625,True,6.4577329794701654e-06
3qsg__A1_C8WX00--3qsg__A2_C8WX00,19,2,0,0,0.3228436941103819,61.875,True,3.538792589097284e-05
3qsg__A1_C8WX00--3qsg__A2_C8WX00,20,3,2,0,0.3014660518930462,61.53125,True,2.3014519683783874e-05
3qty__A1_Q5NGF2--3qty__B1_Q5NGF2,1,5,1,0,0.660866438974325,86.0625,True,0.9907588958740234
3qty__A1_Q5NGF2--3qty__B1_Q5NGF2,2,5,0,0,0.6448777240976127,86.0,True,0.9635843634605408
3qty__A1_Q5NGF2--3qty__B1_Q5NGF2,3,5,2,0,0.6794056846958334,85.875,True,0.9738098978996277
3qty__A1_Q5NGF2--3qty__B1_Q5NGF2,4,5,3,0,0.668075711529104,85.3125,True,0.9917564392089844
3qty__A1_Q5NGF2--3qty__B1_Q5NGF2,5,1,0,0,0.6649430860729839,84.625,True,0.9720683693885803
3qty__A1_Q5NGF2--3qty__B1_Q5NGF2,6,1,3,0,0.6591121044096205,83.625,True,0.957853376865387
3qty__A1_Q5NGF2--3qty__B1_Q5NGF2,7,2,0,0,0.6739127896591475,83.625,True,0.9706582427024841
3qty__A1_Q5NGF2--3qty__B1_Q5NGF2,8,1,2,0,0.6737751220726579,83.5,True,0.9816762208938599
3qty__A1_Q5NGF2--3qty__B1_Q5NGF2,9,2,3,0,0.6890240198656769,83.4375,True,0.9779112935066223
3qty__A1_Q5NGF2--3qty__B1_Q5NGF2,10,1,1,0,0.6524069891477352,83.375,True,0.9303480386734009
3qty__A1_Q5NGF2--3qty__B1_Q5NGF2,11,2,2,0,0.6745561214906489,82.8125,True,0.9718805551528931
3qty__A1_Q5NGF2--3qty__B1_Q5NGF2,12,2,1,0,0.6689643017259859,82.8125,True,0.9317783117294312
3qty__A1_Q5NGF2--3qty__B1_Q5NGF2,13,4,0,0,0.6549210129782974,82.8125,True,0.9816998839378357
3qty__A1_Q5NGF2--3qty__B1_Q5NGF2,14,4,1,0,0.6602372968747529,82.5,True,0.9676011204719543
3qty__A1_Q5NGF2--3qty__B1_Q5NGF2,15,3,2,0,0.6971975796129181,82.25,True,0.9892938137054443
3qty__A1_Q5NGF2--3qty__B1_Q5NGF2,16,3,0,0,0.687228191079493,82.25,True,0.9657678008079529
3qty__A1_Q5NGF2--3qty__B1_Q5NGF2,17,3,3,0,0.689174787431687,82.1875,True,0.9810001850128174
3qty__A1_Q5NGF2--3qty__B1_Q5NGF2,18,3,1,0,0.6689661252920757,81.875,True,0.9102997779846191
3qty__A1_Q5NGF2--3qty__B1_Q5NGF2,19,4,3,0,0.6281478303845386,81.5625,True,0.9782731533050537
3qty__A1_Q5NGF2--3qty__B1_Q5NGF2,20,4,2,0,0.6726434222755887,80.375,True,0.9850859642028809
3rg2__A1_P10378--3rg2__B1_P10378,1,1,2,2,0.2599284032640274,51.15625,True,0.000341615203069523
3rg2__A1_P10378--3rg2__B1_P10378,2,1,3,2,0.2612179367302474,51.125,True,0.002420529257506132
3rg2__A1_P10378--3rg2__B1_P10378,3,1,1,2,0.2629129006848332,50.84375,True,0.00026859703939408064
3rg2__A1_P10378--3rg2__B1_P10378,4,5,1,2,0.1543584256146664,50.28125,False,0.006329722702503204
3rg2__A1_P10378--3rg2__B1_P10378,5,1,0,2,0.241109110859084,49.03125,True,0.01377476193010807
3rg2__A1_P10378--3rg2__B1_P10378,6,3,2,2,0.173675910883489,36.9375,False,0.21306033432483673
3rg2__A1_P10378--3rg2__B1_P10378,7,2,2,2,0.1391206540570677,25.671875,False,0.11590500175952911
3rg2__A1_P10378--3rg2__B1_P10378,8,4,1,2,0.1784792035047604,25.40625,False,0.12705017626285553
3rg2__A1_P10378--3rg2__B1_P10378,9,2,1,2,0.0100345056951434,24.140625,False,0.07269949465990067
3rg2__A1_P10378--3rg2__B1_P10378,10,4,0,2,0.1515341736875885,23.875,False,0.08667120337486267
3rg2__A1_P10378--3rg2__B1_P10378,11,2,0,2,0.1032340630520767,23.8125,False,0.04450449347496033
3rg2__A1_P10378--3rg2__B1_P10378,12,2,3,2,0.0114047366852585,23.734375,False,0.08534662425518036
3rg2__A1_P10378--3rg2__B1_P10378,13,4,2,2,0.1553570403159837,23.71875,False,0.1439068466424942
3rg2__A1_P10378--3rg2__B1_P10378,14,3,3,2,0.0072474110695177,23.6875,False,0.03828888013958931
3rg2__A1_P10378--3rg2__B1_P10378,15,3,1,2,0.1003663272872031,23.421875,False,0.017111971974372864
3rg2__A1_P10378--3rg2__B1_P10378,16,5,2,2,0.0113060522583178,23.265625,False,0.07449236512184143
3rg2__A1_P10378--3rg2__B1_P10378,17,4,3,2,0.1826474123981644,23.09375,False,0.12866562604904175
3rg2__A1_P10378--3rg2__B1_P10378,18,5,3,2,0.1255345527232173,22.625,False,0.05692392215132713
3rg2__A1_P10378--3rg2__B1_P10378,19,3,0,2,0.0510629725735724,22.578125,False,0.03195847198367119
3rg2__A1_P10378--3rg2__B1_P10378,20,5,0,2,0.0901434491505934,22.484375,False,0.07493891566991806
3sy3__A1_A0A6L8P3N5--3sy3__B1_A0A6L8P3N5,1,1,2,3,0.1400102743750942,51.5,False,0.3611031174659729
3sy3__A1_A0A6L8P3N5--3sy3__B1_A0A6L8P3N5,2,1,1,3,0.1466252329143298,51.4375,False,0.029877224937081337
3sy3__A1_A0A6L8P3N5--3sy3__B1_A0A6L8P3N5,3,1,0,3,0.1424714984417067,51.09375,False,0.06640202552080154
3sy3__A1_A0A6L8P3N5--3sy3__B1_A0A6L8P3N5,4,1,3,3,0.1372126458662837,47.53125,False,0.07252740859985352
3sy3__A1_A0A6L8P3N5--3sy3__B1_A0A6L8P3N5,5,5,1,3,0.192061736244044,28.96875,False,0.4054873585700989
3sy3__A1_A0A6L8P3N5--3sy3__B1_A0A6L8P3N5,6,5,3,3,0.2558409641565545,24.359375,True,0.004300278145819902
3sy3__A1_A0A6L8P3N5--3sy3__B1_A0A6L8P3N5,7,5,2,3,0.1212020730196884,20.71875,False,0.09675350040197372
3sy3__A1_A0A6L8P3N5--3sy3__B1_A0A6L8P3N5,8,5,0,3,0.3082764484642711,20.578125,True,0.01405725535005331
3sy3__A1_A0A6L8P3N5--3sy3__B1_A0A6L8P3N5,9,3,0,3,0.1545330136195786,20.453125,False,0.7862437963485718
3sy3__A1_A0A6L8P3N5--3sy3__B1_A0A6L8P3N5,10,4,3,3,0.0167538556644095,19.375,False,0.01111933309584856
3sy3__A1_A0A6L8P3N5--3sy3__B1_A0A6L8P3N5,11,3,1,3,0.1152426924687953,19.203125,False,0.4127744138240814
3sy3__A1_A0A6L8P3N5--3sy3__B1_A0A6L8P3N5,12,3,2,3,0.1349400757760166,18.984375,False,0.006987372413277626
3sy3__A1_A0A6L8P3N5--3sy3__B1_A0A6L8P3N5,13,4,2,3,0.0199624707671515,18.96875,False,0.010043086484074593
3sy3__A1_A0A6L8P3N5--3sy3__B1_A0A6L8P3N5,14,4,1,3,0.0214827831645903,18.75,False,0.009637142531573772
3sy3__A1_A0A6L8P3N5--3sy3__B1_A0A6L8P3N5,15,2,2,3,0.102507137316036,18.5,False,0.05995168164372444
3sy3__A1_A0A6L8P3N5--3sy3__B1_A0A6L8P3N5,16,3,3,3,0.2092508808553153,18.125,False,0.0030139978043735027
3sy3__A1_A0A6L8P3N5--3sy3__B1_A0A6L8P3N5,17,2,1,3,0.0882332712956639,17.984375,False,0.031616415828466415
3sy3__A1_A0A6L8P3N5--3sy3__B1_A0A6L8P3N5,18,2,0,3,0.0583790075942667,17.90625,False,0.016300130635499954
3sy3__A1_A0A6L8P3N5--3sy3__B1_A0A6L8P3N5,19,2,3,3,0.0518527779400364,17.75,False,0.02316812425851822
3sy3__A1_A0A6L8P3N5--3sy3__B1_A0A6L8P3N5,20,4,0,3,0.0136553585456123,17.53125,False,0.009322036057710648
3tbi__B1_P0A8V2--3tbi__A1_P13338,1,4,3,2,0.7209228482762683,86.0625,True,0.975106954574585
3tbi__B1_P0A8V2--3tbi__A1_P13338,2,4,1,2,0.7060587573377187,86.0,True,0.9892429113388062
3tbi__B1_P0A8V2--3tbi__A1_P13338,3,1,1,2,0.7402176671888512,85.5625,True,0.9687501192092896
3tbi__B1_P0A8V2--3tbi__A1_P13338,4,1,3,2,0.744303832890699,85.5,True,0.9687501192092896
3tbi__B1_P0A8V2--3tbi__A1_P13338,5,4,0,2,0.7179609340331053,85.4375,True,0.9863903522491455
3tbi__B1_P0A8V2--3tbi__A1_P13338,6,4,2,2,0.6965080362766535,85.4375,True,0.9892429113388062
3tbi__B1_P0A8V2--3tbi__A1_P13338,7,1,0,2,0.7210809179383667,85.25,True,0.9687501192092896
3tbi__B1_P0A8V2--3tbi__A1_P13338,8,5,3,2,0.7510159834235899,84.8125,True,0.931885302066803
3tbi__B1_P0A8V2--3tbi__A1_P13338,9,1,2,2,0.7155096832834742,84.4375,True,0.9687501192092896
3tbi__B1_P0A8V2--3tbi__A1_P13338,10,3,2,2,0.695454759525093,84.375,True,0.9589290618896484
3tbi__B1_P0A8V2--3tbi__A1_P13338,11,3,3,2,0.6947961688965335,84.25,True,0.9744452238082886
3tbi__B1_P0A8V2--3tbi__A1_P13338,12,5,1,2,0.7190771682725159,84.25,True,0.975106954574585
3tbi__B1_P0A8V2--3tbi__A1_P13338,13,3,1,2,0.7008706346829362,83.8125,True,0.9564686417579651
3tbi__B1_P0A8V2--3tbi__A1_P13338,14,5,0,2,0.699090167476815,83.8125,True,0.986967146396637
3tbi__B1_P0A8V2--3tbi__A1_P13338,15,3,0,2,0.6852344451544639,83.8125,True,0.9768180847167969
3tbi__B1_P0A8V2--3tbi__A1_P13338,16,2,3,2,0.7316642725591724,83.625,True,0.9153128266334534
3tbi__B1_P0A8V2--3tbi__A1_P13338,17,2,1,2,0.6921570486646379,83.3125,True,0.9687501192092896
3tbi__B1_P0A8V2--3tbi__A1_P13338,18,2,2,2,0.6978957363632946,83.0,True,0.9065617322921753
3tbi__B1_P0A8V2--3tbi__A1_P13338,19,5,2,2,0.7066660977311064,78.3125,True,0.8788336515426636
3tbi__B1_P0A8V2--3tbi__A1_P13338,20,2,0,2,0.6947511416381354,77.0,True,0.8697323203086853
3teq__C1_Q13586--3teq__A1_Q13586,1,4,2,1,0.8955632320961543,83.4375,True,0.9792571067810059
3teq__C1_Q13586--3teq__A1_Q13586,2,4,0,1,0.8953583790013854,83.375,True,0.9828776121139526
3teq__C1_Q13586--3teq__A1_Q13586,3,4,1,1,0.9043071664497218,83.1875,True,0.9828776121139526
3teq__C1_Q13586--3teq__A1_Q13586,4,4,3,1,0.9026542335041172,82.9375,True,0.9828776121139526
3teq__C1_Q13586--3teq__A1_Q13586,5,1,0,1,0.165667121203641,81.75,False,0.0029475020710378885
3teq__C1_Q13586--3teq__A1_Q13586,6,1,1,1,0.1657121417317836,80.8125,False,0.0042644343338906765
3teq__C1_Q13586--3teq__A1_Q13586,7,5,2,1,0.1450967073074217,80.6875,False,0.003030588384717703
3teq__C1_Q13586--3teq__A1_Q13586,8,5,0,1,0.1449883928274927,80.4375,False,0.003273998387157917
3teq__C1_Q13586--3teq__A1_Q13586,9,1,2,1,0.1658158854271912,80.3125,False,0.0029892483726143837
3teq__C1_Q13586--3teq__A1_Q13586,10,3,2,1,0.1520366908343476,80.25,False,0.011074066162109375
3teq__C1_Q13586--3teq__A1_Q13586,11,5,3,1,0.1519475172784935,80.1875,False,0.004476658068597317
3teq__C1_Q13586--3teq__A1_Q13586,12,5,1,1,0.1518887066186804,80.125,False,0.0037453884724527597
3teq__C1_Q13586--3teq__A1_Q13586,13,1,3,1,0.1659614221485318,80.0,False,0.003696077037602663
3teq__C1_Q13586--3teq__A1_Q13586,14,3,1,1,0.1521068243293178,79.8125,False,0.011362635530531406
3teq__C1_Q13586--3teq__A1_Q13586,15,3,0,1,0.1518841358606175,79.8125,False,0.009957968257367611
3teq__C1_Q13586--3teq__A1_Q13586,16,2,0,1,0.14532634646223,79.5,False,0.004258804954588413
3teq__C1_Q13586--3teq__A1_Q13586,17,3,3,1,0.1519849014622668,79.375,False,0.01044702809303999
3teq__C1_Q13586--3teq__A1_Q13586,18,2,1,1,0.1452109924267368,78.5625,False,0.00796483177691698
3teq__C1_Q13586--3teq__A1_Q13586,19,2,3,1,0.1454099201946831,78.5,False,0.004783680196851492
3teq__C1_Q13586--3teq__A1_Q13586,20,2,2,1,0.145518474936191,77.8125,False,0.00361236953176558
3thf__A1_A1Z9P3--3thf__B1_A1Z9P3,1,1,2,0,0.6890509467421393,76.0625,True,0.0005377287743613124
3thf__A1_A1Z9P3--3thf__B1_A1Z9P3,2,1,0,0,0.7515894128641415,75.5625,True,0.0004776468558702618
3thf__A1_A1Z9P3--3thf__B1_A1Z9P3,3,3,2,0,0.6950700539852884,68.3125,True,0.0001301533920923248
3thf__A1_A1Z9P3--3thf__B1_A1Z9P3,4,3,1,0,0.7099718766281086,67.375,True,0.00010375621786806732
3thf__A1_A1Z9P3--3thf__B1_A1Z9P3,5,4,2,0,0.0086316959001751,24.390625,False,0.004152122884988785
3thf__A1_A1Z9P3--3thf__B1_A1Z9P3,6,5,2,0,0.0158620548016828,19.96875,False,0.05383184179663658
3thf__A1_A1Z9P3--3thf__B1_A1Z9P3,7,2,1,0,0.037826470772541,19.5,False,0.05644567683339119
3thf__A1_A1Z9P3--3thf__B1_A1Z9P3,8,5,1,0,0.0245306542094473,19.359375,False,0.01290731318295002
3thf__A1_A1Z9P3--3thf__B1_A1Z9P3,9,3,3,0,0.0147539827530686,19.3125,False,0.07302328199148178
3thf__A1_A1Z9P3--3thf__B1_A1Z9P3,10,1,1,0,0.0126861102297142,18.28125,False,0.05899408832192421
3thf__A1_A1Z9P3--3thf__B1_A1Z9P3,11,5,3,0,0.0136157883064773,18.015625,False,0.013474232517182827
3thf__A1_A1Z9P3--3thf__B1_A1Z9P3,12,3,0,0,0.0166645410654818,17.9375,False,0.00410874281078577
3thf__A1_A1Z9P3--3thf__B1_A1Z9P3,13,2,3,0,0.0349546723251845,17.453125,False,0.1428666114807129
3thf__A1_A1Z9P3--3thf__B1_A1Z9P3,14,4,1,0,0.0191985975901697,17.375,False,0.04835333302617073
3thf__A1_A1Z9P3--3thf__B1_A1Z9P3,15,2,0,0,0.0203782622564205,17.375,False,0.05737842991948128
3thf__A1_A1Z9P3--3thf__B1_A1Z9P3,16,5,0,0,0.0280719832900791,17.171875,False,0.02043837495148182
3thf__A1_A1Z9P3--3thf__B1_A1Z9P3,17,4,3,0,0.012359956403004,17.09375,False,0.03800926357507706
3thf__A1_A1Z9P3--3thf__B1_A1Z9P3,18,4,0,0,0.0118151681957335,16.90625,False,0.014129990711808205
3thf__A1_A1Z9P3--3thf__B1_A1Z9P3,19,1,3,0,0.0094207276769993,16.890625,False,0.010650018230080605
3thf__A1_A1Z9P3--3thf__B1_A1Z9P3,20,2,2,0,0.0586454378271012,16.578125,False,0.04381469264626503
3toj__B1_Q9UBL3--3toj__A1_Q9UBL3,1,1,1,2,0.1410795601565083,61.5,False,0.18066467344760895
3toj__B1_Q9UBL3--3toj__A1_Q9UBL3,2,1,3,2,0.1375644968840705,58.71875,False,0.24596814811229706
3toj__B1_Q9UBL3--3toj__A1_Q9UBL3,3,1,2,2,0.3711165766853705,48.53125,True,0.12172184884548187
3toj__B1_Q9UBL3--3toj__A1_Q9UBL3,4,2,0,2,0.2821718621899126,48.1875,True,0.029134977608919144
3toj__B1_Q9UBL3--3toj__A1_Q9UBL3,5,3,0,2,0.3434079335423097,47.53125,True,0.19218528270721436
3toj__B1_Q9UBL3--3toj__A1_Q9UBL3,6,2,3,2,0.1396527723961912,47.1875,False,0.31522858142852783
3toj__B1_Q9UBL3--3toj__A1_Q9UBL3,7,1,0,2,0.3838283607872171,47.0,True,0.15510520339012146
3toj__B1_Q9UBL3--3toj__A1_Q9UBL3,8,3,2,2,0.3489039705892335,46.375,True,0.2179352343082428
3toj__B1_Q9UBL3--3toj__A1_Q9UBL3,9,2,1,2,0.2741538553266795,41.5625,True,0.12293586134910583
3toj__B1_Q9UBL3--3toj__A1_Q9UBL3,10,2,2,2,0.1827388911115224,28.015625,False,0.08135218173265457
3toj__B1_Q9UBL3--3toj__A1_Q9UBL3,11,5,0,2,0.0285508745451897,21.109375,False,0.0879930853843689
3toj__B1_Q9UBL3--3toj__A1_Q9UBL3,12,5,1,2,0.0263340377296999,20.59375,False,0.009631646797060966
3toj__B1_Q9UBL3--3toj__A1_Q9UBL3,13,5,3,2,0.053549789091262,18.203125,False,0.04236750304698944
3toj__B1_Q9UBL3--3toj__A1_Q9UBL3,14,3,3,2,0.0062893812741078,18.109375,False,0.013014541938900948
3toj__B1_Q9UBL3--3toj__A1_Q9UBL3,15,5,2,2,0.0333087132980147,17.6875,False,0.0818830206990242
3toj__B1_Q9UBL3--3toj__A1_Q9UBL3,16,4,0,2,0.0241890498348859,17.46875,False,0.015855515375733376
3toj__B1_Q9UBL3--3toj__A1_Q9UBL3,17,4,2,2,0.0114125362300298,16.25,False,0.018892785534262657
3toj__B1_Q9UBL3--3toj__A1_Q9UBL3,18,4,3,2,0.0072755643416748,16.140625,False,0.029151828959584236
3toj__B1_Q9UBL3--3toj__A1_Q9UBL3,19,3,1,2,0.0066318601396856,16.125,False,0.012545859441161156
3toj__B1_Q9UBL3--3toj__A1_Q9UBL3,20,4,1,2,0.0101515921630066,15.9453125,False,0.03871115297079086
3u3q__A1_O75509--3u3q__A2_O75509,1,2,0,2,0.4820925216378145,36.25,True,0.06128887087106705
3u3q__A1_O75509--3u3q__A2_O75509,2,2,1,2,0.0906760000117209,29.171875,False,0.1235429123044014
3u3q__A1_O75509--3u3q__A2_O75509,3,2,2,2,0.099274961793063,26.828125,False,0.13501189649105072
3u3q__A1_O75509--3u3q__A2_O75509,4,2,3,2,0.3138663471162635,25.65625,True,0.18490612506866455
3u3q__A1_O75509--3u3q__A2_O75509,5,1,0,2,0.147973027927471,20.1875,False,0.03455270081758499
3u3q__A1_O75509--3u3q__A2_O75509,6,4,2,2,0.0275122082711131,20.140625,False,0.020902320742607117
3u3q__A1_O75509--3u3q__A2_O75509,7,3,0,2,0.0331518231607191,18.34375,False,0.07187295705080032
3u3q__A1_O75509--3u3q__A2_O75509,8,1,3,2,0.0860355061297298,18.109375,False,0.008060759864747524
3u3q__A1_O75509--3u3q__A2_O75509,9,3,2,2,0.0342484108361526,18.09375,False,0.06995722651481628
3u3q__A1_O75509--3u3q__A2_O75509,10,5,1,2,0.0914759242399248,17.9375,False,0.015276513993740082
3u3q__A1_O75509--3u3q__A2_O75509,11,3,3,2,0.0351676711348204,17.578125,False,0.03194446116685867
3u3q__A1_O75509--3u3q__A2_O75509,12,4,1,2,0.0329404855100309,17.5,False,0.05150992050766945
3u3q__A1_O75509--3u3q__A2_O75509,13,5,0,2,0.050184007637679,17.3125,False,0.09346814453601837
3u3q__A1_O75509--3u3q__A2_O75509,14,4,0,2,0.0323417260249061,17.078125,False,0.011834414675831795
3u3q__A1_O75509--3u3q__A2_O75509,15,5,3,2,0.3514382268831481,17.078125,True,0.053632911294698715
3u3q__A1_O75509--3u3q__A2_O75509,16,4,3,2,0.0349336767402538,16.890625,False,0.010644659399986267
3u3q__A1_O75509--3u3q__A2_O75509,17,3,1,2,0.0356015463171414,16.796875,False,0.015197867527604103
3u3q__A1_O75509--3u3q__A2_O75509,18,1,1,2,0.0641777778561683,16.796875,False,0.011993923224508762
3u3q__A1_O75509--3u3q__A2_O75509,19,5,2,2,0.2230363847943179,16.53125,False,0.06840452551841736
3u3q__A1_O75509--3u3q__A2_O75509,20,1,2,2,0.2254767610672601,16.390625,False,0.02366168424487114
3u73__A1_Q03405--3u73__B1_P00749,1,5,2,4,0.1966776094857323,65.5625,False,0.9961742758750916
3u73__A1_Q03405--3u73__B1_P00749,2,5,1,4,0.2001532918945409,65.25,False,0.9996190071105957
3u73__A1_Q03405--3u73__B1_P00749,3,4,2,4,0.2142448850739639,64.3125,False,0.9827101230621338
3u73__A1_Q03405--3u73__B1_P00749,4,4,3,4,0.209057526298504,63.9375,False,0.9960979223251343
3u73__A1_Q03405--3u73__B1_P00749,5,1,0,4,0.202702499247951,63.90625,False,0.9929848313331604
3u73__A1_Q03405--3u73__B1_P00749,6,2,1,4,0.2114663036469565,63.1875,False,0.9808095097541809
3u73__A1_Q03405--3u73__B1_P00749,7,4,1,4,0.2174418000329235,63.15625,False,0.9989230036735535
3u73__A1_Q03405--3u73__B1_P00749,8,4,0,4,0.2224304803362251,62.34375,False,0.9679040908813477
3u73__A1_Q03405--3u73__B1_P00749,9,5,3,4,0.2103783714179532,59.25,False,0.9960338473320007
3u73__A1_Q03405--3u73__B1_P00749,10,1,1,4,0.2928888003055914,59.0,True,0.16410596668720245
3u73__A1_Q03405--3u73__B1_P00749,11,1,2,4,0.2945917649248702,58.53125,True,0.09957589209079742
3u73__A1_Q03405--3u73__B1_P00749,12,3,3,4,0.204203813623307,57.03125,False,0.9853455424308777
3u73__A1_Q03405--3u73__B1_P00749,13,5,0,4,0.2190368357315158,54.03125,False,0.9280736446380615
3u73__A1_Q03405--3u73__B1_P00749,14,1,3,4,0.2251942931356685,53.0625,False,0.988575279712677
3u73__A1_Q03405--3u73__B1_P00749,15,3,0,4,0.2026964961603406,48.5625,False,0.9998742341995239
3u73__A1_Q03405--3u73__B1_P00749,16,2,0,4,0.1902120215268521,37.90625,False,0.0006853094673715532
3u73__A1_Q03405--3u73__B1_P00749,17,2,2,4,0.153332127310532,33.125,False,0.0168136153370142
3u73__A1_Q03405--3u73__B1_P00749,18,2,3,4,0.1606377905031959,28.65625,False,0.010383746586740017
3u73__A1_Q03405--3u73__B1_P00749,19,3,1,4,0.1323432021759334,24.234375,False,0.013032561168074608
3u73__A1_Q03405--3u73__B1_P00749,20,3,2,4,0.0585201280045492,22.625,False,0.02331908605992794
3ua3__A1_P46580--3ua3__B1_P46580,1,2,2,4,0.0377440255739999,79.1875,False,0.32285985350608826
3ua3__A1_P46580--3ua3__B1_P46580,2,1,0,4,0.0343409797826511,75.375,False,0.013024160638451576
3ua3__A1_P46580--3ua3__B1_P46580,3,5,0,4,0.030967932107935,73.5,False,0.13153523206710815
3ua3__A1_P46580--3ua3__B1_P46580,4,4,2,4,0.0377576556750334,73.375,False,0.6141461133956909
3ua3__A1_P46580--3ua3__B1_P46580,5,1,2,4,0.034317501608709,73.375,False,0.08119869977235794
3ua3__A1_P46580--3ua3__B1_P46580,6,5,1,4,0.0309748794729077,72.75,False,0.1836787611246109
3ua3__A1_P46580--3ua3__B1_P46580,7,5,2,4,0.0343857621763632,69.0,False,0.011556167155504227
3ua3__A1_P46580--3ua3__B1_P46580,8,1,3,4,0.0411288082979109,68.8125,False,0.13481220602989197
3ua3__A1_P46580--3ua3__B1_P46580,9,1,1,4,0.0343430939187755,68.3125,False,0.0933777317404747
3ua3__A1_P46580--3ua3__B1_P46580,10,2,3,4,0.0411003606951363,67.875,False,0.37280383706092834
3ua3__A1_P46580--3ua3__B1_P46580,11,5,3,4,0.0343579262176117,66.0625,False,0.7366575002670288
3ua3__A1_P46580--3ua3__B1_P46580,12,3,2,4,0.03775882508613,65.9375,False,0.7465636730194092
3ua3__A1_P46580--3ua3__B1_P46580,13,4,0,4,0.0410912544837205,64.875,False,0.6238718628883362
3ua3__A1_P46580--3ua3__B1_P46580,14,4,3,4,0.5349389117908868,64.1875,True,0.006730514112859964
3ua3__A1_P46580--3ua3__B1_P46580,15,3,0,4,0.0410834607626414,62.21875,False,0.4474460780620575
3ua3__A1_P46580--3ua3__B1_P46580,16,4,1,4,0.0343734276859141,61.625,False,0.3213256895542145
3ua3__A1_P46580--3ua3__B1_P46580,17,3,3,4,0.0343463940148964,58.375,False,0.14020979404449463
3ua3__A1_P46580--3ua3__B1_P46580,18,2,1,4,0.0378065016106206,58.09375,False,0.016269903630018234
3ua3__A1_P46580--3ua3__B1_P46580,19,3,1,4,0.0411104085372783,56.6875,False,0.17301079630851746
3ua3__A1_P46580--3ua3__B1_P46580,20,2,0,4,0.0310787745504602,51.875,False,0.226328507065773
3up1__A1_P16871--3up1__B1_P16871,1,1,2,2,0.5920188744986378,76.875,True,2.7617309683591884e-07
3up1__A1_P16871--3up1__B1_P16871,2,2,0,2,0.6163902759015762,70.125,True,1.0018706753101014e-08
3up1__A1_P16871--3up1__B1_P16871,3,2,2,2,0.6238788320239971,70.0,True,3.1601716798945745e-09
3up1__A1_P16871--3up1__B1_P16871,4,1,3,2,0.4720207738885841,67.1875,True,0.13892441987991333
3up1__A1_P16871--3up1__B1_P16871,5,1,0,2,0.5118002826457961,63.1875,True,0.13892441987991333
3up1__A1_P16871--3up1__B1_P16871,6,3,0,2,0.6337404001181031,62.03125,True,6.285460403887555e-05
3up1__A1_P16871--3up1__B1_P16871,7,2,3,2,0.6000776431999045,61.53125,True,3.722607573308778e-07
3up1__A1_P16871--3up1__B1_P16871,8,1,1,2,0.4862612266283779,56.875,True,0.16697558760643005
3up1__A1_P16871--3up1__B1_P16871,9,5,0,2,0.6554324207752092,43.90625,True,0.6847067475318909
3up1__A1_P16871--3up1__B1_P16871,10,5,3,2,0.3511856652349761,40.9375,True,0.1917155385017395
3up1__A1_P16871--3up1__B1_P16871,11,3,2,2,0.430173484975936,39.3125,True,0.8942659497261047
3up1__A1_P16871--3up1__B1_P16871,12,5,1,2,0.5561554279208863,36.75,True,0.40971001982688904
3up1__A1_P16871--3up1__B1_P16871,13,5,2,2,0.5430745281561453,30.578125,True,0.9799874424934387
3up1__A1_P16871--3up1__B1_P16871,14,3,3,2,0.5198640313609598,29.21875,True,0.9999464750289917
3up1__A1_P16871--3up1__B1_P16871,15,4,2,2,0.3867779337223229,26.078125,True,0.963169276714325
3up1__A1_P16871--3up1__B1_P16871,16,4,0,2,0.5528592077425093,25.71875,True,0.9971587657928467
3up1__A1_P16871--3up1__B1_P16871,17,4,1,2,0.4149797746761264,25.625,True,0.946565568447113
3up1__A1_P16871--3up1__B1_P16871,18,4,3,2,0.4063670743657143,22.09375,True,0.8649330735206604
3up1__A1_P16871--3up1__B1_P16871,19,3,1,2,0.1548122981180398,19.609375,False,0.05113824084401131
3up1__A1_P16871--3up1__B1_P16871,20,2,1,2,0.0147997015528809,17.140625,False,0.0460825078189373
3ups__A1_Q5NLX3--3ups__A2_Q5NLX3,1,2,0,3,0.5998635009245178,82.9375,True,0.7763307690620422
3ups__A1_Q5NLX3--3ups__A2_Q5NLX3,2,2,2,3,0.5868313679702553,80.125,True,0.8993746042251587
3ups__A1_Q5NLX3--3ups__A2_Q5NLX3,3,2,3,3,0.6017262533176708,79.8125,True,0.8810392022132874
3ups__A1_Q5NLX3--3ups__A2_Q5NLX3,4,2,1,3,0.5801793551114437,78.625,True,0.7841894626617432
3ups__A1_Q5NLX3--3ups__A2_Q5NLX3,5,1,0,3,0.0538960131365363,58.3125,False,0.009330455213785172
3ups__A1_Q5NLX3--3ups__A2_Q5NLX3,6,1,3,3,0.0473532440928596,55.25,False,0.02614002116024494
3ups__A1_Q5NLX3--3ups__A2_Q5NLX3,7,3,1,3,0.0307883070146487,52.59375,False,0.2507658302783966
3ups__A1_Q5NLX3--3ups__A2_Q5NLX3,8,3,3,3,0.0316074851993593,52.4375,False,0.28565889596939087
3ups__A1_Q5NLX3--3ups__A2_Q5NLX3,9,1,2,3,0.043463743990944,51.875,False,0.4582054913043976
3ups__A1_Q5NLX3--3ups__A2_Q5NLX3,10,1,1,3,0.04504072612336,50.09375,False,0.052085138857364655
3ups__A1_Q5NLX3--3ups__A2_Q5NLX3,11,4,2,3,0.2954720573370447,49.0625,True,0.13512863218784332
3ups__A1_Q5NLX3--3ups__A2_Q5NLX3,12,4,1,3,0.0276281080791631,48.46875,False,0.03443748503923416
3ups__A1_Q5NLX3--3ups__A2_Q5NLX3,13,3,2,3,0.0350918987133204,46.84375,False,0.09078555554151535
3ups__A1_Q5NLX3--3ups__A2_Q5NLX3,14,3,0,3,0.0200151750261843,43.875,False,0.38273540139198303
3ups__A1_Q5NLX3--3ups__A2_Q5NLX3,15,4,0,3,0.2354486701861768,43.5,True,0.20343634486198425
3ups__A1_Q5NLX3--3ups__A2_Q5NLX3,16,5,0,3,0.1066707573539638,40.625,False,0.08035141229629517
3ups__A1_Q5NLX3--3ups__A2_Q5NLX3,17,5,2,3,0.0973031813778221,34.59375,False,0.11268860101699829
3ups__A1_Q5NLX3--3ups__A2_Q5NLX3,18,5,3,3,0.2584802953790403,33.625,True,0.22169411182403564
3ups__A1_Q5NLX3--3ups__A2_Q5NLX3,19,5,1,3,0.1034813558145444,32.53125,False,0.06964029371738434
3ups__A1_Q5NLX3--3ups__A2_Q5NLX3,20,4,3,3,0.0515362558311123,19.359375,False,0.01429951936006546
3v69__A1_Q9CWU5--3v69__B1_Q9CWU5,1,2,1,3,0.1887952897595575,88.25,False,0.9152500629425049
3v69__A1_Q9CWU5--3v69__B1_Q9CWU5,2,4,0,3,0.1911736875444077,88.0,False,0.6019887328147888
3v69__A1_Q9CWU5--3v69__B1_Q9CWU5,3,2,2,3,0.1884635474345307,87.25,False,0.915931761264801
3v69__A1_Q9CWU5--3v69__B1_Q9CWU5,4,2,3,3,0.1831910199494572,85.0625,False,0.592784583568573
3v69__A1_Q9CWU5--3v69__B1_Q9CWU5,5,1,2,3,0.1481145825060097,50.21875,False,0.02726360782980919
3v69__A1_Q9CWU5--3v69__B1_Q9CWU5,6,2,0,3,0.522091032999186,48.125,True,0.011381168849766254
3v69__A1_Q9CWU5--3v69__B1_Q9CWU5,7,4,1,3,0.1860615958796273,42.3125,False,0.5237630009651184
3v69__A1_Q9CWU5--3v69__B1_Q9CWU5,8,1,0,3,0.176113867898645,37.96875,False,0.01486695185303688
3v69__A1_Q9CWU5--3v69__B1_Q9CWU5,9,4,3,3,0.1747584383808091,37.9375,False,0.15117496252059937
3v69__A1_Q9CWU5--3v69__B1_Q9CWU5,10,4,2,3,0.2826237807192526,37.46875,True,0.975962221622467
3v69__A1_Q9CWU5--3v69__B1_Q9CWU5,11,5,3,3,0.6808653368692198,37.3125,True,0.0014240429736673832
3v69__A1_Q9CWU5--3v69__B1_Q9CWU5,12,5,1,3,0.5806740950067311,36.90625,True,0.9013383984565735
3v69__A1_Q9CWU5--3v69__B1_Q9CWU5,13,1,3,3,0.2638892788909437,36.53125,True,0.17280736565589905
3v69__A1_Q9CWU5--3v69__B1_Q9CWU5,14,5,2,3,0.6669421344339491,34.90625,True,0.004158369731158018
3v69__A1_Q9CWU5--3v69__B1_Q9CWU5,15,1,1,3,0.1592201825625204,34.125,False,0.014196143485605717
3v69__A1_Q9CWU5--3v69__B1_Q9CWU5,16,5,0,3,0.657573514003141,32.46875,True,0.41561129689216614
3v69__A1_Q9CWU5--3v69__B1_Q9CWU5,17,3,3,3,0.3783918274916433,29.90625,True,0.6361082792282104
3v69__A1_Q9CWU5--3v69__B1_Q9CWU5,18,3,0,3,0.4938327617330036,29.78125,True,0.9136947989463806
3v69__A1_Q9CWU5--3v69__B1_Q9CWU5,19,3,2,3,0.4476274436959078,24.90625,True,0.9315149784088135
3v69__A1_Q9CWU5--3v69__B1_Q9CWU5,20,3,1,3,0.4285382485069073,23.484375,True,0.8134933710098267
3vcb__A1_P0C6X9--3vcb__B1_P0C6X9,1,1,2,1,0.203682809167027,75.75,False,0.016606761142611504
3vcb__A1_P0C6X9--3vcb__B1_P0C6X9,2,1,3,1,0.2295653120028392,71.625,False,0.0055474513210356236
3vcb__A1_P0C6X9--3vcb__B1_P0C6X9,3,2,0,1,0.4351499556319713,64.0,True,0.0020155119709670544
3vcb__A1_P0C6X9--3vcb__B1_P0C6X9,4,1,1,1,0.1454795545675735,52.625,False,0.002760733012109995
3vcb__A1_P0C6X9--3vcb__B1_P0C6X9,5,3,2,1,0.1643860138868933,52.375,False,0.0019281536806374788
3vcb__A1_P0C6X9--3vcb__B1_P0C6X9,6,3,0,1,0.4561387448892202,49.21875,True,0.072995126247406
3vcb__A1_P0C6X9--3vcb__B1_P0C6X9,7,1,0,1,0.1603674726884195,46.90625,False,0.004874161910265684
3vcb__A1_P0C6X9--3vcb__B1_P0C6X9,8,2,2,1,0.5999882714605381,43.03125,True,0.040480177849531174
3vcb__A1_P0C6X9--3vcb__B1_P0C6X9,9,5,2,1,0.3791503182767773,40.875,True,0.008533386513590813
3vcb__A1_P0C6X9--3vcb__B1_P0C6X9,10,3,3,1,0.3659376076473557,32.21875,True,0.00209630373865366
3vcb__A1_P0C6X9--3vcb__B1_P0C6X9,11,2,1,1,0.0911690111759601,29.015625,False,0.05714062601327896
3vcb__A1_P0C6X9--3vcb__B1_P0C6X9,12,4,2,1,0.0322310276256388,27.78125,False,0.00478392094373703
3vcb__A1_P0C6X9--3vcb__B1_P0C6X9,13,5,0,1,0.1809539453275906,27.484375,False,0.0010850772960111499
3vcb__A1_P0C6X9--3vcb__B1_P0C6X9,14,5,1,1,0.0548163977596231,27.21875,False,0.009219352155923843
3vcb__A1_P0C6X9--3vcb__B1_P0C6X9,15,2,3,1,0.3984333530201716,25.046875,True,0.022296421229839325
3vcb__A1_P0C6X9--3vcb__B1_P0C6X9,16,4,1,1,0.0777802565885752,20.609375,False,0.03726824373006821
3vcb__A1_P0C6X9--3vcb__B1_P0C6X9,17,4,0,1,0.0104855586667885,17.734375,False,0.06823168694972992
3vcb__A1_P0C6X9--3vcb__B1_P0C6X9,18,3,1,1,0.1075092851412365,17.21875,False,0.15743787586688995
3vcb__A1_P0C6X9--3vcb__B1_P0C6X9,19,5,3,1,0.015524816858235,16.140625,False,0.027312131598591805
3vcb__A1_P0C6X9--3vcb__B1_P0C6X9,20,4,3,1,0.0102536948398626,14.8359375,False,0.0006886497139930725
3vyr__B1_Q5JII1--3vyr__A1_Q5JII0,1,5,1,1,0.6051317911866828,89.125,True,0.8438599109649658
3vyr__B1_Q5JII1--3vyr__A1_Q5JII0,2,5,0,1,0.5821024342478011,89.125,True,0.8717771172523499
3vyr__B1_Q5JII1--3vyr__A1_Q5JII0,3,5,3,1,0.581941990963205,89.0625,True,0.9356824159622192
3vyr__B1_Q5JII1--3vyr__A1_Q5JII0,4,4,1,1,0.5833068794317072,88.8125,True,0.8348772525787354
3vyr__B1_Q5JII1--3vyr__A1_Q5JII0,5,5,2,1,0.6005535002000121,88.8125,True,0.6299348473548889
3vyr__B1_Q5JII1--3vyr__A1_Q5JII0,6,3,2,1,0.5931553357204877,88.8125,True,0.8709282875061035
3vyr__B1_Q5JII1--3vyr__A1_Q5JII0,7,4,3,1,0.5862911636599569,88.8125,True,0.9180108904838562
3vyr__B1_Q5JII1--3vyr__A1_Q5JII0,8,3,0,1,0.597369423836878,88.8125,True,0.8477859497070312
3vyr__B1_Q5JII1--3vyr__A1_Q5JII0,9,3,1,1,0.6093359695728681,88.75,True,0.7898349761962891
3vyr__B1_Q5JII1--3vyr__A1_Q5JII0,10,4,2,1,0.5877682117566544,88.6875,True,0.8442994356155396
3vyr__B1_Q5JII1--3vyr__A1_Q5JII0,11,2,0,1,0.5925542048631524,88.6875,True,0.7846019864082336
3vyr__B1_Q5JII1--3vyr__A1_Q5JII0,12,4,0,1,0.5795929649871057,88.625,True,0.78668212890625
3vyr__B1_Q5JII1--3vyr__A1_Q5JII0,13,2,2,1,0.5801403874892066,88.5625,True,0.8417620062828064
3vyr__B1_Q5JII1--3vyr__A1_Q5JII0,14,3,3,1,0.6000404414138657,88.375,True,0.7900161743164062
3vyr__B1_Q5JII1--3vyr__A1_Q5JII0,15,2,3,1,0.5996426773146297,88.375,True,0.8988036513328552
3vyr__B1_Q5JII1--3vyr__A1_Q5JII0,16,2,1,1,0.6017691058166701,88.3125,True,0.7397317886352539
3vyr__B1_Q5JII1--3vyr__A1_Q5JII0,17,1,3,1,0.5983080907398709,87.8125,True,0.7802240252494812
3vyr__B1_Q5JII1--3vyr__A1_Q5JII0,18,1,0,1,0.5893499739583725,87.75,True,0.8182698488235474
3vyr__B1_Q5JII1--3vyr__A1_Q5JII0,19,1,2,1,0.5913005679304666,87.5,True,0.8284552097320557
3vyr__B1_Q5JII1--3vyr__A1_Q5JII0,20,1,1,1,0.600507177016918,87.375,True,0.7996711730957031
3w0l__B1_Q91754--3w0l__A1_Q91753,1,4,2,2,0.3017693726987984,71.9375,True,0.6992340087890625
3w0l__B1_Q91754--3w0l__A1_Q91753,2,4,3,2,0.3242887603787446,64.25,True,0.7869377136230469
3w0l__B1_Q91754--3w0l__A1_Q91753,3,1,2,2,0.2534332164036023,61.84375,True,0.04140472039580345
3w0l__B1_Q91754--3w0l__A1_Q91753,4,3,0,2,0.3546567821465576,57.375,True,0.16963306069374084
3w0l__B1_Q91754--3w0l__A1_Q91753,5,4,0,2,0.1566993099501905,54.5,False,0.02430078759789467
3w0l__B1_Q91754--3w0l__A1_Q91753,6,3,2,2,0.2871804327528491,51.21875,True,0.15419645607471466
3w0l__B1_Q91754--3w0l__A1_Q91753,7,4,1,2,0.3118636186928921,46.1875,True,0.34927961230278015
3w0l__B1_Q91754--3w0l__A1_Q91753,8,3,1,2,0.2273179770914772,35.65625,False,0.03205503150820732
3w0l__B1_Q91754--3w0l__A1_Q91753,9,1,0,2,0.1708618862211188,34.6875,False,0.010965242981910706
3w0l__B1_Q91754--3w0l__A1_Q91753,10,1,3,2,0.1977218995349622,33.40625,False,0.2026900053024292
3w0l__B1_Q91754--3w0l__A1_Q91753,11,1,1,2,0.1318969883489407,32.5625,False,0.006395495031028986
3w0l__B1_Q91754--3w0l__A1_Q91753,12,5,0,2,0.0183419983411165,31.875,False,0.005207890644669533
3w0l__B1_Q91754--3w0l__A1_Q91753,13,5,2,2,0.0196761577896128,31.390625,False,0.008755666203796864
3w0l__B1_Q91754--3w0l__A1_Q91753,14,5,1,2,0.1389885764355659,31.0625,False,0.014077696949243546
3w0l__B1_Q91754--3w0l__A1_Q91753,15,5,3,2,0.0203491830937137,30.359375,False,0.0035247246269136667
3w0l__B1_Q91754--3w0l__A1_Q91753,16,2,2,2,0.0947799228015996,29.515625,False,0.11883477866649628
3w0l__B1_Q91754--3w0l__A1_Q91753,17,2,3,2,0.0467145777993702,28.140625,False,0.06147037819027901
3w0l__B1_Q91754--3w0l__A1_Q91753,18,3,3,2,0.0542028300535698,27.5,False,0.028477532789111137
3w0l__B1_Q91754--3w0l__A1_Q91753,19,2,0,2,0.0385535282247818,27.484375,False,0.012707749381661415
3w0l__B1_Q91754--3w0l__A1_Q91753,20,2,1,2,0.0572810249636692,27.125,False,0.07021775841712952
3w2v__A1_Q8U1S6--3w2v__B1_Q8U1S7,1,1,0,1,0.6607335763000981,87.1875,True,0.9285159707069397
3w2v__A1_Q8U1S6--3w2v__B1_Q8U1S7,2,2,1,1,0.6487088858561937,87.0,True,0.8613365292549133
3w2v__A1_Q8U1S6--3w2v__B1_Q8U1S7,3,1,3,1,0.6781194704038079,86.625,True,0.9224640727043152
3w2v__A1_Q8U1S6--3w2v__B1_Q8U1S7,4,1,1,1,0.6637483088730035,86.1875,True,0.9085811376571655
3w2v__A1_Q8U1S6--3w2v__B1_Q8U1S7,5,2,0,1,0.6684246404891079,86.1875,True,0.8574780821800232
3w2v__A1_Q8U1S6--3w2v__B1_Q8U1S7,6,1,2,1,0.662205170455671,86.0625,True,0.8827123641967773
3w2v__A1_Q8U1S6--3w2v__B1_Q8U1S7,7,5,0,1,0.6442015095688751,86.0,True,0.9167775511741638
3w2v__A1_Q8U1S6--3w2v__B1_Q8U1S7,8,3,3,1,0.6663647258233474,85.75,True,0.9205732941627502
3w2v__A1_Q8U1S6--3w2v__B1_Q8U1S7,9,3,0,1,0.6537597036609332,85.6875,True,0.9075042605400085
3w2v__A1_Q8U1S6--3w2v__B1_Q8U1S7,10,3,2,1,0.646365708267211,85.5,True,0.9379467368125916
3w2v__A1_Q8U1S6--3w2v__B1_Q8U1S7,11,2,3,1,0.6614704217949335,85.4375,True,0.9027082920074463
3w2v__A1_Q8U1S6--3w2v__B1_Q8U1S7,12,3,1,1,0.6490074176933435,85.3125,True,0.8972852826118469
3w2v__A1_Q8U1S6--3w2v__B1_Q8U1S7,13,2,2,1,0.6531926044973323,85.1875,True,0.8891944289207458
3w2v__A1_Q8U1S6--3w2v__B1_Q8U1S7,14,5,2,1,0.588241861174979,84.875,True,0.7256177067756653
3w2v__A1_Q8U1S6--3w2v__B1_Q8U1S7,15,5,3,1,0.6831078865996015,84.6875,True,0.9624751210212708
3w2v__A1_Q8U1S6--3w2v__B1_Q8U1S7,16,4,2,1,0.6434093533557874,84.6875,True,0.9556301236152649
3w2v__A1_Q8U1S6--3w2v__B1_Q8U1S7,17,5,1,1,0.6460243446973166,84.5625,True,0.9206845164299011
3w2v__A1_Q8U1S6--3w2v__B1_Q8U1S7,18,4,3,1,0.6343884356743544,84.4375,True,0.9875094294548035
3w2v__A1_Q8U1S6--3w2v__B1_Q8U1S7,19,4,1,1,0.5974212321795886,83.1875,True,0.8480018973350525
3w2v__A1_Q8U1S6--3w2v__B1_Q8U1S7,20,4,0,1,0.5770032530893471,82.5,True,0.8935366868972778
3wry__C1_P03587--3wry__A1_A7M6E7,1,3,3,0,0.0112427896870678,22.828125,False,0.0020444714464247227
3wry__C1_P03587--3wry__A1_A7M6E7,2,1,1,0,0.009799915938901,22.28125,False,0.11625608801841736
3wry__C1_P03587--3wry__A1_A7M6E7,3,2,0,0,0.0058760311404995,21.78125,False,0.0476297065615654
3wry__C1_P03587--3wry__A1_A7M6E7,4,1,3,0,0.0088905211328077,21.765625,False,0.04559212923049927
3wry__C1_P03587--3wry__A1_A7M6E7,5,1,2,0,0.009072383426827,21.5,False,0.02703946828842163
3wry__C1_P03587--3wry__A1_A7M6E7,6,1,0,0,0.0135726400297227,21.40625,False,0.026092171669006348
3wry__C1_P03587--3wry__A1_A7M6E7,7,3,2,0,0.0114029557313463,21.046875,False,0.023873068392276764
3wry__C1_P03587--3wry__A1_A7M6E7,8,2,1,0,0.005803896544697,21.0,False,0.13576412200927734
3wry__C1_P03587--3wry__A1_A7M6E7,9,2,2,0,0.005864236172738,20.859375,False,0.1198100745677948
3wry__C1_P03587--3wry__A1_A7M6E7,10,4,3,0,0.0137253588674105,20.71875,False,0.03349992260336876
3wry__C1_P03587--3wry__A1_A7M6E7,11,2,3,0,0.0055255698193562,20.671875,False,0.006785369943827391
3wry__C1_P03587--3wry__A1_A7M6E7,12,4,0,0,0.0131478394041125,20.625,False,0.049027085304260254
3wry__C1_P03587--3wry__A1_A7M6E7,13,4,2,0,0.0122834878007518,20.546875,False,0.027714930474758148
3wry__C1_P03587--3wry__A1_A7M6E7,14,4,1,0,0.0077609392682469,20.25,False,0.019758718088269234
3wry__C1_P03587--3wry__A1_A7M6E7,15,3,1,0,0.00879795358938,19.65625,False,0.005235164891928434
3wry__C1_P03587--3wry__A1_A7M6E7,16,5,0,0,0.0069282885178532,19.25,False,0.21611222624778748
3wry__C1_P03587--3wry__A1_A7M6E7,17,3,0,0,0.0113619841183572,19.140625,False,0.009658049792051315
3wry__C1_P03587--3wry__A1_A7M6E7,18,5,3,0,0.0062062803554448,19.046875,False,0.012224934995174408
3wry__C1_P03587--3wry__A1_A7M6E7,19,5,1,0,0.0060584818816015,18.734375,False,0.016742104664444923
3wry__C1_P03587--3wry__A1_A7M6E7,20,5,2,0,0.0073999388928597,18.6875,False,0.09137129783630371
3wvb__A1_Q58649--3wvb__B1_Q58649,1,3,1,2,0.859341560001218,93.5,True,0.8903623223304749
3wvb__A1_Q58649--3wvb__B1_Q58649,2,3,0,2,0.859044681648028,93.375,True,0.883512020111084
3wvb__A1_Q58649--3wvb__B1_Q58649,3,4,0,2,0.8483322428201929,93.375,True,0.8326373100280762
3wvb__A1_Q58649--3wvb__B1_Q58649,4,1,1,2,0.8478364337544436,93.375,True,0.9110901951789856
3wvb__A1_Q58649--3wvb__B1_Q58649,5,1,0,2,0.8062265891182124,93.25,True,0.8950294256210327
3wvb__A1_Q58649--3wvb__B1_Q58649,6,3,3,2,0.8787904706688824,93.25,True,0.9243723750114441
3wvb__A1_Q58649--3wvb__B1_Q58649,7,1,3,2,0.8027290976662279,93.25,True,0.8926263451576233
3wvb__A1_Q58649--3wvb__B1_Q58649,8,4,2,2,0.8508630582810862,93.25,True,0.8445914387702942
3wvb__A1_Q58649--3wvb__B1_Q58649,9,5,0,2,0.8191858116696437,93.1875,True,0.8953232169151306
3wvb__A1_Q58649--3wvb__B1_Q58649,10,4,1,2,0.8394847408696599,93.0625,True,0.861685574054718
3wvb__A1_Q58649--3wvb__B1_Q58649,11,5,1,2,0.8090122090643627,93.0,True,0.8690468072891235
3wvb__A1_Q58649--3wvb__B1_Q58649,12,1,2,2,0.8010602391911125,92.9375,True,0.8929089307785034
3wvb__A1_Q58649--3wvb__B1_Q58649,13,2,1,2,0.8329103045471541,92.9375,True,0.8949543833732605
3wvb__A1_Q58649--3wvb__B1_Q58649,14,2,0,2,0.840910290568604,92.9375,True,0.8796637654304504
3wvb__A1_Q58649--3wvb__B1_Q58649,15,4,3,2,0.8456407627753375,92.875,True,0.8577485084533691
3wvb__A1_Q58649--3wvb__B1_Q58649,16,3,2,2,0.862077216087434,92.875,True,0.8920773863792419
3wvb__A1_Q58649--3wvb__B1_Q58649,17,5,2,2,0.7842405635591296,92.75,True,0.8629860877990723
3wvb__A1_Q58649--3wvb__B1_Q58649,18,2,3,2,0.8142234217313784,92.75,True,0.9062485098838806
3wvb__A1_Q58649--3wvb__B1_Q58649,19,5,3,2,0.7903870801262093,92.625,True,0.8742522597312927
3wvb__A1_Q58649--3wvb__B1_Q58649,20,2,2,2,0.8163651763806271,92.5,True,0.8882747292518616
3wxm__A1_Q9YAV0--3wxm__B1_Q9YAZ5,1,3,1,2,0.7560544052286425,86.625,True,0.995896577835083
3wxm__A1_Q9YAV0--3wxm__B1_Q9YAZ5,2,3,0,2,0.7619000680642061,85.75,True,0.9977846741676331
3wxm__A1_Q9YAV0--3wxm__B1_Q9YAZ5,3,5,0,2,0.7643368831362815,85.75,True,0.9927398562431335
3wxm__A1_Q9YAV0--3wxm__B1_Q9YAZ5,4,3,2,2,0.7545057873253368,85.0,True,0.9989689588546753
3wxm__A1_Q9YAV0--3wxm__B1_Q9YAZ5,5,4,1,2,0.7738269229430556,84.8125,True,0.9999271631240845
3wxm__A1_Q9YAV0--3wxm__B1_Q9YAZ5,6,5,3,2,0.7769042962257866,84.75,True,0.9947569370269775
3wxm__A1_Q9YAV0--3wxm__B1_Q9YAZ5,7,3,3,2,0.7555340990092007,84.6875,True,0.998945415019989
3wxm__A1_Q9YAV0--3wxm__B1_Q9YAZ5,8,4,3,2,0.7799321206872486,83.5,True,0.9999085664749146
3wxm__A1_Q9YAV0--3wxm__B1_Q9YAZ5,9,5,2,2,0.7721653287848044,83.4375,True,0.9986178874969482
3wxm__A1_Q9YAV0--3wxm__B1_Q9YAZ5,10,5,1,2,0.7485119782664581,82.4375,True,0.995909571647644
3wxm__A1_Q9YAV0--3wxm__B1_Q9YAZ5,11,4,2,2,0.7575300241149634,81.9375,True,0.9997066855430603
3wxm__A1_Q9YAV0--3wxm__B1_Q9YAZ5,12,4,0,2,0.7916055360065336,81.375,True,0.9966791868209839
3wxm__A1_Q9YAV0--3wxm__B1_Q9YAZ5,13,2,3,2,0.812715681361131,81.0,True,0.9995352029800415
3wxm__A1_Q9YAV0--3wxm__B1_Q9YAZ5,14,2,1,2,0.7773993979574741,79.3125,True,0.9995562434196472
3wxm__A1_Q9YAV0--3wxm__B1_Q9YAZ5,15,2,0,2,0.8032852677476643,78.8125,True,0.9999313354492188
3wxm__A1_Q9YAV0--3wxm__B1_Q9YAZ5,16,2,2,2,0.8016633648568413,77.125,True,0.9996684789657593
3wxm__A1_Q9YAV0--3wxm__B1_Q9YAZ5,17,1,1,2,0.2899366149990756,70.875,True,0.5733004808425903
3wxm__A1_Q9YAV0--3wxm__B1_Q9YAZ5,18,1,3,2,0.2905020915128226,69.1875,True,0.5064113736152649
3wxm__A1_Q9YAV0--3wxm__B1_Q9YAZ5,19,1,0,2,0.4461783170395497,60.59375,True,0.7200493216514587
3wxm__A1_Q9YAV0--3wxm__B1_Q9YAZ5,20,1,2,2,0.2327678323004319,53.03125,True,0.4914661645889282
3x0e__A1_P60033--3x0e__B1_P60033,1,1,3,0,0.8674119512034433,81.125,True,0.05138305574655533
3x0e__A1_P60033--3x0e__B1_P60033,2,5,3,0,0.1632056508108874,34.09375,False,0.1285964995622635
3x0e__A1_P60033--3x0e__B1_P60033,3,2,1,0,0.1980291807474498,33.96875,False,0.9684478640556335
3x0e__A1_P60033--3x0e__B1_P60033,4,2,0,0,0.1600204226304082,33.625,False,0.9025450944900513
3x0e__A1_P60033--3x0e__B1_P60033,5,2,2,0,0.1926518600066576,33.34375,False,0.7978113293647766
3x0e__A1_P60033--3x0e__B1_P60033,6,5,1,0,0.2045989813867109,32.75,False,0.09170287102460861
3x0e__A1_P60033--3x0e__B1_P60033,7,5,0,0,0.2212741534313584,32.09375,False,0.020114704966545105
3x0e__A1_P60033--3x0e__B1_P60033,8,4,3,0,0.2450320474525702,31.28125,True,0.8816026449203491
3x0e__A1_P60033--3x0e__B1_P60033,9,5,2,0,0.1921799254351775,31.25,False,0.05532819777727127
3x0e__A1_P60033--3x0e__B1_P60033,10,4,2,0,0.2774764425870822,31.03125,True,0.8325632214546204
3x0e__A1_P60033--3x0e__B1_P60033,11,3,3,0,0.0545057847069004,30.71875,False,0.01952018402516842
3x0e__A1_P60033--3x0e__B1_P60033,12,2,3,0,0.1722252603848259,30.0625,False,0.9946921467781067
3x0e__A1_P60033--3x0e__B1_P60033,13,4,1,0,0.2626826345893183,30.046875,True,0.6887503266334534
3x0e__A1_P60033--3x0e__B1_P60033,14,1,0,0,0.1361905558104075,29.875,False,0.12056480348110199
3x0e__A1_P60033--3x0e__B1_P60033,15,1,2,0,0.2300288705333034,29.484375,True,0.894039511680603
3x0e__A1_P60033--3x0e__B1_P60033,16,3,0,0,0.1571142553690161,29.359375,False,0.01256945077329874
3x0e__A1_P60033--3x0e__B1_P60033,17,3,1,0,0.1773090405728424,28.921875,False,0.11072035133838654
3x0e__A1_P60033--3x0e__B1_P60033,18,4,0,0,0.216725987276381,28.921875,False,0.9987747073173523
3x0e__A1_P60033--3x0e__B1_P60033,19,3,2,0,0.1756540891445458,28.15625,False,0.9970473647117615
3x0e__A1_P60033--3x0e__B1_P60033,20,1,1,0,0.1376600364922644,27.203125,False,0.022528963163495064
3x15__A1_O67504--3x15__C1_O67504,1,5,1,2,0.5028307175276011,71.6875,True,0.06043417751789093
3x15__A1_O67504--3x15__C1_O67504,2,5,0,2,0.5114307309533503,69.4375,True,0.06777852773666382
3x15__A1_O67504--3x15__C1_O67504,3,5,3,2,0.506150270471221,69.0625,True,0.06603680551052094
3x15__A1_O67504--3x15__C1_O67504,4,5,2,2,0.5009104107415449,69.0,True,0.06187421455979347
3x15__A1_O67504--3x15__C1_O67504,5,4,2,2,0.0259712524270153,42.1875,False,0.03608543425798416
3x15__A1_O67504--3x15__C1_O67504,6,4,1,2,0.0257510889891612,30.078125,False,0.054620593786239624
3x15__A1_O67504--3x15__C1_O67504,7,1,2,2,0.0247754456280913,22.953125,False,0.0043447017669677734
3x15__A1_O67504--3x15__C1_O67504,8,4,0,2,0.0224929324094903,22.953125,False,0.05410582199692726
3x15__A1_O67504--3x15__C1_O67504,9,1,1,2,0.0250479898910948,22.84375,False,0.018292659893631935
3x15__A1_O67504--3x15__C1_O67504,10,1,0,2,0.0247359263506437,22.828125,False,0.058600399643182755
3x15__A1_O67504--3x15__C1_O67504,11,4,3,2,0.0236788668602534,22.03125,False,0.08314971625804901
3x15__A1_O67504--3x15__C1_O67504,12,1,3,2,0.0252543634397053,21.859375,False,0.022279463708400726
3x15__A1_O67504--3x15__C1_O67504,13,3,3,2,0.0259308556463996,20.875,False,0.03311508148908615
3x15__A1_O67504--3x15__C1_O67504,14,3,0,2,0.0225368925527413,20.546875,False,0.0326998345553875
3x15__A1_O67504--3x15__C1_O67504,15,3,2,2,0.0251709256576252,20.484375,False,0.027023011818528175
3x15__A1_O67504--3x15__C1_O67504,16,3,1,2,0.0227796973636239,20.375,False,0.030184337869286537
3x15__A1_O67504--3x15__C1_O67504,17,2,3,2,0.0249081064263173,18.109375,False,0.06769990175962448
3x15__A1_O67504--3x15__C1_O67504,18,2,1,2,0.0250221591593868,17.96875,False,0.08879312872886658
3x15__A1_O67504--3x15__C1_O67504,19,2,2,2,0.0252089935070413,17.9375,False,0.050401605665683746
3x15__A1_O67504--3x15__C1_O67504,20,2,0,2,0.0255129537364478,17.4375,False,0.0610445961356163
3zr4__A1_Q9X0C6--3zr4__B1_Q9X0C8,1,5,3,4,0.8145047547942904,90.4375,True,0.9720557928085327
3zr4__A1_Q9X0C6--3zr4__B1_Q9X0C8,2,5,2,4,0.8158701723475166,90.4375,True,0.9838931560516357
3zr4__A1_Q9X0C6--3zr4__B1_Q9X0C8,3,5,0,4,0.8108179770051008,90.25,True,0.9116262793540955
3zr4__A1_Q9X0C6--3zr4__B1_Q9X0C8,4,1,0,4,0.7804071669758645,90.1875,True,0.9633870720863342
3zr4__A1_Q9X0C6--3zr4__B1_Q9X0C8,5,1,2,4,0.7895589096957671,90.0625,True,0.9188920855522156
3zr4__A1_Q9X0C6--3zr4__B1_Q9X0C8,6,1,1,4,0.7771225670289718,90.0625,True,0.9726771712303162
3zr4__A1_Q9X0C6--3zr4__B1_Q9X0C8,7,1,3,4,0.781881678729127,89.9375,True,0.9710902571678162
3zr4__A1_Q9X0C6--3zr4__B1_Q9X0C8,8,3,2,4,0.8082802407091106,89.875,True,0.9879265427589417
3zr4__A1_Q9X0C6--3zr4__B1_Q9X0C8,9,5,1,4,0.8078798660008283,89.875,True,0.7210652232170105
3zr4__A1_Q9X0C6--3zr4__B1_Q9X0C8,10,4,2,4,0.8119747764878308,89.75,True,0.994362473487854
3zr4__A1_Q9X0C6--3zr4__B1_Q9X0C8,11,4,1,4,0.8278733243096171,89.25,True,0.9132815599441528
3zr4__A1_Q9X0C6--3zr4__B1_Q9X0C8,12,3,0,4,0.8032990815281406,88.9375,True,0.9907011985778809
3zr4__A1_Q9X0C6--3zr4__B1_Q9X0C8,13,4,3,4,0.8142896951836552,88.875,True,0.9813405275344849
3zr4__A1_Q9X0C6--3zr4__B1_Q9X0C8,14,4,0,4,0.8184607484312609,88.8125,True,0.9820581078529358
3zr4__A1_Q9X0C6--3zr4__B1_Q9X0C8,15,3,3,4,0.8058115073607794,88.75,True,0.9880780577659607
3zr4__A1_Q9X0C6--3zr4__B1_Q9X0C8,16,3,1,4,0.8051198065687833,88.5625,True,0.887762188911438
3zr4__A1_Q9X0C6--3zr4__B1_Q9X0C8,17,2,1,4,0.7530223683303395,88.5,True,0.9568462371826172
3zr4__A1_Q9X0C6--3zr4__B1_Q9X0C8,18,2,0,4,0.7899086186560442,87.875,True,0.9329501390457153
3zr4__A1_Q9X0C6--3zr4__B1_Q9X0C8,19,2,3,4,0.7490719588040197,87.5625,True,0.9812115430831909
3zr4__A1_Q9X0C6--3zr4__B1_Q9X0C8,20,2,2,4,0.765402417224661,87.5,True,0.9659938216209412
3zyl__A1_O55012--3zyl__B1_O55012,1,5,2,1,0.8210910147697051,71.625,True,0.032915499061346054
3zyl__A1_O55012--3zyl__B1_O55012,2,5,3,1,0.7962745767357226,66.25,True,0.02366418018937111
3zyl__A1_O55012--3zyl__B1_O55012,3,5,1,1,0.8198903736380151,62.03125,True,0.04277285933494568
3zyl__A1_O55012--3zyl__B1_O55012,4,1,0,1,0.157952389784103,50.03125,False,0.0315127819776535
3zyl__A1_O55012--3zyl__B1_O55012,5,5,0,1,0.0410036009754322,50.0,False,0.0812554657459259
3zyl__A1_O55012--3zyl__B1_O55012,6,2,0,1,0.1448368224575817,39.75,False,0.3681286871433258
3zyl__A1_O55012--3zyl__B1_O55012,7,4,0,1,0.0449305172517388,39.0,False,0.10545124113559723
3zyl__A1_O55012--3zyl__B1_O55012,8,2,1,1,0.162779925608346,36.15625,False,0.06100352853536606
3zyl__A1_O55012--3zyl__B1_O55012,9,4,1,1,0.1897874360627372,35.8125,False,0.00028811267111450434
3zyl__A1_O55012--3zyl__B1_O55012,10,3,0,1,0.2957438004102157,34.9375,True,0.0009093730477616191
3zyl__A1_O55012--3zyl__B1_O55012,11,2,2,1,0.1445586723237998,34.09375,False,0.31909069418907166
3zyl__A1_O55012--3zyl__B1_O55012,12,1,3,1,0.1603359529006985,33.53125,False,4.3495918362168595e-05
3zyl__A1_O55012--3zyl__B1_O55012,13,1,2,1,0.0421581975034862,33.4375,False,0.24956248700618744
3zyl__A1_O55012--3zyl__B1_O55012,14,3,3,1,0.3107499229736993,32.15625,True,0.0072762430645525455
3zyl__A1_O55012--3zyl__B1_O55012,15,3,1,1,0.2458734060430322,31.53125,True,0.029446514323353767
3zyl__A1_O55012--3zyl__B1_O55012,16,1,1,1,0.1576521657516636,31.46875,False,0.011390888132154942
3zyl__A1_O55012--3zyl__B1_O55012,17,4,2,1,0.4584794685975824,30.609375,True,0.13717402517795563
3zyl__A1_O55012--3zyl__B1_O55012,18,4,3,1,0.1925404452746578,30.375,False,0.008249327540397644
3zyl__A1_O55012--3zyl__B1_O55012,19,2,3,1,0.0525812397270096,29.75,False,0.034107107669115067
3zyl__A1_O55012--3zyl__B1_O55012,20,3,2,1,0.2295046034151307,28.46875,False,0.00978296622633934
4a1f__A1_O25916--4a1f__B1_O25916,1,5,0,4,0.0093942163005769,61.28125,False,0.14683404564857483
4a1f__A1_O25916--4a1f__B1_O25916,2,5,3,4,0.0181610083997867,61.03125,False,0.03586011379957199
4a1f__A1_O25916--4a1f__B1_O25916,3,2,0,4,0.0088798639079548,60.625,False,0.9912521243095398
4a1f__A1_O25916--4a1f__B1_O25916,4,5,1,4,0.0175912546898024,60.625,False,0.06552660465240479
4a1f__A1_O25916--4a1f__B1_O25916,5,5,2,4,0.0178797773548551,59.9375,False,0.0669611468911171
4a1f__A1_O25916--4a1f__B1_O25916,6,1,1,4,0.0099615820072158,58.46875,False,0.9768436551094055
4a1f__A1_O25916--4a1f__B1_O25916,7,4,3,4,0.0094018594503256,58.34375,False,0.9727296829223633
4a1f__A1_O25916--4a1f__B1_O25916,8,1,3,4,0.0107556238313769,57.46875,False,0.1348516196012497
4a1f__A1_O25916--4a1f__B1_O25916,9,3,0,4,0.0095295190043832,57.4375,False,0.57053542137146
4a1f__A1_O25916--4a1f__B1_O25916,10,4,2,4,0.0092532831467217,56.78125,False,0.9866742491722107
4a1f__A1_O25916--4a1f__B1_O25916,11,3,1,4,0.0084154687826056,56.0,False,0.016402047127485275
4a1f__A1_O25916--4a1f__B1_O25916,12,4,0,4,0.009751188259144,55.3125,False,0.9849704504013062
4a1f__A1_O25916--4a1f__B1_O25916,13,3,2,4,0.0082669461677606,55.0,False,0.0014417156344279647
4a1f__A1_O25916--4a1f__B1_O25916,14,3,3,4,0.0080056022687503,54.4375,False,0.01340270135551691
4a1f__A1_O25916--4a1f__B1_O25916,15,2,3,4,0.0101680700414493,51.90625,False,0.042170874774456024
4a1f__A1_O25916--4a1f__B1_O25916,16,2,1,4,0.0092114049220089,51.84375,False,0.36230820417404175
4a1f__A1_O25916--4a1f__B1_O25916,17,4,1,4,0.0099136587641787,51.1875,False,0.5346807241439819
4a1f__A1_O25916--4a1f__B1_O25916,18,1,0,4,0.0110970007240378,48.0625,False,0.15676413476467133
4a1f__A1_O25916--4a1f__B1_O25916,19,2,2,4,0.0091608546882104,47.1875,False,0.9908615350723267
4a1f__A1_O25916--4a1f__B1_O25916,20,1,2,4,0.010024535545994,43.21875,False,0.7527632117271423
4af9__A1_Q6VBJ0--4af9__A2_Q6VBJ0,1,1,1,4,0.1797328420873722,81.3125,False,0.993447482585907
4af9__A1_Q6VBJ0--4af9__A2_Q6VBJ0,2,4,1,4,0.1773706047209265,80.875,False,0.999194324016571
4af9__A1_Q6VBJ0--4af9__A2_Q6VBJ0,3,1,2,4,0.1784532478490891,80.6875,False,0.9937412142753601
4af9__A1_Q6VBJ0--4af9__A2_Q6VBJ0,4,1,0,4,0.1756501607003595,79.25,False,0.9819506406784058
4af9__A1_Q6VBJ0--4af9__A2_Q6VBJ0,5,4,2,4,0.1775189939610211,78.6875,False,0.9989498257637024
4af9__A1_Q6VBJ0--4af9__A2_Q6VBJ0,6,4,3,4,0.1870901169278882,78.3125,False,0.999996542930603
4af9__A1_Q6VBJ0--4af9__A2_Q6VBJ0,7,2,3,4,0.1720230922779834,77.875,False,0.9815548062324524
4af9__A1_Q6VBJ0--4af9__A2_Q6VBJ0,8,2,1,4,0.1505743721039768,77.5625,False,0.08966165781021118
4af9__A1_Q6VBJ0--4af9__A2_Q6VBJ0,9,2,2,4,0.1779631337518432,74.125,False,0.9982282519340515
4af9__A1_Q6VBJ0--4af9__A2_Q6VBJ0,10,5,2,4,0.1848745750782617,73.6875,False,0.9993485808372498
4af9__A1_Q6VBJ0--4af9__A2_Q6VBJ0,11,5,3,4,0.1847569371084707,73.625,False,0.9999803304672241
4af9__A1_Q6VBJ0--4af9__A2_Q6VBJ0,12,4,0,4,0.1869814072163207,70.5625,False,0.9996718168258667
4af9__A1_Q6VBJ0--4af9__A2_Q6VBJ0,13,2,0,4,0.1776706315496009,69.5,False,0.9997039437294006
4af9__A1_Q6VBJ0--4af9__A2_Q6VBJ0,14,5,1,4,0.1858376304569934,68.25,False,0.9995324611663818
4af9__A1_Q6VBJ0--4af9__A2_Q6VBJ0,15,5,0,4,0.1985796320221063,55.90625,False,0.0002968979242723435
4af9__A1_Q6VBJ0--4af9__A2_Q6VBJ0,16,3,1,4,0.2180713512378247,47.9375,False,0.037612270563840866
4af9__A1_Q6VBJ0--4af9__A2_Q6VBJ0,17,3,3,4,0.258595173263533,39.40625,True,0.14068013429641724
4af9__A1_Q6VBJ0--4af9__A2_Q6VBJ0,18,3,0,4,0.3038677127223277,31.59375,True,0.00585464620962739
4af9__A1_Q6VBJ0--4af9__A2_Q6VBJ0,19,1,3,4,0.210737784594144,30.578125,False,0.5264841914176941
4af9__A1_Q6VBJ0--4af9__A2_Q6VBJ0,20,3,2,4,0.2653498203193252,29.75,True,0.4635477066040039
4aj7__A1_B1PWB9--4aj7__B1_B1PWB9,1,1,1,4,0.147105688486684,50.875,False,0.002182641765102744
4aj7__A1_B1PWB9--4aj7__B1_B1PWB9,2,5,1,4,0.1247087826336628,50.5625,False,0.9999898672103882
4aj7__A1_B1PWB9--4aj7__B1_B1PWB9,3,3,1,4,0.1298072284320689,49.84375,False,0.7492742538452148
4aj7__A1_B1PWB9--4aj7__B1_B1PWB9,4,1,0,4,0.4832704542279801,46.8125,True,0.23965345323085785
4aj7__A1_B1PWB9--4aj7__B1_B1PWB9,5,4,3,4,0.2080105064686438,46.75,False,0.859398603439331
4aj7__A1_B1PWB9--4aj7__B1_B1PWB9,6,1,2,4,0.1699580944100921,46.0,False,0.5308279395103455
4aj7__A1_B1PWB9--4aj7__B1_B1PWB9,7,3,0,4,0.1110882497061763,41.46875,False,0.43711793422698975
4aj7__A1_B1PWB9--4aj7__B1_B1PWB9,8,3,2,4,0.1177469420515201,40.96875,False,0.4065118134021759
4aj7__A1_B1PWB9--4aj7__B1_B1PWB9,9,4,1,4,0.2631898933597822,40.78125,True,0.25056999921798706
4aj7__A1_B1PWB9--4aj7__B1_B1PWB9,10,5,0,4,0.1074896664781184,39.21875,False,0.8053174018859863
4aj7__A1_B1PWB9--4aj7__B1_B1PWB9,11,3,3,4,0.1119881154339653,39.09375,False,0.5235980749130249
4aj7__A1_B1PWB9--4aj7__B1_B1PWB9,12,5,2,4,0.1089398354957377,38.0,False,0.8053174018859863
4aj7__A1_B1PWB9--4aj7__B1_B1PWB9,13,1,3,4,0.3817128635906445,36.9375,True,0.18646137416362762
4aj7__A1_B1PWB9--4aj7__B1_B1PWB9,14,4,2,4,0.2075344247945083,36.34375,False,0.986697256565094
4aj7__A1_B1PWB9--4aj7__B1_B1PWB9,15,4,0,4,0.1792658168772827,34.90625,False,0.98842453956604
4aj7__A1_B1PWB9--4aj7__B1_B1PWB9,16,5,3,4,0.1039783656726821,33.0,False,0.8978419899940491
4aj7__A1_B1PWB9--4aj7__B1_B1PWB9,17,2,1,4,0.2532958196902073,31.609375,True,0.15833309292793274
4aj7__A1_B1PWB9--4aj7__B1_B1PWB9,18,2,3,4,0.2293273492923573,31.09375,False,0.15833309292793274
4aj7__A1_B1PWB9--4aj7__B1_B1PWB9,19,2,2,4,0.2037061988213963,29.28125,False,0.1543554961681366
4aj7__A1_B1PWB9--4aj7__B1_B1PWB9,20,2,0,4,0.2219244013782386,27.828125,False,0.037360697984695435
4at7__A1_Q9CXY6--4at7__B1_Q9Z1X4,1,5,3,3,0.4390683997246917,92.8125,True,0.7958627939224243
4at7__A1_Q9CXY6--4at7__B1_Q9Z1X4,2,1,2,3,0.4611088778379711,92.75,True,0.8237704634666443
4at7__A1_Q9CXY6--4at7__B1_Q9Z1X4,3,1,0,3,0.4558337943323731,92.75,True,0.8175423741340637
4at7__A1_Q9CXY6--4at7__B1_Q9Z1X4,4,4,3,3,0.4333660771215221,92.6875,True,0.8319030404090881
4at7__A1_Q9CXY6--4at7__B1_Q9Z1X4,5,5,2,3,0.4457990343442974,92.6875,True,0.7734179496765137
4at7__A1_Q9CXY6--4at7__B1_Q9Z1X4,6,1,3,3,0.4514545531129593,92.6875,True,0.7970840334892273
4at7__A1_Q9CXY6--4at7__B1_Q9Z1X4,7,4,1,3,0.4391072478315747,92.625,True,0.8274275660514832
4at7__A1_Q9CXY6--4at7__B1_Q9Z1X4,8,5,0,3,0.4471276088605274,92.625,True,0.7916862964630127
4at7__A1_Q9CXY6--4at7__B1_Q9Z1X4,9,5,1,3,0.4366464379011583,92.625,True,0.7739609479904175
4at7__A1_Q9CXY6--4at7__B1_Q9Z1X4,10,3,2,3,0.4373312075793613,92.625,True,0.8142215013504028
4at7__A1_Q9CXY6--4at7__B1_Q9Z1X4,11,1,1,3,0.4509785897268172,92.5625,True,0.8352020978927612
4at7__A1_Q9CXY6--4at7__B1_Q9Z1X4,12,4,2,3,0.4370780935183406,92.5625,True,0.8243293762207031
4at7__A1_Q9CXY6--4at7__B1_Q9Z1X4,13,4,0,3,0.4341256215506066,92.5625,True,0.8221324682235718
4at7__A1_Q9CXY6--4at7__B1_Q9Z1X4,14,2,2,3,0.4540319983412419,92.5,True,0.751527726650238
4at7__A1_Q9CXY6--4at7__B1_Q9Z1X4,15,3,0,3,0.4424084853535188,92.5,True,0.8240894675254822
4at7__A1_Q9CXY6--4at7__B1_Q9Z1X4,16,2,1,3,0.4740850810323976,92.4375,True,0.7478063106536865
4at7__A1_Q9CXY6--4at7__B1_Q9Z1X4,17,2,3,3,0.4534014354323627,92.4375,True,0.751527726650238
4at7__A1_Q9CXY6--4at7__B1_Q9Z1X4,18,3,3,3,0.4379812282447952,92.375,True,0.8247489333152771
4at7__A1_Q9CXY6--4at7__B1_Q9Z1X4,19,3,1,3,0.4430912381011208,92.375,True,0.8242220282554626
4at7__A1_Q9CXY6--4at7__B1_Q9Z1X4,20,2,0,3,0.4651682815633111,92.3125,True,0.751527726650238
4ayn__A1_C6KHT4--4ayn__B1_C6KHT4,1,2,3,4,0.062907243225013,38.625,False,0.9417576193809509
4ayn__A1_C6KHT4--4ayn__B1_C6KHT4,2,2,2,4,0.0588985398280982,38.125,False,0.9818674325942993
4ayn__A1_C6KHT4--4ayn__B1_C6KHT4,3,2,1,4,0.0584648945209305,36.375,False,0.9674109220504761
4ayn__A1_C6KHT4--4ayn__B1_C6KHT4,4,2,0,4,0.060425611453992,34.78125,False,0.7220095992088318
4ayn__A1_C6KHT4--4ayn__B1_C6KHT4,5,3,1,4,0.1649824217791204,34.09375,False,0.005174425430595875
4ayn__A1_C6KHT4--4ayn__B1_C6KHT4,6,5,3,4,0.1259057262042855,33.78125,False,0.055799271911382675
4ayn__A1_C6KHT4--4ayn__B1_C6KHT4,7,4,1,4,0.1479054231358456,33.65625,False,0.06053762137889862
4ayn__A1_C6KHT4--4ayn__B1_C6KHT4,8,4,2,4,0.0430968839588199,33.375,False,0.7600151300430298
4ayn__A1_C6KHT4--4ayn__B1_C6KHT4,9,5,1,4,0.0621606281083362,33.3125,False,0.8065289258956909
4ayn__A1_C6KHT4--4ayn__B1_C6KHT4,10,5,0,4,0.1864297312542964,33.0,False,0.05660175904631615
4ayn__A1_C6KHT4--4ayn__B1_C6KHT4,11,3,0,4,0.2313338790437963,32.65625,True,0.03205430507659912
4ayn__A1_C6KHT4--4ayn__B1_C6KHT4,12,5,2,4,0.128673631733048,32.4375,False,0.04360078647732735
4ayn__A1_C6KHT4--4ayn__B1_C6KHT4,13,4,0,4,0.0539387361992919,32.4375,False,0.15922574698925018
4ayn__A1_C6KHT4--4ayn__B1_C6KHT4,14,3,2,4,0.1224931858752127,32.375,False,0.0011354543967172503
4ayn__A1_C6KHT4--4ayn__B1_C6KHT4,15,4,3,4,0.1326921473922093,32.34375,False,0.016930628567934036
4ayn__A1_C6KHT4--4ayn__B1_C6KHT4,16,1,2,4,0.0537783187266029,31.671875,False,0.013930725865066051
4ayn__A1_C6KHT4--4ayn__B1_C6KHT4,17,3,3,4,0.0457592005434409,30.96875,False,0.12255015224218369
4ayn__A1_C6KHT4--4ayn__B1_C6KHT4,18,1,1,4,0.0542963045393616,30.90625,False,0.01733502931892872
4ayn__A1_C6KHT4--4ayn__B1_C6KHT4,19,1,0,4,0.0527505172392655,30.5,False,0.013988194987177849
4ayn__A1_C6KHT4--4ayn__B1_C6KHT4,20,1,3,4,0.0519508499824435,29.59375,False,0.15137499570846558
4bi8__B1_S4S1W1--4bi8__A1_S4S1W3,1,2,2,2,0.948938341533374,92.375,True,0.8880622982978821
4bi8__B1_S4S1W1--4bi8__A1_S4S1W3,2,2,3,2,0.9363421145456828,92.25,True,0.8814098834991455
4bi8__B1_S4S1W1--4bi8__A1_S4S1W3,3,2,0,2,0.941313501433296,91.9375,True,0.8620595335960388
4bi8__B1_S4S1W1--4bi8__A1_S4S1W3,4,2,1,2,0.948215772694494,91.875,True,0.849794864654541
4bi8__B1_S4S1W1--4bi8__A1_S4S1W3,5,4,3,2,0.9217913085229874,91.875,True,0.9019781947135925
4bi8__B1_S4S1W1--4bi8__A1_S4S1W3,6,5,3,2,0.9291502431494328,91.75,True,0.8957708477973938
4bi8__B1_S4S1W1--4bi8__A1_S4S1W3,7,1,2,2,0.9132388474911822,91.75,True,0.8745421171188354
4bi8__B1_S4S1W1--4bi8__A1_S4S1W3,8,1,0,2,0.9013908193919574,91.75,True,0.9091907739639282
4bi8__B1_S4S1W1--4bi8__A1_S4S1W3,9,4,1,2,0.9154619331673948,91.6875,True,0.8782161474227905
4bi8__B1_S4S1W1--4bi8__A1_S4S1W3,10,1,3,2,0.9163042627295478,91.625,True,0.8715023994445801
4bi8__B1_S4S1W1--4bi8__A1_S4S1W3,11,1,1,2,0.8998570943949801,91.5,True,0.8803232312202454
4bi8__B1_S4S1W1--4bi8__A1_S4S1W3,12,4,2,2,0.9146619170273323,91.375,True,0.8813104629516602
4bi8__B1_S4S1W1--4bi8__A1_S4S1W3,13,3,3,2,0.9383276521469326,91.375,True,0.8887669444084167
4bi8__B1_S4S1W1--4bi8__A1_S4S1W3,14,5,2,2,0.9133984395240446,91.3125,True,0.889589250087738
4bi8__B1_S4S1W1--4bi8__A1_S4S1W3,15,4,0,2,0.9059700343297308,91.25,True,0.8648969531059265
4bi8__B1_S4S1W1--4bi8__A1_S4S1W3,16,5,1,2,0.9136807356331164,91.1875,True,0.8956655263900757
4bi8__B1_S4S1W1--4bi8__A1_S4S1W3,17,3,0,2,0.9297237420904318,91.125,True,0.8638509511947632
4bi8__B1_S4S1W1--4bi8__A1_S4S1W3,18,3,1,2,0.9323601365876965,91.0,True,0.8611242175102234
4bi8__B1_S4S1W1--4bi8__A1_S4S1W3,19,5,0,2,0.9137189334149703,90.875,True,0.8771876692771912
4bi8__B1_S4S1W1--4bi8__A1_S4S1W3,20,3,2,2,0.927984361079178,90.4375,True,0.8818976879119873
4bjn__A1_Q2MV52--4bjn__B1_Q2MV52,1,3,0,0,0.7970177171725612,86.5,True,0.005118187516927719
4bjn__A1_Q2MV52--4bjn__B1_Q2MV52,2,1,0,0,0.5984603738319204,84.5625,True,0.00036433711647987366
4bjn__A1_Q2MV52--4bjn__B1_Q2MV52,3,4,3,0,0.539908547035695,82.875,True,0.0007871080888435245
4bjn__A1_Q2MV52--4bjn__B1_Q2MV52,4,1,1,0,0.0579968060732523,81.125,False,0.23985719680786133
4bjn__A1_Q2MV52--4bjn__B1_Q2MV52,5,5,2,0,0.0575741512331811,73.9375,False,0.05920948088169098
4bjn__A1_Q2MV52--4bjn__B1_Q2MV52,6,3,2,0,0.0573654433227435,73.4375,False,0.40632039308547974
4bjn__A1_Q2MV52--4bjn__B1_Q2MV52,7,4,0,0,0.1361833025213912,71.4375,False,0.02104281634092331
4bjn__A1_Q2MV52--4bjn__B1_Q2MV52,8,4,2,0,0.0638489560612922,68.1875,False,0.029163289815187454
4bjn__A1_Q2MV52--4bjn__B1_Q2MV52,9,5,0,0,0.0559285569672447,62.78125,False,0.5107285976409912
4bjn__A1_Q2MV52--4bjn__B1_Q2MV52,10,4,1,0,0.2136322832965138,60.3125,False,0.06207140535116196
4bjn__A1_Q2MV52--4bjn__B1_Q2MV52,11,5,1,0,0.137782718087246,57.03125,False,0.0687941312789917
4bjn__A1_Q2MV52--4bjn__B1_Q2MV52,12,5,3,0,0.0574026223995459,56.84375,False,0.04913704842329025
4bjn__A1_Q2MV52--4bjn__B1_Q2MV52,13,3,3,0,0.0595261263357425,50.90625,False,0.9423151016235352
4bjn__A1_Q2MV52--4bjn__B1_Q2MV52,14,2,0,0,0.0597287009654541,33.09375,False,0.09488413482904434
4bjn__A1_Q2MV52--4bjn__B1_Q2MV52,15,1,2,0,0.0863314641329644,32.3125,False,0.08872359246015549
4bjn__A1_Q2MV52--4bjn__B1_Q2MV52,16,1,3,0,0.1479931128514053,31.484375,False,0.13838841021060944
4bjn__A1_Q2MV52--4bjn__B1_Q2MV52,17,2,3,0,0.0892829366294831,31.203125,False,0.10936964303255081
4bjn__A1_Q2MV52--4bjn__B1_Q2MV52,18,3,1,0,0.3750047192350063,29.59375,True,0.000886974623426795
4bjn__A1_Q2MV52--4bjn__B1_Q2MV52,19,2,1,0,0.198004230759905,27.421875,False,0.033655568957328796
4bjn__A1_Q2MV52--4bjn__B1_Q2MV52,20,2,2,0,0.0474710475038571,25.140625,False,0.0638856291770935
4bou__A1_Q5T2D3--4bou__A2_Q5T2D3,1,1,1,1,0.6316043515605312,51.4375,True,0.00990999210625887
4bou__A1_Q5T2D3--4bou__A2_Q5T2D3,2,1,2,1,0.6111754299493977,48.34375,True,0.00019646418513730168
4bou__A1_Q5T2D3--4bou__A2_Q5T2D3,3,1,3,1,0.5901954279567432,44.75,True,0.0332283079624176
4bou__A1_Q5T2D3--4bou__A2_Q5T2D3,4,1,0,1,0.5938914143466661,43.125,True,0.00036471677594818175
4bou__A1_Q5T2D3--4bou__A2_Q5T2D3,5,2,2,1,0.5623851943159015,41.625,True,9.368966857437044e-06
4bou__A1_Q5T2D3--4bou__A2_Q5T2D3,6,4,3,1,0.6691719527019355,37.90625,True,0.0014363977825269103
4bou__A1_Q5T2D3--4bou__A2_Q5T2D3,7,2,1,1,0.584846607935457,37.375,True,8.820998118608259e-06
4bou__A1_Q5T2D3--4bou__A2_Q5T2D3,8,5,3,1,0.4423131563663728,34.34375,True,0.013292981311678886
4bou__A1_Q5T2D3--4bou__A2_Q5T2D3,9,4,2,1,0.1094865195697821,27.875,False,0.10661188513040543
4bou__A1_Q5T2D3--4bou__A2_Q5T2D3,10,2,3,1,0.5130538104183626,26.171875,True,0.08158222585916519
4bou__A1_Q5T2D3--4bou__A2_Q5T2D3,11,5,2,1,0.3311297637587546,26.0625,True,0.024311933666467667
4bou__A1_Q5T2D3--4bou__A2_Q5T2D3,12,4,1,1,0.2698297174104658,26.03125,True,0.1565435379743576
4bou__A1_Q5T2D3--4bou__A2_Q5T2D3,13,5,0,1,0.5344572098377679,25.421875,True,0.9354132413864136
4bou__A1_Q5T2D3--4bou__A2_Q5T2D3,14,4,0,1,0.1943984783708524,24.328125,False,0.10907129943370819
4bou__A1_Q5T2D3--4bou__A2_Q5T2D3,15,2,0,1,0.5094501144402837,23.171875,True,0.05609866976737976
4bou__A1_Q5T2D3--4bou__A2_Q5T2D3,16,5,1,1,0.0947886074434714,21.0625,False,0.003743115346878767
4bou__A1_Q5T2D3--4bou__A2_Q5T2D3,17,3,2,1,0.2000638969264797,18.75,False,0.2232758104801178
4bou__A1_Q5T2D3--4bou__A2_Q5T2D3,18,3,3,1,0.1668091050444423,18.21875,False,0.23530235886573792
4bou__A1_Q5T2D3--4bou__A2_Q5T2D3,19,3,1,1,0.1965866571236752,17.5625,False,0.0603473074734211
4bou__A1_Q5T2D3--4bou__A2_Q5T2D3,20,3,0,1,0.1015228879070849,17.34375,False,0.04941016063094139
4bry__A1_O75496--4bry__B1_D6RGH6,1,1,0,1,0.6173584304476837,78.125,True,0.8371127247810364
4bry__A1_O75496--4bry__B1_D6RGH6,2,1,2,1,0.6102650710437167,78.0625,True,0.8188366293907166
4bry__A1_O75496--4bry__B1_D6RGH6,3,1,1,1,0.6185088840063456,78.0,True,0.8188366293907166
4bry__A1_O75496--4bry__B1_D6RGH6,4,1,3,1,0.6089080430441983,78.0,True,0.8188366293907166
4bry__A1_O75496--4bry__B1_D6RGH6,5,2,0,1,0.6395805496333357,77.6875,True,0.8119637966156006
4bry__A1_O75496--4bry__B1_D6RGH6,6,2,2,1,0.625069349378634,77.6875,True,0.7957942485809326
4bry__A1_O75496--4bry__B1_D6RGH6,7,2,1,1,0.6336807799129011,77.375,True,0.7957942485809326
4bry__A1_O75496--4bry__B1_D6RGH6,8,2,3,1,0.62946634733542,77.3125,True,0.8119637966156006
4bry__A1_O75496--4bry__B1_D6RGH6,9,4,2,1,0.6107222852870299,76.3125,True,0.8416226506233215
4bry__A1_O75496--4bry__B1_D6RGH6,10,4,0,1,0.6221361255457708,76.0625,True,0.8391974568367004
4bry__A1_O75496--4bry__B1_D6RGH6,11,4,3,1,0.617516843158261,75.9375,True,0.8485433459281921
4bry__A1_O75496--4bry__B1_D6RGH6,12,4,1,1,0.6231197557589635,75.75,True,0.8391974568367004
4bry__A1_O75496--4bry__B1_D6RGH6,13,5,2,1,0.6034107365050199,74.9375,True,0.8068926930427551
4bry__A1_O75496--4bry__B1_D6RGH6,14,5,0,1,0.603494606594177,74.4375,True,0.7911050319671631
4bry__A1_O75496--4bry__B1_D6RGH6,15,5,3,1,0.5975499549659236,73.75,True,0.837395191192627
4bry__A1_O75496--4bry__B1_D6RGH6,16,5,1,1,0.5989319944180497,73.4375,True,0.8068926930427551
4bry__A1_O75496--4bry__B1_D6RGH6,17,3,2,1,0.65393620457846,72.0,True,0.8226980566978455
4bry__A1_O75496--4bry__B1_D6RGH6,18,3,0,1,0.6532572361615929,71.6875,True,0.8076587319374084
4bry__A1_O75496--4bry__B1_D6RGH6,19,3,1,1,0.6499693959459352,71.4375,True,0.8076587319374084
4bry__A1_O75496--4bry__B1_D6RGH6,20,3,3,1,0.6505541785701124,70.9375,True,0.7876883149147034
4bvx__A1_P56192--4bvx__B1_O43324,1,2,0,1,0.8272723131457278,94.0625,True,0.8050976395606995
4bvx__A1_P56192--4bvx__B1_O43324,2,2,3,1,0.8298925123087927,94.0,True,0.8161730766296387
4bvx__A1_P56192--4bvx__B1_O43324,3,2,1,1,0.8317515312909025,94.0,True,0.8161730766296387
4bvx__A1_P56192--4bvx__B1_O43324,4,5,3,1,0.8277060569448534,93.875,True,0.8234225511550903
4bvx__A1_P56192--4bvx__B1_O43324,5,5,2,1,0.8296438150215327,93.875,True,0.8131062388420105
4bvx__A1_P56192--4bvx__B1_O43324,6,5,1,1,0.8281187881643469,93.875,True,0.8327004909515381
4bvx__A1_P56192--4bvx__B1_O43324,7,2,2,1,0.8250929387726265,93.8125,True,0.8050976395606995
4bvx__A1_P56192--4bvx__B1_O43324,8,1,1,1,0.8347242678559471,93.8125,True,0.7824690341949463
4bvx__A1_P56192--4bvx__B1_O43324,9,5,0,1,0.8234121398767087,93.75,True,0.8234225511550903
4bvx__A1_P56192--4bvx__B1_O43324,10,1,2,1,0.8167852912117208,93.6875,True,0.8168770670890808
4bvx__A1_P56192--4bvx__B1_O43324,11,1,3,1,0.8306464308702021,93.6875,True,0.7824690341949463
4bvx__A1_P56192--4bvx__B1_O43324,12,1,0,1,0.824482218671418,93.6875,True,0.7952744364738464
4bvx__A1_P56192--4bvx__B1_O43324,13,4,2,1,0.8552904652986227,93.625,True,0.8330410122871399
4bvx__A1_P56192--4bvx__B1_O43324,14,4,1,1,0.8562147401948002,93.625,True,0.8330410122871399
4bvx__A1_P56192--4bvx__B1_O43324,15,3,0,1,0.8501407161012638,93.625,True,0.8508941531181335
4bvx__A1_P56192--4bvx__B1_O43324,16,3,3,1,0.8546783646469209,93.625,True,0.852695643901825
4bvx__A1_P56192--4bvx__B1_O43324,17,3,2,1,0.8497545340863706,93.5625,True,0.8493103981018066
4bvx__A1_P56192--4bvx__B1_O43324,18,4,3,1,0.8479024617125527,93.5625,True,0.8355634808540344
4bvx__A1_P56192--4bvx__B1_O43324,19,3,1,1,0.8502715495221612,93.5625,True,0.8508941531181335
4bvx__A1_P56192--4bvx__B1_O43324,20,4,0,1,0.859616674809864,93.5,True,0.8355634808540344
4cbv__D1_Q79CK7--4cbv__C1_Q79CK7,1,4,2,0,0.1973919029482123,57.59375,False,0.0841914489865303
4cbv__D1_Q79CK7--4cbv__C1_Q79CK7,2,3,1,0,0.1938058720981028,56.8125,False,0.3334179222583771
4cbv__D1_Q79CK7--4cbv__C1_Q79CK7,3,1,3,0,0.2009604689891492,56.75,False,0.9992932081222534
4cbv__D1_Q79CK7--4cbv__C1_Q79CK7,4,5,1,0,0.2170468204068968,56.6875,False,0.19435128569602966
4cbv__D1_Q79CK7--4cbv__C1_Q79CK7,5,1,1,0,0.1903332596473854,56.6875,False,0.9745627045631409
4cbv__D1_Q79CK7--4cbv__C1_Q79CK7,6,1,2,0,0.2081605014697869,56.3125,False,0.9144757986068726
4cbv__D1_Q79CK7--4cbv__C1_Q79CK7,7,1,0,0,0.1949367692964835,56.3125,False,0.8834729790687561
4cbv__D1_Q79CK7--4cbv__C1_Q79CK7,8,2,1,0,0.1944129433281503,56.21875,False,0.20752644538879395
4cbv__D1_Q79CK7--4cbv__C1_Q79CK7,9,4,0,0,0.2031031922108632,56.15625,False,0.9997316002845764
4cbv__D1_Q79CK7--4cbv__C1_Q79CK7,10,4,1,0,0.2014742801452794,56.125,False,0.9967060685157776
4cbv__D1_Q79CK7--4cbv__C1_Q79CK7,11,3,2,0,0.1916246019002472,56.03125,False,0.018516521900892258
4cbv__D1_Q79CK7--4cbv__C1_Q79CK7,12,5,3,0,0.204558791724975,55.84375,False,0.24476003646850586
4cbv__D1_Q79CK7--4cbv__C1_Q79CK7,13,4,3,0,0.1966585748310304,55.8125,False,0.8092474937438965
4cbv__D1_Q79CK7--4cbv__C1_Q79CK7,14,2,3,0,0.1953398702247256,55.65625,False,0.18081052601337433
4cbv__D1_Q79CK7--4cbv__C1_Q79CK7,15,2,2,0,0.2047522097778202,55.5,False,0.07923603057861328
4cbv__D1_Q79CK7--4cbv__C1_Q79CK7,16,2,0,0,0.2038769963982232,55.34375,False,0.17143389582633972
4cbv__D1_Q79CK7--4cbv__C1_Q79CK7,17,5,0,0,0.2208461498513912,55.3125,False,0.9040911793708801
4cbv__D1_Q79CK7--4cbv__C1_Q79CK7,18,3,0,0,0.1999605560937253,55.21875,False,0.05695567652583122
4cbv__D1_Q79CK7--4cbv__C1_Q79CK7,19,5,2,0,0.2083558039082308,54.46875,False,0.9999843835830688
4cbv__D1_Q79CK7--4cbv__C1_Q79CK7,20,3,3,0,0.184147905513486,54.125,False,0.09079569578170776
4cfg__A1_Q14258--4cfg__B1_Q14258,1,1,0,2,0.5715059669686148,62.46875,True,0.9730618000030518
4cfg__A1_Q14258--4cfg__B1_Q14258,2,1,2,2,0.5773649532108361,62.4375,True,0.9700146317481995
4cfg__A1_Q14258--4cfg__B1_Q14258,3,1,3,2,0.5724483530783558,62.375,True,0.969132125377655
4cfg__A1_Q14258--4cfg__B1_Q14258,4,3,2,2,0.5825852591945603,61.875,True,0.9999889135360718
4cfg__A1_Q14258--4cfg__B1_Q14258,5,1,1,2,0.588422894744244,61.6875,True,0.9579246044158936
4cfg__A1_Q14258--4cfg__B1_Q14258,6,4,2,2,0.5935962169955479,61.21875,True,0.9996230602264404
4cfg__A1_Q14258--4cfg__B1_Q14258,7,5,3,2,0.6066960352980458,61.0,True,0.9999585151672363
4cfg__A1_Q14258--4cfg__B1_Q14258,8,3,3,2,0.5707949259813403,60.3125,True,0.9999936819076538
4cfg__A1_Q14258--4cfg__B1_Q14258,9,5,2,2,0.5979112385070794,60.09375,True,0.9951285123825073
4cfg__A1_Q14258--4cfg__B1_Q14258,10,5,0,2,0.6034652927500428,59.90625,True,0.9988206028938293
4cfg__A1_Q14258--4cfg__B1_Q14258,11,2,1,2,0.5912799719020737,58.71875,True,0.9961552023887634
4cfg__A1_Q14258--4cfg__B1_Q14258,12,5,1,2,0.6145842056202736,58.09375,True,0.999919056892395
4cfg__A1_Q14258--4cfg__B1_Q14258,13,2,0,2,0.6021002824952952,57.21875,True,0.9993884563446045
4cfg__A1_Q14258--4cfg__B1_Q14258,14,2,3,2,0.6076537621164729,56.9375,True,0.9992496371269226
4cfg__A1_Q14258--4cfg__B1_Q14258,15,4,1,2,0.5679431368990088,55.8125,True,0.9936016201972961
4cfg__A1_Q14258--4cfg__B1_Q14258,16,2,2,2,0.3094978430364052,54.8125,True,0.7108954787254333
4cfg__A1_Q14258--4cfg__B1_Q14258,17,4,0,2,0.568972278535637,52.8125,True,0.9992615580558777
4cfg__A1_Q14258--4cfg__B1_Q14258,18,4,3,2,0.4449513920538698,52.625,True,0.9997566342353821
4cfg__A1_Q14258--4cfg__B1_Q14258,19,3,1,2,0.2056371194762817,51.5625,False,0.11939546465873718
4cfg__A1_Q14258--4cfg__B1_Q14258,20,3,0,2,0.2278929532970219,49.15625,False,0.2852834463119507
4dex__A1_P54288--4dex__B1_Q02294,1,4,3,3,0.5871983079484837,87.5,True,0.7586233615875244
4dex__A1_P54288--4dex__B1_Q02294,2,3,2,3,0.5820751923637181,87.375,True,0.8037260174751282
4dex__A1_P54288--4dex__B1_Q02294,3,4,1,3,0.5949289803162042,87.375,True,0.8344427347183228
4dex__A1_P54288--4dex__B1_Q02294,4,3,0,3,0.5798992389533851,87.25,True,0.8151776790618896
4dex__A1_P54288--4dex__B1_Q02294,5,5,3,3,0.5688228715081552,86.9375,True,0.8015128374099731
4dex__A1_P54288--4dex__B1_Q02294,6,5,2,3,0.571424164790879,86.75,True,0.7879364490509033
4dex__A1_P54288--4dex__B1_Q02294,7,4,2,3,0.597005875470114,86.5625,True,0.8247556090354919
4dex__A1_P54288--4dex__B1_Q02294,8,4,0,3,0.5888588650974503,86.375,True,0.8478789925575256
4dex__A1_P54288--4dex__B1_Q02294,9,3,3,3,0.5793861084536699,86.3125,True,0.8151776790618896
4dex__A1_P54288--4dex__B1_Q02294,10,5,1,3,0.5719952313870266,86.25,True,0.7586233615875244
4dex__A1_P54288--4dex__B1_Q02294,11,5,0,3,0.5736726536828592,86.0,True,0.7879364490509033
4dex__A1_P54288--4dex__B1_Q02294,12,3,1,3,0.5754309693410041,84.9375,True,0.8151776790618896
4dex__A1_P54288--4dex__B1_Q02294,13,2,2,3,0.5966937943600695,83.4375,True,0.7268675565719604
4dex__A1_P54288--4dex__B1_Q02294,14,2,3,3,0.5893051673602723,82.625,True,0.7268635034561157
4dex__A1_P54288--4dex__B1_Q02294,15,2,1,3,0.5917425624657057,81.8125,True,0.7268635034561157
4dex__A1_P54288--4dex__B1_Q02294,16,2,0,3,0.5920640259981497,81.625,True,0.7268635034561157
4dex__A1_P54288--4dex__B1_Q02294,17,1,3,3,0.5979570466627643,80.9375,True,0.7868192195892334
4dex__A1_P54288--4dex__B1_Q02294,18,1,0,3,0.5872989633463869,80.625,True,0.7893487215042114
4dex__A1_P54288--4dex__B1_Q02294,19,1,1,3,0.6041964757263786,80.375,True,0.840866208076477
4dex__A1_P54288--4dex__B1_Q02294,20,1,2,3,0.5894376571990948,78.6875,True,0.8667566776275635
4dri__A1_Q13451--4dri__B1_P42345,1,4,1,0,0.084593752714466,27.546875,False,0.0014082707930356264
4dri__A1_Q13451--4dri__B1_P42345,2,1,0,0,0.0206039735562416,27.515625,False,0.11260004341602325
4dri__A1_Q13451--4dri__B1_P42345,3,4,2,0,0.1638789271125905,26.390625,False,0.32017165422439575
4dri__A1_Q13451--4dri__B1_P42345,4,4,3,0,0.2160361890956633,26.234375,False,0.17153824865818024
4dri__A1_Q13451--4dri__B1_P42345,5,4,0,0,0.07843580074597,26.109375,False,1.9823250113404356e-05
4dri__A1_Q13451--4dri__B1_P42345,6,2,0,0,0.0205310746336907,25.46875,False,0.20121337473392487
4dri__A1_Q13451--4dri__B1_P42345,7,1,1,0,0.0246513114209614,23.28125,False,0.059756964445114136
4dri__A1_Q13451--4dri__B1_P42345,8,1,3,0,0.0256969544161866,23.03125,False,0.10642271488904953
4dri__A1_Q13451--4dri__B1_P42345,9,2,3,0,0.0168047877682925,22.578125,False,0.09261477738618851
4dri__A1_Q13451--4dri__B1_P42345,10,1,2,0,0.0263926462683779,22.46875,False,0.21457256376743317
4dri__A1_Q13451--4dri__B1_P42345,11,3,2,0,0.2481883155559831,22.359375,True,0.06779582053422928
4dri__A1_Q13451--4dri__B1_P42345,12,3,3,0,0.0458516755432447,22.3125,False,0.01623178832232952
4dri__A1_Q13451--4dri__B1_P42345,13,3,1,0,0.080978140923582,22.1875,False,0.00259671569801867
4dri__A1_Q13451--4dri__B1_P42345,14,2,1,0,0.0605831975597705,21.953125,False,0.051440753042697906
4dri__A1_Q13451--4dri__B1_P42345,15,3,0,0,0.0745111831027027,21.9375,False,0.01657688431441784
4dri__A1_Q13451--4dri__B1_P42345,16,2,2,0,0.055089223273955,21.296875,False,0.029203305020928383
4dri__A1_Q13451--4dri__B1_P42345,17,5,2,0,0.0539733752374576,20.609375,False,2.1806604877383506e-07
4dri__A1_Q13451--4dri__B1_P42345,18,5,3,0,0.0566209803366359,20.234375,False,0.006830404978245497
4dri__A1_Q13451--4dri__B1_P42345,19,5,0,0,0.0762054551132085,19.453125,False,0.000127546169096604
4dri__A1_Q13451--4dri__B1_P42345,20,5,1,0,0.0780189263553094,19.375,False,0.0002601160085760057
4e6w__B1_A0A0H2V8D3--4e6w__A1_A0A0H2V8D3,1,3,0,2,0.0535746168619866,69.4375,False,0.17087724804878235
4e6w__B1_A0A0H2V8D3--4e6w__A1_A0A0H2V8D3,2,3,3,2,0.089458661781608,58.03125,False,0.230214923620224
4e6w__B1_A0A0H2V8D3--4e6w__A1_A0A0H2V8D3,3,4,0,2,0.0107525601522804,52.5,False,0.017257319763302803
4e6w__B1_A0A0H2V8D3--4e6w__A1_A0A0H2V8D3,4,3,2,2,0.0641005431599518,50.90625,False,0.02622971311211586
4e6w__B1_A0A0H2V8D3--4e6w__A1_A0A0H2V8D3,5,3,1,2,0.059342057149223,48.125,False,0.15763460099697113
4e6w__B1_A0A0H2V8D3--4e6w__A1_A0A0H2V8D3,6,5,2,2,0.1323662733850535,39.5625,False,0.34727367758750916
4e6w__B1_A0A0H2V8D3--4e6w__A1_A0A0H2V8D3,7,5,0,2,0.1392277017885748,36.5625,False,0.5454565286636353
4e6w__B1_A0A0H2V8D3--4e6w__A1_A0A0H2V8D3,8,5,1,2,0.1591375739320595,35.46875,False,0.10120384395122528
4e6w__B1_A0A0H2V8D3--4e6w__A1_A0A0H2V8D3,9,5,3,2,0.1215423268874452,34.9375,False,0.41819560527801514
4e6w__B1_A0A0H2V8D3--4e6w__A1_A0A0H2V8D3,10,2,3,2,0.0570634058381983,31.984375,False,0.0006472785607911646
4e6w__B1_A0A0H2V8D3--4e6w__A1_A0A0H2V8D3,11,1,1,2,0.0621923004030852,30.296875,False,0.001744045177474618
4e6w__B1_A0A0H2V8D3--4e6w__A1_A0A0H2V8D3,12,2,1,2,0.0613240337585476,30.140625,False,0.004385541658848524
4e6w__B1_A0A0H2V8D3--4e6w__A1_A0A0H2V8D3,13,1,3,2,0.0596266631537163,29.78125,False,0.0015086677158251405
4e6w__B1_A0A0H2V8D3--4e6w__A1_A0A0H2V8D3,14,1,2,2,0.0406218890069463,29.390625,False,0.01420360617339611
4e6w__B1_A0A0H2V8D3--4e6w__A1_A0A0H2V8D3,15,2,2,2,0.0653647455093496,29.265625,False,0.0013369005173444748
4e6w__B1_A0A0H2V8D3--4e6w__A1_A0A0H2V8D3,16,2,0,2,0.1119740366961479,28.140625,False,0.25279587507247925
4e6w__B1_A0A0H2V8D3--4e6w__A1_A0A0H2V8D3,17,4,1,2,0.0678448480865134,27.859375,False,0.0012375765945762396
4e6w__B1_A0A0H2V8D3--4e6w__A1_A0A0H2V8D3,18,1,0,2,0.0448447258005702,27.578125,False,0.0024350571911782026
4e6w__B1_A0A0H2V8D3--4e6w__A1_A0A0H2V8D3,19,4,3,2,0.0334585657189885,25.171875,False,0.14696279168128967
4e6w__B1_A0A0H2V8D3--4e6w__A1_A0A0H2V8D3,20,4,2,2,0.0237991802349381,23.34375,False,0.02379792369902134
4emo__D1_Q9H0F6--4emo__A1_Q9H0F6,1,3,3,1,0.1510200350473439,45.1875,False,0.0019975043833255768
4emo__D1_Q9H0F6--4emo__A1_Q9H0F6,2,4,3,1,0.1701107948875545,40.28125,False,0.0002726610691752285
4emo__D1_Q9H0F6--4emo__A1_Q9H0F6,3,2,1,1,0.1913834158946275,37.03125,False,0.010027890093624592
4emo__D1_Q9H0F6--4emo__A1_Q9H0F6,4,1,3,1,0.0138228641453585,35.3125,False,0.03614451363682747
4emo__D1_Q9H0F6--4emo__A1_Q9H0F6,5,2,3,1,0.3447364544178326,33.53125,True,0.009891247376799583
4emo__D1_Q9H0F6--4emo__A1_Q9H0F6,6,5,2,1,0.3532036091167582,32.875,True,0.003616209141910076
4emo__D1_Q9H0F6--4emo__A1_Q9H0F6,7,5,0,1,0.1231558601312966,32.875,False,0.32569998502731323
4emo__D1_Q9H0F6--4emo__A1_Q9H0F6,8,5,1,1,0.1273861188222833,32.65625,False,0.007337718736380339
4emo__D1_Q9H0F6--4emo__A1_Q9H0F6,9,3,1,1,0.106225142368595,32.40625,False,0.24152648448944092
4emo__D1_Q9H0F6--4emo__A1_Q9H0F6,10,1,1,1,0.0141646232145122,31.859375,False,0.032089803367853165
4emo__D1_Q9H0F6--4emo__A1_Q9H0F6,11,4,1,1,0.1009034801647435,31.78125,False,0.2350245714187622
4emo__D1_Q9H0F6--4emo__A1_Q9H0F6,12,3,0,1,0.1418872318626247,31.15625,False,0.00060579355340451
4emo__D1_Q9H0F6--4emo__A1_Q9H0F6,13,2,0,1,0.3719723547368179,30.28125,True,0.011950683780014515
4emo__D1_Q9H0F6--4emo__A1_Q9H0F6,14,1,0,1,0.014150651529659,30.234375,False,0.013046067208051682
4emo__D1_Q9H0F6--4emo__A1_Q9H0F6,15,5,3,1,0.1317057693669004,29.3125,False,0.00023915452766232193
4emo__D1_Q9H0F6--4emo__A1_Q9H0F6,16,2,2,1,0.3372857686994528,28.203125,True,0.0027260661590844393
4emo__D1_Q9H0F6--4emo__A1_Q9H0F6,17,1,2,1,0.0145657144690317,27.390625,False,0.06975562125444412
4emo__D1_Q9H0F6--4emo__A1_Q9H0F6,18,3,2,1,0.1449262129353822,25.609375,False,0.00012454726675059646
4emo__D1_Q9H0F6--4emo__A1_Q9H0F6,19,4,0,1,0.1134898881130715,19.78125,False,0.0617043599486351
4emo__D1_Q9H0F6--4emo__A1_Q9H0F6,20,4,2,1,0.1587855451218095,18.0625,False,0.0038582379929721355
4eog__A1_UNDEFINED--4eog__A2_UNDEFINED,1,3,2,0,0.6403107115674226,89.375,True,0.9833734035491943
4eog__A1_UNDEFINED--4eog__A2_UNDEFINED,2,4,3,0,0.6348892991971072,89.0,True,0.997865617275238
4eog__A1_UNDEFINED--4eog__A2_UNDEFINED,3,3,3,0,0.6388894836145098,88.8125,True,0.9348559379577637
4eog__A1_UNDEFINED--4eog__A2_UNDEFINED,4,1,3,0,0.6328866218876169,88.4375,True,0.9483774304389954
4eog__A1_UNDEFINED--4eog__A2_UNDEFINED,5,4,1,0,0.642152830263483,88.3125,True,0.9969350099563599
4eog__A1_UNDEFINED--4eog__A2_UNDEFINED,6,2,2,0,0.6400483150404113,88.25,True,0.9489359259605408
4eog__A1_UNDEFINED--4eog__A2_UNDEFINED,7,1,1,0,0.6433766661417467,88.25,True,0.9105958938598633
4eog__A1_UNDEFINED--4eog__A2_UNDEFINED,8,2,0,0,0.6272784391625782,88.1875,True,0.8027176856994629
4eog__A1_UNDEFINED--4eog__A2_UNDEFINED,9,3,0,0,0.648088119270419,88.1875,True,0.9644064903259277
4eog__A1_UNDEFINED--4eog__A2_UNDEFINED,10,4,2,0,0.6345824760404009,88.125,True,0.9927822351455688
4eog__A1_UNDEFINED--4eog__A2_UNDEFINED,11,1,2,0,0.6295007359760202,88.125,True,0.9491032361984253
4eog__A1_UNDEFINED--4eog__A2_UNDEFINED,12,3,1,0,0.6360386321873122,88.125,True,0.980252742767334
4eog__A1_UNDEFINED--4eog__A2_UNDEFINED,13,1,0,0,0.6470293284581919,87.75,True,0.9344778656959534
4eog__A1_UNDEFINED--4eog__A2_UNDEFINED,14,2,1,0,0.6361202447889999,87.5625,True,0.8624259233474731
4eog__A1_UNDEFINED--4eog__A2_UNDEFINED,15,2,3,0,0.6295678054295821,87.375,True,0.9843482375144958
4eog__A1_UNDEFINED--4eog__A2_UNDEFINED,16,4,0,0,0.6369599587767159,87.25,True,0.9874558448791504
4eog__A1_UNDEFINED--4eog__A2_UNDEFINED,17,5,3,0,0.6366753919217203,87.1875,True,0.996900200843811
4eog__A1_UNDEFINED--4eog__A2_UNDEFINED,18,5,1,0,0.6402205557262465,86.875,True,0.9969710111618042
4eog__A1_UNDEFINED--4eog__A2_UNDEFINED,19,5,2,0,0.6382538929918032,86.8125,True,0.9531564712524414
4eog__A1_UNDEFINED--4eog__A2_UNDEFINED,20,5,0,0,0.6394084174123655,86.625,True,0.9959184527397156
4fmm__B1_P53860--4fmm__A1_P53860,1,4,3,4,0.7108223628693366,83.5,True,9.357623589846195e-14
4fmm__B1_P53860--4fmm__A1_P53860,2,4,1,4,0.7029654169653922,82.8125,True,9.357623589846195e-14
4fmm__B1_P53860--4fmm__A1_P53860,3,1,1,4,0.6639503443062151,77.1875,True,4.905955819367591e-08
4fmm__B1_P53860--4fmm__A1_P53860,4,3,3,4,0.1703444318397655,73.875,False,0.8967069387435913
4fmm__B1_P53860--4fmm__A1_P53860,5,2,2,4,0.6818050229515794,73.8125,True,9.357623589846195e-14
4fmm__B1_P53860--4fmm__A1_P53860,6,3,2,4,0.2606195091234689,73.3125,True,0.12218186259269714
4fmm__B1_P53860--4fmm__A1_P53860,7,3,0,4,0.1687241474642868,72.75,False,0.9574885368347168
4fmm__B1_P53860--4fmm__A1_P53860,8,3,1,4,0.1563978807234007,72.75,False,0.8134838342666626
4fmm__B1_P53860--4fmm__A1_P53860,9,2,3,4,0.6887195331997765,70.625,True,9.357623589846195e-14
4fmm__B1_P53860--4fmm__A1_P53860,10,2,0,4,0.6749786276654834,69.6875,True,9.357623589846195e-14
4fmm__B1_P53860--4fmm__A1_P53860,11,5,2,4,0.1814513313221285,69.375,False,0.9755932092666626
4fmm__B1_P53860--4fmm__A1_P53860,12,5,1,4,0.1462241132539101,69.0625,False,0.6083494424819946
4fmm__B1_P53860--4fmm__A1_P53860,13,1,2,4,0.6421697451619272,68.375,True,9.357623589846195e-14
4fmm__B1_P53860--4fmm__A1_P53860,14,1,0,4,0.6546590433252096,66.375,True,9.357623589846195e-14
4fmm__B1_P53860--4fmm__A1_P53860,15,5,3,4,0.1655842636599439,65.125,False,0.7491472959518433
4fmm__B1_P53860--4fmm__A1_P53860,16,4,2,4,0.5731406249683665,64.25,True,9.357623589846195e-14
4fmm__B1_P53860--4fmm__A1_P53860,17,1,3,4,0.5944954130278556,63.5625,True,9.357623589846195e-14
4fmm__B1_P53860--4fmm__A1_P53860,18,5,0,4,0.4314537747759736,58.125,True,0.0018927104538306594
4fmm__B1_P53860--4fmm__A1_P53860,19,2,1,4,0.6711704723907644,53.90625,True,9.357623589846195e-14
4fmm__B1_P53860--4fmm__A1_P53860,20,4,0,4,0.6438651662675033,51.9375,True,5.820650403620675e-05
4fqb__B1_Q9I2Q0--4fqb__A1_Q9I2Q1,1,5,3,0,0.8773504640432751,92.1875,True,0.9547916054725647
4fqb__B1_Q9I2Q0--4fqb__A1_Q9I2Q1,2,4,0,0,0.8986503105095643,92.125,True,0.9371423721313477
4fqb__B1_Q9I2Q0--4fqb__A1_Q9I2Q1,3,4,2,0,0.912947743180752,92.125,True,0.9564405083656311
4fqb__B1_Q9I2Q0--4fqb__A1_Q9I2Q1,4,4,1,0,0.8947734748973586,91.875,True,0.9346107244491577
4fqb__B1_Q9I2Q0--4fqb__A1_Q9I2Q1,5,5,2,0,0.8797402106320593,91.875,True,0.915241539478302
4fqb__B1_Q9I2Q0--4fqb__A1_Q9I2Q1,6,5,0,0,0.9035883744278164,91.875,True,0.9122577905654907
4fqb__B1_Q9I2Q0--4fqb__A1_Q9I2Q1,7,3,3,0,0.8815053577516206,91.8125,True,0.9568080902099609
4fqb__B1_Q9I2Q0--4fqb__A1_Q9I2Q1,8,3,0,0,0.8815836237824323,91.75,True,0.8456456065177917
4fqb__B1_Q9I2Q0--4fqb__A1_Q9I2Q1,9,1,1,0,0.8875400589834775,91.75,True,0.8513656854629517
4fqb__B1_Q9I2Q0--4fqb__A1_Q9I2Q1,10,2,1,0,0.860889117036054,91.75,True,0.869677722454071
4fqb__B1_Q9I2Q0--4fqb__A1_Q9I2Q1,11,5,1,0,0.8799315284687391,91.75,True,0.9549221396446228
4fqb__B1_Q9I2Q0--4fqb__A1_Q9I2Q1,12,4,3,0,0.8876001363159579,91.6875,True,0.9755216240882874
4fqb__B1_Q9I2Q0--4fqb__A1_Q9I2Q1,13,3,2,0,0.8757432004894761,91.6875,True,0.9259076714515686
4fqb__B1_Q9I2Q0--4fqb__A1_Q9I2Q1,14,3,1,0,0.8859867155230612,91.625,True,0.8634989261627197
4fqb__B1_Q9I2Q0--4fqb__A1_Q9I2Q1,15,1,0,0,0.886300154278965,91.625,True,0.835704505443573
4fqb__B1_Q9I2Q0--4fqb__A1_Q9I2Q1,16,1,2,0,0.8877862874869646,91.4375,True,0.9705345034599304
4fqb__B1_Q9I2Q0--4fqb__A1_Q9I2Q1,17,2,3,0,0.8585968996449401,91.375,True,0.9284838438034058
4fqb__B1_Q9I2Q0--4fqb__A1_Q9I2Q1,18,2,0,0,0.8451817923938166,91.375,True,0.8217834830284119
4fqb__B1_Q9I2Q0--4fqb__A1_Q9I2Q1,19,1,3,0,0.9002135553196116,91.3125,True,0.9536855816841125
4fqb__B1_Q9I2Q0--4fqb__A1_Q9I2Q1,20,2,2,0,0.8355078845138605,91.0625,True,0.85080885887146
4fup__A1_Q5HKE8--4fup__A2_Q5HKE8,1,2,2,0,0.028325479078198,67.1875,False,0.0015348712913691998
4fup__A1_Q5HKE8--4fup__A2_Q5HKE8,2,2,0,0,0.0284338279235231,65.4375,False,0.002564673777669668
4fup__A1_Q5HKE8--4fup__A2_Q5HKE8,3,2,1,0,0.5122395689502383,47.59375,True,0.04419167712330818
4fup__A1_Q5HKE8--4fup__A2_Q5HKE8,4,3,3,0,0.0261313910978183,39.5,False,0.004028806462883949
4fup__A1_Q5HKE8--4fup__A2_Q5HKE8,5,3,0,0,0.0259402748499413,39.1875,False,0.00760125694796443
4fup__A1_Q5HKE8--4fup__A2_Q5HKE8,6,2,3,0,0.5484450783062759,37.3125,True,0.04540182277560234
4fup__A1_Q5HKE8--4fup__A2_Q5HKE8,7,3,1,0,0.0263577418076591,35.9375,False,0.008344943635165691
4fup__A1_Q5HKE8--4fup__A2_Q5HKE8,8,3,2,0,0.0267140085726954,31.921875,False,0.0038142530247569084
4fup__A1_Q5HKE8--4fup__A2_Q5HKE8,9,1,2,0,0.3107370598823281,22.984375,True,0.15505674481391907
4fup__A1_Q5HKE8--4fup__A2_Q5HKE8,10,1,1,0,0.3443054385033139,22.75,True,0.04154522716999054
4fup__A1_Q5HKE8--4fup__A2_Q5HKE8,11,1,3,0,0.2980107030280998,20.78125,True,0.09529271721839905
4fup__A1_Q5HKE8--4fup__A2_Q5HKE8,12,1,0,0,0.3045541537811195,20.390625,True,0.06774430721998215
4fup__A1_Q5HKE8--4fup__A2_Q5HKE8,13,4,3,0,0.0318524931286289,19.03125,False,0.03423575684428215
4fup__A1_Q5HKE8--4fup__A2_Q5HKE8,14,4,1,0,0.0323645458116033,18.828125,False,0.04644995927810669
4fup__A1_Q5HKE8--4fup__A2_Q5HKE8,15,4,0,0,0.0262768588231646,17.265625,False,0.018707243725657463
4fup__A1_Q5HKE8--4fup__A2_Q5HKE8,16,4,2,0,0.0297599696011355,16.296875,False,0.0055338419042527676
4fup__A1_Q5HKE8--4fup__A2_Q5HKE8,17,5,2,0,0.0289756364687663,16.09375,False,0.042428504675626755
4fup__A1_Q5HKE8--4fup__A2_Q5HKE8,18,5,3,0,0.0154026280723161,15.9765625,False,0.01440806407481432
4fup__A1_Q5HKE8--4fup__A2_Q5HKE8,19,5,0,0,0.0501978490096515,15.4765625,False,0.023105597123503685
4fup__A1_Q5HKE8--4fup__A2_Q5HKE8,20,5,1,0,0.0545369867911372,15.125,False,0.006864548195153475
4g2u__A1_Q8T8F4--4g2u__B1_Q8T8F4,1,3,2,3,0.9506203179157516,85.6875,True,0.9999997615814209
4g2u__A1_Q8T8F4--4g2u__B1_Q8T8F4,2,1,1,3,0.9528610550302398,85.5625,True,0.9999995231628418
4g2u__A1_Q8T8F4--4g2u__B1_Q8T8F4,3,1,3,3,0.9523056081922469,85.5,True,0.9999995231628418
4g2u__A1_Q8T8F4--4g2u__B1_Q8T8F4,4,2,1,3,0.9590442523190572,85.1875,True,0.9999997615814209
4g2u__A1_Q8T8F4--4g2u__B1_Q8T8F4,5,1,2,3,0.9567340772811176,84.9375,True,0.9999995231628418
4g2u__A1_Q8T8F4--4g2u__B1_Q8T8F4,6,4,1,3,0.9436384248689708,84.25,True,0.9999997615814209
4g2u__A1_Q8T8F4--4g2u__B1_Q8T8F4,7,5,1,3,0.9563436056489224,84.0,True,0.9999997615814209
4g2u__A1_Q8T8F4--4g2u__B1_Q8T8F4,8,1,0,3,0.9438109732343234,83.75,True,0.9999994039535522
4g2u__A1_Q8T8F4--4g2u__B1_Q8T8F4,9,5,0,3,0.948240404256912,83.375,True,0.9999996423721313
4g2u__A1_Q8T8F4--4g2u__B1_Q8T8F4,10,5,3,3,0.9596709460629236,83.25,True,0.9999997615814209
4g2u__A1_Q8T8F4--4g2u__B1_Q8T8F4,11,5,2,3,0.9520943141431812,83.125,True,0.9999997615814209
4g2u__A1_Q8T8F4--4g2u__B1_Q8T8F4,12,4,2,3,0.9500160569294952,82.625,True,0.9999997615814209
4g2u__A1_Q8T8F4--4g2u__B1_Q8T8F4,13,4,0,3,0.9419476329810736,79.125,True,0.9999997615814209
4g2u__A1_Q8T8F4--4g2u__B1_Q8T8F4,14,4,3,3,0.920199744231332,60.34375,True,0.9999998807907104
4g2u__A1_Q8T8F4--4g2u__B1_Q8T8F4,15,2,2,3,0.0793511679785062,40.40625,False,0.17662759125232697
4g2u__A1_Q8T8F4--4g2u__B1_Q8T8F4,16,2,0,3,0.075125019484349,36.9375,False,0.13763229548931122
4g2u__A1_Q8T8F4--4g2u__B1_Q8T8F4,17,2,3,3,0.0971307601152082,29.734375,False,0.015103181824088097
4g2u__A1_Q8T8F4--4g2u__B1_Q8T8F4,18,3,0,3,0.0083191641798598,20.0,False,0.01899099349975586
4g2u__A1_Q8T8F4--4g2u__B1_Q8T8F4,19,3,3,3,0.0214837274080961,19.046875,False,0.003782064188271761
4g2u__A1_Q8T8F4--4g2u__B1_Q8T8F4,20,3,1,3,0.0161719604783028,18.03125,False,0.002840130589902401
4g3k__A1_O66591--4g3k__B1_O66591,1,3,1,4,0.8801479086454286,88.0,True,0.004208254162222147
4g3k__A1_O66591--4g3k__B1_O66591,2,4,1,4,0.8503859878398766,87.8125,True,0.00035839478368870914
4g3k__A1_O66591--4g3k__B1_O66591,3,3,3,4,0.8776511264741739,87.5625,True,0.004208254162222147
4g3k__A1_O66591--4g3k__B1_O66591,4,3,0,4,0.8744319598562368,87.375,True,0.004208254162222147
4g3k__A1_O66591--4g3k__B1_O66591,5,3,2,4,0.8755297123065935,87.0625,True,0.004208254162222147
4g3k__A1_O66591--4g3k__B1_O66591,6,1,3,4,0.8546821205074199,86.1875,True,0.0002212178078480065
4g3k__A1_O66591--4g3k__B1_O66591,7,5,1,4,0.8803937394303634,86.0,True,0.00012378064275253564
4g3k__A1_O66591--4g3k__B1_O66591,8,5,0,4,0.8782683520578529,86.0,True,0.00012378064275253564
4g3k__A1_O66591--4g3k__B1_O66591,9,5,3,4,0.8781445610058944,85.8125,True,0.00012378064275253564
4g3k__A1_O66591--4g3k__B1_O66591,10,5,2,4,0.8784287060839878,85.8125,True,0.00012378064275253564
4g3k__A1_O66591--4g3k__B1_O66591,11,1,0,4,0.8585097729012025,84.875,True,0.00032578970422036946
4g3k__A1_O66591--4g3k__B1_O66591,12,1,2,4,0.8583018514952498,84.5625,True,0.00029438402270898223
4g3k__A1_O66591--4g3k__B1_O66591,13,1,1,4,0.869245689061179,83.375,True,0.00029673692188225687
4g3k__A1_O66591--4g3k__B1_O66591,14,2,1,4,0.8605275951933877,83.0625,True,0.00011515431833686307
4g3k__A1_O66591--4g3k__B1_O66591,15,2,0,4,0.8633350844187252,81.75,True,0.0005816083285026252
4g3k__A1_O66591--4g3k__B1_O66591,16,2,2,4,0.8659242892535036,81.625,True,7.085454853950068e-05
4g3k__A1_O66591--4g3k__B1_O66591,17,2,3,4,0.8688673514915703,81.125,True,0.00028647773433476686
4g3k__A1_O66591--4g3k__B1_O66591,18,4,2,4,0.2026343652209778,79.5625,False,0.7494848966598511
4g3k__A1_O66591--4g3k__B1_O66591,19,4,0,4,0.2032023414659548,75.8125,False,0.7533344626426697
4g3k__A1_O66591--4g3k__B1_O66591,20,4,3,4,0.2019040491817319,66.125,False,0.7295923829078674
4g94__B1_Q4Z9Y5--4g94__A1_P0A0J0,1,2,3,0,0.8319548107929933,91.875,True,0.9801443815231323
4g94__B1_Q4Z9Y5--4g94__A1_P0A0J0,2,2,0,0,0.8332472920913442,91.5625,True,0.9801443815231323
4g94__B1_Q4Z9Y5--4g94__A1_P0A0J0,3,1,3,0,0.8666249952273555,91.0625,True,0.9172400832176208
4g94__B1_Q4Z9Y5--4g94__A1_P0A0J0,4,1,1,0,0.8338435656593063,90.75,True,0.861250638961792
4g94__B1_Q4Z9Y5--4g94__A1_P0A0J0,5,4,3,0,0.8959552174851572,90.6875,True,0.946758508682251
4g94__B1_Q4Z9Y5--4g94__A1_P0A0J0,6,2,2,0,0.8934451917038454,90.375,True,0.8781271576881409
4g94__B1_Q4Z9Y5--4g94__A1_P0A0J0,7,1,0,0,0.8658348628305386,90.3125,True,0.9067917466163635
4g94__B1_Q4Z9Y5--4g94__A1_P0A0J0,8,4,2,0,0.9000779956687391,90.25,True,0.9402768015861511
4g94__B1_Q4Z9Y5--4g94__A1_P0A0J0,9,4,1,0,0.8955901942765019,90.0625,True,0.8863120079040527
4g94__B1_Q4Z9Y5--4g94__A1_P0A0J0,10,1,2,0,0.8934563002996573,90.0,True,0.9512478709220886
4g94__B1_Q4Z9Y5--4g94__A1_P0A0J0,11,2,1,0,0.8924005263477155,89.9375,True,0.9080084562301636
4g94__B1_Q4Z9Y5--4g94__A1_P0A0J0,12,4,0,0,0.8933407241343477,89.5625,True,0.9474403858184814
4g94__B1_Q4Z9Y5--4g94__A1_P0A0J0,13,3,3,0,0.9001945809987794,89.5625,True,0.9419699907302856
4g94__B1_Q4Z9Y5--4g94__A1_P0A0J0,14,3,2,0,0.8563742800248018,89.5,True,0.9696378111839294
4g94__B1_Q4Z9Y5--4g94__A1_P0A0J0,15,3,1,0,0.8490664858908731,89.375,True,0.9475576877593994
4g94__B1_Q4Z9Y5--4g94__A1_P0A0J0,16,3,0,0,0.9102846501976668,89.25,True,0.9598707556724548
4g94__B1_Q4Z9Y5--4g94__A1_P0A0J0,17,5,3,0,0.8762801573289066,89.1875,True,0.9390941858291626
4g94__B1_Q4Z9Y5--4g94__A1_P0A0J0,18,5,2,0,0.8824118340245456,89.125,True,0.8597402572631836
4g94__B1_Q4Z9Y5--4g94__A1_P0A0J0,19,5,1,0,0.8809825061230204,89.0,True,0.9119763970375061
4g94__B1_Q4Z9Y5--4g94__A1_P0A0J0,20,5,0,0,0.8787257209192466,88.875,True,0.9173638224601746
4ghw__A1_O59952--4ghw__B1_O59952,1,5,1,2,0.1901957711546504,48.59375,False,0.013430554419755936
4ghw__A1_O59952--4ghw__B1_O59952,2,5,0,2,0.2050760613837592,46.40625,False,0.03733285143971443
4ghw__A1_O59952--4ghw__B1_O59952,3,5,2,2,0.0518505559429405,44.34375,False,0.04164285212755203
4ghw__A1_O59952--4ghw__B1_O59952,4,5,3,2,0.227678323019249,42.40625,False,0.00027667550602927804
4ghw__A1_O59952--4ghw__B1_O59952,5,2,3,2,0.2141379372788235,33.65625,False,0.6608397960662842
4ghw__A1_O59952--4ghw__B1_O59952,6,2,0,2,0.2112757031697509,33.53125,False,0.7034026384353638
4ghw__A1_O59952--4ghw__B1_O59952,7,3,0,2,0.2583631848566923,32.875,True,0.3839954435825348
4ghw__A1_O59952--4ghw__B1_O59952,8,2,2,2,0.1796770852784889,32.5625,False,0.18928179144859314
4ghw__A1_O59952--4ghw__B1_O59952,9,3,1,2,0.2792563151318901,32.21875,True,0.9747858047485352
4ghw__A1_O59952--4ghw__B1_O59952,10,3,2,2,0.2564543947420619,31.90625,True,0.0724429041147232
4ghw__A1_O59952--4ghw__B1_O59952,11,3,3,2,0.1855194062227615,31.046875,False,0.04942788928747177
4ghw__A1_O59952--4ghw__B1_O59952,12,4,2,2,0.0559340346801186,30.734375,False,0.2837839722633362
4ghw__A1_O59952--4ghw__B1_O59952,13,2,1,2,0.2200569417056976,30.625,False,0.459159255027771
4ghw__A1_O59952--4ghw__B1_O59952,14,1,1,2,0.160907994159678,29.765625,False,0.0007710973732173443
4ghw__A1_O59952--4ghw__B1_O59952,15,4,0,2,0.053871072060458,29.296875,False,0.22927254438400269
4ghw__A1_O59952--4ghw__B1_O59952,16,4,1,2,0.0490490737685097,29.15625,False,0.1739371418952942
4ghw__A1_O59952--4ghw__B1_O59952,17,4,3,2,0.0466128534171045,28.9375,False,0.43850868940353394
4ghw__A1_O59952--4ghw__B1_O59952,18,1,0,2,0.2041867716190123,27.90625,False,0.9662399291992188
4ghw__A1_O59952--4ghw__B1_O59952,19,1,3,2,0.1603998409088062,27.3125,False,0.012238951399922371
4ghw__A1_O59952--4ghw__B1_O59952,20,1,2,2,0.1905484578831645,26.140625,False,0.0011568304616957903
4git__A1_Q84FG5--4git__B1_Q84FG5,1,4,0,0,0.9157959770704784,84.5,True,0.9236871600151062
4git__A1_Q84FG5--4git__B1_Q84FG5,2,4,2,0,0.917071714042551,84.5,True,0.9236871600151062
4git__A1_Q84FG5--4git__B1_Q84FG5,3,4,3,0,0.9173575715363466,83.5625,True,0.9236871600151062
4git__A1_Q84FG5--4git__B1_Q84FG5,4,4,1,0,0.9170884734437652,83.5625,True,0.9236871600151062
4git__A1_Q84FG5--4git__B1_Q84FG5,5,2,2,0,0.9258582373290096,83.5,True,0.9236871600151062
4git__A1_Q84FG5--4git__B1_Q84FG5,6,2,1,0,0.925536846545552,83.1875,True,0.9236871600151062
4git__A1_Q84FG5--4git__B1_Q84FG5,7,2,3,0,0.9255577471800126,83.125,True,0.9236871600151062
4git__A1_Q84FG5--4git__B1_Q84FG5,8,1,3,0,0.923464687934862,82.4375,True,0.9236871600151062
4git__A1_Q84FG5--4git__B1_Q84FG5,9,2,0,0,0.9255100564605114,82.375,True,0.9236871600151062
4git__A1_Q84FG5--4git__B1_Q84FG5,10,1,0,0,0.9229797206104025,82.0625,True,0.9236871600151062
4git__A1_Q84FG5--4git__B1_Q84FG5,11,1,2,0,0.9234689807698911,82.0,True,0.9236871600151062
4git__A1_Q84FG5--4git__B1_Q84FG5,12,1,1,0,0.9211245327356165,81.375,True,0.9236871600151062
4git__A1_Q84FG5--4git__B1_Q84FG5,13,5,1,0,0.915728545937844,69.1875,True,0.9236871600151062
4git__A1_Q84FG5--4git__B1_Q84FG5,14,5,2,0,0.9156816478555084,68.8125,True,0.9236871600151062
4git__A1_Q84FG5--4git__B1_Q84FG5,15,5,3,0,0.9145514418622608,68.125,True,0.9236871600151062
4git__A1_Q84FG5--4git__B1_Q84FG5,16,3,3,0,0.9195093150189512,67.0625,True,0.9236871600151062
4git__A1_Q84FG5--4git__B1_Q84FG5,17,5,0,0,0.9143932462731468,66.125,True,0.9236871600151062
4git__A1_Q84FG5--4git__B1_Q84FG5,18,3,1,0,0.9188472029942072,66.0625,True,0.9236871600151062
4git__A1_Q84FG5--4git__B1_Q84FG5,19,3,0,0,0.9184768084438236,65.4375,True,0.9236871600151062
4git__A1_Q84FG5--4git__B1_Q84FG5,20,3,2,0,0.9165164373319686,63.375,True,0.9236871600151062
4giz__A1_P0AEX9--4giz__C1_P03126,1,3,1,0,0.4053769370334414,88.125,True,0.9832884669303894
4giz__A1_P0AEX9--4giz__C1_P03126,2,5,1,0,0.5826161888858671,88.0625,True,0.9664240479469299
4giz__A1_P0AEX9--4giz__C1_P03126,3,5,2,0,0.5903359592195884,88.0625,True,0.6947019696235657
4giz__A1_P0AEX9--4giz__C1_P03126,4,3,2,0,0.5707052564904185,88.0,True,0.9939137101173401
4giz__A1_P0AEX9--4giz__C1_P03126,5,2,2,0,0.5843929937540213,87.9375,True,0.9955691695213318
4giz__A1_P0AEX9--4giz__C1_P03126,6,5,0,0,0.5759117885305036,87.8125,True,0.9265757203102112
4giz__A1_P0AEX9--4giz__C1_P03126,7,5,3,0,0.5950775066873976,87.8125,True,0.6947019696235657
4giz__A1_P0AEX9--4giz__C1_P03126,8,2,1,0,0.5833176663390259,87.5,True,0.9755935668945312
4giz__A1_P0AEX9--4giz__C1_P03126,9,1,1,0,0.5160163857973522,87.4375,True,0.7610918283462524
4giz__A1_P0AEX9--4giz__C1_P03126,10,2,3,0,0.6061852760101248,87.3125,True,0.981170117855072
4giz__A1_P0AEX9--4giz__C1_P03126,11,2,0,0,0.5859516972583366,87.3125,True,0.753272533416748
4giz__A1_P0AEX9--4giz__C1_P03126,12,4,0,0,0.5903870457489399,87.125,True,0.9862161874771118
4giz__A1_P0AEX9--4giz__C1_P03126,13,1,2,0,0.5450519516529532,87.0625,True,0.9690172672271729
4giz__A1_P0AEX9--4giz__C1_P03126,14,1,0,0,0.5329075236943774,87.0,True,0.9377198219299316
4giz__A1_P0AEX9--4giz__C1_P03126,15,4,1,0,0.6241557230153195,86.6875,True,0.9237990379333496
4giz__A1_P0AEX9--4giz__C1_P03126,16,4,2,0,0.6158092209998829,86.4375,True,0.878189206123352
4giz__A1_P0AEX9--4giz__C1_P03126,17,1,3,0,0.539636466450312,86.4375,True,0.9143244624137878
4giz__A1_P0AEX9--4giz__C1_P03126,18,3,0,0,0.5745628013458383,86.4375,True,0.9614213705062866
4giz__A1_P0AEX9--4giz__C1_P03126,19,4,3,0,0.6186173875749376,86.1875,True,0.9202683568000793
4giz__A1_P0AEX9--4giz__C1_P03126,20,3,3,0,0.5814241678112406,85.6875,True,0.9829896092414856
4gof__A1_O43765--4gof__B1_O43765,1,3,3,4,0.4147329133970719,79.5625,True,0.91824871301651
4gof__A1_O43765--4gof__B1_O43765,2,5,3,4,0.4295961587893575,79.375,True,0.9176691174507141
4gof__A1_O43765--4gof__B1_O43765,3,5,2,4,0.418671200325186,79.3125,True,0.8587535619735718
4gof__A1_O43765--4gof__B1_O43765,4,5,1,4,0.4242530991381357,79.3125,True,0.8940023183822632
4gof__A1_O43765--4gof__B1_O43765,5,2,1,4,0.4063726418156119,79.25,True,0.9539629220962524
4gof__A1_O43765--4gof__B1_O43765,6,3,2,4,0.4254520976257589,79.1875,True,0.9110605120658875
4gof__A1_O43765--4gof__B1_O43765,7,5,0,4,0.4186674457536402,79.1875,True,0.8940575122833252
4gof__A1_O43765--4gof__B1_O43765,8,2,3,4,0.4315002350552354,78.9375,True,0.9539629220962524
4gof__A1_O43765--4gof__B1_O43765,9,2,2,4,0.4216389886200137,78.9375,True,0.9539629220962524
4gof__A1_O43765--4gof__B1_O43765,10,3,0,4,0.4134779894355103,78.9375,True,0.869003415107727
4gof__A1_O43765--4gof__B1_O43765,11,2,0,4,0.4207988866679637,78.875,True,0.9539629220962524
4gof__A1_O43765--4gof__B1_O43765,12,4,0,4,0.5720206392465779,78.8125,True,0.9118107557296753
4gof__A1_O43765--4gof__B1_O43765,13,4,2,4,0.574612337795506,78.6875,True,0.9072695374488831
4gof__A1_O43765--4gof__B1_O43765,14,4,3,4,0.5650235863686972,78.6875,True,0.9072695374488831
4gof__A1_O43765--4gof__B1_O43765,15,4,1,4,0.5460818249464189,78.625,True,0.9072695374488831
4gof__A1_O43765--4gof__B1_O43765,16,1,3,4,0.4340204102486074,78.25,True,0.8869310617446899
4gof__A1_O43765--4gof__B1_O43765,17,1,2,4,0.43854751168066,78.125,True,0.8874154686927795
4gof__A1_O43765--4gof__B1_O43765,18,3,1,4,0.408569560935507,78.125,True,0.9110605120658875
4gof__A1_O43765--4gof__B1_O43765,19,1,0,4,0.4416535157729759,78.125,True,0.8874154686927795
4gof__A1_O43765--4gof__B1_O43765,20,1,1,4,0.4414268222623713,77.8125,True,0.8874154686927795
4har__A1_P08563--4har__B1_P08563,1,3,1,2,0.4208076332640856,89.875,True,0.8899279832839966
4har__A1_P08563--4har__B1_P08563,2,4,2,2,0.4066454767376503,89.625,True,0.9474341869354248
4har__A1_P08563--4har__B1_P08563,3,3,3,2,0.4258501300326172,88.8125,True,0.8680713176727295
4har__A1_P08563--4har__B1_P08563,4,5,0,2,0.4126154968249922,87.625,True,0.9508233666419983
4har__A1_P08563--4har__B1_P08563,5,4,3,2,0.4181739415644315,87.5625,True,0.9542004466056824
4har__A1_P08563--4har__B1_P08563,6,5,1,2,0.413167012369403,87.3125,True,0.9511737823486328
4har__A1_P08563--4har__B1_P08563,7,5,2,2,0.415425732225775,87.25,True,0.9638108611106873
4har__A1_P08563--4har__B1_P08563,8,5,3,2,0.4209260407223493,87.1875,True,0.9207359552383423
4har__A1_P08563--4har__B1_P08563,9,4,1,2,0.4273847899309829,85.6875,True,0.9593159556388855
4har__A1_P08563--4har__B1_P08563,10,1,3,2,0.4212047934791043,85.5,True,0.9267028570175171
4har__A1_P08563--4har__B1_P08563,11,1,0,2,0.4374546737580618,84.875,True,0.9415603876113892
4har__A1_P08563--4har__B1_P08563,12,4,0,2,0.4145276458322257,84.8125,True,0.9789336919784546
4har__A1_P08563--4har__B1_P08563,13,1,1,2,0.4305671769240507,84.5,True,0.9924610257148743
4har__A1_P08563--4har__B1_P08563,14,3,2,2,0.4256565428791699,84.1875,True,0.9489920735359192
4har__A1_P08563--4har__B1_P08563,15,3,0,2,0.4542990499414983,83.5625,True,0.9445717930793762
4har__A1_P08563--4har__B1_P08563,16,2,0,2,0.4397203262300518,83.5,True,0.8956736326217651
4har__A1_P08563--4har__B1_P08563,17,1,2,2,0.4359683988863295,83.25,True,0.8692653775215149
4har__A1_P08563--4har__B1_P08563,18,2,1,2,0.4353136342172028,82.75,True,0.9852657914161682
4har__A1_P08563--4har__B1_P08563,19,2,3,2,0.4335177895763422,82.625,True,0.8964231610298157
4har__A1_P08563--4har__B1_P08563,20,2,2,2,0.4318700130539046,81.4375,True,0.842622697353363
4hg6__A1_Q3J125--4hg6__B1_Q3J126,1,1,2,2,0.3857667217359184,85.1875,True,0.8790083527565002
4hg6__A1_Q3J125--4hg6__B1_Q3J126,2,2,2,2,0.4177159896282829,84.9375,True,0.8743888139724731
4hg6__A1_Q3J125--4hg6__B1_Q3J126,3,4,3,2,0.390658278049585,84.9375,True,0.8825860619544983
4hg6__A1_Q3J125--4hg6__B1_Q3J126,4,4,1,2,0.3836652340712654,84.875,True,0.8950369954109192
4hg6__A1_Q3J125--4hg6__B1_Q3J126,5,2,3,2,0.4190216147403642,84.75,True,0.8704016208648682
4hg6__A1_Q3J125--4hg6__B1_Q3J126,6,1,0,2,0.3879562399040757,84.6875,True,0.8871917128562927
4hg6__A1_Q3J125--4hg6__B1_Q3J126,7,1,3,2,0.3854242336281281,84.5625,True,0.8702236413955688
4hg6__A1_Q3J125--4hg6__B1_Q3J126,8,4,2,2,0.3833434328429148,84.5,True,0.8784013986587524
4hg6__A1_Q3J125--4hg6__B1_Q3J126,9,2,0,2,0.4106912132083569,84.4375,True,0.8632065653800964
4hg6__A1_Q3J125--4hg6__B1_Q3J126,10,2,1,2,0.4076764130625088,84.4375,True,0.855783224105835
4hg6__A1_Q3J125--4hg6__B1_Q3J126,11,1,1,2,0.3866226353441446,84.3125,True,0.8715848922729492
4hg6__A1_Q3J125--4hg6__B1_Q3J126,12,4,0,2,0.3937963508543982,84.125,True,0.8713537454605103
4hg6__A1_Q3J125--4hg6__B1_Q3J126,13,3,3,2,0.3770860837695735,83.9375,True,0.8974120020866394
4hg6__A1_Q3J125--4hg6__B1_Q3J126,14,3,1,2,0.3791140378121677,83.875,True,0.8971889615058899
4hg6__A1_Q3J125--4hg6__B1_Q3J126,15,3,0,2,0.3815892519356321,83.3125,True,0.8943142890930176
4hg6__A1_Q3J125--4hg6__B1_Q3J126,16,3,2,2,0.3783140070181325,83.1875,True,0.884243369102478
4hg6__A1_Q3J125--4hg6__B1_Q3J126,17,5,1,2,0.3840422421084331,81.625,True,0.8895396590232849
4hg6__A1_Q3J125--4hg6__B1_Q3J126,18,5,3,2,0.3817712166332317,81.3125,True,0.8751324415206909
4hg6__A1_Q3J125--4hg6__B1_Q3J126,19,5,2,2,0.3832201083668442,81.0,True,0.8869152665138245
4hg6__A1_Q3J125--4hg6__B1_Q3J126,20,5,0,2,0.3888967626387593,80.6875,True,0.8302443623542786
4hj1__A1_P03518--4hj1__B1_P03518,1,4,2,0,0.0035151538857912,29.859375,False,0.002020275918766856
4hj1__A1_P03518--4hj1__B1_P03518,2,4,1,0,0.0034668302572091,29.125,False,0.22322314977645874
4hj1__A1_P03518--4hj1__B1_P03518,3,2,3,0,0.0035427861444207,28.3125,False,0.8783423900604248
4hj1__A1_P03518--4hj1__B1_P03518,4,4,0,0,0.003507386980475,25.96875,False,0.9110291600227356
4hj1__A1_P03518--4hj1__B1_P03518,5,5,2,0,0.0036184287047712,25.484375,False,0.39800402522087097
4hj1__A1_P03518--4hj1__B1_P03518,6,4,3,0,0.0034177782936305,24.828125,False,0.8220105767250061
4hj1__A1_P03518--4hj1__B1_P03518,7,1,3,0,0.0035532900101747,24.671875,False,8.229930972447619e-05
4hj1__A1_P03518--4hj1__B1_P03518,8,5,0,0,0.0035908643074182,24.625,False,0.1794181764125824
4hj1__A1_P03518--4hj1__B1_P03518,9,5,3,0,0.0035907524492797,24.609375,False,0.004538308829069138
4hj1__A1_P03518--4hj1__B1_P03518,10,5,1,0,0.0035325971405094,24.609375,False,0.00026589975459501147
4hj1__A1_P03518--4hj1__B1_P03518,11,1,1,0,0.0034592287785452,24.484375,False,0.4473714232444763
4hj1__A1_P03518--4hj1__B1_P03518,12,1,2,0,0.0035231070609716,24.28125,False,0.00010096487676491961
4hj1__A1_P03518--4hj1__B1_P03518,13,2,1,0,0.0034428114797173,23.46875,False,0.943226158618927
4hj1__A1_P03518--4hj1__B1_P03518,14,2,2,0,0.0034646973795142,23.046875,False,0.7363058924674988
4hj1__A1_P03518--4hj1__B1_P03518,15,1,0,0,0.0035036862539082,22.4375,False,0.7351384162902832
4hj1__A1_P03518--4hj1__B1_P03518,16,2,0,0,0.0035108067240047,22.140625,False,0.001341876806691289
4hj1__A1_P03518--4hj1__B1_P03518,17,3,3,0,0.0848342573666594,19.921875,False,0.019091522321105003
4hj1__A1_P03518--4hj1__B1_P03518,18,3,1,0,0.0040170207125511,18.6875,False,0.0067338719964027405
4hj1__A1_P03518--4hj1__B1_P03518,19,3,0,0,0.0075778767733405,17.921875,False,0.02765848860144615
4hj1__A1_P03518--4hj1__B1_P03518,20,3,2,0,0.0053415735719804,17.765625,False,0.08323776721954346
4hme__A1_B1VBB0--4hme__A2_B1VBB0,1,2,0,2,0.4880846019797027,83.1875,True,0.050335805863142014
4hme__A1_B1VBB0--4hme__A2_B1VBB0,2,4,0,2,0.5260894523443271,78.9375,True,0.10940513014793396
4hme__A1_B1VBB0--4hme__A2_B1VBB0,3,4,1,2,0.5437367495462156,78.375,True,0.11289885640144348
4hme__A1_B1VBB0--4hme__A2_B1VBB0,4,1,2,2,0.5163775248359417,67.625,True,0.07382579892873764
4hme__A1_B1VBB0--4hme__A2_B1VBB0,5,1,3,2,0.0417801164140708,22.25,False,0.004816065076738596
4hme__A1_B1VBB0--4hme__A2_B1VBB0,6,1,0,2,0.0407575708570016,21.9375,False,0.016358554363250732
4hme__A1_B1VBB0--4hme__A2_B1VBB0,7,1,1,2,0.0218311477101926,21.453125,False,0.0032946451101452112
4hme__A1_B1VBB0--4hme__A2_B1VBB0,8,2,1,2,0.055699142665388,21.09375,False,0.06839236617088318
4hme__A1_B1VBB0--4hme__A2_B1VBB0,9,3,2,2,0.013888929425828,19.984375,False,0.04955044761300087
4hme__A1_B1VBB0--4hme__A2_B1VBB0,10,3,1,2,0.0132320362064423,19.90625,False,0.01113878097385168
4hme__A1_B1VBB0--4hme__A2_B1VBB0,11,2,2,2,0.0168090343635256,19.53125,False,0.046198517084121704
4hme__A1_B1VBB0--4hme__A2_B1VBB0,12,3,0,2,0.0416309279163476,19.375,False,0.028225474059581757
4hme__A1_B1VBB0--4hme__A2_B1VBB0,13,3,3,2,0.0122051681271056,19.34375,False,0.01164933666586876
4hme__A1_B1VBB0--4hme__A2_B1VBB0,14,4,2,2,0.0242255632492899,19.3125,False,0.03224334493279457
4hme__A1_B1VBB0--4hme__A2_B1VBB0,15,2,3,2,0.0220491413754349,19.203125,False,0.038993898779153824
4hme__A1_B1VBB0--4hme__A2_B1VBB0,16,4,3,2,0.0154944469562635,18.828125,False,0.024322981014847755
4hme__A1_B1VBB0--4hme__A2_B1VBB0,17,5,1,2,0.0230295608686747,18.671875,False,0.007088278885930777
4hme__A1_B1VBB0--4hme__A2_B1VBB0,18,5,3,2,0.0161555468058694,18.65625,False,0.062008198350667953
4hme__A1_B1VBB0--4hme__A2_B1VBB0,19,5,0,2,0.0083150871331921,18.578125,False,0.05988193303346634
4hme__A1_B1VBB0--4hme__A2_B1VBB0,20,5,2,2,0.0379290860852111,17.390625,False,0.04406090825796127
4ip3__A1_Q8VSD5--4ip3__B1_P61088,1,4,0,1,0.6119264049097262,88.875,True,0.6092368960380554
4ip3__A1_Q8VSD5--4ip3__B1_P61088,2,3,2,1,0.571684751676512,87.1875,True,0.6498878598213196
4ip3__A1_Q8VSD5--4ip3__B1_P61088,3,4,1,1,0.5964460763565373,87.0,True,0.6671799421310425
4ip3__A1_Q8VSD5--4ip3__B1_P61088,4,4,2,1,0.5456739706486665,86.5625,True,0.4347672462463379
4ip3__A1_Q8VSD5--4ip3__B1_P61088,5,5,2,1,0.5711407139903767,86.0,True,0.5284635424613953
4ip3__A1_Q8VSD5--4ip3__B1_P61088,6,3,1,1,0.5918332152919805,85.9375,True,0.5102723240852356
4ip3__A1_Q8VSD5--4ip3__B1_P61088,7,5,1,1,0.5806206219397905,84.75,True,0.9757103323936462
4ip3__A1_Q8VSD5--4ip3__B1_P61088,8,3,3,1,0.5431024314106311,84.6875,True,0.5827696919441223
4ip3__A1_Q8VSD5--4ip3__B1_P61088,9,5,0,1,0.5964026407854157,84.5625,True,0.5278330445289612
4ip3__A1_Q8VSD5--4ip3__B1_P61088,10,3,0,1,0.623184770304421,84.0625,True,0.8590127229690552
4ip3__A1_Q8VSD5--4ip3__B1_P61088,11,5,3,1,0.5780311007396494,83.6875,True,0.808039665222168
4ip3__A1_Q8VSD5--4ip3__B1_P61088,12,1,2,1,0.5864313938787655,83.25,True,0.6733976006507874
4ip3__A1_Q8VSD5--4ip3__B1_P61088,13,1,3,1,0.5814446848305495,83.0,True,0.7531264424324036
4ip3__A1_Q8VSD5--4ip3__B1_P61088,14,1,0,1,0.6013899158646235,82.875,True,0.8711047172546387
4ip3__A1_Q8VSD5--4ip3__B1_P61088,15,4,3,1,0.5112356943948712,82.375,True,0.20552197098731995
4ip3__A1_Q8VSD5--4ip3__B1_P61088,16,1,1,1,0.5938460819646586,82.3125,True,0.8044020533561707
4ip3__A1_Q8VSD5--4ip3__B1_P61088,17,2,3,1,0.504759732101447,75.8125,True,0.8312833309173584
4ip3__A1_Q8VSD5--4ip3__B1_P61088,18,2,1,1,0.5435588361538753,73.375,True,0.6652592420578003
4ip3__A1_Q8VSD5--4ip3__B1_P61088,19,2,0,1,0.4824762348643198,69.6875,True,0.5539288520812988
4ip3__A1_Q8VSD5--4ip3__B1_P61088,20,2,2,1,0.4829359980008132,65.375,True,0.8384096622467041
4iu2__B1_A0AEF5--4iu2__A1_A0AEF6,1,1,2,2,0.0276052766435953,60.9375,False,0.1559029370546341
4iu2__B1_A0AEF5--4iu2__A1_A0AEF6,2,3,1,2,0.0274892115570081,60.3125,False,0.17448706924915314
4iu2__B1_A0AEF5--4iu2__A1_A0AEF6,3,2,1,2,0.0276394877351414,59.75,False,0.7675672769546509
4iu2__B1_A0AEF5--4iu2__A1_A0AEF6,4,2,0,2,0.0276556631579025,59.1875,False,0.06508641690015793
4iu2__B1_A0AEF5--4iu2__A1_A0AEF6,5,1,1,2,0.0274887047619279,59.1875,False,0.28510087728500366
4iu2__B1_A0AEF5--4iu2__A1_A0AEF6,6,5,0,2,0.027534948423193,54.6875,False,0.21238838136196136
4iu2__B1_A0AEF5--4iu2__A1_A0AEF6,7,1,0,2,0.66739305827112,54.65625,True,0.3350939154624939
4iu2__B1_A0AEF5--4iu2__A1_A0AEF6,8,5,3,2,0.6513355670381086,54.0,True,0.45208337903022766
4iu2__B1_A0AEF5--4iu2__A1_A0AEF6,9,3,2,2,0.0277782133989632,52.4375,False,0.7754673361778259
4iu2__B1_A0AEF5--4iu2__A1_A0AEF6,10,1,3,2,0.0279743848155531,52.28125,False,0.07893233001232147
4iu2__B1_A0AEF5--4iu2__A1_A0AEF6,11,2,2,2,0.0279780236151477,48.75,False,0.011310538277029991
4iu2__B1_A0AEF5--4iu2__A1_A0AEF6,12,4,2,2,0.0281023375386737,46.1875,False,0.07227647304534912
4iu2__B1_A0AEF5--4iu2__A1_A0AEF6,13,2,3,2,0.0281869849128197,45.46875,False,0.07047289609909058
4iu2__B1_A0AEF5--4iu2__A1_A0AEF6,14,4,3,2,0.0280929038564266,45.03125,False,0.08147242665290833
4iu2__B1_A0AEF5--4iu2__A1_A0AEF6,15,4,0,2,0.0281659549440556,45.0,False,0.08147242665290833
4iu2__B1_A0AEF5--4iu2__A1_A0AEF6,16,4,1,2,0.6238618642060251,43.875,True,0.3365567922592163
4iu2__B1_A0AEF5--4iu2__A1_A0AEF6,17,5,1,2,0.0282245244969117,42.96875,False,0.17280793190002441
4iu2__B1_A0AEF5--4iu2__A1_A0AEF6,18,5,2,2,0.0285579143431911,39.90625,False,0.586124837398529
4iu2__B1_A0AEF5--4iu2__A1_A0AEF6,19,3,3,2,0.6777874496590294,39.15625,True,0.5230242609977722
4iu2__B1_A0AEF5--4iu2__A1_A0AEF6,20,3,0,2,0.6244627706831989,36.65625,True,0.6348085403442383
4jnh__B1_P14349--4jnh__A1_P14349,1,2,1,0,0.4888419001555908,53.15625,True,0.5965840816497803
4jnh__B1_P14349--4jnh__A1_P14349,2,4,2,0,0.4444233735529669,49.15625,True,0.5964128971099854
4jnh__B1_P14349--4jnh__A1_P14349,3,4,0,0,0.3989456125006183,38.75,True,0.7502859234809875
4jnh__B1_P14349--4jnh__A1_P14349,4,4,3,0,0.2895979207689134,37.8125,True,0.46479129791259766
4jnh__B1_P14349--4jnh__A1_P14349,5,4,1,0,0.3226150885458913,29.578125,True,0.2161325216293335
4jnh__B1_P14349--4jnh__A1_P14349,6,5,1,0,0.3527446467102792,23.40625,True,0.15949532389640808
4jnh__B1_P14349--4jnh__A1_P14349,7,1,3,0,0.1629884745068217,21.171875,False,0.127401664853096
4jnh__B1_P14349--4jnh__A1_P14349,8,3,3,0,0.1347170342070913,21.125,False,0.09517090022563934
4jnh__B1_P14349--4jnh__A1_P14349,9,2,0,0,0.1099553576581633,20.5625,False,0.10555020719766617
4jnh__B1_P14349--4jnh__A1_P14349,10,1,1,0,0.2202328553734136,20.265625,False,0.06970123946666718
4jnh__B1_P14349--4jnh__A1_P14349,11,1,0,0,0.2782204419842972,19.9375,True,0.31938204169273376
4jnh__B1_P14349--4jnh__A1_P14349,12,3,2,0,0.0236310756351365,19.859375,False,0.055036477744579315
4jnh__B1_P14349--4jnh__A1_P14349,13,1,2,0,0.1323197392432169,19.203125,False,0.10429209470748901
4jnh__B1_P14349--4jnh__A1_P14349,14,2,3,0,0.2988217150021988,19.15625,True,0.06751720607280731
4jnh__B1_P14349--4jnh__A1_P14349,15,2,2,0,0.1914729215373067,18.734375,False,0.16388510167598724
4jnh__B1_P14349--4jnh__A1_P14349,16,5,0,0,0.3128456949915418,18.40625,True,0.2979092001914978
4jnh__B1_P14349--4jnh__A1_P14349,17,3,1,0,0.026160198691136,18.375,False,0.0051354411989450455
4jnh__B1_P14349--4jnh__A1_P14349,18,3,0,0,0.1305625763885121,17.609375,False,0.025788158178329468
4jnh__B1_P14349--4jnh__A1_P14349,19,5,2,0,0.0250757100022609,17.203125,False,0.05944576486945152
4jnh__B1_P14349--4jnh__A1_P14349,20,5,3,0,0.036886817295663,16.8125,False,0.015262424945831299
4k5a__A1_Q1RMX3--4k5a__B1_UNDEFINED,1,3,0,3,0.6443388032278526,69.125,True,0.8169366121292114
4k5a__A1_Q1RMX3--4k5a__B1_UNDEFINED,2,5,2,3,0.5622105558754217,68.75,True,0.8905572891235352
4k5a__A1_Q1RMX3--4k5a__B1_UNDEFINED,3,5,3,3,0.5607405501170308,68.5625,True,0.6543344259262085
4k5a__A1_Q1RMX3--4k5a__B1_UNDEFINED,4,3,2,3,0.6504681767723354,68.25,True,0.8788745403289795
4k5a__A1_Q1RMX3--4k5a__B1_UNDEFINED,5,1,0,3,0.655671317572076,67.75,True,0.6670376062393188
4k5a__A1_Q1RMX3--4k5a__B1_UNDEFINED,6,1,1,3,0.6230409607989128,67.5625,True,0.6777991652488708
4k5a__A1_Q1RMX3--4k5a__B1_UNDEFINED,7,3,3,3,0.6489843464160652,67.5,True,0.8171181082725525
4k5a__A1_Q1RMX3--4k5a__B1_UNDEFINED,8,1,3,3,0.6364984234987514,67.125,True,0.6737121343612671
4k5a__A1_Q1RMX3--4k5a__B1_UNDEFINED,9,4,1,3,0.6139680448710635,67.0625,True,0.9356986880302429
4k5a__A1_Q1RMX3--4k5a__B1_UNDEFINED,10,1,2,3,0.6242971334675068,66.625,True,0.7942751049995422
4k5a__A1_Q1RMX3--4k5a__B1_UNDEFINED,11,5,1,3,0.5645160321754099,65.5625,True,0.7029980421066284
4k5a__A1_Q1RMX3--4k5a__B1_UNDEFINED,12,5,0,3,0.5593659990931363,65.3125,True,0.7454313635826111
4k5a__A1_Q1RMX3--4k5a__B1_UNDEFINED,13,3,1,3,0.6760137549288946,65.0,True,0.810097336769104
4k5a__A1_Q1RMX3--4k5a__B1_UNDEFINED,14,4,3,3,0.6233160102032623,64.1875,True,0.8418740630149841
4k5a__A1_Q1RMX3--4k5a__B1_UNDEFINED,15,2,3,3,0.6387953928391782,64.0625,True,0.8211966156959534
4k5a__A1_Q1RMX3--4k5a__B1_UNDEFINED,16,2,2,3,0.5786569903552343,63.96875,True,0.8087312579154968
4k5a__A1_Q1RMX3--4k5a__B1_UNDEFINED,17,4,2,3,0.6362862640561592,63.9375,True,0.8997095227241516
4k5a__A1_Q1RMX3--4k5a__B1_UNDEFINED,18,2,0,3,0.5737358224503387,63.71875,True,0.7479259371757507
4k5a__A1_Q1RMX3--4k5a__B1_UNDEFINED,19,2,1,3,0.583563235398353,62.28125,True,0.7310646772384644
4k5a__A1_Q1RMX3--4k5a__B1_UNDEFINED,20,4,0,3,0.6223141880512764,62.21875,True,0.8677412867546082
4k8w__A1_Q8RP52--4k8w__A2_Q8RP52,1,4,3,1,0.5262152136621386,86.0625,True,0.06886745244264603
4k8w__A1_Q8RP52--4k8w__A2_Q8RP52,2,2,2,1,0.0983818424252143,70.6875,False,0.0012773782946169376
4k8w__A1_Q8RP52--4k8w__A2_Q8RP52,3,4,2,1,0.3638717491966118,68.125,True,0.10168599337339401
4k8w__A1_Q8RP52--4k8w__A2_Q8RP52,4,2,3,1,0.0942438022708254,64.6875,False,0.0010032854042947292
4k8w__A1_Q8RP52--4k8w__A2_Q8RP52,5,1,3,1,0.1343772313194026,64.5,False,0.00035217561526224017
4k8w__A1_Q8RP52--4k8w__A2_Q8RP52,6,4,0,1,0.3149200456404455,61.75,True,0.18507663905620575
4k8w__A1_Q8RP52--4k8w__A2_Q8RP52,7,2,0,1,0.1700223213597326,51.15625,False,0.05780781805515289
4k8w__A1_Q8RP52--4k8w__A2_Q8RP52,8,4,1,1,0.2056567645060663,50.9375,False,0.0017444146797060966
4k8w__A1_Q8RP52--4k8w__A2_Q8RP52,9,5,2,1,0.0803189575704954,49.5625,False,0.051972873508930206
4k8w__A1_Q8RP52--4k8w__A2_Q8RP52,10,2,1,1,0.1739268455031153,48.71875,False,0.005746499169617891
4k8w__A1_Q8RP52--4k8w__A2_Q8RP52,11,1,2,1,0.1580182296679843,46.84375,False,0.19889570772647858
4k8w__A1_Q8RP52--4k8w__A2_Q8RP52,12,5,0,1,0.0571973927490292,40.5,False,0.07537166774272919
4k8w__A1_Q8RP52--4k8w__A2_Q8RP52,13,5,3,1,0.0753753200201384,36.96875,False,0.08678979426622391
4k8w__A1_Q8RP52--4k8w__A2_Q8RP52,14,3,2,1,0.2005752320097802,33.5,False,0.04660525172948837
4k8w__A1_Q8RP52--4k8w__A2_Q8RP52,15,3,3,1,0.1712440324394693,32.59375,False,0.044987015426158905
4k8w__A1_Q8RP52--4k8w__A2_Q8RP52,16,1,0,1,0.1687560771820106,29.484375,False,0.039797455072402954
4k8w__A1_Q8RP52--4k8w__A2_Q8RP52,17,5,1,1,0.0434924681479715,29.15625,False,0.0011652318062260747
4k8w__A1_Q8RP52--4k8w__A2_Q8RP52,18,1,1,1,0.3597209819143956,28.78125,True,0.1025354415178299
4k8w__A1_Q8RP52--4k8w__A2_Q8RP52,19,3,0,1,0.1802139355835795,23.953125,False,0.13061808049678802
4k8w__A1_Q8RP52--4k8w__A2_Q8RP52,20,3,1,1,0.1621758822504099,23.90625,False,0.2983649969100952
4kk1__A1_Q09778--4kk1__B1_Q09778,1,4,3,1,0.0193862138413704,59.34375,False,0.9317269325256348
4kk1__A1_Q09778--4kk1__B1_Q09778,2,4,2,1,0.019450858923769,52.375,False,0.9629155993461609
4kk1__A1_Q09778--4kk1__B1_Q09778,3,2,0,1,0.0196239463893595,49.0,False,0.9296577572822571
4kk1__A1_Q09778--4kk1__B1_Q09778,4,2,2,1,0.0194168087245655,48.65625,False,0.9350051283836365
4kk1__A1_Q09778--4kk1__B1_Q09778,5,2,3,1,0.0196377831146855,47.71875,False,0.920543909072876
4kk1__A1_Q09778--4kk1__B1_Q09778,6,4,0,1,0.0194932829980244,46.5,False,0.9578230977058411
4kk1__A1_Q09778--4kk1__B1_Q09778,7,2,1,1,0.0196147603312719,46.125,False,0.8650579452514648
4kk1__A1_Q09778--4kk1__B1_Q09778,8,4,1,1,0.0193959155612893,43.1875,False,0.9578230977058411
4kk1__A1_Q09778--4kk1__B1_Q09778,9,1,3,1,0.027639700930236,42.0,False,0.9222148060798645
4kk1__A1_Q09778--4kk1__B1_Q09778,10,1,2,1,0.0276442098041711,39.875,False,0.8927856087684631
4kk1__A1_Q09778--4kk1__B1_Q09778,11,5,0,1,0.0197393770965935,38.65625,False,0.8622074723243713
4kk1__A1_Q09778--4kk1__B1_Q09778,12,1,1,1,0.0402461678942623,38.40625,False,0.8351699113845825
4kk1__A1_Q09778--4kk1__B1_Q09778,13,5,3,1,0.0281014688198326,36.5,False,0.937900960445404
4kk1__A1_Q09778--4kk1__B1_Q09778,14,5,1,1,0.0282026751489255,36.21875,False,0.937900960445404
4kk1__A1_Q09778--4kk1__B1_Q09778,15,1,0,1,0.0446430093034657,35.78125,False,0.7330597639083862
4kk1__A1_Q09778--4kk1__B1_Q09778,16,3,0,1,0.036157432138508,33.375,False,0.9110184907913208
4kk1__A1_Q09778--4kk1__B1_Q09778,17,3,1,1,0.0360522311080423,31.90625,False,0.9344339370727539
4kk1__A1_Q09778--4kk1__B1_Q09778,18,3,2,1,0.0401690963476361,31.703125,False,0.9552561640739441
4kk1__A1_Q09778--4kk1__B1_Q09778,19,5,2,1,0.0364268737826188,30.890625,False,0.8089898228645325
4kk1__A1_Q09778--4kk1__B1_Q09778,20,3,3,1,0.0442794574310912,29.625,False,0.6489373445510864
4kun__A1_UNDEFINED--4kun__B1_UNDEFINED,1,2,2,3,0.2816439575412967,86.6875,True,0.46051380038261414
4kun__A1_UNDEFINED--4kun__B1_UNDEFINED,2,2,0,3,0.2840932947062117,85.3125,True,0.37428924441337585
4kun__A1_UNDEFINED--4kun__B1_UNDEFINED,3,4,1,3,0.7605846224731924,81.0,True,0.9993252754211426
4kun__A1_UNDEFINED--4kun__B1_UNDEFINED,4,5,3,3,0.7522947017003824,79.5625,True,0.9996626377105713
4kun__A1_UNDEFINED--4kun__B1_UNDEFINED,5,4,3,3,0.7548433399370303,79.4375,True,0.9994040727615356
4kun__A1_UNDEFINED--4kun__B1_UNDEFINED,6,5,0,3,0.7484130618160071,79.1875,True,0.9996626377105713
4kun__A1_UNDEFINED--4kun__B1_UNDEFINED,7,4,2,3,0.7489993628912348,78.6875,True,0.9996626377105713
4kun__A1_UNDEFINED--4kun__B1_UNDEFINED,8,4,0,3,0.7340122798329084,78.625,True,0.9999899864196777
4kun__A1_UNDEFINED--4kun__B1_UNDEFINED,9,5,2,3,0.7294108008857171,78.3125,True,0.9951227307319641
4kun__A1_UNDEFINED--4kun__B1_UNDEFINED,10,5,1,3,0.8363534932275748,77.6875,True,0.9017345309257507
4kun__A1_UNDEFINED--4kun__B1_UNDEFINED,11,3,2,3,0.7831235755612616,77.5625,True,0.9808019995689392
4kun__A1_UNDEFINED--4kun__B1_UNDEFINED,12,3,3,3,0.7980120648392135,76.0,True,0.2692757248878479
4kun__A1_UNDEFINED--4kun__B1_UNDEFINED,13,3,0,3,0.7597144042846334,74.75,True,0.9930034279823303
4kun__A1_UNDEFINED--4kun__B1_UNDEFINED,14,3,1,3,0.8070577707630558,74.0625,True,0.6067891716957092
4kun__A1_UNDEFINED--4kun__B1_UNDEFINED,15,1,3,3,0.7712085846352291,71.4375,True,0.18095721304416656
4kun__A1_UNDEFINED--4kun__B1_UNDEFINED,16,1,0,3,0.7388556141112245,70.3125,True,0.7913329601287842
4kun__A1_UNDEFINED--4kun__B1_UNDEFINED,17,1,2,3,0.7314754506693708,69.5625,True,0.9383344650268555
4kun__A1_UNDEFINED--4kun__B1_UNDEFINED,18,1,1,3,0.7614693978670334,67.25,True,0.5639404058456421
4kun__A1_UNDEFINED--4kun__B1_UNDEFINED,19,2,1,3,0.7402379908853528,60.375,True,0.7773135900497437
4kun__A1_UNDEFINED--4kun__B1_UNDEFINED,20,2,3,3,0.7236768971447874,56.03125,True,0.2783176898956299
4l4x__A1_Q93NX9--4l4x__A2_Q93NX9,1,5,0,0,0.0768369340453875,68.1875,False,0.8746451735496521
4l4x__A1_Q93NX9--4l4x__A2_Q93NX9,2,1,1,0,0.0622877375637178,62.53125,False,0.9882385730743408
4l4x__A1_Q93NX9--4l4x__A2_Q93NX9,3,2,1,0,0.0378894840162784,62.21875,False,0.9545820951461792
4l4x__A1_Q93NX9--4l4x__A2_Q93NX9,4,2,3,0,0.0376892425977578,61.65625,False,0.9587615132331848
4l4x__A1_Q93NX9--4l4x__A2_Q93NX9,5,1,0,0,0.0778109877160642,61.09375,False,0.9676246643066406
4l4x__A1_Q93NX9--4l4x__A2_Q93NX9,6,1,2,0,0.0780441545101042,60.46875,False,0.9232735633850098
4l4x__A1_Q93NX9--4l4x__A2_Q93NX9,7,2,2,0,0.0371487079169684,60.15625,False,0.9042871594429016
4l4x__A1_Q93NX9--4l4x__A2_Q93NX9,8,1,3,0,0.0537846636974245,54.9375,False,0.937210738658905
4l4x__A1_Q93NX9--4l4x__A2_Q93NX9,9,3,1,0,0.0986883383816717,28.90625,False,0.22672845423221588
4l4x__A1_Q93NX9--4l4x__A2_Q93NX9,10,3,3,0,0.0710614848685511,28.828125,False,0.011254759505391121
4l4x__A1_Q93NX9--4l4x__A2_Q93NX9,11,5,3,0,0.2490743172930863,27.859375,True,0.05476333200931549
4l4x__A1_Q93NX9--4l4x__A2_Q93NX9,12,3,0,0,0.1012224266622181,27.65625,False,0.17480939626693726
4l4x__A1_Q93NX9--4l4x__A2_Q93NX9,13,3,2,0,0.1058385294226383,27.578125,False,0.17295685410499573
4l4x__A1_Q93NX9--4l4x__A2_Q93NX9,14,2,0,0,0.1645782188449719,27.5625,False,0.035552702844142914
4l4x__A1_Q93NX9--4l4x__A2_Q93NX9,15,4,1,0,0.1315283971327777,26.75,False,0.12402822077274323
4l4x__A1_Q93NX9--4l4x__A2_Q93NX9,16,5,2,0,0.1787802916103423,26.40625,False,0.03603183478116989
4l4x__A1_Q93NX9--4l4x__A2_Q93NX9,17,4,3,0,0.0809381171197715,26.359375,False,0.13001319766044617
4l4x__A1_Q93NX9--4l4x__A2_Q93NX9,18,4,0,0,0.0742079492576591,26.1875,False,0.14133958518505096
4l4x__A1_Q93NX9--4l4x__A2_Q93NX9,19,4,2,0,0.0794437217133219,25.9375,False,0.2167694866657257
4l4x__A1_Q93NX9--4l4x__A2_Q93NX9,20,5,1,0,0.1248042364473218,24.8125,False,0.028798988088965416
4l9i__A1_P28327--4l9i__B1_P28327,1,4,3,4,0.0622548013796975,73.75,False,0.9999164342880249
4l9i__A1_P28327--4l9i__B1_P28327,2,4,1,4,0.0628522653114012,72.375,False,0.9994732737541199
4l9i__A1_P28327--4l9i__B1_P28327,3,4,2,4,0.0641735616918375,72.375,False,0.9987610578536987
4l9i__A1_P28327--4l9i__B1_P28327,4,1,1,4,0.0612841281168676,64.75,False,0.9888357520103455
4l9i__A1_P28327--4l9i__B1_P28327,5,3,2,4,0.063421110993908,57.53125,False,0.9999227523803711
4l9i__A1_P28327--4l9i__B1_P28327,6,3,0,4,0.0635087195595073,54.75,False,0.9999847412109375
4l9i__A1_P28327--4l9i__B1_P28327,7,3,1,4,0.0636317896222407,54.6875,False,0.9999653100967407
4l9i__A1_P28327--4l9i__B1_P28327,8,5,1,4,0.0081448021890042,28.953125,False,0.11524979025125504
4l9i__A1_P28327--4l9i__B1_P28327,9,5,3,4,0.0082250978167293,28.859375,False,0.0878305435180664
4l9i__A1_P28327--4l9i__B1_P28327,10,5,2,4,0.0083381869138536,28.703125,False,0.08942553400993347
4l9i__A1_P28327--4l9i__B1_P28327,11,1,2,4,0.0082951189497048,28.46875,False,0.19098235666751862
4l9i__A1_P28327--4l9i__B1_P28327,12,4,0,4,0.0148505441269542,27.953125,False,0.11065677553415298
4l9i__A1_P28327--4l9i__B1_P28327,13,1,3,4,0.0081202661914606,27.296875,False,0.22497527301311493
4l9i__A1_P28327--4l9i__B1_P28327,14,5,0,4,0.0078901093854088,26.84375,False,0.025430923327803612
4l9i__A1_P28327--4l9i__B1_P28327,15,1,0,4,0.0065771049997495,25.21875,False,0.007164162117987871
4l9i__A1_P28327--4l9i__B1_P28327,16,2,1,4,0.0044020218203042,24.875,False,0.03022933006286621
4l9i__A1_P28327--4l9i__B1_P28327,17,2,2,4,0.0042163470361575,24.40625,False,0.0044477395713329315
4l9i__A1_P28327--4l9i__B1_P28327,18,2,0,4,0.0045240718037207,24.28125,False,0.0400695726275444
4l9i__A1_P28327--4l9i__B1_P28327,19,2,3,4,0.0044294201289261,24.09375,False,0.030057553201913834
4l9i__A1_P28327--4l9i__B1_P28327,20,3,3,4,0.0049010312595226,23.703125,False,0.03977840021252632
4lo8__A1_Q8KHU9--4lo8__B1_Q45878,1,4,1,3,0.445963029444939,72.75,True,0.344306617975235
4lo8__A1_Q8KHU9--4lo8__B1_Q45878,2,1,0,3,0.3821761316925942,69.5625,True,0.024573247879743576
4lo8__A1_Q8KHU9--4lo8__B1_Q45878,3,2,3,3,0.3162140805419244,68.5625,True,0.01872858963906765
4lo8__A1_Q8KHU9--4lo8__B1_Q45878,4,1,3,3,0.5093388367062963,67.25,True,0.2593999207019806
4lo8__A1_Q8KHU9--4lo8__B1_Q45878,5,3,2,3,0.2494106190364758,66.5,True,0.9713738560676575
4lo8__A1_Q8KHU9--4lo8__B1_Q45878,6,4,2,3,0.2411055569742476,66.3125,True,0.05349572375416756
4lo8__A1_Q8KHU9--4lo8__B1_Q45878,7,5,0,3,0.3626205266042659,65.1875,True,0.8813662528991699
4lo8__A1_Q8KHU9--4lo8__B1_Q45878,8,2,0,3,0.3717084040767271,62.0,True,0.0011860907543450594
4lo8__A1_Q8KHU9--4lo8__B1_Q45878,9,3,3,3,0.1834392431803803,61.0625,False,0.6395278573036194
4lo8__A1_Q8KHU9--4lo8__B1_Q45878,10,3,0,3,0.2185982710980598,59.0,False,0.1616666167974472
4lo8__A1_Q8KHU9--4lo8__B1_Q45878,11,3,1,3,0.3042416116046327,58.28125,True,0.333665132522583
4lo8__A1_Q8KHU9--4lo8__B1_Q45878,12,4,3,3,0.2339581175237667,58.125,True,0.4366876780986786
4lo8__A1_Q8KHU9--4lo8__B1_Q45878,13,1,2,3,0.2501442410679194,55.9375,True,0.9356253147125244
4lo8__A1_Q8KHU9--4lo8__B1_Q45878,14,5,3,3,0.2990032462552974,48.84375,True,0.14056013524532318
4lo8__A1_Q8KHU9--4lo8__B1_Q45878,15,1,1,3,0.1692777573593845,29.03125,False,0.13289587199687958
4lo8__A1_Q8KHU9--4lo8__B1_Q45878,16,4,0,3,0.0085005338254035,18.796875,False,0.0092083178460598
4lo8__A1_Q8KHU9--4lo8__B1_Q45878,17,5,2,3,0.010985285697936,17.734375,False,0.06107521057128906
4lo8__A1_Q8KHU9--4lo8__B1_Q45878,18,2,2,3,0.0147486589428078,16.59375,False,0.03556932508945465
4lo8__A1_Q8KHU9--4lo8__B1_Q45878,19,2,1,3,0.0153329447264472,16.546875,False,0.033916596323251724
4lo8__A1_Q8KHU9--4lo8__B1_Q45878,20,5,1,3,0.0086764932618665,16.140625,False,0.00043047810322605073
4lp7__C1_Q91F56--4lp7__A1_Q91F56,1,5,2,1,0.0838438891847362,21.375,False,0.17211806774139404
4lp7__C1_Q91F56--4lp7__A1_Q91F56,2,4,0,1,0.0871244786785221,18.453125,False,0.07771461457014084
4lp7__C1_Q91F56--4lp7__A1_Q91F56,3,3,0,1,0.0808146366454893,18.125,False,0.052155572921037674
4lp7__C1_Q91F56--4lp7__A1_Q91F56,4,2,2,1,0.257657477916604,17.90625,True,0.000644972431473434
4lp7__C1_Q91F56--4lp7__A1_Q91F56,5,4,1,1,0.0332673597703019,17.796875,False,0.07614855468273163
4lp7__C1_Q91F56--4lp7__A1_Q91F56,6,3,2,1,0.0346767316345603,17.640625,False,0.08341457694768906
4lp7__C1_Q91F56--4lp7__A1_Q91F56,7,4,3,1,0.0299823284224035,17.546875,False,0.0019105332903563976
4lp7__C1_Q91F56--4lp7__A1_Q91F56,8,1,3,1,0.0916240324664885,17.265625,False,0.011917756870388985
4lp7__C1_Q91F56--4lp7__A1_Q91F56,9,2,0,1,0.0932664511743055,16.578125,False,0.17905382812023163
4lp7__C1_Q91F56--4lp7__A1_Q91F56,10,3,1,1,0.0311487739561473,16.5625,False,0.012870282866060734
4lp7__C1_Q91F56--4lp7__A1_Q91F56,11,4,2,1,0.0717265964566661,16.53125,False,0.004513159394264221
4lp7__C1_Q91F56--4lp7__A1_Q91F56,12,5,3,1,0.0632244717215499,16.46875,False,0.08099300414323807
4lp7__C1_Q91F56--4lp7__A1_Q91F56,13,2,3,1,0.133794163667504,16.40625,False,0.0021292848978191614
4lp7__C1_Q91F56--4lp7__A1_Q91F56,14,1,2,1,0.06177640382139,15.890625,False,0.10726453363895416
4lp7__C1_Q91F56--4lp7__A1_Q91F56,15,2,1,1,0.0188634804133,15.8671875,False,0.06107761710882187
4lp7__C1_Q91F56--4lp7__A1_Q91F56,16,5,1,1,0.1135777950980808,15.7578125,False,0.007963297888636589
4lp7__C1_Q91F56--4lp7__A1_Q91F56,17,1,0,1,0.0528737007655672,15.578125,False,0.062456466257572174
4lp7__C1_Q91F56--4lp7__A1_Q91F56,18,1,1,1,0.1158133594050698,15.140625,False,0.009795852936804295
4lp7__C1_Q91F56--4lp7__A1_Q91F56,19,3,3,1,0.0348456345813869,15.1171875,False,0.01917378231883049
4lp7__C1_Q91F56--4lp7__A1_Q91F56,20,5,0,1,0.0276775165738077,13.9375,False,0.08098763972520828
4lrq__C1_A0A0H3ALA8--4lrq__A1_A0A0H3ALA8,1,3,3,3,0.0780186338848186,70.875,False,0.2959641218185425
4lrq__C1_A0A0H3ALA8--4lrq__A1_A0A0H3ALA8,2,3,2,3,0.0780638656550949,64.875,False,0.2959641218185425
4lrq__C1_A0A0H3ALA8--4lrq__A1_A0A0H3ALA8,3,2,3,3,0.0615859303478687,62.5,False,0.436522901058197
4lrq__C1_A0A0H3ALA8--4lrq__A1_A0A0H3ALA8,4,3,0,3,0.060525364755908,59.75,False,0.21853728592395782
4lrq__C1_A0A0H3ALA8--4lrq__A1_A0A0H3ALA8,5,2,2,3,0.06175272355292,58.9375,False,0.25775089859962463
4lrq__C1_A0A0H3ALA8--4lrq__A1_A0A0H3ALA8,6,5,2,3,0.0775526466084633,58.46875,False,0.18581925332546234
4lrq__C1_A0A0H3ALA8--4lrq__A1_A0A0H3ALA8,7,5,3,3,0.0596626428187212,58.21875,False,0.12544743716716766
4lrq__C1_A0A0H3ALA8--4lrq__A1_A0A0H3ALA8,8,5,1,3,0.0601243496074024,57.625,False,0.31893450021743774
4lrq__C1_A0A0H3ALA8--4lrq__A1_A0A0H3ALA8,9,5,0,3,0.0596336421344988,51.40625,False,0.12544743716716766
4lrq__C1_A0A0H3ALA8--4lrq__A1_A0A0H3ALA8,10,2,0,3,0.0627432256805153,48.625,False,0.07737909257411957
4lrq__C1_A0A0H3ALA8--4lrq__A1_A0A0H3ALA8,11,3,1,3,0.0613722715760446,39.71875,False,0.07728879153728485
4lrq__C1_A0A0H3ALA8--4lrq__A1_A0A0H3ALA8,12,2,1,3,0.0637091204902257,37.5,False,0.001720214611850679
4lrq__C1_A0A0H3ALA8--4lrq__A1_A0A0H3ALA8,13,1,1,3,0.0930944060567343,32.5,False,0.07415331900119781
4lrq__C1_A0A0H3ALA8--4lrq__A1_A0A0H3ALA8,14,1,0,3,0.0929115770293749,32.40625,False,0.06868565082550049
4lrq__C1_A0A0H3ALA8--4lrq__A1_A0A0H3ALA8,15,1,2,3,0.0902098621636667,32.1875,False,0.3340550363063812
4lrq__C1_A0A0H3ALA8--4lrq__A1_A0A0H3ALA8,16,1,3,3,0.0961803213082563,30.140625,False,0.05383248254656792
4lrq__C1_A0A0H3ALA8--4lrq__A1_A0A0H3ALA8,17,4,0,3,0.1973645090387512,24.5,False,0.4895695149898529
4lrq__C1_A0A0H3ALA8--4lrq__A1_A0A0H3ALA8,18,4,2,3,0.1926072554029829,24.25,False,0.4764452278614044
4lrq__C1_A0A0H3ALA8--4lrq__A1_A0A0H3ALA8,19,4,3,3,0.1722645265601153,24.078125,False,0.15888792276382446
4lrq__C1_A0A0H3ALA8--4lrq__A1_A0A0H3ALA8,20,4,1,3,0.1840558274391031,23.6875,False,0.6777247190475464
4luq__A1_Q9HYC5--4luq__C1_Q9HYC4,1,2,2,1,0.0068850428237788,91.25,False,0.7572092413902283
4luq__A1_Q9HYC5--4luq__C1_Q9HYC4,2,2,0,1,0.0069036597642748,91.125,False,0.821294367313385
4luq__A1_Q9HYC5--4luq__C1_Q9HYC4,3,1,0,1,0.0069527981273994,90.8125,False,0.8747174143791199
4luq__A1_Q9HYC5--4luq__C1_Q9HYC4,4,2,1,1,0.0069172793293179,90.6875,False,0.7533023953437805
4luq__A1_Q9HYC5--4luq__C1_Q9HYC4,5,2,3,1,0.006899332974768,90.5625,False,0.8688688278198242
4luq__A1_Q9HYC5--4luq__C1_Q9HYC4,6,4,0,1,0.0068445532418714,90.25,False,0.8213092684745789
4luq__A1_Q9HYC5--4luq__C1_Q9HYC4,7,1,1,1,0.0069620057467137,90.1875,False,0.7993627786636353
4luq__A1_Q9HYC5--4luq__C1_Q9HYC4,8,1,2,1,0.0069491739361985,90.125,False,0.7974697351455688
4luq__A1_Q9HYC5--4luq__C1_Q9HYC4,9,3,0,1,0.0069456625354498,90.0625,False,0.8434149026870728
4luq__A1_Q9HYC5--4luq__C1_Q9HYC4,10,5,2,1,0.0069434653543601,90.0,False,0.7518030405044556
4luq__A1_Q9HYC5--4luq__C1_Q9HYC4,11,3,2,1,0.0069135102736265,89.9375,False,0.7770114541053772
4luq__A1_Q9HYC5--4luq__C1_Q9HYC4,12,4,2,1,0.0069025537648538,89.875,False,0.782462477684021
4luq__A1_Q9HYC5--4luq__C1_Q9HYC4,13,5,0,1,0.0069521984181794,89.75,False,0.8840563297271729
4luq__A1_Q9HYC5--4luq__C1_Q9HYC4,14,4,3,1,0.0068781379883572,89.6875,False,0.8985081911087036
4luq__A1_Q9HYC5--4luq__C1_Q9HYC4,15,3,3,1,0.0069402059588418,89.5,False,0.8806440234184265
4luq__A1_Q9HYC5--4luq__C1_Q9HYC4,16,4,1,1,0.0069175707856885,89.4375,False,0.7964816093444824
4luq__A1_Q9HYC5--4luq__C1_Q9HYC4,17,1,3,1,0.0069696182288444,89.0,False,0.8319728970527649
4luq__A1_Q9HYC5--4luq__C1_Q9HYC4,18,3,1,1,0.0069200829926667,88.6875,False,0.8029687404632568
4luq__A1_Q9HYC5--4luq__C1_Q9HYC4,19,5,3,1,0.0069522737809939,88.5625,False,0.8857991099357605
4luq__A1_Q9HYC5--4luq__C1_Q9HYC4,20,5,1,1,0.0069386253043339,88.3125,False,0.8730885982513428
4mgy__A1_Q9EQZ6--4mgy__B1_P61224,1,5,2,1,0.6082775803829716,88.4375,True,0.8816744685173035
4mgy__A1_Q9EQZ6--4mgy__B1_P61224,2,1,3,1,0.5831084069749333,88.1875,True,0.8338872194290161
4mgy__A1_Q9EQZ6--4mgy__B1_P61224,3,2,2,1,0.7614040298057253,88.1875,True,0.9332870244979858
4mgy__A1_Q9EQZ6--4mgy__B1_P61224,4,4,3,1,0.6008567972326295,88.0625,True,0.98984295129776
4mgy__A1_Q9EQZ6--4mgy__B1_P61224,5,2,1,1,0.7453818714224439,87.4375,True,0.9787977337837219
4mgy__A1_Q9EQZ6--4mgy__B1_P61224,6,4,0,1,0.6046148135513201,87.3125,True,0.8934403657913208
4mgy__A1_Q9EQZ6--4mgy__B1_P61224,7,5,3,1,0.5242029300813424,86.8125,True,0.025956891477108
4mgy__A1_Q9EQZ6--4mgy__B1_P61224,8,4,2,1,0.6105324630212454,86.5625,True,0.9822036027908325
4mgy__A1_Q9EQZ6--4mgy__B1_P61224,9,1,2,1,0.5542773962782798,86.25,True,0.749891996383667
4mgy__A1_Q9EQZ6--4mgy__B1_P61224,10,2,3,1,0.4488277135101798,85.8125,True,0.7097130417823792
4mgy__A1_Q9EQZ6--4mgy__B1_P61224,11,4,1,1,0.523910705333885,85.4375,True,0.9353886246681213
4mgy__A1_Q9EQZ6--4mgy__B1_P61224,12,5,1,1,0.5351177266716709,85.4375,True,0.12711668014526367
4mgy__A1_Q9EQZ6--4mgy__B1_P61224,13,1,1,1,0.5856869346317906,85.0,True,0.658963680267334
4mgy__A1_Q9EQZ6--4mgy__B1_P61224,14,3,1,1,0.4438493205423213,84.5625,True,0.34808072447776794
4mgy__A1_Q9EQZ6--4mgy__B1_P61224,15,1,0,1,0.4281047097854562,83.375,True,0.37483662366867065
4mgy__A1_Q9EQZ6--4mgy__B1_P61224,16,3,0,1,0.5529432257009192,82.75,True,0.914021909236908
4mgy__A1_Q9EQZ6--4mgy__B1_P61224,17,3,2,1,0.6092139405897926,82.5625,True,0.9586119651794434
4mgy__A1_Q9EQZ6--4mgy__B1_P61224,18,3,3,1,0.5801649791715139,82.25,True,0.9505862593650818
4mgy__A1_Q9EQZ6--4mgy__B1_P61224,19,5,0,1,0.5177107941752738,79.75,True,0.17384609580039978
4mgy__A1_Q9EQZ6--4mgy__B1_P61224,20,2,0,1,0.4357069969510493,77.6875,True,0.5138938426971436
4muc__B1_Q03591--4muc__A1_Q03591,1,2,2,4,0.3050739807925627,41.84375,True,0.010726207867264748
4muc__B1_Q03591--4muc__A1_Q03591,2,1,1,4,0.0711303998774767,25.09375,False,0.11754082143306732
4muc__B1_Q03591--4muc__A1_Q03591,3,1,2,4,0.1429161078182543,23.078125,False,0.00030915075330995023
4muc__B1_Q03591--4muc__A1_Q03591,4,1,0,4,0.1697853435023741,22.46875,False,0.06769678741693497
4muc__B1_Q03591--4muc__A1_Q03591,5,5,1,4,0.1002025778913486,22.1875,False,0.05962828919291496
4muc__B1_Q03591--4muc__A1_Q03591,6,2,3,4,0.0824270613740466,19.90625,False,0.05728175491094589
4muc__B1_Q03591--4muc__A1_Q03591,7,2,0,4,0.1483927765498464,19.53125,False,6.041009328328073e-06
4muc__B1_Q03591--4muc__A1_Q03591,8,2,1,4,0.2096063362267578,19.15625,False,0.0007206834852695465
4muc__B1_Q03591--4muc__A1_Q03591,9,4,2,4,0.0251720901903365,18.78125,False,0.016496002674102783
4muc__B1_Q03591--4muc__A1_Q03591,10,4,1,4,0.0267030757551906,18.65625,False,0.00810451339930296
4muc__B1_Q03591--4muc__A1_Q03591,11,4,0,4,0.0215188402289362,18.390625,False,0.004775038920342922
4muc__B1_Q03591--4muc__A1_Q03591,12,4,3,4,0.0719776491188269,18.359375,False,0.0014493480557575822
4muc__B1_Q03591--4muc__A1_Q03591,13,1,3,4,0.1003234407617593,17.609375,False,3.4263721317984164e-05
4muc__B1_Q03591--4muc__A1_Q03591,14,3,2,4,0.0283262703092545,17.40625,False,0.0037407332565635443
4muc__B1_Q03591--4muc__A1_Q03591,15,5,2,4,0.0294190496645619,17.09375,False,0.066831074655056
4muc__B1_Q03591--4muc__A1_Q03591,16,5,3,4,0.0462667449904519,16.3125,False,0.19038765132427216
4muc__B1_Q03591--4muc__A1_Q03591,17,5,0,4,0.0513224823047364,16.171875,False,0.1708780974149704
4muc__B1_Q03591--4muc__A1_Q03591,18,3,0,4,0.0503643721294724,15.9296875,False,0.04325280711054802
4muc__B1_Q03591--4muc__A1_Q03591,19,3,3,4,0.0245431761934668,15.9140625,False,0.060583412647247314
4muc__B1_Q03591--4muc__A1_Q03591,20,3,1,4,0.0340142655523406,15.890625,False,0.06586488336324692
4mxe__A1_Q5FWF5--4mxe__B1_Q5FWF5,1,3,0,2,0.2689491583438005,79.25,True,0.9976784586906433
4mxe__A1_Q5FWF5--4mxe__B1_Q5FWF5,2,1,3,2,0.1996516466649958,78.8125,False,0.9937748908996582
4mxe__A1_Q5FWF5--4mxe__B1_Q5FWF5,3,1,0,2,0.1876821097008131,78.0625,False,0.9852643013000488
4mxe__A1_Q5FWF5--4mxe__B1_Q5FWF5,4,1,1,2,0.212778980206593,77.9375,False,0.9946807026863098
4mxe__A1_Q5FWF5--4mxe__B1_Q5FWF5,5,1,2,2,0.1907790528934075,77.0625,False,0.9729032516479492
4mxe__A1_Q5FWF5--4mxe__B1_Q5FWF5,6,4,1,2,0.2556165889960547,75.9375,True,0.9971609115600586
4mxe__A1_Q5FWF5--4mxe__B1_Q5FWF5,7,4,0,2,0.2661123067338271,74.9375,True,0.9988366961479187
4mxe__A1_Q5FWF5--4mxe__B1_Q5FWF5,8,4,2,2,0.2753295748092045,73.75,True,0.9972925782203674
4mxe__A1_Q5FWF5--4mxe__B1_Q5FWF5,9,2,1,2,0.226503217677637,73.1875,False,0.9864087104797363
4mxe__A1_Q5FWF5--4mxe__B1_Q5FWF5,10,4,3,2,0.229665540990597,72.875,False,0.9991794228553772
4mxe__A1_Q5FWF5--4mxe__B1_Q5FWF5,11,2,3,2,0.2164307075286159,72.0,False,0.9102375507354736
4mxe__A1_Q5FWF5--4mxe__B1_Q5FWF5,12,3,1,2,0.21946898807004,71.0,False,0.8788043856620789
4mxe__A1_Q5FWF5--4mxe__B1_Q5FWF5,13,5,0,2,0.1866444390957374,64.75,False,0.9504072666168213
4mxe__A1_Q5FWF5--4mxe__B1_Q5FWF5,14,3,2,2,0.2491356312488468,64.25,True,0.9994021654129028
4mxe__A1_Q5FWF5--4mxe__B1_Q5FWF5,15,5,2,2,0.1562547668357092,61.25,False,0.9984923601150513
4mxe__A1_Q5FWF5--4mxe__B1_Q5FWF5,16,2,2,2,0.2714973093205989,60.65625,True,0.9977810978889465
4mxe__A1_Q5FWF5--4mxe__B1_Q5FWF5,17,2,0,2,0.2260832450718011,60.40625,False,0.9990252256393433
4mxe__A1_Q5FWF5--4mxe__B1_Q5FWF5,18,5,1,2,0.2377124504963149,59.5625,True,0.9974996447563171
4mxe__A1_Q5FWF5--4mxe__B1_Q5FWF5,19,5,3,2,0.0752380356537555,59.40625,False,0.9973816275596619
4mxe__A1_Q5FWF5--4mxe__B1_Q5FWF5,20,3,3,2,0.2292322204181336,58.0,False,0.9969325065612793
4n1j__B1_Q86W24--4n1j__A1_Q86W24,1,4,0,0,0.126247796600908,26.125,False,0.04361887648701668
4n1j__B1_Q86W24--4n1j__A1_Q86W24,2,4,1,0,0.1513472190299051,24.25,False,0.06831330060958862
4n1j__B1_Q86W24--4n1j__A1_Q86W24,3,2,1,0,0.1416445407133925,20.78125,False,0.10245808213949203
4n1j__B1_Q86W24--4n1j__A1_Q86W24,4,2,2,0,0.209689092546584,20.09375,False,0.06731517612934113
4n1j__B1_Q86W24--4n1j__A1_Q86W24,5,5,2,0,0.2022455926466098,19.5,False,0.16034294664859772
4n1j__B1_Q86W24--4n1j__A1_Q86W24,6,5,3,0,0.1546993437731536,17.328125,False,0.008101723156869411
4n1j__B1_Q86W24--4n1j__A1_Q86W24,7,1,2,0,0.067809655549122,17.234375,False,0.025769248604774475
4n1j__B1_Q86W24--4n1j__A1_Q86W24,8,1,1,0,0.0668308010042735,17.046875,False,0.06509704142808914
4n1j__B1_Q86W24--4n1j__A1_Q86W24,9,2,3,0,0.1453381305163596,16.890625,False,0.20142881572246552
4n1j__B1_Q86W24--4n1j__A1_Q86W24,10,2,0,0,0.1338812530404199,16.84375,False,0.1122339740395546
4n1j__B1_Q86W24--4n1j__A1_Q86W24,11,5,0,0,0.1913097861885551,16.828125,False,0.08708488196134567
4n1j__B1_Q86W24--4n1j__A1_Q86W24,12,1,3,0,0.100396177976948,16.46875,False,0.00948186032474041
4n1j__B1_Q86W24--4n1j__A1_Q86W24,13,3,3,0,0.1138824089761239,16.421875,False,0.02241469733417034
4n1j__B1_Q86W24--4n1j__A1_Q86W24,14,5,1,0,0.0885001541010796,16.21875,False,0.020014777779579163
4n1j__B1_Q86W24--4n1j__A1_Q86W24,15,4,2,0,0.157357298680557,15.984375,False,0.013317583128809929
4n1j__B1_Q86W24--4n1j__A1_Q86W24,16,3,0,0,0.1989794879621636,15.84375,False,0.004266113042831421
4n1j__B1_Q86W24--4n1j__A1_Q86W24,17,4,3,0,0.1017772061594045,15.4765625,False,0.01682349480688572
4n1j__B1_Q86W24--4n1j__A1_Q86W24,18,3,1,0,0.0936116607900282,15.1171875,False,0.007815279066562653
4n1j__B1_Q86W24--4n1j__A1_Q86W24,19,3,2,0,0.1111174768571608,14.1171875,False,0.04322813078761101
4n1j__B1_Q86W24--4n1j__A1_Q86W24,20,1,0,0,0.0649457574438652,14.0,False,0.007603623904287815
4n1k__B1_Q86W24--4n1k__A1_Q86W24,1,4,1,1,0.0216514610931053,42.90625,False,0.12724213302135468
4n1k__B1_Q86W24--4n1k__A1_Q86W24,2,2,1,1,0.2668381260172673,34.78125,True,0.043526213616132736
4n1k__B1_Q86W24--4n1k__A1_Q86W24,3,4,0,1,0.0295181486941555,30.125,False,0.08686286211013794
4n1k__B1_Q86W24--4n1k__A1_Q86W24,4,3,1,1,0.0906133865991057,27.125,False,0.03480081632733345
4n1k__B1_Q86W24--4n1k__A1_Q86W24,5,3,3,1,0.0938721635866845,25.390625,False,0.13116766512393951
4n1k__B1_Q86W24--4n1k__A1_Q86W24,6,3,2,1,0.0917093376243132,24.9375,False,0.043153002858161926
4n1k__B1_Q86W24--4n1k__A1_Q86W24,7,2,0,1,0.0721335305493586,23.484375,False,0.05875225365161896
4n1k__B1_Q86W24--4n1k__A1_Q86W24,8,2,2,1,0.0660532575889134,22.171875,False,0.0015954033005982637
4n1k__B1_Q86W24--4n1k__A1_Q86W24,9,3,0,1,0.0655351420321041,21.984375,False,0.04213450476527214
4n1k__B1_Q86W24--4n1k__A1_Q86W24,10,1,0,1,0.1732994701115032,19.875,False,0.21609069406986237
4n1k__B1_Q86W24--4n1k__A1_Q86W24,11,1,2,1,0.1081885833908715,19.828125,False,0.03694390505552292
4n1k__B1_Q86W24--4n1k__A1_Q86W24,12,4,3,1,0.1590701130012638,19.625,False,0.002018632600083947
4n1k__B1_Q86W24--4n1k__A1_Q86W24,13,1,1,1,0.0909846035547549,19.59375,False,0.004558939021080732
4n1k__B1_Q86W24--4n1k__A1_Q86W24,14,5,1,1,0.1689118332709612,19.546875,False,0.00219142297282815
4n1k__B1_Q86W24--4n1k__A1_Q86W24,15,5,3,1,0.4074847396420811,19.5,True,0.01116169337183237
4n1k__B1_Q86W24--4n1k__A1_Q86W24,16,4,2,1,0.0654105202799133,19.015625,False,0.06610836833715439
4n1k__B1_Q86W24--4n1k__A1_Q86W24,17,1,3,1,0.0666128732306766,18.5625,False,0.004267294425517321
4n1k__B1_Q86W24--4n1k__A1_Q86W24,18,2,3,1,0.0681234487839128,18.234375,False,0.01375140342861414
4n1k__B1_Q86W24--4n1k__A1_Q86W24,19,5,0,1,0.0830271770622855,16.78125,False,0.0949445590376854
4n1k__B1_Q86W24--4n1k__A1_Q86W24,20,5,2,1,0.0466012675307461,14.7265625,False,0.029097363352775574
4n6j__A1_Q13033--4n6j__B1_Q13033,1,4,1,2,0.0304486863605663,55.5,False,0.8678914904594421
4n6j__A1_Q13033--4n6j__B1_Q13033,2,4,3,2,0.0304277511092824,53.65625,False,0.9387003183364868
4n6j__A1_Q13033--4n6j__B1_Q13033,3,4,2,2,0.0299855222361991,45.8125,False,0.036864377558231354
4n6j__A1_Q13033--4n6j__B1_Q13033,4,2,3,2,0.0294285723962612,41.875,False,0.005579880438745022
4n6j__A1_Q13033--4n6j__B1_Q13033,5,5,3,2,0.0351100143980053,41.59375,False,0.0003616653848439455
4n6j__A1_Q13033--4n6j__B1_Q13033,6,4,0,2,0.0302789876755462,41.53125,False,0.8375492095947266
4n6j__A1_Q13033--4n6j__B1_Q13033,7,3,1,2,0.0350270055379653,40.59375,False,0.003609689651057124
4n6j__A1_Q13033--4n6j__B1_Q13033,8,2,2,2,0.0346594498007066,40.0625,False,0.001027844031341374
4n6j__A1_Q13033--4n6j__B1_Q13033,9,3,2,2,0.0394630102558978,39.84375,False,0.008326670154929161
4n6j__A1_Q13033--4n6j__B1_Q13033,10,3,3,2,0.0349066036816484,39.6875,False,0.010328985750675201
4n6j__A1_Q13033--4n6j__B1_Q13033,11,2,1,2,0.0347410299804765,39.25,False,0.0006141657358966768
4n6j__A1_Q13033--4n6j__B1_Q13033,12,1,0,2,0.0242234893535613,39.1875,False,0.03868578374385834
4n6j__A1_Q13033--4n6j__B1_Q13033,13,2,0,2,0.0348535292154882,38.96875,False,0.0014520882396027446
4n6j__A1_Q13033--4n6j__B1_Q13033,14,1,2,2,0.0240480917465408,36.34375,False,0.04431667923927307
4n6j__A1_Q13033--4n6j__B1_Q13033,15,5,0,2,0.0348341550643448,36.15625,False,0.00027497587143443525
4n6j__A1_Q13033--4n6j__B1_Q13033,16,5,2,2,0.0346523820394898,35.96875,False,0.006014521233737469
4n6j__A1_Q13033--4n6j__B1_Q13033,17,1,3,2,0.0292694604468011,35.78125,False,0.31093329191207886
4n6j__A1_Q13033--4n6j__B1_Q13033,18,3,0,2,0.0296888374824827,35.0,False,0.046979740262031555
4n6j__A1_Q13033--4n6j__B1_Q13033,19,1,1,2,0.0243211553366257,33.96875,False,0.011156626977026463
4n6j__A1_Q13033--4n6j__B1_Q13033,20,5,1,2,0.0349412509575939,31.828125,False,0.002966097090393305
4nc4__A1_Q9FN03--4nc4__B1_Q9FN03,1,4,0,3,0.8160390604903479,93.75,True,0.000915954471565783
4nc4__A1_Q9FN03--4nc4__B1_Q9FN03,2,3,2,3,0.8203072962899416,93.625,True,0.0010539306094869971
4nc4__A1_Q9FN03--4nc4__B1_Q9FN03,3,3,0,3,0.8073655502603115,93.25,True,0.0010286944452673197
4nc4__A1_Q9FN03--4nc4__B1_Q9FN03,4,3,1,3,0.8025225277140695,92.375,True,0.00022685575822833925
4nc4__A1_Q9FN03--4nc4__B1_Q9FN03,5,3,3,3,0.8057554798754998,91.9375,True,0.0007826292421668768
4nc4__A1_Q9FN03--4nc4__B1_Q9FN03,6,5,3,3,0.0052550741083961,27.859375,False,0.024331549182534218
4nc4__A1_Q9FN03--4nc4__B1_Q9FN03,7,5,2,3,0.0053313534715243,27.828125,False,0.006177306175231934
4nc4__A1_Q9FN03--4nc4__B1_Q9FN03,8,5,1,3,0.0053323789084205,27.71875,False,0.004621702712029219
4nc4__A1_Q9FN03--4nc4__B1_Q9FN03,9,2,0,3,0.0062768751772379,27.546875,False,0.23834040760993958
4nc4__A1_Q9FN03--4nc4__B1_Q9FN03,10,5,0,3,0.00584435863172,27.140625,False,0.07909222692251205
4nc4__A1_Q9FN03--4nc4__B1_Q9FN03,11,1,0,3,0.0055455589985134,24.0625,False,0.01846269704401493
4nc4__A1_Q9FN03--4nc4__B1_Q9FN03,12,1,2,3,0.0056502586497184,23.890625,False,0.3349359333515167
4nc4__A1_Q9FN03--4nc4__B1_Q9FN03,13,1,1,3,0.0056203636898082,23.78125,False,0.30709972977638245
4nc4__A1_Q9FN03--4nc4__B1_Q9FN03,14,2,2,3,0.0064484383664345,23.71875,False,0.06310676038265228
4nc4__A1_Q9FN03--4nc4__B1_Q9FN03,15,1,3,3,0.0054811442792829,23.3125,False,0.053385961800813675
4nc4__A1_Q9FN03--4nc4__B1_Q9FN03,16,2,3,3,0.0063180023843287,22.1875,False,0.13691337406635284
4nc4__A1_Q9FN03--4nc4__B1_Q9FN03,17,2,1,3,0.0054458716452829,22.15625,False,0.0231862124055624
4nc4__A1_Q9FN03--4nc4__B1_Q9FN03,18,4,1,3,0.0060506488902212,21.921875,False,0.13657502830028534
4nc4__A1_Q9FN03--4nc4__B1_Q9FN03,19,4,3,3,0.0060822466098393,20.328125,False,0.013496295548975468
4nc4__A1_Q9FN03--4nc4__B1_Q9FN03,20,4,2,3,0.0063615023549117,19.890625,False,0.03522394225001335
4ndj__A1_U6GSR1--4ndj__A2_U6GSR1,1,5,0,2,0.0154801976447282,22.953125,False,0.04599136859178543
4ndj__A1_U6GSR1--4ndj__A2_U6GSR1,2,5,3,2,0.0137499335836493,22.140625,False,0.018794381991028786
4ndj__A1_U6GSR1--4ndj__A2_U6GSR1,3,2,0,2,0.0171193655394913,21.8125,False,0.09090928733348846
4ndj__A1_U6GSR1--4ndj__A2_U6GSR1,4,2,2,2,0.0181636764864857,21.40625,False,0.1061621606349945
4ndj__A1_U6GSR1--4ndj__A2_U6GSR1,5,2,3,2,0.0164887175723757,21.390625,False,0.08203668147325516
4ndj__A1_U6GSR1--4ndj__A2_U6GSR1,6,5,1,2,0.01115264338282,19.828125,False,0.007727511692792177
4ndj__A1_U6GSR1--4ndj__A2_U6GSR1,7,4,3,2,0.0108304289500338,19.609375,False,0.027606062591075897
4ndj__A1_U6GSR1--4ndj__A2_U6GSR1,8,4,0,2,0.0200713529792593,19.484375,False,0.022935733199119568
4ndj__A1_U6GSR1--4ndj__A2_U6GSR1,9,4,1,2,0.0587310363739818,19.421875,False,0.06655117869377136
4ndj__A1_U6GSR1--4ndj__A2_U6GSR1,10,2,1,2,0.0110295953337479,18.96875,False,0.053403835743665695
4ndj__A1_U6GSR1--4ndj__A2_U6GSR1,11,3,2,2,0.009955447833665,18.875,False,0.03442851081490517
4ndj__A1_U6GSR1--4ndj__A2_U6GSR1,12,4,2,2,0.00894882387041,18.59375,False,0.16978907585144043
4ndj__A1_U6GSR1--4ndj__A2_U6GSR1,13,1,0,2,0.0115602992599056,18.578125,False,0.017355209216475487
4ndj__A1_U6GSR1--4ndj__A2_U6GSR1,14,1,2,2,0.0090088893314187,18.546875,False,0.028303293511271477
4ndj__A1_U6GSR1--4ndj__A2_U6GSR1,15,1,1,2,0.0104424738575405,18.484375,False,0.004694471601396799
4ndj__A1_U6GSR1--4ndj__A2_U6GSR1,16,1,3,2,0.0159580007125661,18.390625,False,0.8302983641624451
4ndj__A1_U6GSR1--4ndj__A2_U6GSR1,17,5,2,2,0.0194279825035863,18.3125,False,0.04673103615641594
4ndj__A1_U6GSR1--4ndj__A2_U6GSR1,18,3,0,2,0.0536481464289867,18.3125,False,0.04355347529053688
4ndj__A1_U6GSR1--4ndj__A2_U6GSR1,19,3,3,2,0.0314386902106691,18.046875,False,0.013730750419199467
4ndj__A1_U6GSR1--4ndj__A2_U6GSR1,20,3,1,2,0.0201663724128721,17.953125,False,0.04033563658595085
4nfu__A1_Q9XF23--4nfu__B1_Q4F883,1,5,2,3,0.4541562379120427,85.625,True,0.9050670862197876
4nfu__A1_Q9XF23--4nfu__B1_Q4F883,2,4,0,3,0.4747938600697556,85.5625,True,0.9327943325042725
4nfu__A1_Q9XF23--4nfu__B1_Q4F883,3,1,2,3,0.506684337409073,85.375,True,0.8503118753433228
4nfu__A1_Q9XF23--4nfu__B1_Q4F883,4,5,1,3,0.4746224452990213,85.3125,True,0.7806916236877441
4nfu__A1_Q9XF23--4nfu__B1_Q4F883,5,5,0,3,0.4666055744195804,85.25,True,0.8334542512893677
4nfu__A1_Q9XF23--4nfu__B1_Q4F883,6,5,3,3,0.484031061002137,85.25,True,0.8255168199539185
4nfu__A1_Q9XF23--4nfu__B1_Q4F883,7,4,1,3,0.475879774439165,85.1875,True,0.9023536443710327
4nfu__A1_Q9XF23--4nfu__B1_Q4F883,8,4,3,3,0.5117075865802234,85.125,True,0.8320631980895996
4nfu__A1_Q9XF23--4nfu__B1_Q4F883,9,1,1,3,0.49193995414774,84.75,True,0.8471101522445679
4nfu__A1_Q9XF23--4nfu__B1_Q4F883,10,1,0,3,0.5112432904624243,84.6875,True,0.8174184560775757
4nfu__A1_Q9XF23--4nfu__B1_Q4F883,11,2,0,3,0.5112825783749274,84.1875,True,0.7788561582565308
4nfu__A1_Q9XF23--4nfu__B1_Q4F883,12,4,2,3,0.4674700896530546,84.0625,True,0.9559412598609924
4nfu__A1_Q9XF23--4nfu__B1_Q4F883,13,3,0,3,0.4626811517240157,84.0,True,0.8207087516784668
4nfu__A1_Q9XF23--4nfu__B1_Q4F883,14,2,2,3,0.469476244656469,83.875,True,0.7917001247406006
4nfu__A1_Q9XF23--4nfu__B1_Q4F883,15,3,3,3,0.4931364529658226,83.875,True,0.8301205635070801
4nfu__A1_Q9XF23--4nfu__B1_Q4F883,16,3,2,3,0.4761558945034667,83.8125,True,0.786431074142456
4nfu__A1_Q9XF23--4nfu__B1_Q4F883,17,1,3,3,0.479718809451598,83.625,True,0.861446738243103
4nfu__A1_Q9XF23--4nfu__B1_Q4F883,18,2,3,3,0.5146401045555957,83.5625,True,0.8064166307449341
4nfu__A1_Q9XF23--4nfu__B1_Q4F883,19,2,1,3,0.5144695960720091,83.375,True,0.7581899166107178
4nfu__A1_Q9XF23--4nfu__B1_Q4F883,20,3,1,3,0.4656318579153108,82.875,True,0.8082560300827026
4noo__A1_Q9KN42--4noo__B1_Q9KN41,1,4,0,3,0.7942468479723105,85.375,True,0.9999998807907104
4noo__A1_Q9KN42--4noo__B1_Q9KN41,2,1,3,3,0.7474054798014405,84.1875,True,0.9999990463256836
4noo__A1_Q9KN42--4noo__B1_Q9KN41,3,1,0,3,0.8163841664329446,82.875,True,0.9999967813491821
4noo__A1_Q9KN42--4noo__B1_Q9KN41,4,3,1,3,0.7597857789118194,82.75,True,1.0
4noo__A1_Q9KN42--4noo__B1_Q9KN41,5,2,0,3,0.7519517172305337,82.125,True,0.9999980926513672
4noo__A1_Q9KN42--4noo__B1_Q9KN41,6,2,3,3,0.777882975005074,81.1875,True,0.9999998807907104
4noo__A1_Q9KN42--4noo__B1_Q9KN41,7,1,1,3,0.7613491074954507,80.5,True,0.9999997615814209
4noo__A1_Q9KN42--4noo__B1_Q9KN41,8,1,2,3,0.7578134653833629,80.125,True,1.0
4noo__A1_Q9KN42--4noo__B1_Q9KN41,9,3,0,3,0.7531798446598938,80.125,True,0.9999996423721313
4noo__A1_Q9KN42--4noo__B1_Q9KN41,10,5,1,3,0.7331173094787745,80.0,True,0.9999947547912598
4noo__A1_Q9KN42--4noo__B1_Q9KN41,11,5,2,3,0.7661511938327058,79.75,True,0.9999998807907104
4noo__A1_Q9KN42--4noo__B1_Q9KN41,12,5,3,3,0.8011883147935054,79.125,True,1.0
4noo__A1_Q9KN42--4noo__B1_Q9KN41,13,4,3,3,0.7613219720076172,78.6875,True,0.9999996423721313
4noo__A1_Q9KN42--4noo__B1_Q9KN41,14,4,2,3,0.7712656694071182,78.4375,True,0.9999998807907104
4noo__A1_Q9KN42--4noo__B1_Q9KN41,15,5,0,3,0.7979569282016475,77.9375,True,0.9999998807907104
4noo__A1_Q9KN42--4noo__B1_Q9KN41,16,3,2,3,0.7353587890777309,76.375,True,0.9999996423721313
4noo__A1_Q9KN42--4noo__B1_Q9KN41,17,4,1,3,0.7246456190739904,76.25,True,0.999991774559021
4noo__A1_Q9KN42--4noo__B1_Q9KN41,18,3,3,3,0.6818115597542976,73.875,True,0.9999994039535522
4noo__A1_Q9KN42--4noo__B1_Q9KN41,19,2,1,3,0.1104137235544275,28.171875,False,0.05943639203906059
4noo__A1_Q9KN42--4noo__B1_Q9KN41,20,2,2,3,0.1344306916595774,27.828125,False,0.06896239519119263
4nsr__A1_Q9KN41--4nsr__C1_Q9KN41,1,4,1,4,0.822933711821706,87.6875,True,1.0
4nsr__A1_Q9KN41--4nsr__C1_Q9KN41,2,4,2,4,0.7791890977899575,86.9375,True,1.0
4nsr__A1_Q9KN41--4nsr__C1_Q9KN41,3,2,3,4,0.8523085377580255,86.3125,True,1.0
4nsr__A1_Q9KN41--4nsr__C1_Q9KN41,4,2,2,4,0.8405537414512935,85.5625,True,1.0
4nsr__A1_Q9KN41--4nsr__C1_Q9KN41,5,2,1,4,0.846050506392613,85.3125,True,1.0
4nsr__A1_Q9KN41--4nsr__C1_Q9KN41,6,5,1,4,0.7902446239856878,83.875,True,1.0
4nsr__A1_Q9KN41--4nsr__C1_Q9KN41,7,4,3,4,0.7876109000954283,80.5625,True,1.0
4nsr__A1_Q9KN41--4nsr__C1_Q9KN41,8,3,1,4,0.0331711945340113,44.65625,False,0.04433080926537514
4nsr__A1_Q9KN41--4nsr__C1_Q9KN41,9,3,3,4,0.0336582523559713,38.0625,False,0.044269539415836334
4nsr__A1_Q9KN41--4nsr__C1_Q9KN41,10,5,2,4,0.1999616974052444,29.4375,False,0.050400588661432266
4nsr__A1_Q9KN41--4nsr__C1_Q9KN41,11,3,0,4,0.0343562202971308,23.078125,False,0.009347841143608093
4nsr__A1_Q9KN41--4nsr__C1_Q9KN41,12,4,0,4,0.5921357045896259,22.21875,True,0.9970921277999878
4nsr__A1_Q9KN41--4nsr__C1_Q9KN41,13,2,0,4,0.4295234107150271,20.34375,True,0.7154250741004944
4nsr__A1_Q9KN41--4nsr__C1_Q9KN41,14,3,2,4,0.1910493360840023,19.265625,False,0.3882613182067871
4nsr__A1_Q9KN41--4nsr__C1_Q9KN41,15,5,0,4,0.1531757717524004,18.125,False,0.15707789361476898
4nsr__A1_Q9KN41--4nsr__C1_Q9KN41,16,5,3,4,0.1231153343746514,18.0625,False,0.1983971893787384
4nsr__A1_Q9KN41--4nsr__C1_Q9KN41,17,1,1,4,0.0425162783851328,17.0625,False,0.010965228080749512
4nsr__A1_Q9KN41--4nsr__C1_Q9KN41,18,1,0,4,0.0465834595884817,16.984375,False,0.00895619485527277
4nsr__A1_Q9KN41--4nsr__C1_Q9KN41,19,1,3,4,0.0541557331952402,16.765625,False,0.14301526546478271
4nsr__A1_Q9KN41--4nsr__C1_Q9KN41,20,1,2,4,0.0588793171929199,16.5,False,0.07297910749912262
4ny2__A1_UNDEFINED--4ny2__B1_UNDEFINED,1,2,0,2,0.8944935387270134,91.625,True,5.201948169997195e-07
4ny2__A1_UNDEFINED--4ny2__B1_UNDEFINED,2,4,2,2,0.9217897586831296,91.625,True,4.907032575829362e-07
4ny2__A1_UNDEFINED--4ny2__B1_UNDEFINED,3,1,3,2,0.9023585048016546,91.4375,True,4.294904101698194e-06
4ny2__A1_UNDEFINED--4ny2__B1_UNDEFINED,4,1,0,2,0.8959191449052873,91.0,True,1.0779483545775292e-06
4ny2__A1_UNDEFINED--4ny2__B1_UNDEFINED,5,4,0,2,0.7531947152465222,90.5625,True,0.008983072824776173
4ny2__A1_UNDEFINED--4ny2__B1_UNDEFINED,6,1,2,2,0.8908394877547368,89.75,True,5.234514901530929e-07
4ny2__A1_UNDEFINED--4ny2__B1_UNDEFINED,7,1,1,2,0.8825120643866079,89.4375,True,1.5465456044694292e-06
4ny2__A1_UNDEFINED--4ny2__B1_UNDEFINED,8,5,0,2,0.8007104263784838,88.8125,True,6.151761681394419e-06
4ny2__A1_UNDEFINED--4ny2__B1_UNDEFINED,9,4,3,2,0.8805783564612778,88.25,True,2.7550333925319137e-06
4ny2__A1_UNDEFINED--4ny2__B1_UNDEFINED,10,4,1,2,0.8777077338154324,82.9375,True,9.690130582384882e-07
4ny2__A1_UNDEFINED--4ny2__B1_UNDEFINED,11,2,2,2,0.7720847751887902,82.1875,True,5.968928599031642e-05
4ny2__A1_UNDEFINED--4ny2__B1_UNDEFINED,12,2,1,2,0.2321926571589041,26.328125,True,0.08434407413005829
4ny2__A1_UNDEFINED--4ny2__B1_UNDEFINED,13,5,1,2,0.0054630022946141,23.078125,False,0.01732448861002922
4ny2__A1_UNDEFINED--4ny2__B1_UNDEFINED,14,2,3,2,0.0205926626500467,22.90625,False,0.0442793145775795
4ny2__A1_UNDEFINED--4ny2__B1_UNDEFINED,15,5,2,2,0.0057404949873822,22.71875,False,0.053797896951436996
4ny2__A1_UNDEFINED--4ny2__B1_UNDEFINED,16,3,1,2,0.0165104787408639,20.953125,False,0.014462927356362343
4ny2__A1_UNDEFINED--4ny2__B1_UNDEFINED,17,3,2,2,0.0075706021816764,19.953125,False,0.0829128548502922
4ny2__A1_UNDEFINED--4ny2__B1_UNDEFINED,18,3,3,2,0.0086571975963741,19.84375,False,0.02280358225107193
4ny2__A1_UNDEFINED--4ny2__B1_UNDEFINED,19,3,0,2,0.0083713999644243,19.703125,False,0.04450505971908569
4ny2__A1_UNDEFINED--4ny2__B1_UNDEFINED,20,5,3,2,0.0075872882597544,19.6875,False,0.06449458003044128
4o4o__A1_Q8YLF9--4o4o__B1_Q8YLF9,1,4,3,0,0.0838607026393436,81.9375,False,0.9898980855941772
4o4o__A1_Q8YLF9--4o4o__B1_Q8YLF9,2,4,1,0,0.0714171838451135,81.0625,False,0.9756919145584106
4o4o__A1_Q8YLF9--4o4o__B1_Q8YLF9,3,4,0,0,0.0782892879660214,76.6875,False,0.9959675073623657
4o4o__A1_Q8YLF9--4o4o__B1_Q8YLF9,4,4,2,0,0.0845401834792816,74.5,False,0.9902796149253845
4o4o__A1_Q8YLF9--4o4o__B1_Q8YLF9,5,5,3,0,0.0507559048715908,73.5,False,0.9448767304420471
4o4o__A1_Q8YLF9--4o4o__B1_Q8YLF9,6,5,2,0,0.0513151517995399,72.8125,False,0.07861460745334625
4o4o__A1_Q8YLF9--4o4o__B1_Q8YLF9,7,2,0,0,0.5856750977813034,70.5625,True,0.0037005487829446793
4o4o__A1_Q8YLF9--4o4o__B1_Q8YLF9,8,5,1,0,0.049857521350127,70.4375,False,0.15830755233764648
4o4o__A1_Q8YLF9--4o4o__B1_Q8YLF9,9,2,1,0,0.5980812856617165,70.0625,True,0.0032207020558416843
4o4o__A1_Q8YLF9--4o4o__B1_Q8YLF9,10,5,0,0,0.0449398466718196,69.8125,False,0.683914840221405
4o4o__A1_Q8YLF9--4o4o__B1_Q8YLF9,11,1,1,0,0.0830432802618066,67.625,False,0.21814338862895966
4o4o__A1_Q8YLF9--4o4o__B1_Q8YLF9,12,1,3,0,0.0791185031197296,67.0625,False,0.568228006362915
4o4o__A1_Q8YLF9--4o4o__B1_Q8YLF9,13,1,0,0,0.0764837478531709,66.75,False,0.11853089928627014
4o4o__A1_Q8YLF9--4o4o__B1_Q8YLF9,14,2,2,0,0.5817229430891852,65.875,True,0.002233299659565091
4o4o__A1_Q8YLF9--4o4o__B1_Q8YLF9,15,3,0,0,0.0678319213616727,64.0625,False,0.01872941292822361
4o4o__A1_Q8YLF9--4o4o__B1_Q8YLF9,16,3,3,0,0.0555873223654007,63.78125,False,0.9659057855606079
4o4o__A1_Q8YLF9--4o4o__B1_Q8YLF9,17,3,2,0,0.0566415037442532,63.625,False,0.45973289012908936
4o4o__A1_Q8YLF9--4o4o__B1_Q8YLF9,18,2,3,0,0.0653765776867132,55.4375,False,0.9995355606079102
4o4o__A1_Q8YLF9--4o4o__B1_Q8YLF9,19,1,2,0,0.6084408337562259,49.84375,True,0.002777919638901949
4o4o__A1_Q8YLF9--4o4o__B1_Q8YLF9,20,3,1,0,0.3514263048162474,30.453125,True,0.00024118772125802934
4o6i__B1_P09992--4o6i__A1_P09992,1,1,1,1,0.5618450290845716,34.5,True,0.005224034655839205
4o6i__B1_P09992--4o6i__A1_P09992,2,1,0,1,0.0372938435312139,28.53125,False,0.06815584748983383
4o6i__B1_P09992--4o6i__A1_P09992,3,3,3,1,0.144169117579178,27.875,False,0.1594713032245636
4o6i__B1_P09992--4o6i__A1_P09992,4,3,2,1,0.1503594044202565,27.140625,False,0.13556836545467377
4o6i__B1_P09992--4o6i__A1_P09992,5,3,1,1,0.0314597724469979,26.21875,False,0.035948775708675385
4o6i__B1_P09992--4o6i__A1_P09992,6,5,0,1,0.1226506564823147,24.59375,False,0.12350501865148544
4o6i__B1_P09992--4o6i__A1_P09992,7,2,1,1,0.1101248956187084,24.375,False,0.18982453644275665
4o6i__B1_P09992--4o6i__A1_P09992,8,4,3,1,0.3556245561943958,24.03125,True,0.0009145513758994639
4o6i__B1_P09992--4o6i__A1_P09992,9,3,0,1,0.074642406920699,23.375,False,0.12096867710351944
4o6i__B1_P09992--4o6i__A1_P09992,10,5,1,1,0.032769399560114,23.265625,False,0.0022703316062688828
4o6i__B1_P09992--4o6i__A1_P09992,11,5,3,1,0.0195537457803884,22.953125,False,0.03318839892745018
4o6i__B1_P09992--4o6i__A1_P09992,12,5,2,1,0.0990034642016087,22.671875,False,0.06132011115550995
4o6i__B1_P09992--4o6i__A1_P09992,13,2,0,1,0.0828349399169579,22.53125,False,0.14079059660434723
4o6i__B1_P09992--4o6i__A1_P09992,14,2,3,1,0.0139808971602152,20.140625,False,0.002719447249546647
4o6i__B1_P09992--4o6i__A1_P09992,15,4,0,1,0.0135534474638397,19.421875,False,0.06344779580831528
4o6i__B1_P09992--4o6i__A1_P09992,16,4,2,1,0.0218890209313758,19.40625,False,0.02807977981865406
4o6i__B1_P09992--4o6i__A1_P09992,17,2,2,1,0.014263051824544,19.203125,False,0.004112543538212776
4o6i__B1_P09992--4o6i__A1_P09992,18,4,1,1,0.0116064222486914,18.765625,False,0.04609621688723564
4o6i__B1_P09992--4o6i__A1_P09992,19,1,3,1,0.0340983926862338,17.75,False,0.008779307827353477
4o6i__B1_P09992--4o6i__A1_P09992,20,1,2,1,0.0380706857946299,17.609375,False,0.2584187388420105
4o96__A1_Q8XAL6--4o96__B1_Q8XAL6,1,5,2,1,0.0164888196612753,69.125,False,1.0
4o96__A1_Q8XAL6--4o96__B1_Q8XAL6,2,5,1,1,0.01751110023641,62.78125,False,1.0
4o96__A1_Q8XAL6--4o96__B1_Q8XAL6,3,3,3,1,0.0185550125583453,62.5,False,1.0
4o96__A1_Q8XAL6--4o96__B1_Q8XAL6,4,2,2,1,0.0188691732151054,61.375,False,1.0
4o96__A1_Q8XAL6--4o96__B1_Q8XAL6,5,2,3,1,0.0187556383032722,60.96875,False,1.0
4o96__A1_Q8XAL6--4o96__B1_Q8XAL6,6,2,1,1,0.0187886680772175,59.8125,False,1.0
4o96__A1_Q8XAL6--4o96__B1_Q8XAL6,7,5,3,1,0.0188217420239274,57.40625,False,1.0
4o96__A1_Q8XAL6--4o96__B1_Q8XAL6,8,1,1,1,0.0186376039597331,56.8125,False,1.0
4o96__A1_Q8XAL6--4o96__B1_Q8XAL6,9,2,0,1,0.0200852198609415,55.1875,False,1.0
4o96__A1_Q8XAL6--4o96__B1_Q8XAL6,10,4,3,1,0.0205997093586687,50.125,False,1.0
4o96__A1_Q8XAL6--4o96__B1_Q8XAL6,11,4,1,1,0.0196874048317613,46.0625,False,1.0
4o96__A1_Q8XAL6--4o96__B1_Q8XAL6,12,4,0,1,0.0198928667074678,45.21875,False,1.0
4o96__A1_Q8XAL6--4o96__B1_Q8XAL6,13,4,2,1,0.0281227699991094,27.34375,False,0.18517695367336273
4o96__A1_Q8XAL6--4o96__B1_Q8XAL6,14,1,2,1,0.0262494910770789,23.203125,False,0.028247827664017677
4o96__A1_Q8XAL6--4o96__B1_Q8XAL6,15,3,2,1,0.0363001969269038,21.03125,False,0.09721256047487259
4o96__A1_Q8XAL6--4o96__B1_Q8XAL6,16,1,0,1,0.0275170390207403,20.53125,False,0.6068864464759827
4o96__A1_Q8XAL6--4o96__B1_Q8XAL6,17,3,0,1,0.0202737550205149,19.859375,False,0.23988254368305206
4o96__A1_Q8XAL6--4o96__B1_Q8XAL6,18,5,0,1,0.0132258740338828,19.4375,False,0.08848991245031357
4o96__A1_Q8XAL6--4o96__B1_Q8XAL6,19,3,1,1,0.0286520434582054,19.359375,False,0.06136479601264
4o96__A1_Q8XAL6--4o96__B1_Q8XAL6,20,1,3,1,0.0268170225102117,19.28125,False,0.11343250423669815
4oak__A1_Q9JN36--4oak__B1_Q9JN36,1,2,3,3,0.0059317195236815,89.5,False,0.9746212363243103
4oak__A1_Q9JN36--4oak__B1_Q9JN36,2,2,0,3,0.0059546642792236,88.9375,False,0.9672837853431702
4oak__A1_Q9JN36--4oak__B1_Q9JN36,3,2,1,3,0.005939588211819,87.3125,False,0.9746212363243103
4oak__A1_Q9JN36--4oak__B1_Q9JN36,4,2,2,3,0.0059443943496901,87.125,False,0.9746212363243103
4oak__A1_Q9JN36--4oak__B1_Q9JN36,5,4,2,3,0.0059510153280661,83.5,False,0.9672174453735352
4oak__A1_Q9JN36--4oak__B1_Q9JN36,6,4,0,3,0.0059483595876078,80.9375,False,0.99895179271698
4oak__A1_Q9JN36--4oak__B1_Q9JN36,7,4,3,3,0.0059474976933563,80.25,False,0.9979625940322876
4oak__A1_Q9JN36--4oak__B1_Q9JN36,8,5,2,3,0.0061545452315402,53.5625,False,0.9968000650405884
4oak__A1_Q9JN36--4oak__B1_Q9JN36,9,5,0,3,0.0063829299271155,45.65625,False,0.4837174117565155
4oak__A1_Q9JN36--4oak__B1_Q9JN36,10,4,1,3,0.3323734655785644,29.71875,True,0.03767373785376549
4oak__A1_Q9JN36--4oak__B1_Q9JN36,11,3,2,3,0.1726421033400269,29.234375,False,0.03502418100833893
4oak__A1_Q9JN36--4oak__B1_Q9JN36,12,1,2,3,0.0621732135770076,27.15625,False,0.048730093985795975
4oak__A1_Q9JN36--4oak__B1_Q9JN36,13,5,3,3,0.066651338921887,26.515625,False,0.011837375350296497
4oak__A1_Q9JN36--4oak__B1_Q9JN36,14,1,0,3,0.0618334376568953,25.859375,False,0.025357626378536224
4oak__A1_Q9JN36--4oak__B1_Q9JN36,15,1,1,3,0.0355021361243596,24.953125,False,0.010171356610953808
4oak__A1_Q9JN36--4oak__B1_Q9JN36,16,3,1,3,0.1718155216497614,23.75,False,0.015598643571138382
4oak__A1_Q9JN36--4oak__B1_Q9JN36,17,5,1,3,0.0344530958212817,23.078125,False,0.0005796633777208626
4oak__A1_Q9JN36--4oak__B1_Q9JN36,18,1,3,3,0.0550758910332273,22.125,False,0.015294105745851994
4oak__A1_Q9JN36--4oak__B1_Q9JN36,19,3,0,3,0.1510646609647153,21.453125,False,0.02586081251502037
4oak__A1_Q9JN36--4oak__B1_Q9JN36,20,3,3,3,0.0768336710829225,20.625,False,0.01603332906961441
4obx__A1_P49017--4obx__D1_P49017,1,4,1,3,0.8614916096331443,75.125,True,0.9958066940307617
4obx__A1_P49017--4obx__D1_P49017,2,4,2,3,0.8551931453652376,73.625,True,0.9971773624420166
4obx__A1_P49017--4obx__D1_P49017,3,4,0,3,0.8659000874401794,72.9375,True,0.9970142841339111
4obx__A1_P49017--4obx__D1_P49017,4,4,3,3,0.8523063442910247,71.625,True,0.9958066940307617
4obx__A1_P49017--4obx__D1_P49017,5,2,2,3,0.3168971677906346,56.09375,True,0.1557193100452423
4obx__A1_P49017--4obx__D1_P49017,6,2,1,3,0.3099999979465632,53.125,True,0.049436651170253754
4obx__A1_P49017--4obx__D1_P49017,7,5,0,3,0.2942837295592819,52.5,True,0.03938831388950348
4obx__A1_P49017--4obx__D1_P49017,8,5,3,3,0.2802448950244748,49.90625,True,0.01856204681098461
4obx__A1_P49017--4obx__D1_P49017,9,5,2,3,0.222208098281317,49.09375,False,0.07327745854854584
4obx__A1_P49017--4obx__D1_P49017,10,3,1,3,0.2706422788748535,48.375,True,0.033405788242816925
4obx__A1_P49017--4obx__D1_P49017,11,5,1,3,0.2209177117928801,47.84375,False,0.09333596378564835
4obx__A1_P49017--4obx__D1_P49017,12,3,0,3,0.2387838876953184,47.6875,True,0.02478211373090744
4obx__A1_P49017--4obx__D1_P49017,13,3,2,3,0.2806214834862829,46.1875,True,0.019449075683951378
4obx__A1_P49017--4obx__D1_P49017,14,3,3,3,0.2365251534493626,45.28125,True,0.013004781678318977
4obx__A1_P49017--4obx__D1_P49017,15,2,0,3,0.2817039674953154,42.1875,True,0.11416646093130112
4obx__A1_P49017--4obx__D1_P49017,16,1,0,3,0.0747713935231573,39.875,False,0.4020063281059265
4obx__A1_P49017--4obx__D1_P49017,17,1,3,3,0.0740175346174712,39.4375,False,0.4833575189113617
4obx__A1_P49017--4obx__D1_P49017,18,2,3,3,0.2575533362527125,37.84375,True,0.2389691323041916
4obx__A1_P49017--4obx__D1_P49017,19,1,1,3,0.0866567202439032,35.09375,False,0.39579853415489197
4obx__A1_P49017--4obx__D1_P49017,20,1,2,3,0.0837688676494711,33.09375,False,0.7606078386306763
4oh8__B1_Q8WWW0--4oh8__A1_Q13043,1,3,2,2,0.8530177303708832,86.3125,True,0.8732020258903503
4oh8__B1_Q8WWW0--4oh8__A1_Q13043,2,3,3,2,0.8520670075691074,86.1875,True,0.8732020258903503
4oh8__B1_Q8WWW0--4oh8__A1_Q13043,3,5,3,2,0.8395799369549114,86.125,True,0.8785691261291504
4oh8__B1_Q8WWW0--4oh8__A1_Q13043,4,3,0,2,0.8526643350220781,86.125,True,0.8732020258903503
4oh8__B1_Q8WWW0--4oh8__A1_Q13043,5,5,0,2,0.8456285190918381,86.0625,True,0.8732020258903503
4oh8__B1_Q8WWW0--4oh8__A1_Q13043,6,3,1,2,0.8555254414350447,86.0625,True,0.847144603729248
4oh8__B1_Q8WWW0--4oh8__A1_Q13043,7,5,1,2,0.8484859684559628,86.0625,True,0.847144603729248
4oh8__B1_Q8WWW0--4oh8__A1_Q13043,8,5,2,2,0.8447356623408114,86.0,True,0.8732020258903503
4oh8__B1_Q8WWW0--4oh8__A1_Q13043,9,4,2,2,0.8363649702824469,85.875,True,0.8866859674453735
4oh8__B1_Q8WWW0--4oh8__A1_Q13043,10,4,3,2,0.836291412924491,85.875,True,0.8866859674453735
4oh8__B1_Q8WWW0--4oh8__A1_Q13043,11,4,1,2,0.8393946176150214,85.8125,True,0.8866859674453735
4oh8__B1_Q8WWW0--4oh8__A1_Q13043,12,4,0,2,0.8368224351972963,85.8125,True,0.8866859674453735
4oh8__B1_Q8WWW0--4oh8__A1_Q13043,13,2,3,2,0.8557538549869674,85.125,True,0.8593001365661621
4oh8__B1_Q8WWW0--4oh8__A1_Q13043,14,2,2,2,0.8526343828989559,85.0625,True,0.8593001365661621
4oh8__B1_Q8WWW0--4oh8__A1_Q13043,15,2,0,2,0.8611445038292399,84.9375,True,0.8593001365661621
4oh8__B1_Q8WWW0--4oh8__A1_Q13043,16,1,3,2,0.8631626482656346,84.875,True,0.8593001365661621
4oh8__B1_Q8WWW0--4oh8__A1_Q13043,17,1,0,2,0.864211651513627,84.875,True,0.8850840330123901
4oh8__B1_Q8WWW0--4oh8__A1_Q13043,18,1,2,2,0.8605955376283582,84.8125,True,0.8593001365661621
4oh8__B1_Q8WWW0--4oh8__A1_Q13043,19,2,1,2,0.8585635171600607,84.6875,True,0.8587416410446167
4oh8__B1_Q8WWW0--4oh8__A1_Q13043,20,1,1,2,0.8601447691835119,84.375,True,0.8850840330123901
4oy2__A1_P46677--4oy2__D1_Q05021,1,5,1,2,0.8000505576949551,92.5625,True,0.9366063475608826
4oy2__A1_P46677--4oy2__D1_Q05021,2,2,1,2,0.8085698332701775,92.5625,True,0.9266383647918701
4oy2__A1_P46677--4oy2__D1_Q05021,3,5,3,2,0.794386347641819,92.375,True,0.9579774141311646
4oy2__A1_P46677--4oy2__D1_Q05021,4,2,2,2,0.7937951312973411,92.3125,True,0.8974940180778503
4oy2__A1_P46677--4oy2__D1_Q05021,5,1,3,2,0.7651456480098106,92.25,True,0.8994826078414917
4oy2__A1_P46677--4oy2__D1_Q05021,6,2,3,2,0.7995753097576711,92.125,True,0.9503874182701111
4oy2__A1_P46677--4oy2__D1_Q05021,7,1,0,2,0.7595224353639519,92.125,True,0.9163068532943726
4oy2__A1_P46677--4oy2__D1_Q05021,8,4,3,2,0.7302802252396495,91.9375,True,0.9025812149047852
4oy2__A1_P46677--4oy2__D1_Q05021,9,1,1,2,0.7658602607143723,91.875,True,0.9086468815803528
4oy2__A1_P46677--4oy2__D1_Q05021,10,4,1,2,0.7306323782900477,91.875,True,0.8939701318740845
4oy2__A1_P46677--4oy2__D1_Q05021,11,4,2,2,0.7676116979299753,91.8125,True,0.8999080657958984
4oy2__A1_P46677--4oy2__D1_Q05021,12,1,2,2,0.7541931225431057,91.75,True,0.939935564994812
4oy2__A1_P46677--4oy2__D1_Q05021,13,2,0,2,0.7494508114558,91.75,True,0.8967688679695129
4oy2__A1_P46677--4oy2__D1_Q05021,14,3,3,2,0.7530421959331486,91.4375,True,0.9022652506828308
4oy2__A1_P46677--4oy2__D1_Q05021,15,3,1,2,0.736210159586411,91.1875,True,0.8828334808349609
4oy2__A1_P46677--4oy2__D1_Q05021,16,5,2,2,0.7453944697080427,91.125,True,0.9255181550979614
4oy2__A1_P46677--4oy2__D1_Q05021,17,3,2,2,0.7311108500463369,90.9375,True,0.9155403971672058
4oy2__A1_P46677--4oy2__D1_Q05021,18,4,0,2,0.7286685886595347,90.9375,True,0.873334527015686
4oy2__A1_P46677--4oy2__D1_Q05021,19,5,0,2,0.7060971066551517,90.625,True,0.8931670784950256
4oy2__A1_P46677--4oy2__D1_Q05021,20,3,0,2,0.6765923438575899,89.8125,True,0.919007420539856
4oyu__B1_Q99PV3--4oyu__A1_Q99PV3,1,1,1,4,0.088293334207554,26.515625,False,0.0060721528716385365
4oyu__B1_Q99PV3--4oyu__A1_Q99PV3,2,1,0,4,0.0892400972287838,25.328125,False,0.007518017198890448
4oyu__B1_Q99PV3--4oyu__A1_Q99PV3,3,1,2,4,0.1218244658590759,23.75,False,0.042740486562252045
4oyu__B1_Q99PV3--4oyu__A1_Q99PV3,4,1,3,4,0.1104481405733894,23.1875,False,0.0645815059542656
4oyu__B1_Q99PV3--4oyu__A1_Q99PV3,5,2,0,4,0.0138228123107269,20.921875,False,0.357886403799057
4oyu__B1_Q99PV3--4oyu__A1_Q99PV3,6,2,1,4,0.0139585704287621,20.296875,False,0.16716134548187256
4oyu__B1_Q99PV3--4oyu__A1_Q99PV3,7,4,1,4,0.0414244059741395,19.109375,False,0.01561778038740158
4oyu__B1_Q99PV3--4oyu__A1_Q99PV3,8,2,3,4,0.0142724631441657,18.609375,False,0.020542802289128304
4oyu__B1_Q99PV3--4oyu__A1_Q99PV3,9,2,2,4,0.0149546816458768,18.484375,False,0.0022428445518016815
4oyu__B1_Q99PV3--4oyu__A1_Q99PV3,10,4,3,4,0.00921394715758,18.234375,False,0.04736865684390068
4oyu__B1_Q99PV3--4oyu__A1_Q99PV3,11,4,0,4,0.01801004154179,18.171875,False,0.03584786131978035
4oyu__B1_Q99PV3--4oyu__A1_Q99PV3,12,4,2,4,0.012486433907477,18.109375,False,0.048570215702056885
4oyu__B1_Q99PV3--4oyu__A1_Q99PV3,13,5,0,4,0.0157149202375582,17.90625,False,0.04446990415453911
4oyu__B1_Q99PV3--4oyu__A1_Q99PV3,14,5,1,4,0.0143050946746739,17.53125,False,0.023565158247947693
4oyu__B1_Q99PV3--4oyu__A1_Q99PV3,15,5,2,4,0.0116731741348863,17.359375,False,0.19027100503444672
4oyu__B1_Q99PV3--4oyu__A1_Q99PV3,16,5,3,4,0.0092099271793542,16.9375,False,0.022192219272255898
4oyu__B1_Q99PV3--4oyu__A1_Q99PV3,17,3,0,4,0.0072077560136994,16.578125,False,0.008104464039206505
4oyu__B1_Q99PV3--4oyu__A1_Q99PV3,18,3,1,4,0.0069474156982073,16.546875,False,0.006033127661794424
4oyu__B1_Q99PV3--4oyu__A1_Q99PV3,19,3,2,4,0.0055997397675522,16.390625,False,0.003537055803462863
4oyu__B1_Q99PV3--4oyu__A1_Q99PV3,20,3,3,4,0.0054711645125169,15.953125,False,0.013940777629613876
4puh__A1_Q9FIC3--4puh__B1_Q9FIC3,1,2,0,2,0.0642399090017022,66.9375,False,0.01253229845315218
4puh__A1_Q9FIC3--4puh__B1_Q9FIC3,2,3,3,2,0.3359237580655965,65.375,True,0.17901168763637543
4puh__A1_Q9FIC3--4puh__B1_Q9FIC3,3,3,0,2,0.325513641238565,64.5625,True,0.17901168763637543
4puh__A1_Q9FIC3--4puh__B1_Q9FIC3,4,3,2,2,0.3449798692144374,63.84375,True,0.17901168763637543
4puh__A1_Q9FIC3--4puh__B1_Q9FIC3,5,3,1,2,0.3274940599342664,63.3125,True,0.17901168763637543
4puh__A1_Q9FIC3--4puh__B1_Q9FIC3,6,1,3,2,0.3728647792261544,62.59375,True,0.1525290459394455
4puh__A1_Q9FIC3--4puh__B1_Q9FIC3,7,2,3,2,0.3778341274723515,61.28125,True,0.01361441146582365
4puh__A1_Q9FIC3--4puh__B1_Q9FIC3,8,1,1,2,0.3688500229198967,60.53125,True,0.01361441146582365
4puh__A1_Q9FIC3--4puh__B1_Q9FIC3,9,1,0,2,0.3715033483439163,60.46875,True,0.01361441146582365
4puh__A1_Q9FIC3--4puh__B1_Q9FIC3,10,5,2,2,0.4666895263993824,57.75,True,0.01361441146582365
4puh__A1_Q9FIC3--4puh__B1_Q9FIC3,11,2,2,2,0.3602346383627064,56.5,True,0.5584028363227844
4puh__A1_Q9FIC3--4puh__B1_Q9FIC3,12,1,2,2,0.3555743235062451,55.34375,True,0.01361441146582365
4puh__A1_Q9FIC3--4puh__B1_Q9FIC3,13,5,1,2,0.5711291101005807,52.28125,True,0.7162514925003052
4puh__A1_Q9FIC3--4puh__B1_Q9FIC3,14,2,1,2,0.357491749838735,46.53125,True,0.01361441146582365
4puh__A1_Q9FIC3--4puh__B1_Q9FIC3,15,5,0,2,0.5680661555841076,44.71875,True,0.0026295108254998922
4puh__A1_Q9FIC3--4puh__B1_Q9FIC3,16,5,3,2,0.463711552619773,43.5625,True,0.0059421309269964695
4puh__A1_Q9FIC3--4puh__B1_Q9FIC3,17,4,2,2,0.0137237322171376,19.4375,False,0.026732459664344788
4puh__A1_Q9FIC3--4puh__B1_Q9FIC3,18,4,1,2,0.013845470394146,19.3125,False,0.15559695661067963
4puh__A1_Q9FIC3--4puh__B1_Q9FIC3,19,4,3,2,0.0136565767011549,19.25,False,0.26589906215667725
4puh__A1_Q9FIC3--4puh__B1_Q9FIC3,20,4,0,2,0.0138045335587253,19.046875,False,0.1976800560951233
4pxj__B1_Q9UPT6--4pxj__A1_Q9UPT6,1,5,2,4,0.0289764310971171,51.3125,False,0.9998502731323242
4pxj__B1_Q9UPT6--4pxj__A1_Q9UPT6,2,2,3,4,0.0290256890619501,48.375,False,0.9999563694000244
4pxj__B1_Q9UPT6--4pxj__A1_Q9UPT6,3,2,1,4,0.0290263919138517,47.125,False,0.999384880065918
4pxj__B1_Q9UPT6--4pxj__A1_Q9UPT6,4,5,3,4,0.0290085958435104,46.15625,False,0.999994158744812
4pxj__B1_Q9UPT6--4pxj__A1_Q9UPT6,5,5,0,4,0.028944894466687,45.875,False,0.9998111128807068
4pxj__B1_Q9UPT6--4pxj__A1_Q9UPT6,6,2,2,4,0.0290293038418745,45.5,False,0.9809845685958862
4pxj__B1_Q9UPT6--4pxj__A1_Q9UPT6,7,2,0,4,0.0290556628698254,45.4375,False,0.9858021140098572
4pxj__B1_Q9UPT6--4pxj__A1_Q9UPT6,8,5,1,4,0.0289885600638413,44.96875,False,0.999994158744812
4pxj__B1_Q9UPT6--4pxj__A1_Q9UPT6,9,1,2,4,0.3577347474136587,41.40625,True,0.01763252355158329
4pxj__B1_Q9UPT6--4pxj__A1_Q9UPT6,10,1,1,4,0.4522349721103838,32.96875,True,0.059214036911726
4pxj__B1_Q9UPT6--4pxj__A1_Q9UPT6,11,3,2,4,0.0290667747855975,30.234375,False,0.9999996423721313
4pxj__B1_Q9UPT6--4pxj__A1_Q9UPT6,12,3,0,4,0.0290550826256081,30.140625,False,1.0
4pxj__B1_Q9UPT6--4pxj__A1_Q9UPT6,13,3,3,4,0.0290412660632922,28.953125,False,1.0
4pxj__B1_Q9UPT6--4pxj__A1_Q9UPT6,14,1,0,4,0.296542922187262,26.421875,True,0.002451038220897317
4pxj__B1_Q9UPT6--4pxj__A1_Q9UPT6,15,3,1,4,0.0290508694123209,25.234375,False,0.7363604307174683
4pxj__B1_Q9UPT6--4pxj__A1_Q9UPT6,16,1,3,4,0.503980741580461,24.1875,True,0.030698657035827637
4pxj__B1_Q9UPT6--4pxj__A1_Q9UPT6,17,4,2,4,0.0290902785616289,19.09375,False,0.9999985694885254
4pxj__B1_Q9UPT6--4pxj__A1_Q9UPT6,18,4,3,4,0.0290777840946147,18.984375,False,0.9999673366546631
4pxj__B1_Q9UPT6--4pxj__A1_Q9UPT6,19,4,0,4,0.0290975946524549,17.796875,False,0.06676116585731506
4pxj__B1_Q9UPT6--4pxj__A1_Q9UPT6,20,4,1,4,0.0291329207380892,17.109375,False,0.0001496602053521201
4qc9__A1_P04303--4qc9__D1_P04303,1,1,3,2,0.1443368456173842,69.5,False,0.9038761854171753
4qc9__A1_P04303--4qc9__D1_P04303,2,1,1,2,0.1491458914471405,66.3125,False,0.974919855594635
4qc9__A1_P04303--4qc9__D1_P04303,3,3,2,2,0.1703258577464842,61.15625,False,0.9946276545524597
4qc9__A1_P04303--4qc9__D1_P04303,4,3,0,2,0.1670228832291834,60.78125,False,0.9939551949501038
4qc9__A1_P04303--4qc9__D1_P04303,5,1,0,2,0.1529141792944779,57.65625,False,0.9817011952400208
4qc9__A1_P04303--4qc9__D1_P04303,6,5,2,2,0.1271085814473348,52.625,False,0.8963306546211243
4qc9__A1_P04303--4qc9__D1_P04303,7,5,0,2,0.1586151882729321,51.53125,False,0.771705150604248
4qc9__A1_P04303--4qc9__D1_P04303,8,4,0,2,0.1503502607587058,51.46875,False,0.9091410636901855
4qc9__A1_P04303--4qc9__D1_P04303,9,1,2,2,0.1260783584160608,47.1875,False,0.9786043167114258
4qc9__A1_P04303--4qc9__D1_P04303,10,2,0,2,0.148846508761491,46.09375,False,0.8433327674865723
4qc9__A1_P04303--4qc9__D1_P04303,11,2,3,2,0.1295414557461049,44.96875,False,0.9405985474586487
4qc9__A1_P04303--4qc9__D1_P04303,12,5,1,2,0.1507734752431408,44.125,False,0.8178722858428955
4qc9__A1_P04303--4qc9__D1_P04303,13,4,1,2,0.151294239141625,43.71875,False,0.8456987142562866
4qc9__A1_P04303--4qc9__D1_P04303,14,5,3,2,0.0723219128205287,42.78125,False,0.233320951461792
4qc9__A1_P04303--4qc9__D1_P04303,15,3,1,2,0.167196502385367,41.90625,False,0.8009467124938965
4qc9__A1_P04303--4qc9__D1_P04303,16,2,2,2,0.1476057532972229,40.84375,False,0.7145437002182007
4qc9__A1_P04303--4qc9__D1_P04303,17,2,1,2,0.1284643674917305,36.4375,False,0.6104306578636169
4qc9__A1_P04303--4qc9__D1_P04303,18,3,3,2,0.1462179037418768,34.34375,False,0.6545073986053467
4qc9__A1_P04303--4qc9__D1_P04303,19,4,3,2,0.1683898987381862,27.71875,False,0.9619362950325012
4qc9__A1_P04303--4qc9__D1_P04303,20,4,2,2,0.1829936070097885,26.59375,False,0.9160964488983154
4qhj__A1_Q58610--4qhj__B1_Q58610,1,5,1,1,0.2386993896865443,79.0,True,0.9279931783676147
4qhj__A1_Q58610--4qhj__B1_Q58610,2,5,0,1,0.215920944447924,78.9375,False,0.9499738216400146
4qhj__A1_Q58610--4qhj__B1_Q58610,3,5,3,1,0.2407162827493868,78.1875,True,0.9424148797988892
4qhj__A1_Q58610--4qhj__B1_Q58610,4,3,1,1,0.2205313638945145,76.3125,False,0.9506919384002686
4qhj__A1_Q58610--4qhj__B1_Q58610,5,1,1,1,0.2416393356060476,76.3125,True,0.9164735674858093
4qhj__A1_Q58610--4qhj__B1_Q58610,6,1,3,1,0.2428531878576033,75.6875,True,0.9237599968910217
4qhj__A1_Q58610--4qhj__B1_Q58610,7,3,0,1,0.2325977631801198,75.625,True,0.9137270450592041
4qhj__A1_Q58610--4qhj__B1_Q58610,8,3,2,1,0.2282399431856052,75.4375,False,0.9502139091491699
4qhj__A1_Q58610--4qhj__B1_Q58610,9,1,2,1,0.2430045786176151,75.375,True,0.9240694046020508
4qhj__A1_Q58610--4qhj__B1_Q58610,10,1,0,1,0.2323039800943088,75.125,True,0.950313925743103
4qhj__A1_Q58610--4qhj__B1_Q58610,11,3,3,1,0.2322736267622711,74.875,True,0.8945417404174805
4qhj__A1_Q58610--4qhj__B1_Q58610,12,5,2,1,0.2411282711699527,74.5625,True,0.8934047818183899
4qhj__A1_Q58610--4qhj__B1_Q58610,13,4,1,1,0.2567965577449915,73.5,True,0.8636325597763062
4qhj__A1_Q58610--4qhj__B1_Q58610,14,4,0,1,0.2546785153415372,71.875,True,0.8479129672050476
4qhj__A1_Q58610--4qhj__B1_Q58610,15,4,2,1,0.2538153648707688,70.9375,True,0.874696671962738
4qhj__A1_Q58610--4qhj__B1_Q58610,16,4,3,1,0.2409667116646669,70.6875,True,0.9789286255836487
4qhj__A1_Q58610--4qhj__B1_Q58610,17,2,1,1,0.2454808120620519,59.8125,True,0.6891646981239319
4qhj__A1_Q58610--4qhj__B1_Q58610,18,2,3,1,0.233123777515536,58.125,True,0.9452306032180786
4qhj__A1_Q58610--4qhj__B1_Q58610,19,2,2,1,0.2299766716286191,55.90625,False,0.9465628266334534
4qhj__A1_Q58610--4qhj__B1_Q58610,20,2,0,1,0.2399899337049495,54.0,True,0.6753316521644592
4qpl__A1_Q9CZW6--4qpl__B1_P51668,1,3,3,1,0.2663859139199993,86.875,True,0.9971042275428772
4qpl__A1_Q9CZW6--4qpl__B1_P51668,2,3,0,1,0.2723280472361324,86.75,True,0.9871932864189148
4qpl__A1_Q9CZW6--4qpl__B1_P51668,3,3,1,1,0.2744918161745313,86.75,True,0.9871932864189148
4qpl__A1_Q9CZW6--4qpl__B1_P51668,4,3,2,1,0.2797120560363128,86.5625,True,0.9851052761077881
4qpl__A1_Q9CZW6--4qpl__B1_P51668,5,4,0,1,0.2777493546680691,86.375,True,0.8459980487823486
4qpl__A1_Q9CZW6--4qpl__B1_P51668,6,4,2,1,0.2776845421037821,85.6875,True,0.7838588953018188
4qpl__A1_Q9CZW6--4qpl__B1_P51668,7,4,3,1,0.2716705145263822,85.5625,True,0.9603632688522339
4qpl__A1_Q9CZW6--4qpl__B1_P51668,8,4,1,1,0.2705438932263089,85.5625,True,0.9311497807502747
4qpl__A1_Q9CZW6--4qpl__B1_P51668,9,5,3,1,0.2740116564903148,85.3125,True,0.9929059743881226
4qpl__A1_Q9CZW6--4qpl__B1_P51668,10,5,1,1,0.2725762398939153,85.1875,True,0.9761210680007935
4qpl__A1_Q9CZW6--4qpl__B1_P51668,11,5,2,1,0.2715942430914294,85.0,True,0.9954187870025635
4qpl__A1_Q9CZW6--4qpl__B1_P51668,12,1,3,1,0.2771972746282343,85.0,True,0.9608928561210632
4qpl__A1_Q9CZW6--4qpl__B1_P51668,13,5,0,1,0.2722505141538021,84.75,True,0.9842294454574585
4qpl__A1_Q9CZW6--4qpl__B1_P51668,14,2,0,1,0.273211993582667,84.25,True,0.9993135929107666
4qpl__A1_Q9CZW6--4qpl__B1_P51668,15,1,1,1,0.2581966638698169,84.0,True,0.9954458475112915
4qpl__A1_Q9CZW6--4qpl__B1_P51668,16,2,3,1,0.2740288909122573,83.625,True,0.9980334639549255
4qpl__A1_Q9CZW6--4qpl__B1_P51668,17,1,0,1,0.2675721262162969,83.5625,True,0.9776173830032349
4qpl__A1_Q9CZW6--4qpl__B1_P51668,18,2,2,1,0.2630911207472485,83.375,True,0.9960275888442993
4qpl__A1_Q9CZW6--4qpl__B1_P51668,19,2,1,1,0.2652600180672544,83.3125,True,0.9984537363052368
4qpl__A1_Q9CZW6--4qpl__B1_P51668,20,1,2,1,0.1528799623269967,30.796875,False,0.5012129545211792
4r5k__B1_P0A6Y8--4r5k__A1_P0A6Y8,1,5,0,3,0.0124531219933621,42.15625,False,0.998450517654419
4r5k__B1_P0A6Y8--4r5k__A1_P0A6Y8,2,4,0,3,0.0117090869877786,39.59375,False,0.9966766834259033
4r5k__B1_P0A6Y8--4r5k__A1_P0A6Y8,3,4,1,3,0.0117949254541751,37.46875,False,0.9942067861557007
4r5k__B1_P0A6Y8--4r5k__A1_P0A6Y8,4,5,3,3,0.3689583156220923,37.0,True,0.14211639761924744
4r5k__B1_P0A6Y8--4r5k__A1_P0A6Y8,5,1,2,3,0.0124330931865376,35.71875,False,0.9999719858169556
4r5k__B1_P0A6Y8--4r5k__A1_P0A6Y8,6,3,0,3,0.0128708516531285,35.25,False,0.9998641014099121
4r5k__B1_P0A6Y8--4r5k__A1_P0A6Y8,7,5,2,3,0.012089646126902,35.125,False,0.9978498220443726
4r5k__B1_P0A6Y8--4r5k__A1_P0A6Y8,8,3,2,3,0.3489937744090481,30.359375,True,0.09393452852964401
4r5k__B1_P0A6Y8--4r5k__A1_P0A6Y8,9,5,1,3,0.3549122707736269,28.625,True,0.06705296039581299
4r5k__B1_P0A6Y8--4r5k__A1_P0A6Y8,10,2,0,3,0.0915429120745092,26.71875,False,0.2557351589202881
4r5k__B1_P0A6Y8--4r5k__A1_P0A6Y8,11,2,1,3,0.3410899598318144,25.4375,True,0.008751590736210346
4r5k__B1_P0A6Y8--4r5k__A1_P0A6Y8,12,4,3,3,0.1166599712180142,21.859375,False,0.04635940119624138
4r5k__B1_P0A6Y8--4r5k__A1_P0A6Y8,13,3,1,3,0.2742032440485522,21.3125,True,0.037549033761024475
4r5k__B1_P0A6Y8--4r5k__A1_P0A6Y8,14,2,3,3,0.3387743466147923,20.890625,True,0.0027514975517988205
4r5k__B1_P0A6Y8--4r5k__A1_P0A6Y8,15,2,2,3,0.3356465180961574,19.734375,True,0.004833878483623266
4r5k__B1_P0A6Y8--4r5k__A1_P0A6Y8,16,4,2,3,0.0171542107605159,19.59375,False,0.040738947689533234
4r5k__B1_P0A6Y8--4r5k__A1_P0A6Y8,17,1,3,3,0.1589295358362322,19.171875,False,0.06335113197565079
4r5k__B1_P0A6Y8--4r5k__A1_P0A6Y8,18,1,1,3,0.1480274074978881,18.875,False,0.02739129774272442
4r5k__B1_P0A6Y8--4r5k__A1_P0A6Y8,19,1,0,3,0.2545886393459641,17.609375,True,0.12478170543909073
4r5k__B1_P0A6Y8--4r5k__A1_P0A6Y8,20,3,3,3,0.2382159869373903,17.203125,True,0.005124672316014767
4r6i__A1_Q44636--4r6i__B1_Q44636,1,4,3,0,0.0040291755518716,75.375,False,0.9927586317062378
4r6i__A1_Q44636--4r6i__B1_Q44636,2,2,2,0,0.0036630574203801,74.625,False,0.8899491429328918
4r6i__A1_Q44636--4r6i__B1_Q44636,3,4,1,0,0.0039352518393472,74.25,False,0.9988353848457336
4r6i__A1_Q44636--4r6i__B1_Q44636,4,5,2,0,0.0039918358121552,73.625,False,0.9951921701431274
4r6i__A1_Q44636--4r6i__B1_Q44636,5,4,2,0,0.0038966806169803,73.25,False,0.986700713634491
4r6i__A1_Q44636--4r6i__B1_Q44636,6,5,3,0,0.003907946109921,73.0,False,0.9989985823631287
4r6i__A1_Q44636--4r6i__B1_Q44636,7,2,0,0,0.0037034682397648,72.9375,False,0.8616148233413696
4r6i__A1_Q44636--4r6i__B1_Q44636,8,1,0,0,0.0039203438395296,72.625,False,0.9855688214302063
4r6i__A1_Q44636--4r6i__B1_Q44636,9,1,3,0,0.0038682837155006,72.3125,False,0.9890185594558716
4r6i__A1_Q44636--4r6i__B1_Q44636,10,1,1,0,0.0038539072372691,72.1875,False,0.9959061145782471
4r6i__A1_Q44636--4r6i__B1_Q44636,11,5,0,0,0.003982564363877,71.875,False,0.998505711555481
4r6i__A1_Q44636--4r6i__B1_Q44636,12,5,1,0,0.0038438018912742,71.8125,False,0.9986875653266907
4r6i__A1_Q44636--4r6i__B1_Q44636,13,1,2,0,0.0039150793779031,71.75,False,0.9614371061325073
4r6i__A1_Q44636--4r6i__B1_Q44636,14,2,3,0,0.0036893524615622,71.75,False,0.9969725608825684
4r6i__A1_Q44636--4r6i__B1_Q44636,15,2,1,0,0.003669726279715,71.6875,False,0.9813395142555237
4r6i__A1_Q44636--4r6i__B1_Q44636,16,3,2,0,0.004343063103038,71.1875,False,0.9223154187202454
4r6i__A1_Q44636--4r6i__B1_Q44636,17,4,0,0,0.0041372196727778,69.0625,False,0.9908039569854736
4r6i__A1_Q44636--4r6i__B1_Q44636,18,3,0,0,0.004048444232955,67.25,False,0.9730844497680664
4r6i__A1_Q44636--4r6i__B1_Q44636,19,3,3,0,0.0043232522577673,64.625,False,0.9916011095046997
4r6i__A1_Q44636--4r6i__B1_Q44636,20,3,1,0,0.0042925326404883,64.3125,False,0.7900331020355225
4rt0__A1_Q9HY69--4rt0__A2_Q9HY69,1,4,1,2,0.6044193698676752,69.3125,True,0.000871417170856148
4rt0__A1_Q9HY69--4rt0__A2_Q9HY69,2,4,2,2,0.6010982460762393,67.125,True,0.003006884828209877
4rt0__A1_Q9HY69--4rt0__A2_Q9HY69,3,4,0,2,0.5999488308641115,66.5,True,0.003535150084644556
4rt0__A1_Q9HY69--4rt0__A2_Q9HY69,4,4,3,2,0.5998653817532591,61.6875,True,0.0031009893864393234
4rt0__A1_Q9HY69--4rt0__A2_Q9HY69,5,5,0,2,0.6378703385433199,60.71875,True,0.004527129232883453
4rt0__A1_Q9HY69--4rt0__A2_Q9HY69,6,3,1,2,0.6303476870271241,58.96875,True,0.11464425176382065
4rt0__A1_Q9HY69--4rt0__A2_Q9HY69,7,3,0,2,0.0818468018724901,56.78125,False,1.557847463118378e-05
4rt0__A1_Q9HY69--4rt0__A2_Q9HY69,8,3,3,2,0.0990699094397544,56.53125,False,1.737614547892008e-05
4rt0__A1_Q9HY69--4rt0__A2_Q9HY69,9,2,2,2,0.0490836886288553,56.40625,False,0.00015104164776857942
4rt0__A1_Q9HY69--4rt0__A2_Q9HY69,10,2,0,2,0.0193518676864508,55.625,False,0.00016872867126949131
4rt0__A1_Q9HY69--4rt0__A2_Q9HY69,11,5,1,2,0.0470435560650239,54.78125,False,1.3761346963292453e-05
4rt0__A1_Q9HY69--4rt0__A2_Q9HY69,12,2,3,2,0.016785562749271,54.34375,False,0.0011399856302887201
4rt0__A1_Q9HY69--4rt0__A2_Q9HY69,13,1,0,2,0.5925529510889885,54.15625,True,0.001168018439784646
4rt0__A1_Q9HY69--4rt0__A2_Q9HY69,14,2,1,2,0.0176821524016375,54.0,False,0.00041473653982393444
4rt0__A1_Q9HY69--4rt0__A2_Q9HY69,15,5,2,2,0.6520738505310396,53.15625,True,0.028306517750024796
4rt0__A1_Q9HY69--4rt0__A2_Q9HY69,16,3,2,2,0.6468197756889681,52.625,True,0.3709392845630646
4rt0__A1_Q9HY69--4rt0__A2_Q9HY69,17,5,3,2,0.6441878426769613,47.75,True,0.06198890134692192
4rt0__A1_Q9HY69--4rt0__A2_Q9HY69,18,1,3,2,0.588374316321698,46.0,True,0.01114682573825121
4rt0__A1_Q9HY69--4rt0__A2_Q9HY69,19,1,2,2,0.5569895678193438,45.1875,True,0.07576082646846771
4rt0__A1_Q9HY69--4rt0__A2_Q9HY69,20,1,1,2,0.5456096763630027,41.28125,True,0.3824925124645233
4u0q__A1_B2L3N7--4u0q__B1_P35613,1,4,1,2,0.0319602483495932,31.484375,False,0.03799385204911232
4u0q__A1_B2L3N7--4u0q__B1_P35613,2,5,2,2,0.1226768719325814,28.109375,False,0.15502245724201202
4u0q__A1_B2L3N7--4u0q__B1_P35613,3,4,0,2,0.0396404664565126,25.1875,False,0.061691734939813614
4u0q__A1_B2L3N7--4u0q__B1_P35613,4,4,3,2,0.037127101302187,24.734375,False,0.07818322628736496
4u0q__A1_B2L3N7--4u0q__B1_P35613,5,4,2,2,0.046155861839907,24.1875,False,0.042380619794130325
4u0q__A1_B2L3N7--4u0q__B1_P35613,6,5,1,2,0.0460191687833874,22.703125,False,0.01270230021327734
4u0q__A1_B2L3N7--4u0q__B1_P35613,7,5,3,2,0.1626303568025445,22.546875,False,0.05449405312538147
4u0q__A1_B2L3N7--4u0q__B1_P35613,8,2,3,2,0.0979687976063937,22.5,False,0.09960022568702698
4u0q__A1_B2L3N7--4u0q__B1_P35613,9,3,3,2,0.1532986615702873,22.34375,False,0.03406956046819687
4u0q__A1_B2L3N7--4u0q__B1_P35613,10,5,0,2,0.0709023754858806,21.75,False,0.10933077335357666
4u0q__A1_B2L3N7--4u0q__B1_P35613,11,3,0,2,0.1697306061188858,21.625,False,0.02866300940513611
4u0q__A1_B2L3N7--4u0q__B1_P35613,12,2,1,2,0.0310271315404748,21.359375,False,0.1252594143152237
4u0q__A1_B2L3N7--4u0q__B1_P35613,13,3,1,2,0.0449139521549903,21.203125,False,0.019231947138905525
4u0q__A1_B2L3N7--4u0q__B1_P35613,14,2,2,2,0.0313534037815148,20.578125,False,0.06373269110918045
4u0q__A1_B2L3N7--4u0q__B1_P35613,15,2,0,2,0.0253427682312268,20.515625,False,0.01395197119563818
4u0q__A1_B2L3N7--4u0q__B1_P35613,16,1,0,2,0.0469124506530516,20.46875,False,0.01335423719137907
4u0q__A1_B2L3N7--4u0q__B1_P35613,17,3,2,2,0.0942555025614281,20.421875,False,0.09936412423849106
4u0q__A1_B2L3N7--4u0q__B1_P35613,18,1,3,2,0.0371167311810362,20.25,False,0.0074288020841777325
4u0q__A1_B2L3N7--4u0q__B1_P35613,19,1,1,2,0.0550415057938851,20.15625,False,0.007655717898160219
4u0q__A1_B2L3N7--4u0q__B1_P35613,20,1,2,2,0.0422538246373428,20.046875,False,0.0245538130402565
4u1c__A1_P32497--4u1c__B1_P38249,1,1,3,0,0.787596505481705,87.75,True,0.9807630777359009
4u1c__A1_P32497--4u1c__B1_P38249,2,1,1,0,0.790747618124105,87.5,True,0.9738425016403198
4u1c__A1_P32497--4u1c__B1_P38249,3,1,2,0,0.795742800568422,87.375,True,0.9809544086456299
4u1c__A1_P32497--4u1c__B1_P38249,4,1,0,0,0.7873425286765755,87.3125,True,0.9661857485771179
4u1c__A1_P32497--4u1c__B1_P38249,5,4,0,0,0.7864413415032828,87.25,True,0.9309017658233643
4u1c__A1_P32497--4u1c__B1_P38249,6,4,3,0,0.7959493571359492,87.25,True,0.9860132336616516
4u1c__A1_P32497--4u1c__B1_P38249,7,5,3,0,0.7764794951124762,87.25,True,0.9763097763061523
4u1c__A1_P32497--4u1c__B1_P38249,8,4,1,0,0.781323229369948,87.125,True,0.9675266742706299
4u1c__A1_P32497--4u1c__B1_P38249,9,5,1,0,0.7779033921860612,87.0625,True,0.9820130467414856
4u1c__A1_P32497--4u1c__B1_P38249,10,4,2,0,0.7954451391006732,86.875,True,0.9560922384262085
4u1c__A1_P32497--4u1c__B1_P38249,11,5,2,0,0.7891409266509398,86.75,True,0.9620130062103271
4u1c__A1_P32497--4u1c__B1_P38249,12,5,0,0,0.7895423624790222,86.75,True,0.9281238317489624
4u1c__A1_P32497--4u1c__B1_P38249,13,3,1,0,0.7762199180616848,86.625,True,0.9786766171455383
4u1c__A1_P32497--4u1c__B1_P38249,14,3,3,0,0.7752727264019118,86.4375,True,0.8794128894805908
4u1c__A1_P32497--4u1c__B1_P38249,15,2,3,0,0.7822361877278494,86.375,True,0.9499826431274414
4u1c__A1_P32497--4u1c__B1_P38249,16,3,2,0,0.7823608772519993,86.3125,True,0.9672105312347412
4u1c__A1_P32497--4u1c__B1_P38249,17,2,1,0,0.7761908389562656,86.3125,True,0.8555770516395569
4u1c__A1_P32497--4u1c__B1_P38249,18,3,0,0,0.7781141234559822,86.25,True,0.9409337639808655
4u1c__A1_P32497--4u1c__B1_P38249,19,2,2,0,0.7807236976569762,85.75,True,0.914242148399353
4u1c__A1_P32497--4u1c__B1_P38249,20,2,0,0,0.7815512857125461,85.6875,True,0.8863511681556702
4u3q__B1_P29722--4u3q__A1_P29722,1,5,3,2,0.0108247249668474,68.5,False,0.9875689148902893
4u3q__B1_P29722--4u3q__A1_P29722,2,5,1,2,0.0105740622988568,64.4375,False,0.9848780035972595
4u3q__B1_P29722--4u3q__A1_P29722,3,3,3,2,0.010498194995684,59.375,False,0.7847542762756348
4u3q__B1_P29722--4u3q__A1_P29722,4,1,2,2,0.0107615281685018,58.3125,False,0.9633792042732239
4u3q__B1_P29722--4u3q__A1_P29722,5,2,2,2,0.0104874942936883,56.84375,False,0.10309737920761108
4u3q__B1_P29722--4u3q__A1_P29722,6,5,2,2,0.0185882263951113,56.0625,False,0.9830467104911804
4u3q__B1_P29722--4u3q__A1_P29722,7,2,3,2,0.0106069245553034,54.90625,False,0.9817702174186707
4u3q__B1_P29722--4u3q__A1_P29722,8,3,1,2,0.0103825532120879,53.90625,False,0.06689701229333878
4u3q__B1_P29722--4u3q__A1_P29722,9,1,1,2,0.0109037560611654,53.4375,False,0.9763031005859375
4u3q__B1_P29722--4u3q__A1_P29722,10,5,0,2,0.0193806104427063,51.4375,False,0.9899612665176392
4u3q__B1_P29722--4u3q__A1_P29722,11,4,0,2,0.0106251000768183,50.21875,False,0.6940373778343201
4u3q__B1_P29722--4u3q__A1_P29722,12,4,1,2,0.0105755227296759,48.1875,False,0.9842339158058167
4u3q__B1_P29722--4u3q__A1_P29722,13,3,2,2,0.0105730405762284,46.84375,False,0.41030386090278625
4u3q__B1_P29722--4u3q__A1_P29722,14,1,3,2,0.0181599613027259,46.46875,False,0.9752708673477173
4u3q__B1_P29722--4u3q__A1_P29722,15,2,0,2,0.7572011576920893,46.1875,True,0.009509474970400333
4u3q__B1_P29722--4u3q__A1_P29722,16,4,3,2,0.0107957772093356,44.15625,False,0.8746498227119446
4u3q__B1_P29722--4u3q__A1_P29722,17,3,0,2,0.0227486157441769,42.0,False,0.5499223470687866
4u3q__B1_P29722--4u3q__A1_P29722,18,2,1,2,0.1912585535430559,39.34375,False,0.06283319741487503
4u3q__B1_P29722--4u3q__A1_P29722,19,1,0,2,0.6595414222626174,35.46875,True,0.006578636821359396
4u3q__B1_P29722--4u3q__A1_P29722,20,4,2,2,0.0182465734918804,32.6875,False,0.9060913324356079
4u4p__A1_O95347--4u4p__B1_Q9NTJ3,1,4,2,2,0.8790301352647948,92.0,True,0.9897952675819397
4u4p__A1_O95347--4u4p__B1_Q9NTJ3,2,4,3,2,0.9097408884566835,92.0,True,0.9755717515945435
4u4p__A1_O95347--4u4p__B1_Q9NTJ3,3,4,1,2,0.8818947771248813,91.9375,True,0.988193690776825
4u4p__A1_O95347--4u4p__B1_Q9NTJ3,4,4,0,2,0.9094229218914456,91.8125,True,0.981269359588623
4u4p__A1_O95347--4u4p__B1_Q9NTJ3,5,5,1,2,0.8848527488564342,87.0,True,0.8857697248458862
4u4p__A1_O95347--4u4p__B1_Q9NTJ3,6,3,1,2,0.8839136923993641,86.375,True,0.8592076897621155
4u4p__A1_O95347--4u4p__B1_Q9NTJ3,7,1,0,2,0.8539411839331478,85.4375,True,0.9691150784492493
4u4p__A1_O95347--4u4p__B1_Q9NTJ3,8,1,1,2,0.8564783058679625,85.25,True,0.9399910569190979
4u4p__A1_O95347--4u4p__B1_Q9NTJ3,9,5,0,2,0.7286587067646537,83.5625,True,0.552280604839325
4u4p__A1_O95347--4u4p__B1_Q9NTJ3,10,5,2,2,0.7900987896942655,83.375,True,0.7495051622390747
4u4p__A1_O95347--4u4p__B1_Q9NTJ3,11,5,3,2,0.7753749425119132,83.375,True,0.7889854311943054
4u4p__A1_O95347--4u4p__B1_Q9NTJ3,12,1,3,2,0.844958967122689,82.0,True,0.8737720251083374
4u4p__A1_O95347--4u4p__B1_Q9NTJ3,13,1,2,2,0.8203106525049836,80.125,True,0.8270308971405029
4u4p__A1_O95347--4u4p__B1_Q9NTJ3,14,2,2,2,0.8416476021606224,79.25,True,0.8759297728538513
4u4p__A1_O95347--4u4p__B1_Q9NTJ3,15,2,1,2,0.8443869133981442,79.25,True,0.8849502205848694
4u4p__A1_O95347--4u4p__B1_Q9NTJ3,16,3,2,2,0.544067499522576,79.125,True,0.9998112320899963
4u4p__A1_O95347--4u4p__B1_Q9NTJ3,17,2,0,2,0.8473225810405719,79.0625,True,0.8849502205848694
4u4p__A1_O95347--4u4p__B1_Q9NTJ3,18,3,0,2,0.5105989294317905,78.8125,True,0.9996271133422852
4u4p__A1_O95347--4u4p__B1_Q9NTJ3,19,2,3,2,0.8487102299596764,78.6875,True,0.8999524712562561
4u4p__A1_O95347--4u4p__B1_Q9NTJ3,20,3,3,2,0.4747672635834878,78.375,True,0.9987967014312744
4uhz__A1_P12643--4uhz__B1_Q6NW40,1,3,0,0,0.8907249378615077,77.25,True,0.000442328309873119
4uhz__A1_P12643--4uhz__B1_Q6NW40,2,3,2,0,0.8759015965380633,76.9375,True,0.003216779325157404
4uhz__A1_P12643--4uhz__B1_Q6NW40,3,1,1,0,0.8220464298275557,75.5,True,0.0030727365519851446
4uhz__A1_P12643--4uhz__B1_Q6NW40,4,5,0,0,0.8756520418839231,73.5625,True,1.0647606529801124e-07
4uhz__A1_P12643--4uhz__B1_Q6NW40,5,4,0,0,0.8955995635367163,72.625,True,3.848597043543123e-05
4uhz__A1_P12643--4uhz__B1_Q6NW40,6,5,2,0,0.878387275912406,71.3125,True,1.2394686166317115e-07
4uhz__A1_P12643--4uhz__B1_Q6NW40,7,5,1,0,0.8633876935828769,70.5,True,1.2394686166317115e-07
4uhz__A1_P12643--4uhz__B1_Q6NW40,8,3,3,0,0.0104080969684184,65.3125,False,4.798570785169431e-07
4uhz__A1_P12643--4uhz__B1_Q6NW40,9,4,3,0,0.8677321628256203,65.0625,True,0.0087950574234128
4uhz__A1_P12643--4uhz__B1_Q6NW40,10,5,3,0,0.8784574455708558,64.0,True,1.2394686166317115e-07
4uhz__A1_P12643--4uhz__B1_Q6NW40,11,1,0,0,0.0105429675760826,62.375,False,7.928125705802813e-05
4uhz__A1_P12643--4uhz__B1_Q6NW40,12,3,1,0,0.0104388084870534,61.21875,False,2.263296664750669e-06
4uhz__A1_P12643--4uhz__B1_Q6NW40,13,2,3,0,0.0104294372108082,56.40625,False,1.3818013030686416e-05
4uhz__A1_P12643--4uhz__B1_Q6NW40,14,4,2,0,0.0104524678880366,55.59375,False,0.00011633493704721332
4uhz__A1_P12643--4uhz__B1_Q6NW40,15,2,1,0,0.0104577382054277,53.8125,False,8.582655573263764e-05
4uhz__A1_P12643--4uhz__B1_Q6NW40,16,2,0,0,0.0104675438614837,53.1875,False,0.00046021639718674123
4uhz__A1_P12643--4uhz__B1_Q6NW40,17,2,2,0,0.0104566919744389,52.0625,False,0.00012735948257613927
4uhz__A1_P12643--4uhz__B1_Q6NW40,18,4,1,0,0.0105948735082508,45.75,False,0.0059960996732115746
4uhz__A1_P12643--4uhz__B1_Q6NW40,19,1,2,0,0.7505469797409754,43.40625,True,0.016645874828100204
4uhz__A1_P12643--4uhz__B1_Q6NW40,20,1,3,0,0.587140335455472,31.484375,True,0.08081991225481033
4upd__A1_Q2TFW1--4upd__B1_Q2TFW1,1,3,3,2,0.0462886102808753,87.4375,False,1.3833255252393428e-05
4upd__A1_Q2TFW1--4upd__B1_Q2TFW1,2,3,0,2,0.0198660347274635,86.6875,False,4.6136022086029627e-11
4upd__A1_Q2TFW1--4upd__B1_Q2TFW1,3,1,0,2,0.0198774311943373,76.6875,False,4.771252490320954e-11
4upd__A1_Q2TFW1--4upd__B1_Q2TFW1,4,3,2,2,0.0375412187229779,74.8125,False,3.7265834862409974e-09
4upd__A1_Q2TFW1--4upd__B1_Q2TFW1,5,1,2,2,0.028729154916327,73.8125,False,6.488306003582522e-10
4upd__A1_Q2TFW1--4upd__B1_Q2TFW1,6,2,3,2,0.0105643257248609,69.25,False,9.357623589846195e-14
4upd__A1_Q2TFW1--4upd__B1_Q2TFW1,7,2,2,2,0.0102459181786432,66.0625,False,9.357623589846195e-14
4upd__A1_Q2TFW1--4upd__B1_Q2TFW1,8,1,3,2,0.0110478905424647,62.09375,False,9.357623589846195e-14
4upd__A1_Q2TFW1--4upd__B1_Q2TFW1,9,4,3,2,0.0109373153419107,56.90625,False,9.357623589846195e-14
4upd__A1_Q2TFW1--4upd__B1_Q2TFW1,10,5,1,2,0.0158940429509906,52.21875,False,0.0037281231489032507
4upd__A1_Q2TFW1--4upd__B1_Q2TFW1,11,5,3,2,0.0290329536400405,44.9375,False,0.00036031013587489724
4upd__A1_Q2TFW1--4upd__B1_Q2TFW1,12,2,0,2,0.0124649004630009,42.1875,False,0.014959229156374931
4upd__A1_Q2TFW1--4upd__B1_Q2TFW1,13,1,1,2,0.0287304481147974,32.78125,False,0.2812269330024719
4upd__A1_Q2TFW1--4upd__B1_Q2TFW1,14,5,2,2,0.0294926981494527,32.71875,False,0.5355260968208313
4upd__A1_Q2TFW1--4upd__B1_Q2TFW1,15,5,0,2,0.0150710404244072,30.625,False,0.05855691060423851
4upd__A1_Q2TFW1--4upd__B1_Q2TFW1,16,4,2,2,0.0567657695317382,28.875,False,0.10978176444768906
4upd__A1_Q2TFW1--4upd__B1_Q2TFW1,17,3,1,2,0.1346165659242247,28.234375,False,0.020852617919445038
4upd__A1_Q2TFW1--4upd__B1_Q2TFW1,18,2,1,2,0.0364793565947376,27.265625,False,0.057185590267181396
4upd__A1_Q2TFW1--4upd__B1_Q2TFW1,19,4,1,2,0.0580522143295975,26.40625,False,0.07249553501605988
4upd__A1_Q2TFW1--4upd__B1_Q2TFW1,20,4,0,2,0.0398474320839023,26.0,False,0.05119961127638817
4v1i__A1_A0A140UH28--4v1i__B1_A0A140UH28,1,3,2,1,0.90398662493889,78.6875,True,0.03149445727467537
4v1i__A1_A0A140UH28--4v1i__B1_A0A140UH28,2,5,1,1,0.8722017672092689,77.0625,True,0.0045085810124874115
4v1i__A1_A0A140UH28--4v1i__B1_A0A140UH28,3,3,0,1,0.8991848578605818,76.3125,True,0.04044954478740692
4v1i__A1_A0A140UH28--4v1i__B1_A0A140UH28,4,4,1,1,0.9064356783679156,75.125,True,0.008892267011106014
4v1i__A1_A0A140UH28--4v1i__B1_A0A140UH28,5,4,0,1,0.9072923769880304,73.375,True,0.2207026183605194
4v1i__A1_A0A140UH28--4v1i__B1_A0A140UH28,6,4,3,1,0.8907171128131791,72.875,True,0.05750995874404907
4v1i__A1_A0A140UH28--4v1i__B1_A0A140UH28,7,4,2,1,0.8949521373714407,71.875,True,0.02304656431078911
4v1i__A1_A0A140UH28--4v1i__B1_A0A140UH28,8,5,2,1,0.8899202581115132,69.75,True,0.017074158415198326
4v1i__A1_A0A140UH28--4v1i__B1_A0A140UH28,9,1,1,1,0.8663915422352249,69.625,True,0.003532489063218236
4v1i__A1_A0A140UH28--4v1i__B1_A0A140UH28,10,1,2,1,0.8972224668836953,69.0,True,0.10118713974952698
4v1i__A1_A0A140UH28--4v1i__B1_A0A140UH28,11,5,0,1,0.8661742136254693,68.8125,True,0.0021832326892763376
4v1i__A1_A0A140UH28--4v1i__B1_A0A140UH28,12,5,3,1,0.9024026900263036,68.75,True,0.03318168222904205
4v1i__A1_A0A140UH28--4v1i__B1_A0A140UH28,13,2,0,1,0.0352994927139348,66.875,False,0.09218693524599075
4v1i__A1_A0A140UH28--4v1i__B1_A0A140UH28,14,3,3,1,0.8580878088483179,66.75,True,0.41693246364593506
4v1i__A1_A0A140UH28--4v1i__B1_A0A140UH28,15,3,1,1,0.8429967886907045,65.5,True,0.015310300514101982
4v1i__A1_A0A140UH28--4v1i__B1_A0A140UH28,16,1,0,1,0.8688382516893608,63.75,True,0.6146371960639954
4v1i__A1_A0A140UH28--4v1i__B1_A0A140UH28,17,1,3,1,0.890027711650302,61.65625,True,0.02229723334312439
4v1i__A1_A0A140UH28--4v1i__B1_A0A140UH28,18,2,2,1,0.0323068077389915,54.1875,False,0.09908532351255417
4v1i__A1_A0A140UH28--4v1i__B1_A0A140UH28,19,2,1,1,0.0325984580428026,53.96875,False,0.05419072508811951
4v1i__A1_A0A140UH28--4v1i__B1_A0A140UH28,20,2,3,1,0.0322760685071398,53.53125,False,0.07444844394922256
4wj0__A1_O58938--4wj0__B1_O58938,1,1,0,0,0.1598244931197092,59.21875,False,0.02913283370435238
4wj0__A1_O58938--4wj0__B1_O58938,2,3,0,0,0.3901665998332781,53.5,True,0.1576773077249527
4wj0__A1_O58938--4wj0__B1_O58938,3,4,2,0,0.138530435873894,52.4375,False,0.023485448211431503
4wj0__A1_O58938--4wj0__B1_O58938,4,4,0,0,0.1356310259525977,51.5625,False,0.007461985573172569
4wj0__A1_O58938--4wj0__B1_O58938,5,4,1,0,0.1374803846268598,50.5625,False,0.01393820159137249
4wj0__A1_O58938--4wj0__B1_O58938,6,1,3,0,0.3825068713366287,50.21875,True,0.052374109625816345
4wj0__A1_O58938--4wj0__B1_O58938,7,1,2,0,0.4257170222776005,47.5,True,0.09401354938745499
4wj0__A1_O58938--4wj0__B1_O58938,8,4,3,0,0.1312195376273402,47.0625,False,0.012950592674314976
4wj0__A1_O58938--4wj0__B1_O58938,9,5,2,0,0.3320107735619468,44.71875,True,0.1078966036438942
4wj0__A1_O58938--4wj0__B1_O58938,10,2,1,0,0.235221251710169,42.40625,True,0.0015014724340289831
4wj0__A1_O58938--4wj0__B1_O58938,11,2,0,0,0.2480069069030666,41.03125,True,0.003433989128097892
4wj0__A1_O58938--4wj0__B1_O58938,12,3,1,0,0.3184926503747804,40.59375,True,0.5464422702789307
4wj0__A1_O58938--4wj0__B1_O58938,13,1,1,0,0.4025189535342582,39.5,True,0.019471636041998863
4wj0__A1_O58938--4wj0__B1_O58938,14,5,0,0,0.1823724983024232,38.84375,False,0.7523905634880066
4wj0__A1_O58938--4wj0__B1_O58938,15,2,3,0,0.2600939617044968,38.6875,True,0.0007182644912973046
4wj0__A1_O58938--4wj0__B1_O58938,16,2,2,0,0.2439002244758314,38.59375,True,0.006502562668174505
4wj0__A1_O58938--4wj0__B1_O58938,17,3,2,0,0.2382673845870268,36.78125,True,0.001781801925972104
4wj0__A1_O58938--4wj0__B1_O58938,18,5,3,0,0.1775809362883461,36.46875,False,0.6940140128135681
4wj0__A1_O58938--4wj0__B1_O58938,19,3,3,0,0.2669766732639305,34.90625,True,0.0010058264015242457
4wj0__A1_O58938--4wj0__B1_O58938,20,5,1,0,0.3410069727467828,30.921875,True,0.18069574236869812
4wlp__A1_Q9Y5K5--4wlp__B1_Q6P4R8,1,4,1,2,0.7497861116122783,87.0625,True,0.9073219895362854
4wlp__A1_Q9Y5K5--4wlp__B1_Q6P4R8,2,5,2,2,0.7219532267192661,85.9375,True,0.867087721824646
4wlp__A1_Q9Y5K5--4wlp__B1_Q6P4R8,3,3,3,2,0.76140829680601,85.875,True,0.9121099710464478
4wlp__A1_Q9Y5K5--4wlp__B1_Q6P4R8,4,5,1,2,0.7139039328891105,85.8125,True,0.8582613468170166
4wlp__A1_Q9Y5K5--4wlp__B1_Q6P4R8,5,1,0,2,0.7336466414041443,85.4375,True,0.9149832725524902
4wlp__A1_Q9Y5K5--4wlp__B1_Q6P4R8,6,4,2,2,0.7386463241556968,85.375,True,0.9067386388778687
4wlp__A1_Q9Y5K5--4wlp__B1_Q6P4R8,7,3,0,2,0.7507684928084316,85.375,True,0.8965435028076172
4wlp__A1_Q9Y5K5--4wlp__B1_Q6P4R8,8,5,0,2,0.7263474892360543,85.3125,True,0.8390136957168579
4wlp__A1_Q9Y5K5--4wlp__B1_Q6P4R8,9,1,3,2,0.7240337654596924,85.25,True,0.8832138776779175
4wlp__A1_Q9Y5K5--4wlp__B1_Q6P4R8,10,4,0,2,0.7439163517539248,85.125,True,0.8972243666648865
4wlp__A1_Q9Y5K5--4wlp__B1_Q6P4R8,11,4,3,2,0.7417562404472382,85.0,True,0.89686119556427
4wlp__A1_Q9Y5K5--4wlp__B1_Q6P4R8,12,3,1,2,0.7443433493005825,84.9375,True,0.8734380006790161
4wlp__A1_Q9Y5K5--4wlp__B1_Q6P4R8,13,5,3,2,0.7202531369356978,84.9375,True,0.8521470427513123
4wlp__A1_Q9Y5K5--4wlp__B1_Q6P4R8,14,3,2,2,0.7382363103727284,84.8125,True,0.8982069492340088
4wlp__A1_Q9Y5K5--4wlp__B1_Q6P4R8,15,1,2,2,0.7303439840719834,84.625,True,0.8704438209533691
4wlp__A1_Q9Y5K5--4wlp__B1_Q6P4R8,16,1,1,2,0.7280756296557445,83.9375,True,0.9021582007408142
4wlp__A1_Q9Y5K5--4wlp__B1_Q6P4R8,17,2,1,2,0.72105938146694,83.5625,True,0.8573779463768005
4wlp__A1_Q9Y5K5--4wlp__B1_Q6P4R8,18,2,0,2,0.724693411522494,83.3125,True,0.8227300047874451
4wlp__A1_Q9Y5K5--4wlp__B1_Q6P4R8,19,2,2,2,0.7299360004202979,83.25,True,0.84506756067276
4wlp__A1_Q9Y5K5--4wlp__B1_Q6P4R8,20,2,3,2,0.7290404287708719,82.875,True,0.8638721704483032
4wpd__A1_Q55080--4wpd__B1_Q55080,1,5,2,3,0.0117837039242103,40.84375,False,0.3816148042678833
4wpd__A1_Q55080--4wpd__B1_Q55080,2,5,0,3,0.0118154041799831,39.75,False,0.16926565766334534
4wpd__A1_Q55080--4wpd__B1_Q55080,3,5,3,3,0.0120504095239835,38.5625,False,0.7877430319786072
4wpd__A1_Q55080--4wpd__B1_Q55080,4,1,3,3,0.013789692973441,37.125,False,0.22965607047080994
4wpd__A1_Q55080--4wpd__B1_Q55080,5,1,1,3,0.0156236947760948,36.0625,False,0.015313479118049145
4wpd__A1_Q55080--4wpd__B1_Q55080,6,2,1,3,0.0117888544390977,34.40625,False,0.8988107442855835
4wpd__A1_Q55080--4wpd__B1_Q55080,7,1,2,3,0.0161711516878791,34.0625,False,0.6150548458099365
4wpd__A1_Q55080--4wpd__B1_Q55080,8,2,0,3,0.012647006718239,33.84375,False,0.9548888802528381
4wpd__A1_Q55080--4wpd__B1_Q55080,9,3,0,3,0.0102755694285897,33.3125,False,0.992911159992218
4wpd__A1_Q55080--4wpd__B1_Q55080,10,1,0,3,0.0166826588039562,32.5625,False,0.8799170255661011
4wpd__A1_Q55080--4wpd__B1_Q55080,11,3,3,3,0.0109682345204293,32.0,False,0.9954133629798889
4wpd__A1_Q55080--4wpd__B1_Q55080,12,5,1,3,0.0151567627102319,29.8125,False,0.041869573295116425
4wpd__A1_Q55080--4wpd__B1_Q55080,13,4,2,3,0.0142366045988584,29.6875,False,0.7086727023124695
4wpd__A1_Q55080--4wpd__B1_Q55080,14,3,2,3,0.0145605660501939,29.5,False,0.8755747675895691
4wpd__A1_Q55080--4wpd__B1_Q55080,15,4,1,3,0.0170466512786611,26.796875,False,0.9905927777290344
4wpd__A1_Q55080--4wpd__B1_Q55080,16,4,3,3,0.0179201281745383,25.890625,False,0.033422667533159256
4wpd__A1_Q55080--4wpd__B1_Q55080,17,3,1,3,0.0134114461112489,25.390625,False,0.01666206307709217
4wpd__A1_Q55080--4wpd__B1_Q55080,18,2,3,3,0.0112293147469105,25.328125,False,0.0363265722990036
4wpd__A1_Q55080--4wpd__B1_Q55080,19,4,0,3,0.017163806028918,25.265625,False,0.9981314539909363
4wpd__A1_Q55080--4wpd__B1_Q55080,20,2,2,3,0.0115530896120233,24.78125,False,0.033476803451776505
4xl5__B1_UNDEFINED--4xl5__A1_P42212,1,1,2,4,0.0382471790856429,49.75,False,0.053310565650463104
4xl5__B1_UNDEFINED--4xl5__A1_P42212,2,4,0,4,0.3111576347838241,34.46875,True,0.012872839346528053
4xl5__B1_UNDEFINED--4xl5__A1_P42212,3,1,0,4,0.03547661350198,33.46875,False,0.003354014130309224
4xl5__B1_UNDEFINED--4xl5__A1_P42212,4,4,2,4,0.2901401287820007,33.25,True,0.004947032779455185
4xl5__B1_UNDEFINED--4xl5__A1_P42212,5,3,1,4,0.031709523863772,33.09375,False,0.010981239378452301
4xl5__B1_UNDEFINED--4xl5__A1_P42212,6,4,1,4,0.2400924924123281,32.375,True,0.004201234318315983
4xl5__B1_UNDEFINED--4xl5__A1_P42212,7,1,1,4,0.0469746199905323,31.984375,False,0.005902394652366638
4xl5__B1_UNDEFINED--4xl5__A1_P42212,8,3,0,4,0.0307649680740766,31.859375,False,0.02431107871234417
4xl5__B1_UNDEFINED--4xl5__A1_P42212,9,2,1,4,0.0318932959960802,31.140625,False,0.018997715786099434
4xl5__B1_UNDEFINED--4xl5__A1_P42212,10,2,0,4,0.0707638652797481,30.671875,False,0.016490263864398003
4xl5__B1_UNDEFINED--4xl5__A1_P42212,11,3,3,4,0.0303884725332158,30.578125,False,0.014976228587329388
4xl5__B1_UNDEFINED--4xl5__A1_P42212,12,3,2,4,0.0309482378052428,29.90625,False,0.0012275810586288571
4xl5__B1_UNDEFINED--4xl5__A1_P42212,13,5,3,4,0.0557080175474788,29.703125,False,0.035344600677490234
4xl5__B1_UNDEFINED--4xl5__A1_P42212,14,5,1,4,0.0611795742257703,29.640625,False,0.04517269879579544
4xl5__B1_UNDEFINED--4xl5__A1_P42212,15,5,2,4,0.0624231003222036,28.96875,False,0.11339818686246872
4xl5__B1_UNDEFINED--4xl5__A1_P42212,16,1,3,4,0.0415669376715345,28.625,False,0.02970907650887966
4xl5__B1_UNDEFINED--4xl5__A1_P42212,17,5,0,4,0.0516616621404406,28.28125,False,0.04474465921521187
4xl5__B1_UNDEFINED--4xl5__A1_P42212,18,4,3,4,0.1276712846394201,28.140625,False,0.003277892479673028
4xl5__B1_UNDEFINED--4xl5__A1_P42212,19,2,3,4,0.0338375837555117,28.0625,False,0.017058975994586945
4xl5__B1_UNDEFINED--4xl5__A1_P42212,20,2,2,4,0.1056597158590905,27.765625,False,0.0029637236148118973
4xt2__C1_Q99814--4xt2__A1_P27540,1,3,1,1,0.6127440693611702,85.9375,True,0.9814545512199402
4xt2__C1_Q99814--4xt2__A1_P27540,2,3,2,1,0.6021072269049986,85.9375,True,0.9830361008644104
4xt2__C1_Q99814--4xt2__A1_P27540,3,4,2,1,0.6477930272110433,85.875,True,0.8768287897109985
4xt2__C1_Q99814--4xt2__A1_P27540,4,5,2,1,0.6142879931195219,85.75,True,0.9699183106422424
4xt2__C1_Q99814--4xt2__A1_P27540,5,1,1,1,0.6411879568100677,85.6875,True,0.9834893941879272
4xt2__C1_Q99814--4xt2__A1_P27540,6,1,0,1,0.6285598375279383,85.5,True,0.9839404821395874
4xt2__C1_Q99814--4xt2__A1_P27540,7,1,2,1,0.6338588681648657,85.3125,True,0.9912081956863403
4xt2__C1_Q99814--4xt2__A1_P27540,8,4,0,1,0.6454849662787873,85.3125,True,0.8839154839515686
4xt2__C1_Q99814--4xt2__A1_P27540,9,5,1,1,0.6033992135433491,85.1875,True,0.995235025882721
4xt2__C1_Q99814--4xt2__A1_P27540,10,3,0,1,0.5800281090799954,84.8125,True,0.988038182258606
4xt2__C1_Q99814--4xt2__A1_P27540,11,4,1,1,0.6233621079717743,84.75,True,0.9827077984809875
4xt2__C1_Q99814--4xt2__A1_P27540,12,3,3,1,0.5951869229934893,84.625,True,0.9059209823608398
4xt2__C1_Q99814--4xt2__A1_P27540,13,5,0,1,0.6039957201942077,84.5,True,0.9938682913780212
4xt2__C1_Q99814--4xt2__A1_P27540,14,1,3,1,0.6205669797139041,83.9375,True,0.9833137392997742
4xt2__C1_Q99814--4xt2__A1_P27540,15,5,3,1,0.6431051510132977,83.3125,True,0.9963005781173706
4xt2__C1_Q99814--4xt2__A1_P27540,16,2,3,1,0.6438485927717936,82.1875,True,0.9361554384231567
4xt2__C1_Q99814--4xt2__A1_P27540,17,4,3,1,0.7240961799309763,81.8125,True,0.9965022802352905
4xt2__C1_Q99814--4xt2__A1_P27540,18,2,0,1,0.6337167680923018,81.8125,True,0.9493371844291687
4xt2__C1_Q99814--4xt2__A1_P27540,19,2,1,1,0.6278172809496143,81.1875,True,0.9543471336364746
4xt2__C1_Q99814--4xt2__A1_P27540,20,2,2,1,0.4121682828450592,31.40625,True,0.07586049288511276
4xyd__A1_Q16A04--4xyd__B1_Q16A03,1,4,0,0,0.9330826864686212,95.0625,True,0.8846573829650879
4xyd__A1_Q16A04--4xyd__B1_Q16A03,2,4,1,0,0.93561764926527,95.0625,True,0.8953978419303894
4xyd__A1_Q16A04--4xyd__B1_Q16A03,3,4,3,0,0.9435672506401834,94.9375,True,0.9681215882301331
4xyd__A1_Q16A04--4xyd__B1_Q16A03,4,1,3,0,0.94598899907376,94.9375,True,0.9732167720794678
4xyd__A1_Q16A04--4xyd__B1_Q16A03,5,5,3,0,0.9385762408185648,94.875,True,0.9319726228713989
4xyd__A1_Q16A04--4xyd__B1_Q16A03,6,5,0,0,0.933943106431781,94.875,True,0.898499608039856
4xyd__A1_Q16A04--4xyd__B1_Q16A03,7,5,1,0,0.9353348840115104,94.875,True,0.9023908972740173
4xyd__A1_Q16A04--4xyd__B1_Q16A03,8,4,2,0,0.9291010641375976,94.8125,True,0.9104601144790649
4xyd__A1_Q16A04--4xyd__B1_Q16A03,9,5,2,0,0.9369147518187574,94.8125,True,0.8999019861221313
4xyd__A1_Q16A04--4xyd__B1_Q16A03,10,2,3,0,0.9401482528526264,94.75,True,0.9018632769584656
4xyd__A1_Q16A04--4xyd__B1_Q16A03,11,2,0,0,0.9412066991770156,94.75,True,0.889276921749115
4xyd__A1_Q16A04--4xyd__B1_Q16A03,12,1,0,0,0.9325317732110024,94.75,True,0.9176007509231567
4xyd__A1_Q16A04--4xyd__B1_Q16A03,13,2,2,0,0.9381495510853536,94.6875,True,0.8874803185462952
4xyd__A1_Q16A04--4xyd__B1_Q16A03,14,1,2,0,0.9380705467366184,94.6875,True,0.9452381730079651
4xyd__A1_Q16A04--4xyd__B1_Q16A03,15,2,1,0,0.9386787066291908,94.6875,True,0.9002455472946167
4xyd__A1_Q16A04--4xyd__B1_Q16A03,16,1,1,0,0.9340273147145216,94.625,True,0.9220294952392578
4xyd__A1_Q16A04--4xyd__B1_Q16A03,17,3,1,0,0.9298447852922668,94.5,True,0.9111941456794739
4xyd__A1_Q16A04--4xyd__B1_Q16A03,18,3,3,0,0.9379681939542256,94.5,True,0.9474859833717346
4xyd__A1_Q16A04--4xyd__B1_Q16A03,19,3,0,0,0.9357250816157396,94.5,True,0.9100196957588196
4xyd__A1_Q16A04--4xyd__B1_Q16A03,20,3,2,0,0.9427501239966396,94.4375,True,0.9674047827720642
4yxc__A1_P00720--4yxc__B1_P26419,1,4,2,3,0.1895343385471325,64.9375,False,6.787796991147843e-08
4yxc__A1_P00720--4yxc__B1_P26419,2,3,0,3,0.1788459504925405,64.8125,False,2.704773010009376e-07
4yxc__A1_P00720--4yxc__B1_P26419,3,4,3,3,0.1754876310905218,64.4375,False,3.387992109082916e-08
4yxc__A1_P00720--4yxc__B1_P26419,4,5,3,3,0.1324499263225631,64.0,False,7.480517183466873e-07
4yxc__A1_P00720--4yxc__B1_P26419,5,3,2,3,0.1702417819473627,63.8125,False,1.1404089894639924e-09
4yxc__A1_P00720--4yxc__B1_P26419,6,4,0,3,0.1871473787568396,62.59375,False,1.2944290972427552e-08
4yxc__A1_P00720--4yxc__B1_P26419,7,3,3,3,0.1859611401474249,59.4375,False,1.1058167359578874e-07
4yxc__A1_P00720--4yxc__B1_P26419,8,5,0,3,0.1886719851136971,53.71875,False,2.941843604276073e-06
4yxc__A1_P00720--4yxc__B1_P26419,9,3,1,3,0.1486647202850314,52.3125,False,7.637739685151246e-08
4yxc__A1_P00720--4yxc__B1_P26419,10,4,1,3,0.177417203037963,52.1875,False,2.7079140636487864e-06
4yxc__A1_P00720--4yxc__B1_P26419,11,1,3,3,0.1710550486446909,51.03125,False,1.5908179662460498e-08
4yxc__A1_P00720--4yxc__B1_P26419,12,2,1,3,0.1267630534552027,49.9375,False,1.2565635643113637e-06
4yxc__A1_P00720--4yxc__B1_P26419,13,1,2,3,0.1482440516880999,49.5,False,0.002731553977355361
4yxc__A1_P00720--4yxc__B1_P26419,14,1,0,3,0.167680663169025,49.15625,False,1.5082196602733688e-09
4yxc__A1_P00720--4yxc__B1_P26419,15,2,2,3,0.1637946946935207,46.0625,False,3.3890199119923636e-05
4yxc__A1_P00720--4yxc__B1_P26419,16,2,0,3,0.0568345865214537,41.71875,False,0.0003122932102996856
4yxc__A1_P00720--4yxc__B1_P26419,17,5,2,3,0.0617853353642409,40.09375,False,0.16558164358139038
4yxc__A1_P00720--4yxc__B1_P26419,18,5,1,3,0.0725652463849771,39.625,False,0.02663765847682953
4yxc__A1_P00720--4yxc__B1_P26419,19,2,3,3,0.1467229981509172,35.8125,False,0.2851993441581726
4yxc__A1_P00720--4yxc__B1_P26419,20,1,1,3,0.0613091714615014,33.65625,False,0.07998818904161453
4z0o__A1_Q504Y3--4z0o__A2_Q504Y3,1,3,1,3,0.4368925628415042,66.6875,True,0.0021718202624469995
4z0o__A1_Q504Y3--4z0o__A2_Q504Y3,2,3,2,3,0.4155553206437166,65.625,True,0.0055435411632061005
4z0o__A1_Q504Y3--4z0o__A2_Q504Y3,3,3,3,3,0.4518073025697178,64.8125,True,0.0021718202624469995
4z0o__A1_Q504Y3--4z0o__A2_Q504Y3,4,3,0,3,0.4470231335842898,64.4375,True,0.0021718202624469995
4z0o__A1_Q504Y3--4z0o__A2_Q504Y3,5,5,2,3,0.3802886356212929,62.6875,True,0.0015247378032654524
4z0o__A1_Q504Y3--4z0o__A2_Q504Y3,6,5,3,3,0.3815848136745824,62.53125,True,0.0016287426697090268
4z0o__A1_Q504Y3--4z0o__A2_Q504Y3,7,5,0,3,0.3801710334843113,62.1875,True,0.0019409493543207645
4z0o__A1_Q504Y3--4z0o__A2_Q504Y3,8,5,1,3,0.3721309243296012,61.09375,True,0.002285829745233059
4z0o__A1_Q504Y3--4z0o__A2_Q504Y3,9,2,1,3,0.1586243506791136,44.65625,False,0.41260606050491333
4z0o__A1_Q504Y3--4z0o__A2_Q504Y3,10,2,2,3,0.0531935962517889,33.46875,False,0.06182150915265083
4z0o__A1_Q504Y3--4z0o__A2_Q504Y3,11,2,0,3,0.1986452882834615,25.09375,False,0.05126814916729927
4z0o__A1_Q504Y3--4z0o__A2_Q504Y3,12,2,3,3,0.1704734415683091,23.4375,False,0.6052669882774353
4z0o__A1_Q504Y3--4z0o__A2_Q504Y3,13,1,1,3,0.2805345721857989,20.8125,True,0.018310917541384697
4z0o__A1_Q504Y3--4z0o__A2_Q504Y3,14,1,2,3,0.2956052749212216,20.640625,True,0.20578669011592865
4z0o__A1_Q504Y3--4z0o__A2_Q504Y3,15,1,3,3,0.2931911032896767,20.21875,True,0.021166052669286728
4z0o__A1_Q504Y3--4z0o__A2_Q504Y3,16,1,0,3,0.2869674573952986,19.609375,True,0.03258443623781204
4z0o__A1_Q504Y3--4z0o__A2_Q504Y3,17,4,1,3,0.1720764187533147,17.234375,False,0.04263824597001076
4z0o__A1_Q504Y3--4z0o__A2_Q504Y3,18,4,3,3,0.077932664884439,12.9609375,False,0.05532741919159889
4z0o__A1_Q504Y3--4z0o__A2_Q504Y3,19,4,2,3,0.0845746950724544,12.9609375,False,0.041087910532951355
4z0o__A1_Q504Y3--4z0o__A2_Q504Y3,20,4,0,3,0.0694101139849573,12.9140625,False,0.1503136157989502
4z86__A1_Q9KQ21--4z86__B1_Q9KQ21,1,4,2,2,0.0312716917741907,69.875,False,0.0006494533736258745
4z86__A1_Q9KQ21--4z86__B1_Q9KQ21,2,4,1,2,0.0309933600159616,69.4375,False,0.0011617805575951934
4z86__A1_Q9KQ21--4z86__B1_Q9KQ21,3,5,2,2,0.0422124591898677,64.875,False,0.004960326477885246
4z86__A1_Q9KQ21--4z86__B1_Q9KQ21,4,5,1,2,0.0425439122965855,62.03125,False,0.1582331657409668
4z86__A1_Q9KQ21--4z86__B1_Q9KQ21,5,5,3,2,0.0273131004702737,60.53125,False,0.44318437576293945
4z86__A1_Q9KQ21--4z86__B1_Q9KQ21,6,5,0,2,0.0275327878018314,57.75,False,0.40287667512893677
4z86__A1_Q9KQ21--4z86__B1_Q9KQ21,7,3,3,2,0.0191348721581225,56.5625,False,0.022234035655856133
4z86__A1_Q9KQ21--4z86__B1_Q9KQ21,8,4,0,2,0.1026007360483965,52.5,False,0.07310492545366287
4z86__A1_Q9KQ21--4z86__B1_Q9KQ21,9,4,3,2,0.1275412297274889,34.65625,False,0.16967955231666565
4z86__A1_Q9KQ21--4z86__B1_Q9KQ21,10,2,2,2,0.1050413909762959,31.03125,False,0.5157307982444763
4z86__A1_Q9KQ21--4z86__B1_Q9KQ21,11,2,3,2,0.1164582742379508,27.0,False,0.6417790651321411
4z86__A1_Q9KQ21--4z86__B1_Q9KQ21,12,2,0,2,0.1051134875135573,25.65625,False,0.7147306203842163
4z86__A1_Q9KQ21--4z86__B1_Q9KQ21,13,2,1,2,0.1048178065513827,25.546875,False,0.7860547304153442
4z86__A1_Q9KQ21--4z86__B1_Q9KQ21,14,3,0,2,0.1598342941901312,23.09375,False,0.024819374084472656
4z86__A1_Q9KQ21--4z86__B1_Q9KQ21,15,3,1,2,0.2202078467686231,22.65625,False,0.10416196286678314
4z86__A1_Q9KQ21--4z86__B1_Q9KQ21,16,3,2,2,0.0942181184853763,21.78125,False,0.5732099413871765
4z86__A1_Q9KQ21--4z86__B1_Q9KQ21,17,1,0,2,0.0809239385257786,20.5625,False,0.8276910185813904
4z86__A1_Q9KQ21--4z86__B1_Q9KQ21,18,1,3,2,0.096814658940211,19.484375,False,0.29647964239120483
4z86__A1_Q9KQ21--4z86__B1_Q9KQ21,19,1,2,2,0.0829137086016994,19.484375,False,0.004982721526175737
4z86__A1_Q9KQ21--4z86__B1_Q9KQ21,20,1,1,2,0.0733838260451896,19.0,False,0.0058138733729720116
4zb3__A1_Q9SU14--4zb3__A2_Q9SU14,1,3,0,3,0.2185476910433966,85.625,False,0.8122414350509644
4zb3__A1_Q9SU14--4zb3__A2_Q9SU14,2,1,3,3,0.2236165919066911,82.9375,False,0.7958109974861145
4zb3__A1_Q9SU14--4zb3__A2_Q9SU14,3,4,2,3,0.2139322679916458,80.5,False,0.7981996536254883
4zb3__A1_Q9SU14--4zb3__A2_Q9SU14,4,1,2,3,0.2263107110330468,79.5625,False,0.8791486620903015
4zb3__A1_Q9SU14--4zb3__A2_Q9SU14,5,3,3,3,0.231210367063182,79.3125,True,0.8681726455688477
4zb3__A1_Q9SU14--4zb3__A2_Q9SU14,6,4,1,3,0.2157645307560065,78.8125,False,0.8334864974021912
4zb3__A1_Q9SU14--4zb3__A2_Q9SU14,7,5,0,3,0.2260096665973076,78.6875,False,0.7889840602874756
4zb3__A1_Q9SU14--4zb3__A2_Q9SU14,8,2,0,3,0.221113752710822,78.0625,False,0.7786910533905029
4zb3__A1_Q9SU14--4zb3__A2_Q9SU14,9,1,1,3,0.2220439357898609,77.9375,False,0.8035603165626526
4zb3__A1_Q9SU14--4zb3__A2_Q9SU14,10,2,3,3,0.2202097100969127,77.875,False,0.7652158141136169
4zb3__A1_Q9SU14--4zb3__A2_Q9SU14,11,4,3,3,0.2190286200767325,77.4375,False,0.80924391746521
4zb3__A1_Q9SU14--4zb3__A2_Q9SU14,12,4,0,3,0.2194626183426129,76.9375,False,0.7940325736999512
4zb3__A1_Q9SU14--4zb3__A2_Q9SU14,13,5,3,3,0.22213333299745,76.75,False,0.7963109016418457
4zb3__A1_Q9SU14--4zb3__A2_Q9SU14,14,1,0,3,0.2207897951089436,76.5625,False,0.802017867565155
4zb3__A1_Q9SU14--4zb3__A2_Q9SU14,15,5,2,3,0.2305108586635924,76.125,True,0.7918757200241089
4zb3__A1_Q9SU14--4zb3__A2_Q9SU14,16,5,1,3,0.2212731010001336,74.9375,False,0.7662255167961121
4zb3__A1_Q9SU14--4zb3__A2_Q9SU14,17,2,2,3,0.2196787315685041,73.5625,False,0.7588054537773132
4zb3__A1_Q9SU14--4zb3__A2_Q9SU14,18,3,2,3,0.2236592227143602,73.3125,False,0.8096737861633301
4zb3__A1_Q9SU14--4zb3__A2_Q9SU14,19,2,1,3,0.2227644497492884,73.0,False,0.7595596313476562
4zb3__A1_Q9SU14--4zb3__A2_Q9SU14,20,3,1,3,0.2187315389128605,71.1875,False,0.7855556607246399
4zir__A1_Q9WY65--4zir__B1_Q9X1Z1,1,4,0,0,0.5461757584785515,83.625,True,0.9461777806282043
4zir__A1_Q9WY65--4zir__B1_Q9X1Z1,2,4,2,0,0.631137069020621,82.3125,True,0.9997894167900085
4zir__A1_Q9WY65--4zir__B1_Q9X1Z1,3,4,3,0,0.5930576261811451,82.25,True,0.9989676475524902
4zir__A1_Q9WY65--4zir__B1_Q9X1Z1,4,4,1,0,0.6249751362870657,81.9375,True,0.9936581254005432
4zir__A1_Q9WY65--4zir__B1_Q9X1Z1,5,1,2,0,0.491860333982102,81.6875,True,0.8704549074172974
4zir__A1_Q9WY65--4zir__B1_Q9X1Z1,6,5,0,0,0.5032582191764295,81.0625,True,0.7152023911476135
4zir__A1_Q9WY65--4zir__B1_Q9X1Z1,7,5,2,0,0.5650464823723312,80.75,True,0.9478986263275146
4zir__A1_Q9WY65--4zir__B1_Q9X1Z1,8,1,0,0,0.4586443466778983,80.625,True,0.96632319688797
4zir__A1_Q9WY65--4zir__B1_Q9X1Z1,9,3,2,0,0.6272922864304107,80.625,True,0.9973140358924866
4zir__A1_Q9WY65--4zir__B1_Q9X1Z1,10,3,3,0,0.6619669664501103,80.4375,True,0.9991685152053833
4zir__A1_Q9WY65--4zir__B1_Q9X1Z1,11,1,3,0,0.4826437578547592,80.3125,True,0.941394031047821
4zir__A1_Q9WY65--4zir__B1_Q9X1Z1,12,5,1,0,0.5699797549657186,80.25,True,0.9964914917945862
4zir__A1_Q9WY65--4zir__B1_Q9X1Z1,13,2,2,0,0.448774562656606,80.1875,True,0.5190359354019165
4zir__A1_Q9WY65--4zir__B1_Q9X1Z1,14,3,0,0,0.6279435961131842,80.1875,True,0.999397873878479
4zir__A1_Q9WY65--4zir__B1_Q9X1Z1,15,3,1,0,0.602699945302872,80.0,True,0.9911476373672485
4zir__A1_Q9WY65--4zir__B1_Q9X1Z1,16,5,3,0,0.5161544090133475,79.9375,True,0.912407398223877
4zir__A1_Q9WY65--4zir__B1_Q9X1Z1,17,1,1,0,0.5014315288419328,79.75,True,0.9256525635719299
4zir__A1_Q9WY65--4zir__B1_Q9X1Z1,18,2,1,0,0.429204131661391,79.6875,True,0.8098422288894653
4zir__A1_Q9WY65--4zir__B1_Q9X1Z1,19,2,0,0,0.4392810818758026,78.4375,True,0.2817709445953369
4zir__A1_Q9WY65--4zir__B1_Q9X1Z1,20,2,3,0,0.443271729499974,76.875,True,0.9909622073173523
4zkc__A1_Q2F862--4zkc__B1_P80098,1,4,2,4,0.7127118453476354,89.375,True,0.9999407529830933
4zkc__A1_Q2F862--4zkc__B1_P80098,2,4,3,4,0.7111957518086077,88.3125,True,0.9999765157699585
4zkc__A1_Q2F862--4zkc__B1_P80098,3,5,2,4,0.6915016438295133,87.0,True,0.9960209727287292
4zkc__A1_Q2F862--4zkc__B1_P80098,4,1,2,4,0.6970237317772755,86.8125,True,0.9599846601486206
4zkc__A1_Q2F862--4zkc__B1_P80098,5,1,1,4,0.704102772706217,86.25,True,0.9985485672950745
4zkc__A1_Q2F862--4zkc__B1_P80098,6,2,3,4,0.7148456684736652,86.125,True,0.9976303577423096
4zkc__A1_Q2F862--4zkc__B1_P80098,7,2,2,4,0.6733064260498516,86.125,True,0.9494183659553528
4zkc__A1_Q2F862--4zkc__B1_P80098,8,5,3,4,0.6998543568821015,85.1875,True,0.9972021579742432
4zkc__A1_Q2F862--4zkc__B1_P80098,9,4,1,4,0.7067151269335974,84.9375,True,0.9998946189880371
4zkc__A1_Q2F862--4zkc__B1_P80098,10,5,1,4,0.7013194369911221,84.6875,True,0.9992732405662537
4zkc__A1_Q2F862--4zkc__B1_P80098,11,2,1,4,0.7067943426717077,82.375,True,0.9989933371543884
4zkc__A1_Q2F862--4zkc__B1_P80098,12,2,0,4,0.7021281687280793,81.0,True,0.9961097836494446
4zkc__A1_Q2F862--4zkc__B1_P80098,13,4,0,4,0.7134797869341812,80.5,True,0.44675490260124207
4zkc__A1_Q2F862--4zkc__B1_P80098,14,3,2,4,0.7053141048584463,75.0625,True,0.9997405409812927
4zkc__A1_Q2F862--4zkc__B1_P80098,15,5,0,4,0.6732709582898114,74.25,True,0.007022623438388109
4zkc__A1_Q2F862--4zkc__B1_P80098,16,3,3,4,0.6919770817072735,73.375,True,0.9991583824157715
4zkc__A1_Q2F862--4zkc__B1_P80098,17,3,1,4,0.6884861896879569,70.8125,True,0.9892633557319641
4zkc__A1_Q2F862--4zkc__B1_P80098,18,3,0,4,0.6966410524139518,70.0,True,0.9998592138290405
4zkc__A1_Q2F862--4zkc__B1_P80098,19,1,0,4,0.2676255914144728,29.3125,True,0.029950015246868134
4zkc__A1_Q2F862--4zkc__B1_P80098,20,1,3,4,0.435183712797321,28.0625,True,0.33608847856521606
5an6__B1_Q9X2D0--5an6__C1_Q9X2D0,1,5,0,4,0.5931615385726493,57.46875,True,7.356386333423615e-12
5an6__B1_Q9X2D0--5an6__C1_Q9X2D0,2,5,2,4,0.7909296341906792,56.65625,True,2.1659092297454663e-08
5an6__B1_Q9X2D0--5an6__C1_Q9X2D0,3,1,1,4,0.795817001759833,48.59375,True,3.326994901797775e-09
5an6__B1_Q9X2D0--5an6__C1_Q9X2D0,4,1,0,4,0.4690070198848222,47.96875,True,2.4074869701962154e-12
5an6__B1_Q9X2D0--5an6__C1_Q9X2D0,5,1,2,4,0.763297239071628,47.75,True,1.0583744818049023e-11
5an6__B1_Q9X2D0--5an6__C1_Q9X2D0,6,1,3,4,0.4217915876318807,43.40625,True,4.023293513455428e-06
5an6__B1_Q9X2D0--5an6__C1_Q9X2D0,7,5,1,4,0.7934329611689112,42.71875,True,1.0540292350924574e-05
5an6__B1_Q9X2D0--5an6__C1_Q9X2D0,8,2,1,4,0.7494307280142084,34.6875,True,4.2690503909703637e-11
5an6__B1_Q9X2D0--5an6__C1_Q9X2D0,9,3,0,4,0.4070277158874801,32.6875,True,0.00021303210814949125
5an6__B1_Q9X2D0--5an6__C1_Q9X2D0,10,2,3,4,0.7619402923056421,32.59375,True,4.241133833016164e-10
5an6__B1_Q9X2D0--5an6__C1_Q9X2D0,11,3,2,4,0.3259504455369233,30.0625,True,2.8358801529293487e-08
5an6__B1_Q9X2D0--5an6__C1_Q9X2D0,12,2,2,4,0.750752164724252,29.84375,True,5.955568677107337e-11
5an6__B1_Q9X2D0--5an6__C1_Q9X2D0,13,3,3,4,0.3400961527291207,29.75,True,2.150158707081573e-06
5an6__B1_Q9X2D0--5an6__C1_Q9X2D0,14,2,0,4,0.7513178089768626,29.671875,True,1.4532498468500243e-11
5an6__B1_Q9X2D0--5an6__C1_Q9X2D0,15,4,2,4,0.7567949535120991,28.90625,True,3.3166214219448875e-10
5an6__B1_Q9X2D0--5an6__C1_Q9X2D0,16,4,1,4,0.7690587258558623,28.59375,True,3.9370756654832917e-10
5an6__B1_Q9X2D0--5an6__C1_Q9X2D0,17,4,0,4,0.7517183994670994,28.03125,True,3.457126585004744e-09
5an6__B1_Q9X2D0--5an6__C1_Q9X2D0,18,3,1,4,0.3375412367170724,28.0,True,4.109732253709808e-05
5an6__B1_Q9X2D0--5an6__C1_Q9X2D0,19,4,3,4,0.7508403691691904,26.15625,True,4.214241178246425e-10
5an6__B1_Q9X2D0--5an6__C1_Q9X2D0,20,5,3,4,0.0546835092390132,15.9453125,False,0.025697512552142143
5axg__B1_B0KBZ7--5axg__A1_B0KBZ7,1,4,2,3,0.3650160340654904,66.4375,True,8.512509521096945e-05
5axg__B1_B0KBZ7--5axg__A1_B0KBZ7,2,4,3,3,0.3856001665602487,55.3125,True,8.620228982181288e-06
5axg__B1_B0KBZ7--5axg__A1_B0KBZ7,3,1,1,3,0.555275618408809,55.21875,True,1.7551532209836296e-06
5axg__B1_B0KBZ7--5axg__A1_B0KBZ7,4,4,0,3,0.4437282279706487,43.71875,True,2.1530518097279128e-06
5axg__B1_B0KBZ7--5axg__A1_B0KBZ7,5,4,1,3,0.4868434171326171,43.5,True,1.4135670198811567e-06
5axg__B1_B0KBZ7--5axg__A1_B0KBZ7,6,1,3,3,0.4780674338263169,42.0,True,4.786410499946214e-05
5axg__B1_B0KBZ7--5axg__A1_B0KBZ7,7,2,1,3,0.4504984286625892,41.125,True,0.11999883502721786
5axg__B1_B0KBZ7--5axg__A1_B0KBZ7,8,2,0,3,0.52733027863006,37.15625,True,7.994249244802631e-06
5axg__B1_B0KBZ7--5axg__A1_B0KBZ7,9,2,3,3,0.6434430217924509,35.75,True,4.8863046686165035e-05
5axg__B1_B0KBZ7--5axg__A1_B0KBZ7,10,2,2,3,0.5135541694578446,34.375,True,7.081287185428664e-05
5axg__B1_B0KBZ7--5axg__A1_B0KBZ7,11,3,0,3,0.0537317233289848,31.40625,False,0.39537864923477173
5axg__B1_B0KBZ7--5axg__A1_B0KBZ7,12,3,1,3,0.0627728100319619,31.25,False,0.0014015710912644863
5axg__B1_B0KBZ7--5axg__A1_B0KBZ7,13,5,1,3,0.0156956044931026,31.03125,False,0.0004635395889636129
5axg__B1_B0KBZ7--5axg__A1_B0KBZ7,14,3,2,3,0.0336952702022575,30.609375,False,0.01013602688908577
5axg__B1_B0KBZ7--5axg__A1_B0KBZ7,15,3,3,3,0.0436869610121779,30.390625,False,0.026194555684924126
5axg__B1_B0KBZ7--5axg__A1_B0KBZ7,16,5,3,3,0.1048141725597442,30.046875,False,0.021944645792245865
5axg__B1_B0KBZ7--5axg__A1_B0KBZ7,17,1,2,3,0.4028340378113824,29.875,True,0.0036884925793856382
5axg__B1_B0KBZ7--5axg__A1_B0KBZ7,18,5,0,3,0.1251145968635989,29.625,False,0.08108273893594742
5axg__B1_B0KBZ7--5axg__A1_B0KBZ7,19,5,2,3,0.1541377812252752,28.90625,False,0.07557141780853271
5axg__B1_B0KBZ7--5axg__A1_B0KBZ7,20,1,0,3,0.0252170331007782,25.765625,False,0.004639832768589258
5ayr__A1_P13051--5ayr__B1_Q936H5,1,4,2,2,0.8650913526352401,92.3125,True,0.9234686493873596
5ayr__A1_P13051--5ayr__B1_Q936H5,2,4,1,2,0.8522638153666976,92.25,True,0.923086941242218
5ayr__A1_P13051--5ayr__B1_Q936H5,3,4,0,2,0.8451732470633379,92.1875,True,0.9458901882171631
5ayr__A1_P13051--5ayr__B1_Q936H5,4,4,3,2,0.8552682315043404,92.1875,True,0.964835524559021
5ayr__A1_P13051--5ayr__B1_Q936H5,5,3,1,2,0.8197189784420248,92.0625,True,0.8752570748329163
5ayr__A1_P13051--5ayr__B1_Q936H5,6,1,0,2,0.8661124693215488,91.9375,True,0.9242795705795288
5ayr__A1_P13051--5ayr__B1_Q936H5,7,1,2,2,0.8671886194259756,91.9375,True,0.9249333143234253
5ayr__A1_P13051--5ayr__B1_Q936H5,8,2,0,2,0.858650143173966,91.875,True,0.896327793598175
5ayr__A1_P13051--5ayr__B1_Q936H5,9,3,0,2,0.8357197496619887,91.875,True,0.9840303659439087
5ayr__A1_P13051--5ayr__B1_Q936H5,10,5,0,2,0.8392712493060478,91.8125,True,0.9616193771362305
5ayr__A1_P13051--5ayr__B1_Q936H5,11,1,1,2,0.8538484162702765,91.75,True,0.9201619625091553
5ayr__A1_P13051--5ayr__B1_Q936H5,12,1,3,2,0.8702639942236093,91.75,True,0.9211084246635437
5ayr__A1_P13051--5ayr__B1_Q936H5,13,3,2,2,0.8587622523949462,91.625,True,0.9527182579040527
5ayr__A1_P13051--5ayr__B1_Q936H5,14,2,1,2,0.8610356501714529,91.625,True,0.9102348685264587
5ayr__A1_P13051--5ayr__B1_Q936H5,15,5,1,2,0.8487940031671521,91.5625,True,0.9470676183700562
5ayr__A1_P13051--5ayr__B1_Q936H5,16,3,3,2,0.8500908283987898,91.5,True,0.9390285611152649
5ayr__A1_P13051--5ayr__B1_Q936H5,17,5,2,2,0.8359775637195191,91.25,True,0.9668320417404175
5ayr__A1_P13051--5ayr__B1_Q936H5,18,5,3,2,0.8487791294128918,91.25,True,0.9518857002258301
5ayr__A1_P13051--5ayr__B1_Q936H5,19,2,2,2,0.8626175687858652,89.5625,True,0.9044106006622314
5ayr__A1_P13051--5ayr__B1_Q936H5,20,2,3,2,0.8259676489582383,89.1875,True,0.9487577080726624
5b1q__A1_Q9WT50--5b1q__B1_Q9WT50,1,4,3,3,0.3160732550193847,82.1875,True,0.8993948101997375
5b1q__A1_Q9WT50--5b1q__B1_Q9WT50,2,1,2,3,0.3028806864051724,81.8125,True,0.4236272871494293
5b1q__A1_Q9WT50--5b1q__B1_Q9WT50,3,1,0,3,0.2297801045452311,76.9375,False,0.9909361004829407
5b1q__A1_Q9WT50--5b1q__B1_Q9WT50,4,4,0,3,0.2078352739265102,74.5,False,0.9811089634895325
5b1q__A1_Q9WT50--5b1q__B1_Q9WT50,5,1,1,3,0.2463680112394624,74.0,True,0.8966612219810486
5b1q__A1_Q9WT50--5b1q__B1_Q9WT50,6,1,3,3,0.2175295858758591,73.75,False,0.6556263566017151
5b1q__A1_Q9WT50--5b1q__B1_Q9WT50,7,4,2,3,0.2139193842712135,73.75,False,0.9944986701011658
5b1q__A1_Q9WT50--5b1q__B1_Q9WT50,8,5,2,3,0.1962223360413744,73.375,False,0.4892279803752899
5b1q__A1_Q9WT50--5b1q__B1_Q9WT50,9,5,0,3,0.2097109305403547,73.1875,False,0.09954625368118286
5b1q__A1_Q9WT50--5b1q__B1_Q9WT50,10,5,3,3,0.2030050916542185,72.875,False,0.979468047618866
5b1q__A1_Q9WT50--5b1q__B1_Q9WT50,11,5,1,3,0.1963818717097747,72.8125,False,0.2261829972267151
5b1q__A1_Q9WT50--5b1q__B1_Q9WT50,12,3,2,3,0.1971240287559056,72.6875,False,0.7536919713020325
5b1q__A1_Q9WT50--5b1q__B1_Q9WT50,13,2,0,3,0.2276015673380794,72.4375,False,0.42638421058654785
5b1q__A1_Q9WT50--5b1q__B1_Q9WT50,14,2,2,3,0.1722459844546977,72.25,False,0.32215964794158936
5b1q__A1_Q9WT50--5b1q__B1_Q9WT50,15,4,1,3,0.1878859264925415,72.125,False,0.28788742423057556
5b1q__A1_Q9WT50--5b1q__B1_Q9WT50,16,2,3,3,0.2056885840205545,72.125,False,0.10646552592515945
5b1q__A1_Q9WT50--5b1q__B1_Q9WT50,17,2,1,3,0.2002432572337539,72.0,False,0.014026432298123837
5b1q__A1_Q9WT50--5b1q__B1_Q9WT50,18,3,3,3,0.1725052576880156,71.875,False,0.027127251029014587
5b1q__A1_Q9WT50--5b1q__B1_Q9WT50,19,3,0,3,0.1751749245155821,71.4375,False,0.5454325675964355
5b1q__A1_Q9WT50--5b1q__B1_Q9WT50,20,3,1,3,0.1674541360111378,71.0,False,0.6466382145881653
5b2g__A1_O14493--5b2g__B1_P01558,1,4,1,2,0.0037185053908853,30.0625,False,0.06477563083171844
5b2g__A1_O14493--5b2g__B1_P01558,2,5,3,2,0.0027197334391889,29.328125,False,0.04292960464954376
5b2g__A1_O14493--5b2g__B1_P01558,3,5,2,2,0.0034156711044709,27.65625,False,0.05552269145846367
5b2g__A1_O14493--5b2g__B1_P01558,4,3,1,2,0.138017376185527,27.0,False,0.012570144608616829
5b2g__A1_O14493--5b2g__B1_P01558,5,4,3,2,0.0033998783209907,26.8125,False,0.05851137265563011
5b2g__A1_O14493--5b2g__B1_P01558,6,1,0,2,0.0031347515697643,26.0,False,0.012001938186585903
5b2g__A1_O14493--5b2g__B1_P01558,7,4,0,2,0.0032890583347793,25.359375,False,0.023725131526589394
5b2g__A1_O14493--5b2g__B1_P01558,8,2,0,2,0.0033373275952848,24.8125,False,0.051960937678813934
5b2g__A1_O14493--5b2g__B1_P01558,9,1,3,2,0.0030172620883618,24.484375,False,0.004120881203562021
5b2g__A1_O14493--5b2g__B1_P01558,10,3,3,2,0.1014606834570193,23.890625,False,0.013196628540754318
5b2g__A1_O14493--5b2g__B1_P01558,11,2,2,2,0.0031606769820814,23.578125,False,0.09589820355176926
5b2g__A1_O14493--5b2g__B1_P01558,12,5,1,2,0.0046854834486904,23.390625,False,0.006012691184878349
5b2g__A1_O14493--5b2g__B1_P01558,13,5,0,2,0.0033154809261262,22.140625,False,0.0795416310429573
5b2g__A1_O14493--5b2g__B1_P01558,14,4,2,2,0.0033710953777249,21.84375,False,0.022745011374354362
5b2g__A1_O14493--5b2g__B1_P01558,15,3,0,2,0.0485211728645038,21.75,False,0.0280962772667408
5b2g__A1_O14493--5b2g__B1_P01558,16,1,1,2,0.0033615104638909,21.390625,False,0.006430466193705797
5b2g__A1_O14493--5b2g__B1_P01558,17,2,1,2,0.0032711411286783,20.96875,False,0.04828273132443428
5b2g__A1_O14493--5b2g__B1_P01558,18,3,2,2,0.0323978428816516,20.765625,False,0.06564237922430038
5b2g__A1_O14493--5b2g__B1_P01558,19,1,2,2,0.0045493846335835,20.0625,False,0.02097347192466259
5b2g__A1_O14493--5b2g__B1_P01558,20,2,3,2,0.0030567239125925,20.046875,False,0.06486783921718597
5b2h__A1_Q93HT5--5b2h__B1_Q93HT5,1,4,0,1,0.7214598625100038,85.8125,True,0.26241540908813477
5b2h__A1_Q93HT5--5b2h__B1_Q93HT5,2,4,3,1,0.6811698835324327,74.5,True,0.9852801561355591
5b2h__A1_Q93HT5--5b2h__B1_Q93HT5,3,3,3,1,0.68333914985753,70.25,True,0.922897219657898
5b2h__A1_Q93HT5--5b2h__B1_Q93HT5,4,2,2,1,0.6730153878718536,65.4375,True,0.041458435356616974
5b2h__A1_Q93HT5--5b2h__B1_Q93HT5,5,2,1,1,0.0177859575232732,65.1875,False,0.958074688911438
5b2h__A1_Q93HT5--5b2h__B1_Q93HT5,6,1,3,1,0.0176575378926399,63.78125,False,0.988993227481842
5b2h__A1_Q93HT5--5b2h__B1_Q93HT5,7,5,3,1,0.0175099368529517,63.4375,False,0.8574507832527161
5b2h__A1_Q93HT5--5b2h__B1_Q93HT5,8,3,1,1,0.0178112416172468,59.9375,False,0.9734981060028076
5b2h__A1_Q93HT5--5b2h__B1_Q93HT5,9,3,0,1,0.0260175470576876,56.03125,False,0.6135945320129395
5b2h__A1_Q93HT5--5b2h__B1_Q93HT5,10,3,2,1,0.6479317197076165,55.9375,True,0.5012029409408569
5b2h__A1_Q93HT5--5b2h__B1_Q93HT5,11,2,0,1,0.6788273240546158,55.25,True,0.004662738647311926
5b2h__A1_Q93HT5--5b2h__B1_Q93HT5,12,5,1,1,0.6050970062389937,54.625,True,0.9945802092552185
5b2h__A1_Q93HT5--5b2h__B1_Q93HT5,13,5,2,1,0.5960049704532907,52.6875,True,0.2516530752182007
5b2h__A1_Q93HT5--5b2h__B1_Q93HT5,14,1,1,1,0.0178908191117166,52.4375,False,0.9990490078926086
5b2h__A1_Q93HT5--5b2h__B1_Q93HT5,15,2,3,1,0.0180559242185644,48.9375,False,0.9999085664749146
5b2h__A1_Q93HT5--5b2h__B1_Q93HT5,16,1,0,1,0.0179804036123156,44.09375,False,0.9999517202377319
5b2h__A1_Q93HT5--5b2h__B1_Q93HT5,17,5,0,1,0.0178318581784524,26.859375,False,0.5229873061180115
5b2h__A1_Q93HT5--5b2h__B1_Q93HT5,18,4,2,1,0.5810077566610735,26.578125,True,0.0005313496221788228
5b2h__A1_Q93HT5--5b2h__B1_Q93HT5,19,4,1,1,0.0397523414268559,19.3125,False,0.17578303813934326
5b2h__A1_Q93HT5--5b2h__B1_Q93HT5,20,1,2,1,0.0312879920666797,19.15625,False,0.37778133153915405
5b5w__A1_Q8BPB0--5b5w__B1_O95835,1,4,1,2,0.909766172407827,88.25,True,0.8896847367286682
5b5w__A1_Q8BPB0--5b5w__B1_O95835,2,4,3,2,0.9184346404348036,87.3125,True,0.8948229551315308
5b5w__A1_Q8BPB0--5b5w__B1_O95835,3,4,0,2,0.9122154879701796,86.75,True,0.8988202214241028
5b5w__A1_Q8BPB0--5b5w__B1_O95835,4,2,1,2,0.8907195299063888,86.75,True,0.8954700231552124
5b5w__A1_Q8BPB0--5b5w__B1_O95835,5,4,2,2,0.9003825295339798,86.75,True,0.9085676670074463
5b5w__A1_Q8BPB0--5b5w__B1_O95835,6,2,3,2,0.909328651001162,86.6875,True,0.8947040438652039
5b5w__A1_Q8BPB0--5b5w__B1_O95835,7,2,2,2,0.8927677506661486,86.5625,True,0.8887175917625427
5b5w__A1_Q8BPB0--5b5w__B1_O95835,8,5,1,2,0.909783271034832,86.5,True,0.9244511127471924
5b5w__A1_Q8BPB0--5b5w__B1_O95835,9,2,0,2,0.9030726388837416,86.5,True,0.8817289471626282
5b5w__A1_Q8BPB0--5b5w__B1_O95835,10,5,3,2,0.9140340682398488,86.0,True,0.9242962598800659
5b5w__A1_Q8BPB0--5b5w__B1_O95835,11,5,2,2,0.889958001345548,84.75,True,0.9218305349349976
5b5w__A1_Q8BPB0--5b5w__B1_O95835,12,5,0,2,0.8961620183483107,84.625,True,0.9148198366165161
5b5w__A1_Q8BPB0--5b5w__B1_O95835,13,3,1,2,0.879246453908265,84.25,True,0.8879846334457397
5b5w__A1_Q8BPB0--5b5w__B1_O95835,14,1,3,2,0.8999005046335976,84.0625,True,0.9087684750556946
5b5w__A1_Q8BPB0--5b5w__B1_O95835,15,3,3,2,0.8886040625341146,83.875,True,0.8902974724769592
5b5w__A1_Q8BPB0--5b5w__B1_O95835,16,1,1,2,0.8936569846763774,83.5625,True,0.9031064510345459
5b5w__A1_Q8BPB0--5b5w__B1_O95835,17,1,0,2,0.8885885148539785,82.625,True,0.8982856273651123
5b5w__A1_Q8BPB0--5b5w__B1_O95835,18,1,2,2,0.8832990702376824,82.25,True,0.8942642211914062
5b5w__A1_Q8BPB0--5b5w__B1_O95835,19,3,2,2,0.8744197026170846,81.625,True,0.922238826751709
5b5w__A1_Q8BPB0--5b5w__B1_O95835,20,3,0,2,0.8839400845164666,81.0625,True,0.9003821015357971
5bqb__A1_Q00604--5bqb__B1_Q00604,1,1,0,1,0.7429590609475647,85.0,True,0.0005488299066200852
5bqb__A1_Q00604--5bqb__B1_Q00604,2,2,2,1,0.7532153093745588,84.875,True,0.0012002186849713326
5bqb__A1_Q00604--5bqb__B1_Q00604,3,4,0,1,0.808012695416297,81.1875,True,0.00041557138320058584
5bqb__A1_Q00604--5bqb__B1_Q00604,4,4,2,1,0.760650847198792,78.5625,True,0.0002694524300750345
5bqb__A1_Q00604--5bqb__B1_Q00604,5,1,3,1,0.4995129550421434,57.53125,True,0.008014165796339512
5bqb__A1_Q00604--5bqb__B1_Q00604,6,5,0,1,0.0333013719469248,56.1875,False,0.014942558482289314
5bqb__A1_Q00604--5bqb__B1_Q00604,7,3,1,1,0.0280478455877077,36.0,False,0.02290588617324829
5bqb__A1_Q00604--5bqb__B1_Q00604,8,4,3,1,0.0311765838721053,33.9375,False,0.011525454930961132
5bqb__A1_Q00604--5bqb__B1_Q00604,9,4,1,1,0.0328567971288087,30.40625,False,0.05498797819018364
5bqb__A1_Q00604--5bqb__B1_Q00604,10,3,2,1,0.0198020288422014,19.71875,False,0.0353037565946579
5bqb__A1_Q00604--5bqb__B1_Q00604,11,3,0,1,0.0208661929044013,19.5,False,0.08485865592956543
5bqb__A1_Q00604--5bqb__B1_Q00604,12,1,1,1,0.0389741790880116,17.40625,False,0.04195144772529602
5bqb__A1_Q00604--5bqb__B1_Q00604,13,5,2,1,0.0281490606772429,16.453125,False,0.024988044053316116
5bqb__A1_Q00604--5bqb__B1_Q00604,14,3,3,1,0.0339502951224578,16.0625,False,0.013737344183027744
5bqb__A1_Q00604--5bqb__B1_Q00604,15,1,2,1,0.0484358077778886,15.7890625,False,0.12170291692018509
5bqb__A1_Q00604--5bqb__B1_Q00604,16,2,1,1,0.0320786722224553,15.1953125,False,0.03599241003394127
5bqb__A1_Q00604--5bqb__B1_Q00604,17,2,3,1,0.0158920867548804,14.765625,False,0.0035754828713834286
5bqb__A1_Q00604--5bqb__B1_Q00604,18,5,3,1,0.0266355655760296,14.71875,False,0.017638901248574257
5bqb__A1_Q00604--5bqb__B1_Q00604,19,2,0,1,0.0150588774013322,14.390625,False,0.03841857612133026
5bqb__A1_Q00604--5bqb__B1_Q00604,20,5,1,1,0.017244427433929,14.390625,False,0.0016505614621564746
5ch7__A1_G8QM55--5ch7__B1_G8QM54,1,3,1,4,0.7755982507294679,95.25,True,0.9098598957061768
5ch7__A1_G8QM55--5ch7__B1_G8QM54,2,5,2,4,0.7422345214139187,95.25,True,0.7867403030395508
5ch7__A1_G8QM55--5ch7__B1_G8QM54,3,3,2,4,0.752675461074733,95.25,True,0.9027354717254639
5ch7__A1_G8QM55--5ch7__B1_G8QM54,4,5,1,4,0.7541403155401083,95.1875,True,0.7942038774490356
5ch7__A1_G8QM55--5ch7__B1_G8QM54,5,3,0,4,0.7715239924430687,95.1875,True,0.8705338835716248
5ch7__A1_G8QM55--5ch7__B1_G8QM54,6,5,0,4,0.7449583815195274,95.1875,True,0.763720691204071
5ch7__A1_G8QM55--5ch7__B1_G8QM54,7,3,3,4,0.7743495916810618,95.125,True,0.9321458339691162
5ch7__A1_G8QM55--5ch7__B1_G8QM54,8,4,2,4,0.7476784587686826,95.125,True,0.8614047765731812
5ch7__A1_G8QM55--5ch7__B1_G8QM54,9,4,0,4,0.7532183255982755,95.0625,True,0.865807831287384
5ch7__A1_G8QM55--5ch7__B1_G8QM54,10,1,1,4,0.7917535766911294,95.0625,True,0.9557718634605408
5ch7__A1_G8QM55--5ch7__B1_G8QM54,11,1,0,4,0.7653403897443788,95.0625,True,0.9359695315361023
5ch7__A1_G8QM55--5ch7__B1_G8QM54,12,1,2,4,0.7908332228968099,95.0625,True,0.9533479809761047
5ch7__A1_G8QM55--5ch7__B1_G8QM54,13,2,2,4,0.7536732519374792,95.0625,True,0.7924615144729614
5ch7__A1_G8QM55--5ch7__B1_G8QM54,14,4,1,4,0.7551391149320787,95.0,True,0.9316792488098145
5ch7__A1_G8QM55--5ch7__B1_G8QM54,15,5,3,4,0.7494802930529804,95.0,True,0.9381633400917053
5ch7__A1_G8QM55--5ch7__B1_G8QM54,16,4,3,4,0.7490186288647672,94.9375,True,0.9396726489067078
5ch7__A1_G8QM55--5ch7__B1_G8QM54,17,2,1,4,0.7776965984238684,94.875,True,0.9089305996894836
5ch7__A1_G8QM55--5ch7__B1_G8QM54,18,1,3,4,0.7529224282928869,94.875,True,0.9132899045944214
5ch7__A1_G8QM55--5ch7__B1_G8QM54,19,2,3,4,0.7523021953333262,94.8125,True,0.9230312705039978
5ch7__A1_G8QM55--5ch7__B1_G8QM54,20,2,0,4,0.7525938148986837,94.8125,True,0.8953096270561218
5cqs__A1_Q06706--5cqs__D1_Q06706,1,1,0,1,0.5220133867610101,82.1875,True,0.42976561188697815
5cqs__A1_Q06706--5cqs__D1_Q06706,2,1,2,1,0.5172406236194734,81.75,True,0.3804394006729126
5cqs__A1_Q06706--5cqs__D1_Q06706,3,1,3,1,0.5171728010508442,80.5625,True,0.3623572289943695
5cqs__A1_Q06706--5cqs__D1_Q06706,4,1,1,1,0.4039217051761148,58.625,True,0.6690213084220886
5cqs__A1_Q06706--5cqs__D1_Q06706,5,3,2,1,0.0064627863317554,47.9375,False,0.9999841451644897
5cqs__A1_Q06706--5cqs__D1_Q06706,6,3,3,1,0.005900367110296,46.53125,False,0.9998823404312134
5cqs__A1_Q06706--5cqs__D1_Q06706,7,3,1,1,0.0052811213455797,45.03125,False,0.7559987902641296
5cqs__A1_Q06706--5cqs__D1_Q06706,8,5,2,1,0.006012387733133,43.71875,False,0.9999736547470093
5cqs__A1_Q06706--5cqs__D1_Q06706,9,5,3,1,0.0069929174246525,43.34375,False,0.9999773502349854
5cqs__A1_Q06706--5cqs__D1_Q06706,10,5,0,1,0.006982578157924,43.21875,False,0.9759207963943481
5cqs__A1_Q06706--5cqs__D1_Q06706,11,4,1,1,0.0053796857716328,42.90625,False,0.9995262622833252
5cqs__A1_Q06706--5cqs__D1_Q06706,12,4,3,1,0.0052014005150355,42.25,False,0.9468421936035156
5cqs__A1_Q06706--5cqs__D1_Q06706,13,4,2,1,0.0062776369427824,41.75,False,0.9998031258583069
5cqs__A1_Q06706--5cqs__D1_Q06706,14,2,3,1,0.0057254050109456,41.71875,False,0.9999252557754517
5cqs__A1_Q06706--5cqs__D1_Q06706,15,2,2,1,0.0072819363036766,40.78125,False,0.9999568462371826
5cqs__A1_Q06706--5cqs__D1_Q06706,16,4,0,1,0.008939024055286,39.84375,False,0.9998689889907837
5cqs__A1_Q06706--5cqs__D1_Q06706,17,2,1,1,0.0049789658699349,39.5,False,0.9999583959579468
5cqs__A1_Q06706--5cqs__D1_Q06706,18,2,0,1,0.0049397927591538,39.25,False,0.9936020970344543
5cqs__A1_Q06706--5cqs__D1_Q06706,19,3,0,1,0.0523800650226928,18.703125,False,0.0013094429159536958
5cqs__A1_Q06706--5cqs__D1_Q06706,20,5,1,1,0.0812357655212636,17.828125,False,0.00030359276570379734
5cs3__A1_P14210--5cs3__B1_P14210,1,3,3,1,0.0076008261097401,68.1875,False,0.023038450628519058
5cs3__A1_P14210--5cs3__B1_P14210,2,3,1,1,0.0076376243443469,64.875,False,0.027741188183426857
5cs3__A1_P14210--5cs3__B1_P14210,3,5,1,1,0.0624607048049507,22.0625,False,0.328743577003479
5cs3__A1_P14210--5cs3__B1_P14210,4,5,3,1,0.0624350136005783,21.421875,False,0.32348501682281494
5cs3__A1_P14210--5cs3__B1_P14210,5,5,0,1,0.062399215477926,20.390625,False,0.301855206489563
5cs3__A1_P14210--5cs3__B1_P14210,6,1,2,1,0.0402850607322491,18.109375,False,0.2077803909778595
5cs3__A1_P14210--5cs3__B1_P14210,7,5,2,1,0.0577530799156258,17.828125,False,0.16644199192523956
5cs3__A1_P14210--5cs3__B1_P14210,8,1,3,1,0.0419856129237518,16.546875,False,0.0035157690290361643
5cs3__A1_P14210--5cs3__B1_P14210,9,4,1,1,0.0115701838140909,16.21875,False,0.042495302855968475
5cs3__A1_P14210--5cs3__B1_P14210,10,4,2,1,0.0133642498413555,15.9921875,False,0.04314597323536873
5cs3__A1_P14210--5cs3__B1_P14210,11,4,0,1,0.0122994627167225,15.921875,False,0.06420640647411346
5cs3__A1_P14210--5cs3__B1_P14210,12,1,1,1,0.0456123806672554,15.8984375,False,0.006162029691040516
5cs3__A1_P14210--5cs3__B1_P14210,13,3,0,1,0.0558208435706976,15.4921875,False,0.15387894213199615
5cs3__A1_P14210--5cs3__B1_P14210,14,4,3,1,0.017332265853579,15.4453125,False,0.0020567215979099274
5cs3__A1_P14210--5cs3__B1_P14210,15,2,2,1,0.0670950368260919,15.28125,False,0.3005429804325104
5cs3__A1_P14210--5cs3__B1_P14210,16,2,0,1,0.0947651404844086,15.2734375,False,0.4381802976131439
5cs3__A1_P14210--5cs3__B1_P14210,17,2,3,1,0.1433793486161638,15.2578125,False,0.18177175521850586
5cs3__A1_P14210--5cs3__B1_P14210,18,3,2,1,0.0730880559955273,14.984375,False,0.1242993026971817
5cs3__A1_P14210--5cs3__B1_P14210,19,2,1,1,0.1260018868386007,14.96875,False,0.4529534876346588
5cs3__A1_P14210--5cs3__B1_P14210,20,1,0,1,0.0247248625078689,14.65625,False,0.08370298147201538
5cuz__A1_Q9H3L0--5cuz__A2_Q9H3L0,1,2,3,4,0.0604337803840459,57.5,False,0.03548070788383484
5cuz__A1_Q9H3L0--5cuz__A2_Q9H3L0,2,5,2,4,0.2659295114253693,40.71875,True,0.4560479521751404
5cuz__A1_Q9H3L0--5cuz__A2_Q9H3L0,3,5,0,4,0.3138222521554832,38.34375,True,0.5432738661766052
5cuz__A1_Q9H3L0--5cuz__A2_Q9H3L0,4,5,1,4,0.2756440692839171,35.8125,True,0.6305080056190491
5cuz__A1_Q9H3L0--5cuz__A2_Q9H3L0,5,3,1,4,0.2433956107772689,35.25,True,0.18959173560142517
5cuz__A1_Q9H3L0--5cuz__A2_Q9H3L0,6,3,0,4,0.2419682229367863,34.125,True,0.13727135956287384
5cuz__A1_Q9H3L0--5cuz__A2_Q9H3L0,7,3,3,4,0.2022489383762469,33.78125,False,0.12757021188735962
5cuz__A1_Q9H3L0--5cuz__A2_Q9H3L0,8,3,2,4,0.1663580338371471,26.578125,False,0.02959202416241169
5cuz__A1_Q9H3L0--5cuz__A2_Q9H3L0,9,2,1,4,0.1727643390513132,25.140625,False,0.3335736095905304
5cuz__A1_Q9H3L0--5cuz__A2_Q9H3L0,10,2,0,4,0.0987940143930231,24.796875,False,0.02340412326157093
5cuz__A1_Q9H3L0--5cuz__A2_Q9H3L0,11,2,2,4,0.1014523751401877,24.484375,False,0.19760096073150635
5cuz__A1_Q9H3L0--5cuz__A2_Q9H3L0,12,4,2,4,0.127057408062006,24.421875,False,0.9353954792022705
5cuz__A1_Q9H3L0--5cuz__A2_Q9H3L0,13,1,1,4,0.1662390398639613,24.265625,False,0.2109176367521286
5cuz__A1_Q9H3L0--5cuz__A2_Q9H3L0,14,1,2,4,0.1663587343874088,24.03125,False,0.6512203812599182
5cuz__A1_Q9H3L0--5cuz__A2_Q9H3L0,15,4,3,4,0.1231807599101679,23.921875,False,0.9232708215713501
5cuz__A1_Q9H3L0--5cuz__A2_Q9H3L0,16,4,1,4,0.1228210486779649,23.890625,False,0.7074199914932251
5cuz__A1_Q9H3L0--5cuz__A2_Q9H3L0,17,4,0,4,0.1174819311463602,23.828125,False,0.6710747480392456
5cuz__A1_Q9H3L0--5cuz__A2_Q9H3L0,18,1,3,4,0.1547682635369807,23.171875,False,0.0657876655459404
5cuz__A1_Q9H3L0--5cuz__A2_Q9H3L0,19,1,0,4,0.1332710283248342,22.4375,False,0.13295188546180725
5cuz__A1_Q9H3L0--5cuz__A2_Q9H3L0,20,5,3,4,0.1897680513109783,21.0,False,0.07117293030023575
5d7q__A1_Q8IXJ6--5d7q__B1_Q8IXJ6,1,1,0,3,0.0573828616716857,52.5,False,0.2569058835506439
5d7q__A1_Q8IXJ6--5d7q__B1_Q8IXJ6,2,5,1,3,0.0766358220819559,42.09375,False,0.6992001533508301
5d7q__A1_Q8IXJ6--5d7q__B1_Q8IXJ6,3,5,3,3,0.0849725156908929,41.5,False,0.9614742398262024
5d7q__A1_Q8IXJ6--5d7q__B1_Q8IXJ6,4,5,2,3,0.0765809870534303,41.125,False,0.786415696144104
5d7q__A1_Q8IXJ6--5d7q__B1_Q8IXJ6,5,5,0,3,0.1004713918027476,37.78125,False,0.4815279543399811
5d7q__A1_Q8IXJ6--5d7q__B1_Q8IXJ6,6,1,2,3,0.0650881589361216,37.5625,False,0.9800450205802917
5d7q__A1_Q8IXJ6--5d7q__B1_Q8IXJ6,7,1,3,3,0.0513348686804201,33.8125,False,0.010107714682817459
5d7q__A1_Q8IXJ6--5d7q__B1_Q8IXJ6,8,3,2,3,0.0754864700647393,32.15625,False,0.998427152633667
5d7q__A1_Q8IXJ6--5d7q__B1_Q8IXJ6,9,1,1,3,0.059601900451128,30.9375,False,0.007222263142466545
5d7q__A1_Q8IXJ6--5d7q__B1_Q8IXJ6,10,3,1,3,0.0833792830372622,30.203125,False,0.9996215105056763
5d7q__A1_Q8IXJ6--5d7q__B1_Q8IXJ6,11,3,0,3,0.0839243124668352,29.078125,False,0.9999985694885254
5d7q__A1_Q8IXJ6--5d7q__B1_Q8IXJ6,12,3,3,3,0.0917736534983001,28.5625,False,0.9999979734420776
5d7q__A1_Q8IXJ6--5d7q__B1_Q8IXJ6,13,4,3,3,0.0832919781139353,28.546875,False,0.9969266057014465
5d7q__A1_Q8IXJ6--5d7q__B1_Q8IXJ6,14,4,2,3,0.0844116356043426,27.90625,False,0.9960301518440247
5d7q__A1_Q8IXJ6--5d7q__B1_Q8IXJ6,15,4,0,3,0.0924820424821818,27.828125,False,0.9894958138465881
5d7q__A1_Q8IXJ6--5d7q__B1_Q8IXJ6,16,2,3,3,0.0177136505964969,27.75,False,0.009916389361023903
5d7q__A1_Q8IXJ6--5d7q__B1_Q8IXJ6,17,2,1,3,0.0170995284859098,26.90625,False,0.05196046456694603
5d7q__A1_Q8IXJ6--5d7q__B1_Q8IXJ6,18,2,0,3,0.0678732953834766,26.875,False,0.07568615674972534
5d7q__A1_Q8IXJ6--5d7q__B1_Q8IXJ6,19,2,2,3,0.0187877311012854,26.40625,False,0.018413247540593147
5d7q__A1_Q8IXJ6--5d7q__B1_Q8IXJ6,20,4,1,3,0.0973660131346937,25.6875,False,0.9903451800346375
5d8e__A1_Q9BQ15--5d8e__D1_Q9BQ15,1,1,3,1,0.0303829707882436,67.875,False,0.25859957933425903
5d8e__A1_Q9BQ15--5d8e__D1_Q9BQ15,2,1,0,1,0.0290749828636528,63.0,False,0.19424808025360107
5d8e__A1_Q9BQ15--5d8e__D1_Q9BQ15,3,3,1,1,0.034721286341776,54.5,False,0.5270198583602905
5d8e__A1_Q9BQ15--5d8e__D1_Q9BQ15,4,5,2,1,0.0163951516961548,38.09375,False,0.00925943162292242
5d8e__A1_Q9BQ15--5d8e__D1_Q9BQ15,5,5,3,1,0.0163902116469049,34.4375,False,0.050219811499118805
5d8e__A1_Q9BQ15--5d8e__D1_Q9BQ15,6,5,1,1,0.0158562048926599,33.15625,False,0.3339000344276428
5d8e__A1_Q9BQ15--5d8e__D1_Q9BQ15,7,4,3,1,0.0192746567748174,29.53125,False,0.5564283728599548
5d8e__A1_Q9BQ15--5d8e__D1_Q9BQ15,8,3,0,1,0.0156458276267478,29.375,False,0.9560277462005615
5d8e__A1_Q9BQ15--5d8e__D1_Q9BQ15,9,2,3,1,0.0190010849480759,29.234375,False,0.10705104470252991
5d8e__A1_Q9BQ15--5d8e__D1_Q9BQ15,10,1,1,1,0.0155564787169722,29.015625,False,0.996112048625946
5d8e__A1_Q9BQ15--5d8e__D1_Q9BQ15,11,2,1,1,0.016889107846396,28.78125,False,0.0075277043506503105
5d8e__A1_Q9BQ15--5d8e__D1_Q9BQ15,12,2,2,1,0.0177400957080902,28.15625,False,0.014407054521143436
5d8e__A1_Q9BQ15--5d8e__D1_Q9BQ15,13,3,2,1,0.0147713840624469,27.640625,False,0.08900286257266998
5d8e__A1_Q9BQ15--5d8e__D1_Q9BQ15,14,2,0,1,0.0175407056202877,27.125,False,0.010914958082139492
5d8e__A1_Q9BQ15--5d8e__D1_Q9BQ15,15,5,0,1,0.0150651218827286,26.53125,False,0.7143862843513489
5d8e__A1_Q9BQ15--5d8e__D1_Q9BQ15,16,1,2,1,0.0151592524807528,24.59375,False,0.78376305103302
5d8e__A1_Q9BQ15--5d8e__D1_Q9BQ15,17,4,2,1,0.0190270294201241,24.515625,False,0.21299850940704346
5d8e__A1_Q9BQ15--5d8e__D1_Q9BQ15,18,4,1,1,0.0185130511777828,24.484375,False,0.5581570863723755
5d8e__A1_Q9BQ15--5d8e__D1_Q9BQ15,19,4,0,1,0.0179111395258607,24.03125,False,0.8321677446365356
5d8e__A1_Q9BQ15--5d8e__D1_Q9BQ15,20,3,3,1,0.0145847744725429,22.328125,False,0.1640135794878006
5doi__A1_D2CVN7--5doi__E1_Q6JXI5,1,1,2,3,0.0667390543533049,13.8203125,False,0.02089519239962101
5doi__A1_D2CVN7--5doi__E1_Q6JXI5,2,5,2,3,0.0374447242896989,13.75,False,0.07316740602254868
5doi__A1_D2CVN7--5doi__E1_Q6JXI5,3,1,0,3,0.0426748306666362,13.359375,False,0.036432985216379166
5doi__A1_D2CVN7--5doi__E1_Q6JXI5,4,5,3,3,0.0369766594461998,12.6171875,False,0.024064676836133003
5doi__A1_D2CVN7--5doi__E1_Q6JXI5,5,3,1,3,0.0288327680500174,11.1328125,False,0.018591830506920815
5doi__A1_D2CVN7--5doi__E1_Q6JXI5,6,2,0,3,0.0296029983816612,10.3671875,False,0.057014621794223785
5doi__A1_D2CVN7--5doi__E1_Q6JXI5,7,2,1,3,0.0372993799891253,10.3515625,False,0.042151935398578644
5doi__A1_D2CVN7--5doi__E1_Q6JXI5,8,4,2,3,0.040773782687177,10.2890625,False,0.05026312172412872
5doi__A1_D2CVN7--5doi__E1_Q6JXI5,9,4,1,3,0.0223444618036396,10.21875,False,0.02603178098797798
5doi__A1_D2CVN7--5doi__E1_Q6JXI5,10,4,0,3,0.0232785847857593,9.9140625,False,0.006395240314304829
5doi__A1_D2CVN7--5doi__E1_Q6JXI5,11,3,3,3,0.028335139681668,9.890625,False,0.020211543887853622
5doi__A1_D2CVN7--5doi__E1_Q6JXI5,12,4,3,3,0.0435394924387197,9.8359375,False,0.025374766439199448
5doi__A1_D2CVN7--5doi__E1_Q6JXI5,13,5,1,3,0.0272892319630258,9.828125,False,0.00041134367347694933
5doi__A1_D2CVN7--5doi__E1_Q6JXI5,14,2,2,3,0.0379241805717611,9.8203125,False,0.053391654044389725
5doi__A1_D2CVN7--5doi__E1_Q6JXI5,15,3,2,3,0.0253612635033728,9.5859375,False,0.0651465654373169
5doi__A1_D2CVN7--5doi__E1_Q6JXI5,16,5,0,3,0.0347244273793418,9.5546875,False,0.015796395018696785
5doi__A1_D2CVN7--5doi__E1_Q6JXI5,17,2,3,3,0.0375165052585923,9.546875,False,0.02669147029519081
5doi__A1_D2CVN7--5doi__E1_Q6JXI5,18,1,3,3,0.0404313718443333,9.4375,False,0.0212942473590374
5doi__A1_D2CVN7--5doi__E1_Q6JXI5,19,1,1,3,0.0455267067823757,9.4140625,False,0.013304450549185276
5doi__A1_D2CVN7--5doi__E1_Q6JXI5,20,3,0,3,0.0197642904788635,9.03125,False,0.02077653631567955
5e4b__A1_A0A1C9V3S9--5e4b__B1_A0A1C9V3S9,1,2,3,0,0.2765387323049999,72.625,True,0.9974541068077087
5e4b__A1_A0A1C9V3S9--5e4b__B1_A0A1C9V3S9,2,1,3,0,0.2957176651809874,70.75,True,0.9983031749725342
5e4b__A1_A0A1C9V3S9--5e4b__B1_A0A1C9V3S9,3,1,1,0,0.2671703726445988,70.125,True,0.9994680285453796
5e4b__A1_A0A1C9V3S9--5e4b__B1_A0A1C9V3S9,4,4,3,0,0.278745433532323,68.25,True,0.9988207221031189
5e4b__A1_A0A1C9V3S9--5e4b__B1_A0A1C9V3S9,5,2,0,0,0.2593185862485298,65.5625,True,0.983336329460144
5e4b__A1_A0A1C9V3S9--5e4b__B1_A0A1C9V3S9,6,4,0,0,0.025695354703666,63.96875,False,0.01696213334798813
5e4b__A1_A0A1C9V3S9--5e4b__B1_A0A1C9V3S9,7,2,2,0,0.0248857841692625,62.90625,False,0.013515494763851166
5e4b__A1_A0A1C9V3S9--5e4b__B1_A0A1C9V3S9,8,4,1,0,0.1624242041522137,57.5,False,0.5997414588928223
5e4b__A1_A0A1C9V3S9--5e4b__B1_A0A1C9V3S9,9,3,2,0,0.1977003591233163,54.4375,False,0.8243806958198547
5e4b__A1_A0A1C9V3S9--5e4b__B1_A0A1C9V3S9,10,1,2,0,0.0255804059733508,52.9375,False,0.016143009066581726
5e4b__A1_A0A1C9V3S9--5e4b__B1_A0A1C9V3S9,11,5,3,0,0.1428295205111255,52.4375,False,0.9975645542144775
5e4b__A1_A0A1C9V3S9--5e4b__B1_A0A1C9V3S9,12,3,1,0,0.1928262409825316,46.53125,False,0.9847229719161987
5e4b__A1_A0A1C9V3S9--5e4b__B1_A0A1C9V3S9,13,4,2,0,0.1700428051252079,45.9375,False,0.2881901264190674
5e4b__A1_A0A1C9V3S9--5e4b__B1_A0A1C9V3S9,14,3,3,0,0.2675030225459403,45.03125,True,0.8990353941917419
5e4b__A1_A0A1C9V3S9--5e4b__B1_A0A1C9V3S9,15,5,2,0,0.1341459605645641,44.75,False,0.995695948600769
5e4b__A1_A0A1C9V3S9--5e4b__B1_A0A1C9V3S9,16,5,0,0,0.1521762592447414,41.65625,False,0.9991034865379333
5e4b__A1_A0A1C9V3S9--5e4b__B1_A0A1C9V3S9,17,3,0,0,0.1551886831500833,41.46875,False,0.9911148548126221
5e4b__A1_A0A1C9V3S9--5e4b__B1_A0A1C9V3S9,18,5,1,0,0.1667568403753546,39.25,False,0.9961751699447632
5e4b__A1_A0A1C9V3S9--5e4b__B1_A0A1C9V3S9,19,1,0,0,0.1677083401703418,35.75,False,0.9988101720809937
5e4b__A1_A0A1C9V3S9--5e4b__B1_A0A1C9V3S9,20,2,1,0,0.027982611423046,30.265625,False,0.0730149894952774
5e9h__B1_Q4HYR2--5e9h__A1_Q4HYR2,1,5,0,1,0.8936659085533593,69.0625,True,0.9996039271354675
5e9h__B1_Q4HYR2--5e9h__A1_Q4HYR2,2,2,1,1,0.0060616400031019,68.375,False,8.152508235070854e-05
5e9h__B1_Q4HYR2--5e9h__A1_Q4HYR2,3,2,3,1,0.0060639094220203,68.1875,False,0.00011232756514800712
5e9h__B1_Q4HYR2--5e9h__A1_Q4HYR2,4,2,2,1,0.0060614553497749,68.0625,False,7.7676864748355e-05
5e9h__B1_Q4HYR2--5e9h__A1_Q4HYR2,5,4,2,1,0.8932446778002273,67.5625,True,0.9987272620201111
5e9h__B1_Q4HYR2--5e9h__A1_Q4HYR2,6,5,2,1,0.8927700171719838,66.75,True,0.9995071887969971
5e9h__B1_Q4HYR2--5e9h__A1_Q4HYR2,7,5,1,1,0.8879298564271857,66.625,True,0.9995052814483643
5e9h__B1_Q4HYR2--5e9h__A1_Q4HYR2,8,4,0,1,0.8931869327523433,66.5625,True,0.9980795383453369
5e9h__B1_Q4HYR2--5e9h__A1_Q4HYR2,9,2,0,1,0.0060683911047677,66.1875,False,0.0003267708234488964
5e9h__B1_Q4HYR2--5e9h__A1_Q4HYR2,10,4,1,1,0.8892788477687049,66.0625,True,0.998908281326294
5e9h__B1_Q4HYR2--5e9h__A1_Q4HYR2,11,5,3,1,0.8903012152657307,65.3125,True,0.9997039437294006
5e9h__B1_Q4HYR2--5e9h__A1_Q4HYR2,12,1,3,1,0.855014934043799,60.84375,True,0.9999192953109741
5e9h__B1_Q4HYR2--5e9h__A1_Q4HYR2,13,4,3,1,0.884213749246241,60.5625,True,0.999765932559967
5e9h__B1_Q4HYR2--5e9h__A1_Q4HYR2,14,1,0,1,0.0060239331676382,59.90625,False,0.0007781909662298858
5e9h__B1_Q4HYR2--5e9h__A1_Q4HYR2,15,1,2,1,0.0060584908460483,56.46875,False,0.1671491414308548
5e9h__B1_Q4HYR2--5e9h__A1_Q4HYR2,16,3,3,1,0.006134290143619,54.65625,False,0.007968226447701454
5e9h__B1_Q4HYR2--5e9h__A1_Q4HYR2,17,1,1,1,0.0060443318129283,54.0625,False,0.9484673738479614
5e9h__B1_Q4HYR2--5e9h__A1_Q4HYR2,18,3,0,1,0.0060996150192378,53.3125,False,0.0003594555309973657
5e9h__B1_Q4HYR2--5e9h__A1_Q4HYR2,19,3,2,1,0.0060921930313051,52.90625,False,0.0015223005320876837
5e9h__B1_Q4HYR2--5e9h__A1_Q4HYR2,20,3,1,1,0.0061012202101263,51.875,False,0.013257989659905434
5eu0__A1_E6YJU0--5eu0__B1_E6YLF5,1,1,3,3,0.9128853845557424,95.8125,True,0.8354001641273499
5eu0__A1_E6YJU0--5eu0__B1_E6YLF5,2,1,2,3,0.9239890899793805,95.8125,True,0.794813334941864
5eu0__A1_E6YJU0--5eu0__B1_E6YLF5,3,1,1,3,0.916945545626446,95.8125,True,0.8498038649559021
5eu0__A1_E6YJU0--5eu0__B1_E6YLF5,4,1,0,3,0.9214964884390748,95.75,True,0.794813334941864
5eu0__A1_E6YJU0--5eu0__B1_E6YLF5,5,2,3,3,0.9359397998374864,95.75,True,0.7260205149650574
5eu0__A1_E6YJU0--5eu0__B1_E6YLF5,6,4,2,3,0.9392727091676696,95.75,True,0.7572435140609741
5eu0__A1_E6YJU0--5eu0__B1_E6YLF5,7,4,0,3,0.9323192848101092,95.75,True,0.8067446947097778
5eu0__A1_E6YJU0--5eu0__B1_E6YLF5,8,2,2,3,0.9370801037395754,95.75,True,0.7260205149650574
5eu0__A1_E6YJU0--5eu0__B1_E6YLF5,9,3,1,3,0.9233259213498488,95.75,True,0.8235573768615723
5eu0__A1_E6YJU0--5eu0__B1_E6YLF5,10,2,1,3,0.9358115892423412,95.6875,True,0.7260205149650574
5eu0__A1_E6YJU0--5eu0__B1_E6YLF5,11,2,0,3,0.934803112430397,95.6875,True,0.7260205149650574
5eu0__A1_E6YJU0--5eu0__B1_E6YLF5,12,4,3,3,0.9238592137681476,95.6875,True,0.8149436712265015
5eu0__A1_E6YJU0--5eu0__B1_E6YLF5,13,3,0,3,0.9214766707484584,95.625,True,0.8492527604103088
5eu0__A1_E6YJU0--5eu0__B1_E6YLF5,14,5,3,3,0.922252737265328,95.625,True,0.7684324383735657
5eu0__A1_E6YJU0--5eu0__B1_E6YLF5,15,4,1,3,0.9211947500592536,95.625,True,0.8149436712265015
5eu0__A1_E6YJU0--5eu0__B1_E6YLF5,16,3,2,3,0.9255285483529954,95.625,True,0.8149436712265015
5eu0__A1_E6YJU0--5eu0__B1_E6YLF5,17,3,3,3,0.921134382487779,95.625,True,0.8492527604103088
5eu0__A1_E6YJU0--5eu0__B1_E6YLF5,18,5,1,3,0.9221358393557398,95.625,True,0.7684324383735657
5eu0__A1_E6YJU0--5eu0__B1_E6YLF5,19,5,0,3,0.9092987498498628,95.5625,True,0.8146761655807495
5eu0__A1_E6YJU0--5eu0__B1_E6YLF5,20,5,2,3,0.9132387808500508,95.5625,True,0.8298130035400391
5evk__A1_P52700--5evk__A2_P52700,1,4,3,1,0.0139310059860567,91.125,False,1.0
5evk__A1_P52700--5evk__A2_P52700,2,4,2,1,0.0138474326409752,91.0625,False,1.0
5evk__A1_P52700--5evk__A2_P52700,3,1,3,1,0.0135276602134217,86.4375,False,1.0
5evk__A1_P52700--5evk__A2_P52700,4,4,0,1,0.0133239237628186,83.3125,False,1.0
5evk__A1_P52700--5evk__A2_P52700,5,2,3,1,0.8814112959324523,74.6875,True,1.0
5evk__A1_P52700--5evk__A2_P52700,6,2,1,1,0.9338281917938988,72.1875,True,1.0
5evk__A1_P52700--5evk__A2_P52700,7,5,1,1,0.9292816634474604,70.6875,True,1.0
5evk__A1_P52700--5evk__A2_P52700,8,2,2,1,0.9440488626893284,69.6875,True,1.0
5evk__A1_P52700--5evk__A2_P52700,9,3,2,1,0.0141417673829494,62.34375,False,1.0
5evk__A1_P52700--5evk__A2_P52700,10,1,1,1,0.0133221244637354,59.96875,False,1.0
5evk__A1_P52700--5evk__A2_P52700,11,3,1,1,0.0134474441596845,59.59375,False,1.0
5evk__A1_P52700--5evk__A2_P52700,12,4,1,1,0.0135874401456006,58.4375,False,1.0
5evk__A1_P52700--5evk__A2_P52700,13,2,0,1,0.0137112193571911,57.8125,False,1.0
5evk__A1_P52700--5evk__A2_P52700,14,5,3,1,0.0134837293892818,56.59375,False,1.0
5evk__A1_P52700--5evk__A2_P52700,15,3,3,1,0.8073345322855681,56.34375,True,1.0
5evk__A1_P52700--5evk__A2_P52700,16,5,0,1,0.0133689477590959,56.3125,False,1.0
5evk__A1_P52700--5evk__A2_P52700,17,1,0,1,0.8446856098790422,52.78125,True,0.9999998807907104
5evk__A1_P52700--5evk__A2_P52700,18,3,0,1,0.0138009804163857,52.46875,False,1.0
5evk__A1_P52700--5evk__A2_P52700,19,1,2,1,0.817052025463147,52.40625,True,1.0
5evk__A1_P52700--5evk__A2_P52700,20,5,2,1,0.013604977661028,51.625,False,1.0
5f22__B1_P0C6X7--5f22__A1_P0C6U8,1,2,1,2,0.6417353144944675,89.1875,True,0.8811282515525818
5f22__B1_P0C6X7--5f22__A1_P0C6U8,2,5,1,2,0.7300328887944202,89.125,True,5.469818279379979e-05
5f22__B1_P0C6X7--5f22__A1_P0C6U8,3,2,2,2,0.6118653091874399,88.5,True,0.005143223330378532
5f22__B1_P0C6X7--5f22__A1_P0C6U8,4,3,3,2,0.7194202627290983,86.9375,True,1.8965516801472404e-06
5f22__B1_P0C6X7--5f22__A1_P0C6U8,5,3,1,2,0.7319767514918508,85.8125,True,8.972845080279512e-07
5f22__B1_P0C6X7--5f22__A1_P0C6U8,6,1,1,2,0.6060095739820949,85.625,True,0.8727723956108093
5f22__B1_P0C6X7--5f22__A1_P0C6U8,7,5,0,2,0.3469898662756809,85.3125,True,0.3546565771102905
5f22__B1_P0C6X7--5f22__A1_P0C6U8,8,1,2,2,0.6375065264825327,84.625,True,0.7846367359161377
5f22__B1_P0C6X7--5f22__A1_P0C6U8,9,5,3,2,0.6149331312700594,84.625,True,0.0016608411679044366
5f22__B1_P0C6X7--5f22__A1_P0C6U8,10,2,3,2,0.5281588154884843,84.5,True,0.017144691199064255
5f22__B1_P0C6X7--5f22__A1_P0C6U8,11,5,2,2,0.3392724306622643,84.4375,True,0.4003310203552246
5f22__B1_P0C6X7--5f22__A1_P0C6U8,12,3,0,2,0.3458311760577761,82.375,True,0.5475315451622009
5f22__B1_P0C6X7--5f22__A1_P0C6U8,13,3,2,2,0.3300217575616825,82.25,True,0.42996734380722046
5f22__B1_P0C6X7--5f22__A1_P0C6U8,14,4,0,2,0.2961767397336898,82.0625,True,0.02164614200592041
5f22__B1_P0C6X7--5f22__A1_P0C6U8,15,4,3,2,0.2734209747082858,81.5625,True,0.018864762037992477
5f22__B1_P0C6X7--5f22__A1_P0C6U8,16,2,0,2,0.3021727131295514,80.375,True,0.0012836140813305974
5f22__B1_P0C6X7--5f22__A1_P0C6U8,17,4,2,2,0.6472225545413305,80.1875,True,0.6411579251289368
5f22__B1_P0C6X7--5f22__A1_P0C6U8,18,1,0,2,0.4712081064986934,68.6875,True,0.015886325389146805
5f22__B1_P0C6X7--5f22__A1_P0C6U8,19,1,3,2,0.1223234194880721,23.421875,False,0.035085584968328476
5f22__B1_P0C6X7--5f22__A1_P0C6U8,20,4,1,2,0.0763914131935693,23.140625,False,0.050820063799619675
5f4e__A1_Q8IYV9--5f4e__B1_A6ND01,1,5,1,4,0.8318569018464479,85.5,True,0.9999922513961792
5f4e__A1_Q8IYV9--5f4e__B1_A6ND01,2,1,0,4,0.777351900625233,85.25,True,0.9999878406524658
5f4e__A1_Q8IYV9--5f4e__B1_A6ND01,3,5,0,4,0.8363738406102335,84.875,True,0.9999960660934448
5f4e__A1_Q8IYV9--5f4e__B1_A6ND01,4,5,3,4,0.8161515047235578,84.3125,True,0.9999914169311523
5f4e__A1_Q8IYV9--5f4e__B1_A6ND01,5,5,2,4,0.8172115058677435,84.1875,True,0.9999923706054688
5f4e__A1_Q8IYV9--5f4e__B1_A6ND01,6,1,1,4,0.760287484410925,84.125,True,0.9999995231628418
5f4e__A1_Q8IYV9--5f4e__B1_A6ND01,7,3,2,4,0.725135079974446,83.875,True,0.9952611327171326
5f4e__A1_Q8IYV9--5f4e__B1_A6ND01,8,1,3,4,0.8075735262555123,83.625,True,0.9989198446273804
5f4e__A1_Q8IYV9--5f4e__B1_A6ND01,9,1,2,4,0.8173179777187669,83.125,True,0.9999992847442627
5f4e__A1_Q8IYV9--5f4e__B1_A6ND01,10,2,3,4,0.8026491278362066,83.0,True,0.9999874830245972
5f4e__A1_Q8IYV9--5f4e__B1_A6ND01,11,2,0,4,0.7328454790239816,82.8125,True,0.9970421195030212
5f4e__A1_Q8IYV9--5f4e__B1_A6ND01,12,3,1,4,0.5590917490269512,82.6875,True,0.9947400689125061
5f4e__A1_Q8IYV9--5f4e__B1_A6ND01,13,3,3,4,0.5744521569565147,82.625,True,0.9971293807029724
5f4e__A1_Q8IYV9--5f4e__B1_A6ND01,14,2,2,4,0.7444650766654431,82.4375,True,0.9914336204528809
5f4e__A1_Q8IYV9--5f4e__B1_A6ND01,15,4,3,4,0.7736733817573711,81.75,True,0.9990735054016113
5f4e__A1_Q8IYV9--5f4e__B1_A6ND01,16,3,0,4,0.5811391722412127,81.625,True,0.994170606136322
5f4e__A1_Q8IYV9--5f4e__B1_A6ND01,17,4,2,4,0.5880196388759708,81.3125,True,0.9942942261695862
5f4e__A1_Q8IYV9--5f4e__B1_A6ND01,18,2,1,4,0.597386380283559,81.125,True,0.9940407872200012
5f4e__A1_Q8IYV9--5f4e__B1_A6ND01,19,4,1,4,0.5915127429123351,80.5,True,0.9986950755119324
5f4e__A1_Q8IYV9--5f4e__B1_A6ND01,20,4,0,4,0.7258647413574617,78.9375,True,0.9313391447067261
5fbz__A1_A0A182DWC7--5fbz__B1_P01053,1,5,1,0,0.9236219675747288,93.5,True,0.9501602053642273
5fbz__A1_A0A182DWC7--5fbz__B1_P01053,2,1,2,0,0.9195731842691458,93.5,True,0.9719407558441162
5fbz__A1_A0A182DWC7--5fbz__B1_P01053,3,1,3,0,0.9191531926448347,93.4375,True,0.9613985419273376
5fbz__A1_A0A182DWC7--5fbz__B1_P01053,4,5,2,0,0.9314325020413068,93.4375,True,0.952006459236145
5fbz__A1_A0A182DWC7--5fbz__B1_P01053,5,5,3,0,0.9318347524548084,93.4375,True,0.934146523475647
5fbz__A1_A0A182DWC7--5fbz__B1_P01053,6,4,3,0,0.901381723203118,93.375,True,0.9920420050621033
5fbz__A1_A0A182DWC7--5fbz__B1_P01053,7,1,0,0,0.9189155520458702,93.375,True,0.9423357844352722
5fbz__A1_A0A182DWC7--5fbz__B1_P01053,8,3,3,0,0.9189887987929024,93.3125,True,0.990364134311676
5fbz__A1_A0A182DWC7--5fbz__B1_P01053,9,5,0,0,0.9314351756446468,93.3125,True,0.934146523475647
5fbz__A1_A0A182DWC7--5fbz__B1_P01053,10,4,0,0,0.9059569061375536,93.3125,True,0.9902770519256592
5fbz__A1_A0A182DWC7--5fbz__B1_P01053,11,3,0,0,0.9174020202153038,93.25,True,0.9888064861297607
5fbz__A1_A0A182DWC7--5fbz__B1_P01053,12,3,2,0,0.9164153008500878,93.125,True,0.9942370653152466
5fbz__A1_A0A182DWC7--5fbz__B1_P01053,13,4,1,0,0.9184262912822988,93.125,True,0.9791289567947388
5fbz__A1_A0A182DWC7--5fbz__B1_P01053,14,2,2,0,0.91217993357929,93.0625,True,0.9058130383491516
5fbz__A1_A0A182DWC7--5fbz__B1_P01053,15,3,1,0,0.9238317499749104,93.0,True,0.9800938963890076
5fbz__A1_A0A182DWC7--5fbz__B1_P01053,16,2,1,0,0.9059898524040664,93.0,True,0.9367407560348511
5fbz__A1_A0A182DWC7--5fbz__B1_P01053,17,2,0,0,0.9132625613948582,93.0,True,0.8819165825843811
5fbz__A1_A0A182DWC7--5fbz__B1_P01053,18,2,3,0,0.9103021052215547,92.9375,True,0.9788624048233032
5fbz__A1_A0A182DWC7--5fbz__B1_P01053,19,4,2,0,0.9222163092924692,92.875,True,0.9796955585479736
5fbz__A1_A0A182DWC7--5fbz__B1_P01053,20,1,1,0,0.9209574036525696,92.8125,True,0.8970239162445068
5fnw__A1_M1AKE5--5fnw__A2_M1AKE5,1,1,3,3,0.5319554001896277,82.25,True,0.012955798767507076
5fnw__A1_M1AKE5--5fnw__A2_M1AKE5,2,1,1,3,0.5309940671220251,81.5625,True,0.010212634690105915
5fnw__A1_M1AKE5--5fnw__A2_M1AKE5,3,1,0,3,0.5696257668519608,80.0625,True,0.19589722156524658
5fnw__A1_M1AKE5--5fnw__A2_M1AKE5,4,1,2,3,0.4688300880419267,58.65625,True,0.9365282654762268
5fnw__A1_M1AKE5--5fnw__A2_M1AKE5,5,2,3,3,0.6107100672142759,52.75,True,0.9568857550621033
5fnw__A1_M1AKE5--5fnw__A2_M1AKE5,6,2,1,3,0.5966241253750406,51.25,True,0.5628825426101685
5fnw__A1_M1AKE5--5fnw__A2_M1AKE5,7,5,0,3,0.24936511851779,49.59375,True,0.1667482852935791
5fnw__A1_M1AKE5--5fnw__A2_M1AKE5,8,3,2,3,0.5256974137523182,48.96875,True,0.9970918893814087
5fnw__A1_M1AKE5--5fnw__A2_M1AKE5,9,2,0,3,0.6245317160426994,46.875,True,0.9489150047302246
5fnw__A1_M1AKE5--5fnw__A2_M1AKE5,10,3,0,3,0.1519571672095824,45.4375,False,0.014536972157657146
5fnw__A1_M1AKE5--5fnw__A2_M1AKE5,11,5,3,3,0.1771772188145896,43.875,False,0.039546623826026917
5fnw__A1_M1AKE5--5fnw__A2_M1AKE5,12,5,1,3,0.1978236622279311,43.53125,False,0.014435567893087864
5fnw__A1_M1AKE5--5fnw__A2_M1AKE5,13,5,2,3,0.1433759834293009,41.96875,False,0.03812047094106674
5fnw__A1_M1AKE5--5fnw__A2_M1AKE5,14,2,2,3,0.55246356525386,40.5,True,0.5662714242935181
5fnw__A1_M1AKE5--5fnw__A2_M1AKE5,15,3,3,3,0.4190629151160538,39.96875,True,0.07904756814241409
5fnw__A1_M1AKE5--5fnw__A2_M1AKE5,16,3,1,3,0.247848990406427,39.71875,True,0.018430545926094055
5fnw__A1_M1AKE5--5fnw__A2_M1AKE5,17,4,2,3,0.359774732038186,36.0625,True,0.23665042221546173
5fnw__A1_M1AKE5--5fnw__A2_M1AKE5,18,4,1,3,0.4979209586994138,35.84375,True,0.995196521282196
5fnw__A1_M1AKE5--5fnw__A2_M1AKE5,19,4,3,3,0.2484540232075421,31.859375,True,0.11692394316196442
5fnw__A1_M1AKE5--5fnw__A2_M1AKE5,20,4,0,3,0.3272269705071466,31.0625,True,0.3340514004230499
5gko__A1_A0A0D8G707--5gko__B1_A0A0D8G707,1,4,3,1,0.1615519572581409,46.5,False,0.04475747048854828
5gko__A1_A0A0D8G707--5gko__B1_A0A0D8G707,2,4,1,1,0.1686214976639485,45.25,False,0.14086078107357025
5gko__A1_A0A0D8G707--5gko__B1_A0A0D8G707,3,4,2,1,0.156227883469059,44.84375,False,0.21537941694259644
5gko__A1_A0A0D8G707--5gko__B1_A0A0D8G707,4,4,0,1,0.160084979538895,44.65625,False,0.10100783407688141
5gko__A1_A0A0D8G707--5gko__B1_A0A0D8G707,5,2,1,1,0.1398533725974229,44.25,False,0.048218585550785065
5gko__A1_A0A0D8G707--5gko__B1_A0A0D8G707,6,2,3,1,0.1392765947940016,43.5625,False,0.1175946518778801
5gko__A1_A0A0D8G707--5gko__B1_A0A0D8G707,7,2,2,1,0.1387142867893061,43.375,False,0.7620441317558289
5gko__A1_A0A0D8G707--5gko__B1_A0A0D8G707,8,2,0,1,0.1549163540490731,42.8125,False,0.49034255743026733
5gko__A1_A0A0D8G707--5gko__B1_A0A0D8G707,9,5,3,1,0.1406470413548677,38.84375,False,0.0975598469376564
5gko__A1_A0A0D8G707--5gko__B1_A0A0D8G707,10,5,0,1,0.154081517861937,38.46875,False,0.9101822972297668
5gko__A1_A0A0D8G707--5gko__B1_A0A0D8G707,11,5,2,1,0.1647268951471371,37.875,False,0.42779844999313354
5gko__A1_A0A0D8G707--5gko__B1_A0A0D8G707,12,5,1,1,0.1563216030168023,37.6875,False,0.6852208375930786
5gko__A1_A0A0D8G707--5gko__B1_A0A0D8G707,13,3,0,1,0.1560606054119265,37.53125,False,0.7593970894813538
5gko__A1_A0A0D8G707--5gko__B1_A0A0D8G707,14,3,2,1,0.1587921652181485,37.1875,False,0.05714219808578491
5gko__A1_A0A0D8G707--5gko__B1_A0A0D8G707,15,3,1,1,0.1414010730458405,36.625,False,0.6683397889137268
5gko__A1_A0A0D8G707--5gko__B1_A0A0D8G707,16,3,3,1,0.1577205442049725,36.5625,False,0.9704528450965881
5gko__A1_A0A0D8G707--5gko__B1_A0A0D8G707,17,1,1,1,0.1301080206771779,35.875,False,0.5649957060813904
5gko__A1_A0A0D8G707--5gko__B1_A0A0D8G707,18,1,3,1,0.1417942285260674,35.59375,False,0.8604087233543396
5gko__A1_A0A0D8G707--5gko__B1_A0A0D8G707,19,1,2,1,0.1336259146048266,35.34375,False,0.13875600695610046
5gko__A1_A0A0D8G707--5gko__B1_A0A0D8G707,20,1,0,1,0.1417611633246963,34.0625,False,0.27085980772972107
5gox__A1_Q92878--5gox__B1_Q92878,1,1,3,1,0.4871186558114979,68.8125,True,0.0027533730026334524
5gox__A1_Q92878--5gox__B1_Q92878,2,1,0,1,0.4674769571987253,68.6875,True,0.03213629126548767
5gox__A1_Q92878--5gox__B1_Q92878,3,1,2,1,0.4883752560930622,67.875,True,0.0031837031710892916
5gox__A1_Q92878--5gox__B1_Q92878,4,1,1,1,0.4636166809917172,67.125,True,0.028229063376784325
5gox__A1_Q92878--5gox__B1_Q92878,5,3,0,1,0.5404876314854088,62.75,True,0.9641799926757812
5gox__A1_Q92878--5gox__B1_Q92878,6,4,1,1,0.5639730871763259,62.625,True,0.9485903382301331
5gox__A1_Q92878--5gox__B1_Q92878,7,5,2,1,0.1836078241059211,61.90625,False,0.16281570494174957
5gox__A1_Q92878--5gox__B1_Q92878,8,5,3,1,0.5386391589248235,61.65625,True,0.1914091259241104
5gox__A1_Q92878--5gox__B1_Q92878,9,5,0,1,0.1838340613638926,61.5625,False,0.17095047235488892
5gox__A1_Q92878--5gox__B1_Q92878,10,4,3,1,0.5587764970602564,60.84375,True,0.9735320210456848
5gox__A1_Q92878--5gox__B1_Q92878,11,2,2,1,0.1912965119305017,60.53125,False,0.7884894609451294
5gox__A1_Q92878--5gox__B1_Q92878,12,4,2,1,0.5597258332021354,60.46875,True,0.9636233448982239
5gox__A1_Q92878--5gox__B1_Q92878,13,2,3,1,0.1912339865618402,60.125,False,0.7884894609451294
5gox__A1_Q92878--5gox__B1_Q92878,14,2,0,1,0.1910653528118089,59.625,False,0.7884894609451294
5gox__A1_Q92878--5gox__B1_Q92878,15,4,0,1,0.5627686861578342,59.28125,True,0.9597600698471069
5gox__A1_Q92878--5gox__B1_Q92878,16,3,1,1,0.528058039330841,59.21875,True,0.8416944742202759
5gox__A1_Q92878--5gox__B1_Q92878,17,5,1,1,0.5350515640730422,58.375,True,0.10319382697343826
5gox__A1_Q92878--5gox__B1_Q92878,18,3,2,1,0.4954102446721141,54.59375,True,0.7164566516876221
5gox__A1_Q92878--5gox__B1_Q92878,19,3,3,1,0.4968320036378,54.5625,True,0.9881062507629395
5gox__A1_Q92878--5gox__B1_Q92878,20,2,1,1,0.5061614390708294,43.34375,True,2.796690387185663e-05
5gwv__B1_A0A010--5gwv__A1_A0A010,1,4,3,0,0.9597896479435922,93.125,True,0.9401358962059021
5gwv__B1_A0A010--5gwv__A1_A0A010,2,4,0,0,0.9611613736067248,93.125,True,0.9401358962059021
5gwv__B1_A0A010--5gwv__A1_A0A010,3,4,1,0,0.960622923584833,93.0625,True,0.9401358962059021
5gwv__B1_A0A010--5gwv__A1_A0A010,4,3,3,0,0.9390127984388608,93.0,True,0.9336575865745544
5gwv__B1_A0A010--5gwv__A1_A0A010,5,4,2,0,0.9653592020160168,93.0,True,0.9394680857658386
5gwv__B1_A0A010--5gwv__A1_A0A010,6,3,1,0,0.9327901227616624,92.875,True,0.9440004825592041
5gwv__B1_A0A010--5gwv__A1_A0A010,7,3,0,0,0.9384310575503187,92.8125,True,0.9431104063987732
5gwv__B1_A0A010--5gwv__A1_A0A010,8,3,2,0,0.9450300619407528,92.6875,True,0.9416961669921875
5gwv__B1_A0A010--5gwv__A1_A0A010,9,5,3,0,0.9653582926574568,92.625,True,0.9322938919067383
5gwv__B1_A0A010--5gwv__A1_A0A010,10,5,1,0,0.965140779981158,92.625,True,0.9322938919067383
5gwv__B1_A0A010--5gwv__A1_A0A010,11,2,1,0,0.9522413686484116,92.5625,True,0.92572420835495
5gwv__B1_A0A010--5gwv__A1_A0A010,12,5,0,0,0.965954891595906,92.5625,True,0.9242180585861206
5gwv__B1_A0A010--5gwv__A1_A0A010,13,2,3,0,0.9514197875025684,92.5625,True,0.92572420835495
5gwv__B1_A0A010--5gwv__A1_A0A010,14,5,2,0,0.9654640291500276,92.5,True,0.9322938919067383
5gwv__B1_A0A010--5gwv__A1_A0A010,15,2,0,0,0.9575218368208764,92.4375,True,0.9237958788871765
5gwv__B1_A0A010--5gwv__A1_A0A010,16,2,2,0,0.968634092926138,92.25,True,0.9242180585861206
5gwv__B1_A0A010--5gwv__A1_A0A010,17,1,3,0,0.9594057887252776,92.1875,True,0.9499861001968384
5gwv__B1_A0A010--5gwv__A1_A0A010,18,1,0,0,0.9538454237478916,92.1875,True,0.9459191560745239
5gwv__B1_A0A010--5gwv__A1_A0A010,19,1,1,0,0.9541755103086146,92.125,True,0.9393216371536255
5gwv__B1_A0A010--5gwv__A1_A0A010,20,1,2,0,0.9592901766019444,92.0,True,0.9499861001968384
5h1p__A1_D2UG58--5h1p__B1_D2UG58,1,1,0,0,0.1842138037302702,87.0,False,0.9999686479568481
5h1p__A1_D2UG58--5h1p__B1_D2UG58,2,2,2,0,0.1849698465176333,86.625,False,0.9998310804367065
5h1p__A1_D2UG58--5h1p__B1_D2UG58,3,3,2,0,0.8294371080189701,86.4375,True,0.9999650716781616
5h1p__A1_D2UG58--5h1p__B1_D2UG58,4,2,0,0,0.1837919515446262,86.4375,False,0.9997690320014954
5h1p__A1_D2UG58--5h1p__B1_D2UG58,5,1,3,0,0.8275563996820122,86.375,True,0.9998941421508789
5h1p__A1_D2UG58--5h1p__B1_D2UG58,6,3,1,0,0.8260511850233234,86.0,True,0.9999397993087769
5h1p__A1_D2UG58--5h1p__B1_D2UG58,7,3,3,0,0.8212358334195983,85.9375,True,0.999968409538269
5h1p__A1_D2UG58--5h1p__B1_D2UG58,8,2,1,0,0.1845380165050643,85.6875,False,0.9994290471076965
5h1p__A1_D2UG58--5h1p__B1_D2UG58,9,3,0,0,0.8327216344099361,85.625,True,0.9999572038650513
5h1p__A1_D2UG58--5h1p__B1_D2UG58,10,1,2,0,0.1849618789095375,85.5,False,0.9999485015869141
5h1p__A1_D2UG58--5h1p__B1_D2UG58,11,1,1,0,0.1847961731954616,85.375,False,0.9999485015869141
5h1p__A1_D2UG58--5h1p__B1_D2UG58,12,2,3,0,0.18469110380086,85.375,False,0.9989100694656372
5h1p__A1_D2UG58--5h1p__B1_D2UG58,13,5,2,0,0.8321997061185096,84.0625,True,0.9999697208404541
5h1p__A1_D2UG58--5h1p__B1_D2UG58,14,4,2,0,0.8245681079109167,83.375,True,0.9999616146087646
5h1p__A1_D2UG58--5h1p__B1_D2UG58,15,5,1,0,0.8309606428616919,82.8125,True,0.9999697208404541
5h1p__A1_D2UG58--5h1p__B1_D2UG58,16,4,1,0,0.8210387629076842,82.625,True,0.9999791383743286
5h1p__A1_D2UG58--5h1p__B1_D2UG58,17,5,3,0,0.8259249436315281,82.625,True,0.999966025352478
5h1p__A1_D2UG58--5h1p__B1_D2UG58,18,4,0,0,0.8318801180068883,82.25,True,0.9999701976776123
5h1p__A1_D2UG58--5h1p__B1_D2UG58,19,4,3,0,0.8191836100368036,81.6875,True,0.9999810457229614
5h1p__A1_D2UG58--5h1p__B1_D2UG58,20,5,0,0,0.18850315002277,76.9375,False,0.9999591112136841
5hpg__A1_P00747--5hpg__B1_P00747,1,1,2,4,0.0165734166484943,54.40625,False,0.041924018412828445
5hpg__A1_P00747--5hpg__B1_P00747,2,1,3,4,0.0164679804237407,54.09375,False,0.041924018412828445
5hpg__A1_P00747--5hpg__B1_P00747,3,1,0,4,0.0169723516170879,45.5,False,0.041924018412828445
5hpg__A1_P00747--5hpg__B1_P00747,4,1,1,4,0.0172341027739509,43.5625,False,0.041924018412828445
5hpg__A1_P00747--5hpg__B1_P00747,5,3,0,4,0.0262628635330438,26.90625,False,0.016067028045654297
5hpg__A1_P00747--5hpg__B1_P00747,6,5,2,4,0.0211367969054056,19.609375,False,0.10793672502040863
5hpg__A1_P00747--5hpg__B1_P00747,7,2,1,4,0.0150647263306185,18.890625,False,0.056403420865535736
5hpg__A1_P00747--5hpg__B1_P00747,8,2,0,4,0.0151768828073309,17.8125,False,0.08241062611341476
5hpg__A1_P00747--5hpg__B1_P00747,9,4,0,4,0.028108151551404,17.8125,False,0.03734705224633217
5hpg__A1_P00747--5hpg__B1_P00747,10,5,1,4,0.0207432147327563,17.65625,False,0.6121764183044434
5hpg__A1_P00747--5hpg__B1_P00747,11,5,0,4,0.0210400987790708,17.640625,False,0.08190189301967621
5hpg__A1_P00747--5hpg__B1_P00747,12,2,2,4,0.0150961624490069,17.546875,False,0.07944900542497635
5hpg__A1_P00747--5hpg__B1_P00747,13,4,1,4,0.0277422221134817,17.21875,False,0.016102882102131844
5hpg__A1_P00747--5hpg__B1_P00747,14,4,3,4,0.02914712571239,16.90625,False,0.04119393602013588
5hpg__A1_P00747--5hpg__B1_P00747,15,2,3,4,0.0155191612551357,16.40625,False,0.03546355664730072
5hpg__A1_P00747--5hpg__B1_P00747,16,5,3,4,0.0356247900224019,16.390625,False,0.057950835675001144
5hpg__A1_P00747--5hpg__B1_P00747,17,4,2,4,0.0325498267773523,16.265625,False,0.00888952799141407
5hpg__A1_P00747--5hpg__B1_P00747,18,3,2,4,0.0525661343441919,15.015625,False,0.017312681302428246
5hpg__A1_P00747--5hpg__B1_P00747,19,3,3,4,0.7648371464333955,14.8359375,True,0.0381697453558445
5hpg__A1_P00747--5hpg__B1_P00747,20,3,1,4,0.0537201292722872,14.3359375,False,0.020828086882829666
5hrm__B1_A0A077JBW9--5hrm__A1_A0A077JBW9,1,5,3,2,0.1580328141794891,76.4375,False,0.1318068653345108
5hrm__B1_A0A077JBW9--5hrm__A1_A0A077JBW9,2,5,1,2,0.3392273574791702,53.6875,True,0.11956194788217545
5hrm__B1_A0A077JBW9--5hrm__A1_A0A077JBW9,3,5,0,2,0.3351431462223102,49.90625,True,0.14738287031650543
5hrm__B1_A0A077JBW9--5hrm__A1_A0A077JBW9,4,3,1,2,0.2001403926687454,48.96875,False,0.10398292541503906
5hrm__B1_A0A077JBW9--5hrm__A1_A0A077JBW9,5,5,2,2,0.3758834626514342,45.71875,True,0.4662982225418091
5hrm__B1_A0A077JBW9--5hrm__A1_A0A077JBW9,6,1,1,2,0.0888261776522712,38.25,False,0.015072506852447987
5hrm__B1_A0A077JBW9--5hrm__A1_A0A077JBW9,7,1,2,2,0.4183987821991972,37.96875,True,0.22787506878376007
5hrm__B1_A0A077JBW9--5hrm__A1_A0A077JBW9,8,2,3,2,0.0528668243469322,37.78125,False,0.07337183505296707
5hrm__B1_A0A077JBW9--5hrm__A1_A0A077JBW9,9,3,2,2,0.1878016677769204,37.09375,False,0.03490779921412468
5hrm__B1_A0A077JBW9--5hrm__A1_A0A077JBW9,10,3,0,2,0.1233168074144412,37.0,False,0.11156072467565536
5hrm__B1_A0A077JBW9--5hrm__A1_A0A077JBW9,11,1,3,2,0.1483842495065321,35.21875,False,0.3745673596858978
5hrm__B1_A0A077JBW9--5hrm__A1_A0A077JBW9,12,2,2,2,0.206729503634036,35.21875,False,0.179928258061409
5hrm__B1_A0A077JBW9--5hrm__A1_A0A077JBW9,13,4,3,2,0.0239566591994598,34.75,False,0.030073966830968857
5hrm__B1_A0A077JBW9--5hrm__A1_A0A077JBW9,14,2,1,2,0.1700196492563332,34.625,False,0.09211038798093796
5hrm__B1_A0A077JBW9--5hrm__A1_A0A077JBW9,15,3,3,2,0.0859698570702919,34.0625,False,0.03237314894795418
5hrm__B1_A0A077JBW9--5hrm__A1_A0A077JBW9,16,1,0,2,0.1699130966483228,33.90625,False,0.2069096714258194
5hrm__B1_A0A077JBW9--5hrm__A1_A0A077JBW9,17,4,1,2,0.0200684742454747,31.15625,False,0.10855031758546829
5hrm__B1_A0A077JBW9--5hrm__A1_A0A077JBW9,18,2,0,2,0.0907469532307186,30.84375,False,0.01593480259180069
5hrm__B1_A0A077JBW9--5hrm__A1_A0A077JBW9,19,4,0,2,0.0209823340964022,29.9375,False,0.04786716029047966
5hrm__B1_A0A077JBW9--5hrm__A1_A0A077JBW9,20,4,2,2,0.4546488206876564,29.046875,True,0.11388473957777023
5hy7__A1_G0S5A2--5hy7__B1_G0S133,1,5,1,4,0.8783261516136066,96.1875,True,0.9004388451576233
5hy7__A1_G0S5A2--5hy7__B1_G0S133,2,5,2,4,0.8768039838326579,96.1875,True,0.8762048482894897
5hy7__A1_G0S5A2--5hy7__B1_G0S133,3,5,0,4,0.8763593398682251,96.125,True,0.8741079568862915
5hy7__A1_G0S5A2--5hy7__B1_G0S133,4,5,3,4,0.8816980146176676,96.125,True,0.8966854214668274
5hy7__A1_G0S5A2--5hy7__B1_G0S133,5,4,2,4,0.8824600206730318,96.0625,True,0.8762122392654419
5hy7__A1_G0S5A2--5hy7__B1_G0S133,6,1,2,4,0.8790205706250669,96.0625,True,0.8958187699317932
5hy7__A1_G0S5A2--5hy7__B1_G0S133,7,4,0,4,0.8752583128497653,96.0625,True,0.8642317056655884
5hy7__A1_G0S5A2--5hy7__B1_G0S133,8,1,0,4,0.8773651276865803,96.0625,True,0.9119297862052917
5hy7__A1_G0S5A2--5hy7__B1_G0S133,9,3,2,4,0.882434439809462,96.0,True,0.8761125802993774
5hy7__A1_G0S5A2--5hy7__B1_G0S133,10,4,3,4,0.8817385547848685,96.0,True,0.89665287733078
5hy7__A1_G0S5A2--5hy7__B1_G0S133,11,4,1,4,0.8827338222933836,96.0,True,0.900187611579895
5hy7__A1_G0S5A2--5hy7__B1_G0S133,12,1,1,4,0.875331523355774,96.0,True,0.8888086676597595
5hy7__A1_G0S5A2--5hy7__B1_G0S133,13,3,0,4,0.8830251540464573,96.0,True,0.8790510892868042
5hy7__A1_G0S5A2--5hy7__B1_G0S133,14,1,3,4,0.8799087681026618,95.9375,True,0.8991335034370422
5hy7__A1_G0S5A2--5hy7__B1_G0S133,15,3,1,4,0.8748398181939527,95.9375,True,0.8959137797355652
5hy7__A1_G0S5A2--5hy7__B1_G0S133,16,2,3,4,0.8791659238707302,95.875,True,0.8973309993743896
5hy7__A1_G0S5A2--5hy7__B1_G0S133,17,2,2,4,0.8771160654873089,95.875,True,0.9042664766311646
5hy7__A1_G0S5A2--5hy7__B1_G0S133,18,2,1,4,0.8795852354632162,95.875,True,0.8956902623176575
5hy7__A1_G0S5A2--5hy7__B1_G0S133,19,3,3,4,0.8886503361159876,95.875,True,0.8939744234085083
5hy7__A1_G0S5A2--5hy7__B1_G0S133,20,2,0,4,0.8752646432121377,95.875,True,0.8881892561912537
5jkt__A1_P20536--5jkt__B1_P20995,1,2,3,3,0.9342856003333696,95.375,True,0.8231196403503418
5jkt__A1_P20536--5jkt__B1_P20995,2,2,1,3,0.935940127998918,95.25,True,0.804837167263031
5jkt__A1_P20536--5jkt__B1_P20995,3,1,3,3,0.9415021043799908,95.0625,True,0.850980281829834
5jkt__A1_P20536--5jkt__B1_P20995,4,1,1,3,0.9313602206041216,94.8125,True,0.855179488658905
5jkt__A1_P20536--5jkt__B1_P20995,5,1,0,3,0.8834595437480397,94.0625,True,0.8337321877479553
5jkt__A1_P20536--5jkt__B1_P20995,6,2,2,3,0.8991753275770952,93.875,True,0.7254382371902466
5jkt__A1_P20536--5jkt__B1_P20995,7,2,0,3,0.898368529638221,93.75,True,0.7482478618621826
5jkt__A1_P20536--5jkt__B1_P20995,8,1,2,3,0.8932948763367498,93.75,True,0.8336924314498901
5jkt__A1_P20536--5jkt__B1_P20995,9,4,3,3,0.8972116873733372,93.4375,True,0.8369559645652771
5jkt__A1_P20536--5jkt__B1_P20995,10,4,1,3,0.8971822032292015,93.375,True,0.8017954230308533
5jkt__A1_P20536--5jkt__B1_P20995,11,5,1,3,0.8865203260291136,93.3125,True,0.7996788620948792
5jkt__A1_P20536--5jkt__B1_P20995,12,3,3,3,0.8932256028982636,93.3125,True,0.8467841744422913
5jkt__A1_P20536--5jkt__B1_P20995,13,4,0,3,0.8886863573266961,93.25,True,0.8474778532981873
5jkt__A1_P20536--5jkt__B1_P20995,14,3,2,3,0.9001532386435107,93.1875,True,0.867560863494873
5jkt__A1_P20536--5jkt__B1_P20995,15,3,1,3,0.8993217730482753,93.1875,True,0.8166105151176453
5jkt__A1_P20536--5jkt__B1_P20995,16,4,2,3,0.8956706543383476,93.125,True,0.8406684994697571
5jkt__A1_P20536--5jkt__B1_P20995,17,5,2,3,0.8831877023409554,93.125,True,0.8474778532981873
5jkt__A1_P20536--5jkt__B1_P20995,18,5,3,3,0.8893492301322207,93.125,True,0.8487553596496582
5jkt__A1_P20536--5jkt__B1_P20995,19,5,0,3,0.8774354934443848,93.0625,True,0.8393946290016174
5jkt__A1_P20536--5jkt__B1_P20995,20,3,0,3,0.8992550726464247,92.9375,True,0.8829361796379089
5k7b__B1_A8MW95--5k7b__A1_A8MW95,1,4,0,4,0.1972049606886025,76.75,False,0.10382948070764542
5k7b__B1_A8MW95--5k7b__A1_A8MW95,2,5,2,4,0.5889228141840757,71.3125,True,0.0736633837223053
5k7b__B1_A8MW95--5k7b__A1_A8MW95,3,5,3,4,0.6176620410184622,70.1875,True,0.22624684870243073
5k7b__B1_A8MW95--5k7b__A1_A8MW95,4,1,2,4,0.6059355259625314,69.875,True,0.015392006374895573
5k7b__B1_A8MW95--5k7b__A1_A8MW95,5,1,1,4,0.6405415024294611,68.6875,True,0.012488575652241707
5k7b__B1_A8MW95--5k7b__A1_A8MW95,6,3,3,4,0.2209970511369187,68.375,False,0.09931103140115738
5k7b__B1_A8MW95--5k7b__A1_A8MW95,7,1,3,4,0.6269820819015041,68.0625,True,0.020936908200383186
5k7b__B1_A8MW95--5k7b__A1_A8MW95,8,1,0,4,0.5890470942447014,67.1875,True,0.00990981888025999
5k7b__B1_A8MW95--5k7b__A1_A8MW95,9,3,0,4,0.6604239316453807,67.0625,True,0.009156690910458565
5k7b__B1_A8MW95--5k7b__A1_A8MW95,10,4,1,4,0.3843633613705877,58.21875,True,0.00021907829795964062
5k7b__B1_A8MW95--5k7b__A1_A8MW95,11,3,1,4,0.1618181387767698,56.1875,False,0.014584777876734734
5k7b__B1_A8MW95--5k7b__A1_A8MW95,12,2,1,4,0.045010515039504,50.3125,False,0.002573645208030939
5k7b__B1_A8MW95--5k7b__A1_A8MW95,13,2,2,4,0.0634975965662258,48.6875,False,0.0034612170420587063
5k7b__B1_A8MW95--5k7b__A1_A8MW95,14,2,3,4,0.0595253524061506,48.625,False,0.0033682736102491617
5k7b__B1_A8MW95--5k7b__A1_A8MW95,15,5,0,4,0.1921337560290853,45.84375,False,0.0035446048714220524
5k7b__B1_A8MW95--5k7b__A1_A8MW95,16,3,2,4,0.1658997885753402,34.59375,False,0.014649207703769207
5k7b__B1_A8MW95--5k7b__A1_A8MW95,17,4,3,4,0.4791755748603096,31.109375,True,6.008465061313473e-05
5k7b__B1_A8MW95--5k7b__A1_A8MW95,18,4,2,4,0.4834069898186956,30.296875,True,1.7453071450290736e-06
5k7b__B1_A8MW95--5k7b__A1_A8MW95,19,2,0,4,0.0103587464012921,25.953125,False,0.020295927301049232
5k7b__B1_A8MW95--5k7b__A1_A8MW95,20,5,1,4,0.0414166486333542,13.140625,False,0.011694326996803284
5kou__B1_Q82446--5kou__A1_Q82446,1,2,0,3,0.6771205752185793,84.8125,True,0.24433457851409912
5kou__B1_Q82446--5kou__A1_Q82446,2,4,0,3,0.6452514617809628,83.25,True,0.9973652958869934
5kou__B1_Q82446--5kou__A1_Q82446,3,4,2,3,0.7072078719152954,82.875,True,0.023119688034057617
5kou__B1_Q82446--5kou__A1_Q82446,4,3,1,3,0.6734848729767157,82.375,True,0.28568553924560547
5kou__B1_Q82446--5kou__A1_Q82446,5,3,2,3,0.6349923336243212,79.25,True,0.0014777191681787372
5kou__B1_Q82446--5kou__A1_Q82446,6,3,3,3,0.0566182939762365,78.9375,False,0.018201686441898346
5kou__B1_Q82446--5kou__A1_Q82446,7,2,3,3,0.5902342039216397,78.9375,True,0.08195169270038605
5kou__B1_Q82446--5kou__A1_Q82446,8,2,2,3,0.6641392717158691,77.5625,True,0.8415903449058533
5kou__B1_Q82446--5kou__A1_Q82446,9,5,3,3,0.6579971014029717,77.5,True,0.36310842633247375
5kou__B1_Q82446--5kou__A1_Q82446,10,1,2,3,0.5779946166090618,76.0,True,0.965284526348114
5kou__B1_Q82446--5kou__A1_Q82446,11,1,0,3,0.5343029118725466,74.4375,True,0.8772202134132385
5kou__B1_Q82446--5kou__A1_Q82446,12,4,3,3,0.5697706216303366,67.5625,True,0.034016162157058716
5kou__B1_Q82446--5kou__A1_Q82446,13,2,1,3,0.4322811541040692,66.0625,True,0.8921819925308228
5kou__B1_Q82446--5kou__A1_Q82446,14,5,2,3,0.0583005570771707,66.0625,False,0.5667943954467773
5kou__B1_Q82446--5kou__A1_Q82446,15,3,0,3,0.0540247295337568,63.90625,False,0.4536968171596527
5kou__B1_Q82446--5kou__A1_Q82446,16,5,0,3,0.0463817330608497,63.53125,False,0.01591956429183483
5kou__B1_Q82446--5kou__A1_Q82446,17,5,1,3,0.0665689814705364,61.75,False,0.07838741689920425
5kou__B1_Q82446--5kou__A1_Q82446,18,1,1,3,0.2801547813829665,51.28125,True,0.4065539538860321
5kou__B1_Q82446--5kou__A1_Q82446,19,4,1,3,0.0372588465363606,43.375,False,0.018043622374534607
5kou__B1_Q82446--5kou__A1_Q82446,20,1,3,3,0.1158426843451837,41.28125,False,0.24497203528881073
5ky2__A1_Q91ZW2--5ky2__B1_P70375,1,3,3,1,0.8103285266783248,94.5625,True,0.9993795156478882
5ky2__A1_Q91ZW2--5ky2__B1_P70375,2,3,2,1,0.798465382458823,94.4375,True,0.948127031326294
5ky2__A1_Q91ZW2--5ky2__B1_P70375,3,3,1,1,0.8034558838154506,94.375,True,0.9935383200645447
5ky2__A1_Q91ZW2--5ky2__B1_P70375,4,4,3,1,0.8081005276591432,94.375,True,0.940457820892334
5ky2__A1_Q91ZW2--5ky2__B1_P70375,5,4,1,1,0.7912574987842863,94.375,True,0.9864178895950317
5ky2__A1_Q91ZW2--5ky2__B1_P70375,6,1,3,1,0.8281656421125222,94.3125,True,0.968593180179596
5ky2__A1_Q91ZW2--5ky2__B1_P70375,7,5,2,1,0.7985241000928133,94.3125,True,0.9948335886001587
5ky2__A1_Q91ZW2--5ky2__B1_P70375,8,5,3,1,0.8157380847402896,94.125,True,0.9859695434570312
5ky2__A1_Q91ZW2--5ky2__B1_P70375,9,1,2,1,0.823385352320174,94.0,True,0.9937773942947388
5ky2__A1_Q91ZW2--5ky2__B1_P70375,10,3,0,1,0.8060106352611203,93.875,True,0.9928411245346069
5ky2__A1_Q91ZW2--5ky2__B1_P70375,11,1,1,1,0.8351373800632986,93.8125,True,0.9807640314102173
5ky2__A1_Q91ZW2--5ky2__B1_P70375,12,5,0,1,0.7921573209914263,92.75,True,0.8181247711181641
5ky2__A1_Q91ZW2--5ky2__B1_P70375,13,1,0,1,0.8243808242880695,92.5625,True,0.948624312877655
5ky2__A1_Q91ZW2--5ky2__B1_P70375,14,5,1,1,0.4737814512348363,63.5,True,0.007780754007399082
5ky2__A1_Q91ZW2--5ky2__B1_P70375,15,4,0,1,0.6143141813488037,53.09375,True,0.035325005650520325
5ky2__A1_Q91ZW2--5ky2__B1_P70375,16,4,2,1,0.3272196461025898,51.40625,True,0.04659821838140488
5ky2__A1_Q91ZW2--5ky2__B1_P70375,17,2,0,1,0.0934888282097221,51.25,False,0.034444183111190796
5ky2__A1_Q91ZW2--5ky2__B1_P70375,18,2,1,1,0.0826241863448871,51.0,False,0.06610429286956787
5ky2__A1_Q91ZW2--5ky2__B1_P70375,19,2,3,1,0.4683125463728257,50.9375,True,0.015827858820557594
5ky2__A1_Q91ZW2--5ky2__B1_P70375,20,2,2,1,0.1296762492224868,50.59375,False,0.04655761644244194
5kyy__B1_O94855--5kyy__A1_Q15436,1,5,1,3,0.6528351641941849,90.5625,True,0.8298304080963135
5kyy__B1_O94855--5kyy__A1_Q15436,2,5,3,3,0.6476071670308007,90.375,True,0.8298304080963135
5kyy__B1_O94855--5kyy__A1_Q15436,3,5,0,3,0.6486951923232629,90.3125,True,0.8298304080963135
5kyy__B1_O94855--5kyy__A1_Q15436,4,4,0,3,0.6621104232345097,90.1875,True,0.8458176255226135
5kyy__B1_O94855--5kyy__A1_Q15436,5,4,3,3,0.6564435145479225,90.125,True,0.8550722599029541
5kyy__B1_O94855--5kyy__A1_Q15436,6,4,1,3,0.6629806357240982,90.0,True,0.8553059101104736
5kyy__B1_O94855--5kyy__A1_Q15436,7,5,2,3,0.6524298922853128,90.0,True,0.8298304080963135
5kyy__B1_O94855--5kyy__A1_Q15436,8,4,2,3,0.6592635903765954,90.0,True,0.8458176255226135
5kyy__B1_O94855--5kyy__A1_Q15436,9,3,0,3,0.6599963770282958,89.5,True,0.8298304080963135
5kyy__B1_O94855--5kyy__A1_Q15436,10,3,3,3,0.6616581116603898,89.4375,True,0.8298304080963135
5kyy__B1_O94855--5kyy__A1_Q15436,11,3,2,3,0.6667976323539571,89.25,True,0.8298304080963135
5kyy__B1_O94855--5kyy__A1_Q15436,12,1,0,3,0.6381992405982327,89.25,True,0.7692938446998596
5kyy__B1_O94855--5kyy__A1_Q15436,13,3,1,3,0.6644540247993556,89.0625,True,0.8298304080963135
5kyy__B1_O94855--5kyy__A1_Q15436,14,2,1,3,0.6346428038018562,88.9375,True,0.7395080924034119
5kyy__B1_O94855--5kyy__A1_Q15436,15,1,3,3,0.6400965547905212,88.9375,True,0.7894853353500366
5kyy__B1_O94855--5kyy__A1_Q15436,16,1,2,3,0.6471375876954331,88.875,True,0.7984805107116699
5kyy__B1_O94855--5kyy__A1_Q15436,17,2,0,3,0.6387192460344977,88.5625,True,0.748229444026947
5kyy__B1_O94855--5kyy__A1_Q15436,18,1,1,3,0.6398335407676502,88.4375,True,0.7805957794189453
5kyy__B1_O94855--5kyy__A1_Q15436,19,2,3,3,0.6280269980401965,88.25,True,0.7395080924034119
5kyy__B1_O94855--5kyy__A1_Q15436,20,2,2,3,0.632482928774993,88.25,True,0.7395080924034119
5l0w__A1_G0SH41--5l0w__B1_G0S0B5,1,5,1,1,0.6679242603817254,84.75,True,0.8779014348983765
5l0w__A1_G0SH41--5l0w__B1_G0S0B5,2,1,3,1,0.5753388764877969,82.4375,True,0.8511376976966858
5l0w__A1_G0SH41--5l0w__B1_G0S0B5,3,5,3,1,0.6611343002985305,80.6875,True,0.8594534993171692
5l0w__A1_G0SH41--5l0w__B1_G0S0B5,4,1,1,1,0.5709958017385031,80.1875,True,0.8302220702171326
5l0w__A1_G0SH41--5l0w__B1_G0S0B5,5,5,2,1,0.6580776198121159,78.625,True,0.7708691358566284
5l0w__A1_G0SH41--5l0w__B1_G0S0B5,6,4,3,1,0.5947707795759772,78.5625,True,0.9015726447105408
5l0w__A1_G0SH41--5l0w__B1_G0S0B5,7,4,0,1,0.6298340005815316,78.25,True,0.888590395450592
5l0w__A1_G0SH41--5l0w__B1_G0S0B5,8,4,1,1,0.5927690254184034,78.0625,True,0.902386486530304
5l0w__A1_G0SH41--5l0w__B1_G0S0B5,9,1,0,1,0.5845234402654679,77.5,True,0.8312949538230896
5l0w__A1_G0SH41--5l0w__B1_G0S0B5,10,1,2,1,0.5769795012489831,77.4375,True,0.8259962201118469
5l0w__A1_G0SH41--5l0w__B1_G0S0B5,11,4,2,1,0.5968649445110207,76.9375,True,0.8960220813751221
5l0w__A1_G0SH41--5l0w__B1_G0S0B5,12,2,3,1,0.6090474446491703,75.4375,True,0.8123230934143066
5l0w__A1_G0SH41--5l0w__B1_G0S0B5,13,2,2,1,0.6019212183213476,75.0625,True,0.7970070838928223
5l0w__A1_G0SH41--5l0w__B1_G0S0B5,14,3,0,1,0.6245868046061714,74.9375,True,0.8669200539588928
5l0w__A1_G0SH41--5l0w__B1_G0S0B5,15,2,0,1,0.6040978718520332,74.9375,True,0.7241631746292114
5l0w__A1_G0SH41--5l0w__B1_G0S0B5,16,5,0,1,0.5813640692815024,74.875,True,0.8184474110603333
5l0w__A1_G0SH41--5l0w__B1_G0S0B5,17,2,1,1,0.6037521281477559,74.6875,True,0.7685112357139587
5l0w__A1_G0SH41--5l0w__B1_G0S0B5,18,3,2,1,0.6177054716027036,74.5625,True,0.876524806022644
5l0w__A1_G0SH41--5l0w__B1_G0S0B5,19,3,3,1,0.6240586178140334,74.1875,True,0.8191085457801819
5l0w__A1_G0SH41--5l0w__B1_G0S0B5,20,3,1,1,0.6211993704128879,72.875,True,0.855259358882904
5l1m__A1_Q8WXE0--5l1m__A2_Q8WXE0,1,4,2,0,0.1701336070903564,46.09375,False,0.006892822682857513
5l1m__A1_Q8WXE0--5l1m__A2_Q8WXE0,2,1,3,0,0.2172306964643301,42.09375,False,0.017416615039110184
5l1m__A1_Q8WXE0--5l1m__A2_Q8WXE0,3,3,0,0,0.0500601286660316,26.75,False,0.003100756322965026
5l1m__A1_Q8WXE0--5l1m__A2_Q8WXE0,4,3,3,0,0.0453250380971624,25.984375,False,0.0037702517583966255
5l1m__A1_Q8WXE0--5l1m__A2_Q8WXE0,5,3,1,0,0.0567099742450251,24.328125,False,0.025255100801587105
5l1m__A1_Q8WXE0--5l1m__A2_Q8WXE0,6,1,2,0,0.0127826604571194,24.078125,False,0.23079444468021393
5l1m__A1_Q8WXE0--5l1m__A2_Q8WXE0,7,3,2,0,0.0727528023743312,23.46875,False,0.14685283601284027
5l1m__A1_Q8WXE0--5l1m__A2_Q8WXE0,8,1,1,0,0.0126657897990931,21.421875,False,0.21489714086055756
5l1m__A1_Q8WXE0--5l1m__A2_Q8WXE0,9,5,2,0,0.0183891146309736,21.109375,False,0.19079232215881348
5l1m__A1_Q8WXE0--5l1m__A2_Q8WXE0,10,1,0,0,0.0119940784373831,20.359375,False,0.03396209329366684
5l1m__A1_Q8WXE0--5l1m__A2_Q8WXE0,11,5,3,0,0.0657960372274744,18.125,False,0.09698130190372467
5l1m__A1_Q8WXE0--5l1m__A2_Q8WXE0,12,4,0,0,0.0387511267418351,17.34375,False,0.00811599101871252
5l1m__A1_Q8WXE0--5l1m__A2_Q8WXE0,13,5,1,0,0.0601601432682436,17.28125,False,0.14118030667304993
5l1m__A1_Q8WXE0--5l1m__A2_Q8WXE0,14,4,1,0,0.0478668170209305,17.21875,False,0.006625075824558735
5l1m__A1_Q8WXE0--5l1m__A2_Q8WXE0,15,4,3,0,0.0449953384587317,16.453125,False,0.030085599049925804
5l1m__A1_Q8WXE0--5l1m__A2_Q8WXE0,16,2,0,0,0.0447909551645393,16.40625,False,0.030367622151970863
5l1m__A1_Q8WXE0--5l1m__A2_Q8WXE0,17,2,3,0,0.0481660984041568,16.359375,False,0.018986720591783524
5l1m__A1_Q8WXE0--5l1m__A2_Q8WXE0,18,5,0,0,0.0566032874410662,16.3125,False,0.06494449824094772
5l1m__A1_Q8WXE0--5l1m__A2_Q8WXE0,19,2,1,0,0.0539583422919498,15.9453125,False,0.015553734265267849
5l1m__A1_Q8WXE0--5l1m__A2_Q8WXE0,20,2,2,0,0.0510268264731574,15.734375,False,0.01009302120655775
5lda__A1_Q8U1Y4--5lda__B1_Q8U1Z3,1,3,1,2,0.4552505226553542,72.5625,True,0.1460408717393875
5lda__A1_Q8U1Y4--5lda__B1_Q8U1Z3,2,5,2,2,0.436502941743613,72.25,True,0.21503232419490814
5lda__A1_Q8U1Y4--5lda__B1_Q8U1Z3,3,3,3,2,0.4610889033865135,71.8125,True,0.20904254913330078
5lda__A1_Q8U1Y4--5lda__B1_Q8U1Z3,4,1,1,2,0.2927441602338049,62.34375,True,1.1447484737914237e-08
5lda__A1_Q8U1Y4--5lda__B1_Q8U1Z3,5,1,2,2,0.2931764930119181,61.9375,True,2.029559453831098e-08
5lda__A1_Q8U1Y4--5lda__B1_Q8U1Z3,6,1,0,2,0.2976298873197223,59.5625,True,1.5714381333964411e-06
5lda__A1_Q8U1Y4--5lda__B1_Q8U1Z3,7,1,3,2,0.2995853951161838,52.34375,True,3.166737315041246e-06
5lda__A1_Q8U1Y4--5lda__B1_Q8U1Z3,8,5,3,2,0.3292480611091676,40.15625,True,6.026417622706504e-07
5lda__A1_Q8U1Y4--5lda__B1_Q8U1Z3,9,3,2,2,0.3074832578840332,37.65625,True,1.234898974189491e-07
5lda__A1_Q8U1Y4--5lda__B1_Q8U1Z3,10,2,0,2,0.1421373826099568,33.1875,False,0.24405957758426666
5lda__A1_Q8U1Y4--5lda__B1_Q8U1Z3,11,5,1,2,0.3044642419344611,33.0,True,1.1688632184814196e-05
5lda__A1_Q8U1Y4--5lda__B1_Q8U1Z3,12,4,2,2,0.2007653111278265,32.28125,False,0.09548927843570709
5lda__A1_Q8U1Y4--5lda__B1_Q8U1Z3,13,2,3,2,0.1468301439172111,31.96875,False,0.22324804961681366
5lda__A1_Q8U1Y4--5lda__B1_Q8U1Z3,14,3,0,2,0.2736485338667683,29.625,True,9.235434845322743e-05
5lda__A1_Q8U1Y4--5lda__B1_Q8U1Z3,15,5,0,2,0.2864796000445014,29.515625,True,0.014106176793575287
5lda__A1_Q8U1Y4--5lda__B1_Q8U1Z3,16,2,2,2,0.1313682958536947,27.46875,False,0.16088777780532837
5lda__A1_Q8U1Y4--5lda__B1_Q8U1Z3,17,2,1,2,0.0876419052562575,26.234375,False,0.07941824197769165
5lda__A1_Q8U1Y4--5lda__B1_Q8U1Z3,18,4,0,2,0.1333762749562706,23.453125,False,0.08196787536144257
5lda__A1_Q8U1Y4--5lda__B1_Q8U1Z3,19,4,1,2,0.081339025715108,20.90625,False,0.04251530393958092
5lda__A1_Q8U1Y4--5lda__B1_Q8U1Z3,20,4,3,2,0.0295654945701542,20.4375,False,0.03011465072631836
5lsb__A1_Q99181--5lsb__B1_Q02554,1,4,1,2,0.6927731367981192,91.25,True,0.8709630370140076
5lsb__A1_Q99181--5lsb__B1_Q02554,2,4,0,2,0.6923013647200048,91.125,True,0.8745884299278259
5lsb__A1_Q99181--5lsb__B1_Q02554,3,3,0,2,0.6902587010839096,90.5625,True,0.8731749057769775
5lsb__A1_Q99181--5lsb__B1_Q02554,4,4,3,2,0.6946097510194912,90.5625,True,0.8709630370140076
5lsb__A1_Q99181--5lsb__B1_Q02554,5,4,2,2,0.6870951354546112,90.375,True,0.8745884299278259
5lsb__A1_Q99181--5lsb__B1_Q02554,6,5,3,2,0.6956137752125627,90.1875,True,0.8715212345123291
5lsb__A1_Q99181--5lsb__B1_Q02554,7,1,0,2,0.6934859461295573,90.1875,True,0.8709630370140076
5lsb__A1_Q99181--5lsb__B1_Q02554,8,1,2,2,0.6914883000684737,90.125,True,0.8709630370140076
5lsb__A1_Q99181--5lsb__B1_Q02554,9,3,2,2,0.7010990518854242,90.0625,True,0.8709630370140076
5lsb__A1_Q99181--5lsb__B1_Q02554,10,5,0,2,0.6933468834347117,90.0625,True,0.8709630370140076
5lsb__A1_Q99181--5lsb__B1_Q02554,11,3,3,2,0.6939800823497572,90.0,True,0.8731749057769775
5lsb__A1_Q99181--5lsb__B1_Q02554,12,1,3,2,0.6909346357927526,89.8125,True,0.8715212345123291
5lsb__A1_Q99181--5lsb__B1_Q02554,13,2,0,2,0.6944919311097948,89.8125,True,0.8725702166557312
5lsb__A1_Q99181--5lsb__B1_Q02554,14,1,1,2,0.6944469274205565,89.75,True,0.8709630370140076
5lsb__A1_Q99181--5lsb__B1_Q02554,15,5,2,2,0.6938502148346878,89.625,True,0.8709630370140076
5lsb__A1_Q99181--5lsb__B1_Q02554,16,3,1,2,0.6958759133814184,89.5625,True,0.8731749057769775
5lsb__A1_Q99181--5lsb__B1_Q02554,17,5,1,2,0.6946625091472938,89.5625,True,0.8709630370140076
5lsb__A1_Q99181--5lsb__B1_Q02554,18,2,1,2,0.6934874205087059,89.4375,True,0.8709630370140076
5lsb__A1_Q99181--5lsb__B1_Q02554,19,2,3,2,0.6920524023596569,89.1875,True,0.8709630370140076
5lsb__A1_Q99181--5lsb__B1_Q02554,20,2,2,2,0.6926135213771557,89.0625,True,0.8709630370140076
5ltu__B1_Q9NZJ9--5ltu__A1_Q9NZJ9,1,1,1,3,0.0109808237333227,20.015625,False,0.5891227722167969
5ltu__B1_Q9NZJ9--5ltu__A1_Q9NZJ9,2,1,0,3,0.0119010428089789,19.1875,False,0.20960582792758942
5ltu__B1_Q9NZJ9--5ltu__A1_Q9NZJ9,3,1,3,3,0.0111303036537941,18.921875,False,0.5407227873802185
5ltu__B1_Q9NZJ9--5ltu__A1_Q9NZJ9,4,1,2,3,0.011460857563814,18.796875,False,0.7402893304824829
5ltu__B1_Q9NZJ9--5ltu__A1_Q9NZJ9,5,4,1,3,0.0087501728378013,17.09375,False,0.09402016550302505
5ltu__B1_Q9NZJ9--5ltu__A1_Q9NZJ9,6,4,0,3,0.0103780054088557,16.984375,False,0.08249778300523758
5ltu__B1_Q9NZJ9--5ltu__A1_Q9NZJ9,7,2,0,3,0.0430842132104507,16.5625,False,0.0763368159532547
5ltu__B1_Q9NZJ9--5ltu__A1_Q9NZJ9,8,5,3,3,0.2091030205551426,16.5625,False,0.014720824547111988
5ltu__B1_Q9NZJ9--5ltu__A1_Q9NZJ9,9,3,3,3,0.2756204294211361,16.546875,True,0.0009863220620900393
5ltu__B1_Q9NZJ9--5ltu__A1_Q9NZJ9,10,2,3,3,0.0596602303752677,16.34375,False,0.025044690817594528
5ltu__B1_Q9NZJ9--5ltu__A1_Q9NZJ9,11,3,1,3,0.3024512721657661,16.203125,True,0.0004996629431843758
5ltu__B1_Q9NZJ9--5ltu__A1_Q9NZJ9,12,5,0,3,0.3391830334693274,16.1875,True,0.005904625169932842
5ltu__B1_Q9NZJ9--5ltu__A1_Q9NZJ9,13,2,1,3,0.0373849894181725,16.15625,False,0.056804921478033066
5ltu__B1_Q9NZJ9--5ltu__A1_Q9NZJ9,14,4,2,3,0.0097170760679472,16.140625,False,0.01613904908299446
5ltu__B1_Q9NZJ9--5ltu__A1_Q9NZJ9,15,5,2,3,0.2793467491076417,16.015625,True,0.008571279235184193
5ltu__B1_Q9NZJ9--5ltu__A1_Q9NZJ9,16,4,3,3,0.0091264058709981,15.953125,False,0.022660760208964348
5ltu__B1_Q9NZJ9--5ltu__A1_Q9NZJ9,17,2,2,3,0.0275313456454437,15.8359375,False,0.05724513530731201
5ltu__B1_Q9NZJ9--5ltu__A1_Q9NZJ9,18,3,2,3,0.1076420080245112,15.53125,False,0.01195677649229765
5ltu__B1_Q9NZJ9--5ltu__A1_Q9NZJ9,19,3,0,3,0.0832041987527873,15.5234375,False,0.04909907653927803
5ltu__B1_Q9NZJ9--5ltu__A1_Q9NZJ9,20,5,1,3,0.1418762686473563,15.5,False,0.0004403321072459221
5lxr__A1_Q9Y580--5lxr__B1_Q6NZY4,1,4,1,3,0.9139293593944988,88.8125,True,0.9159561991691589
5lxr__A1_Q9Y580--5lxr__B1_Q6NZY4,2,4,3,3,0.9139057381406194,88.6875,True,0.8980798125267029
5lxr__A1_Q9Y580--5lxr__B1_Q6NZY4,3,4,0,3,0.9077136949062128,87.8125,True,0.9297543168067932
5lxr__A1_Q9Y580--5lxr__B1_Q6NZY4,4,4,2,3,0.9126860555239514,85.5,True,0.8514155745506287
5lxr__A1_Q9Y580--5lxr__B1_Q6NZY4,5,1,1,3,0.884607470452988,82.75,True,0.9169272780418396
5lxr__A1_Q9Y580--5lxr__B1_Q6NZY4,6,1,2,3,0.7986617181870419,82.125,True,0.8399437665939331
5lxr__A1_Q9Y580--5lxr__B1_Q6NZY4,7,5,3,3,0.8471814309188689,81.625,True,0.8743881583213806
5lxr__A1_Q9Y580--5lxr__B1_Q6NZY4,8,2,1,3,0.7631783129512261,81.125,True,0.7380867004394531
5lxr__A1_Q9Y580--5lxr__B1_Q6NZY4,9,1,0,3,0.8336936057524945,81.125,True,0.9192217588424683
5lxr__A1_Q9Y580--5lxr__B1_Q6NZY4,10,5,2,3,0.8160762450040128,81.125,True,0.9148725271224976
5lxr__A1_Q9Y580--5lxr__B1_Q6NZY4,11,1,3,3,0.787180844678121,81.0625,True,0.8182147145271301
5lxr__A1_Q9Y580--5lxr__B1_Q6NZY4,12,5,1,3,0.785826316920974,80.625,True,0.7467705607414246
5lxr__A1_Q9Y580--5lxr__B1_Q6NZY4,13,3,1,3,0.8229284887208864,80.3125,True,0.8450188040733337
5lxr__A1_Q9Y580--5lxr__B1_Q6NZY4,14,3,3,3,0.8350155302953466,80.0,True,0.8809412717819214
5lxr__A1_Q9Y580--5lxr__B1_Q6NZY4,15,5,0,3,0.8299266037149811,79.9375,True,0.9148725271224976
5lxr__A1_Q9Y580--5lxr__B1_Q6NZY4,16,2,2,3,0.8181087854431418,79.5625,True,0.9125243425369263
5lxr__A1_Q9Y580--5lxr__B1_Q6NZY4,17,2,3,3,0.7698388225562466,79.5625,True,0.7451744675636292
5lxr__A1_Q9Y580--5lxr__B1_Q6NZY4,18,3,0,3,0.8157900889976338,79.3125,True,0.87155681848526
5lxr__A1_Q9Y580--5lxr__B1_Q6NZY4,19,3,2,3,0.8369760541243579,78.0625,True,0.8809412717819214
5lxr__A1_Q9Y580--5lxr__B1_Q6NZY4,20,2,0,3,0.7920778901968406,73.8125,True,0.7970515489578247
5min__B1_P13650--5min__A1_P13650,1,2,1,2,0.8675158836776174,93.5625,True,2.8970716812182218e-06
5min__B1_P13650--5min__A1_P13650,2,5,1,2,0.8783553026969839,93.5,True,8.206392010379204e-08
5min__B1_P13650--5min__A1_P13650,3,2,0,2,0.864076307295818,93.5,True,3.0217800031095976e-06
5min__B1_P13650--5min__A1_P13650,4,2,3,2,0.8723926138538922,93.4375,True,3.969370027334662e-06
5min__B1_P13650--5min__A1_P13650,5,1,2,2,0.84503088392831,93.375,True,1.0125098981461633e-07
5min__B1_P13650--5min__A1_P13650,6,1,0,2,0.8712838593642575,93.375,True,4.0145025081983476e-07
5min__B1_P13650--5min__A1_P13650,7,1,1,2,0.864191215520358,93.3125,True,3.1424306712324324e-07
5min__B1_P13650--5min__A1_P13650,8,5,0,2,0.7727118095563709,93.1875,True,1.2320655287112459e-06
5min__B1_P13650--5min__A1_P13650,9,2,2,2,0.8711004331168098,92.75,True,2.432266512641945e-07
5min__B1_P13650--5min__A1_P13650,10,1,3,2,0.0926517060513684,23.21875,False,0.0024874061346054077
5min__B1_P13650--5min__A1_P13650,11,4,2,2,0.0051478790047312,22.328125,False,0.01843009702861309
5min__B1_P13650--5min__A1_P13650,12,4,1,2,0.0051580510963602,21.984375,False,0.0323760025203228
5min__B1_P13650--5min__A1_P13650,13,4,0,2,0.0085540310595782,21.5,False,0.017970088869333267
5min__B1_P13650--5min__A1_P13650,14,4,3,2,0.0049737161874357,21.46875,False,0.023770542815327644
5min__B1_P13650--5min__A1_P13650,15,3,1,2,0.022716109353739,20.96875,False,0.011472208425402641
5min__B1_P13650--5min__A1_P13650,16,3,2,2,0.0207761091898053,20.796875,False,0.039697110652923584
5min__B1_P13650--5min__A1_P13650,17,3,3,2,0.024596515035498,20.796875,False,0.025206688791513443
5min__B1_P13650--5min__A1_P13650,18,3,0,2,0.0194395784011758,20.78125,False,0.03277353197336197
5min__B1_P13650--5min__A1_P13650,19,5,2,2,0.0061918363357072,20.59375,False,0.04360276833176613
5min__B1_P13650--5min__A1_P13650,20,5,3,2,0.0148615032844415,20.21875,False,0.04060785844922066
5mxg__A1_C7BLE4--5mxg__A2_C7BLE4,1,3,1,3,0.8656301051348044,86.875,True,0.009018506854772568
5mxg__A1_C7BLE4--5mxg__A2_C7BLE4,2,3,2,3,0.8469806027599812,84.5625,True,0.00021714798640459776
5mxg__A1_C7BLE4--5mxg__A2_C7BLE4,3,3,3,3,0.8308394991186422,83.6875,True,0.0004267766489647329
5mxg__A1_C7BLE4--5mxg__A2_C7BLE4,4,3,0,3,0.8357869552376304,79.6875,True,0.0036290474236011505
5mxg__A1_C7BLE4--5mxg__A2_C7BLE4,5,2,3,3,0.6237192057353315,74.875,True,0.9900070428848267
5mxg__A1_C7BLE4--5mxg__A2_C7BLE4,6,2,1,3,0.7459308013040328,73.6875,True,0.2267027199268341
5mxg__A1_C7BLE4--5mxg__A2_C7BLE4,7,1,1,3,0.4069003590846784,62.21875,True,0.011579534970223904
5mxg__A1_C7BLE4--5mxg__A2_C7BLE4,8,1,2,3,0.1757054590957476,59.71875,False,0.9999995231628418
5mxg__A1_C7BLE4--5mxg__A2_C7BLE4,9,5,2,3,0.147042044648932,57.59375,False,0.9999657869338989
5mxg__A1_C7BLE4--5mxg__A2_C7BLE4,10,5,3,3,0.1954402762485293,53.4375,False,0.9999971389770508
5mxg__A1_C7BLE4--5mxg__A2_C7BLE4,11,5,0,3,0.5470363281117785,53.15625,True,0.5016322135925293
5mxg__A1_C7BLE4--5mxg__A2_C7BLE4,12,4,1,3,0.3017525345310246,49.21875,True,0.9280877113342285
5mxg__A1_C7BLE4--5mxg__A2_C7BLE4,13,5,1,3,0.3213266426724216,45.9375,True,0.9489209055900574
5mxg__A1_C7BLE4--5mxg__A2_C7BLE4,14,4,0,3,0.4336122576339202,43.625,True,0.21731190383434296
5mxg__A1_C7BLE4--5mxg__A2_C7BLE4,15,4,2,3,0.0208866429488439,42.40625,False,0.03210574388504028
5mxg__A1_C7BLE4--5mxg__A2_C7BLE4,16,1,3,3,0.2112348482832653,37.625,False,0.9994145631790161
5mxg__A1_C7BLE4--5mxg__A2_C7BLE4,17,1,0,3,0.2079817398688415,36.84375,False,0.9995469450950623
5mxg__A1_C7BLE4--5mxg__A2_C7BLE4,18,4,3,3,0.1875493321434935,36.5625,False,0.999946117401123
5mxg__A1_C7BLE4--5mxg__A2_C7BLE4,19,2,0,3,0.0369287143526233,26.59375,False,0.12160253524780273
5mxg__A1_C7BLE4--5mxg__A2_C7BLE4,20,2,2,3,0.0452956695331685,20.359375,False,0.07864374667406082
5swi__A1_A0A0Y0HIE3--5swi__D1_A0A0Y0HIE3,1,1,2,2,0.8018132955644736,86.5,True,0.8534024953842163
5swi__A1_A0A0Y0HIE3--5swi__D1_A0A0Y0HIE3,2,1,3,2,0.8105070784687841,86.0,True,0.8158483505249023
5swi__A1_A0A0Y0HIE3--5swi__D1_A0A0Y0HIE3,3,1,0,2,0.7958283918662962,84.75,True,0.8788785338401794
5swi__A1_A0A0Y0HIE3--5swi__D1_A0A0Y0HIE3,4,1,1,2,0.796575156594554,81.5625,True,0.9174689650535583
5swi__A1_A0A0Y0HIE3--5swi__D1_A0A0Y0HIE3,5,4,2,2,0.7967031624018257,72.25,True,0.9428660869598389
5swi__A1_A0A0Y0HIE3--5swi__D1_A0A0Y0HIE3,6,4,1,2,0.7974928372776561,71.9375,True,0.9870314002037048
5swi__A1_A0A0Y0HIE3--5swi__D1_A0A0Y0HIE3,7,4,0,2,0.79621049282003,71.0625,True,0.9738033413887024
5swi__A1_A0A0Y0HIE3--5swi__D1_A0A0Y0HIE3,8,4,3,2,0.7985138312793773,70.5,True,0.978879988193512
5swi__A1_A0A0Y0HIE3--5swi__D1_A0A0Y0HIE3,9,2,1,2,0.7900431152182534,70.0625,True,0.7938971519470215
5swi__A1_A0A0Y0HIE3--5swi__D1_A0A0Y0HIE3,10,5,0,2,0.7951994874216065,70.0,True,0.9176259636878967
5swi__A1_A0A0Y0HIE3--5swi__D1_A0A0Y0HIE3,11,2,2,2,0.7699020954089786,69.75,True,0.8408874273300171
5swi__A1_A0A0Y0HIE3--5swi__D1_A0A0Y0HIE3,12,5,1,2,0.7944801044705564,69.5625,True,0.9176259636878967
5swi__A1_A0A0Y0HIE3--5swi__D1_A0A0Y0HIE3,13,5,3,2,0.7939156799320669,69.1875,True,0.8313188552856445
5swi__A1_A0A0Y0HIE3--5swi__D1_A0A0Y0HIE3,14,2,3,2,0.7751876554679066,69.125,True,0.8353566527366638
5swi__A1_A0A0Y0HIE3--5swi__D1_A0A0Y0HIE3,15,5,2,2,0.781055179541348,68.5,True,0.8783589601516724
5swi__A1_A0A0Y0HIE3--5swi__D1_A0A0Y0HIE3,16,2,0,2,0.7646005941355556,67.1875,True,0.8187994956970215
5swi__A1_A0A0Y0HIE3--5swi__D1_A0A0Y0HIE3,17,3,1,2,0.787747076669668,59.5625,True,0.8457663059234619
5swi__A1_A0A0Y0HIE3--5swi__D1_A0A0Y0HIE3,18,3,0,2,0.7776857071433051,57.03125,True,0.8459968566894531
5swi__A1_A0A0Y0HIE3--5swi__D1_A0A0Y0HIE3,19,3,3,2,0.7801606348280572,56.8125,True,0.8433539271354675
5swi__A1_A0A0Y0HIE3--5swi__D1_A0A0Y0HIE3,20,3,2,2,0.7767926214395985,56.78125,True,0.8459968566894531
5t3r__B1_Q8A6W3--5t3r__A1_Q8A6W4,1,4,2,4,0.8228336814370018,93.9375,True,0.940560519695282
5t3r__B1_Q8A6W3--5t3r__A1_Q8A6W4,2,4,3,4,0.8141257442357507,93.875,True,0.9453580379486084
5t3r__B1_Q8A6W3--5t3r__A1_Q8A6W4,3,5,3,4,0.8188399419784291,93.75,True,0.9422361850738525
5t3r__B1_Q8A6W3--5t3r__A1_Q8A6W4,4,5,0,4,0.8208090971985316,93.6875,True,0.8951690793037415
5t3r__B1_Q8A6W3--5t3r__A1_Q8A6W4,5,5,2,4,0.8195660426953403,93.6875,True,0.8636667132377625
5t3r__B1_Q8A6W3--5t3r__A1_Q8A6W4,6,4,0,4,0.808289636852315,93.625,True,0.8768187165260315
5t3r__B1_Q8A6W3--5t3r__A1_Q8A6W4,7,4,1,4,0.8039298963191283,93.5,True,0.9400374293327332
5t3r__B1_Q8A6W3--5t3r__A1_Q8A6W4,8,5,1,4,0.8104611656022612,93.5,True,0.9371339082717896
5t3r__B1_Q8A6W3--5t3r__A1_Q8A6W4,9,3,2,4,0.8346346111886488,93.375,True,0.9202778935432434
5t3r__B1_Q8A6W3--5t3r__A1_Q8A6W4,10,3,3,4,0.8296636530830203,93.3125,True,0.9386606216430664
5t3r__B1_Q8A6W3--5t3r__A1_Q8A6W4,11,1,2,4,0.8315130362593766,93.25,True,0.9434340596199036
5t3r__B1_Q8A6W3--5t3r__A1_Q8A6W4,12,1,3,4,0.8153091103951118,93.25,True,0.9242821335792542
5t3r__B1_Q8A6W3--5t3r__A1_Q8A6W4,13,3,1,4,0.8173121904879292,93.125,True,0.9421226382255554
5t3r__B1_Q8A6W3--5t3r__A1_Q8A6W4,14,1,0,4,0.8237096035436658,93.125,True,0.9472045302391052
5t3r__B1_Q8A6W3--5t3r__A1_Q8A6W4,15,1,1,4,0.8216061085584739,93.0625,True,0.9269579648971558
5t3r__B1_Q8A6W3--5t3r__A1_Q8A6W4,16,3,0,4,0.8207405538529612,93.0625,True,0.9185215830802917
5t3r__B1_Q8A6W3--5t3r__A1_Q8A6W4,17,2,2,4,0.8301652900225314,92.4375,True,0.9352251887321472
5t3r__B1_Q8A6W3--5t3r__A1_Q8A6W4,18,2,0,4,0.816780300318348,92.1875,True,0.8823285102844238
5t3r__B1_Q8A6W3--5t3r__A1_Q8A6W4,19,2,3,4,0.8200015259776507,92.0625,True,0.9217720031738281
5t3r__B1_Q8A6W3--5t3r__A1_Q8A6W4,20,2,1,4,0.7973175050878983,91.5625,True,0.9032267928123474
5t5s__A1_P49588--5t5s__A2_P49588,1,4,2,0,0.4011343740216402,35.59375,True,0.8333621025085449
5t5s__A1_P49588--5t5s__A2_P49588,2,4,3,0,0.3388752937231325,28.53125,True,0.9168742299079895
5t5s__A1_P49588--5t5s__A2_P49588,3,4,1,0,0.3766700177412764,28.125,True,0.960238516330719
5t5s__A1_P49588--5t5s__A2_P49588,4,3,2,0,0.1889707646724095,24.96875,False,0.0863146036863327
5t5s__A1_P49588--5t5s__A2_P49588,5,3,0,0,0.2823260835243731,24.203125,True,0.6423948407173157
5t5s__A1_P49588--5t5s__A2_P49588,6,3,1,0,0.3859049577330649,23.765625,True,0.8172056674957275
5t5s__A1_P49588--5t5s__A2_P49588,7,4,0,0,0.2317155618854654,23.28125,True,0.05160285905003548
5t5s__A1_P49588--5t5s__A2_P49588,8,3,3,0,0.3121857200855027,22.125,True,0.5927659273147583
5t5s__A1_P49588--5t5s__A2_P49588,9,5,1,0,0.0273081200434575,19.5,False,0.10248729586601257
5t5s__A1_P49588--5t5s__A2_P49588,10,5,2,0,0.0282237365141142,19.296875,False,0.09394318610429764
5t5s__A1_P49588--5t5s__A2_P49588,11,5,0,0,0.019246935795783,19.21875,False,0.04091743752360344
5t5s__A1_P49588--5t5s__A2_P49588,12,5,3,0,0.0257135760812529,18.703125,False,0.3271191418170929
5t5s__A1_P49588--5t5s__A2_P49588,13,1,3,0,0.0151632478329589,18.671875,False,0.06178697571158409
5t5s__A1_P49588--5t5s__A2_P49588,14,1,1,0,0.0177166801863903,18.46875,False,0.033954787999391556
5t5s__A1_P49588--5t5s__A2_P49588,15,1,2,0,0.0261873407788419,18.109375,False,0.02969745732843876
5t5s__A1_P49588--5t5s__A2_P49588,16,2,2,0,0.0118486878293025,17.765625,False,0.030034365132451057
5t5s__A1_P49588--5t5s__A2_P49588,17,2,0,0,0.01095902236679,17.28125,False,0.08166833221912384
5t5s__A1_P49588--5t5s__A2_P49588,18,2,1,0,0.0106689514790805,17.203125,False,0.15552978217601776
5t5s__A1_P49588--5t5s__A2_P49588,19,2,3,0,0.0103805019617093,17.1875,False,0.04813227429986
5t5s__A1_P49588--5t5s__A2_P49588,20,1,0,0,0.0109846998148857,16.890625,False,0.03835182264447212
5tbk__J1_P18754--5tbk__A1_O00629,1,5,1,0,0.7471234387290312,85.875,True,0.9970601201057434
5tbk__J1_P18754--5tbk__A1_O00629,2,5,3,0,0.745075879732846,85.75,True,0.997795581817627
5tbk__J1_P18754--5tbk__A1_O00629,3,4,3,0,0.7417787919583153,85.1875,True,0.3660441040992737
5tbk__J1_P18754--5tbk__A1_O00629,4,5,2,0,0.6763213948866532,85.125,True,0.7574155926704407
5tbk__J1_P18754--5tbk__A1_O00629,5,4,1,0,0.7388693482638775,85.0625,True,0.02946200594305992
5tbk__J1_P18754--5tbk__A1_O00629,6,5,0,0,0.6891096835984998,84.375,True,0.9910743832588196
5tbk__J1_P18754--5tbk__A1_O00629,7,3,3,0,0.7320305017288211,83.625,True,0.9958668947219849
5tbk__J1_P18754--5tbk__A1_O00629,8,4,0,0,0.7102613557996998,82.75,True,0.3532372713088989
5tbk__J1_P18754--5tbk__A1_O00629,9,3,1,0,0.6857666324539246,82.3125,True,0.2477409541606903
5tbk__J1_P18754--5tbk__A1_O00629,10,2,2,0,0.590458088692568,81.875,True,0.831382155418396
5tbk__J1_P18754--5tbk__A1_O00629,11,3,2,0,0.6777227453844515,81.5,True,0.986689031124115
5tbk__J1_P18754--5tbk__A1_O00629,12,1,2,0,0.6971180610622106,80.75,True,0.9450069069862366
5tbk__J1_P18754--5tbk__A1_O00629,13,2,1,0,0.6654691131950238,80.5625,True,0.11619986593723297
5tbk__J1_P18754--5tbk__A1_O00629,14,2,0,0,0.6226866932369034,80.5,True,0.9767646193504333
5tbk__J1_P18754--5tbk__A1_O00629,15,1,1,0,0.6891976833715691,80.4375,True,0.9992930889129639
5tbk__J1_P18754--5tbk__A1_O00629,16,3,0,0,0.6969433757995516,80.25,True,0.9664351940155029
5tbk__J1_P18754--5tbk__A1_O00629,17,4,2,0,0.7029314385653187,80.125,True,0.20289060473442078
5tbk__J1_P18754--5tbk__A1_O00629,18,2,3,0,0.7031239643884165,79.9375,True,0.263925701379776
5tbk__J1_P18754--5tbk__A1_O00629,19,1,0,0,0.7186063529099643,79.375,True,0.9953964352607727
5tbk__J1_P18754--5tbk__A1_O00629,20,1,3,0,0.03643451917152,55.125,False,0.013475741259753704
5tc2__A1_P04585--5tc2__B1_P04585,1,4,1,3,0.8044065534328168,73.5,True,0.0006200806237757206
5tc2__A1_P04585--5tc2__B1_P04585,2,4,3,3,0.8302807901575169,73.25,True,0.002015461213886738
5tc2__A1_P04585--5tc2__B1_P04585,3,4,2,3,0.8107122169885033,72.875,True,0.002015461213886738
5tc2__A1_P04585--5tc2__B1_P04585,4,4,0,3,0.814313304522125,72.125,True,0.002015461213886738
5tc2__A1_P04585--5tc2__B1_P04585,5,2,0,3,0.5807593412304763,71.125,True,7.217216079880018e-06
5tc2__A1_P04585--5tc2__B1_P04585,6,1,2,3,0.1187481245985124,68.0625,False,0.7418259978294373
5tc2__A1_P04585--5tc2__B1_P04585,7,1,0,3,0.1198241009576846,67.0,False,0.7418259978294373
5tc2__A1_P04585--5tc2__B1_P04585,8,3,0,3,0.6524265465440345,66.5625,True,8.681481995154172e-05
5tc2__A1_P04585--5tc2__B1_P04585,9,3,2,3,0.5426907527661314,66.3125,True,6.675332429040282e-07
5tc2__A1_P04585--5tc2__B1_P04585,10,3,1,3,0.7117716471167687,65.5,True,0.0001787905057426542
5tc2__A1_P04585--5tc2__B1_P04585,11,5,1,3,0.5800264701642809,65.0625,True,3.00596570923517e-06
5tc2__A1_P04585--5tc2__B1_P04585,12,5,0,3,0.5710102292646648,65.0,True,3.00596570923517e-06
5tc2__A1_P04585--5tc2__B1_P04585,13,5,2,3,0.5722138187596558,64.9375,True,3.00596570923517e-06
5tc2__A1_P04585--5tc2__B1_P04585,14,1,3,3,0.117267942587467,64.75,False,0.7418259978294373
5tc2__A1_P04585--5tc2__B1_P04585,15,5,3,3,0.5635504234126191,63.71875,True,3.00596570923517e-06
5tc2__A1_P04585--5tc2__B1_P04585,16,2,1,3,0.1164332229593198,62.40625,False,0.06468164920806885
5tc2__A1_P04585--5tc2__B1_P04585,17,1,1,3,0.1247705934973311,55.8125,False,0.38320186734199524
5tc2__A1_P04585--5tc2__B1_P04585,18,2,3,3,0.0973339281545041,48.125,False,0.9588301181793213
5tc2__A1_P04585--5tc2__B1_P04585,19,3,3,3,0.3885111672040066,46.625,True,0.010097461752593517
5tc2__A1_P04585--5tc2__B1_P04585,20,2,2,3,0.0964708224509424,45.125,False,0.9588301181793213
5u4o__A1_A0A6H3AI29--5u4o__A2_A0A6H3AI29,1,3,2,3,0.0072385256368242,30.0625,False,0.03515271469950676
5u4o__A1_A0A6H3AI29--5u4o__A2_A0A6H3AI29,2,1,3,3,0.0083989936270339,28.421875,False,0.2004697024822235
5u4o__A1_A0A6H3AI29--5u4o__A2_A0A6H3AI29,3,1,0,3,0.0088744528586461,27.65625,False,0.10137967020273209
5u4o__A1_A0A6H3AI29--5u4o__A2_A0A6H3AI29,4,3,0,3,0.0076994156055552,27.125,False,0.032114770263433456
5u4o__A1_A0A6H3AI29--5u4o__A2_A0A6H3AI29,5,3,1,3,0.0074655413398482,26.625,False,0.00144029944203794
5u4o__A1_A0A6H3AI29--5u4o__A2_A0A6H3AI29,6,3,3,3,0.0075717902314919,26.359375,False,0.01144299004226923
5u4o__A1_A0A6H3AI29--5u4o__A2_A0A6H3AI29,7,1,1,3,0.0090958580029017,25.046875,False,0.24063515663146973
5u4o__A1_A0A6H3AI29--5u4o__A2_A0A6H3AI29,8,1,2,3,0.0087587135966878,23.671875,False,0.046461306512355804
5u4o__A1_A0A6H3AI29--5u4o__A2_A0A6H3AI29,9,2,2,3,0.0088109848709311,23.296875,False,0.10301810503005981
5u4o__A1_A0A6H3AI29--5u4o__A2_A0A6H3AI29,10,2,3,3,0.0094855880670041,23.140625,False,0.03608215972781181
5u4o__A1_A0A6H3AI29--5u4o__A2_A0A6H3AI29,11,4,3,3,0.0109602968743657,22.4375,False,0.008188684470951557
5u4o__A1_A0A6H3AI29--5u4o__A2_A0A6H3AI29,12,5,3,3,0.0095296405536829,22.328125,False,0.022618945688009262
5u4o__A1_A0A6H3AI29--5u4o__A2_A0A6H3AI29,13,4,1,3,0.0143540554000954,22.21875,False,0.015412217006087303
5u4o__A1_A0A6H3AI29--5u4o__A2_A0A6H3AI29,14,5,2,3,0.0087231423029458,22.03125,False,0.027436314150691032
5u4o__A1_A0A6H3AI29--5u4o__A2_A0A6H3AI29,15,4,2,3,0.0244465653953058,21.828125,False,0.018807532265782356
5u4o__A1_A0A6H3AI29--5u4o__A2_A0A6H3AI29,16,4,0,3,0.1708881547032262,21.4375,False,0.013848246075212955
5u4o__A1_A0A6H3AI29--5u4o__A2_A0A6H3AI29,17,5,0,3,0.0100272180731998,21.234375,False,0.01768471673130989
5u4o__A1_A0A6H3AI29--5u4o__A2_A0A6H3AI29,18,5,1,3,0.0175200033079736,20.984375,False,0.0030604766216129065
5u4o__A1_A0A6H3AI29--5u4o__A2_A0A6H3AI29,19,2,0,3,0.0124724141341173,20.640625,False,0.060045525431632996
5u4o__A1_A0A6H3AI29--5u4o__A2_A0A6H3AI29,20,2,1,3,0.0138692286510481,20.625,False,0.09814132750034332
5uiw__A1_P51681--5uiw__B1_P13501,1,3,1,3,0.7875560236075723,88.0,True,0.9970941543579102
5uiw__A1_P51681--5uiw__B1_P13501,2,5,1,3,0.7787743181710695,87.625,True,0.7100036144256592
5uiw__A1_P51681--5uiw__B1_P13501,3,3,2,3,0.8193851560384195,87.5625,True,0.6675770282745361
5uiw__A1_P51681--5uiw__B1_P13501,4,3,0,3,0.8065860477824481,87.5,True,0.7738796472549438
5uiw__A1_P51681--5uiw__B1_P13501,5,5,0,3,0.7833521445165985,87.375,True,0.7745269536972046
5uiw__A1_P51681--5uiw__B1_P13501,6,4,1,3,0.7990178489999319,87.0625,True,0.8243198990821838
5uiw__A1_P51681--5uiw__B1_P13501,7,5,3,3,0.7627250150531036,87.0,True,0.8607475161552429
5uiw__A1_P51681--5uiw__B1_P13501,8,5,2,3,0.7026941819862705,87.0,True,0.9981414079666138
5uiw__A1_P51681--5uiw__B1_P13501,9,4,0,3,0.787514494468701,86.9375,True,0.9624150395393372
5uiw__A1_P51681--5uiw__B1_P13501,10,4,3,3,0.789399585399433,86.875,True,0.9891073107719421
5uiw__A1_P51681--5uiw__B1_P13501,11,4,2,3,0.7709215808040274,86.3125,True,0.9972234964370728
5uiw__A1_P51681--5uiw__B1_P13501,12,3,3,3,0.7577862836494038,86.0625,True,0.9663780331611633
5uiw__A1_P51681--5uiw__B1_P13501,13,2,1,3,0.8025878704224221,85.375,True,0.7148274183273315
5uiw__A1_P51681--5uiw__B1_P13501,14,1,3,3,0.7719799044282154,85.1875,True,0.9189783334732056
5uiw__A1_P51681--5uiw__B1_P13501,15,1,1,3,0.7819570064068717,85.0625,True,0.8470256328582764
5uiw__A1_P51681--5uiw__B1_P13501,16,1,0,3,0.7726177457272921,85.0625,True,0.717387318611145
5uiw__A1_P51681--5uiw__B1_P13501,17,1,2,3,0.7708647304120877,84.875,True,0.8696966767311096
5uiw__A1_P51681--5uiw__B1_P13501,18,2,0,3,0.8124554528494826,83.6875,True,0.7724061608314514
5uiw__A1_P51681--5uiw__B1_P13501,19,2,3,3,0.8267738059020298,83.5625,True,0.7416820526123047
5uiw__A1_P51681--5uiw__B1_P13501,20,2,2,3,0.8050248032632101,83.4375,True,0.7979070544242859
5uzu__B1_P05164--5uzu__A1_Q2G0X2,1,3,1,2,0.0359416201731464,41.78125,False,0.048834629356861115
5uzu__B1_P05164--5uzu__A1_Q2G0X2,2,3,2,2,0.0298908898700842,41.6875,False,0.050332341343164444
5uzu__B1_P05164--5uzu__A1_Q2G0X2,3,3,3,2,0.1082901589158217,41.03125,False,0.08040551096200943
5uzu__B1_P05164--5uzu__A1_Q2G0X2,4,5,1,2,0.0661085909298063,40.5,False,0.02500714547932148
5uzu__B1_P05164--5uzu__A1_Q2G0X2,5,3,0,2,0.0840532829006982,39.40625,False,0.13536512851715088
5uzu__B1_P05164--5uzu__A1_Q2G0X2,6,1,2,2,0.0811398380473866,37.59375,False,0.06843911111354828
5uzu__B1_P05164--5uzu__A1_Q2G0X2,7,4,1,2,0.0834469646736038,37.375,False,0.19004704058170319
5uzu__B1_P05164--5uzu__A1_Q2G0X2,8,1,0,2,0.0294530024906206,37.09375,False,0.04687419906258583
5uzu__B1_P05164--5uzu__A1_Q2G0X2,9,2,3,2,0.069812841764576,36.53125,False,0.18648236989974976
5uzu__B1_P05164--5uzu__A1_Q2G0X2,10,4,2,2,0.0646118765033824,36.40625,False,0.033368539065122604
5uzu__B1_P05164--5uzu__A1_Q2G0X2,11,4,3,2,0.0747995865489835,36.03125,False,6.933427357580513e-05
5uzu__B1_P05164--5uzu__A1_Q2G0X2,12,2,2,2,0.0584590983423207,35.78125,False,0.3293425440788269
5uzu__B1_P05164--5uzu__A1_Q2G0X2,13,5,0,2,0.0710818764894875,34.90625,False,0.2869751453399658
5uzu__B1_P05164--5uzu__A1_Q2G0X2,14,4,0,2,0.1382884061532273,34.125,False,0.11560674011707306
5uzu__B1_P05164--5uzu__A1_Q2G0X2,15,5,3,2,0.0505166495573639,33.65625,False,0.15348047018051147
5uzu__B1_P05164--5uzu__A1_Q2G0X2,16,1,3,2,0.0237681426100278,33.03125,False,0.0038181538693606853
5uzu__B1_P05164--5uzu__A1_Q2G0X2,17,2,1,2,0.0687604654611081,32.78125,False,0.21256783604621887
5uzu__B1_P05164--5uzu__A1_Q2G0X2,18,2,0,2,0.062547950617105,32.09375,False,0.14912068843841553
5uzu__B1_P05164--5uzu__A1_Q2G0X2,19,5,2,2,0.0640896928192346,31.921875,False,0.013154959306120872
5uzu__B1_P05164--5uzu__A1_Q2G0X2,20,1,1,2,0.0369551542055184,31.8125,False,0.021196769550442696
5ve6__A1_Q86YV5--5ve6__A2_Q86YV5,1,4,2,0,0.0135804849129496,69.5,False,0.9988260865211487
5ve6__A1_Q86YV5--5ve6__A2_Q86YV5,2,4,0,0,0.6199110394557684,66.0625,True,0.9936856627464294
5ve6__A1_Q86YV5--5ve6__A2_Q86YV5,3,4,3,0,0.6011540081900714,65.0625,True,0.9971222281455994
5ve6__A1_Q86YV5--5ve6__A2_Q86YV5,4,1,0,0,0.013638440315231,59.0,False,0.9801887273788452
5ve6__A1_Q86YV5--5ve6__A2_Q86YV5,5,5,1,0,0.0134991507574913,57.09375,False,0.9380710124969482
5ve6__A1_Q86YV5--5ve6__A2_Q86YV5,6,1,2,0,0.5526369979572657,56.9375,True,0.6688293218612671
5ve6__A1_Q86YV5--5ve6__A2_Q86YV5,7,4,1,0,0.1116768169113514,55.5625,False,0.5584121942520142
5ve6__A1_Q86YV5--5ve6__A2_Q86YV5,8,1,3,0,0.0134097938717618,55.15625,False,0.7452895641326904
5ve6__A1_Q86YV5--5ve6__A2_Q86YV5,9,5,0,0,0.0135593948225728,54.25,False,0.9996743202209473
5ve6__A1_Q86YV5--5ve6__A2_Q86YV5,10,1,1,0,0.558502248673582,54.03125,True,0.2073947638273239
5ve6__A1_Q86YV5--5ve6__A2_Q86YV5,11,2,2,0,0.11094119079887,53.34375,False,0.37847957015037537
5ve6__A1_Q86YV5--5ve6__A2_Q86YV5,12,2,1,0,0.0055893666625752,52.125,False,0.139496847987175
5ve6__A1_Q86YV5--5ve6__A2_Q86YV5,13,2,0,0,0.0130894840889947,51.46875,False,0.04958365112543106
5ve6__A1_Q86YV5--5ve6__A2_Q86YV5,14,5,3,0,0.0135930911747556,49.3125,False,0.994047999382019
5ve6__A1_Q86YV5--5ve6__A2_Q86YV5,15,5,2,0,0.0135406020200481,48.90625,False,0.7336236834526062
5ve6__A1_Q86YV5--5ve6__A2_Q86YV5,16,2,3,0,0.00512985596291,48.46875,False,0.8496648669242859
5ve6__A1_Q86YV5--5ve6__A2_Q86YV5,17,3,3,0,0.1155528024671721,48.40625,False,0.47827833890914917
5ve6__A1_Q86YV5--5ve6__A2_Q86YV5,18,3,0,0,0.4146733848813184,48.15625,True,0.0005653597763739526
5ve6__A1_Q86YV5--5ve6__A2_Q86YV5,19,3,1,0,0.4126417518337999,45.03125,True,0.00041876634350046515
5ve6__A1_Q86YV5--5ve6__A2_Q86YV5,20,3,2,0,0.381044837493232,43.6875,True,0.02242204360663891
5vpc__B1_P17535--5vpc__A1_P53539,1,1,2,4,0.4397793860743206,77.5625,True,0.9004412293434143
5vpc__B1_P17535--5vpc__A1_P53539,2,1,0,4,0.4393116965162729,77.4375,True,0.9004412293434143
5vpc__B1_P17535--5vpc__A1_P53539,3,1,3,4,0.4374362344209997,77.3125,True,0.9076067209243774
5vpc__B1_P17535--5vpc__A1_P53539,4,1,1,4,0.4394448412564537,77.25,True,0.9004412293434143
5vpc__B1_P17535--5vpc__A1_P53539,5,4,0,4,0.4523593562459858,75.4375,True,0.9362863302230835
5vpc__B1_P17535--5vpc__A1_P53539,6,4,2,4,0.4510430234393174,75.3125,True,0.9362863302230835
5vpc__B1_P17535--5vpc__A1_P53539,7,4,3,4,0.4510577879206804,75.1875,True,0.9362863302230835
5vpc__B1_P17535--5vpc__A1_P53539,8,4,1,4,0.4499646576227751,75.125,True,0.9362863302230835
5vpc__B1_P17535--5vpc__A1_P53539,9,2,1,4,0.4791227087222089,71.625,True,0.9197916984558105
5vpc__B1_P17535--5vpc__A1_P53539,10,2,2,4,0.4824490547165417,71.1875,True,0.9197916984558105
5vpc__B1_P17535--5vpc__A1_P53539,11,2,3,4,0.4878504345847228,71.0625,True,0.9197916984558105
5vpc__B1_P17535--5vpc__A1_P53539,12,2,0,4,0.4849908673012725,71.0,True,0.9197916984558105
5vpc__B1_P17535--5vpc__A1_P53539,13,3,3,4,0.4663955041469671,70.3125,True,0.930918276309967
5vpc__B1_P17535--5vpc__A1_P53539,14,3,1,4,0.4764928900235774,70.3125,True,0.89531010389328
5vpc__B1_P17535--5vpc__A1_P53539,15,3,2,4,0.4762331071290532,70.25,True,0.9034771919250488
5vpc__B1_P17535--5vpc__A1_P53539,16,3,0,4,0.473032429159599,70.25,True,0.9034771919250488
5vpc__B1_P17535--5vpc__A1_P53539,17,5,2,4,0.5193810020618181,67.6875,True,0.8928115367889404
5vpc__B1_P17535--5vpc__A1_P53539,18,5,0,4,0.5158709793360386,67.6875,True,0.8928115367889404
5vpc__B1_P17535--5vpc__A1_P53539,19,5,1,4,0.5183386258535507,67.5625,True,0.8864217400550842
5vpc__B1_P17535--5vpc__A1_P53539,20,5,3,4,0.5159675290988867,67.5,True,0.8928115367889404
5vxz__A1_Q14393--5vxz__C1_P30530,1,4,2,0,0.8716297139356378,93.8125,True,0.9154474139213562
5vxz__A1_Q14393--5vxz__C1_P30530,2,4,0,0,0.8858696991230742,93.8125,True,0.9153874516487122
5vxz__A1_Q14393--5vxz__C1_P30530,3,5,0,0,0.8735203881306649,93.75,True,0.8797795176506042
5vxz__A1_Q14393--5vxz__C1_P30530,4,4,1,0,0.8839507691368284,93.75,True,0.8883079290390015
5vxz__A1_Q14393--5vxz__C1_P30530,5,4,3,0,0.8655424821559891,93.625,True,0.9848589301109314
5vxz__A1_Q14393--5vxz__C1_P30530,6,5,1,0,0.8756093579409292,93.5625,True,0.8985277414321899
5vxz__A1_Q14393--5vxz__C1_P30530,7,5,3,0,0.8710798509934222,93.5,True,0.8973451852798462
5vxz__A1_Q14393--5vxz__C1_P30530,8,1,0,0,0.8586445611397492,93.5,True,0.9454585909843445
5vxz__A1_Q14393--5vxz__C1_P30530,9,3,2,0,0.8767040747915313,93.4375,True,0.9048022627830505
5vxz__A1_Q14393--5vxz__C1_P30530,10,5,2,0,0.8627071901930273,93.4375,True,0.8802443146705627
5vxz__A1_Q14393--5vxz__C1_P30530,11,3,1,0,0.8917965294528161,93.4375,True,0.8964947462081909
5vxz__A1_Q14393--5vxz__C1_P30530,12,1,1,0,0.8564821300833318,93.4375,True,0.9314283132553101
5vxz__A1_Q14393--5vxz__C1_P30530,13,1,3,0,0.8447144114046455,93.375,True,0.9852535128593445
5vxz__A1_Q14393--5vxz__C1_P30530,14,3,3,0,0.8774967038761637,93.375,True,0.9133294820785522
5vxz__A1_Q14393--5vxz__C1_P30530,15,3,0,0,0.8625241762428771,93.375,True,0.9783056378364563
5vxz__A1_Q14393--5vxz__C1_P30530,16,1,2,0,0.8486068076495741,93.3125,True,0.9736139178276062
5vxz__A1_Q14393--5vxz__C1_P30530,17,2,1,0,0.8488707557301295,93.25,True,0.8394333720207214
5vxz__A1_Q14393--5vxz__C1_P30530,18,2,0,0,0.8512698857446602,93.1875,True,0.8835033178329468
5vxz__A1_Q14393--5vxz__C1_P30530,19,2,2,0,0.8165268202423293,93.0,True,0.9824961423873901
5vxz__A1_Q14393--5vxz__C1_P30530,20,2,3,0,0.84177010308901,93.0,True,0.963464617729187
5vzt__B1_Q5XUX0--5vzt__A1_P63208,1,4,2,4,0.7902845164912606,91.8125,True,0.9155100584030151
5vzt__B1_Q5XUX0--5vzt__A1_P63208,2,4,1,4,0.7962936406765029,91.6875,True,0.9069322347640991
5vzt__B1_Q5XUX0--5vzt__A1_P63208,3,4,3,4,0.8040422977257968,91.5625,True,0.9379384517669678
5vzt__B1_Q5XUX0--5vzt__A1_P63208,4,4,0,4,0.8072795907897418,91.375,True,0.9186357855796814
5vzt__B1_Q5XUX0--5vzt__A1_P63208,5,3,2,4,0.8809345510412511,90.6875,True,0.8931859135627747
5vzt__B1_Q5XUX0--5vzt__A1_P63208,6,1,0,4,0.8077752250686988,90.5625,True,0.9262685179710388
5vzt__B1_Q5XUX0--5vzt__A1_P63208,7,2,1,4,0.779816047277459,90.0625,True,0.9046669006347656
5vzt__B1_Q5XUX0--5vzt__A1_P63208,8,5,3,4,0.8379221176120399,90.0,True,0.9059887528419495
5vzt__B1_Q5XUX0--5vzt__A1_P63208,9,3,3,4,0.8724258761088648,90.0,True,0.9289258122444153
5vzt__B1_Q5XUX0--5vzt__A1_P63208,10,3,1,4,0.8803837662042695,89.9375,True,0.8987778425216675
5vzt__B1_Q5XUX0--5vzt__A1_P63208,11,1,1,4,0.7982007039552848,89.8125,True,0.9262685179710388
5vzt__B1_Q5XUX0--5vzt__A1_P63208,12,5,0,4,0.859711731819044,89.625,True,0.9087523818016052
5vzt__B1_Q5XUX0--5vzt__A1_P63208,13,1,2,4,0.7891423136438048,89.5,True,0.9148463010787964
5vzt__B1_Q5XUX0--5vzt__A1_P63208,14,5,2,4,0.8301711512538509,89.375,True,0.8924738168716431
5vzt__B1_Q5XUX0--5vzt__A1_P63208,15,1,3,4,0.801562270506437,89.375,True,0.9230380654335022
5vzt__B1_Q5XUX0--5vzt__A1_P63208,16,2,3,4,0.7841034848139631,89.375,True,0.9208403825759888
5vzt__B1_Q5XUX0--5vzt__A1_P63208,17,3,0,4,0.8789976710098348,89.3125,True,0.8907113075256348
5vzt__B1_Q5XUX0--5vzt__A1_P63208,18,2,0,4,0.7662301138758411,89.0,True,0.9201418161392212
5vzt__B1_Q5XUX0--5vzt__A1_P63208,19,5,1,4,0.8458212997386735,88.8125,True,0.9032977223396301
5vzt__B1_Q5XUX0--5vzt__A1_P63208,20,2,2,4,0.7739780460354823,85.1875,True,0.9208403825759888
5wat__A2_P07128--5wat__B1_P07128,1,1,1,3,0.0050215267149202,93.875,False,0.8078431487083435
5wat__A2_P07128--5wat__B1_P07128,2,1,3,3,0.0050230467744857,93.8125,False,0.7957327961921692
5wat__A2_P07128--5wat__B1_P07128,3,1,2,3,0.005019480125651,93.8125,False,0.8078431487083435
5wat__A2_P07128--5wat__B1_P07128,4,1,0,3,0.005021306348483,93.75,False,0.8002309799194336
5wat__A2_P07128--5wat__B1_P07128,5,3,1,3,0.0050252468072198,93.75,False,0.801837146282196
5wat__A2_P07128--5wat__B1_P07128,6,3,0,3,0.0050240151163245,93.625,False,0.8192237615585327
5wat__A2_P07128--5wat__B1_P07128,7,3,2,3,0.0050227445928392,93.625,False,0.8151218295097351
5wat__A2_P07128--5wat__B1_P07128,8,3,3,3,0.0050215932540447,93.5625,False,0.8154062628746033
5wat__A2_P07128--5wat__B1_P07128,9,4,0,3,0.0050211295422484,93.4375,False,0.8157007098197937
5wat__A2_P07128--5wat__B1_P07128,10,5,0,3,0.0050260777179775,93.4375,False,0.8146646618843079
5wat__A2_P07128--5wat__B1_P07128,11,5,1,3,0.0050256499495113,93.4375,False,0.8146646618843079
5wat__A2_P07128--5wat__B1_P07128,12,4,2,3,0.0050245486775019,93.375,False,0.8146646618843079
5wat__A2_P07128--5wat__B1_P07128,13,4,1,3,0.0050194525431345,93.3125,False,0.8134906888008118
5wat__A2_P07128--5wat__B1_P07128,14,5,2,3,0.0050292456837934,93.3125,False,0.8146646618843079
5wat__A2_P07128--5wat__B1_P07128,15,5,3,3,0.0050273668137573,93.3125,False,0.8146646618843079
5wat__A2_P07128--5wat__B1_P07128,16,4,3,3,0.0050237304868264,93.25,False,0.8146646618843079
5wat__A2_P07128--5wat__B1_P07128,17,2,0,3,0.0050219307457792,93.125,False,0.8078431487083435
5wat__A2_P07128--5wat__B1_P07128,18,2,2,3,0.0050205103185386,93.0625,False,0.8078431487083435
5wat__A2_P07128--5wat__B1_P07128,19,2,3,3,0.0050207337395826,93.0625,False,0.8078431487083435
5wat__A2_P07128--5wat__B1_P07128,20,2,1,3,0.0050172517452424,93.0,False,0.7982762455940247
5wee__A1_A0A183GMB4--5wee__B1_A0A183GMB4,1,3,2,3,0.5336022582572489,30.109375,True,0.8742738962173462
5wee__A1_A0A183GMB4--5wee__B1_A0A183GMB4,2,3,3,3,0.3927135117596865,29.796875,True,0.5510161519050598
5wee__A1_A0A183GMB4--5wee__B1_A0A183GMB4,3,4,2,3,0.6540897126283026,29.375,True,0.8210243582725525
5wee__A1_A0A183GMB4--5wee__B1_A0A183GMB4,4,5,0,3,0.0390760489553773,29.359375,False,0.004652450326830149
5wee__A1_A0A183GMB4--5wee__B1_A0A183GMB4,5,3,0,3,0.4309275306715753,27.859375,True,0.7537195682525635
5wee__A1_A0A183GMB4--5wee__B1_A0A183GMB4,6,3,1,3,0.3945490124648839,27.265625,True,0.057568468153476715
5wee__A1_A0A183GMB4--5wee__B1_A0A183GMB4,7,5,2,3,0.0524821360989726,27.09375,False,0.5526427626609802
5wee__A1_A0A183GMB4--5wee__B1_A0A183GMB4,8,4,1,3,0.4673528898570714,25.84375,True,0.0626247376203537
5wee__A1_A0A183GMB4--5wee__B1_A0A183GMB4,9,1,1,3,0.0627587583041297,25.484375,False,0.0068243942223489285
5wee__A1_A0A183GMB4--5wee__B1_A0A183GMB4,10,2,1,3,0.1820106390414096,25.328125,False,0.1139664351940155
5wee__A1_A0A183GMB4--5wee__B1_A0A183GMB4,11,4,3,3,0.406140218425673,25.09375,True,0.08378777652978897
5wee__A1_A0A183GMB4--5wee__B1_A0A183GMB4,12,2,0,3,0.0715384477026791,24.734375,False,0.12722374498844147
5wee__A1_A0A183GMB4--5wee__B1_A0A183GMB4,13,1,2,3,0.0569493098790165,24.453125,False,0.007188745774328709
5wee__A1_A0A183GMB4--5wee__B1_A0A183GMB4,14,5,3,3,0.0491141174527457,24.421875,False,0.004209395498037338
5wee__A1_A0A183GMB4--5wee__B1_A0A183GMB4,15,2,2,3,0.0792890201954316,24.234375,False,0.1305857002735138
5wee__A1_A0A183GMB4--5wee__B1_A0A183GMB4,16,1,3,3,0.3724730681321266,24.0,True,0.10751505196094513
5wee__A1_A0A183GMB4--5wee__B1_A0A183GMB4,17,1,0,3,0.0380299180385476,23.65625,False,0.00046661318629048765
5wee__A1_A0A183GMB4--5wee__B1_A0A183GMB4,18,2,3,3,0.0701843948587528,23.546875,False,0.04442118853330612
5wee__A1_A0A183GMB4--5wee__B1_A0A183GMB4,19,5,1,3,0.0499191500915791,23.203125,False,0.18018853664398193
5wee__A1_A0A183GMB4--5wee__B1_A0A183GMB4,20,4,0,3,0.0580318679656587,23.125,False,0.13258592784404755
5wuq__A1_Q45585--5wuq__C1_Q45588,1,2,1,4,0.7923164022251757,89.9375,True,0.8850152492523193
5wuq__A1_Q45585--5wuq__C1_Q45588,2,2,3,4,0.7873957680049122,89.75,True,0.9074243307113647
5wuq__A1_Q45585--5wuq__C1_Q45588,3,2,0,4,0.7919548390833969,89.5625,True,0.8379331827163696
5wuq__A1_Q45585--5wuq__C1_Q45588,4,4,1,4,0.7975713560455285,89.5,True,0.8618779182434082
5wuq__A1_Q45585--5wuq__C1_Q45588,5,5,3,4,0.7968296476150899,89.4375,True,0.9398446679115295
5wuq__A1_Q45585--5wuq__C1_Q45588,6,5,0,4,0.8003033731184873,89.4375,True,0.8932889103889465
5wuq__A1_Q45585--5wuq__C1_Q45588,7,5,1,4,0.7953689198407746,89.4375,True,0.8980044722557068
5wuq__A1_Q45585--5wuq__C1_Q45588,8,5,2,4,0.7998211505284408,89.375,True,0.9245766401290894
5wuq__A1_Q45585--5wuq__C1_Q45588,9,2,2,4,0.795733869396948,89.3125,True,0.8767021298408508
5wuq__A1_Q45585--5wuq__C1_Q45588,10,1,1,4,0.8442390168974393,86.375,True,0.8724848031997681
5wuq__A1_Q45585--5wuq__C1_Q45588,11,4,2,4,0.8957099423215147,85.0,True,0.9117891788482666
5wuq__A1_Q45585--5wuq__C1_Q45588,12,4,3,4,0.8996546279754338,84.0625,True,0.9210721254348755
5wuq__A1_Q45585--5wuq__C1_Q45588,13,4,0,4,0.9090276605558488,83.875,True,0.904071569442749
5wuq__A1_Q45585--5wuq__C1_Q45588,14,3,0,4,0.879067350300249,82.9375,True,0.9001991152763367
5wuq__A1_Q45585--5wuq__C1_Q45588,15,3,1,4,0.8732183314004714,80.0,True,0.8933660387992859
5wuq__A1_Q45585--5wuq__C1_Q45588,16,3,2,4,0.875890224657514,79.3125,True,0.8991997838020325
5wuq__A1_Q45585--5wuq__C1_Q45588,17,3,3,4,0.8706237292236,78.25,True,0.9125121235847473
5wuq__A1_Q45585--5wuq__C1_Q45588,18,1,0,4,0.8811000521886356,77.125,True,0.9056192636489868
5wuq__A1_Q45585--5wuq__C1_Q45588,19,1,3,4,0.8610527990416453,62.84375,True,0.9085105657577515
5wuq__A1_Q45585--5wuq__C1_Q45588,20,1,2,4,0.8652911128089203,60.09375,True,0.9311041831970215
5xec__B1_P15452--5xec__A1_P00099,1,5,3,1,0.0530329681270017,39.34375,False,0.9508088231086731
5xec__B1_P15452--5xec__A1_P00099,2,5,2,1,0.0460381762154589,38.1875,False,0.028536034747958183
5xec__B1_P15452--5xec__A1_P00099,3,5,1,1,0.0492872471621929,37.15625,False,0.030615579336881638
5xec__B1_P15452--5xec__A1_P00099,4,5,0,1,0.048892348107197,35.5625,False,0.9743467569351196
5xec__B1_P15452--5xec__A1_P00099,5,1,1,1,0.0510302752542769,34.1875,False,0.9863742589950562
5xec__B1_P15452--5xec__A1_P00099,6,2,3,1,0.046550687816007,33.625,False,0.06829119473695755
5xec__B1_P15452--5xec__A1_P00099,7,2,1,1,0.0431849553872096,33.21875,False,0.0002822272072080523
5xec__B1_P15452--5xec__A1_P00099,8,2,0,1,0.0462646519570499,32.9375,False,0.06829119473695755
5xec__B1_P15452--5xec__A1_P00099,9,2,2,1,0.0434826633833149,32.84375,False,0.00024998217122629285
5xec__B1_P15452--5xec__A1_P00099,10,4,2,1,0.0404579639230489,32.6875,False,1.9932958821300417e-06
5xec__B1_P15452--5xec__A1_P00099,11,1,0,1,0.0499515455136371,32.375,False,0.37329110503196716
5xec__B1_P15452--5xec__A1_P00099,12,1,3,1,0.0496601530313549,32.0625,False,0.004697268363088369
5xec__B1_P15452--5xec__A1_P00099,13,4,1,1,0.0435036025463088,32.0625,False,0.02175142802298069
5xec__B1_P15452--5xec__A1_P00099,14,1,2,1,0.046639684155338,31.4375,False,0.043969303369522095
5xec__B1_P15452--5xec__A1_P00099,15,4,0,1,0.0490405836486626,29.109375,False,0.022452106699347496
5xec__B1_P15452--5xec__A1_P00099,16,4,3,1,0.0472723484196347,29.046875,False,0.9994404911994934
5xec__B1_P15452--5xec__A1_P00099,17,3,3,1,0.038625332331416,27.609375,False,0.09531010687351227
5xec__B1_P15452--5xec__A1_P00099,18,3,0,1,0.0452374233860968,27.140625,False,0.430209219455719
5xec__B1_P15452--5xec__A1_P00099,19,3,2,1,0.0385593838279045,27.078125,False,0.06449125707149506
5xec__B1_P15452--5xec__A1_P00099,20,3,1,1,0.0436540192271553,26.84375,False,0.02873368002474308
5xpz__A1_Q8CIB5--5xpz__B1_Q8CIB5,1,5,2,3,0.007365089833755,61.1875,False,0.5127431750297546
5xpz__A1_Q8CIB5--5xpz__B1_Q8CIB5,2,5,3,3,0.0070489358891859,58.53125,False,0.0662555992603302
5xpz__A1_Q8CIB5--5xpz__B1_Q8CIB5,3,2,2,3,0.0081710804408964,56.21875,False,0.3206062316894531
5xpz__A1_Q8CIB5--5xpz__B1_Q8CIB5,4,2,0,3,0.0073435389006816,54.9375,False,0.2580137252807617
5xpz__A1_Q8CIB5--5xpz__B1_Q8CIB5,5,2,1,3,0.0059869119509591,49.4375,False,0.1510072648525238
5xpz__A1_Q8CIB5--5xpz__B1_Q8CIB5,6,5,0,3,0.0099868334002162,21.390625,False,0.0011433057952672243
5xpz__A1_Q8CIB5--5xpz__B1_Q8CIB5,7,3,3,3,0.0099547909648184,21.234375,False,0.0011221098247915506
5xpz__A1_Q8CIB5--5xpz__B1_Q8CIB5,8,5,1,3,0.008401986208662,21.15625,False,0.0003551271802280098
5xpz__A1_Q8CIB5--5xpz__B1_Q8CIB5,9,4,1,3,0.0289359564028559,21.046875,False,0.006835100241005421
5xpz__A1_Q8CIB5--5xpz__B1_Q8CIB5,10,3,2,3,0.0086291628812262,21.0,False,0.009875606745481491
5xpz__A1_Q8CIB5--5xpz__B1_Q8CIB5,11,3,1,3,0.0119320060908048,20.859375,False,0.0053382632322609425
5xpz__A1_Q8CIB5--5xpz__B1_Q8CIB5,12,2,3,3,0.0061711467814909,20.65625,False,0.02598969265818596
5xpz__A1_Q8CIB5--5xpz__B1_Q8CIB5,13,4,0,3,0.0410129666658973,20.46875,False,0.0037018146831542253
5xpz__A1_Q8CIB5--5xpz__B1_Q8CIB5,14,3,0,3,0.0074388062756227,20.328125,False,0.018273863941431046
5xpz__A1_Q8CIB5--5xpz__B1_Q8CIB5,15,1,3,3,0.0077016951505542,20.15625,False,0.01119817141443491
5xpz__A1_Q8CIB5--5xpz__B1_Q8CIB5,16,1,1,3,0.007197379341879,20.109375,False,0.02332216501235962
5xpz__A1_Q8CIB5--5xpz__B1_Q8CIB5,17,1,2,3,0.0074942913055829,19.765625,False,0.033946555107831955
5xpz__A1_Q8CIB5--5xpz__B1_Q8CIB5,18,4,3,3,0.0058344144810737,19.75,False,0.012794384732842445
5xpz__A1_Q8CIB5--5xpz__B1_Q8CIB5,19,4,2,3,0.0086716037365513,19.5625,False,0.04393523186445236
5xpz__A1_Q8CIB5--5xpz__B1_Q8CIB5,20,1,0,3,0.0086312348633199,18.953125,False,0.02653067745268345
5y61__A1_Q9I4L4--5y61__B1_Q9I4L6,1,2,2,0,0.490648565692972,86.6875,True,0.7908867001533508
5y61__A1_Q9I4L4--5y61__B1_Q9I4L6,2,1,1,0,0.476871194631024,85.75,True,0.9990960359573364
5y61__A1_Q9I4L4--5y61__B1_Q9I4L6,3,4,3,0,0.5004669741902782,85.75,True,0.10503362864255905
5y61__A1_Q9I4L4--5y61__B1_Q9I4L6,4,2,0,0,0.4998529073471613,85.6875,True,0.9971174001693726
5y61__A1_Q9I4L4--5y61__B1_Q9I4L6,5,5,3,0,0.4872083301936811,85.5,True,0.48353663086891174
5y61__A1_Q9I4L4--5y61__B1_Q9I4L6,6,1,3,0,0.4873509731688656,85.5,True,0.9992658495903015
5y61__A1_Q9I4L4--5y61__B1_Q9I4L6,7,1,2,0,0.4794678692118597,85.3125,True,0.9987102746963501
5y61__A1_Q9I4L4--5y61__B1_Q9I4L6,8,3,0,0,0.4813038802351255,85.25,True,0.2204156219959259
5y61__A1_Q9I4L4--5y61__B1_Q9I4L6,9,5,1,0,0.4634589904177466,85.25,True,0.0839553102850914
5y61__A1_Q9I4L4--5y61__B1_Q9I4L6,10,3,2,0,0.477237768377508,85.1875,True,0.9890300631523132
5y61__A1_Q9I4L4--5y61__B1_Q9I4L6,11,5,2,0,0.4875772558144174,85.1875,True,0.6608248949050903
5y61__A1_Q9I4L4--5y61__B1_Q9I4L6,12,1,0,0,0.4857086126661441,84.9375,True,0.9996850490570068
5y61__A1_Q9I4L4--5y61__B1_Q9I4L6,13,4,1,0,0.4873312393128935,84.8125,True,0.9967796206474304
5y61__A1_Q9I4L4--5y61__B1_Q9I4L6,14,5,0,0,0.4934859792207566,84.8125,True,0.7893049120903015
5y61__A1_Q9I4L4--5y61__B1_Q9I4L6,15,3,3,0,0.4809648829610607,84.8125,True,0.87125164270401
5y61__A1_Q9I4L4--5y61__B1_Q9I4L6,16,4,2,0,0.5054447061794032,84.625,True,0.08040832728147507
5y61__A1_Q9I4L4--5y61__B1_Q9I4L6,17,2,1,0,0.4701222916933778,84.25,True,0.8368539214134216
5y61__A1_Q9I4L4--5y61__B1_Q9I4L6,18,4,0,0,0.4910292073456556,84.0625,True,0.953069806098938
5y61__A1_Q9I4L4--5y61__B1_Q9I4L6,19,3,1,0,0.4353614763611697,79.875,True,0.6212943196296692
5y61__A1_Q9I4L4--5y61__B1_Q9I4L6,20,2,3,0,0.0929582037050248,27.40625,False,0.0270417258143425
5y78__A1_B5AJT1--5y78__B1_B5AJT1,1,5,0,2,0.3772115734669617,69.75,True,0.9323571920394897
5y78__A1_B5AJT1--5y78__B1_B5AJT1,2,5,1,2,0.3794836210257616,69.5625,True,0.9323571920394897
5y78__A1_B5AJT1--5y78__B1_B5AJT1,3,5,2,2,0.3736600787369317,68.25,True,0.9781352281570435
5y78__A1_B5AJT1--5y78__B1_B5AJT1,4,5,3,2,0.3871803048846345,66.3125,True,0.7680937051773071
5y78__A1_B5AJT1--5y78__B1_B5AJT1,5,4,3,2,0.3812750212893555,56.6875,True,0.9323571920394897
5y78__A1_B5AJT1--5y78__B1_B5AJT1,6,4,2,2,0.3923814823735592,52.15625,True,0.9688259959220886
5y78__A1_B5AJT1--5y78__B1_B5AJT1,7,4,1,2,0.3999454925313178,44.5625,True,0.5911524295806885
5y78__A1_B5AJT1--5y78__B1_B5AJT1,8,3,2,2,0.007150418545053,34.3125,False,0.0438130721449852
5y78__A1_B5AJT1--5y78__B1_B5AJT1,9,3,0,2,0.0069810977203664,33.53125,False,0.03795230761170387
5y78__A1_B5AJT1--5y78__B1_B5AJT1,10,3,3,2,0.0080858947786736,33.4375,False,0.014901945367455482
5y78__A1_B5AJT1--5y78__B1_B5AJT1,11,3,1,2,0.007024252414555,32.84375,False,0.020672712475061417
5y78__A1_B5AJT1--5y78__B1_B5AJT1,12,1,1,2,0.0256182883699543,30.09375,False,0.09272976964712143
5y78__A1_B5AJT1--5y78__B1_B5AJT1,13,1,0,2,0.0262538158103867,29.265625,False,0.0830715149641037
5y78__A1_B5AJT1--5y78__B1_B5AJT1,14,1,3,2,0.0197817491063322,29.0625,False,0.43524178862571716
5y78__A1_B5AJT1--5y78__B1_B5AJT1,15,1,2,2,0.3512097367481783,27.046875,True,0.022186337038874626
5y78__A1_B5AJT1--5y78__B1_B5AJT1,16,4,0,2,0.4642745692702217,26.734375,True,0.05348619073629379
5y78__A1_B5AJT1--5y78__B1_B5AJT1,17,2,1,2,0.0251504576929702,26.125,False,0.06617767363786697
5y78__A1_B5AJT1--5y78__B1_B5AJT1,18,2,3,2,0.0256040036135468,25.34375,False,0.12083819508552551
5y78__A1_B5AJT1--5y78__B1_B5AJT1,19,2,2,2,0.026962944071762,25.09375,False,0.23324474692344666
5y78__A1_B5AJT1--5y78__B1_B5AJT1,20,2,0,2,0.0192054606890122,21.078125,False,0.011606290936470032
5yh3__A1_Q96MK3--5yh3__B1_Q8IXL6,1,4,2,0,0.6812467327592476,87.3125,True,0.9966488480567932
5yh3__A1_Q96MK3--5yh3__B1_Q8IXL6,2,1,1,0,0.5988994362055783,86.8125,True,0.9951663017272949
5yh3__A1_Q96MK3--5yh3__B1_Q8IXL6,3,4,1,0,0.6893842226798969,86.8125,True,0.9776822924613953
5yh3__A1_Q96MK3--5yh3__B1_Q8IXL6,4,5,1,0,0.5976092879629445,86.5625,True,0.6392214298248291
5yh3__A1_Q96MK3--5yh3__B1_Q8IXL6,5,1,2,0,0.670899230921764,86.3125,True,0.9969488978385925
5yh3__A1_Q96MK3--5yh3__B1_Q8IXL6,6,1,3,0,0.5872971438978897,86.0,True,0.9971280694007874
5yh3__A1_Q96MK3--5yh3__B1_Q8IXL6,7,4,3,0,0.654764978932438,85.5,True,0.6533764600753784
5yh3__A1_Q96MK3--5yh3__B1_Q8IXL6,8,5,3,0,0.6000572616587013,85.0625,True,0.9997032284736633
5yh3__A1_Q96MK3--5yh3__B1_Q8IXL6,9,2,2,0,0.686414070743945,84.875,True,0.9976035952568054
5yh3__A1_Q96MK3--5yh3__B1_Q8IXL6,10,2,3,0,0.5764840559538985,84.8125,True,0.998090922832489
5yh3__A1_Q96MK3--5yh3__B1_Q8IXL6,11,1,0,0,0.5980141336820946,84.75,True,0.9971681237220764
5yh3__A1_Q96MK3--5yh3__B1_Q8IXL6,12,2,1,0,0.5890513021558551,84.6875,True,0.9975900650024414
5yh3__A1_Q96MK3--5yh3__B1_Q8IXL6,13,3,2,0,0.5814849918318444,84.3125,True,0.6987646222114563
5yh3__A1_Q96MK3--5yh3__B1_Q8IXL6,14,2,0,0,0.5923848192821913,83.875,True,0.9968279004096985
5yh3__A1_Q96MK3--5yh3__B1_Q8IXL6,15,5,2,0,0.3995777173759751,82.875,True,0.7027413845062256
5yh3__A1_Q96MK3--5yh3__B1_Q8IXL6,16,3,3,0,0.6034668196350915,81.5,True,0.9986969828605652
5yh3__A1_Q96MK3--5yh3__B1_Q8IXL6,17,5,0,0,0.3682375462476773,81.5,True,0.526107132434845
5yh3__A1_Q96MK3--5yh3__B1_Q8IXL6,18,3,1,0,0.6228966834457245,80.3125,True,0.9997727274894714
5yh3__A1_Q96MK3--5yh3__B1_Q8IXL6,19,4,0,0,0.652449163102345,80.1875,True,0.9866774082183838
5yh3__A1_Q96MK3--5yh3__B1_Q8IXL6,20,3,0,0,0.5859674494881812,78.875,True,0.6146391034126282
5z5y__A1_P02866--5z5y__B1_P02866,1,3,0,4,0.7669034385582192,92.8125,True,0.07499613612890244
5z5y__A1_P02866--5z5y__B1_P02866,2,3,1,4,0.7779245258770242,92.6875,True,0.29033270478248596
5z5y__A1_P02866--5z5y__B1_P02866,3,3,2,4,0.7600417893012733,92.4375,True,0.24304959177970886
5z5y__A1_P02866--5z5y__B1_P02866,4,3,3,4,0.7923942524691306,92.125,True,0.513569712638855
5z5y__A1_P02866--5z5y__B1_P02866,5,1,2,4,0.7512817129047451,88.5,True,0.6152670979499817
5z5y__A1_P02866--5z5y__B1_P02866,6,1,0,4,0.3299536093875859,75.5,True,0.9999134540557861
5z5y__A1_P02866--5z5y__B1_P02866,7,2,2,4,0.3179378627398077,74.5625,True,0.9993805885314941
5z5y__A1_P02866--5z5y__B1_P02866,8,4,2,4,0.5155373689665729,73.875,True,0.5569403767585754
5z5y__A1_P02866--5z5y__B1_P02866,9,5,2,4,0.4952467062695641,62.96875,True,0.9999996423721313
5z5y__A1_P02866--5z5y__B1_P02866,10,2,1,4,0.292083592269083,62.5,True,0.9998049139976501
5z5y__A1_P02866--5z5y__B1_P02866,11,5,3,4,0.4575906222891036,62.21875,True,0.013533777557313442
5z5y__A1_P02866--5z5y__B1_P02866,12,5,0,4,0.3791491029064787,59.28125,True,0.999990701675415
5z5y__A1_P02866--5z5y__B1_P02866,13,4,1,4,0.7921142989276522,57.28125,True,0.3278028666973114
5z5y__A1_P02866--5z5y__B1_P02866,14,4,3,4,0.5109048792108343,56.46875,True,0.999923825263977
5z5y__A1_P02866--5z5y__B1_P02866,15,1,1,4,0.2560062902757824,54.375,True,0.5599907636642456
5z5y__A1_P02866--5z5y__B1_P02866,16,5,1,4,0.3867349554788024,54.375,True,0.9999974966049194
5z5y__A1_P02866--5z5y__B1_P02866,17,1,3,4,0.2735696992827841,49.375,True,0.9978266358375549
5z5y__A1_P02866--5z5y__B1_P02866,18,4,0,4,0.5477732972927626,47.75,True,0.9941515326499939
5z5y__A1_P02866--5z5y__B1_P02866,19,2,3,4,0.3219207480044707,34.09375,True,0.9996243715286255
5z5y__A1_P02866--5z5y__B1_P02866,20,2,0,4,0.1684803653230926,27.0625,False,0.29074376821517944
5ztb__B1_Q72LF3--5ztb__A1_Q72LF4,1,2,0,0,0.8335348552088222,92.6875,True,0.9378796219825745
5ztb__B1_Q72LF3--5ztb__A1_Q72LF4,2,1,1,0,0.7477086436734445,91.5625,True,0.8981042504310608
5ztb__B1_Q72LF3--5ztb__A1_Q72LF4,3,2,3,0,0.8188393141155569,91.1875,True,0.9426472187042236
5ztb__B1_Q72LF3--5ztb__A1_Q72LF4,4,2,1,0,0.7501524558537177,90.6875,True,0.8957963585853577
5ztb__B1_Q72LF3--5ztb__A1_Q72LF4,5,5,0,0,0.7479586330113047,90.6875,True,0.9252217411994934
5ztb__B1_Q72LF3--5ztb__A1_Q72LF4,6,5,2,0,0.7444392943598966,90.4375,True,0.9481562972068787
5ztb__B1_Q72LF3--5ztb__A1_Q72LF4,7,3,0,0,0.8013952026381904,90.1875,True,0.9764710664749146
5ztb__B1_Q72LF3--5ztb__A1_Q72LF4,8,2,2,0,0.7614096277770089,90.1875,True,0.8844704627990723
5ztb__B1_Q72LF3--5ztb__A1_Q72LF4,9,5,1,0,0.8293621508936037,89.9375,True,0.9603444933891296
5ztb__B1_Q72LF3--5ztb__A1_Q72LF4,10,1,0,0,0.7810125526774372,89.9375,True,0.8806540966033936
5ztb__B1_Q72LF3--5ztb__A1_Q72LF4,11,4,0,0,0.7779313147479412,89.8125,True,0.9403375387191772
5ztb__B1_Q72LF3--5ztb__A1_Q72LF4,12,3,3,0,0.7697977703597281,89.8125,True,0.9670602083206177
5ztb__B1_Q72LF3--5ztb__A1_Q72LF4,13,5,3,0,0.7679516790921875,89.625,True,0.9764710664749146
5ztb__B1_Q72LF3--5ztb__A1_Q72LF4,14,1,2,0,0.822704722297281,89.5625,True,0.9310207962989807
5ztb__B1_Q72LF3--5ztb__A1_Q72LF4,15,1,3,0,0.8295995836260251,89.5,True,0.9180777072906494
5ztb__B1_Q72LF3--5ztb__A1_Q72LF4,16,4,1,0,0.8266449498704466,89.0,True,0.906291127204895
5ztb__B1_Q72LF3--5ztb__A1_Q72LF4,17,3,1,0,0.7776732135743428,89.0,True,0.9111545085906982
5ztb__B1_Q72LF3--5ztb__A1_Q72LF4,18,3,2,0,0.7614673256192467,88.9375,True,0.9543753266334534
5ztb__B1_Q72LF3--5ztb__A1_Q72LF4,19,4,3,0,0.8359936475336539,88.5625,True,0.9597343802452087
5ztb__B1_Q72LF3--5ztb__A1_Q72LF4,20,4,2,0,0.7902026636896743,88.5625,True,0.9421812295913696
5zyo__A1_P0A8I8--5zyo__C1_P0A8I8,1,5,3,3,0.0363799116735716,84.375,False,0.049496088176965714
5zyo__A1_P0A8I8--5zyo__C1_P0A8I8,2,5,2,3,0.0363028395138666,83.8125,False,0.049496088176965714
5zyo__A1_P0A8I8--5zyo__C1_P0A8I8,3,5,0,3,0.0363233458805762,83.8125,False,0.049496088176965714
5zyo__A1_P0A8I8--5zyo__C1_P0A8I8,4,5,1,3,0.0364071941796889,82.75,False,0.049496088176965714
5zyo__A1_P0A8I8--5zyo__C1_P0A8I8,5,3,0,3,0.0383142039819388,82.0625,False,0.013918214477598667
5zyo__A1_P0A8I8--5zyo__C1_P0A8I8,6,4,2,3,0.0362892788283065,81.5,False,0.049496088176965714
5zyo__A1_P0A8I8--5zyo__C1_P0A8I8,7,1,0,3,0.0364549375450052,79.0,False,0.01991928182542324
5zyo__A1_P0A8I8--5zyo__C1_P0A8I8,8,1,2,3,0.0374739250770834,77.125,False,0.0074426643550395966
5zyo__A1_P0A8I8--5zyo__C1_P0A8I8,9,1,1,3,0.0364901721012201,76.375,False,0.010152416303753853
5zyo__A1_P0A8I8--5zyo__C1_P0A8I8,10,4,1,3,0.0363666907012448,75.9375,False,0.049496088176965714
5zyo__A1_P0A8I8--5zyo__C1_P0A8I8,11,4,0,3,0.0363544280125851,74.625,False,0.07902228832244873
5zyo__A1_P0A8I8--5zyo__C1_P0A8I8,12,4,3,3,0.0364056286893148,70.5,False,0.07105816900730133
5zyo__A1_P0A8I8--5zyo__C1_P0A8I8,13,2,3,3,0.0365587802630486,67.375,False,0.019459931179881096
5zyo__A1_P0A8I8--5zyo__C1_P0A8I8,14,2,2,3,0.036534205355413,66.625,False,0.019459931179881096
5zyo__A1_P0A8I8--5zyo__C1_P0A8I8,15,2,0,3,0.036507143567674,58.5,False,0.03085605427622795
5zyo__A1_P0A8I8--5zyo__C1_P0A8I8,16,3,3,3,0.0397918188007126,56.25,False,0.050315674394369125
5zyo__A1_P0A8I8--5zyo__C1_P0A8I8,17,2,1,3,0.0397445114123828,54.59375,False,0.004822088871151209
5zyo__A1_P0A8I8--5zyo__C1_P0A8I8,18,3,1,3,0.0410367679356624,53.21875,False,0.0241924487054348
5zyo__A1_P0A8I8--5zyo__C1_P0A8I8,19,1,3,3,0.0420921013604939,41.8125,False,0.0038227837067097425
5zyo__A1_P0A8I8--5zyo__C1_P0A8I8,20,3,2,3,0.2986982502785937,32.71875,True,0.11906205862760544
6a3v__A1_P41273--6a3v__B1_Q07011,1,3,1,2,0.6013949760950238,86.3125,True,0.9087669849395752
6a3v__A1_P41273--6a3v__B1_Q07011,2,3,2,2,0.6913088639989654,85.875,True,0.9238908886909485
6a3v__A1_P41273--6a3v__B1_Q07011,3,3,0,2,0.662208437276932,85.8125,True,0.908198893070221
6a3v__A1_P41273--6a3v__B1_Q07011,4,3,3,2,0.6834740574244261,85.6875,True,0.9232523441314697
6a3v__A1_P41273--6a3v__B1_Q07011,5,5,0,2,0.6243844615734725,85.625,True,0.8480604887008667
6a3v__A1_P41273--6a3v__B1_Q07011,6,4,1,2,0.7437864308097621,85.625,True,0.8990103602409363
6a3v__A1_P41273--6a3v__B1_Q07011,7,4,3,2,0.7370011233044638,85.5625,True,0.9008628726005554
6a3v__A1_P41273--6a3v__B1_Q07011,8,4,0,2,0.7931549367669691,85.5625,True,0.8996031880378723
6a3v__A1_P41273--6a3v__B1_Q07011,9,5,1,2,0.6202875097677034,85.5,True,0.8571954369544983
6a3v__A1_P41273--6a3v__B1_Q07011,10,1,0,2,0.6266049827675803,85.5,True,0.9155796766281128
6a3v__A1_P41273--6a3v__B1_Q07011,11,5,2,2,0.6977448194197886,85.4375,True,0.9466609358787537
6a3v__A1_P41273--6a3v__B1_Q07011,12,1,3,2,0.6247472844488772,85.25,True,0.8610941767692566
6a3v__A1_P41273--6a3v__B1_Q07011,13,5,3,2,0.7024531560094182,85.25,True,0.9346537590026855
6a3v__A1_P41273--6a3v__B1_Q07011,14,1,1,2,0.6359612522959496,85.1875,True,0.8630077838897705
6a3v__A1_P41273--6a3v__B1_Q07011,15,4,2,2,0.796106430164612,85.125,True,0.8938223123550415
6a3v__A1_P41273--6a3v__B1_Q07011,16,1,2,2,0.6301187954404619,85.0,True,0.8983322978019714
6a3v__A1_P41273--6a3v__B1_Q07011,17,2,1,2,0.6161679077044553,85.0,True,0.8695803880691528
6a3v__A1_P41273--6a3v__B1_Q07011,18,2,3,2,0.6683121477465352,85.0,True,0.8679714202880859
6a3v__A1_P41273--6a3v__B1_Q07011,19,2,0,2,0.6478357256401249,84.9375,True,0.8802656531333923
6a3v__A1_P41273--6a3v__B1_Q07011,20,2,2,2,0.6935189903259652,84.625,True,0.8980176448822021
6a9y__A1_Q9BQI5--6a9y__A2_Q9BQI5,1,3,2,0,0.0040480594930259,39.34375,False,0.07013744860887527
6a9y__A1_Q9BQI5--6a9y__A2_Q9BQI5,2,4,3,0,0.0042975751660741,25.34375,False,0.12651711702346802
6a9y__A1_Q9BQI5--6a9y__A2_Q9BQI5,3,4,1,0,0.0041920077172155,25.03125,False,0.13373345136642456
6a9y__A1_Q9BQI5--6a9y__A2_Q9BQI5,4,1,0,0,0.2481498725831958,24.6875,True,0.43648019433021545
6a9y__A1_Q9BQI5--6a9y__A2_Q9BQI5,5,1,2,0,0.2860172304401169,23.9375,True,0.5600598454475403
6a9y__A1_Q9BQI5--6a9y__A2_Q9BQI5,6,1,3,0,0.1372858348210841,23.53125,False,0.0591336190700531
6a9y__A1_Q9BQI5--6a9y__A2_Q9BQI5,7,1,1,0,0.0616696029249344,22.140625,False,0.05971502512693405
6a9y__A1_Q9BQI5--6a9y__A2_Q9BQI5,8,4,2,0,0.0042027947632062,21.984375,False,0.13318055868148804
6a9y__A1_Q9BQI5--6a9y__A2_Q9BQI5,9,4,0,0,0.0042372002241677,21.828125,False,0.055603086948394775
6a9y__A1_Q9BQI5--6a9y__A2_Q9BQI5,10,2,3,0,0.0138526526568827,21.625,False,0.03277513384819031
6a9y__A1_Q9BQI5--6a9y__A2_Q9BQI5,11,2,1,0,0.013811798660084,21.4375,False,0.06614523380994797
6a9y__A1_Q9BQI5--6a9y__A2_Q9BQI5,12,2,0,0,0.0141773768967854,21.1875,False,0.04526650533080101
6a9y__A1_Q9BQI5--6a9y__A2_Q9BQI5,13,2,2,0,0.0134745267713099,20.84375,False,0.09182146191596985
6a9y__A1_Q9BQI5--6a9y__A2_Q9BQI5,14,5,3,0,0.0260259901319959,20.640625,False,0.056680385023355484
6a9y__A1_Q9BQI5--6a9y__A2_Q9BQI5,15,5,0,0,0.023185538877051,20.625,False,0.12455328553915024
6a9y__A1_Q9BQI5--6a9y__A2_Q9BQI5,16,5,2,0,0.0238142842235473,20.40625,False,0.15003745257854462
6a9y__A1_Q9BQI5--6a9y__A2_Q9BQI5,17,5,1,0,0.0182790447181559,19.96875,False,0.14894869923591614
6a9y__A1_Q9BQI5--6a9y__A2_Q9BQI5,18,3,1,0,0.0131757679252208,18.5,False,0.015061978250741959
6a9y__A1_Q9BQI5--6a9y__A2_Q9BQI5,19,3,3,0,0.0130529579028952,18.09375,False,0.008097762241959572
6a9y__A1_Q9BQI5--6a9y__A2_Q9BQI5,20,3,0,0,0.0108916231985613,18.03125,False,0.004801722709089518
6ahy__B1_P56703--6ahy__A1_Q61091,1,3,0,1,0.3258036370431348,61.03125,True,0.000992226880043745
6ahy__B1_P56703--6ahy__A1_Q61091,2,3,3,1,0.3316122475224125,59.84375,True,0.0002886562724597752
6ahy__B1_P56703--6ahy__A1_Q61091,3,3,1,1,0.3289162615309718,54.09375,True,0.013492073863744736
6ahy__B1_P56703--6ahy__A1_Q61091,4,1,3,1,0.2828627545677769,47.5,True,5.255084397504106e-05
6ahy__B1_P56703--6ahy__A1_Q61091,5,2,3,1,0.2443444758298229,44.59375,True,0.00038854495505802333
6ahy__B1_P56703--6ahy__A1_Q61091,6,2,2,1,0.211145281402885,40.90625,False,0.006041469052433968
6ahy__B1_P56703--6ahy__A1_Q61091,7,2,1,1,0.204119212133205,40.0625,False,0.016363482922315598
6ahy__B1_P56703--6ahy__A1_Q61091,8,4,3,1,0.1690308642621897,33.96875,False,0.5758858323097229
6ahy__B1_P56703--6ahy__A1_Q61091,9,4,0,1,0.1958769386733913,33.53125,False,0.14597612619400024
6ahy__B1_P56703--6ahy__A1_Q61091,10,1,2,1,0.1732150928450574,32.15625,False,0.9607174396514893
6ahy__B1_P56703--6ahy__A1_Q61091,11,3,2,1,0.1425177726877581,31.921875,False,0.1113903820514679
6ahy__B1_P56703--6ahy__A1_Q61091,12,4,2,1,0.052878041525081,29.015625,False,0.0007332835230045021
6ahy__B1_P56703--6ahy__A1_Q61091,13,5,0,1,0.0321588871865856,29.015625,False,0.10331922024488449
6ahy__B1_P56703--6ahy__A1_Q61091,14,4,1,1,0.0501232761544863,28.03125,False,0.04686117172241211
6ahy__B1_P56703--6ahy__A1_Q61091,15,1,0,1,0.090049955296987,27.03125,False,0.1678125560283661
6ahy__B1_P56703--6ahy__A1_Q61091,16,2,0,1,0.0250796332148141,26.890625,False,0.036736760288476944
6ahy__B1_P56703--6ahy__A1_Q61091,17,5,2,1,0.0543014569516176,26.796875,False,0.0520789809525013
6ahy__B1_P56703--6ahy__A1_Q61091,18,5,1,1,0.0380938862147131,25.3125,False,0.0007700917194597423
6ahy__B1_P56703--6ahy__A1_Q61091,19,5,3,1,0.0466443003022654,25.046875,False,0.03127152472734451
6ahy__B1_P56703--6ahy__A1_Q61091,20,1,1,1,0.0369385427440248,24.421875,False,0.006695961579680443
6apx__A1_P0AEX9--6apx__B1_UNDEFINED,1,3,2,2,0.0073968482176277,44.21875,False,0.20015394687652588
6apx__A1_P0AEX9--6apx__B1_UNDEFINED,2,3,3,2,0.0075124860129663,44.15625,False,0.5503807067871094
6apx__A1_P0AEX9--6apx__B1_UNDEFINED,3,3,1,2,0.0074749075879759,43.125,False,0.8276386857032776
6apx__A1_P0AEX9--6apx__B1_UNDEFINED,4,3,0,2,0.0075894422210632,43.09375,False,0.8973843455314636
6apx__A1_P0AEX9--6apx__B1_UNDEFINED,5,1,3,2,0.0077656668891417,40.21875,False,0.9709130525588989
6apx__A1_P0AEX9--6apx__B1_UNDEFINED,6,1,1,2,0.0079249437098219,39.78125,False,0.005618424620479345
6apx__A1_P0AEX9--6apx__B1_UNDEFINED,7,1,0,2,0.0080715286113192,38.15625,False,0.009031444787979126
6apx__A1_P0AEX9--6apx__B1_UNDEFINED,8,1,2,2,0.00838255342891,36.09375,False,0.016942132264375687
6apx__A1_P0AEX9--6apx__B1_UNDEFINED,9,2,3,2,0.0080460414353464,32.6875,False,0.001899462309665978
6apx__A1_P0AEX9--6apx__B1_UNDEFINED,10,2,1,2,0.0082387925866958,32.125,False,0.06920354813337326
6apx__A1_P0AEX9--6apx__B1_UNDEFINED,11,4,0,2,0.0128113251423395,30.921875,False,0.2810635566711426
6apx__A1_P0AEX9--6apx__B1_UNDEFINED,12,2,0,2,0.0129669164232787,29.6875,False,0.12738175690174103
6apx__A1_P0AEX9--6apx__B1_UNDEFINED,13,5,1,2,0.0078404406745254,28.9375,False,0.39896637201309204
6apx__A1_P0AEX9--6apx__B1_UNDEFINED,14,2,2,2,0.0131132973936769,28.90625,False,0.0004094954638276249
6apx__A1_P0AEX9--6apx__B1_UNDEFINED,15,5,3,2,0.0084279302327659,28.265625,False,0.012239373289048672
6apx__A1_P0AEX9--6apx__B1_UNDEFINED,16,4,1,2,0.0130736428677805,27.875,False,0.7939968705177307
6apx__A1_P0AEX9--6apx__B1_UNDEFINED,17,5,2,2,0.0173939997098021,27.796875,False,0.2115812599658966
6apx__A1_P0AEX9--6apx__B1_UNDEFINED,18,4,3,2,0.0139294709274433,27.234375,False,0.1449182778596878
6apx__A1_P0AEX9--6apx__B1_UNDEFINED,19,5,0,2,0.012849068695775,26.953125,False,0.1098191887140274
6apx__A1_P0AEX9--6apx__B1_UNDEFINED,20,4,2,2,0.0136680441193221,26.71875,False,0.17640578746795654
6aqe__B1_Q9RY20--6aqe__A1_Q9RY20,1,4,2,4,0.0100499212123842,90.125,False,0.9999114274978638
6aqe__B1_Q9RY20--6aqe__A1_Q9RY20,2,4,3,4,0.0100300476051191,90.0,False,0.9999114274978638
6aqe__B1_Q9RY20--6aqe__A1_Q9RY20,3,4,0,4,0.0100295237642582,89.25,False,0.9992871880531311
6aqe__B1_Q9RY20--6aqe__A1_Q9RY20,4,4,1,4,0.0100443992540788,88.875,False,0.9998941421508789
6aqe__B1_Q9RY20--6aqe__A1_Q9RY20,5,1,0,4,0.0100352642575473,86.0,False,0.9992871880531311
6aqe__B1_Q9RY20--6aqe__A1_Q9RY20,6,1,1,4,0.0100377962827381,85.1875,False,0.9998999834060669
6aqe__B1_Q9RY20--6aqe__A1_Q9RY20,7,1,2,4,0.0101081752510027,85.0,False,0.9999114274978638
6aqe__B1_Q9RY20--6aqe__A1_Q9RY20,8,1,3,4,0.0100958475480464,81.6875,False,0.9998753070831299
6aqe__B1_Q9RY20--6aqe__A1_Q9RY20,9,3,3,4,0.0100649364691692,68.5,False,0.9999351501464844
6aqe__B1_Q9RY20--6aqe__A1_Q9RY20,10,3,1,4,0.0100872832603023,66.6875,False,0.9999470710754395
6aqe__B1_Q9RY20--6aqe__A1_Q9RY20,11,3,2,4,0.0100955857605435,66.4375,False,0.9999513626098633
6aqe__B1_Q9RY20--6aqe__A1_Q9RY20,12,3,0,4,0.0100933894997591,65.9375,False,0.9999513626098633
6aqe__B1_Q9RY20--6aqe__A1_Q9RY20,13,2,0,4,0.7439181942723326,64.375,True,0.025219552218914032
6aqe__B1_Q9RY20--6aqe__A1_Q9RY20,14,5,2,4,0.7596369459426668,62.8125,True,0.0704306960105896
6aqe__B1_Q9RY20--6aqe__A1_Q9RY20,15,2,3,4,0.7339599810467137,62.375,True,0.025219552218914032
6aqe__B1_Q9RY20--6aqe__A1_Q9RY20,16,5,3,4,0.7519088235330095,62.125,True,0.07466305792331696
6aqe__B1_Q9RY20--6aqe__A1_Q9RY20,17,2,2,4,0.7394436893155122,60.5625,True,0.037700552493333817
6aqe__B1_Q9RY20--6aqe__A1_Q9RY20,18,5,0,4,0.7704499979571886,60.25,True,0.08941621333360672
6aqe__B1_Q9RY20--6aqe__A1_Q9RY20,19,5,1,4,0.7584227403067381,59.9375,True,0.08941621333360672
6aqe__B1_Q9RY20--6aqe__A1_Q9RY20,20,2,1,4,0.6989223719462658,52.6875,True,0.034924961626529694
6au8__A1_Q7L5D6--6au8__B1_P46379,1,2,3,4,0.7464183190813255,94.0625,True,0.9059847593307495
6au8__A1_Q7L5D6--6au8__B1_P46379,2,1,3,4,0.7325659256059115,94.0625,True,0.8748740553855896
6au8__A1_Q7L5D6--6au8__B1_P46379,3,1,2,4,0.7097372529075302,94.0625,True,0.9086069464683533
6au8__A1_Q7L5D6--6au8__B1_P46379,4,2,1,4,0.7414601290362651,94.0,True,0.9059847593307495
6au8__A1_Q7L5D6--6au8__B1_P46379,5,2,2,4,0.7389080369579889,94.0,True,0.9116717576980591
6au8__A1_Q7L5D6--6au8__B1_P46379,6,4,0,4,0.734285934098399,93.9375,True,0.9313645958900452
6au8__A1_Q7L5D6--6au8__B1_P46379,7,1,1,4,0.7117169047295828,93.9375,True,0.8850927352905273
6au8__A1_Q7L5D6--6au8__B1_P46379,8,5,0,4,0.7396025066297792,93.8125,True,0.889570951461792
6au8__A1_Q7L5D6--6au8__B1_P46379,9,1,0,4,0.7273238327655959,93.75,True,0.8978503942489624
6au8__A1_Q7L5D6--6au8__B1_P46379,10,4,2,4,0.730934327581764,93.75,True,0.9318228960037231
6au8__A1_Q7L5D6--6au8__B1_P46379,11,4,3,4,0.7325564272330038,93.75,True,0.9313645958900452
6au8__A1_Q7L5D6--6au8__B1_P46379,12,5,3,4,0.7379714910640907,93.6875,True,0.9148608446121216
6au8__A1_Q7L5D6--6au8__B1_P46379,13,4,1,4,0.7301484348534143,93.6875,True,0.9313645958900452
6au8__A1_Q7L5D6--6au8__B1_P46379,14,5,2,4,0.7366142064775224,93.6875,True,0.8869674205780029
6au8__A1_Q7L5D6--6au8__B1_P46379,15,2,0,4,0.7215232664735067,93.625,True,0.9227336645126343
6au8__A1_Q7L5D6--6au8__B1_P46379,16,5,1,4,0.7421924843284476,93.5,True,0.889570951461792
6au8__A1_Q7L5D6--6au8__B1_P46379,17,3,3,4,0.7350474059436665,93.4375,True,0.9249370098114014
6au8__A1_Q7L5D6--6au8__B1_P46379,18,3,0,4,0.7365388619658134,93.375,True,0.9153499007225037
6au8__A1_Q7L5D6--6au8__B1_P46379,19,3,1,4,0.7349948982920784,93.3125,True,0.9153499007225037
6au8__A1_Q7L5D6--6au8__B1_P46379,20,3,2,4,0.7405816457325184,93.1875,True,0.9110594391822815
6cp8__A1_A0A2A2CAY5--6cp8__C1_A0A2A2C800,1,1,0,3,0.7132728422095237,88.25,True,0.8400298953056335
6cp8__A1_A0A2A2CAY5--6cp8__C1_A0A2A2C800,2,1,2,3,0.7080367920275656,88.25,True,0.8645815849304199
6cp8__A1_A0A2A2CAY5--6cp8__C1_A0A2A2C800,3,5,2,3,0.7035456826986671,87.1875,True,0.8492027521133423
6cp8__A1_A0A2A2CAY5--6cp8__C1_A0A2A2C800,4,5,0,3,0.7003589846401793,87.0,True,0.8409571647644043
6cp8__A1_A0A2A2CAY5--6cp8__C1_A0A2A2C800,5,4,1,3,0.7213923437570712,86.9375,True,0.8100399971008301
6cp8__A1_A0A2A2CAY5--6cp8__C1_A0A2A2C800,6,4,3,3,0.6993223467250477,86.875,True,0.8308643698692322
6cp8__A1_A0A2A2CAY5--6cp8__C1_A0A2A2C800,7,2,0,3,0.7201587372865879,86.75,True,0.8092073202133179
6cp8__A1_A0A2A2CAY5--6cp8__C1_A0A2A2C800,8,5,1,3,0.7010243272007295,86.75,True,0.8123221397399902
6cp8__A1_A0A2A2CAY5--6cp8__C1_A0A2A2C800,9,1,1,3,0.7277301723026287,86.625,True,0.8374391794204712
6cp8__A1_A0A2A2CAY5--6cp8__C1_A0A2A2C800,10,2,3,3,0.7061059607156581,86.4375,True,0.8101401329040527
6cp8__A1_A0A2A2CAY5--6cp8__C1_A0A2A2C800,11,4,2,3,0.7057993633663914,86.375,True,0.8283284306526184
6cp8__A1_A0A2A2CAY5--6cp8__C1_A0A2A2C800,12,5,3,3,0.7006298743454783,86.375,True,0.8240423798561096
6cp8__A1_A0A2A2CAY5--6cp8__C1_A0A2A2C800,13,2,2,3,0.734997742851351,86.0,True,0.7325260043144226
6cp8__A1_A0A2A2CAY5--6cp8__C1_A0A2A2C800,14,1,3,3,0.721956463987708,84.6875,True,0.8420606255531311
6cp8__A1_A0A2A2CAY5--6cp8__C1_A0A2A2C800,15,3,2,3,0.6667950281261811,83.9375,True,0.7770984172821045
6cp8__A1_A0A2A2CAY5--6cp8__C1_A0A2A2C800,16,3,1,3,0.6820912363524566,83.8125,True,0.8337947726249695
6cp8__A1_A0A2A2CAY5--6cp8__C1_A0A2A2C800,17,2,1,3,0.7227050153954796,83.8125,True,0.7364856600761414
6cp8__A1_A0A2A2CAY5--6cp8__C1_A0A2A2C800,18,3,0,3,0.6841640080598386,83.1875,True,0.8322543501853943
6cp8__A1_A0A2A2CAY5--6cp8__C1_A0A2A2C800,19,3,3,3,0.6793532341101569,83.125,True,0.8208153247833252
6cp8__A1_A0A2A2CAY5--6cp8__C1_A0A2A2C800,20,4,0,3,0.6950197654222757,83.0625,True,0.906032145023346
6djl__C1_O60239--6djl__A1_P62491,1,4,1,4,0.64282704808161,77.8125,True,0.9886093139648438
6djl__C1_O60239--6djl__A1_P62491,2,4,3,4,0.6451618121038295,76.75,True,0.3601672649383545
6djl__C1_O60239--6djl__A1_P62491,3,3,3,4,0.5822951551854655,75.0625,True,0.9437005519866943
6djl__C1_O60239--6djl__A1_P62491,4,4,0,4,0.636357008921162,74.8125,True,0.8681972622871399
6djl__C1_O60239--6djl__A1_P62491,5,4,2,4,0.4959831703636276,71.3125,True,0.9944254159927368
6djl__C1_O60239--6djl__A1_P62491,6,5,0,4,0.4224830374659932,70.625,True,0.8495544791221619
6djl__C1_O60239--6djl__A1_P62491,7,5,2,4,0.418550253504369,69.125,True,0.625622570514679
6djl__C1_O60239--6djl__A1_P62491,8,3,1,4,0.4344845927253001,68.625,True,0.2711740732192993
6djl__C1_O60239--6djl__A1_P62491,9,3,0,4,0.447821886190598,68.4375,True,0.21781232953071594
6djl__C1_O60239--6djl__A1_P62491,10,5,1,4,0.418287599551362,67.3125,True,0.727364182472229
6djl__C1_O60239--6djl__A1_P62491,11,5,3,4,0.4188280305288254,65.25,True,0.6607189178466797
6djl__C1_O60239--6djl__A1_P62491,12,3,2,4,0.4289575301159634,65.25,True,0.9398670792579651
6djl__C1_O60239--6djl__A1_P62491,13,2,0,4,0.4953098066277578,63.90625,True,0.923585057258606
6djl__C1_O60239--6djl__A1_P62491,14,1,3,4,0.4535903979513283,58.65625,True,0.5441000461578369
6djl__C1_O60239--6djl__A1_P62491,15,2,2,4,0.4426035683980436,57.15625,True,0.769910991191864
6djl__C1_O60239--6djl__A1_P62491,16,2,3,4,0.4521638659973295,54.9375,True,0.15086859464645386
6djl__C1_O60239--6djl__A1_P62491,17,1,0,4,0.4282936497785413,54.125,True,0.4667240083217621
6djl__C1_O60239--6djl__A1_P62491,18,2,1,4,0.4622016214053632,53.3125,True,0.08750966191291809
6djl__C1_O60239--6djl__A1_P62491,19,1,2,4,0.4706160893236517,52.625,True,0.8229981064796448
6djl__C1_O60239--6djl__A1_P62491,20,1,1,4,0.4533629017041309,49.0625,True,0.029912060126662254
6dkk__B1_P0DPI0--6dkk__A1_P0DPI0,1,5,0,0,0.005764619969538,32.75,False,0.007576014846563339
6dkk__B1_P0DPI0--6dkk__A1_P0DPI0,2,3,0,0,0.0065638311960848,22.171875,False,0.022725993767380714
6dkk__B1_P0DPI0--6dkk__A1_P0DPI0,3,2,3,0,0.0066135492336453,21.171875,False,0.07355505228042603
6dkk__B1_P0DPI0--6dkk__A1_P0DPI0,4,4,1,0,0.0082779855059686,21.109375,False,0.1335694044828415
6dkk__B1_P0DPI0--6dkk__A1_P0DPI0,5,2,1,0,0.0053241932766119,20.9375,False,0.02952096424996853
6dkk__B1_P0DPI0--6dkk__A1_P0DPI0,6,5,1,0,0.0078880237597457,20.796875,False,0.027792196720838547
6dkk__B1_P0DPI0--6dkk__A1_P0DPI0,7,4,0,0,0.0084640403373168,20.796875,False,0.08280255645513535
6dkk__B1_P0DPI0--6dkk__A1_P0DPI0,8,3,2,0,0.0278131724355081,20.078125,False,0.06097343564033508
6dkk__B1_P0DPI0--6dkk__A1_P0DPI0,9,4,3,0,0.0079263935968219,20.078125,False,0.10031814128160477
6dkk__B1_P0DPI0--6dkk__A1_P0DPI0,10,1,1,0,0.0067759878807983,19.921875,False,0.10959562659263611
6dkk__B1_P0DPI0--6dkk__A1_P0DPI0,11,2,0,0,0.0072918729235854,19.765625,False,0.060144443064928055
6dkk__B1_P0DPI0--6dkk__A1_P0DPI0,12,3,1,0,0.0088318576017062,19.671875,False,0.002923201071098447
6dkk__B1_P0DPI0--6dkk__A1_P0DPI0,13,5,3,0,0.0077391080490189,19.65625,False,0.023869501426815987
6dkk__B1_P0DPI0--6dkk__A1_P0DPI0,14,1,3,0,0.0060522700097492,19.640625,False,0.01214879471808672
6dkk__B1_P0DPI0--6dkk__A1_P0DPI0,15,1,2,0,0.0067067926927074,19.390625,False,0.03233102336525917
6dkk__B1_P0DPI0--6dkk__A1_P0DPI0,16,5,2,0,0.0072466451458148,19.359375,False,0.14378026127815247
6dkk__B1_P0DPI0--6dkk__A1_P0DPI0,17,2,2,0,0.0083842558208189,19.3125,False,0.03002135455608368
6dkk__B1_P0DPI0--6dkk__A1_P0DPI0,18,4,2,0,0.0077075032101201,19.25,False,0.053160108625888824
6dkk__B1_P0DPI0--6dkk__A1_P0DPI0,19,3,3,0,0.0074650248474466,19.015625,False,0.26171422004699707
6dkk__B1_P0DPI0--6dkk__A1_P0DPI0,20,1,0,0,0.0064381104244882,19.0,False,0.13883280754089355
6e8a__A1_Q7CPJ3--6e8a__A2_Q7CPJ3,1,1,1,4,0.764736155460375,66.4375,True,0.007737793494015932
6e8a__A1_Q7CPJ3--6e8a__A2_Q7CPJ3,2,1,2,4,0.73453346894241,62.71875,True,0.0084612425416708
6e8a__A1_Q7CPJ3--6e8a__A2_Q7CPJ3,3,3,2,4,0.0199713373085826,53.71875,False,0.8553498983383179
6e8a__A1_Q7CPJ3--6e8a__A2_Q7CPJ3,4,3,3,4,0.023638728118345,52.625,False,0.9986690282821655
6e8a__A1_Q7CPJ3--6e8a__A2_Q7CPJ3,5,3,0,4,0.0217723563058478,52.125,False,0.999723494052887
6e8a__A1_Q7CPJ3--6e8a__A2_Q7CPJ3,6,3,1,4,0.0235606854543555,51.09375,False,0.9888850450515747
6e8a__A1_Q7CPJ3--6e8a__A2_Q7CPJ3,7,1,3,4,0.0282141720360221,46.1875,False,0.4921465814113617
6e8a__A1_Q7CPJ3--6e8a__A2_Q7CPJ3,8,1,0,4,0.0274757180368878,43.96875,False,0.9572842121124268
6e8a__A1_Q7CPJ3--6e8a__A2_Q7CPJ3,9,2,0,4,0.0225595035873023,42.28125,False,2.411973946436774e-05
6e8a__A1_Q7CPJ3--6e8a__A2_Q7CPJ3,10,2,1,4,0.0224072628535698,39.90625,False,3.943322008126415e-05
6e8a__A1_Q7CPJ3--6e8a__A2_Q7CPJ3,11,2,3,4,0.0216398725624569,39.375,False,4.659138994611567e-06
6e8a__A1_Q7CPJ3--6e8a__A2_Q7CPJ3,12,2,2,4,0.0231343813532616,37.4375,False,0.4036824405193329
6e8a__A1_Q7CPJ3--6e8a__A2_Q7CPJ3,13,4,3,4,0.0205779897411691,36.78125,False,0.9993466734886169
6e8a__A1_Q7CPJ3--6e8a__A2_Q7CPJ3,14,4,2,4,0.0206224162232365,34.6875,False,0.9996963739395142
6e8a__A1_Q7CPJ3--6e8a__A2_Q7CPJ3,15,5,0,4,0.0244443508484776,34.5625,False,0.022080162540078163
6e8a__A1_Q7CPJ3--6e8a__A2_Q7CPJ3,16,4,1,4,0.0219226719757072,34.53125,False,0.8780516982078552
6e8a__A1_Q7CPJ3--6e8a__A2_Q7CPJ3,17,5,3,4,0.0238488802953898,34.46875,False,0.19429706037044525
6e8a__A1_Q7CPJ3--6e8a__A2_Q7CPJ3,18,5,2,4,0.0240011404702606,33.8125,False,0.9945713877677917
6e8a__A1_Q7CPJ3--6e8a__A2_Q7CPJ3,19,4,0,4,0.0211879295691032,33.25,False,2.1775047571281902e-05
6e8a__A1_Q7CPJ3--6e8a__A2_Q7CPJ3,20,5,1,4,0.0239741168182485,33.15625,False,0.9966662526130676
6efw__A1_J9VIT7--6efw__A2_J9VIT7,1,2,2,2,0.703673586731474,72.9375,True,0.0001619554532226175
6efw__A1_J9VIT7--6efw__A2_J9VIT7,2,2,1,2,0.701447615131768,67.9375,True,0.00017523771384730935
6efw__A1_J9VIT7--6efw__A2_J9VIT7,3,2,3,2,0.6867914600401533,67.875,True,0.0004932557349093258
6efw__A1_J9VIT7--6efw__A2_J9VIT7,4,2,0,2,0.6989860056779059,67.8125,True,0.0005628158105537295
6efw__A1_J9VIT7--6efw__A2_J9VIT7,5,5,2,2,0.688639173258307,65.8125,True,0.0254224743694067
6efw__A1_J9VIT7--6efw__A2_J9VIT7,6,5,0,2,0.6813912939860418,65.625,True,0.00014332326827570796
6efw__A1_J9VIT7--6efw__A2_J9VIT7,7,5,3,2,0.6834056876098588,65.25,True,0.027497684583067894
6efw__A1_J9VIT7--6efw__A2_J9VIT7,8,4,3,2,0.6991902490356061,61.125,True,0.025288715958595276
6efw__A1_J9VIT7--6efw__A2_J9VIT7,9,4,0,2,0.7032743511008027,60.78125,True,0.02520786039531231
6efw__A1_J9VIT7--6efw__A2_J9VIT7,10,4,2,2,0.699313150600635,60.03125,True,0.02512102946639061
6efw__A1_J9VIT7--6efw__A2_J9VIT7,11,5,1,2,0.6812553683657402,59.09375,True,7.289138011401519e-05
6efw__A1_J9VIT7--6efw__A2_J9VIT7,12,4,1,2,0.7016007968714222,58.125,True,0.06536456197500229
6efw__A1_J9VIT7--6efw__A2_J9VIT7,13,3,2,2,0.671222922657169,52.6875,True,0.01155250146985054
6efw__A1_J9VIT7--6efw__A2_J9VIT7,14,1,2,2,0.6584395509908373,52.1875,True,0.1859944462776184
6efw__A1_J9VIT7--6efw__A2_J9VIT7,15,3,3,2,0.6666885140098415,51.84375,True,0.01155250146985054
6efw__A1_J9VIT7--6efw__A2_J9VIT7,16,3,0,2,0.6687378382169747,51.75,True,0.12395335733890533
6efw__A1_J9VIT7--6efw__A2_J9VIT7,17,1,1,2,0.6514396229424074,51.0,True,0.660368025302887
6efw__A1_J9VIT7--6efw__A2_J9VIT7,18,1,3,2,0.6314515730137832,50.90625,True,0.7589558362960815
6efw__A1_J9VIT7--6efw__A2_J9VIT7,19,3,1,2,0.6664961613674115,50.75,True,0.012085119262337685
6efw__A1_J9VIT7--6efw__A2_J9VIT7,20,1,0,2,0.6384811446418123,45.25,True,0.5102527141571045
6eho__A1_Q99523--6eho__A2_Q99523,1,3,0,0,0.0246942943023912,33.96875,False,0.006297217216342688
6eho__A1_Q99523--6eho__A2_Q99523,2,3,2,0,0.0183893879874182,29.15625,False,0.005487819202244282
6eho__A1_Q99523--6eho__A2_Q99523,3,3,3,0,0.0192174371088776,29.03125,False,0.0018774477066472173
6eho__A1_Q99523--6eho__A2_Q99523,4,1,0,0,0.4652483875860905,28.953125,True,0.02264353632926941
6eho__A1_Q99523--6eho__A2_Q99523,5,5,2,0,0.0577005061968569,28.890625,False,0.05916803330183029
6eho__A1_Q99523--6eho__A2_Q99523,6,5,1,0,0.0686279116956756,28.703125,False,0.025400640442967415
6eho__A1_Q99523--6eho__A2_Q99523,7,5,0,0,0.0676050019670786,28.390625,False,0.05017492175102234
6eho__A1_Q99523--6eho__A2_Q99523,8,4,3,0,0.0585527280700327,28.21875,False,0.016327593475580215
6eho__A1_Q99523--6eho__A2_Q99523,9,5,3,0,0.0661752505282865,27.703125,False,0.05854831635951996
6eho__A1_Q99523--6eho__A2_Q99523,10,3,1,0,0.0213534975466503,27.109375,False,0.02351599931716919
6eho__A1_Q99523--6eho__A2_Q99523,11,4,1,0,0.0625917889585411,26.796875,False,0.0530063733458519
6eho__A1_Q99523--6eho__A2_Q99523,12,1,3,0,0.328041492714487,26.265625,True,0.009573857299983501
6eho__A1_Q99523--6eho__A2_Q99523,13,4,0,0,0.1265338606655719,25.9375,False,0.05132672190666199
6eho__A1_Q99523--6eho__A2_Q99523,14,4,2,0,0.1956467777859729,25.21875,False,0.026760226115584373
6eho__A1_Q99523--6eho__A2_Q99523,15,1,1,0,0.0550509539824464,25.046875,False,0.15927459299564362
6eho__A1_Q99523--6eho__A2_Q99523,16,1,2,0,0.0552393310149311,24.9375,False,0.061302755028009415
6eho__A1_Q99523--6eho__A2_Q99523,17,2,0,0,0.0537148327496691,24.484375,False,0.06562343239784241
6eho__A1_Q99523--6eho__A2_Q99523,18,2,1,0,0.1354622578553736,24.15625,False,0.0782785415649414
6eho__A1_Q99523--6eho__A2_Q99523,19,2,2,0,0.1863043261677114,23.71875,False,0.027644501999020576
6eho__A1_Q99523--6eho__A2_Q99523,20,2,3,0,0.1619125371056051,23.625,False,0.03792569413781166
6ejv__A1_Q65J43--6ejv__B1_Q65J43,1,5,1,2,0.0318454329595879,42.25,False,0.04754751920700073
6ejv__A1_Q65J43--6ejv__B1_Q65J43,2,5,2,2,0.0302612869057882,39.5625,False,0.03862342983484268
6ejv__A1_Q65J43--6ejv__B1_Q65J43,3,5,3,2,0.0293862247173506,39.25,False,0.018369285389780998
6ejv__A1_Q65J43--6ejv__B1_Q65J43,4,5,0,2,0.0317334013474629,36.78125,False,0.04700985550880432
6ejv__A1_Q65J43--6ejv__B1_Q65J43,5,2,0,2,0.2665188115740216,26.203125,True,0.10545512288808823
6ejv__A1_Q65J43--6ejv__B1_Q65J43,6,2,3,2,0.1969456972470452,25.953125,False,0.0694165825843811
6ejv__A1_Q65J43--6ejv__B1_Q65J43,7,2,1,2,0.2545648841341112,23.71875,True,0.041873496025800705
6ejv__A1_Q65J43--6ejv__B1_Q65J43,8,2,2,2,0.2538688763883081,23.546875,True,0.041873496025800705
6ejv__A1_Q65J43--6ejv__B1_Q65J43,9,1,3,2,0.057949434525657,18.0,False,0.036607224494218826
6ejv__A1_Q65J43--6ejv__B1_Q65J43,10,1,2,2,0.0561491102526936,17.8125,False,0.04192177206277847
6ejv__A1_Q65J43--6ejv__B1_Q65J43,11,1,0,2,0.0552660084598555,17.703125,False,0.030473314225673676
6ejv__A1_Q65J43--6ejv__B1_Q65J43,12,1,1,2,0.0572925565026062,17.65625,False,0.030473314225673676
6ejv__A1_Q65J43--6ejv__B1_Q65J43,13,4,1,2,0.0528505860940707,17.15625,False,0.06237059831619263
6ejv__A1_Q65J43--6ejv__B1_Q65J43,14,3,3,2,0.066302581873239,16.8125,False,0.03722100332379341
6ejv__A1_Q65J43--6ejv__B1_Q65J43,15,4,0,2,0.0614591695399426,16.40625,False,0.05322444066405296
6ejv__A1_Q65J43--6ejv__B1_Q65J43,16,3,0,2,0.0370039114747541,16.390625,False,0.013330873101949692
6ejv__A1_Q65J43--6ejv__B1_Q65J43,17,3,1,2,0.0815097527347915,16.015625,False,0.010528688319027424
6ejv__A1_Q65J43--6ejv__B1_Q65J43,18,4,2,2,0.0400809551550241,15.9765625,False,0.040782246738672256
6ejv__A1_Q65J43--6ejv__B1_Q65J43,19,4,3,2,0.0535185998783207,15.9375,False,0.05450968071818352
6ejv__A1_Q65J43--6ejv__B1_Q65J43,20,3,2,2,0.0256298232128025,15.8515625,False,0.06237092614173889
6em0__A1_O06647--6em0__A2_O06647,1,1,0,2,0.0056961502810907,92.5,False,0.8408052325248718
6em0__A1_O06647--6em0__A2_O06647,2,4,2,2,0.0057522544852619,92.5,False,0.8954182863235474
6em0__A1_O06647--6em0__A2_O06647,3,4,1,2,0.0057116357075769,92.5,False,0.930482029914856
6em0__A1_O06647--6em0__A2_O06647,4,4,3,2,0.005692556415611,92.5,False,0.9164660573005676
6em0__A1_O06647--6em0__A2_O06647,5,1,2,2,0.005659698380052,92.4375,False,0.7946828603744507
6em0__A1_O06647--6em0__A2_O06647,6,1,3,2,0.0057098174715215,92.4375,False,0.8213083148002625
6em0__A1_O06647--6em0__A2_O06647,7,4,0,2,0.0057111284687183,92.375,False,0.8127701282501221
6em0__A1_O06647--6em0__A2_O06647,8,1,1,2,0.0056860181201621,92.375,False,0.8389883041381836
6em0__A1_O06647--6em0__A2_O06647,9,2,1,2,0.0057245275787561,92.3125,False,0.8838769197463989
6em0__A1_O06647--6em0__A2_O06647,10,5,3,2,0.0057219050017155,92.3125,False,0.9227526783943176
6em0__A1_O06647--6em0__A2_O06647,11,5,2,2,0.0057704396869541,92.3125,False,0.9357785582542419
6em0__A1_O06647--6em0__A2_O06647,12,3,2,2,0.0057106013480826,92.25,False,0.9351995587348938
6em0__A1_O06647--6em0__A2_O06647,13,5,0,2,0.0057627351216864,92.25,False,0.8573781847953796
6em0__A1_O06647--6em0__A2_O06647,14,5,1,2,0.0057416572687901,92.25,False,0.9163874387741089
6em0__A1_O06647--6em0__A2_O06647,15,2,2,2,0.0057061567058486,92.1875,False,0.8838769197463989
6em0__A1_O06647--6em0__A2_O06647,16,2,3,2,0.0056727550477176,92.125,False,0.8866538405418396
6em0__A1_O06647--6em0__A2_O06647,17,2,0,2,0.0057111779093664,92.125,False,0.8399174213409424
6em0__A1_O06647--6em0__A2_O06647,18,3,3,2,0.0057571462973227,92.0625,False,0.9346593618392944
6em0__A1_O06647--6em0__A2_O06647,19,3,0,2,0.0057325177870318,92.0625,False,0.8918062448501587
6em0__A1_O06647--6em0__A2_O06647,20,3,1,2,0.0056568736494917,92.0,False,0.9325515627861023
6exa__B1_Q5ZYC7--6exa__A1_Q5ZYC7,1,5,0,1,0.5555576040803123,78.9375,True,0.00020079212845303118
6exa__B1_Q5ZYC7--6exa__A1_Q5ZYC7,2,5,3,1,0.5747211659881609,77.75,True,0.010126955807209015
6exa__B1_Q5ZYC7--6exa__A1_Q5ZYC7,3,5,2,1,0.5574649258922489,74.1875,True,0.0004594876372721046
6exa__B1_Q5ZYC7--6exa__A1_Q5ZYC7,4,3,3,1,0.574404289841351,73.4375,True,0.10514164716005325
6exa__B1_Q5ZYC7--6exa__A1_Q5ZYC7,5,3,0,1,0.5799426276808793,71.375,True,0.11790146678686142
6exa__B1_Q5ZYC7--6exa__A1_Q5ZYC7,6,1,1,1,0.6461607525567706,71.0625,True,0.14944325387477875
6exa__B1_Q5ZYC7--6exa__A1_Q5ZYC7,7,4,1,1,0.6073715720712739,70.375,True,0.0007749792421236634
6exa__B1_Q5ZYC7--6exa__A1_Q5ZYC7,8,5,1,1,0.5836554479272648,70.3125,True,0.0001279726711800322
6exa__B1_Q5ZYC7--6exa__A1_Q5ZYC7,9,1,2,1,0.5804341107907748,70.1875,True,0.07882735878229141
6exa__B1_Q5ZYC7--6exa__A1_Q5ZYC7,10,3,1,1,0.5945802669846875,68.8125,True,0.01420558150857687
6exa__B1_Q5ZYC7--6exa__A1_Q5ZYC7,11,1,3,1,0.5599537449944659,67.9375,True,0.07654780149459839
6exa__B1_Q5ZYC7--6exa__A1_Q5ZYC7,12,3,2,1,0.6504411042734725,67.8125,True,0.07674653828144073
6exa__B1_Q5ZYC7--6exa__A1_Q5ZYC7,13,1,0,1,0.5995552491932717,61.53125,True,0.1999886929988861
6exa__B1_Q5ZYC7--6exa__A1_Q5ZYC7,14,4,0,1,0.5636881931300955,55.65625,True,0.031294625252485275
6exa__B1_Q5ZYC7--6exa__A1_Q5ZYC7,15,4,3,1,0.581280112364986,47.3125,True,0.00647022994235158
6exa__B1_Q5ZYC7--6exa__A1_Q5ZYC7,16,2,0,1,0.0320045447090306,41.125,False,0.14442405104637146
6exa__B1_Q5ZYC7--6exa__A1_Q5ZYC7,17,2,2,1,0.033547578173348,37.90625,False,0.08065826445817947
6exa__B1_Q5ZYC7--6exa__A1_Q5ZYC7,18,2,1,1,0.0553544003372003,34.84375,False,0.06790459156036377
6exa__B1_Q5ZYC7--6exa__A1_Q5ZYC7,19,2,3,1,0.0572333622646144,31.671875,False,0.08119744062423706
6exa__B1_Q5ZYC7--6exa__A1_Q5ZYC7,20,4,2,1,0.0565198968393227,24.25,False,0.0022106689866632223
6fc2__A1_P07260--6fc2__B1_P36041,1,5,0,4,0.7250175568583596,88.0625,True,0.854465126991272
6fc2__A1_P07260--6fc2__B1_P36041,2,3,0,4,0.7291633403690434,87.9375,True,0.8905808329582214
6fc2__A1_P07260--6fc2__B1_P36041,3,3,1,4,0.7343531539992907,87.9375,True,0.9365721344947815
6fc2__A1_P07260--6fc2__B1_P36041,4,1,2,4,0.673249941965981,87.9375,True,0.9485602974891663
6fc2__A1_P07260--6fc2__B1_P36041,5,1,0,4,0.7196783883478072,87.875,True,0.8966428637504578
6fc2__A1_P07260--6fc2__B1_P36041,6,3,2,4,0.7314699199619822,87.75,True,0.9251208305358887
6fc2__A1_P07260--6fc2__B1_P36041,7,1,1,4,0.7107244584230769,87.75,True,0.8842364549636841
6fc2__A1_P07260--6fc2__B1_P36041,8,5,3,4,0.7240588098352584,87.6875,True,0.9486657381057739
6fc2__A1_P07260--6fc2__B1_P36041,9,1,3,4,0.7069093181987101,87.625,True,0.8843654990196228
6fc2__A1_P07260--6fc2__B1_P36041,10,4,0,4,0.7044328010890247,87.625,True,0.8197296261787415
6fc2__A1_P07260--6fc2__B1_P36041,11,3,3,4,0.734047795573565,87.625,True,0.9432591199874878
6fc2__A1_P07260--6fc2__B1_P36041,12,2,0,4,0.7122065831277701,87.625,True,0.9676390290260315
6fc2__A1_P07260--6fc2__B1_P36041,13,5,2,4,0.6785806484902096,87.5625,True,0.7549325227737427
6fc2__A1_P07260--6fc2__B1_P36041,14,4,2,4,0.7057878842971507,87.5,True,0.911376953125
6fc2__A1_P07260--6fc2__B1_P36041,15,2,2,4,0.7211311840262188,87.4375,True,0.969550609588623
6fc2__A1_P07260--6fc2__B1_P36041,16,4,3,4,0.7326456060336164,87.25,True,0.9434617161750793
6fc2__A1_P07260--6fc2__B1_P36041,17,2,1,4,0.7107790583306204,87.25,True,0.879574179649353
6fc2__A1_P07260--6fc2__B1_P36041,18,5,1,4,0.7168496431097581,87.25,True,0.8460581302642822
6fc2__A1_P07260--6fc2__B1_P36041,19,4,1,4,0.7083679297290028,87.125,True,0.9072118401527405
6fc2__A1_P07260--6fc2__B1_P36041,20,2,3,4,0.723367120974606,86.9375,True,0.9505842924118042
6hlk__A1_A0A5H1ZR32--6hlk__A2_A0A5H1ZR32,1,4,0,4,0.802606455045806,68.75,True,0.019776510074734688
6hlk__A1_A0A5H1ZR32--6hlk__A2_A0A5H1ZR32,2,3,0,4,0.7714494104551547,65.5625,True,0.03284798189997673
6hlk__A1_A0A5H1ZR32--6hlk__A2_A0A5H1ZR32,3,5,3,4,0.0284469685272574,55.09375,False,0.03497142344713211
6hlk__A1_A0A5H1ZR32--6hlk__A2_A0A5H1ZR32,4,5,0,4,0.0439301597662367,41.8125,False,0.041341014206409454
6hlk__A1_A0A5H1ZR32--6hlk__A2_A0A5H1ZR32,5,5,1,4,0.0419197091929465,39.84375,False,0.035757943987846375
6hlk__A1_A0A5H1ZR32--6hlk__A2_A0A5H1ZR32,6,2,0,4,0.0305511194809096,31.40625,False,0.4148167669773102
6hlk__A1_A0A5H1ZR32--6hlk__A2_A0A5H1ZR32,7,3,3,4,0.5769200678227463,30.71875,True,0.0026410736609250307
6hlk__A1_A0A5H1ZR32--6hlk__A2_A0A5H1ZR32,8,3,2,4,0.0163681040472731,24.125,False,0.021627753973007202
6hlk__A1_A0A5H1ZR32--6hlk__A2_A0A5H1ZR32,9,3,1,4,0.0180580772267054,23.375,False,0.005768981296569109
6hlk__A1_A0A5H1ZR32--6hlk__A2_A0A5H1ZR32,10,5,2,4,0.0976534835879497,19.8125,False,0.027294985949993134
6hlk__A1_A0A5H1ZR32--6hlk__A2_A0A5H1ZR32,11,4,1,4,0.1914089727765747,17.328125,False,0.0026502071414142847
6hlk__A1_A0A5H1ZR32--6hlk__A2_A0A5H1ZR32,12,4,3,4,0.0336121416984886,16.5625,False,0.0030651954002678394
6hlk__A1_A0A5H1ZR32--6hlk__A2_A0A5H1ZR32,13,2,2,4,0.0420356215027219,15.328125,False,0.0033031897619366646
6hlk__A1_A0A5H1ZR32--6hlk__A2_A0A5H1ZR32,14,2,3,4,0.0251230630487242,15.234375,False,0.04638167470693588
6hlk__A1_A0A5H1ZR32--6hlk__A2_A0A5H1ZR32,15,1,0,4,0.0202965601041922,15.046875,False,0.005373390857130289
6hlk__A1_A0A5H1ZR32--6hlk__A2_A0A5H1ZR32,16,1,3,4,0.0150905057936401,14.84375,False,0.01920567825436592
6hlk__A1_A0A5H1ZR32--6hlk__A2_A0A5H1ZR32,17,4,2,4,0.0936468589558888,14.7421875,False,0.014244183897972107
6hlk__A1_A0A5H1ZR32--6hlk__A2_A0A5H1ZR32,18,1,1,4,0.029800825913771,14.71875,False,0.007396664470434189
6hlk__A1_A0A5H1ZR32--6hlk__A2_A0A5H1ZR32,19,2,1,4,0.0256029850881132,13.9609375,False,0.009450094774365425
6hlk__A1_A0A5H1ZR32--6hlk__A2_A0A5H1ZR32,20,1,2,4,0.0549067474807918,13.7578125,False,0.0555112287402153
6hmv__A1_Q9H3P7--6hmv__B1_Q68T42,1,4,3,4,0.9377771140401684,91.5625,True,0.00454473914578557
6hmv__A1_Q9H3P7--6hmv__B1_Q68T42,2,2,0,4,0.9295588797392088,91.0625,True,0.013806450180709362
6hmv__A1_Q9H3P7--6hmv__B1_Q68T42,3,2,2,4,0.9378832376587568,91.0625,True,0.043151356279850006
6hmv__A1_Q9H3P7--6hmv__B1_Q68T42,4,2,1,4,0.934015388279588,90.875,True,0.013806450180709362
6hmv__A1_Q9H3P7--6hmv__B1_Q68T42,5,4,1,4,0.923380952013458,90.8125,True,0.0091526685282588
6hmv__A1_Q9H3P7--6hmv__B1_Q68T42,6,1,0,4,0.9271496392735608,90.75,True,0.12734200060367584
6hmv__A1_Q9H3P7--6hmv__B1_Q68T42,7,1,1,4,0.9344829357138934,90.5625,True,0.3262370526790619
6hmv__A1_Q9H3P7--6hmv__B1_Q68T42,8,2,3,4,0.9391507016638266,90.4375,True,0.023067153990268707
6hmv__A1_Q9H3P7--6hmv__B1_Q68T42,9,4,2,4,0.9298107314374574,90.25,True,0.0289645716547966
6hmv__A1_Q9H3P7--6hmv__B1_Q68T42,10,1,2,4,0.9000013272657968,90.0625,True,0.02209242433309555
6hmv__A1_Q9H3P7--6hmv__B1_Q68T42,11,1,3,4,0.8911916896976315,89.25,True,0.009406393393874168
6hmv__A1_Q9H3P7--6hmv__B1_Q68T42,12,5,0,4,0.9055170902784496,88.4375,True,0.015477970242500305
6hmv__A1_Q9H3P7--6hmv__B1_Q68T42,13,5,1,4,0.8739318293339738,88.0625,True,0.03890235349535942
6hmv__A1_Q9H3P7--6hmv__B1_Q68T42,14,4,0,4,0.7672054925031615,87.3125,True,0.009469441138207912
6hmv__A1_Q9H3P7--6hmv__B1_Q68T42,15,5,2,4,0.8377759236279246,86.0,True,0.004108860157430172
6hmv__A1_Q9H3P7--6hmv__B1_Q68T42,16,3,1,4,0.7838656624391717,85.75,True,0.0001104252805816941
6hmv__A1_Q9H3P7--6hmv__B1_Q68T42,17,5,3,4,0.634996391720276,84.75,True,0.022308528423309326
6hmv__A1_Q9H3P7--6hmv__B1_Q68T42,18,3,0,4,0.8500404202085602,84.6875,True,0.012671331875026226
6hmv__A1_Q9H3P7--6hmv__B1_Q68T42,19,3,3,4,0.7548163168101162,84.25,True,0.005346878431737423
6hmv__A1_Q9H3P7--6hmv__B1_Q68T42,20,3,2,4,0.7920377177326005,83.9375,True,0.0002819706278387457
6htj__A1_Q97VU8--6htj__B1_Q97VU8,1,2,0,2,0.015487878275578,85.1875,False,0.13924269378185272
6htj__A1_Q97VU8--6htj__B1_Q97VU8,2,2,2,2,0.0154040553329603,83.6875,False,0.025917446240782738
6htj__A1_Q97VU8--6htj__B1_Q97VU8,3,2,1,2,0.0157424652196562,83.625,False,0.036308497190475464
6htj__A1_Q97VU8--6htj__B1_Q97VU8,4,1,0,2,0.0147235276243064,80.25,False,0.2974902093410492
6htj__A1_Q97VU8--6htj__B1_Q97VU8,5,1,1,2,0.0145567398525672,77.4375,False,0.29469582438468933
6htj__A1_Q97VU8--6htj__B1_Q97VU8,6,2,3,2,0.0156691089342091,73.6875,False,0.036308497190475464
6htj__A1_Q97VU8--6htj__B1_Q97VU8,7,1,2,2,0.0143840700443148,71.5625,False,0.10219580680131912
6htj__A1_Q97VU8--6htj__B1_Q97VU8,8,4,3,2,0.0149009109912118,44.96875,False,0.00014904655108693987
6htj__A1_Q97VU8--6htj__B1_Q97VU8,9,4,2,2,0.2944983749936434,24.953125,True,0.03916596248745918
6htj__A1_Q97VU8--6htj__B1_Q97VU8,10,4,0,2,0.0882093657129779,23.890625,False,0.013430168852210045
6htj__A1_Q97VU8--6htj__B1_Q97VU8,11,3,3,2,0.0551870215618377,21.46875,False,0.008699113503098488
6htj__A1_Q97VU8--6htj__B1_Q97VU8,12,3,0,2,0.0575776380489451,21.390625,False,0.010417222045361996
6htj__A1_Q97VU8--6htj__B1_Q97VU8,13,4,1,2,0.0511132171208538,21.34375,False,0.03161191940307617
6htj__A1_Q97VU8--6htj__B1_Q97VU8,14,3,1,2,0.0736929031870838,20.140625,False,0.008623216301202774
6htj__A1_Q97VU8--6htj__B1_Q97VU8,15,5,2,2,0.1120197988444027,19.734375,False,0.044784072786569595
6htj__A1_Q97VU8--6htj__B1_Q97VU8,16,5,0,2,0.3650879501522235,18.859375,True,0.055831413716077805
6htj__A1_Q97VU8--6htj__B1_Q97VU8,17,1,3,2,0.185186071550187,18.6875,False,0.14592283964157104
6htj__A1_Q97VU8--6htj__B1_Q97VU8,18,3,2,2,0.25232604138315,18.328125,True,0.062480054795742035
6htj__A1_Q97VU8--6htj__B1_Q97VU8,19,5,1,2,0.0961281040142648,18.109375,False,0.005715889856219292
6htj__A1_Q97VU8--6htj__B1_Q97VU8,20,5,3,2,0.0574852476427834,15.78125,False,0.036035794764757156
6hul__B1_P50383--6hul__A1_P50382,1,5,1,3,0.7682314825245182,91.125,True,0.3497040271759033
6hul__B1_P50383--6hul__A1_P50382,2,3,3,3,0.78588443699575,90.9375,True,0.2777371108531952
6hul__B1_P50383--6hul__A1_P50382,3,1,2,3,0.7541557321223807,90.0625,True,0.5428644418716431
6hul__B1_P50383--6hul__A1_P50382,4,1,1,3,0.7680210254908532,90.0625,True,0.38931402564048767
6hul__B1_P50383--6hul__A1_P50382,5,5,3,3,0.7862150785363475,90.0625,True,0.4181358218193054
6hul__B1_P50383--6hul__A1_P50382,6,5,2,3,0.7634145650740991,89.625,True,0.6425088047981262
6hul__B1_P50383--6hul__A1_P50382,7,3,2,3,0.7756509790001108,89.4375,True,0.5632606148719788
6hul__B1_P50383--6hul__A1_P50382,8,1,3,3,0.7853586363140508,89.4375,True,0.379338800907135
6hul__B1_P50383--6hul__A1_P50382,9,4,1,3,0.7872497226615395,89.25,True,0.5419599413871765
6hul__B1_P50383--6hul__A1_P50382,10,3,0,3,0.7860919786775448,89.1875,True,0.3460991680622101
6hul__B1_P50383--6hul__A1_P50382,11,3,1,3,0.7634044663356104,88.6875,True,0.4473761022090912
6hul__B1_P50383--6hul__A1_P50382,12,2,3,3,0.781492536889183,88.5,True,0.40045881271362305
6hul__B1_P50383--6hul__A1_P50382,13,4,2,3,0.8514269150369854,88.0,True,0.9820427298545837
6hul__B1_P50383--6hul__A1_P50382,14,2,2,3,0.7849570233443175,87.6875,True,0.551369309425354
6hul__B1_P50383--6hul__A1_P50382,15,2,1,3,0.7852161992111872,86.5,True,0.49947473406791687
6hul__B1_P50383--6hul__A1_P50382,16,4,3,3,0.652340248454882,85.6875,True,0.8513938188552856
6hul__B1_P50383--6hul__A1_P50382,17,5,0,3,0.6799158832872823,82.1875,True,0.7944474816322327
6hul__B1_P50383--6hul__A1_P50382,18,2,0,3,0.8406130013406848,80.625,True,0.9036290645599365
6hul__B1_P50383--6hul__A1_P50382,19,4,0,3,0.7257410198997197,79.875,True,0.9529600143432617
6hul__B1_P50383--6hul__A1_P50382,20,1,0,3,0.6971231529435976,78.5,True,0.8677510023117065
6i7s__C1_P55157--6i7s__A1_P07237,1,1,0,3,0.7546723345142078,83.4375,True,0.9927393794059753
6i7s__C1_P55157--6i7s__A1_P07237,2,1,1,3,0.7542917078399406,82.625,True,0.9925646781921387
6i7s__C1_P55157--6i7s__A1_P07237,3,5,1,3,0.7179739481860326,82.375,True,0.9822986125946045
6i7s__C1_P55157--6i7s__A1_P07237,4,1,3,3,0.749175217758232,82.125,True,0.9954745173454285
6i7s__C1_P55157--6i7s__A1_P07237,5,1,2,3,0.7434943374086279,82.0,True,0.9964697360992432
6i7s__C1_P55157--6i7s__A1_P07237,6,4,0,3,0.7432364986386985,81.4375,True,0.9281653165817261
6i7s__C1_P55157--6i7s__A1_P07237,7,4,3,3,0.731356894165469,81.4375,True,0.9934495091438293
6i7s__C1_P55157--6i7s__A1_P07237,8,5,0,3,0.7321885014716413,81.375,True,0.9621864557266235
6i7s__C1_P55157--6i7s__A1_P07237,9,4,1,3,0.7030162245634283,81.0625,True,0.9275462627410889
6i7s__C1_P55157--6i7s__A1_P07237,10,4,2,3,0.7316454078410484,80.625,True,0.909115195274353
6i7s__C1_P55157--6i7s__A1_P07237,11,2,1,3,0.7061924534869072,79.875,True,0.8786259889602661
6i7s__C1_P55157--6i7s__A1_P07237,12,5,3,3,0.7252910237509652,79.8125,True,0.9908993244171143
6i7s__C1_P55157--6i7s__A1_P07237,13,2,0,3,0.7337366674568188,79.5625,True,0.963226854801178
6i7s__C1_P55157--6i7s__A1_P07237,14,2,3,3,0.7612519490347993,78.4375,True,0.9590966105461121
6i7s__C1_P55157--6i7s__A1_P07237,15,5,2,3,0.7099945865768555,78.3125,True,0.9704834818840027
6i7s__C1_P55157--6i7s__A1_P07237,16,3,0,3,0.6508890814585512,78.1875,True,0.9428396821022034
6i7s__C1_P55157--6i7s__A1_P07237,17,2,2,3,0.7378199856747866,78.0,True,0.9815117716789246
6i7s__C1_P55157--6i7s__A1_P07237,18,3,1,3,0.579651881691957,74.625,True,0.809536337852478
6i7s__C1_P55157--6i7s__A1_P07237,19,3,3,3,0.4973066088616764,72.625,True,0.9450620412826538
6i7s__C1_P55157--6i7s__A1_P07237,20,3,2,3,0.5414302063790876,72.375,True,0.8996787071228027
6in7__B1_Q06198--6in7__A1_P38107,1,1,1,2,0.7807760753875316,90.625,True,0.9040184020996094
6in7__B1_Q06198--6in7__A1_P38107,2,1,0,2,0.7735957360895118,90.375,True,0.9091923832893372
6in7__B1_Q06198--6in7__A1_P38107,3,3,1,2,0.8071782182788235,90.125,True,0.9227524995803833
6in7__B1_Q06198--6in7__A1_P38107,4,3,2,2,0.808910487088584,90.0,True,0.9275230765342712
6in7__B1_Q06198--6in7__A1_P38107,5,1,2,2,0.806848143079972,89.625,True,0.8545758724212646
6in7__B1_Q06198--6in7__A1_P38107,6,5,2,2,0.8003719057641066,89.5,True,0.9235495328903198
6in7__B1_Q06198--6in7__A1_P38107,7,4,2,2,0.7742388139398741,89.4375,True,0.9090033173561096
6in7__B1_Q06198--6in7__A1_P38107,8,3,0,2,0.8130302587978022,89.375,True,0.8804953694343567
6in7__B1_Q06198--6in7__A1_P38107,9,5,0,2,0.8071450674581575,89.375,True,0.9235910177230835
6in7__B1_Q06198--6in7__A1_P38107,10,5,1,2,0.8019526141323426,89.375,True,0.9238759875297546
6in7__B1_Q06198--6in7__A1_P38107,11,4,1,2,0.7755795484703162,89.3125,True,0.9195531606674194
6in7__B1_Q06198--6in7__A1_P38107,12,5,3,2,0.805600668330665,89.3125,True,0.9229806065559387
6in7__B1_Q06198--6in7__A1_P38107,13,2,1,2,0.8260655627359705,89.25,True,0.8718646168708801
6in7__B1_Q06198--6in7__A1_P38107,14,4,0,2,0.7806279195470145,89.1875,True,0.8772737383842468
6in7__B1_Q06198--6in7__A1_P38107,15,3,3,2,0.8159101924598238,89.1875,True,0.892105221748352
6in7__B1_Q06198--6in7__A1_P38107,16,2,2,2,0.8294965234918014,88.875,True,0.8670032024383545
6in7__B1_Q06198--6in7__A1_P38107,17,4,3,2,0.7752296771003264,88.625,True,0.890154242515564
6in7__B1_Q06198--6in7__A1_P38107,18,1,3,2,0.7978264112346215,88.625,True,0.8711988925933838
6in7__B1_Q06198--6in7__A1_P38107,19,2,3,2,0.8206133397713101,88.125,True,0.87148517370224
6in7__B1_Q06198--6in7__A1_P38107,20,2,0,2,0.817035336213411,87.625,True,0.8608273267745972
6iub__A1_O25759--6iub__B1_O25759,1,1,2,4,0.1604494920811686,90.5625,False,0.9973364472389221
6iub__A1_O25759--6iub__B1_O25759,2,1,0,4,0.1630834502930936,90.3125,False,0.9920926690101624
6iub__A1_O25759--6iub__B1_O25759,3,1,1,4,0.16705347776027,90.0625,False,0.9630932807922363
6iub__A1_O25759--6iub__B1_O25759,4,1,3,4,0.1712575198609405,89.9375,False,0.9620205163955688
6iub__A1_O25759--6iub__B1_O25759,5,2,0,4,0.1420461493868372,88.875,False,0.9993577599525452
6iub__A1_O25759--6iub__B1_O25759,6,2,3,4,0.1415989170646357,88.5625,False,0.9995189905166626
6iub__A1_O25759--6iub__B1_O25759,7,2,2,4,0.1420550587734984,88.25,False,0.9991614818572998
6iub__A1_O25759--6iub__B1_O25759,8,2,1,4,0.1417183983674608,88.0,False,0.997389018535614
6iub__A1_O25759--6iub__B1_O25759,9,3,3,4,0.168123518745118,87.5,False,0.9684639573097229
6iub__A1_O25759--6iub__B1_O25759,10,5,0,4,0.1628376287180989,87.5,False,0.8588393926620483
6iub__A1_O25759--6iub__B1_O25759,11,3,2,4,0.1677592891672875,87.4375,False,0.9947603344917297
6iub__A1_O25759--6iub__B1_O25759,12,3,0,4,0.1690195191487085,87.375,False,0.9684639573097229
6iub__A1_O25759--6iub__B1_O25759,13,5,2,4,0.161487827450837,87.25,False,0.8326971530914307
6iub__A1_O25759--6iub__B1_O25759,14,5,1,4,0.1640663412916916,86.9375,False,0.8976588249206543
6iub__A1_O25759--6iub__B1_O25759,15,5,3,4,0.1630120904396575,86.8125,False,0.8326971530914307
6iub__A1_O25759--6iub__B1_O25759,16,3,1,4,0.1682754315962299,86.5625,False,0.9461957216262817
6iub__A1_O25759--6iub__B1_O25759,17,4,1,4,0.2411157659653081,63.34375,True,0.8760559558868408
6iub__A1_O25759--6iub__B1_O25759,18,4,0,4,0.2296363885645787,63.25,False,0.9541006088256836
6iub__A1_O25759--6iub__B1_O25759,19,4,2,4,0.2362100753506071,62.0,True,0.9141692519187927
6iub__A1_O25759--6iub__B1_O25759,20,4,3,4,0.2295848676767181,60.625,False,0.9717520475387573
6j2u__B1_Q93HL2--6j2u__A1_Q93HL1,1,1,1,2,0.9374508786738164,93.5,True,0.9133147597312927
6j2u__B1_Q93HL2--6j2u__A1_Q93HL1,2,1,2,2,0.9341866835934534,93.5,True,0.8820910453796387
6j2u__B1_Q93HL2--6j2u__A1_Q93HL1,3,5,3,2,0.929333339208146,93.4375,True,0.9032828211784363
6j2u__B1_Q93HL2--6j2u__A1_Q93HL1,4,5,2,2,0.9354429283772266,93.4375,True,0.8984834551811218
6j2u__B1_Q93HL2--6j2u__A1_Q93HL1,5,5,1,2,0.9341261950606377,93.4375,True,0.9118844866752625
6j2u__B1_Q93HL2--6j2u__A1_Q93HL1,6,1,3,2,0.9391406173884288,93.4375,True,0.8993778824806213
6j2u__B1_Q93HL2--6j2u__A1_Q93HL1,7,1,0,2,0.934362713178391,93.4375,True,0.9152964949607849
6j2u__B1_Q93HL2--6j2u__A1_Q93HL1,8,3,2,2,0.9321014408763229,93.375,True,0.9076253771781921
6j2u__B1_Q93HL2--6j2u__A1_Q93HL1,9,5,0,2,0.9241202678034404,93.375,True,0.8933676481246948
6j2u__B1_Q93HL2--6j2u__A1_Q93HL1,10,4,3,2,0.9334068395345028,93.25,True,0.8985413908958435
6j2u__B1_Q93HL2--6j2u__A1_Q93HL1,11,3,1,2,0.9330093220840024,93.25,True,0.921618640422821
6j2u__B1_Q93HL2--6j2u__A1_Q93HL1,12,3,3,2,0.9311192428770776,93.1875,True,0.9029690623283386
6j2u__B1_Q93HL2--6j2u__A1_Q93HL1,13,4,1,2,0.935260031701876,93.125,True,0.9007095694541931
6j2u__B1_Q93HL2--6j2u__A1_Q93HL1,14,3,0,2,0.9279856182012944,93.125,True,0.925065815448761
6j2u__B1_Q93HL2--6j2u__A1_Q93HL1,15,4,2,2,0.9324712656762328,93.0625,True,0.8820910453796387
6j2u__B1_Q93HL2--6j2u__A1_Q93HL1,16,2,2,2,0.9312336493612776,92.9375,True,0.904789924621582
6j2u__B1_Q93HL2--6j2u__A1_Q93HL1,17,2,3,2,0.9326274412805322,92.875,True,0.9010202288627625
6j2u__B1_Q93HL2--6j2u__A1_Q93HL1,18,2,1,2,0.9315170495076566,92.8125,True,0.8949636816978455
6j2u__B1_Q93HL2--6j2u__A1_Q93HL1,19,2,0,2,0.9325568734991664,92.75,True,0.8880083560943604
6j2u__B1_Q93HL2--6j2u__A1_Q93HL1,20,4,0,2,0.9249829135752916,92.625,True,0.880524754524231
6j4p__A1_Q86V25--6j4p__B1_Q8N300,1,1,0,4,0.7339031598225639,91.8125,True,0.9296035766601562
6j4p__A1_Q86V25--6j4p__B1_Q8N300,2,1,2,4,0.7163390980466021,91.625,True,0.8979273438453674
6j4p__A1_Q86V25--6j4p__B1_Q8N300,3,4,0,4,0.7423890380812779,91.5,True,0.9132080078125
6j4p__A1_Q86V25--6j4p__B1_Q8N300,4,1,1,4,0.7229078733258886,91.5,True,0.8983846306800842
6j4p__A1_Q86V25--6j4p__B1_Q8N300,5,4,1,4,0.7417572640258001,91.5,True,0.9148890972137451
6j4p__A1_Q86V25--6j4p__B1_Q8N300,6,4,3,4,0.742386198280227,91.5,True,0.9148890972137451
6j4p__A1_Q86V25--6j4p__B1_Q8N300,7,3,3,4,0.739110509733897,91.375,True,0.9231133460998535
6j4p__A1_Q86V25--6j4p__B1_Q8N300,8,1,3,4,0.7197318412362326,91.375,True,0.8925576210021973
6j4p__A1_Q86V25--6j4p__B1_Q8N300,9,4,2,4,0.7398319292464736,91.375,True,0.9148890972137451
6j4p__A1_Q86V25--6j4p__B1_Q8N300,10,5,1,4,0.7326546843361372,91.3125,True,0.928065299987793
6j4p__A1_Q86V25--6j4p__B1_Q8N300,11,5,2,4,0.7106858312774489,91.25,True,0.8982076048851013
6j4p__A1_Q86V25--6j4p__B1_Q8N300,12,3,0,4,0.737263609888093,91.25,True,0.924221932888031
6j4p__A1_Q86V25--6j4p__B1_Q8N300,13,5,0,4,0.7307696124279959,91.1875,True,0.928065299987793
6j4p__A1_Q86V25--6j4p__B1_Q8N300,14,5,3,4,0.7311376662794217,91.1875,True,0.928065299987793
6j4p__A1_Q86V25--6j4p__B1_Q8N300,15,3,1,4,0.737771079155304,91.0625,True,0.9231133460998535
6j4p__A1_Q86V25--6j4p__B1_Q8N300,16,3,2,4,0.7394722195626664,91.0,True,0.9231133460998535
6j4p__A1_Q86V25--6j4p__B1_Q8N300,17,2,0,4,0.7290187431589829,91.0,True,0.8989622592926025
6j4p__A1_Q86V25--6j4p__B1_Q8N300,18,2,1,4,0.7362163043476798,90.75,True,0.8879391551017761
6j4p__A1_Q86V25--6j4p__B1_Q8N300,19,2,3,4,0.7263637134022255,90.6875,True,0.9245806932449341
6j4p__A1_Q86V25--6j4p__B1_Q8N300,20,2,2,4,0.7269347949651078,90.625,True,0.8907668590545654
6j7m__A1_Q9HZZ1--6j7m__C1_Q9HZZ2,1,1,2,0,0.3299399393566154,81.0625,True,0.9635623693466187
6j7m__A1_Q9HZZ1--6j7m__C1_Q9HZZ2,2,1,0,0,0.3339746608509506,79.9375,True,0.9626933932304382
6j7m__A1_Q9HZZ1--6j7m__C1_Q9HZZ2,3,1,3,0,0.3322335723292244,78.9375,True,0.9720410108566284
6j7m__A1_Q9HZZ1--6j7m__C1_Q9HZZ2,4,5,0,0,0.3237327538004391,78.4375,True,0.9241021871566772
6j7m__A1_Q9HZZ1--6j7m__C1_Q9HZZ2,5,3,0,0,0.5795710730921008,76.5625,True,0.9662511348724365
6j7m__A1_Q9HZZ1--6j7m__C1_Q9HZZ2,6,1,1,0,0.3858349819534363,75.9375,True,0.9909642934799194
6j7m__A1_Q9HZZ1--6j7m__C1_Q9HZZ2,7,5,2,0,0.3469429507742447,75.875,True,0.9902004599571228
6j7m__A1_Q9HZZ1--6j7m__C1_Q9HZZ2,8,3,2,0,0.6206303640737313,74.75,True,0.9951800107955933
6j7m__A1_Q9HZZ1--6j7m__C1_Q9HZZ2,9,4,2,0,0.6565300593850268,72.375,True,0.9982606768608093
6j7m__A1_Q9HZZ1--6j7m__C1_Q9HZZ2,10,5,3,0,0.3308423810559275,71.0,True,0.9897916316986084
6j7m__A1_Q9HZZ1--6j7m__C1_Q9HZZ2,11,4,0,0,0.676368213557936,70.75,True,0.9855131506919861
6j7m__A1_Q9HZZ1--6j7m__C1_Q9HZZ2,12,5,1,0,0.3653492236382941,68.0625,True,0.9880479574203491
6j7m__A1_Q9HZZ1--6j7m__C1_Q9HZZ2,13,3,1,0,0.6562983672467623,67.625,True,0.9657043218612671
6j7m__A1_Q9HZZ1--6j7m__C1_Q9HZZ2,14,2,2,0,0.5258086613205368,66.5,True,0.812707245349884
6j7m__A1_Q9HZZ1--6j7m__C1_Q9HZZ2,15,4,3,0,0.689590184705315,64.6875,True,0.9650750756263733
6j7m__A1_Q9HZZ1--6j7m__C1_Q9HZZ2,16,2,1,0,0.3824289016401919,64.0625,True,0.9878262877464294
6j7m__A1_Q9HZZ1--6j7m__C1_Q9HZZ2,17,2,3,0,0.4996790691300981,63.96875,True,0.9486452341079712
6j7m__A1_Q9HZZ1--6j7m__C1_Q9HZZ2,18,4,1,0,0.6679202568122795,62.90625,True,0.9932044744491577
6j7m__A1_Q9HZZ1--6j7m__C1_Q9HZZ2,19,3,3,0,0.594623625623618,62.125,True,0.9965676069259644
6j7m__A1_Q9HZZ1--6j7m__C1_Q9HZZ2,20,2,0,0,0.3781328762515868,62.125,True,0.7991282939910889
6jh0__D1_UNDEFINED--6jh0__A1_P03502,1,5,1,4,0.2868185929111327,54.9375,True,0.6418012380599976
6jh0__D1_UNDEFINED--6jh0__A1_P03502,2,5,2,4,0.0317270049239623,49.78125,False,0.021619493141770363
6jh0__D1_UNDEFINED--6jh0__A1_P03502,3,4,3,4,0.0312654614339092,46.15625,False,0.01822173409163952
6jh0__D1_UNDEFINED--6jh0__A1_P03502,4,3,2,4,0.1540090453503059,44.78125,False,0.08127664774656296
6jh0__D1_UNDEFINED--6jh0__A1_P03502,5,3,0,4,0.172870873978848,40.5625,False,0.19117471575737
6jh0__D1_UNDEFINED--6jh0__A1_P03502,6,4,1,4,0.0328938032620206,38.84375,False,0.0002558765991125256
6jh0__D1_UNDEFINED--6jh0__A1_P03502,7,5,0,4,0.0333663779677991,36.78125,False,0.0010614929487928748
6jh0__D1_UNDEFINED--6jh0__A1_P03502,8,4,2,4,0.2015384215808579,34.65625,False,0.5286345481872559
6jh0__D1_UNDEFINED--6jh0__A1_P03502,9,1,1,4,0.117975693281271,31.828125,False,0.006659307051450014
6jh0__D1_UNDEFINED--6jh0__A1_P03502,10,2,1,4,0.2349279190231376,31.46875,True,0.8645522594451904
6jh0__D1_UNDEFINED--6jh0__A1_P03502,11,2,2,4,0.0330207587377354,30.984375,False,0.00048345260438509285
6jh0__D1_UNDEFINED--6jh0__A1_P03502,12,3,1,4,0.034640031466794,30.578125,False,0.006804259959608316
6jh0__D1_UNDEFINED--6jh0__A1_P03502,13,5,3,4,0.032651754827587,29.421875,False,7.424830255331472e-05
6jh0__D1_UNDEFINED--6jh0__A1_P03502,14,2,3,4,0.0345940711137169,28.65625,False,0.01742272824048996
6jh0__D1_UNDEFINED--6jh0__A1_P03502,15,4,0,4,0.1981011217020413,27.828125,False,0.3451264202594757
6jh0__D1_UNDEFINED--6jh0__A1_P03502,16,1,2,4,0.1330033320886161,27.265625,False,0.01380056794732809
6jh0__D1_UNDEFINED--6jh0__A1_P03502,17,2,0,4,0.0465738513686277,27.09375,False,0.059564050287008286
6jh0__D1_UNDEFINED--6jh0__A1_P03502,18,1,3,4,0.1272361220600932,25.828125,False,0.044032055884599686
6jh0__D1_UNDEFINED--6jh0__A1_P03502,19,1,0,4,0.0486788355907495,25.234375,False,0.025891803205013275
6jh0__D1_UNDEFINED--6jh0__A1_P03502,20,3,3,4,0.0934667761502363,18.65625,False,0.0823628231883049
6jtz__A1_P46063--6jtz__B1_P46063,1,2,2,3,0.0109543703480438,54.0,False,0.264484167098999
6jtz__A1_P46063--6jtz__B1_P46063,2,2,0,3,0.0106084044774822,50.84375,False,0.2189292311668396
6jtz__A1_P46063--6jtz__B1_P46063,3,4,3,3,0.4998503062141585,42.40625,True,0.45388439297676086
6jtz__A1_P46063--6jtz__B1_P46063,4,4,0,3,0.482409087941682,39.96875,True,0.7991566061973572
6jtz__A1_P46063--6jtz__B1_P46063,5,4,2,3,0.4871534368220787,34.59375,True,0.9505137801170349
6jtz__A1_P46063--6jtz__B1_P46063,6,4,1,3,0.4766069337362498,33.3125,True,0.9640645384788513
6jtz__A1_P46063--6jtz__B1_P46063,7,5,1,3,0.0344295874268464,24.46875,False,3.627355908975005e-05
6jtz__A1_P46063--6jtz__B1_P46063,8,5,0,3,0.0355073846017889,24.28125,False,4.605477897712262e-06
6jtz__A1_P46063--6jtz__B1_P46063,9,5,3,3,0.0333044550909169,24.1875,False,6.043972007319098e-07
6jtz__A1_P46063--6jtz__B1_P46063,10,5,2,3,0.0355534621237207,24.046875,False,0.0008234853157773614
6jtz__A1_P46063--6jtz__B1_P46063,11,1,2,3,0.0315882943172876,22.25,False,2.330183815502096e-05
6jtz__A1_P46063--6jtz__B1_P46063,12,1,1,3,0.0314624466498928,22.171875,False,1.021111529553309e-05
6jtz__A1_P46063--6jtz__B1_P46063,13,1,3,3,0.0307963865233833,22.046875,False,1.0244395525660366e-05
6jtz__A1_P46063--6jtz__B1_P46063,14,1,0,3,0.0326510112083032,22.015625,False,8.517054993717466e-06
6jtz__A1_P46063--6jtz__B1_P46063,15,2,1,3,0.063174892815036,21.96875,False,0.3643380403518677
6jtz__A1_P46063--6jtz__B1_P46063,16,2,3,3,0.0540761063450711,21.390625,False,0.8646742701530457
6jtz__A1_P46063--6jtz__B1_P46063,17,3,2,3,0.1305655828630151,21.234375,False,0.02166205644607544
6jtz__A1_P46063--6jtz__B1_P46063,18,3,0,3,0.1772258414144118,20.984375,False,0.17739740014076233
6jtz__A1_P46063--6jtz__B1_P46063,19,3,1,3,0.1098909683717456,20.71875,False,0.0038527308497577906
6jtz__A1_P46063--6jtz__B1_P46063,20,3,3,3,0.1053199807787516,20.71875,False,0.0030428795143961906
6jzf__A1_Q8VY16--6jzf__B1_Q8VY16,1,4,0,0,0.0132469169442363,78.875,False,0.6707598567008972
6jzf__A1_Q8VY16--6jzf__B1_Q8VY16,2,4,3,0,0.01321652373882,78.375,False,0.2601968050003052
6jzf__A1_Q8VY16--6jzf__B1_Q8VY16,3,4,2,0,0.0132624265762041,78.1875,False,0.3509311079978943
6jzf__A1_Q8VY16--6jzf__B1_Q8VY16,4,4,1,0,0.0132316758832309,77.5625,False,0.6948794722557068
6jzf__A1_Q8VY16--6jzf__B1_Q8VY16,5,3,1,0,0.0130004057245993,76.4375,False,0.42719557881355286
6jzf__A1_Q8VY16--6jzf__B1_Q8VY16,6,3,0,0,0.0128283302420754,76.1875,False,0.3285553455352783
6jzf__A1_Q8VY16--6jzf__B1_Q8VY16,7,5,0,0,0.0135847170391601,76.0625,False,0.2509375214576721
6jzf__A1_Q8VY16--6jzf__B1_Q8VY16,8,3,3,0,0.0126899503507766,75.25,False,0.4567930996417999
6jzf__A1_Q8VY16--6jzf__B1_Q8VY16,9,5,1,0,0.0136686964659389,74.5625,False,0.10697747766971588
6jzf__A1_Q8VY16--6jzf__B1_Q8VY16,10,3,2,0,0.0129659684001942,74.1875,False,0.3120822310447693
6jzf__A1_Q8VY16--6jzf__B1_Q8VY16,11,1,0,0,0.012674588613534,73.375,False,0.00597686693072319
6jzf__A1_Q8VY16--6jzf__B1_Q8VY16,12,1,1,0,0.0127121995666796,72.125,False,0.3434496819972992
6jzf__A1_Q8VY16--6jzf__B1_Q8VY16,13,2,3,0,0.0113208229811127,57.71875,False,0.7734519243240356
6jzf__A1_Q8VY16--6jzf__B1_Q8VY16,14,5,3,0,0.3845908003874713,56.9375,True,0.01440806407481432
6jzf__A1_Q8VY16--6jzf__B1_Q8VY16,15,1,2,0,0.009277580321219,40.6875,False,0.02249523065984249
6jzf__A1_Q8VY16--6jzf__B1_Q8VY16,16,2,2,0,0.0087283609536199,40.5,False,0.0504155308008194
6jzf__A1_Q8VY16--6jzf__B1_Q8VY16,17,2,0,0,0.0094403659589411,39.40625,False,0.1859123855829239
6jzf__A1_Q8VY16--6jzf__B1_Q8VY16,18,2,1,0,0.0086691277169006,38.8125,False,0.08552024513483047
6jzf__A1_Q8VY16--6jzf__B1_Q8VY16,19,1,3,0,0.0110077158953617,33.71875,False,0.25925150513648987
6jzf__A1_Q8VY16--6jzf__B1_Q8VY16,20,5,2,0,0.0409389544009038,17.28125,False,0.04429027438163757
6k3b__A1_Q5ZTL4--6k3b__B1_Q5ZTL2,1,4,1,3,0.0163133287622567,28.09375,False,0.031059376895427704
6k3b__A1_Q5ZTL4--6k3b__B1_Q5ZTL2,2,1,2,3,0.012751061681791,26.78125,False,0.038307417184114456
6k3b__A1_Q5ZTL4--6k3b__B1_Q5ZTL2,3,4,0,3,0.026310760550133,25.984375,False,0.00717556057497859
6k3b__A1_Q5ZTL4--6k3b__B1_Q5ZTL2,4,1,0,3,0.0124761531630576,25.96875,False,0.01764925755560398
6k3b__A1_Q5ZTL4--6k3b__B1_Q5ZTL2,5,1,3,3,0.0179294266243535,23.828125,False,0.0106372544541955
6k3b__A1_Q5ZTL4--6k3b__B1_Q5ZTL2,6,2,0,3,0.0291970611743457,23.296875,False,0.08258938044309616
6k3b__A1_Q5ZTL4--6k3b__B1_Q5ZTL2,7,3,0,3,0.0708284133450186,22.640625,False,0.03261371701955795
6k3b__A1_Q5ZTL4--6k3b__B1_Q5ZTL2,8,2,3,3,0.0395271144971371,22.578125,False,0.019154991954565048
6k3b__A1_Q5ZTL4--6k3b__B1_Q5ZTL2,9,2,2,3,0.023955476742821,22.09375,False,0.04741024598479271
6k3b__A1_Q5ZTL4--6k3b__B1_Q5ZTL2,10,5,2,3,0.0127953901273321,22.0625,False,0.049728140234947205
6k3b__A1_Q5ZTL4--6k3b__B1_Q5ZTL2,11,2,1,3,0.0704517368721931,22.03125,False,0.03373486176133156
6k3b__A1_Q5ZTL4--6k3b__B1_Q5ZTL2,12,5,0,3,0.0224557412840534,21.46875,False,0.019312947988510132
6k3b__A1_Q5ZTL4--6k3b__B1_Q5ZTL2,13,4,3,3,0.0149175421641974,21.25,False,0.017757004126906395
6k3b__A1_Q5ZTL4--6k3b__B1_Q5ZTL2,14,1,1,3,0.0387950074376318,21.171875,False,0.011553732678294182
6k3b__A1_Q5ZTL4--6k3b__B1_Q5ZTL2,15,4,2,3,0.0265860256210591,20.75,False,0.052682824432849884
6k3b__A1_Q5ZTL4--6k3b__B1_Q5ZTL2,16,3,3,3,0.0244089533331131,20.703125,False,0.016239693388342857
6k3b__A1_Q5ZTL4--6k3b__B1_Q5ZTL2,17,5,3,3,0.0346539493931616,20.421875,False,0.02718212641775608
6k3b__A1_Q5ZTL4--6k3b__B1_Q5ZTL2,18,5,1,3,0.054420321049387,20.328125,False,0.0004782473261002451
6k3b__A1_Q5ZTL4--6k3b__B1_Q5ZTL2,19,3,1,3,0.0115401309631229,15.984375,False,0.011204678565263748
6k3b__A1_Q5ZTL4--6k3b__B1_Q5ZTL2,20,3,2,3,0.014008483728316,15.46875,False,0.03326808288693428
6k7c__A1_D4ZE39--6k7c__B1_D4ZE39,1,3,3,2,0.0387054167633417,64.125,False,0.00034158004564233124
6k7c__A1_D4ZE39--6k7c__B1_D4ZE39,2,3,0,2,0.0428430025804001,62.5,False,0.0053285700269043446
6k7c__A1_D4ZE39--6k7c__B1_D4ZE39,3,3,1,2,0.0430048256191702,61.8125,False,0.0014626962365582585
6k7c__A1_D4ZE39--6k7c__B1_D4ZE39,4,3,2,2,0.0387557197771399,61.65625,False,0.020043324679136276
6k7c__A1_D4ZE39--6k7c__B1_D4ZE39,5,5,0,2,0.0475377230508599,54.15625,False,0.10220669209957123
6k7c__A1_D4ZE39--6k7c__B1_D4ZE39,6,5,3,2,0.0472163536262569,53.53125,False,0.10220669209957123
6k7c__A1_D4ZE39--6k7c__B1_D4ZE39,7,5,1,2,0.0473138031906511,51.8125,False,0.10220669209957123
6k7c__A1_D4ZE39--6k7c__B1_D4ZE39,8,5,2,2,0.0473020119536468,50.75,False,0.027285130694508553
6k7c__A1_D4ZE39--6k7c__B1_D4ZE39,9,2,1,2,0.055849797259864,41.09375,False,0.9812988638877869
6k7c__A1_D4ZE39--6k7c__B1_D4ZE39,10,2,0,2,0.056380162551728,40.125,False,0.9792708158493042
6k7c__A1_D4ZE39--6k7c__B1_D4ZE39,11,2,2,2,0.057416021672513,37.40625,False,0.975002110004425
6k7c__A1_D4ZE39--6k7c__B1_D4ZE39,12,2,3,2,0.0566842026531462,35.90625,False,0.9861568212509155
6k7c__A1_D4ZE39--6k7c__B1_D4ZE39,13,1,2,2,0.0552678292712508,29.484375,False,0.0240944791585207
6k7c__A1_D4ZE39--6k7c__B1_D4ZE39,14,1,1,2,0.0564895613701288,26.6875,False,0.9014630913734436
6k7c__A1_D4ZE39--6k7c__B1_D4ZE39,15,1,0,2,0.0615271023144989,26.3125,False,0.9884377121925354
6k7c__A1_D4ZE39--6k7c__B1_D4ZE39,16,1,3,2,0.0632352575715884,25.71875,False,0.4205494821071625
6k7c__A1_D4ZE39--6k7c__B1_D4ZE39,17,4,1,2,0.061110570784564,25.15625,False,0.0842408761382103
6k7c__A1_D4ZE39--6k7c__B1_D4ZE39,18,4,3,2,0.0601680040826052,25.046875,False,0.07413852214813232
6k7c__A1_D4ZE39--6k7c__B1_D4ZE39,19,4,0,2,0.0619808699444431,25.0,False,0.05561092495918274
6k7c__A1_D4ZE39--6k7c__B1_D4ZE39,20,4,2,2,0.0629474256715538,24.875,False,0.035054538398981094
6k8i__B1_Q96524--6k8i__A1_Q96524,1,3,0,0,0.0051372049974856,60.875,False,1.0
6k8i__B1_Q96524--6k8i__A1_Q96524,2,5,0,0,0.0050676018613248,59.0625,False,1.0
6k8i__B1_Q96524--6k8i__A1_Q96524,3,5,3,0,0.0049637597045195,58.875,False,1.0
6k8i__B1_Q96524--6k8i__A1_Q96524,4,2,1,0,0.0050095696730389,58.21875,False,1.0
6k8i__B1_Q96524--6k8i__A1_Q96524,5,5,1,0,0.0049960465444232,57.6875,False,1.0
6k8i__B1_Q96524--6k8i__A1_Q96524,6,2,0,0,0.0056321145739542,55.3125,False,1.0
6k8i__B1_Q96524--6k8i__A1_Q96524,7,1,0,0,0.0059690737184145,55.0,False,1.0
6k8i__B1_Q96524--6k8i__A1_Q96524,8,2,2,0,0.0057074917744901,54.78125,False,1.0
6k8i__B1_Q96524--6k8i__A1_Q96524,9,2,3,0,0.0054060499889756,54.53125,False,1.0
6k8i__B1_Q96524--6k8i__A1_Q96524,10,3,1,0,0.0052923747995492,53.15625,False,1.0
6k8i__B1_Q96524--6k8i__A1_Q96524,11,1,3,0,0.0058790871027801,52.8125,False,1.0
6k8i__B1_Q96524--6k8i__A1_Q96524,12,1,2,0,0.0055482068724988,52.78125,False,1.0
6k8i__B1_Q96524--6k8i__A1_Q96524,13,3,3,0,0.005248770819636,52.4375,False,1.0
6k8i__B1_Q96524--6k8i__A1_Q96524,14,1,1,0,0.0057603400600724,51.8125,False,1.0
6k8i__B1_Q96524--6k8i__A1_Q96524,15,4,2,0,0.0052584570960492,50.34375,False,0.9999997615814209
6k8i__B1_Q96524--6k8i__A1_Q96524,16,4,3,0,0.0055877968000223,49.3125,False,1.0
6k8i__B1_Q96524--6k8i__A1_Q96524,17,4,1,0,0.0055021008859495,49.28125,False,1.0
6k8i__B1_Q96524--6k8i__A1_Q96524,18,3,2,0,0.0053275651575385,49.1875,False,1.0
6k8i__B1_Q96524--6k8i__A1_Q96524,19,5,2,0,0.688888967198102,48.65625,True,0.042428504675626755
6k8i__B1_Q96524--6k8i__A1_Q96524,20,4,0,0,0.005430491209902,47.8125,False,1.0
6kbe__A1_B9G207--6kbe__B1_P0CG48,1,4,2,3,0.3460214804366961,86.5625,True,0.37942495942115784
6kbe__A1_B9G207--6kbe__B1_P0CG48,2,4,3,3,0.5301916167810394,84.5,True,0.9964203834533691
6kbe__A1_B9G207--6kbe__B1_P0CG48,3,4,0,3,0.477675724137621,84.4375,True,0.9752966165542603
6kbe__A1_B9G207--6kbe__B1_P0CG48,4,4,1,3,0.55340853326663,84.25,True,0.9998643398284912
6kbe__A1_B9G207--6kbe__B1_P0CG48,5,2,2,3,0.4855222291940075,84.125,True,0.9815841317176819
6kbe__A1_B9G207--6kbe__B1_P0CG48,6,1,1,3,0.5624620945681382,82.5625,True,0.9747944474220276
6kbe__A1_B9G207--6kbe__B1_P0CG48,7,1,2,3,0.5679881422973216,81.875,True,0.9883314967155457
6kbe__A1_B9G207--6kbe__B1_P0CG48,8,5,0,3,0.5253721029576258,81.375,True,0.40102556347846985
6kbe__A1_B9G207--6kbe__B1_P0CG48,9,5,2,3,0.5085293221595608,81.1875,True,0.7135401964187622
6kbe__A1_B9G207--6kbe__B1_P0CG48,10,5,3,3,0.539539066739109,81.0625,True,0.9885071516036987
6kbe__A1_B9G207--6kbe__B1_P0CG48,11,2,0,3,0.5099345641553611,81.0,True,0.8846663236618042
6kbe__A1_B9G207--6kbe__B1_P0CG48,12,1,0,3,0.5403157070565721,81.0,True,0.9801623821258545
6kbe__A1_B9G207--6kbe__B1_P0CG48,13,5,1,3,0.489823251432163,80.25,True,0.1473424732685089
6kbe__A1_B9G207--6kbe__B1_P0CG48,14,3,1,3,0.6358132292176103,80.1875,True,0.8794000148773193
6kbe__A1_B9G207--6kbe__B1_P0CG48,15,3,3,3,0.5384742681987822,79.875,True,0.179000586271286
6kbe__A1_B9G207--6kbe__B1_P0CG48,16,3,0,3,0.6553220166955837,79.8125,True,0.8314102292060852
6kbe__A1_B9G207--6kbe__B1_P0CG48,17,1,3,3,0.570170703951154,79.625,True,0.9682270884513855
6kbe__A1_B9G207--6kbe__B1_P0CG48,18,3,2,3,0.5728250073829221,79.5,True,0.540729284286499
6kbe__A1_B9G207--6kbe__B1_P0CG48,19,2,1,3,0.5364608085106123,77.5625,True,0.9942102432250977
6kbe__A1_B9G207--6kbe__B1_P0CG48,20,2,3,3,0.4825908679276132,73.6875,True,0.998406708240509
6ki2__A1_Q55415--6ki2__B1_Q55415,1,3,1,0,0.1893061994705863,71.375,False,0.9997139573097229
6ki2__A1_Q55415--6ki2__B1_Q55415,2,3,0,0,0.1878608848023439,70.6875,False,0.9996755123138428
6ki2__A1_Q55415--6ki2__B1_Q55415,3,5,3,0,0.1872156854399209,69.8125,False,0.9992019534111023
6ki2__A1_Q55415--6ki2__B1_Q55415,4,4,1,0,0.1817373805456518,68.8125,False,0.9999765157699585
6ki2__A1_Q55415--6ki2__B1_Q55415,5,4,0,0,0.1920595123312362,68.375,False,0.9941368103027344
6ki2__A1_Q55415--6ki2__B1_Q55415,6,4,2,0,0.1857872498529259,68.1875,False,0.9989458918571472
6ki2__A1_Q55415--6ki2__B1_Q55415,7,5,1,0,0.1883834922236412,67.8125,False,0.9998753070831299
6ki2__A1_Q55415--6ki2__B1_Q55415,8,3,3,0,0.1936175713623723,67.0625,False,0.9695678353309631
6ki2__A1_Q55415--6ki2__B1_Q55415,9,4,3,0,0.1926507365323602,67.0,False,0.993878960609436
6ki2__A1_Q55415--6ki2__B1_Q55415,10,1,2,0,0.1920395624404658,66.8125,False,0.9338749051094055
6ki2__A1_Q55415--6ki2__B1_Q55415,11,3,2,0,0.1927635170769011,66.5,False,0.9902808666229248
6ki2__A1_Q55415--6ki2__B1_Q55415,12,1,3,0,0.1949305311837062,66.125,False,0.9907785654067993
6ki2__A1_Q55415--6ki2__B1_Q55415,13,5,0,0,0.1867039175755321,66.125,False,0.9999594688415527
6ki2__A1_Q55415--6ki2__B1_Q55415,14,5,2,0,0.1855969516638571,65.9375,False,0.9996380805969238
6ki2__A1_Q55415--6ki2__B1_Q55415,15,1,0,0,0.1948238820335779,63.34375,False,0.9128526449203491
6ki2__A1_Q55415--6ki2__B1_Q55415,16,1,1,0,0.1938878217790897,61.78125,False,0.9232971668243408
6ki2__A1_Q55415--6ki2__B1_Q55415,17,2,1,0,0.1822600317481732,51.96875,False,0.9363064169883728
6ki2__A1_Q55415--6ki2__B1_Q55415,18,2,0,0,0.188670710791578,50.59375,False,0.011657965369522572
6ki2__A1_Q55415--6ki2__B1_Q55415,19,2,2,0,0.1834327183570515,47.21875,False,0.8796830177307129
6ki2__A1_Q55415--6ki2__B1_Q55415,20,2,3,0,0.1860803917660728,44.03125,False,0.9889615178108215
6koi__B1_Q9Y5W9--6koi__A1_Q9Y5W9,1,5,1,0,0.0097063327220924,27.84375,False,0.7394904494285583
6koi__B1_Q9Y5W9--6koi__A1_Q9Y5W9,2,2,2,0,0.0121263343014858,25.625,False,0.10917221754789352
6koi__B1_Q9Y5W9--6koi__A1_Q9Y5W9,3,2,3,0,0.011733664683594,25.546875,False,0.09169536083936691
6koi__B1_Q9Y5W9--6koi__A1_Q9Y5W9,4,5,2,0,0.0097996869655591,25.15625,False,0.22068250179290771
6koi__B1_Q9Y5W9--6koi__A1_Q9Y5W9,5,5,0,0,0.0099502343860331,25.046875,False,0.03208533301949501
6koi__B1_Q9Y5W9--6koi__A1_Q9Y5W9,6,5,3,0,0.0099218762057825,24.953125,False,0.049882061779499054
6koi__B1_Q9Y5W9--6koi__A1_Q9Y5W9,7,2,0,0,0.012167075692587,24.0625,False,0.07605654746294022
6koi__B1_Q9Y5W9--6koi__A1_Q9Y5W9,8,2,1,0,0.012458918493811,24.046875,False,0.13809333741664886
6koi__B1_Q9Y5W9--6koi__A1_Q9Y5W9,9,1,1,0,0.0101787514612177,23.671875,False,0.4269438087940216
6koi__B1_Q9Y5W9--6koi__A1_Q9Y5W9,10,1,0,0,0.010057542522697,23.328125,False,0.4464769959449768
6koi__B1_Q9Y5W9--6koi__A1_Q9Y5W9,11,1,2,0,0.0102634993451182,22.84375,False,0.6016764640808105
6koi__B1_Q9Y5W9--6koi__A1_Q9Y5W9,12,1,3,0,0.0102531433298439,22.625,False,0.3750171363353729
6koi__B1_Q9Y5W9--6koi__A1_Q9Y5W9,13,3,0,0,0.0104523395004002,22.046875,False,0.09335482865571976
6koi__B1_Q9Y5W9--6koi__A1_Q9Y5W9,14,3,2,0,0.0100942860760026,20.65625,False,0.09238654375076294
6koi__B1_Q9Y5W9--6koi__A1_Q9Y5W9,15,4,0,0,0.0129408833543152,19.734375,False,0.1543705314397812
6koi__B1_Q9Y5W9--6koi__A1_Q9Y5W9,16,3,1,0,0.0124203992949263,19.375,False,0.00567208044230938
6koi__B1_Q9Y5W9--6koi__A1_Q9Y5W9,17,3,3,0,0.0115803787877,18.71875,False,0.03856392949819565
6koi__B1_Q9Y5W9--6koi__A1_Q9Y5W9,18,4,1,0,0.0127025216177373,18.625,False,0.18232844769954681
6koi__B1_Q9Y5W9--6koi__A1_Q9Y5W9,19,4,2,0,0.012982946916734,18.609375,False,0.23451976478099823
6koi__B1_Q9Y5W9--6koi__A1_Q9Y5W9,20,4,3,0,0.0132651432821155,17.8125,False,0.229850172996521
6kos__A1_UNDEFINED--6kos__B1_UNDEFINED,1,1,2,4,0.2009791396183079,76.8125,False,5.705409193978994e-07
6kos__A1_UNDEFINED--6kos__B1_UNDEFINED,2,1,3,4,0.2018145799583574,76.0625,False,3.9000875062811247e-07
6kos__A1_UNDEFINED--6kos__B1_UNDEFINED,3,1,1,4,0.1969407519097443,71.1875,False,1.428886844223598e-05
6kos__A1_UNDEFINED--6kos__B1_UNDEFINED,4,2,1,4,0.2037592977142802,69.1875,False,8.118227583508997e-07
6kos__A1_UNDEFINED--6kos__B1_UNDEFINED,5,4,2,4,0.1961670163199574,68.9375,False,0.23809832334518433
6kos__A1_UNDEFINED--6kos__B1_UNDEFINED,6,2,2,4,0.2004408371342449,68.4375,False,0.10184814035892487
6kos__A1_UNDEFINED--6kos__B1_UNDEFINED,7,2,0,4,0.1997263580500713,67.625,False,0.30194076895713806
6kos__A1_UNDEFINED--6kos__B1_UNDEFINED,8,5,2,4,0.1992715559159603,58.53125,False,0.00036765195545740426
6kos__A1_UNDEFINED--6kos__B1_UNDEFINED,9,4,0,4,0.0777562635420146,57.0,False,0.3349711298942566
6kos__A1_UNDEFINED--6kos__B1_UNDEFINED,10,3,0,4,0.1868310047682239,56.9375,False,0.2349482625722885
6kos__A1_UNDEFINED--6kos__B1_UNDEFINED,11,3,1,4,0.2040071095273554,56.53125,False,0.30326616764068604
6kos__A1_UNDEFINED--6kos__B1_UNDEFINED,12,2,3,4,0.0780628247845732,55.25,False,0.48345857858657837
6kos__A1_UNDEFINED--6kos__B1_UNDEFINED,13,4,1,4,0.188260663406082,48.0,False,0.023465827107429504
6kos__A1_UNDEFINED--6kos__B1_UNDEFINED,14,3,2,4,0.092543184971587,46.625,False,0.3403243124485016
6kos__A1_UNDEFINED--6kos__B1_UNDEFINED,15,5,1,4,0.1516740682502291,45.375,False,0.060720331966876984
6kos__A1_UNDEFINED--6kos__B1_UNDEFINED,16,5,0,4,0.1466572456591627,44.9375,False,0.35990962386131287
6kos__A1_UNDEFINED--6kos__B1_UNDEFINED,17,3,3,4,0.1029872701977313,44.0,False,0.10763510316610336
6kos__A1_UNDEFINED--6kos__B1_UNDEFINED,18,5,3,4,0.1976650922557041,42.84375,False,0.11122746020555496
6kos__A1_UNDEFINED--6kos__B1_UNDEFINED,19,1,0,4,0.1716165303053621,41.28125,False,0.009504782035946846
6kos__A1_UNDEFINED--6kos__B1_UNDEFINED,20,4,3,4,0.1161818563260033,31.765625,False,0.14698179066181183
6kuc__A1_Q9Y006--6kuc__A2_Q9Y006,1,2,3,3,0.2161850273522383,84.125,False,0.04868750274181366
6kuc__A1_Q9Y006--6kuc__A2_Q9Y006,2,2,0,3,0.2268101095748053,84.125,False,0.13387741148471832
6kuc__A1_Q9Y006--6kuc__A2_Q9Y006,3,2,1,3,0.2176245385550379,83.5,False,0.08979561924934387
6kuc__A1_Q9Y006--6kuc__A2_Q9Y006,4,2,2,3,0.2188077563607553,83.0,False,0.060409512370824814
6kuc__A1_Q9Y006--6kuc__A2_Q9Y006,5,3,2,3,0.4590128952174335,79.25,True,0.9990118741989136
6kuc__A1_Q9Y006--6kuc__A2_Q9Y006,6,3,1,3,0.5335289189643144,78.3125,True,0.999940037727356
6kuc__A1_Q9Y006--6kuc__A2_Q9Y006,7,3,3,3,0.4249277024855564,78.25,True,0.9999990463256836
6kuc__A1_Q9Y006--6kuc__A2_Q9Y006,8,5,1,3,0.437861670012017,77.6875,True,0.9311776757240295
6kuc__A1_Q9Y006--6kuc__A2_Q9Y006,9,5,3,3,0.4436356968726295,77.25,True,0.9996711015701294
6kuc__A1_Q9Y006--6kuc__A2_Q9Y006,10,4,2,3,0.4247478929655957,77.25,True,0.999998927116394
6kuc__A1_Q9Y006--6kuc__A2_Q9Y006,11,4,0,3,0.4063336995888464,76.3125,True,0.9999990463256836
6kuc__A1_Q9Y006--6kuc__A2_Q9Y006,12,4,3,3,0.4285582864020019,76.0,True,0.9999971389770508
6kuc__A1_Q9Y006--6kuc__A2_Q9Y006,13,3,0,3,0.4239301820711202,75.9375,True,0.9988264441490173
6kuc__A1_Q9Y006--6kuc__A2_Q9Y006,14,1,2,3,0.4016494555771393,73.8125,True,0.9999992847442627
6kuc__A1_Q9Y006--6kuc__A2_Q9Y006,15,4,1,3,0.4111323890749759,73.75,True,0.9996422529220581
6kuc__A1_Q9Y006--6kuc__A2_Q9Y006,16,5,2,3,0.4533639740380771,72.625,True,0.9985633492469788
6kuc__A1_Q9Y006--6kuc__A2_Q9Y006,17,5,0,3,0.3627200308503773,71.3125,True,0.999848484992981
6kuc__A1_Q9Y006--6kuc__A2_Q9Y006,18,1,0,3,0.3333935979400215,61.28125,True,0.0355796255171299
6kuc__A1_Q9Y006--6kuc__A2_Q9Y006,19,1,1,3,0.2075835806089334,47.3125,False,0.13119783997535706
6kuc__A1_Q9Y006--6kuc__A2_Q9Y006,20,1,3,3,0.019989000283093,32.40625,False,0.007720239460468292
6kwz__A1_Q94707--6kwz__B2_Q94707,1,3,1,3,0.048976124523536,24.09375,False,0.004343404900282621
6kwz__A1_Q94707--6kwz__B2_Q94707,2,4,0,3,0.1058624981096644,20.359375,False,0.026213938370347023
6kwz__A1_Q94707--6kwz__B2_Q94707,3,3,2,3,0.0436721496626204,20.34375,False,0.011637029238045216
6kwz__A1_Q94707--6kwz__B2_Q94707,4,1,0,3,0.1234973860077166,20.234375,False,0.04561987519264221
6kwz__A1_Q94707--6kwz__B2_Q94707,5,5,1,3,0.5465266108416379,19.703125,True,0.0004476281173992902
6kwz__A1_Q94707--6kwz__B2_Q94707,6,4,3,3,0.0281251110508069,19.34375,False,0.016358792781829834
6kwz__A1_Q94707--6kwz__B2_Q94707,7,5,0,3,0.6171786607484671,18.859375,True,0.0011458740336820483
6kwz__A1_Q94707--6kwz__B2_Q94707,8,2,1,3,0.0242431261752694,18.53125,False,0.05503879487514496
6kwz__A1_Q94707--6kwz__B2_Q94707,9,5,3,3,0.4999735878909866,18.171875,True,0.03773665428161621
6kwz__A1_Q94707--6kwz__B2_Q94707,10,2,2,3,0.0240188551397849,17.9375,False,0.05144060030579567
6kwz__A1_Q94707--6kwz__B2_Q94707,11,5,2,3,0.7059051430967251,17.625,True,0.011102933436632156
6kwz__A1_Q94707--6kwz__B2_Q94707,12,4,2,3,0.0581977353291672,16.90625,False,0.05724220722913742
6kwz__A1_Q94707--6kwz__B2_Q94707,13,1,2,3,0.0883092369770398,16.5625,False,0.029718611389398575
6kwz__A1_Q94707--6kwz__B2_Q94707,14,1,3,3,0.06646226869776,16.546875,False,0.02554427459836006
6kwz__A1_Q94707--6kwz__B2_Q94707,15,3,0,3,0.0285646852984089,16.40625,False,0.025327250361442566
6kwz__A1_Q94707--6kwz__B2_Q94707,16,2,0,3,0.0287351752471947,16.15625,False,0.06905966252088547
6kwz__A1_Q94707--6kwz__B2_Q94707,17,3,3,3,0.0726836234690891,15.9765625,False,0.016898270696401596
6kwz__A1_Q94707--6kwz__B2_Q94707,18,2,3,3,0.0431206392685652,15.96875,False,0.05241480469703674
6kwz__A1_Q94707--6kwz__B2_Q94707,19,1,1,3,0.0291588452585739,15.6796875,False,0.015937531366944313
6kwz__A1_Q94707--6kwz__B2_Q94707,20,4,1,3,0.1018362439592741,14.890625,False,0.010671724565327168
6l4p__A1_Q9XHH2--6l4p__B1_Q39575,1,4,2,3,0.8920009563717303,93.4375,True,0.8380609750747681
6l4p__A1_Q9XHH2--6l4p__B1_Q39575,2,2,2,3,0.918145210833675,93.4375,True,0.8507476449012756
6l4p__A1_Q9XHH2--6l4p__B1_Q39575,3,4,3,3,0.9261501083367484,93.375,True,0.9466877579689026
6l4p__A1_Q9XHH2--6l4p__B1_Q39575,4,2,1,3,0.9232780473030888,93.375,True,0.8945987820625305
6l4p__A1_Q9XHH2--6l4p__B1_Q39575,5,1,3,3,0.9316915768519048,93.375,True,0.9651675224304199
6l4p__A1_Q9XHH2--6l4p__B1_Q39575,6,2,3,3,0.9284103093460312,93.3125,True,0.9466512203216553
6l4p__A1_Q9XHH2--6l4p__B1_Q39575,7,4,1,3,0.9124729874304712,93.3125,True,0.8683815002441406
6l4p__A1_Q9XHH2--6l4p__B1_Q39575,8,5,2,3,0.9245562477913888,93.125,True,0.9064184427261353
6l4p__A1_Q9XHH2--6l4p__B1_Q39575,9,5,3,3,0.8921230747037555,93.0625,True,0.8400911688804626
6l4p__A1_Q9XHH2--6l4p__B1_Q39575,10,5,1,3,0.8907783265783586,93.0625,True,0.8266968131065369
6l4p__A1_Q9XHH2--6l4p__B1_Q39575,11,1,2,3,0.9288090631224788,93.0,True,0.9453637599945068
6l4p__A1_Q9XHH2--6l4p__B1_Q39575,12,3,3,3,0.8977402211787912,93.0,True,0.835781455039978
6l4p__A1_Q9XHH2--6l4p__B1_Q39575,13,1,1,3,0.928575305712815,93.0,True,0.9457683563232422
6l4p__A1_Q9XHH2--6l4p__B1_Q39575,14,3,2,3,0.9203172160289056,92.9375,True,0.9298650026321411
6l4p__A1_Q9XHH2--6l4p__B1_Q39575,15,5,0,3,0.9188714399395432,92.9375,True,0.9393105506896973
6l4p__A1_Q9XHH2--6l4p__B1_Q39575,16,4,0,3,0.8889374398643334,92.9375,True,0.8395689725875854
6l4p__A1_Q9XHH2--6l4p__B1_Q39575,17,3,1,3,0.9224495038239168,92.75,True,0.8915795683860779
6l4p__A1_Q9XHH2--6l4p__B1_Q39575,18,3,0,3,0.8889003309783741,92.25,True,0.8174339532852173
6l4p__A1_Q9XHH2--6l4p__B1_Q39575,19,2,0,3,0.821775087541882,91.6875,True,0.8206457495689392
6l4p__A1_Q9XHH2--6l4p__B1_Q39575,20,1,0,3,0.8710047676354707,91.0625,True,0.7709968686103821
6lh6__A1_A0A1S2XQ25--6lh6__B1_A0A1S2XQ25,1,4,0,1,0.0308704674167178,49.34375,False,0.0007385379867628217
6lh6__A1_A0A1S2XQ25--6lh6__B1_A0A1S2XQ25,2,4,2,1,0.0303022037213293,46.40625,False,0.1297927349805832
6lh6__A1_A0A1S2XQ25--6lh6__B1_A0A1S2XQ25,3,4,1,1,0.0314250830668624,45.9375,False,0.18827246129512787
6lh6__A1_A0A1S2XQ25--6lh6__B1_A0A1S2XQ25,4,1,2,1,0.0313525193437394,45.875,False,0.9176076054573059
6lh6__A1_A0A1S2XQ25--6lh6__B1_A0A1S2XQ25,5,4,3,1,0.0320546958497738,45.03125,False,2.2328865156850952e-07
6lh6__A1_A0A1S2XQ25--6lh6__B1_A0A1S2XQ25,6,2,2,1,0.0321200292315573,43.125,False,1.907886144181248e-06
6lh6__A1_A0A1S2XQ25--6lh6__B1_A0A1S2XQ25,7,1,3,1,0.0325304680892046,41.53125,False,0.01244146004319191
6lh6__A1_A0A1S2XQ25--6lh6__B1_A0A1S2XQ25,8,2,0,1,0.0317085736344122,41.25,False,4.894376388620003e-07
6lh6__A1_A0A1S2XQ25--6lh6__B1_A0A1S2XQ25,9,2,3,1,0.0314284663880821,39.875,False,1.1718891812506627e-07
6lh6__A1_A0A1S2XQ25--6lh6__B1_A0A1S2XQ25,10,2,1,1,0.0318153567202379,39.34375,False,5.166440928405791e-07
6lh6__A1_A0A1S2XQ25--6lh6__B1_A0A1S2XQ25,11,3,0,1,0.0338432891177675,38.09375,False,8.132826224027667e-06
6lh6__A1_A0A1S2XQ25--6lh6__B1_A0A1S2XQ25,12,3,1,1,0.0312190361560578,37.84375,False,0.061388686299324036
6lh6__A1_A0A1S2XQ25--6lh6__B1_A0A1S2XQ25,13,3,2,1,0.0342939576049854,35.875,False,1.6991174561553635e-05
6lh6__A1_A0A1S2XQ25--6lh6__B1_A0A1S2XQ25,14,3,3,1,0.0340118548503965,35.84375,False,9.691123523225542e-06
6lh6__A1_A0A1S2XQ25--6lh6__B1_A0A1S2XQ25,15,1,1,1,0.0281441195032812,34.78125,False,0.9158445000648499
6lh6__A1_A0A1S2XQ25--6lh6__B1_A0A1S2XQ25,16,1,0,1,0.0308729254684238,29.9375,False,0.9322944283485413
6lh6__A1_A0A1S2XQ25--6lh6__B1_A0A1S2XQ25,17,5,0,1,0.1466452899693221,21.03125,False,0.04174864664673805
6lh6__A1_A0A1S2XQ25--6lh6__B1_A0A1S2XQ25,18,5,2,1,0.1030727074702583,20.328125,False,0.026702366769313812
6lh6__A1_A0A1S2XQ25--6lh6__B1_A0A1S2XQ25,19,5,1,1,0.0461940865874843,19.734375,False,0.001194681623019278
6lh6__A1_A0A1S2XQ25--6lh6__B1_A0A1S2XQ25,20,5,3,1,0.1585588178797944,19.4375,False,0.027558401226997375
6lqo__A1_P29882--6lqo__G1_P0CK49,1,3,3,2,0.7060468229102561,84.0625,True,2.256093694086303e-07
6lqo__A1_P29882--6lqo__G1_P0CK49,2,3,0,2,0.711143966380074,83.6875,True,1.5765101579745533e-07
6lqo__A1_P29882--6lqo__G1_P0CK49,3,4,3,2,0.7154373461996909,83.25,True,2.863486336934784e-08
6lqo__A1_P29882--6lqo__G1_P0CK49,4,5,3,2,0.7103148548838973,83.125,True,1.6054590901148913e-07
6lqo__A1_P29882--6lqo__G1_P0CK49,5,4,1,2,0.6978494687725972,83.125,True,3.465188314066836e-08
6lqo__A1_P29882--6lqo__G1_P0CK49,6,3,1,2,0.6881086066353465,82.8125,True,1.0248710680116346e-07
6lqo__A1_P29882--6lqo__G1_P0CK49,7,1,3,2,0.7064067573591615,82.6875,True,2.237749185951543e-07
6lqo__A1_P29882--6lqo__G1_P0CK49,8,5,0,2,0.7071664608744919,82.125,True,7.176633971539559e-07
6lqo__A1_P29882--6lqo__G1_P0CK49,9,5,1,2,0.3291005724131222,69.75,True,0.005062390118837357
6lqo__A1_P29882--6lqo__G1_P0CK49,10,3,2,2,0.0290751496701994,65.1875,False,0.9998289346694946
6lqo__A1_P29882--6lqo__G1_P0CK49,11,2,2,2,0.0324702413896105,44.0,False,0.9840604066848755
6lqo__A1_P29882--6lqo__G1_P0CK49,12,2,0,2,0.0337558861663689,43.65625,False,0.9811784625053406
6lqo__A1_P29882--6lqo__G1_P0CK49,13,4,2,2,0.0335517937900632,41.25,False,0.9996737241744995
6lqo__A1_P29882--6lqo__G1_P0CK49,14,2,3,2,0.0389334563927068,40.1875,False,0.9611063003540039
6lqo__A1_P29882--6lqo__G1_P0CK49,15,2,1,2,0.036766095129744,38.375,False,0.9979196190834045
6lqo__A1_P29882--6lqo__G1_P0CK49,16,1,0,2,0.0547214942360398,33.28125,False,0.020297382026910782
6lqo__A1_P29882--6lqo__G1_P0CK49,17,1,1,2,0.0382698750551366,32.0625,False,0.015014860779047012
6lqo__A1_P29882--6lqo__G1_P0CK49,18,1,2,2,0.0379495579501002,29.828125,False,0.07078997790813446
6lqo__A1_P29882--6lqo__G1_P0CK49,19,4,0,2,0.0496879505663288,29.625,False,0.2368248552083969
6lqo__A1_P29882--6lqo__G1_P0CK49,20,5,2,2,0.0277774002717205,25.328125,False,0.056036096066236496
6n85__A1_Q5E9J8--6n85__B1_P0AEX9,1,5,1,3,0.2286979573082637,83.75,False,0.04972803592681885
6n85__A1_Q5E9J8--6n85__B1_P0AEX9,2,5,2,3,0.224642601076256,83.4375,False,0.031113089993596077
6n85__A1_Q5E9J8--6n85__B1_P0AEX9,3,4,1,3,0.2219383435485213,82.625,False,0.4988069534301758
6n85__A1_Q5E9J8--6n85__B1_P0AEX9,4,5,0,3,0.2245591898393483,82.4375,False,0.017915045842528343
6n85__A1_Q5E9J8--6n85__B1_P0AEX9,5,4,0,3,0.2264975863243908,82.1875,False,0.20705901086330414
6n85__A1_Q5E9J8--6n85__B1_P0AEX9,6,3,0,3,0.2327810352877276,82.125,True,0.019239243119955063
6n85__A1_Q5E9J8--6n85__B1_P0AEX9,7,4,2,3,0.2217270312235043,82.125,False,0.9931981563568115
6n85__A1_Q5E9J8--6n85__B1_P0AEX9,8,5,3,3,0.2199493500800275,81.875,False,0.04873569682240486
6n85__A1_Q5E9J8--6n85__B1_P0AEX9,9,3,2,3,0.2291938584771288,81.8125,False,0.1289287805557251
6n85__A1_Q5E9J8--6n85__B1_P0AEX9,10,3,1,3,0.2331451224937577,81.8125,True,0.024836543947458267
6n85__A1_Q5E9J8--6n85__B1_P0AEX9,11,4,3,3,0.2222535371834081,81.75,False,0.0486338846385479
6n85__A1_Q5E9J8--6n85__B1_P0AEX9,12,2,1,3,0.2296185538855616,81.6875,False,0.7505866885185242
6n85__A1_Q5E9J8--6n85__B1_P0AEX9,13,1,2,3,0.2256109054492504,81.5625,False,0.08721454441547394
6n85__A1_Q5E9J8--6n85__B1_P0AEX9,14,2,0,3,0.2254929114250924,81.375,False,0.9974327683448792
6n85__A1_Q5E9J8--6n85__B1_P0AEX9,15,3,3,3,0.2326170415714902,81.25,True,0.019954020157456398
6n85__A1_Q5E9J8--6n85__B1_P0AEX9,16,1,1,3,0.2214705377679371,81.1875,False,0.9379793405532837
6n85__A1_Q5E9J8--6n85__B1_P0AEX9,17,1,0,3,0.2210243976157829,81.1875,False,0.5721790790557861
6n85__A1_Q5E9J8--6n85__B1_P0AEX9,18,2,2,3,0.2298001652976054,80.875,False,0.9992917776107788
6n85__A1_Q5E9J8--6n85__B1_P0AEX9,19,1,3,3,0.2252799995789808,80.6875,False,0.9142305254936218
6n85__A1_Q5E9J8--6n85__B1_P0AEX9,20,2,3,3,0.2251803800591586,80.6875,False,0.136211097240448
6nf3__B2_P02654--6nf3__A1_P02654,1,2,0,0,0.0232613876191738,27.890625,False,0.047592367976903915
6nf3__B2_P02654--6nf3__A1_P02654,2,2,3,0,0.0237581634814485,26.890625,False,0.1356678009033203
6nf3__B2_P02654--6nf3__A1_P02654,3,2,2,0,0.0135804637734033,26.640625,False,0.11538256704807281
6nf3__B2_P02654--6nf3__A1_P02654,4,2,1,0,0.0237406537311809,26.234375,False,0.1295832395553589
6nf3__B2_P02654--6nf3__A1_P02654,5,1,0,0,0.0156457066985066,22.53125,False,0.0015018549747765064
6nf3__B2_P02654--6nf3__A1_P02654,6,1,1,0,0.0177578864898249,21.828125,False,0.04993639513850212
6nf3__B2_P02654--6nf3__A1_P02654,7,5,1,0,0.0237008058559649,19.421875,False,0.1129297986626625
6nf3__B2_P02654--6nf3__A1_P02654,8,1,2,0,0.0146651771227293,19.21875,False,1.4748768080607988e-05
6nf3__B2_P02654--6nf3__A1_P02654,9,1,3,0,0.0154908257974314,18.125,False,6.50382717140019e-05
6nf3__B2_P02654--6nf3__A1_P02654,10,5,2,0,0.0234318844728154,18.03125,False,0.13359983265399933
6nf3__B2_P02654--6nf3__A1_P02654,11,5,0,0,0.0224038351706599,17.15625,False,0.05057815462350845
6nf3__B2_P02654--6nf3__A1_P02654,12,5,3,0,0.0227668402548185,16.96875,False,0.08351946622133255
6nf3__B2_P02654--6nf3__A1_P02654,13,3,3,0,0.0383940380613887,16.125,False,0.01621629297733307
6nf3__B2_P02654--6nf3__A1_P02654,14,3,1,0,0.0620861294456897,15.9375,False,0.05530133470892906
6nf3__B2_P02654--6nf3__A1_P02654,15,4,1,0,0.0152472591738961,15.65625,False,0.2890985310077667
6nf3__B2_P02654--6nf3__A1_P02654,16,3,2,0,0.0604130523121657,14.84375,False,0.03618327155709267
6nf3__B2_P02654--6nf3__A1_P02654,17,4,2,0,0.0152197549760376,14.8203125,False,0.0742800161242485
6nf3__B2_P02654--6nf3__A1_P02654,18,3,0,0,0.0448412185541322,14.359375,False,0.01897910237312317
6nf3__B2_P02654--6nf3__A1_P02654,19,4,0,0,0.0149947395217156,14.1953125,False,0.012835519388318062
6nf3__B2_P02654--6nf3__A1_P02654,20,4,3,0,0.015190556295408,13.40625,False,0.13716720044612885
6njy__A1_F3ZXK6--6njy__B1_F3ZXK6,1,4,2,3,0.5430796548145969,85.875,True,0.23516130447387695
6njy__A1_F3ZXK6--6njy__B1_F3ZXK6,2,4,0,3,0.5583290980240491,84.8125,True,0.5125787854194641
6njy__A1_F3ZXK6--6njy__B1_F3ZXK6,3,2,0,3,0.5972681366862443,84.5625,True,0.03315400704741478
6njy__A1_F3ZXK6--6njy__B1_F3ZXK6,4,4,3,3,0.0172471411555797,84.4375,False,0.9999985694885254
6njy__A1_F3ZXK6--6njy__B1_F3ZXK6,5,2,3,3,0.6584736856100376,84.25,True,0.8807467222213745
6njy__A1_F3ZXK6--6njy__B1_F3ZXK6,6,2,1,3,0.5530198471457811,83.4375,True,0.019852427765727043
6njy__A1_F3ZXK6--6njy__B1_F3ZXK6,7,3,0,3,0.017686132615415,82.75,False,0.9999998807907104
6njy__A1_F3ZXK6--6njy__B1_F3ZXK6,8,5,2,3,0.0173771943753191,78.8125,False,0.9999995231628418
6njy__A1_F3ZXK6--6njy__B1_F3ZXK6,9,3,3,3,0.0174460236214557,77.25,False,0.9999948740005493
6njy__A1_F3ZXK6--6njy__B1_F3ZXK6,10,5,0,3,0.0174958993263027,76.0625,False,0.9999997615814209
6njy__A1_F3ZXK6--6njy__B1_F3ZXK6,11,5,1,3,0.0174266067817526,75.5,False,0.9999758005142212
6njy__A1_F3ZXK6--6njy__B1_F3ZXK6,12,1,3,3,0.023240834906427,70.6875,False,0.10628464072942734
6njy__A1_F3ZXK6--6njy__B1_F3ZXK6,13,1,2,3,0.0473191300617758,68.875,False,0.45615658164024353
6njy__A1_F3ZXK6--6njy__B1_F3ZXK6,14,4,1,3,0.037026404215554,67.4375,False,0.012055505067110062
6njy__A1_F3ZXK6--6njy__B1_F3ZXK6,15,5,3,3,0.0175529373152486,66.0,False,0.9993057250976562
6njy__A1_F3ZXK6--6njy__B1_F3ZXK6,16,3,2,3,0.0398223502041382,61.5,False,0.7415586709976196
6njy__A1_F3ZXK6--6njy__B1_F3ZXK6,17,3,1,3,0.0217650558603927,59.78125,False,0.06204596161842346
6njy__A1_F3ZXK6--6njy__B1_F3ZXK6,18,1,1,3,0.0398379093947361,48.1875,False,0.09487814456224442
6njy__A1_F3ZXK6--6njy__B1_F3ZXK6,19,2,2,3,0.0205172920805281,46.4375,False,0.23299410939216614
6njy__A1_F3ZXK6--6njy__B1_F3ZXK6,20,1,0,3,0.0453724171269921,45.21875,False,0.23418959975242615
6o1t__A1_P79125--6o1t__B2_P79125,1,1,1,0,0.7292058696325713,58.1875,True,0.11132873594760895
6o1t__A1_P79125--6o1t__B2_P79125,2,1,0,0,0.5285446434809353,57.0625,True,0.7892746329307556
6o1t__A1_P79125--6o1t__B2_P79125,3,1,3,0,0.5453951783242663,52.21875,True,0.694364607334137
6o1t__A1_P79125--6o1t__B2_P79125,4,1,2,0,0.5588143246105638,49.46875,True,0.6939893960952759
6o1t__A1_P79125--6o1t__B2_P79125,5,2,0,0,0.1731393843351,32.5,False,0.010562202893197536
6o1t__A1_P79125--6o1t__B2_P79125,6,2,2,0,0.5610608464874091,31.53125,True,0.1855340152978897
6o1t__A1_P79125--6o1t__B2_P79125,7,4,3,0,0.1156726975602923,26.078125,False,0.010744438506662846
6o1t__A1_P79125--6o1t__B2_P79125,8,3,2,0,0.1768937429457782,25.9375,False,0.12863564491271973
6o1t__A1_P79125--6o1t__B2_P79125,9,2,1,0,0.3216019827898682,25.28125,True,0.3352883756160736
6o1t__A1_P79125--6o1t__B2_P79125,10,3,1,0,0.1992157214039236,25.0,False,0.12908808887004852
6o1t__A1_P79125--6o1t__B2_P79125,11,4,2,0,0.3767810450076278,22.90625,True,0.07533512264490128
6o1t__A1_P79125--6o1t__B2_P79125,12,2,3,0,0.2786267020084479,21.328125,True,0.049658916890621185
6o1t__A1_P79125--6o1t__B2_P79125,13,3,3,0,0.0417236538187114,20.5625,False,0.00676269456744194
6o1t__A1_P79125--6o1t__B2_P79125,14,4,1,0,0.1739365705024948,19.65625,False,0.18597312271595
6o1t__A1_P79125--6o1t__B2_P79125,15,5,1,0,0.1457301553909189,19.015625,False,0.009620949625968933
6o1t__A1_P79125--6o1t__B2_P79125,16,5,0,0,0.1435219050816532,18.890625,False,0.016900233924388885
6o1t__A1_P79125--6o1t__B2_P79125,17,5,2,0,0.0212511524099471,18.328125,False,0.042529162019491196
6o1t__A1_P79125--6o1t__B2_P79125,18,4,0,0,0.1756338018630086,17.71875,False,0.019023623317480087
6o1t__A1_P79125--6o1t__B2_P79125,19,3,0,0,0.075528574241618,17.0625,False,0.012250238098204136
6o1t__A1_P79125--6o1t__B2_P79125,20,5,3,0,0.1724045439752389,16.78125,False,0.0691346526145935
6ob5__A1_P0AEX9--6ob5__D1_UNDEFINED,1,1,2,2,0.0880476943921951,64.25,False,0.01144967507570982
6ob5__A1_P0AEX9--6ob5__D1_UNDEFINED,2,4,0,2,0.1124110563173506,62.5625,False,0.032467760145664215
6ob5__A1_P0AEX9--6ob5__D1_UNDEFINED,3,1,0,2,0.0970919437183467,60.90625,False,0.00311564514413476
6ob5__A1_P0AEX9--6ob5__D1_UNDEFINED,4,1,3,2,0.1125961458666559,57.09375,False,0.006195112597197294
6ob5__A1_P0AEX9--6ob5__D1_UNDEFINED,5,1,1,2,0.0917899206240365,56.0,False,0.010473024100065231
6ob5__A1_P0AEX9--6ob5__D1_UNDEFINED,6,4,1,2,0.1228904146064194,50.15625,False,0.0006294771446846426
6ob5__A1_P0AEX9--6ob5__D1_UNDEFINED,7,2,1,2,0.0785213573126998,49.125,False,0.3276936709880829
6ob5__A1_P0AEX9--6ob5__D1_UNDEFINED,8,3,1,2,0.1235285730607683,45.25,False,0.964009702205658
6ob5__A1_P0AEX9--6ob5__D1_UNDEFINED,9,3,2,2,0.111468818903851,45.0,False,0.0166593287140131
6ob5__A1_P0AEX9--6ob5__D1_UNDEFINED,10,4,3,2,0.1063068846320392,44.53125,False,0.0017777025932446122
6ob5__A1_P0AEX9--6ob5__D1_UNDEFINED,11,2,0,2,0.1357868714664961,43.84375,False,0.6075903177261353
6ob5__A1_P0AEX9--6ob5__D1_UNDEFINED,12,4,2,2,0.1084586668144245,43.625,False,0.5116872191429138
6ob5__A1_P0AEX9--6ob5__D1_UNDEFINED,13,5,2,2,0.1247575810667156,41.46875,False,0.006852468941360712
6ob5__A1_P0AEX9--6ob5__D1_UNDEFINED,14,5,0,2,0.1256622083632525,40.96875,False,0.024673396721482277
6ob5__A1_P0AEX9--6ob5__D1_UNDEFINED,15,3,3,2,0.136001188269437,40.53125,False,0.9824490547180176
6ob5__A1_P0AEX9--6ob5__D1_UNDEFINED,16,3,0,2,0.1308202241989513,40.4375,False,0.9831857681274414
6ob5__A1_P0AEX9--6ob5__D1_UNDEFINED,17,2,3,2,0.1035727534212882,39.96875,False,0.00024193069839384407
6ob5__A1_P0AEX9--6ob5__D1_UNDEFINED,18,5,3,2,0.1166662297747122,39.09375,False,0.470276415348053
6ob5__A1_P0AEX9--6ob5__D1_UNDEFINED,19,5,1,2,0.0423451289937162,36.78125,False,0.008279823698103428
6ob5__A1_P0AEX9--6ob5__D1_UNDEFINED,20,2,2,2,0.1010686446791597,36.3125,False,0.11763438582420349
6ocf__A1_Q7L8A9--6ocf__B1_Q8N300,1,5,2,4,0.5633280355856493,78.8125,True,0.6541962623596191
6ocf__A1_Q7L8A9--6ocf__B1_Q8N300,2,2,2,4,0.5653185347929575,78.75,True,0.2815350890159607
6ocf__A1_Q7L8A9--6ocf__B1_Q8N300,3,5,1,4,0.5733575391313774,77.125,True,0.7223303318023682
6ocf__A1_Q7L8A9--6ocf__B1_Q8N300,4,5,0,4,0.5569230645162642,77.125,True,0.9895776510238647
6ocf__A1_Q7L8A9--6ocf__B1_Q8N300,5,4,3,4,0.5648340615688836,76.875,True,0.15411676466464996
6ocf__A1_Q7L8A9--6ocf__B1_Q8N300,6,4,2,4,0.564421780573742,76.875,True,0.2215225249528885
6ocf__A1_Q7L8A9--6ocf__B1_Q8N300,7,2,1,4,0.5659201462448564,76.6875,True,0.9748262763023376
6ocf__A1_Q7L8A9--6ocf__B1_Q8N300,8,5,3,4,0.5849051742008826,76.3125,True,0.8606330156326294
6ocf__A1_Q7L8A9--6ocf__B1_Q8N300,9,4,0,4,0.5697643231168926,75.9375,True,0.2717113792896271
6ocf__A1_Q7L8A9--6ocf__B1_Q8N300,10,4,1,4,0.558530499053765,75.8125,True,0.9141280055046082
6ocf__A1_Q7L8A9--6ocf__B1_Q8N300,11,2,3,4,0.5544244073945671,75.25,True,0.9207656979560852
6ocf__A1_Q7L8A9--6ocf__B1_Q8N300,12,3,2,4,0.5838358062698711,74.9375,True,0.9411942362785339
6ocf__A1_Q7L8A9--6ocf__B1_Q8N300,13,3,1,4,0.5589851993417942,74.125,True,0.48354586958885193
6ocf__A1_Q7L8A9--6ocf__B1_Q8N300,14,1,3,4,0.5430850565119149,73.875,True,0.8553913831710815
6ocf__A1_Q7L8A9--6ocf__B1_Q8N300,15,3,3,4,0.5787425737516001,73.6875,True,0.926607072353363
6ocf__A1_Q7L8A9--6ocf__B1_Q8N300,16,2,0,4,0.5629232297554384,72.6875,True,0.10526525229215622
6ocf__A1_Q7L8A9--6ocf__B1_Q8N300,17,1,1,4,0.5708627508344873,72.4375,True,0.9393357038497925
6ocf__A1_Q7L8A9--6ocf__B1_Q8N300,18,1,2,4,0.5477645737982478,72.0625,True,0.37164759635925293
6ocf__A1_Q7L8A9--6ocf__B1_Q8N300,19,3,0,4,0.5732815693210228,72.0,True,0.9599630236625671
6ocf__A1_Q7L8A9--6ocf__B1_Q8N300,20,1,0,4,0.5696506260806542,69.0,True,0.7075377702713013
6otn__A1_P06753--6otn__B1_P06753,1,5,3,2,0.857931489149813,78.4375,True,0.6954996585845947
6otn__A1_P06753--6otn__B1_P06753,2,5,1,2,0.8600470376936968,78.125,True,0.6954996585845947
6otn__A1_P06753--6otn__B1_P06753,3,5,0,2,0.8522806365589294,77.9375,True,0.7285866141319275
6otn__A1_P06753--6otn__B1_P06753,4,4,3,2,0.8638090763655372,75.75,True,0.06903955340385437
6otn__A1_P06753--6otn__B1_P06753,5,4,1,2,0.874088790002712,74.75,True,0.1303383857011795
6otn__A1_P06753--6otn__B1_P06753,6,4,0,2,0.8633626383093332,74.75,True,0.03442820906639099
6otn__A1_P06753--6otn__B1_P06753,7,4,2,2,0.861090405348517,74.3125,True,0.10662421584129333
6otn__A1_P06753--6otn__B1_P06753,8,2,0,2,0.8343577376837946,74.1875,True,0.22030624747276306
6otn__A1_P06753--6otn__B1_P06753,9,2,2,2,0.8330305207192016,73.6875,True,0.0986379086971283
6otn__A1_P06753--6otn__B1_P06753,10,2,3,2,0.838613910643565,73.6875,True,0.29411667585372925
6otn__A1_P06753--6otn__B1_P06753,11,2,1,2,0.828830037243061,73.3125,True,0.11788510531187057
6otn__A1_P06753--6otn__B1_P06753,12,1,2,2,0.0220380108284088,65.5,False,0.0077239517122507095
6otn__A1_P06753--6otn__B1_P06753,13,1,3,2,0.022025490349067,57.65625,False,0.011605296283960342
6otn__A1_P06753--6otn__B1_P06753,14,3,0,2,0.0121650348517087,35.59375,False,0.008767050690948963
6otn__A1_P06753--6otn__B1_P06753,15,3,1,2,0.0190340773037056,35.21875,False,0.007531756069511175
6otn__A1_P06753--6otn__B1_P06753,16,3,3,2,0.0155911147569591,32.65625,False,0.007913020439445972
6otn__A1_P06753--6otn__B1_P06753,17,5,2,2,0.3624815180232455,24.859375,True,0.3076102137565613
6otn__A1_P06753--6otn__B1_P06753,18,3,2,2,0.0203732657182763,18.671875,False,0.035853832960128784
6otn__A1_P06753--6otn__B1_P06753,19,1,0,2,0.0643853966081637,17.0625,False,0.031264498829841614
6otn__A1_P06753--6otn__B1_P06753,20,1,1,2,0.019551093392964,15.8515625,False,0.004292304161936045
6p66__B1_O29890--6p66__A1_O29889,1,2,2,3,0.2645865596006814,73.625,True,0.7422414422035217
6p66__B1_O29890--6p66__A1_O29889,2,2,3,3,0.2689877511389303,72.0,True,0.8031025528907776
6p66__B1_O29890--6p66__A1_O29889,3,2,0,3,0.2637911531720182,71.75,True,0.7586454749107361
6p66__B1_O29890--6p66__A1_O29889,4,1,2,3,0.2716069993349214,71.3125,True,0.8724629878997803
6p66__B1_O29890--6p66__A1_O29889,5,2,1,3,0.2649144099051532,71.1875,True,0.7383918166160583
6p66__B1_O29890--6p66__A1_O29889,6,1,0,3,0.2719387957817292,70.8125,True,0.8076854348182678
6p66__B1_O29890--6p66__A1_O29889,7,1,1,3,0.2671819621357911,70.5,True,0.8380612730979919
6p66__B1_O29890--6p66__A1_O29889,8,1,3,3,0.2611431723460591,70.125,True,0.7916973233222961
6p66__B1_O29890--6p66__A1_O29889,9,4,2,3,0.2738332537665719,69.125,True,0.7911521792411804
6p66__B1_O29890--6p66__A1_O29889,10,4,1,3,0.2736760185677578,68.875,True,0.7956322431564331
6p66__B1_O29890--6p66__A1_O29889,11,4,0,3,0.2660094069436206,68.0625,True,0.7815953493118286
6p66__B1_O29890--6p66__A1_O29889,12,4,3,3,0.2696637362806581,68.0,True,0.7886409163475037
6p66__B1_O29890--6p66__A1_O29889,13,3,2,3,0.2633765431392911,67.4375,True,0.8096082210540771
6p66__B1_O29890--6p66__A1_O29889,14,3,1,3,0.2639640904235875,66.375,True,0.7839944958686829
6p66__B1_O29890--6p66__A1_O29889,15,3,0,3,0.2664828885892297,65.6875,True,0.8132461309432983
6p66__B1_O29890--6p66__A1_O29889,16,3,3,3,0.2626608392392857,65.625,True,0.8030624389648438
6p66__B1_O29890--6p66__A1_O29889,17,5,2,3,0.270865794957909,64.375,True,0.7962910532951355
6p66__B1_O29890--6p66__A1_O29889,18,5,3,3,0.273489023975594,63.84375,True,0.9305171370506287
6p66__B1_O29890--6p66__A1_O29889,19,5,0,3,0.2825430178225157,63.03125,True,0.8221038579940796
6p66__B1_O29890--6p66__A1_O29889,20,5,1,3,0.2774823197926511,61.59375,True,0.7940803170204163
6p7y__A1_J7H333--6p7y__B1_P52799,1,5,3,3,0.5328041685205823,88.6875,True,0.9994485974311829
6p7y__A1_J7H333--6p7y__B1_P52799,2,5,2,3,0.5552550259351919,88.5,True,0.9995170831680298
6p7y__A1_J7H333--6p7y__B1_P52799,3,4,2,3,0.5392070010030803,88.3125,True,0.9998152852058411
6p7y__A1_J7H333--6p7y__B1_P52799,4,4,3,3,0.558201111636189,88.125,True,0.9973511695861816
6p7y__A1_J7H333--6p7y__B1_P52799,5,5,0,3,0.5110567161657001,87.875,True,0.826509952545166
6p7y__A1_J7H333--6p7y__B1_P52799,6,3,2,3,0.5523952048122772,87.4375,True,0.9974473714828491
6p7y__A1_J7H333--6p7y__B1_P52799,7,1,2,3,0.5429190960700362,86.4375,True,0.9998328685760498
6p7y__A1_J7H333--6p7y__B1_P52799,8,2,1,3,0.5752914737299216,86.125,True,0.9988285899162292
6p7y__A1_J7H333--6p7y__B1_P52799,9,3,1,3,0.5172619027081266,86.0,True,0.9988873600959778
6p7y__A1_J7H333--6p7y__B1_P52799,10,1,0,3,0.5371721927641487,85.5,True,0.9948415160179138
6p7y__A1_J7H333--6p7y__B1_P52799,11,1,1,3,0.5285419576719806,83.6875,True,0.9929637312889099
6p7y__A1_J7H333--6p7y__B1_P52799,12,3,0,3,0.4805144543285318,83.0625,True,0.9960687160491943
6p7y__A1_J7H333--6p7y__B1_P52799,13,3,3,3,0.4879295522509201,81.5,True,0.9972984194755554
6p7y__A1_J7H333--6p7y__B1_P52799,14,1,3,3,0.5206752916657742,80.9375,True,0.9926730990409851
6p7y__A1_J7H333--6p7y__B1_P52799,15,5,1,3,0.5425072430422261,79.875,True,0.9178869128227234
6p7y__A1_J7H333--6p7y__B1_P52799,16,4,0,3,0.50166526402423,78.8125,True,0.9948770403862
6p7y__A1_J7H333--6p7y__B1_P52799,17,2,0,3,0.5314667762915108,75.375,True,0.9458775520324707
6p7y__A1_J7H333--6p7y__B1_P52799,18,2,3,3,0.5248062967692637,73.75,True,0.9084315896034241
6p7y__A1_J7H333--6p7y__B1_P52799,19,4,1,3,0.5695224536612716,72.9375,True,0.9017438888549805
6p7y__A1_J7H333--6p7y__B1_P52799,20,2,2,3,0.519005697975287,68.875,True,0.9337996244430542
6pal__A1_A0A412SRH5--6pal__B1_A0A412SRH5,1,2,1,3,0.0334344677076765,28.515625,False,0.04075796902179718
6pal__A1_A0A412SRH5--6pal__B1_A0A412SRH5,2,2,2,3,0.0305660434973725,25.96875,False,0.03443494066596031
6pal__A1_A0A412SRH5--6pal__B1_A0A412SRH5,3,4,2,3,0.1985084366883847,25.421875,False,0.9950007796287537
6pal__A1_A0A412SRH5--6pal__B1_A0A412SRH5,4,1,0,3,0.1263390901353469,25.34375,False,0.9260451793670654
6pal__A1_A0A412SRH5--6pal__B1_A0A412SRH5,5,5,1,3,0.0576456073822075,24.796875,False,0.0017249680822715163
6pal__A1_A0A412SRH5--6pal__B1_A0A412SRH5,6,1,3,3,0.1294857933326568,24.765625,False,0.9058670401573181
6pal__A1_A0A412SRH5--6pal__B1_A0A412SRH5,7,5,3,3,0.0473758156241815,24.421875,False,0.009638985618948936
6pal__A1_A0A412SRH5--6pal__B1_A0A412SRH5,8,5,2,3,0.0337468706387224,24.296875,False,0.006414603907614946
6pal__A1_A0A412SRH5--6pal__B1_A0A412SRH5,9,4,3,3,0.1698486702858622,24.234375,False,0.5663592219352722
6pal__A1_A0A412SRH5--6pal__B1_A0A412SRH5,10,3,2,3,0.0334428536300772,24.203125,False,0.014581043273210526
6pal__A1_A0A412SRH5--6pal__B1_A0A412SRH5,11,5,0,3,0.0529321825042855,23.921875,False,0.008688947185873985
6pal__A1_A0A412SRH5--6pal__B1_A0A412SRH5,12,4,1,3,0.162472335934394,23.859375,False,0.9317256212234497
6pal__A1_A0A412SRH5--6pal__B1_A0A412SRH5,13,3,0,3,0.0504766599257503,23.859375,False,0.025245053693652153
6pal__A1_A0A412SRH5--6pal__B1_A0A412SRH5,14,1,1,3,0.0370456031222928,23.421875,False,0.07335961610078812
6pal__A1_A0A412SRH5--6pal__B1_A0A412SRH5,15,4,0,3,0.0894909679248476,23.40625,False,0.036965858191251755
6pal__A1_A0A412SRH5--6pal__B1_A0A412SRH5,16,3,3,3,0.1246386295593652,23.390625,False,0.5311324000358582
6pal__A1_A0A412SRH5--6pal__B1_A0A412SRH5,17,3,1,3,0.040296784196365,23.296875,False,0.015032592229545116
6pal__A1_A0A412SRH5--6pal__B1_A0A412SRH5,18,2,3,3,0.0382164422153378,23.265625,False,0.04673629254102707
6pal__A1_A0A412SRH5--6pal__B1_A0A412SRH5,19,2,0,3,0.1332359430487497,23.25,False,0.7421613335609436
6pal__A1_A0A412SRH5--6pal__B1_A0A412SRH5,20,1,2,3,0.0284424557593308,23.171875,False,0.2550203800201416
6pnp__A1_Q9CS84--6pnp__B1_Q63366,1,1,0,0,0.566061935849777,81.0625,True,0.24456189572811127
6pnp__A1_Q9CS84--6pnp__B1_Q63366,2,1,3,0,0.537341121419148,79.75,True,0.17865262925624847
6pnp__A1_Q9CS84--6pnp__B1_Q63366,3,2,1,0,0.5527045069056564,79.1875,True,0.9318996071815491
6pnp__A1_Q9CS84--6pnp__B1_Q63366,4,4,1,0,0.5615226064486668,78.3125,True,0.8665330410003662
6pnp__A1_Q9CS84--6pnp__B1_Q63366,5,3,3,0,0.3918072312613154,73.0625,True,2.5052664568647742e-05
6pnp__A1_Q9CS84--6pnp__B1_Q63366,6,1,1,0,0.4917792724240093,73.0,True,0.006768228020519018
6pnp__A1_Q9CS84--6pnp__B1_Q63366,7,1,2,0,0.4334399533156032,71.9375,True,3.2910033041844144e-05
6pnp__A1_Q9CS84--6pnp__B1_Q63366,8,5,0,0,0.2515626813252724,70.8125,True,0.0002759660128504038
6pnp__A1_Q9CS84--6pnp__B1_Q63366,9,3,0,0,0.4190735613289808,70.5625,True,0.00011575034295674413
6pnp__A1_Q9CS84--6pnp__B1_Q63366,10,5,2,0,0.2423327901605392,66.1875,True,0.003484271699562669
6pnp__A1_Q9CS84--6pnp__B1_Q63366,11,5,1,0,0.2699035723982712,63.09375,True,0.00010237480455543846
6pnp__A1_Q9CS84--6pnp__B1_Q63366,12,2,3,0,0.2368887237115567,61.71875,True,0.2653414011001587
6pnp__A1_Q9CS84--6pnp__B1_Q63366,13,2,2,0,0.1689217323656439,56.625,False,0.47078901529312134
6pnp__A1_Q9CS84--6pnp__B1_Q63366,14,2,0,0,0.2125550232703306,51.1875,False,1.476102443120908e-05
6pnp__A1_Q9CS84--6pnp__B1_Q63366,15,3,1,0,0.1210172622909976,49.8125,False,0.013651639223098755
6pnp__A1_Q9CS84--6pnp__B1_Q63366,16,4,0,0,0.2859425132506054,43.65625,True,0.31630948185920715
6pnp__A1_Q9CS84--6pnp__B1_Q63366,17,4,3,0,0.3138391277145428,35.90625,True,0.06604727357625961
6pnp__A1_Q9CS84--6pnp__B1_Q63366,18,4,2,0,0.224797930511021,32.09375,False,0.018040934577584267
6pnp__A1_Q9CS84--6pnp__B1_Q63366,19,5,3,0,0.097342253063865,23.515625,False,0.01921945810317993
6pnp__A1_Q9CS84--6pnp__B1_Q63366,20,3,2,0,0.0276862080286173,21.484375,False,0.06995999068021774
6pog__B1_Q99435--6pog__A1_Q96MS0,1,4,2,1,0.7113385188458835,84.0,True,0.05557988956570625
6pog__B1_Q99435--6pog__A1_Q96MS0,2,4,1,1,0.72289462822072,83.6875,True,0.05569915473461151
6pog__B1_Q99435--6pog__A1_Q96MS0,3,2,2,1,0.7237889047063882,82.3125,True,0.0424676351249218
6pog__B1_Q99435--6pog__A1_Q96MS0,4,2,1,1,0.7173666385186009,82.1875,True,0.05226855352520943
6pog__B1_Q99435--6pog__A1_Q96MS0,5,2,0,1,0.0218051289592738,76.0625,False,0.013782305642962456
6pog__B1_Q99435--6pog__A1_Q96MS0,6,2,3,1,0.0221615872715182,74.4375,False,0.006641915068030357
6pog__B1_Q99435--6pog__A1_Q96MS0,7,1,3,1,0.0215009787810291,62.21875,False,0.001037198700942099
6pog__B1_Q99435--6pog__A1_Q96MS0,8,4,0,1,0.3171524487378258,26.484375,True,0.0455109141767025
6pog__B1_Q99435--6pog__A1_Q96MS0,9,3,3,1,0.0414704286802604,26.0625,False,0.18684528768062592
6pog__B1_Q99435--6pog__A1_Q96MS0,10,4,3,1,0.3587610629271321,26.046875,True,0.0017629081849008799
6pog__B1_Q99435--6pog__A1_Q96MS0,11,3,2,1,0.0411616399690065,22.875,False,0.08123157918453217
6pog__B1_Q99435--6pog__A1_Q96MS0,12,5,0,1,0.0720258111735869,22.125,False,0.08548334985971451
6pog__B1_Q99435--6pog__A1_Q96MS0,13,1,2,1,0.1124948518278175,21.765625,False,0.2273634672164917
6pog__B1_Q99435--6pog__A1_Q96MS0,14,3,1,1,0.0380001734120087,20.796875,False,0.047827642410993576
6pog__B1_Q99435--6pog__A1_Q96MS0,15,5,1,1,0.0559589042329851,18.1875,False,0.0037502169143408537
6pog__B1_Q99435--6pog__A1_Q96MS0,16,5,3,1,0.0190593946583184,17.65625,False,0.041262637823820114
6pog__B1_Q99435--6pog__A1_Q96MS0,17,5,2,1,0.0282888048373123,16.1875,False,0.023054182529449463
6pog__B1_Q99435--6pog__A1_Q96MS0,18,3,0,1,0.0339157962906499,15.5234375,False,0.006619703024625778
6pog__B1_Q99435--6pog__A1_Q96MS0,19,1,1,1,0.0536664347864148,15.4921875,False,0.002555632730945945
6pog__B1_Q99435--6pog__A1_Q96MS0,20,1,0,1,0.0243006146818294,15.0234375,False,0.042216140776872635
6pqn__A1_B0F0C5--6pqn__B1_B0F0C5,1,4,1,3,0.1863061165232762,81.1875,False,0.8277888894081116
6pqn__A1_B0F0C5--6pqn__B1_B0F0C5,2,4,0,3,0.1862272101983351,80.5625,False,0.8169509768486023
6pqn__A1_B0F0C5--6pqn__B1_B0F0C5,3,4,2,3,0.1866042350922792,80.0625,False,0.8800632357597351
6pqn__A1_B0F0C5--6pqn__B1_B0F0C5,4,4,3,3,0.1752051578724304,79.4375,False,0.9106101393699646
6pqn__A1_B0F0C5--6pqn__B1_B0F0C5,5,1,3,3,0.1882892661324808,79.4375,False,0.8445047736167908
6pqn__A1_B0F0C5--6pqn__B1_B0F0C5,6,1,0,3,0.1876077478293631,79.1875,False,0.7816364765167236
6pqn__A1_B0F0C5--6pqn__B1_B0F0C5,7,5,2,3,0.1916232197646265,79.0625,False,0.8013078570365906
6pqn__A1_B0F0C5--6pqn__B1_B0F0C5,8,5,1,3,0.1932269433960058,78.5625,False,0.7922580242156982
6pqn__A1_B0F0C5--6pqn__B1_B0F0C5,9,1,1,3,0.1874695583062714,78.375,False,0.8189684152603149
6pqn__A1_B0F0C5--6pqn__B1_B0F0C5,10,5,0,3,0.1945058258434623,77.3125,False,0.797579288482666
6pqn__A1_B0F0C5--6pqn__B1_B0F0C5,11,5,3,3,0.1935743891009141,77.1875,False,0.7238609790802002
6pqn__A1_B0F0C5--6pqn__B1_B0F0C5,12,1,2,3,0.1886583617225018,76.875,False,0.8138990998268127
6pqn__A1_B0F0C5--6pqn__B1_B0F0C5,13,2,3,3,0.1909887625126328,76.75,False,0.5111737251281738
6pqn__A1_B0F0C5--6pqn__B1_B0F0C5,14,3,1,3,0.1923383524178059,76.25,False,0.2292911410331726
6pqn__A1_B0F0C5--6pqn__B1_B0F0C5,15,2,0,3,0.1892079786034365,76.25,False,0.7935808300971985
6pqn__A1_B0F0C5--6pqn__B1_B0F0C5,16,2,2,3,0.1929816976755305,75.8125,False,0.8094891309738159
6pqn__A1_B0F0C5--6pqn__B1_B0F0C5,17,3,3,3,0.1929945448952633,75.8125,False,0.2292911410331726
6pqn__A1_B0F0C5--6pqn__B1_B0F0C5,18,3,0,3,0.1921207521505407,75.125,False,0.2663366496562958
6pqn__A1_B0F0C5--6pqn__B1_B0F0C5,19,2,1,3,0.1971738579472609,74.4375,False,0.7532786130905151
6pqn__A1_B0F0C5--6pqn__B1_B0F0C5,20,3,2,3,0.1932391565875169,74.3125,False,0.5041097402572632
6pyk__A1_P16466--6pyk__A2_P16466,1,3,0,4,0.4380012084326712,80.9375,True,0.04478982836008072
6pyk__A1_P16466--6pyk__A2_P16466,2,3,1,4,0.1798607882370027,68.5625,False,0.047934096306562424
6pyk__A1_P16466--6pyk__A2_P16466,3,5,3,4,0.0382139578183419,68.375,False,0.049500852823257446
6pyk__A1_P16466--6pyk__A2_P16466,4,1,1,4,0.439380304578206,65.3125,True,0.020451620221138
6pyk__A1_P16466--6pyk__A2_P16466,5,1,0,4,0.071888478614922,57.90625,False,0.15822939574718475
6pyk__A1_P16466--6pyk__A2_P16466,6,5,0,4,0.5041675140523555,57.65625,True,0.013003465719521046
6pyk__A1_P16466--6pyk__A2_P16466,7,5,2,4,0.4573156026528329,49.125,True,0.11307700723409653
6pyk__A1_P16466--6pyk__A2_P16466,8,4,3,4,0.1411075898283103,47.71875,False,0.2689307630062103
6pyk__A1_P16466--6pyk__A2_P16466,9,3,3,4,0.1387108559443111,47.4375,False,0.07691459357738495
6pyk__A1_P16466--6pyk__A2_P16466,10,1,2,4,0.0996608712202392,44.65625,False,0.5241546034812927
6pyk__A1_P16466--6pyk__A2_P16466,11,5,1,4,0.0335985707703043,43.5,False,0.0008112190407700837
6pyk__A1_P16466--6pyk__A2_P16466,12,4,2,4,0.3258671556389789,41.25,True,0.03836699202656746
6pyk__A1_P16466--6pyk__A2_P16466,13,3,2,4,0.1279061399891632,40.40625,False,0.7079015374183655
6pyk__A1_P16466--6pyk__A2_P16466,14,2,1,4,0.0415006551787202,39.75,False,0.010428263805806637
6pyk__A1_P16466--6pyk__A2_P16466,15,1,3,4,0.0426192193339657,39.3125,False,0.015163655392825603
6pyk__A1_P16466--6pyk__A2_P16466,16,4,1,4,0.0409929105117708,37.75,False,0.004488339647650719
6pyk__A1_P16466--6pyk__A2_P16466,17,2,2,4,0.0261102045514846,37.03125,False,0.022491633892059326
6pyk__A1_P16466--6pyk__A2_P16466,18,2,3,4,0.0498995506451924,32.9375,False,0.0795208066701889
6pyk__A1_P16466--6pyk__A2_P16466,19,2,0,4,0.0691353060655221,31.75,False,0.38013458251953125
6pyk__A1_P16466--6pyk__A2_P16466,20,4,0,4,0.0280069881331724,31.03125,False,0.031986646354198456
6qpk__B1_A0A2H1G421--6qpk__A1_A0A2H1G421,1,2,3,4,0.0437001347679296,28.328125,False,0.012378508225083351
6qpk__B1_A0A2H1G421--6qpk__A1_A0A2H1G421,2,3,3,4,0.0139110759995026,22.71875,False,0.03474165126681328
6qpk__B1_A0A2H1G421--6qpk__A1_A0A2H1G421,3,4,0,4,0.0181145669366846,18.125,False,0.03137042373418808
6qpk__B1_A0A2H1G421--6qpk__A1_A0A2H1G421,4,2,0,4,0.0230172012794918,17.875,False,0.07779424637556076
6qpk__B1_A0A2H1G421--6qpk__A1_A0A2H1G421,5,2,1,4,0.0219837345468992,14.984375,False,0.012434689328074455
6qpk__B1_A0A2H1G421--6qpk__A1_A0A2H1G421,6,3,2,4,0.0172283464654515,14.9765625,False,0.005501713138073683
6qpk__B1_A0A2H1G421--6qpk__A1_A0A2H1G421,7,5,2,4,0.0166156705570417,14.3671875,False,0.014777769334614277
6qpk__B1_A0A2H1G421--6qpk__A1_A0A2H1G421,8,4,1,4,0.0146420830912853,14.0546875,False,0.004754452966153622
6qpk__B1_A0A2H1G421--6qpk__A1_A0A2H1G421,9,3,1,4,0.0142299981086489,13.375,False,0.006760382559150457
6qpk__B1_A0A2H1G421--6qpk__A1_A0A2H1G421,10,5,3,4,0.0187356013157271,13.15625,False,0.03361992537975311
6qpk__B1_A0A2H1G421--6qpk__A1_A0A2H1G421,11,5,1,4,0.0273028859400519,13.1171875,False,0.025093071162700653
6qpk__B1_A0A2H1G421--6qpk__A1_A0A2H1G421,12,4,3,4,0.0175168107192654,13.03125,False,0.07894735783338547
6qpk__B1_A0A2H1G421--6qpk__A1_A0A2H1G421,13,5,0,4,0.017598230154623,12.203125,False,0.04045894742012024
6qpk__B1_A0A2H1G421--6qpk__A1_A0A2H1G421,14,1,1,4,0.015674054148712,11.9296875,False,0.007855130359530449
6qpk__B1_A0A2H1G421--6qpk__A1_A0A2H1G421,15,1,2,4,0.0174471304730586,11.4609375,False,0.0526750348508358
6qpk__B1_A0A2H1G421--6qpk__A1_A0A2H1G421,16,2,2,4,0.0301726135145131,11.4375,False,0.003181223990395665
6qpk__B1_A0A2H1G421--6qpk__A1_A0A2H1G421,17,3,0,4,0.0161557986077302,11.3125,False,0.08399490267038345
6qpk__B1_A0A2H1G421--6qpk__A1_A0A2H1G421,18,1,0,4,0.0165271093189278,11.125,False,0.0037060007452964783
6qpk__B1_A0A2H1G421--6qpk__A1_A0A2H1G421,19,4,2,4,0.0158980460069745,10.8828125,False,0.007098679896444082
6qpk__B1_A0A2H1G421--6qpk__A1_A0A2H1G421,20,1,3,4,0.0171990951948653,10.828125,False,0.12871724367141724
6qxp__A1_O48809--6qxp__I1_Q9FZA0,1,5,3,3,0.3778525981154956,90.0625,True,0.9941664934158325
6qxp__A1_O48809--6qxp__I1_Q9FZA0,2,5,2,3,0.6744893321233535,90.0625,True,0.10078631341457367
6qxp__A1_O48809--6qxp__I1_Q9FZA0,3,5,1,3,0.7014105313887318,89.875,True,0.4380422830581665
6qxp__A1_O48809--6qxp__I1_Q9FZA0,4,5,0,3,0.6888709892663111,89.8125,True,0.08457618951797485
6qxp__A1_O48809--6qxp__I1_Q9FZA0,5,3,1,3,0.7069010276506785,89.75,True,0.3439237177371979
6qxp__A1_O48809--6qxp__I1_Q9FZA0,6,4,2,3,0.6950874643916173,89.6875,True,0.7393354773521423
6qxp__A1_O48809--6qxp__I1_Q9FZA0,7,4,3,3,0.7349700081675254,89.5,True,0.022889092564582825
6qxp__A1_O48809--6qxp__I1_Q9FZA0,8,3,0,3,0.7047688683701566,89.375,True,0.1215713769197464
6qxp__A1_O48809--6qxp__I1_Q9FZA0,9,4,1,3,0.7178019220306915,89.3125,True,0.17726922035217285
6qxp__A1_O48809--6qxp__I1_Q9FZA0,10,3,3,3,0.3893437368128737,89.25,True,0.7536683082580566
6qxp__A1_O48809--6qxp__I1_Q9FZA0,11,4,0,3,0.7344820769673032,89.1875,True,0.14607544243335724
6qxp__A1_O48809--6qxp__I1_Q9FZA0,12,2,1,3,0.7547733343408666,89.0,True,0.2300797700881958
6qxp__A1_O48809--6qxp__I1_Q9FZA0,13,2,3,3,0.7567168962692342,89.0,True,0.09236907213926315
6qxp__A1_O48809--6qxp__I1_Q9FZA0,14,1,2,3,0.4001797895391547,88.875,True,0.9407203793525696
6qxp__A1_O48809--6qxp__I1_Q9FZA0,15,3,2,3,0.3923012657353265,88.8125,True,0.7414542436599731
6qxp__A1_O48809--6qxp__I1_Q9FZA0,16,2,2,3,0.4050538334569655,88.75,True,0.7853601574897766
6qxp__A1_O48809--6qxp__I1_Q9FZA0,17,1,1,3,0.4119101945366517,88.625,True,0.9459419846534729
6qxp__A1_O48809--6qxp__I1_Q9FZA0,18,2,0,3,0.3982420093531189,88.25,True,0.7729161381721497
6qxp__A1_O48809--6qxp__I1_Q9FZA0,19,1,0,3,0.7034767670851939,88.0625,True,0.26352208852767944
6qxp__A1_O48809--6qxp__I1_Q9FZA0,20,1,3,3,0.7050956765898676,88.0,True,0.24378372728824615
6r2f__A1_Q9BXU0--6r2f__B1_Q9BXU0,1,1,3,1,0.081619139415162,38.5625,False,0.22922635078430176
6r2f__A1_Q9BXU0--6r2f__B1_Q9BXU0,2,5,2,1,0.1186430302415088,38.4375,False,0.025767579674720764
6r2f__A1_Q9BXU0--6r2f__B1_Q9BXU0,3,5,3,1,0.1321556539454487,38.375,False,0.0997239425778389
6r2f__A1_Q9BXU0--6r2f__B1_Q9BXU0,4,5,1,1,0.1453025508266762,38.375,False,0.5945149064064026
6r2f__A1_Q9BXU0--6r2f__B1_Q9BXU0,5,5,0,1,0.1336282908974391,38.03125,False,0.12424925714731216
6r2f__A1_Q9BXU0--6r2f__B1_Q9BXU0,6,1,0,1,0.0869338022182297,35.4375,False,0.37492093443870544
6r2f__A1_Q9BXU0--6r2f__B1_Q9BXU0,7,4,2,1,0.5926486000514575,32.65625,True,0.042740561068058014
6r2f__A1_Q9BXU0--6r2f__B1_Q9BXU0,8,2,1,1,0.1181984850813788,32.15625,False,0.3159744441509247
6r2f__A1_Q9BXU0--6r2f__B1_Q9BXU0,9,1,2,1,0.086966029062482,32.09375,False,0.06321708112955093
6r2f__A1_Q9BXU0--6r2f__B1_Q9BXU0,10,2,0,1,0.3262981597097516,31.75,True,0.797927737236023
6r2f__A1_Q9BXU0--6r2f__B1_Q9BXU0,11,1,1,1,0.0829405468212613,31.703125,False,0.023302823305130005
6r2f__A1_Q9BXU0--6r2f__B1_Q9BXU0,12,2,3,1,0.3197655709963091,31.484375,True,0.8029924631118774
6r2f__A1_Q9BXU0--6r2f__B1_Q9BXU0,13,4,3,1,0.6348598791013736,31.25,True,0.03039431758224964
6r2f__A1_Q9BXU0--6r2f__B1_Q9BXU0,14,4,1,1,0.5867015339507459,30.1875,True,0.18403099477291107
6r2f__A1_Q9BXU0--6r2f__B1_Q9BXU0,15,2,2,1,0.1002529687199717,29.875,False,0.13317953050136566
6r2f__A1_Q9BXU0--6r2f__B1_Q9BXU0,16,4,0,1,0.531096924973209,29.484375,True,0.13825127482414246
6r2f__A1_Q9BXU0--6r2f__B1_Q9BXU0,17,3,0,1,0.107453966386522,20.546875,False,0.013749398291110992
6r2f__A1_Q9BXU0--6r2f__B1_Q9BXU0,18,3,3,1,0.1105097751049204,19.40625,False,0.0282446201890707
6r2f__A1_Q9BXU0--6r2f__B1_Q9BXU0,19,3,2,1,0.1075082936816004,19.03125,False,0.022937512025237083
6r2f__A1_Q9BXU0--6r2f__B1_Q9BXU0,20,3,1,1,0.1088316708157175,18.578125,False,0.06607003509998322
6r6n__A1_Q1Q7P4--6r6n__B1_Q1Q7P3,1,1,2,3,0.5631643736795385,82.375,True,0.09624835103750229
6r6n__A1_Q1Q7P4--6r6n__B1_Q1Q7P3,2,1,3,3,0.5491373530704388,81.0625,True,0.4561559855937958
6r6n__A1_Q1Q7P4--6r6n__B1_Q1Q7P3,3,4,0,3,0.6006231729841173,80.4375,True,0.5162549018859863
6r6n__A1_Q1Q7P4--6r6n__B1_Q1Q7P3,4,4,1,3,0.5504813707856607,80.0,True,0.001499143778346479
6r6n__A1_Q1Q7P4--6r6n__B1_Q1Q7P3,5,5,1,3,0.5104002808831195,79.8125,True,0.06840941309928894
6r6n__A1_Q1Q7P4--6r6n__B1_Q1Q7P3,6,5,2,3,0.5276715574886598,79.625,True,0.9976795315742493
6r6n__A1_Q1Q7P4--6r6n__B1_Q1Q7P3,7,3,3,3,0.5264813176367644,79.5,True,0.001514699892140925
6r6n__A1_Q1Q7P4--6r6n__B1_Q1Q7P3,8,3,1,3,0.5470163966130092,78.125,True,0.053984809666872025
6r6n__A1_Q1Q7P4--6r6n__B1_Q1Q7P3,9,5,3,3,0.536168727621331,75.6875,True,0.10279868543148041
6r6n__A1_Q1Q7P4--6r6n__B1_Q1Q7P3,10,4,2,3,0.5400067504116403,73.875,True,0.00028478039894253016
6r6n__A1_Q1Q7P4--6r6n__B1_Q1Q7P3,11,3,2,3,0.5328075833580868,73.75,True,0.0018349663587287068
6r6n__A1_Q1Q7P4--6r6n__B1_Q1Q7P3,12,4,3,3,0.5442419773112656,73.6875,True,0.14186787605285645
6r6n__A1_Q1Q7P4--6r6n__B1_Q1Q7P3,13,5,0,3,0.5583253696159719,71.375,True,0.1671619713306427
6r6n__A1_Q1Q7P4--6r6n__B1_Q1Q7P3,14,1,1,3,0.519425367681678,67.9375,True,0.13652804493904114
6r6n__A1_Q1Q7P4--6r6n__B1_Q1Q7P3,15,1,0,3,0.4697886756834048,60.25,True,0.37827983498573303
6r6n__A1_Q1Q7P4--6r6n__B1_Q1Q7P3,16,2,3,3,0.4745822220570686,57.375,True,0.7769357562065125
6r6n__A1_Q1Q7P4--6r6n__B1_Q1Q7P3,17,2,1,3,0.5389014913504222,50.875,True,0.2954060435295105
6r6n__A1_Q1Q7P4--6r6n__B1_Q1Q7P3,18,2,2,3,0.4634290531578096,37.84375,True,0.8525380492210388
6r6n__A1_Q1Q7P4--6r6n__B1_Q1Q7P3,19,3,0,3,0.3105826074067375,34.53125,True,0.7397486567497253
6r6n__A1_Q1Q7P4--6r6n__B1_Q1Q7P3,20,2,0,3,0.2449201376698863,28.109375,True,0.08364730328321457
6ra0__A1_Q9XUJ7--6ra0__A2_Q9XUJ7,1,4,1,3,0.0150290523819252,58.9375,False,1.5731291568954475e-05
6ra0__A1_Q9XUJ7--6ra0__A2_Q9XUJ7,2,4,2,3,0.0122986518608096,57.59375,False,0.00010837873560376465
6ra0__A1_Q9XUJ7--6ra0__A2_Q9XUJ7,3,4,0,3,0.0132122979728573,56.84375,False,0.0053420295007526875
6ra0__A1_Q9XUJ7--6ra0__A2_Q9XUJ7,4,5,3,3,0.0157911074501001,56.65625,False,4.125891427975148e-05
6ra0__A1_Q9XUJ7--6ra0__A2_Q9XUJ7,5,4,3,3,0.0142923570519249,56.28125,False,9.709670121083036e-05
6ra0__A1_Q9XUJ7--6ra0__A2_Q9XUJ7,6,5,2,3,0.0240832384090951,56.21875,False,1.769052141753491e-05
6ra0__A1_Q9XUJ7--6ra0__A2_Q9XUJ7,7,5,1,3,0.0159365055353555,56.125,False,5.137029802426696e-05
6ra0__A1_Q9XUJ7--6ra0__A2_Q9XUJ7,8,3,1,3,0.0191218925297001,51.59375,False,4.193397217022721e-06
6ra0__A1_Q9XUJ7--6ra0__A2_Q9XUJ7,9,3,3,3,0.0203041377216996,51.4375,False,6.421392413358262e-07
6ra0__A1_Q9XUJ7--6ra0__A2_Q9XUJ7,10,3,2,3,0.0148413138037469,49.34375,False,6.932713586138561e-05
6ra0__A1_Q9XUJ7--6ra0__A2_Q9XUJ7,11,1,2,3,0.0340925647741834,28.78125,False,0.039130449295043945
6ra0__A1_Q9XUJ7--6ra0__A2_Q9XUJ7,12,1,1,3,0.0756600804396501,24.515625,False,0.01791846938431263
6ra0__A1_Q9XUJ7--6ra0__A2_Q9XUJ7,13,3,0,3,0.0733878922911226,23.140625,False,0.07116679102182388
6ra0__A1_Q9XUJ7--6ra0__A2_Q9XUJ7,14,1,0,3,0.0798769052849698,22.65625,False,0.015946097671985626
6ra0__A1_Q9XUJ7--6ra0__A2_Q9XUJ7,15,5,0,3,0.0630621632636317,22.390625,False,0.0977185070514679
6ra0__A1_Q9XUJ7--6ra0__A2_Q9XUJ7,16,2,0,3,0.0164346459629031,21.8125,False,7.356811693171039e-05
6ra0__A1_Q9XUJ7--6ra0__A2_Q9XUJ7,17,2,3,3,0.0244812125886889,20.03125,False,0.033826909959316254
6ra0__A1_Q9XUJ7--6ra0__A2_Q9XUJ7,18,1,3,3,0.0502789299946359,17.78125,False,0.011973339132964611
6ra0__A1_Q9XUJ7--6ra0__A2_Q9XUJ7,19,2,1,3,0.0341464683093555,15.0859375,False,0.05248064175248146
6ra0__A1_Q9XUJ7--6ra0__A2_Q9XUJ7,20,2,2,3,0.0978463832138025,13.3046875,False,0.03900281712412834
6ra9__B1_Q71V39--6ra9__A1_Q71V39,1,5,2,4,0.0248607106188873,25.484375,False,0.04297957941889763
6ra9__B1_Q71V39--6ra9__A1_Q71V39,2,5,0,4,0.0131747668076184,24.71875,False,0.10890304297208786
6ra9__B1_Q71V39--6ra9__A1_Q71V39,3,5,3,4,0.0221041419118133,24.125,False,0.10525864362716675
6ra9__B1_Q71V39--6ra9__A1_Q71V39,4,4,2,4,0.012870474043543,23.9375,False,0.0057295323349535465
6ra9__B1_Q71V39--6ra9__A1_Q71V39,5,4,0,4,0.0121012729215566,23.234375,False,0.02849072404205799
6ra9__B1_Q71V39--6ra9__A1_Q71V39,6,1,2,4,0.0494479552332201,22.671875,False,0.11955251544713974
6ra9__B1_Q71V39--6ra9__A1_Q71V39,7,2,2,4,0.016216407881616,22.328125,False,0.0027973067481070757
6ra9__B1_Q71V39--6ra9__A1_Q71V39,8,2,3,4,0.0190898434216581,21.796875,False,0.024475470185279846
6ra9__B1_Q71V39--6ra9__A1_Q71V39,9,5,1,4,0.0220426668776626,21.671875,False,0.02728598564863205
6ra9__B1_Q71V39--6ra9__A1_Q71V39,10,1,3,4,0.0187443456278231,21.5,False,0.18660111725330353
6ra9__B1_Q71V39--6ra9__A1_Q71V39,11,1,1,4,0.0652347281313609,21.453125,False,0.02671278640627861
6ra9__B1_Q71V39--6ra9__A1_Q71V39,12,2,0,4,0.0426115557800209,21.4375,False,0.07010132074356079
6ra9__B1_Q71V39--6ra9__A1_Q71V39,13,1,0,4,0.0494119000406424,21.09375,False,0.22462494671344757
6ra9__B1_Q71V39--6ra9__A1_Q71V39,14,4,1,4,0.0121712017531289,20.953125,False,0.005009939428418875
6ra9__B1_Q71V39--6ra9__A1_Q71V39,15,2,1,4,0.1662977112191485,20.5625,False,0.06516879796981812
6ra9__B1_Q71V39--6ra9__A1_Q71V39,16,3,2,4,0.045648378439779,20.453125,False,0.0020045232959091663
6ra9__B1_Q71V39--6ra9__A1_Q71V39,17,4,3,4,0.022092164293627,20.328125,False,0.05752795189619064
6ra9__B1_Q71V39--6ra9__A1_Q71V39,18,3,1,4,0.0306345138734052,20.28125,False,0.016381874680519104
6ra9__B1_Q71V39--6ra9__A1_Q71V39,19,3,3,4,0.0540565535865958,20.015625,False,0.005101833958178759
6ra9__B1_Q71V39--6ra9__A1_Q71V39,20,3,0,4,0.054192661784502,19.9375,False,0.024056127294898033
6rj8__A1_A0A5B8X6B5--6rj8__A2_A0A5B8X6B5,1,3,3,4,0.8755653663341508,92.875,True,0.9999967813491821
6rj8__A1_A0A5B8X6B5--6rj8__A2_A0A5B8X6B5,2,3,2,4,0.8748971176251029,92.6875,True,0.9999967813491821
6rj8__A1_A0A5B8X6B5--6rj8__A2_A0A5B8X6B5,3,3,0,4,0.8843691460864885,92.625,True,0.999996542930603
6rj8__A1_A0A5B8X6B5--6rj8__A2_A0A5B8X6B5,4,1,1,4,0.8724232299347471,92.5,True,0.999996542930603
6rj8__A1_A0A5B8X6B5--6rj8__A2_A0A5B8X6B5,5,2,0,4,0.867579434669334,92.1875,True,0.9999958276748657
6rj8__A1_A0A5B8X6B5--6rj8__A2_A0A5B8X6B5,6,4,3,4,0.8018476773059868,83.3125,True,0.9999562501907349
6rj8__A1_A0A5B8X6B5--6rj8__A2_A0A5B8X6B5,7,3,1,4,0.7587882451831648,82.75,True,0.8871907591819763
6rj8__A1_A0A5B8X6B5--6rj8__A2_A0A5B8X6B5,8,5,3,4,0.8487757517694875,75.375,True,0.9997332692146301
6rj8__A1_A0A5B8X6B5--6rj8__A2_A0A5B8X6B5,9,5,1,4,0.0089334294527963,53.25,False,0.961341917514801
6rj8__A1_A0A5B8X6B5--6rj8__A2_A0A5B8X6B5,10,5,2,4,0.0089755652657021,41.78125,False,0.9934720993041992
6rj8__A1_A0A5B8X6B5--6rj8__A2_A0A5B8X6B5,11,2,3,4,0.0088548785812482,40.53125,False,0.04568389430642128
6rj8__A1_A0A5B8X6B5--6rj8__A2_A0A5B8X6B5,12,5,0,4,0.0092170004182351,36.8125,False,0.9736965298652649
6rj8__A1_A0A5B8X6B5--6rj8__A2_A0A5B8X6B5,13,2,1,4,0.0101118795269151,30.796875,False,0.06297323852777481
6rj8__A1_A0A5B8X6B5--6rj8__A2_A0A5B8X6B5,14,2,2,4,0.0096937069596036,30.09375,False,0.0811644196510315
6rj8__A1_A0A5B8X6B5--6rj8__A2_A0A5B8X6B5,15,4,2,4,0.0127442435209642,29.328125,False,0.13055546581745148
6rj8__A1_A0A5B8X6B5--6rj8__A2_A0A5B8X6B5,16,1,3,4,0.0108121653526978,29.328125,False,0.4499019980430603
6rj8__A1_A0A5B8X6B5--6rj8__A2_A0A5B8X6B5,17,1,0,4,0.0109810659722035,28.671875,False,0.2191353738307953
6rj8__A1_A0A5B8X6B5--6rj8__A2_A0A5B8X6B5,18,1,2,4,0.0112096315891865,28.65625,False,0.24200813472270966
6rj8__A1_A0A5B8X6B5--6rj8__A2_A0A5B8X6B5,19,4,0,4,0.0120822985306834,27.625,False,0.5153085589408875
6rj8__A1_A0A5B8X6B5--6rj8__A2_A0A5B8X6B5,20,4,1,4,0.0134045882666826,26.09375,False,0.07975108921527863
6rm9__A1_G0SEG4--6rm9__B1_G0SFN3,1,5,2,4,0.8330006800487264,91.6875,True,0.8877838253974915
6rm9__A1_G0SEG4--6rm9__B1_G0SFN3,2,5,1,4,0.7079416294294836,90.625,True,0.8889126181602478
6rm9__A1_G0SEG4--6rm9__B1_G0SFN3,3,3,1,4,0.7678060721971431,89.875,True,0.9033802151679993
6rm9__A1_G0SEG4--6rm9__B1_G0SFN3,4,5,3,4,0.739182592220438,89.875,True,0.9173667430877686
6rm9__A1_G0SEG4--6rm9__B1_G0SFN3,5,5,0,4,0.7211569652924256,89.8125,True,0.8627445697784424
6rm9__A1_G0SEG4--6rm9__B1_G0SFN3,6,4,0,4,0.7476452035956779,89.6875,True,0.8883174061775208
6rm9__A1_G0SEG4--6rm9__B1_G0SFN3,7,3,0,4,0.7718683213465208,89.375,True,0.8932011723518372
6rm9__A1_G0SEG4--6rm9__B1_G0SFN3,8,4,1,4,0.7537926060824324,88.75,True,0.8930445909500122
6rm9__A1_G0SEG4--6rm9__B1_G0SFN3,9,3,2,4,0.7492827903287669,88.6875,True,0.9177255630493164
6rm9__A1_G0SEG4--6rm9__B1_G0SFN3,10,4,3,4,0.7440916957168119,88.625,True,0.9125950336456299
6rm9__A1_G0SEG4--6rm9__B1_G0SFN3,11,3,3,4,0.7524839930959235,88.5,True,0.9261372685432434
6rm9__A1_G0SEG4--6rm9__B1_G0SFN3,12,2,1,4,0.7314663424667088,88.4375,True,0.8466557264328003
6rm9__A1_G0SEG4--6rm9__B1_G0SFN3,13,4,2,4,0.7426019713745502,88.25,True,0.9122949838638306
6rm9__A1_G0SEG4--6rm9__B1_G0SFN3,14,1,3,4,0.7316338209797606,87.5,True,0.9285792112350464
6rm9__A1_G0SEG4--6rm9__B1_G0SFN3,15,2,0,4,0.7282128713578174,87.25,True,0.9009892344474792
6rm9__A1_G0SEG4--6rm9__B1_G0SFN3,16,2,2,4,0.7172973017403418,87.0,True,0.8959383368492126
6rm9__A1_G0SEG4--6rm9__B1_G0SFN3,17,1,0,4,0.7208431074079372,87.0,True,0.9304571151733398
6rm9__A1_G0SEG4--6rm9__B1_G0SFN3,18,1,2,4,0.712639966764495,86.625,True,0.9259980320930481
6rm9__A1_G0SEG4--6rm9__B1_G0SFN3,19,2,3,4,0.7242169826428299,86.5,True,0.9193701148033142
6rm9__A1_G0SEG4--6rm9__B1_G0SFN3,20,1,1,4,0.7061408206034202,85.1875,True,0.9205338954925537
6s6a__A1_Q7L523--6s6a__C1_Q9HB90,1,4,0,2,0.6542801785711593,90.125,True,0.8883238434791565
6s6a__A1_Q7L523--6s6a__C1_Q9HB90,2,4,2,2,0.6233608775600028,90.0625,True,0.884965181350708
6s6a__A1_Q7L523--6s6a__C1_Q9HB90,3,4,1,2,0.6610112630432988,90.0,True,0.8901854157447815
6s6a__A1_Q7L523--6s6a__C1_Q9HB90,4,5,3,2,0.6822626512903316,89.75,True,0.8511067628860474
6s6a__A1_Q7L523--6s6a__C1_Q9HB90,5,4,3,2,0.6635306517750008,89.75,True,0.8891927599906921
6s6a__A1_Q7L523--6s6a__C1_Q9HB90,6,5,2,2,0.6797188868842939,89.5625,True,0.8441974520683289
6s6a__A1_Q7L523--6s6a__C1_Q9HB90,7,2,0,2,0.7263007264208023,89.375,True,0.8560066819190979
6s6a__A1_Q7L523--6s6a__C1_Q9HB90,8,5,0,2,0.6806879156592718,89.3125,True,0.8464507460594177
6s6a__A1_Q7L523--6s6a__C1_Q9HB90,9,1,3,2,0.7020437105573221,89.3125,True,0.8651629686355591
6s6a__A1_Q7L523--6s6a__C1_Q9HB90,10,2,1,2,0.7229480008784067,89.3125,True,0.8565188646316528
6s6a__A1_Q7L523--6s6a__C1_Q9HB90,11,1,2,2,0.6909044787217659,89.0625,True,0.859867513179779
6s6a__A1_Q7L523--6s6a__C1_Q9HB90,12,2,2,2,0.7007908561201738,89.0,True,0.8539993762969971
6s6a__A1_Q7L523--6s6a__C1_Q9HB90,13,2,3,2,0.7146896399627579,88.8125,True,0.857196033000946
6s6a__A1_Q7L523--6s6a__C1_Q9HB90,14,3,2,2,0.7075053701604155,88.6875,True,0.8922767639160156
6s6a__A1_Q7L523--6s6a__C1_Q9HB90,15,5,1,2,0.719387367007876,88.5625,True,0.8937659859657288
6s6a__A1_Q7L523--6s6a__C1_Q9HB90,16,1,1,2,0.707432547123688,88.5,True,0.8651629686355591
6s6a__A1_Q7L523--6s6a__C1_Q9HB90,17,1,0,2,0.708572701651527,88.4375,True,0.8651629686355591
6s6a__A1_Q7L523--6s6a__C1_Q9HB90,18,3,0,2,0.7133862108373887,88.3125,True,0.8933409452438354
6s6a__A1_Q7L523--6s6a__C1_Q9HB90,19,3,1,2,0.7052076848481411,88.0625,True,0.8939333558082581
6s6a__A1_Q7L523--6s6a__C1_Q9HB90,20,3,3,2,0.7327215625413128,87.8125,True,0.8936341404914856
6s9j__A1_Q8AZ57--6s9j__B1_A0A060BIS8,1,2,1,3,0.0092203128599265,27.734375,False,0.03377487510442734
6s9j__A1_Q8AZ57--6s9j__B1_A0A060BIS8,2,3,2,3,0.0592430741879975,26.0,False,0.08212815970182419
6s9j__A1_Q8AZ57--6s9j__B1_A0A060BIS8,3,1,2,3,0.0282797070763823,25.359375,False,0.024793075397610664
6s9j__A1_Q8AZ57--6s9j__B1_A0A060BIS8,4,4,1,3,0.0463608156809303,24.25,False,0.005138862412422895
6s9j__A1_Q8AZ57--6s9j__B1_A0A060BIS8,5,2,0,3,0.0084945375007333,24.171875,False,0.07017464935779572
6s9j__A1_Q8AZ57--6s9j__B1_A0A060BIS8,6,4,0,3,0.0575437974908895,23.921875,False,0.015448416583240032
6s9j__A1_Q8AZ57--6s9j__B1_A0A060BIS8,7,5,0,3,0.0341627807990752,23.109375,False,0.004751612897962332
6s9j__A1_Q8AZ57--6s9j__B1_A0A060BIS8,8,4,2,3,0.0670722232726243,23.109375,False,0.037145908921957016
6s9j__A1_Q8AZ57--6s9j__B1_A0A060BIS8,9,1,1,3,0.0392264087738797,22.5,False,0.029126888141036034
6s9j__A1_Q8AZ57--6s9j__B1_A0A060BIS8,10,1,0,3,0.0203711329737577,22.4375,False,0.04244212433695793
6s9j__A1_Q8AZ57--6s9j__B1_A0A060BIS8,11,2,2,3,0.0313064530905503,22.203125,False,0.028001420199871063
6s9j__A1_Q8AZ57--6s9j__B1_A0A060BIS8,12,5,2,3,0.0558274938975342,22.171875,False,0.16576702892780304
6s9j__A1_Q8AZ57--6s9j__B1_A0A060BIS8,13,5,1,3,0.0252180914894136,22.078125,False,0.0006354585639201105
6s9j__A1_Q8AZ57--6s9j__B1_A0A060BIS8,14,2,3,3,0.0145350296489594,21.9375,False,0.059187959879636765
6s9j__A1_Q8AZ57--6s9j__B1_A0A060BIS8,15,3,3,3,0.0279772796781864,21.890625,False,0.002658271696418524
6s9j__A1_Q8AZ57--6s9j__B1_A0A060BIS8,16,5,3,3,0.0267650225212646,21.890625,False,0.010875267907977104
6s9j__A1_Q8AZ57--6s9j__B1_A0A060BIS8,17,1,3,3,0.0402942734539858,21.546875,False,0.002764282748103142
6s9j__A1_Q8AZ57--6s9j__B1_A0A060BIS8,18,3,1,3,0.0295069711575706,21.328125,False,0.012384764850139618
6s9j__A1_Q8AZ57--6s9j__B1_A0A060BIS8,19,4,3,3,0.0577095889924989,21.296875,False,0.04186439886689186
6s9j__A1_Q8AZ57--6s9j__B1_A0A060BIS8,20,3,0,3,0.0169062420668531,19.359375,False,0.04334578290581703
6sqc__A1_P0AEX9--6sqc__B1_Q9Y6Q9,1,3,2,3,0.2669722961001888,71.0,True,0.010480720549821854
6sqc__A1_P0AEX9--6sqc__B1_Q9Y6Q9,2,3,1,3,0.2613540499804739,70.875,True,0.01329132355749607
6sqc__A1_P0AEX9--6sqc__B1_Q9Y6Q9,3,5,1,3,0.2911998944612045,68.5625,True,0.4900241494178772
6sqc__A1_P0AEX9--6sqc__B1_Q9Y6Q9,4,2,3,3,0.2865158022796101,68.0,True,0.7934884428977966
6sqc__A1_P0AEX9--6sqc__B1_Q9Y6Q9,5,5,2,3,0.2783352059297539,67.875,True,0.469065397977829
6sqc__A1_P0AEX9--6sqc__B1_Q9Y6Q9,6,2,1,3,0.3175823284716492,64.75,True,0.052871670573949814
6sqc__A1_P0AEX9--6sqc__B1_Q9Y6Q9,7,2,0,3,0.2996863412623458,61.6875,True,0.028302865102887154
6sqc__A1_P0AEX9--6sqc__B1_Q9Y6Q9,8,5,0,3,0.0627620879121002,45.78125,False,0.13773228228092194
6sqc__A1_P0AEX9--6sqc__B1_Q9Y6Q9,9,4,0,3,0.180020498563269,44.78125,False,0.12769055366516113
6sqc__A1_P0AEX9--6sqc__B1_Q9Y6Q9,10,5,3,3,0.0797821075128043,44.3125,False,0.043167583644390106
6sqc__A1_P0AEX9--6sqc__B1_Q9Y6Q9,11,4,1,3,0.1693525750872669,42.8125,False,0.029278386384248734
6sqc__A1_P0AEX9--6sqc__B1_Q9Y6Q9,12,3,0,3,0.0931525789719818,41.96875,False,0.9918530583381653
6sqc__A1_P0AEX9--6sqc__B1_Q9Y6Q9,13,1,3,3,0.1135422719839837,40.5625,False,0.2017357498407364
6sqc__A1_P0AEX9--6sqc__B1_Q9Y6Q9,14,4,2,3,0.1345373648797273,39.9375,False,0.05028626322746277
6sqc__A1_P0AEX9--6sqc__B1_Q9Y6Q9,15,4,3,3,0.0623323818024452,38.53125,False,0.030691785737872124
6sqc__A1_P0AEX9--6sqc__B1_Q9Y6Q9,16,3,3,3,0.103724850152575,38.0,False,0.8007918000221252
6sqc__A1_P0AEX9--6sqc__B1_Q9Y6Q9,17,1,1,3,0.1881169831910402,37.09375,False,0.14502276480197906
6sqc__A1_P0AEX9--6sqc__B1_Q9Y6Q9,18,1,2,3,0.1511720604234632,37.0,False,0.05059162899851799
6sqc__A1_P0AEX9--6sqc__B1_Q9Y6Q9,19,1,0,3,0.08653972219592,36.21875,False,0.09979211539030075
6sqc__A1_P0AEX9--6sqc__B1_Q9Y6Q9,20,2,2,3,0.1982888670222735,35.125,False,0.1865478903055191
6sqj__A1_Q04245--6sqj__B1_Q04245,1,4,0,0,0.029361257500665,74.4375,False,0.1269155591726303
6sqj__A1_Q04245--6sqj__B1_Q04245,2,3,0,0,0.0162815343408183,69.875,False,0.0037458722945302725
6sqj__A1_Q04245--6sqj__B1_Q04245,3,2,3,0,0.0826302834278455,60.3125,False,0.9588121175765991
6sqj__A1_Q04245--6sqj__B1_Q04245,4,2,0,0,0.1299620296105481,48.28125,False,0.8764850497245789
6sqj__A1_Q04245--6sqj__B1_Q04245,5,2,1,0,0.0892775404662859,47.5,False,0.7692030072212219
6sqj__A1_Q04245--6sqj__B1_Q04245,6,4,1,0,0.0298293074427922,44.8125,False,0.19184145331382751
6sqj__A1_Q04245--6sqj__B1_Q04245,7,2,2,0,0.1073421668253744,41.5,False,0.6896352767944336
6sqj__A1_Q04245--6sqj__B1_Q04245,8,5,3,0,0.0998561257967985,40.53125,False,0.9662895798683167
6sqj__A1_Q04245--6sqj__B1_Q04245,9,4,2,0,0.0307465220007613,37.875,False,0.10634913295507431
6sqj__A1_Q04245--6sqj__B1_Q04245,10,5,2,0,0.1254085764679022,36.375,False,0.9862220883369446
6sqj__A1_Q04245--6sqj__B1_Q04245,11,5,1,0,0.1466697529001845,34.65625,False,0.1683591604232788
6sqj__A1_Q04245--6sqj__B1_Q04245,12,3,2,0,0.4377086132467753,33.03125,True,0.027232207357883453
6sqj__A1_Q04245--6sqj__B1_Q04245,13,5,0,0,0.1507225332735957,31.796875,False,0.8588168025016785
6sqj__A1_Q04245--6sqj__B1_Q04245,14,1,2,0,0.4673502759051413,31.609375,True,0.07260757684707642
6sqj__A1_Q04245--6sqj__B1_Q04245,15,1,0,0,0.0909025974429581,31.484375,False,0.024060852825641632
6sqj__A1_Q04245--6sqj__B1_Q04245,16,4,3,0,0.0357255504222732,31.25,False,0.03387102112174034
6sqj__A1_Q04245--6sqj__B1_Q04245,17,1,1,0,0.0677983970147583,31.1875,False,0.03878108784556389
6sqj__A1_Q04245--6sqj__B1_Q04245,18,1,3,0,0.1248203267572582,30.234375,False,0.024465002119541168
6sqj__A1_Q04245--6sqj__B1_Q04245,19,3,3,0,0.6638037792398193,29.5,True,0.05016349256038666
6sqj__A1_Q04245--6sqj__B1_Q04245,20,3,1,0,0.031510349704659,24.953125,False,0.012964386492967606
6t6q__A1_A0A0F7VBC6--6t6q__B1_A0A0F7VBC6,1,5,3,4,0.0328870692358739,44.28125,False,0.39731547236442566
6t6q__A1_A0A0F7VBC6--6t6q__B1_A0A0F7VBC6,2,5,2,4,0.0579335055477222,27.5625,False,0.12531404197216034
6t6q__A1_A0A0F7VBC6--6t6q__B1_A0A0F7VBC6,3,1,0,4,0.0594486391036361,24.734375,False,0.12458137422800064
6t6q__A1_A0A0F7VBC6--6t6q__B1_A0A0F7VBC6,4,5,1,4,0.0480001735887796,23.59375,False,0.6298735737800598
6t6q__A1_A0A0F7VBC6--6t6q__B1_A0A0F7VBC6,5,3,2,4,0.0449083626698768,23.375,False,0.01716543547809124
6t6q__A1_A0A0F7VBC6--6t6q__B1_A0A0F7VBC6,6,5,0,4,0.0486664360762921,23.125,False,0.17957858741283417
6t6q__A1_A0A0F7VBC6--6t6q__B1_A0A0F7VBC6,7,4,3,4,0.0462792944372198,21.53125,False,0.9221147894859314
6t6q__A1_A0A0F7VBC6--6t6q__B1_A0A0F7VBC6,8,3,0,4,0.0321390590252307,21.5,False,0.2053334265947342
6t6q__A1_A0A0F7VBC6--6t6q__B1_A0A0F7VBC6,9,1,1,4,0.1027943488951496,20.46875,False,0.11618762463331223
6t6q__A1_A0A0F7VBC6--6t6q__B1_A0A0F7VBC6,10,4,2,4,0.0454873603597206,19.953125,False,0.653319776058197
6t6q__A1_A0A0F7VBC6--6t6q__B1_A0A0F7VBC6,11,2,1,4,0.087965307416159,19.75,False,0.3277130424976349
6t6q__A1_A0A0F7VBC6--6t6q__B1_A0A0F7VBC6,12,1,3,4,0.1844776512902665,19.375,False,0.0018606731900945306
6t6q__A1_A0A0F7VBC6--6t6q__B1_A0A0F7VBC6,13,1,2,4,0.1901904793849586,19.359375,False,0.00034175103064626455
6t6q__A1_A0A0F7VBC6--6t6q__B1_A0A0F7VBC6,14,2,3,4,0.1091564510446257,18.890625,False,0.06167971342802048
6t6q__A1_A0A0F7VBC6--6t6q__B1_A0A0F7VBC6,15,3,1,4,0.0714738891727883,18.828125,False,0.003852065186947584
6t6q__A1_A0A0F7VBC6--6t6q__B1_A0A0F7VBC6,16,4,0,4,0.0574007604299554,18.8125,False,0.1550026535987854
6t6q__A1_A0A0F7VBC6--6t6q__B1_A0A0F7VBC6,17,3,3,4,0.0713510512461157,18.765625,False,0.01217249222099781
6t6q__A1_A0A0F7VBC6--6t6q__B1_A0A0F7VBC6,18,2,0,4,0.133489969437238,18.296875,False,0.006744653917849064
6t6q__A1_A0A0F7VBC6--6t6q__B1_A0A0F7VBC6,19,2,2,4,0.1342837039710783,17.640625,False,0.019849564880132675
6t6q__A1_A0A0F7VBC6--6t6q__B1_A0A0F7VBC6,20,4,1,4,0.0218943996761701,16.71875,False,0.001747216796502471
6tgk__A1_Q05086--6tgk__A2_Q05086,1,3,2,3,0.700625532962126,76.875,True,0.0004112411697860807
6tgk__A1_Q05086--6tgk__A2_Q05086,2,3,3,3,0.8334380449666728,75.9375,True,0.004487229976803064
6tgk__A1_Q05086--6tgk__A2_Q05086,3,3,1,3,0.6963673255673153,73.9375,True,0.00023833688464947045
6tgk__A1_Q05086--6tgk__A2_Q05086,4,3,0,3,0.7476126521364704,73.4375,True,0.0032852396834641695
6tgk__A1_Q05086--6tgk__A2_Q05086,5,4,0,3,0.7384942214342464,73.4375,True,0.00285533769056201
6tgk__A1_Q05086--6tgk__A2_Q05086,6,4,2,3,0.8054237525249067,73.0625,True,0.0030546914786100388
6tgk__A1_Q05086--6tgk__A2_Q05086,7,4,3,3,0.8909190369701778,72.8125,True,0.0030546914786100388
6tgk__A1_Q05086--6tgk__A2_Q05086,8,4,1,3,0.9290644405425476,72.8125,True,0.003305116668343544
6tgk__A1_Q05086--6tgk__A2_Q05086,9,5,2,3,0.6000084219924728,71.5625,True,0.00032709623337723315
6tgk__A1_Q05086--6tgk__A2_Q05086,10,5,1,3,0.6537846194216234,71.25,True,0.0003551718546077609
6tgk__A1_Q05086--6tgk__A2_Q05086,11,5,3,3,0.6525016075321418,70.625,True,0.00040428934153169394
6tgk__A1_Q05086--6tgk__A2_Q05086,12,5,0,3,0.7448083191233009,68.1875,True,0.0010466185631230474
6tgk__A1_Q05086--6tgk__A2_Q05086,13,2,1,3,0.035170057289239,27.3125,False,0.17649586498737335
6tgk__A1_Q05086--6tgk__A2_Q05086,14,2,2,3,0.0330861516184872,26.109375,False,0.13671405613422394
6tgk__A1_Q05086--6tgk__A2_Q05086,15,2,3,3,0.0546700588204674,22.890625,False,0.035187993198633194
6tgk__A1_Q05086--6tgk__A2_Q05086,16,1,1,3,0.0420661191584691,21.484375,False,0.09097409248352051
6tgk__A1_Q05086--6tgk__A2_Q05086,17,1,3,3,0.0351696434519052,21.25,False,0.11052374541759491
6tgk__A1_Q05086--6tgk__A2_Q05086,18,1,2,3,0.0432661455831897,20.828125,False,0.047270894050598145
6tgk__A1_Q05086--6tgk__A2_Q05086,19,2,0,3,0.0383905410773375,20.734375,False,0.1677701324224472
6tgk__A1_Q05086--6tgk__A2_Q05086,20,1,0,3,0.044786706582174,20.5625,False,0.029890909790992737
6tp8__A1_P41365--6tp8__B1_P41365,1,3,2,2,0.0270528369830388,65.6875,False,0.12174185365438461
6tp8__A1_P41365--6tp8__B1_P41365,2,2,2,2,0.0342457911338461,58.0625,False,0.14194262027740479
6tp8__A1_P41365--6tp8__B1_P41365,3,2,0,2,0.0337696822442713,57.6875,False,0.5549760460853577
6tp8__A1_P41365--6tp8__B1_P41365,4,2,3,2,0.0332035913536272,55.03125,False,0.22087930142879486
6tp8__A1_P41365--6tp8__B1_P41365,5,2,1,2,0.0340788303757324,53.25,False,0.2180003970861435
6tp8__A1_P41365--6tp8__B1_P41365,6,5,3,2,0.0365437543893891,39.25,False,0.26140591502189636
6tp8__A1_P41365--6tp8__B1_P41365,7,5,1,2,0.0380734111874209,34.40625,False,0.021229837089776993
6tp8__A1_P41365--6tp8__B1_P41365,8,5,0,2,0.0278804478322687,34.1875,False,0.0004670619382523
6tp8__A1_P41365--6tp8__B1_P41365,9,3,0,2,0.0292164127643833,32.8125,False,0.07701722532510757
6tp8__A1_P41365--6tp8__B1_P41365,10,1,0,2,0.0296626002024454,32.59375,False,5.0149451453762595e-06
6tp8__A1_P41365--6tp8__B1_P41365,11,3,3,2,0.0310194857534141,32.125,False,0.2311963438987732
6tp8__A1_P41365--6tp8__B1_P41365,12,5,2,2,0.0382978275702145,32.03125,False,0.050879739224910736
6tp8__A1_P41365--6tp8__B1_P41365,13,1,1,2,0.0302958167259313,31.90625,False,1.0730302619776921e-06
6tp8__A1_P41365--6tp8__B1_P41365,14,1,2,2,0.0300322468029982,31.859375,False,1.219280306941073e-06
6tp8__A1_P41365--6tp8__B1_P41365,15,1,3,2,0.0301537575713589,31.546875,False,2.585097945484449e-06
6tp8__A1_P41365--6tp8__B1_P41365,16,3,1,2,0.0291389325390842,31.484375,False,0.007742850575596094
6tp8__A1_P41365--6tp8__B1_P41365,17,4,1,2,0.0266019213227008,28.796875,False,0.002673648064956069
6tp8__A1_P41365--6tp8__B1_P41365,18,4,0,2,0.0263536450406779,26.890625,False,0.018694188445806503
6tp8__A1_P41365--6tp8__B1_P41365,19,4,3,2,0.0433914545310551,26.5625,False,0.030785607174038887
6tp8__A1_P41365--6tp8__B1_P41365,20,4,2,2,0.024908081314526,26.296875,False,0.08809492737054825
6u7f__A1_P15144--6u7f__C1_Q1HVL3,1,3,1,0,0.0068917566344497,41.125,False,0.07777712494134903
6u7f__A1_P15144--6u7f__C1_Q1HVL3,2,3,2,0,0.0067219463980896,41.0625,False,0.04105560854077339
6u7f__A1_P15144--6u7f__C1_Q1HVL3,3,3,0,0,0.0066665361488912,40.71875,False,0.11491135507822037
6u7f__A1_P15144--6u7f__C1_Q1HVL3,4,3,3,0,0.0065831903057573,40.65625,False,0.10404451191425323
6u7f__A1_P15144--6u7f__C1_Q1HVL3,5,5,1,0,0.0066490364161284,38.5,False,0.11341569572687149
6u7f__A1_P15144--6u7f__C1_Q1HVL3,6,5,0,0,0.007065241746215,38.15625,False,0.049178190529346466
6u7f__A1_P15144--6u7f__C1_Q1HVL3,7,5,2,0,0.0066695873381869,37.84375,False,0.6313561201095581
6u7f__A1_P15144--6u7f__C1_Q1HVL3,8,5,3,0,0.0065436579238491,37.6875,False,0.4356171488761902
6u7f__A1_P15144--6u7f__C1_Q1HVL3,9,4,2,0,0.0061033650649899,36.65625,False,0.1125819981098175
6u7f__A1_P15144--6u7f__C1_Q1HVL3,10,4,0,0,0.0063834040316156,36.3125,False,0.017539096996188164
6u7f__A1_P15144--6u7f__C1_Q1HVL3,11,4,3,0,0.0060485546372369,36.0,False,0.07029178738594055
6u7f__A1_P15144--6u7f__C1_Q1HVL3,12,4,1,0,0.0061646172961709,36.0,False,0.08389514684677124
6u7f__A1_P15144--6u7f__C1_Q1HVL3,13,2,2,0,0.0072744664577836,32.96875,False,0.12116552144289017
6u7f__A1_P15144--6u7f__C1_Q1HVL3,14,2,1,0,0.0069085201623678,32.875,False,0.299271821975708
6u7f__A1_P15144--6u7f__C1_Q1HVL3,15,2,0,0,0.0070410285187622,32.46875,False,0.22883230447769165
6u7f__A1_P15144--6u7f__C1_Q1HVL3,16,2,3,0,0.0068817976071394,32.4375,False,0.24929463863372803
6u7f__A1_P15144--6u7f__C1_Q1HVL3,17,1,0,0,0.0061881244256146,31.5625,False,0.2355608344078064
6u7f__A1_P15144--6u7f__C1_Q1HVL3,18,1,1,0,0.0058151726576233,31.296875,False,0.12423662841320038
6u7f__A1_P15144--6u7f__C1_Q1HVL3,19,1,3,0,0.0060824495084436,30.9375,False,0.14602039754390717
6u7f__A1_P15144--6u7f__C1_Q1HVL3,20,1,2,0,0.0062488944338392,30.65625,False,0.10385029017925262
6ubo__A1_P0A901--6ubo__B1_P0A901,1,3,0,2,0.0640170394411847,86.5,False,0.04025978967547417
6ubo__A1_P0A901--6ubo__B1_P0A901,2,3,3,2,0.0642178160382011,86.4375,False,0.04025978967547417
6ubo__A1_P0A901--6ubo__B1_P0A901,3,3,2,2,0.0648801824395389,86.375,False,0.04025978967547417
6ubo__A1_P0A901--6ubo__B1_P0A901,4,3,1,2,0.0645535284101572,86.25,False,0.04025978967547417
6ubo__A1_P0A901--6ubo__B1_P0A901,5,5,0,2,0.1175307420826722,50.5625,False,0.15815646946430206
6ubo__A1_P0A901--6ubo__B1_P0A901,6,5,1,2,0.1181800517811807,41.71875,False,0.048791322857141495
6ubo__A1_P0A901--6ubo__B1_P0A901,7,2,0,2,0.1276730003969963,37.71875,False,0.3960641920566559
6ubo__A1_P0A901--6ubo__B1_P0A901,8,5,2,2,0.1092681714980823,37.15625,False,0.10448089241981506
6ubo__A1_P0A901--6ubo__B1_P0A901,9,2,1,2,0.1265794369343832,35.53125,False,0.9671630859375
6ubo__A1_P0A901--6ubo__B1_P0A901,10,2,3,2,0.192080224428759,35.0625,False,0.21715839207172394
6ubo__A1_P0A901--6ubo__B1_P0A901,11,2,2,2,0.1829373181599548,34.40625,False,0.23777174949645996
6ubo__A1_P0A901--6ubo__B1_P0A901,12,5,3,2,0.1271064128046401,32.53125,False,0.8946146965026855
6ubo__A1_P0A901--6ubo__B1_P0A901,13,1,1,2,0.1951372486899636,32.28125,False,0.0004704892635345459
6ubo__A1_P0A901--6ubo__B1_P0A901,14,1,0,2,0.2292793921906456,31.09375,False,0.038709890097379684
6ubo__A1_P0A901--6ubo__B1_P0A901,15,1,2,2,0.194432687196791,30.984375,False,3.8995240174699575e-05
6ubo__A1_P0A901--6ubo__B1_P0A901,16,1,3,2,0.2068146596875784,30.59375,False,0.16230866312980652
6ubo__A1_P0A901--6ubo__B1_P0A901,17,4,2,2,0.2517961525476206,23.28125,True,0.40949487686157227
6ubo__A1_P0A901--6ubo__B1_P0A901,18,4,1,2,0.1809898963177394,23.25,False,0.23325210809707642
6ubo__A1_P0A901--6ubo__B1_P0A901,19,4,0,2,0.2140337751489002,22.765625,False,0.3803071975708008
6ubo__A1_P0A901--6ubo__B1_P0A901,20,4,3,2,0.2006298754126246,22.703125,False,0.29138806462287903
6ust__A1_A0A174CV66--6ust__D2_A0A174CV66,1,5,3,0,0.0044074617767606,77.1875,False,1.2859686648880597e-08
6ust__A1_A0A174CV66--6ust__D2_A0A174CV66,2,5,1,0,0.0044091349752081,76.625,False,9.434836023558546e-09
6ust__A1_A0A174CV66--6ust__D2_A0A174CV66,3,5,0,0,0.0044034555843933,76.5,False,8.190691858089849e-08
6ust__A1_A0A174CV66--6ust__D2_A0A174CV66,4,5,2,0,0.0043975121302387,75.625,False,1.279948605770187e-06
6ust__A1_A0A174CV66--6ust__D2_A0A174CV66,5,1,3,0,0.0043479308825725,64.3125,False,4.349129540059948e-06
6ust__A1_A0A174CV66--6ust__D2_A0A174CV66,6,3,3,0,0.0044274110700042,60.96875,False,5.0669900701905135e-06
6ust__A1_A0A174CV66--6ust__D2_A0A174CV66,7,1,2,0,0.0043828861330092,56.875,False,2.9581286071334034e-05
6ust__A1_A0A174CV66--6ust__D2_A0A174CV66,8,3,1,0,0.0045182901020692,49.40625,False,0.00028706254670396447
6ust__A1_A0A174CV66--6ust__D2_A0A174CV66,9,1,1,0,0.0045096976991282,40.6875,False,0.010810180567204952
6ust__A1_A0A174CV66--6ust__D2_A0A174CV66,10,3,2,0,0.0046041225911189,36.4375,False,0.3231537640094757
6ust__A1_A0A174CV66--6ust__D2_A0A174CV66,11,3,0,0,0.0046682385092314,35.25,False,0.14659777283668518
6ust__A1_A0A174CV66--6ust__D2_A0A174CV66,12,1,0,0,0.0045851422938349,31.796875,False,0.19925981760025024
6ust__A1_A0A174CV66--6ust__D2_A0A174CV66,13,2,0,0,0.0042769975295331,30.703125,False,0.003957611508667469
6ust__A1_A0A174CV66--6ust__D2_A0A174CV66,14,4,0,0,0.0042731174713022,29.828125,False,0.18228551745414734
6ust__A1_A0A174CV66--6ust__D2_A0A174CV66,15,4,1,0,0.004263704738097,29.6875,False,0.049719687551259995
6ust__A1_A0A174CV66--6ust__D2_A0A174CV66,16,2,3,0,0.0043543527693515,29.375,False,0.07252664119005203
6ust__A1_A0A174CV66--6ust__D2_A0A174CV66,17,4,3,0,0.0042489375665517,28.46875,False,6.402171129593626e-05
6ust__A1_A0A174CV66--6ust__D2_A0A174CV66,18,4,2,0,0.004281199963491,28.34375,False,0.018557166680693626
6ust__A1_A0A174CV66--6ust__D2_A0A174CV66,19,2,1,0,0.004316089813255,27.796875,False,0.0011870345333591104
6ust__A1_A0A174CV66--6ust__D2_A0A174CV66,20,2,2,0,0.0044482764924878,27.015625,False,0.34731197357177734
6vax__A1_P31040--6vax__B1_Q9NX18,1,4,1,2,0.6319603056141553,94.375,True,0.9025574326515198
6vax__A1_P31040--6vax__B1_Q9NX18,2,4,2,2,0.6339909297940355,94.3125,True,0.913769006729126
6vax__A1_P31040--6vax__B1_Q9NX18,3,3,0,2,0.6214799524717355,94.25,True,0.9270805716514587
6vax__A1_P31040--6vax__B1_Q9NX18,4,4,0,2,0.6499406260416914,94.1875,True,0.9012461304664612
6vax__A1_P31040--6vax__B1_Q9NX18,5,5,0,2,0.667717949034946,94.1875,True,0.9014471769332886
6vax__A1_P31040--6vax__B1_Q9NX18,6,5,1,2,0.6665523040515915,94.125,True,0.9172840714454651
6vax__A1_P31040--6vax__B1_Q9NX18,7,5,2,2,0.648776417978497,94.0625,True,0.9176544547080994
6vax__A1_P31040--6vax__B1_Q9NX18,8,3,1,2,0.6251509714773539,94.0,True,0.8930681347846985
6vax__A1_P31040--6vax__B1_Q9NX18,9,4,3,2,0.6507144258621543,93.9375,True,0.9326941967010498
6vax__A1_P31040--6vax__B1_Q9NX18,10,5,3,2,0.6538951604453274,93.875,True,0.9339569211006165
6vax__A1_P31040--6vax__B1_Q9NX18,11,3,2,2,0.6506094966505862,93.8125,True,0.9200571179389954
6vax__A1_P31040--6vax__B1_Q9NX18,12,1,0,2,0.6486201083231345,93.8125,True,0.9326551556587219
6vax__A1_P31040--6vax__B1_Q9NX18,13,1,2,2,0.6217399157405854,93.625,True,0.8646550178527832
6vax__A1_P31040--6vax__B1_Q9NX18,14,2,2,2,0.6576543755992528,93.625,True,0.840906023979187
6vax__A1_P31040--6vax__B1_Q9NX18,15,2,1,2,0.6566308880104826,93.5625,True,0.8509621620178223
6vax__A1_P31040--6vax__B1_Q9NX18,16,1,3,2,0.637923828224496,93.5625,True,0.9086598753929138
6vax__A1_P31040--6vax__B1_Q9NX18,17,1,1,2,0.6334112397861039,93.4375,True,0.9177600741386414
6vax__A1_P31040--6vax__B1_Q9NX18,18,2,0,2,0.6479405368782386,93.3125,True,0.8832359910011292
6vax__A1_P31040--6vax__B1_Q9NX18,19,2,3,2,0.6458576393412042,93.25,True,0.9163249731063843
6vax__A1_P31040--6vax__B1_Q9NX18,20,3,3,2,0.6346070555959807,93.1875,True,0.8969406485557556
6vwo__A1_P0AEW6--6vwo__A2_P0AEW6,1,2,2,1,0.5836961484115966,87.875,True,0.7531988620758057
6vwo__A1_P0AEW6--6vwo__A2_P0AEW6,2,2,0,1,0.5816259552260622,87.5,True,0.7441410422325134
6vwo__A1_P0AEW6--6vwo__A2_P0AEW6,3,2,1,1,0.5932483384578243,87.0625,True,0.782042384147644
6vwo__A1_P0AEW6--6vwo__A2_P0AEW6,4,2,3,1,0.5790188693335633,86.625,True,0.7995678186416626
6vwo__A1_P0AEW6--6vwo__A2_P0AEW6,5,3,0,1,0.5783320353395744,85.6875,True,0.8558968305587769
6vwo__A1_P0AEW6--6vwo__A2_P0AEW6,6,5,0,1,0.6047505254704788,84.75,True,0.7588976621627808
6vwo__A1_P0AEW6--6vwo__A2_P0AEW6,7,5,3,1,0.6145041263002208,84.375,True,0.775390088558197
6vwo__A1_P0AEW6--6vwo__A2_P0AEW6,8,5,2,1,0.6085352730130656,84.25,True,0.7588976621627808
6vwo__A1_P0AEW6--6vwo__A2_P0AEW6,9,3,2,1,0.5822619069930653,83.6875,True,0.8558968305587769
6vwo__A1_P0AEW6--6vwo__A2_P0AEW6,10,5,1,1,0.6076278619676136,83.5625,True,0.7361356616020203
6vwo__A1_P0AEW6--6vwo__A2_P0AEW6,11,3,3,1,0.5855984094957664,82.0,True,0.8584089875221252
6vwo__A1_P0AEW6--6vwo__A2_P0AEW6,12,3,1,1,0.6095056208137145,80.3125,True,0.7849395275115967
6vwo__A1_P0AEW6--6vwo__A2_P0AEW6,13,1,2,1,0.5836417867292357,80.1875,True,0.8676766157150269
6vwo__A1_P0AEW6--6vwo__A2_P0AEW6,14,1,0,1,0.5812537048169849,80.0625,True,0.8676766157150269
6vwo__A1_P0AEW6--6vwo__A2_P0AEW6,15,1,1,1,0.5927688418298721,78.3125,True,0.8649138808250427
6vwo__A1_P0AEW6--6vwo__A2_P0AEW6,16,1,3,1,0.58260419734235,78.3125,True,0.8676766157150269
6vwo__A1_P0AEW6--6vwo__A2_P0AEW6,17,4,1,1,0.6289834718052959,75.1875,True,0.7893297076225281
6vwo__A1_P0AEW6--6vwo__A2_P0AEW6,18,4,2,1,0.6251297711923335,74.8125,True,0.7610793113708496
6vwo__A1_P0AEW6--6vwo__A2_P0AEW6,19,4,0,1,0.6823238945338591,73.25,True,0.8384302854537964
6vwo__A1_P0AEW6--6vwo__A2_P0AEW6,20,4,3,1,0.6548326492678512,69.875,True,0.9202297329902649
6w2n__A1_Q4DJ68--6w2n__A2_Q4DJ68,1,4,0,2,0.5138611555906126,90.875,True,0.888543426990509
6w2n__A1_Q4DJ68--6w2n__A2_Q4DJ68,2,4,1,2,0.5166088053200688,90.875,True,0.890544056892395
6w2n__A1_Q4DJ68--6w2n__A2_Q4DJ68,3,4,3,2,0.5179437583755492,90.75,True,0.8998494744300842
6w2n__A1_Q4DJ68--6w2n__A2_Q4DJ68,4,1,1,2,0.5211858520548948,90.625,True,0.8961097598075867
6w2n__A1_Q4DJ68--6w2n__A2_Q4DJ68,5,1,3,2,0.5362214001499622,90.5,True,0.8999517560005188
6w2n__A1_Q4DJ68--6w2n__A2_Q4DJ68,6,4,2,2,0.5293752819137091,90.4375,True,0.9097616076469421
6w2n__A1_Q4DJ68--6w2n__A2_Q4DJ68,7,1,2,2,0.5264283082003892,90.375,True,0.9020609855651855
6w2n__A1_Q4DJ68--6w2n__A2_Q4DJ68,8,1,0,2,0.5377121251082658,90.3125,True,0.9020609855651855
6w2n__A1_Q4DJ68--6w2n__A2_Q4DJ68,9,3,2,2,0.5162020971362264,90.3125,True,0.9058640003204346
6w2n__A1_Q4DJ68--6w2n__A2_Q4DJ68,10,5,3,2,0.5099942150160538,90.1875,True,0.9107763171195984
6w2n__A1_Q4DJ68--6w2n__A2_Q4DJ68,11,3,3,2,0.5234905317911603,90.1875,True,0.9107774496078491
6w2n__A1_Q4DJ68--6w2n__A2_Q4DJ68,12,5,1,2,0.5164493823448296,90.125,True,0.9060854315757751
6w2n__A1_Q4DJ68--6w2n__A2_Q4DJ68,13,5,0,2,0.5159445504424396,90.0625,True,0.8901934623718262
6w2n__A1_Q4DJ68--6w2n__A2_Q4DJ68,14,3,1,2,0.5317223093351348,89.9375,True,0.9037516117095947
6w2n__A1_Q4DJ68--6w2n__A2_Q4DJ68,15,2,1,2,0.5225370241947038,89.9375,True,0.8691824078559875
6w2n__A1_Q4DJ68--6w2n__A2_Q4DJ68,16,5,2,2,0.5146336461730805,89.75,True,0.8932774066925049
6w2n__A1_Q4DJ68--6w2n__A2_Q4DJ68,17,3,0,2,0.5246451925776732,89.625,True,0.915201723575592
6w2n__A1_Q4DJ68--6w2n__A2_Q4DJ68,18,2,0,2,0.5299066669420333,89.625,True,0.8700001835823059
6w2n__A1_Q4DJ68--6w2n__A2_Q4DJ68,19,2,2,2,0.5202819592091247,89.3125,True,0.8954941034317017
6w2n__A1_Q4DJ68--6w2n__A2_Q4DJ68,20,2,3,2,0.533528680284096,89.0625,True,0.8860827088356018
6wlg__A1_Q68E01--6wlg__B2_Q68E01,1,4,3,3,0.7529790995737754,85.4375,True,0.8060369491577148
6wlg__A1_Q68E01--6wlg__B2_Q68E01,2,1,1,3,0.6407793650551606,85.3125,True,0.7798857092857361
6wlg__A1_Q68E01--6wlg__B2_Q68E01,3,4,2,3,0.7707908454373702,84.875,True,0.8291648030281067
6wlg__A1_Q68E01--6wlg__B2_Q68E01,4,4,1,3,0.7261168660193776,84.75,True,0.8831804990768433
6wlg__A1_Q68E01--6wlg__B2_Q68E01,5,1,3,3,0.6827511061552728,84.375,True,0.8133893609046936
6wlg__A1_Q68E01--6wlg__B2_Q68E01,6,4,0,3,0.6410292309773645,83.8125,True,0.8246372938156128
6wlg__A1_Q68E01--6wlg__B2_Q68E01,7,1,0,3,0.767492322716265,83.0625,True,0.7380661368370056
6wlg__A1_Q68E01--6wlg__B2_Q68E01,8,1,2,3,0.7732269930283024,82.75,True,0.8020161986351013
6wlg__A1_Q68E01--6wlg__B2_Q68E01,9,5,3,3,0.7183072010298543,82.25,True,0.7256516218185425
6wlg__A1_Q68E01--6wlg__B2_Q68E01,10,5,0,3,0.7187078197612893,82.125,True,0.8282237648963928
6wlg__A1_Q68E01--6wlg__B2_Q68E01,11,5,1,3,0.7192184581941216,82.125,True,0.8272703886032104
6wlg__A1_Q68E01--6wlg__B2_Q68E01,12,3,0,3,0.7204521645245588,81.8125,True,0.7582794427871704
6wlg__A1_Q68E01--6wlg__B2_Q68E01,13,3,2,3,0.752157849158036,81.6875,True,0.7841817140579224
6wlg__A1_Q68E01--6wlg__B2_Q68E01,14,3,3,3,0.7387690781083375,81.6875,True,0.8030589818954468
6wlg__A1_Q68E01--6wlg__B2_Q68E01,15,2,3,3,0.7231188520671249,81.625,True,0.7861124277114868
6wlg__A1_Q68E01--6wlg__B2_Q68E01,16,2,0,3,0.7483474358421244,81.625,True,0.7895846366882324
6wlg__A1_Q68E01--6wlg__B2_Q68E01,17,5,2,3,0.7221115863617564,81.375,True,0.884855329990387
6wlg__A1_Q68E01--6wlg__B2_Q68E01,18,2,1,3,0.7043831449844541,81.25,True,0.7951443791389465
6wlg__A1_Q68E01--6wlg__B2_Q68E01,19,3,1,3,0.7386721524629637,81.0,True,0.7975373864173889
6wlg__A1_Q68E01--6wlg__B2_Q68E01,20,2,2,3,0.7101897956709866,80.625,True,0.8937018513679504
6wmk__A1_UNDEFINED--6wmk__B1_UNDEFINED,1,5,2,0,0.2609902192247263,85.75,True,0.08317479491233826
6wmk__A1_UNDEFINED--6wmk__B1_UNDEFINED,2,5,3,0,0.2059277650518326,85.6875,False,0.0066241915337741375
6wmk__A1_UNDEFINED--6wmk__B1_UNDEFINED,3,1,0,0,0.1923113464934761,85.625,False,0.06943497061729431
6wmk__A1_UNDEFINED--6wmk__B1_UNDEFINED,4,4,3,0,0.1659671465133802,85.125,False,0.008533709682524204
6wmk__A1_UNDEFINED--6wmk__B1_UNDEFINED,5,1,2,0,0.8991978969959024,83.8125,True,0.9999774694442749
6wmk__A1_UNDEFINED--6wmk__B1_UNDEFINED,6,1,1,0,0.8987887106369504,82.75,True,0.9999806880950928
6wmk__A1_UNDEFINED--6wmk__B1_UNDEFINED,7,4,2,0,0.8918396005281554,81.9375,True,0.9999886751174927
6wmk__A1_UNDEFINED--6wmk__B1_UNDEFINED,8,1,3,0,0.8822354451970699,79.375,True,0.9999998807907104
6wmk__A1_UNDEFINED--6wmk__B1_UNDEFINED,9,4,0,0,0.8923980475971902,78.4375,True,0.9999877214431763
6wmk__A1_UNDEFINED--6wmk__B1_UNDEFINED,10,2,3,0,0.8763427748575165,77.6875,True,1.0
6wmk__A1_UNDEFINED--6wmk__B1_UNDEFINED,11,3,0,0,0.8525878990264785,77.1875,True,1.0
6wmk__A1_UNDEFINED--6wmk__B1_UNDEFINED,12,3,1,0,0.8306736203475337,76.125,True,1.0
6wmk__A1_UNDEFINED--6wmk__B1_UNDEFINED,13,2,1,0,0.8722600544468051,75.0625,True,1.0
6wmk__A1_UNDEFINED--6wmk__B1_UNDEFINED,14,3,2,0,0.6920575428002199,74.8125,True,0.7333106994628906
6wmk__A1_UNDEFINED--6wmk__B1_UNDEFINED,15,3,3,0,0.8357296165926997,74.75,True,1.0
6wmk__A1_UNDEFINED--6wmk__B1_UNDEFINED,16,2,2,0,0.8606223361578427,73.625,True,0.9999995231628418
6wmk__A1_UNDEFINED--6wmk__B1_UNDEFINED,17,5,0,0,0.8567550821010114,72.375,True,1.0
6wmk__A1_UNDEFINED--6wmk__B1_UNDEFINED,18,4,1,0,0.8678216735113834,71.3125,True,0.9999991655349731
6wmk__A1_UNDEFINED--6wmk__B1_UNDEFINED,19,5,1,0,0.5415311869053684,60.8125,True,0.025254078209400177
6wmk__A1_UNDEFINED--6wmk__B1_UNDEFINED,20,2,0,0,0.7231066127462727,59.71875,True,0.9857032895088196
6xb4__A1_V9XTR0--6xb4__B1_V9XTR0,1,1,1,1,0.5864876008947756,54.0,True,0.05018541216850281
6xb4__A1_V9XTR0--6xb4__B1_V9XTR0,2,3,3,1,0.0166024975494003,52.40625,False,0.00625159265473485
6xb4__A1_V9XTR0--6xb4__B1_V9XTR0,3,1,3,1,0.7515871106451355,51.1875,True,0.00030548637732863426
6xb4__A1_V9XTR0--6xb4__B1_V9XTR0,4,2,0,1,0.1414210293385804,50.5625,False,0.01888681761920452
6xb4__A1_V9XTR0--6xb4__B1_V9XTR0,5,1,2,1,0.4854154267868025,48.8125,True,0.04806185141205788
6xb4__A1_V9XTR0--6xb4__B1_V9XTR0,6,2,2,1,0.0160137208062595,45.9375,False,0.007539030630141497
6xb4__A1_V9XTR0--6xb4__B1_V9XTR0,7,4,3,1,0.6783313628770639,45.46875,True,0.030562952160835266
6xb4__A1_V9XTR0--6xb4__B1_V9XTR0,8,1,0,1,0.8230162930016345,44.4375,True,1.105972387449583e-05
6xb4__A1_V9XTR0--6xb4__B1_V9XTR0,9,4,2,1,0.0191297211915443,41.9375,False,0.6490451097488403
6xb4__A1_V9XTR0--6xb4__B1_V9XTR0,10,5,2,1,0.7075707503182715,40.59375,True,0.06032154709100723
6xb4__A1_V9XTR0--6xb4__B1_V9XTR0,11,5,1,1,0.01675242144926,39.125,False,0.1538524478673935
6xb4__A1_V9XTR0--6xb4__B1_V9XTR0,12,2,1,1,0.0191155663954121,34.1875,False,0.11368612200021744
6xb4__A1_V9XTR0--6xb4__B1_V9XTR0,13,3,1,1,0.0135577945472772,33.375,False,0.017697595059871674
6xb4__A1_V9XTR0--6xb4__B1_V9XTR0,14,5,0,1,0.0185953454477801,26.5625,False,0.08203600347042084
6xb4__A1_V9XTR0--6xb4__B1_V9XTR0,15,3,0,1,0.0175565798810256,22.546875,False,0.02565052919089794
6xb4__A1_V9XTR0--6xb4__B1_V9XTR0,16,5,3,1,0.0391320127279782,21.171875,False,0.016173316165804863
6xb4__A1_V9XTR0--6xb4__B1_V9XTR0,17,4,0,1,0.0140858914084525,18.578125,False,0.06144029647111893
6xb4__A1_V9XTR0--6xb4__B1_V9XTR0,18,2,3,1,0.0362548149755067,17.828125,False,0.0015466985059902072
6xb4__A1_V9XTR0--6xb4__B1_V9XTR0,19,4,1,1,0.0191653302300839,17.640625,False,0.0714099183678627
6xb4__A1_V9XTR0--6xb4__B1_V9XTR0,20,3,2,1,0.015138080534551,17.578125,False,0.06095090135931969
6xj5__A1_P06621--6xj5__B1_P06621,1,4,0,3,0.0052011740388641,85.5625,False,0.8423926830291748
6xj5__A1_P06621--6xj5__B1_P06621,2,4,3,3,0.0051759272917839,85.125,False,0.8423926830291748
6xj5__A1_P06621--6xj5__B1_P06621,3,4,2,3,0.0051721258661713,85.0625,False,0.8423926830291748
6xj5__A1_P06621--6xj5__B1_P06621,4,4,1,3,0.0051859662609569,84.5625,False,0.8423926830291748
6xj5__A1_P06621--6xj5__B1_P06621,5,5,0,3,0.0052788954737212,84.0,False,0.8423926830291748
6xj5__A1_P06621--6xj5__B1_P06621,6,3,0,3,0.0052977134558014,83.125,False,0.8423926830291748
6xj5__A1_P06621--6xj5__B1_P06621,7,5,2,3,0.0052627440282673,82.75,False,0.8423926830291748
6xj5__A1_P06621--6xj5__B1_P06621,8,5,3,3,0.0052748872478991,82.625,False,0.8423926830291748
6xj5__A1_P06621--6xj5__B1_P06621,9,1,2,3,0.0051954064453453,82.625,False,0.8423926830291748
6xj5__A1_P06621--6xj5__B1_P06621,10,5,1,3,0.005253382688011,82.5625,False,0.8423926830291748
6xj5__A1_P06621--6xj5__B1_P06621,11,3,1,3,0.0052202743971521,82.3125,False,0.8423926830291748
6xj5__A1_P06621--6xj5__B1_P06621,12,3,2,3,0.0052329079879953,82.0625,False,0.8423926830291748
6xj5__A1_P06621--6xj5__B1_P06621,13,1,0,3,0.0052788855048752,81.875,False,0.8234771490097046
6xj5__A1_P06621--6xj5__B1_P06621,14,3,3,3,0.0052780088845946,81.8125,False,0.8443065881729126
6xj5__A1_P06621--6xj5__B1_P06621,15,1,3,3,0.0052389499631783,81.5625,False,0.8339400291442871
6xj5__A1_P06621--6xj5__B1_P06621,16,2,0,3,0.0051399019610198,80.9375,False,0.8234771490097046
6xj5__A1_P06621--6xj5__B1_P06621,17,2,2,3,0.0050924712181908,80.875,False,0.7794976830482483
6xj5__A1_P06621--6xj5__B1_P06621,18,1,1,3,0.0051559710549731,80.3125,False,0.8423926830291748
6xj5__A1_P06621--6xj5__B1_P06621,19,2,3,3,0.0051147825975128,79.875,False,0.8100422620773315
6xj5__A1_P06621--6xj5__B1_P06621,20,2,1,3,0.0050680178724449,79.8125,False,0.8423926830291748
6xwx__A1_G0S825--6xwx__B1_G0S0S7,1,4,2,1,0.684217664712099,93.8125,True,0.7785436511039734
6xwx__A1_G0S825--6xwx__B1_G0S0S7,2,4,0,1,0.6818779382659362,93.6875,True,0.7891525030136108
6xwx__A1_G0S825--6xwx__B1_G0S0S7,3,1,1,1,0.6943538380459305,93.6875,True,0.8372780680656433
6xwx__A1_G0S825--6xwx__B1_G0S0S7,4,1,2,1,0.6928116998026569,93.625,True,0.8265291452407837
6xwx__A1_G0S825--6xwx__B1_G0S0S7,5,4,1,1,0.6913949162548735,93.5625,True,0.7666329145431519
6xwx__A1_G0S825--6xwx__B1_G0S0S7,6,4,3,1,0.6769667587420437,93.25,True,0.858004093170166
6xwx__A1_G0S825--6xwx__B1_G0S0S7,7,2,1,1,0.6848721923064701,93.25,True,0.7964470982551575
6xwx__A1_G0S825--6xwx__B1_G0S0S7,8,3,1,1,0.6793266169088809,93.1875,True,0.8075651526451111
6xwx__A1_G0S825--6xwx__B1_G0S0S7,9,5,3,1,0.6948809292411894,93.125,True,0.8610498905181885
6xwx__A1_G0S825--6xwx__B1_G0S0S7,10,2,0,1,0.6821745652715329,93.125,True,0.7506309151649475
6xwx__A1_G0S825--6xwx__B1_G0S0S7,11,5,1,1,0.6894740263178475,93.0625,True,0.8359895944595337
6xwx__A1_G0S825--6xwx__B1_G0S0S7,12,1,0,1,0.6911888029030052,93.0625,True,0.8019704818725586
6xwx__A1_G0S825--6xwx__B1_G0S0S7,13,3,0,1,0.6814620993537827,93.0,True,0.7891525030136108
6xwx__A1_G0S825--6xwx__B1_G0S0S7,14,1,3,1,0.6937747305502185,92.875,True,0.8242567181587219
6xwx__A1_G0S825--6xwx__B1_G0S0S7,15,2,3,1,0.6852563382825966,92.6875,True,0.7917047739028931
6xwx__A1_G0S825--6xwx__B1_G0S0S7,16,5,0,1,0.6963275279875177,92.625,True,0.799517035484314
6xwx__A1_G0S825--6xwx__B1_G0S0S7,17,5,2,1,0.6934558184945088,92.5,True,0.7521073818206787
6xwx__A1_G0S825--6xwx__B1_G0S0S7,18,3,3,1,0.6736239432504872,92.3125,True,0.8325023055076599
6xwx__A1_G0S825--6xwx__B1_G0S0S7,19,2,2,1,0.6845179368106287,92.25,True,0.7247220873832703
6xwx__A1_G0S825--6xwx__B1_G0S0S7,20,3,2,1,0.6842727985425658,92.125,True,0.7785436511039734
6y62__B1_Q5MYC0--6y62__A1_Q5MYC0,1,5,1,4,0.3157918391307557,84.4375,True,0.8315291404724121
6y62__B1_Q5MYC0--6y62__A1_Q5MYC0,2,1,3,4,0.3424521052559781,84.125,True,0.9644259810447693
6y62__B1_Q5MYC0--6y62__A1_Q5MYC0,3,1,0,4,0.3276621913119303,83.625,True,0.6798896789550781
6y62__B1_Q5MYC0--6y62__A1_Q5MYC0,4,4,2,4,0.3451175048491363,83.5625,True,0.870873749256134
6y62__B1_Q5MYC0--6y62__A1_Q5MYC0,5,3,0,4,0.2991155900869253,83.3125,True,0.9835188984870911
6y62__B1_Q5MYC0--6y62__A1_Q5MYC0,6,3,1,4,0.3316566521722569,83.3125,True,0.9835941195487976
6y62__B1_Q5MYC0--6y62__A1_Q5MYC0,7,1,2,4,0.3127823682785625,82.875,True,0.8097870945930481
6y62__B1_Q5MYC0--6y62__A1_Q5MYC0,8,5,2,4,0.2972222129777994,82.8125,True,0.9721107482910156
6y62__B1_Q5MYC0--6y62__A1_Q5MYC0,9,3,3,4,0.4041722671141914,82.625,True,0.988243818283081
6y62__B1_Q5MYC0--6y62__A1_Q5MYC0,10,4,0,4,0.3361515075311835,82.5,True,0.9370616674423218
6y62__B1_Q5MYC0--6y62__A1_Q5MYC0,11,4,1,4,0.3299496141128595,82.375,True,0.9195348024368286
6y62__B1_Q5MYC0--6y62__A1_Q5MYC0,12,3,2,4,0.3694923467817405,82.3125,True,0.9611734747886658
6y62__B1_Q5MYC0--6y62__A1_Q5MYC0,13,1,1,4,0.3267979624941579,82.25,True,0.9495433568954468
6y62__B1_Q5MYC0--6y62__A1_Q5MYC0,14,5,3,4,0.4081739401613618,81.625,True,0.8666939735412598
6y62__B1_Q5MYC0--6y62__A1_Q5MYC0,15,2,2,4,0.2958449172275258,81.5625,True,0.09542305767536163
6y62__B1_Q5MYC0--6y62__A1_Q5MYC0,16,4,3,4,0.3280442693562584,81.0625,True,0.990948498249054
6y62__B1_Q5MYC0--6y62__A1_Q5MYC0,17,5,0,4,0.3366627800025368,80.875,True,0.9678869247436523
6y62__B1_Q5MYC0--6y62__A1_Q5MYC0,18,2,3,4,0.3092996007610081,78.9375,True,0.9769152402877808
6y62__B1_Q5MYC0--6y62__A1_Q5MYC0,19,2,1,4,0.3376478920202452,78.0,True,0.9921533465385437
6y62__B1_Q5MYC0--6y62__A1_Q5MYC0,20,2,0,4,0.4334493327131696,76.875,True,0.9512647390365601
6y75__A1_Q236S9--6y75__B1_Q236S9,1,2,0,1,0.5361512283180704,89.3125,True,0.9486429691314697
6y75__A1_Q236S9--6y75__B1_Q236S9,2,2,1,1,0.5300366946039136,89.25,True,0.9486429691314697
6y75__A1_Q236S9--6y75__B1_Q236S9,3,2,2,1,0.5307993100882444,89.0625,True,0.9486429691314697
6y75__A1_Q236S9--6y75__B1_Q236S9,4,2,3,1,0.5403682340382979,88.5625,True,0.9486429691314697
6y75__A1_Q236S9--6y75__B1_Q236S9,5,1,2,1,0.5446673425038872,88.4375,True,0.9999895095825195
6y75__A1_Q236S9--6y75__B1_Q236S9,6,1,0,1,0.550001136183107,88.375,True,0.9999895095825195
6y75__A1_Q236S9--6y75__B1_Q236S9,7,3,1,1,0.5537968021152929,87.875,True,0.905617892742157
6y75__A1_Q236S9--6y75__B1_Q236S9,8,1,1,1,0.5487592479950244,87.625,True,0.9999599456787109
6y75__A1_Q236S9--6y75__B1_Q236S9,9,3,3,1,0.6214884775437093,81.9375,True,0.9153429269790649
6y75__A1_Q236S9--6y75__B1_Q236S9,10,4,2,1,0.0701580716393803,60.5625,False,0.3586360514163971
6y75__A1_Q236S9--6y75__B1_Q236S9,11,3,0,1,0.5491351627638228,58.28125,True,0.3481709361076355
6y75__A1_Q236S9--6y75__B1_Q236S9,12,1,3,1,0.2098991301471819,54.4375,False,0.6687299013137817
6y75__A1_Q236S9--6y75__B1_Q236S9,13,4,3,1,0.0579859860687783,44.375,False,0.939797580242157
6y75__A1_Q236S9--6y75__B1_Q236S9,14,5,0,1,0.1577503098562446,43.15625,False,0.28718453645706177
6y75__A1_Q236S9--6y75__B1_Q236S9,15,4,1,1,0.0589165957809653,41.25,False,0.8639742136001587
6y75__A1_Q236S9--6y75__B1_Q236S9,16,5,3,1,0.1498746457273501,40.875,False,0.23242783546447754
6y75__A1_Q236S9--6y75__B1_Q236S9,17,5,2,1,0.1424568107442423,39.71875,False,0.06945011764764786
6y75__A1_Q236S9--6y75__B1_Q236S9,18,4,0,1,0.0571458123167383,39.5625,False,0.7825179696083069
6y75__A1_Q236S9--6y75__B1_Q236S9,19,5,1,1,0.1917410348950664,37.0625,False,0.9296568632125854
6y75__A1_Q236S9--6y75__B1_Q236S9,20,3,2,1,0.0346100745969185,16.46875,False,0.04631423205137253
6y9m__D1_P36291--6y9m__A1_P36291,1,1,1,4,0.0037148965631617,24.421875,False,0.006565175950527191
6y9m__D1_P36291--6y9m__A1_P36291,2,4,3,4,0.0274868888402881,22.609375,False,0.003371317870914936
6y9m__D1_P36291--6y9m__A1_P36291,3,2,0,4,0.0948527075379655,21.671875,False,0.05987221747636795
6y9m__D1_P36291--6y9m__A1_P36291,4,2,2,4,0.0353024995471081,20.34375,False,0.013732790015637875
6y9m__D1_P36291--6y9m__A1_P36291,5,1,2,4,0.1765064511988884,19.375,False,0.04645813629031181
6y9m__D1_P36291--6y9m__A1_P36291,6,2,1,4,0.2641951262902433,19.125,True,0.31873810291290283
6y9m__D1_P36291--6y9m__A1_P36291,7,2,3,4,0.2412234665185725,18.96875,True,0.02545156143605709
6y9m__D1_P36291--6y9m__A1_P36291,8,5,3,4,0.1037930004934779,18.421875,False,0.02713809907436371
6y9m__D1_P36291--6y9m__A1_P36291,9,5,2,4,0.1384823860873275,18.234375,False,0.06192757189273834
6y9m__D1_P36291--6y9m__A1_P36291,10,4,2,4,0.047101170669904,18.03125,False,0.1367618292570114
6y9m__D1_P36291--6y9m__A1_P36291,11,1,0,4,0.0583737043999757,17.453125,False,0.004222627729177475
6y9m__D1_P36291--6y9m__A1_P36291,12,5,0,4,0.1493529671351176,17.359375,False,0.10708228498697281
6y9m__D1_P36291--6y9m__A1_P36291,13,4,1,4,0.0718520385751854,17.234375,False,0.003953412640839815
6y9m__D1_P36291--6y9m__A1_P36291,14,1,3,4,0.0118297526288721,17.109375,False,0.022496089339256287
6y9m__D1_P36291--6y9m__A1_P36291,15,4,0,4,0.0152137205395679,16.4375,False,0.013537031598389149
6y9m__D1_P36291--6y9m__A1_P36291,16,5,1,4,0.0070594793180861,16.09375,False,0.04446159675717354
6y9m__D1_P36291--6y9m__A1_P36291,17,3,3,4,0.0344334576432295,15.8125,False,0.03098026104271412
6y9m__D1_P36291--6y9m__A1_P36291,18,3,1,4,0.0067049312983615,15.796875,False,0.011247370392084122
6y9m__D1_P36291--6y9m__A1_P36291,19,3,0,4,0.0095338503223493,15.75,False,0.018466891720891
6y9m__D1_P36291--6y9m__A1_P36291,20,3,2,4,0.0075347084740251,15.3203125,False,0.004056560806930065
6yva__A1_P0DTD1--6yva__B1_Q64339,1,5,1,4,0.504009536357786,84.0,True,0.9880408644676208
6yva__A1_P0DTD1--6yva__B1_Q64339,2,1,3,4,0.522454784983792,83.125,True,0.9898424744606018
6yva__A1_P0DTD1--6yva__B1_Q64339,3,1,0,4,0.4827489087335448,82.5625,True,0.997148334980011
6yva__A1_P0DTD1--6yva__B1_Q64339,4,1,2,4,0.5035362361488834,82.5,True,0.9859955906867981
6yva__A1_P0DTD1--6yva__B1_Q64339,5,5,3,4,0.2171463983779451,81.1875,False,0.5783941149711609
6yva__A1_P0DTD1--6yva__B1_Q64339,6,5,2,4,0.2451985056481488,80.8125,True,0.9220216274261475
6yva__A1_P0DTD1--6yva__B1_Q64339,7,3,2,4,0.488408163748788,80.8125,True,0.9950777292251587
6yva__A1_P0DTD1--6yva__B1_Q64339,8,2,0,4,0.4846323341322764,80.8125,True,0.9845177531242371
6yva__A1_P0DTD1--6yva__B1_Q64339,9,5,0,4,0.4369749284007626,80.5625,True,0.9900854825973511
6yva__A1_P0DTD1--6yva__B1_Q64339,10,2,1,4,0.5017925024244508,79.375,True,0.9818094968795776
6yva__A1_P0DTD1--6yva__B1_Q64339,11,3,3,4,0.2433818682334114,79.0,True,0.5767399668693542
6yva__A1_P0DTD1--6yva__B1_Q64339,12,3,0,4,0.2307296763051588,78.4375,True,0.6090877056121826
6yva__A1_P0DTD1--6yva__B1_Q64339,13,4,0,4,0.3271932168531365,75.1875,True,0.9826563596725464
6yva__A1_P0DTD1--6yva__B1_Q64339,14,4,2,4,0.2839741664552299,75.1875,True,0.9844498038291931
6yva__A1_P0DTD1--6yva__B1_Q64339,15,3,1,4,0.2164600100252491,72.5,False,0.9226559400558472
6yva__A1_P0DTD1--6yva__B1_Q64339,16,2,2,4,0.214050814183863,67.875,False,0.8874512314796448
6yva__A1_P0DTD1--6yva__B1_Q64339,17,4,1,4,0.0350180192334964,26.484375,False,0.0025193970650434494
6yva__A1_P0DTD1--6yva__B1_Q64339,18,2,3,4,0.0475935642479778,24.390625,False,0.01441518310457468
6yva__A1_P0DTD1--6yva__B1_Q64339,19,4,3,4,0.0411753548571601,24.21875,False,0.002252179430797696
6yva__A1_P0DTD1--6yva__B1_Q64339,20,1,1,4,0.0193672806043827,22.34375,False,0.004267399664968252
6yyi__A1_B5YB78--6yyi__B1_B5YB78,1,2,3,1,0.9407528066762016,90.1875,True,0.06929732859134674
6yyi__A1_B5YB78--6yyi__B1_B5YB78,2,2,0,1,0.9391771926188266,88.625,True,0.08571068197488785
6yyi__A1_B5YB78--6yyi__B1_B5YB78,3,1,2,1,0.0068482921636929,88.1875,False,0.34970036149024963
6yyi__A1_B5YB78--6yyi__B1_B5YB78,4,2,1,1,0.9399342475074474,88.0,True,0.09717785567045212
6yyi__A1_B5YB78--6yyi__B1_B5YB78,5,2,2,1,0.9427150752984368,86.75,True,0.07197554409503937
6yyi__A1_B5YB78--6yyi__B1_B5YB78,6,1,3,1,0.0068590727770642,86.5625,False,0.2978167235851288
6yyi__A1_B5YB78--6yyi__B1_B5YB78,7,4,1,1,0.0073198225708864,85.5,False,0.7631483674049377
6yyi__A1_B5YB78--6yyi__B1_B5YB78,8,1,1,1,0.0068947375447561,85.0,False,0.2697089612483978
6yyi__A1_B5YB78--6yyi__B1_B5YB78,9,5,3,1,0.0069190265349374,83.3125,False,0.22142311930656433
6yyi__A1_B5YB78--6yyi__B1_B5YB78,10,4,0,1,0.007284402312444,82.4375,False,0.46611642837524414
6yyi__A1_B5YB78--6yyi__B1_B5YB78,11,5,1,1,0.00694840930368,82.375,False,0.17296987771987915
6yyi__A1_B5YB78--6yyi__B1_B5YB78,12,4,2,1,0.0072916717999149,82.3125,False,0.46611642837524414
6yyi__A1_B5YB78--6yyi__B1_B5YB78,13,4,3,1,0.007261176080957,82.25,False,0.7631483674049377
6yyi__A1_B5YB78--6yyi__B1_B5YB78,14,1,0,1,0.0069059265948451,79.375,False,0.3775370419025421
6yyi__A1_B5YB78--6yyi__B1_B5YB78,15,5,0,1,0.006926920423278,77.625,False,0.15964767336845398
6yyi__A1_B5YB78--6yyi__B1_B5YB78,16,3,0,1,0.0070564889650737,62.75,False,0.03932303562760353
6yyi__A1_B5YB78--6yyi__B1_B5YB78,17,3,2,1,0.0070458431276125,60.8125,False,0.295152485370636
6yyi__A1_B5YB78--6yyi__B1_B5YB78,18,3,3,1,0.0070927124845667,59.28125,False,0.06233249977231026
6yyi__A1_B5YB78--6yyi__B1_B5YB78,19,3,1,1,0.0071163540126194,59.0,False,0.28340503573417664
6yyi__A1_B5YB78--6yyi__B1_B5YB78,20,5,2,1,0.4187507100709551,33.8125,True,0.00838753767311573
6z70__A1_O66528--6z70__B1_O66528,1,3,2,4,0.7922593559445478,62.5,True,0.04245011880993843
6z70__A1_O66528--6z70__B1_O66528,2,3,0,4,0.7552505705998392,58.5,True,0.18570983409881592
6z70__A1_O66528--6z70__B1_O66528,3,3,1,4,0.7687627050644373,46.125,True,0.09051577746868134
6z70__A1_O66528--6z70__B1_O66528,4,3,3,4,0.6663420235249794,42.46875,True,0.11551707983016968
6z70__A1_O66528--6z70__B1_O66528,5,5,0,4,0.009137326642418,29.1875,False,0.07323189079761505
6z70__A1_O66528--6z70__B1_O66528,6,5,1,4,0.0093638785163249,29.078125,False,0.2607457935810089
6z70__A1_O66528--6z70__B1_O66528,7,5,2,4,0.0092953835760779,28.84375,False,0.17596684396266937
6z70__A1_O66528--6z70__B1_O66528,8,5,3,4,0.0092498966661695,28.359375,False,0.08166777342557907
6z70__A1_O66528--6z70__B1_O66528,9,4,3,4,0.4024253072955742,22.640625,True,0.35150042176246643
6z70__A1_O66528--6z70__B1_O66528,10,4,0,4,0.3440761202985459,22.578125,True,0.09855981171131134
6z70__A1_O66528--6z70__B1_O66528,11,4,1,4,0.3418992488924106,22.421875,True,0.16575771570205688
6z70__A1_O66528--6z70__B1_O66528,12,4,2,4,0.3826055118886895,21.828125,True,0.042722295969724655
6z70__A1_O66528--6z70__B1_O66528,13,1,2,4,0.1334099233843719,21.421875,False,0.0429256446659565
6z70__A1_O66528--6z70__B1_O66528,14,1,1,4,0.0820691007988756,21.21875,False,0.0112585024908185
6z70__A1_O66528--6z70__B1_O66528,15,1,0,4,0.1411453847019646,21.125,False,0.02729826420545578
6z70__A1_O66528--6z70__B1_O66528,16,1,3,4,0.0119029606232496,20.984375,False,0.015269228257238865
6z70__A1_O66528--6z70__B1_O66528,17,2,3,4,0.012112648795843,20.15625,False,0.0241263285279274
6z70__A1_O66528--6z70__B1_O66528,18,2,0,4,0.0135886485005792,20.140625,False,0.16346891224384308
6z70__A1_O66528--6z70__B1_O66528,19,2,1,4,0.0128997134452954,20.109375,False,0.13424208760261536
6z70__A1_O66528--6z70__B1_O66528,20,2,2,4,0.0061497211621186,19.953125,False,0.0018014275701716542
6z81__A1_P05852--6z81__C1_P76256,1,5,3,0,0.7904078535402546,93.3125,True,0.9811446070671082
6z81__A1_P05852--6z81__C1_P76256,2,3,3,0,0.8022841486871329,93.3125,True,0.9722943902015686
6z81__A1_P05852--6z81__C1_P76256,3,1,3,0,0.759399506374943,93.3125,True,0.9863986372947693
6z81__A1_P05852--6z81__C1_P76256,4,1,2,0,0.8336587381388197,93.25,True,0.9751156568527222
6z81__A1_P05852--6z81__C1_P76256,5,3,0,0,0.7695862153673145,93.25,True,0.9658477306365967
6z81__A1_P05852--6z81__C1_P76256,6,5,1,0,0.797444462601329,93.25,True,0.9622841477394104
6z81__A1_P05852--6z81__C1_P76256,7,5,2,0,0.8247812905437236,93.25,True,0.9477818012237549
6z81__A1_P05852--6z81__C1_P76256,8,3,2,0,0.8022612599020665,93.1875,True,0.9820475578308105
6z81__A1_P05852--6z81__C1_P76256,9,3,1,0,0.7886328236279954,93.1875,True,0.9702248573303223
6z81__A1_P05852--6z81__C1_P76256,10,5,0,0,0.7813416419923139,93.1875,True,0.9716281294822693
6z81__A1_P05852--6z81__C1_P76256,11,1,0,0,0.7493214272506005,93.1875,True,0.9751631617546082
6z81__A1_P05852--6z81__C1_P76256,12,4,2,0,0.8669762169320586,93.125,True,0.9449834823608398
6z81__A1_P05852--6z81__C1_P76256,13,4,1,0,0.8605899048913438,93.125,True,0.9294305443763733
6z81__A1_P05852--6z81__C1_P76256,14,1,1,0,0.7945980099681295,93.125,True,0.9825780987739563
6z81__A1_P05852--6z81__C1_P76256,15,4,3,0,0.7861337231335627,93.0625,True,0.9921229481697083
6z81__A1_P05852--6z81__C1_P76256,16,4,0,0,0.7862362608422387,93.0,True,0.9534130096435547
6z81__A1_P05852--6z81__C1_P76256,17,2,3,0,0.8654018010761945,92.875,True,0.9355987310409546
6z81__A1_P05852--6z81__C1_P76256,18,2,2,0,0.8658294738792791,92.75,True,0.9085386395454407
6z81__A1_P05852--6z81__C1_P76256,19,2,1,0,0.8687680926611391,92.625,True,0.9129127264022827
6z81__A1_P05852--6z81__C1_P76256,20,2,0,0,0.860224093718548,92.5625,True,0.9129127264022827
6zht__A1_P22515--6zht__B1_P52490,1,2,0,0,0.6054785012482582,78.5625,True,0.6487444043159485
6zht__A1_P22515--6zht__B1_P52490,2,2,3,0,0.4907846631207928,76.0625,True,0.7810645699501038
6zht__A1_P22515--6zht__B1_P52490,3,4,3,0,0.3784778646954789,75.125,True,0.600617527961731
6zht__A1_P22515--6zht__B1_P52490,4,4,0,0,0.3349654725908697,74.875,True,0.10037355124950409
6zht__A1_P22515--6zht__B1_P52490,5,3,0,0,0.3935454772888394,73.5,True,0.38677656650543213
6zht__A1_P22515--6zht__B1_P52490,6,4,1,0,0.4406175777391994,73.5,True,0.9990620017051697
6zht__A1_P22515--6zht__B1_P52490,7,3,2,0,0.3948725701901416,72.625,True,0.14813213050365448
6zht__A1_P22515--6zht__B1_P52490,8,4,2,0,0.3322902292495287,72.4375,True,0.08640225976705551
6zht__A1_P22515--6zht__B1_P52490,9,3,1,0,0.3639998479042197,72.3125,True,0.01557160448282957
6zht__A1_P22515--6zht__B1_P52490,10,3,3,0,0.4129185561435129,72.1875,True,0.9125627279281616
6zht__A1_P22515--6zht__B1_P52490,11,5,0,0,0.4842075669152159,70.5,True,0.9217807650566101
6zht__A1_P22515--6zht__B1_P52490,12,2,1,0,0.5657713183022212,70.4375,True,0.8883046507835388
6zht__A1_P22515--6zht__B1_P52490,13,5,3,0,0.4986694830564326,68.9375,True,0.9446039199829102
6zht__A1_P22515--6zht__B1_P52490,14,5,1,0,0.4207980221342038,68.3125,True,0.9861994981765747
6zht__A1_P22515--6zht__B1_P52490,15,2,2,0,0.5168948220959173,68.0625,True,0.9909754395484924
6zht__A1_P22515--6zht__B1_P52490,16,1,0,0,0.3394586232707099,67.625,True,0.0021900273859500885
6zht__A1_P22515--6zht__B1_P52490,17,5,2,0,0.413686628369539,67.0,True,0.9971585273742676
6zht__A1_P22515--6zht__B1_P52490,18,1,1,0,0.4040109413907268,66.9375,True,0.034401748329401016
6zht__A1_P22515--6zht__B1_P52490,19,1,2,0,0.1958080460241923,65.125,False,0.007097124122083187
6zht__A1_P22515--6zht__B1_P52490,20,1,3,0,0.3345754645153862,63.40625,True,0.0014679848682135344
7a5c__A1_Q9KR64--7a5c__B1_Q9KR64,1,3,2,2,0.0182158623482687,84.0,False,0.9661872982978821
7a5c__A1_Q9KR64--7a5c__B1_Q9KR64,2,3,1,2,0.0182875104102239,83.375,False,0.9840816259384155
7a5c__A1_Q9KR64--7a5c__B1_Q9KR64,3,4,1,2,0.0181228699635032,80.0,False,0.002487302292138338
7a5c__A1_Q9KR64--7a5c__B1_Q9KR64,4,3,3,2,0.0180215343306329,77.875,False,0.9793491363525391
7a5c__A1_Q9KR64--7a5c__B1_Q9KR64,5,4,3,2,0.0181536420942114,77.5,False,0.009577443823218346
7a5c__A1_Q9KR64--7a5c__B1_Q9KR64,6,3,0,2,0.0180875666112417,75.625,False,0.9866428375244141
7a5c__A1_Q9KR64--7a5c__B1_Q9KR64,7,2,1,2,0.0178486943152434,74.75,False,0.472177654504776
7a5c__A1_Q9KR64--7a5c__B1_Q9KR64,8,4,2,2,0.0180785560909296,71.25,False,0.06831375509500504
7a5c__A1_Q9KR64--7a5c__B1_Q9KR64,9,4,0,2,0.0179037599775415,64.9375,False,0.007668925449252129
7a5c__A1_Q9KR64--7a5c__B1_Q9KR64,10,2,0,2,0.0092923010195162,62.25,False,0.09804533421993256
7a5c__A1_Q9KR64--7a5c__B1_Q9KR64,11,2,2,2,0.0089486495085286,40.03125,False,0.188480943441391
7a5c__A1_Q9KR64--7a5c__B1_Q9KR64,12,1,1,2,0.0083315998580226,35.5,False,0.0013336760457605124
7a5c__A1_Q9KR64--7a5c__B1_Q9KR64,13,1,2,2,0.0083187723163754,34.8125,False,0.0016173565527424216
7a5c__A1_Q9KR64--7a5c__B1_Q9KR64,14,5,1,2,0.0085934441334021,31.921875,False,0.024076970294117928
7a5c__A1_Q9KR64--7a5c__B1_Q9KR64,15,2,3,2,0.0090664576832546,31.0,False,0.2307392805814743
7a5c__A1_Q9KR64--7a5c__B1_Q9KR64,16,5,2,2,0.0089568248134183,30.875,False,0.10248320549726486
7a5c__A1_Q9KR64--7a5c__B1_Q9KR64,17,5,3,2,0.0108837509948396,26.46875,False,0.009734362363815308
7a5c__A1_Q9KR64--7a5c__B1_Q9KR64,18,5,0,2,0.0098734094889181,25.640625,False,0.012792837806046009
7a5c__A1_Q9KR64--7a5c__B1_Q9KR64,19,1,3,2,0.016508928086905,22.3125,False,0.5061359405517578
7a5c__A1_Q9KR64--7a5c__B1_Q9KR64,20,1,0,2,0.0175271394459433,22.28125,False,0.0301804319024086
7acx__B1_Q9AEM2--7acx__A1_Q9AEM2,1,1,1,0,0.2498586235911251,51.625,True,0.9998205304145813
7acx__B1_Q9AEM2--7acx__A1_Q9AEM2,2,3,0,0,0.2656983887999562,48.6875,True,0.9962193369865417
7acx__B1_Q9AEM2--7acx__A1_Q9AEM2,3,3,2,0,0.2635893872476506,47.625,True,0.9852349758148193
7acx__B1_Q9AEM2--7acx__A1_Q9AEM2,4,1,2,0,0.3067381336045605,46.1875,True,0.8738958239555359
7acx__B1_Q9AEM2--7acx__A1_Q9AEM2,5,5,3,0,0.2983779121291529,46.03125,True,0.9121915102005005
7acx__B1_Q9AEM2--7acx__A1_Q9AEM2,6,1,0,0,0.3177811790927223,45.75,True,0.8464286923408508
7acx__B1_Q9AEM2--7acx__A1_Q9AEM2,7,1,3,0,0.2989345301057909,45.34375,True,0.7271944284439087
7acx__B1_Q9AEM2--7acx__A1_Q9AEM2,8,3,1,0,0.2464339879559927,45.0,True,0.9819464087486267
7acx__B1_Q9AEM2--7acx__A1_Q9AEM2,9,3,3,0,0.2684530889623461,43.125,True,0.9745796918869019
7acx__B1_Q9AEM2--7acx__A1_Q9AEM2,10,2,3,0,0.2470599788492725,41.84375,True,0.9686909914016724
7acx__B1_Q9AEM2--7acx__A1_Q9AEM2,11,2,2,0,0.2905317132404795,41.71875,True,0.9886969327926636
7acx__B1_Q9AEM2--7acx__A1_Q9AEM2,12,5,2,0,0.2552392045368369,40.71875,True,0.989495575428009
7acx__B1_Q9AEM2--7acx__A1_Q9AEM2,13,2,1,0,0.244049579938316,40.5,True,0.46784016489982605
7acx__B1_Q9AEM2--7acx__A1_Q9AEM2,14,5,0,0,0.3227305123329803,40.46875,True,0.10789453983306885
7acx__B1_Q9AEM2--7acx__A1_Q9AEM2,15,4,3,0,0.2440628121513688,40.15625,True,0.6612874865531921
7acx__B1_Q9AEM2--7acx__A1_Q9AEM2,16,4,2,0,0.2970509601114013,39.71875,True,0.8428930044174194
7acx__B1_Q9AEM2--7acx__A1_Q9AEM2,17,4,0,0,0.2467944704556595,39.71875,True,0.9602459669113159
7acx__B1_Q9AEM2--7acx__A1_Q9AEM2,18,2,0,0,0.2444224295668637,39.5,True,0.9653710126876831
7acx__B1_Q9AEM2--7acx__A1_Q9AEM2,19,5,1,0,0.2858861081276744,38.34375,True,0.06507252156734467
7acx__B1_Q9AEM2--7acx__A1_Q9AEM2,20,4,1,0,0.2415993484842129,38.28125,True,0.9678777456283569
7aed__B1_D1LHF8--7aed__A1_D1LHF8,1,1,3,1,0.6694744903863592,89.5625,True,0.015475740656256676
7aed__B1_D1LHF8--7aed__A1_D1LHF8,2,1,2,1,0.6641194020317093,88.75,True,0.003200419945642352
7aed__B1_D1LHF8--7aed__A1_D1LHF8,3,1,0,1,0.6730967750153551,87.8125,True,0.5317035913467407
7aed__B1_D1LHF8--7aed__A1_D1LHF8,4,1,1,1,0.6756631207379411,85.375,True,0.9313633441925049
7aed__B1_D1LHF8--7aed__A1_D1LHF8,5,2,3,1,0.6959099166175684,71.6875,True,0.0006360693369060755
7aed__B1_D1LHF8--7aed__A1_D1LHF8,6,2,0,1,0.7081195041288293,70.375,True,0.001871841843239963
7aed__B1_D1LHF8--7aed__A1_D1LHF8,7,2,2,1,0.713071992813589,65.8125,True,0.04841020703315735
7aed__B1_D1LHF8--7aed__A1_D1LHF8,8,3,0,1,0.5106903964556592,44.40625,True,0.000591594201978296
7aed__B1_D1LHF8--7aed__A1_D1LHF8,9,2,1,1,0.7338747047888058,44.3125,True,0.00029225085745565593
7aed__B1_D1LHF8--7aed__A1_D1LHF8,10,3,1,1,0.5135730164125655,43.1875,True,0.024735815823078156
7aed__B1_D1LHF8--7aed__A1_D1LHF8,11,3,3,1,0.5160553575622754,41.0625,True,0.08600440621376038
7aed__B1_D1LHF8--7aed__A1_D1LHF8,12,3,2,1,0.519956074714537,32.96875,True,9.98648683889769e-05
7aed__B1_D1LHF8--7aed__A1_D1LHF8,13,5,1,1,0.5156728576390647,19.421875,True,0.17202259600162506
7aed__B1_D1LHF8--7aed__A1_D1LHF8,14,5,2,1,0.0321015366542888,17.21875,False,0.01584804616868496
7aed__B1_D1LHF8--7aed__A1_D1LHF8,15,5,0,1,0.0116211478098257,16.921875,False,0.07313541322946548
7aed__B1_D1LHF8--7aed__A1_D1LHF8,16,4,2,1,0.0203203426114149,16.78125,False,0.0009093245025724173
7aed__B1_D1LHF8--7aed__A1_D1LHF8,17,4,1,1,0.4050886989539659,16.421875,True,0.08029728382825851
7aed__B1_D1LHF8--7aed__A1_D1LHF8,18,5,3,1,0.0150348796484008,16.078125,False,0.02587139792740345
7aed__B1_D1LHF8--7aed__A1_D1LHF8,19,4,3,1,0.2694793614365053,15.828125,True,0.013988767750561237
7aed__B1_D1LHF8--7aed__A1_D1LHF8,20,4,0,1,0.099490275813807,15.8203125,False,0.05584811791777611
7aex__A1_P52129--7aex__A2_P52129,1,5,1,3,0.0262862278180956,63.4375,False,0.8089060187339783
7aex__A1_P52129--7aex__A2_P52129,2,2,2,3,0.0374455521458646,62.75,False,0.778022289276123
7aex__A1_P52129--7aex__A2_P52129,3,2,0,3,0.0327531964313827,62.28125,False,0.8624740242958069
7aex__A1_P52129--7aex__A2_P52129,4,4,3,3,0.0321502290692869,61.65625,False,0.901626467704773
7aex__A1_P52129--7aex__A2_P52129,5,2,1,3,0.0371559138565095,61.4375,False,0.7634178400039673
7aex__A1_P52129--7aex__A2_P52129,6,4,1,3,0.033446699674915,61.25,False,0.900198221206665
7aex__A1_P52129--7aex__A2_P52129,7,1,3,3,0.0446274696720092,61.21875,False,0.843610942363739
7aex__A1_P52129--7aex__A2_P52129,8,1,1,3,0.0340542667892006,61.21875,False,0.8747774958610535
7aex__A1_P52129--7aex__A2_P52129,9,1,2,3,0.0449431562448034,61.03125,False,0.8670612573623657
7aex__A1_P52129--7aex__A2_P52129,10,2,3,3,0.0360766732056048,60.59375,False,0.8149276971817017
7aex__A1_P52129--7aex__A2_P52129,11,4,0,3,0.0340121294791631,60.5,False,0.9087545871734619
7aex__A1_P52129--7aex__A2_P52129,12,4,2,3,0.033784833613628,60.25,False,0.8733415603637695
7aex__A1_P52129--7aex__A2_P52129,13,3,0,3,0.0328670273673076,60.125,False,0.8890709280967712
7aex__A1_P52129--7aex__A2_P52129,14,1,0,3,0.0401715027488374,60.03125,False,0.8126221895217896
7aex__A1_P52129--7aex__A2_P52129,15,5,2,3,0.0390614144859708,59.625,False,0.871108889579773
7aex__A1_P52129--7aex__A2_P52129,16,3,1,3,0.0404536505592704,59.5625,False,0.8806893825531006
7aex__A1_P52129--7aex__A2_P52129,17,3,2,3,0.0334228851859312,59.4375,False,0.890836775302887
7aex__A1_P52129--7aex__A2_P52129,18,3,3,3,0.0356417831041427,58.875,False,0.8900508284568787
7aex__A1_P52129--7aex__A2_P52129,19,5,0,3,0.0515961897558097,58.34375,False,0.856101930141449
7aex__A1_P52129--7aex__A2_P52129,20,5,3,3,0.0363048479172585,56.875,False,0.9633965492248535
7bjn__A1_Q8IGY1--7bjn__B1_Q8IGY1,1,2,2,4,0.8911703941974212,83.4375,True,0.992693305015564
7bjn__A1_Q8IGY1--7bjn__B1_Q8IGY1,2,2,0,4,0.8920910881630572,82.8125,True,0.992693305015564
7bjn__A1_Q8IGY1--7bjn__B1_Q8IGY1,3,2,3,4,0.8942463741911747,82.6875,True,0.992693305015564
7bjn__A1_Q8IGY1--7bjn__B1_Q8IGY1,4,1,2,4,0.876025814994097,80.25,True,0.9808703064918518
7bjn__A1_Q8IGY1--7bjn__B1_Q8IGY1,5,1,3,4,0.8779878508771682,80.1875,True,0.9895311594009399
7bjn__A1_Q8IGY1--7bjn__B1_Q8IGY1,6,3,2,4,0.0404461347666767,79.875,False,0.9998680353164673
7bjn__A1_Q8IGY1--7bjn__B1_Q8IGY1,7,1,1,4,0.8791692850752781,79.75,True,0.9808703064918518
7bjn__A1_Q8IGY1--7bjn__B1_Q8IGY1,8,3,1,4,0.0404316083257702,78.9375,False,0.9998680353164673
7bjn__A1_Q8IGY1--7bjn__B1_Q8IGY1,9,5,2,4,0.04038903230775,78.875,False,0.9998188614845276
7bjn__A1_Q8IGY1--7bjn__B1_Q8IGY1,10,1,0,4,0.8739419553311869,77.625,True,0.994966447353363
7bjn__A1_Q8IGY1--7bjn__B1_Q8IGY1,11,3,0,4,0.0404332352250367,77.5,False,0.9999141693115234
7bjn__A1_Q8IGY1--7bjn__B1_Q8IGY1,12,5,1,4,0.0404170522566094,75.75,False,0.9998188614845276
7bjn__A1_Q8IGY1--7bjn__B1_Q8IGY1,13,3,3,4,0.0404471353247314,74.5,False,0.9998759031295776
7bjn__A1_Q8IGY1--7bjn__B1_Q8IGY1,14,2,1,4,0.8397009058929091,70.8125,True,0.0064553008414804935
7bjn__A1_Q8IGY1--7bjn__B1_Q8IGY1,15,4,0,4,0.6876097141469236,53.46875,True,1.4465118510997854e-05
7bjn__A1_Q8IGY1--7bjn__B1_Q8IGY1,16,5,0,4,0.0404728348370577,52.34375,False,0.9959601759910583
7bjn__A1_Q8IGY1--7bjn__B1_Q8IGY1,17,5,3,4,0.0404692489931043,50.5,False,0.9959601759910583
7bjn__A1_Q8IGY1--7bjn__B1_Q8IGY1,18,4,3,4,0.5987063560479342,45.96875,True,4.011118562630145e-06
7bjn__A1_Q8IGY1--7bjn__B1_Q8IGY1,19,4,1,4,0.0404895312260729,27.9375,False,0.99982088804245
7bjn__A1_Q8IGY1--7bjn__B1_Q8IGY1,20,4,2,4,0.0404627653020013,27.015625,False,0.9996864795684814
7bv5__C1_Q9URQ3--7bv5__A1_P47058,1,1,0,1,0.8287138113086122,90.6875,True,0.7794649600982666
7bv5__C1_Q9URQ3--7bv5__A1_P47058,2,1,2,1,0.7950061633096898,90.4375,True,0.7794649600982666
7bv5__C1_Q9URQ3--7bv5__A1_P47058,3,4,2,1,0.7925242607411699,90.1875,True,0.8152506351470947
7bv5__C1_Q9URQ3--7bv5__A1_P47058,4,4,0,1,0.7799603570479724,90.125,True,0.7990790009498596
7bv5__C1_Q9URQ3--7bv5__A1_P47058,5,1,1,1,0.7856950702872895,90.125,True,0.812781035900116
7bv5__C1_Q9URQ3--7bv5__A1_P47058,6,4,3,1,0.7768341607905419,90.0625,True,0.8355922102928162
7bv5__C1_Q9URQ3--7bv5__A1_P47058,7,4,1,1,0.7902714488504842,90.0625,True,0.7830502986907959
7bv5__C1_Q9URQ3--7bv5__A1_P47058,8,1,3,1,0.7718087670394312,90.0,True,0.8263872861862183
7bv5__C1_Q9URQ3--7bv5__A1_P47058,9,2,0,1,0.7723268199070654,89.9375,True,0.7961082458496094
7bv5__C1_Q9URQ3--7bv5__A1_P47058,10,2,2,1,0.7721261063393042,89.875,True,0.7817962169647217
7bv5__C1_Q9URQ3--7bv5__A1_P47058,11,3,1,1,0.7961277170038338,89.8125,True,0.7693144679069519
7bv5__C1_Q9URQ3--7bv5__A1_P47058,12,3,3,1,0.7756819107060879,89.6875,True,0.8288379311561584
7bv5__C1_Q9URQ3--7bv5__A1_P47058,13,5,0,1,0.786146811033161,89.625,True,0.7802587151527405
7bv5__C1_Q9URQ3--7bv5__A1_P47058,14,3,0,1,0.7725155284818223,89.5,True,0.7858759164810181
7bv5__C1_Q9URQ3--7bv5__A1_P47058,15,5,2,1,0.8096710601849689,89.375,True,0.8173065185546875
7bv5__C1_Q9URQ3--7bv5__A1_P47058,16,5,1,1,0.8029052664148587,89.3125,True,0.8532547950744629
7bv5__C1_Q9URQ3--7bv5__A1_P47058,17,3,2,1,0.7757484684618573,89.25,True,0.822516679763794
7bv5__C1_Q9URQ3--7bv5__A1_P47058,18,5,3,1,0.760512454520398,89.25,True,0.8765239715576172
7bv5__C1_Q9URQ3--7bv5__A1_P47058,19,2,1,1,0.7902205938162811,88.0,True,0.7973467707633972
7bv5__C1_Q9URQ3--7bv5__A1_P47058,20,2,3,1,0.7827493849834998,87.8125,True,0.803533673286438
7cdv__A1_A0A2I4PGE9--7cdv__B1_A0A2I4PGE9,1,5,3,0,0.4391765768228619,86.125,True,0.999086856842041
7cdv__A1_A0A2I4PGE9--7cdv__B1_A0A2I4PGE9,2,5,1,0,0.4412158220421867,85.875,True,0.9997908473014832
7cdv__A1_A0A2I4PGE9--7cdv__B1_A0A2I4PGE9,3,5,2,0,0.7080438295705216,85.8125,True,0.288559228181839
7cdv__A1_A0A2I4PGE9--7cdv__B1_A0A2I4PGE9,4,5,0,0,0.7048671019657201,85.8125,True,0.10352417826652527
7cdv__A1_A0A2I4PGE9--7cdv__B1_A0A2I4PGE9,5,1,2,0,0.4404854780544213,85.625,True,0.9373821020126343
7cdv__A1_A0A2I4PGE9--7cdv__B1_A0A2I4PGE9,6,1,3,0,0.4510674206405582,85.25,True,0.9538264274597168
7cdv__A1_A0A2I4PGE9--7cdv__B1_A0A2I4PGE9,7,1,0,0,0.4418940987586818,85.1875,True,0.9810134768486023
7cdv__A1_A0A2I4PGE9--7cdv__B1_A0A2I4PGE9,8,1,1,0,0.4412736861113384,85.125,True,0.9614172577857971
7cdv__A1_A0A2I4PGE9--7cdv__B1_A0A2I4PGE9,9,2,1,0,0.4413838740985246,84.4375,True,0.9992414712905884
7cdv__A1_A0A2I4PGE9--7cdv__B1_A0A2I4PGE9,10,3,3,0,0.6450146643208886,84.0,True,0.9124526381492615
7cdv__A1_A0A2I4PGE9--7cdv__B1_A0A2I4PGE9,11,3,2,0,0.6533964868199338,83.8125,True,0.24395740032196045
7cdv__A1_A0A2I4PGE9--7cdv__B1_A0A2I4PGE9,12,3,0,0,0.7478351633842738,83.8125,True,0.004445652011781931
7cdv__A1_A0A2I4PGE9--7cdv__B1_A0A2I4PGE9,13,3,1,0,0.6960269048740281,83.6875,True,0.11298307031393051
7cdv__A1_A0A2I4PGE9--7cdv__B1_A0A2I4PGE9,14,2,3,0,0.5311941905225651,82.875,True,0.9993599057197571
7cdv__A1_A0A2I4PGE9--7cdv__B1_A0A2I4PGE9,15,4,2,0,0.5878468684015855,82.625,True,0.7940261363983154
7cdv__A1_A0A2I4PGE9--7cdv__B1_A0A2I4PGE9,16,4,3,0,0.559327601913237,81.875,True,0.9489171504974365
7cdv__A1_A0A2I4PGE9--7cdv__B1_A0A2I4PGE9,17,2,0,0,0.4793434889819295,81.4375,True,0.9983715415000916
7cdv__A1_A0A2I4PGE9--7cdv__B1_A0A2I4PGE9,18,4,0,0,0.4473718820622183,81.3125,True,0.9948604702949524
7cdv__A1_A0A2I4PGE9--7cdv__B1_A0A2I4PGE9,19,4,1,0,0.4812705333542812,81.25,True,0.999699592590332
7cdv__A1_A0A2I4PGE9--7cdv__B1_A0A2I4PGE9,20,2,2,0,0.5926620471264544,80.25,True,0.9993205070495605
7cnv__A1_A0B757--7cnv__B1_A0B757,1,2,2,3,0.1174323868725312,59.875,False,0.28449711203575134
7cnv__A1_A0B757--7cnv__B1_A0B757,2,2,0,3,0.157720340145429,59.28125,False,0.20301266014575958
7cnv__A1_A0B757--7cnv__B1_A0B757,3,2,1,3,0.1360440587935226,56.09375,False,0.27322521805763245
7cnv__A1_A0B757--7cnv__B1_A0B757,4,3,2,3,0.2174543372585807,30.328125,False,0.2083725780248642
7cnv__A1_A0B757--7cnv__B1_A0B757,5,2,3,3,0.2747032625478918,29.84375,True,0.2601895034313202
7cnv__A1_A0B757--7cnv__B1_A0B757,6,4,2,3,0.1142592837364537,29.390625,False,0.2313789278268814
7cnv__A1_A0B757--7cnv__B1_A0B757,7,4,3,3,0.155448237532955,28.8125,False,0.04840866103768349
7cnv__A1_A0B757--7cnv__B1_A0B757,8,1,1,3,0.309493005556876,28.734375,True,0.27988284826278687
7cnv__A1_A0B757--7cnv__B1_A0B757,9,1,0,3,0.0678492173872983,28.6875,False,0.04199628904461861
7cnv__A1_A0B757--7cnv__B1_A0B757,10,1,2,3,0.1528184993852933,28.140625,False,0.33085471391677856
7cnv__A1_A0B757--7cnv__B1_A0B757,11,5,1,3,0.2646227202105364,27.9375,True,0.951069176197052
7cnv__A1_A0B757--7cnv__B1_A0B757,12,4,1,3,0.1026521660206194,27.71875,False,0.06241908669471741
7cnv__A1_A0B757--7cnv__B1_A0B757,13,1,3,3,0.3836517015055681,27.609375,True,0.020010238513350487
7cnv__A1_A0B757--7cnv__B1_A0B757,14,4,0,3,0.1235281004080004,27.546875,False,0.660410463809967
7cnv__A1_A0B757--7cnv__B1_A0B757,15,5,3,3,0.2369283322636843,27.1875,True,0.4114435315132141
7cnv__A1_A0B757--7cnv__B1_A0B757,16,5,2,3,0.3472293725040054,26.3125,True,0.682878315448761
7cnv__A1_A0B757--7cnv__B1_A0B757,17,5,0,3,0.3836799153905257,25.796875,True,0.682878315448761
7cnv__A1_A0B757--7cnv__B1_A0B757,18,3,1,3,0.2728949796732243,25.09375,True,0.047229453921318054
7cnv__A1_A0B757--7cnv__B1_A0B757,19,3,3,3,0.2447621560002473,24.90625,True,0.05474467948079109
7cnv__A1_A0B757--7cnv__B1_A0B757,20,3,0,3,0.1340030245091232,24.84375,False,0.9607073068618774
7dnn__A1_H0QPL9--7dnn__B1_H0QPL8,1,1,1,0,0.6281019878995567,91.0,True,0.959679901599884
7dnn__A1_H0QPL9--7dnn__B1_H0QPL8,2,1,3,0,0.6037937541766757,90.9375,True,0.9625016450881958
7dnn__A1_H0QPL9--7dnn__B1_H0QPL8,3,2,1,0,0.6152692048072325,90.875,True,0.952549397945404
7dnn__A1_H0QPL9--7dnn__B1_H0QPL8,4,1,2,0,0.5932029067607426,90.8125,True,0.9874129295349121
7dnn__A1_H0QPL9--7dnn__B1_H0QPL8,5,5,3,0,0.5994636522592898,90.75,True,0.9640339612960815
7dnn__A1_H0QPL9--7dnn__B1_H0QPL8,6,2,3,0,0.6015584781613144,90.6875,True,0.9764275550842285
7dnn__A1_H0QPL9--7dnn__B1_H0QPL8,7,5,1,0,0.6135094161848124,90.5625,True,0.9686005711555481
7dnn__A1_H0QPL9--7dnn__B1_H0QPL8,8,5,2,0,0.593602373743447,90.5,True,0.9594601392745972
7dnn__A1_H0QPL9--7dnn__B1_H0QPL8,9,3,0,0,0.6142220016368615,90.375,True,0.9438412189483643
7dnn__A1_H0QPL9--7dnn__B1_H0QPL8,10,1,0,0,0.6324119819419245,90.3125,True,0.9381962418556213
7dnn__A1_H0QPL9--7dnn__B1_H0QPL8,11,4,1,0,0.600387187995,90.25,True,0.975288450717926
7dnn__A1_H0QPL9--7dnn__B1_H0QPL8,12,2,0,0,0.6754243514335642,90.25,True,0.8463939428329468
7dnn__A1_H0QPL9--7dnn__B1_H0QPL8,13,4,3,0,0.6128871237674208,90.1875,True,0.9804494976997375
7dnn__A1_H0QPL9--7dnn__B1_H0QPL8,14,3,1,0,0.617623462176547,90.1875,True,0.9165002703666687
7dnn__A1_H0QPL9--7dnn__B1_H0QPL8,15,5,0,0,0.6392656574660064,90.1875,True,0.922576904296875
7dnn__A1_H0QPL9--7dnn__B1_H0QPL8,16,2,2,0,0.6207941804972571,90.125,True,0.9531653523445129
7dnn__A1_H0QPL9--7dnn__B1_H0QPL8,17,3,2,0,0.6188813480982642,90.0,True,0.9317799210548401
7dnn__A1_H0QPL9--7dnn__B1_H0QPL8,18,3,3,0,0.6135926628295336,90.0,True,0.9402163028717041
7dnn__A1_H0QPL9--7dnn__B1_H0QPL8,19,4,2,0,0.5999205311442081,89.9375,True,0.9864581227302551
7dnn__A1_H0QPL9--7dnn__B1_H0QPL8,20,4,0,0,0.6462771678273126,89.625,True,0.9221070408821106
7drb__B1_A0A2I8B6R1--7drb__A1_Q30BZ2,1,1,1,0,0.4665993400184085,64.375,True,0.15479373931884766
7drb__B1_A0A2I8B6R1--7drb__A1_Q30BZ2,2,1,2,0,0.4216045237696944,43.1875,True,0.22178612649440765
7drb__B1_A0A2I8B6R1--7drb__A1_Q30BZ2,3,3,0,0,0.4603556796484374,42.03125,True,0.07818075269460678
7drb__B1_A0A2I8B6R1--7drb__A1_Q30BZ2,4,2,1,0,0.2042718135120044,41.0,False,0.03490108624100685
7drb__B1_A0A2I8B6R1--7drb__A1_Q30BZ2,5,3,2,0,0.3571497787909871,40.0,True,0.15339744091033936
7drb__B1_A0A2I8B6R1--7drb__A1_Q30BZ2,6,2,2,0,0.0725748108222914,39.21875,False,0.02577120065689087
7drb__B1_A0A2I8B6R1--7drb__A1_Q30BZ2,7,4,0,0,0.2619923705868783,39.09375,True,0.04842289537191391
7drb__B1_A0A2I8B6R1--7drb__A1_Q30BZ2,8,1,3,0,0.1072379594499817,38.96875,False,0.016327962279319763
7drb__B1_A0A2I8B6R1--7drb__A1_Q30BZ2,9,2,0,0,0.1538565675704482,38.875,False,0.01903856173157692
7drb__B1_A0A2I8B6R1--7drb__A1_Q30BZ2,10,1,0,0,0.1143627075605045,38.15625,False,0.0997314527630806
7drb__B1_A0A2I8B6R1--7drb__A1_Q30BZ2,11,4,1,0,0.0806742993178337,37.96875,False,0.05760130658745766
7drb__B1_A0A2I8B6R1--7drb__A1_Q30BZ2,12,2,3,0,0.0464331360600603,37.5625,False,0.012249788269400597
7drb__B1_A0A2I8B6R1--7drb__A1_Q30BZ2,13,4,2,0,0.0748521056229013,37.21875,False,0.01364488061517477
7drb__B1_A0A2I8B6R1--7drb__A1_Q30BZ2,14,5,2,0,0.0691746377885388,37.09375,False,0.06927542388439178
7drb__B1_A0A2I8B6R1--7drb__A1_Q30BZ2,15,4,3,0,0.084781280124316,37.0,False,0.04035472497344017
7drb__B1_A0A2I8B6R1--7drb__A1_Q30BZ2,16,3,1,0,0.1521707208342252,36.625,False,0.000577322265598923
7drb__B1_A0A2I8B6R1--7drb__A1_Q30BZ2,17,3,3,0,0.1585085110902958,36.5625,False,0.07922542095184326
7drb__B1_A0A2I8B6R1--7drb__A1_Q30BZ2,18,5,3,0,0.0959205045830423,36.46875,False,0.07292032241821289
7drb__B1_A0A2I8B6R1--7drb__A1_Q30BZ2,19,5,1,0,0.0559140998893801,36.25,False,0.011303810402750969
7drb__B1_A0A2I8B6R1--7drb__A1_Q30BZ2,20,5,0,0,0.1605643188202749,36.09375,False,0.05831938609480858
7dtl__A1_UNDEFINED--7dtl__B1_UNDEFINED,1,1,1,3,0.6478037064807456,82.0,True,0.0021084644831717014
7dtl__A1_UNDEFINED--7dtl__B1_UNDEFINED,2,1,0,3,0.5910409031499332,73.125,True,7.31806585463346e-06
7dtl__A1_UNDEFINED--7dtl__B1_UNDEFINED,3,1,2,3,0.6199077530856206,72.3125,True,1.1078482202719897e-05
7dtl__A1_UNDEFINED--7dtl__B1_UNDEFINED,4,1,3,3,0.5820546799182725,65.3125,True,0.0004267829062882811
7dtl__A1_UNDEFINED--7dtl__B1_UNDEFINED,5,2,2,3,0.5924458104215548,59.40625,True,3.3546690247021616e-05
7dtl__A1_UNDEFINED--7dtl__B1_UNDEFINED,6,2,3,3,0.582838552506857,57.75,True,0.03389385715126991
7dtl__A1_UNDEFINED--7dtl__B1_UNDEFINED,7,4,1,3,0.1628530389212802,53.0625,False,0.9380745887756348
7dtl__A1_UNDEFINED--7dtl__B1_UNDEFINED,8,5,0,3,0.0192471649551907,42.78125,False,0.008890948258340359
7dtl__A1_UNDEFINED--7dtl__B1_UNDEFINED,9,2,0,3,0.1680500739434935,41.28125,False,0.9319708347320557
7dtl__A1_UNDEFINED--7dtl__B1_UNDEFINED,10,3,0,3,0.4183507902763272,40.84375,True,0.08000803738832474
7dtl__A1_UNDEFINED--7dtl__B1_UNDEFINED,11,3,1,3,0.4319833107660143,40.59375,True,0.7236883640289307
7dtl__A1_UNDEFINED--7dtl__B1_UNDEFINED,12,5,3,3,0.0193697825169239,40.5625,False,0.0252144243568182
7dtl__A1_UNDEFINED--7dtl__B1_UNDEFINED,13,3,3,3,0.448702055162834,39.53125,True,0.024950332939624786
7dtl__A1_UNDEFINED--7dtl__B1_UNDEFINED,14,2,1,3,0.1904931427563396,37.9375,False,0.6704885959625244
7dtl__A1_UNDEFINED--7dtl__B1_UNDEFINED,15,3,2,3,0.4321748156278547,37.9375,True,0.017605990171432495
7dtl__A1_UNDEFINED--7dtl__B1_UNDEFINED,16,5,2,3,0.019457129398685,36.34375,False,0.021411089226603508
7dtl__A1_UNDEFINED--7dtl__B1_UNDEFINED,17,4,2,3,0.1568053285596265,31.0625,False,0.1317165642976761
7dtl__A1_UNDEFINED--7dtl__B1_UNDEFINED,18,4,3,3,0.2166372832258414,29.609375,False,0.07556570321321487
7dtl__A1_UNDEFINED--7dtl__B1_UNDEFINED,19,5,1,3,0.0269211248815127,29.34375,False,0.0007761328597553074
7dtl__A1_UNDEFINED--7dtl__B1_UNDEFINED,20,4,0,3,0.151927489070884,27.34375,False,0.9876521825790405
7e2m__A1_Q9P2K8--7e2m__B1_Q9P2K8,1,3,0,0,0.1007422373902674,51.3125,False,0.9713294506072998
7e2m__A1_Q9P2K8--7e2m__B1_Q9P2K8,2,3,1,0,0.1083001658425942,41.4375,False,0.9887863397598267
7e2m__A1_Q9P2K8--7e2m__B1_Q9P2K8,3,1,3,0,0.1394076545885787,38.09375,False,0.9997250437736511
7e2m__A1_Q9P2K8--7e2m__B1_Q9P2K8,4,5,3,0,0.1321479880997933,37.03125,False,0.03957122191786766
7e2m__A1_Q9P2K8--7e2m__B1_Q9P2K8,5,5,0,0,0.2531607358881104,36.4375,True,0.05104102939367294
7e2m__A1_Q9P2K8--7e2m__B1_Q9P2K8,6,1,0,0,0.104227767821422,36.25,False,0.953927755355835
7e2m__A1_Q9P2K8--7e2m__B1_Q9P2K8,7,4,2,0,0.1824650111192808,35.6875,False,0.018667947500944138
7e2m__A1_Q9P2K8--7e2m__B1_Q9P2K8,8,3,2,0,0.1183988721365896,35.125,False,0.9998842477798462
7e2m__A1_Q9P2K8--7e2m__B1_Q9P2K8,9,2,0,0,0.079037437727478,34.9375,False,0.07814216613769531
7e2m__A1_Q9P2K8--7e2m__B1_Q9P2K8,10,1,2,0,0.148641861008151,33.46875,False,0.9921185970306396
7e2m__A1_Q9P2K8--7e2m__B1_Q9P2K8,11,4,1,0,0.2143272798599761,33.40625,False,0.12544618546962738
7e2m__A1_Q9P2K8--7e2m__B1_Q9P2K8,12,1,1,0,0.1467076589727988,33.1875,False,0.9931273460388184
7e2m__A1_Q9P2K8--7e2m__B1_Q9P2K8,13,5,2,0,0.3219706040315601,33.125,True,0.05289718881249428
7e2m__A1_Q9P2K8--7e2m__B1_Q9P2K8,14,5,1,0,0.3104443736047408,32.59375,True,0.13206909596920013
7e2m__A1_Q9P2K8--7e2m__B1_Q9P2K8,15,4,3,0,0.241208699367146,31.515625,True,0.08491760492324829
7e2m__A1_Q9P2K8--7e2m__B1_Q9P2K8,16,4,0,0,0.0582534931849707,31.46875,False,0.09653843194246292
7e2m__A1_Q9P2K8--7e2m__B1_Q9P2K8,17,2,2,0,0.0978024719438843,31.046875,False,0.0011007520370185375
7e2m__A1_Q9P2K8--7e2m__B1_Q9P2K8,18,3,3,0,0.1096252286385846,31.046875,False,0.9996618032455444
7e2m__A1_Q9P2K8--7e2m__B1_Q9P2K8,19,2,1,0,0.1194148809632866,30.8125,False,0.007342583499848843
7e2m__A1_Q9P2K8--7e2m__B1_Q9P2K8,20,2,3,0,0.1217520408172177,28.015625,False,0.4033716022968292
7e36__B1_A0A318JQQ2--7e36__A1_A0A318JWT9,1,4,1,4,0.8126730926514747,94.1875,True,0.9158092141151428
7e36__B1_A0A318JQQ2--7e36__A1_A0A318JWT9,2,4,3,4,0.8154764988709958,94.1875,True,0.9338492155075073
7e36__B1_A0A318JQQ2--7e36__A1_A0A318JWT9,3,4,0,4,0.8218199750332585,94.0625,True,0.9143505096435547
7e36__B1_A0A318JQQ2--7e36__A1_A0A318JWT9,4,4,2,4,0.8088754698949477,94.0625,True,0.8955421447753906
7e36__B1_A0A318JQQ2--7e36__A1_A0A318JWT9,5,3,3,4,0.8039023504373026,93.9375,True,0.909733772277832
7e36__B1_A0A318JQQ2--7e36__A1_A0A318JWT9,6,1,1,4,0.8016237016841301,93.9375,True,0.8749761581420898
7e36__B1_A0A318JQQ2--7e36__A1_A0A318JWT9,7,1,2,4,0.8021869477315674,93.9375,True,0.9006079435348511
7e36__B1_A0A318JQQ2--7e36__A1_A0A318JWT9,8,5,1,4,0.8026750834399139,93.875,True,0.895830512046814
7e36__B1_A0A318JQQ2--7e36__A1_A0A318JWT9,9,2,0,4,0.7972922700990265,93.875,True,0.8763277530670166
7e36__B1_A0A318JQQ2--7e36__A1_A0A318JWT9,10,5,0,4,0.8076151028328847,93.875,True,0.8931423425674438
7e36__B1_A0A318JQQ2--7e36__A1_A0A318JWT9,11,2,1,4,0.7948899198681749,93.875,True,0.8668537735939026
7e36__B1_A0A318JQQ2--7e36__A1_A0A318JWT9,12,1,0,4,0.8078119812183745,93.875,True,0.9136962890625
7e36__B1_A0A318JQQ2--7e36__A1_A0A318JWT9,13,3,2,4,0.8106400008367322,93.875,True,0.8683565258979797
7e36__B1_A0A318JQQ2--7e36__A1_A0A318JWT9,14,3,1,4,0.8141078823586394,93.8125,True,0.8812621831893921
7e36__B1_A0A318JQQ2--7e36__A1_A0A318JWT9,15,2,2,4,0.797412707635378,93.8125,True,0.8640295267105103
7e36__B1_A0A318JQQ2--7e36__A1_A0A318JWT9,16,5,2,4,0.8044612075216008,93.8125,True,0.8937257528305054
7e36__B1_A0A318JQQ2--7e36__A1_A0A318JWT9,17,1,3,4,0.7944730823505304,93.8125,True,0.8674866557121277
7e36__B1_A0A318JQQ2--7e36__A1_A0A318JWT9,18,3,0,4,0.8183481012158659,93.8125,True,0.8812621831893921
7e36__B1_A0A318JQQ2--7e36__A1_A0A318JWT9,19,5,3,4,0.8051869491227849,93.75,True,0.9170737266540527
7e36__B1_A0A318JQQ2--7e36__A1_A0A318JWT9,20,2,3,4,0.7940588101941959,93.6875,True,0.912682294845581
7e5m__A1_P09758--7e5m__B2_P09758,1,3,3,0,0.0093173485121944,79.8125,False,0.9883720278739929
7e5m__A1_P09758--7e5m__B2_P09758,2,3,0,0,0.0093894380592316,78.8125,False,0.9781628251075745
7e5m__A1_P09758--7e5m__B2_P09758,3,4,0,0,0.0092768001797318,77.625,False,0.9671558737754822
7e5m__A1_P09758--7e5m__B2_P09758,4,1,0,0,0.0092535136085395,77.4375,False,0.9686778783798218
7e5m__A1_P09758--7e5m__B2_P09758,5,3,1,0,0.0093736206913674,77.4375,False,0.9798092842102051
7e5m__A1_P09758--7e5m__B2_P09758,6,2,3,0,0.0091205328398024,76.5,False,0.9665564298629761
7e5m__A1_P09758--7e5m__B2_P09758,7,4,3,0,0.0093425339890489,76.4375,False,0.9902359843254089
7e5m__A1_P09758--7e5m__B2_P09758,8,3,2,0,0.0093391507081464,76.25,False,0.9928217530250549
7e5m__A1_P09758--7e5m__B2_P09758,9,2,0,0,0.0091893227324349,75.8125,False,0.9153974652290344
7e5m__A1_P09758--7e5m__B2_P09758,10,2,1,0,0.0091713508767315,75.75,False,0.9197339415550232
7e5m__A1_P09758--7e5m__B2_P09758,11,5,3,0,0.009202509656828,75.75,False,0.9466090202331543
7e5m__A1_P09758--7e5m__B2_P09758,12,4,2,0,0.0093087617205309,74.9375,False,0.9773503541946411
7e5m__A1_P09758--7e5m__B2_P09758,13,4,1,0,0.0093443813828322,74.4375,False,0.9702713489532471
7e5m__A1_P09758--7e5m__B2_P09758,14,5,1,0,0.0092198013283402,73.75,False,0.9659103751182556
7e5m__A1_P09758--7e5m__B2_P09758,15,5,2,0,0.0092229986589678,73.5625,False,0.9290260076522827
7e5m__A1_P09758--7e5m__B2_P09758,16,1,2,0,0.0092153134520241,73.4375,False,0.9503187537193298
7e5m__A1_P09758--7e5m__B2_P09758,17,1,3,0,0.0092284566364269,73.4375,False,0.9211090207099915
7e5m__A1_P09758--7e5m__B2_P09758,18,1,1,0,0.009187538683677,73.1875,False,0.8371031284332275
7e5m__A1_P09758--7e5m__B2_P09758,19,2,2,0,0.0091248763120273,73.0,False,0.9584200382232666
7e5m__A1_P09758--7e5m__B2_P09758,20,5,0,0,0.0092316365343028,67.4375,False,0.8370481133460999
7f7j__B1_A0A5J6VLZ7--7f7j__A2_A0A5J6VLZ7,1,5,0,2,0.0052112650292727,58.4375,False,0.10161124914884567
7f7j__B1_A0A5J6VLZ7--7f7j__A2_A0A5J6VLZ7,2,3,1,2,0.0051401191750825,55.71875,False,0.9811542630195618
7f7j__B1_A0A5J6VLZ7--7f7j__A2_A0A5J6VLZ7,3,3,2,2,0.0051412685187652,54.5,False,0.9977598190307617
7f7j__B1_A0A5J6VLZ7--7f7j__A2_A0A5J6VLZ7,4,3,0,2,0.0051122333245466,53.5625,False,0.9706070423126221
7f7j__B1_A0A5J6VLZ7--7f7j__A2_A0A5J6VLZ7,5,3,3,2,0.0051106764575458,53.34375,False,0.9610469937324524
7f7j__B1_A0A5J6VLZ7--7f7j__A2_A0A5J6VLZ7,6,2,0,2,0.0051681152505077,47.4375,False,0.9946720004081726
7f7j__B1_A0A5J6VLZ7--7f7j__A2_A0A5J6VLZ7,7,5,3,2,0.0050961050292192,47.34375,False,0.007441132329404354
7f7j__B1_A0A5J6VLZ7--7f7j__A2_A0A5J6VLZ7,8,5,2,2,0.0050612338141838,46.78125,False,0.01747029274702072
7f7j__B1_A0A5J6VLZ7--7f7j__A2_A0A5J6VLZ7,9,2,1,2,0.0051649314806753,46.03125,False,0.6887099742889404
7f7j__B1_A0A5J6VLZ7--7f7j__A2_A0A5J6VLZ7,10,2,3,2,0.0050774229940327,42.6875,False,0.9770947694778442
7f7j__B1_A0A5J6VLZ7--7f7j__A2_A0A5J6VLZ7,11,5,1,2,0.0050615693419193,41.1875,False,0.8125170469284058
7f7j__B1_A0A5J6VLZ7--7f7j__A2_A0A5J6VLZ7,12,2,2,2,0.0051323600387359,39.34375,False,0.3047269284725189
7f7j__B1_A0A5J6VLZ7--7f7j__A2_A0A5J6VLZ7,13,4,2,2,0.0051632924172384,36.84375,False,0.9676423668861389
7f7j__B1_A0A5J6VLZ7--7f7j__A2_A0A5J6VLZ7,14,1,2,2,0.0050932011163619,36.0,False,0.002741199918091297
7f7j__B1_A0A5J6VLZ7--7f7j__A2_A0A5J6VLZ7,15,4,3,2,0.0051948167827664,35.96875,False,0.7782392501831055
7f7j__B1_A0A5J6VLZ7--7f7j__A2_A0A5J6VLZ7,16,4,0,2,0.0052267273582177,35.6875,False,0.1018054261803627
7f7j__B1_A0A5J6VLZ7--7f7j__A2_A0A5J6VLZ7,17,4,1,2,0.0052140960149709,35.0625,False,0.06244698911905289
7f7j__B1_A0A5J6VLZ7--7f7j__A2_A0A5J6VLZ7,18,1,3,2,0.0051410908701499,33.3125,False,0.21056875586509705
7f7j__B1_A0A5J6VLZ7--7f7j__A2_A0A5J6VLZ7,19,1,0,2,0.0051434798304331,33.21875,False,0.08494202792644501
7f7j__B1_A0A5J6VLZ7--7f7j__A2_A0A5J6VLZ7,20,1,1,2,0.0051405790982122,32.34375,False,0.0194704532623291
7fds__B1_P9WK61--7fds__A1_P9WK61,1,1,0,4,0.055246824930071,84.1875,False,0.9997801184654236
7fds__B1_P9WK61--7fds__A1_P9WK61,2,1,2,4,0.0558186720975989,77.25,False,0.9591026306152344
7fds__B1_P9WK61--7fds__A1_P9WK61,3,2,2,4,0.0557396295966284,75.5,False,0.832959771156311
7fds__B1_P9WK61--7fds__A1_P9WK61,4,2,1,4,0.0563761396425131,62.6875,False,0.9999994039535522
7fds__B1_P9WK61--7fds__A1_P9WK61,5,2,0,4,0.0552231989587694,57.1875,False,0.9999722242355347
7fds__B1_P9WK61--7fds__A1_P9WK61,6,5,2,4,0.0555533236007711,53.96875,False,0.9999332427978516
7fds__B1_P9WK61--7fds__A1_P9WK61,7,1,3,4,0.0568834307256269,49.875,False,0.9953327775001526
7fds__B1_P9WK61--7fds__A1_P9WK61,8,5,1,4,0.0580099227532292,48.40625,False,0.999578058719635
7fds__B1_P9WK61--7fds__A1_P9WK61,9,4,0,4,0.0596003773354144,46.6875,False,0.9999440908432007
7fds__B1_P9WK61--7fds__A1_P9WK61,10,2,3,4,0.0502035286026347,45.375,False,0.9911382794380188
7fds__B1_P9WK61--7fds__A1_P9WK61,11,4,3,4,0.058754620211291,44.96875,False,0.9999767541885376
7fds__B1_P9WK61--7fds__A1_P9WK61,12,4,1,4,0.251629097610996,41.9375,True,0.0025409767404198647
7fds__B1_P9WK61--7fds__A1_P9WK61,13,1,1,4,0.055748193174657,40.5625,False,0.975836992263794
7fds__B1_P9WK61--7fds__A1_P9WK61,14,5,3,4,0.0510118369072537,39.8125,False,0.4609963297843933
7fds__B1_P9WK61--7fds__A1_P9WK61,15,3,2,4,0.0627129387101036,33.15625,False,0.007999501191079617
7fds__B1_P9WK61--7fds__A1_P9WK61,16,4,2,4,0.0533151360298275,31.25,False,0.8520892262458801
7fds__B1_P9WK61--7fds__A1_P9WK61,17,3,3,4,0.0617231795416474,30.8125,False,0.23925527930259705
7fds__B1_P9WK61--7fds__A1_P9WK61,18,3,1,4,0.0676522879429019,30.5625,False,0.5385729074478149
7fds__B1_P9WK61--7fds__A1_P9WK61,19,3,0,4,0.0612494374581853,30.359375,False,0.21650166809558868
7fds__B1_P9WK61--7fds__A1_P9WK61,20,5,0,4,0.0505403732082489,29.078125,False,0.11238163709640503
7jre__A1_Q68T42--7jre__B1_Q68T42,1,2,2,1,0.9031052526381274,71.625,True,0.2904742360115051
7jre__A1_Q68T42--7jre__B1_Q68T42,2,2,1,1,0.3110265198227065,22.8125,True,0.26812219619750977
7jre__A1_Q68T42--7jre__B1_Q68T42,3,4,1,1,0.0207308044350918,21.875,False,0.16453327238559723
7jre__A1_Q68T42--7jre__B1_Q68T42,4,5,0,1,0.0761141365365087,20.078125,False,0.11248553544282913
7jre__A1_Q68T42--7jre__B1_Q68T42,5,5,3,1,0.0142040840600246,20.0625,False,0.01890559308230877
7jre__A1_Q68T42--7jre__B1_Q68T42,6,4,3,1,0.0188338060120775,19.703125,False,0.014201982878148556
7jre__A1_Q68T42--7jre__B1_Q68T42,7,3,2,1,0.0417888344380994,19.6875,False,0.03852656111121178
7jre__A1_Q68T42--7jre__B1_Q68T42,8,4,2,1,0.0218080994102884,19.328125,False,0.44125157594680786
7jre__A1_Q68T42--7jre__B1_Q68T42,9,1,1,1,0.6485796717851177,19.109375,True,0.0036210091784596443
7jre__A1_Q68T42--7jre__B1_Q68T42,10,1,0,1,0.5234626714143468,19.0,True,0.45394864678382874
7jre__A1_Q68T42--7jre__B1_Q68T42,11,5,2,1,0.0136655568538318,18.78125,False,0.04434111341834068
7jre__A1_Q68T42--7jre__B1_Q68T42,12,3,3,1,0.0279073834607442,18.59375,False,0.6432402729988098
7jre__A1_Q68T42--7jre__B1_Q68T42,13,1,3,1,0.3332037375212033,17.6875,True,0.0008241325849667192
7jre__A1_Q68T42--7jre__B1_Q68T42,14,4,0,1,0.0263435824053222,17.359375,False,0.04051032289862633
7jre__A1_Q68T42--7jre__B1_Q68T42,15,1,2,1,0.0279708378749555,17.1875,False,0.23142239451408386
7jre__A1_Q68T42--7jre__B1_Q68T42,16,2,0,1,0.0292386766472106,17.1875,False,0.33429551124572754
7jre__A1_Q68T42--7jre__B1_Q68T42,17,5,1,1,0.0209274381511115,16.875,False,0.0016989624127745628
7jre__A1_Q68T42--7jre__B1_Q68T42,18,2,3,1,0.02663063137171,16.6875,False,0.06543274968862534
7jre__A1_Q68T42--7jre__B1_Q68T42,19,3,1,1,0.0140874833066607,16.65625,False,0.03845895454287529
7jre__A1_Q68T42--7jre__B1_Q68T42,20,3,0,1,0.0217328877792648,15.859375,False,0.01621038280427456
7k5n__A1_A0A3S5WQC2--7k5n__A2_A0A3S5WQC2,1,4,1,3,0.0177188446215014,81.9375,False,0.043020933866500854
7k5n__A1_A0A3S5WQC2--7k5n__A2_A0A3S5WQC2,2,5,1,3,0.0179761261142041,81.625,False,1.581952524531971e-08
7k5n__A1_A0A3S5WQC2--7k5n__A2_A0A3S5WQC2,3,5,0,3,0.017992632677797,81.5625,False,2.4394044118025704e-08
7k5n__A1_A0A3S5WQC2--7k5n__A2_A0A3S5WQC2,4,3,1,3,0.0180099425204762,81.1875,False,2.511286467665741e-08
7k5n__A1_A0A3S5WQC2--7k5n__A2_A0A3S5WQC2,5,4,2,3,0.0177235566397408,81.0,False,0.01983032003045082
7k5n__A1_A0A3S5WQC2--7k5n__A2_A0A3S5WQC2,6,5,3,3,0.0179988820180974,80.75,False,1.349540745820832e-08
7k5n__A1_A0A3S5WQC2--7k5n__A2_A0A3S5WQC2,7,4,0,3,0.0177452586085509,80.0,False,0.06311346590518951
7k5n__A1_A0A3S5WQC2--7k5n__A2_A0A3S5WQC2,8,5,2,3,0.0180771641433846,76.5,False,4.500370494042727e-07
7k5n__A1_A0A3S5WQC2--7k5n__A2_A0A3S5WQC2,9,2,0,3,0.0177360232221102,75.6875,False,0.7206818461418152
7k5n__A1_A0A3S5WQC2--7k5n__A2_A0A3S5WQC2,10,2,3,3,0.01778676703304,73.375,False,0.7843708992004395
7k5n__A1_A0A3S5WQC2--7k5n__A2_A0A3S5WQC2,11,3,0,3,0.0180259385298586,73.25,False,2.7127578050567536e-06
7k5n__A1_A0A3S5WQC2--7k5n__A2_A0A3S5WQC2,12,2,1,3,0.0177589123331965,71.8125,False,0.34140223264694214
7k5n__A1_A0A3S5WQC2--7k5n__A2_A0A3S5WQC2,13,4,3,3,0.0177369565663859,71.1875,False,0.04421007260680199
7k5n__A1_A0A3S5WQC2--7k5n__A2_A0A3S5WQC2,14,2,2,3,0.0177074827178597,70.25,False,0.9551551342010498
7k5n__A1_A0A3S5WQC2--7k5n__A2_A0A3S5WQC2,15,3,2,3,0.018145124323558,66.9375,False,5.904183097982241e-08
7k5n__A1_A0A3S5WQC2--7k5n__A2_A0A3S5WQC2,16,1,2,3,0.0292749661711967,22.65625,False,0.031278278678655624
7k5n__A1_A0A3S5WQC2--7k5n__A2_A0A3S5WQC2,17,1,0,3,0.078775582034179,20.875,False,0.013285527937114239
7k5n__A1_A0A3S5WQC2--7k5n__A2_A0A3S5WQC2,18,3,3,3,0.0218801934267227,20.859375,False,0.020011870190501213
7k5n__A1_A0A3S5WQC2--7k5n__A2_A0A3S5WQC2,19,1,3,3,0.0693182975892837,20.75,False,0.0488443523645401
7k5n__A1_A0A3S5WQC2--7k5n__A2_A0A3S5WQC2,20,1,1,3,0.0614215685445406,20.046875,False,0.03779437392950058
7mku__A1_Q8VYI3--7mku__B1_Q8VYI3,1,2,3,1,0.0062255883238701,92.3125,False,0.7778211236000061
7mku__A1_Q8VYI3--7mku__B1_Q8VYI3,2,1,3,1,0.0060884480278836,92.25,False,0.866788387298584
7mku__A1_Q8VYI3--7mku__B1_Q8VYI3,3,5,1,1,0.0060865202180055,92.1875,False,0.792438805103302
7mku__A1_Q8VYI3--7mku__B1_Q8VYI3,4,5,0,1,0.006083389711964,92.1875,False,0.7778211236000061
7mku__A1_Q8VYI3--7mku__B1_Q8VYI3,5,3,1,1,0.0061709151623656,92.125,False,0.876397430896759
7mku__A1_Q8VYI3--7mku__B1_Q8VYI3,6,2,2,1,0.0062230438200015,92.125,False,0.771368682384491
7mku__A1_Q8VYI3--7mku__B1_Q8VYI3,7,1,2,1,0.0060849294808947,92.0,False,0.866788387298584
7mku__A1_Q8VYI3--7mku__B1_Q8VYI3,8,2,0,1,0.0062498944542119,91.75,False,0.7634018659591675
7mku__A1_Q8VYI3--7mku__B1_Q8VYI3,9,3,2,1,0.0062006615123013,91.375,False,0.8896005153656006
7mku__A1_Q8VYI3--7mku__B1_Q8VYI3,10,1,1,1,0.0061363910492102,91.1875,False,0.7642852663993835
7mku__A1_Q8VYI3--7mku__B1_Q8VYI3,11,3,3,1,0.0061330481238888,91.0625,False,0.8896005153656006
7mku__A1_Q8VYI3--7mku__B1_Q8VYI3,12,3,0,1,0.0061732006123744,91.0625,False,0.8394917845726013
7mku__A1_Q8VYI3--7mku__B1_Q8VYI3,13,5,3,1,0.0061064754989464,90.9375,False,0.8693579435348511
7mku__A1_Q8VYI3--7mku__B1_Q8VYI3,14,4,1,1,0.0060785693254068,90.8125,False,0.8239619135856628
7mku__A1_Q8VYI3--7mku__B1_Q8VYI3,15,5,2,1,0.0061441017019353,90.8125,False,0.7722632884979248
7mku__A1_Q8VYI3--7mku__B1_Q8VYI3,16,4,0,1,0.0060248904111131,90.625,False,0.8239619135856628
7mku__A1_Q8VYI3--7mku__B1_Q8VYI3,17,1,0,1,0.0061363704932672,90.625,False,0.877338707447052
7mku__A1_Q8VYI3--7mku__B1_Q8VYI3,18,2,1,1,0.0061392775659826,90.5625,False,0.7897966504096985
7mku__A1_Q8VYI3--7mku__B1_Q8VYI3,19,4,2,1,0.0060228670003411,90.5625,False,0.8426446914672852
7mku__A1_Q8VYI3--7mku__B1_Q8VYI3,20,4,3,1,0.0060317271447751,90.3125,False,0.8704124689102173
7mnr__A1_P62826--7mnr__B1_P49792,1,5,1,2,0.6078517666639414,85.0625,True,0.9462044835090637
7mnr__A1_P62826--7mnr__B1_P49792,2,1,3,2,0.6584935451485867,84.5625,True,0.9956932663917542
7mnr__A1_P62826--7mnr__B1_P49792,3,4,0,2,0.6843374580122977,84.5625,True,0.9978391528129578
7mnr__A1_P62826--7mnr__B1_P49792,4,4,2,2,0.6858627088946644,84.5625,True,0.9984851479530334
7mnr__A1_P62826--7mnr__B1_P49792,5,5,3,2,0.6193171900590674,84.5,True,0.932683527469635
7mnr__A1_P62826--7mnr__B1_P49792,6,5,2,2,0.6295120363495782,84.0625,True,0.9617133140563965
7mnr__A1_P62826--7mnr__B1_P49792,7,3,2,2,0.6906324871632495,84.0,True,0.997901439666748
7mnr__A1_P62826--7mnr__B1_P49792,8,5,0,2,0.6748742166402003,84.0,True,0.9984055161476135
7mnr__A1_P62826--7mnr__B1_P49792,9,1,2,2,0.6571936460746008,83.9375,True,0.9937835931777954
7mnr__A1_P62826--7mnr__B1_P49792,10,1,1,2,0.6687283677310111,83.875,True,0.9985412359237671
7mnr__A1_P62826--7mnr__B1_P49792,11,1,0,2,0.6337339634871086,83.8125,True,0.9959536790847778
7mnr__A1_P62826--7mnr__B1_P49792,12,3,0,2,0.6864673265873794,83.6875,True,0.9976420998573303
7mnr__A1_P62826--7mnr__B1_P49792,13,4,3,2,0.6911145006226986,83.625,True,0.9983224272727966
7mnr__A1_P62826--7mnr__B1_P49792,14,3,3,2,0.6392712020175383,83.3125,True,0.9962530136108398
7mnr__A1_P62826--7mnr__B1_P49792,15,4,1,2,0.6839557359269977,83.125,True,0.998164713382721
7mnr__A1_P62826--7mnr__B1_P49792,16,3,1,2,0.5996931737544867,82.875,True,0.9191785454750061
7mnr__A1_P62826--7mnr__B1_P49792,17,2,3,2,0.5795351549163458,82.0625,True,0.8522717952728271
7mnr__A1_P62826--7mnr__B1_P49792,18,2,2,2,0.5688557791385442,81.625,True,0.9210160970687866
7mnr__A1_P62826--7mnr__B1_P49792,19,2,0,2,0.6318754244596536,81.25,True,0.9628981351852417
7mnr__A1_P62826--7mnr__B1_P49792,20,2,1,2,0.6546514982245045,80.875,True,0.9979342222213745
7o8c__A1_A7LY27--7o8c__B1_A7LY27,1,5,2,1,0.0540034855418293,51.03125,False,0.7205155491828918
7o8c__A1_A7LY27--7o8c__B1_A7LY27,2,5,3,1,0.0404725259252513,38.40625,False,0.8502342700958252
7o8c__A1_A7LY27--7o8c__B1_A7LY27,3,2,1,1,0.0292617902387424,37.90625,False,0.11512841284275055
7o8c__A1_A7LY27--7o8c__B1_A7LY27,4,1,2,1,0.048204877270117,37.28125,False,0.15407699346542358
7o8c__A1_A7LY27--7o8c__B1_A7LY27,5,3,1,1,0.0479446022684873,35.84375,False,0.8525856137275696
7o8c__A1_A7LY27--7o8c__B1_A7LY27,6,2,0,1,0.0440146210970922,34.25,False,0.9192375540733337
7o8c__A1_A7LY27--7o8c__B1_A7LY27,7,4,1,1,0.0113645900673288,32.125,False,0.052679650485515594
7o8c__A1_A7LY27--7o8c__B1_A7LY27,8,5,1,1,0.0695107045153333,30.21875,False,0.09875716269016266
7o8c__A1_A7LY27--7o8c__B1_A7LY27,9,1,3,1,0.0445164594692364,30.140625,False,0.1856490522623062
7o8c__A1_A7LY27--7o8c__B1_A7LY27,10,5,0,1,0.0410915485539972,30.0,False,0.9189451336860657
7o8c__A1_A7LY27--7o8c__B1_A7LY27,11,3,0,1,0.0405917608320754,29.96875,False,0.8959920406341553
7o8c__A1_A7LY27--7o8c__B1_A7LY27,12,2,3,1,0.0309202249595643,29.890625,False,0.07325947284698486
7o8c__A1_A7LY27--7o8c__B1_A7LY27,13,3,3,1,0.1099970364348188,27.296875,False,0.020115235820412636
7o8c__A1_A7LY27--7o8c__B1_A7LY27,14,4,0,1,0.0310296943533391,27.140625,False,0.04229118674993515
7o8c__A1_A7LY27--7o8c__B1_A7LY27,15,1,1,1,0.0162077284525216,27.03125,False,0.011102918535470963
7o8c__A1_A7LY27--7o8c__B1_A7LY27,16,4,3,1,0.0934356980246605,26.5,False,0.009093708358705044
7o8c__A1_A7LY27--7o8c__B1_A7LY27,17,2,2,1,0.0209690058874907,25.859375,False,0.06714734435081482
7o8c__A1_A7LY27--7o8c__B1_A7LY27,18,3,2,1,0.0448312900086593,25.421875,False,0.2144193947315216
7o8c__A1_A7LY27--7o8c__B1_A7LY27,19,1,0,1,0.0161260823197866,24.625,False,0.08666495233774185
7o8c__A1_A7LY27--7o8c__B1_A7LY27,20,4,2,1,0.0430981155120633,24.15625,False,0.17132645845413208
7ouv__A1_Q14315--7ouv__B1_Q14315,1,2,1,2,0.0191153107520002,21.46875,False,0.023448457941412926
7ouv__A1_Q14315--7ouv__B1_Q14315,2,1,3,2,0.2070225229159929,21.25,False,0.007982929237186909
7ouv__A1_Q14315--7ouv__B1_Q14315,3,1,0,2,0.1212681908187166,21.046875,False,0.018967023119330406
7ouv__A1_Q14315--7ouv__B1_Q14315,4,2,3,2,0.0191190350604017,20.78125,False,0.11702042073011398
7ouv__A1_Q14315--7ouv__B1_Q14315,5,2,2,2,0.0208217425356218,20.140625,False,0.28016212582588196
7ouv__A1_Q14315--7ouv__B1_Q14315,6,2,0,2,0.0205990850846765,19.953125,False,0.2693197429180145
7ouv__A1_Q14315--7ouv__B1_Q14315,7,1,2,2,0.0859831934448662,19.921875,False,0.029340531677007675
7ouv__A1_Q14315--7ouv__B1_Q14315,8,1,1,2,0.0728754776104218,19.734375,False,0.005948285572230816
7ouv__A1_Q14315--7ouv__B1_Q14315,9,4,0,2,0.2720846678672063,19.59375,True,0.13760729134082794
7ouv__A1_Q14315--7ouv__B1_Q14315,10,4,1,2,0.2566102390061667,19.359375,True,0.16119393706321716
7ouv__A1_Q14315--7ouv__B1_Q14315,11,4,3,2,0.3080477672624738,19.125,True,0.31435003876686096
7ouv__A1_Q14315--7ouv__B1_Q14315,12,4,2,2,0.1801101106854476,18.765625,False,0.05092662200331688
7ouv__A1_Q14315--7ouv__B1_Q14315,13,3,1,2,0.053778188463112,18.125,False,0.011268788017332554
7ouv__A1_Q14315--7ouv__B1_Q14315,14,5,3,2,0.0194935061247002,18.0625,False,0.043323956429958344
7ouv__A1_Q14315--7ouv__B1_Q14315,15,3,2,2,0.1130044974363849,17.578125,False,0.1424883008003235
7ouv__A1_Q14315--7ouv__B1_Q14315,16,5,0,2,0.1392151022843245,17.40625,False,0.05286812409758568
7ouv__A1_Q14315--7ouv__B1_Q14315,17,5,2,2,0.0208770064743992,17.40625,False,0.09239478409290314
7ouv__A1_Q14315--7ouv__B1_Q14315,18,3,3,2,0.1233173949699993,17.359375,False,0.03155821934342384
7ouv__A1_Q14315--7ouv__B1_Q14315,19,3,0,2,0.1135488511457969,17.234375,False,0.1351912021636963
7ouv__A1_Q14315--7ouv__B1_Q14315,20,5,1,2,0.1227073078330944,16.796875,False,0.023066269233822823
7ovp__A1_O58230--7ovp__B1_O58230,1,5,0,3,0.3075575556813466,59.375,True,0.6929014921188354
7ovp__A1_O58230--7ovp__B1_O58230,2,3,2,3,0.3044832518405496,59.1875,True,0.6925643682479858
7ovp__A1_O58230--7ovp__B1_O58230,3,1,3,3,0.3052520932574913,53.125,True,0.7907067537307739
7ovp__A1_O58230--7ovp__B1_O58230,4,3,1,3,0.2735855526744448,42.15625,True,0.013860063627362251
7ovp__A1_O58230--7ovp__B1_O58230,5,4,1,3,0.2795324161740489,38.125,True,0.44128793478012085
7ovp__A1_O58230--7ovp__B1_O58230,6,3,3,3,0.2672448166196453,36.78125,True,0.7299101948738098
7ovp__A1_O58230--7ovp__B1_O58230,7,5,2,3,0.2669265171108215,33.28125,True,0.9918825030326843
7ovp__A1_O58230--7ovp__B1_O58230,8,2,1,3,0.2790521196318361,33.15625,True,0.46642231941223145
7ovp__A1_O58230--7ovp__B1_O58230,9,4,2,3,0.2745506280362999,31.765625,True,0.9934513568878174
7ovp__A1_O58230--7ovp__B1_O58230,10,4,3,3,0.2777730220366719,31.453125,True,0.8150473237037659
7ovp__A1_O58230--7ovp__B1_O58230,11,4,0,3,0.2807392084973234,31.359375,True,0.6496135592460632
7ovp__A1_O58230--7ovp__B1_O58230,12,3,0,3,0.2610307013402715,30.859375,True,0.9913438558578491
7ovp__A1_O58230--7ovp__B1_O58230,13,5,3,3,0.264600986672803,30.84375,True,0.974122941493988
7ovp__A1_O58230--7ovp__B1_O58230,14,2,3,3,0.2703448485389998,30.71875,True,0.18538348376750946
7ovp__A1_O58230--7ovp__B1_O58230,15,2,0,3,0.2812079674192612,30.265625,True,0.9559549689292908
7ovp__A1_O58230--7ovp__B1_O58230,16,1,2,3,0.2789248276216593,30.1875,True,0.8199639320373535
7ovp__A1_O58230--7ovp__B1_O58230,17,2,2,3,0.275713538394264,29.828125,True,0.05505956709384918
7ovp__A1_O58230--7ovp__B1_O58230,18,1,1,3,0.2752343416296951,29.125,True,0.7992312908172607
7ovp__A1_O58230--7ovp__B1_O58230,19,5,1,3,0.2750335426193626,28.84375,True,0.06383229047060013
7ovp__A1_O58230--7ovp__B1_O58230,20,1,0,3,0.3027415384873273,27.25,True,0.8317640423774719
7oxl__A1_Q9NWM0--7oxl__A2_Q9NWM0,1,3,3,1,0.0035450710704804,72.5,False,0.007289036177098751
7oxl__A1_Q9NWM0--7oxl__A2_Q9NWM0,2,5,1,1,0.0035734469096416,70.6875,False,0.009304164908826351
7oxl__A1_Q9NWM0--7oxl__A2_Q9NWM0,3,4,3,1,0.0034166515432463,68.25,False,0.03384996950626373
7oxl__A1_Q9NWM0--7oxl__A2_Q9NWM0,4,5,2,1,0.0035912244858738,68.125,False,0.00279406295157969
7oxl__A1_Q9NWM0--7oxl__A2_Q9NWM0,5,4,1,1,0.0034282095340726,67.75,False,0.028126612305641174
7oxl__A1_Q9NWM0--7oxl__A2_Q9NWM0,6,3,1,1,0.0036545389548142,67.25,False,4.090815764357103e-06
7oxl__A1_Q9NWM0--7oxl__A2_Q9NWM0,7,4,0,1,0.0034593818981449,66.75,False,0.02217613160610199
7oxl__A1_Q9NWM0--7oxl__A2_Q9NWM0,8,3,2,1,0.004043994935196,64.9375,False,0.06382156163454056
7oxl__A1_Q9NWM0--7oxl__A2_Q9NWM0,9,5,0,1,0.0036510793810526,63.90625,False,2.002439487114316e-06
7oxl__A1_Q9NWM0--7oxl__A2_Q9NWM0,10,4,2,1,0.0034312604522205,61.40625,False,0.06348620355129242
7oxl__A1_Q9NWM0--7oxl__A2_Q9NWM0,11,5,3,1,0.0036503893672404,59.875,False,4.2112984374398366e-05
7oxl__A1_Q9NWM0--7oxl__A2_Q9NWM0,12,3,0,1,0.0035256352162754,52.21875,False,0.014273645356297493
7oxl__A1_Q9NWM0--7oxl__A2_Q9NWM0,13,2,2,1,0.0034071545251158,42.9375,False,0.03156047686934471
7oxl__A1_Q9NWM0--7oxl__A2_Q9NWM0,14,2,3,1,0.0034462035231669,41.59375,False,0.003181379521265626
7oxl__A1_Q9NWM0--7oxl__A2_Q9NWM0,15,2,0,1,0.0033999277228105,40.21875,False,0.0016694496152922511
7oxl__A1_Q9NWM0--7oxl__A2_Q9NWM0,16,1,0,1,0.0033013985904612,37.59375,False,0.19057512283325195
7oxl__A1_Q9NWM0--7oxl__A2_Q9NWM0,17,1,2,1,0.0032879193553378,32.25,False,0.007326515857130289
7oxl__A1_Q9NWM0--7oxl__A2_Q9NWM0,18,1,3,1,0.0032022816710276,27.328125,False,0.011053541675209999
7oxl__A1_Q9NWM0--7oxl__A2_Q9NWM0,19,1,1,1,0.0032052088078836,26.59375,False,0.02328496053814888
7oxl__A1_Q9NWM0--7oxl__A2_Q9NWM0,20,2,1,1,0.0033001814649286,26.40625,False,0.05162099376320839
7ped__A1_Q8TB45--7ped__B1_Q8TB45,1,4,1,3,0.2929944938318023,62.3125,True,6.700292404238084e-11
7ped__A1_Q8TB45--7ped__B1_Q8TB45,2,4,3,3,0.2893820383815332,59.90625,True,9.677579571043537e-11
7ped__A1_Q8TB45--7ped__B1_Q8TB45,3,4,0,3,0.2930805679501881,58.9375,True,8.716356109106371e-11
7ped__A1_Q8TB45--7ped__B1_Q8TB45,4,4,2,3,0.293204085622227,58.6875,True,9.340518636324902e-11
7ped__A1_Q8TB45--7ped__B1_Q8TB45,5,1,1,3,0.3013740886761257,46.46875,True,3.1883579110214555e-11
7ped__A1_Q8TB45--7ped__B1_Q8TB45,6,1,3,3,0.3012471533045647,43.78125,True,5.6806104958839754e-11
7ped__A1_Q8TB45--7ped__B1_Q8TB45,7,1,2,3,0.3081640701770775,43.28125,True,1.7302997923351882e-10
7ped__A1_Q8TB45--7ped__B1_Q8TB45,8,2,1,3,0.0065896333289918,42.5,False,0.02522139623761177
7ped__A1_Q8TB45--7ped__B1_Q8TB45,9,2,0,3,0.0066294375703231,40.125,False,0.03890737518668175
7ped__A1_Q8TB45--7ped__B1_Q8TB45,10,2,3,3,0.006656939046495,39.78125,False,0.020400380715727806
7ped__A1_Q8TB45--7ped__B1_Q8TB45,11,2,2,3,0.0066389885489001,39.0625,False,0.02638535387814045
7ped__A1_Q8TB45--7ped__B1_Q8TB45,12,3,3,3,0.0065007102212435,25.734375,False,0.11930587887763977
7ped__A1_Q8TB45--7ped__B1_Q8TB45,13,1,0,3,0.0767586092699948,21.96875,False,0.054196543991565704
7ped__A1_Q8TB45--7ped__B1_Q8TB45,14,5,3,3,0.0194112408971331,20.203125,False,0.010753114707767963
7ped__A1_Q8TB45--7ped__B1_Q8TB45,15,5,2,3,0.0209140683992056,19.78125,False,0.012202153913676739
7ped__A1_Q8TB45--7ped__B1_Q8TB45,16,3,0,3,0.0153194307295942,19.6875,False,0.10132606327533722
7ped__A1_Q8TB45--7ped__B1_Q8TB45,17,5,0,3,0.0206162100619905,19.625,False,0.003955114167183638
7ped__A1_Q8TB45--7ped__B1_Q8TB45,18,5,1,3,0.0196048745918808,19.34375,False,0.007083045784384012
7ped__A1_Q8TB45--7ped__B1_Q8TB45,19,3,2,3,0.0150246413859026,19.234375,False,0.06691329926252365
7ped__A1_Q8TB45--7ped__B1_Q8TB45,20,3,1,3,0.0148447129775539,18.578125,False,0.006308515556156635
7ppp__A1_A0A5F9DAT3--7ppp__B1_A0A5F9DAT3,1,5,3,4,0.8560163310144387,79.9375,True,0.9527691006660461
7ppp__A1_A0A5F9DAT3--7ppp__B1_A0A5F9DAT3,2,4,2,4,0.8378759473083051,78.375,True,0.931563138961792
7ppp__A1_A0A5F9DAT3--7ppp__B1_A0A5F9DAT3,3,4,3,4,0.8906010752633353,77.4375,True,0.9419066309928894
7ppp__A1_A0A5F9DAT3--7ppp__B1_A0A5F9DAT3,4,4,1,4,0.8877789588421662,77.1875,True,0.9434105753898621
7ppp__A1_A0A5F9DAT3--7ppp__B1_A0A5F9DAT3,5,5,2,4,0.893035236351751,77.125,True,0.9499818682670593
7ppp__A1_A0A5F9DAT3--7ppp__B1_A0A5F9DAT3,6,5,0,4,0.8552652316013868,76.8125,True,0.9478878974914551
7ppp__A1_A0A5F9DAT3--7ppp__B1_A0A5F9DAT3,7,4,0,4,0.8487674252072045,76.375,True,0.9282742142677307
7ppp__A1_A0A5F9DAT3--7ppp__B1_A0A5F9DAT3,8,5,1,4,0.8418850278743641,72.8125,True,0.9185605049133301
7ppp__A1_A0A5F9DAT3--7ppp__B1_A0A5F9DAT3,9,1,0,4,0.868548886173905,65.0,True,0.952569305896759
7ppp__A1_A0A5F9DAT3--7ppp__B1_A0A5F9DAT3,10,1,3,4,0.8585478205287135,62.0,True,0.9396451711654663
7ppp__A1_A0A5F9DAT3--7ppp__B1_A0A5F9DAT3,11,1,2,4,0.8514493085700966,59.21875,True,0.9411459565162659
7ppp__A1_A0A5F9DAT3--7ppp__B1_A0A5F9DAT3,12,1,1,4,0.8592629786868592,57.28125,True,0.9545761346817017
7ppp__A1_A0A5F9DAT3--7ppp__B1_A0A5F9DAT3,13,2,1,4,0.8272335070446079,49.90625,True,0.9195072054862976
7ppp__A1_A0A5F9DAT3--7ppp__B1_A0A5F9DAT3,14,3,0,4,0.8358605041870611,48.03125,True,0.9206873774528503
7ppp__A1_A0A5F9DAT3--7ppp__B1_A0A5F9DAT3,15,3,2,4,0.8389639330912629,38.28125,True,0.9364790916442871
7ppp__A1_A0A5F9DAT3--7ppp__B1_A0A5F9DAT3,16,3,3,4,0.8425107649381239,38.1875,True,0.9433801770210266
7ppp__A1_A0A5F9DAT3--7ppp__B1_A0A5F9DAT3,17,2,0,4,0.8493503890752162,33.96875,True,0.9352911710739136
7ppp__A1_A0A5F9DAT3--7ppp__B1_A0A5F9DAT3,18,3,1,4,0.837346131651346,32.65625,True,0.933297336101532
7ppp__A1_A0A5F9DAT3--7ppp__B1_A0A5F9DAT3,19,2,2,4,0.8316247914288452,28.265625,True,0.9312686324119568
7ppp__A1_A0A5F9DAT3--7ppp__B1_A0A5F9DAT3,20,2,3,4,0.8365429002802239,24.53125,True,0.9236570596694946
7pq0__B1_P60842--7pq0__A1_Q63UP7,1,4,3,1,0.0235893512786936,78.6875,False,0.0027886570896953344
7pq0__B1_P60842--7pq0__A1_Q63UP7,2,2,3,1,0.1602276785851752,77.8125,False,0.00356372632086277
7pq0__B1_P60842--7pq0__A1_Q63UP7,3,2,1,1,0.025307538554332,75.625,False,0.13351640105247498
7pq0__B1_P60842--7pq0__A1_Q63UP7,4,2,0,1,0.0277266800255143,72.125,False,0.12495408952236176
7pq0__B1_P60842--7pq0__A1_Q63UP7,5,3,2,1,0.0274085995186579,55.75,False,0.5364672541618347
7pq0__B1_P60842--7pq0__A1_Q63UP7,6,1,1,1,0.009659754515576,48.21875,False,0.6202021241188049
7pq0__B1_P60842--7pq0__A1_Q63UP7,7,1,0,1,0.0093856099359964,40.65625,False,0.01735846884548664
7pq0__B1_P60842--7pq0__A1_Q63UP7,8,3,0,1,0.0228647051268332,38.09375,False,0.9431846737861633
7pq0__B1_P60842--7pq0__A1_Q63UP7,9,1,2,1,0.0111648947843361,31.4375,False,0.9384273886680603
7pq0__B1_P60842--7pq0__A1_Q63UP7,10,1,3,1,0.0113028309926829,30.25,False,0.2969238758087158
7pq0__B1_P60842--7pq0__A1_Q63UP7,11,3,3,1,0.0241519170275401,28.046875,False,0.025588275864720345
7pq0__B1_P60842--7pq0__A1_Q63UP7,12,4,0,1,0.0235222595999901,25.875,False,0.6424221396446228
7pq0__B1_P60842--7pq0__A1_Q63UP7,13,2,2,1,0.027421442119892,25.328125,False,0.04079029709100723
7pq0__B1_P60842--7pq0__A1_Q63UP7,14,5,2,1,0.0157831419815819,24.90625,False,0.01598585583269596
7pq0__B1_P60842--7pq0__A1_Q63UP7,15,4,1,1,0.0097383147090045,24.109375,False,0.05053238198161125
7pq0__B1_P60842--7pq0__A1_Q63UP7,16,5,1,1,0.0124707382394477,22.734375,False,0.0022119968198239803
7pq0__B1_P60842--7pq0__A1_Q63UP7,17,5,3,1,0.0165320255650772,22.5625,False,0.0146511010825634
7pq0__B1_P60842--7pq0__A1_Q63UP7,18,5,0,1,0.0288325784503696,22.03125,False,0.0749683529138565
7pq0__B1_P60842--7pq0__A1_Q63UP7,19,4,2,1,0.0337114246167144,21.125,False,0.0025326465256512165
7pq0__B1_P60842--7pq0__A1_Q63UP7,20,3,1,1,0.0249339086392576,20.5,False,0.026250040158629417
7r79__B1_F0UVX7--7r79__A1_F0UVX7,1,4,2,1,0.7949571066684235,74.375,True,1.1009851363930068e-10
7r79__B1_F0UVX7--7r79__A1_F0UVX7,2,4,0,1,0.7991441933539706,74.125,True,2.251395424257563e-11
7r79__B1_F0UVX7--7r79__A1_F0UVX7,3,4,3,1,0.7960911825370395,72.375,True,4.797842678705422e-12
7r79__B1_F0UVX7--7r79__A1_F0UVX7,4,4,1,1,0.8243684223383543,72.0625,True,2.2421092760183114e-11
7r79__B1_F0UVX7--7r79__A1_F0UVX7,5,2,2,1,0.7435314800612844,71.1875,True,1.0624681689996862e-11
7r79__B1_F0UVX7--7r79__A1_F0UVX7,6,2,1,1,0.7656430345456838,70.5625,True,7.531365396780398e-13
7r79__B1_F0UVX7--7r79__A1_F0UVX7,7,2,0,1,0.7736937824159632,68.0,True,9.886169573952719e-13
7r79__B1_F0UVX7--7r79__A1_F0UVX7,8,2,3,1,0.7496741591115201,67.75,True,2.781007845883976e-12
7r79__B1_F0UVX7--7r79__A1_F0UVX7,9,3,2,1,0.7825953408130939,67.625,True,2.4836296214081344e-12
7r79__B1_F0UVX7--7r79__A1_F0UVX7,10,5,0,1,0.7237905444110312,63.3125,True,1.2771467911010248e-12
7r79__B1_F0UVX7--7r79__A1_F0UVX7,11,3,1,1,0.7269703170514318,62.53125,True,4.804280237524772e-12
7r79__B1_F0UVX7--7r79__A1_F0UVX7,12,3,0,1,0.7105637879447692,62.3125,True,2.6379517060332036e-12
7r79__B1_F0UVX7--7r79__A1_F0UVX7,13,1,1,1,0.3680691648471417,60.65625,True,0.0019931914284825325
7r79__B1_F0UVX7--7r79__A1_F0UVX7,14,1,3,1,0.6080031907757796,60.09375,True,0.9956521391868591
7r79__B1_F0UVX7--7r79__A1_F0UVX7,15,3,3,1,0.7119392084677897,59.84375,True,2.5150600352352726e-11
7r79__B1_F0UVX7--7r79__A1_F0UVX7,16,1,0,1,0.3733941772813731,57.40625,True,0.6643115282058716
7r79__B1_F0UVX7--7r79__A1_F0UVX7,17,1,2,1,0.3649406511545603,51.46875,True,0.555002748966217
7r79__B1_F0UVX7--7r79__A1_F0UVX7,18,5,2,1,0.2757890195382917,44.71875,True,0.1511387974023819
7r79__B1_F0UVX7--7r79__A1_F0UVX7,19,5,1,1,0.3242156422013185,42.625,True,0.7694240212440491
7r79__B1_F0UVX7--7r79__A1_F0UVX7,20,5,3,1,0.2683184627984198,39.65625,True,0.05899308994412422
7rwk__A1_V4NUN3--7rwk__B1_V4NUN3,1,3,1,2,0.2022699435807743,65.625,False,0.8739519119262695
7rwk__A1_V4NUN3--7rwk__B1_V4NUN3,2,3,0,2,0.2026246308761577,64.8125,False,0.8792936205863953
7rwk__A1_V4NUN3--7rwk__B1_V4NUN3,3,3,2,2,0.2024777606222876,63.65625,False,0.8704265356063843
7rwk__A1_V4NUN3--7rwk__B1_V4NUN3,4,3,3,2,0.2026553638596886,59.75,False,0.8720444440841675
7rwk__A1_V4NUN3--7rwk__B1_V4NUN3,5,2,3,2,0.1976336862453992,59.65625,False,0.9045663475990295
7rwk__A1_V4NUN3--7rwk__B1_V4NUN3,6,2,0,2,0.2029294484748888,58.5625,False,0.8628725409507751
7rwk__A1_V4NUN3--7rwk__B1_V4NUN3,7,5,2,2,0.2027471254899321,57.875,False,0.9457874894142151
7rwk__A1_V4NUN3--7rwk__B1_V4NUN3,8,4,1,2,0.2025254929496922,57.84375,False,0.915717601776123
7rwk__A1_V4NUN3--7rwk__B1_V4NUN3,9,2,2,2,0.2001943654596291,57.71875,False,0.8857110142707825
7rwk__A1_V4NUN3--7rwk__B1_V4NUN3,10,5,0,2,0.2027471284335364,57.625,False,0.8979136347770691
7rwk__A1_V4NUN3--7rwk__B1_V4NUN3,11,2,1,2,0.2028422793441423,56.96875,False,0.886279284954071
7rwk__A1_V4NUN3--7rwk__B1_V4NUN3,12,5,1,2,0.2025052132157234,56.0625,False,0.9331575632095337
7rwk__A1_V4NUN3--7rwk__B1_V4NUN3,13,5,3,2,0.2025812665502702,55.96875,False,0.9508894681930542
7rwk__A1_V4NUN3--7rwk__B1_V4NUN3,14,4,3,2,0.1970474333746334,53.75,False,0.9094324707984924
7rwk__A1_V4NUN3--7rwk__B1_V4NUN3,15,4,2,2,0.2027676032201078,52.53125,False,0.9118847250938416
7rwk__A1_V4NUN3--7rwk__B1_V4NUN3,16,4,0,2,0.1971790292057811,51.1875,False,0.8960905075073242
7rwk__A1_V4NUN3--7rwk__B1_V4NUN3,17,1,1,2,0.2004937066167134,48.53125,False,0.9187832474708557
7rwk__A1_V4NUN3--7rwk__B1_V4NUN3,18,1,0,2,0.2035868694922056,47.59375,False,0.9140968918800354
7rwk__A1_V4NUN3--7rwk__B1_V4NUN3,19,1,2,2,0.201094862650701,47.125,False,0.9019205570220947
7rwk__A1_V4NUN3--7rwk__B1_V4NUN3,20,1,3,2,0.2009593173514164,47.03125,False,0.8869565725326538
7s0y__A1_P18177--7s0y__B1_P60953,1,1,0,0,0.748060340256583,82.9375,True,0.8334291577339172
7s0y__A1_P18177--7s0y__B1_P60953,2,1,1,0,0.7482840682292876,81.75,True,0.42950868606567383
7s0y__A1_P18177--7s0y__B1_P60953,3,4,0,0,0.7709315040314504,81.625,True,0.9989294409751892
7s0y__A1_P18177--7s0y__B1_P60953,4,4,3,0,0.6923125739595223,79.0,True,0.9862792491912842
7s0y__A1_P18177--7s0y__B1_P60953,5,4,2,0,0.694017435269426,78.9375,True,0.8589511513710022
7s0y__A1_P18177--7s0y__B1_P60953,6,5,3,0,0.6300433771908122,78.125,True,0.15493611991405487
7s0y__A1_P18177--7s0y__B1_P60953,7,3,1,0,0.664306599837175,77.875,True,0.5817698240280151
7s0y__A1_P18177--7s0y__B1_P60953,8,5,1,0,0.6803892596161218,77.5625,True,0.03255191072821617
7s0y__A1_P18177--7s0y__B1_P60953,9,1,2,0,0.717358998954929,76.5,True,0.9974995255470276
7s0y__A1_P18177--7s0y__B1_P60953,10,1,3,0,0.7264375562647509,74.5625,True,0.7138201594352722
7s0y__A1_P18177--7s0y__B1_P60953,11,5,2,0,0.6109780369743367,72.9375,True,0.8629284501075745
7s0y__A1_P18177--7s0y__B1_P60953,12,3,2,0,0.6019401996486752,72.9375,True,0.7834405303001404
7s0y__A1_P18177--7s0y__B1_P60953,13,4,1,0,0.471078842331976,70.9375,True,0.9790053367614746
7s0y__A1_P18177--7s0y__B1_P60953,14,2,1,0,0.7341619299910365,70.125,True,0.9349027872085571
7s0y__A1_P18177--7s0y__B1_P60953,15,2,0,0,0.7342884082659946,69.25,True,0.5060334801673889
7s0y__A1_P18177--7s0y__B1_P60953,16,5,0,0,0.4379713023584176,65.0625,True,0.5253772139549255
7s0y__A1_P18177--7s0y__B1_P60953,17,3,3,0,0.4048264889887336,65.0625,True,0.016527533531188965
7s0y__A1_P18177--7s0y__B1_P60953,18,3,0,0,0.4013776076960664,65.0,True,0.03229115530848503
7s0y__A1_P18177--7s0y__B1_P60953,19,2,2,0,0.4195031002839517,55.75,True,0.006820026319473982
7s0y__A1_P18177--7s0y__B1_P60953,20,2,3,0,0.3965233517247264,48.40625,True,0.3878059983253479
7s7q__A1_Q8I1Y0--7s7q__B1_C6KSX0,1,5,1,1,0.5487554804384698,82.6875,True,0.938258171081543
7s7q__A1_Q8I1Y0--7s7q__B1_C6KSX0,2,3,1,1,0.5098740081274253,82.375,True,0.8768672347068787
7s7q__A1_Q8I1Y0--7s7q__B1_C6KSX0,3,3,0,1,0.5309931372073781,81.8125,True,0.897172212600708
7s7q__A1_Q8I1Y0--7s7q__B1_C6KSX0,4,2,2,1,0.498578525730131,81.5,True,0.8770027160644531
7s7q__A1_Q8I1Y0--7s7q__B1_C6KSX0,5,4,0,1,0.5211753742657877,81.4375,True,0.75119549036026
7s7q__A1_Q8I1Y0--7s7q__B1_C6KSX0,6,4,3,1,0.5174552124483575,81.25,True,0.913371741771698
7s7q__A1_Q8I1Y0--7s7q__B1_C6KSX0,7,5,0,1,0.5147063750772519,80.75,True,0.894419252872467
7s7q__A1_Q8I1Y0--7s7q__B1_C6KSX0,8,1,3,1,0.5673599673749748,80.75,True,0.8361819982528687
7s7q__A1_Q8I1Y0--7s7q__B1_C6KSX0,9,4,1,1,0.5343371685024251,80.25,True,0.8557516932487488
7s7q__A1_Q8I1Y0--7s7q__B1_C6KSX0,10,3,2,1,0.513237041144241,79.875,True,0.9223505854606628
7s7q__A1_Q8I1Y0--7s7q__B1_C6KSX0,11,2,1,1,0.5250347077697083,79.875,True,0.8473345637321472
7s7q__A1_Q8I1Y0--7s7q__B1_C6KSX0,12,5,2,1,0.5257049085765041,79.375,True,0.7463635206222534
7s7q__A1_Q8I1Y0--7s7q__B1_C6KSX0,13,4,2,1,0.5384675112332132,79.1875,True,0.8404632210731506
7s7q__A1_Q8I1Y0--7s7q__B1_C6KSX0,14,1,1,1,0.5110021812000678,79.1875,True,0.8233819603919983
7s7q__A1_Q8I1Y0--7s7q__B1_C6KSX0,15,3,3,1,0.5335618226635105,79.0,True,0.8724561333656311
7s7q__A1_Q8I1Y0--7s7q__B1_C6KSX0,16,5,3,1,0.5305315619417286,78.75,True,0.9248250722885132
7s7q__A1_Q8I1Y0--7s7q__B1_C6KSX0,17,1,0,1,0.5818609848074464,78.625,True,0.9188599586486816
7s7q__A1_Q8I1Y0--7s7q__B1_C6KSX0,18,1,2,1,0.5606876261613073,78.375,True,0.8114576935768127
7s7q__A1_Q8I1Y0--7s7q__B1_C6KSX0,19,2,3,1,0.5163355336106061,78.1875,True,0.8942910432815552
7s7q__A1_Q8I1Y0--7s7q__B1_C6KSX0,20,2,0,1,0.5344601964623609,77.875,True,0.8569145202636719
7sa1__B1_Q5VMP0--7sa1__A1_Q39255,1,4,2,1,0.5653695413986831,86.625,True,0.8110066056251526
7sa1__B1_Q5VMP0--7sa1__A1_Q39255,2,4,1,1,0.5617355663189999,86.5,True,0.8701620697975159
7sa1__B1_Q5VMP0--7sa1__A1_Q39255,3,3,2,1,0.5991062631053202,86.4375,True,0.9018093347549438
7sa1__B1_Q5VMP0--7sa1__A1_Q39255,4,5,3,1,0.5387297196289126,86.375,True,0.8529608249664307
7sa1__B1_Q5VMP0--7sa1__A1_Q39255,5,3,0,1,0.5708019934469095,86.0,True,0.8413543105125427
7sa1__B1_Q5VMP0--7sa1__A1_Q39255,6,5,2,1,0.5554558338370176,86.0,True,0.7632746696472168
7sa1__B1_Q5VMP0--7sa1__A1_Q39255,7,3,3,1,0.5730203837760501,85.9375,True,0.8211007118225098
7sa1__B1_Q5VMP0--7sa1__A1_Q39255,8,4,0,1,0.5520907178069647,85.9375,True,0.7579389214515686
7sa1__B1_Q5VMP0--7sa1__A1_Q39255,9,2,0,1,0.6102813858060921,85.75,True,0.8085998892784119
7sa1__B1_Q5VMP0--7sa1__A1_Q39255,10,5,1,1,0.5388659428151571,85.625,True,0.8389999270439148
7sa1__B1_Q5VMP0--7sa1__A1_Q39255,11,5,0,1,0.5390424229113266,85.5625,True,0.893898606300354
7sa1__B1_Q5VMP0--7sa1__A1_Q39255,12,3,1,1,0.5810852741392178,85.3125,True,0.8458569049835205
7sa1__B1_Q5VMP0--7sa1__A1_Q39255,13,2,1,1,0.553203589595725,84.9375,True,0.9143290519714355
7sa1__B1_Q5VMP0--7sa1__A1_Q39255,14,2,3,1,0.5675523670016626,84.9375,True,0.886856198310852
7sa1__B1_Q5VMP0--7sa1__A1_Q39255,15,4,3,1,0.5604072068004254,84.875,True,0.926361083984375
7sa1__B1_Q5VMP0--7sa1__A1_Q39255,16,2,2,1,0.5658855837592531,84.875,True,0.7853823900222778
7sa1__B1_Q5VMP0--7sa1__A1_Q39255,17,1,2,1,0.5324442775862436,84.75,True,0.9362188577651978
7sa1__B1_Q5VMP0--7sa1__A1_Q39255,18,1,3,1,0.5702944805441138,84.75,True,0.9047908186912537
7sa1__B1_Q5VMP0--7sa1__A1_Q39255,19,1,0,1,0.5597324649455764,84.75,True,0.9577333331108093
7sa1__B1_Q5VMP0--7sa1__A1_Q39255,20,1,1,1,0.5266478697572824,84.4375,True,0.6962598562240601
7v3k__A1_A3TMR7--7v3k__D1_A3TMR7,1,5,0,1,0.1824132272088758,38.59375,False,0.18003882467746735
7v3k__A1_A3TMR7--7v3k__D1_A3TMR7,2,5,3,1,0.1971627117272666,37.4375,False,0.006465321406722069
7v3k__A1_A3TMR7--7v3k__D1_A3TMR7,3,5,1,1,0.1810280766308666,37.4375,False,0.005521534942090511
7v3k__A1_A3TMR7--7v3k__D1_A3TMR7,4,3,3,1,0.1864862434712777,37.4375,False,0.1801716387271881
7v3k__A1_A3TMR7--7v3k__D1_A3TMR7,5,2,1,1,0.1702375138166433,34.21875,False,0.9855830669403076
7v3k__A1_A3TMR7--7v3k__D1_A3TMR7,6,1,3,1,0.194204706742189,34.0,False,0.27962619066238403
7v3k__A1_A3TMR7--7v3k__D1_A3TMR7,7,2,3,1,0.1539243953967204,33.5,False,0.7741947770118713
7v3k__A1_A3TMR7--7v3k__D1_A3TMR7,8,1,0,1,0.2071203071128076,30.8125,False,0.023353399708867073
7v3k__A1_A3TMR7--7v3k__D1_A3TMR7,9,1,1,1,0.1653292643924712,27.546875,False,0.06070234626531601
7v3k__A1_A3TMR7--7v3k__D1_A3TMR7,10,4,1,1,0.2803246965103882,27.234375,True,0.0020038881339132786
7v3k__A1_A3TMR7--7v3k__D1_A3TMR7,11,2,2,1,0.0255473758247028,26.96875,False,0.04170887917280197
7v3k__A1_A3TMR7--7v3k__D1_A3TMR7,12,4,0,1,0.0169385416352041,26.90625,False,0.1323821097612381
7v3k__A1_A3TMR7--7v3k__D1_A3TMR7,13,4,2,1,0.3174618700166769,26.828125,True,0.21184466779232025
7v3k__A1_A3TMR7--7v3k__D1_A3TMR7,14,4,3,1,0.2977597827182451,26.71875,True,0.009233823977410793
7v3k__A1_A3TMR7--7v3k__D1_A3TMR7,15,2,0,1,0.0199326439091121,25.875,False,0.3204519748687744
7v3k__A1_A3TMR7--7v3k__D1_A3TMR7,16,3,0,1,0.1346189651384096,24.0625,False,0.017409060150384903
7v3k__A1_A3TMR7--7v3k__D1_A3TMR7,17,5,2,1,0.0312372121379973,23.78125,False,0.30789411067962646
7v3k__A1_A3TMR7--7v3k__D1_A3TMR7,18,3,1,1,0.0271466768580664,22.890625,False,0.45708879828453064
7v3k__A1_A3TMR7--7v3k__D1_A3TMR7,19,3,2,1,0.0230267475778595,22.875,False,0.151087686419487
7v3k__A1_A3TMR7--7v3k__D1_A3TMR7,20,1,2,1,0.0378988718783396,21.828125,False,0.23170743882656097
