complex_id,rank,model_weight,seed,DockQ,acceptable,acceptable_score,ranking_confidence,selector
1a22__B1_P10912--1a22__A1_P01241,1,3,3,0.712227739022913,True,0.6250493776789978,87.375,candidate_ridge_v2_group_softmax
1aor__A1_Q51739--1aor__B1_Q51739,1,2,0,0.9232179069699614,True,0.6250493776789978,88.875,candidate_ridge_v2_group_softmax
1b3q__B1_Q56310--1b3q__A1_Q56310,1,2,3,0.3565377439920534,True,0.6041514277288459,55.90625,candidate_ridge_v2_group_softmax
1b7e__A1_Q46731--1b7e__A2_Q46731,1,2,1,0.7810456643138058,True,0.6250493776789978,71.0,candidate_ridge_v2_group_softmax
1bed__A1_P32557--1bed__A2_P32557,1,3,3,0.90534195021465,True,0.6141891395042925,78.0625,candidate_ridge_v2_group_softmax
1bl4__A1_P62942--1bl4__B1_P62942,1,3,0,0.0176767603813217,False,0.6292050664610533,71.8125,candidate_ridge_v2_group_softmax
1boy__A1_P13726--1boy__A2_P13726,1,4,2,0.0054806596203427,False,0.6057816328548233,67.875,candidate_ridge_v2_group_softmax
1cdd__A1_P08179--1cdd__B1_P08179,1,4,1,0.0070469744777235,False,0.6182721497555,77.4375,candidate_ridge_v2_group_softmax
1dov__A1_P26231--1dov__A2_P26231,1,3,2,0.7288057425382591,True,0.6141891395042925,81.0625,candidate_ridge_v2_group_softmax
1e1c__A1_P11653--1e1c__B1_P11652,3,4,1,0.8780828307520663,True,0.5579417934155779,95.25,candidate_ridge_v2_group_softmax
1e5s__A1_O09345--1e5s__B2_O09345,1,5,0,0.0682889959251928,False,0.6108971228124181,65.6875,candidate_ridge_v2_group_softmax
1evx__A1_Q94702--1evx__B1_Q94702,3,5,3,0.0081590347435443,False,0.6078378965361613,82.4375,candidate_ridge_v2_group_softmax
1exs__A1_P04119--1exs__A2_P04119,1,3,3,0.3011266108835699,True,0.6097615374320218,66.5625,candidate_ridge_v2_group_softmax
1f8u__A1_P22303--1f8u__B1_P0C1Z0,1,3,0,0.1074135757276404,False,0.6330882756104621,52.21875,candidate_ridge_v2_group_softmax
1fd3__A1_O15263--1fd3__C1_O15263,1,3,0,0.0294831960716535,False,0.6141891395042925,82.8125,candidate_ridge_v2_group_softmax
1foe__A1_Q60610--1foe__B1_P63000,2,1,2,0.4811629523529454,True,0.6017043542358321,87.0625,candidate_ridge_v2_group_softmax
1g6u__A1_UNDEFINED--1g6u__B1_UNDEFINED,1,1,1,0.7275139921499552,True,0.6250493776789978,84.0625,candidate_ridge_v2_group_softmax
1gmg__A1_P03051--1gmg__A2_P03051,1,4,3,0.1445360533665282,False,0.6330882756104621,87.1875,candidate_ridge_v2_group_softmax
1gri__A1_P62993--1gri__B1_P62993,1,1,0,0.0441608601924013,False,0.6253594691362577,47.28125,candidate_ridge_v2_group_softmax
1hh4__A1_P63000--1hh4__C1_P52565,1,4,0,0.4206780323224839,True,0.6108971228124181,70.75,candidate_ridge_v2_group_softmax
1hni__A1_P03366--1hni__B1_P03367,2,1,1,0.1460378731164565,False,0.6079770369160316,59.78125,candidate_ridge_v2_group_softmax
1i7f__A1_P0A6Y5--1i7f__A2_P0A6Y5,1,1,2,0.7098499974227678,True,0.6250493776789978,87.3125,candidate_ridge_v2_group_softmax
1ira__B1_P14778--1ira__A1_P18510,1,5,2,0.704973812566681,True,0.5816744116496332,88.9375,candidate_ridge_v2_group_softmax
1k04__A1_Q05397--1k04__A2_Q05397,1,4,1,0.6350024461672643,True,0.6162222028736671,80.375,candidate_ridge_v2_group_softmax
1k51__A1_Q51912--1k51__A2_Q51912,1,1,1,0.0265439975694308,False,0.6068262311070695,59.4375,candidate_ridge_v2_group_softmax
1k72__B1_P37700--1k72__A1_P37700,1,4,1,0.0020686534517434,False,0.5999282772826018,38.4375,candidate_ridge_v2_group_softmax
1krl__B1_P02882--1krl__A1_P02881,1,2,3,0.8504889730461812,True,0.6250493776789978,87.5625,candidate_ridge_v2_group_softmax
1kzh__A1_P70826--1kzh__B1_P70826,5,3,0,0.9056692076714072,True,0.5951690045669256,93.0,candidate_ridge_v2_group_softmax
1luj__A1_P35222--1luj__B1_Q9JJN6,1,5,1,0.7630902109145564,True,0.6013858448450067,91.125,candidate_ridge_v2_group_softmax
1lyw__B1_P07339--1lyw__A1_P07339,1,2,3,0.4619035519666518,True,0.6047417674875493,94.5,candidate_ridge_v2_group_softmax
1mr1__A1_Q13485--1mr1__D1_P12755,1,4,1,0.9119560463003415,True,0.6120563859629884,91.3125,candidate_ridge_v2_group_softmax
1na6__B1_P14633--1na6__A1_P14633,1,1,3,0.650444251171018,True,0.6032669906827288,71.375,candidate_ridge_v2_group_softmax
1nfp__A1_P09142--1nfp__A2_P09142,1,2,1,0.478855888012756,True,0.6288153296930812,69.125,candidate_ridge_v2_group_softmax
1ny5__B1_O67198--1ny5__A1_O67198,1,4,2,0.0954033617891848,False,0.5826063182325075,41.96875,candidate_ridge_v2_group_softmax
1ogy__A1_Q53176--1ogy__B1_Q53177,2,5,2,0.6170488647124958,True,0.6146982378739396,93.25,candidate_ridge_v2_group_softmax
1on8__A1_Q9ES89--1on8__B1_Q9ES89,1,4,1,0.6094457135708579,True,0.6330882756104621,72.875,candidate_ridge_v2_group_softmax
1ory__A1_O67806--1ory__B1_O67803,1,1,0,0.7833672594034556,True,0.6079770369160316,92.6875,candidate_ridge_v2_group_softmax
1pfo__A1_P0C2E9--1pfo__A2_P0C2E9,1,4,0,0.0046131047310679,False,0.6250493776789978,80.375,candidate_ridge_v2_group_softmax
1ptq__A1_P28867--1ptq__A2_P28867,1,1,0,0.5356969038367914,True,0.6288153296930812,66.5,candidate_ridge_v2_group_softmax
1qb3__B1_P20486--1qb3__A1_P20486,1,2,1,0.0101585327347017,False,0.6024593656023485,76.75,candidate_ridge_v2_group_softmax
1qf8__A1_P67870--1qf8__B1_P67870,2,5,0,0.0556056096493495,False,0.6179763575538678,54.9375,candidate_ridge_v2_group_softmax
1qqf__A1_P01026--1qqf__A2_P01026,1,4,0,0.5873776681589512,True,0.6108971228124181,85.5,candidate_ridge_v2_group_softmax
1qrk__B1_P00488--1qrk__A1_P00488,1,4,0,0.6106249151971914,True,0.613810958647039,75.9375,candidate_ridge_v2_group_softmax
1qxx__A1_P02929--1qxx__A2_P02929,1,2,1,0.7630832708597183,True,0.6141891395042925,78.5,candidate_ridge_v2_group_softmax
1r5p__B1_Q8YT41--1r5p__A1_Q8YT41,1,5,0,0.0455987290758567,False,0.6108971228124181,53.03125,candidate_ridge_v2_group_softmax
1rj9__B1_O07347--1rj9__A1_P83749,1,4,3,0.8990108090767972,True,0.6074182257576077,89.9375,candidate_ridge_v2_group_softmax
1rk4__A1_O00299--1rk4__B1_O00299,1,1,0,0.0254779958424484,False,0.6069703070876902,27.203125,candidate_ridge_v2_group_softmax
1s4k__A1_Q8ZPR1--1s4k__B1_Q8ZPR1,1,4,3,0.0376470693995013,False,0.6108971228124181,29.46875,candidate_ridge_v2_group_softmax
1s70__A1_P62207--1s70__B1_Q90623,1,4,0,0.7275811782277941,True,0.609438059985824,88.625,candidate_ridge_v2_group_softmax
1smx__A1_P21513--1smx__B1_P21513,1,1,0,0.0153498445538025,False,0.6250493776789978,33.59375,candidate_ridge_v2_group_softmax
1spp__B1_P35496--1spp__A1_P35495,1,3,3,0.3660599810221559,True,0.6284410480964636,57.625,candidate_ridge_v2_group_softmax
1t6b__A1_P13423--1t6b__B1_P58335,4,3,3,0.1033438365939373,False,0.596439490978791,28.84375,candidate_ridge_v2_group_softmax
1t6l__A1_P16790--1t6l__A2_P16790,1,1,2,0.3610030019593815,True,0.6239721617564988,41.09375,candidate_ridge_v2_group_softmax
1tej__B1_P0C6B5--1tej__A1_P0C6B4,2,4,2,0.8284310544585732,True,0.6242484407133148,79.75,candidate_ridge_v2_group_softmax
1tf0__A1_P02768--1tf0__B1_Q51911,1,5,1,0.8599519092712029,True,0.6166471597893581,94.875,candidate_ridge_v2_group_softmax
1tj7__A1_P11447--1tj7__B1_P11447,1,4,3,0.0251540870247101,False,0.6141891395042925,87.625,candidate_ridge_v2_group_softmax
1ujw__A1_P06129--1ujw__B1_P00646,1,5,0,0.8470985296867936,True,0.6069353369108759,90.25,candidate_ridge_v2_group_softmax
1v5v__A1_O58888--1v5v__B1_O58888,1,1,1,0.801073856130179,True,0.6330882756104621,91.3125,candidate_ridge_v2_group_softmax
1vc1__A1_Q9X1F5--1vc1__B1_Q9X1F5,1,5,3,0.906277161243982,True,0.6288153296930812,87.75,candidate_ridge_v2_group_softmax
1vf6__A1_Q8NI35--1vf6__C1_Q9JLB2,1,5,0,0.8263850762211051,True,0.6288153296930812,82.0,candidate_ridge_v2_group_softmax
1vp7__B1_Q7VV85--1vp7__A1_Q7VV85,3,2,2,0.804842340927061,True,0.6047662814013447,86.1875,candidate_ridge_v2_group_softmax
1x3w__A1_Q02890--1x3w__B1_P32628,1,1,0,0.5632389870291314,True,0.6183770256160074,89.0,candidate_ridge_v2_group_softmax
1xsv__A1_P67248--1xsv__B1_P67248,1,1,1,0.774596053778201,True,0.6297603740989781,67.6875,candidate_ridge_v2_group_softmax
1yt5__A1_Q9X255--1yt5__D1_Q9X255,1,1,1,0.0121181521907579,False,0.6330882756104621,90.375,candidate_ridge_v2_group_softmax
1z77__A1_Q9X0C0--1z77__A2_Q9X0C0,1,5,2,0.2755111913881322,True,0.6281228769824576,67.1875,candidate_ridge_v2_group_softmax
1zop__A1_P20701--1zop__B1_P20701,2,4,1,0.0075852481108492,False,0.592111948709543,70.5625,candidate_ridge_v2_group_softmax
1zoq__A1_Q14653--1zoq__B1_Q92793,1,4,1,0.732800017010101,True,0.6246241441790202,88.3125,candidate_ridge_v2_group_softmax
1zp6__A1_A9CEJ3--1zp6__A2_A9CEJ3,1,3,3,0.8207619958199516,True,0.6125401483803602,89.1875,candidate_ridge_v2_group_softmax
2a1j__B1_P07992--2a1j__A1_Q92889,1,5,1,0.8259670552008265,True,0.6141891395042925,86.4375,candidate_ridge_v2_group_softmax
2a3l__A1_O80452--2a3l__A2_O80452,1,4,0,0.2258004733289797,False,0.6222589979127129,88.375,candidate_ridge_v2_group_softmax
2apo__A1_Q57612--2apo__B1_P81303,1,4,0,0.769453718653959,True,0.6108971228124181,90.4375,candidate_ridge_v2_group_softmax
2aye__B1_Q84294--2aye__A1_Q84294,1,1,1,0.6557737066857915,True,0.6297603740989781,86.1875,candidate_ridge_v2_group_softmax
2b11__A1_P00431--2b11__B1_P00044,1,5,2,0.8752306944692506,True,0.6108971228124181,86.8125,candidate_ridge_v2_group_softmax
2b42__A1_Q8H0K8--2b42__B1_P18429,1,5,0,0.8730729438811732,True,0.6250493776789978,92.25,candidate_ridge_v2_group_softmax
2b5u__A1_P00646--2b5u__B1_P02984,3,4,0,0.3530127394788023,True,0.57729072580847,85.125,candidate_ridge_v2_group_softmax
2c08__A1_O35179--2c08__A2_O35179,1,5,2,0.1655899153597492,False,0.6006495218081068,44.46875,candidate_ridge_v2_group_softmax
2cuy__A1_Q5SL77--2cuy__B1_Q5SL77,1,4,0,0.5517743394892677,True,0.6141891395042925,82.0625,candidate_ridge_v2_group_softmax
2d1g__A1_A0Q436--2d1g__B1_A0Q436,1,4,1,0.9200916395514568,True,0.6288153296930812,93.9375,candidate_ridge_v2_group_softmax
2dcu__A1_Q8U082--2dcu__B1_Q8U3I5,1,4,0,0.6026008679888563,True,0.6230777447445635,80.3125,candidate_ridge_v2_group_softmax
2dm9__A1_O57724--2dm9__B1_O57724,1,2,0,0.587009785128806,True,0.6108971228124181,86.1875,candidate_ridge_v2_group_softmax
2ec2__A1_Q974H8--2ec2__C1_Q974H8,1,5,1,0.8384541069439617,True,0.6288153296930812,91.375,candidate_ridge_v2_group_softmax
2ei5__A1_Q5SM82--2ei5__B1_Q5SM82,1,4,3,0.5960316391939556,True,0.6141891395042925,67.0625,candidate_ridge_v2_group_softmax
2eiu__E1_O67549--2eiu__A1_O67549,1,5,3,0.9351136977355158,True,0.5901104761021122,91.1875,candidate_ridge_v2_group_softmax
2fzt__B1_Q9WZF7--2fzt__A1_Q9WZF7,2,4,2,0.8818937695804032,True,0.6268011737783964,81.6875,candidate_ridge_v2_group_softmax
2ga9__B1_P23371--2ga9__A1_P07617,1,5,2,0.771090695564289,True,0.6330882756104621,74.875,candidate_ridge_v2_group_softmax
2gbo__A1_Q831P3--2gbo__B1_Q831P3,3,2,2,0.0182061126836158,False,0.6132178068419578,51.8125,candidate_ridge_v2_group_softmax
2gd9__A1_P37508--2gd9__B1_P37508,1,1,3,0.6030592334830186,True,0.6070372193952822,69.0,candidate_ridge_v2_group_softmax
2gsk__A1_P06129--2gsk__B1_P02929,1,2,0,0.0060780569961632,False,0.6239278565174117,55.8125,candidate_ridge_v2_group_softmax
2gsm__A1_P33517--2gsm__B1_Q03736,4,5,1,0.9452638438131928,True,0.5835325474119843,95.25,candidate_ridge_v2_group_softmax
2h1e__A1_P32657--2h1e__B1_P32657,4,2,0,0.0141840711648659,False,0.6042816483878181,18.625,candidate_ridge_v2_group_softmax
2h46__A1_P62993--2h46__A2_P62993,1,1,0,0.0234015355894955,False,0.6141891395042925,42.46875,candidate_ridge_v2_group_softmax
2h7z__B1_A0S865--2h7z__A1_A0S864,1,3,3,0.8281237566718179,True,0.6288153296930812,72.3125,candidate_ridge_v2_group_softmax
2hn1__A1_O29472--2hn1__A2_O29472,1,5,3,0.7409718908518798,True,0.6159101613111706,60.15625,candidate_ridge_v2_group_softmax
2huk__A1_P00720--2huk__A2_P00720,1,1,3,0.0137138716130072,False,0.6005957379798397,22.265625,candidate_ridge_v2_group_softmax
2j67__A1_Q9BXR5--2j67__B1_Q9BXR5,1,3,2,0.6860780458319903,True,0.6250493776789978,65.75,candidate_ridge_v2_group_softmax
2j68__A1_B2IZD3--2j68__A2_B2IZD3,2,2,1,0.1461759820684515,False,0.6034965975529648,47.34375,candidate_ridge_v2_group_softmax
2j6g__A1_Q6T3W5--2j6g__A2_Q6T3W5,1,5,3,0.0498208372700835,False,0.6181114133781056,67.875,candidate_ridge_v2_group_softmax
2ntx__A1_Q9LV40--2ntx__B1_Q9LV40,1,2,3,0.5789012712043528,True,0.6108971228124181,77.25,candidate_ridge_v2_group_softmax
2o96__B1_P51665--2o96__A1_P51665,2,4,3,0.6050102137340457,True,0.631544678317123,89.5625,candidate_ridge_v2_group_softmax
2oo9__A1_P22681--2oo9__B1_P22681,1,2,2,0.0841846757526277,False,0.6330882756104621,73.0625,candidate_ridge_v2_group_softmax
2p09__A1_UNDEFINED--2p09__A2_UNDEFINED,1,5,0,0.0253604512405473,False,0.623777315725556,16.140625,candidate_ridge_v2_group_softmax
2pyu__A1_P52061--2pyu__A2_P52061,1,4,0,0.4076441283125315,True,0.602128315088816,87.0625,candidate_ridge_v2_group_softmax
2q1k__A1_Q1EHA4--2q1k__B1_Q1EHA4,1,5,0,0.5814439604738205,True,0.6222589979127129,27.375,candidate_ridge_v2_group_softmax
2qko__B1_Q0S912--2qko__A1_Q0S912,2,5,2,0.5274122863055469,True,0.6169009950611725,74.25,candidate_ridge_v2_group_softmax
2qpv__A1_Q7CZ16--2qpv__B1_Q7CZ16,1,5,2,0.0097371829607608,False,0.6250493776789978,87.3125,candidate_ridge_v2_group_softmax
2r17__C1_Q96QK1--2r17__A1_Q9UBQ0,1,2,3,0.7553942881300472,True,0.6081910280615569,91.4375,candidate_ridge_v2_group_softmax
2r1f__A1_P28306--2r1f__B1_P28306,2,3,0,0.0137026504577828,False,0.6217719164974116,55.8125,candidate_ridge_v2_group_softmax
2r7a__A1_O70018--2r7a__C1_O70018,1,4,1,0.1070391541449517,False,0.6141891395042925,59.6875,candidate_ridge_v2_group_softmax
2r9a__A1_Q9H9Q4--2r9a__B1_Q9H9Q4,1,1,3,0.2073079940899882,False,0.6266589824537561,50.15625,candidate_ridge_v2_group_softmax
2raf__B1_F9URQ8--2raf__A1_F9URQ8,1,4,1,0.6602259052884388,True,0.6108971228124181,82.875,candidate_ridge_v2_group_softmax
2rax__A1_O15392--2rax__B1_Q53HL2,1,2,2,0.8608227888208647,True,0.6132143852445794,82.3125,candidate_ridge_v2_group_softmax
2uxe__A1_Q49PX0--2uxe__C1_Q49PX0,1,4,3,0.0639503937922121,False,0.59389209851248,12.59375,candidate_ridge_v2_group_softmax
2uzx__B1_P08581--2uzx__A1_P0DQD2,1,2,0,0.5928089276253022,True,0.6273579493849415,75.3125,candidate_ridge_v2_group_softmax
2vcg__D1_Q70I53--2vcg__A1_Q70I53,1,5,1,0.8884685571281515,True,0.6089180245737127,85.375,candidate_ridge_v2_group_softmax
2vlo__B1_P09883--2vlo__A1_P13479,1,4,0,0.8811099839542577,True,0.6198437957117584,90.5,candidate_ridge_v2_group_softmax
2w2d__A1_P0DPI1--2w2d__B1_P0DPI1,1,3,2,0.2993123699637441,True,0.5991429507894422,75.75,candidate_ridge_v2_group_softmax
2wk4__B1_Q69014--2wk4__A1_Q69014,1,3,1,0.1855191729342689,False,0.5999282772826018,32.6875,candidate_ridge_v2_group_softmax
2wmp__A1_Q1R2W9--2wmp__B1_Q47445,2,3,2,0.7990591126434156,True,0.6203580358750207,91.75,candidate_ridge_v2_group_softmax
2wuz__A1_Q7Z1V1--2wuz__B1_Q7Z1V1,1,5,0,0.0671304879713131,False,0.6069703070876902,29.109375,candidate_ridge_v2_group_softmax
2wwx__B1_Q5ZSQ3--2wwx__A1_P62820,1,4,2,0.0390408075124953,False,0.6035490318791548,25.046875,candidate_ridge_v2_group_softmax
2x5f__A1_UNDEFINED--2x5f__B1_UNDEFINED,1,1,1,0.1398278224570319,False,0.6250493776789978,95.5625,candidate_ridge_v2_group_softmax
2xcu__A1_O66663--2xcu__C1_O66663,1,5,1,0.45063490265094,True,0.6108971228124181,52.53125,candidate_ridge_v2_group_softmax
2xf1__A1_Q8I467--2xf1__A2_Q8I467,1,5,3,0.0141696722278695,False,0.6243935605255422,82.625,candidate_ridge_v2_group_softmax
2xgg__B1_UNDEFINED--2xgg__A1_UNDEFINED,1,3,1,0.0378417677234843,False,0.6247868092215979,75.9375,candidate_ridge_v2_group_softmax
2xr7__A1_Q589Y0--2xr7__A2_Q589Y0,1,4,1,0.0040351362861566,False,0.6141891395042925,81.3125,candidate_ridge_v2_group_softmax
2xuv__B1_P0AET2--2xuv__A1_P0AET2,1,1,0,0.0291494860720318,False,0.6177485348391566,21.96875,candidate_ridge_v2_group_softmax
2y6b__A1_Q43758--2y6b__A2_Q43758,1,1,0,0.0051661456330997,False,0.6108971228124181,94.75,candidate_ridge_v2_group_softmax
2y9y__B1_P43596--2y9y__A1_P38144,2,1,3,0.5900645561981019,True,0.6020300137039862,90.0,candidate_ridge_v2_group_softmax
2yaj__A1_Q38HX4--2yaj__B1_Q38HX3,2,4,0,0.9011212420938935,True,0.6082882455364417,96.25,candidate_ridge_v2_group_softmax
2yin__B1_Q92608--2yin__D1_P63000,1,4,2,0.8843936849308087,True,0.6000879932122595,92.3125,candidate_ridge_v2_group_softmax
2yip__A1_P81860--2yip__B1_P81860,1,3,2,0.2157851557074656,False,0.6114381295262856,82.9375,candidate_ridge_v2_group_softmax
2ynw__B1_Q704V1--2ynw__A1_Q704V1,2,5,0,0.3306469560709625,True,0.6173922721711993,22.984375,candidate_ridge_v2_group_softmax
2yor__A1_B9W4V6--2yor__B1_B9W4V6,1,5,1,0.0067649648430569,False,0.603551822189241,47.1875,candidate_ridge_v2_group_softmax
2ypr__A1_Q99581--2ypr__B1_Q99581,1,1,0,0.8958408418298874,True,0.6108971228124181,88.0625,candidate_ridge_v2_group_softmax
2yq2__A1_Q01499--2yq2__B1_Q01499,1,3,0,0.3613568303261165,True,0.6330882756104621,60.46875,candidate_ridge_v2_group_softmax
2yx8__A1_O60894--2yx8__A2_O60894,1,2,2,0.0410312793502997,False,0.6141891395042925,40.1875,candidate_ridge_v2_group_softmax
2z1b__A1_P10518--2z1b__A2_P10518,1,5,2,0.0199707040119806,False,0.6250493776789978,89.5,candidate_ridge_v2_group_softmax
2zae__A1_O59425--2zae__B1_O59248,1,2,0,0.7973690882559433,True,0.6141891395042925,86.75,candidate_ridge_v2_group_softmax
2zcm__B1_Q5HKQ1--2zcm__A1_Q5HKQ1,1,1,1,0.5181718853140552,True,0.6330882756104621,74.3125,candidate_ridge_v2_group_softmax
2zix__A1_Q96NY9--2zix__B1_Q96AY2,1,1,0,0.4372363313077486,True,0.5989158218040672,82.9375,candidate_ridge_v2_group_softmax
2zjs__A1_Q5SHQ8--2zjs__B1_P38383,1,4,1,0.7105339961219618,True,0.6141891395042925,87.8125,candidate_ridge_v2_group_softmax
3a7m__B1_P0A1N2--3a7m__A1_P0A1N2,1,4,2,0.0351376732208971,False,0.6141891395042925,74.5625,candidate_ridge_v2_group_softmax
3a98__B1_Q92556--3a98__A1_Q92608,2,4,1,0.7110069364039727,True,0.6281228769824576,80.5625,candidate_ridge_v2_group_softmax
3aon__A1_P43435--3aon__B1_P43455,1,4,0,0.6391050819746291,True,0.6179763575538678,84.375,candidate_ridge_v2_group_softmax
3axj__B1_Q9VF77--3axj__A1_Q7JVK6,2,1,1,0.743436316085858,True,0.6068244097133851,85.75,candidate_ridge_v2_group_softmax
3b42__B1_Q74EM7--3b42__A1_Q74EM7,2,1,2,0.0447603887544794,False,0.6234803208361115,77.3125,candidate_ridge_v2_group_softmax
3b4y__A1_P9WNE1--3b4y__B1_P9WNE1,2,5,0,0.7920760286671115,True,0.6290611160766368,94.0625,candidate_ridge_v2_group_softmax
3cam__A1_Q9JZZ4--3cam__B1_Q9JZZ4,3,2,2,0.4724671012608128,True,0.5848949016337481,57.96875,candidate_ridge_v2_group_softmax
3cbk__A1_P07858--3cbk__B1_Q966X9,4,1,1,0.762331261436984,True,0.6138041586987897,90.5625,candidate_ridge_v2_group_softmax
3cnu__A1_O28738--3cnu__A2_O28738,1,5,3,0.7346152476683162,True,0.6330882756104621,78.125,candidate_ridge_v2_group_softmax
3co5__A1_Q5F5Q1--3co5__B1_Q5F5Q1,1,5,3,0.0112997247150476,False,0.6072040851311934,78.625,candidate_ridge_v2_group_softmax
3ct4__A1_Q9CIV8--3ct4__A2_Q9CIV8,1,4,0,0.006451370471711,False,0.6239721617564988,95.5625,candidate_ridge_v2_group_softmax
3ctv__A1_O28011--3ctv__A2_O28011,1,4,3,0.0452558188520313,False,0.6323275830333299,82.0,candidate_ridge_v2_group_softmax
3cwf__A1_P23545--3cwf__B1_P23545,1,1,3,0.1369285312703626,False,0.6288153296930812,87.75,candidate_ridge_v2_group_softmax
3d0t__D1_Q91YN9--3d0t__C1_Q91YN9,1,4,0,0.2009982890663297,False,0.6267742100421954,57.25,candidate_ridge_v2_group_softmax
3d3r__A1_Q8EF93--3d3r__B1_Q8EF93,2,1,0,0.414362391088058,True,0.5991600232271046,68.875,candidate_ridge_v2_group_softmax
3d8h__B1_Q5CXZ9--3d8h__A1_Q5CXZ9,1,4,1,0.7796786247873229,True,0.6297603740989781,90.125,candidate_ridge_v2_group_softmax
3dal__A1_O75626--3dal__B2_O75626,1,4,2,0.006824591580468,False,0.6126038819986382,82.875,candidate_ridge_v2_group_softmax
3dsl__A1_O93523--3dsl__B1_O93523,1,2,2,0.0100995192020225,False,0.6081910280615569,47.28125,candidate_ridge_v2_group_softmax
3e0j__G1_P49005--3e0j__H1_Q15054,1,5,3,0.8161121430949115,True,0.6226297049939917,94.375,candidate_ridge_v2_group_softmax
3e0y__A1_Q74E48--3e0y__B1_Q74E48,1,3,1,0.3126453899573803,True,0.6325350468868636,78.5,candidate_ridge_v2_group_softmax
3e7l__A1_O66551--3e7l__B1_O66551,1,1,1,0.9537954583455112,True,0.6061616617043136,87.875,candidate_ridge_v2_group_softmax
3evi__A1_Q8N4E4--3evi__B1_Q8N4E4,1,2,3,0.6600450517552744,True,0.6288153296930812,82.125,candidate_ridge_v2_group_softmax
3ezu__A1_Q74FR4--3ezu__A2_Q74FR4,3,4,3,0.0205429111574598,False,0.571910933438194,60.25,candidate_ridge_v2_group_softmax
3f2u__A1_P83916--3f2u__A2_P83916,1,1,2,0.0414083138462204,False,0.6141891395042925,45.375,candidate_ridge_v2_group_softmax
3f6t__B1_Q5FIG7--3f6t__A1_Q5FIG7,1,1,1,0.4862245037733374,True,0.602378890771398,93.8125,candidate_ridge_v2_group_softmax
3f7c__A1_A1TZ69--3f7c__A2_A1TZ69,1,3,2,0.0557675937168912,False,0.6286494170656475,70.4375,candidate_ridge_v2_group_softmax
3f8u__A1_P30101--3f8u__B1_O15533,1,4,0,0.4296435508995711,True,0.6230575777308777,68.8125,candidate_ridge_v2_group_softmax
3ffm__A1_O95257--3ffm__A2_O95257,1,1,1,0.0388523219252019,False,0.6054782673716225,65.4375,candidate_ridge_v2_group_softmax
3fkq__A1_D0VX10--3fkq__A2_D0VX10,1,3,3,0.4764608817313696,True,0.6330882756104621,63.78125,candidate_ridge_v2_group_softmax
3fn7__A1_Q99ZN4--3fn7__A2_Q99ZN4,1,3,2,0.3596853743364232,True,0.6297603740989781,45.90625,candidate_ridge_v2_group_softmax
3fx0__B1_Q9Y6K9--3fx0__A1_Q9Y6K9,1,5,0,0.7096777121268296,True,0.6141891395042925,73.0625,candidate_ridge_v2_group_softmax
3gb8__A1_O14980--3gb8__B1_O95149,1,3,1,0.7200700079007746,True,0.6141891395042925,86.125,candidate_ridge_v2_group_softmax
3h8i__A1_Q7ZAG8--3h8i__B1_Q7ZAG8,1,1,0,0.0326334465885248,False,0.6093687717131054,44.0,candidate_ridge_v2_group_softmax
3hkl__B1_Q62838--3hkl__A1_Q62838,1,4,2,0.008204245910455,False,0.6265387860780482,50.0625,candidate_ridge_v2_group_softmax
3i26__A1_P0C0V9--3i26__B1_P0C0V9,1,4,1,0.0267647281339286,False,0.613810958647039,39.875,candidate_ridge_v2_group_softmax
3jsb__A1_P14240--3jsb__A2_P14240,1,5,0,0.0217433755425049,False,0.6020331673275269,24.171875,candidate_ridge_v2_group_softmax
3jtz__A1_Q9Z3B4--3jtz__A2_Q9Z3B4,1,4,1,0.8967332496827279,True,0.6237298053440146,89.3125,candidate_ridge_v2_group_softmax
3k7v__A1_P30153--3k7v__B1_P67775,1,3,0,0.6058683779459383,True,0.6077314742381799,90.625,candidate_ridge_v2_group_softmax
3lbx__B1_P11277--3lbx__A1_P02549,1,5,1,0.695489232318411,True,0.6250493776789978,83.6875,candidate_ridge_v2_group_softmax
3lcb__A1_Q8X607--3lcb__D2_P08200,1,4,1,0.774296384896862,True,0.6067059039403455,80.8125,candidate_ridge_v2_group_softmax
3lf6__B1_UNDEFINED--3lf6__A1_UNDEFINED,1,1,3,0.0605858682294215,False,0.6330882756104621,85.5625,candidate_ridge_v2_group_softmax
3m7p__A1_P02751--3m7p__A2_P02751,1,2,0,0.0100457645835616,False,0.5808474301908841,23.03125,candidate_ridge_v2_group_softmax
3mca__A1_O74774--3mca__B1_Q9USL5,2,5,1,0.0709576079359438,False,0.6100159548695117,56.03125,candidate_ridge_v2_group_softmax
3mlf__A1_UNDEFINED--3mlf__B1_UNDEFINED,1,5,3,0.5002940342760246,True,0.6259409116923825,77.5,candidate_ridge_v2_group_softmax
3mxn__A1_Q9H9A7--3mxn__B1_Q96E14,4,3,1,0.820578633859469,True,0.5930996407774876,91.4375,candidate_ridge_v2_group_softmax
3n4i__A1_P0AD64--3n4i__B1_P35804,1,5,3,0.7135625553350368,True,0.6110589597146462,93.0,candidate_ridge_v2_group_softmax
3n7e__A1_Q58AD3--3n7e__B1_Q58AD3,1,1,0,0.0957793563570699,False,0.6108971228124181,72.1875,candidate_ridge_v2_group_softmax
3n9y__A1_P05108--3n9y__C1_P10109,2,5,0,0.8003975332976804,True,0.6233074642735114,90.3125,candidate_ridge_v2_group_softmax
3nbe__A1_B2ZRS9--3nbe__B1_B2ZRS9,2,5,2,0.9408476379972256,True,0.6146415450905063,90.875,candidate_ridge_v2_group_softmax
3nbf__A1_Q72GF3--3nbf__B1_Q72GF3,1,3,0,0.6055948510159368,True,0.6330882756104621,82.625,candidate_ridge_v2_group_softmax
3njc__A1_P42955--3njc__B1_P42955,2,5,1,0.226873470950718,False,0.6035364176177526,83.4375,candidate_ridge_v2_group_softmax
3nk4__A1_P79762--3nk4__B1_P79762,1,5,1,0.1675244445969802,False,0.6094824749827162,29.765625,candidate_ridge_v2_group_softmax
3nnf__A1_Q6DNF2--3nnf__A2_Q6DNF2,1,5,1,0.8508492998666316,True,0.6288153296930812,79.8125,candidate_ridge_v2_group_softmax
3o47__A1_P84077--3o47__A2_P84077,3,3,1,0.0123056370004202,False,0.5905943214754047,19.40625,candidate_ridge_v2_group_softmax
3ph0__A1_Q1EHA4--3ph0__B1_Q1EHA2,1,5,1,0.2259660211714962,False,0.6215193285513035,85.25,candidate_ridge_v2_group_softmax
3qsg__A1_C8WX00--3qsg__A2_C8WX00,1,1,3,0.5118393935769322,True,0.6171047090521411,79.0,candidate_ridge_v2_group_softmax
3qty__A1_Q5NGF2--3qty__B1_Q5NGF2,1,5,1,0.660866438974325,True,0.6165489757128132,86.0625,candidate_ridge_v2_group_softmax
3rg2__A1_P10378--3rg2__B1_P10378,2,1,3,0.2612179367302474,True,0.6073186715153981,51.125,candidate_ridge_v2_group_softmax
3sy3__A1_A0A6L8P3N5--3sy3__B1_A0A6L8P3N5,1,1,2,0.1400102743750942,False,0.6288153296930812,51.5,candidate_ridge_v2_group_softmax
3tbi__B1_P0A8V2--3tbi__A1_P13338,1,4,3,0.7209228482762683,True,0.5956330921892148,86.0625,candidate_ridge_v2_group_softmax
3teq__C1_Q13586--3teq__A1_Q13586,2,4,0,0.8953583790013854,True,0.605612579712854,83.375,candidate_ridge_v2_group_softmax
3thf__A1_A1Z9P3--3thf__B1_A1Z9P3,1,1,2,0.6890509467421393,True,0.6250493776789978,76.0625,candidate_ridge_v2_group_softmax
3toj__B1_Q9UBL3--3toj__A1_Q9UBL3,1,1,1,0.1410795601565083,False,0.6134326404057349,61.5,candidate_ridge_v2_group_softmax
3u3q__A1_O75509--3u3q__A2_O75509,1,2,0,0.4820925216378145,True,0.604226454955611,36.25,candidate_ridge_v2_group_softmax
3u73__A1_Q03405--3u73__B1_P00749,1,5,2,0.1966776094857323,False,0.6168650070916738,65.5625,candidate_ridge_v2_group_softmax
3ua3__A1_P46580--3ua3__B1_P46580,1,2,2,0.0377440255739999,False,0.6330882756104621,79.1875,candidate_ridge_v2_group_softmax
3up1__A1_P16871--3up1__B1_P16871,1,1,2,0.5920188744986378,True,0.6141891395042925,76.875,candidate_ridge_v2_group_softmax
3ups__A1_Q5NLX3--3ups__A2_Q5NLX3,1,2,0,0.5998635009245178,True,0.6288153296930812,82.9375,candidate_ridge_v2_group_softmax
3v69__A1_Q9CWU5--3v69__B1_Q9CWU5,1,2,1,0.1887952897595575,False,0.6210038794282703,88.25,candidate_ridge_v2_group_softmax
3vcb__A1_P0C6X9--3vcb__B1_P0C6X9,1,1,2,0.203682809167027,False,0.6038388617494084,75.75,candidate_ridge_v2_group_softmax
3vyr__B1_Q5JII1--3vyr__A1_Q5JII0,13,2,2,0.5801403874892066,True,0.5600251473394262,88.5625,candidate_ridge_v2_group_softmax
3w0l__B1_Q91754--3w0l__A1_Q91753,1,4,2,0.3017693726987984,True,0.6141891395042925,71.9375,candidate_ridge_v2_group_softmax
3w2v__A1_Q8U1S6--3w2v__B1_Q8U1S7,1,1,0,0.6607335763000981,True,0.6054782673716225,87.1875,candidate_ridge_v2_group_softmax
3wry__C1_P03587--3wry__A1_A7M6E7,1,3,3,0.0112427896870678,False,0.5986836927731957,22.828125,candidate_ridge_v2_group_softmax
3wvb__A1_Q58649--3wvb__B1_Q58649,1,3,1,0.859341560001218,True,0.5846503908037349,93.5,candidate_ridge_v2_group_softmax
3wxm__A1_Q9YAV0--3wxm__B1_Q9YAZ5,1,3,1,0.7560544052286425,True,0.6141891395042925,86.625,candidate_ridge_v2_group_softmax
3x0e__A1_P60033--3x0e__B1_P60033,1,1,3,0.8674119512034433,True,0.6250493776789978,81.125,candidate_ridge_v2_group_softmax
3x15__A1_O67504--3x15__C1_O67504,1,5,1,0.5028307175276011,True,0.6055277581137438,71.6875,candidate_ridge_v2_group_softmax
3zr4__A1_Q9X0C6--3zr4__B1_Q9X0C8,4,1,0,0.7804071669758645,True,0.6214794222589385,90.1875,candidate_ridge_v2_group_softmax
3zyl__A1_O55012--3zyl__B1_O55012,1,5,2,0.8210910147697051,True,0.6108971228124181,71.625,candidate_ridge_v2_group_softmax
4a1f__A1_O25916--4a1f__B1_O25916,3,2,0,0.0088798639079548,False,0.6105342228222309,60.625,candidate_ridge_v2_group_softmax
4af9__A1_Q6VBJ0--4af9__A2_Q6VBJ0,1,1,1,0.1797328420873722,False,0.6330882756104621,81.3125,candidate_ridge_v2_group_softmax
4aj7__A1_B1PWB9--4aj7__B1_B1PWB9,1,1,1,0.147105688486684,False,0.6231302831102233,50.875,candidate_ridge_v2_group_softmax
4at7__A1_Q9CXY6--4at7__B1_Q9Z1X4,2,1,2,0.4611088778379711,True,0.6219181206036805,92.75,candidate_ridge_v2_group_softmax
4ayn__A1_C6KHT4--4ayn__B1_C6KHT4,1,2,3,0.062907243225013,False,0.6330882756104621,38.625,candidate_ridge_v2_group_softmax
4bi8__B1_S4S1W1--4bi8__A1_S4S1W3,1,2,2,0.948938341533374,True,0.6141891395042925,92.375,candidate_ridge_v2_group_softmax
4bjn__A1_Q2MV52--4bjn__B1_Q2MV52,1,3,0,0.7970177171725612,True,0.6250493776789978,86.5,candidate_ridge_v2_group_softmax
4bou__A1_Q5T2D3--4bou__A2_Q5T2D3,1,1,1,0.6316043515605312,True,0.6108971228124181,51.4375,candidate_ridge_v2_group_softmax
4bry__A1_O75496--4bry__B1_D6RGH6,2,1,2,0.6102650710437167,True,0.5971123380829307,78.0625,candidate_ridge_v2_group_softmax
4bvx__A1_P56192--4bvx__B1_O43324,1,2,0,0.8272723131457278,True,0.6070526250337864,94.0625,candidate_ridge_v2_group_softmax
4cbv__D1_Q79CK7--4cbv__C1_Q79CK7,4,5,1,0.2170468204068968,False,0.5912752997345151,56.6875,candidate_ridge_v2_group_softmax
4cfg__A1_Q14258--4cfg__B1_Q14258,1,1,0,0.5715059669686148,True,0.6052301655483266,62.46875,candidate_ridge_v2_group_softmax
4dex__A1_P54288--4dex__B1_Q02294,2,3,2,0.5820751923637181,True,0.5957529650966927,87.375,candidate_ridge_v2_group_softmax
4dri__A1_Q13451--4dri__B1_P42345,1,4,1,0.084593752714466,False,0.61722357436349,27.546875,candidate_ridge_v2_group_softmax
4e6w__B1_A0A0H2V8D3--4e6w__A1_A0A0H2V8D3,1,3,0,0.0535746168619866,False,0.6141891395042925,69.4375,candidate_ridge_v2_group_softmax
4emo__D1_Q9H0F6--4emo__A1_Q9H0F6,1,3,3,0.1510200350473439,False,0.6108971228124181,45.1875,candidate_ridge_v2_group_softmax
4eog__A1_UNDEFINED--4eog__A2_UNDEFINED,1,3,2,0.6403107115674226,True,0.6222067688835545,89.375,candidate_ridge_v2_group_softmax
4fmm__B1_P53860--4fmm__A1_P53860,1,4,3,0.7108223628693366,True,0.6281228769824576,83.5,candidate_ridge_v2_group_softmax
4fqb__B1_Q9I2Q0--4fqb__A1_Q9I2Q1,1,5,3,0.8773504640432751,True,0.6196845064375196,92.1875,candidate_ridge_v2_group_softmax
4fup__A1_Q5HKE8--4fup__A2_Q5HKE8,1,2,2,0.028325479078198,False,0.6250493776789978,67.1875,candidate_ridge_v2_group_softmax
4g2u__A1_Q8T8F4--4g2u__B1_Q8T8F4,1,3,2,0.9506203179157516,True,0.6259409116923825,85.6875,candidate_ridge_v2_group_softmax
4g3k__A1_O66591--4g3k__B1_O66591,1,3,1,0.8801479086454286,True,0.6325350468868636,88.0,candidate_ridge_v2_group_softmax
4g94__B1_Q4Z9Y5--4g94__A1_P0A0J0,1,2,3,0.8319548107929933,True,0.6250493776789978,91.875,candidate_ridge_v2_group_softmax
4ghw__A1_O59952--4ghw__B1_O59952,1,5,1,0.1901957711546504,False,0.6141891395042925,48.59375,candidate_ridge_v2_group_softmax
4git__A1_Q84FG5--4git__B1_Q84FG5,1,4,0,0.9157959770704784,True,0.6232859888605974,84.5,candidate_ridge_v2_group_softmax
4giz__A1_P0AEX9--4giz__C1_P03126,1,3,1,0.4053769370334414,True,0.5825902515975543,88.125,candidate_ridge_v2_group_softmax
4gof__A1_O43765--4gof__B1_O43765,2,5,3,0.4295961587893575,True,0.6200510681773514,79.375,candidate_ridge_v2_group_softmax
4har__A1_P08563--4har__B1_P08563,1,3,1,0.4208076332640856,True,0.6141891395042925,89.875,candidate_ridge_v2_group_softmax
4hg6__A1_Q3J125--4hg6__B1_Q3J126,1,1,2,0.3857667217359184,True,0.5891502022422227,85.1875,candidate_ridge_v2_group_softmax
4hj1__A1_P03518--4hj1__B1_P03518,2,4,1,0.0034668302572091,False,0.5972546616289454,29.125,candidate_ridge_v2_group_softmax
4hme__A1_B1VBB0--4hme__A2_B1VBB0,1,2,0,0.4880846019797027,True,0.6086800015531082,83.1875,candidate_ridge_v2_group_softmax
4ip3__A1_Q8VSD5--4ip3__B1_P61088,1,4,0,0.6119264049097262,True,0.6108971228124181,88.875,candidate_ridge_v2_group_softmax
4iu2__B1_A0AEF5--4iu2__A1_A0AEF6,2,3,1,0.0274892115570081,False,0.6015798049407827,60.3125,candidate_ridge_v2_group_softmax
4jnh__B1_P14349--4jnh__A1_P14349,1,2,1,0.4888419001555908,True,0.6250493776789978,53.15625,candidate_ridge_v2_group_softmax
4k5a__A1_Q1RMX3--4k5a__B1_UNDEFINED,1,3,0,0.6443388032278526,True,0.6288153296930812,69.125,candidate_ridge_v2_group_softmax
4k8w__A1_Q8RP52--4k8w__A2_Q8RP52,1,4,3,0.5262152136621386,True,0.6108971228124181,86.0625,candidate_ridge_v2_group_softmax
4kk1__A1_Q09778--4kk1__B1_Q09778,1,4,3,0.0193862138413704,False,0.6108971228124181,59.34375,candidate_ridge_v2_group_softmax
4kun__A1_UNDEFINED--4kun__B1_UNDEFINED,1,2,2,0.2816439575412967,True,0.6288153296930812,86.6875,candidate_ridge_v2_group_softmax
4l4x__A1_Q93NX9--4l4x__A2_Q93NX9,3,2,1,0.0378894840162784,False,0.6125066183874286,62.21875,candidate_ridge_v2_group_softmax
4l9i__A1_P28327--4l9i__B1_P28327,1,4,3,0.0622548013796975,False,0.6029066646966511,73.75,candidate_ridge_v2_group_softmax
4lo8__A1_Q8KHU9--4lo8__B1_Q45878,1,4,1,0.445963029444939,True,0.622474356459218,72.75,candidate_ridge_v2_group_softmax
4lp7__C1_Q91F56--4lp7__A1_Q91F56,1,5,2,0.0838438891847362,False,0.5971961971239558,21.375,candidate_ridge_v2_group_softmax
4lrq__C1_A0A0H3ALA8--4lrq__A1_A0A0H3ALA8,1,3,3,0.0780186338848186,False,0.6288153296930812,70.875,candidate_ridge_v2_group_softmax
4luq__A1_Q9HYC5--4luq__C1_Q9HYC4,3,1,0,0.0069527981273994,False,0.598453990262765,90.8125,candidate_ridge_v2_group_softmax
4mgy__A1_Q9EQZ6--4mgy__B1_P61224,1,5,2,0.6082775803829716,True,0.5772395223274334,88.4375,candidate_ridge_v2_group_softmax
4muc__B1_Q03591--4muc__A1_Q03591,1,2,2,0.3050739807925627,True,0.6330882756104621,41.84375,candidate_ridge_v2_group_softmax
4mxe__A1_Q5FWF5--4mxe__B1_Q5FWF5,1,3,0,0.2689491583438005,True,0.6141891395042925,79.25,candidate_ridge_v2_group_softmax
4n1j__B1_Q86W24--4n1j__A1_Q86W24,1,4,0,0.126247796600908,False,0.6250493776789978,26.125,candidate_ridge_v2_group_softmax
4n1k__B1_Q86W24--4n1k__A1_Q86W24,1,4,1,0.0216514610931053,False,0.6108971228124181,42.90625,candidate_ridge_v2_group_softmax
4n6j__A1_Q13033--4n6j__B1_Q13033,1,4,1,0.0304486863605663,False,0.6141891395042925,55.5,candidate_ridge_v2_group_softmax
4nc4__A1_Q9FN03--4nc4__B1_Q9FN03,1,4,0,0.8160390604903479,True,0.6288153296930812,93.75,candidate_ridge_v2_group_softmax
4ndj__A1_U6GSR1--4ndj__A2_U6GSR1,1,5,0,0.0154801976447282,False,0.5931219649849302,22.953125,candidate_ridge_v2_group_softmax
4nfu__A1_Q9XF23--4nfu__B1_Q4F883,1,5,2,0.4541562379120427,True,0.6226784571497458,85.625,candidate_ridge_v2_group_softmax
4noo__A1_Q9KN42--4noo__B1_Q9KN41,1,4,0,0.7942468479723105,True,0.6288153296930812,85.375,candidate_ridge_v2_group_softmax
4nsr__A1_Q9KN41--4nsr__C1_Q9KN41,1,4,1,0.822933711821706,True,0.6330882756104621,87.6875,candidate_ridge_v2_group_softmax
4ny2__A1_UNDEFINED--4ny2__B1_UNDEFINED,1,2,0,0.8944935387270134,True,0.6036517703021254,91.625,candidate_ridge_v2_group_softmax
4o4o__A1_Q8YLF9--4o4o__B1_Q8YLF9,1,4,3,0.0838607026393436,False,0.6171873880118223,81.9375,candidate_ridge_v2_group_softmax
4o6i__B1_P09992--4o6i__A1_P09992,1,1,1,0.5618450290845716,True,0.596831375244824,34.5,candidate_ridge_v2_group_softmax
4o96__A1_Q8XAL6--4o96__B1_Q8XAL6,1,5,2,0.0164888196612753,False,0.6108971228124181,69.125,candidate_ridge_v2_group_softmax
4oak__A1_Q9JN36--4oak__B1_Q9JN36,1,2,3,0.0059317195236815,False,0.6288153296930812,89.5,candidate_ridge_v2_group_softmax
4obx__A1_P49017--4obx__D1_P49017,1,4,1,0.8614916096331443,True,0.6288153296930812,75.125,candidate_ridge_v2_group_softmax
4oh8__B1_Q8WWW0--4oh8__A1_Q13043,1,3,2,0.8530177303708832,True,0.6053432422865032,86.3125,candidate_ridge_v2_group_softmax
4oy2__A1_P46677--4oy2__D1_Q05021,5,1,3,0.7651456480098106,True,0.6006766639285187,92.25,candidate_ridge_v2_group_softmax
4oyu__B1_Q99PV3--4oyu__A1_Q99PV3,1,1,1,0.088293334207554,False,0.6264200998314886,26.515625,candidate_ridge_v2_group_softmax
4puh__A1_Q9FIC3--4puh__B1_Q9FIC3,2,3,3,0.3359237580655965,True,0.6068262311070695,65.375,candidate_ridge_v2_group_softmax
4pxj__B1_Q9UPT6--4pxj__A1_Q9UPT6,1,5,2,0.0289764310971171,False,0.616683073065073,51.3125,candidate_ridge_v2_group_softmax
4qc9__A1_P04303--4qc9__D1_P04303,1,1,3,0.1443368456173842,False,0.6141891395042925,69.5,candidate_ridge_v2_group_softmax
4qhj__A1_Q58610--4qhj__B1_Q58610,2,5,0,0.215920944447924,False,0.6079770369160316,78.9375,candidate_ridge_v2_group_softmax
4qpl__A1_Q9CZW6--4qpl__B1_P51668,3,3,1,0.2744918161745313,True,0.5964090747548247,86.75,candidate_ridge_v2_group_softmax
4r5k__B1_P0A6Y8--4r5k__A1_P0A6Y8,1,5,0,0.0124531219933621,False,0.6195480944051215,42.15625,candidate_ridge_v2_group_softmax
4r6i__A1_Q44636--4r6i__B1_Q44636,1,4,3,0.0040291755518716,False,0.6222589979127129,75.375,candidate_ridge_v2_group_softmax
4rt0__A1_Q9HY69--4rt0__A2_Q9HY69,1,4,1,0.6044193698676752,True,0.584625218965086,69.3125,candidate_ridge_v2_group_softmax
4u0q__A1_B2L3N7--4u0q__B1_P35613,1,4,1,0.0319602483495932,False,0.6005957379798397,31.484375,candidate_ridge_v2_group_softmax
4u1c__A1_P32497--4u1c__B1_P38249,1,1,3,0.787596505481705,True,0.5939359909663473,87.75,candidate_ridge_v2_group_softmax
4u3q__B1_P29722--4u3q__A1_P29722,1,5,3,0.0108247249668474,False,0.6097433747036716,68.5,candidate_ridge_v2_group_softmax
4u4p__A1_O95347--4u4p__B1_Q9NTJ3,1,4,2,0.8790301352647948,True,0.6036517703021254,92.0,candidate_ridge_v2_group_softmax
4uhz__A1_P12643--4uhz__B1_Q6NW40,1,3,0,0.8907249378615077,True,0.6250493776789978,77.25,candidate_ridge_v2_group_softmax
4upd__A1_Q2TFW1--4upd__B1_Q2TFW1,1,3,3,0.0462886102808753,False,0.6110589597146462,87.4375,candidate_ridge_v2_group_softmax
4v1i__A1_A0A140UH28--4v1i__B1_A0A140UH28,1,3,2,0.90398662493889,True,0.6108971228124181,78.6875,candidate_ridge_v2_group_softmax
4wj0__A1_O58938--4wj0__B1_O58938,1,1,0,0.1598244931197092,False,0.6215193285513035,59.21875,candidate_ridge_v2_group_softmax
4wlp__A1_Q9Y5K5--4wlp__B1_Q6P4R8,1,4,1,0.7497861116122783,True,0.6114381295262856,87.0625,candidate_ridge_v2_group_softmax
4wpd__A1_Q55080--4wpd__B1_Q55080,1,5,2,0.0117837039242103,False,0.6245003481751787,40.84375,candidate_ridge_v2_group_softmax
4xl5__B1_UNDEFINED--4xl5__A1_P42212,1,1,2,0.0382471790856429,False,0.6304229742898922,49.75,candidate_ridge_v2_group_softmax
4xt2__C1_Q99814--4xt2__A1_P27540,1,3,1,0.6127440693611702,True,0.592111948709543,85.9375,candidate_ridge_v2_group_softmax
4xyd__A1_Q16A04--4xyd__B1_Q16A03,2,4,1,0.93561764926527,True,0.6159846205813061,95.0625,candidate_ridge_v2_group_softmax
4yxc__A1_P00720--4yxc__B1_P26419,1,4,2,0.1895343385471325,False,0.6067027850293881,64.9375,candidate_ridge_v2_group_softmax
4z0o__A1_Q504Y3--4z0o__A2_Q504Y3,1,3,1,0.4368925628415042,True,0.6230575777308777,66.6875,candidate_ridge_v2_group_softmax
4z86__A1_Q9KQ21--4z86__B1_Q9KQ21,1,4,2,0.0312716917741907,False,0.6057516754318377,69.875,candidate_ridge_v2_group_softmax
4zb3__A1_Q9SU14--4zb3__A2_Q9SU14,1,3,0,0.2185476910433966,False,0.6288153296930812,85.625,candidate_ridge_v2_group_softmax
4zir__A1_Q9WY65--4zir__B1_Q9X1Z1,1,4,0,0.5461757584785515,True,0.6250493776789978,83.625,candidate_ridge_v2_group_softmax
4zkc__A1_Q2F862--4zkc__B1_P80098,1,4,2,0.7127118453476354,True,0.6292050664610533,89.375,candidate_ridge_v2_group_softmax
5an6__B1_Q9X2D0--5an6__C1_Q9X2D0,1,5,0,0.5931615385726493,True,0.6281228769824576,57.46875,candidate_ridge_v2_group_softmax
5axg__B1_B0KBZ7--5axg__A1_B0KBZ7,1,4,2,0.3650160340654904,True,0.6288153296930812,66.4375,candidate_ridge_v2_group_softmax
5ayr__A1_P13051--5ayr__B1_Q936H5,1,4,2,0.8650913526352401,True,0.6141891395042925,92.3125,candidate_ridge_v2_group_softmax
5b1q__A1_Q9WT50--5b1q__B1_Q9WT50,1,4,3,0.3160732550193847,True,0.6043752392576897,82.1875,candidate_ridge_v2_group_softmax
5b2g__A1_O14493--5b2g__B1_P01558,1,4,1,0.0037185053908853,False,0.6010248419741328,30.0625,candidate_ridge_v2_group_softmax
5b2h__A1_Q93HT5--5b2h__B1_Q93HT5,1,4,0,0.7214598625100038,True,0.6108971228124181,85.8125,candidate_ridge_v2_group_softmax
5b5w__A1_Q8BPB0--5b5w__B1_O95835,1,4,1,0.909766172407827,True,0.6141891395042925,88.25,candidate_ridge_v2_group_softmax
5bqb__A1_Q00604--5bqb__B1_Q00604,1,1,0,0.7429590609475647,True,0.609438059985824,85.0,candidate_ridge_v2_group_softmax
5ch7__A1_G8QM55--5ch7__B1_G8QM54,3,3,2,0.752675461074733,True,0.5936057916162453,95.25,candidate_ridge_v2_group_softmax
5cqs__A1_Q06706--5cqs__D1_Q06706,1,1,0,0.5220133867610101,True,0.6078116904542904,82.1875,candidate_ridge_v2_group_softmax
5cs3__A1_P14210--5cs3__B1_P14210,1,3,3,0.0076008261097401,False,0.6108971228124181,68.1875,candidate_ridge_v2_group_softmax
5cuz__A1_Q9H3L0--5cuz__A2_Q9H3L0,1,2,3,0.0604337803840459,False,0.6330882756104621,57.5,candidate_ridge_v2_group_softmax
5d7q__A1_Q8IXJ6--5d7q__B1_Q8IXJ6,1,1,0,0.0573828616716857,False,0.6288153296930812,52.5,candidate_ridge_v2_group_softmax
5d8e__A1_Q9BQ15--5d8e__D1_Q9BQ15,1,1,3,0.0303829707882436,False,0.6108971228124181,67.875,candidate_ridge_v2_group_softmax
5doi__A1_D2CVN7--5doi__E1_Q6JXI5,1,1,2,0.0667390543533049,False,0.6006518379225805,13.8203125,candidate_ridge_v2_group_softmax
5e4b__A1_A0A1C9V3S9--5e4b__B1_A0A1C9V3S9,1,2,3,0.2765387323049999,True,0.6250493776789978,72.625,candidate_ridge_v2_group_softmax
5e9h__B1_Q4HYR2--5e9h__A1_Q4HYR2,1,5,0,0.8936659085533593,True,0.603807432467793,69.0625,candidate_ridge_v2_group_softmax
5eu0__A1_E6YJU0--5eu0__B1_E6YLF5,1,1,3,0.9128853845557424,True,0.6165869301072764,95.8125,candidate_ridge_v2_group_softmax
5evk__A1_P52700--5evk__A2_P52700,1,4,3,0.0139310059860567,False,0.6055744335759528,91.125,candidate_ridge_v2_group_softmax
5f22__B1_P0C6X7--5f22__A1_P0C6U8,1,2,1,0.6417353144944675,True,0.6014419071255122,89.1875,candidate_ridge_v2_group_softmax
5f4e__A1_Q8IYV9--5f4e__B1_A6ND01,2,1,0,0.777351900625233,True,0.6208883742764165,85.25,candidate_ridge_v2_group_softmax
5fbz__A1_A0A182DWC7--5fbz__B1_P01053,1,5,1,0.9236219675747288,True,0.5991073603219068,93.5,candidate_ridge_v2_group_softmax
5fnw__A1_M1AKE5--5fnw__A2_M1AKE5,1,1,3,0.5319554001896277,True,0.6288153296930812,82.25,candidate_ridge_v2_group_softmax
5gko__A1_A0A0D8G707--5gko__B1_A0A0D8G707,1,4,3,0.1615519572581409,False,0.6081910280615569,46.5,candidate_ridge_v2_group_softmax
5gox__A1_Q92878--5gox__B1_Q92878,1,1,3,0.4871186558114979,True,0.5776298167674145,68.8125,candidate_ridge_v2_group_softmax
5gwv__B1_A0A010--5gwv__A1_A0A010,2,4,0,0.9611613736067248,True,0.6127658185101788,93.125,candidate_ridge_v2_group_softmax
5h1p__A1_D2UG58--5h1p__B1_D2UG58,1,1,0,0.1842138037302702,False,0.597644334170913,87.0,candidate_ridge_v2_group_softmax
5hpg__A1_P00747--5hpg__B1_P00747,1,1,2,0.0165734166484943,False,0.6306090322998498,54.40625,candidate_ridge_v2_group_softmax
5hrm__B1_A0A077JBW9--5hrm__A1_A0A077JBW9,1,5,3,0.1580328141794891,False,0.6141891395042925,76.4375,candidate_ridge_v2_group_softmax
5hy7__A1_G0S5A2--5hy7__B1_G0S133,1,5,1,0.8783261516136066,True,0.626715055305651,96.1875,candidate_ridge_v2_group_softmax
5jkt__A1_P20536--5jkt__B1_P20995,1,2,3,0.9342856003333696,True,0.6288153296930812,95.375,candidate_ridge_v2_group_softmax
5k7b__B1_A8MW95--5k7b__A1_A8MW95,1,4,0,0.1972049606886025,False,0.6330882756104621,76.75,candidate_ridge_v2_group_softmax
5kou__B1_Q82446--5kou__A1_Q82446,1,2,0,0.6771205752185793,True,0.6230575777308777,84.8125,candidate_ridge_v2_group_softmax
5ky2__A1_Q91ZW2--5ky2__B1_P70375,1,3,3,0.8103285266783248,True,0.6009663297142531,94.5625,candidate_ridge_v2_group_softmax
5kyy__B1_O94855--5kyy__A1_Q15436,1,5,1,0.6528351641941849,True,0.6259409116923825,90.5625,candidate_ridge_v2_group_softmax
5l0w__A1_G0SH41--5l0w__B1_G0S0B5,1,5,1,0.6679242603817254,True,0.5797203134634147,84.75,candidate_ridge_v2_group_softmax
5l1m__A1_Q8WXE0--5l1m__A2_Q8WXE0,1,4,2,0.1701336070903564,False,0.6250493776789978,46.09375,candidate_ridge_v2_group_softmax
5lda__A1_Q8U1Y4--5lda__B1_Q8U1Z3,1,3,1,0.4552505226553542,True,0.6090746387570334,72.5625,candidate_ridge_v2_group_softmax
5lsb__A1_Q99181--5lsb__B1_Q02554,2,4,0,0.6923013647200048,True,0.5971672603256725,91.125,candidate_ridge_v2_group_softmax
5ltu__B1_Q9NZJ9--5ltu__A1_Q9NZJ9,1,1,1,0.0109808237333227,False,0.5951777077786075,20.015625,candidate_ridge_v2_group_softmax
5lxr__A1_Q9Y580--5lxr__B1_Q6NZY4,1,4,1,0.9139293593944988,True,0.6288153296930812,88.8125,candidate_ridge_v2_group_softmax
5min__B1_P13650--5min__A1_P13650,1,2,1,0.8675158836776174,True,0.5920964918463837,93.5625,candidate_ridge_v2_group_softmax
5mxg__A1_C7BLE4--5mxg__A2_C7BLE4,1,3,1,0.8656301051348044,True,0.6288153296930812,86.875,candidate_ridge_v2_group_softmax
5swi__A1_A0A0Y0HIE3--5swi__D1_A0A0Y0HIE3,1,1,2,0.8018132955644736,True,0.6141891395042925,86.5,candidate_ridge_v2_group_softmax
5t3r__B1_Q8A6W3--5t3r__A1_Q8A6W4,1,4,2,0.8228336814370018,True,0.6282109982830416,93.9375,candidate_ridge_v2_group_softmax
5t5s__A1_P49588--5t5s__A2_P49588,1,4,2,0.4011343740216402,True,0.6020331673275269,35.59375,candidate_ridge_v2_group_softmax
5tbk__J1_P18754--5tbk__A1_O00629,1,5,1,0.7471234387290312,True,0.6129884491943448,85.875,candidate_ridge_v2_group_softmax
5tc2__A1_P04585--5tc2__B1_P04585,1,4,1,0.8044065534328168,True,0.6288153296930812,73.5,candidate_ridge_v2_group_softmax
5u4o__A1_A0A6H3AI29--5u4o__A2_A0A6H3AI29,2,1,3,0.0083989936270339,False,0.58698304110923,28.421875,candidate_ridge_v2_group_softmax
5uiw__A1_P51681--5uiw__B1_P13501,1,3,1,0.7875560236075723,True,0.6040374151487168,88.0,candidate_ridge_v2_group_softmax
5uzu__B1_P05164--5uzu__A1_Q2G0X2,4,5,1,0.0661085909298063,False,0.6046423748590273,40.5,candidate_ridge_v2_group_softmax
5ve6__A1_Q86YV5--5ve6__A2_Q86YV5,2,4,0,0.6199110394557684,True,0.618229857592751,66.0625,candidate_ridge_v2_group_softmax
5vpc__B1_P17535--5vpc__A1_P53539,1,1,2,0.4397793860743206,True,0.6297603740989781,77.5625,candidate_ridge_v2_group_softmax
5vxz__A1_Q14393--5vxz__C1_P30530,2,4,0,0.8858696991230742,True,0.6124748871773121,93.8125,candidate_ridge_v2_group_softmax
5vzt__B1_Q5XUX0--5vzt__A1_P63208,2,4,1,0.7962936406765029,True,0.6256140501638614,91.6875,candidate_ridge_v2_group_softmax
5wat__A2_P07128--5wat__B1_P07128,1,1,1,0.0050215267149202,False,0.6115617181513181,93.875,candidate_ridge_v2_group_softmax
5wee__A1_A0A183GMB4--5wee__B1_A0A183GMB4,2,3,3,0.3927135117596865,True,0.6187917510762682,29.796875,candidate_ridge_v2_group_softmax
5wuq__A1_Q45585--5wuq__C1_Q45588,1,2,1,0.7923164022251757,True,0.6264200998314886,89.9375,candidate_ridge_v2_group_softmax
5xec__B1_P15452--5xec__A1_P00099,1,5,3,0.0530329681270017,False,0.6108971228124181,39.34375,candidate_ridge_v2_group_softmax
5xpz__A1_Q8CIB5--5xpz__B1_Q8CIB5,1,5,2,0.007365089833755,False,0.6288153296930812,61.1875,candidate_ridge_v2_group_softmax
5y61__A1_Q9I4L4--5y61__B1_Q9I4L6,1,2,2,0.490648565692972,True,0.6250493776789978,86.6875,candidate_ridge_v2_group_softmax
5y78__A1_B5AJT1--5y78__B1_B5AJT1,1,5,0,0.3772115734669617,True,0.6127662114503822,69.75,candidate_ridge_v2_group_softmax
5yh3__A1_Q96MK3--5yh3__B1_Q8IXL6,2,1,1,0.5988994362055783,True,0.6130206109726148,86.8125,candidate_ridge_v2_group_softmax
5z5y__A1_P02866--5z5y__B1_P02866,1,3,0,0.7669034385582192,True,0.6330882756104621,92.8125,candidate_ridge_v2_group_softmax
5ztb__B1_Q72LF3--5ztb__A1_Q72LF4,1,2,0,0.8335348552088222,True,0.6017536682280477,92.6875,candidate_ridge_v2_group_softmax
5zyo__A1_P0A8I8--5zyo__C1_P0A8I8,1,5,3,0.0363799116735716,False,0.6288153296930812,84.375,candidate_ridge_v2_group_softmax
6a3v__A1_P41273--6a3v__B1_Q07011,1,3,1,0.6013949760950238,True,0.5940440613664161,86.3125,candidate_ridge_v2_group_softmax
6a9y__A1_Q9BQI5--6a9y__A2_Q9BQI5,1,3,2,0.0040480594930259,False,0.6020331673275269,39.34375,candidate_ridge_v2_group_softmax
6ahy__B1_P56703--6ahy__A1_Q61091,4,1,3,0.2828627545677769,True,0.5904121350576831,47.5,candidate_ridge_v2_group_softmax
6apx__A1_P0AEX9--6apx__B1_UNDEFINED,2,3,3,0.0075124860129663,False,0.608395576132809,44.15625,candidate_ridge_v2_group_softmax
6aqe__B1_Q9RY20--6aqe__A1_Q9RY20,1,4,2,0.0100499212123842,False,0.6317738744570358,90.125,candidate_ridge_v2_group_softmax
6au8__A1_Q7L5D6--6au8__B1_P46379,1,2,3,0.7464183190813255,True,0.6182985270210576,94.0625,candidate_ridge_v2_group_softmax
6cp8__A1_A0A2A2CAY5--6cp8__C1_A0A2A2C800,2,1,2,0.7080367920275656,True,0.6245992637123624,88.25,candidate_ridge_v2_group_softmax
6djl__C1_O60239--6djl__A1_P62491,1,4,1,0.64282704808161,True,0.6264200998314886,77.8125,candidate_ridge_v2_group_softmax
6dkk__B1_P0DPI0--6dkk__A1_P0DPI0,1,5,0,0.005764619969538,False,0.6020331673275269,32.75,candidate_ridge_v2_group_softmax
6e8a__A1_Q7CPJ3--6e8a__A2_Q7CPJ3,3,3,2,0.0199713373085826,False,0.6175172332290119,53.71875,candidate_ridge_v2_group_softmax
6efw__A1_J9VIT7--6efw__A2_J9VIT7,1,2,2,0.703673586731474,True,0.6141891395042925,72.9375,candidate_ridge_v2_group_softmax
6eho__A1_Q99523--6eho__A2_Q99523,1,3,0,0.0246942943023912,False,0.5977528904069049,33.96875,candidate_ridge_v2_group_softmax
6ejv__A1_Q65J43--6ejv__B1_Q65J43,1,5,1,0.0318454329595879,False,0.6141891395042925,42.25,candidate_ridge_v2_group_softmax
6em0__A1_O06647--6em0__A2_O06647,4,4,3,0.005692556415611,False,0.5901436572895908,92.5,candidate_ridge_v2_group_softmax
6exa__B1_Q5ZYC7--6exa__A1_Q5ZYC7,1,5,0,0.5555576040803123,True,0.6081910280615569,78.9375,candidate_ridge_v2_group_softmax
6fc2__A1_P07260--6fc2__B1_P36041,3,3,1,0.7343531539992907,True,0.611087483278982,87.9375,candidate_ridge_v2_group_softmax
6hlk__A1_A0A5H1ZR32--6hlk__A2_A0A5H1ZR32,1,4,0,0.802606455045806,True,0.6317738744570358,68.75,candidate_ridge_v2_group_softmax
6hmv__A1_Q9H3P7--6hmv__B1_Q68T42,1,4,3,0.9377771140401684,True,0.6273579493849415,91.5625,candidate_ridge_v2_group_softmax
6htj__A1_Q97VU8--6htj__B1_Q97VU8,1,2,0,0.015487878275578,False,0.6141891395042925,85.1875,candidate_ridge_v2_group_softmax
6hul__B1_P50383--6hul__A1_P50382,1,5,1,0.7682314825245182,True,0.6288153296930812,91.125,candidate_ridge_v2_group_softmax
6i7s__C1_P55157--6i7s__A1_P07237,1,1,0,0.7546723345142078,True,0.6265647082949639,83.4375,candidate_ridge_v2_group_softmax
6in7__B1_Q06198--6in7__A1_P38107,1,1,1,0.7807760753875316,True,0.6141891395042925,90.625,candidate_ridge_v2_group_softmax
6iub__A1_O25759--6iub__B1_O25759,1,1,2,0.1604494920811686,False,0.6264200998314886,90.5625,candidate_ridge_v2_group_softmax
6j2u__B1_Q93HL2--6j2u__A1_Q93HL1,1,1,1,0.9374508786738164,True,0.6009766287575692,93.5,candidate_ridge_v2_group_softmax
6j4p__A1_Q86V25--6j4p__B1_Q8N300,1,1,0,0.7339031598225639,True,0.6256299225058845,91.8125,candidate_ridge_v2_group_softmax
6j7m__A1_Q9HZZ1--6j7m__C1_Q9HZZ2,1,1,2,0.3299399393566154,True,0.6215193285513035,81.0625,candidate_ridge_v2_group_softmax
6jh0__D1_UNDEFINED--6jh0__A1_P03502,1,5,1,0.2868185929111327,True,0.6264200998314886,54.9375,candidate_ridge_v2_group_softmax
6jtz__A1_P46063--6jtz__B1_P46063,1,2,2,0.0109543703480438,False,0.6123632393585061,54.0,candidate_ridge_v2_group_softmax
6jzf__A1_Q8VY16--6jzf__B1_Q8VY16,1,4,0,0.0132469169442363,False,0.608381238555029,78.875,candidate_ridge_v2_group_softmax
6k3b__A1_Q5ZTL4--6k3b__B1_Q5ZTL2,2,1,2,0.012751061681791,False,0.5919917751630425,26.78125,candidate_ridge_v2_group_softmax
6k7c__A1_D4ZE39--6k7c__B1_D4ZE39,1,3,3,0.0387054167633417,False,0.6141891395042925,64.125,candidate_ridge_v2_group_softmax
6k8i__B1_Q96524--6k8i__A1_Q96524,1,3,0,0.0051372049974856,False,0.6215193285513035,60.875,candidate_ridge_v2_group_softmax
6kbe__A1_B9G207--6kbe__B1_P0CG48,1,4,2,0.3460214804366961,True,0.6288153296930812,86.5625,candidate_ridge_v2_group_softmax
6ki2__A1_Q55415--6ki2__B1_Q55415,1,3,1,0.1893061994705863,False,0.6210851620924341,71.375,candidate_ridge_v2_group_softmax
6koi__B1_Q9Y5W9--6koi__A1_Q9Y5W9,1,5,1,0.0097063327220924,False,0.5991813401156902,27.84375,candidate_ridge_v2_group_softmax
6kos__A1_UNDEFINED--6kos__B1_UNDEFINED,1,1,2,0.2009791396183079,False,0.6330882756104621,76.8125,candidate_ridge_v2_group_softmax
6kuc__A1_Q9Y006--6kuc__A2_Q9Y006,2,2,0,0.2268101095748053,False,0.6061230685903073,84.125,candidate_ridge_v2_group_softmax
6kwz__A1_Q94707--6kwz__B2_Q94707,1,3,1,0.048976124523536,False,0.6180766504198769,24.09375,candidate_ridge_v2_group_softmax
6l4p__A1_Q9XHH2--6l4p__B1_Q39575,1,4,2,0.8920009563717303,True,0.6102877194645471,93.4375,candidate_ridge_v2_group_softmax
6lh6__A1_A0A1S2XQ25--6lh6__B1_A0A1S2XQ25,1,4,0,0.0308704674167178,False,0.6108971228124181,49.34375,candidate_ridge_v2_group_softmax
6lqo__A1_P29882--6lqo__G1_P0CK49,1,3,3,0.7060468229102561,True,0.6141891395042925,84.0625,candidate_ridge_v2_group_softmax
6n85__A1_Q5E9J8--6n85__B1_P0AEX9,1,5,1,0.2286979573082637,False,0.6166194733170554,83.75,candidate_ridge_v2_group_softmax
6nf3__B2_P02654--6nf3__A1_P02654,1,2,0,0.0232613876191738,False,0.6211786239684928,27.890625,candidate_ridge_v2_group_softmax
6njy__A1_F3ZXK6--6njy__B1_F3ZXK6,1,4,2,0.5430796548145969,True,0.6230575777308777,85.875,candidate_ridge_v2_group_softmax
6o1t__A1_P79125--6o1t__B2_P79125,1,1,1,0.7292058696325713,True,0.6250493776789978,58.1875,candidate_ridge_v2_group_softmax
6ob5__A1_P0AEX9--6ob5__D1_UNDEFINED,1,1,2,0.0880476943921951,False,0.6118244618070562,64.25,candidate_ridge_v2_group_softmax
6ocf__A1_Q7L8A9--6ocf__B1_Q8N300,1,5,2,0.5633280355856493,True,0.6258928371385137,78.8125,candidate_ridge_v2_group_softmax
6otn__A1_P06753--6otn__B1_P06753,1,5,3,0.857931489149813,True,0.6114381295262856,78.4375,candidate_ridge_v2_group_softmax
6p66__B1_O29890--6p66__A1_O29889,1,2,2,0.2645865596006814,True,0.6243085937029579,73.625,candidate_ridge_v2_group_softmax
6p7y__A1_J7H333--6p7y__B1_P52799,1,5,3,0.5328041685205823,True,0.6227368276281166,88.6875,candidate_ridge_v2_group_softmax
6pal__A1_A0A412SRH5--6pal__B1_A0A412SRH5,1,2,1,0.0334344677076765,False,0.6069703070876902,28.515625,candidate_ridge_v2_group_softmax
6pnp__A1_Q9CS84--6pnp__B1_Q63366,1,1,0,0.566061935849777,True,0.6210851620924341,81.0625,candidate_ridge_v2_group_softmax
6pog__B1_Q99435--6pog__A1_Q96MS0,1,4,2,0.7113385188458835,True,0.6108971228124181,84.0,candidate_ridge_v2_group_softmax
6pqn__A1_B0F0C5--6pqn__B1_B0F0C5,1,4,1,0.1863061165232762,False,0.6247868092215979,81.1875,candidate_ridge_v2_group_softmax
6pyk__A1_P16466--6pyk__A2_P16466,1,3,0,0.4380012084326712,True,0.6330882756104621,80.9375,candidate_ridge_v2_group_softmax
6qpk__B1_A0A2H1G421--6qpk__A1_A0A2H1G421,1,2,3,0.0437001347679296,False,0.6264512669604346,28.328125,candidate_ridge_v2_group_softmax
6qxp__A1_O48809--6qxp__I1_Q9FZA0,2,5,2,0.6744893321233535,True,0.6024388791601257,90.0625,candidate_ridge_v2_group_softmax
6r2f__A1_Q9BXU0--6r2f__B1_Q9BXU0,2,5,2,0.1186430302415088,False,0.596248372424995,38.4375,candidate_ridge_v2_group_softmax
6r6n__A1_Q1Q7P4--6r6n__B1_Q1Q7P3,1,1,2,0.5631643736795385,True,0.6165607391362502,82.375,candidate_ridge_v2_group_softmax
6ra0__A1_Q9XUJ7--6ra0__A2_Q9XUJ7,1,4,1,0.0150290523819252,False,0.6230575777308777,58.9375,candidate_ridge_v2_group_softmax
6ra9__B1_Q71V39--6ra9__A1_Q71V39,1,5,2,0.0248607106188873,False,0.6205240281559814,25.484375,candidate_ridge_v2_group_softmax
6rj8__A1_A0A5B8X6B5--6rj8__A2_A0A5B8X6B5,1,3,3,0.8755653663341508,True,0.6330882756104621,92.875,candidate_ridge_v2_group_softmax
6rm9__A1_G0SEG4--6rm9__B1_G0SFN3,2,5,1,0.7079416294294836,True,0.6266589824537561,90.625,candidate_ridge_v2_group_softmax
6s6a__A1_Q7L523--6s6a__C1_Q9HB90,1,4,0,0.6542801785711593,True,0.582059257405733,90.125,candidate_ridge_v2_group_softmax
6s9j__A1_Q8AZ57--6s9j__B1_A0A060BIS8,3,1,2,0.0282797070763823,False,0.6003131657196744,25.359375,candidate_ridge_v2_group_softmax
6sqc__A1_P0AEX9--6sqc__B1_Q9Y6Q9,3,5,1,0.2911998944612045,True,0.5955048613801992,68.5625,candidate_ridge_v2_group_softmax
6sqj__A1_Q04245--6sqj__B1_Q04245,1,4,0,0.029361257500665,False,0.6222589979127129,74.4375,candidate_ridge_v2_group_softmax
6t6q__A1_A0A0F7VBC6--6t6q__B1_A0A0F7VBC6,1,5,3,0.0328870692358739,False,0.6330882756104621,44.28125,candidate_ridge_v2_group_softmax
6tgk__A1_Q05086--6tgk__A2_Q05086,2,3,3,0.8334380449666728,True,0.6019517398931985,75.9375,candidate_ridge_v2_group_softmax
6tp8__A1_P41365--6tp8__B1_P41365,1,3,2,0.0270528369830388,False,0.6141891395042925,65.6875,candidate_ridge_v2_group_softmax
6u7f__A1_P15144--6u7f__C1_Q1HVL3,1,3,1,0.0068917566344497,False,0.5802349742393481,41.125,candidate_ridge_v2_group_softmax
6ubo__A1_P0A901--6ubo__B1_P0A901,1,3,0,0.0640170394411847,False,0.6105025093965017,86.5,candidate_ridge_v2_group_softmax
6ust__A1_A0A174CV66--6ust__D2_A0A174CV66,1,5,3,0.0044074617767606,False,0.6250493776789978,77.1875,candidate_ridge_v2_group_softmax
6vax__A1_P31040--6vax__B1_Q9NX18,1,4,1,0.6319603056141553,True,0.6068288310563045,94.375,candidate_ridge_v2_group_softmax
6vwo__A1_P0AEW6--6vwo__A2_P0AEW6,1,2,2,0.5836961484115966,True,0.6108971228124181,87.875,candidate_ridge_v2_group_softmax
6w2n__A1_Q4DJ68--6w2n__A2_Q4DJ68,1,4,0,0.5138611555906126,True,0.60077664881024,90.875,candidate_ridge_v2_group_softmax
6wlg__A1_Q68E01--6wlg__B2_Q68E01,2,1,1,0.6407793650551606,True,0.566997226230505,85.3125,candidate_ridge_v2_group_softmax
6wmk__A1_UNDEFINED--6wmk__B1_UNDEFINED,5,1,2,0.8991978969959024,True,0.5920753563217129,83.8125,candidate_ridge_v2_group_softmax
6xb4__A1_V9XTR0--6xb4__B1_V9XTR0,1,1,1,0.5864876008947756,True,0.6033467906132152,54.0,candidate_ridge_v2_group_softmax
6xj5__A1_P06621--6xj5__B1_P06621,1,4,0,0.0052011740388641,False,0.614925397569374,85.5625,candidate_ridge_v2_group_softmax
6xwx__A1_G0S825--6xwx__B1_G0S0S7,1,4,2,0.684217664712099,True,0.6014972987958312,93.8125,candidate_ridge_v2_group_softmax
6y62__B1_Q5MYC0--6y62__A1_Q5MYC0,2,1,3,0.3424521052559781,True,0.6228347588355351,84.125,candidate_ridge_v2_group_softmax
6y75__A1_Q236S9--6y75__B1_Q236S9,1,2,0,0.5361512283180704,True,0.6081910280615569,89.3125,candidate_ridge_v2_group_softmax
6y9m__D1_P36291--6y9m__A1_P36291,1,1,1,0.0037148965631617,False,0.6149721009611634,24.421875,candidate_ridge_v2_group_softmax
6yva__A1_P0DTD1--6yva__B1_Q64339,1,5,1,0.504009536357786,True,0.6281228769824576,84.0,candidate_ridge_v2_group_softmax
6yyi__A1_B5YB78--6yyi__B1_B5YB78,1,2,3,0.9407528066762016,True,0.6108971228124181,90.1875,candidate_ridge_v2_group_softmax
6z70__A1_O66528--6z70__B1_O66528,1,3,2,0.7922593559445478,True,0.6330882756104621,62.5,candidate_ridge_v2_group_softmax
6z81__A1_P05852--6z81__C1_P76256,2,3,3,0.8022841486871329,True,0.5985330338750303,93.3125,candidate_ridge_v2_group_softmax
6zht__A1_P22515--6zht__B1_P52490,1,2,0,0.6054785012482582,True,0.6228937181993384,78.5625,candidate_ridge_v2_group_softmax
7a5c__A1_Q9KR64--7a5c__B1_Q9KR64,1,3,2,0.0182158623482687,False,0.6086800015531082,84.0,candidate_ridge_v2_group_softmax
7acx__B1_Q9AEM2--7acx__A1_Q9AEM2,2,3,0,0.2656983887999562,True,0.5836754297541079,48.6875,candidate_ridge_v2_group_softmax
7aed__B1_D1LHF8--7aed__A1_D1LHF8,1,1,3,0.6694744903863592,True,0.6108971228124181,89.5625,candidate_ridge_v2_group_softmax
7aex__A1_P52129--7aex__A2_P52129,2,2,2,0.0374455521458646,False,0.6216273480808013,62.75,candidate_ridge_v2_group_softmax
7bjn__A1_Q8IGY1--7bjn__B1_Q8IGY1,1,2,2,0.8911703941974212,True,0.6297603740989781,83.4375,candidate_ridge_v2_group_softmax
7bv5__C1_Q9URQ3--7bv5__A1_P47058,1,1,0,0.8287138113086122,True,0.5994701890520782,90.6875,candidate_ridge_v2_group_softmax
7cdv__A1_A0A2I4PGE9--7cdv__B1_A0A2I4PGE9,2,5,1,0.4412158220421867,True,0.5958482048602438,85.875,candidate_ridge_v2_group_softmax
7cnv__A1_A0B757--7cnv__B1_A0B757,1,2,2,0.1174323868725312,False,0.5787136232927022,59.875,candidate_ridge_v2_group_softmax
7dnn__A1_H0QPL9--7dnn__B1_H0QPL8,2,1,3,0.6037937541766757,True,0.6112661923502073,90.9375,candidate_ridge_v2_group_softmax
7drb__B1_A0A2I8B6R1--7drb__A1_Q30BZ2,1,1,1,0.4665993400184085,True,0.6250493776789978,64.375,candidate_ridge_v2_group_softmax
7dtl__A1_UNDEFINED--7dtl__B1_UNDEFINED,1,1,1,0.6478037064807456,True,0.6288153296930812,82.0,candidate_ridge_v2_group_softmax
7e2m__A1_Q9P2K8--7e2m__B1_Q9P2K8,1,3,0,0.1007422373902674,False,0.6250493776789978,51.3125,candidate_ridge_v2_group_softmax
7e36__B1_A0A318JQQ2--7e36__A1_A0A318JWT9,1,4,1,0.8126730926514747,True,0.5983011876897554,94.1875,candidate_ridge_v2_group_softmax
7e5m__A1_P09758--7e5m__B2_P09758,1,3,3,0.0093173485121944,False,0.6250493776789978,79.8125,candidate_ridge_v2_group_softmax
7f7j__B1_A0A5J6VLZ7--7f7j__A2_A0A5J6VLZ7,1,5,0,0.0052112650292727,False,0.6134326404057349,58.4375,candidate_ridge_v2_group_softmax
7fds__B1_P9WK61--7fds__A1_P9WK61,1,1,0,0.055246824930071,False,0.6330882756104621,84.1875,candidate_ridge_v2_group_softmax
7jre__A1_Q68T42--7jre__B1_Q68T42,1,2,2,0.9031052526381274,True,0.6108971228124181,71.625,candidate_ridge_v2_group_softmax
7k5n__A1_A0A3S5WQC2--7k5n__A2_A0A3S5WQC2,1,4,1,0.0177188446215014,False,0.6265647082949639,81.9375,candidate_ridge_v2_group_softmax
7mku__A1_Q8VYI3--7mku__B1_Q8VYI3,1,2,3,0.0062255883238701,False,0.6050932598263232,92.3125,candidate_ridge_v2_group_softmax
7mnr__A1_P62826--7mnr__B1_P49792,4,4,2,0.6858627088946644,True,0.5978862708586133,84.5625,candidate_ridge_v2_group_softmax
7o8c__A1_A7LY27--7o8c__B1_A7LY27,1,5,2,0.0540034855418293,False,0.6072970317197484,51.03125,candidate_ridge_v2_group_softmax
7ouv__A1_Q14315--7ouv__B1_Q14315,2,1,3,0.2070225229159929,False,0.5973843249440961,21.25,candidate_ridge_v2_group_softmax
7ovp__A1_O58230--7ovp__B1_O58230,1,5,0,0.3075575556813466,True,0.6177741181784201,59.375,candidate_ridge_v2_group_softmax
7oxl__A1_Q9NWM0--7oxl__A2_Q9NWM0,1,3,3,0.0035450710704804,False,0.6108971228124181,72.5,candidate_ridge_v2_group_softmax
7ped__A1_Q8TB45--7ped__B1_Q8TB45,1,4,1,0.2929944938318023,True,0.6288153296930812,62.3125,candidate_ridge_v2_group_softmax
7ppp__A1_A0A5F9DAT3--7ppp__B1_A0A5F9DAT3,2,4,2,0.8378759473083051,True,0.6174926351294125,78.375,candidate_ridge_v2_group_softmax
7pq0__B1_P60842--7pq0__A1_Q63UP7,2,2,3,0.1602276785851752,False,0.6056705916057267,77.8125,candidate_ridge_v2_group_softmax
7r79__B1_F0UVX7--7r79__A1_F0UVX7,1,4,2,0.7949571066684235,True,0.6108971228124181,74.375,candidate_ridge_v2_group_softmax
7rwk__A1_V4NUN3--7rwk__B1_V4NUN3,2,3,0,0.2026246308761577,False,0.5869069052515775,64.8125,candidate_ridge_v2_group_softmax
7s0y__A1_P18177--7s0y__B1_P60953,1,1,0,0.748060340256583,True,0.6201948817800575,82.9375,candidate_ridge_v2_group_softmax
7s7q__A1_Q8I1Y0--7s7q__B1_C6KSX0,6,4,3,0.5174552124483575,True,0.589963583752296,81.25,candidate_ridge_v2_group_softmax
7sa1__B1_Q5VMP0--7sa1__A1_Q39255,3,3,2,0.5991062631053202,True,0.5993866943936483,86.4375,candidate_ridge_v2_group_softmax
7v3k__A1_A3TMR7--7v3k__D1_A3TMR7,1,5,0,0.1824132272088758,False,0.6038068220613355,38.59375,candidate_ridge_v2_group_softmax
1a22__B1_P10912--1a22__A1_P01241,1,3,3,0.712227739022913,True,0.6250493776789978,87.375,AF-M full-precision rank-1
1aor__A1_Q51739--1aor__B1_Q51739,1,2,0,0.9232179069699614,True,0.6250493776789978,88.875,AF-M full-precision rank-1
1b3q__B1_Q56310--1b3q__A1_Q56310,1,2,3,0.3565377439920534,True,0.6041514277288459,55.90625,AF-M full-precision rank-1
1b7e__A1_Q46731--1b7e__A2_Q46731,1,2,1,0.7810456643138058,True,0.6250493776789978,71.0,AF-M full-precision rank-1
1bed__A1_P32557--1bed__A2_P32557,1,3,3,0.90534195021465,True,0.6141891395042925,78.0625,AF-M full-precision rank-1
1bl4__A1_P62942--1bl4__B1_P62942,1,3,0,0.0176767603813217,False,0.6292050664610533,71.8125,AF-M full-precision rank-1
1boy__A1_P13726--1boy__A2_P13726,1,4,2,0.0054806596203427,False,0.6057816328548233,67.875,AF-M full-precision rank-1
1cdd__A1_P08179--1cdd__B1_P08179,1,4,1,0.0070469744777235,False,0.6182721497555,77.4375,AF-M full-precision rank-1
1dov__A1_P26231--1dov__A2_P26231,1,3,2,0.7288057425382591,True,0.6141891395042925,81.0625,AF-M full-precision rank-1
1e1c__A1_P11653--1e1c__B1_P11652,1,5,3,0.8879610296877852,True,0.5554017298299682,95.3125,AF-M full-precision rank-1
1e5s__A1_O09345--1e5s__B2_O09345,1,5,0,0.0682889959251928,False,0.6108971228124181,65.6875,AF-M full-precision rank-1
1evx__A1_Q94702--1evx__B1_Q94702,1,3,3,0.010925439496474,False,0.5939359909663473,83.9375,AF-M full-precision rank-1
1exs__A1_P04119--1exs__A2_P04119,1,3,3,0.3011266108835699,True,0.6097615374320218,66.5625,AF-M full-precision rank-1
1f8u__A1_P22303--1f8u__B1_P0C1Z0,1,3,0,0.1074135757276404,False,0.6330882756104621,52.21875,AF-M full-precision rank-1
1fd3__A1_O15263--1fd3__C1_O15263,1,3,0,0.0294831960716535,False,0.6141891395042925,82.8125,AF-M full-precision rank-1
1foe__A1_Q60610--1foe__B1_P63000,1,5,0,0.4997908099178576,True,0.5643195791840452,87.1875,AF-M full-precision rank-1
1g6u__A1_UNDEFINED--1g6u__B1_UNDEFINED,1,1,1,0.7275139921499552,True,0.6250493776789978,84.0625,AF-M full-precision rank-1
1gmg__A1_P03051--1gmg__A2_P03051,1,4,3,0.1445360533665282,False,0.6330882756104621,87.1875,AF-M full-precision rank-1
1gri__A1_P62993--1gri__B1_P62993,1,1,0,0.0441608601924013,False,0.6253594691362577,47.28125,AF-M full-precision rank-1
1hh4__A1_P63000--1hh4__C1_P52565,1,4,0,0.4206780323224839,True,0.6108971228124181,70.75,AF-M full-precision rank-1
1hni__A1_P03366--1hni__B1_P03367,1,1,2,0.0051534665293039,False,0.5817435154410081,64.6875,AF-M full-precision rank-1
1i7f__A1_P0A6Y5--1i7f__A2_P0A6Y5,1,1,2,0.7098499974227678,True,0.6250493776789978,87.3125,AF-M full-precision rank-1
1ira__B1_P14778--1ira__A1_P18510,1,5,2,0.704973812566681,True,0.5816744116496332,88.9375,AF-M full-precision rank-1
1k04__A1_Q05397--1k04__A2_Q05397,1,4,1,0.6350024461672643,True,0.6162222028736671,80.375,AF-M full-precision rank-1
1k51__A1_Q51912--1k51__A2_Q51912,1,1,1,0.0265439975694308,False,0.6068262311070695,59.4375,AF-M full-precision rank-1
1k72__B1_P37700--1k72__A1_P37700,1,4,1,0.0020686534517434,False,0.5999282772826018,38.4375,AF-M full-precision rank-1
1krl__B1_P02882--1krl__A1_P02881,1,2,3,0.8504889730461812,True,0.6250493776789978,87.5625,AF-M full-precision rank-1
1kzh__A1_P70826--1kzh__B1_P70826,1,2,1,0.8965118032639796,True,0.5864347643421997,93.9375,AF-M full-precision rank-1
1luj__A1_P35222--1luj__B1_Q9JJN6,1,5,1,0.7630902109145564,True,0.6013858448450067,91.125,AF-M full-precision rank-1
1lyw__B1_P07339--1lyw__A1_P07339,1,2,3,0.4619035519666518,True,0.6047417674875493,94.5,AF-M full-precision rank-1
1mr1__A1_Q13485--1mr1__D1_P12755,1,4,1,0.9119560463003415,True,0.6120563859629884,91.3125,AF-M full-precision rank-1
1na6__B1_P14633--1na6__A1_P14633,1,1,3,0.650444251171018,True,0.6032669906827288,71.375,AF-M full-precision rank-1
1nfp__A1_P09142--1nfp__A2_P09142,1,2,1,0.478855888012756,True,0.6288153296930812,69.125,AF-M full-precision rank-1
1ny5__B1_O67198--1ny5__A1_O67198,1,4,2,0.0954033617891848,False,0.5826063182325075,41.96875,AF-M full-precision rank-1
1ogy__A1_Q53176--1ogy__B1_Q53177,1,5,3,0.6190365685698871,True,0.6036205300966438,93.3125,AF-M full-precision rank-1
1on8__A1_Q9ES89--1on8__B1_Q9ES89,1,4,1,0.6094457135708579,True,0.6330882756104621,72.875,AF-M full-precision rank-1
1ory__A1_O67806--1ory__B1_O67803,1,1,0,0.7833672594034556,True,0.6079770369160316,92.6875,AF-M full-precision rank-1
1pfo__A1_P0C2E9--1pfo__A2_P0C2E9,1,4,0,0.0046131047310679,False,0.6250493776789978,80.375,AF-M full-precision rank-1
1ptq__A1_P28867--1ptq__A2_P28867,1,1,0,0.5356969038367914,True,0.6288153296930812,66.5,AF-M full-precision rank-1
1qb3__B1_P20486--1qb3__A1_P20486,1,2,1,0.0101585327347017,False,0.6024593656023485,76.75,AF-M full-precision rank-1
1qf8__A1_P67870--1qf8__B1_P67870,1,5,2,0.0581093840385423,False,0.6165586979607842,55.65625,AF-M full-precision rank-1
1qqf__A1_P01026--1qqf__A2_P01026,1,4,0,0.5873776681589512,True,0.6108971228124181,85.5,AF-M full-precision rank-1
1qrk__B1_P00488--1qrk__A1_P00488,1,4,0,0.6106249151971914,True,0.613810958647039,75.9375,AF-M full-precision rank-1
1qxx__A1_P02929--1qxx__A2_P02929,1,2,1,0.7630832708597183,True,0.6141891395042925,78.5,AF-M full-precision rank-1
1r5p__B1_Q8YT41--1r5p__A1_Q8YT41,1,5,0,0.0455987290758567,False,0.6108971228124181,53.03125,AF-M full-precision rank-1
1rj9__B1_O07347--1rj9__A1_P83749,1,4,3,0.8990108090767972,True,0.6074182257576077,89.9375,AF-M full-precision rank-1
1rk4__A1_O00299--1rk4__B1_O00299,1,1,0,0.0254779958424484,False,0.6069703070876902,27.203125,AF-M full-precision rank-1
1s4k__A1_Q8ZPR1--1s4k__B1_Q8ZPR1,1,4,3,0.0376470693995013,False,0.6108971228124181,29.46875,AF-M full-precision rank-1
1s70__A1_P62207--1s70__B1_Q90623,1,4,0,0.7275811782277941,True,0.609438059985824,88.625,AF-M full-precision rank-1
1smx__A1_P21513--1smx__B1_P21513,1,1,0,0.0153498445538025,False,0.6250493776789978,33.59375,AF-M full-precision rank-1
1spp__B1_P35496--1spp__A1_P35495,1,3,3,0.3660599810221559,True,0.6284410480964636,57.625,AF-M full-precision rank-1
1t6b__A1_P13423--1t6b__B1_P58335,1,3,0,0.041260124680762,False,0.5672553106567491,30.296875,AF-M full-precision rank-1
1t6l__A1_P16790--1t6l__A2_P16790,1,1,2,0.3610030019593815,True,0.6239721617564988,41.09375,AF-M full-precision rank-1
1tej__B1_P0C6B5--1tej__A1_P0C6B4,1,4,3,0.8133840523680179,True,0.6084089910135708,80.0625,AF-M full-precision rank-1
1tf0__A1_P02768--1tf0__B1_Q51911,1,5,1,0.8599519092712029,True,0.6166471597893581,94.875,AF-M full-precision rank-1
1tj7__A1_P11447--1tj7__B1_P11447,1,4,3,0.0251540870247101,False,0.6141891395042925,87.625,AF-M full-precision rank-1
1ujw__A1_P06129--1ujw__B1_P00646,1,5,0,0.8470985296867936,True,0.6069353369108759,90.25,AF-M full-precision rank-1
1v5v__A1_O58888--1v5v__B1_O58888,1,1,1,0.801073856130179,True,0.6330882756104621,91.3125,AF-M full-precision rank-1
1vc1__A1_Q9X1F5--1vc1__B1_Q9X1F5,1,5,3,0.906277161243982,True,0.6288153296930812,87.75,AF-M full-precision rank-1
1vf6__A1_Q8NI35--1vf6__C1_Q9JLB2,1,5,0,0.8263850762211051,True,0.6288153296930812,82.0,AF-M full-precision rank-1
1vp7__B1_Q7VV85--1vp7__A1_Q7VV85,1,5,2,0.8154258714859747,True,0.560936863302515,86.1875,AF-M full-precision rank-1
1x3w__A1_Q02890--1x3w__B1_P32628,1,1,0,0.5632389870291314,True,0.6183770256160074,89.0,AF-M full-precision rank-1
1xsv__A1_P67248--1xsv__B1_P67248,1,1,1,0.774596053778201,True,0.6297603740989781,67.6875,AF-M full-precision rank-1
1yt5__A1_Q9X255--1yt5__D1_Q9X255,1,1,1,0.0121181521907579,False,0.6330882756104621,90.375,AF-M full-precision rank-1
1z77__A1_Q9X0C0--1z77__A2_Q9X0C0,1,5,2,0.2755111913881322,True,0.6281228769824576,67.1875,AF-M full-precision rank-1
1zop__A1_P20701--1zop__B1_P20701,1,4,0,0.0077177553906739,False,0.5909517910615947,71.125,AF-M full-precision rank-1
1zoq__A1_Q14653--1zoq__B1_Q92793,1,4,1,0.732800017010101,True,0.6246241441790202,88.3125,AF-M full-precision rank-1
1zp6__A1_A9CEJ3--1zp6__A2_A9CEJ3,1,3,3,0.8207619958199516,True,0.6125401483803602,89.1875,AF-M full-precision rank-1
2a1j__B1_P07992--2a1j__A1_Q92889,1,5,1,0.8259670552008265,True,0.6141891395042925,86.4375,AF-M full-precision rank-1
2a3l__A1_O80452--2a3l__A2_O80452,1,4,0,0.2258004733289797,False,0.6222589979127129,88.375,AF-M full-precision rank-1
2apo__A1_Q57612--2apo__B1_P81303,1,4,0,0.769453718653959,True,0.6108971228124181,90.4375,AF-M full-precision rank-1
2aye__B1_Q84294--2aye__A1_Q84294,1,1,1,0.6557737066857915,True,0.6297603740989781,86.1875,AF-M full-precision rank-1
2b11__A1_P00431--2b11__B1_P00044,1,5,2,0.8752306944692506,True,0.6108971228124181,86.8125,AF-M full-precision rank-1
2b42__A1_Q8H0K8--2b42__B1_P18429,1,5,0,0.8730729438811732,True,0.6250493776789978,92.25,AF-M full-precision rank-1
2b5u__A1_P00646--2b5u__B1_P02984,1,1,2,0.8462231841684501,True,0.515168179539904,86.0625,AF-M full-precision rank-1
2c08__A1_O35179--2c08__A2_O35179,1,5,2,0.1655899153597492,False,0.6006495218081068,44.46875,AF-M full-precision rank-1
2cuy__A1_Q5SL77--2cuy__B1_Q5SL77,1,4,0,0.5517743394892677,True,0.6141891395042925,82.0625,AF-M full-precision rank-1
2d1g__A1_A0Q436--2d1g__B1_A0Q436,1,4,1,0.9200916395514568,True,0.6288153296930812,93.9375,AF-M full-precision rank-1
2dcu__A1_Q8U082--2dcu__B1_Q8U3I5,1,4,0,0.6026008679888563,True,0.6230777447445635,80.3125,AF-M full-precision rank-1
2dm9__A1_O57724--2dm9__B1_O57724,1,2,0,0.587009785128806,True,0.6108971228124181,86.1875,AF-M full-precision rank-1
2ec2__A1_Q974H8--2ec2__C1_Q974H8,1,5,1,0.8384541069439617,True,0.6288153296930812,91.375,AF-M full-precision rank-1
2ei5__A1_Q5SM82--2ei5__B1_Q5SM82,1,4,3,0.5960316391939556,True,0.6141891395042925,67.0625,AF-M full-precision rank-1
2eiu__E1_O67549--2eiu__A1_O67549,1,5,3,0.9351136977355158,True,0.5901104761021122,91.1875,AF-M full-precision rank-1
2fzt__B1_Q9WZF7--2fzt__A1_Q9WZF7,1,4,0,0.0312416171671351,False,0.6199441062843042,82.125,AF-M full-precision rank-1
2ga9__B1_P23371--2ga9__A1_P07617,1,5,2,0.771090695564289,True,0.6330882756104621,74.875,AF-M full-precision rank-1
2gbo__A1_Q831P3--2gbo__B1_Q831P3,1,3,0,0.1903938234668919,False,0.6079390058548148,59.9375,AF-M full-precision rank-1
2gd9__A1_P37508--2gd9__B1_P37508,1,1,3,0.6030592334830186,True,0.6070372193952822,69.0,AF-M full-precision rank-1
2gsk__A1_P06129--2gsk__B1_P02929,1,2,0,0.0060780569961632,False,0.6239278565174117,55.8125,AF-M full-precision rank-1
2gsm__A1_P33517--2gsm__B1_Q03736,1,5,0,0.9444535681587684,True,0.5825999655050139,95.3125,AF-M full-precision rank-1
2h1e__A1_P32657--2h1e__B1_P32657,1,4,3,0.0190596038103228,False,0.5741641196911549,20.109375,AF-M full-precision rank-1
2h46__A1_P62993--2h46__A2_P62993,1,1,0,0.0234015355894955,False,0.6141891395042925,42.46875,AF-M full-precision rank-1
2h7z__B1_A0S865--2h7z__A1_A0S864,1,3,3,0.8281237566718179,True,0.6288153296930812,72.3125,AF-M full-precision rank-1
2hn1__A1_O29472--2hn1__A2_O29472,1,5,3,0.7409718908518798,True,0.6159101613111706,60.15625,AF-M full-precision rank-1
2huk__A1_P00720--2huk__A2_P00720,1,1,3,0.0137138716130072,False,0.6005957379798397,22.265625,AF-M full-precision rank-1
2j67__A1_Q9BXR5--2j67__B1_Q9BXR5,1,3,2,0.6860780458319903,True,0.6250493776789978,65.75,AF-M full-precision rank-1
2j68__A1_B2IZD3--2j68__A2_B2IZD3,1,1,1,0.1802799182883413,False,0.5898117518114337,49.375,AF-M full-precision rank-1
2j6g__A1_Q6T3W5--2j6g__A2_Q6T3W5,1,5,3,0.0498208372700835,False,0.6181114133781056,67.875,AF-M full-precision rank-1
2ntx__A1_Q9LV40--2ntx__B1_Q9LV40,1,2,3,0.5789012712043528,True,0.6108971228124181,77.25,AF-M full-precision rank-1
2o96__B1_P51665--2o96__A1_P51665,1,4,0,0.6963134947929509,True,0.6218902371053383,89.5625,AF-M full-precision rank-1
2oo9__A1_P22681--2oo9__B1_P22681,1,2,2,0.0841846757526277,False,0.6330882756104621,73.0625,AF-M full-precision rank-1
2p09__A1_UNDEFINED--2p09__A2_UNDEFINED,1,5,0,0.0253604512405473,False,0.623777315725556,16.140625,AF-M full-precision rank-1
2pyu__A1_P52061--2pyu__A2_P52061,1,4,0,0.4076441283125315,True,0.602128315088816,87.0625,AF-M full-precision rank-1
2q1k__A1_Q1EHA4--2q1k__B1_Q1EHA4,1,5,0,0.5814439604738205,True,0.6222589979127129,27.375,AF-M full-precision rank-1
2qko__B1_Q0S912--2qko__A1_Q0S912,1,3,2,0.1608734091042163,False,0.6133910758455198,76.375,AF-M full-precision rank-1
2qpv__A1_Q7CZ16--2qpv__B1_Q7CZ16,1,5,2,0.0097371829607608,False,0.6250493776789978,87.3125,AF-M full-precision rank-1
2r17__C1_Q96QK1--2r17__A1_Q9UBQ0,1,2,3,0.7553942881300472,True,0.6081910280615569,91.4375,AF-M full-precision rank-1
2r1f__A1_P28306--2r1f__B1_P28306,1,3,2,0.0138290556113118,False,0.6127434071573942,59.0625,AF-M full-precision rank-1
2r7a__A1_O70018--2r7a__C1_O70018,1,4,1,0.1070391541449517,False,0.6141891395042925,59.6875,AF-M full-precision rank-1
2r9a__A1_Q9H9Q4--2r9a__B1_Q9H9Q4,1,1,3,0.2073079940899882,False,0.6266589824537561,50.15625,AF-M full-precision rank-1
2raf__B1_F9URQ8--2raf__A1_F9URQ8,1,4,1,0.6602259052884388,True,0.6108971228124181,82.875,AF-M full-precision rank-1
2rax__A1_O15392--2rax__B1_Q53HL2,1,2,2,0.8608227888208647,True,0.6132143852445794,82.3125,AF-M full-precision rank-1
2uxe__A1_Q49PX0--2uxe__C1_Q49PX0,1,4,3,0.0639503937922121,False,0.59389209851248,12.59375,AF-M full-precision rank-1
2uzx__B1_P08581--2uzx__A1_P0DQD2,1,2,0,0.5928089276253022,True,0.6273579493849415,75.3125,AF-M full-precision rank-1
2vcg__D1_Q70I53--2vcg__A1_Q70I53,1,5,1,0.8884685571281515,True,0.6089180245737127,85.375,AF-M full-precision rank-1
2vlo__B1_P09883--2vlo__A1_P13479,1,4,0,0.8811099839542577,True,0.6198437957117584,90.5,AF-M full-precision rank-1
2w2d__A1_P0DPI1--2w2d__B1_P0DPI1,1,3,2,0.2993123699637441,True,0.5991429507894422,75.75,AF-M full-precision rank-1
2wk4__B1_Q69014--2wk4__A1_Q69014,1,3,1,0.1855191729342689,False,0.5999282772826018,32.6875,AF-M full-precision rank-1
2wmp__A1_Q1R2W9--2wmp__B1_Q47445,1,3,3,0.7911419155865644,True,0.6184329467383232,91.8125,AF-M full-precision rank-1
2wuz__A1_Q7Z1V1--2wuz__B1_Q7Z1V1,1,5,0,0.0671304879713131,False,0.6069703070876902,29.109375,AF-M full-precision rank-1
2wwx__B1_Q5ZSQ3--2wwx__A1_P62820,1,4,2,0.0390408075124953,False,0.6035490318791548,25.046875,AF-M full-precision rank-1
2x5f__A1_UNDEFINED--2x5f__B1_UNDEFINED,1,1,1,0.1398278224570319,False,0.6250493776789978,95.5625,AF-M full-precision rank-1
2xcu__A1_O66663--2xcu__C1_O66663,1,5,1,0.45063490265094,True,0.6108971228124181,52.53125,AF-M full-precision rank-1
2xf1__A1_Q8I467--2xf1__A2_Q8I467,1,5,3,0.0141696722278695,False,0.6243935605255422,82.625,AF-M full-precision rank-1
2xgg__B1_UNDEFINED--2xgg__A1_UNDEFINED,1,3,1,0.0378417677234843,False,0.6247868092215979,75.9375,AF-M full-precision rank-1
2xr7__A1_Q589Y0--2xr7__A2_Q589Y0,1,4,1,0.0040351362861566,False,0.6141891395042925,81.3125,AF-M full-precision rank-1
2xuv__B1_P0AET2--2xuv__A1_P0AET2,1,1,0,0.0291494860720318,False,0.6177485348391566,21.96875,AF-M full-precision rank-1
2y6b__A1_Q43758--2y6b__A2_Q43758,1,1,0,0.0051661456330997,False,0.6108971228124181,94.75,AF-M full-precision rank-1
2y9y__B1_P43596--2y9y__A1_P38144,1,5,3,0.5177558234543114,True,0.5907621737654299,90.0,AF-M full-precision rank-1
2yaj__A1_Q38HX4--2yaj__B1_Q38HX3,1,5,0,0.9007527105821036,True,0.5997713603594118,96.3125,AF-M full-precision rank-1
2yin__B1_Q92608--2yin__D1_P63000,1,4,2,0.8843936849308087,True,0.6000879932122595,92.3125,AF-M full-precision rank-1
2yip__A1_P81860--2yip__B1_P81860,1,3,2,0.2157851557074656,False,0.6114381295262856,82.9375,AF-M full-precision rank-1
2ynw__B1_Q704V1--2ynw__A1_Q704V1,1,2,3,0.3661155933876656,True,0.5967180651372023,23.34375,AF-M full-precision rank-1
2yor__A1_B9W4V6--2yor__B1_B9W4V6,1,5,1,0.0067649648430569,False,0.603551822189241,47.1875,AF-M full-precision rank-1
2ypr__A1_Q99581--2ypr__B1_Q99581,1,1,0,0.8958408418298874,True,0.6108971228124181,88.0625,AF-M full-precision rank-1
2yq2__A1_Q01499--2yq2__B1_Q01499,1,3,0,0.3613568303261165,True,0.6330882756104621,60.46875,AF-M full-precision rank-1
2yx8__A1_O60894--2yx8__A2_O60894,1,2,2,0.0410312793502997,False,0.6141891395042925,40.1875,AF-M full-precision rank-1
2z1b__A1_P10518--2z1b__A2_P10518,1,5,2,0.0199707040119806,False,0.6250493776789978,89.5,AF-M full-precision rank-1
2zae__A1_O59425--2zae__B1_O59248,1,2,0,0.7973690882559433,True,0.6141891395042925,86.75,AF-M full-precision rank-1
2zcm__B1_Q5HKQ1--2zcm__A1_Q5HKQ1,1,1,1,0.5181718853140552,True,0.6330882756104621,74.3125,AF-M full-precision rank-1
2zix__A1_Q96NY9--2zix__B1_Q96AY2,1,1,0,0.4372363313077486,True,0.5989158218040672,82.9375,AF-M full-precision rank-1
2zjs__A1_Q5SHQ8--2zjs__B1_P38383,1,4,1,0.7105339961219618,True,0.6141891395042925,87.8125,AF-M full-precision rank-1
3a7m__B1_P0A1N2--3a7m__A1_P0A1N2,1,4,2,0.0351376732208971,False,0.6141891395042925,74.5625,AF-M full-precision rank-1
3a98__B1_Q92556--3a98__A1_Q92608,1,4,0,0.6250539174745133,True,0.6253351797986235,80.6875,AF-M full-precision rank-1
3aon__A1_P43435--3aon__B1_P43455,1,4,0,0.6391050819746291,True,0.6179763575538678,84.375,AF-M full-precision rank-1
3axj__B1_Q9VF77--3axj__A1_Q7JVK6,1,1,2,0.7396338531998136,True,0.6042195398414357,85.8125,AF-M full-precision rank-1
3b42__B1_Q74EM7--3b42__A1_Q74EM7,1,1,3,0.0447166376461056,False,0.6225083984049484,77.625,AF-M full-precision rank-1
3b4y__A1_P9WNE1--3b4y__B1_P9WNE1,1,3,3,0.906790973399792,True,0.5672229543362715,94.0625,AF-M full-precision rank-1
3cam__A1_Q9JZZ4--3cam__B1_Q9JZZ4,1,3,0,0.3894621841887382,True,0.5637600461200544,58.1875,AF-M full-precision rank-1
3cbk__A1_P07858--3cbk__B1_Q966X9,1,4,2,0.7470958969330256,True,0.6119522299494164,90.8125,AF-M full-precision rank-1
3cnu__A1_O28738--3cnu__A2_O28738,1,5,3,0.7346152476683162,True,0.6330882756104621,78.125,AF-M full-precision rank-1
3co5__A1_Q5F5Q1--3co5__B1_Q5F5Q1,1,5,3,0.0112997247150476,False,0.6072040851311934,78.625,AF-M full-precision rank-1
3ct4__A1_Q9CIV8--3ct4__A2_Q9CIV8,1,4,0,0.006451370471711,False,0.6239721617564988,95.5625,AF-M full-precision rank-1
3ctv__A1_O28011--3ctv__A2_O28011,1,4,3,0.0452558188520313,False,0.6323275830333299,82.0,AF-M full-precision rank-1
3cwf__A1_P23545--3cwf__B1_P23545,1,1,3,0.1369285312703626,False,0.6288153296930812,87.75,AF-M full-precision rank-1
3d0t__D1_Q91YN9--3d0t__C1_Q91YN9,1,4,0,0.2009982890663297,False,0.6267742100421954,57.25,AF-M full-precision rank-1
3d3r__A1_Q8EF93--3d3r__B1_Q8EF93,1,1,3,0.408169608079374,True,0.5864671412943819,69.0,AF-M full-precision rank-1
3d8h__B1_Q5CXZ9--3d8h__A1_Q5CXZ9,1,4,1,0.7796786247873229,True,0.6297603740989781,90.125,AF-M full-precision rank-1
3dal__A1_O75626--3dal__B2_O75626,1,4,2,0.006824591580468,False,0.6126038819986382,82.875,AF-M full-precision rank-1
3dsl__A1_O93523--3dsl__B1_O93523,1,2,2,0.0100995192020225,False,0.6081910280615569,47.28125,AF-M full-precision rank-1
3e0j__G1_P49005--3e0j__H1_Q15054,1,5,3,0.8161121430949115,True,0.6226297049939917,94.375,AF-M full-precision rank-1
3e0y__A1_Q74E48--3e0y__B1_Q74E48,1,3,1,0.3126453899573803,True,0.6325350468868636,78.5,AF-M full-precision rank-1
3e7l__A1_O66551--3e7l__B1_O66551,1,1,1,0.9537954583455112,True,0.6061616617043136,87.875,AF-M full-precision rank-1
3evi__A1_Q8N4E4--3evi__B1_Q8N4E4,1,2,3,0.6600450517552744,True,0.6288153296930812,82.125,AF-M full-precision rank-1
3ezu__A1_Q74FR4--3ezu__A2_Q74FR4,1,5,2,0.023958157374606,False,0.5675513029985864,60.71875,AF-M full-precision rank-1
3f2u__A1_P83916--3f2u__A2_P83916,1,1,2,0.0414083138462204,False,0.6141891395042925,45.375,AF-M full-precision rank-1
3f6t__B1_Q5FIG7--3f6t__A1_Q5FIG7,1,1,1,0.4862245037733374,True,0.602378890771398,93.8125,AF-M full-precision rank-1
3f7c__A1_A1TZ69--3f7c__A2_A1TZ69,1,3,2,0.0557675937168912,False,0.6286494170656475,70.4375,AF-M full-precision rank-1
3f8u__A1_P30101--3f8u__B1_O15533,1,4,0,0.4296435508995711,True,0.6230575777308777,68.8125,AF-M full-precision rank-1
3ffm__A1_O95257--3ffm__A2_O95257,1,1,1,0.0388523219252019,False,0.6054782673716225,65.4375,AF-M full-precision rank-1
3fkq__A1_D0VX10--3fkq__A2_D0VX10,1,3,3,0.4764608817313696,True,0.6330882756104621,63.78125,AF-M full-precision rank-1
3fn7__A1_Q99ZN4--3fn7__A2_Q99ZN4,1,3,2,0.3596853743364232,True,0.6297603740989781,45.90625,AF-M full-precision rank-1
3fx0__B1_Q9Y6K9--3fx0__A1_Q9Y6K9,1,5,0,0.7096777121268296,True,0.6141891395042925,73.0625,AF-M full-precision rank-1
3gb8__A1_O14980--3gb8__B1_O95149,1,3,1,0.7200700079007746,True,0.6141891395042925,86.125,AF-M full-precision rank-1
3h8i__A1_Q7ZAG8--3h8i__B1_Q7ZAG8,1,1,0,0.0326334465885248,False,0.6093687717131054,44.0,AF-M full-precision rank-1
3hkl__B1_Q62838--3hkl__A1_Q62838,1,4,2,0.008204245910455,False,0.6265387860780482,50.0625,AF-M full-precision rank-1
3i26__A1_P0C0V9--3i26__B1_P0C0V9,1,4,1,0.0267647281339286,False,0.613810958647039,39.875,AF-M full-precision rank-1
3jsb__A1_P14240--3jsb__A2_P14240,1,5,0,0.0217433755425049,False,0.6020331673275269,24.171875,AF-M full-precision rank-1
3jtz__A1_Q9Z3B4--3jtz__A2_Q9Z3B4,1,4,1,0.8967332496827279,True,0.6237298053440146,89.3125,AF-M full-precision rank-1
3k7v__A1_P30153--3k7v__B1_P67775,1,3,0,0.6058683779459383,True,0.6077314742381799,90.625,AF-M full-precision rank-1
3lbx__B1_P11277--3lbx__A1_P02549,1,5,1,0.695489232318411,True,0.6250493776789978,83.6875,AF-M full-precision rank-1
3lcb__A1_Q8X607--3lcb__D2_P08200,1,4,1,0.774296384896862,True,0.6067059039403455,80.8125,AF-M full-precision rank-1
3lf6__B1_UNDEFINED--3lf6__A1_UNDEFINED,1,1,3,0.0605858682294215,False,0.6330882756104621,85.5625,AF-M full-precision rank-1
3m7p__A1_P02751--3m7p__A2_P02751,1,2,0,0.0100457645835616,False,0.5808474301908841,23.03125,AF-M full-precision rank-1
3mca__A1_O74774--3mca__B1_Q9USL5,1,4,2,0.5464294672961154,True,0.5964313404084327,60.75,AF-M full-precision rank-1
3mlf__A1_UNDEFINED--3mlf__B1_UNDEFINED,1,5,3,0.5002940342760246,True,0.6259409116923825,77.5,AF-M full-precision rank-1
3mxn__A1_Q9H9A7--3mxn__B1_Q96E14,1,5,1,0.7846595514823321,True,0.5925758797845878,91.75,AF-M full-precision rank-1
3n4i__A1_P0AD64--3n4i__B1_P35804,1,5,3,0.7135625553350368,True,0.6110589597146462,93.0,AF-M full-precision rank-1
3n7e__A1_Q58AD3--3n7e__B1_Q58AD3,1,1,0,0.0957793563570699,False,0.6108971228124181,72.1875,AF-M full-precision rank-1
3n9y__A1_P05108--3n9y__C1_P10109,1,1,3,0.7691303787940557,True,0.5908476731343462,90.5,AF-M full-precision rank-1
3nbe__A1_B2ZRS9--3nbe__B1_B2ZRS9,1,5,1,0.9395948959206104,True,0.6114611195664541,90.875,AF-M full-precision rank-1
3nbf__A1_Q72GF3--3nbf__B1_Q72GF3,1,3,0,0.6055948510159368,True,0.6330882756104621,82.625,AF-M full-precision rank-1
3njc__A1_P42955--3njc__B1_P42955,1,5,0,0.2275219995305719,False,0.5929432771481656,83.5625,AF-M full-precision rank-1
3nk4__A1_P79762--3nk4__B1_P79762,1,5,1,0.1675244445969802,False,0.6094824749827162,29.765625,AF-M full-precision rank-1
3nnf__A1_Q6DNF2--3nnf__A2_Q6DNF2,1,5,1,0.8508492998666316,True,0.6288153296930812,79.8125,AF-M full-precision rank-1
3o47__A1_P84077--3o47__A2_P84077,1,4,2,0.0222068951729669,False,0.5798760930070466,20.015625,AF-M full-precision rank-1
3ph0__A1_Q1EHA4--3ph0__B1_Q1EHA2,1,5,1,0.2259660211714962,False,0.6215193285513035,85.25,AF-M full-precision rank-1
3qsg__A1_C8WX00--3qsg__A2_C8WX00,1,1,3,0.5118393935769322,True,0.6171047090521411,79.0,AF-M full-precision rank-1
3qty__A1_Q5NGF2--3qty__B1_Q5NGF2,1,5,1,0.660866438974325,True,0.6165489757128132,86.0625,AF-M full-precision rank-1
3rg2__A1_P10378--3rg2__B1_P10378,1,1,2,0.2599284032640274,True,0.5994344426951473,51.15625,AF-M full-precision rank-1
3sy3__A1_A0A6L8P3N5--3sy3__B1_A0A6L8P3N5,1,1,2,0.1400102743750942,False,0.6288153296930812,51.5,AF-M full-precision rank-1
3tbi__B1_P0A8V2--3tbi__A1_P13338,1,4,3,0.7209228482762683,True,0.5956330921892148,86.0625,AF-M full-precision rank-1
3teq__C1_Q13586--3teq__A1_Q13586,1,4,2,0.8955632320961543,True,0.6054328614794241,83.4375,AF-M full-precision rank-1
3thf__A1_A1Z9P3--3thf__B1_A1Z9P3,1,1,2,0.6890509467421393,True,0.6250493776789978,76.0625,AF-M full-precision rank-1
3toj__B1_Q9UBL3--3toj__A1_Q9UBL3,1,1,1,0.1410795601565083,False,0.6134326404057349,61.5,AF-M full-precision rank-1
3u3q__A1_O75509--3u3q__A2_O75509,1,2,0,0.4820925216378145,True,0.604226454955611,36.25,AF-M full-precision rank-1
3u73__A1_Q03405--3u73__B1_P00749,1,5,2,0.1966776094857323,False,0.6168650070916738,65.5625,AF-M full-precision rank-1
3ua3__A1_P46580--3ua3__B1_P46580,1,2,2,0.0377440255739999,False,0.6330882756104621,79.1875,AF-M full-precision rank-1
3up1__A1_P16871--3up1__B1_P16871,1,1,2,0.5920188744986378,True,0.6141891395042925,76.875,AF-M full-precision rank-1
3ups__A1_Q5NLX3--3ups__A2_Q5NLX3,1,2,0,0.5998635009245178,True,0.6288153296930812,82.9375,AF-M full-precision rank-1
3v69__A1_Q9CWU5--3v69__B1_Q9CWU5,1,2,1,0.1887952897595575,False,0.6210038794282703,88.25,AF-M full-precision rank-1
3vcb__A1_P0C6X9--3vcb__B1_P0C6X9,1,1,2,0.203682809167027,False,0.6038388617494084,75.75,AF-M full-precision rank-1
3vyr__B1_Q5JII1--3vyr__A1_Q5JII0,1,5,1,0.6051317911866828,True,0.5559782898129662,89.125,AF-M full-precision rank-1
3w0l__B1_Q91754--3w0l__A1_Q91753,1,4,2,0.3017693726987984,True,0.6141891395042925,71.9375,AF-M full-precision rank-1
3w2v__A1_Q8U1S6--3w2v__B1_Q8U1S7,1,1,0,0.6607335763000981,True,0.6054782673716225,87.1875,AF-M full-precision rank-1
3wry__C1_P03587--3wry__A1_A7M6E7,1,3,3,0.0112427896870678,False,0.5986836927731957,22.828125,AF-M full-precision rank-1
3wvb__A1_Q58649--3wvb__B1_Q58649,1,3,1,0.859341560001218,True,0.5846503908037349,93.5,AF-M full-precision rank-1
3wxm__A1_Q9YAV0--3wxm__B1_Q9YAZ5,1,3,1,0.7560544052286425,True,0.6141891395042925,86.625,AF-M full-precision rank-1
3x0e__A1_P60033--3x0e__B1_P60033,1,1,3,0.8674119512034433,True,0.6250493776789978,81.125,AF-M full-precision rank-1
3x15__A1_O67504--3x15__C1_O67504,1,5,1,0.5028307175276011,True,0.6055277581137438,71.6875,AF-M full-precision rank-1
3zr4__A1_Q9X0C6--3zr4__B1_Q9X0C8,1,5,3,0.8145047547942904,True,0.59340744721534,90.4375,AF-M full-precision rank-1
3zyl__A1_O55012--3zyl__B1_O55012,1,5,2,0.8210910147697051,True,0.6108971228124181,71.625,AF-M full-precision rank-1
4a1f__A1_O25916--4a1f__B1_O25916,1,5,0,0.0093942163005769,False,0.5608666606419372,61.28125,AF-M full-precision rank-1
4af9__A1_Q6VBJ0--4af9__A2_Q6VBJ0,1,1,1,0.1797328420873722,False,0.6330882756104621,81.3125,AF-M full-precision rank-1
4aj7__A1_B1PWB9--4aj7__B1_B1PWB9,1,1,1,0.147105688486684,False,0.6231302831102233,50.875,AF-M full-precision rank-1
4at7__A1_Q9CXY6--4at7__B1_Q9Z1X4,1,5,3,0.4390683997246917,True,0.6074779029819658,92.8125,AF-M full-precision rank-1
4ayn__A1_C6KHT4--4ayn__B1_C6KHT4,1,2,3,0.062907243225013,False,0.6330882756104621,38.625,AF-M full-precision rank-1
4bi8__B1_S4S1W1--4bi8__A1_S4S1W3,1,2,2,0.948938341533374,True,0.6141891395042925,92.375,AF-M full-precision rank-1
4bjn__A1_Q2MV52--4bjn__B1_Q2MV52,1,3,0,0.7970177171725612,True,0.6250493776789978,86.5,AF-M full-precision rank-1
4bou__A1_Q5T2D3--4bou__A2_Q5T2D3,1,1,1,0.6316043515605312,True,0.6108971228124181,51.4375,AF-M full-precision rank-1
4bry__A1_O75496--4bry__B1_D6RGH6,1,1,0,0.6173584304476837,True,0.5943917162722331,78.125,AF-M full-precision rank-1
4bvx__A1_P56192--4bvx__B1_O43324,1,2,0,0.8272723131457278,True,0.6070526250337864,94.0625,AF-M full-precision rank-1
4cbv__D1_Q79CK7--4cbv__C1_Q79CK7,1,4,2,0.1973919029482123,False,0.5838626382729312,57.59375,AF-M full-precision rank-1
4cfg__A1_Q14258--4cfg__B1_Q14258,1,1,0,0.5715059669686148,True,0.6052301655483266,62.46875,AF-M full-precision rank-1
4dex__A1_P54288--4dex__B1_Q02294,1,4,3,0.5871983079484837,True,0.5877941619195937,87.5,AF-M full-precision rank-1
4dri__A1_Q13451--4dri__B1_P42345,1,4,1,0.084593752714466,False,0.61722357436349,27.546875,AF-M full-precision rank-1
4e6w__B1_A0A0H2V8D3--4e6w__A1_A0A0H2V8D3,1,3,0,0.0535746168619866,False,0.6141891395042925,69.4375,AF-M full-precision rank-1
4emo__D1_Q9H0F6--4emo__A1_Q9H0F6,1,3,3,0.1510200350473439,False,0.6108971228124181,45.1875,AF-M full-precision rank-1
4eog__A1_UNDEFINED--4eog__A2_UNDEFINED,1,3,2,0.6403107115674226,True,0.6222067688835545,89.375,AF-M full-precision rank-1
4fmm__B1_P53860--4fmm__A1_P53860,1,4,3,0.7108223628693366,True,0.6281228769824576,83.5,AF-M full-precision rank-1
4fqb__B1_Q9I2Q0--4fqb__A1_Q9I2Q1,1,5,3,0.8773504640432751,True,0.6196845064375196,92.1875,AF-M full-precision rank-1
4fup__A1_Q5HKE8--4fup__A2_Q5HKE8,1,2,2,0.028325479078198,False,0.6250493776789978,67.1875,AF-M full-precision rank-1
4g2u__A1_Q8T8F4--4g2u__B1_Q8T8F4,1,3,2,0.9506203179157516,True,0.6259409116923825,85.6875,AF-M full-precision rank-1
4g3k__A1_O66591--4g3k__B1_O66591,1,3,1,0.8801479086454286,True,0.6325350468868636,88.0,AF-M full-precision rank-1
4g94__B1_Q4Z9Y5--4g94__A1_P0A0J0,1,2,3,0.8319548107929933,True,0.6250493776789978,91.875,AF-M full-precision rank-1
4ghw__A1_O59952--4ghw__B1_O59952,1,5,1,0.1901957711546504,False,0.6141891395042925,48.59375,AF-M full-precision rank-1
4git__A1_Q84FG5--4git__B1_Q84FG5,1,4,0,0.9157959770704784,True,0.6232859888605974,84.5,AF-M full-precision rank-1
4giz__A1_P0AEX9--4giz__C1_P03126,1,3,1,0.4053769370334414,True,0.5825902515975543,88.125,AF-M full-precision rank-1
4gof__A1_O43765--4gof__B1_O43765,1,3,3,0.4147329133970719,True,0.6086997061247722,79.5625,AF-M full-precision rank-1
4har__A1_P08563--4har__B1_P08563,1,3,1,0.4208076332640856,True,0.6141891395042925,89.875,AF-M full-precision rank-1
4hg6__A1_Q3J125--4hg6__B1_Q3J126,1,1,2,0.3857667217359184,True,0.5891502022422227,85.1875,AF-M full-precision rank-1
4hj1__A1_P03518--4hj1__B1_P03518,1,4,2,0.0035151538857912,False,0.5969963128690076,29.859375,AF-M full-precision rank-1
4hme__A1_B1VBB0--4hme__A2_B1VBB0,1,2,0,0.4880846019797027,True,0.6086800015531082,83.1875,AF-M full-precision rank-1
4ip3__A1_Q8VSD5--4ip3__B1_P61088,1,4,0,0.6119264049097262,True,0.6108971228124181,88.875,AF-M full-precision rank-1
4iu2__B1_A0AEF5--4iu2__A1_A0AEF6,1,1,2,0.0276052766435953,False,0.598090627020032,60.9375,AF-M full-precision rank-1
4jnh__B1_P14349--4jnh__A1_P14349,1,2,1,0.4888419001555908,True,0.6250493776789978,53.15625,AF-M full-precision rank-1
4k5a__A1_Q1RMX3--4k5a__B1_UNDEFINED,1,3,0,0.6443388032278526,True,0.6288153296930812,69.125,AF-M full-precision rank-1
4k8w__A1_Q8RP52--4k8w__A2_Q8RP52,1,4,3,0.5262152136621386,True,0.6108971228124181,86.0625,AF-M full-precision rank-1
4kk1__A1_Q09778--4kk1__B1_Q09778,1,4,3,0.0193862138413704,False,0.6108971228124181,59.34375,AF-M full-precision rank-1
4kun__A1_UNDEFINED--4kun__B1_UNDEFINED,1,2,2,0.2816439575412967,True,0.6288153296930812,86.6875,AF-M full-precision rank-1
4l4x__A1_Q93NX9--4l4x__A2_Q93NX9,1,5,0,0.0768369340453875,False,0.6107191185378487,68.1875,AF-M full-precision rank-1
4l9i__A1_P28327--4l9i__B1_P28327,1,4,3,0.0622548013796975,False,0.6029066646966511,73.75,AF-M full-precision rank-1
4lo8__A1_Q8KHU9--4lo8__B1_Q45878,1,4,1,0.445963029444939,True,0.622474356459218,72.75,AF-M full-precision rank-1
4lp7__C1_Q91F56--4lp7__A1_Q91F56,1,5,2,0.0838438891847362,False,0.5971961971239558,21.375,AF-M full-precision rank-1
4lrq__C1_A0A0H3ALA8--4lrq__A1_A0A0H3ALA8,1,3,3,0.0780186338848186,False,0.6288153296930812,70.875,AF-M full-precision rank-1
4luq__A1_Q9HYC5--4luq__C1_Q9HYC4,1,2,2,0.0068850428237788,False,0.598190904852515,91.25,AF-M full-precision rank-1
4mgy__A1_Q9EQZ6--4mgy__B1_P61224,1,5,2,0.6082775803829716,True,0.5772395223274334,88.4375,AF-M full-precision rank-1
4muc__B1_Q03591--4muc__A1_Q03591,1,2,2,0.3050739807925627,True,0.6330882756104621,41.84375,AF-M full-precision rank-1
4mxe__A1_Q5FWF5--4mxe__B1_Q5FWF5,1,3,0,0.2689491583438005,True,0.6141891395042925,79.25,AF-M full-precision rank-1
4n1j__B1_Q86W24--4n1j__A1_Q86W24,1,4,0,0.126247796600908,False,0.6250493776789978,26.125,AF-M full-precision rank-1
4n1k__B1_Q86W24--4n1k__A1_Q86W24,1,4,1,0.0216514610931053,False,0.6108971228124181,42.90625,AF-M full-precision rank-1
4n6j__A1_Q13033--4n6j__B1_Q13033,1,4,1,0.0304486863605663,False,0.6141891395042925,55.5,AF-M full-precision rank-1
4nc4__A1_Q9FN03--4nc4__B1_Q9FN03,1,4,0,0.8160390604903479,True,0.6288153296930812,93.75,AF-M full-precision rank-1
4ndj__A1_U6GSR1--4ndj__A2_U6GSR1,1,5,0,0.0154801976447282,False,0.5931219649849302,22.953125,AF-M full-precision rank-1
4nfu__A1_Q9XF23--4nfu__B1_Q4F883,1,5,2,0.4541562379120427,True,0.6226784571497458,85.625,AF-M full-precision rank-1
4noo__A1_Q9KN42--4noo__B1_Q9KN41,1,4,0,0.7942468479723105,True,0.6288153296930812,85.375,AF-M full-precision rank-1
4nsr__A1_Q9KN41--4nsr__C1_Q9KN41,1,4,1,0.822933711821706,True,0.6330882756104621,87.6875,AF-M full-precision rank-1
4ny2__A1_UNDEFINED--4ny2__B1_UNDEFINED,1,2,0,0.8944935387270134,True,0.6036517703021254,91.625,AF-M full-precision rank-1
4o4o__A1_Q8YLF9--4o4o__B1_Q8YLF9,1,4,3,0.0838607026393436,False,0.6171873880118223,81.9375,AF-M full-precision rank-1
4o6i__B1_P09992--4o6i__A1_P09992,1,1,1,0.5618450290845716,True,0.596831375244824,34.5,AF-M full-precision rank-1
4o96__A1_Q8XAL6--4o96__B1_Q8XAL6,1,5,2,0.0164888196612753,False,0.6108971228124181,69.125,AF-M full-precision rank-1
4oak__A1_Q9JN36--4oak__B1_Q9JN36,1,2,3,0.0059317195236815,False,0.6288153296930812,89.5,AF-M full-precision rank-1
4obx__A1_P49017--4obx__D1_P49017,1,4,1,0.8614916096331443,True,0.6288153296930812,75.125,AF-M full-precision rank-1
4oh8__B1_Q8WWW0--4oh8__A1_Q13043,1,3,2,0.8530177303708832,True,0.6053432422865032,86.3125,AF-M full-precision rank-1
4oy2__A1_P46677--4oy2__D1_Q05021,1,5,1,0.8000505576949551,True,0.5367356583291697,92.5625,AF-M full-precision rank-1
4oyu__B1_Q99PV3--4oyu__A1_Q99PV3,1,1,1,0.088293334207554,False,0.6264200998314886,26.515625,AF-M full-precision rank-1
4puh__A1_Q9FIC3--4puh__B1_Q9FIC3,1,2,0,0.0642399090017022,False,0.5577400768311762,66.9375,AF-M full-precision rank-1
4pxj__B1_Q9UPT6--4pxj__A1_Q9UPT6,1,5,2,0.0289764310971171,False,0.616683073065073,51.3125,AF-M full-precision rank-1
4qc9__A1_P04303--4qc9__D1_P04303,1,1,3,0.1443368456173842,False,0.6141891395042925,69.5,AF-M full-precision rank-1
4qhj__A1_Q58610--4qhj__B1_Q58610,1,5,1,0.2386993896865443,True,0.6030630777405268,79.0,AF-M full-precision rank-1
4qpl__A1_Q9CZW6--4qpl__B1_P51668,1,3,3,0.2663859139199993,True,0.5952674191917497,86.875,AF-M full-precision rank-1
4r5k__B1_P0A6Y8--4r5k__A1_P0A6Y8,1,5,0,0.0124531219933621,False,0.6195480944051215,42.15625,AF-M full-precision rank-1
4r6i__A1_Q44636--4r6i__B1_Q44636,1,4,3,0.0040291755518716,False,0.6222589979127129,75.375,AF-M full-precision rank-1
4rt0__A1_Q9HY69--4rt0__A2_Q9HY69,1,4,1,0.6044193698676752,True,0.584625218965086,69.3125,AF-M full-precision rank-1
4u0q__A1_B2L3N7--4u0q__B1_P35613,1,4,1,0.0319602483495932,False,0.6005957379798397,31.484375,AF-M full-precision rank-1
4u1c__A1_P32497--4u1c__B1_P38249,1,1,3,0.787596505481705,True,0.5939359909663473,87.75,AF-M full-precision rank-1
4u3q__B1_P29722--4u3q__A1_P29722,1,5,3,0.0108247249668474,False,0.6097433747036716,68.5,AF-M full-precision rank-1
4u4p__A1_O95347--4u4p__B1_Q9NTJ3,1,4,2,0.8790301352647948,True,0.6036517703021254,92.0,AF-M full-precision rank-1
4uhz__A1_P12643--4uhz__B1_Q6NW40,1,3,0,0.8907249378615077,True,0.6250493776789978,77.25,AF-M full-precision rank-1
4upd__A1_Q2TFW1--4upd__B1_Q2TFW1,1,3,3,0.0462886102808753,False,0.6110589597146462,87.4375,AF-M full-precision rank-1
4v1i__A1_A0A140UH28--4v1i__B1_A0A140UH28,1,3,2,0.90398662493889,True,0.6108971228124181,78.6875,AF-M full-precision rank-1
4wj0__A1_O58938--4wj0__B1_O58938,1,1,0,0.1598244931197092,False,0.6215193285513035,59.21875,AF-M full-precision rank-1
4wlp__A1_Q9Y5K5--4wlp__B1_Q6P4R8,1,4,1,0.7497861116122783,True,0.6114381295262856,87.0625,AF-M full-precision rank-1
4wpd__A1_Q55080--4wpd__B1_Q55080,1,5,2,0.0117837039242103,False,0.6245003481751787,40.84375,AF-M full-precision rank-1
4xl5__B1_UNDEFINED--4xl5__A1_P42212,1,1,2,0.0382471790856429,False,0.6304229742898922,49.75,AF-M full-precision rank-1
4xt2__C1_Q99814--4xt2__A1_P27540,1,3,1,0.6127440693611702,True,0.592111948709543,85.9375,AF-M full-precision rank-1
4xyd__A1_Q16A04--4xyd__B1_Q16A03,1,4,0,0.9330826864686212,True,0.6114298907404984,95.0625,AF-M full-precision rank-1
4yxc__A1_P00720--4yxc__B1_P26419,1,4,2,0.1895343385471325,False,0.6067027850293881,64.9375,AF-M full-precision rank-1
4z0o__A1_Q504Y3--4z0o__A2_Q504Y3,1,3,1,0.4368925628415042,True,0.6230575777308777,66.6875,AF-M full-precision rank-1
4z86__A1_Q9KQ21--4z86__B1_Q9KQ21,1,4,2,0.0312716917741907,False,0.6057516754318377,69.875,AF-M full-precision rank-1
4zb3__A1_Q9SU14--4zb3__A2_Q9SU14,1,3,0,0.2185476910433966,False,0.6288153296930812,85.625,AF-M full-precision rank-1
4zir__A1_Q9WY65--4zir__B1_Q9X1Z1,1,4,0,0.5461757584785515,True,0.6250493776789978,83.625,AF-M full-precision rank-1
4zkc__A1_Q2F862--4zkc__B1_P80098,1,4,2,0.7127118453476354,True,0.6292050664610533,89.375,AF-M full-precision rank-1
5an6__B1_Q9X2D0--5an6__C1_Q9X2D0,1,5,0,0.5931615385726493,True,0.6281228769824576,57.46875,AF-M full-precision rank-1
5axg__B1_B0KBZ7--5axg__A1_B0KBZ7,1,4,2,0.3650160340654904,True,0.6288153296930812,66.4375,AF-M full-precision rank-1
5ayr__A1_P13051--5ayr__B1_Q936H5,1,4,2,0.8650913526352401,True,0.6141891395042925,92.3125,AF-M full-precision rank-1
5b1q__A1_Q9WT50--5b1q__B1_Q9WT50,1,4,3,0.3160732550193847,True,0.6043752392576897,82.1875,AF-M full-precision rank-1
5b2g__A1_O14493--5b2g__B1_P01558,1,4,1,0.0037185053908853,False,0.6010248419741328,30.0625,AF-M full-precision rank-1
5b2h__A1_Q93HT5--5b2h__B1_Q93HT5,1,4,0,0.7214598625100038,True,0.6108971228124181,85.8125,AF-M full-precision rank-1
5b5w__A1_Q8BPB0--5b5w__B1_O95835,1,4,1,0.909766172407827,True,0.6141891395042925,88.25,AF-M full-precision rank-1
5bqb__A1_Q00604--5bqb__B1_Q00604,1,1,0,0.7429590609475647,True,0.609438059985824,85.0,AF-M full-precision rank-1
5ch7__A1_G8QM55--5ch7__B1_G8QM54,1,3,1,0.7755982507294679,True,0.5715275176975825,95.25,AF-M full-precision rank-1
5cqs__A1_Q06706--5cqs__D1_Q06706,1,1,0,0.5220133867610101,True,0.6078116904542904,82.1875,AF-M full-precision rank-1
5cs3__A1_P14210--5cs3__B1_P14210,1,3,3,0.0076008261097401,False,0.6108971228124181,68.1875,AF-M full-precision rank-1
5cuz__A1_Q9H3L0--5cuz__A2_Q9H3L0,1,2,3,0.0604337803840459,False,0.6330882756104621,57.5,AF-M full-precision rank-1
5d7q__A1_Q8IXJ6--5d7q__B1_Q8IXJ6,1,1,0,0.0573828616716857,False,0.6288153296930812,52.5,AF-M full-precision rank-1
5d8e__A1_Q9BQ15--5d8e__D1_Q9BQ15,1,1,3,0.0303829707882436,False,0.6108971228124181,67.875,AF-M full-precision rank-1
5doi__A1_D2CVN7--5doi__E1_Q6JXI5,1,1,2,0.0667390543533049,False,0.6006518379225805,13.8203125,AF-M full-precision rank-1
5e4b__A1_A0A1C9V3S9--5e4b__B1_A0A1C9V3S9,1,2,3,0.2765387323049999,True,0.6250493776789978,72.625,AF-M full-precision rank-1
5e9h__B1_Q4HYR2--5e9h__A1_Q4HYR2,1,5,0,0.8936659085533593,True,0.603807432467793,69.0625,AF-M full-precision rank-1
5eu0__A1_E6YJU0--5eu0__B1_E6YLF5,1,1,3,0.9128853845557424,True,0.6165869301072764,95.8125,AF-M full-precision rank-1
5evk__A1_P52700--5evk__A2_P52700,1,4,3,0.0139310059860567,False,0.6055744335759528,91.125,AF-M full-precision rank-1
5f22__B1_P0C6X7--5f22__A1_P0C6U8,1,2,1,0.6417353144944675,True,0.6014419071255122,89.1875,AF-M full-precision rank-1
5f4e__A1_Q8IYV9--5f4e__B1_A6ND01,1,5,1,0.8318569018464479,True,0.5976338965031581,85.5,AF-M full-precision rank-1
5fbz__A1_A0A182DWC7--5fbz__B1_P01053,1,5,1,0.9236219675747288,True,0.5991073603219068,93.5,AF-M full-precision rank-1
5fnw__A1_M1AKE5--5fnw__A2_M1AKE5,1,1,3,0.5319554001896277,True,0.6288153296930812,82.25,AF-M full-precision rank-1
5gko__A1_A0A0D8G707--5gko__B1_A0A0D8G707,1,4,3,0.1615519572581409,False,0.6081910280615569,46.5,AF-M full-precision rank-1
5gox__A1_Q92878--5gox__B1_Q92878,1,1,3,0.4871186558114979,True,0.5776298167674145,68.8125,AF-M full-precision rank-1
5gwv__B1_A0A010--5gwv__A1_A0A010,1,4,3,0.9597896479435922,True,0.6060885406616732,93.125,AF-M full-precision rank-1
5h1p__A1_D2UG58--5h1p__B1_D2UG58,1,1,0,0.1842138037302702,False,0.597644334170913,87.0,AF-M full-precision rank-1
5hpg__A1_P00747--5hpg__B1_P00747,1,1,2,0.0165734166484943,False,0.6306090322998498,54.40625,AF-M full-precision rank-1
5hrm__B1_A0A077JBW9--5hrm__A1_A0A077JBW9,1,5,3,0.1580328141794891,False,0.6141891395042925,76.4375,AF-M full-precision rank-1
5hy7__A1_G0S5A2--5hy7__B1_G0S133,1,5,1,0.8783261516136066,True,0.626715055305651,96.1875,AF-M full-precision rank-1
5jkt__A1_P20536--5jkt__B1_P20995,1,2,3,0.9342856003333696,True,0.6288153296930812,95.375,AF-M full-precision rank-1
5k7b__B1_A8MW95--5k7b__A1_A8MW95,1,4,0,0.1972049606886025,False,0.6330882756104621,76.75,AF-M full-precision rank-1
5kou__B1_Q82446--5kou__A1_Q82446,1,2,0,0.6771205752185793,True,0.6230575777308777,84.8125,AF-M full-precision rank-1
5ky2__A1_Q91ZW2--5ky2__B1_P70375,1,3,3,0.8103285266783248,True,0.6009663297142531,94.5625,AF-M full-precision rank-1
5kyy__B1_O94855--5kyy__A1_Q15436,1,5,1,0.6528351641941849,True,0.6259409116923825,90.5625,AF-M full-precision rank-1
5l0w__A1_G0SH41--5l0w__B1_G0S0B5,1,5,1,0.6679242603817254,True,0.5797203134634147,84.75,AF-M full-precision rank-1
5l1m__A1_Q8WXE0--5l1m__A2_Q8WXE0,1,4,2,0.1701336070903564,False,0.6250493776789978,46.09375,AF-M full-precision rank-1
5lda__A1_Q8U1Y4--5lda__B1_Q8U1Z3,1,3,1,0.4552505226553542,True,0.6090746387570334,72.5625,AF-M full-precision rank-1
5lsb__A1_Q99181--5lsb__B1_Q02554,1,4,1,0.6927731367981192,True,0.5805562017130745,91.25,AF-M full-precision rank-1
5ltu__B1_Q9NZJ9--5ltu__A1_Q9NZJ9,1,1,1,0.0109808237333227,False,0.5951777077786075,20.015625,AF-M full-precision rank-1
5lxr__A1_Q9Y580--5lxr__B1_Q6NZY4,1,4,1,0.9139293593944988,True,0.6288153296930812,88.8125,AF-M full-precision rank-1
5min__B1_P13650--5min__A1_P13650,1,2,1,0.8675158836776174,True,0.5920964918463837,93.5625,AF-M full-precision rank-1
5mxg__A1_C7BLE4--5mxg__A2_C7BLE4,1,3,1,0.8656301051348044,True,0.6288153296930812,86.875,AF-M full-precision rank-1
5swi__A1_A0A0Y0HIE3--5swi__D1_A0A0Y0HIE3,1,1,2,0.8018132955644736,True,0.6141891395042925,86.5,AF-M full-precision rank-1
5t3r__B1_Q8A6W3--5t3r__A1_Q8A6W4,1,4,2,0.8228336814370018,True,0.6282109982830416,93.9375,AF-M full-precision rank-1
5t5s__A1_P49588--5t5s__A2_P49588,1,4,2,0.4011343740216402,True,0.6020331673275269,35.59375,AF-M full-precision rank-1
5tbk__J1_P18754--5tbk__A1_O00629,1,5,1,0.7471234387290312,True,0.6129884491943448,85.875,AF-M full-precision rank-1
5tc2__A1_P04585--5tc2__B1_P04585,1,4,1,0.8044065534328168,True,0.6288153296930812,73.5,AF-M full-precision rank-1
5u4o__A1_A0A6H3AI29--5u4o__A2_A0A6H3AI29,1,3,2,0.0072385256368242,False,0.5787844433205286,30.0625,AF-M full-precision rank-1
5uiw__A1_P51681--5uiw__B1_P13501,1,3,1,0.7875560236075723,True,0.6040374151487168,88.0,AF-M full-precision rank-1
5uzu__B1_P05164--5uzu__A1_Q2G0X2,1,3,1,0.0359416201731464,False,0.5993667566886751,41.78125,AF-M full-precision rank-1
5ve6__A1_Q86YV5--5ve6__A2_Q86YV5,1,4,2,0.0135804849129496,False,0.6176864544626391,69.5,AF-M full-precision rank-1
5vpc__B1_P17535--5vpc__A1_P53539,1,1,2,0.4397793860743206,True,0.6297603740989781,77.5625,AF-M full-precision rank-1
5vxz__A1_Q14393--5vxz__C1_P30530,1,4,2,0.8716297139356378,True,0.6115961195224903,93.8125,AF-M full-precision rank-1
5vzt__B1_Q5XUX0--5vzt__A1_P63208,1,4,2,0.7902845164912606,True,0.6143852513196761,91.8125,AF-M full-precision rank-1
5wat__A2_P07128--5wat__B1_P07128,1,1,1,0.0050215267149202,False,0.6115617181513181,93.875,AF-M full-precision rank-1
5wee__A1_A0A183GMB4--5wee__B1_A0A183GMB4,1,3,2,0.5336022582572489,True,0.6155392954329072,30.109375,AF-M full-precision rank-1
5wuq__A1_Q45585--5wuq__C1_Q45588,1,2,1,0.7923164022251757,True,0.6264200998314886,89.9375,AF-M full-precision rank-1
5xec__B1_P15452--5xec__A1_P00099,1,5,3,0.0530329681270017,False,0.6108971228124181,39.34375,AF-M full-precision rank-1
5xpz__A1_Q8CIB5--5xpz__B1_Q8CIB5,1,5,2,0.007365089833755,False,0.6288153296930812,61.1875,AF-M full-precision rank-1
5y61__A1_Q9I4L4--5y61__B1_Q9I4L6,1,2,2,0.490648565692972,True,0.6250493776789978,86.6875,AF-M full-precision rank-1
5y78__A1_B5AJT1--5y78__B1_B5AJT1,1,5,0,0.3772115734669617,True,0.6127662114503822,69.75,AF-M full-precision rank-1
5yh3__A1_Q96MK3--5yh3__B1_Q8IXL6,1,4,2,0.6812467327592476,True,0.5989549984477871,87.3125,AF-M full-precision rank-1
5z5y__A1_P02866--5z5y__B1_P02866,1,3,0,0.7669034385582192,True,0.6330882756104621,92.8125,AF-M full-precision rank-1
5ztb__B1_Q72LF3--5ztb__A1_Q72LF4,1,2,0,0.8335348552088222,True,0.6017536682280477,92.6875,AF-M full-precision rank-1
5zyo__A1_P0A8I8--5zyo__C1_P0A8I8,1,5,3,0.0363799116735716,False,0.6288153296930812,84.375,AF-M full-precision rank-1
6a3v__A1_P41273--6a3v__B1_Q07011,1,3,1,0.6013949760950238,True,0.5940440613664161,86.3125,AF-M full-precision rank-1
6a9y__A1_Q9BQI5--6a9y__A2_Q9BQI5,1,3,2,0.0040480594930259,False,0.6020331673275269,39.34375,AF-M full-precision rank-1
6ahy__B1_P56703--6ahy__A1_Q61091,1,3,0,0.3258036370431348,True,0.5703125450583386,61.03125,AF-M full-precision rank-1
6apx__A1_P0AEX9--6apx__B1_UNDEFINED,1,3,2,0.0073968482176277,False,0.6073615402550567,44.21875,AF-M full-precision rank-1
6aqe__B1_Q9RY20--6aqe__A1_Q9RY20,1,4,2,0.0100499212123842,False,0.6317738744570358,90.125,AF-M full-precision rank-1
6au8__A1_Q7L5D6--6au8__B1_P46379,1,2,3,0.7464183190813255,True,0.6182985270210576,94.0625,AF-M full-precision rank-1
6cp8__A1_A0A2A2CAY5--6cp8__C1_A0A2A2C800,1,1,0,0.7132728422095237,True,0.6206824456860884,88.25,AF-M full-precision rank-1
6djl__C1_O60239--6djl__A1_P62491,1,4,1,0.64282704808161,True,0.6264200998314886,77.8125,AF-M full-precision rank-1
6dkk__B1_P0DPI0--6dkk__A1_P0DPI0,1,5,0,0.005764619969538,False,0.6020331673275269,32.75,AF-M full-precision rank-1
6e8a__A1_Q7CPJ3--6e8a__A2_Q7CPJ3,1,1,1,0.764736155460375,True,0.5403609839425768,66.4375,AF-M full-precision rank-1
6efw__A1_J9VIT7--6efw__A2_J9VIT7,1,2,2,0.703673586731474,True,0.6141891395042925,72.9375,AF-M full-precision rank-1
6eho__A1_Q99523--6eho__A2_Q99523,1,3,0,0.0246942943023912,False,0.5977528904069049,33.96875,AF-M full-precision rank-1
6ejv__A1_Q65J43--6ejv__B1_Q65J43,1,5,1,0.0318454329595879,False,0.6141891395042925,42.25,AF-M full-precision rank-1
6em0__A1_O06647--6em0__A2_O06647,1,1,0,0.0056961502810907,False,0.5144138361972562,92.5,AF-M full-precision rank-1
6exa__B1_Q5ZYC7--6exa__A1_Q5ZYC7,1,5,0,0.5555576040803123,True,0.6081910280615569,78.9375,AF-M full-precision rank-1
6fc2__A1_P07260--6fc2__B1_P36041,1,5,0,0.7250175568583596,True,0.5576943096441265,88.0625,AF-M full-precision rank-1
6hlk__A1_A0A5H1ZR32--6hlk__A2_A0A5H1ZR32,1,4,0,0.802606455045806,True,0.6317738744570358,68.75,AF-M full-precision rank-1
6hmv__A1_Q9H3P7--6hmv__B1_Q68T42,1,4,3,0.9377771140401684,True,0.6273579493849415,91.5625,AF-M full-precision rank-1
6htj__A1_Q97VU8--6htj__B1_Q97VU8,1,2,0,0.015487878275578,False,0.6141891395042925,85.1875,AF-M full-precision rank-1
6hul__B1_P50383--6hul__A1_P50382,1,5,1,0.7682314825245182,True,0.6288153296930812,91.125,AF-M full-precision rank-1
6i7s__C1_P55157--6i7s__A1_P07237,1,1,0,0.7546723345142078,True,0.6265647082949639,83.4375,AF-M full-precision rank-1
6in7__B1_Q06198--6in7__A1_P38107,1,1,1,0.7807760753875316,True,0.6141891395042925,90.625,AF-M full-precision rank-1
6iub__A1_O25759--6iub__B1_O25759,1,1,2,0.1604494920811686,False,0.6264200998314886,90.5625,AF-M full-precision rank-1
6j2u__B1_Q93HL2--6j2u__A1_Q93HL1,1,1,1,0.9374508786738164,True,0.6009766287575692,93.5,AF-M full-precision rank-1
6j4p__A1_Q86V25--6j4p__B1_Q8N300,1,1,0,0.7339031598225639,True,0.6256299225058845,91.8125,AF-M full-precision rank-1
6j7m__A1_Q9HZZ1--6j7m__C1_Q9HZZ2,1,1,2,0.3299399393566154,True,0.6215193285513035,81.0625,AF-M full-precision rank-1
6jh0__D1_UNDEFINED--6jh0__A1_P03502,1,5,1,0.2868185929111327,True,0.6264200998314886,54.9375,AF-M full-precision rank-1
6jtz__A1_P46063--6jtz__B1_P46063,1,2,2,0.0109543703480438,False,0.6123632393585061,54.0,AF-M full-precision rank-1
6jzf__A1_Q8VY16--6jzf__B1_Q8VY16,1,4,0,0.0132469169442363,False,0.608381238555029,78.875,AF-M full-precision rank-1
6k3b__A1_Q5ZTL4--6k3b__B1_Q5ZTL2,1,4,1,0.0163133287622567,False,0.5884575278225501,28.09375,AF-M full-precision rank-1
6k7c__A1_D4ZE39--6k7c__B1_D4ZE39,1,3,3,0.0387054167633417,False,0.6141891395042925,64.125,AF-M full-precision rank-1
6k8i__B1_Q96524--6k8i__A1_Q96524,1,3,0,0.0051372049974856,False,0.6215193285513035,60.875,AF-M full-precision rank-1
6kbe__A1_B9G207--6kbe__B1_P0CG48,1,4,2,0.3460214804366961,True,0.6288153296930812,86.5625,AF-M full-precision rank-1
6ki2__A1_Q55415--6ki2__B1_Q55415,1,3,1,0.1893061994705863,False,0.6210851620924341,71.375,AF-M full-precision rank-1
6koi__B1_Q9Y5W9--6koi__A1_Q9Y5W9,1,5,1,0.0097063327220924,False,0.5991813401156902,27.84375,AF-M full-precision rank-1
6kos__A1_UNDEFINED--6kos__B1_UNDEFINED,1,1,2,0.2009791396183079,False,0.6330882756104621,76.8125,AF-M full-precision rank-1
6kuc__A1_Q9Y006--6kuc__A2_Q9Y006,1,2,3,0.2161850273522383,False,0.5885219135661474,84.125,AF-M full-precision rank-1
6kwz__A1_Q94707--6kwz__B2_Q94707,1,3,1,0.048976124523536,False,0.6180766504198769,24.09375,AF-M full-precision rank-1
6l4p__A1_Q9XHH2--6l4p__B1_Q39575,1,4,2,0.8920009563717303,True,0.6102877194645471,93.4375,AF-M full-precision rank-1
6lh6__A1_A0A1S2XQ25--6lh6__B1_A0A1S2XQ25,1,4,0,0.0308704674167178,False,0.6108971228124181,49.34375,AF-M full-precision rank-1
6lqo__A1_P29882--6lqo__G1_P0CK49,1,3,3,0.7060468229102561,True,0.6141891395042925,84.0625,AF-M full-precision rank-1
6n85__A1_Q5E9J8--6n85__B1_P0AEX9,1,5,1,0.2286979573082637,False,0.6166194733170554,83.75,AF-M full-precision rank-1
6nf3__B2_P02654--6nf3__A1_P02654,1,2,0,0.0232613876191738,False,0.6211786239684928,27.890625,AF-M full-precision rank-1
6njy__A1_F3ZXK6--6njy__B1_F3ZXK6,1,4,2,0.5430796548145969,True,0.6230575777308777,85.875,AF-M full-precision rank-1
6o1t__A1_P79125--6o1t__B2_P79125,1,1,1,0.7292058696325713,True,0.6250493776789978,58.1875,AF-M full-precision rank-1
6ob5__A1_P0AEX9--6ob5__D1_UNDEFINED,1,1,2,0.0880476943921951,False,0.6118244618070562,64.25,AF-M full-precision rank-1
6ocf__A1_Q7L8A9--6ocf__B1_Q8N300,1,5,2,0.5633280355856493,True,0.6258928371385137,78.8125,AF-M full-precision rank-1
6otn__A1_P06753--6otn__B1_P06753,1,5,3,0.857931489149813,True,0.6114381295262856,78.4375,AF-M full-precision rank-1
6p66__B1_O29890--6p66__A1_O29889,1,2,2,0.2645865596006814,True,0.6243085937029579,73.625,AF-M full-precision rank-1
6p7y__A1_J7H333--6p7y__B1_P52799,1,5,3,0.5328041685205823,True,0.6227368276281166,88.6875,AF-M full-precision rank-1
6pal__A1_A0A412SRH5--6pal__B1_A0A412SRH5,1,2,1,0.0334344677076765,False,0.6069703070876902,28.515625,AF-M full-precision rank-1
6pnp__A1_Q9CS84--6pnp__B1_Q63366,1,1,0,0.566061935849777,True,0.6210851620924341,81.0625,AF-M full-precision rank-1
6pog__B1_Q99435--6pog__A1_Q96MS0,1,4,2,0.7113385188458835,True,0.6108971228124181,84.0,AF-M full-precision rank-1
6pqn__A1_B0F0C5--6pqn__B1_B0F0C5,1,4,1,0.1863061165232762,False,0.6247868092215979,81.1875,AF-M full-precision rank-1
6pyk__A1_P16466--6pyk__A2_P16466,1,3,0,0.4380012084326712,True,0.6330882756104621,80.9375,AF-M full-precision rank-1
6qpk__B1_A0A2H1G421--6qpk__A1_A0A2H1G421,1,2,3,0.0437001347679296,False,0.6264512669604346,28.328125,AF-M full-precision rank-1
6qxp__A1_O48809--6qxp__I1_Q9FZA0,1,5,3,0.3778525981154956,True,0.508767427961702,90.0625,AF-M full-precision rank-1
6r2f__A1_Q9BXU0--6r2f__B1_Q9BXU0,1,1,3,0.081619139415162,False,0.586488000533474,38.5625,AF-M full-precision rank-1
6r6n__A1_Q1Q7P4--6r6n__B1_Q1Q7P3,1,1,2,0.5631643736795385,True,0.6165607391362502,82.375,AF-M full-precision rank-1
6ra0__A1_Q9XUJ7--6ra0__A2_Q9XUJ7,1,4,1,0.0150290523819252,False,0.6230575777308777,58.9375,AF-M full-precision rank-1
6ra9__B1_Q71V39--6ra9__A1_Q71V39,1,5,2,0.0248607106188873,False,0.6205240281559814,25.484375,AF-M full-precision rank-1
6rj8__A1_A0A5B8X6B5--6rj8__A2_A0A5B8X6B5,1,3,3,0.8755653663341508,True,0.6330882756104621,92.875,AF-M full-precision rank-1
6rm9__A1_G0SEG4--6rm9__B1_G0SFN3,1,5,2,0.8330006800487264,True,0.6218015195800598,91.6875,AF-M full-precision rank-1
6s6a__A1_Q7L523--6s6a__C1_Q9HB90,1,4,0,0.6542801785711593,True,0.582059257405733,90.125,AF-M full-precision rank-1
6s9j__A1_Q8AZ57--6s9j__B1_A0A060BIS8,1,2,1,0.0092203128599265,False,0.5945841201166331,27.734375,AF-M full-precision rank-1
6sqc__A1_P0AEX9--6sqc__B1_Q9Y6Q9,1,3,2,0.2669722961001888,True,0.5692995297190576,71.0,AF-M full-precision rank-1
6sqj__A1_Q04245--6sqj__B1_Q04245,1,4,0,0.029361257500665,False,0.6222589979127129,74.4375,AF-M full-precision rank-1
6t6q__A1_A0A0F7VBC6--6t6q__B1_A0A0F7VBC6,1,5,3,0.0328870692358739,False,0.6330882756104621,44.28125,AF-M full-precision rank-1
6tgk__A1_Q05086--6tgk__A2_Q05086,1,3,2,0.700625532962126,True,0.5951643612557895,76.875,AF-M full-precision rank-1
6tp8__A1_P41365--6tp8__B1_P41365,1,3,2,0.0270528369830388,False,0.6141891395042925,65.6875,AF-M full-precision rank-1
6u7f__A1_P15144--6u7f__C1_Q1HVL3,1,3,1,0.0068917566344497,False,0.5802349742393481,41.125,AF-M full-precision rank-1
6ubo__A1_P0A901--6ubo__B1_P0A901,1,3,0,0.0640170394411847,False,0.6105025093965017,86.5,AF-M full-precision rank-1
6ust__A1_A0A174CV66--6ust__D2_A0A174CV66,1,5,3,0.0044074617767606,False,0.6250493776789978,77.1875,AF-M full-precision rank-1
6vax__A1_P31040--6vax__B1_Q9NX18,1,4,1,0.6319603056141553,True,0.6068288310563045,94.375,AF-M full-precision rank-1
6vwo__A1_P0AEW6--6vwo__A2_P0AEW6,1,2,2,0.5836961484115966,True,0.6108971228124181,87.875,AF-M full-precision rank-1
6w2n__A1_Q4DJ68--6w2n__A2_Q4DJ68,1,4,0,0.5138611555906126,True,0.60077664881024,90.875,AF-M full-precision rank-1
6wlg__A1_Q68E01--6wlg__B2_Q68E01,1,4,3,0.7529790995737754,True,0.5439333640355708,85.4375,AF-M full-precision rank-1
6wmk__A1_UNDEFINED--6wmk__B1_UNDEFINED,1,5,2,0.2609902192247263,True,0.5586475298223252,85.75,AF-M full-precision rank-1
6xb4__A1_V9XTR0--6xb4__B1_V9XTR0,1,1,1,0.5864876008947756,True,0.6033467906132152,54.0,AF-M full-precision rank-1
6xj5__A1_P06621--6xj5__B1_P06621,1,4,0,0.0052011740388641,False,0.614925397569374,85.5625,AF-M full-precision rank-1
6xwx__A1_G0S825--6xwx__B1_G0S0S7,1,4,2,0.684217664712099,True,0.6014972987958312,93.8125,AF-M full-precision rank-1
6y62__B1_Q5MYC0--6y62__A1_Q5MYC0,1,5,1,0.3157918391307557,True,0.5986035463924783,84.4375,AF-M full-precision rank-1
6y75__A1_Q236S9--6y75__B1_Q236S9,1,2,0,0.5361512283180704,True,0.6081910280615569,89.3125,AF-M full-precision rank-1
6y9m__D1_P36291--6y9m__A1_P36291,1,1,1,0.0037148965631617,False,0.6149721009611634,24.421875,AF-M full-precision rank-1
6yva__A1_P0DTD1--6yva__B1_Q64339,1,5,1,0.504009536357786,True,0.6281228769824576,84.0,AF-M full-precision rank-1
6yyi__A1_B5YB78--6yyi__B1_B5YB78,1,2,3,0.9407528066762016,True,0.6108971228124181,90.1875,AF-M full-precision rank-1
6z70__A1_O66528--6z70__B1_O66528,1,3,2,0.7922593559445478,True,0.6330882756104621,62.5,AF-M full-precision rank-1
6z81__A1_P05852--6z81__C1_P76256,1,5,3,0.7904078535402546,True,0.5742819513585573,93.3125,AF-M full-precision rank-1
6zht__A1_P22515--6zht__B1_P52490,1,2,0,0.6054785012482582,True,0.6228937181993384,78.5625,AF-M full-precision rank-1
7a5c__A1_Q9KR64--7a5c__B1_Q9KR64,1,3,2,0.0182158623482687,False,0.6086800015531082,84.0,AF-M full-precision rank-1
7acx__B1_Q9AEM2--7acx__A1_Q9AEM2,1,1,1,0.2498586235911251,True,0.5678851024540472,51.625,AF-M full-precision rank-1
7aed__B1_D1LHF8--7aed__A1_D1LHF8,1,1,3,0.6694744903863592,True,0.6108971228124181,89.5625,AF-M full-precision rank-1
7aex__A1_P52129--7aex__A2_P52129,1,5,1,0.0262862278180956,False,0.5398664330750567,63.4375,AF-M full-precision rank-1
7bjn__A1_Q8IGY1--7bjn__B1_Q8IGY1,1,2,2,0.8911703941974212,True,0.6297603740989781,83.4375,AF-M full-precision rank-1
7bv5__C1_Q9URQ3--7bv5__A1_P47058,1,1,0,0.8287138113086122,True,0.5994701890520782,90.6875,AF-M full-precision rank-1
7cdv__A1_A0A2I4PGE9--7cdv__B1_A0A2I4PGE9,1,5,3,0.4391765768228619,True,0.5888708628422442,86.125,AF-M full-precision rank-1
7cnv__A1_A0B757--7cnv__B1_A0B757,1,2,2,0.1174323868725312,False,0.5787136232927022,59.875,AF-M full-precision rank-1
7dnn__A1_H0QPL9--7dnn__B1_H0QPL8,1,1,1,0.6281019878995567,True,0.5743792411007381,91.0,AF-M full-precision rank-1
7drb__B1_A0A2I8B6R1--7drb__A1_Q30BZ2,1,1,1,0.4665993400184085,True,0.6250493776789978,64.375,AF-M full-precision rank-1
7dtl__A1_UNDEFINED--7dtl__B1_UNDEFINED,1,1,1,0.6478037064807456,True,0.6288153296930812,82.0,AF-M full-precision rank-1
7e2m__A1_Q9P2K8--7e2m__B1_Q9P2K8,1,3,0,0.1007422373902674,False,0.6250493776789978,51.3125,AF-M full-precision rank-1
7e36__B1_A0A318JQQ2--7e36__A1_A0A318JWT9,1,4,1,0.8126730926514747,True,0.5983011876897554,94.1875,AF-M full-precision rank-1
7e5m__A1_P09758--7e5m__B2_P09758,1,3,3,0.0093173485121944,False,0.6250493776789978,79.8125,AF-M full-precision rank-1
7f7j__B1_A0A5J6VLZ7--7f7j__A2_A0A5J6VLZ7,1,5,0,0.0052112650292727,False,0.6134326404057349,58.4375,AF-M full-precision rank-1
7fds__B1_P9WK61--7fds__A1_P9WK61,1,1,0,0.055246824930071,False,0.6330882756104621,84.1875,AF-M full-precision rank-1
7jre__A1_Q68T42--7jre__B1_Q68T42,1,2,2,0.9031052526381274,True,0.6108971228124181,71.625,AF-M full-precision rank-1
7k5n__A1_A0A3S5WQC2--7k5n__A2_A0A3S5WQC2,1,4,1,0.0177188446215014,False,0.6265647082949639,81.9375,AF-M full-precision rank-1
7mku__A1_Q8VYI3--7mku__B1_Q8VYI3,1,2,3,0.0062255883238701,False,0.6050932598263232,92.3125,AF-M full-precision rank-1
7mnr__A1_P62826--7mnr__B1_P49792,1,5,1,0.6078517666639414,True,0.5384557764625432,85.0625,AF-M full-precision rank-1
7o8c__A1_A7LY27--7o8c__B1_A7LY27,1,5,2,0.0540034855418293,False,0.6072970317197484,51.03125,AF-M full-precision rank-1
7ouv__A1_Q14315--7ouv__B1_Q14315,1,2,1,0.0191153107520002,False,0.5653255032591462,21.46875,AF-M full-precision rank-1
7ovp__A1_O58230--7ovp__B1_O58230,1,5,0,0.3075575556813466,True,0.6177741181784201,59.375,AF-M full-precision rank-1
7oxl__A1_Q9NWM0--7oxl__A2_Q9NWM0,1,3,3,0.0035450710704804,False,0.6108971228124181,72.5,AF-M full-precision rank-1
7ped__A1_Q8TB45--7ped__B1_Q8TB45,1,4,1,0.2929944938318023,True,0.6288153296930812,62.3125,AF-M full-precision rank-1
7ppp__A1_A0A5F9DAT3--7ppp__B1_A0A5F9DAT3,1,5,3,0.8560163310144387,True,0.6172457260333718,79.9375,AF-M full-precision rank-1
7pq0__B1_P60842--7pq0__A1_Q63UP7,1,4,3,0.0235893512786936,False,0.5987687673965728,78.6875,AF-M full-precision rank-1
7r79__B1_F0UVX7--7r79__A1_F0UVX7,1,4,2,0.7949571066684235,True,0.6108971228124181,74.375,AF-M full-precision rank-1
7rwk__A1_V4NUN3--7rwk__B1_V4NUN3,1,3,1,0.2022699435807743,False,0.583075022510992,65.625,AF-M full-precision rank-1
7s0y__A1_P18177--7s0y__B1_P60953,1,1,0,0.748060340256583,True,0.6201948817800575,82.9375,AF-M full-precision rank-1
7s7q__A1_Q8I1Y0--7s7q__B1_C6KSX0,1,5,1,0.5487554804384698,True,0.573176417713926,82.6875,AF-M full-precision rank-1
7sa1__B1_Q5VMP0--7sa1__A1_Q39255,1,4,2,0.5653695413986831,True,0.5745760595856574,86.625,AF-M full-precision rank-1
7v3k__A1_A3TMR7--7v3k__D1_A3TMR7,1,5,0,0.1824132272088758,False,0.6038068220613355,38.59375,AF-M full-precision rank-1
