complex_id,rank,model_weight,seed,cv_fold,DockQ,ranking_confidence,acceptable,acceptable_score
1a22__B1_P10912--1a22__A1_P01241,1,3,3,0,0.712227739022913,87.375,True,0.954936683177948
1a22__B1_P10912--1a22__A1_P01241,2,3,1,0,0.7114431123257109,87.0625,True,0.9651601314544678
1a22__B1_P10912--1a22__A1_P01241,3,4,0,0,0.7232284458409967,86.875,True,0.9685419797897339
1a22__B1_P10912--1a22__A1_P01241,4,5,1,0,0.7093242049735528,86.8125,True,0.9040555953979492
1a22__B1_P10912--1a22__A1_P01241,5,3,2,0,0.70722465715211,86.625,True,0.9546450972557068
1a22__B1_P10912--1a22__A1_P01241,6,4,2,0,0.7093923309531928,86.5,True,0.9687806963920593
1a22__B1_P10912--1a22__A1_P01241,7,4,3,0,0.7292577036205744,86.5,True,0.9561827778816223
1a22__B1_P10912--1a22__A1_P01241,8,5,2,0,0.70969824835082,86.3125,True,0.9008327126502991
1a22__B1_P10912--1a22__A1_P01241,9,1,1,0,0.7617428709448332,86.0625,True,0.8837713003158569
1a22__B1_P10912--1a22__A1_P01241,10,5,0,0,0.7417280014826259,86.0,True,0.8955498933792114
1a22__B1_P10912--1a22__A1_P01241,11,1,3,0,0.7119218859417579,85.375,True,0.9336946606636047
1a22__B1_P10912--1a22__A1_P01241,12,4,1,0,0.757200159376478,85.3125,True,0.9396509528160095
1a22__B1_P10912--1a22__A1_P01241,13,1,0,0,0.7604113458223262,85.1875,True,0.8609009981155396
1a22__B1_P10912--1a22__A1_P01241,14,5,3,0,0.712401142205961,85.125,True,0.9145262241363525
1a22__B1_P10912--1a22__A1_P01241,15,3,0,0,0.7616534368510722,84.6875,True,0.9437630772590637
1a22__B1_P10912--1a22__A1_P01241,16,2,2,0,0.6823175844965276,84.25,True,0.9716307520866394
1a22__B1_P10912--1a22__A1_P01241,17,2,3,0,0.7607137523567792,84.25,True,0.7880526781082153
1a22__B1_P10912--1a22__A1_P01241,18,2,1,0,0.7431150463838637,83.8125,True,0.8993442058563232
1a22__B1_P10912--1a22__A1_P01241,19,1,2,0,0.754387122295798,83.125,True,0.8783366084098816
1a22__B1_P10912--1a22__A1_P01241,20,2,0,0,0.7554631172550303,81.9375,True,0.6885321736335754
1aor__A1_Q51739--1aor__B1_Q51739,1,2,0,0,0.9232179069699614,88.875,True,0.012047489173710346
1aor__A1_Q51739--1aor__B1_Q51739,2,3,2,0,0.7994074307245059,67.375,True,0.08330293744802475
1aor__A1_Q51739--1aor__B1_Q51739,3,2,2,0,0.1902847189197419,37.625,False,0.021550118923187256
1aor__A1_Q51739--1aor__B1_Q51739,4,2,3,0,0.0192137589300618,31.8125,False,0.01750878617167473
1aor__A1_Q51739--1aor__B1_Q51739,5,3,1,0,0.0075841322500278,27.921875,False,0.054199207574129105
1aor__A1_Q51739--1aor__B1_Q51739,6,4,3,0,0.0088507602965184,27.375,False,0.18948787450790405
1aor__A1_Q51739--1aor__B1_Q51739,7,4,1,0,0.0084460928758452,27.28125,False,0.06309464573860168
1aor__A1_Q51739--1aor__B1_Q51739,8,4,0,0,0.0086027185186051,26.96875,False,0.6055149435997009
1aor__A1_Q51739--1aor__B1_Q51739,9,4,2,0,0.0087055093665777,26.609375,False,0.28183484077453613
1aor__A1_Q51739--1aor__B1_Q51739,10,3,0,0,0.007606932441334,26.40625,False,0.06981934607028961
1aor__A1_Q51739--1aor__B1_Q51739,11,1,2,0,0.0099708927186974,26.03125,False,0.09301823377609253
1aor__A1_Q51739--1aor__B1_Q51739,12,2,1,0,0.0102072551865075,25.953125,False,0.0827232301235199
1aor__A1_Q51739--1aor__B1_Q51739,13,1,1,0,0.0099155854094919,25.59375,False,0.06165865808725357
1aor__A1_Q51739--1aor__B1_Q51739,14,5,1,0,0.0075043373959546,25.53125,False,0.0846422091126442
1aor__A1_Q51739--1aor__B1_Q51739,15,1,0,0,0.0103159735809802,25.390625,False,0.098375603556633
1aor__A1_Q51739--1aor__B1_Q51739,16,1,3,0,0.0099376661482493,25.34375,False,0.08341635763645172
1aor__A1_Q51739--1aor__B1_Q51739,17,5,2,0,0.0081060680899444,25.203125,False,0.1058541014790535
1aor__A1_Q51739--1aor__B1_Q51739,18,5,3,0,0.0077966620281299,25.0,False,0.03842654824256897
1aor__A1_Q51739--1aor__B1_Q51739,19,5,0,0,0.0079601359746958,24.8125,False,0.08646263927221298
1aor__A1_Q51739--1aor__B1_Q51739,20,3,3,0,0.0089206972557888,24.171875,False,0.3105687201023102
1b3q__B1_Q56310--1b3q__A1_Q56310,1,2,3,2,0.3565377439920534,55.90625,True,0.787467360496521
1b3q__B1_Q56310--1b3q__A1_Q56310,2,2,2,2,0.3660196690484456,55.21875,True,0.7850111722946167
1b3q__B1_Q56310--1b3q__A1_Q56310,3,2,0,2,0.3680319629716597,53.90625,True,0.7913767099380493
1b3q__B1_Q56310--1b3q__A1_Q56310,4,2,1,2,0.3659268807296169,53.1875,True,0.78935706615448
1b3q__B1_Q56310--1b3q__A1_Q56310,5,1,1,2,0.3636373718425517,52.375,True,0.8369851112365723
1b3q__B1_Q56310--1b3q__A1_Q56310,6,1,2,2,0.3659628792826737,52.25,True,0.8433233499526978
1b3q__B1_Q56310--1b3q__A1_Q56310,7,1,3,2,0.364608171214311,52.09375,True,0.8436964750289917
1b3q__B1_Q56310--1b3q__A1_Q56310,8,1,0,2,0.3686394252423659,51.1875,True,0.8422354459762573
1b3q__B1_Q56310--1b3q__A1_Q56310,9,5,2,2,0.3507643693653121,49.21875,True,0.8467435836791992
1b3q__B1_Q56310--1b3q__A1_Q56310,10,5,0,2,0.3505705794677156,48.8125,True,0.8378923535346985
1b3q__B1_Q56310--1b3q__A1_Q56310,11,4,0,2,0.359870511912645,48.78125,True,0.9011163115501404
1b3q__B1_Q56310--1b3q__A1_Q56310,12,4,2,2,0.3572257850611308,48.59375,True,0.9090645909309387
1b3q__B1_Q56310--1b3q__A1_Q56310,13,4,1,2,0.360558268962399,48.125,True,0.9061697125434875
1b3q__B1_Q56310--1b3q__A1_Q56310,14,3,2,2,0.3567977928791677,48.03125,True,0.8572906851768494
1b3q__B1_Q56310--1b3q__A1_Q56310,15,3,3,2,0.3602529197995281,48.0,True,0.8289942145347595
1b3q__B1_Q56310--1b3q__A1_Q56310,16,3,0,2,0.3584723472657474,47.90625,True,0.8206547498703003
1b3q__B1_Q56310--1b3q__A1_Q56310,17,5,1,2,0.3520193379996564,47.90625,True,0.8458279967308044
1b3q__B1_Q56310--1b3q__A1_Q56310,18,5,3,2,0.3508378623165776,47.78125,True,0.8437432646751404
1b3q__B1_Q56310--1b3q__A1_Q56310,19,4,3,2,0.3598618101973114,47.59375,True,0.9049192667007446
1b3q__B1_Q56310--1b3q__A1_Q56310,20,3,1,2,0.3609833813183612,47.4375,True,0.8329794406890869
1b7e__A1_Q46731--1b7e__A2_Q46731,1,2,1,0,0.7810456643138058,71.0,True,0.8117743134498596
1b7e__A1_Q46731--1b7e__A2_Q46731,2,2,3,0,0.7670160518216428,70.3125,True,0.7972137331962585
1b7e__A1_Q46731--1b7e__A2_Q46731,3,2,2,0,0.7796114556470015,67.4375,True,0.7970067262649536
1b7e__A1_Q46731--1b7e__A2_Q46731,4,2,0,0,0.7168296254437304,65.75,True,0.8117743134498596
1b7e__A1_Q46731--1b7e__A2_Q46731,5,1,2,0,0.7472874609712273,65.6875,True,0.9308190941810608
1b7e__A1_Q46731--1b7e__A2_Q46731,6,1,1,0,0.7219745724898763,64.75,True,0.9102302193641663
1b7e__A1_Q46731--1b7e__A2_Q46731,7,1,0,0,0.7312533339774102,63.25,True,0.9102302193641663
1b7e__A1_Q46731--1b7e__A2_Q46731,8,1,3,0,0.7290821237880932,62.46875,True,0.9068071246147156
1b7e__A1_Q46731--1b7e__A2_Q46731,9,4,3,0,0.7963728940412943,62.15625,True,0.9339463710784912
1b7e__A1_Q46731--1b7e__A2_Q46731,10,4,1,0,0.7897256322827095,60.9375,True,0.9355833530426025
1b7e__A1_Q46731--1b7e__A2_Q46731,11,4,0,0,0.7888596319523756,60.40625,True,0.9355833530426025
1b7e__A1_Q46731--1b7e__A2_Q46731,12,4,2,0,0.7820365707195295,59.59375,True,0.9355833530426025
1b7e__A1_Q46731--1b7e__A2_Q46731,13,3,0,0,0.7384004034549561,58.59375,True,0.9358230233192444
1b7e__A1_Q46731--1b7e__A2_Q46731,14,3,2,0,0.7755512843672027,55.6875,True,0.8997028470039368
1b7e__A1_Q46731--1b7e__A2_Q46731,15,5,0,0,0.8008858414179078,55.25,True,0.8916282653808594
1b7e__A1_Q46731--1b7e__A2_Q46731,16,3,3,0,0.762436131069603,55.0,True,0.8965653777122498
1b7e__A1_Q46731--1b7e__A2_Q46731,17,5,3,0,0.784945910512297,54.375,True,0.9550333619117737
1b7e__A1_Q46731--1b7e__A2_Q46731,18,3,1,0,0.7579367985669722,53.8125,True,0.9105307459831238
1b7e__A1_Q46731--1b7e__A2_Q46731,19,5,1,0,0.7959612469780467,51.875,True,0.9257251024246216
1b7e__A1_Q46731--1b7e__A2_Q46731,20,5,2,0,0.7897269763480379,51.375,True,0.9438372254371643
1bed__A1_P32557--1bed__A2_P32557,1,3,3,2,0.90534195021465,78.0625,True,0.29438042640686035
1bed__A1_P32557--1bed__A2_P32557,2,1,0,2,0.9153799808183084,74.25,True,2.1788270032629953e-07
1bed__A1_P32557--1bed__A2_P32557,3,1,1,2,0.9161294304801988,73.125,True,9.065065569302533e-07
1bed__A1_P32557--1bed__A2_P32557,4,3,0,2,0.8966985913492764,71.0,True,0.03802608326077461
1bed__A1_P32557--1bed__A2_P32557,5,1,2,2,0.9103548140336024,68.1875,True,1.345004534414329e-07
1bed__A1_P32557--1bed__A2_P32557,6,1,3,2,0.912071655174136,66.9375,True,1.345004534414329e-07
1bed__A1_P32557--1bed__A2_P32557,7,3,1,2,0.8819083054141998,66.5625,True,0.019567249342799187
1bed__A1_P32557--1bed__A2_P32557,8,3,2,2,0.577325226972271,59.15625,True,0.9803662896156311
1bed__A1_P32557--1bed__A2_P32557,9,4,3,2,0.8985300184047199,35.21875,True,0.19479916989803314
1bed__A1_P32557--1bed__A2_P32557,10,4,0,2,0.9117235548770508,32.625,True,0.14115382730960846
1bed__A1_P32557--1bed__A2_P32557,11,4,2,2,0.9218306685456796,32.09375,True,0.3473668098449707
1bed__A1_P32557--1bed__A2_P32557,12,4,1,2,0.8693768674540582,30.921875,True,0.4890069365501404
1bed__A1_P32557--1bed__A2_P32557,13,5,1,2,0.039425182482865,26.765625,False,0.004722258076071739
1bed__A1_P32557--1bed__A2_P32557,14,2,3,2,0.0577049053215288,24.828125,False,0.017032355070114136
1bed__A1_P32557--1bed__A2_P32557,15,2,2,2,0.0609198499300643,24.453125,False,0.02924993820488453
1bed__A1_P32557--1bed__A2_P32557,16,2,0,2,0.0955578622209256,24.171875,False,0.0517059750854969
1bed__A1_P32557--1bed__A2_P32557,17,2,1,2,0.1311729712489855,23.78125,False,0.0848584696650505
1bed__A1_P32557--1bed__A2_P32557,18,5,0,2,0.0436141690764157,23.34375,False,0.0049633304588496685
1bed__A1_P32557--1bed__A2_P32557,19,5,3,2,0.0498934529157468,23.203125,False,0.0191403329372406
1bed__A1_P32557--1bed__A2_P32557,20,5,2,2,0.4887083004014713,21.921875,True,0.3974243700504303
1bl4__A1_P62942--1bl4__B1_P62942,1,3,0,4,0.0176767603813217,71.8125,False,0.0011963887372985482
1bl4__A1_P62942--1bl4__B1_P62942,2,3,2,4,0.0178362788979199,71.625,False,0.0014988911570981145
1bl4__A1_P62942--1bl4__B1_P62942,3,3,3,4,0.0175494493975899,71.375,False,0.002906425390392542
1bl4__A1_P62942--1bl4__B1_P62942,4,3,1,4,0.017269144779628,70.1875,False,0.004225387237966061
1bl4__A1_P62942--1bl4__B1_P62942,5,5,0,4,0.0163514459323346,46.0,False,0.005584364291280508
1bl4__A1_P62942--1bl4__B1_P62942,6,4,0,4,0.0142456186345981,44.625,False,0.4664480984210968
1bl4__A1_P62942--1bl4__B1_P62942,7,5,1,4,0.0157156306241698,44.0,False,0.0999947190284729
1bl4__A1_P62942--1bl4__B1_P62942,8,5,2,4,0.0163553016056906,43.71875,False,0.041250523179769516
1bl4__A1_P62942--1bl4__B1_P62942,9,1,0,4,0.2643265164934351,42.4375,True,0.17668801546096802
1bl4__A1_P62942--1bl4__B1_P62942,10,5,3,4,0.0161381569810053,42.1875,False,0.06216792017221451
1bl4__A1_P62942--1bl4__B1_P62942,11,1,3,4,0.2645078326591331,41.25,True,0.2163032591342926
1bl4__A1_P62942--1bl4__B1_P62942,12,1,2,4,0.2637626899541654,41.1875,True,0.28103989362716675
1bl4__A1_P62942--1bl4__B1_P62942,13,4,3,4,0.0146362276427371,41.03125,False,0.8966423273086548
1bl4__A1_P62942--1bl4__B1_P62942,14,4,1,4,0.0149496857617139,39.28125,False,0.1772441416978836
1bl4__A1_P62942--1bl4__B1_P62942,15,1,1,4,0.2659203364527076,38.59375,True,0.06265991926193237
1bl4__A1_P62942--1bl4__B1_P62942,16,4,2,4,0.0150084793108121,38.21875,False,0.8720815181732178
1bl4__A1_P62942--1bl4__B1_P62942,17,2,2,4,0.1431052119906122,22.15625,False,0.12890936434268951
1bl4__A1_P62942--1bl4__B1_P62942,18,2,3,4,0.03325903692713,20.125,False,0.13389943540096283
1bl4__A1_P62942--1bl4__B1_P62942,19,2,1,4,0.0401088559755276,19.59375,False,0.06440884619951248
1bl4__A1_P62942--1bl4__B1_P62942,20,2,0,4,0.0365283659204887,19.453125,False,0.056117672473192215
1boy__A1_P13726--1boy__A2_P13726,1,4,2,1,0.0054806596203427,67.875,False,5.419122771854745e-06
1boy__A1_P13726--1boy__A2_P13726,2,3,3,1,0.0041261901901919,67.5625,False,1.4037299479241483e-05
1boy__A1_P13726--1boy__A2_P13726,3,3,2,1,0.0070912111666583,65.75,False,9.118596608459484e-06
1boy__A1_P13726--1boy__A2_P13726,4,4,0,1,0.0036676960535717,62.5625,False,5.488410351972561e-06
1boy__A1_P13726--1boy__A2_P13726,5,4,3,1,0.005209789532057,61.03125,False,4.343219188740477e-06
1boy__A1_P13726--1boy__A2_P13726,6,4,1,1,0.0029700847366191,59.75,False,3.3972733035625424e-06
1boy__A1_P13726--1boy__A2_P13726,7,2,0,1,0.0049764956655499,59.125,False,0.017513003200292587
1boy__A1_P13726--1boy__A2_P13726,8,3,0,1,0.0031809866115659,53.875,False,0.00010971898882417008
1boy__A1_P13726--1boy__A2_P13726,9,2,1,1,0.0041162630072851,51.65625,False,0.007067177444696426
1boy__A1_P13726--1boy__A2_P13726,10,2,2,1,0.0042182150661968,50.59375,False,0.025291554629802704
1boy__A1_P13726--1boy__A2_P13726,11,3,1,1,0.002507673943066,20.234375,False,0.05729148909449577
1boy__A1_P13726--1boy__A2_P13726,12,1,0,1,0.0046424987792813,17.90625,False,0.24414414167404175
1boy__A1_P13726--1boy__A2_P13726,13,1,3,1,0.004953991630168,17.875,False,0.15003730356693268
1boy__A1_P13726--1boy__A2_P13726,14,1,1,1,0.0046688796423872,17.71875,False,0.2047058641910553
1boy__A1_P13726--1boy__A2_P13726,15,1,2,1,0.0045555007598033,17.59375,False,0.2635689079761505
1boy__A1_P13726--1boy__A2_P13726,16,2,3,1,0.0053746260806112,17.140625,False,0.05363352596759796
1boy__A1_P13726--1boy__A2_P13726,17,5,0,1,0.0052112045391539,16.71875,False,0.17610374093055725
1boy__A1_P13726--1boy__A2_P13726,18,5,1,1,0.005660649719273,16.640625,False,0.14290031790733337
1boy__A1_P13726--1boy__A2_P13726,19,5,3,1,0.0098640023179004,16.25,False,0.048208825290203094
1boy__A1_P13726--1boy__A2_P13726,20,5,2,1,0.0091817487294234,15.8125,False,0.048208825290203094
1cdd__A1_P08179--1cdd__B1_P08179,1,4,1,0,0.0070469744777235,77.4375,False,0.999138593673706
1cdd__A1_P08179--1cdd__B1_P08179,2,4,3,0,0.0071123393886255,77.125,False,0.9986149072647095
1cdd__A1_P08179--1cdd__B1_P08179,3,4,2,0,0.0070407934505763,75.625,False,0.9991310238838196
1cdd__A1_P08179--1cdd__B1_P08179,4,1,3,0,0.0073650793987315,74.6875,False,0.3816335201263428
1cdd__A1_P08179--1cdd__B1_P08179,5,1,1,0,0.0080054362646685,72.6875,False,0.06998668611049652
1cdd__A1_P08179--1cdd__B1_P08179,6,1,0,0,0.0079335412339944,71.375,False,0.08104799687862396
1cdd__A1_P08179--1cdd__B1_P08179,7,1,2,0,0.0078519445640855,70.5,False,0.024154817685484886
1cdd__A1_P08179--1cdd__B1_P08179,8,2,3,0,0.0073159378858146,68.3125,False,0.5662913918495178
1cdd__A1_P08179--1cdd__B1_P08179,9,2,2,0,0.0074505755081369,67.6875,False,0.6346545815467834
1cdd__A1_P08179--1cdd__B1_P08179,10,2,0,0,0.0074056740145334,65.6875,False,0.7148880362510681
1cdd__A1_P08179--1cdd__B1_P08179,11,3,0,0,0.0093545840112539,37.6875,False,0.10843430459499359
1cdd__A1_P08179--1cdd__B1_P08179,12,3,1,0,0.0092679482540509,37.375,False,0.053359199315309525
1cdd__A1_P08179--1cdd__B1_P08179,13,4,0,0,0.0086880501998202,32.875,False,0.02363274060189724
1cdd__A1_P08179--1cdd__B1_P08179,14,3,2,0,0.0097977679560096,31.890625,False,0.044939544051885605
1cdd__A1_P08179--1cdd__B1_P08179,15,3,3,0,0.00914391671036,31.1875,False,0.08080078661441803
1cdd__A1_P08179--1cdd__B1_P08179,16,5,3,0,0.0090904726023275,29.65625,False,0.24067208170890808
1cdd__A1_P08179--1cdd__B1_P08179,17,2,1,0,0.0093109793054153,28.296875,False,0.0310616884380579
1cdd__A1_P08179--1cdd__B1_P08179,18,5,1,0,0.0081353013815176,26.375,False,0.03792975842952728
1cdd__A1_P08179--1cdd__B1_P08179,19,5,0,0,0.0076655899903046,24.703125,False,0.1188681349158287
1cdd__A1_P08179--1cdd__B1_P08179,20,5,2,0,0.0081279649735014,24.40625,False,0.02407125011086464
1dov__A1_P26231--1dov__A2_P26231,1,3,2,2,0.7288057425382591,81.0625,True,0.09749945253133774
1dov__A1_P26231--1dov__A2_P26231,2,3,0,2,0.7235393162781797,80.5625,True,0.06632476300001144
1dov__A1_P26231--1dov__A2_P26231,3,3,3,2,0.7275830559416634,80.3125,True,0.061735980212688446
1dov__A1_P26231--1dov__A2_P26231,4,3,1,2,0.70750961440132,80.3125,True,0.07544775307178497
1dov__A1_P26231--1dov__A2_P26231,5,5,3,2,0.7344372177503926,72.875,True,0.01744026131927967
1dov__A1_P26231--1dov__A2_P26231,6,5,2,2,0.7315093467979246,70.8125,True,0.018215227872133255
1dov__A1_P26231--1dov__A2_P26231,7,5,0,2,0.7257952491476982,68.8125,True,0.014209996908903122
1dov__A1_P26231--1dov__A2_P26231,8,5,1,2,0.7211482449969067,67.0625,True,0.011505773290991783
1dov__A1_P26231--1dov__A2_P26231,9,2,0,2,0.7728623775374647,58.71875,True,0.02810291200876236
1dov__A1_P26231--1dov__A2_P26231,10,2,2,2,0.7451931097173997,57.40625,True,0.033485960215330124
1dov__A1_P26231--1dov__A2_P26231,11,2,3,2,0.772432223701648,55.3125,True,0.0801478922367096
1dov__A1_P26231--1dov__A2_P26231,12,2,1,2,0.738599267720068,53.71875,True,0.028262807056307793
1dov__A1_P26231--1dov__A2_P26231,13,1,3,2,0.0081679864289101,23.734375,False,0.06776103377342224
1dov__A1_P26231--1dov__A2_P26231,14,1,1,2,0.0082373203591503,23.234375,False,0.12412597239017487
1dov__A1_P26231--1dov__A2_P26231,15,4,1,2,0.5387706214362165,23.109375,True,0.20665541291236877
1dov__A1_P26231--1dov__A2_P26231,16,4,2,2,0.3691007990111532,22.125,True,0.039662107825279236
1dov__A1_P26231--1dov__A2_P26231,17,1,2,2,0.0135405490184172,21.375,False,0.13116666674613953
1dov__A1_P26231--1dov__A2_P26231,18,1,0,2,0.008437008252826,21.0,False,0.12220185250043869
1dov__A1_P26231--1dov__A2_P26231,19,4,0,2,0.1331419809498939,17.90625,False,0.03626805171370506
1dov__A1_P26231--1dov__A2_P26231,20,4,3,2,0.1226955924040615,17.359375,False,0.01051413919776678
1e1c__A1_P11653--1e1c__B1_P11652,1,5,3,1,0.8879610296877852,95.3125,True,0.8507429361343384
1e1c__A1_P11653--1e1c__B1_P11652,2,5,1,1,0.8824624056244575,95.3125,True,0.8181827068328857
1e1c__A1_P11653--1e1c__B1_P11652,3,4,1,1,0.8780828307520663,95.25,True,0.85312420129776
1e1c__A1_P11653--1e1c__B1_P11652,4,5,2,1,0.8779362841725277,95.25,True,0.8328586220741272
1e1c__A1_P11653--1e1c__B1_P11652,5,4,2,1,0.8769812124617719,95.25,True,0.860490083694458
1e1c__A1_P11653--1e1c__B1_P11652,6,4,3,1,0.8848930295749645,95.1875,True,0.8780366778373718
1e1c__A1_P11653--1e1c__B1_P11652,7,4,0,1,0.8816670967274084,95.1875,True,0.8661597371101379
1e1c__A1_P11653--1e1c__B1_P11652,8,5,0,1,0.8847508049676026,95.1875,True,0.8439742922782898
1e1c__A1_P11653--1e1c__B1_P11652,9,3,2,1,0.8812043703593312,95.125,True,0.8114838004112244
1e1c__A1_P11653--1e1c__B1_P11652,10,3,1,1,0.8821870154328565,95.0625,True,0.7938393354415894
1e1c__A1_P11653--1e1c__B1_P11652,11,3,3,1,0.887511542985337,95.0625,True,0.8293704986572266
1e1c__A1_P11653--1e1c__B1_P11652,12,1,1,1,0.8949368997469773,95.0,True,0.8202046751976013
1e1c__A1_P11653--1e1c__B1_P11652,13,3,0,1,0.877376988524769,95.0,True,0.8291189074516296
1e1c__A1_P11653--1e1c__B1_P11652,14,1,2,1,0.8885638722686778,94.9375,True,0.8054806590080261
1e1c__A1_P11653--1e1c__B1_P11652,15,2,2,1,0.8936868563914121,94.9375,True,0.7834528684616089
1e1c__A1_P11653--1e1c__B1_P11652,16,1,3,1,0.897450727532742,94.9375,True,0.8395466208457947
1e1c__A1_P11653--1e1c__B1_P11652,17,2,3,1,0.900440552363834,94.875,True,0.8092460632324219
1e1c__A1_P11653--1e1c__B1_P11652,18,2,1,1,0.9001500004725854,94.875,True,0.7765398025512695
1e1c__A1_P11653--1e1c__B1_P11652,19,2,0,1,0.8938514573255358,94.8125,True,0.7998528480529785
1e1c__A1_P11653--1e1c__B1_P11652,20,1,0,1,0.8908377701316491,94.8125,True,0.8408342599868774
1e5s__A1_O09345--1e5s__B2_O09345,1,5,0,1,0.0682889959251928,65.6875,False,0.9957520961761475
1e5s__A1_O09345--1e5s__B2_O09345,2,1,1,1,0.0672913027009006,59.3125,False,0.36562642455101013
1e5s__A1_O09345--1e5s__B2_O09345,3,2,3,1,0.0687355080355387,58.6875,False,0.4689420461654663
1e5s__A1_O09345--1e5s__B2_O09345,4,1,3,1,0.0673330764207844,53.25,False,0.28717437386512756
1e5s__A1_O09345--1e5s__B2_O09345,5,4,2,1,0.0685786201092851,51.25,False,0.3024687170982361
1e5s__A1_O09345--1e5s__B2_O09345,6,3,0,1,0.0683416894825023,50.625,False,0.48405057191848755
1e5s__A1_O09345--1e5s__B2_O09345,7,5,2,1,0.0682598503077234,50.375,False,0.9956631064414978
1e5s__A1_O09345--1e5s__B2_O09345,8,4,0,1,0.0686836664789703,49.84375,False,0.5126644372940063
1e5s__A1_O09345--1e5s__B2_O09345,9,4,1,1,0.0686450079519121,49.8125,False,0.6881155967712402
1e5s__A1_O09345--1e5s__B2_O09345,10,4,3,1,0.0686090461093014,49.75,False,0.9149490594863892
1e5s__A1_O09345--1e5s__B2_O09345,11,3,1,1,0.0684966867610625,49.4375,False,0.8227329850196838
1e5s__A1_O09345--1e5s__B2_O09345,12,3,2,1,0.0685306322095413,49.34375,False,0.9382404685020447
1e5s__A1_O09345--1e5s__B2_O09345,13,3,3,1,0.06837181600919,48.6875,False,0.2239980846643448
1e5s__A1_O09345--1e5s__B2_O09345,14,2,2,1,0.0685851687678971,48.65625,False,0.8130223155021667
1e5s__A1_O09345--1e5s__B2_O09345,15,2,0,1,0.0687962228071719,46.78125,False,0.3340458273887634
1e5s__A1_O09345--1e5s__B2_O09345,16,1,0,1,0.0969251311814948,46.59375,False,0.9994693398475647
1e5s__A1_O09345--1e5s__B2_O09345,17,2,1,1,0.0688125829949602,46.4375,False,0.7490962743759155
1e5s__A1_O09345--1e5s__B2_O09345,18,1,2,1,0.0416225527677125,45.15625,False,0.8510656952857971
1e5s__A1_O09345--1e5s__B2_O09345,19,5,1,1,0.0684087160923108,44.5,False,0.9950600266456604
1e5s__A1_O09345--1e5s__B2_O09345,20,5,3,1,0.0685111674340551,44.46875,False,0.9877632260322571
1evx__A1_Q94702--1evx__B1_Q94702,1,3,3,0,0.010925439496474,83.9375,False,0.6299569606781006
1evx__A1_Q94702--1evx__B1_Q94702,2,1,3,0,0.0106887260735216,82.5,False,0.007149291690438986
1evx__A1_Q94702--1evx__B1_Q94702,3,5,3,0,0.0081590347435443,82.4375,False,0.818668007850647
1evx__A1_Q94702--1evx__B1_Q94702,4,3,2,0,0.0103580558701426,81.25,False,0.9991193413734436
1evx__A1_Q94702--1evx__B1_Q94702,5,5,0,0,0.0083365714057729,79.9375,False,0.992340087890625
1evx__A1_Q94702--1evx__B1_Q94702,6,3,0,0,0.0083639274187413,79.3125,False,0.9995237588882446
1evx__A1_Q94702--1evx__B1_Q94702,7,4,2,0,0.0096473411158354,77.25,False,0.9983622431755066
1evx__A1_Q94702--1evx__B1_Q94702,8,5,1,0,0.0082699114596067,76.5625,False,0.9997333884239197
1evx__A1_Q94702--1evx__B1_Q94702,9,4,1,0,0.0084140522103871,73.0625,False,0.999221920967102
1evx__A1_Q94702--1evx__B1_Q94702,10,5,2,0,0.00959210957137,72.3125,False,0.5565029382705688
1evx__A1_Q94702--1evx__B1_Q94702,11,4,0,0,0.0100342612859327,71.0,False,0.6027780771255493
1evx__A1_Q94702--1evx__B1_Q94702,12,2,1,0,0.0088150788485174,68.0,False,0.9390913248062134
1evx__A1_Q94702--1evx__B1_Q94702,13,2,2,0,0.0102244976931274,66.3125,False,0.8961451649665833
1evx__A1_Q94702--1evx__B1_Q94702,14,1,2,0,0.0100925353353011,62.6875,False,0.0010344648035243154
1evx__A1_Q94702--1evx__B1_Q94702,15,4,3,0,0.0084975266538872,62.5625,False,0.6739398837089539
1evx__A1_Q94702--1evx__B1_Q94702,16,1,1,0,0.0108132490073413,55.65625,False,0.04315166175365448
1evx__A1_Q94702--1evx__B1_Q94702,17,3,1,0,0.0109906266411894,53.34375,False,0.12682579457759857
1evx__A1_Q94702--1evx__B1_Q94702,18,2,3,0,0.0104346300330603,52.5,False,0.8338676691055298
1evx__A1_Q94702--1evx__B1_Q94702,19,1,0,0,0.0105102797263241,22.9375,False,0.036980509757995605
1evx__A1_Q94702--1evx__B1_Q94702,20,2,0,0,0.0101116421488417,19.3125,False,0.04505486413836479
1exs__A1_P04119--1exs__A2_P04119,1,3,3,1,0.3011266108835699,66.5625,True,0.9999040365219116
1exs__A1_P04119--1exs__A2_P04119,2,3,1,1,0.3164791485752165,62.125,True,0.9998292922973633
1exs__A1_P04119--1exs__A2_P04119,3,3,2,1,0.3226009025174198,62.0625,True,0.9998220801353455
1exs__A1_P04119--1exs__A2_P04119,4,3,0,1,0.3217386191244765,61.21875,True,0.999885082244873
1exs__A1_P04119--1exs__A2_P04119,5,1,2,1,0.3259900901940235,59.125,True,0.9871546030044556
1exs__A1_P04119--1exs__A2_P04119,6,2,0,1,0.0123313610663717,58.9375,False,0.09658151119947433
1exs__A1_P04119--1exs__A2_P04119,7,2,1,1,0.0108744873183826,57.78125,False,0.10112036019563675
1exs__A1_P04119--1exs__A2_P04119,8,1,3,1,0.3218903431690887,57.3125,True,0.9793811440467834
1exs__A1_P04119--1exs__A2_P04119,9,1,1,1,0.3245903115449811,55.53125,True,0.9880573749542236
1exs__A1_P04119--1exs__A2_P04119,10,2,3,1,0.0109403022976491,54.65625,False,0.38690274953842163
1exs__A1_P04119--1exs__A2_P04119,11,4,2,1,0.2954843279502046,28.171875,True,0.657115638256073
1exs__A1_P04119--1exs__A2_P04119,12,4,0,1,0.2366206810736957,26.1875,True,0.4397316575050354
1exs__A1_P04119--1exs__A2_P04119,13,2,2,1,0.0094738951959988,22.375,False,0.046465836465358734
1exs__A1_P04119--1exs__A2_P04119,14,4,3,1,0.3004691787256889,21.53125,True,0.13123467564582825
1exs__A1_P04119--1exs__A2_P04119,15,4,1,1,0.1255535181241075,19.0625,False,0.2911263704299927
1exs__A1_P04119--1exs__A2_P04119,16,5,0,1,0.1926715407736669,18.625,False,0.06084849685430527
1exs__A1_P04119--1exs__A2_P04119,17,5,2,1,0.195259449744219,17.625,False,0.08831744641065598
1exs__A1_P04119--1exs__A2_P04119,18,5,1,1,0.1513873163789423,17.09375,False,0.16547952592372894
1exs__A1_P04119--1exs__A2_P04119,19,5,3,1,0.3083444788113792,17.0625,True,0.15943536162376404
1exs__A1_P04119--1exs__A2_P04119,20,1,0,1,0.0569774810232433,14.9140625,False,0.06940209120512009
1f8u__A1_P22303--1f8u__B1_P0C1Z0,1,3,0,4,0.1074135757276404,52.21875,False,0.813713014125824
1f8u__A1_P22303--1f8u__B1_P0C1Z0,2,3,3,4,0.1019832102705993,51.75,False,0.7066829800605774
1f8u__A1_P22303--1f8u__B1_P0C1Z0,3,3,2,4,0.0945510892678223,51.4375,False,0.637245237827301
1f8u__A1_P22303--1f8u__B1_P0C1Z0,4,3,1,4,0.1022628272256454,51.1875,False,0.7394827008247375
1f8u__A1_P22303--1f8u__B1_P0C1Z0,5,4,3,4,0.1178671675121576,50.125,False,0.47582337260246277
1f8u__A1_P22303--1f8u__B1_P0C1Z0,6,4,0,4,0.1291056023301792,49.65625,False,0.7520755529403687
1f8u__A1_P22303--1f8u__B1_P0C1Z0,7,5,3,4,0.0838182214140566,48.0,False,0.42905890941619873
1f8u__A1_P22303--1f8u__B1_P0C1Z0,8,4,1,4,0.1576398698849319,45.96875,False,0.5408868193626404
1f8u__A1_P22303--1f8u__B1_P0C1Z0,9,1,2,4,0.0886254374684536,45.15625,False,0.38014090061187744
1f8u__A1_P22303--1f8u__B1_P0C1Z0,10,1,3,4,0.0791396836420555,45.03125,False,0.25751417875289917
1f8u__A1_P22303--1f8u__B1_P0C1Z0,11,4,2,4,0.2087220039777344,44.78125,False,0.6750783324241638
1f8u__A1_P22303--1f8u__B1_P0C1Z0,12,5,2,4,0.4520224867354952,44.375,True,0.06569167971611023
1f8u__A1_P22303--1f8u__B1_P0C1Z0,13,5,1,4,0.3228791062046801,42.4375,True,0.24599388241767883
1f8u__A1_P22303--1f8u__B1_P0C1Z0,14,1,0,4,0.2229304863071196,42.34375,False,0.663661777973175
1f8u__A1_P22303--1f8u__B1_P0C1Z0,15,5,0,4,0.0967056108471119,41.875,False,0.17457348108291626
1f8u__A1_P22303--1f8u__B1_P0C1Z0,16,2,0,4,0.1523672187681608,41.6875,False,0.5239618420600891
1f8u__A1_P22303--1f8u__B1_P0C1Z0,17,2,1,4,0.1293785873407412,39.6875,False,0.31354108452796936
1f8u__A1_P22303--1f8u__B1_P0C1Z0,18,1,1,4,0.108823376567948,38.78125,False,0.3771415948867798
1f8u__A1_P22303--1f8u__B1_P0C1Z0,19,2,2,4,0.1976686131628396,36.90625,False,0.7058745622634888
1f8u__A1_P22303--1f8u__B1_P0C1Z0,20,2,3,4,0.206666169651859,36.5,False,0.7429785132408142
1fd3__A1_O15263--1fd3__C1_O15263,1,3,0,2,0.0294831960716535,82.8125,False,0.9999536275863647
1fd3__A1_O15263--1fd3__C1_O15263,2,3,2,2,0.0294504541496873,82.125,False,0.9999536275863647
1fd3__A1_O15263--1fd3__C1_O15263,3,3,3,2,0.0295115747184849,82.125,False,0.9999536275863647
1fd3__A1_O15263--1fd3__C1_O15263,4,3,1,2,0.0296008726602693,81.6875,False,0.9999536275863647
1fd3__A1_O15263--1fd3__C1_O15263,5,5,1,2,0.0293442757586005,79.625,False,0.9999736547470093
1fd3__A1_O15263--1fd3__C1_O15263,6,5,0,2,0.029400376985071,79.375,False,0.9999736547470093
1fd3__A1_O15263--1fd3__C1_O15263,7,5,3,2,0.0294356294616377,78.5,False,0.9999885559082031
1fd3__A1_O15263--1fd3__C1_O15263,8,5,2,2,0.0293993171541885,77.6875,False,0.9999736547470093
1fd3__A1_O15263--1fd3__C1_O15263,9,4,2,2,0.0299758874925297,77.4375,False,0.9103274941444397
1fd3__A1_O15263--1fd3__C1_O15263,10,4,0,2,0.0299421256329757,76.25,False,0.9103274941444397
1fd3__A1_O15263--1fd3__C1_O15263,11,4,3,2,0.029871192647484,76.1875,False,0.9551448225975037
1fd3__A1_O15263--1fd3__C1_O15263,12,4,1,2,0.0299296640379213,74.6875,False,0.9103274941444397
1fd3__A1_O15263--1fd3__C1_O15263,13,1,2,2,0.0299608746819958,72.375,False,0.9999997615814209
1fd3__A1_O15263--1fd3__C1_O15263,14,1,3,2,0.0299783134269825,70.8125,False,0.9999997615814209
1fd3__A1_O15263--1fd3__C1_O15263,15,1,1,2,0.0298515884004237,66.125,False,1.0
1fd3__A1_O15263--1fd3__C1_O15263,16,1,0,2,0.0301552917609164,64.375,False,0.9999953508377075
1fd3__A1_O15263--1fd3__C1_O15263,17,2,3,2,0.0318904942076461,29.703125,False,0.02843634784221649
1fd3__A1_O15263--1fd3__C1_O15263,18,2,0,2,0.0663481439754846,26.8125,False,0.011764375492930412
1fd3__A1_O15263--1fd3__C1_O15263,19,2,2,2,0.0310727661213928,23.90625,False,0.035023391246795654
1fd3__A1_O15263--1fd3__C1_O15263,20,2,1,2,0.0623339303716019,18.046875,False,0.011764375492930412
1foe__A1_Q60610--1foe__B1_P63000,1,5,0,1,0.4997908099178576,87.1875,True,0.8304274082183838
1foe__A1_Q60610--1foe__B1_P63000,2,1,2,1,0.4811629523529454,87.0625,True,0.6636753082275391
1foe__A1_Q60610--1foe__B1_P63000,3,5,2,1,0.5309142508392716,86.6875,True,0.8780759572982788
1foe__A1_Q60610--1foe__B1_P63000,4,5,3,1,0.530877140261634,86.3125,True,0.8647143840789795
1foe__A1_Q60610--1foe__B1_P63000,5,5,1,1,0.5530255225990697,85.875,True,0.3088844418525696
1foe__A1_Q60610--1foe__B1_P63000,6,4,1,1,0.5412342427990614,85.4375,True,0.7798568606376648
1foe__A1_Q60610--1foe__B1_P63000,7,4,3,1,0.5081422548181519,85.375,True,0.7102892994880676
1foe__A1_Q60610--1foe__B1_P63000,8,4,0,1,0.5294475033245979,85.0625,True,0.7579798102378845
1foe__A1_Q60610--1foe__B1_P63000,9,1,3,1,0.4954008619725158,84.5625,True,0.8735657334327698
1foe__A1_Q60610--1foe__B1_P63000,10,4,2,1,0.5273955150196542,84.5,True,0.027547568082809448
1foe__A1_Q60610--1foe__B1_P63000,11,2,0,1,0.5574458909509227,84.375,True,0.9749772548675537
1foe__A1_Q60610--1foe__B1_P63000,12,2,3,1,0.5699737901985124,84.0,True,0.967502236366272
1foe__A1_Q60610--1foe__B1_P63000,13,2,1,1,0.560530049026021,83.875,True,0.8980246186256409
1foe__A1_Q60610--1foe__B1_P63000,14,2,2,1,0.5631431680181843,83.8125,True,0.9802106022834778
1foe__A1_Q60610--1foe__B1_P63000,15,1,1,1,0.4790788598113865,83.375,True,0.9868460893630981
1foe__A1_Q60610--1foe__B1_P63000,16,1,0,1,0.4651176942359836,82.375,True,0.9597503542900085
1foe__A1_Q60610--1foe__B1_P63000,17,3,1,1,0.3055667432710305,78.25,True,0.046278174966573715
1foe__A1_Q60610--1foe__B1_P63000,18,3,3,1,0.3002443201266906,76.25,True,0.32058778405189514
1foe__A1_Q60610--1foe__B1_P63000,19,3,0,1,0.3013074571044786,75.1875,True,0.039503492414951324
1foe__A1_Q60610--1foe__B1_P63000,20,3,2,1,0.3297282104581567,72.375,True,0.48448529839515686
1g6u__A1_UNDEFINED--1g6u__B1_UNDEFINED,1,1,1,0,0.7275139921499552,84.0625,True,0.8994359374046326
1g6u__A1_UNDEFINED--1g6u__B1_UNDEFINED,2,1,0,0,0.7175197022200589,83.75,True,0.8702383637428284
1g6u__A1_UNDEFINED--1g6u__B1_UNDEFINED,3,1,3,0,0.7248605329772951,83.6875,True,0.8994359374046326
1g6u__A1_UNDEFINED--1g6u__B1_UNDEFINED,4,5,3,0,0.7171850169222491,82.6875,True,0.8243293762207031
1g6u__A1_UNDEFINED--1g6u__B1_UNDEFINED,5,5,1,0,0.7129438383925771,82.625,True,0.8131807446479797
1g6u__A1_UNDEFINED--1g6u__B1_UNDEFINED,6,1,2,0,0.7288467148281917,82.5625,True,0.8994359374046326
1g6u__A1_UNDEFINED--1g6u__B1_UNDEFINED,7,5,0,0,0.6952270818783074,82.1875,True,0.8318434357643127
1g6u__A1_UNDEFINED--1g6u__B1_UNDEFINED,8,5,2,0,0.7022959475224576,82.0625,True,0.7845884561538696
1g6u__A1_UNDEFINED--1g6u__B1_UNDEFINED,9,3,3,0,0.7022410062592118,81.4375,True,0.9003095626831055
1g6u__A1_UNDEFINED--1g6u__B1_UNDEFINED,10,3,0,0,0.6958057408425774,81.25,True,0.9125276207923889
1g6u__A1_UNDEFINED--1g6u__B1_UNDEFINED,11,3,1,0,0.6951342624584141,81.1875,True,0.9125276207923889
1g6u__A1_UNDEFINED--1g6u__B1_UNDEFINED,12,3,2,0,0.703612155903209,81.0,True,0.9003095626831055
1g6u__A1_UNDEFINED--1g6u__B1_UNDEFINED,13,2,3,0,0.7188141203183024,80.75,True,0.8901482820510864
1g6u__A1_UNDEFINED--1g6u__B1_UNDEFINED,14,2,1,0,0.71712341480335,80.625,True,0.9009873867034912
1g6u__A1_UNDEFINED--1g6u__B1_UNDEFINED,15,2,0,0,0.7211233730814665,80.1875,True,0.8994359374046326
1g6u__A1_UNDEFINED--1g6u__B1_UNDEFINED,16,2,2,0,0.7223426618070667,79.25,True,0.8901482820510864
1g6u__A1_UNDEFINED--1g6u__B1_UNDEFINED,17,4,1,0,0.720957920814806,68.75,True,0.9237716794013977
1g6u__A1_UNDEFINED--1g6u__B1_UNDEFINED,18,4,3,0,0.7294201436351684,67.9375,True,0.8870575428009033
1g6u__A1_UNDEFINED--1g6u__B1_UNDEFINED,19,4,2,0,0.7030861229867155,67.625,True,0.8175775408744812
1g6u__A1_UNDEFINED--1g6u__B1_UNDEFINED,20,4,0,0,0.207852820544509,32.03125,False,0.2552599012851715
1gmg__A1_P03051--1gmg__A2_P03051,1,4,3,4,0.1445360533665282,87.1875,False,0.9999997615814209
1gmg__A1_P03051--1gmg__A2_P03051,2,4,0,4,0.1389728682442884,86.9375,False,0.9999990463256836
1gmg__A1_P03051--1gmg__A2_P03051,3,3,3,4,0.0298206851957383,86.4375,False,0.026107758283615112
1gmg__A1_P03051--1gmg__A2_P03051,4,4,1,4,0.1328083610455947,84.8125,False,0.9999998807907104
1gmg__A1_P03051--1gmg__A2_P03051,5,4,2,4,0.1444036097887071,84.5,False,0.9999998807907104
1gmg__A1_P03051--1gmg__A2_P03051,6,1,0,4,0.0298646191079103,84.375,False,0.002549397526308894
1gmg__A1_P03051--1gmg__A2_P03051,7,3,0,4,0.1491171304357195,80.0625,False,1.5833809356990969e-06
1gmg__A1_P03051--1gmg__A2_P03051,8,3,1,4,0.1492815601022464,73.125,False,1.5833809356990969e-06
1gmg__A1_P03051--1gmg__A2_P03051,9,3,2,4,0.1491576511461756,66.6875,False,1.5833809356990969e-06
1gmg__A1_P03051--1gmg__A2_P03051,10,2,2,4,0.1385656800597699,66.6875,False,5.966850835648074e-07
1gmg__A1_P03051--1gmg__A2_P03051,11,2,3,4,0.1392118485170044,65.75,False,9.773892770681414e-07
1gmg__A1_P03051--1gmg__A2_P03051,12,1,2,4,0.1398357232226637,64.4375,False,3.7064437492517754e-06
1gmg__A1_P03051--1gmg__A2_P03051,13,2,1,4,0.1387357952606599,62.34375,False,1.1179062084920588e-06
1gmg__A1_P03051--1gmg__A2_P03051,14,5,2,4,0.1516308650654541,58.3125,False,0.9545082449913025
1gmg__A1_P03051--1gmg__A2_P03051,15,5,1,4,0.1523066746508811,57.46875,False,0.9466743469238281
1gmg__A1_P03051--1gmg__A2_P03051,16,1,1,4,0.1384960324808557,56.65625,False,9.719750778458547e-06
1gmg__A1_P03051--1gmg__A2_P03051,17,5,3,4,0.1423009189613822,56.25,False,0.9956484436988831
1gmg__A1_P03051--1gmg__A2_P03051,18,2,0,4,0.1505843208515441,51.03125,False,5.4606232424703194e-08
1gmg__A1_P03051--1gmg__A2_P03051,19,1,3,4,0.1505525314154483,50.53125,False,7.366913905570982e-06
1gmg__A1_P03051--1gmg__A2_P03051,20,5,0,4,0.1042319817347025,41.78125,False,0.057960979640483856
1gri__A1_P62993--1gri__B1_P62993,1,1,0,3,0.0441608601924013,47.28125,False,0.888187825679779
1gri__A1_P62993--1gri__B1_P62993,2,2,2,3,0.0159329235705509,44.53125,False,0.0007445793598890305
1gri__A1_P62993--1gri__B1_P62993,3,5,2,3,0.0474020427187148,42.34375,False,3.539602175806067e-06
1gri__A1_P62993--1gri__B1_P62993,4,2,0,3,0.01569647412912,41.28125,False,0.07422660291194916
1gri__A1_P62993--1gri__B1_P62993,5,2,1,3,0.0304721566358484,40.71875,False,1.0392691365268547e-06
1gri__A1_P62993--1gri__B1_P62993,6,2,3,3,0.0159567923596999,40.625,False,0.001790315960533917
1gri__A1_P62993--1gri__B1_P62993,7,5,1,3,0.0474854197027757,38.4375,False,1.396276445575495e-07
1gri__A1_P62993--1gri__B1_P62993,8,3,3,3,0.0425018950372423,38.28125,False,3.844601081937071e-08
1gri__A1_P62993--1gri__B1_P62993,9,5,0,3,0.045026606001258,38.0625,False,7.927704359644849e-07
1gri__A1_P62993--1gri__B1_P62993,10,3,0,3,0.0474049208527736,37.9375,False,1.4350088122228044e-06
1gri__A1_P62993--1gri__B1_P62993,11,3,2,3,0.0492811214420319,34.90625,False,7.552077296857362e-10
1gri__A1_P62993--1gri__B1_P62993,12,5,3,3,0.0468875703706789,33.5,False,2.8234023119466656e-08
1gri__A1_P62993--1gri__B1_P62993,13,3,1,3,0.0475206703482283,32.28125,False,9.503249742692788e-09
1gri__A1_P62993--1gri__B1_P62993,14,4,1,3,0.0376721240652154,30.421875,False,1.706012042745897e-08
1gri__A1_P62993--1gri__B1_P62993,15,4,3,3,0.0173756660481639,28.875,False,0.0005732381250709295
1gri__A1_P62993--1gri__B1_P62993,16,4,2,3,0.039819933716711,28.421875,False,8.598417089444865e-09
1gri__A1_P62993--1gri__B1_P62993,17,4,0,3,0.0560898713175787,27.5625,False,2.2300374880046547e-09
1gri__A1_P62993--1gri__B1_P62993,18,1,3,3,0.0284182871560198,17.921875,False,0.06504788249731064
1gri__A1_P62993--1gri__B1_P62993,19,1,2,3,0.0267030912060237,17.890625,False,0.05509256571531296
1gri__A1_P62993--1gri__B1_P62993,20,1,1,3,0.0198937092302282,17.6875,False,0.06254470348358154
1hh4__A1_P63000--1hh4__C1_P52565,1,4,0,1,0.4206780323224839,70.75,True,0.16093438863754272
1hh4__A1_P63000--1hh4__C1_P52565,2,4,2,1,0.4687712806977163,61.75,True,0.2935068905353546
1hh4__A1_P63000--1hh4__C1_P52565,3,5,0,1,0.4909302850866357,60.03125,True,0.06909646838903427
1hh4__A1_P63000--1hh4__C1_P52565,4,5,2,1,0.5004368687620168,59.6875,True,0.6898263692855835
1hh4__A1_P63000--1hh4__C1_P52565,5,1,2,1,0.5102478108327824,52.40625,True,0.1938009262084961
1hh4__A1_P63000--1hh4__C1_P52565,6,3,3,1,0.5024079466929915,52.3125,True,0.5515824556350708
1hh4__A1_P63000--1hh4__C1_P52565,7,4,1,1,0.3757591439361285,38.125,True,0.2504875361919403
1hh4__A1_P63000--1hh4__C1_P52565,8,3,1,1,0.3996606543729706,34.5625,True,0.1223999485373497
1hh4__A1_P63000--1hh4__C1_P52565,9,4,3,1,0.1484183564381498,33.53125,False,0.12243881076574326
1hh4__A1_P63000--1hh4__C1_P52565,10,3,0,1,0.082013881580521,26.5625,False,0.4574803113937378
1hh4__A1_P63000--1hh4__C1_P52565,11,2,1,1,0.0955026538125397,25.4375,False,0.4015812277793884
1hh4__A1_P63000--1hh4__C1_P52565,12,2,2,1,0.0646448970007166,24.203125,False,0.35908132791519165
1hh4__A1_P63000--1hh4__C1_P52565,13,3,2,1,0.0501828720102536,23.453125,False,0.42077529430389404
1hh4__A1_P63000--1hh4__C1_P52565,14,2,3,1,0.0665161680549223,23.421875,False,0.23203197121620178
1hh4__A1_P63000--1hh4__C1_P52565,15,1,1,1,0.0543915036942086,22.765625,False,0.2707233428955078
1hh4__A1_P63000--1hh4__C1_P52565,16,1,0,1,0.0461427587719082,22.640625,False,0.396036297082901
1hh4__A1_P63000--1hh4__C1_P52565,17,1,3,1,0.0475271316281258,22.25,False,0.07787137478590012
1hh4__A1_P63000--1hh4__C1_P52565,18,2,0,1,0.0353096543979387,21.703125,False,0.600845992565155
1hh4__A1_P63000--1hh4__C1_P52565,19,5,1,1,0.042353152257641,20.25,False,0.07898728549480438
1hh4__A1_P63000--1hh4__C1_P52565,20,5,3,1,0.0442261900103206,20.203125,False,0.26940712332725525
1hni__A1_P03366--1hni__B1_P03367,1,1,2,1,0.0051534665293039,64.6875,False,0.382984459400177
1hni__A1_P03366--1hni__B1_P03367,2,1,1,1,0.1460378731164565,59.78125,False,0.968858540058136
1hni__A1_P03366--1hni__B1_P03367,3,1,3,1,0.1441748925625312,57.09375,False,0.9993762373924255
1hni__A1_P03366--1hni__B1_P03367,4,1,0,1,0.1447493680511108,56.375,False,0.9976065158843994
1hni__A1_P03366--1hni__B1_P03367,5,5,0,1,0.1435033375328394,55.59375,False,0.9981297850608826
1hni__A1_P03366--1hni__B1_P03367,6,4,0,1,0.1401588341693002,54.875,False,0.9209861755371094
1hni__A1_P03366--1hni__B1_P03367,7,5,2,1,0.1416558873132027,54.84375,False,0.9591442942619324
1hni__A1_P03366--1hni__B1_P03367,8,5,1,1,0.1416311124198854,54.03125,False,0.9391922950744629
1hni__A1_P03366--1hni__B1_P03367,9,4,1,1,0.141370931021738,53.78125,False,0.9576407074928284
1hni__A1_P03366--1hni__B1_P03367,10,5,3,1,0.1437031172151096,52.53125,False,0.9614725112915039
1hni__A1_P03366--1hni__B1_P03367,11,4,3,1,0.1391339260396423,51.21875,False,0.9589430093765259
1hni__A1_P03366--1hni__B1_P03367,12,2,3,1,0.1493755642757539,48.6875,False,0.9998052716255188
1hni__A1_P03366--1hni__B1_P03367,13,4,2,1,0.1414070448495105,48.53125,False,0.9749971032142639
1hni__A1_P03366--1hni__B1_P03367,14,2,0,1,0.0056446913079413,47.25,False,0.9588315486907959
1hni__A1_P03366--1hni__B1_P03367,15,2,2,1,0.0057226476463465,43.84375,False,0.9966937303543091
1hni__A1_P03366--1hni__B1_P03367,16,3,2,1,0.1443112330593413,43.125,False,0.9999964237213135
1hni__A1_P03366--1hni__B1_P03367,17,3,0,1,0.1437202527224385,40.3125,False,0.9998987913131714
1hni__A1_P03366--1hni__B1_P03367,18,2,1,1,0.0067873397489011,39.0,False,0.9748613834381104
1hni__A1_P03366--1hni__B1_P03367,19,3,1,1,0.006487909899867,35.8125,False,0.10380350798368454
1hni__A1_P03366--1hni__B1_P03367,20,3,3,1,0.0333425823202865,19.09375,False,0.0492461621761322
1i7f__A1_P0A6Y5--1i7f__A2_P0A6Y5,1,1,2,0,0.7098499974227678,87.3125,True,0.6049375534057617
1i7f__A1_P0A6Y5--1i7f__A2_P0A6Y5,2,1,0,0,0.7123666408075356,86.3125,True,0.6992186903953552
1i7f__A1_P0A6Y5--1i7f__A2_P0A6Y5,3,2,0,0,0.7114164701565082,85.375,True,0.5449977517127991
1i7f__A1_P0A6Y5--1i7f__A2_P0A6Y5,4,2,3,0,0.7150070485881223,84.0,True,0.5624285936355591
1i7f__A1_P0A6Y5--1i7f__A2_P0A6Y5,5,1,1,0,0.711600262685646,84.0,True,0.7216150164604187
1i7f__A1_P0A6Y5--1i7f__A2_P0A6Y5,6,2,2,0,0.7172489377475856,83.8125,True,0.5862094759941101
1i7f__A1_P0A6Y5--1i7f__A2_P0A6Y5,7,1,3,0,0.7124841061175657,83.4375,True,0.694453775882721
1i7f__A1_P0A6Y5--1i7f__A2_P0A6Y5,8,2,1,0,0.7181330333366375,83.0625,True,0.5990087389945984
1i7f__A1_P0A6Y5--1i7f__A2_P0A6Y5,9,4,2,0,0.0818455750959217,79.375,False,0.7818622589111328
1i7f__A1_P0A6Y5--1i7f__A2_P0A6Y5,10,3,0,0,0.0925240707022581,79.375,False,0.6973816752433777
1i7f__A1_P0A6Y5--1i7f__A2_P0A6Y5,11,3,3,0,0.0917239816980418,79.3125,False,0.4193636476993561
1i7f__A1_P0A6Y5--1i7f__A2_P0A6Y5,12,3,1,0,0.0904520630814808,78.8125,False,0.4512694478034973
1i7f__A1_P0A6Y5--1i7f__A2_P0A6Y5,13,4,1,0,0.0801823429916664,78.3125,False,0.5643483400344849
1i7f__A1_P0A6Y5--1i7f__A2_P0A6Y5,14,3,2,0,0.0864016746786215,77.875,False,0.5555306673049927
1i7f__A1_P0A6Y5--1i7f__A2_P0A6Y5,15,4,0,0,0.0811946989780926,76.5,False,0.7562457919120789
1i7f__A1_P0A6Y5--1i7f__A2_P0A6Y5,16,4,3,0,0.0784093726459948,74.375,False,0.5728570818901062
1i7f__A1_P0A6Y5--1i7f__A2_P0A6Y5,17,5,2,0,0.0962709874060784,67.5,False,0.9989560842514038
1i7f__A1_P0A6Y5--1i7f__A2_P0A6Y5,18,5,3,0,0.0977597866699832,66.75,False,0.9975086450576782
1i7f__A1_P0A6Y5--1i7f__A2_P0A6Y5,19,5,1,0,0.0955127249355496,65.1875,False,0.9996238946914673
1i7f__A1_P0A6Y5--1i7f__A2_P0A6Y5,20,5,0,0,0.0954813145229265,64.75,False,0.9989365935325623
1ira__B1_P14778--1ira__A1_P18510,1,5,2,0,0.704973812566681,88.9375,True,0.9578793048858643
1ira__B1_P14778--1ira__A1_P18510,2,5,1,0,0.7189753284467475,88.6875,True,0.9692779183387756
1ira__B1_P14778--1ira__A1_P18510,3,5,3,0,0.7082040887839925,88.5,True,0.9484323263168335
1ira__B1_P14778--1ira__A1_P18510,4,4,2,0,0.6384244531291515,88.4375,True,0.9849429130554199
1ira__B1_P14778--1ira__A1_P18510,5,4,3,0,0.6452046945285992,88.4375,True,0.9882763028144836
1ira__B1_P14778--1ira__A1_P18510,6,5,0,0,0.6823989386593307,88.4375,True,0.9501438140869141
1ira__B1_P14778--1ira__A1_P18510,7,1,0,0,0.6589922774733936,88.375,True,0.9609676003456116
1ira__B1_P14778--1ira__A1_P18510,8,4,0,0,0.6770480442289778,88.375,True,0.9793510437011719
1ira__B1_P14778--1ira__A1_P18510,9,1,2,0,0.6412037021609186,88.25,True,0.9603880047798157
1ira__B1_P14778--1ira__A1_P18510,10,1,3,0,0.6431817283508178,88.1875,True,0.9516602158546448
1ira__B1_P14778--1ira__A1_P18510,11,3,1,0,0.7067706185240769,88.1875,True,0.921155571937561
1ira__B1_P14778--1ira__A1_P18510,12,1,1,0,0.6583691694720822,88.125,True,0.9316263794898987
1ira__B1_P14778--1ira__A1_P18510,13,3,2,0,0.6929910607159709,88.0625,True,0.9346668720245361
1ira__B1_P14778--1ira__A1_P18510,14,3,0,0,0.6833973457274758,88.0625,True,0.9584962725639343
1ira__B1_P14778--1ira__A1_P18510,15,3,3,0,0.6924621277915679,88.0,True,0.942773163318634
1ira__B1_P14778--1ira__A1_P18510,16,2,1,0,0.664019184834062,87.9375,True,0.8615236878395081
1ira__B1_P14778--1ira__A1_P18510,17,4,1,0,0.6715472868453435,87.8125,True,0.9855340719223022
1ira__B1_P14778--1ira__A1_P18510,18,2,2,0,0.6766590018252718,87.8125,True,0.6563542485237122
1ira__B1_P14778--1ira__A1_P18510,19,2,0,0,0.6932185252401712,87.5625,True,0.7883384227752686
1ira__B1_P14778--1ira__A1_P18510,20,2,3,0,0.6689154591715004,87.25,True,0.667339563369751
1k04__A1_Q05397--1k04__A2_Q05397,1,4,1,3,0.6350024461672643,80.375,True,0.9062659740447998
1k04__A1_Q05397--1k04__A2_Q05397,2,4,2,3,0.6386782903380029,80.3125,True,0.9062659740447998
1k04__A1_Q05397--1k04__A2_Q05397,3,4,0,3,0.6325533348817087,80.0625,True,0.9062659740447998
1k04__A1_Q05397--1k04__A2_Q05397,4,4,3,3,0.6363154530242646,79.9375,True,0.9062659740447998
1k04__A1_Q05397--1k04__A2_Q05397,5,3,1,3,0.6541534062883384,75.4375,True,0.9216703176498413
1k04__A1_Q05397--1k04__A2_Q05397,6,3,0,3,0.6700078088316864,75.0,True,0.9224347472190857
1k04__A1_Q05397--1k04__A2_Q05397,7,5,1,3,0.641325909511052,74.8125,True,0.9680222868919373
1k04__A1_Q05397--1k04__A2_Q05397,8,3,3,3,0.6762135987784691,74.75,True,0.9097817540168762
1k04__A1_Q05397--1k04__A2_Q05397,9,5,0,3,0.6446477769386898,74.6875,True,0.9550155997276306
1k04__A1_Q05397--1k04__A2_Q05397,10,5,2,3,0.6732089582789431,74.625,True,0.9732093214988708
1k04__A1_Q05397--1k04__A2_Q05397,11,5,3,3,0.6714683914664179,74.4375,True,0.9709741473197937
1k04__A1_Q05397--1k04__A2_Q05397,12,3,2,3,0.6753138497147734,74.375,True,0.9216703176498413
1k04__A1_Q05397--1k04__A2_Q05397,13,1,0,3,0.6296230780407228,66.5625,True,0.1467316746711731
1k04__A1_Q05397--1k04__A2_Q05397,14,1,1,3,0.6432096378659108,65.375,True,0.11361175775527954
1k04__A1_Q05397--1k04__A2_Q05397,15,1,3,3,0.6352943480385594,65.125,True,0.14995451271533966
1k04__A1_Q05397--1k04__A2_Q05397,16,1,2,3,0.6485169278531128,64.75,True,0.2293797880411148
1k04__A1_Q05397--1k04__A2_Q05397,17,2,3,3,0.0209598147751948,26.5625,False,0.03596029803156853
1k04__A1_Q05397--1k04__A2_Q05397,18,2,1,3,0.0387004186402989,25.359375,False,0.03561269864439964
1k04__A1_Q05397--1k04__A2_Q05397,19,2,0,3,0.0229809491690238,19.671875,False,0.03447762876749039
1k04__A1_Q05397--1k04__A2_Q05397,20,2,2,3,0.022305941527766,18.875,False,0.04195099696516991
1k51__A1_Q51912--1k51__A2_Q51912,1,1,1,2,0.0265439975694308,59.4375,False,0.07858577370643616
1k51__A1_Q51912--1k51__A2_Q51912,2,2,0,2,0.3963135218950382,58.8125,True,0.015885140746831894
1k51__A1_Q51912--1k51__A2_Q51912,3,5,3,2,0.0259004414162414,28.796875,False,0.04965329170227051
1k51__A1_Q51912--1k51__A2_Q51912,4,5,0,2,0.0266503355925997,24.765625,False,0.276180624961853
1k51__A1_Q51912--1k51__A2_Q51912,5,3,1,2,0.0312358658407695,18.578125,False,0.15082763135433197
1k51__A1_Q51912--1k51__A2_Q51912,6,3,0,2,0.0282112309368754,18.09375,False,0.3033224046230316
1k51__A1_Q51912--1k51__A2_Q51912,7,2,1,2,0.047704888027941,16.71875,False,0.010917316190898418
1k51__A1_Q51912--1k51__A2_Q51912,8,4,0,2,0.0299358109051698,16.15625,False,0.016737481579184532
1k51__A1_Q51912--1k51__A2_Q51912,9,3,2,2,0.0294380913186867,16.078125,False,0.4364824593067169
1k51__A1_Q51912--1k51__A2_Q51912,10,3,3,2,0.0299777488013224,15.015625,False,0.06065836921334267
1k51__A1_Q51912--1k51__A2_Q51912,11,2,3,2,0.0515086865962678,14.8359375,False,0.010706513188779354
1k51__A1_Q51912--1k51__A2_Q51912,12,1,3,2,0.0336238855451113,14.7109375,False,0.0028785259928554296
1k51__A1_Q51912--1k51__A2_Q51912,13,1,2,2,0.0484640785472973,14.6015625,False,0.016625195741653442
1k51__A1_Q51912--1k51__A2_Q51912,14,4,1,2,0.0196778946719074,14.2734375,False,0.00949034746736288
1k51__A1_Q51912--1k51__A2_Q51912,15,5,1,2,0.0263550775426185,14.2421875,False,0.026562415063381195
1k51__A1_Q51912--1k51__A2_Q51912,16,2,2,2,0.0247414607360825,14.109375,False,0.009592974558472633
1k51__A1_Q51912--1k51__A2_Q51912,17,4,3,2,0.0533265250058666,14.1015625,False,0.017667530104517937
1k51__A1_Q51912--1k51__A2_Q51912,18,5,2,2,0.0322700846267593,13.71875,False,0.043253879994153976
1k51__A1_Q51912--1k51__A2_Q51912,19,1,0,2,0.0722360663701048,13.6484375,False,0.009226680733263493
1k51__A1_Q51912--1k51__A2_Q51912,20,4,2,2,0.039425483820999,13.0859375,False,0.022870060056447983
1k72__B1_P37700--1k72__A1_P37700,1,4,1,1,0.0020686534517434,38.4375,False,0.19017121195793152
1k72__B1_P37700--1k72__A1_P37700,2,4,0,1,0.0030849556501151,37.34375,False,0.04691312462091446
1k72__B1_P37700--1k72__A1_P37700,3,4,2,1,0.0021251589785405,34.3125,False,0.19017121195793152
1k72__B1_P37700--1k72__A1_P37700,4,1,0,1,0.0051904021024488,28.984375,False,0.027467243373394012
1k72__B1_P37700--1k72__A1_P37700,5,5,1,1,0.005727220686822,28.796875,False,0.08220981061458588
1k72__B1_P37700--1k72__A1_P37700,6,3,3,1,0.0055392064849871,28.3125,False,0.031931303441524506
1k72__B1_P37700--1k72__A1_P37700,7,2,3,1,0.0072706218984758,27.828125,False,0.13442961871623993
1k72__B1_P37700--1k72__A1_P37700,8,1,1,1,0.0049988443859264,27.6875,False,0.08018825948238373
1k72__B1_P37700--1k72__A1_P37700,9,2,2,1,0.0068953963920267,27.59375,False,0.03170524910092354
1k72__B1_P37700--1k72__A1_P37700,10,5,3,1,0.005377720078506,27.28125,False,0.0474323034286499
1k72__B1_P37700--1k72__A1_P37700,11,3,0,1,0.0052760985307386,26.71875,False,0.03373365476727486
1k72__B1_P37700--1k72__A1_P37700,12,1,3,1,0.004891905766621,26.109375,False,0.4413089454174042
1k72__B1_P37700--1k72__A1_P37700,13,5,2,1,0.0054252010395689,25.625,False,0.07579514384269714
1k72__B1_P37700--1k72__A1_P37700,14,3,2,1,0.0049632209718563,25.5,False,0.048257604241371155
1k72__B1_P37700--1k72__A1_P37700,15,1,2,1,0.0024643884257214,25.359375,False,0.04772517830133438
1k72__B1_P37700--1k72__A1_P37700,16,4,3,1,0.005155209947242,24.265625,False,0.05360686406493187
1k72__B1_P37700--1k72__A1_P37700,17,2,1,1,0.0047965469070449,24.140625,False,0.05189765989780426
1k72__B1_P37700--1k72__A1_P37700,18,3,1,1,0.0039075573909475,23.90625,False,0.04772517830133438
1k72__B1_P37700--1k72__A1_P37700,19,2,0,1,0.0049383016293457,23.875,False,0.407858282327652
1k72__B1_P37700--1k72__A1_P37700,20,5,0,1,0.002741717543154,23.796875,False,0.04772517830133438
1krl__B1_P02882--1krl__A1_P02881,1,2,3,0,0.8504889730461812,87.5625,True,0.9711654782295227
1krl__B1_P02882--1krl__A1_P02881,2,4,3,0,0.8636432119130973,86.5625,True,0.9621284008026123
1krl__B1_P02882--1krl__A1_P02881,3,4,2,0,0.863918383517173,86.25,True,0.9606935381889343
1krl__B1_P02882--1krl__A1_P02881,4,4,0,0,0.865078284838726,86.1875,True,0.9760154485702515
1krl__B1_P02882--1krl__A1_P02881,5,1,3,0,0.7934856792774543,83.0625,True,0.8100480437278748
1krl__B1_P02882--1krl__A1_P02881,6,1,0,0,0.7958530969658347,82.9375,True,0.8354397416114807
1krl__B1_P02882--1krl__A1_P02881,7,3,3,0,0.790721214869141,82.9375,True,0.8417026400566101
1krl__B1_P02882--1krl__A1_P02881,8,1,1,0,0.7886105719835391,82.9375,True,0.8244094848632812
1krl__B1_P02882--1krl__A1_P02881,9,3,0,0,0.7870582448465205,82.6875,True,0.8406886458396912
1krl__B1_P02882--1krl__A1_P02881,10,3,1,0,0.7890683818164241,82.6875,True,0.8448947072029114
1krl__B1_P02882--1krl__A1_P02881,11,1,2,0,0.7904219154326396,82.625,True,0.8084675073623657
1krl__B1_P02882--1krl__A1_P02881,12,2,1,0,0.7930211558683252,82.625,True,0.808212399482727
1krl__B1_P02882--1krl__A1_P02881,13,3,2,0,0.7873145910822897,82.0625,True,0.8529971837997437
1krl__B1_P02882--1krl__A1_P02881,14,2,0,0,0.7960961136405974,81.75,True,0.8093380928039551
1krl__B1_P02882--1krl__A1_P02881,15,4,1,0,0.7942751589039262,81.4375,True,0.8878962993621826
1krl__B1_P02882--1krl__A1_P02881,16,5,3,0,0.7970397425975051,81.0625,True,0.8871075510978699
1krl__B1_P02882--1krl__A1_P02881,17,2,2,0,0.7471554929487945,80.6875,True,0.8917699456214905
1krl__B1_P02882--1krl__A1_P02881,18,5,1,0,0.7963112268313397,80.5,True,0.8879287242889404
1krl__B1_P02882--1krl__A1_P02881,19,5,0,0,0.7992708489713675,80.25,True,0.8711552023887634
1krl__B1_P02882--1krl__A1_P02881,20,5,2,0,0.7948627183589201,80.0,True,0.904289960861206
1kzh__A1_P70826--1kzh__B1_P70826,1,2,1,1,0.8965118032639796,93.9375,True,0.7701742053031921
1kzh__A1_P70826--1kzh__B1_P70826,2,2,2,1,0.8938853490174467,93.1875,True,0.7964076399803162
1kzh__A1_P70826--1kzh__B1_P70826,3,2,0,1,0.8976558380102523,93.125,True,0.7862266898155212
1kzh__A1_P70826--1kzh__B1_P70826,4,2,3,1,0.8924112907431505,93.0,True,0.7873733043670654
1kzh__A1_P70826--1kzh__B1_P70826,5,3,0,1,0.9056692076714072,93.0,True,0.879542350769043
1kzh__A1_P70826--1kzh__B1_P70826,6,3,2,1,0.9043142611908124,92.625,True,0.8802770376205444
1kzh__A1_P70826--1kzh__B1_P70826,7,3,3,1,0.9052301664486544,92.5625,True,0.8844620585441589
1kzh__A1_P70826--1kzh__B1_P70826,8,3,1,1,0.903589485901144,92.5625,True,0.8810997605323792
1kzh__A1_P70826--1kzh__B1_P70826,9,5,0,1,0.9036563463770046,92.375,True,0.9051704406738281
1kzh__A1_P70826--1kzh__B1_P70826,10,5,1,1,0.8994804886407266,92.1875,True,0.8727089762687683
1kzh__A1_P70826--1kzh__B1_P70826,11,1,1,1,0.8874494623633294,92.1875,True,0.7453184723854065
1kzh__A1_P70826--1kzh__B1_P70826,12,5,2,1,0.8985518677310999,92.1875,True,0.8362589478492737
1kzh__A1_P70826--1kzh__B1_P70826,13,1,3,1,0.8870550495665531,92.125,True,0.7481104135513306
1kzh__A1_P70826--1kzh__B1_P70826,14,4,0,1,0.9053463719298792,92.0625,True,0.9167675971984863
1kzh__A1_P70826--1kzh__B1_P70826,15,1,0,1,0.8907553364783268,92.0625,True,0.7458665370941162
1kzh__A1_P70826--1kzh__B1_P70826,16,1,2,1,0.8889787968939289,92.0,True,0.7503843307495117
1kzh__A1_P70826--1kzh__B1_P70826,17,4,2,1,0.8999752407724433,91.9375,True,0.9042721390724182
1kzh__A1_P70826--1kzh__B1_P70826,18,5,3,1,0.9062612894653568,91.9375,True,0.8406459093093872
1kzh__A1_P70826--1kzh__B1_P70826,19,4,1,1,0.9008424930775206,91.8125,True,0.9072429537773132
1kzh__A1_P70826--1kzh__B1_P70826,20,4,3,1,0.9055976265626072,91.5,True,0.9131888151168823
1luj__A1_P35222--1luj__B1_Q9JJN6,1,5,1,1,0.7630902109145564,91.125,True,0.056119680404663086
1luj__A1_P35222--1luj__B1_Q9JJN6,2,2,2,1,0.752819974023402,91.0,True,0.11685112863779068
1luj__A1_P35222--1luj__B1_Q9JJN6,3,4,2,1,0.7637724392529187,91.0,True,0.24854442477226257
1luj__A1_P35222--1luj__B1_Q9JJN6,4,5,2,1,0.7719074227101496,90.8125,True,0.11759395152330399
1luj__A1_P35222--1luj__B1_Q9JJN6,5,5,3,1,0.7809407811108139,90.8125,True,0.014572159387171268
1luj__A1_P35222--1luj__B1_Q9JJN6,6,5,0,1,0.7653445986642651,90.1875,True,0.22986915707588196
1luj__A1_P35222--1luj__B1_Q9JJN6,7,2,3,1,0.7868369398725754,90.125,True,0.1546420305967331
1luj__A1_P35222--1luj__B1_Q9JJN6,8,1,3,1,0.7921302667456036,90.0625,True,0.7820355296134949
1luj__A1_P35222--1luj__B1_Q9JJN6,9,1,1,1,0.7902660274530712,90.0625,True,0.8018736839294434
1luj__A1_P35222--1luj__B1_Q9JJN6,10,4,1,1,0.7712777163050784,90.0,True,0.3364991545677185
1luj__A1_P35222--1luj__B1_Q9JJN6,11,4,0,1,0.7774926252527804,90.0,True,0.6323165893554688
1luj__A1_P35222--1luj__B1_Q9JJN6,12,1,0,1,0.7786035006063585,89.9375,True,0.8945546746253967
1luj__A1_P35222--1luj__B1_Q9JJN6,13,1,2,1,0.8049765380065687,89.875,True,0.8569057583808899
1luj__A1_P35222--1luj__B1_Q9JJN6,14,3,2,1,0.6875916066355172,88.75,True,0.34914448857307434
1luj__A1_P35222--1luj__B1_Q9JJN6,15,3,1,1,0.6904032075096186,88.5,True,0.20609517395496368
1luj__A1_P35222--1luj__B1_Q9JJN6,16,3,3,1,0.6847811644572274,87.875,True,0.28218162059783936
1luj__A1_P35222--1luj__B1_Q9JJN6,17,3,0,1,0.6631171796461776,87.8125,True,0.010746673680841923
1luj__A1_P35222--1luj__B1_Q9JJN6,18,4,3,1,0.6584914151583121,87.6875,True,0.19404064118862152
1luj__A1_P35222--1luj__B1_Q9JJN6,19,2,0,1,0.6867248813156649,86.875,True,0.0062991660088300705
1luj__A1_P35222--1luj__B1_Q9JJN6,20,2,1,1,0.7212364933208342,85.125,True,0.8602204918861389
1lyw__B1_P07339--1lyw__A1_P07339,1,2,3,1,0.4619035519666518,94.5,True,0.7865251302719116
1lyw__B1_P07339--1lyw__A1_P07339,2,2,0,1,0.4598541286128738,94.4375,True,0.8029175400733948
1lyw__B1_P07339--1lyw__A1_P07339,3,2,2,1,0.4649587045699737,94.3125,True,0.7812175154685974
1lyw__B1_P07339--1lyw__A1_P07339,4,5,3,1,0.4635153900516736,94.25,True,0.8198634386062622
1lyw__B1_P07339--1lyw__A1_P07339,5,2,1,1,0.4638775742605989,94.25,True,0.7824894189834595
1lyw__B1_P07339--1lyw__A1_P07339,6,1,1,1,0.463719940109303,94.1875,True,0.8427584171295166
1lyw__B1_P07339--1lyw__A1_P07339,7,1,3,1,0.4662106692999019,94.125,True,0.8785150647163391
1lyw__B1_P07339--1lyw__A1_P07339,8,4,0,1,0.4674915735221954,94.125,True,0.8412823677062988
1lyw__B1_P07339--1lyw__A1_P07339,9,4,2,1,0.4685362010679242,94.125,True,0.8411839008331299
1lyw__B1_P07339--1lyw__A1_P07339,10,1,2,1,0.4673231965536471,94.125,True,0.8210481405258179
1lyw__B1_P07339--1lyw__A1_P07339,11,4,3,1,0.4673846398966271,94.125,True,0.8236872553825378
1lyw__B1_P07339--1lyw__A1_P07339,12,1,0,1,0.464470504041303,94.0625,True,0.8468257784843445
1lyw__B1_P07339--1lyw__A1_P07339,13,4,1,1,0.4641794152357896,94.0625,True,0.8142064809799194
1lyw__B1_P07339--1lyw__A1_P07339,14,5,2,1,0.4671035633169335,94.0625,True,0.8115605711936951
1lyw__B1_P07339--1lyw__A1_P07339,15,5,0,1,0.4682850948452302,93.875,True,0.8303478360176086
1lyw__B1_P07339--1lyw__A1_P07339,16,5,1,1,0.4651811772086704,93.875,True,0.7924526929855347
1lyw__B1_P07339--1lyw__A1_P07339,17,3,0,1,0.4678211876735611,93.4375,True,0.8360695242881775
1lyw__B1_P07339--1lyw__A1_P07339,18,3,3,1,0.4689621319187537,93.375,True,0.8157656788825989
1lyw__B1_P07339--1lyw__A1_P07339,19,3,2,1,0.4666017363086741,93.25,True,0.8271995782852173
1lyw__B1_P07339--1lyw__A1_P07339,20,3,1,1,0.4635571317503175,93.0625,True,0.8100319504737854
1mr1__A1_Q13485--1mr1__D1_P12755,1,4,1,0,0.9119560463003415,91.3125,True,0.9311564564704895
1mr1__A1_Q13485--1mr1__D1_P12755,2,4,2,0,0.9132881906002944,91.1875,True,0.9343352913856506
1mr1__A1_Q13485--1mr1__D1_P12755,3,2,2,0,0.8671454095808775,91.0625,True,0.9014748334884644
1mr1__A1_Q13485--1mr1__D1_P12755,4,4,3,0,0.9014855630419676,91.0625,True,0.9281719326972961
1mr1__A1_Q13485--1mr1__D1_P12755,5,4,0,0,0.912368167546974,91.0,True,0.9311564564704895
1mr1__A1_Q13485--1mr1__D1_P12755,6,3,3,0,0.9140824815668416,90.9375,True,0.9190189242362976
1mr1__A1_Q13485--1mr1__D1_P12755,7,3,1,0,0.9009035299445776,90.9375,True,0.9394134283065796
1mr1__A1_Q13485--1mr1__D1_P12755,8,3,2,0,0.9125083213641846,90.875,True,0.9058761596679688
1mr1__A1_Q13485--1mr1__D1_P12755,9,3,0,0,0.911174415549128,90.75,True,0.8899237513542175
1mr1__A1_Q13485--1mr1__D1_P12755,10,5,1,0,0.8983286187793417,90.625,True,0.8444252014160156
1mr1__A1_Q13485--1mr1__D1_P12755,11,1,2,0,0.8967958625032372,90.625,True,0.92622971534729
1mr1__A1_Q13485--1mr1__D1_P12755,12,5,0,0,0.9077693322389612,90.4375,True,0.8782402276992798
1mr1__A1_Q13485--1mr1__D1_P12755,13,1,3,0,0.8978411770382748,90.4375,True,0.907554030418396
1mr1__A1_Q13485--1mr1__D1_P12755,14,5,3,0,0.9048599175723132,90.375,True,0.8728952407836914
1mr1__A1_Q13485--1mr1__D1_P12755,15,5,2,0,0.9083500515150016,90.375,True,0.8478149175643921
1mr1__A1_Q13485--1mr1__D1_P12755,16,2,0,0,0.8848009846960977,90.3125,True,0.8667445778846741
1mr1__A1_Q13485--1mr1__D1_P12755,17,1,0,0,0.89577429017555,90.3125,True,0.9187654852867126
1mr1__A1_Q13485--1mr1__D1_P12755,18,2,3,0,0.8850555261302055,90.125,True,0.8604606986045837
1mr1__A1_Q13485--1mr1__D1_P12755,19,2,1,0,0.8916399802604481,90.0,True,0.8894117474555969
1mr1__A1_Q13485--1mr1__D1_P12755,20,1,1,0,0.8940485529184187,89.75,True,0.8747423887252808
1na6__B1_P14633--1na6__A1_P14633,1,1,3,3,0.650444251171018,71.375,True,0.8152546286582947
1na6__B1_P14633--1na6__A1_P14633,2,1,2,3,0.3661058065133973,67.25,True,0.007847446016967297
1na6__B1_P14633--1na6__A1_P14633,3,2,2,3,0.6363817117282023,66.0625,True,0.2538905441761017
1na6__B1_P14633--1na6__A1_P14633,4,1,1,3,0.3982613236597032,65.3125,True,0.003936844877898693
1na6__B1_P14633--1na6__A1_P14633,5,2,3,3,0.6673809509152436,65.0,True,0.2841458022594452
1na6__B1_P14633--1na6__A1_P14633,6,2,1,3,0.7141484636562677,63.96875,True,0.3326624929904938
1na6__B1_P14633--1na6__A1_P14633,7,1,0,3,0.3006003372573997,63.1875,True,0.01186305470764637
1na6__B1_P14633--1na6__A1_P14633,8,2,0,3,0.3296441387690427,58.9375,True,0.22484427690505981
1na6__B1_P14633--1na6__A1_P14633,9,3,1,3,0.1978878112686468,57.28125,False,0.09722497314214706
1na6__B1_P14633--1na6__A1_P14633,10,4,0,3,0.2001937234035078,54.375,False,0.9888136982917786
1na6__B1_P14633--1na6__A1_P14633,11,4,3,3,0.2506483545624368,54.125,True,0.9979619979858398
1na6__B1_P14633--1na6__A1_P14633,12,4,2,3,0.2183152479486727,54.0,False,0.9932443499565125
1na6__B1_P14633--1na6__A1_P14633,13,5,2,3,0.244651584711997,53.65625,True,0.9984943866729736
1na6__B1_P14633--1na6__A1_P14633,14,4,1,3,0.207024141974624,52.90625,False,0.966579020023346
1na6__B1_P14633--1na6__A1_P14633,15,3,2,3,0.1893671186719819,52.46875,False,0.9290411472320557
1na6__B1_P14633--1na6__A1_P14633,16,5,1,3,0.216158163377584,50.375,False,0.99831223487854
1na6__B1_P14633--1na6__A1_P14633,17,3,3,3,0.2117157825575912,49.59375,False,0.9425613284111023
1na6__B1_P14633--1na6__A1_P14633,18,3,0,3,0.2138040605017643,49.375,False,0.8195271492004395
1na6__B1_P14633--1na6__A1_P14633,19,5,3,3,0.1969127683101234,48.1875,False,0.5892802476882935
1na6__B1_P14633--1na6__A1_P14633,20,5,0,3,0.2258581907899675,46.53125,False,0.997869610786438
1nfp__A1_P09142--1nfp__A2_P09142,1,2,1,3,0.478855888012756,69.125,True,0.11912211775779724
1nfp__A1_P09142--1nfp__A2_P09142,2,5,3,3,0.4044452082492324,57.0,True,0.10058179497718811
1nfp__A1_P09142--1nfp__A2_P09142,3,2,3,3,0.4181445615473148,55.0625,True,0.2996324896812439
1nfp__A1_P09142--1nfp__A2_P09142,4,5,0,3,0.4054437255100798,46.71875,True,0.1702469289302826
1nfp__A1_P09142--1nfp__A2_P09142,5,2,0,3,0.4242246752684833,41.125,True,0.18415050208568573
1nfp__A1_P09142--1nfp__A2_P09142,6,5,2,3,0.2969038071727022,37.96875,True,0.13730643689632416
1nfp__A1_P09142--1nfp__A2_P09142,7,5,1,3,0.3428787322252593,35.875,True,0.07009412348270416
1nfp__A1_P09142--1nfp__A2_P09142,8,1,1,3,0.2635594005394849,27.421875,True,0.048902727663517
1nfp__A1_P09142--1nfp__A2_P09142,9,4,3,3,0.0630654352842259,27.140625,False,0.15976886451244354
1nfp__A1_P09142--1nfp__A2_P09142,10,4,0,3,0.2584773602034902,26.8125,True,0.15469767153263092
1nfp__A1_P09142--1nfp__A2_P09142,11,4,2,3,0.2084850528050823,26.765625,False,0.112400121986866
1nfp__A1_P09142--1nfp__A2_P09142,12,2,2,3,0.1193541433524926,26.484375,False,0.20637471973896027
1nfp__A1_P09142--1nfp__A2_P09142,13,1,3,3,0.3001657596367539,25.65625,True,0.10440874844789505
1nfp__A1_P09142--1nfp__A2_P09142,14,1,0,3,0.1107234667534656,25.484375,False,0.12295933067798615
1nfp__A1_P09142--1nfp__A2_P09142,15,3,3,3,0.2710804127478678,25.46875,True,0.0836242213845253
1nfp__A1_P09142--1nfp__A2_P09142,16,3,1,3,0.2042796751390132,24.921875,False,0.0337502583861351
1nfp__A1_P09142--1nfp__A2_P09142,17,1,2,3,0.3288780759211416,24.828125,True,0.1849396675825119
1nfp__A1_P09142--1nfp__A2_P09142,18,4,1,3,0.0658113619250899,24.5625,False,0.12334103137254715
1nfp__A1_P09142--1nfp__A2_P09142,19,3,2,3,0.1077733357188706,22.328125,False,0.21071487665176392
1nfp__A1_P09142--1nfp__A2_P09142,20,3,0,3,0.0692399954657772,21.5625,False,0.04705525189638138
1ny5__B1_O67198--1ny5__A1_O67198,1,4,2,2,0.0954033617891848,41.96875,False,0.7483989596366882
1ny5__B1_O67198--1ny5__A1_O67198,2,5,1,2,0.0978932716292427,41.0,False,0.21997897326946259
1ny5__B1_O67198--1ny5__A1_O67198,3,4,3,2,0.0944868813344051,40.46875,False,0.9712149500846863
1ny5__B1_O67198--1ny5__A1_O67198,4,5,3,2,0.099090220623427,39.875,False,0.2542165517807007
1ny5__B1_O67198--1ny5__A1_O67198,5,4,0,2,0.0955338352187244,39.59375,False,0.9721015095710754
1ny5__B1_O67198--1ny5__A1_O67198,6,1,1,2,0.1029831842535807,39.5,False,0.4065636396408081
1ny5__B1_O67198--1ny5__A1_O67198,7,5,0,2,0.0965630533909727,39.4375,False,0.2632928192615509
1ny5__B1_O67198--1ny5__A1_O67198,8,1,2,2,0.0989301184100306,39.25,False,0.9197620749473572
1ny5__B1_O67198--1ny5__A1_O67198,9,4,1,2,0.0943420855318951,38.9375,False,0.9604740142822266
1ny5__B1_O67198--1ny5__A1_O67198,10,1,3,2,0.0910758449104872,38.84375,False,0.5988250374794006
1ny5__B1_O67198--1ny5__A1_O67198,11,1,0,2,0.0919506403296117,38.84375,False,0.9880715608596802
1ny5__B1_O67198--1ny5__A1_O67198,12,5,2,2,0.095921877955873,38.40625,False,0.03222581371665001
1ny5__B1_O67198--1ny5__A1_O67198,13,3,2,2,0.0911227358619929,38.28125,False,0.8761692047119141
1ny5__B1_O67198--1ny5__A1_O67198,14,3,0,2,0.0904547746668085,37.75,False,0.08230793476104736
1ny5__B1_O67198--1ny5__A1_O67198,15,3,3,2,0.086464613075391,35.9375,False,0.5666052103042603
1ny5__B1_O67198--1ny5__A1_O67198,16,3,1,2,0.0720842943368366,35.34375,False,0.4041677415370941
1ny5__B1_O67198--1ny5__A1_O67198,17,2,0,2,0.0877004282048685,35.0625,False,0.9211671948432922
1ny5__B1_O67198--1ny5__A1_O67198,18,2,3,2,0.0858985317955653,33.75,False,0.7389081120491028
1ny5__B1_O67198--1ny5__A1_O67198,19,2,1,2,0.0883617993091938,33.09375,False,0.9957720637321472
1ny5__B1_O67198--1ny5__A1_O67198,20,2,2,2,0.108426738691705,31.671875,False,0.799809992313385
1ogy__A1_Q53176--1ogy__B1_Q53177,1,5,3,4,0.6190365685698871,93.3125,True,0.9699912071228027
1ogy__A1_Q53176--1ogy__B1_Q53177,2,5,2,4,0.6170488647124958,93.25,True,0.862041711807251
1ogy__A1_Q53176--1ogy__B1_Q53177,3,1,3,4,0.6073926699445821,93.1875,True,0.8960368037223816
1ogy__A1_Q53176--1ogy__B1_Q53177,4,2,0,4,0.6094275750227262,93.0,True,0.8276479840278625
1ogy__A1_Q53176--1ogy__B1_Q53177,5,2,3,4,0.6046838006088723,93.0,True,0.9446113705635071
1ogy__A1_Q53176--1ogy__B1_Q53177,6,2,1,4,0.5992329513348446,93.0,True,0.7955427169799805
1ogy__A1_Q53176--1ogy__B1_Q53177,7,4,3,4,0.6115651987390023,93.0,True,0.9033152461051941
1ogy__A1_Q53176--1ogy__B1_Q53177,8,2,2,4,0.6085470866122545,92.875,True,0.7991664409637451
1ogy__A1_Q53176--1ogy__B1_Q53177,9,1,0,4,0.6131012007415869,92.875,True,0.8255125880241394
1ogy__A1_Q53176--1ogy__B1_Q53177,10,1,1,4,0.613675515068266,92.8125,True,0.8113569617271423
1ogy__A1_Q53176--1ogy__B1_Q53177,11,1,2,4,0.6128278615191781,92.6875,True,0.8057588338851929
1ogy__A1_Q53176--1ogy__B1_Q53177,12,5,0,4,0.6133544393783134,92.625,True,0.8147326707839966
1ogy__A1_Q53176--1ogy__B1_Q53177,13,4,0,4,0.6214420906729116,92.625,True,0.8133612871170044
1ogy__A1_Q53176--1ogy__B1_Q53177,14,3,3,4,0.6035084375997046,92.5625,True,0.8292956948280334
1ogy__A1_Q53176--1ogy__B1_Q53177,15,3,1,4,0.6076197127311893,92.4375,True,0.8117556571960449
1ogy__A1_Q53176--1ogy__B1_Q53177,16,4,2,4,0.6079762823631446,92.375,True,0.8665769696235657
1ogy__A1_Q53176--1ogy__B1_Q53177,17,3,2,4,0.6129140020931177,92.3125,True,0.8027268648147583
1ogy__A1_Q53176--1ogy__B1_Q53177,18,3,0,4,0.6193921217816936,92.3125,True,0.8111572861671448
1ogy__A1_Q53176--1ogy__B1_Q53177,19,4,1,4,0.6098187117809181,91.8125,True,0.8063618540763855
1ogy__A1_Q53176--1ogy__B1_Q53177,20,5,1,4,0.5711042096377561,91.5,True,0.8256001472473145
1on8__A1_Q9ES89--1on8__B1_Q9ES89,1,4,1,4,0.6094457135708579,72.875,True,0.9998514652252197
1on8__A1_Q9ES89--1on8__B1_Q9ES89,2,4,2,4,0.5909455797783455,70.4375,True,0.999963641166687
1on8__A1_Q9ES89--1on8__B1_Q9ES89,3,4,3,4,0.5894656233152167,70.1875,True,0.9999797344207764
1on8__A1_Q9ES89--1on8__B1_Q9ES89,4,4,0,4,0.5707555848161107,68.9375,True,0.9998588562011719
1on8__A1_Q9ES89--1on8__B1_Q9ES89,5,1,2,4,0.5825416574661796,67.125,True,0.9999301433563232
1on8__A1_Q9ES89--1on8__B1_Q9ES89,6,1,1,4,0.5788310539292019,65.9375,True,0.9999939203262329
1on8__A1_Q9ES89--1on8__B1_Q9ES89,7,2,2,4,0.6821211123638418,62.21875,True,0.8360992670059204
1on8__A1_Q9ES89--1on8__B1_Q9ES89,8,2,3,4,0.7559515119107315,60.90625,True,0.8928265571594238
1on8__A1_Q9ES89--1on8__B1_Q9ES89,9,1,0,4,0.59470772315759,59.96875,True,0.9991441965103149
1on8__A1_Q9ES89--1on8__B1_Q9ES89,10,1,3,4,0.57965368941894,59.875,True,0.9999971389770508
1on8__A1_Q9ES89--1on8__B1_Q9ES89,11,2,1,4,0.6271624757664677,59.0,True,0.9847628474235535
1on8__A1_Q9ES89--1on8__B1_Q9ES89,12,2,0,4,0.6885840107379249,56.84375,True,0.8794695138931274
1on8__A1_Q9ES89--1on8__B1_Q9ES89,13,3,1,4,0.6159823245395942,56.53125,True,0.8629605174064636
1on8__A1_Q9ES89--1on8__B1_Q9ES89,14,5,3,4,0.5942703435211556,56.46875,True,0.8243129849433899
1on8__A1_Q9ES89--1on8__B1_Q9ES89,15,3,3,4,0.6539312053044956,55.09375,True,0.9856701493263245
1on8__A1_Q9ES89--1on8__B1_Q9ES89,16,5,0,4,0.6518813197866272,54.9375,True,0.7471875548362732
1on8__A1_Q9ES89--1on8__B1_Q9ES89,17,5,2,4,0.6438497759356613,54.9375,True,0.4413847029209137
1on8__A1_Q9ES89--1on8__B1_Q9ES89,18,5,1,4,0.6300665757113971,53.6875,True,0.9000791311264038
1on8__A1_Q9ES89--1on8__B1_Q9ES89,19,3,0,4,0.6456772480495951,52.34375,True,0.8071371912956238
1on8__A1_Q9ES89--1on8__B1_Q9ES89,20,3,2,4,0.6902658655203927,48.15625,True,0.9990493655204773
1ory__A1_O67806--1ory__B1_O67803,1,1,0,1,0.7833672594034556,92.6875,True,0.8691210746765137
1ory__A1_O67806--1ory__B1_O67803,2,1,2,1,0.7873671470736947,92.6875,True,0.859595000743866
1ory__A1_O67806--1ory__B1_O67803,3,1,1,1,0.7821475770791985,92.5,True,0.8543688058853149
1ory__A1_O67806--1ory__B1_O67803,4,1,3,1,0.7853407565715523,92.4375,True,0.8720630407333374
1ory__A1_O67806--1ory__B1_O67803,5,4,2,1,0.7842159014365303,92.375,True,0.8610476851463318
1ory__A1_O67806--1ory__B1_O67803,6,4,0,1,0.7882150937083542,92.3125,True,0.8325868248939514
1ory__A1_O67806--1ory__B1_O67803,7,4,3,1,0.7951517520580847,92.3125,True,0.8443331718444824
1ory__A1_O67806--1ory__B1_O67803,8,3,3,1,0.7892071018821184,92.25,True,0.812514066696167
1ory__A1_O67806--1ory__B1_O67803,9,2,0,1,0.7733444518285816,92.1875,True,0.8615572452545166
1ory__A1_O67806--1ory__B1_O67803,10,4,1,1,0.7841586671738802,92.1875,True,0.8319072127342224
1ory__A1_O67806--1ory__B1_O67803,11,2,1,1,0.7668008096554203,92.1875,True,0.8615572452545166
1ory__A1_O67806--1ory__B1_O67803,12,3,0,1,0.7919338815545274,92.125,True,0.8309161067008972
1ory__A1_O67806--1ory__B1_O67803,13,3,2,1,0.7902937761784917,92.125,True,0.812514066696167
1ory__A1_O67806--1ory__B1_O67803,14,2,2,1,0.7655489890071637,92.0625,True,0.8404373526573181
1ory__A1_O67806--1ory__B1_O67803,15,3,1,1,0.7931038496717812,92.0625,True,0.8107010126113892
1ory__A1_O67806--1ory__B1_O67803,16,5,3,1,0.7779007572717043,92.0,True,0.7638072371482849
1ory__A1_O67806--1ory__B1_O67803,17,5,0,1,0.772395640064839,92.0,True,0.8745818734169006
1ory__A1_O67806--1ory__B1_O67803,18,5,1,1,0.772692255286454,92.0,True,0.8547379970550537
1ory__A1_O67806--1ory__B1_O67803,19,2,3,1,0.7673779213600477,91.9375,True,0.8554187417030334
1ory__A1_O67806--1ory__B1_O67803,20,5,2,1,0.7777275359468897,91.8125,True,0.8656713366508484
1pfo__A1_P0C2E9--1pfo__A2_P0C2E9,1,4,0,0,0.0046131047310679,80.375,False,0.03330338001251221
1pfo__A1_P0C2E9--1pfo__A2_P0C2E9,2,4,3,0,0.0046836536184193,74.0625,False,0.41719216108322144
1pfo__A1_P0C2E9--1pfo__A2_P0C2E9,3,4,2,0,0.0046223004742384,72.25,False,0.029818838462233543
1pfo__A1_P0C2E9--1pfo__A2_P0C2E9,4,4,1,0,0.004675517141038,70.5,False,0.4880264699459076
1pfo__A1_P0C2E9--1pfo__A2_P0C2E9,5,5,3,0,0.0046804465766285,58.09375,False,0.001049300655722618
1pfo__A1_P0C2E9--1pfo__A2_P0C2E9,6,3,0,0,0.0046249620877741,57.25,False,0.011492765508592129
1pfo__A1_P0C2E9--1pfo__A2_P0C2E9,7,2,3,0,0.0046625471132245,53.84375,False,0.017244748771190643
1pfo__A1_P0C2E9--1pfo__A2_P0C2E9,8,3,3,0,0.0046957122161804,51.75,False,0.023473912850022316
1pfo__A1_P0C2E9--1pfo__A2_P0C2E9,9,5,2,0,0.0046162111753232,49.0625,False,0.6305146813392639
1pfo__A1_P0C2E9--1pfo__A2_P0C2E9,10,1,0,0,0.0045991918751162,47.46875,False,0.06612619012594223
1pfo__A1_P0C2E9--1pfo__A2_P0C2E9,11,2,0,0,0.004653827751204,46.9375,False,0.007142511662095785
1pfo__A1_P0C2E9--1pfo__A2_P0C2E9,12,5,1,0,0.0046179415509141,46.625,False,0.7756280303001404
1pfo__A1_P0C2E9--1pfo__A2_P0C2E9,13,5,0,0,0.0046097881290508,44.40625,False,0.4483114182949066
1pfo__A1_P0C2E9--1pfo__A2_P0C2E9,14,3,2,0,0.004684383319442,43.75,False,0.05906213819980621
1pfo__A1_P0C2E9--1pfo__A2_P0C2E9,15,2,1,0,0.0046467433410066,43.3125,False,0.02924821898341179
1pfo__A1_P0C2E9--1pfo__A2_P0C2E9,16,2,2,0,0.0046533676155091,42.5,False,0.01738845184445381
1pfo__A1_P0C2E9--1pfo__A2_P0C2E9,17,1,3,0,0.0046010257288814,40.84375,False,0.04112846404314041
1pfo__A1_P0C2E9--1pfo__A2_P0C2E9,18,1,2,0,0.0045674010022068,39.46875,False,0.09288094937801361
1pfo__A1_P0C2E9--1pfo__A2_P0C2E9,19,3,1,0,0.0046270118496213,39.15625,False,0.0366373136639595
1pfo__A1_P0C2E9--1pfo__A2_P0C2E9,20,1,1,0,0.0045786228643924,38.28125,False,0.12381171435117722
1ptq__A1_P28867--1ptq__A2_P28867,1,1,0,3,0.5356969038367914,66.5,True,0.003748115384951234
1ptq__A1_P28867--1ptq__A2_P28867,2,1,1,3,0.5722288817188762,65.75,True,0.025245118886232376
1ptq__A1_P28867--1ptq__A2_P28867,3,1,3,3,0.5624021413172601,65.6875,True,0.0034014841075986624
1ptq__A1_P28867--1ptq__A2_P28867,4,1,2,3,0.538664789775261,65.5,True,0.7131443023681641
1ptq__A1_P28867--1ptq__A2_P28867,5,3,1,3,0.6981468319456597,63.28125,True,0.0013782719615846872
1ptq__A1_P28867--1ptq__A2_P28867,6,5,2,3,0.736093303237054,62.71875,True,0.4075862765312195
1ptq__A1_P28867--1ptq__A2_P28867,7,5,0,3,0.7494916381515745,62.625,True,0.02673027105629444
1ptq__A1_P28867--1ptq__A2_P28867,8,5,1,3,0.7354650913104003,61.6875,True,0.4075862765312195
1ptq__A1_P28867--1ptq__A2_P28867,9,5,3,3,0.7524602671494335,61.03125,True,0.4075862765312195
1ptq__A1_P28867--1ptq__A2_P28867,10,3,3,3,0.7261269467176765,60.84375,True,0.04893980920314789
1ptq__A1_P28867--1ptq__A2_P28867,11,3,0,3,0.6401592482799511,60.625,True,5.9572710597421974e-05
1ptq__A1_P28867--1ptq__A2_P28867,12,2,1,3,0.5380377854099961,60.21875,True,0.6891119480133057
1ptq__A1_P28867--1ptq__A2_P28867,13,3,2,3,0.6191806409625508,59.71875,True,0.0013782719615846872
1ptq__A1_P28867--1ptq__A2_P28867,14,2,0,3,0.5737039289364728,58.40625,True,0.6891119480133057
1ptq__A1_P28867--1ptq__A2_P28867,15,2,3,3,0.6105380534752671,58.125,True,0.6891119480133057
1ptq__A1_P28867--1ptq__A2_P28867,16,4,2,3,0.4754967192182789,56.75,True,0.9964092373847961
1ptq__A1_P28867--1ptq__A2_P28867,17,4,3,3,0.3862609476610203,56.65625,True,0.04289466515183449
1ptq__A1_P28867--1ptq__A2_P28867,18,4,0,3,0.4121229704366325,56.0,True,0.6257728934288025
1ptq__A1_P28867--1ptq__A2_P28867,19,4,1,3,0.4455838764806785,55.25,True,0.5642005205154419
1ptq__A1_P28867--1ptq__A2_P28867,20,2,2,3,0.5591262341943471,53.9375,True,0.6891119480133057
1qb3__B1_P20486--1qb3__A1_P20486,1,2,1,1,0.0101585327347017,76.75,False,0.4477224349975586
1qb3__B1_P20486--1qb3__A1_P20486,2,5,3,1,0.0104478141791365,75.0625,False,2.597535740278545e-06
1qb3__B1_P20486--1qb3__A1_P20486,3,4,1,1,0.0101077626122408,74.625,False,0.5957164168357849
1qb3__B1_P20486--1qb3__A1_P20486,4,5,0,1,0.0102489475912928,73.375,False,0.3551245331764221
1qb3__B1_P20486--1qb3__A1_P20486,5,3,0,1,0.0101868389752827,72.1875,False,0.18701112270355225
1qb3__B1_P20486--1qb3__A1_P20486,6,4,2,1,0.0102873258804149,71.5,False,0.5842281579971313
1qb3__B1_P20486--1qb3__A1_P20486,7,3,2,1,0.0102554355032888,71.1875,False,0.11835183948278427
1qb3__B1_P20486--1qb3__A1_P20486,8,4,3,1,0.0105128636306655,69.4375,False,0.5386945009231567
1qb3__B1_P20486--1qb3__A1_P20486,9,4,0,1,0.0104793537454581,69.1875,False,0.15913286805152893
1qb3__B1_P20486--1qb3__A1_P20486,10,5,2,1,0.010702751386852,69.125,False,1.1848862868646393e-06
1qb3__B1_P20486--1qb3__A1_P20486,11,1,2,1,0.0101878813595735,66.875,False,6.169900734676048e-05
1qb3__B1_P20486--1qb3__A1_P20486,12,2,2,1,0.0112625947958121,66.6875,False,0.30924078822135925
1qb3__B1_P20486--1qb3__A1_P20486,13,2,3,1,0.0108944700229848,65.1875,False,0.20041491091251373
1qb3__B1_P20486--1qb3__A1_P20486,14,3,3,1,0.010500883156954,62.40625,False,0.19674989581108093
1qb3__B1_P20486--1qb3__A1_P20486,15,3,1,1,0.0105073094680632,56.59375,False,0.6499934196472168
1qb3__B1_P20486--1qb3__A1_P20486,16,1,0,1,0.1013843392069327,53.65625,False,0.22521039843559265
1qb3__B1_P20486--1qb3__A1_P20486,17,1,3,1,0.0174675111968577,22.140625,False,0.06680312752723694
1qb3__B1_P20486--1qb3__A1_P20486,18,1,1,1,0.0150988815000964,19.03125,False,0.07752282172441483
1qb3__B1_P20486--1qb3__A1_P20486,19,2,0,1,0.0154662358384731,18.90625,False,0.10672736912965775
1qb3__B1_P20486--1qb3__A1_P20486,20,5,1,1,0.0176448913137712,17.34375,False,0.0678318589925766
1qf8__A1_P67870--1qf8__B1_P67870,1,5,2,0,0.0581093840385423,55.65625,False,0.02491251938045025
1qf8__A1_P67870--1qf8__B1_P67870,2,5,0,0,0.0556056096493495,54.9375,False,0.011476610787212849
1qf8__A1_P67870--1qf8__B1_P67870,3,4,1,0,0.0598113339986194,50.65625,False,0.10156410187482834
1qf8__A1_P67870--1qf8__B1_P67870,4,5,1,0,0.0576135746693002,46.21875,False,0.019015030935406685
1qf8__A1_P67870--1qf8__B1_P67870,5,3,3,0,0.0589966064802366,44.5625,False,0.004685677122324705
1qf8__A1_P67870--1qf8__B1_P67870,6,1,1,0,0.0593435502895216,42.1875,False,0.14868775010108948
1qf8__A1_P67870--1qf8__B1_P67870,7,2,2,0,0.0895678957428332,41.59375,False,0.09202320128679276
1qf8__A1_P67870--1qf8__B1_P67870,8,1,0,0,0.0904371811650481,40.46875,False,0.16332411766052246
1qf8__A1_P67870--1qf8__B1_P67870,9,5,3,0,0.0569332530351925,40.0625,False,0.018103623762726784
1qf8__A1_P67870--1qf8__B1_P67870,10,1,2,0,0.0805684230056508,40.03125,False,0.1015699952840805
1qf8__A1_P67870--1qf8__B1_P67870,11,1,3,0,0.0394336688339208,38.5,False,0.1509331464767456
1qf8__A1_P67870--1qf8__B1_P67870,12,2,1,0,0.0990905911255217,36.875,False,0.12140369415283203
1qf8__A1_P67870--1qf8__B1_P67870,13,2,3,0,0.0239147745492861,28.328125,False,0.09430789202451706
1qf8__A1_P67870--1qf8__B1_P67870,14,3,1,0,0.0690207023992617,28.125,False,0.051685672253370285
1qf8__A1_P67870--1qf8__B1_P67870,15,2,0,0,0.1463373954042048,26.65625,False,0.11159738153219223
1qf8__A1_P67870--1qf8__B1_P67870,16,3,2,0,0.0253460880747213,21.328125,False,0.039998672902584076
1qf8__A1_P67870--1qf8__B1_P67870,17,4,2,0,0.0154012708370236,20.703125,False,0.1134636327624321
1qf8__A1_P67870--1qf8__B1_P67870,18,4,3,0,0.0135904310342963,20.28125,False,0.09480450302362442
1qf8__A1_P67870--1qf8__B1_P67870,19,4,0,0,0.0149264760921574,20.0625,False,0.15798726677894592
1qf8__A1_P67870--1qf8__B1_P67870,20,3,0,0,0.0187069671687628,19.578125,False,0.063974529504776
1qqf__A1_P01026--1qqf__A2_P01026,1,4,0,1,0.5873776681589512,85.5,True,0.041857074946165085
1qqf__A1_P01026--1qqf__A2_P01026,2,4,1,1,0.5930191103083357,72.0,True,0.1930355727672577
1qqf__A1_P01026--1qqf__A2_P01026,3,4,2,1,0.4977597869035122,69.0,True,0.08141488581895828
1qqf__A1_P01026--1qqf__A2_P01026,4,4,3,1,0.5927114057455511,67.8125,True,0.0711921751499176
1qqf__A1_P01026--1qqf__A2_P01026,5,1,1,1,0.3002761405269502,67.3125,True,0.03142639249563217
1qqf__A1_P01026--1qqf__A2_P01026,6,1,2,1,0.2913266670163278,66.375,True,0.14939777553081512
1qqf__A1_P01026--1qqf__A2_P01026,7,1,0,1,0.3318830303325444,57.5,True,0.02902648225426674
1qqf__A1_P01026--1qqf__A2_P01026,8,1,3,1,0.4311212656683492,54.375,True,0.31432387232780457
1qqf__A1_P01026--1qqf__A2_P01026,9,2,2,1,0.3560470046428248,53.53125,True,0.41091036796569824
1qqf__A1_P01026--1qqf__A2_P01026,10,2,0,1,0.3573722685539008,47.40625,True,0.38332897424697876
1qqf__A1_P01026--1qqf__A2_P01026,11,5,1,1,0.079138654103988,46.6875,False,0.0077131446450948715
1qqf__A1_P01026--1qqf__A2_P01026,12,2,3,1,0.3350530344007867,45.28125,True,0.2800889015197754
1qqf__A1_P01026--1qqf__A2_P01026,13,5,2,1,0.0946866310447705,42.28125,False,0.0028229723684489727
1qqf__A1_P01026--1qqf__A2_P01026,14,5,3,1,0.0847765614295753,42.28125,False,0.0018630967242643237
1qqf__A1_P01026--1qqf__A2_P01026,15,2,1,1,0.3259658295731849,41.875,True,0.3076004087924957
1qqf__A1_P01026--1qqf__A2_P01026,16,3,0,1,0.08427956702073,41.1875,False,0.0714932531118393
1qqf__A1_P01026--1qqf__A2_P01026,17,5,0,1,0.0404581675987673,41.03125,False,0.07486069202423096
1qqf__A1_P01026--1qqf__A2_P01026,18,3,1,1,0.0867641143125142,40.875,False,0.0413336418569088
1qqf__A1_P01026--1qqf__A2_P01026,19,3,2,1,0.1100285613012545,40.71875,False,0.21584750711917877
1qqf__A1_P01026--1qqf__A2_P01026,20,3,3,1,0.0760940201651511,38.3125,False,0.08440510183572769
1qrk__B1_P00488--1qrk__A1_P00488,1,4,0,2,0.6106249151971914,75.9375,True,0.9026678800582886
1qrk__B1_P00488--1qrk__A1_P00488,2,4,2,2,0.5914409103523514,74.0625,True,0.9144067168235779
1qrk__B1_P00488--1qrk__A1_P00488,3,5,3,2,0.5756992908629962,68.625,True,0.9669803977012634
1qrk__B1_P00488--1qrk__A1_P00488,4,1,3,2,0.1403054417257684,68.625,False,0.792177140712738
1qrk__B1_P00488--1qrk__A1_P00488,5,1,0,2,0.5841153619327032,68.125,True,0.7633568644523621
1qrk__B1_P00488--1qrk__A1_P00488,6,1,1,2,0.5170151399678287,67.1875,True,0.7823484539985657
1qrk__B1_P00488--1qrk__A1_P00488,7,3,0,2,0.6070218035424082,64.0,True,0.9015395045280457
1qrk__B1_P00488--1qrk__A1_P00488,8,3,1,2,0.6096934521632584,63.625,True,0.7804619669914246
1qrk__B1_P00488--1qrk__A1_P00488,9,3,3,2,0.5912997900544994,63.40625,True,0.9640305042266846
1qrk__B1_P00488--1qrk__A1_P00488,10,1,2,2,0.1517965435424252,63.21875,False,0.48812779784202576
1qrk__B1_P00488--1qrk__A1_P00488,11,5,2,2,0.509038484527981,61.9375,True,0.8946927785873413
1qrk__B1_P00488--1qrk__A1_P00488,12,5,1,2,0.2075382939765195,59.53125,False,0.9739251136779785
1qrk__B1_P00488--1qrk__A1_P00488,13,5,0,2,0.1756104251599846,59.1875,False,0.1818138062953949
1qrk__B1_P00488--1qrk__A1_P00488,14,4,3,2,0.1842179752769179,57.0,False,0.5401745438575745
1qrk__B1_P00488--1qrk__A1_P00488,15,2,2,2,0.4564085480333055,56.03125,True,0.7437981963157654
1qrk__B1_P00488--1qrk__A1_P00488,16,3,2,2,0.1746115140929543,55.03125,False,0.9725247025489807
1qrk__B1_P00488--1qrk__A1_P00488,17,4,1,2,0.1615903517428303,54.40625,False,0.7440769076347351
1qrk__B1_P00488--1qrk__A1_P00488,18,2,1,2,0.4388668052799175,49.59375,True,0.4362970292568207
1qrk__B1_P00488--1qrk__A1_P00488,19,2,3,2,0.1861233944984007,49.5625,False,0.7387580275535583
1qrk__B1_P00488--1qrk__A1_P00488,20,2,0,2,0.4395752833808626,49.5625,True,0.9291943907737732
1qxx__A1_P02929--1qxx__A2_P02929,1,2,1,2,0.7630832708597183,78.5,True,7.002276447565237e-08
1qxx__A1_P02929--1qxx__A2_P02929,2,4,1,2,0.7586630385218657,77.25,True,2.2446836283052107e-06
1qxx__A1_P02929--1qxx__A2_P02929,3,2,3,2,0.7890503914396211,75.375,True,1.7076400808946346e-06
1qxx__A1_P02929--1qxx__A2_P02929,4,4,0,2,0.7589919746768953,72.125,True,1.6111371223814785e-06
1qxx__A1_P02929--1qxx__A2_P02929,5,3,1,2,0.7213611784872951,68.0625,True,3.1699007649876876e-06
1qxx__A1_P02929--1qxx__A2_P02929,6,4,2,2,0.6389901938727429,67.6875,True,0.0019308479968458414
1qxx__A1_P02929--1qxx__A2_P02929,7,2,2,2,0.7082482307716514,66.3125,True,3.0375347705557942e-05
1qxx__A1_P02929--1qxx__A2_P02929,8,4,3,2,0.6489905847861871,66.1875,True,0.001295758760534227
1qxx__A1_P02929--1qxx__A2_P02929,9,3,0,2,0.6419554001410548,66.125,True,5.0527156417956576e-05
1qxx__A1_P02929--1qxx__A2_P02929,10,5,1,2,0.760800375469529,66.0625,True,6.64377175496611e-09
1qxx__A1_P02929--1qxx__A2_P02929,11,3,2,2,0.6313199690582275,64.6875,True,0.0005905139842070639
1qxx__A1_P02929--1qxx__A2_P02929,12,3,3,2,0.6408807133600551,64.3125,True,0.00037228065775707364
1qxx__A1_P02929--1qxx__A2_P02929,13,5,3,2,0.7472821484611251,64.125,True,0.014225073158740997
1qxx__A1_P02929--1qxx__A2_P02929,14,5,2,2,0.6460279728220656,55.28125,True,0.0003563310601748526
1qxx__A1_P02929--1qxx__A2_P02929,15,5,0,2,0.6489484622891034,54.625,True,0.0004038072656840086
1qxx__A1_P02929--1qxx__A2_P02929,16,2,0,2,0.0345380126769821,48.90625,False,0.04401358217000961
1qxx__A1_P02929--1qxx__A2_P02929,17,1,0,2,0.0434141703232331,43.53125,False,0.03268793597817421
1qxx__A1_P02929--1qxx__A2_P02929,18,1,3,2,0.037017774125763,41.4375,False,0.05426415428519249
1qxx__A1_P02929--1qxx__A2_P02929,19,1,1,2,0.0425976390679841,40.8125,False,0.024052534252405167
1qxx__A1_P02929--1qxx__A2_P02929,20,1,2,2,0.0405464668457528,35.15625,False,0.047362666577100754
1r5p__B1_Q8YT41--1r5p__A1_Q8YT41,1,5,0,1,0.0455987290758567,53.03125,False,0.07382581382989883
1r5p__B1_Q8YT41--1r5p__A1_Q8YT41,2,5,1,1,0.0465913192010022,45.125,False,0.06522597372531891
1r5p__B1_Q8YT41--1r5p__A1_Q8YT41,3,4,1,1,0.0916595362752405,33.46875,False,0.6341094970703125
1r5p__B1_Q8YT41--1r5p__A1_Q8YT41,4,5,3,1,0.0545079412097325,32.15625,False,0.8234792947769165
1r5p__B1_Q8YT41--1r5p__A1_Q8YT41,5,4,3,1,0.0971874595380903,30.890625,False,0.2431376874446869
1r5p__B1_Q8YT41--1r5p__A1_Q8YT41,6,2,3,1,0.0333395317365394,28.171875,False,0.1064961701631546
1r5p__B1_Q8YT41--1r5p__A1_Q8YT41,7,2,0,1,0.0362635563065148,25.625,False,0.040152281522750854
1r5p__B1_Q8YT41--1r5p__A1_Q8YT41,8,2,1,1,0.0411900779193011,25.21875,False,0.06797046959400177
1r5p__B1_Q8YT41--1r5p__A1_Q8YT41,9,1,2,1,0.0166769856658813,24.453125,False,0.16191788017749786
1r5p__B1_Q8YT41--1r5p__A1_Q8YT41,10,2,2,1,0.0732438970212902,23.515625,False,0.052836257964372635
1r5p__B1_Q8YT41--1r5p__A1_Q8YT41,11,1,1,1,0.0167648255925679,22.328125,False,0.37429580092430115
1r5p__B1_Q8YT41--1r5p__A1_Q8YT41,12,1,0,1,0.0170469974717162,20.28125,False,0.26509591937065125
1r5p__B1_Q8YT41--1r5p__A1_Q8YT41,13,1,3,1,0.0353049474688592,20.125,False,0.3727993667125702
1r5p__B1_Q8YT41--1r5p__A1_Q8YT41,14,5,2,1,0.0962911709448628,19.375,False,0.6515464782714844
1r5p__B1_Q8YT41--1r5p__A1_Q8YT41,15,3,1,1,0.0991151008307496,15.2109375,False,0.2704545855522156
1r5p__B1_Q8YT41--1r5p__A1_Q8YT41,16,3,2,1,0.0210956807710052,14.75,False,0.07257770746946335
1r5p__B1_Q8YT41--1r5p__A1_Q8YT41,17,3,3,1,0.1044592875292593,14.4375,False,0.5189251899719238
1r5p__B1_Q8YT41--1r5p__A1_Q8YT41,18,4,2,1,0.1359923119627488,14.234375,False,0.1103179082274437
1r5p__B1_Q8YT41--1r5p__A1_Q8YT41,19,4,0,1,0.0470477534563678,14.109375,False,0.04663122445344925
1r5p__B1_Q8YT41--1r5p__A1_Q8YT41,20,3,0,1,0.1166759777577191,14.0390625,False,0.2452220767736435
1rj9__B1_O07347--1rj9__A1_P83749,1,4,3,1,0.8990108090767972,89.9375,True,0.912223756313324
1rj9__B1_O07347--1rj9__A1_P83749,2,4,0,1,0.8681982336163513,89.4375,True,0.8719290494918823
1rj9__B1_O07347--1rj9__A1_P83749,3,4,1,1,0.9023207111379736,89.0,True,0.9048747420310974
1rj9__B1_O07347--1rj9__A1_P83749,4,5,2,1,0.8860418530744791,88.6875,True,0.8406186103820801
1rj9__B1_O07347--1rj9__A1_P83749,5,4,2,1,0.886148500954555,88.6875,True,0.8680943846702576
1rj9__B1_O07347--1rj9__A1_P83749,6,2,1,1,0.8289363122719843,88.3125,True,0.6841560006141663
1rj9__B1_O07347--1rj9__A1_P83749,7,1,0,1,0.8825263450737714,88.25,True,0.7241328954696655
1rj9__B1_O07347--1rj9__A1_P83749,8,5,1,1,0.9098686055042878,88.0625,True,0.9329869747161865
1rj9__B1_O07347--1rj9__A1_P83749,9,2,2,1,0.830494894594238,87.8125,True,0.6866647005081177
1rj9__B1_O07347--1rj9__A1_P83749,10,1,3,1,0.8942916540642748,87.4375,True,0.7065648436546326
1rj9__B1_O07347--1rj9__A1_P83749,11,3,1,1,0.9079508289731212,87.375,True,0.8346177935600281
1rj9__B1_O07347--1rj9__A1_P83749,12,2,3,1,0.8444143577983111,87.375,True,0.6562700867652893
1rj9__B1_O07347--1rj9__A1_P83749,13,2,0,1,0.8570585348006604,87.375,True,0.7133727073669434
1rj9__B1_O07347--1rj9__A1_P83749,14,1,1,1,0.8732303765378031,87.3125,True,0.7405568957328796
1rj9__B1_O07347--1rj9__A1_P83749,15,3,0,1,0.8655991005848476,87.125,True,0.7817615866661072
1rj9__B1_O07347--1rj9__A1_P83749,16,3,2,1,0.8129979475747148,86.9375,True,0.9803967475891113
1rj9__B1_O07347--1rj9__A1_P83749,17,5,3,1,0.8288888518376799,86.875,True,0.9436740279197693
1rj9__B1_O07347--1rj9__A1_P83749,18,3,3,1,0.864823963052721,86.625,True,0.8807973265647888
1rj9__B1_O07347--1rj9__A1_P83749,19,5,0,1,0.823551195269121,86.5625,True,0.675715982913971
1rj9__B1_O07347--1rj9__A1_P83749,20,1,2,1,0.8641872083155525,86.3125,True,0.7079156637191772
1rk4__A1_O00299--1rk4__B1_O00299,1,1,0,3,0.0254779958424484,27.203125,False,0.6445084810256958
1rk4__A1_O00299--1rk4__B1_O00299,2,1,3,3,0.0305264037163907,25.390625,False,0.6086458563804626
1rk4__A1_O00299--1rk4__B1_O00299,3,1,2,3,0.0309635528614136,22.8125,False,0.6460106372833252
1rk4__A1_O00299--1rk4__B1_O00299,4,1,1,3,0.0324123708051048,21.671875,False,0.6156046986579895
1rk4__A1_O00299--1rk4__B1_O00299,5,2,3,3,0.0295013564317024,21.65625,False,0.08203796297311783
1rk4__A1_O00299--1rk4__B1_O00299,6,2,0,3,0.069129938006077,21.453125,False,0.3324751853942871
1rk4__A1_O00299--1rk4__B1_O00299,7,2,1,3,0.0490577756974747,21.046875,False,0.32437047362327576
1rk4__A1_O00299--1rk4__B1_O00299,8,5,2,3,0.0387122590946773,20.546875,False,0.012622721493244171
1rk4__A1_O00299--1rk4__B1_O00299,9,2,2,3,0.0564782941191607,20.3125,False,0.06134660914540291
1rk4__A1_O00299--1rk4__B1_O00299,10,5,0,3,0.0398976862895214,20.1875,False,0.01484991516917944
1rk4__A1_O00299--1rk4__B1_O00299,11,5,3,3,0.0413453549620124,20.015625,False,0.006546142511069775
1rk4__A1_O00299--1rk4__B1_O00299,12,4,3,3,0.0320704662706561,20.0,False,0.2189282774925232
1rk4__A1_O00299--1rk4__B1_O00299,13,4,0,3,0.028322058723049,19.828125,False,0.004166681319475174
1rk4__A1_O00299--1rk4__B1_O00299,14,4,1,3,0.0443680720112614,19.5,False,0.07642564922571182
1rk4__A1_O00299--1rk4__B1_O00299,15,5,1,3,0.1743474716249101,18.9375,False,0.0906442403793335
1rk4__A1_O00299--1rk4__B1_O00299,16,4,2,3,0.1706910576340463,18.71875,False,0.059604138135910034
1rk4__A1_O00299--1rk4__B1_O00299,17,3,3,3,0.030042272036345,18.5625,False,0.5332649946212769
1rk4__A1_O00299--1rk4__B1_O00299,18,3,0,3,0.0285227150961758,18.328125,False,0.00740187568590045
1rk4__A1_O00299--1rk4__B1_O00299,19,3,2,3,0.028481366987575,18.296875,False,0.03157373517751694
1rk4__A1_O00299--1rk4__B1_O00299,20,3,1,3,0.0294522249155824,18.171875,False,0.011529176495969296
1s4k__A1_Q8ZPR1--1s4k__B1_Q8ZPR1,1,4,3,1,0.0376470693995013,29.46875,False,0.6805161237716675
1s4k__A1_Q8ZPR1--1s4k__B1_Q8ZPR1,2,3,1,1,0.088627538217648,22.65625,False,0.13206930458545685
1s4k__A1_Q8ZPR1--1s4k__B1_Q8ZPR1,3,1,3,1,0.0329822151837624,22.078125,False,0.2533378303050995
1s4k__A1_Q8ZPR1--1s4k__B1_Q8ZPR1,4,5,2,1,0.1033301041611925,20.609375,False,0.18498311936855316
1s4k__A1_Q8ZPR1--1s4k__B1_Q8ZPR1,5,3,0,1,0.0749787802510978,18.9375,False,0.1967003047466278
1s4k__A1_Q8ZPR1--1s4k__B1_Q8ZPR1,6,2,0,1,0.0491591580222751,18.375,False,0.05031357705593109
1s4k__A1_Q8ZPR1--1s4k__B1_Q8ZPR1,7,5,3,1,0.0775011692216162,18.28125,False,0.1704152524471283
1s4k__A1_Q8ZPR1--1s4k__B1_Q8ZPR1,8,2,1,1,0.0779699447032802,18.28125,False,0.051462750881910324
1s4k__A1_Q8ZPR1--1s4k__B1_Q8ZPR1,9,5,0,1,0.0625557313633287,17.96875,False,0.15515054762363434
1s4k__A1_Q8ZPR1--1s4k__B1_Q8ZPR1,10,4,1,1,0.0184163294394798,17.734375,False,0.07062765955924988
1s4k__A1_Q8ZPR1--1s4k__B1_Q8ZPR1,11,1,0,1,0.0241455983308582,17.625,False,0.5852194428443909
1s4k__A1_Q8ZPR1--1s4k__B1_Q8ZPR1,12,3,2,1,0.040838762735022,17.421875,False,0.08555427938699722
1s4k__A1_Q8ZPR1--1s4k__B1_Q8ZPR1,13,2,3,1,0.0468609943789125,17.359375,False,0.1411803513765335
1s4k__A1_Q8ZPR1--1s4k__B1_Q8ZPR1,14,5,1,1,0.1420298219658229,17.171875,False,0.14272473752498627
1s4k__A1_Q8ZPR1--1s4k__B1_Q8ZPR1,15,4,2,1,0.0300165349387477,17.109375,False,0.05349361151456833
1s4k__A1_Q8ZPR1--1s4k__B1_Q8ZPR1,16,2,2,1,0.0531363959300235,16.9375,False,0.17895837128162384
1s4k__A1_Q8ZPR1--1s4k__B1_Q8ZPR1,17,3,3,1,0.0281174698205835,16.609375,False,0.07789245247840881
1s4k__A1_Q8ZPR1--1s4k__B1_Q8ZPR1,18,4,0,1,0.0360677709707706,15.2265625,False,0.07181726396083832
1s4k__A1_Q8ZPR1--1s4k__B1_Q8ZPR1,19,1,1,1,0.0401934253945282,14.0234375,False,0.08386459201574326
1s4k__A1_Q8ZPR1--1s4k__B1_Q8ZPR1,20,1,2,1,0.0173896296778523,12.703125,False,0.06890334188938141
1s70__A1_P62207--1s70__B1_Q90623,1,4,0,1,0.7275811782277941,88.625,True,0.9745635986328125
1s70__A1_P62207--1s70__B1_Q90623,2,5,2,1,0.7252862914617898,88.1875,True,0.39735302329063416
1s70__A1_P62207--1s70__B1_Q90623,3,3,0,1,0.6639126894266921,87.5625,True,0.9992652535438538
1s70__A1_P62207--1s70__B1_Q90623,4,5,1,1,0.6248481934875006,87.375,True,0.08400844037532806
1s70__A1_P62207--1s70__B1_Q90623,5,4,2,1,0.6798808542019373,87.25,True,0.5964956283569336
1s70__A1_P62207--1s70__B1_Q90623,6,4,3,1,0.7011177734467106,87.0625,True,0.19104710221290588
1s70__A1_P62207--1s70__B1_Q90623,7,1,1,1,0.7398020646548907,86.75,True,0.9964003562927246
1s70__A1_P62207--1s70__B1_Q90623,8,5,3,1,0.6520196767274863,86.5,True,0.10203277319669724
1s70__A1_P62207--1s70__B1_Q90623,9,5,0,1,0.6792167344965748,86.4375,True,0.11716435849666595
1s70__A1_P62207--1s70__B1_Q90623,10,3,2,1,0.5362745533023282,86.0,True,0.9733055233955383
1s70__A1_P62207--1s70__B1_Q90623,11,2,1,1,0.5931886460257129,85.6875,True,0.8948910236358643
1s70__A1_P62207--1s70__B1_Q90623,12,4,1,1,0.5654625000029493,85.4375,True,0.9488164782524109
1s70__A1_P62207--1s70__B1_Q90623,13,3,3,1,0.4387797665840984,85.0,True,0.9988241791725159
1s70__A1_P62207--1s70__B1_Q90623,14,3,1,1,0.4286762500392598,84.8125,True,0.9887018203735352
1s70__A1_P62207--1s70__B1_Q90623,15,2,2,1,0.560134543522747,84.625,True,0.8179543614387512
1s70__A1_P62207--1s70__B1_Q90623,16,1,0,1,0.6079183099276076,84.625,True,0.9608889818191528
1s70__A1_P62207--1s70__B1_Q90623,17,1,2,1,0.6987831630770233,84.4375,True,0.9908728003501892
1s70__A1_P62207--1s70__B1_Q90623,18,2,0,1,0.539631584467602,84.375,True,0.7807798385620117
1s70__A1_P62207--1s70__B1_Q90623,19,2,3,1,0.5552396304036509,84.1875,True,0.9213716387748718
1s70__A1_P62207--1s70__B1_Q90623,20,1,3,1,0.5404598178310885,83.75,True,0.8873322010040283
1smx__A1_P21513--1smx__B1_P21513,1,1,0,0,0.0153498445538025,33.59375,False,0.1335715651512146
1smx__A1_P21513--1smx__B1_P21513,2,1,1,0,0.0158068212404666,29.28125,False,0.12634484469890594
1smx__A1_P21513--1smx__B1_P21513,3,2,0,0,0.2406513786016403,22.9375,True,0.2126615047454834
1smx__A1_P21513--1smx__B1_P21513,4,1,3,0,0.0290539351319406,20.15625,False,0.033357907086610794
1smx__A1_P21513--1smx__B1_P21513,5,2,1,0,0.2222385431931975,19.65625,False,0.22892382740974426
1smx__A1_P21513--1smx__B1_P21513,6,2,2,0,0.1844860509355027,19.5625,False,0.250216007232666
1smx__A1_P21513--1smx__B1_P21513,7,1,2,0,0.0280842948898387,19.453125,False,0.03837998956441879
1smx__A1_P21513--1smx__B1_P21513,8,2,3,0,0.1798235371559075,19.265625,False,0.21925227344036102
1smx__A1_P21513--1smx__B1_P21513,9,5,0,0,0.0495096045282394,18.453125,False,0.09246201813220978
1smx__A1_P21513--1smx__B1_P21513,10,5,2,0,0.0825214019193569,18.375,False,0.13813671469688416
1smx__A1_P21513--1smx__B1_P21513,11,4,0,0,0.0282000590007507,18.359375,False,0.03329780697822571
1smx__A1_P21513--1smx__B1_P21513,12,4,1,0,0.1069444052020128,18.328125,False,0.06872136145830154
1smx__A1_P21513--1smx__B1_P21513,13,4,2,0,0.0371073838093175,18.078125,False,0.11467060446739197
1smx__A1_P21513--1smx__B1_P21513,14,5,1,0,0.0265357570415604,18.015625,False,0.13551229238510132
1smx__A1_P21513--1smx__B1_P21513,15,4,3,0,0.0991232144219913,17.921875,False,0.33762019872665405
1smx__A1_P21513--1smx__B1_P21513,16,3,3,0,0.0826449789985713,17.734375,False,0.05795589089393616
1smx__A1_P21513--1smx__B1_P21513,17,5,3,0,0.0274389335508348,17.703125,False,0.058550115674734116
1smx__A1_P21513--1smx__B1_P21513,18,3,2,0,0.0382122653696936,17.515625,False,0.08322395384311676
1smx__A1_P21513--1smx__B1_P21513,19,3,0,0,0.0546428898209266,17.4375,False,0.074678935110569
1smx__A1_P21513--1smx__B1_P21513,20,3,1,0,0.0450629391961612,17.140625,False,0.08624797314405441
1spp__B1_P35496--1spp__A1_P35495,1,3,3,4,0.3660599810221559,57.625,True,0.9069868326187134
1spp__B1_P35496--1spp__A1_P35495,2,5,2,4,0.2510124925990736,56.46875,True,0.039186351001262665
1spp__B1_P35496--1spp__A1_P35495,3,1,1,4,0.46358197110308,46.65625,True,0.1808234453201294
1spp__B1_P35496--1spp__A1_P35495,4,3,0,4,0.3203340786587548,45.90625,True,0.8777509331703186
1spp__B1_P35496--1spp__A1_P35495,5,2,2,4,0.2998344664996814,45.59375,True,0.7317617535591125
1spp__B1_P35496--1spp__A1_P35495,6,5,1,4,0.3179109210294206,44.9375,True,0.4026159644126892
1spp__B1_P35496--1spp__A1_P35495,7,5,0,4,0.2983492428848046,43.875,True,0.9919576644897461
1spp__B1_P35496--1spp__A1_P35495,8,3,1,4,0.3379555517947085,43.125,True,0.1411403864622116
1spp__B1_P35496--1spp__A1_P35495,9,1,3,4,0.353069684960195,41.84375,True,0.8814736008644104
1spp__B1_P35496--1spp__A1_P35495,10,2,1,4,0.2357126272140612,41.84375,True,0.11946959048509598
1spp__B1_P35496--1spp__A1_P35495,11,4,2,4,0.3073506438656965,41.8125,True,0.92796790599823
1spp__B1_P35496--1spp__A1_P35495,12,3,2,4,0.4215067679518653,40.625,True,0.9937126040458679
1spp__B1_P35496--1spp__A1_P35495,13,5,3,4,0.2859320882331197,39.125,True,0.8997193574905396
1spp__B1_P35496--1spp__A1_P35495,14,2,0,4,0.3094312866877675,38.28125,True,0.9390519261360168
1spp__B1_P35496--1spp__A1_P35495,15,2,3,4,0.2483469707367615,38.0,True,0.8407846093177795
1spp__B1_P35496--1spp__A1_P35495,16,4,1,4,0.2903208926365838,36.46875,True,0.6997575759887695
1spp__B1_P35496--1spp__A1_P35495,17,4,3,4,0.1565007559897325,35.78125,False,0.12610171735286713
1spp__B1_P35496--1spp__A1_P35495,18,1,0,4,0.2602881591061928,35.4375,True,0.9881076216697693
1spp__B1_P35496--1spp__A1_P35495,19,1,2,4,0.3728275057170817,35.09375,True,0.3667101562023163
1spp__B1_P35496--1spp__A1_P35495,20,4,0,4,0.1789573305204525,34.46875,False,0.09828697144985199
1t6b__A1_P13423--1t6b__B1_P58335,1,3,0,4,0.041260124680762,30.296875,False,0.04749371111392975
1t6b__A1_P13423--1t6b__B1_P58335,2,4,2,4,0.0861722102126889,29.859375,False,0.03945527598261833
1t6b__A1_P13423--1t6b__B1_P58335,3,4,3,4,0.0580479510250479,28.96875,False,0.02823350578546524
1t6b__A1_P13423--1t6b__B1_P58335,4,3,3,4,0.1033438365939373,28.84375,False,0.029325054958462715
1t6b__A1_P13423--1t6b__B1_P58335,5,4,0,4,0.0422343312673364,28.578125,False,0.02464693784713745
1t6b__A1_P13423--1t6b__B1_P58335,6,5,0,4,0.0377995473071033,28.28125,False,0.05149484798312187
1t6b__A1_P13423--1t6b__B1_P58335,7,5,1,4,0.0734445162306664,28.0625,False,0.06338576227426529
1t6b__A1_P13423--1t6b__B1_P58335,8,4,1,4,0.0674473317071734,27.78125,False,0.03053787350654602
1t6b__A1_P13423--1t6b__B1_P58335,9,2,2,4,0.0446504582930789,27.578125,False,0.027725571766495705
1t6b__A1_P13423--1t6b__B1_P58335,10,2,1,4,0.0871656332272122,27.015625,False,0.17443467676639557
1t6b__A1_P13423--1t6b__B1_P58335,11,5,3,4,0.0759212096639001,25.75,False,0.03076445683836937
1t6b__A1_P13423--1t6b__B1_P58335,12,2,0,4,0.0685255447113765,25.65625,False,0.1622624397277832
1t6b__A1_P13423--1t6b__B1_P58335,13,1,0,4,0.0652625155433662,25.4375,False,0.08229279518127441
1t6b__A1_P13423--1t6b__B1_P58335,14,3,1,4,0.0875610353524308,25.25,False,0.02770175226032734
1t6b__A1_P13423--1t6b__B1_P58335,15,1,2,4,0.0888353236267912,24.46875,False,0.30039098858833313
1t6b__A1_P13423--1t6b__B1_P58335,16,2,3,4,0.0868133745525157,24.390625,False,0.04599747806787491
1t6b__A1_P13423--1t6b__B1_P58335,17,3,2,4,0.039512535936322,24.28125,False,0.03325613960623741
1t6b__A1_P13423--1t6b__B1_P58335,18,1,1,4,0.0552671609481615,24.03125,False,0.038438986986875534
1t6b__A1_P13423--1t6b__B1_P58335,19,5,2,4,0.0406231235205811,23.65625,False,0.07197901606559753
1t6b__A1_P13423--1t6b__B1_P58335,20,1,3,4,0.07887928071691,23.484375,False,0.11892669647932053
1t6l__A1_P16790--1t6l__A2_P16790,1,1,2,0,0.3610030019593815,41.09375,True,0.03066590614616871
1t6l__A1_P16790--1t6l__A2_P16790,2,4,3,0,0.2789424967174275,36.53125,True,0.20226790010929108
1t6l__A1_P16790--1t6l__A2_P16790,3,3,3,0,0.3194933136056302,34.59375,True,0.36803126335144043
1t6l__A1_P16790--1t6l__A2_P16790,4,5,2,0,0.2108437933892956,26.21875,False,0.0747043713927269
1t6l__A1_P16790--1t6l__A2_P16790,5,4,2,0,0.1968917573507296,22.25,False,0.15425260365009308
1t6l__A1_P16790--1t6l__A2_P16790,6,5,0,0,0.2494045321162363,21.59375,True,0.0832274854183197
1t6l__A1_P16790--1t6l__A2_P16790,7,2,3,0,0.2474085328273347,21.28125,True,0.004713431932032108
1t6l__A1_P16790--1t6l__A2_P16790,8,3,0,0,0.3017937050453949,21.0625,True,0.0057859355583786964
1t6l__A1_P16790--1t6l__A2_P16790,9,5,1,0,0.2932752019818403,20.78125,True,0.03495414927601814
1t6l__A1_P16790--1t6l__A2_P16790,10,2,0,0,0.1727916780688227,20.578125,False,0.3813835084438324
1t6l__A1_P16790--1t6l__A2_P16790,11,1,0,0,0.133779307559196,19.28125,False,0.33454468846321106
1t6l__A1_P16790--1t6l__A2_P16790,12,3,1,0,0.1214271192501843,18.109375,False,0.0814475566148758
1t6l__A1_P16790--1t6l__A2_P16790,13,4,1,0,0.0322573417627538,17.546875,False,0.02454463765025139
1t6l__A1_P16790--1t6l__A2_P16790,14,5,3,0,0.0466052567849718,15.734375,False,0.030004771426320076
1t6l__A1_P16790--1t6l__A2_P16790,15,3,2,0,0.1157633208549703,15.515625,False,0.0929306298494339
1t6l__A1_P16790--1t6l__A2_P16790,16,1,1,0,0.0164181181998058,14.6953125,False,0.024251334369182587
1t6l__A1_P16790--1t6l__A2_P16790,17,2,1,0,0.0658284495167863,14.3671875,False,0.01941440999507904
1t6l__A1_P16790--1t6l__A2_P16790,18,1,3,0,0.0193379735264087,14.03125,False,0.018890537321567535
1t6l__A1_P16790--1t6l__A2_P16790,19,2,2,0,0.0181781722186593,13.0546875,False,0.03493044897913933
1t6l__A1_P16790--1t6l__A2_P16790,20,4,0,0,0.0165496343561558,12.78125,False,0.01872788742184639
1tej__B1_P0C6B5--1tej__A1_P0C6B4,1,4,3,4,0.8133840523680179,80.0625,True,0.8205349445343018
1tej__B1_P0C6B5--1tej__A1_P0C6B4,2,4,2,4,0.8284310544585732,79.75,True,0.8205349445343018
1tej__B1_P0C6B5--1tej__A1_P0C6B4,3,4,0,4,0.8240239358872327,79.625,True,0.8205349445343018
1tej__B1_P0C6B5--1tej__A1_P0C6B4,4,4,1,4,0.8243697623483207,79.625,True,0.8205349445343018
1tej__B1_P0C6B5--1tej__A1_P0C6B4,5,5,0,4,0.810805910903866,79.25,True,0.8182752728462219
1tej__B1_P0C6B5--1tej__A1_P0C6B4,6,5,3,4,0.8003311090620634,79.125,True,0.8182752728462219
1tej__B1_P0C6B5--1tej__A1_P0C6B4,7,5,1,4,0.8028572321991011,78.9375,True,0.8182752728462219
1tej__B1_P0C6B5--1tej__A1_P0C6B4,8,2,1,4,0.8901567118469896,78.6875,True,0.8096563220024109
1tej__B1_P0C6B5--1tej__A1_P0C6B4,9,2,3,4,0.8841555182005963,78.5625,True,0.8096563220024109
1tej__B1_P0C6B5--1tej__A1_P0C6B4,10,2,0,4,0.8864952132872704,78.5,True,0.8096563220024109
1tej__B1_P0C6B5--1tej__A1_P0C6B4,11,2,2,4,0.892270838610053,78.4375,True,0.8096563220024109
1tej__B1_P0C6B5--1tej__A1_P0C6B4,12,5,2,4,0.8200538832161787,78.375,True,0.8182752728462219
1tej__B1_P0C6B5--1tej__A1_P0C6B4,13,1,1,4,0.8509994176940231,78.3125,True,0.825328528881073
1tej__B1_P0C6B5--1tej__A1_P0C6B4,14,1,3,4,0.8379445216156648,78.125,True,0.81878662109375
1tej__B1_P0C6B5--1tej__A1_P0C6B4,15,1,0,4,0.8486892483150491,78.125,True,0.8252767324447632
1tej__B1_P0C6B5--1tej__A1_P0C6B4,16,1,2,4,0.8499185820561692,77.875,True,0.825328528881073
1tej__B1_P0C6B5--1tej__A1_P0C6B4,17,3,2,4,0.8418066344116825,76.0625,True,0.8168286681175232
1tej__B1_P0C6B5--1tej__A1_P0C6B4,18,3,1,4,0.8439656969462711,75.8125,True,0.8168286681175232
1tej__B1_P0C6B5--1tej__A1_P0C6B4,19,3,0,4,0.8472099787803402,75.75,True,0.8168286681175232
1tej__B1_P0C6B5--1tej__A1_P0C6B4,20,3,3,4,0.8424716436069373,75.3125,True,0.8168286681175232
1tf0__A1_P02768--1tf0__B1_Q51911,1,5,1,0,0.8599519092712029,94.875,True,0.8914535045623779
1tf0__A1_P02768--1tf0__B1_Q51911,2,5,3,0,0.8597976550473138,94.75,True,0.8914535045623779
1tf0__A1_P02768--1tf0__B1_Q51911,3,5,2,0,0.8619076420290083,94.6875,True,0.8914535045623779
1tf0__A1_P02768--1tf0__B1_Q51911,4,1,0,0,0.878346425605636,94.625,True,0.910878598690033
1tf0__A1_P02768--1tf0__B1_Q51911,5,2,0,0,0.8673733946863798,94.625,True,0.8996301889419556
1tf0__A1_P02768--1tf0__B1_Q51911,6,5,0,0,0.8615057618651504,94.625,True,0.8914535045623779
1tf0__A1_P02768--1tf0__B1_Q51911,7,2,1,0,0.8699854506573937,94.4375,True,0.8921680450439453
1tf0__A1_P02768--1tf0__B1_Q51911,8,1,1,0,0.8692312216158894,94.3125,True,0.8831870555877686
1tf0__A1_P02768--1tf0__B1_Q51911,9,4,1,0,0.8570694332725827,94.3125,True,0.8917315602302551
1tf0__A1_P02768--1tf0__B1_Q51911,10,3,1,0,0.8670142596479747,94.25,True,0.8909093141555786
1tf0__A1_P02768--1tf0__B1_Q51911,11,1,2,0,0.8679710465609783,94.125,True,0.8831870555877686
1tf0__A1_P02768--1tf0__B1_Q51911,12,4,0,0,0.856565778966598,94.125,True,0.8995323777198792
1tf0__A1_P02768--1tf0__B1_Q51911,13,3,3,0,0.8661155564764824,94.125,True,0.885347306728363
1tf0__A1_P02768--1tf0__B1_Q51911,14,4,3,0,0.8538490177586091,94.0625,True,0.8966913819313049
1tf0__A1_P02768--1tf0__B1_Q51911,15,2,2,0,0.8695660060849707,93.9375,True,0.8921680450439453
1tf0__A1_P02768--1tf0__B1_Q51911,16,3,2,0,0.861018353515416,93.9375,True,0.8998043537139893
1tf0__A1_P02768--1tf0__B1_Q51911,17,3,0,0,0.8615590860061758,93.9375,True,0.886003851890564
1tf0__A1_P02768--1tf0__B1_Q51911,18,4,2,0,0.8565467895573168,93.875,True,0.8966913819313049
1tf0__A1_P02768--1tf0__B1_Q51911,19,1,3,0,0.8736590597183822,93.6875,True,0.8946886658668518
1tf0__A1_P02768--1tf0__B1_Q51911,20,2,3,0,0.8646561568487305,93.4375,True,0.886003851890564
1tj7__A1_P11447--1tj7__B1_P11447,1,4,3,2,0.0251540870247101,87.625,False,8.882495421858039e-06
1tj7__A1_P11447--1tj7__B1_P11447,2,4,0,2,0.0208539560536907,87.5,False,8.960428203863557e-06
1tj7__A1_P11447--1tj7__B1_P11447,3,4,2,2,0.0251507012137512,87.0,False,1.1535931662365329e-05
1tj7__A1_P11447--1tj7__B1_P11447,4,4,1,2,0.0251562571857713,86.25,False,1.1101982636319008e-05
1tj7__A1_P11447--1tj7__B1_P11447,5,5,3,2,0.009008039331964,84.6875,False,0.0008643273031339049
1tj7__A1_P11447--1tj7__B1_P11447,6,5,0,2,0.0090176225573507,84.375,False,0.007164939306676388
1tj7__A1_P11447--1tj7__B1_P11447,7,1,3,2,0.0251521192498786,84.125,False,0.2811739146709442
1tj7__A1_P11447--1tj7__B1_P11447,8,1,1,2,0.0251549848921585,83.0,False,0.5810143947601318
1tj7__A1_P11447--1tj7__B1_P11447,9,5,2,2,0.0090084163185668,82.9375,False,0.0008370145806111395
1tj7__A1_P11447--1tj7__B1_P11447,10,1,2,2,0.0208703022177642,82.5625,False,0.2830623388290405
1tj7__A1_P11447--1tj7__B1_P11447,11,2,1,2,0.0208507141378404,80.9375,False,0.0001861916680354625
1tj7__A1_P11447--1tj7__B1_P11447,12,1,0,2,0.0229949461132906,80.625,False,0.5553640723228455
1tj7__A1_P11447--1tj7__B1_P11447,13,2,3,2,0.0208063613561845,80.375,False,0.00031650238088332117
1tj7__A1_P11447--1tj7__B1_P11447,14,5,1,2,0.6860411335468531,79.375,True,0.02247776836156845
1tj7__A1_P11447--1tj7__B1_P11447,15,2,2,2,0.0251747335608558,76.1875,False,0.00024977989960461855
1tj7__A1_P11447--1tj7__B1_P11447,16,3,3,2,0.0090186355932331,75.8125,False,0.0003660369256976992
1tj7__A1_P11447--1tj7__B1_P11447,17,3,0,2,0.0090243376168029,75.4375,False,0.001433730125427246
1tj7__A1_P11447--1tj7__B1_P11447,18,3,2,2,0.0090152863298344,75.3125,False,0.0009623477817513049
1tj7__A1_P11447--1tj7__B1_P11447,19,3,1,2,0.0090194805976182,74.75,False,0.0007967428537085652
1tj7__A1_P11447--1tj7__B1_P11447,20,2,0,2,0.6695871721036664,55.3125,True,0.013720887713134289
1ujw__A1_P06129--1ujw__B1_P00646,1,5,0,1,0.8470985296867936,90.25,True,0.631745457649231
1ujw__A1_P06129--1ujw__B1_P00646,2,5,1,1,0.8448851805274148,90.0625,True,0.5423440337181091
1ujw__A1_P06129--1ujw__B1_P00646,3,4,0,1,0.8465662736039873,89.8125,True,0.8594136834144592
1ujw__A1_P06129--1ujw__B1_P00646,4,4,1,1,0.8416270919006975,89.375,True,0.8429162502288818
1ujw__A1_P06129--1ujw__B1_P00646,5,5,2,1,0.8425490338372024,89.25,True,0.7101532220840454
1ujw__A1_P06129--1ujw__B1_P00646,6,4,3,1,0.8312787751361187,89.1875,True,0.5438593626022339
1ujw__A1_P06129--1ujw__B1_P00646,7,1,0,1,0.8412537664290715,89.0,True,0.926436185836792
1ujw__A1_P06129--1ujw__B1_P00646,8,5,3,1,0.8293413016808043,88.75,True,0.7303157448768616
1ujw__A1_P06129--1ujw__B1_P00646,9,2,3,1,0.828869537328694,87.9375,True,0.9318983554840088
1ujw__A1_P06129--1ujw__B1_P00646,10,2,0,1,0.8425950726267543,87.9375,True,0.8951826691627502
1ujw__A1_P06129--1ujw__B1_P00646,11,4,2,1,0.7555870596681965,87.75,True,0.7796292304992676
1ujw__A1_P06129--1ujw__B1_P00646,12,3,2,1,0.8353195234643973,87.6875,True,0.8288533687591553
1ujw__A1_P06129--1ujw__B1_P00646,13,1,3,1,0.8162230655649617,87.5,True,0.9364050030708313
1ujw__A1_P06129--1ujw__B1_P00646,14,1,1,1,0.81449598980962,87.25,True,0.9250766634941101
1ujw__A1_P06129--1ujw__B1_P00646,15,3,0,1,0.7776617607530488,86.8125,True,0.7554407715797424
1ujw__A1_P06129--1ujw__B1_P00646,16,1,2,1,0.8034408114999095,86.625,True,0.8307840824127197
1ujw__A1_P06129--1ujw__B1_P00646,17,3,3,1,0.8268415236484467,86.25,True,0.7950306534767151
1ujw__A1_P06129--1ujw__B1_P00646,18,2,2,1,0.8079378629848417,85.8125,True,0.7770769000053406
1ujw__A1_P06129--1ujw__B1_P00646,19,2,1,1,0.8105196139056862,85.75,True,0.8744342923164368
1ujw__A1_P06129--1ujw__B1_P00646,20,3,1,1,0.7181760705805885,84.4375,True,0.7054856419563293
1v5v__A1_O58888--1v5v__B1_O58888,1,1,1,4,0.801073856130179,91.3125,True,0.2725849449634552
1v5v__A1_O58888--1v5v__B1_O58888,2,1,0,4,0.393049161517741,85.8125,True,0.6752377152442932
1v5v__A1_O58888--1v5v__B1_O58888,3,3,2,4,0.5158549693070005,85.5625,True,0.7621111869812012
1v5v__A1_O58888--1v5v__B1_O58888,4,3,1,4,0.5639463777930067,84.6875,True,0.47262704372406006
1v5v__A1_O58888--1v5v__B1_O58888,5,1,2,4,0.4228907538309499,83.5,True,0.9150647521018982
1v5v__A1_O58888--1v5v__B1_O58888,6,3,0,4,0.4418818756744007,83.0625,True,0.5387296676635742
1v5v__A1_O58888--1v5v__B1_O58888,7,3,3,4,0.5047275113412993,82.6875,True,0.9973161816596985
1v5v__A1_O58888--1v5v__B1_O58888,8,2,3,4,0.3801047191291815,82.6875,True,0.9018939137458801
1v5v__A1_O58888--1v5v__B1_O58888,9,2,2,4,0.4154197519603111,82.625,True,0.990880012512207
1v5v__A1_O58888--1v5v__B1_O58888,10,5,3,4,0.54755190611391,82.375,True,0.9999887943267822
1v5v__A1_O58888--1v5v__B1_O58888,11,1,3,4,0.4231486109881459,82.3125,True,0.3594641387462616
1v5v__A1_O58888--1v5v__B1_O58888,12,5,2,4,0.5033511695634126,80.9375,True,0.9999938011169434
1v5v__A1_O58888--1v5v__B1_O58888,13,5,1,4,0.5106843309315238,80.4375,True,1.0
1v5v__A1_O58888--1v5v__B1_O58888,14,4,0,4,0.4409907757959765,80.0625,True,0.673214316368103
1v5v__A1_O58888--1v5v__B1_O58888,15,2,1,4,0.4706911751439149,79.875,True,0.9936453104019165
1v5v__A1_O58888--1v5v__B1_O58888,16,2,0,4,0.4787922883310156,78.625,True,0.999007523059845
1v5v__A1_O58888--1v5v__B1_O58888,17,5,0,4,0.3667985524911549,78.5,True,0.5793235301971436
1v5v__A1_O58888--1v5v__B1_O58888,18,4,2,4,0.4288161958336614,77.1875,True,0.596329927444458
1v5v__A1_O58888--1v5v__B1_O58888,19,4,1,4,0.3472495330344982,76.25,True,0.7291138172149658
1v5v__A1_O58888--1v5v__B1_O58888,20,4,3,4,0.4298241911823043,72.0,True,0.9054234623908997
1vc1__A1_Q9X1F5--1vc1__B1_Q9X1F5,1,5,3,3,0.906277161243982,87.75,True,0.9999997615814209
1vc1__A1_Q9X1F5--1vc1__B1_Q9X1F5,2,5,0,3,0.904892964286588,87.5625,True,0.9999986886978149
1vc1__A1_Q9X1F5--1vc1__B1_Q9X1F5,3,5,1,3,0.9045658793979374,87.5,True,0.9999998807907104
1vc1__A1_Q9X1F5--1vc1__B1_Q9X1F5,4,5,2,3,0.9100898872844142,86.5625,True,0.9999994039535522
1vc1__A1_Q9X1F5--1vc1__B1_Q9X1F5,5,3,1,3,0.8262657534126531,86.375,True,0.9999727010726929
1vc1__A1_Q9X1F5--1vc1__B1_Q9X1F5,6,3,2,3,0.8805209609277688,85.3125,True,0.9999991655349731
1vc1__A1_Q9X1F5--1vc1__B1_Q9X1F5,7,2,3,3,0.9074020812607224,85.25,True,0.9998272061347961
1vc1__A1_Q9X1F5--1vc1__B1_Q9X1F5,8,2,0,3,0.9152174632106728,83.625,True,0.9997314810752869
1vc1__A1_Q9X1F5--1vc1__B1_Q9X1F5,9,2,2,3,0.9174139633596148,83.3125,True,0.9997314810752869
1vc1__A1_Q9X1F5--1vc1__B1_Q9X1F5,10,3,3,3,0.8668502284777663,82.8125,True,0.9999991655349731
1vc1__A1_Q9X1F5--1vc1__B1_Q9X1F5,11,2,1,3,0.9160109354201862,82.6875,True,0.9997314810752869
1vc1__A1_Q9X1F5--1vc1__B1_Q9X1F5,12,4,0,3,0.8734283101294859,79.375,True,0.9999961853027344
1vc1__A1_Q9X1F5--1vc1__B1_Q9X1F5,13,1,1,3,0.8846734755345135,78.375,True,0.9995273351669312
1vc1__A1_Q9X1F5--1vc1__B1_Q9X1F5,14,1,0,3,0.8474776768293412,77.875,True,0.9998859167098999
1vc1__A1_Q9X1F5--1vc1__B1_Q9X1F5,15,4,2,3,0.9079442564808572,77.375,True,0.9999997615814209
1vc1__A1_Q9X1F5--1vc1__B1_Q9X1F5,16,4,3,3,0.9286237645090332,77.3125,True,0.9999929666519165
1vc1__A1_Q9X1F5--1vc1__B1_Q9X1F5,17,1,2,3,0.8117413077057772,74.3125,True,0.9998795986175537
1vc1__A1_Q9X1F5--1vc1__B1_Q9X1F5,18,1,3,3,0.7441645302217884,72.6875,True,0.9999845027923584
1vc1__A1_Q9X1F5--1vc1__B1_Q9X1F5,19,4,1,3,0.8225372912795373,62.8125,True,0.9998409748077393
1vc1__A1_Q9X1F5--1vc1__B1_Q9X1F5,20,3,0,3,0.0734336730823427,51.125,False,0.05198594555258751
1vf6__A1_Q8NI35--1vf6__C1_Q9JLB2,1,5,0,3,0.8263850762211051,82.0,True,0.8260577917098999
1vf6__A1_Q8NI35--1vf6__C1_Q9JLB2,2,5,2,3,0.8161533194964967,81.8125,True,0.9151104688644409
1vf6__A1_Q8NI35--1vf6__C1_Q9JLB2,3,5,1,3,0.8307405089663762,81.6875,True,0.7739206552505493
1vf6__A1_Q8NI35--1vf6__C1_Q9JLB2,4,2,1,3,0.8361459747960417,81.375,True,0.7688632011413574
1vf6__A1_Q8NI35--1vf6__C1_Q9JLB2,5,5,3,3,0.828881227476976,81.3125,True,0.8370773792266846
1vf6__A1_Q8NI35--1vf6__C1_Q9JLB2,6,2,3,3,0.8394749390075278,81.3125,True,0.7408231496810913
1vf6__A1_Q8NI35--1vf6__C1_Q9JLB2,7,2,0,3,0.8409241363087233,81.125,True,0.7200667858123779
1vf6__A1_Q8NI35--1vf6__C1_Q9JLB2,8,2,2,3,0.8374885931217154,80.875,True,0.7408231496810913
1vf6__A1_Q8NI35--1vf6__C1_Q9JLB2,9,1,3,3,0.7967667509185646,80.5,True,0.8227296471595764
1vf6__A1_Q8NI35--1vf6__C1_Q9JLB2,10,1,1,3,0.794985177228531,80.25,True,0.8352843523025513
1vf6__A1_Q8NI35--1vf6__C1_Q9JLB2,11,4,1,3,0.8110797395241601,80.1875,True,0.8246062994003296
1vf6__A1_Q8NI35--1vf6__C1_Q9JLB2,12,1,0,3,0.7956832805344963,79.875,True,0.8330578804016113
1vf6__A1_Q8NI35--1vf6__C1_Q9JLB2,13,4,3,3,0.7911617583828034,79.75,True,0.8504090309143066
1vf6__A1_Q8NI35--1vf6__C1_Q9JLB2,14,3,1,3,0.8252410737000074,79.6875,True,0.706741213798523
1vf6__A1_Q8NI35--1vf6__C1_Q9JLB2,15,1,2,3,0.7948124596568853,79.5625,True,0.8208845257759094
1vf6__A1_Q8NI35--1vf6__C1_Q9JLB2,16,4,0,3,0.805729314486137,79.5625,True,0.8317114114761353
1vf6__A1_Q8NI35--1vf6__C1_Q9JLB2,17,3,3,3,0.8225087726174348,79.5,True,0.679198682308197
1vf6__A1_Q8NI35--1vf6__C1_Q9JLB2,18,4,2,3,0.7967850123040877,79.4375,True,0.7970135807991028
1vf6__A1_Q8NI35--1vf6__C1_Q9JLB2,19,3,0,3,0.8315616770152593,79.125,True,0.7110694050788879
1vf6__A1_Q8NI35--1vf6__C1_Q9JLB2,20,3,2,3,0.8227446202116009,78.875,True,0.7449072599411011
1vp7__B1_Q7VV85--1vp7__A1_Q7VV85,1,5,2,0,0.8154258714859747,86.1875,True,0.9408318400382996
1vp7__B1_Q7VV85--1vp7__A1_Q7VV85,2,3,2,0,0.8811847478639644,86.1875,True,0.9639690518379211
1vp7__B1_Q7VV85--1vp7__A1_Q7VV85,3,2,2,0,0.804842340927061,86.1875,True,0.7319656014442444
1vp7__B1_Q7VV85--1vp7__A1_Q7VV85,4,1,0,0,0.8059917716172399,86.0625,True,0.873997688293457
1vp7__B1_Q7VV85--1vp7__A1_Q7VV85,5,2,0,0,0.8236004966573812,86.0,True,0.8358981013298035
1vp7__B1_Q7VV85--1vp7__A1_Q7VV85,6,2,3,0,0.8078975209402827,86.0,True,0.7616670727729797
1vp7__B1_Q7VV85--1vp7__A1_Q7VV85,7,1,3,0,0.8155878903059247,86.0,True,0.8664686679840088
1vp7__B1_Q7VV85--1vp7__A1_Q7VV85,8,3,0,0,0.8786657171447398,86.0,True,0.9700255990028381
1vp7__B1_Q7VV85--1vp7__A1_Q7VV85,9,1,2,0,0.8015890744669214,85.875,True,0.862533450126648
1vp7__B1_Q7VV85--1vp7__A1_Q7VV85,10,5,3,0,0.8186900096267707,85.75,True,0.9364650845527649
1vp7__B1_Q7VV85--1vp7__A1_Q7VV85,11,3,1,0,0.8830452904683503,85.625,True,0.9686558246612549
1vp7__B1_Q7VV85--1vp7__A1_Q7VV85,12,2,1,0,0.8103458485123332,85.625,True,0.8468502163887024
1vp7__B1_Q7VV85--1vp7__A1_Q7VV85,13,1,1,0,0.8069957456887084,85.625,True,0.862533450126648
1vp7__B1_Q7VV85--1vp7__A1_Q7VV85,14,5,1,0,0.8690312443571924,85.625,True,0.9795372486114502
1vp7__B1_Q7VV85--1vp7__A1_Q7VV85,15,5,0,0,0.8683995846748896,85.5625,True,0.97700035572052
1vp7__B1_Q7VV85--1vp7__A1_Q7VV85,16,4,0,0,0.9031419613459288,85.5625,True,0.9707062840461731
1vp7__B1_Q7VV85--1vp7__A1_Q7VV85,17,3,3,0,0.8882941556340859,85.5625,True,0.9667797684669495
1vp7__B1_Q7VV85--1vp7__A1_Q7VV85,18,4,1,0,0.8985198784300148,85.375,True,0.9710025191307068
1vp7__B1_Q7VV85--1vp7__A1_Q7VV85,19,4,2,0,0.9045460734651992,85.375,True,0.9710025191307068
1vp7__B1_Q7VV85--1vp7__A1_Q7VV85,20,4,3,0,0.903684183172787,85.3125,True,0.9710025191307068
1x3w__A1_Q02890--1x3w__B1_P32628,1,1,0,0,0.5632389870291314,89.0,True,0.7798609137535095
1x3w__A1_Q02890--1x3w__B1_P32628,2,1,2,0,0.5719596959437975,88.875,True,0.44796323776245117
1x3w__A1_Q02890--1x3w__B1_P32628,3,2,3,0,0.5739487689567427,88.1875,True,0.5339980721473694
1x3w__A1_Q02890--1x3w__B1_P32628,4,2,0,0,0.57447096522874,86.5,True,0.056047871708869934
1x3w__A1_Q02890--1x3w__B1_P32628,5,4,2,0,0.374441155879198,49.75,True,0.13617201149463654
1x3w__A1_Q02890--1x3w__B1_P32628,6,4,1,0,0.2181893754447272,44.8125,False,0.055282119661569595
1x3w__A1_Q02890--1x3w__B1_P32628,7,3,2,0,0.3375363800504722,44.03125,True,0.08754272013902664
1x3w__A1_Q02890--1x3w__B1_P32628,8,3,1,0,0.3886215033619882,43.65625,True,0.4526416063308716
1x3w__A1_Q02890--1x3w__B1_P32628,9,4,3,0,0.3478620023305903,43.625,True,0.23809382319450378
1x3w__A1_Q02890--1x3w__B1_P32628,10,4,0,0,0.2771493541409133,43.5625,True,0.20826536417007446
1x3w__A1_Q02890--1x3w__B1_P32628,11,3,0,0,0.1761566167961823,42.75,False,0.095449298620224
1x3w__A1_Q02890--1x3w__B1_P32628,12,5,0,0,0.173147588557093,42.71875,False,0.05431690067052841
1x3w__A1_Q02890--1x3w__B1_P32628,13,3,3,0,0.155600651115355,42.5625,False,0.09953947365283966
1x3w__A1_Q02890--1x3w__B1_P32628,14,1,1,0,0.3455722304629909,42.40625,True,0.5088176727294922
1x3w__A1_Q02890--1x3w__B1_P32628,15,5,1,0,0.3002960393400556,42.34375,True,0.5894325375556946
1x3w__A1_Q02890--1x3w__B1_P32628,16,1,3,0,0.312265015325795,41.90625,True,0.33066678047180176
1x3w__A1_Q02890--1x3w__B1_P32628,17,5,3,0,0.2613799581183247,41.875,True,0.5076951384544373
1x3w__A1_Q02890--1x3w__B1_P32628,18,2,1,0,0.2479102401921435,40.90625,True,0.055195968598127365
1x3w__A1_Q02890--1x3w__B1_P32628,19,2,2,0,0.1485090499541847,40.5,False,0.15883710980415344
1x3w__A1_Q02890--1x3w__B1_P32628,20,5,2,0,0.2071884900674674,40.34375,False,0.09025996178388596
1xsv__A1_P67248--1xsv__B1_P67248,1,1,1,4,0.774596053778201,67.6875,True,0.9998917579650879
1xsv__A1_P67248--1xsv__B1_P67248,2,1,0,4,0.7811763271305933,67.375,True,0.9999550580978394
1xsv__A1_P67248--1xsv__B1_P67248,3,1,2,4,0.7565229835913433,66.875,True,0.9984191656112671
1xsv__A1_P67248--1xsv__B1_P67248,4,5,2,4,0.7302009912020883,65.6875,True,0.9972407817840576
1xsv__A1_P67248--1xsv__B1_P67248,5,5,1,4,0.7406145610718881,65.6875,True,0.9976781010627747
1xsv__A1_P67248--1xsv__B1_P67248,6,1,3,4,0.7216499294640698,64.875,True,0.9883211255073547
1xsv__A1_P67248--1xsv__B1_P67248,7,5,3,4,0.7360175014311489,64.5625,True,0.9759656190872192
1xsv__A1_P67248--1xsv__B1_P67248,8,5,0,4,0.7371060154471826,62.875,True,0.997979462146759
1xsv__A1_P67248--1xsv__B1_P67248,9,4,3,4,0.7682763252795127,57.375,True,0.9975392818450928
1xsv__A1_P67248--1xsv__B1_P67248,10,2,3,4,0.6892630910826986,56.0625,True,0.9732545018196106
1xsv__A1_P67248--1xsv__B1_P67248,11,4,2,4,0.7700310688737434,55.34375,True,0.9975392818450928
1xsv__A1_P67248--1xsv__B1_P67248,12,2,2,4,0.6749906107874099,51.5,True,0.9958043694496155
1xsv__A1_P67248--1xsv__B1_P67248,13,4,1,4,0.7639495489660105,50.8125,True,0.9975392818450928
1xsv__A1_P67248--1xsv__B1_P67248,14,4,0,4,0.7609571125723478,48.40625,True,0.9983327984809875
1xsv__A1_P67248--1xsv__B1_P67248,15,2,0,4,0.6709238163764812,45.90625,True,0.9851660132408142
1xsv__A1_P67248--1xsv__B1_P67248,16,2,1,4,0.6695321230298372,44.1875,True,0.9931564927101135
1xsv__A1_P67248--1xsv__B1_P67248,17,3,3,4,0.7533785983212038,35.96875,True,0.9958617687225342
1xsv__A1_P67248--1xsv__B1_P67248,18,3,1,4,0.7397362977766958,34.21875,True,0.9944597482681274
1xsv__A1_P67248--1xsv__B1_P67248,19,3,0,4,0.7354783333077153,32.34375,True,0.995951771736145
1xsv__A1_P67248--1xsv__B1_P67248,20,3,2,4,0.7365513511759431,32.21875,True,0.9973788261413574
1yt5__A1_Q9X255--1yt5__D1_Q9X255,1,1,1,4,0.0121181521907579,90.375,False,0.8439193367958069
1yt5__A1_Q9X255--1yt5__D1_Q9X255,2,5,1,4,0.0367993971016604,89.1875,False,0.9736810326576233
1yt5__A1_Q9X255--1yt5__D1_Q9X255,3,5,2,4,0.0491355416994905,88.25,False,0.9109388589859009
1yt5__A1_Q9X255--1yt5__D1_Q9X255,4,1,0,4,0.0491845054543362,88.0,False,0.8207435607910156
1yt5__A1_Q9X255--1yt5__D1_Q9X255,5,5,0,4,0.0491255855299257,87.9375,False,0.9535712003707886
1yt5__A1_Q9X255--1yt5__D1_Q9X255,6,5,3,4,0.0429408755952775,87.125,False,0.9065403938293457
1yt5__A1_Q9X255--1yt5__D1_Q9X255,7,1,2,4,0.0429301849959673,87.0,False,0.8189854025840759
1yt5__A1_Q9X255--1yt5__D1_Q9X255,8,2,1,4,0.0245130795144116,85.625,False,0.8156259655952454
1yt5__A1_Q9X255--1yt5__D1_Q9X255,9,1,3,4,0.0430339140463517,83.8125,False,0.810416579246521
1yt5__A1_Q9X255--1yt5__D1_Q9X255,10,2,2,4,0.0369891955368145,82.8125,False,0.8176771402359009
1yt5__A1_Q9X255--1yt5__D1_Q9X255,11,2,0,4,0.0369258792655075,82.8125,False,0.8219678997993469
1yt5__A1_Q9X255--1yt5__D1_Q9X255,12,2,3,4,0.0246481166674029,78.1875,False,0.8155012726783752
1yt5__A1_Q9X255--1yt5__D1_Q9X255,13,4,1,4,0.0371521544564662,68.625,False,0.8498831987380981
1yt5__A1_Q9X255--1yt5__D1_Q9X255,14,3,2,4,0.0492520305108914,66.1875,False,0.7980935573577881
1yt5__A1_Q9X255--1yt5__D1_Q9X255,15,3,3,4,0.0367718222708232,64.25,False,0.810246467590332
1yt5__A1_Q9X255--1yt5__D1_Q9X255,16,4,2,4,0.0496822107032377,60.59375,False,0.7495512366294861
1yt5__A1_Q9X255--1yt5__D1_Q9X255,17,4,3,4,0.0496455620950173,60.125,False,0.7209121584892273
1yt5__A1_Q9X255--1yt5__D1_Q9X255,18,3,0,4,0.0371262089989975,57.25,False,0.8715338110923767
1yt5__A1_Q9X255--1yt5__D1_Q9X255,19,3,1,4,0.0370868390147455,56.75,False,0.9882397651672363
1yt5__A1_Q9X255--1yt5__D1_Q9X255,20,4,0,4,0.0497224295148977,55.375,False,0.8995879292488098
1z77__A1_Q9X0C0--1z77__A2_Q9X0C0,1,5,2,4,0.2755111913881322,67.1875,True,0.02559872344136238
1z77__A1_Q9X0C0--1z77__A2_Q9X0C0,2,1,2,4,0.0819532992579619,64.3125,False,0.5052322745323181
1z77__A1_Q9X0C0--1z77__A2_Q9X0C0,3,1,0,4,0.0746114066526959,58.125,False,0.577305257320404
1z77__A1_Q9X0C0--1z77__A2_Q9X0C0,4,1,3,4,0.0711724669767923,55.09375,False,0.5883355140686035
1z77__A1_Q9X0C0--1z77__A2_Q9X0C0,5,1,1,4,0.0791109624823976,52.3125,False,0.7102117538452148
1z77__A1_Q9X0C0--1z77__A2_Q9X0C0,6,5,1,4,0.2445252155186413,44.90625,True,0.027306893840432167
1z77__A1_Q9X0C0--1z77__A2_Q9X0C0,7,5,0,4,0.1974940795360764,43.59375,False,0.035850536078214645
1z77__A1_Q9X0C0--1z77__A2_Q9X0C0,8,2,2,4,0.1547574008537015,42.03125,False,0.9980525970458984
1z77__A1_Q9X0C0--1z77__A2_Q9X0C0,9,4,1,4,0.0281810384554918,37.71875,False,0.02825419418513775
1z77__A1_Q9X0C0--1z77__A2_Q9X0C0,10,4,0,4,0.0681143603304449,36.75,False,0.6636067628860474
1z77__A1_Q9X0C0--1z77__A2_Q9X0C0,11,2,1,4,0.1918604255983013,36.125,False,0.9962465167045593
1z77__A1_Q9X0C0--1z77__A2_Q9X0C0,12,2,0,4,0.0703785774468475,35.90625,False,0.6073290705680847
1z77__A1_Q9X0C0--1z77__A2_Q9X0C0,13,4,2,4,0.2807799933823305,34.5625,True,0.4155007600784302
1z77__A1_Q9X0C0--1z77__A2_Q9X0C0,14,4,3,4,0.3370923416172402,33.03125,True,0.413143515586853
1z77__A1_Q9X0C0--1z77__A2_Q9X0C0,15,3,1,4,0.1732005014585178,31.71875,False,0.8791913986206055
1z77__A1_Q9X0C0--1z77__A2_Q9X0C0,16,2,3,4,0.2347808383715066,30.96875,True,0.07412150502204895
1z77__A1_Q9X0C0--1z77__A2_Q9X0C0,17,3,2,4,0.0559034502659016,30.328125,False,0.729213535785675
1z77__A1_Q9X0C0--1z77__A2_Q9X0C0,18,3,0,4,0.0804194268415853,29.09375,False,0.6864908337593079
1z77__A1_Q9X0C0--1z77__A2_Q9X0C0,19,3,3,4,0.0655349685587387,26.921875,False,0.0941055417060852
1z77__A1_Q9X0C0--1z77__A2_Q9X0C0,20,5,3,4,0.0888729553208065,21.734375,False,0.050736818462610245
1zop__A1_P20701--1zop__B1_P20701,1,4,0,1,0.0077177553906739,71.125,False,0.7164514064788818
1zop__A1_P20701--1zop__B1_P20701,2,4,1,1,0.0075852481108492,70.5625,False,0.9404977560043335
1zop__A1_P20701--1zop__B1_P20701,3,4,3,1,0.0073651017819236,68.8125,False,0.9540389776229858
1zop__A1_P20701--1zop__B1_P20701,4,4,2,1,0.0074854741399511,68.1875,False,0.9585344791412354
1zop__A1_P20701--1zop__B1_P20701,5,1,0,1,0.0055501545403214,43.84375,False,0.2689618170261383
1zop__A1_P20701--1zop__B1_P20701,6,1,1,1,0.0056069306404471,39.09375,False,0.2787257730960846
1zop__A1_P20701--1zop__B1_P20701,7,1,2,1,0.0056545840262189,36.625,False,0.28079095482826233
1zop__A1_P20701--1zop__B1_P20701,8,1,3,1,0.0056637506188141,32.84375,False,0.29008936882019043
1zop__A1_P20701--1zop__B1_P20701,9,3,0,1,0.0062189857174072,23.15625,False,0.0834793820977211
1zop__A1_P20701--1zop__B1_P20701,10,3,2,1,0.0060724609549085,22.40625,False,0.0887593999505043
1zop__A1_P20701--1zop__B1_P20701,11,5,0,1,0.1264248302094892,21.921875,False,0.006649132817983627
1zop__A1_P20701--1zop__B1_P20701,12,5,1,1,0.1310913163610651,21.046875,False,0.007771750446408987
1zop__A1_P20701--1zop__B1_P20701,13,3,3,1,0.0061183840059077,20.96875,False,0.03017694689333439
1zop__A1_P20701--1zop__B1_P20701,14,5,3,1,0.1303942208964652,20.96875,False,0.0214010551571846
1zop__A1_P20701--1zop__B1_P20701,15,5,2,1,0.1055412610401873,20.1875,False,0.03376774117350578
1zop__A1_P20701--1zop__B1_P20701,16,2,2,1,0.006175786105974,20.15625,False,0.03991129621863365
1zop__A1_P20701--1zop__B1_P20701,17,3,1,1,0.0067729483793499,19.859375,False,0.07200098037719727
1zop__A1_P20701--1zop__B1_P20701,18,2,0,1,0.0724482555165129,19.65625,False,0.06498164683580399
1zop__A1_P20701--1zop__B1_P20701,19,2,3,1,0.0063065996045614,19.0625,False,0.03902265056967735
1zop__A1_P20701--1zop__B1_P20701,20,2,1,1,0.015723475527695,16.703125,False,0.05643591284751892
1zoq__A1_Q14653--1zoq__B1_Q92793,1,4,1,4,0.732800017010101,88.3125,True,0.999625563621521
1zoq__A1_Q14653--1zoq__B1_Q92793,2,4,0,4,0.7325474612599692,88.0,True,0.9994912147521973
1zoq__A1_Q14653--1zoq__B1_Q92793,3,4,2,4,0.733863827671177,87.875,True,0.99955815076828
1zoq__A1_Q14653--1zoq__B1_Q92793,4,3,3,4,0.7451890814482741,87.8125,True,0.8677523732185364
1zoq__A1_Q14653--1zoq__B1_Q92793,5,2,3,4,0.7121428961569617,87.625,True,0.8123996257781982
1zoq__A1_Q14653--1zoq__B1_Q92793,6,3,1,4,0.7481723326935432,87.3125,True,0.8977453708648682
1zoq__A1_Q14653--1zoq__B1_Q92793,7,2,2,4,0.7322237536299885,87.1875,True,0.9971057772636414
1zoq__A1_Q14653--1zoq__B1_Q92793,8,3,0,4,0.7468420314814218,87.1875,True,0.8508937358856201
1zoq__A1_Q14653--1zoq__B1_Q92793,9,5,0,4,0.7242380626743904,86.875,True,0.9940462112426758
1zoq__A1_Q14653--1zoq__B1_Q92793,10,3,2,4,0.7448639179784395,86.875,True,0.8950980305671692
1zoq__A1_Q14653--1zoq__B1_Q92793,11,2,1,4,0.7601945185496537,86.875,True,0.8286305069923401
1zoq__A1_Q14653--1zoq__B1_Q92793,12,5,2,4,0.6834846095607868,86.8125,True,0.996157705783844
1zoq__A1_Q14653--1zoq__B1_Q92793,13,4,3,4,0.728715429607672,86.8125,True,0.9995837807655334
1zoq__A1_Q14653--1zoq__B1_Q92793,14,5,3,4,0.7201311435996708,86.5625,True,0.868452787399292
1zoq__A1_Q14653--1zoq__B1_Q92793,15,2,0,4,0.695032504026632,86.25,True,0.9735329151153564
1zoq__A1_Q14653--1zoq__B1_Q92793,16,5,1,4,0.7079987280382177,86.1875,True,0.9159054160118103
1zoq__A1_Q14653--1zoq__B1_Q92793,17,1,3,4,0.7271512292224979,85.1875,True,0.9516463279724121
1zoq__A1_Q14653--1zoq__B1_Q92793,18,1,0,4,0.6911700543408394,85.1875,True,0.9920700192451477
1zoq__A1_Q14653--1zoq__B1_Q92793,19,1,1,4,0.7306677742653666,85.125,True,0.9884977340698242
1zoq__A1_Q14653--1zoq__B1_Q92793,20,1,2,4,0.722144809875771,84.75,True,0.9817413687705994
1zp6__A1_A9CEJ3--1zp6__A2_A9CEJ3,1,3,3,3,0.8207619958199516,89.1875,True,0.944743812084198
1zp6__A1_A9CEJ3--1zp6__A2_A9CEJ3,2,4,2,3,0.8110724707103634,88.8125,True,0.955936849117279
1zp6__A1_A9CEJ3--1zp6__A2_A9CEJ3,3,3,2,3,0.8373195434728302,88.8125,True,0.8908311724662781
1zp6__A1_A9CEJ3--1zp6__A2_A9CEJ3,4,4,0,3,0.8283388553539944,88.75,True,0.9167880415916443
1zp6__A1_A9CEJ3--1zp6__A2_A9CEJ3,5,4,3,3,0.8259186285881591,88.625,True,0.8989017605781555
1zp6__A1_A9CEJ3--1zp6__A2_A9CEJ3,6,3,1,3,0.8529993598674261,88.5625,True,0.896227240562439
1zp6__A1_A9CEJ3--1zp6__A2_A9CEJ3,7,1,1,3,0.8269194835680628,88.5625,True,0.8888561129570007
1zp6__A1_A9CEJ3--1zp6__A2_A9CEJ3,8,5,1,3,0.8423597439264118,88.4375,True,0.7463891506195068
1zp6__A1_A9CEJ3--1zp6__A2_A9CEJ3,9,1,3,3,0.8218669218648617,88.375,True,0.9625568389892578
1zp6__A1_A9CEJ3--1zp6__A2_A9CEJ3,10,2,1,3,0.8513361261164304,88.25,True,0.8404321670532227
1zp6__A1_A9CEJ3--1zp6__A2_A9CEJ3,11,3,0,3,0.8218301707551486,88.1875,True,0.9830659627914429
1zp6__A1_A9CEJ3--1zp6__A2_A9CEJ3,12,4,1,3,0.834043282468194,88.0,True,0.9093095660209656
1zp6__A1_A9CEJ3--1zp6__A2_A9CEJ3,13,5,3,3,0.8227125359060722,87.875,True,0.9571582078933716
1zp6__A1_A9CEJ3--1zp6__A2_A9CEJ3,14,1,2,3,0.8185811019156826,87.0,True,0.9543725252151489
1zp6__A1_A9CEJ3--1zp6__A2_A9CEJ3,15,5,0,3,0.8369272545435904,86.4375,True,0.8958566188812256
1zp6__A1_A9CEJ3--1zp6__A2_A9CEJ3,16,5,2,3,0.820930346769886,86.3125,True,0.9787279963493347
1zp6__A1_A9CEJ3--1zp6__A2_A9CEJ3,17,1,0,3,0.8435388152612183,84.875,True,0.8368580341339111
1zp6__A1_A9CEJ3--1zp6__A2_A9CEJ3,18,2,0,3,0.8322063922075146,84.1875,True,0.9576998353004456
1zp6__A1_A9CEJ3--1zp6__A2_A9CEJ3,19,2,3,3,0.846540191302144,84.125,True,0.8950667977333069
1zp6__A1_A9CEJ3--1zp6__A2_A9CEJ3,20,2,2,3,0.842192296069351,80.8125,True,0.8950667977333069
2a1j__B1_P07992--2a1j__A1_Q92889,1,5,1,2,0.8259670552008265,86.4375,True,0.878776490688324
2a1j__B1_P07992--2a1j__A1_Q92889,2,5,3,2,0.7971188949244059,86.125,True,0.8587267398834229
2a1j__B1_P07992--2a1j__A1_Q92889,3,5,0,2,0.7905836396764788,86.0625,True,0.9205684065818787
2a1j__B1_P07992--2a1j__A1_Q92889,4,5,2,2,0.8215682151562725,85.875,True,0.898974597454071
2a1j__B1_P07992--2a1j__A1_Q92889,5,4,1,2,0.7817750432102447,85.125,True,0.9036073088645935
2a1j__B1_P07992--2a1j__A1_Q92889,6,4,3,2,0.7732279781005404,85.0,True,0.9010199904441833
2a1j__B1_P07992--2a1j__A1_Q92889,7,4,0,2,0.7794580038813855,84.875,True,0.9036073088645935
2a1j__B1_P07992--2a1j__A1_Q92889,8,4,2,2,0.7836482548242136,84.4375,True,0.9036073088645935
2a1j__B1_P07992--2a1j__A1_Q92889,9,3,1,2,0.8535394394738938,83.0625,True,0.7638965249061584
2a1j__B1_P07992--2a1j__A1_Q92889,10,3,2,2,0.8552285743857045,82.6875,True,0.7640730142593384
2a1j__B1_P07992--2a1j__A1_Q92889,11,3,0,2,0.8529600201966728,82.6875,True,0.7504110336303711
2a1j__B1_P07992--2a1j__A1_Q92889,12,2,1,2,0.803964048022756,82.3125,True,0.9505566358566284
2a1j__B1_P07992--2a1j__A1_Q92889,13,2,2,2,0.8389553269294933,81.875,True,0.8759344816207886
2a1j__B1_P07992--2a1j__A1_Q92889,14,2,3,2,0.8114535259458336,81.5,True,0.891335129737854
2a1j__B1_P07992--2a1j__A1_Q92889,15,2,0,2,0.8053597183161324,81.3125,True,0.9043221473693848
2a1j__B1_P07992--2a1j__A1_Q92889,16,3,3,2,0.8536588484158071,81.25,True,0.7539222836494446
2a1j__B1_P07992--2a1j__A1_Q92889,17,1,3,2,0.751821045685323,80.875,True,0.9291952252388
2a1j__B1_P07992--2a1j__A1_Q92889,18,1,1,2,0.7532905171428143,80.75,True,0.8641887903213501
2a1j__B1_P07992--2a1j__A1_Q92889,19,1,0,2,0.776375164733529,80.6875,True,0.8606241941452026
2a1j__B1_P07992--2a1j__A1_Q92889,20,1,2,2,0.7894008978030929,79.375,True,0.9228007793426514
2a3l__A1_O80452--2a3l__A2_O80452,1,4,0,0,0.2258004733289797,88.375,False,0.9558990597724915
2a3l__A1_O80452--2a3l__A2_O80452,2,4,1,0,0.227408817512064,87.6875,False,0.9533380270004272
2a3l__A1_O80452--2a3l__A2_O80452,3,4,3,0,0.2228196639287334,86.4375,False,0.9575293064117432
2a3l__A1_O80452--2a3l__A2_O80452,4,4,2,0,0.2147407780453557,86.25,False,0.9571623206138611
2a3l__A1_O80452--2a3l__A2_O80452,5,5,1,0,0.2188620618190728,85.0625,False,0.9278300404548645
2a3l__A1_O80452--2a3l__A2_O80452,6,5,0,0,0.2081326426671301,84.375,False,0.9617332816123962
2a3l__A1_O80452--2a3l__A2_O80452,7,5,3,0,0.2042249688145332,83.8125,False,0.9634698033332825
2a3l__A1_O80452--2a3l__A2_O80452,8,1,0,0,0.2463812466805072,83.4375,True,0.8232647776603699
2a3l__A1_O80452--2a3l__A2_O80452,9,2,2,0,0.2212486246017556,83.0,False,0.9178224205970764
2a3l__A1_O80452--2a3l__A2_O80452,10,5,2,0,0.2076749943826291,82.9375,False,0.9481526613235474
2a3l__A1_O80452--2a3l__A2_O80452,11,2,0,0,0.2345104233602161,82.8125,True,0.9002203345298767
2a3l__A1_O80452--2a3l__A2_O80452,12,2,1,0,0.2196223894912078,82.6875,False,0.9642342925071716
2a3l__A1_O80452--2a3l__A2_O80452,13,2,3,0,0.2333520794770359,82.6875,True,0.9114969968795776
2a3l__A1_O80452--2a3l__A2_O80452,14,1,3,0,0.2431234518146741,82.5,True,0.7875692248344421
2a3l__A1_O80452--2a3l__A2_O80452,15,1,1,0,0.2474822162326518,82.5,True,0.7881801128387451
2a3l__A1_O80452--2a3l__A2_O80452,16,1,2,0,0.2638780472604985,82.3125,True,0.8540000915527344
2a3l__A1_O80452--2a3l__A2_O80452,17,3,1,0,0.1944327014566021,75.3125,False,0.8668359518051147
2a3l__A1_O80452--2a3l__A2_O80452,18,3,0,0,0.1910192474303293,75.3125,False,0.908190906047821
2a3l__A1_O80452--2a3l__A2_O80452,19,3,3,0,0.1852268076517376,73.6875,False,0.816662609577179
2a3l__A1_O80452--2a3l__A2_O80452,20,3,2,0,0.1878744231945719,72.9375,False,0.9203870296478271
2apo__A1_Q57612--2apo__B1_P81303,1,4,0,1,0.769453718653959,90.4375,True,0.8476768136024475
2apo__A1_Q57612--2apo__B1_P81303,2,4,1,1,0.7696087328691347,90.25,True,0.8822054862976074
2apo__A1_Q57612--2apo__B1_P81303,3,5,2,1,0.7868052095204802,90.1875,True,0.8434563875198364
2apo__A1_Q57612--2apo__B1_P81303,4,5,0,1,0.7900513427216252,89.8125,True,0.8330923914909363
2apo__A1_Q57612--2apo__B1_P81303,5,5,1,1,0.7898234001788597,89.75,True,0.8156718015670776
2apo__A1_Q57612--2apo__B1_P81303,6,4,3,1,0.7657368786140948,89.75,True,0.8729357719421387
2apo__A1_Q57612--2apo__B1_P81303,7,4,2,1,0.7756607175866042,89.6875,True,0.8565551042556763
2apo__A1_Q57612--2apo__B1_P81303,8,5,3,1,0.7753329021816243,89.4375,True,0.889881432056427
2apo__A1_Q57612--2apo__B1_P81303,9,1,0,1,0.7668294969752983,89.1875,True,0.8685678243637085
2apo__A1_Q57612--2apo__B1_P81303,10,1,2,1,0.7664605443820011,88.625,True,0.8516325354576111
2apo__A1_Q57612--2apo__B1_P81303,11,3,3,1,0.7779631874734748,88.375,True,0.8848893642425537
2apo__A1_Q57612--2apo__B1_P81303,12,1,1,1,0.7610330138890665,88.125,True,0.8981512784957886
2apo__A1_Q57612--2apo__B1_P81303,13,3,0,1,0.781642738863034,88.0,True,0.8520098924636841
2apo__A1_Q57612--2apo__B1_P81303,14,1,3,1,0.7700688183142478,87.875,True,0.8278437852859497
2apo__A1_Q57612--2apo__B1_P81303,15,3,1,1,0.7881703587049141,87.875,True,0.8793403506278992
2apo__A1_Q57612--2apo__B1_P81303,16,3,2,1,0.781642963158931,87.75,True,0.8746572732925415
2apo__A1_Q57612--2apo__B1_P81303,17,2,0,1,0.7730271695826482,86.9375,True,0.7699325680732727
2apo__A1_Q57612--2apo__B1_P81303,18,2,2,1,0.7779051782343194,86.75,True,0.8008999824523926
2apo__A1_Q57612--2apo__B1_P81303,19,2,1,1,0.7790004248998271,86.5625,True,0.8345847129821777
2apo__A1_Q57612--2apo__B1_P81303,20,2,3,1,0.7710908427726375,86.375,True,0.7783520817756653
2aye__B1_Q84294--2aye__A1_Q84294,1,1,1,4,0.6557737066857915,86.1875,True,0.9991785883903503
2aye__B1_Q84294--2aye__A1_Q84294,2,1,0,4,0.6563798596074739,85.6875,True,0.9991785883903503
2aye__B1_Q84294--2aye__A1_Q84294,3,5,1,4,0.6567587024763852,85.4375,True,0.9964906573295593
2aye__B1_Q84294--2aye__A1_Q84294,4,1,3,4,0.657449457444788,85.3125,True,0.9991785883903503
2aye__B1_Q84294--2aye__A1_Q84294,5,5,3,4,0.6578191148268767,85.0,True,0.9964906573295593
2aye__B1_Q84294--2aye__A1_Q84294,6,1,2,4,0.6581942836045965,85.0,True,0.9991785883903503
2aye__B1_Q84294--2aye__A1_Q84294,7,5,0,4,0.6568715578056344,84.9375,True,0.9964906573295593
2aye__B1_Q84294--2aye__A1_Q84294,8,2,3,4,0.5908059169952011,84.375,True,0.7800515294075012
2aye__B1_Q84294--2aye__A1_Q84294,9,5,2,4,0.6616240814768052,84.1875,True,0.9964906573295593
2aye__B1_Q84294--2aye__A1_Q84294,10,2,0,4,0.5741575143702348,84.1875,True,0.7842019200325012
2aye__B1_Q84294--2aye__A1_Q84294,11,2,2,4,0.5745392638181408,84.125,True,0.7798783779144287
2aye__B1_Q84294--2aye__A1_Q84294,12,2,1,4,0.5991208697540883,84.125,True,0.7965223789215088
2aye__B1_Q84294--2aye__A1_Q84294,13,4,1,4,0.6452224682063087,72.375,True,0.9816699028015137
2aye__B1_Q84294--2aye__A1_Q84294,14,4,0,4,0.6349931733243257,62.3125,True,0.9742245078086853
2aye__B1_Q84294--2aye__A1_Q84294,15,4,3,4,0.635099256528661,60.625,True,0.9924236536026001
2aye__B1_Q84294--2aye__A1_Q84294,16,4,2,4,0.6475324029050866,57.15625,True,0.9871140718460083
2aye__B1_Q84294--2aye__A1_Q84294,17,3,2,4,0.6563346181518562,47.84375,True,0.8405511379241943
2aye__B1_Q84294--2aye__A1_Q84294,18,3,1,4,0.6608629206771115,47.59375,True,0.9982529282569885
2aye__B1_Q84294--2aye__A1_Q84294,19,3,3,4,0.6238768662361341,45.75,True,0.8239725232124329
2aye__B1_Q84294--2aye__A1_Q84294,20,3,0,4,0.6188173010241377,45.6875,True,0.8209836483001709
2b11__A1_P00431--2b11__B1_P00044,1,5,2,1,0.8752306944692506,86.8125,True,0.8422987461090088
2b11__A1_P00431--2b11__B1_P00044,2,2,0,1,0.8463382614313661,85.9375,True,0.5636832118034363
2b11__A1_P00431--2b11__B1_P00044,3,3,2,1,0.8921201049251133,85.3125,True,0.6785306334495544
2b11__A1_P00431--2b11__B1_P00044,4,3,0,1,0.9155282352975442,83.875,True,0.7398831248283386
2b11__A1_P00431--2b11__B1_P00044,5,3,3,1,0.8928576427612782,83.75,True,0.9080995917320251
2b11__A1_P00431--2b11__B1_P00044,6,5,0,1,0.8778152973104808,83.5625,True,0.7982417941093445
2b11__A1_P00431--2b11__B1_P00044,7,1,0,1,0.8976973265748639,82.5,True,0.7153967618942261
2b11__A1_P00431--2b11__B1_P00044,8,1,3,1,0.9055500879709548,82.3125,True,0.6095255613327026
2b11__A1_P00431--2b11__B1_P00044,9,5,3,1,0.8878512684624926,82.1875,True,0.7905797958374023
2b11__A1_P00431--2b11__B1_P00044,10,1,2,1,0.8998855109505707,81.75,True,0.7315183281898499
2b11__A1_P00431--2b11__B1_P00044,11,3,1,1,0.8870258532321644,81.75,True,0.7863540649414062
2b11__A1_P00431--2b11__B1_P00044,12,2,2,1,0.8839077651386008,81.75,True,0.7453152537345886
2b11__A1_P00431--2b11__B1_P00044,13,4,0,1,0.8944544471799659,81.0625,True,0.7704912424087524
2b11__A1_P00431--2b11__B1_P00044,14,2,3,1,0.8808179308628278,80.1875,True,0.7912104725837708
2b11__A1_P00431--2b11__B1_P00044,15,1,1,1,0.8977713473563452,78.9375,True,0.7656153440475464
2b11__A1_P00431--2b11__B1_P00044,16,4,2,1,0.8893214344797035,78.9375,True,0.8199833035469055
2b11__A1_P00431--2b11__B1_P00044,17,2,1,1,0.9021824346859588,78.5,True,0.9501853585243225
2b11__A1_P00431--2b11__B1_P00044,18,5,1,1,0.889948577130792,73.875,True,0.891322910785675
2b11__A1_P00431--2b11__B1_P00044,19,4,1,1,0.7909788282654042,49.34375,True,0.9474346041679382
2b11__A1_P00431--2b11__B1_P00044,20,4,3,1,0.7614746925234711,47.46875,True,0.7512210011482239
2b42__A1_Q8H0K8--2b42__B1_P18429,1,5,0,0,0.8730729438811732,92.25,True,5.166147093405016e-05
2b42__A1_Q8H0K8--2b42__B1_P18429,2,5,2,0,0.8737667264432823,91.9375,True,3.4633198083611205e-05
2b42__A1_Q8H0K8--2b42__B1_P18429,3,4,3,0,0.8632214539713088,91.625,True,6.423403829103336e-05
2b42__A1_Q8H0K8--2b42__B1_P18429,4,4,2,0,0.8771720733692207,91.4375,True,2.9163928047637455e-05
2b42__A1_Q8H0K8--2b42__B1_P18429,5,5,3,0,0.8599208145873715,91.3125,True,0.00015051286027301103
2b42__A1_Q8H0K8--2b42__B1_P18429,6,2,3,0,0.8986795712778811,91.25,True,0.9999083280563354
2b42__A1_Q8H0K8--2b42__B1_P18429,7,1,2,0,0.8499520995391118,91.0625,True,0.9999880790710449
2b42__A1_Q8H0K8--2b42__B1_P18429,8,4,1,0,0.8643491409502575,91.0625,True,5.760900239693001e-05
2b42__A1_Q8H0K8--2b42__B1_P18429,9,5,1,0,0.8646364870311057,91.0,True,6.243458483368158e-05
2b42__A1_Q8H0K8--2b42__B1_P18429,10,2,1,0,0.904957611697334,90.9375,True,0.9997027516365051
2b42__A1_Q8H0K8--2b42__B1_P18429,11,1,0,0,0.8524804195577341,90.5625,True,0.9999803304672241
2b42__A1_Q8H0K8--2b42__B1_P18429,12,1,1,0,0.8514375215483501,90.375,True,0.9999904632568359
2b42__A1_Q8H0K8--2b42__B1_P18429,13,2,0,0,0.911483933820028,90.375,True,0.9995481371879578
2b42__A1_Q8H0K8--2b42__B1_P18429,14,4,0,0,0.8677844209755156,89.8125,True,4.475762398215011e-05
2b42__A1_Q8H0K8--2b42__B1_P18429,15,3,2,0,0.8544877518489987,89.5625,True,2.4666127501404844e-05
2b42__A1_Q8H0K8--2b42__B1_P18429,16,3,3,0,0.8370951246666051,88.3125,True,2.5786350306589156e-05
2b42__A1_Q8H0K8--2b42__B1_P18429,17,3,0,0,0.372459666377487,36.21875,True,0.1818818598985672
2b42__A1_Q8H0K8--2b42__B1_P18429,18,1,3,0,0.4671149346938855,34.6875,True,0.43871504068374634
2b42__A1_Q8H0K8--2b42__B1_P18429,19,3,1,0,0.0679458879436697,32.9375,False,0.028087658807635307
2b42__A1_Q8H0K8--2b42__B1_P18429,20,2,2,0,0.1130484796032811,31.546875,False,0.03257088363170624
2b5u__A1_P00646--2b5u__B1_P02984,1,1,2,0,0.8462231841684501,86.0625,True,0.43353405594825745
2b5u__A1_P00646--2b5u__B1_P02984,2,1,1,0,0.5252271688243121,85.4375,True,0.6390723586082458
2b5u__A1_P00646--2b5u__B1_P02984,3,4,0,0,0.3530127394788023,85.125,True,0.970322847366333
2b5u__A1_P00646--2b5u__B1_P02984,4,3,3,0,0.2157698284398852,84.9375,False,0.7894585132598877
2b5u__A1_P00646--2b5u__B1_P02984,5,3,0,0,0.225878639852664,84.875,False,0.9258070588111877
2b5u__A1_P00646--2b5u__B1_P02984,6,1,3,0,0.4402000643215039,84.875,True,0.7600944638252258
2b5u__A1_P00646--2b5u__B1_P02984,7,5,2,0,0.2991669730507039,84.875,True,0.9188652038574219
2b5u__A1_P00646--2b5u__B1_P02984,8,4,1,0,0.5335302440750425,84.875,True,0.7945014834403992
2b5u__A1_P00646--2b5u__B1_P02984,9,1,0,0,0.5873041980577413,84.8125,True,0.673202395439148
2b5u__A1_P00646--2b5u__B1_P02984,10,3,2,0,0.2730889108867544,84.8125,True,0.9659098386764526
2b5u__A1_P00646--2b5u__B1_P02984,11,3,1,0,0.229970272068776,84.75,False,0.7354408502578735
2b5u__A1_P00646--2b5u__B1_P02984,12,4,3,0,0.5306194289899409,84.75,True,0.9273644685745239
2b5u__A1_P00646--2b5u__B1_P02984,13,5,1,0,0.2972181786583551,84.625,True,0.93936687707901
2b5u__A1_P00646--2b5u__B1_P02984,14,4,2,0,0.3620935479125,84.5625,True,0.9670774936676025
2b5u__A1_P00646--2b5u__B1_P02984,15,5,0,0,0.2628812531702432,84.4375,True,0.9570627212524414
2b5u__A1_P00646--2b5u__B1_P02984,16,5,3,0,0.2300646046101868,83.6875,True,0.8707937002182007
2b5u__A1_P00646--2b5u__B1_P02984,17,2,0,0,0.3195451971984511,83.0625,True,0.8567664623260498
2b5u__A1_P00646--2b5u__B1_P02984,18,2,3,0,0.305416742638968,82.875,True,0.9026265144348145
2b5u__A1_P00646--2b5u__B1_P02984,19,2,1,0,0.3749917239732173,82.6875,True,0.9063153266906738
2b5u__A1_P00646--2b5u__B1_P02984,20,2,2,0,0.3183814418073702,82.625,True,0.869796872138977
2c08__A1_O35179--2c08__A2_O35179,1,5,2,3,0.1655899153597492,44.46875,False,0.7697150111198425
2c08__A1_O35179--2c08__A2_O35179,2,3,0,3,0.2108992534599997,43.0625,False,3.542850492976868e-07
2c08__A1_O35179--2c08__A2_O35179,3,3,3,3,0.1828714796822167,42.9375,False,0.3347570598125458
2c08__A1_O35179--2c08__A2_O35179,4,5,3,3,0.4680408567444896,40.90625,True,0.1579904705286026
2c08__A1_O35179--2c08__A2_O35179,5,3,1,3,0.4638374087190136,40.4375,True,0.6425473093986511
2c08__A1_O35179--2c08__A2_O35179,6,4,2,3,0.1928141643255828,39.9375,False,0.011139248497784138
2c08__A1_O35179--2c08__A2_O35179,7,1,2,3,0.3901458387092705,39.59375,True,0.25249117612838745
2c08__A1_O35179--2c08__A2_O35179,8,5,1,3,0.4865653768345517,39.5625,True,0.8368730545043945
2c08__A1_O35179--2c08__A2_O35179,9,5,0,3,0.5187875658501762,39.53125,True,0.9240765571594238
2c08__A1_O35179--2c08__A2_O35179,10,3,2,3,0.1861087926804998,39.46875,False,0.0022292814683169127
2c08__A1_O35179--2c08__A2_O35179,11,4,3,3,0.1966574221474419,38.78125,False,0.0006234518950805068
2c08__A1_O35179--2c08__A2_O35179,12,1,3,3,0.4299955166086602,38.71875,True,0.3355616629123688
2c08__A1_O35179--2c08__A2_O35179,13,1,0,3,0.4531848202614914,38.5,True,0.20364396274089813
2c08__A1_O35179--2c08__A2_O35179,14,4,1,3,0.1803389136380434,38.28125,False,0.0351606085896492
2c08__A1_O35179--2c08__A2_O35179,15,4,0,3,0.1807965726180092,37.40625,False,0.04577193036675453
2c08__A1_O35179--2c08__A2_O35179,16,2,3,3,0.1530054065239643,37.40625,False,0.12147825211286545
2c08__A1_O35179--2c08__A2_O35179,17,1,1,3,0.3998884711056614,36.75,True,0.1537872552871704
2c08__A1_O35179--2c08__A2_O35179,18,2,2,3,0.169351274560861,35.90625,False,0.35574856400489807
2c08__A1_O35179--2c08__A2_O35179,19,2,0,3,0.1516052176910138,35.5625,False,0.0014499843819066882
2c08__A1_O35179--2c08__A2_O35179,20,2,1,3,0.4135750132897136,33.09375,True,0.7600700855255127
2cuy__A1_Q5SL77--2cuy__B1_Q5SL77,1,4,0,2,0.5517743394892677,82.0625,True,0.13252580165863037
2cuy__A1_Q5SL77--2cuy__B1_Q5SL77,2,4,2,2,0.5349569596125714,79.9375,True,0.30303460359573364
2cuy__A1_Q5SL77--2cuy__B1_Q5SL77,3,4,1,2,0.5109454708803427,73.4375,True,0.2512390613555908
2cuy__A1_Q5SL77--2cuy__B1_Q5SL77,4,4,3,2,0.5121049114133521,73.0625,True,0.20267324149608612
2cuy__A1_Q5SL77--2cuy__B1_Q5SL77,5,2,3,2,0.032452468395602,35.625,False,0.05737045034766197
2cuy__A1_Q5SL77--2cuy__B1_Q5SL77,6,2,0,2,0.0340396458674138,35.4375,False,0.0423726961016655
2cuy__A1_Q5SL77--2cuy__B1_Q5SL77,7,2,1,2,0.0332709104418141,33.875,False,0.05379199609160423
2cuy__A1_Q5SL77--2cuy__B1_Q5SL77,8,3,1,2,0.0344577189455092,32.40625,False,0.23830559849739075
2cuy__A1_Q5SL77--2cuy__B1_Q5SL77,9,3,0,2,0.0405324795399159,32.28125,False,0.6639614105224609
2cuy__A1_Q5SL77--2cuy__B1_Q5SL77,10,2,2,2,0.0328745180773483,32.21875,False,0.05609958618879318
2cuy__A1_Q5SL77--2cuy__B1_Q5SL77,11,3,3,2,0.0385396541958032,30.546875,False,0.49019116163253784
2cuy__A1_Q5SL77--2cuy__B1_Q5SL77,12,5,1,2,0.0335710296262251,29.390625,False,0.7041573524475098
2cuy__A1_Q5SL77--2cuy__B1_Q5SL77,13,5,3,2,0.0350236392466608,28.90625,False,0.4793965816497803
2cuy__A1_Q5SL77--2cuy__B1_Q5SL77,14,5,2,2,0.0337460391679735,28.8125,False,0.6717233061790466
2cuy__A1_Q5SL77--2cuy__B1_Q5SL77,15,3,2,2,0.040986753205235,28.359375,False,0.3644193410873413
2cuy__A1_Q5SL77--2cuy__B1_Q5SL77,16,5,0,2,0.0333178608539209,27.578125,False,0.49130013585090637
2cuy__A1_Q5SL77--2cuy__B1_Q5SL77,17,1,3,2,0.0310513120381107,27.28125,False,0.022433392703533173
2cuy__A1_Q5SL77--2cuy__B1_Q5SL77,18,1,1,2,0.0309911149459016,26.21875,False,0.02184440940618515
2cuy__A1_Q5SL77--2cuy__B1_Q5SL77,19,1,0,2,0.0298551551344848,25.6875,False,0.032587092369794846
2cuy__A1_Q5SL77--2cuy__B1_Q5SL77,20,1,2,2,0.0297864761693071,24.28125,False,0.038407716900110245
2d1g__A1_A0Q436--2d1g__B1_A0Q436,1,4,1,3,0.9200916395514568,93.9375,True,0.9995001554489136
2d1g__A1_A0Q436--2d1g__B1_A0Q436,2,4,0,3,0.9140482636000206,93.6875,True,0.9994643330574036
2d1g__A1_A0Q436--2d1g__B1_A0Q436,3,5,0,3,0.9043652154618989,93.5625,True,0.5053130388259888
2d1g__A1_A0Q436--2d1g__B1_A0Q436,4,1,2,3,0.9271184958777924,93.375,True,0.9983080625534058
2d1g__A1_A0Q436--2d1g__B1_A0Q436,5,1,3,3,0.92707074048866,93.375,True,0.9983080625534058
2d1g__A1_A0Q436--2d1g__B1_A0Q436,6,5,3,3,0.9047450626034562,93.25,True,0.7105103135108948
2d1g__A1_A0Q436--2d1g__B1_A0Q436,7,1,1,3,0.9087989484408884,93.25,True,0.9998185038566589
2d1g__A1_A0Q436--2d1g__B1_A0Q436,8,5,2,3,0.8906123590349191,93.1875,True,0.7915537357330322
2d1g__A1_A0Q436--2d1g__B1_A0Q436,9,2,1,3,0.9224557967694031,93.0,True,0.9997761845588684
2d1g__A1_A0Q436--2d1g__B1_A0Q436,10,1,0,3,0.9128957104949492,93.0,True,0.9998413324356079
2d1g__A1_A0Q436--2d1g__B1_A0Q436,11,2,2,3,0.9218379705045874,93.0,True,0.9996248483657837
2d1g__A1_A0Q436--2d1g__B1_A0Q436,12,2,0,3,0.9148115985095874,92.9375,True,0.9998013377189636
2d1g__A1_A0Q436--2d1g__B1_A0Q436,13,4,3,3,0.9301407042774712,92.875,True,0.6444109678268433
2d1g__A1_A0Q436--2d1g__B1_A0Q436,14,3,1,3,0.0204611458959906,92.875,False,0.22114130854606628
2d1g__A1_A0Q436--2d1g__B1_A0Q436,15,2,3,3,0.913324967702016,92.875,True,0.9996248483657837
2d1g__A1_A0Q436--2d1g__B1_A0Q436,16,3,2,3,0.0262556792465996,92.6875,False,0.004053781740367413
2d1g__A1_A0Q436--2d1g__B1_A0Q436,17,3,3,3,0.0262597139512986,92.5625,False,0.004193879663944244
2d1g__A1_A0Q436--2d1g__B1_A0Q436,18,5,1,3,0.874851604136687,92.4375,True,0.6988768577575684
2d1g__A1_A0Q436--2d1g__B1_A0Q436,19,4,2,3,0.0194433955987083,91.6875,False,0.10507887601852417
2d1g__A1_A0Q436--2d1g__B1_A0Q436,20,3,0,3,0.0255684677248104,59.75,False,0.04167652130126953
2dcu__A1_Q8U082--2dcu__B1_Q8U3I5,1,4,0,4,0.6026008679888563,80.3125,True,0.1962389349937439
2dcu__A1_Q8U082--2dcu__B1_Q8U3I5,2,4,2,4,0.5244666537021143,78.3125,True,0.6429151892662048
2dcu__A1_Q8U082--2dcu__B1_Q8U3I5,3,3,2,4,0.200250526972082,76.625,False,0.012019445188343525
2dcu__A1_Q8U082--2dcu__B1_Q8U3I5,4,4,3,4,0.4805070855267973,76.5625,True,0.8362504243850708
2dcu__A1_Q8U082--2dcu__B1_Q8U3I5,5,3,3,4,0.2023054884118262,76.375,False,0.011000365018844604
2dcu__A1_Q8U082--2dcu__B1_Q8U3I5,6,1,0,4,0.2045259430071933,76.125,False,0.7649567127227783
2dcu__A1_Q8U082--2dcu__B1_Q8U3I5,7,3,1,4,0.196817233025163,76.0625,False,0.01089472509920597
2dcu__A1_Q8U082--2dcu__B1_Q8U3I5,8,3,0,4,0.2207024279894157,75.75,False,0.9805141091346741
2dcu__A1_Q8U082--2dcu__B1_Q8U3I5,9,5,2,4,0.1767221386829369,75.6875,False,0.7707547545433044
2dcu__A1_Q8U082--2dcu__B1_Q8U3I5,10,5,0,4,0.2042553722410386,75.5625,False,0.06454278528690338
2dcu__A1_Q8U082--2dcu__B1_Q8U3I5,11,4,1,4,0.5206229505942305,75.3125,True,0.4136563837528229
2dcu__A1_Q8U082--2dcu__B1_Q8U3I5,12,5,3,4,0.1769133913967658,74.75,False,0.8080617189407349
2dcu__A1_Q8U082--2dcu__B1_Q8U3I5,13,5,1,4,0.1774858042224754,73.8125,False,0.5702197551727295
2dcu__A1_Q8U082--2dcu__B1_Q8U3I5,14,1,3,4,0.1784479943761844,73.6875,False,0.023194029927253723
2dcu__A1_Q8U082--2dcu__B1_Q8U3I5,15,2,3,4,0.1782729430685186,73.3125,False,0.8159575462341309
2dcu__A1_Q8U082--2dcu__B1_Q8U3I5,16,1,1,4,0.1790906648212063,72.5,False,0.6943244338035583
2dcu__A1_Q8U082--2dcu__B1_Q8U3I5,17,2,0,4,0.2049181555812239,72.125,False,0.015471367165446281
2dcu__A1_Q8U082--2dcu__B1_Q8U3I5,18,1,2,4,0.1788617142638203,72.0,False,0.809441864490509
2dcu__A1_Q8U082--2dcu__B1_Q8U3I5,19,2,2,4,0.1806598357232007,72.0,False,0.9276701807975769
2dcu__A1_Q8U082--2dcu__B1_Q8U3I5,20,2,1,4,0.1814363980902998,71.375,False,0.9526993036270142
2dm9__A1_O57724--2dm9__B1_O57724,1,2,0,1,0.587009785128806,86.1875,True,0.999998927116394
2dm9__A1_O57724--2dm9__B1_O57724,2,1,0,1,0.6121600048827177,84.25,True,0.9043011665344238
2dm9__A1_O57724--2dm9__B1_O57724,3,1,1,1,0.6416364978529708,84.1875,True,0.7894625663757324
2dm9__A1_O57724--2dm9__B1_O57724,4,4,1,1,0.6333022111660518,82.5625,True,0.9909833669662476
2dm9__A1_O57724--2dm9__B1_O57724,5,1,3,1,0.6072533451912864,82.0625,True,0.9999958276748657
2dm9__A1_O57724--2dm9__B1_O57724,6,3,3,1,0.4380823103739478,81.0,True,0.9936560392379761
2dm9__A1_O57724--2dm9__B1_O57724,7,3,1,1,0.4403913933745891,80.1875,True,0.9954902529716492
2dm9__A1_O57724--2dm9__B1_O57724,8,2,1,1,0.4043803589972066,79.8125,True,0.6425603628158569
2dm9__A1_O57724--2dm9__B1_O57724,9,3,0,1,0.464386081832004,79.75,True,0.9910475611686707
2dm9__A1_O57724--2dm9__B1_O57724,10,2,3,1,0.4153672674201678,79.375,True,0.673914909362793
2dm9__A1_O57724--2dm9__B1_O57724,11,5,0,1,0.4473962142384376,79.375,True,0.9982117414474487
2dm9__A1_O57724--2dm9__B1_O57724,12,3,2,1,0.4600751030435347,78.6875,True,0.9953619837760925
2dm9__A1_O57724--2dm9__B1_O57724,13,5,2,1,0.4475945151134913,78.0625,True,0.0004522130184341222
2dm9__A1_O57724--2dm9__B1_O57724,14,1,2,1,0.4924596169016276,78.0,True,0.001067663193680346
2dm9__A1_O57724--2dm9__B1_O57724,15,5,3,1,0.668141141964421,76.375,True,0.7605865597724915
2dm9__A1_O57724--2dm9__B1_O57724,16,2,2,1,0.4082306238485007,76.0625,True,0.6522009968757629
2dm9__A1_O57724--2dm9__B1_O57724,17,5,1,1,0.6140760150540008,72.375,True,0.9452729225158691
2dm9__A1_O57724--2dm9__B1_O57724,18,4,0,1,0.3838355456955065,66.1875,True,0.9809769988059998
2dm9__A1_O57724--2dm9__B1_O57724,19,4,2,1,0.3767798638344488,63.21875,True,0.17458580434322357
2dm9__A1_O57724--2dm9__B1_O57724,20,4,3,1,0.3848958478274539,50.40625,True,0.21944575011730194
2ec2__A1_Q974H8--2ec2__C1_Q974H8,1,5,1,3,0.8384541069439617,91.375,True,0.04805485159158707
2ec2__A1_Q974H8--2ec2__C1_Q974H8,2,1,2,3,0.3670494516654701,91.3125,True,0.9711863994598389
2ec2__A1_Q974H8--2ec2__C1_Q974H8,3,5,0,3,0.8392598453979127,91.25,True,0.21489018201828003
2ec2__A1_Q974H8--2ec2__C1_Q974H8,4,5,3,3,0.8433432936131403,91.0625,True,0.9994459748268127
2ec2__A1_Q974H8--2ec2__C1_Q974H8,5,1,1,3,0.8303027780716422,90.375,True,0.9993603825569153
2ec2__A1_Q974H8--2ec2__C1_Q974H8,6,3,3,3,0.8347095384815663,90.0625,True,0.9989129304885864
2ec2__A1_Q974H8--2ec2__C1_Q974H8,7,1,0,3,0.804258954225013,89.9375,True,0.9901394248008728
2ec2__A1_Q974H8--2ec2__C1_Q974H8,8,2,0,3,0.2143975243596086,89.5625,False,0.9935882091522217
2ec2__A1_Q974H8--2ec2__C1_Q974H8,9,3,2,3,0.8362811099753192,89.4375,True,0.9993833303451538
2ec2__A1_Q974H8--2ec2__C1_Q974H8,10,3,0,3,0.8331313496806496,89.25,True,0.9999961853027344
2ec2__A1_Q974H8--2ec2__C1_Q974H8,11,4,1,3,0.8311837109677082,89.0625,True,0.9873766899108887
2ec2__A1_Q974H8--2ec2__C1_Q974H8,12,3,1,3,0.8341823301046888,88.8125,True,0.9996836185455322
2ec2__A1_Q974H8--2ec2__C1_Q974H8,13,2,2,3,0.2147627477123451,88.3125,False,0.9943414926528931
2ec2__A1_Q974H8--2ec2__C1_Q974H8,14,2,1,3,0.2147032693337099,88.1875,False,0.9935882091522217
2ec2__A1_Q974H8--2ec2__C1_Q974H8,15,5,2,3,0.3744055724327902,86.875,True,0.9305374622344971
2ec2__A1_Q974H8--2ec2__C1_Q974H8,16,2,3,3,0.2150292867542003,86.3125,False,0.9961618185043335
2ec2__A1_Q974H8--2ec2__C1_Q974H8,17,4,0,3,0.2075270138656061,85.875,False,0.9718565344810486
2ec2__A1_Q974H8--2ec2__C1_Q974H8,18,1,3,3,0.3596122446288015,85.625,True,0.9868388772010803
2ec2__A1_Q974H8--2ec2__C1_Q974H8,19,4,2,3,0.2144919431324696,84.6875,False,0.9358198046684265
2ec2__A1_Q974H8--2ec2__C1_Q974H8,20,4,3,3,0.2143092764214423,84.375,False,0.9358198046684265
2ei5__A1_Q5SM82--2ei5__B1_Q5SM82,1,4,3,2,0.5960316391939556,67.0625,True,0.5690783262252808
2ei5__A1_Q5SM82--2ei5__B1_Q5SM82,2,3,1,2,0.5371281757729203,58.71875,True,0.6066674590110779
2ei5__A1_Q5SM82--2ei5__B1_Q5SM82,3,3,3,2,0.5412084190838189,58.28125,True,0.7435958981513977
2ei5__A1_Q5SM82--2ei5__B1_Q5SM82,4,3,2,2,0.4926833552450604,58.0,True,0.38008713722229004
2ei5__A1_Q5SM82--2ei5__B1_Q5SM82,5,5,2,2,0.2976492706960472,57.25,True,0.47078821063041687
2ei5__A1_Q5SM82--2ei5__B1_Q5SM82,6,5,3,2,0.3685838379457951,57.1875,True,0.21264441311359406
2ei5__A1_Q5SM82--2ei5__B1_Q5SM82,7,1,3,2,0.5444482282733024,56.75,True,0.16506551206111908
2ei5__A1_Q5SM82--2ei5__B1_Q5SM82,8,4,2,2,0.5883265117221298,56.71875,True,0.39637282490730286
2ei5__A1_Q5SM82--2ei5__B1_Q5SM82,9,3,0,2,0.4189401396642234,56.625,True,0.3881520926952362
2ei5__A1_Q5SM82--2ei5__B1_Q5SM82,10,1,1,2,0.2945697620108597,56.21875,True,0.671283483505249
2ei5__A1_Q5SM82--2ei5__B1_Q5SM82,11,5,0,2,0.4075485001544033,55.4375,True,0.3565731346607208
2ei5__A1_Q5SM82--2ei5__B1_Q5SM82,12,1,2,2,0.3109373166513072,55.34375,True,0.9705080986022949
2ei5__A1_Q5SM82--2ei5__B1_Q5SM82,13,5,1,2,0.2392084524357085,55.1875,True,0.8022769689559937
2ei5__A1_Q5SM82--2ei5__B1_Q5SM82,14,2,1,2,0.2138777096152512,54.875,False,0.433140367269516
2ei5__A1_Q5SM82--2ei5__B1_Q5SM82,15,2,0,2,0.3043122170727932,54.6875,True,0.18867085874080658
2ei5__A1_Q5SM82--2ei5__B1_Q5SM82,16,2,2,2,0.3256809998383096,54.375,True,0.009094426408410072
2ei5__A1_Q5SM82--2ei5__B1_Q5SM82,17,4,0,2,0.3620802743875115,53.46875,True,0.05172663554549217
2ei5__A1_Q5SM82--2ei5__B1_Q5SM82,18,1,0,2,0.2714824215852157,53.0625,True,0.7117960453033447
2ei5__A1_Q5SM82--2ei5__B1_Q5SM82,19,2,3,2,0.3011486466425394,52.1875,True,0.4094412624835968
2ei5__A1_Q5SM82--2ei5__B1_Q5SM82,20,4,1,2,0.211484645878634,47.96875,False,0.2761291563510895
2eiu__E1_O67549--2eiu__A1_O67549,1,5,3,0,0.9351136977355158,91.1875,True,0.9999086856842041
2eiu__E1_O67549--2eiu__A1_O67549,2,5,1,0,0.9304930528609456,91.0,True,0.00011109711340395734
2eiu__E1_O67549--2eiu__A1_O67549,3,4,2,0,0.9194418387685304,90.9375,True,7.574561459477991e-05
2eiu__E1_O67549--2eiu__A1_O67549,4,4,3,0,0.9225105571266704,90.875,True,5.994947059662081e-05
2eiu__E1_O67549--2eiu__A1_O67549,5,4,0,0,0.9273785473969912,90.8125,True,6.839175330242142e-05
2eiu__E1_O67549--2eiu__A1_O67549,6,4,1,0,0.923793110856537,90.75,True,4.594082201947458e-05
2eiu__E1_O67549--2eiu__A1_O67549,7,3,0,0,0.9292108926095344,90.625,True,0.0008425611886195838
2eiu__E1_O67549--2eiu__A1_O67549,8,2,3,0,0.933093874737969,90.375,True,0.0011201959569007158
2eiu__E1_O67549--2eiu__A1_O67549,9,2,2,0,0.9272435247170552,90.0,True,0.0007351267850026488
2eiu__E1_O67549--2eiu__A1_O67549,10,2,0,0,0.9157292439442408,89.6875,True,0.0007004029466770589
2eiu__E1_O67549--2eiu__A1_O67549,11,3,2,0,0.9273849043023312,89.0625,True,0.0008915831567719579
2eiu__E1_O67549--2eiu__A1_O67549,12,2,1,0,0.9164686393726604,88.6875,True,0.0009008740307763219
2eiu__E1_O67549--2eiu__A1_O67549,13,1,3,0,0.9220800244430516,86.4375,True,0.0006527029909193516
2eiu__E1_O67549--2eiu__A1_O67549,14,1,0,0,0.921372415511902,83.375,True,0.00063053093617782
2eiu__E1_O67549--2eiu__A1_O67549,15,1,2,0,0.9214842630907784,80.875,True,0.0006527029909193516
2eiu__E1_O67549--2eiu__A1_O67549,16,5,2,0,0.2626041853116481,80.5,True,0.35041069984436035
2eiu__E1_O67549--2eiu__A1_O67549,17,5,0,0,0.2623572649086543,78.4375,True,0.0023935886565595865
2eiu__E1_O67549--2eiu__A1_O67549,18,3,3,0,0.2621242220219653,78.375,True,0.004827164579182863
2eiu__E1_O67549--2eiu__A1_O67549,19,3,1,0,0.2639534189558166,77.0625,True,0.9868966937065125
2eiu__E1_O67549--2eiu__A1_O67549,20,1,1,0,0.9171729102180324,76.6875,True,0.0007195387734100223
2fzt__B1_Q9WZF7--2fzt__A1_Q9WZF7,1,4,0,4,0.0312416171671351,82.125,False,0.03435402363538742
2fzt__B1_Q9WZF7--2fzt__A1_Q9WZF7,2,4,2,4,0.8818937695804032,81.6875,True,0.9960825443267822
2fzt__B1_Q9WZF7--2fzt__A1_Q9WZF7,3,5,3,4,0.880781272822211,80.3125,True,0.12242897599935532
2fzt__B1_Q9WZF7--2fzt__A1_Q9WZF7,4,2,3,4,0.8913332205910264,80.125,True,0.0004103434330318123
2fzt__B1_Q9WZF7--2fzt__A1_Q9WZF7,5,4,3,4,0.3033758991556081,79.5,True,0.0010067155817523599
2fzt__B1_Q9WZF7--2fzt__A1_Q9WZF7,6,5,1,4,0.8838330315984138,79.3125,True,0.18168671429157257
2fzt__B1_Q9WZF7--2fzt__A1_Q9WZF7,7,5,2,4,0.8769603526928099,78.9375,True,0.12242897599935532
2fzt__B1_Q9WZF7--2fzt__A1_Q9WZF7,8,1,2,4,0.3161186661594855,67.25,True,5.2648108976427466e-05
2fzt__B1_Q9WZF7--2fzt__A1_Q9WZF7,9,1,1,4,0.2713270809026744,47.15625,True,0.00010735007526818663
2fzt__B1_Q9WZF7--2fzt__A1_Q9WZF7,10,4,1,4,0.2867237921176593,40.09375,True,0.6282473802566528
2fzt__B1_Q9WZF7--2fzt__A1_Q9WZF7,11,1,0,4,0.2647422971026389,34.34375,True,0.00010901930363615975
2fzt__B1_Q9WZF7--2fzt__A1_Q9WZF7,12,3,3,4,0.28261841803248,32.84375,True,0.0007826910587027669
2fzt__B1_Q9WZF7--2fzt__A1_Q9WZF7,13,1,3,4,0.0304645258366975,30.96875,False,0.03145165741443634
2fzt__B1_Q9WZF7--2fzt__A1_Q9WZF7,14,5,0,4,0.2419507581884476,30.03125,True,0.03178758919239044
2fzt__B1_Q9WZF7--2fzt__A1_Q9WZF7,15,3,1,4,0.0691739495641406,29.53125,False,0.00467528123408556
2fzt__B1_Q9WZF7--2fzt__A1_Q9WZF7,16,2,0,4,0.02089961054062,24.78125,False,0.038170795887708664
2fzt__B1_Q9WZF7--2fzt__A1_Q9WZF7,17,2,1,4,0.021233142217194,20.859375,False,0.029707584530115128
2fzt__B1_Q9WZF7--2fzt__A1_Q9WZF7,18,2,2,4,0.0452104426355899,20.28125,False,0.031358752399683
2fzt__B1_Q9WZF7--2fzt__A1_Q9WZF7,19,3,0,4,0.0624063605389248,19.4375,False,0.006047189701348543
2fzt__B1_Q9WZF7--2fzt__A1_Q9WZF7,20,3,2,4,0.0677564537671199,19.078125,False,0.004363078158348799
2ga9__B1_P23371--2ga9__A1_P07617,1,5,2,4,0.771090695564289,74.875,True,0.9930927753448486
2ga9__B1_P23371--2ga9__A1_P07617,2,5,3,4,0.7581668292420399,73.4375,True,0.8881072998046875
2ga9__B1_P23371--2ga9__A1_P07617,3,4,2,4,0.7765123506807563,72.9375,True,0.9978358149528503
2ga9__B1_P23371--2ga9__A1_P07617,4,4,0,4,0.7727627532075644,72.0625,True,0.9982302784919739
2ga9__B1_P23371--2ga9__A1_P07617,5,5,0,4,0.7433954861665094,71.6875,True,0.9926738142967224
2ga9__B1_P23371--2ga9__A1_P07617,6,3,2,4,0.7764113005333401,71.0,True,0.9987278580665588
2ga9__B1_P23371--2ga9__A1_P07617,7,4,3,4,0.7641329201295871,70.0,True,0.9992326498031616
2ga9__B1_P23371--2ga9__A1_P07617,8,4,1,4,0.7622807253577544,69.5,True,0.9326952695846558
2ga9__B1_P23371--2ga9__A1_P07617,9,5,1,4,0.7407691738199613,69.375,True,0.9530656933784485
2ga9__B1_P23371--2ga9__A1_P07617,10,1,0,4,0.2203467202313569,66.6875,False,0.9988710284233093
2ga9__B1_P23371--2ga9__A1_P07617,11,2,0,4,0.7273593916540406,64.9375,True,0.9545930624008179
2ga9__B1_P23371--2ga9__A1_P07617,12,1,1,4,0.21642296245528,64.25,False,0.9952841401100159
2ga9__B1_P23371--2ga9__A1_P07617,13,2,2,4,0.7415251372239479,64.0625,True,0.9992637038230896
2ga9__B1_P23371--2ga9__A1_P07617,14,3,3,4,0.7173780989031212,63.71875,True,0.8441448211669922
2ga9__B1_P23371--2ga9__A1_P07617,15,3,1,4,0.690453037718441,63.03125,True,0.8588384389877319
2ga9__B1_P23371--2ga9__A1_P07617,16,1,2,4,0.2120080293538945,62.28125,False,0.9974573254585266
2ga9__B1_P23371--2ga9__A1_P07617,17,1,3,4,0.2144977227690525,62.03125,False,0.9985024929046631
2ga9__B1_P23371--2ga9__A1_P07617,18,2,1,4,0.7020942504724615,60.3125,True,0.7887622714042664
2ga9__B1_P23371--2ga9__A1_P07617,19,3,0,4,0.6854076090743234,58.375,True,0.8423953056335449
2ga9__B1_P23371--2ga9__A1_P07617,20,2,3,4,0.6826302805688039,57.4375,True,0.7969802618026733
2gbo__A1_Q831P3--2gbo__B1_Q831P3,1,3,0,3,0.1903938234668919,59.9375,False,0.6176910996437073
2gbo__A1_Q831P3--2gbo__B1_Q831P3,2,3,2,3,0.1904508027574558,58.46875,False,0.6494227647781372
2gbo__A1_Q831P3--2gbo__B1_Q831P3,3,2,2,3,0.0182061126836158,51.8125,False,0.9005438089370728
2gbo__A1_Q831P3--2gbo__B1_Q831P3,4,2,1,3,0.018371708613994,49.65625,False,0.8881422281265259
2gbo__A1_Q831P3--2gbo__B1_Q831P3,5,2,3,3,0.0183745188904404,49.25,False,0.8862681984901428
2gbo__A1_Q831P3--2gbo__B1_Q831P3,6,2,0,3,0.0185291403837705,49.03125,False,0.8438452482223511
2gbo__A1_Q831P3--2gbo__B1_Q831P3,7,3,3,3,0.0183751343073154,48.84375,False,0.2044566124677658
2gbo__A1_Q831P3--2gbo__B1_Q831P3,8,3,1,3,0.018080349613231,48.09375,False,0.722684383392334
2gbo__A1_Q831P3--2gbo__B1_Q831P3,9,1,2,3,0.1731443641459766,47.53125,False,0.1330953687429428
2gbo__A1_Q831P3--2gbo__B1_Q831P3,10,1,0,3,0.1732786775722572,45.1875,False,0.8398504853248596
2gbo__A1_Q831P3--2gbo__B1_Q831P3,11,1,1,3,0.1732890505340327,43.5625,False,0.8038516640663147
2gbo__A1_Q831P3--2gbo__B1_Q831P3,12,1,3,3,0.1732912622951321,42.75,False,0.37338128685951233
2gbo__A1_Q831P3--2gbo__B1_Q831P3,13,5,2,3,0.1871504372189301,36.5,False,0.9687908887863159
2gbo__A1_Q831P3--2gbo__B1_Q831P3,14,5,1,3,0.186800926353393,36.0,False,0.9774054884910583
2gbo__A1_Q831P3--2gbo__B1_Q831P3,15,5,0,3,0.1910438200476398,35.34375,False,0.4833662211894989
2gbo__A1_Q831P3--2gbo__B1_Q831P3,16,5,3,3,0.1793174423935219,35.1875,False,0.9438440799713135
2gbo__A1_Q831P3--2gbo__B1_Q831P3,17,4,2,3,0.1846686405212114,29.421875,False,0.9997383952140808
2gbo__A1_Q831P3--2gbo__B1_Q831P3,18,4,3,3,0.1956763172693149,28.6875,False,0.9982936978340149
2gbo__A1_Q831P3--2gbo__B1_Q831P3,19,4,0,3,0.1961202994301932,27.84375,False,0.9986847043037415
2gbo__A1_Q831P3--2gbo__B1_Q831P3,20,4,1,3,0.1808130669038001,26.1875,False,0.9995063543319702
2gd9__A1_P37508--2gd9__B1_P37508,1,1,3,1,0.6030592334830186,69.0,True,0.36754417419433594
2gd9__A1_P37508--2gd9__B1_P37508,2,4,1,1,0.2002995643547508,65.8125,False,0.013503591530025005
2gd9__A1_P37508--2gd9__B1_P37508,3,4,2,1,0.2005479660535872,65.6875,False,0.05473604425787926
2gd9__A1_P37508--2gd9__B1_P37508,4,4,3,1,0.2008054441755918,65.25,False,0.11302109062671661
2gd9__A1_P37508--2gd9__B1_P37508,5,4,0,1,0.2009523879787637,65.125,False,0.03385009989142418
2gd9__A1_P37508--2gd9__B1_P37508,6,2,3,1,0.7673718552021591,64.5625,True,0.06742178648710251
2gd9__A1_P37508--2gd9__B1_P37508,7,5,0,1,0.8247056229126403,64.5625,True,0.9995238780975342
2gd9__A1_P37508--2gd9__B1_P37508,8,5,1,1,0.8338364954896004,63.875,True,0.9996480941772461
2gd9__A1_P37508--2gd9__B1_P37508,9,5,2,1,0.8237894271921408,63.09375,True,0.9992890357971191
2gd9__A1_P37508--2gd9__B1_P37508,10,2,0,1,0.197714101517667,61.9375,False,0.6239508390426636
2gd9__A1_P37508--2gd9__B1_P37508,11,1,2,1,0.1996799475250785,61.21875,False,0.060508716851472855
2gd9__A1_P37508--2gd9__B1_P37508,12,2,2,1,0.2064698462223905,60.96875,False,0.052587855607271194
2gd9__A1_P37508--2gd9__B1_P37508,13,3,0,1,0.2168968057115941,60.15625,False,0.35161980986595154
2gd9__A1_P37508--2gd9__B1_P37508,14,3,2,1,0.2131441423863195,59.9375,False,0.43899059295654297
2gd9__A1_P37508--2gd9__B1_P37508,15,3,1,1,0.2183747567337501,59.84375,False,0.4475742280483246
2gd9__A1_P37508--2gd9__B1_P37508,16,2,1,1,0.2054608242774155,59.125,False,0.02778836339712143
2gd9__A1_P37508--2gd9__B1_P37508,17,5,3,1,0.824212217974914,58.875,True,0.9988695979118347
2gd9__A1_P37508--2gd9__B1_P37508,18,1,0,1,0.1969221329317309,58.875,False,0.13535891473293304
2gd9__A1_P37508--2gd9__B1_P37508,19,3,3,1,0.2066846884130321,57.5,False,0.518466591835022
2gd9__A1_P37508--2gd9__B1_P37508,20,1,1,1,0.1981053715685317,55.3125,False,0.09848680347204208
2gsk__A1_P06129--2gsk__B1_P02929,1,2,0,3,0.0060780569961632,55.8125,False,0.7570347189903259
2gsk__A1_P06129--2gsk__B1_P02929,2,2,3,3,0.0060256586046083,55.0,False,0.24097949266433716
2gsk__A1_P06129--2gsk__B1_P02929,3,2,2,3,0.0061026640473354,54.0,False,0.4890395700931549
2gsk__A1_P06129--2gsk__B1_P02929,4,5,1,3,0.0061568923028324,53.09375,False,9.255651093553752e-05
2gsk__A1_P06129--2gsk__B1_P02929,5,3,3,3,0.0061472091786673,52.96875,False,0.9508658647537231
2gsk__A1_P06129--2gsk__B1_P02929,6,3,1,3,0.0062138377677316,52.46875,False,0.8430357575416565
2gsk__A1_P06129--2gsk__B1_P02929,7,5,3,3,0.0062064927525888,52.28125,False,0.14609402418136597
2gsk__A1_P06129--2gsk__B1_P02929,8,4,1,3,0.0061426892177185,52.09375,False,0.9288662672042847
2gsk__A1_P06129--2gsk__B1_P02929,9,3,2,3,0.0061198328780388,52.0625,False,0.24439579248428345
2gsk__A1_P06129--2gsk__B1_P02929,10,2,1,3,0.0060626536720525,52.0625,False,0.4103963375091553
2gsk__A1_P06129--2gsk__B1_P02929,11,4,3,3,0.0061153847457719,51.96875,False,0.9739600419998169
2gsk__A1_P06129--2gsk__B1_P02929,12,4,0,3,0.0060624350618284,51.65625,False,0.9839929938316345
2gsk__A1_P06129--2gsk__B1_P02929,13,3,0,3,0.0062524187827012,51.5,False,0.32169437408447266
2gsk__A1_P06129--2gsk__B1_P02929,14,4,2,3,0.0062087622823285,50.90625,False,0.9686099886894226
2gsk__A1_P06129--2gsk__B1_P02929,15,5,2,3,0.0061645591386423,50.875,False,0.04782135412096977
2gsk__A1_P06129--2gsk__B1_P02929,16,5,0,3,0.0061411909446128,50.0,False,0.09807252883911133
2gsk__A1_P06129--2gsk__B1_P02929,17,1,3,3,0.006172129771418,47.125,False,0.5099458694458008
2gsk__A1_P06129--2gsk__B1_P02929,18,1,1,3,0.006186155173891,43.5625,False,0.8492065072059631
2gsk__A1_P06129--2gsk__B1_P02929,19,1,2,3,0.0062426587966934,42.4375,False,0.8864504098892212
2gsk__A1_P06129--2gsk__B1_P02929,20,1,0,3,0.0063578063680756,37.625,False,0.8572892546653748
2gsm__A1_P33517--2gsm__B1_Q03736,1,5,0,1,0.9444535681587684,95.3125,True,0.8481451869010925
2gsm__A1_P33517--2gsm__B1_Q03736,2,5,3,1,0.9441612330258266,95.25,True,0.8468673229217529
2gsm__A1_P33517--2gsm__B1_Q03736,3,5,2,1,0.9450918692789616,95.25,True,0.8467450737953186
2gsm__A1_P33517--2gsm__B1_Q03736,4,5,1,1,0.9452638438131928,95.25,True,0.845890462398529
2gsm__A1_P33517--2gsm__B1_Q03736,5,2,3,1,0.9432689078464876,95.125,True,0.8062567710876465
2gsm__A1_P33517--2gsm__B1_Q03736,6,2,2,1,0.9418820895697286,95.125,True,0.7816522121429443
2gsm__A1_P33517--2gsm__B1_Q03736,7,2,1,1,0.9467430275621602,95.125,True,0.7864447236061096
2gsm__A1_P33517--2gsm__B1_Q03736,8,2,0,1,0.9438571202740514,95.125,True,0.8279320001602173
2gsm__A1_P33517--2gsm__B1_Q03736,9,4,2,1,0.946041493156898,95.0625,True,0.8104791045188904
2gsm__A1_P33517--2gsm__B1_Q03736,10,3,2,1,0.946475789706259,95.0625,True,0.8627303838729858
2gsm__A1_P33517--2gsm__B1_Q03736,11,1,2,1,0.9430283529569148,95.0625,True,0.7829251289367676
2gsm__A1_P33517--2gsm__B1_Q03736,12,3,1,1,0.9419011892234208,95.0625,True,0.8620594143867493
2gsm__A1_P33517--2gsm__B1_Q03736,13,1,1,1,0.9435267866832726,95.0625,True,0.8043155074119568
2gsm__A1_P33517--2gsm__B1_Q03736,14,3,0,1,0.9443403105517312,95.0625,True,0.8398969173431396
2gsm__A1_P33517--2gsm__B1_Q03736,15,1,0,1,0.9435290122300074,95.0625,True,0.8059574961662292
2gsm__A1_P33517--2gsm__B1_Q03736,16,1,3,1,0.942072206239504,95.0,True,0.7879469990730286
2gsm__A1_P33517--2gsm__B1_Q03736,17,3,3,1,0.9416913070446102,95.0,True,0.8671637177467346
2gsm__A1_P33517--2gsm__B1_Q03736,18,4,0,1,0.9442018355029184,95.0,True,0.8308533430099487
2gsm__A1_P33517--2gsm__B1_Q03736,19,4,3,1,0.9439634040094048,94.9375,True,0.8516673445701599
2gsm__A1_P33517--2gsm__B1_Q03736,20,4,1,1,0.9454786728729506,94.9375,True,0.8158020973205566
2h1e__A1_P32657--2h1e__B1_P32657,1,4,3,4,0.0190596038103228,20.109375,False,0.023042919114232063
2h1e__A1_P32657--2h1e__B1_P32657,2,1,2,4,0.0133772804432105,18.828125,False,0.060149505734443665
2h1e__A1_P32657--2h1e__B1_P32657,3,4,1,4,0.0405353443015661,18.8125,False,0.023916063830256462
2h1e__A1_P32657--2h1e__B1_P32657,4,2,0,4,0.0141840711648659,18.625,False,0.010688689537346363
2h1e__A1_P32657--2h1e__B1_P32657,5,3,1,4,0.0122517666794492,18.359375,False,0.01140118669718504
2h1e__A1_P32657--2h1e__B1_P32657,6,1,1,4,0.0128313542694328,18.1875,False,0.05044484883546829
2h1e__A1_P32657--2h1e__B1_P32657,7,4,0,4,0.0293931519319003,18.15625,False,0.046943675726652145
2h1e__A1_P32657--2h1e__B1_P32657,8,4,2,4,0.0351189189482546,18.03125,False,0.018674472346901894
2h1e__A1_P32657--2h1e__B1_P32657,9,3,2,4,0.0123957307780336,17.96875,False,0.00656109070405364
2h1e__A1_P32657--2h1e__B1_P32657,10,2,1,4,0.0122879026790817,17.484375,False,0.047391846776008606
2h1e__A1_P32657--2h1e__B1_P32657,11,2,2,4,0.0128320969245995,17.4375,False,0.022976525127887726
2h1e__A1_P32657--2h1e__B1_P32657,12,2,3,4,0.0126915946356213,17.3125,False,0.01927008479833603
2h1e__A1_P32657--2h1e__B1_P32657,13,3,0,4,0.0121610180553892,17.046875,False,0.0034713272470980883
2h1e__A1_P32657--2h1e__B1_P32657,14,3,3,4,0.0123167525942555,16.96875,False,0.007354788947850466
2h1e__A1_P32657--2h1e__B1_P32657,15,1,3,4,0.0125255223802313,16.734375,False,0.11172287911176682
2h1e__A1_P32657--2h1e__B1_P32657,16,1,0,4,0.012775155783133,16.609375,False,0.04028894752264023
2h1e__A1_P32657--2h1e__B1_P32657,17,5,3,4,0.0115895723338763,16.40625,False,0.4420161843299866
2h1e__A1_P32657--2h1e__B1_P32657,18,5,0,4,0.0113649406157861,16.3125,False,0.08182252943515778
2h1e__A1_P32657--2h1e__B1_P32657,19,5,1,4,0.0106842775396703,16.21875,False,0.07640845328569412
2h1e__A1_P32657--2h1e__B1_P32657,20,5,2,4,0.011304789515931,15.7421875,False,0.03575272858142853
2h46__A1_P62993--2h46__A2_P62993,1,1,0,2,0.0234015355894955,42.46875,False,0.0009503921028226614
2h46__A1_P62993--2h46__A2_P62993,2,1,3,2,0.0232594506491052,41.96875,False,0.0003580451011657715
2h46__A1_P62993--2h46__A2_P62993,3,1,2,2,0.023285801036043,40.875,False,0.00015587783127557486
2h46__A1_P62993--2h46__A2_P62993,4,1,1,2,0.0234643969865522,38.625,False,0.00024574805865995586
2h46__A1_P62993--2h46__A2_P62993,5,3,0,2,0.0239653569529557,26.0,False,0.004022237379103899
2h46__A1_P62993--2h46__A2_P62993,6,2,0,2,0.0153603966936193,25.484375,False,0.041791386902332306
2h46__A1_P62993--2h46__A2_P62993,7,3,1,2,0.0239430844111473,24.875,False,0.005592369008809328
2h46__A1_P62993--2h46__A2_P62993,8,3,3,2,0.0242399944338161,24.609375,False,0.00558004155755043
2h46__A1_P62993--2h46__A2_P62993,9,3,2,2,0.0240494140493067,24.359375,False,0.006175900809466839
2h46__A1_P62993--2h46__A2_P62993,10,4,0,2,0.0169703611151724,24.1875,False,0.11987483501434326
2h46__A1_P62993--2h46__A2_P62993,11,4,1,2,0.0218090747739206,24.046875,False,0.15297962725162506
2h46__A1_P62993--2h46__A2_P62993,12,4,3,2,0.0174230337790577,23.484375,False,0.14196127653121948
2h46__A1_P62993--2h46__A2_P62993,13,2,2,2,0.0153495467620002,21.953125,False,0.03707267716526985
2h46__A1_P62993--2h46__A2_P62993,14,4,2,2,0.0229219286163125,21.71875,False,0.16009804606437683
2h46__A1_P62993--2h46__A2_P62993,15,2,3,2,0.0160909908790599,21.5625,False,0.03623371571302414
2h46__A1_P62993--2h46__A2_P62993,16,5,0,2,0.0183444537809534,19.34375,False,0.2611966133117676
2h46__A1_P62993--2h46__A2_P62993,17,5,2,2,0.0240201580669129,18.734375,False,0.33208245038986206
2h46__A1_P62993--2h46__A2_P62993,18,2,1,2,0.0152877644069031,17.578125,False,0.035918381065130234
2h46__A1_P62993--2h46__A2_P62993,19,5,1,2,0.0244430811461327,17.15625,False,0.4921577274799347
2h46__A1_P62993--2h46__A2_P62993,20,5,3,2,0.019670375868785,16.859375,False,0.11792656034231186
2h7z__B1_A0S865--2h7z__A1_A0S864,1,3,3,3,0.8281237566718179,72.3125,True,0.9549577832221985
2h7z__B1_A0S865--2h7z__A1_A0S864,2,5,1,3,0.8300644811801693,70.375,True,0.9086337685585022
2h7z__B1_A0S865--2h7z__A1_A0S864,3,3,1,3,0.8404273731209561,69.75,True,0.916108250617981
2h7z__B1_A0S865--2h7z__A1_A0S864,4,2,1,3,0.7745748587750031,69.6875,True,0.9721677303314209
2h7z__B1_A0S865--2h7z__A1_A0S864,5,5,3,3,0.8349983110626376,67.6875,True,0.9231777787208557
2h7z__B1_A0S865--2h7z__A1_A0S864,6,2,3,3,0.7729163491749106,67.6875,True,0.9672957062721252
2h7z__B1_A0S865--2h7z__A1_A0S864,7,3,0,3,0.8254624186863478,66.625,True,0.9389715790748596
2h7z__B1_A0S865--2h7z__A1_A0S864,8,4,2,3,0.8395964190788864,65.25,True,0.975806474685669
2h7z__B1_A0S865--2h7z__A1_A0S864,9,4,3,3,0.8282069876444599,65.0625,True,0.7712964415550232
2h7z__B1_A0S865--2h7z__A1_A0S864,10,5,0,3,0.8414455275114116,64.625,True,0.9332932829856873
2h7z__B1_A0S865--2h7z__A1_A0S864,11,4,1,3,0.7985632311621558,64.3125,True,0.8009191155433655
2h7z__B1_A0S865--2h7z__A1_A0S864,12,2,2,3,0.7929997634783055,64.25,True,0.973032534122467
2h7z__B1_A0S865--2h7z__A1_A0S864,13,1,3,3,0.8206961550124361,64.125,True,0.9377469420433044
2h7z__B1_A0S865--2h7z__A1_A0S864,14,1,2,3,0.8224253945848221,63.59375,True,0.9377469420433044
2h7z__B1_A0S865--2h7z__A1_A0S864,15,1,0,3,0.8204760013046629,63.03125,True,0.9425909519195557
2h7z__B1_A0S865--2h7z__A1_A0S864,16,3,2,3,0.8393947879186183,62.6875,True,0.8529232740402222
2h7z__B1_A0S865--2h7z__A1_A0S864,17,1,1,3,0.8259904482516144,62.625,True,0.9325433373451233
2h7z__B1_A0S865--2h7z__A1_A0S864,18,2,0,3,0.7954567545874385,60.75,True,0.8893402218818665
2h7z__B1_A0S865--2h7z__A1_A0S864,19,5,2,3,0.8166225153927709,59.0625,True,0.8556123375892639
2h7z__B1_A0S865--2h7z__A1_A0S864,20,4,0,3,0.5235547683572834,55.4375,True,0.6860154867172241
2hn1__A1_O29472--2hn1__A2_O29472,1,5,3,0,0.7409718908518798,60.15625,True,1.7921902326634154e-05
2hn1__A1_O29472--2hn1__A2_O29472,2,5,1,0,0.7403444900996202,59.46875,True,3.97233925468754e-05
2hn1__A1_O29472--2hn1__A2_O29472,3,5,2,0,0.7303558012090093,58.8125,True,4.876440652878955e-05
2hn1__A1_O29472--2hn1__A2_O29472,4,2,0,0,0.6470666864751141,58.5625,True,0.8628630638122559
2hn1__A1_O29472--2hn1__A2_O29472,5,5,0,0,0.7436745899089049,58.375,True,1.649374098633416e-05
2hn1__A1_O29472--2hn1__A2_O29472,6,2,2,0,0.6549935247611872,58.0,True,0.8731021881103516
2hn1__A1_O29472--2hn1__A2_O29472,7,1,0,0,0.6511109496345514,57.125,True,0.01656825840473175
2hn1__A1_O29472--2hn1__A2_O29472,8,3,2,0,0.7506127942280925,57.125,True,0.05270686745643616
2hn1__A1_O29472--2hn1__A2_O29472,9,1,3,0,0.6517029730800483,56.40625,True,0.011121902614831924
2hn1__A1_O29472--2hn1__A2_O29472,10,1,2,0,0.6206489291238678,56.25,True,0.018650056794285774
2hn1__A1_O29472--2hn1__A2_O29472,11,1,1,0,0.642943558355178,56.21875,True,0.015679404139518738
2hn1__A1_O29472--2hn1__A2_O29472,12,2,1,0,0.642429722483703,55.78125,True,0.7728666663169861
2hn1__A1_O29472--2hn1__A2_O29472,13,2,3,0,0.6454111991199579,55.75,True,0.8165885806083679
2hn1__A1_O29472--2hn1__A2_O29472,14,3,0,0,0.1665927613694552,30.0,False,0.8746833801269531
2hn1__A1_O29472--2hn1__A2_O29472,15,4,0,0,0.1552953495877817,29.828125,False,0.7055582404136658
2hn1__A1_O29472--2hn1__A2_O29472,16,3,1,0,0.1616382476263252,29.03125,False,0.8173096776008606
2hn1__A1_O29472--2hn1__A2_O29472,17,4,2,0,0.1537941532334976,28.921875,False,0.6542884707450867
2hn1__A1_O29472--2hn1__A2_O29472,18,3,3,0,0.0810583203586981,28.734375,False,0.05980947986245155
2hn1__A1_O29472--2hn1__A2_O29472,19,4,1,0,0.1568870505486617,28.203125,False,0.7094959616661072
2hn1__A1_O29472--2hn1__A2_O29472,20,4,3,0,0.1605177144385907,28.125,False,0.6600818634033203
2huk__A1_P00720--2huk__A2_P00720,1,1,3,2,0.0137138716130072,22.265625,False,0.11500373482704163
2huk__A1_P00720--2huk__A2_P00720,2,1,0,2,0.0139807922044904,20.53125,False,0.10708413273096085
2huk__A1_P00720--2huk__A2_P00720,3,1,2,2,0.0157599635138513,20.0625,False,0.11730695515871048
2huk__A1_P00720--2huk__A2_P00720,4,1,1,2,0.0140527155024602,19.734375,False,0.09500687569379807
2huk__A1_P00720--2huk__A2_P00720,5,5,0,2,0.2806967684285141,19.203125,True,0.01032079104334116
2huk__A1_P00720--2huk__A2_P00720,6,4,0,2,0.0726043306612442,18.3125,False,0.011117944493889809
2huk__A1_P00720--2huk__A2_P00720,7,4,3,2,0.1207333400288254,18.09375,False,0.06968014687299728
2huk__A1_P00720--2huk__A2_P00720,8,2,1,2,0.0099885529084242,17.640625,False,0.013399699702858925
2huk__A1_P00720--2huk__A2_P00720,9,4,2,2,0.0716397703569381,17.53125,False,0.042699143290519714
2huk__A1_P00720--2huk__A2_P00720,10,3,1,2,0.0095946407352378,17.359375,False,0.039683517068624496
2huk__A1_P00720--2huk__A2_P00720,11,3,0,2,0.0093736222712401,17.21875,False,0.025990912690758705
2huk__A1_P00720--2huk__A2_P00720,12,5,3,2,0.0064826628530415,17.21875,False,0.00947771966457367
2huk__A1_P00720--2huk__A2_P00720,13,2,3,2,0.0093557571389788,17.0,False,0.015633437782526016
2huk__A1_P00720--2huk__A2_P00720,14,3,3,2,0.009559897650974,16.859375,False,0.028630148619413376
2huk__A1_P00720--2huk__A2_P00720,15,3,2,2,0.0092266726861594,16.625,False,0.009093570522964
2huk__A1_P00720--2huk__A2_P00720,16,4,1,2,0.0221561724273043,16.3125,False,0.031104713678359985
2huk__A1_P00720--2huk__A2_P00720,17,2,0,2,0.0088622329855299,16.140625,False,0.01405690424144268
2huk__A1_P00720--2huk__A2_P00720,18,5,1,2,0.0143741265869412,15.703125,False,0.05017268657684326
2huk__A1_P00720--2huk__A2_P00720,19,5,2,2,0.0151372040414218,15.1953125,False,0.04893910139799118
2huk__A1_P00720--2huk__A2_P00720,20,2,2,2,0.0676092220677044,14.8046875,False,0.01837349496781826
2j67__A1_Q9BXR5--2j67__B1_Q9BXR5,1,3,2,0,0.6860780458319903,65.75,True,0.02956262417137623
2j67__A1_Q9BXR5--2j67__B1_Q9BXR5,2,3,1,0,0.6887521511132254,62.4375,True,0.03234662115573883
2j67__A1_Q9BXR5--2j67__B1_Q9BXR5,3,4,3,0,0.0502753965881744,58.4375,False,0.023647164925932884
2j67__A1_Q9BXR5--2j67__B1_Q9BXR5,4,2,0,0,0.3827925524239946,37.5625,True,0.033400505781173706
2j67__A1_Q9BXR5--2j67__B1_Q9BXR5,5,1,0,0,0.3697673868868675,34.59375,True,0.21656976640224457
2j67__A1_Q9BXR5--2j67__B1_Q9BXR5,6,2,1,0,0.3249403387820959,33.25,True,0.03459890931844711
2j67__A1_Q9BXR5--2j67__B1_Q9BXR5,7,1,3,0,0.304132604291278,33.1875,True,0.23590032756328583
2j67__A1_Q9BXR5--2j67__B1_Q9BXR5,8,1,1,0,0.2572646864177312,33.09375,True,0.2911052703857422
2j67__A1_Q9BXR5--2j67__B1_Q9BXR5,9,1,2,0,0.2281879614851636,32.78125,False,0.23129475116729736
2j67__A1_Q9BXR5--2j67__B1_Q9BXR5,10,2,3,0,0.4977672667341541,32.5625,True,0.05874563753604889
2j67__A1_Q9BXR5--2j67__B1_Q9BXR5,11,3,0,0,0.1505700764207933,31.203125,False,0.1367170363664627
2j67__A1_Q9BXR5--2j67__B1_Q9BXR5,12,3,3,0,0.1184018117386275,31.015625,False,0.18846727907657623
2j67__A1_Q9BXR5--2j67__B1_Q9BXR5,13,4,0,0,0.1124659388307311,30.5625,False,0.18282857537269592
2j67__A1_Q9BXR5--2j67__B1_Q9BXR5,14,2,2,0,0.3817648037695969,26.734375,True,0.034775905311107635
2j67__A1_Q9BXR5--2j67__B1_Q9BXR5,15,5,3,0,0.0706972120730007,26.46875,False,0.02991206757724285
2j67__A1_Q9BXR5--2j67__B1_Q9BXR5,16,5,1,0,0.0700947327441042,25.21875,False,0.025351792573928833
2j67__A1_Q9BXR5--2j67__B1_Q9BXR5,17,4,2,0,0.074488814220751,24.765625,False,0.1772463619709015
2j67__A1_Q9BXR5--2j67__B1_Q9BXR5,18,5,0,0,0.0703484069823763,24.5,False,0.02215680293738842
2j67__A1_Q9BXR5--2j67__B1_Q9BXR5,19,5,2,0,0.1127786599097745,24.25,False,0.1467251479625702
2j67__A1_Q9BXR5--2j67__B1_Q9BXR5,20,4,1,0,0.0845608868245298,23.203125,False,0.16963253915309906
2j68__A1_B2IZD3--2j68__A2_B2IZD3,1,1,1,2,0.1802799182883413,49.375,False,0.16028356552124023
2j68__A1_B2IZD3--2j68__A2_B2IZD3,2,2,1,2,0.1461759820684515,47.34375,False,0.1671392172574997
2j68__A1_B2IZD3--2j68__A2_B2IZD3,3,1,0,2,0.1685429331121428,47.125,False,0.1607886254787445
2j68__A1_B2IZD3--2j68__A2_B2IZD3,4,1,2,2,0.18237244214247,46.6875,False,0.09357410669326782
2j68__A1_B2IZD3--2j68__A2_B2IZD3,5,1,3,2,0.1599562220134725,45.53125,False,0.06693847477436066
2j68__A1_B2IZD3--2j68__A2_B2IZD3,6,2,0,2,0.1339587774864988,45.03125,False,0.0770588219165802
2j68__A1_B2IZD3--2j68__A2_B2IZD3,7,5,2,2,0.2444343525827773,43.9375,True,0.02203075960278511
2j68__A1_B2IZD3--2j68__A2_B2IZD3,8,5,3,2,0.2388504812498461,43.78125,True,0.039116840809583664
2j68__A1_B2IZD3--2j68__A2_B2IZD3,9,5,0,2,0.2141611475956148,41.3125,False,0.17442835867404938
2j68__A1_B2IZD3--2j68__A2_B2IZD3,10,4,1,2,0.1549503058642623,41.25,False,0.8263978958129883
2j68__A1_B2IZD3--2j68__A2_B2IZD3,11,4,2,2,0.1482668531248401,41.25,False,0.32035496830940247
2j68__A1_B2IZD3--2j68__A2_B2IZD3,12,5,1,2,0.2025229335528872,40.59375,False,0.24336877465248108
2j68__A1_B2IZD3--2j68__A2_B2IZD3,13,2,3,2,0.1417756583155461,40.5,False,0.4794054627418518
2j68__A1_B2IZD3--2j68__A2_B2IZD3,14,4,3,2,0.1693044326990015,40.15625,False,0.46537527441978455
2j68__A1_B2IZD3--2j68__A2_B2IZD3,15,4,0,2,0.1504245524119023,40.03125,False,0.8323963284492493
2j68__A1_B2IZD3--2j68__A2_B2IZD3,16,2,2,2,0.0687649305219487,39.09375,False,0.01834891363978386
2j68__A1_B2IZD3--2j68__A2_B2IZD3,17,3,0,2,0.0913150072241908,34.3125,False,0.019756359979510307
2j68__A1_B2IZD3--2j68__A2_B2IZD3,18,3,1,2,0.096264317271108,33.5,False,0.04175976663827896
2j68__A1_B2IZD3--2j68__A2_B2IZD3,19,3,3,2,0.0908469366337618,32.5625,False,0.07328172028064728
2j68__A1_B2IZD3--2j68__A2_B2IZD3,20,3,2,2,0.0654186970672342,32.4375,False,0.017043855041265488
2j6g__A1_Q6T3W5--2j6g__A2_Q6T3W5,1,5,3,4,0.0498208372700835,67.875,False,0.0004536034248303622
2j6g__A1_Q6T3W5--2j6g__A2_Q6T3W5,2,5,0,4,0.049630109032917,67.1875,False,0.9742009043693542
2j6g__A1_Q6T3W5--2j6g__A2_Q6T3W5,3,5,2,4,0.0498026675807683,66.4375,False,0.0032998870592564344
2j6g__A1_Q6T3W5--2j6g__A2_Q6T3W5,4,4,2,4,0.049770755181308,66.1875,False,0.998968243598938
2j6g__A1_Q6T3W5--2j6g__A2_Q6T3W5,5,4,0,4,0.0503882196890822,62.71875,False,0.5207622647285461
2j6g__A1_Q6T3W5--2j6g__A2_Q6T3W5,6,2,1,4,0.165418318851407,60.84375,False,0.8719298839569092
2j6g__A1_Q6T3W5--2j6g__A2_Q6T3W5,7,3,1,4,0.0500313071734739,60.75,False,0.07324559986591339
2j6g__A1_Q6T3W5--2j6g__A2_Q6T3W5,8,2,3,4,0.1655179313455667,58.53125,False,0.9180026054382324
2j6g__A1_Q6T3W5--2j6g__A2_Q6T3W5,9,2,2,4,0.1697550923311536,56.75,False,0.9231070876121521
2j6g__A1_Q6T3W5--2j6g__A2_Q6T3W5,10,1,3,4,0.1279330398082085,52.96875,False,0.9999884366989136
2j6g__A1_Q6T3W5--2j6g__A2_Q6T3W5,11,1,1,4,0.1264122229342011,52.4375,False,0.9999910593032837
2j6g__A1_Q6T3W5--2j6g__A2_Q6T3W5,12,3,2,4,0.057817806970548,52.3125,False,0.36849966645240784
2j6g__A1_Q6T3W5--2j6g__A2_Q6T3W5,13,3,0,4,0.1175504046488553,51.84375,False,0.16509632766246796
2j6g__A1_Q6T3W5--2j6g__A2_Q6T3W5,14,3,3,4,0.1016202667081087,51.75,False,0.11854952573776245
2j6g__A1_Q6T3W5--2j6g__A2_Q6T3W5,15,1,2,4,0.1312698785280767,51.6875,False,0.9999858140945435
2j6g__A1_Q6T3W5--2j6g__A2_Q6T3W5,16,1,0,4,0.1203033457540838,51.21875,False,0.9999303817749023
2j6g__A1_Q6T3W5--2j6g__A2_Q6T3W5,17,2,0,4,0.150230663980866,50.875,False,0.9933121800422668
2j6g__A1_Q6T3W5--2j6g__A2_Q6T3W5,18,5,1,4,0.1245521547232565,49.9375,False,0.8635881543159485
2j6g__A1_Q6T3W5--2j6g__A2_Q6T3W5,19,4,3,4,0.0596215503587674,49.71875,False,0.15874215960502625
2j6g__A1_Q6T3W5--2j6g__A2_Q6T3W5,20,4,1,4,0.1112898591147615,49.40625,False,0.05208778753876686
2ntx__A1_Q9LV40--2ntx__B1_Q9LV40,1,2,3,1,0.5789012712043528,77.25,True,0.9324945211410522
2ntx__A1_Q9LV40--2ntx__B1_Q9LV40,2,4,1,1,0.5775887467544987,75.9375,True,0.029825875535607338
2ntx__A1_Q9LV40--2ntx__B1_Q9LV40,3,3,1,1,0.5967982500233026,74.9375,True,0.999996542930603
2ntx__A1_Q9LV40--2ntx__B1_Q9LV40,4,5,3,1,0.5926097861854693,73.5,True,0.22047001123428345
2ntx__A1_Q9LV40--2ntx__B1_Q9LV40,5,4,2,1,0.5851919375602813,72.3125,True,0.012324277311563492
2ntx__A1_Q9LV40--2ntx__B1_Q9LV40,6,3,3,1,0.6290234732905832,70.875,True,0.9803415536880493
2ntx__A1_Q9LV40--2ntx__B1_Q9LV40,7,5,1,1,0.5944757864095959,70.25,True,0.24593546986579895
2ntx__A1_Q9LV40--2ntx__B1_Q9LV40,8,2,2,1,0.5878121595835356,69.75,True,0.9884960651397705
2ntx__A1_Q9LV40--2ntx__B1_Q9LV40,9,4,3,1,0.5558936386083558,68.6875,True,0.777988612651825
2ntx__A1_Q9LV40--2ntx__B1_Q9LV40,10,2,1,1,0.4869799566704076,67.5,True,0.9954833984375
2ntx__A1_Q9LV40--2ntx__B1_Q9LV40,11,5,0,1,0.6241580076535468,63.46875,True,0.953555166721344
2ntx__A1_Q9LV40--2ntx__B1_Q9LV40,12,2,0,1,0.5606071705489476,55.625,True,0.9995075464248657
2ntx__A1_Q9LV40--2ntx__B1_Q9LV40,13,3,0,1,0.5253369571392126,49.8125,True,0.9951800107955933
2ntx__A1_Q9LV40--2ntx__B1_Q9LV40,14,1,1,1,0.5949591976303026,48.40625,True,2.8837916033808142e-05
2ntx__A1_Q9LV40--2ntx__B1_Q9LV40,15,3,2,1,0.6151444870304729,48.125,True,0.9983400106430054
2ntx__A1_Q9LV40--2ntx__B1_Q9LV40,16,1,3,1,0.4593762230692111,43.125,True,0.9800741076469421
2ntx__A1_Q9LV40--2ntx__B1_Q9LV40,17,4,0,1,0.4349881087428648,38.0625,True,0.3488430678844452
2ntx__A1_Q9LV40--2ntx__B1_Q9LV40,18,1,0,1,0.4656167730141695,37.625,True,0.3818649649620056
2ntx__A1_Q9LV40--2ntx__B1_Q9LV40,19,5,2,1,0.3698630619695309,32.09375,True,0.5689153075218201
2ntx__A1_Q9LV40--2ntx__B1_Q9LV40,20,1,2,1,0.2341540138740348,29.609375,True,0.16690342128276825
2o96__B1_P51665--2o96__A1_P51665,1,4,0,4,0.6963134947929509,89.5625,True,0.9219279885292053
2o96__B1_P51665--2o96__A1_P51665,2,4,3,4,0.6050102137340457,89.5625,True,0.20901426672935486
2o96__B1_P51665--2o96__A1_P51665,3,2,3,4,0.6857546538629881,88.625,True,0.13471169769763947
2o96__B1_P51665--2o96__A1_P51665,4,3,3,4,0.655882410269161,87.0,True,0.6805870532989502
2o96__B1_P51665--2o96__A1_P51665,5,4,1,4,0.6120351387122623,83.3125,True,0.8784894347190857
2o96__B1_P51665--2o96__A1_P51665,6,1,2,4,0.0477887336483656,65.375,False,0.9845414161682129
2o96__B1_P51665--2o96__A1_P51665,7,1,1,4,0.0541475399405219,63.4375,False,0.717009961605072
2o96__B1_P51665--2o96__A1_P51665,8,3,2,4,0.0468774177096451,59.875,False,0.9999774694442749
2o96__B1_P51665--2o96__A1_P51665,9,5,1,4,0.0399232214082188,59.25,False,0.11778859794139862
2o96__B1_P51665--2o96__A1_P51665,10,1,3,4,0.0477700289237519,59.1875,False,0.9903573393821716
2o96__B1_P51665--2o96__A1_P51665,11,3,0,4,0.047923699003501,57.1875,False,0.999962329864502
2o96__B1_P51665--2o96__A1_P51665,12,5,2,4,0.039303191851639,57.03125,False,0.10664110630750656
2o96__B1_P51665--2o96__A1_P51665,13,5,0,4,0.0414384859818977,56.1875,False,0.116764597594738
2o96__B1_P51665--2o96__A1_P51665,14,5,3,4,0.0410635918267112,54.5,False,0.015156949870288372
2o96__B1_P51665--2o96__A1_P51665,15,3,1,4,0.05362473602358,47.375,False,0.9998834133148193
2o96__B1_P51665--2o96__A1_P51665,16,1,0,4,0.0511637182791003,46.90625,False,0.996855616569519
2o96__B1_P51665--2o96__A1_P51665,17,4,2,4,0.0529683125110722,40.28125,False,0.13372455537319183
2o96__B1_P51665--2o96__A1_P51665,18,2,2,4,0.041786660844733,39.8125,False,0.7680339217185974
2o96__B1_P51665--2o96__A1_P51665,19,2,1,4,0.0409855011677777,37.75,False,0.2893732488155365
2o96__B1_P51665--2o96__A1_P51665,20,2,0,4,0.0427221940396564,36.8125,False,0.7517150640487671
2oo9__A1_P22681--2oo9__B1_P22681,1,2,2,4,0.0841846757526277,73.0625,False,0.037025827914476395
2oo9__A1_P22681--2oo9__B1_P22681,2,4,1,4,0.1097410346073493,22.484375,False,0.9764316082000732
2oo9__A1_P22681--2oo9__B1_P22681,3,4,3,4,0.1106020477321761,22.09375,False,0.9380881786346436
2oo9__A1_P22681--2oo9__B1_P22681,4,4,0,4,0.1270260766399393,20.609375,False,0.8436087965965271
2oo9__A1_P22681--2oo9__B1_P22681,5,4,2,4,0.1240206648989213,20.09375,False,0.9775450229644775
2oo9__A1_P22681--2oo9__B1_P22681,6,5,3,4,0.1247989712724539,20.03125,False,0.35619550943374634
2oo9__A1_P22681--2oo9__B1_P22681,7,5,1,4,0.1773836398274348,19.296875,False,0.9419595003128052
2oo9__A1_P22681--2oo9__B1_P22681,8,5,2,4,0.1382428203718756,18.921875,False,0.8357699513435364
2oo9__A1_P22681--2oo9__B1_P22681,9,1,1,4,0.1127342561568531,18.921875,False,0.039704255759716034
2oo9__A1_P22681--2oo9__B1_P22681,10,5,0,4,0.1368341801098575,18.375,False,0.886493444442749
2oo9__A1_P22681--2oo9__B1_P22681,11,3,3,4,0.1632269699937268,18.015625,False,0.9117574691772461
2oo9__A1_P22681--2oo9__B1_P22681,12,3,1,4,0.1754757313644603,17.96875,False,0.029788346961140633
2oo9__A1_P22681--2oo9__B1_P22681,13,2,0,4,0.032635553682612,17.828125,False,0.1277245581150055
2oo9__A1_P22681--2oo9__B1_P22681,14,3,0,4,0.1132296103826044,17.8125,False,0.47874581813812256
2oo9__A1_P22681--2oo9__B1_P22681,15,3,2,4,0.114654026932571,17.328125,False,0.6657141447067261
2oo9__A1_P22681--2oo9__B1_P22681,16,1,3,4,0.0805057057284266,16.375,False,0.02971004508435726
2oo9__A1_P22681--2oo9__B1_P22681,17,1,0,4,0.1464992043952094,15.21875,False,0.06652037799358368
2oo9__A1_P22681--2oo9__B1_P22681,18,1,2,4,0.1752775511369992,15.15625,False,0.13886408507823944
2oo9__A1_P22681--2oo9__B1_P22681,19,2,3,4,0.0466213885444778,13.09375,False,0.049997445195913315
2oo9__A1_P22681--2oo9__B1_P22681,20,2,1,4,0.1085420478283226,12.8828125,False,0.05420400947332382
2p09__A1_UNDEFINED--2p09__A2_UNDEFINED,1,5,0,4,0.0253604512405473,16.140625,False,0.05256133899092674
2p09__A1_UNDEFINED--2p09__A2_UNDEFINED,2,2,1,4,0.0372737938342161,13.8515625,False,0.20632658898830414
2p09__A1_UNDEFINED--2p09__A2_UNDEFINED,3,5,2,4,0.0577662452357839,13.828125,False,0.03831016644835472
2p09__A1_UNDEFINED--2p09__A2_UNDEFINED,4,4,0,4,0.0276151845093954,12.6875,False,0.035185471177101135
2p09__A1_UNDEFINED--2p09__A2_UNDEFINED,5,1,0,4,0.0308248348965228,12.3125,False,0.048866577446460724
2p09__A1_UNDEFINED--2p09__A2_UNDEFINED,6,3,3,4,0.0298441348953723,12.1796875,False,0.04970792680978775
2p09__A1_UNDEFINED--2p09__A2_UNDEFINED,7,5,1,4,0.052081230965971,11.78125,False,0.03887569159269333
2p09__A1_UNDEFINED--2p09__A2_UNDEFINED,8,5,3,4,0.0341345210584911,11.625,False,0.08836416155099869
2p09__A1_UNDEFINED--2p09__A2_UNDEFINED,9,2,2,4,0.0524805082922966,11.515625,False,0.03893374651670456
2p09__A1_UNDEFINED--2p09__A2_UNDEFINED,10,2,0,4,0.0342287096323461,11.234375,False,0.17116650938987732
2p09__A1_UNDEFINED--2p09__A2_UNDEFINED,11,2,3,4,0.0276256256488981,11.1171875,False,0.0938555970788002
2p09__A1_UNDEFINED--2p09__A2_UNDEFINED,12,4,3,4,0.0302047062625797,10.6015625,False,0.08265387266874313
2p09__A1_UNDEFINED--2p09__A2_UNDEFINED,13,1,3,4,0.0320059604929642,10.125,False,0.051016855984926224
2p09__A1_UNDEFINED--2p09__A2_UNDEFINED,14,3,1,4,0.0422533800283671,9.59375,False,0.037406232208013535
2p09__A1_UNDEFINED--2p09__A2_UNDEFINED,15,1,1,4,0.0333258141347984,9.546875,False,0.052564069628715515
2p09__A1_UNDEFINED--2p09__A2_UNDEFINED,16,1,2,4,0.0278924552707792,9.3046875,False,0.057428840547800064
2p09__A1_UNDEFINED--2p09__A2_UNDEFINED,17,4,2,4,0.0500284654879715,9.1875,False,0.04050604999065399
2p09__A1_UNDEFINED--2p09__A2_UNDEFINED,18,3,0,4,0.0835606806609947,9.140625,False,0.04532673954963684
2p09__A1_UNDEFINED--2p09__A2_UNDEFINED,19,4,1,4,0.0285474340584082,8.5390625,False,0.02715887501835823
2p09__A1_UNDEFINED--2p09__A2_UNDEFINED,20,3,2,4,0.0186277728429617,8.46875,False,0.030007941648364067
2pyu__A1_P52061--2pyu__A2_P52061,1,4,0,1,0.4076441283125315,87.0625,True,0.8629587292671204
2pyu__A1_P52061--2pyu__A2_P52061,2,4,3,1,0.4036663454835574,87.0625,True,0.8629587292671204
2pyu__A1_P52061--2pyu__A2_P52061,3,3,3,1,0.3803558764245874,86.875,True,0.8629587292671204
2pyu__A1_P52061--2pyu__A2_P52061,4,4,2,1,0.4129012310401552,86.8125,True,0.8629587292671204
2pyu__A1_P52061--2pyu__A2_P52061,5,4,1,1,0.4195618673164995,86.6875,True,0.8629587292671204
2pyu__A1_P52061--2pyu__A2_P52061,6,3,0,1,0.3793926108710972,86.625,True,0.8629587292671204
2pyu__A1_P52061--2pyu__A2_P52061,7,3,1,1,0.377496386228059,86.5625,True,0.8629587292671204
2pyu__A1_P52061--2pyu__A2_P52061,8,3,2,1,0.3905828840477504,86.125,True,0.8629587292671204
2pyu__A1_P52061--2pyu__A2_P52061,9,2,1,1,0.412293799219126,85.6875,True,0.8629587292671204
2pyu__A1_P52061--2pyu__A2_P52061,10,5,3,1,0.4404453418619421,85.625,True,0.8629587292671204
2pyu__A1_P52061--2pyu__A2_P52061,11,5,0,1,0.4530955491007961,85.625,True,0.8629587292671204
2pyu__A1_P52061--2pyu__A2_P52061,12,2,2,1,0.4221441605419815,85.125,True,0.8629587292671204
2pyu__A1_P52061--2pyu__A2_P52061,13,2,0,1,0.4164199865875619,85.0625,True,0.855006754398346
2pyu__A1_P52061--2pyu__A2_P52061,14,1,1,1,0.3940830283754219,84.9375,True,0.8426259756088257
2pyu__A1_P52061--2pyu__A2_P52061,15,1,3,1,0.4058741869799983,84.875,True,0.8426259756088257
2pyu__A1_P52061--2pyu__A2_P52061,16,1,2,1,0.4058235848453462,84.375,True,0.8426259756088257
2pyu__A1_P52061--2pyu__A2_P52061,17,1,0,1,0.3854196498147482,84.1875,True,0.8426259756088257
2pyu__A1_P52061--2pyu__A2_P52061,18,2,3,1,0.4171385261137125,84.1875,True,0.8629587292671204
2pyu__A1_P52061--2pyu__A2_P52061,19,5,2,1,0.4520367434688895,83.9375,True,0.8629587292671204
2pyu__A1_P52061--2pyu__A2_P52061,20,5,1,1,0.4520667559437035,83.3125,True,0.8629587292671204
2q1k__A1_Q1EHA4--2q1k__B1_Q1EHA4,1,5,0,0,0.5814439604738205,27.375,True,0.19822286069393158
2q1k__A1_Q1EHA4--2q1k__B1_Q1EHA4,2,5,1,0,0.4945143250722399,23.578125,True,0.5924475193023682
2q1k__A1_Q1EHA4--2q1k__B1_Q1EHA4,3,5,2,0,0.4717472093892385,23.203125,True,0.2978813350200653
2q1k__A1_Q1EHA4--2q1k__B1_Q1EHA4,4,1,1,0,0.2930925949006734,21.0,True,0.07107628136873245
2q1k__A1_Q1EHA4--2q1k__B1_Q1EHA4,5,1,3,0,0.2951084537298267,19.546875,True,0.08766944706439972
2q1k__A1_Q1EHA4--2q1k__B1_Q1EHA4,6,4,0,0,0.5434251028835557,19.53125,True,0.27235323190689087
2q1k__A1_Q1EHA4--2q1k__B1_Q1EHA4,7,2,1,0,0.3763969184513336,19.453125,True,0.05526722967624664
2q1k__A1_Q1EHA4--2q1k__B1_Q1EHA4,8,2,3,0,0.4097953289146483,18.5625,True,0.22121424973011017
2q1k__A1_Q1EHA4--2q1k__B1_Q1EHA4,9,1,0,0,0.3708191174746354,18.125,True,0.057699739933013916
2q1k__A1_Q1EHA4--2q1k__B1_Q1EHA4,10,5,3,0,0.3755092111019816,18.109375,True,0.5797491073608398
2q1k__A1_Q1EHA4--2q1k__B1_Q1EHA4,11,4,2,0,0.4869587558501201,17.90625,True,0.22904664278030396
2q1k__A1_Q1EHA4--2q1k__B1_Q1EHA4,12,4,1,0,0.4235500773491054,17.515625,True,0.1592981219291687
2q1k__A1_Q1EHA4--2q1k__B1_Q1EHA4,13,4,3,0,0.5161001586170864,16.5625,True,0.363607794046402
2q1k__A1_Q1EHA4--2q1k__B1_Q1EHA4,14,1,2,0,0.2203256307422129,15.8125,False,0.2073868066072464
2q1k__A1_Q1EHA4--2q1k__B1_Q1EHA4,15,2,2,0,0.2156043415431718,15.34375,False,0.08956556767225266
2q1k__A1_Q1EHA4--2q1k__B1_Q1EHA4,16,2,0,0,0.3268206621952763,15.140625,True,0.1484186351299286
2q1k__A1_Q1EHA4--2q1k__B1_Q1EHA4,17,3,2,0,0.3450056081602016,14.7109375,True,0.5366300940513611
2q1k__A1_Q1EHA4--2q1k__B1_Q1EHA4,18,3,3,0,0.0871050704239417,13.3828125,False,0.06031780317425728
2q1k__A1_Q1EHA4--2q1k__B1_Q1EHA4,19,3,0,0,0.0447438819786069,12.96875,False,0.027438243851065636
2q1k__A1_Q1EHA4--2q1k__B1_Q1EHA4,20,3,1,0,0.0534617143313404,12.125,False,0.03889724612236023
2qko__B1_Q0S912--2qko__A1_Q0S912,1,3,2,0,0.1608734091042163,76.375,False,0.9315189719200134
2qko__B1_Q0S912--2qko__A1_Q0S912,2,5,2,0,0.5274122863055469,74.25,True,0.13274629414081573
2qko__B1_Q0S912--2qko__A1_Q0S912,3,5,1,0,0.5341077180619321,73.5,True,0.09825869649648666
2qko__B1_Q0S912--2qko__A1_Q0S912,4,5,3,0,0.5324780371044128,72.6875,True,0.09687716513872147
2qko__B1_Q0S912--2qko__A1_Q0S912,5,5,0,0,0.541982111119558,69.375,True,0.22697550058364868
2qko__B1_Q0S912--2qko__A1_Q0S912,6,2,3,0,0.1668892605356658,66.9375,False,0.16069427132606506
2qko__B1_Q0S912--2qko__A1_Q0S912,7,3,0,0,0.5902864388780859,65.0625,True,0.4982229173183441
2qko__B1_Q0S912--2qko__A1_Q0S912,8,2,2,0,0.1685347728828743,65.0,False,0.2750418186187744
2qko__B1_Q0S912--2qko__A1_Q0S912,9,3,1,0,0.1703413539497436,64.9375,False,0.9775360226631165
2qko__B1_Q0S912--2qko__A1_Q0S912,10,2,1,0,0.1696712897944744,63.125,False,0.16923142969608307
2qko__B1_Q0S912--2qko__A1_Q0S912,11,3,3,0,0.5451956852315835,60.59375,True,0.5018672347068787
2qko__B1_Q0S912--2qko__A1_Q0S912,12,2,0,0,0.578039428253397,58.84375,True,0.0329289585351944
2qko__B1_Q0S912--2qko__A1_Q0S912,13,1,0,0,0.1712376500331252,54.5,False,0.0004042247892357409
2qko__B1_Q0S912--2qko__A1_Q0S912,14,1,1,0,0.1634979397436501,54.125,False,0.0009455199469812214
2qko__B1_Q0S912--2qko__A1_Q0S912,15,1,2,0,0.1644805451213252,51.40625,False,0.0007721614092588425
2qko__B1_Q0S912--2qko__A1_Q0S912,16,4,0,0,0.2107395490896619,36.03125,False,0.7124018669128418
2qko__B1_Q0S912--2qko__A1_Q0S912,17,4,1,0,0.0864379669975773,34.03125,False,0.5689287185668945
2qko__B1_Q0S912--2qko__A1_Q0S912,18,4,2,0,0.0795873948689795,33.53125,False,0.39776185154914856
2qko__B1_Q0S912--2qko__A1_Q0S912,19,1,3,0,0.5372202902635537,33.0625,True,0.014728490263223648
2qko__B1_Q0S912--2qko__A1_Q0S912,20,4,3,0,0.0611042722551106,28.375,False,0.48193150758743286
2qpv__A1_Q7CZ16--2qpv__B1_Q7CZ16,1,5,2,0,0.0097371829607608,87.3125,False,0.8983620405197144
2qpv__A1_Q7CZ16--2qpv__B1_Q7CZ16,2,5,3,0,0.0097659605508792,87.0,False,0.9176467657089233
2qpv__A1_Q7CZ16--2qpv__B1_Q7CZ16,3,5,1,0,0.0097455484300204,86.875,False,0.8929546475410461
2qpv__A1_Q7CZ16--2qpv__B1_Q7CZ16,4,5,0,0,0.0097461456680988,86.6875,False,0.9094111919403076
2qpv__A1_Q7CZ16--2qpv__B1_Q7CZ16,5,4,0,0,0.0097501793855464,86.25,False,0.9314563870429993
2qpv__A1_Q7CZ16--2qpv__B1_Q7CZ16,6,4,3,0,0.0097429974261603,85.5625,False,0.8999713659286499
2qpv__A1_Q7CZ16--2qpv__B1_Q7CZ16,7,4,2,0,0.0096902580795821,85.0,False,0.8687441945075989
2qpv__A1_Q7CZ16--2qpv__B1_Q7CZ16,8,1,0,0,0.0097827140209448,84.8125,False,0.9322363138198853
2qpv__A1_Q7CZ16--2qpv__B1_Q7CZ16,9,2,0,0,0.0097615778313525,84.8125,False,0.8311101794242859
2qpv__A1_Q7CZ16--2qpv__B1_Q7CZ16,10,3,0,0,0.0097161235784996,84.75,False,0.8444185853004456
2qpv__A1_Q7CZ16--2qpv__B1_Q7CZ16,11,1,3,0,0.0097663653857287,84.6875,False,0.9202664494514465
2qpv__A1_Q7CZ16--2qpv__B1_Q7CZ16,12,2,3,0,0.0097353344715395,84.6875,False,0.8311101794242859
2qpv__A1_Q7CZ16--2qpv__B1_Q7CZ16,13,2,2,0,0.0097704394088951,84.5625,False,0.8311101794242859
2qpv__A1_Q7CZ16--2qpv__B1_Q7CZ16,14,4,1,0,0.0097095904342031,84.5,False,0.8841729164123535
2qpv__A1_Q7CZ16--2qpv__B1_Q7CZ16,15,1,2,0,0.0097753071445291,84.3125,False,0.9324663281440735
2qpv__A1_Q7CZ16--2qpv__B1_Q7CZ16,16,1,1,0,0.0097596336111963,84.125,False,0.933527410030365
2qpv__A1_Q7CZ16--2qpv__B1_Q7CZ16,17,3,2,0,0.0097146485036429,83.875,False,0.8491910099983215
2qpv__A1_Q7CZ16--2qpv__B1_Q7CZ16,18,3,1,0,0.0097370950600656,83.5,False,0.8563370108604431
2qpv__A1_Q7CZ16--2qpv__B1_Q7CZ16,19,3,3,0,0.0097526475887695,83.3125,False,0.9457647800445557
2qpv__A1_Q7CZ16--2qpv__B1_Q7CZ16,20,2,1,0,0.0097152252720428,83.25,False,0.8311101794242859
2r17__C1_Q96QK1--2r17__A1_Q9UBQ0,1,2,3,1,0.7553942881300472,91.4375,True,0.8996808528900146
2r17__C1_Q96QK1--2r17__A1_Q9UBQ0,2,2,2,1,0.7490386608755691,91.1875,True,0.7218120694160461
2r17__C1_Q96QK1--2r17__A1_Q9UBQ0,3,2,0,1,0.7576520187512864,91.125,True,0.8073517680168152
2r17__C1_Q96QK1--2r17__A1_Q9UBQ0,4,4,3,1,0.7337973452514667,90.875,True,0.9002092480659485
2r17__C1_Q96QK1--2r17__A1_Q9UBQ0,5,5,3,1,0.7742229058215845,90.8125,True,0.8733563423156738
2r17__C1_Q96QK1--2r17__A1_Q9UBQ0,6,2,1,1,0.7593236131700416,90.75,True,0.7835767269134521
2r17__C1_Q96QK1--2r17__A1_Q9UBQ0,7,5,0,1,0.764004349227987,90.6875,True,0.9028134942054749
2r17__C1_Q96QK1--2r17__A1_Q9UBQ0,8,3,2,1,0.757715053620232,90.5625,True,0.9348729252815247
2r17__C1_Q96QK1--2r17__A1_Q9UBQ0,9,5,1,1,0.7553584324712627,90.5,True,0.8494706749916077
2r17__C1_Q96QK1--2r17__A1_Q9UBQ0,10,5,2,1,0.7564498022710806,90.3125,True,0.899233341217041
2r17__C1_Q96QK1--2r17__A1_Q9UBQ0,11,4,0,1,0.7498355212070885,90.3125,True,0.8777456283569336
2r17__C1_Q96QK1--2r17__A1_Q9UBQ0,12,1,3,1,0.7389026736798844,90.25,True,0.8980135917663574
2r17__C1_Q96QK1--2r17__A1_Q9UBQ0,13,1,0,1,0.7242826368361636,90.125,True,0.8202508687973022
2r17__C1_Q96QK1--2r17__A1_Q9UBQ0,14,1,2,1,0.728738109694559,90.0625,True,0.7640883326530457
2r17__C1_Q96QK1--2r17__A1_Q9UBQ0,15,4,1,1,0.7494610714020599,90.0625,True,0.908505380153656
2r17__C1_Q96QK1--2r17__A1_Q9UBQ0,16,3,1,1,0.7644885188535189,89.9375,True,0.8917385935783386
2r17__C1_Q96QK1--2r17__A1_Q9UBQ0,17,3,3,1,0.7759470897904396,89.9375,True,0.9267743229866028
2r17__C1_Q96QK1--2r17__A1_Q9UBQ0,18,4,2,1,0.7400400770745471,89.5,True,0.8077115416526794
2r17__C1_Q96QK1--2r17__A1_Q9UBQ0,19,1,1,1,0.7377903144824692,89.1875,True,0.8275978565216064
2r17__C1_Q96QK1--2r17__A1_Q9UBQ0,20,3,0,1,0.7464962393180109,89.1875,True,0.8950398564338684
2r1f__A1_P28306--2r1f__B1_P28306,1,3,2,0,0.0138290556113118,59.0625,False,0.002140962053090334
2r1f__A1_P28306--2r1f__B1_P28306,2,3,0,0,0.0137026504577828,55.8125,False,0.9986708164215088
2r1f__A1_P28306--2r1f__B1_P28306,3,5,0,0,0.0138125767390335,46.40625,False,0.03051280602812767
2r1f__A1_P28306--2r1f__B1_P28306,4,1,3,0,0.3886154019849757,45.53125,True,0.2906593382358551
2r1f__A1_P28306--2r1f__B1_P28306,5,5,2,0,0.0140238723648413,44.03125,False,0.010861591435968876
2r1f__A1_P28306--2r1f__B1_P28306,6,5,1,0,0.0139679231280351,42.71875,False,0.012413645163178444
2r1f__A1_P28306--2r1f__B1_P28306,7,1,0,0,0.3725145591466836,40.8125,True,0.23567168414592743
2r1f__A1_P28306--2r1f__B1_P28306,8,1,2,0,0.3794718483141744,30.828125,True,0.20314134657382965
2r1f__A1_P28306--2r1f__B1_P28306,9,1,1,0,0.3463368956417267,24.40625,True,0.09258390963077545
2r1f__A1_P28306--2r1f__B1_P28306,10,5,3,0,0.0314580964254387,23.234375,False,0.09811105579137802
2r1f__A1_P28306--2r1f__B1_P28306,11,4,0,0,0.0076766513072745,21.390625,False,0.06285591423511505
2r1f__A1_P28306--2r1f__B1_P28306,12,4,2,0,0.0234933432983983,21.078125,False,0.05015355348587036
2r1f__A1_P28306--2r1f__B1_P28306,13,4,3,0,0.0670702408221219,20.953125,False,0.041922058910131454
2r1f__A1_P28306--2r1f__B1_P28306,14,3,3,0,0.0760478163257782,19.78125,False,0.01862865313887596
2r1f__A1_P28306--2r1f__B1_P28306,15,3,1,0,0.0117301277258822,19.59375,False,0.027442308142781258
2r1f__A1_P28306--2r1f__B1_P28306,16,2,1,0,0.1104561092168324,19.234375,False,0.10553914308547974
2r1f__A1_P28306--2r1f__B1_P28306,17,4,1,0,0.0410480329770573,19.15625,False,0.01749163493514061
2r1f__A1_P28306--2r1f__B1_P28306,18,2,3,0,0.0180626746431994,18.609375,False,0.017815150320529938
2r1f__A1_P28306--2r1f__B1_P28306,19,2,0,0,0.0223640240818419,18.453125,False,0.017370063811540604
2r1f__A1_P28306--2r1f__B1_P28306,20,2,2,0,0.0960175134334333,18.421875,False,0.06670217216014862
2r7a__A1_O70018--2r7a__C1_O70018,1,4,1,2,0.1070391541449517,59.6875,False,0.10848846286535263
2r7a__A1_O70018--2r7a__C1_O70018,2,4,2,2,0.1125497004993629,52.8125,False,0.12252722680568695
2r7a__A1_O70018--2r7a__C1_O70018,3,4,3,2,0.098708060093,51.9375,False,0.12935717403888702
2r7a__A1_O70018--2r7a__C1_O70018,4,4,0,2,0.0814705023274148,51.125,False,0.1494801789522171
2r7a__A1_O70018--2r7a__C1_O70018,5,3,1,2,0.030864258861692,44.125,False,0.004065115470439196
2r7a__A1_O70018--2r7a__C1_O70018,6,3,3,2,0.0363822273499989,42.53125,False,0.06851570308208466
2r7a__A1_O70018--2r7a__C1_O70018,7,3,2,2,0.0699949411752384,35.71875,False,0.06862924993038177
2r7a__A1_O70018--2r7a__C1_O70018,8,3,0,2,0.0424350365405083,34.09375,False,0.01359392236918211
2r7a__A1_O70018--2r7a__C1_O70018,9,5,1,2,0.0336129962705581,31.09375,False,0.02765219286084175
2r7a__A1_O70018--2r7a__C1_O70018,10,5,2,2,0.0596331303121107,31.046875,False,0.07539596408605576
2r7a__A1_O70018--2r7a__C1_O70018,11,5,0,2,0.0332429957063831,29.890625,False,0.024570710957050323
2r7a__A1_O70018--2r7a__C1_O70018,12,5,3,2,0.0378444127814862,28.75,False,0.25478827953338623
2r7a__A1_O70018--2r7a__C1_O70018,13,2,1,2,0.0500869923283992,26.65625,False,0.009288833476603031
2r7a__A1_O70018--2r7a__C1_O70018,14,1,3,2,0.0516067844804887,25.0625,False,0.069622702896595
2r7a__A1_O70018--2r7a__C1_O70018,15,1,1,2,0.0446820913676737,23.25,False,0.043028317391872406
2r7a__A1_O70018--2r7a__C1_O70018,16,1,2,2,0.0291403836394436,22.140625,False,0.00923092383891344
2r7a__A1_O70018--2r7a__C1_O70018,17,2,3,2,0.0241241640110607,21.828125,False,0.016932468861341476
2r7a__A1_O70018--2r7a__C1_O70018,18,1,0,2,0.0170469598873214,21.453125,False,0.01670009084045887
2r7a__A1_O70018--2r7a__C1_O70018,19,2,0,2,0.018676750151124,21.109375,False,0.011389841325581074
2r7a__A1_O70018--2r7a__C1_O70018,20,2,2,2,0.021455111774549,20.75,False,0.012280664406716824
2r9a__A1_Q9H9Q4--2r9a__B1_Q9H9Q4,1,1,3,4,0.2073079940899882,50.15625,False,0.9998842477798462
2r9a__A1_Q9H9Q4--2r9a__B1_Q9H9Q4,2,1,1,4,0.2568450327817093,50.0625,True,0.3803541362285614
2r9a__A1_Q9H9Q4--2r9a__B1_Q9H9Q4,3,1,0,4,0.2129215883583936,49.96875,False,0.9982640147209167
2r9a__A1_Q9H9Q4--2r9a__B1_Q9H9Q4,4,3,3,4,0.2027770332412349,44.15625,False,0.9184091687202454
2r9a__A1_Q9H9Q4--2r9a__B1_Q9H9Q4,5,1,2,4,0.2527073106396156,44.0,True,0.5194023251533508
2r9a__A1_Q9H9Q4--2r9a__B1_Q9H9Q4,6,3,0,4,0.1975060599502103,42.59375,False,0.8376609086990356
2r9a__A1_Q9H9Q4--2r9a__B1_Q9H9Q4,7,3,2,4,0.1889112033461877,42.5625,False,0.9647390842437744
2r9a__A1_Q9H9Q4--2r9a__B1_Q9H9Q4,8,3,1,4,0.1940539080454519,41.53125,False,0.6957201957702637
2r9a__A1_Q9H9Q4--2r9a__B1_Q9H9Q4,9,4,0,4,0.3220032295913913,39.9375,True,0.2685573697090149
2r9a__A1_Q9H9Q4--2r9a__B1_Q9H9Q4,10,2,2,4,0.2736603047375309,39.4375,True,0.2635858654975891
2r9a__A1_Q9H9Q4--2r9a__B1_Q9H9Q4,11,4,2,4,0.2981577729084947,39.09375,True,0.8083376288414001
2r9a__A1_Q9H9Q4--2r9a__B1_Q9H9Q4,12,5,1,4,0.2785595035132553,38.53125,True,0.8202805519104004
2r9a__A1_Q9H9Q4--2r9a__B1_Q9H9Q4,13,2,1,4,0.2846275074352927,38.40625,True,0.6128082871437073
2r9a__A1_Q9H9Q4--2r9a__B1_Q9H9Q4,14,4,1,4,0.3186385394093231,38.25,True,0.28471508622169495
2r9a__A1_Q9H9Q4--2r9a__B1_Q9H9Q4,15,5,0,4,0.2063216467069587,38.125,False,0.9883332848548889
2r9a__A1_Q9H9Q4--2r9a__B1_Q9H9Q4,16,5,2,4,0.2984581627426035,37.875,True,0.9915390610694885
2r9a__A1_Q9H9Q4--2r9a__B1_Q9H9Q4,17,5,3,4,0.1942701760493743,37.75,False,0.6951107978820801
2r9a__A1_Q9H9Q4--2r9a__B1_Q9H9Q4,18,4,3,4,0.2876311967412371,37.4375,True,0.7612443566322327
2r9a__A1_Q9H9Q4--2r9a__B1_Q9H9Q4,19,2,3,4,0.284040206257024,36.8125,True,0.17596891522407532
2r9a__A1_Q9H9Q4--2r9a__B1_Q9H9Q4,20,2,0,4,0.2756393753869346,33.8125,True,0.05428914353251457
2raf__B1_F9URQ8--2raf__A1_F9URQ8,1,4,1,1,0.6602259052884388,82.875,True,0.00034053288982249796
2raf__B1_F9URQ8--2raf__A1_F9URQ8,2,4,0,1,0.634856120439785,81.3125,True,0.00031373489764519036
2raf__B1_F9URQ8--2raf__A1_F9URQ8,3,4,2,1,0.458064279727188,78.5625,True,0.44174668192863464
2raf__B1_F9URQ8--2raf__A1_F9URQ8,4,5,1,1,0.5352504649677751,77.5,True,0.0005797708290629089
2raf__B1_F9URQ8--2raf__A1_F9URQ8,5,5,3,1,0.5109641271887834,77.4375,True,0.00020675812265835702
2raf__B1_F9URQ8--2raf__A1_F9URQ8,6,5,0,1,0.5482917080605559,76.6875,True,0.0029297054279595613
2raf__B1_F9URQ8--2raf__A1_F9URQ8,7,3,3,1,0.5725699484914082,76.375,True,0.00010462635691510513
2raf__B1_F9URQ8--2raf__A1_F9URQ8,8,3,2,1,0.5877556058897294,76.25,True,3.8605434383498505e-05
2raf__B1_F9URQ8--2raf__A1_F9URQ8,9,4,3,1,0.6604585985987964,76.125,True,0.017971526831388474
2raf__B1_F9URQ8--2raf__A1_F9URQ8,10,3,1,1,0.5925299322118974,76.0625,True,4.805404751095921e-05
2raf__B1_F9URQ8--2raf__A1_F9URQ8,11,5,2,1,0.515996458485405,74.3125,True,0.00015925304614938796
2raf__B1_F9URQ8--2raf__A1_F9URQ8,12,3,0,1,0.5842576050516644,67.75,True,0.00013831487740390003
2raf__B1_F9URQ8--2raf__A1_F9URQ8,13,2,0,1,0.6253908416947769,67.25,True,0.0003801060374826193
2raf__B1_F9URQ8--2raf__A1_F9URQ8,14,2,1,1,0.6362697569184567,64.8125,True,0.001585072954185307
2raf__B1_F9URQ8--2raf__A1_F9URQ8,15,2,3,1,0.6397590211792153,64.4375,True,5.784412132925354e-05
2raf__B1_F9URQ8--2raf__A1_F9URQ8,16,2,2,1,0.5266396554719022,56.40625,True,0.15505194664001465
2raf__B1_F9URQ8--2raf__A1_F9URQ8,17,1,3,1,0.6444712357678294,38.59375,True,0.0005632609827443957
2raf__B1_F9URQ8--2raf__A1_F9URQ8,18,1,0,1,0.0383728052305352,24.234375,False,0.029311057180166245
2raf__B1_F9URQ8--2raf__A1_F9URQ8,19,1,2,1,0.0162182861449746,24.109375,False,0.04953903332352638
2raf__B1_F9URQ8--2raf__A1_F9URQ8,20,1,1,1,0.0678315492906828,23.9375,False,0.030274173244833946
2rax__A1_O15392--2rax__B1_Q53HL2,1,2,2,3,0.8608227888208647,82.3125,True,0.7934607863426208
2rax__A1_O15392--2rax__B1_Q53HL2,2,4,3,3,0.8726463894250883,82.0,True,0.8807253837585449
2rax__A1_O15392--2rax__B1_Q53HL2,3,2,3,3,0.8648398754470419,81.9375,True,0.8229113221168518
2rax__A1_O15392--2rax__B1_Q53HL2,4,5,3,3,0.8670436753840692,81.8125,True,0.7644757628440857
2rax__A1_O15392--2rax__B1_Q53HL2,5,5,2,3,0.8660002679855285,81.8125,True,0.7644757628440857
2rax__A1_O15392--2rax__B1_Q53HL2,6,4,1,3,0.8716278855939996,81.75,True,0.9049599766731262
2rax__A1_O15392--2rax__B1_Q53HL2,7,4,2,3,0.8739968937861274,81.6875,True,0.8807253837585449
2rax__A1_O15392--2rax__B1_Q53HL2,8,1,2,3,0.8549618151870301,81.625,True,0.9099217057228088
2rax__A1_O15392--2rax__B1_Q53HL2,9,4,0,3,0.8766625705286023,81.5625,True,0.8979376554489136
2rax__A1_O15392--2rax__B1_Q53HL2,10,2,1,3,0.857878138373513,81.5625,True,0.8410553932189941
2rax__A1_O15392--2rax__B1_Q53HL2,11,5,0,3,0.8704669959660839,81.5,True,0.7392103672027588
2rax__A1_O15392--2rax__B1_Q53HL2,12,3,1,3,0.8771897137201613,81.4375,True,0.7588126063346863
2rax__A1_O15392--2rax__B1_Q53HL2,13,5,1,3,0.8729228558934011,81.3125,True,0.7392103672027588
2rax__A1_O15392--2rax__B1_Q53HL2,14,3,2,3,0.8696024681411588,81.3125,True,0.8349484801292419
2rax__A1_O15392--2rax__B1_Q53HL2,15,3,3,3,0.8722911479564006,81.1875,True,0.8349484801292419
2rax__A1_O15392--2rax__B1_Q53HL2,16,3,0,3,0.8822755129055252,81.1875,True,0.8268632888793945
2rax__A1_O15392--2rax__B1_Q53HL2,17,1,1,3,0.8656667264882624,81.0625,True,0.897331714630127
2rax__A1_O15392--2rax__B1_Q53HL2,18,1,3,3,0.8563788895830028,80.625,True,0.9080214500427246
2rax__A1_O15392--2rax__B1_Q53HL2,19,1,0,3,0.8677546586387161,80.625,True,0.897331714630127
2rax__A1_O15392--2rax__B1_Q53HL2,20,2,0,3,0.8679045157220258,80.4375,True,0.8953946828842163
2uxe__A1_Q49PX0--2uxe__C1_Q49PX0,1,4,3,0,0.0639503937922121,12.59375,False,0.01752866432070732
2uxe__A1_Q49PX0--2uxe__C1_Q49PX0,2,4,0,0,0.0933701843878026,12.34375,False,0.020233888179063797
2uxe__A1_Q49PX0--2uxe__C1_Q49PX0,3,4,1,0,0.0483972800124095,12.328125,False,0.030711175873875618
2uxe__A1_Q49PX0--2uxe__C1_Q49PX0,4,5,2,0,0.0574751657681354,12.03125,False,0.02234816364943981
2uxe__A1_Q49PX0--2uxe__C1_Q49PX0,5,1,1,0,0.0753462126530092,11.375,False,0.022343626245856285
2uxe__A1_Q49PX0--2uxe__C1_Q49PX0,6,3,1,0,0.0435821333989312,11.1796875,False,0.01654893159866333
2uxe__A1_Q49PX0--2uxe__C1_Q49PX0,7,3,3,0,0.0162266803290777,10.8203125,False,0.01824299991130829
2uxe__A1_Q49PX0--2uxe__C1_Q49PX0,8,3,0,0,0.0510445922127228,10.8046875,False,0.015250876545906067
2uxe__A1_Q49PX0--2uxe__C1_Q49PX0,9,5,0,0,0.0264308974110859,10.375,False,0.016078392043709755
2uxe__A1_Q49PX0--2uxe__C1_Q49PX0,10,2,3,0,0.0322694253304975,10.2109375,False,0.017902297899127007
2uxe__A1_Q49PX0--2uxe__C1_Q49PX0,11,1,2,0,0.0652416927043107,10.1796875,False,0.021368199959397316
2uxe__A1_Q49PX0--2uxe__C1_Q49PX0,12,4,2,0,0.0526299871375223,10.125,False,0.019926780834794044
2uxe__A1_Q49PX0--2uxe__C1_Q49PX0,13,2,2,0,0.014334611579942,9.8203125,False,0.017574477940797806
2uxe__A1_Q49PX0--2uxe__C1_Q49PX0,14,2,1,0,0.0129177496009503,9.8046875,False,0.016832314431667328
2uxe__A1_Q49PX0--2uxe__C1_Q49PX0,15,1,0,0,0.0852091367316363,9.765625,False,0.023374350741505623
2uxe__A1_Q49PX0--2uxe__C1_Q49PX0,16,5,3,0,0.0339856144330076,9.671875,False,0.02419951930642128
2uxe__A1_Q49PX0--2uxe__C1_Q49PX0,17,3,2,0,0.0593836731524656,9.6484375,False,0.022726740688085556
2uxe__A1_Q49PX0--2uxe__C1_Q49PX0,18,2,0,0,0.0135477307780255,9.4609375,False,0.01823459565639496
2uxe__A1_Q49PX0--2uxe__C1_Q49PX0,19,5,1,0,0.0319749641813409,8.96875,False,0.020491687580943108
2uxe__A1_Q49PX0--2uxe__C1_Q49PX0,20,1,3,0,0.0684937822646756,8.8671875,False,0.016373032703995705
2uzx__B1_P08581--2uzx__A1_P0DQD2,1,2,0,4,0.5928089276253022,75.3125,True,0.022008901461958885
2uzx__B1_P08581--2uzx__A1_P0DQD2,2,2,3,4,0.5621273070646414,74.6875,True,0.0853264182806015
2uzx__B1_P08581--2uzx__A1_P0DQD2,3,2,2,4,0.4177425220856161,51.75,True,0.007371189538389444
2uzx__B1_P08581--2uzx__A1_P0DQD2,4,2,1,4,0.3838478285764486,47.90625,True,0.00798613578081131
2uzx__B1_P08581--2uzx__A1_P0DQD2,5,5,0,4,0.048371215305507,31.03125,False,0.0019996091723442078
2uzx__B1_P08581--2uzx__A1_P0DQD2,6,5,2,4,0.0445349469268148,30.59375,False,0.0015868714544922113
2uzx__B1_P08581--2uzx__A1_P0DQD2,7,5,1,4,0.0350160935921201,30.125,False,0.01476985588669777
2uzx__B1_P08581--2uzx__A1_P0DQD2,8,1,2,4,0.0249273698086744,28.453125,False,0.11423857510089874
2uzx__B1_P08581--2uzx__A1_P0DQD2,9,3,0,4,0.0409108232930383,28.109375,False,0.0147088086232543
2uzx__B1_P08581--2uzx__A1_P0DQD2,10,3,1,4,0.0429033033916074,28.015625,False,0.11530768126249313
2uzx__B1_P08581--2uzx__A1_P0DQD2,11,5,3,4,0.074982981067739,27.96875,False,0.04744970425963402
2uzx__B1_P08581--2uzx__A1_P0DQD2,12,1,1,4,0.0282267445780362,27.3125,False,0.19771595299243927
2uzx__B1_P08581--2uzx__A1_P0DQD2,13,3,3,4,0.0460614168729429,27.046875,False,0.07237564772367477
2uzx__B1_P08581--2uzx__A1_P0DQD2,14,3,2,4,0.0441727306484573,26.9375,False,0.03568153828382492
2uzx__B1_P08581--2uzx__A1_P0DQD2,15,1,3,4,0.0287810868800486,26.21875,False,0.10959893465042114
2uzx__B1_P08581--2uzx__A1_P0DQD2,16,1,0,4,0.0212190461719156,26.015625,False,0.11327572911977768
2uzx__B1_P08581--2uzx__A1_P0DQD2,17,4,3,4,0.0370201418690799,25.90625,False,0.058806162327528
2uzx__B1_P08581--2uzx__A1_P0DQD2,18,4,0,4,0.0362648956694899,25.78125,False,0.26698073744773865
2uzx__B1_P08581--2uzx__A1_P0DQD2,19,4,1,4,0.0382177332250127,25.6875,False,0.023711934685707092
2uzx__B1_P08581--2uzx__A1_P0DQD2,20,4,2,4,0.031487070788264,25.65625,False,0.026700641959905624
2vcg__D1_Q70I53--2vcg__A1_Q70I53,1,5,1,1,0.8884685571281515,85.375,True,0.8801490068435669
2vcg__D1_Q70I53--2vcg__A1_Q70I53,2,5,0,1,0.8821623136838189,85.1875,True,0.915373682975769
2vcg__D1_Q70I53--2vcg__A1_Q70I53,3,5,3,1,0.8859569274536075,84.75,True,0.929355263710022
2vcg__D1_Q70I53--2vcg__A1_Q70I53,4,4,3,1,0.8827416373080123,83.625,True,0.8826704025268555
2vcg__D1_Q70I53--2vcg__A1_Q70I53,5,4,2,1,0.890076450270919,81.75,True,0.8357670307159424
2vcg__D1_Q70I53--2vcg__A1_Q70I53,6,4,1,1,0.8923637949714079,81.3125,True,0.8904126882553101
2vcg__D1_Q70I53--2vcg__A1_Q70I53,7,5,2,1,0.8989015345807903,81.3125,True,0.9200876355171204
2vcg__D1_Q70I53--2vcg__A1_Q70I53,8,4,0,1,0.8916789966785896,78.875,True,0.877124011516571
2vcg__D1_Q70I53--2vcg__A1_Q70I53,9,2,0,1,0.9004718109363821,76.375,True,0.8558526635169983
2vcg__D1_Q70I53--2vcg__A1_Q70I53,10,2,3,1,0.8988560287765367,74.875,True,0.8821150660514832
2vcg__D1_Q70I53--2vcg__A1_Q70I53,11,2,2,1,0.8973053952535817,71.125,True,0.7688594460487366
2vcg__D1_Q70I53--2vcg__A1_Q70I53,12,2,1,1,0.9012672658851713,70.4375,True,0.7821856737136841
2vcg__D1_Q70I53--2vcg__A1_Q70I53,13,3,3,1,0.8607005640361199,59.875,True,0.8977827429771423
2vcg__D1_Q70I53--2vcg__A1_Q70I53,14,3,1,1,0.8804941043442355,59.625,True,0.8194068670272827
2vcg__D1_Q70I53--2vcg__A1_Q70I53,15,1,1,1,0.8872917936447376,58.0,True,0.821812629699707
2vcg__D1_Q70I53--2vcg__A1_Q70I53,16,1,3,1,0.8754368457306042,57.6875,True,0.8321630358695984
2vcg__D1_Q70I53--2vcg__A1_Q70I53,17,1,2,1,0.8798782596434572,57.125,True,0.8042305707931519
2vcg__D1_Q70I53--2vcg__A1_Q70I53,18,3,2,1,0.8602886633811938,56.65625,True,0.865145206451416
2vcg__D1_Q70I53--2vcg__A1_Q70I53,19,1,0,1,0.8713638586714431,56.03125,True,0.8421459197998047
2vcg__D1_Q70I53--2vcg__A1_Q70I53,20,3,0,1,0.85221575055622,52.8125,True,0.8754621148109436
2vlo__B1_P09883--2vlo__A1_P13479,1,4,0,3,0.8811099839542577,90.5,True,0.8656715154647827
2vlo__B1_P09883--2vlo__A1_P13479,2,4,1,3,0.8930967658564134,90.5,True,0.9084075689315796
2vlo__B1_P09883--2vlo__A1_P13479,3,4,2,3,0.88161969761063,90.375,True,0.8753658533096313
2vlo__B1_P09883--2vlo__A1_P13479,4,4,3,3,0.8786487731016549,90.0625,True,0.8753658533096313
2vlo__B1_P09883--2vlo__A1_P13479,5,1,0,3,0.8916198017939833,89.875,True,0.8739216923713684
2vlo__B1_P09883--2vlo__A1_P13479,6,1,2,3,0.8926543417255378,89.75,True,0.8930401802062988
2vlo__B1_P09883--2vlo__A1_P13479,7,2,2,3,0.8844105914150501,89.6875,True,0.9000439047813416
2vlo__B1_P09883--2vlo__A1_P13479,8,5,3,3,0.899842499213567,89.6875,True,0.8789905905723572
2vlo__B1_P09883--2vlo__A1_P13479,9,3,2,3,0.9185517764748724,89.6875,True,0.941774845123291
2vlo__B1_P09883--2vlo__A1_P13479,10,5,2,3,0.8991605974732826,89.6875,True,0.8789905905723572
2vlo__B1_P09883--2vlo__A1_P13479,11,1,1,3,0.8965042278260813,89.5625,True,0.8767510056495667
2vlo__B1_P09883--2vlo__A1_P13479,12,3,0,3,0.9149851793296616,89.5,True,0.9391940832138062
2vlo__B1_P09883--2vlo__A1_P13479,13,1,3,3,0.895071369754732,89.4375,True,0.8689395785331726
2vlo__B1_P09883--2vlo__A1_P13479,14,3,1,3,0.9107900725000416,89.4375,True,0.9120820164680481
2vlo__B1_P09883--2vlo__A1_P13479,15,5,1,3,0.8943689679772037,89.4375,True,0.8476349115371704
2vlo__B1_P09883--2vlo__A1_P13479,16,5,0,3,0.8959789542280695,89.375,True,0.8914650678634644
2vlo__B1_P09883--2vlo__A1_P13479,17,2,3,3,0.8839085743775631,89.3125,True,0.9000439047813416
2vlo__B1_P09883--2vlo__A1_P13479,18,2,1,3,0.8775839894946159,89.3125,True,0.8777739405632019
2vlo__B1_P09883--2vlo__A1_P13479,19,3,3,3,0.919999651075563,89.3125,True,0.941774845123291
2vlo__B1_P09883--2vlo__A1_P13479,20,2,0,3,0.8795088577629165,89.3125,True,0.8777739405632019
2w2d__A1_P0DPI1--2w2d__B1_P0DPI1,1,3,2,1,0.2993123699637441,75.75,True,0.9134541153907776
2w2d__A1_P0DPI1--2w2d__B1_P0DPI1,2,1,1,1,0.3768109227502039,74.375,True,0.15228497982025146
2w2d__A1_P0DPI1--2w2d__B1_P0DPI1,3,1,2,1,0.6088467608864075,72.4375,True,0.7422129511833191
2w2d__A1_P0DPI1--2w2d__B1_P0DPI1,4,4,2,1,0.570178437588834,72.375,True,0.2752533257007599
2w2d__A1_P0DPI1--2w2d__B1_P0DPI1,5,1,0,1,0.1456758595620122,69.4375,False,0.10172818601131439
2w2d__A1_P0DPI1--2w2d__B1_P0DPI1,6,4,0,1,0.2851770255473281,69.1875,True,0.509792685508728
2w2d__A1_P0DPI1--2w2d__B1_P0DPI1,7,4,1,1,0.237898446214214,68.8125,True,0.57390958070755
2w2d__A1_P0DPI1--2w2d__B1_P0DPI1,8,1,3,1,0.2479508977126354,67.625,True,0.21979475021362305
2w2d__A1_P0DPI1--2w2d__B1_P0DPI1,9,5,0,1,0.2144540973615108,67.3125,False,0.23431022465229034
2w2d__A1_P0DPI1--2w2d__B1_P0DPI1,10,2,0,1,0.2112185491211521,66.875,False,0.23920974135398865
2w2d__A1_P0DPI1--2w2d__B1_P0DPI1,11,3,0,1,0.1762945614338606,66.1875,False,0.3814077079296112
2w2d__A1_P0DPI1--2w2d__B1_P0DPI1,12,2,2,1,0.3814196211177149,64.8125,True,0.20262876152992249
2w2d__A1_P0DPI1--2w2d__B1_P0DPI1,13,4,3,1,0.1558595015928792,64.625,False,0.35084402561187744
2w2d__A1_P0DPI1--2w2d__B1_P0DPI1,14,3,3,1,0.1904203722733617,64.375,False,0.18798357248306274
2w2d__A1_P0DPI1--2w2d__B1_P0DPI1,15,2,3,1,0.1458409509320615,64.0625,False,0.12995518743991852
2w2d__A1_P0DPI1--2w2d__B1_P0DPI1,16,2,1,1,0.2485607811224135,63.375,True,0.23839719593524933
2w2d__A1_P0DPI1--2w2d__B1_P0DPI1,17,5,2,1,0.1742613518980164,63.15625,False,0.23615077137947083
2w2d__A1_P0DPI1--2w2d__B1_P0DPI1,18,5,1,1,0.1898658288816439,60.90625,False,0.31683123111724854
2w2d__A1_P0DPI1--2w2d__B1_P0DPI1,19,3,1,1,0.1934393023278247,39.90625,False,0.17625108361244202
2w2d__A1_P0DPI1--2w2d__B1_P0DPI1,20,5,3,1,0.0134627709115166,21.9375,False,0.048412736505270004
2wk4__B1_Q69014--2wk4__A1_Q69014,1,3,1,1,0.1855191729342689,32.6875,False,0.023890826851129532
2wk4__B1_Q69014--2wk4__A1_Q69014,2,3,3,1,0.1302960879893902,28.34375,False,0.17828892171382904
2wk4__B1_Q69014--2wk4__A1_Q69014,3,5,1,1,0.0508230293247037,27.765625,False,0.9595836400985718
2wk4__B1_Q69014--2wk4__A1_Q69014,4,3,0,1,0.0740773346414993,27.5,False,0.022747348994016647
2wk4__B1_Q69014--2wk4__A1_Q69014,5,4,3,1,0.0812526149877014,27.3125,False,0.16168281435966492
2wk4__B1_Q69014--2wk4__A1_Q69014,6,3,2,1,0.075812961568909,27.046875,False,0.04396919161081314
2wk4__B1_Q69014--2wk4__A1_Q69014,7,4,0,1,0.0368065373094622,26.828125,False,0.293754518032074
2wk4__B1_Q69014--2wk4__A1_Q69014,8,5,2,1,0.0382012874230146,26.34375,False,0.06449946016073227
2wk4__B1_Q69014--2wk4__A1_Q69014,9,5,0,1,0.0476357223272605,26.15625,False,0.9596897959709167
2wk4__B1_Q69014--2wk4__A1_Q69014,10,2,1,1,0.0825632847059821,25.4375,False,0.10199525952339172
2wk4__B1_Q69014--2wk4__A1_Q69014,11,5,3,1,0.0477477548955623,25.4375,False,0.8480219841003418
2wk4__B1_Q69014--2wk4__A1_Q69014,12,2,3,1,0.0554302653288947,24.953125,False,0.868757426738739
2wk4__B1_Q69014--2wk4__A1_Q69014,13,4,2,1,0.0133859778135703,24.90625,False,0.04772517830133438
2wk4__B1_Q69014--2wk4__A1_Q69014,14,2,2,1,0.0749600074385594,24.84375,False,0.09838089346885681
2wk4__B1_Q69014--2wk4__A1_Q69014,15,2,0,1,0.055441910789708,24.8125,False,0.2888805568218231
2wk4__B1_Q69014--2wk4__A1_Q69014,16,4,1,1,0.0156241216826322,24.734375,False,0.07138355076313019
2wk4__B1_Q69014--2wk4__A1_Q69014,17,1,1,1,0.0502247092139617,23.34375,False,0.23801882565021515
2wk4__B1_Q69014--2wk4__A1_Q69014,18,1,3,1,0.0174087426237946,23.328125,False,0.09068898111581802
2wk4__B1_Q69014--2wk4__A1_Q69014,19,1,0,1,0.0347764367605653,22.984375,False,0.046329058706760406
2wk4__B1_Q69014--2wk4__A1_Q69014,20,1,2,1,0.0338221389639485,22.96875,False,0.49566584825515747
2wmp__A1_Q1R2W9--2wmp__B1_Q47445,1,3,3,4,0.7911419155865644,91.8125,True,0.81914222240448
2wmp__A1_Q1R2W9--2wmp__B1_Q47445,2,3,2,4,0.7990591126434156,91.75,True,0.8593789935112
2wmp__A1_Q1R2W9--2wmp__B1_Q47445,3,3,1,4,0.7883116944660674,91.75,True,0.8140993714332581
2wmp__A1_Q1R2W9--2wmp__B1_Q47445,4,3,0,4,0.7857807253228484,91.5625,True,0.8039666414260864
2wmp__A1_Q1R2W9--2wmp__B1_Q47445,5,5,0,4,0.8136599012600674,91.5,True,0.8702415227890015
2wmp__A1_Q1R2W9--2wmp__B1_Q47445,6,5,3,4,0.8185137149042446,91.25,True,0.8473737835884094
2wmp__A1_Q1R2W9--2wmp__B1_Q47445,7,4,3,4,0.8046847575406014,91.1875,True,0.8147864937782288
2wmp__A1_Q1R2W9--2wmp__B1_Q47445,8,5,1,4,0.81719884353287,91.1875,True,0.8410286903381348
2wmp__A1_Q1R2W9--2wmp__B1_Q47445,9,2,2,4,0.8304349333518307,91.125,True,0.8101118206977844
2wmp__A1_Q1R2W9--2wmp__B1_Q47445,10,5,2,4,0.8224683597104371,90.9375,True,0.8437579870223999
2wmp__A1_Q1R2W9--2wmp__B1_Q47445,11,4,1,4,0.8042935598835106,90.875,True,0.8216354846954346
2wmp__A1_Q1R2W9--2wmp__B1_Q47445,12,4,0,4,0.8036810767501223,90.8125,True,0.814866304397583
2wmp__A1_Q1R2W9--2wmp__B1_Q47445,13,2,0,4,0.8230348184520754,90.6875,True,0.8036553263664246
2wmp__A1_Q1R2W9--2wmp__B1_Q47445,14,2,1,4,0.8339810174618831,90.625,True,0.8042882084846497
2wmp__A1_Q1R2W9--2wmp__B1_Q47445,15,2,3,4,0.8290868030826412,90.5625,True,0.8114573955535889
2wmp__A1_Q1R2W9--2wmp__B1_Q47445,16,4,2,4,0.7994670941582771,90.4375,True,0.8186379671096802
2wmp__A1_Q1R2W9--2wmp__B1_Q47445,17,1,3,4,0.7998214878784555,90.0,True,0.8074694275856018
2wmp__A1_Q1R2W9--2wmp__B1_Q47445,18,1,0,4,0.7795974295286822,88.25,True,0.8640300631523132
2wmp__A1_Q1R2W9--2wmp__B1_Q47445,19,1,1,4,0.7666113986137271,88.125,True,0.9098719358444214
2wmp__A1_Q1R2W9--2wmp__B1_Q47445,20,1,2,4,0.7643314022225823,87.9375,True,0.9145521521568298
2wuz__A1_Q7Z1V1--2wuz__B1_Q7Z1V1,1,5,0,3,0.0671304879713131,29.109375,False,0.927177906036377
2wuz__A1_Q7Z1V1--2wuz__B1_Q7Z1V1,2,5,3,3,0.041724205790748,27.703125,False,0.025500962510704994
2wuz__A1_Q7Z1V1--2wuz__B1_Q7Z1V1,3,5,1,3,0.0330006187375906,27.515625,False,0.0660020112991333
2wuz__A1_Q7Z1V1--2wuz__B1_Q7Z1V1,4,5,2,3,0.0422023755454582,27.359375,False,0.032826896756887436
2wuz__A1_Q7Z1V1--2wuz__B1_Q7Z1V1,5,3,1,3,0.0417201924388666,26.625,False,0.005604418460279703
2wuz__A1_Q7Z1V1--2wuz__B1_Q7Z1V1,6,3,2,3,0.0281490144842161,26.453125,False,0.032971158623695374
2wuz__A1_Q7Z1V1--2wuz__B1_Q7Z1V1,7,3,0,3,0.0419413071005294,26.15625,False,0.005584316328167915
2wuz__A1_Q7Z1V1--2wuz__B1_Q7Z1V1,8,3,3,3,0.0421121001920963,25.984375,False,0.11449423432350159
2wuz__A1_Q7Z1V1--2wuz__B1_Q7Z1V1,9,4,2,3,0.0787462228514543,25.046875,False,0.7180374264717102
2wuz__A1_Q7Z1V1--2wuz__B1_Q7Z1V1,10,4,0,3,0.0916051336133335,24.953125,False,0.40021437406539917
2wuz__A1_Q7Z1V1--2wuz__B1_Q7Z1V1,11,4,3,3,0.0664850555578435,24.75,False,0.043737027794122696
2wuz__A1_Q7Z1V1--2wuz__B1_Q7Z1V1,12,4,1,3,0.039450391667807,24.40625,False,0.03594593331217766
2wuz__A1_Q7Z1V1--2wuz__B1_Q7Z1V1,13,1,0,3,0.1330547206394603,23.453125,False,0.6833877563476562
2wuz__A1_Q7Z1V1--2wuz__B1_Q7Z1V1,14,1,2,3,0.1188696851877124,23.25,False,0.6739896535873413
2wuz__A1_Q7Z1V1--2wuz__B1_Q7Z1V1,15,1,3,3,0.1269282050898818,23.09375,False,0.48503923416137695
2wuz__A1_Q7Z1V1--2wuz__B1_Q7Z1V1,16,1,1,3,0.1279814672247191,22.984375,False,0.5293352007865906
2wuz__A1_Q7Z1V1--2wuz__B1_Q7Z1V1,17,2,3,3,0.0384727524288498,20.671875,False,0.056313950568437576
2wuz__A1_Q7Z1V1--2wuz__B1_Q7Z1V1,18,2,0,3,0.0152762579544738,20.328125,False,0.1424766629934311
2wuz__A1_Q7Z1V1--2wuz__B1_Q7Z1V1,19,2,1,3,0.0359839294277383,20.15625,False,0.13525675237178802
2wuz__A1_Q7Z1V1--2wuz__B1_Q7Z1V1,20,2,2,3,0.0147955344485018,19.9375,False,0.06141142547130585
2wwx__B1_Q5ZSQ3--2wwx__A1_P62820,1,4,2,4,0.0390408075124953,25.046875,False,0.5733718276023865
2wwx__B1_Q5ZSQ3--2wwx__A1_P62820,2,4,0,4,0.038354681977568,25.0,False,0.5284373760223389
2wwx__B1_Q5ZSQ3--2wwx__A1_P62820,3,3,3,4,0.0316570042974989,24.875,False,0.28887468576431274
2wwx__B1_Q5ZSQ3--2wwx__A1_P62820,4,3,0,4,0.0343412141444268,24.78125,False,0.5519548058509827
2wwx__B1_Q5ZSQ3--2wwx__A1_P62820,5,4,1,4,0.0363827643578954,24.671875,False,0.277194082736969
2wwx__B1_Q5ZSQ3--2wwx__A1_P62820,6,1,3,4,0.3079211241153026,24.390625,True,0.38454318046569824
2wwx__B1_Q5ZSQ3--2wwx__A1_P62820,7,1,2,4,0.2180705328553063,24.21875,False,0.2774817645549774
2wwx__B1_Q5ZSQ3--2wwx__A1_P62820,8,3,2,4,0.0340663104124489,24.15625,False,0.6027181148529053
2wwx__B1_Q5ZSQ3--2wwx__A1_P62820,9,5,1,4,0.0336049885587504,24.125,False,0.0037191405426710844
2wwx__B1_Q5ZSQ3--2wwx__A1_P62820,10,4,3,4,0.0330642467667153,24.125,False,0.33536219596862793
2wwx__B1_Q5ZSQ3--2wwx__A1_P62820,11,3,1,4,0.0336202001167425,24.09375,False,0.6056036353111267
2wwx__B1_Q5ZSQ3--2wwx__A1_P62820,12,2,2,4,0.2145137477188508,24.03125,False,0.1560063511133194
2wwx__B1_Q5ZSQ3--2wwx__A1_P62820,13,5,2,4,0.2224577520092176,23.921875,False,0.032363589853048325
2wwx__B1_Q5ZSQ3--2wwx__A1_P62820,14,1,0,4,0.2244849410422678,23.90625,False,0.0887291431427002
2wwx__B1_Q5ZSQ3--2wwx__A1_P62820,15,2,1,4,0.2485132441298239,23.671875,True,0.3190828263759613
2wwx__B1_Q5ZSQ3--2wwx__A1_P62820,16,2,3,4,0.0411134951749728,23.640625,False,0.47291073203086853
2wwx__B1_Q5ZSQ3--2wwx__A1_P62820,17,2,0,4,0.221424750066905,23.59375,False,0.39714840054512024
2wwx__B1_Q5ZSQ3--2wwx__A1_P62820,18,5,0,4,0.3096495848765309,23.0625,True,0.11864133924245834
2wwx__B1_Q5ZSQ3--2wwx__A1_P62820,19,1,1,4,0.0239797085308384,22.453125,False,0.05926985666155815
2wwx__B1_Q5ZSQ3--2wwx__A1_P62820,20,5,3,4,0.1651646989135533,21.96875,False,0.013831519521772861
2x5f__A1_UNDEFINED--2x5f__B1_UNDEFINED,1,1,1,0,0.1398278224570319,95.5625,False,0.9101635813713074
2x5f__A1_UNDEFINED--2x5f__B1_UNDEFINED,2,1,3,0,0.1388721273934966,95.4375,False,0.9170214533805847
2x5f__A1_UNDEFINED--2x5f__B1_UNDEFINED,3,1,2,0,0.1389298586207985,95.375,False,0.9165339469909668
2x5f__A1_UNDEFINED--2x5f__B1_UNDEFINED,4,1,0,0,0.1391759233804894,95.125,False,0.9107468724250793
2x5f__A1_UNDEFINED--2x5f__B1_UNDEFINED,5,3,0,0,0.1403158845579954,95.0,False,0.8943817615509033
2x5f__A1_UNDEFINED--2x5f__B1_UNDEFINED,6,3,3,0,0.1393581523468338,94.25,False,0.9151662588119507
2x5f__A1_UNDEFINED--2x5f__B1_UNDEFINED,7,3,2,0,0.1404229403666055,93.4375,False,0.8920807242393494
2x5f__A1_UNDEFINED--2x5f__B1_UNDEFINED,8,2,0,0,0.1397555941032107,93.1875,False,0.9041526317596436
2x5f__A1_UNDEFINED--2x5f__B1_UNDEFINED,9,3,1,0,0.1433487865288417,93.0625,False,0.8957725167274475
2x5f__A1_UNDEFINED--2x5f__B1_UNDEFINED,10,5,3,0,0.1415289724088921,92.9375,False,0.8904827833175659
2x5f__A1_UNDEFINED--2x5f__B1_UNDEFINED,11,5,0,0,0.1415188970269471,92.8125,False,0.891350269317627
2x5f__A1_UNDEFINED--2x5f__B1_UNDEFINED,12,2,3,0,0.1400350343447547,92.6875,False,0.9034331440925598
2x5f__A1_UNDEFINED--2x5f__B1_UNDEFINED,13,4,1,0,0.1395743019310274,92.5625,False,0.8989143967628479
2x5f__A1_UNDEFINED--2x5f__B1_UNDEFINED,14,2,1,0,0.1402440288318519,92.5,False,0.8965957164764404
2x5f__A1_UNDEFINED--2x5f__B1_UNDEFINED,15,4,3,0,0.140628878393077,92.4375,False,0.9091176986694336
2x5f__A1_UNDEFINED--2x5f__B1_UNDEFINED,16,5,2,0,0.1418288762586335,92.3125,False,0.8897613883018494
2x5f__A1_UNDEFINED--2x5f__B1_UNDEFINED,17,5,1,0,0.1391088539616383,92.25,False,0.8869513869285583
2x5f__A1_UNDEFINED--2x5f__B1_UNDEFINED,18,4,2,0,0.139875109122184,92.0625,False,0.8975644111633301
2x5f__A1_UNDEFINED--2x5f__B1_UNDEFINED,19,4,0,0,0.1397625206540072,91.4375,False,0.8853955268859863
2x5f__A1_UNDEFINED--2x5f__B1_UNDEFINED,20,2,2,0,0.1396356664971572,91.1875,False,0.9076917171478271
2xcu__A1_O66663--2xcu__C1_O66663,1,5,1,1,0.45063490265094,52.53125,True,0.8183814883232117
2xcu__A1_O66663--2xcu__C1_O66663,2,5,3,1,0.4927981060067179,50.8125,True,0.8983503580093384
2xcu__A1_O66663--2xcu__C1_O66663,3,5,0,1,0.4519914477319133,48.34375,True,0.2504543662071228
2xcu__A1_O66663--2xcu__C1_O66663,4,3,0,1,0.3960591783129144,37.46875,True,0.11248216032981873
2xcu__A1_O66663--2xcu__C1_O66663,5,3,1,1,0.4049389552933253,34.125,True,0.2549029588699341
2xcu__A1_O66663--2xcu__C1_O66663,6,3,3,1,0.3818385544830829,33.84375,True,0.22068941593170166
2xcu__A1_O66663--2xcu__C1_O66663,7,3,2,1,0.377412184252688,33.75,True,0.14901530742645264
2xcu__A1_O66663--2xcu__C1_O66663,8,5,2,1,0.3897741389255117,33.71875,True,0.14059169590473175
2xcu__A1_O66663--2xcu__C1_O66663,9,1,2,1,0.1613777204464161,28.828125,False,0.4092005491256714
2xcu__A1_O66663--2xcu__C1_O66663,10,2,0,1,0.055978193175436,27.859375,False,0.0829894170165062
2xcu__A1_O66663--2xcu__C1_O66663,11,1,1,1,0.1509638719214233,27.765625,False,0.4214904010295868
2xcu__A1_O66663--2xcu__C1_O66663,12,1,3,1,0.1535271298054768,27.53125,False,0.26244813203811646
2xcu__A1_O66663--2xcu__C1_O66663,13,1,0,1,0.1345527682819513,27.34375,False,0.4152166247367859
2xcu__A1_O66663--2xcu__C1_O66663,14,2,2,1,0.0530212100517605,27.3125,False,0.07921291887760162
2xcu__A1_O66663--2xcu__C1_O66663,15,2,3,1,0.0930254530530941,26.265625,False,0.10175145417451859
2xcu__A1_O66663--2xcu__C1_O66663,16,2,1,1,0.1626668891386891,26.0,False,0.4723830223083496
2xcu__A1_O66663--2xcu__C1_O66663,17,4,0,1,0.0096263673535294,25.296875,False,0.12377753853797913
2xcu__A1_O66663--2xcu__C1_O66663,18,4,1,1,0.0102882312285043,24.71875,False,0.2640022039413452
2xcu__A1_O66663--2xcu__C1_O66663,19,4,2,1,0.0113261298273571,24.015625,False,0.2026999592781067
2xcu__A1_O66663--2xcu__C1_O66663,20,4,3,1,0.012330345254376,23.828125,False,0.0909968689084053
2xf1__A1_Q8I467--2xf1__A2_Q8I467,1,5,3,3,0.0141696722278695,82.625,False,0.15159524977207184
2xf1__A1_Q8I467--2xf1__A2_Q8I467,2,5,0,3,0.0143151469161379,82.625,False,0.032655421644449234
2xf1__A1_Q8I467--2xf1__A2_Q8I467,3,5,2,3,0.0133887681130466,74.25,False,0.26831692457199097
2xf1__A1_Q8I467--2xf1__A2_Q8I467,4,2,3,3,0.0103350109941129,71.8125,False,0.04391615837812424
2xf1__A1_Q8I467--2xf1__A2_Q8I467,5,4,2,3,0.1711888438629572,71.375,False,0.9443057775497437
2xf1__A1_Q8I467--2xf1__A2_Q8I467,6,2,0,3,0.012744492667337,67.0625,False,0.9708007574081421
2xf1__A1_Q8I467--2xf1__A2_Q8I467,7,4,3,3,0.2029158535043161,65.9375,False,0.8502189517021179
2xf1__A1_Q8I467--2xf1__A2_Q8I467,8,4,1,3,0.2023197846755449,64.875,False,0.8389437794685364
2xf1__A1_Q8I467--2xf1__A2_Q8I467,9,1,1,3,0.1974187042760838,62.09375,False,0.8005364537239075
2xf1__A1_Q8I467--2xf1__A2_Q8I467,10,3,0,3,0.2554071677735563,61.59375,True,0.019146639853715897
2xf1__A1_Q8I467--2xf1__A2_Q8I467,11,1,2,3,0.1810736953115628,60.875,False,0.716000497341156
2xf1__A1_Q8I467--2xf1__A2_Q8I467,12,5,1,3,0.2401066970336674,60.75,True,0.6496059894561768
2xf1__A1_Q8I467--2xf1__A2_Q8I467,13,3,2,3,0.2542564064529706,58.375,True,0.009784840978682041
2xf1__A1_Q8I467--2xf1__A2_Q8I467,14,3,3,3,0.2623622658292983,58.09375,True,0.011003006249666214
2xf1__A1_Q8I467--2xf1__A2_Q8I467,15,4,0,3,0.0119498863803611,57.78125,False,0.03379268944263458
2xf1__A1_Q8I467--2xf1__A2_Q8I467,16,1,0,3,0.1943213499805839,55.0,False,0.8277952671051025
2xf1__A1_Q8I467--2xf1__A2_Q8I467,17,3,1,3,0.2221529445983683,51.71875,False,0.021363917738199234
2xf1__A1_Q8I467--2xf1__A2_Q8I467,18,1,3,3,0.2048187743240591,38.75,False,0.7463664412498474
2xf1__A1_Q8I467--2xf1__A2_Q8I467,19,2,1,3,0.0130735385121938,25.1875,False,0.1703079640865326
2xf1__A1_Q8I467--2xf1__A2_Q8I467,20,2,2,3,0.0279430265490704,19.015625,False,0.040285348892211914
2xgg__B1_UNDEFINED--2xgg__A1_UNDEFINED,1,3,1,3,0.0378417677234843,75.9375,False,0.9994863271713257
2xgg__B1_UNDEFINED--2xgg__A1_UNDEFINED,2,3,3,3,0.0378864705474793,75.125,False,0.9995312690734863
2xgg__B1_UNDEFINED--2xgg__A1_UNDEFINED,3,3,0,3,0.0377958134125438,72.625,False,0.9999443292617798
2xgg__B1_UNDEFINED--2xgg__A1_UNDEFINED,4,2,0,3,0.0378448394828987,70.25,False,0.6406846046447754
2xgg__B1_UNDEFINED--2xgg__A1_UNDEFINED,5,2,2,3,0.0377825947198179,64.8125,False,0.010715223848819733
2xgg__B1_UNDEFINED--2xgg__A1_UNDEFINED,6,2,1,3,0.0378052769665171,64.5,False,0.9998856782913208
2xgg__B1_UNDEFINED--2xgg__A1_UNDEFINED,7,3,2,3,0.0377415120331988,63.5,False,0.9999297857284546
2xgg__B1_UNDEFINED--2xgg__A1_UNDEFINED,8,4,0,3,0.7227922987236667,63.03125,True,0.3365482687950134
2xgg__B1_UNDEFINED--2xgg__A1_UNDEFINED,9,5,1,3,0.0377219077906485,58.375,False,0.9926855564117432
2xgg__B1_UNDEFINED--2xgg__A1_UNDEFINED,10,5,3,3,0.0378986160731144,57.90625,False,0.12747406959533691
2xgg__B1_UNDEFINED--2xgg__A1_UNDEFINED,11,2,3,3,0.0375065637983087,52.625,False,0.6829703450202942
2xgg__B1_UNDEFINED--2xgg__A1_UNDEFINED,12,5,0,3,0.0383823070610461,49.125,False,0.36268600821495056
2xgg__B1_UNDEFINED--2xgg__A1_UNDEFINED,13,1,0,3,0.0379815019625951,44.4375,False,0.978059709072113
2xgg__B1_UNDEFINED--2xgg__A1_UNDEFINED,14,5,2,3,0.0388363869992256,43.40625,False,0.1400708109140396
2xgg__B1_UNDEFINED--2xgg__A1_UNDEFINED,15,4,3,3,0.6892880952259149,43.15625,True,0.21948537230491638
2xgg__B1_UNDEFINED--2xgg__A1_UNDEFINED,16,1,2,3,0.0379755095351459,41.84375,False,0.06727316975593567
2xgg__B1_UNDEFINED--2xgg__A1_UNDEFINED,17,1,1,3,0.0381624194623457,41.375,False,0.31687501072883606
2xgg__B1_UNDEFINED--2xgg__A1_UNDEFINED,18,1,3,3,0.615467584890724,37.53125,True,0.399543434381485
2xgg__B1_UNDEFINED--2xgg__A1_UNDEFINED,19,4,2,3,0.3917158956645463,34.1875,True,0.11778368800878525
2xgg__B1_UNDEFINED--2xgg__A1_UNDEFINED,20,4,1,3,0.301008743535093,31.921875,True,0.057770986109972
2xr7__A1_Q589Y0--2xr7__A2_Q589Y0,1,4,1,2,0.0040351362861566,81.3125,False,0.19184328615665436
2xr7__A1_Q589Y0--2xr7__A2_Q589Y0,2,1,1,2,0.3855096062396286,72.625,True,0.031154079362750053
2xr7__A1_Q589Y0--2xr7__A2_Q589Y0,3,1,2,2,0.3674696595244499,69.9375,True,0.03281989321112633
2xr7__A1_Q589Y0--2xr7__A2_Q589Y0,4,1,3,2,0.3747114241531441,67.9375,True,0.03336866945028305
2xr7__A1_Q589Y0--2xr7__A2_Q589Y0,5,2,3,2,0.0039978532513763,53.75,False,0.040555521845817566
2xr7__A1_Q589Y0--2xr7__A2_Q589Y0,6,4,0,2,0.0027825853225991,37.125,False,0.23825235664844513
2xr7__A1_Q589Y0--2xr7__A2_Q589Y0,7,3,3,2,0.0027370340986028,26.203125,False,0.16898378729820251
2xr7__A1_Q589Y0--2xr7__A2_Q589Y0,8,1,0,2,0.0347077188886109,26.1875,False,0.009630927816033363
2xr7__A1_Q589Y0--2xr7__A2_Q589Y0,9,3,2,2,0.0027098636776673,24.734375,False,0.1353248506784439
2xr7__A1_Q589Y0--2xr7__A2_Q589Y0,10,3,0,2,0.0027103510089388,24.109375,False,0.006457062438130379
2xr7__A1_Q589Y0--2xr7__A2_Q589Y0,11,4,2,2,0.0031848600455568,23.890625,False,0.021879516541957855
2xr7__A1_Q589Y0--2xr7__A2_Q589Y0,12,4,3,2,0.003433934050082,23.859375,False,0.0288127139210701
2xr7__A1_Q589Y0--2xr7__A2_Q589Y0,13,2,2,2,0.019790923925228,22.78125,False,0.009860614314675331
2xr7__A1_Q589Y0--2xr7__A2_Q589Y0,14,2,1,2,0.0254071905328836,22.734375,False,0.009758242405951023
2xr7__A1_Q589Y0--2xr7__A2_Q589Y0,15,5,3,2,0.0050483698381416,21.609375,False,0.013122426345944405
2xr7__A1_Q589Y0--2xr7__A2_Q589Y0,16,5,0,2,0.0052788274771615,21.4375,False,0.009110924787819386
2xr7__A1_Q589Y0--2xr7__A2_Q589Y0,17,5,2,2,0.0052834859387163,21.171875,False,0.015502482652664185
2xr7__A1_Q589Y0--2xr7__A2_Q589Y0,18,3,1,2,0.0045973208541597,21.09375,False,0.010276969522237778
2xr7__A1_Q589Y0--2xr7__A2_Q589Y0,19,5,1,2,0.0059687265470513,20.9375,False,0.01727730594575405
2xr7__A1_Q589Y0--2xr7__A2_Q589Y0,20,2,0,2,0.0071206128810518,20.5,False,0.009437961503863335
2xuv__B1_P0AET2--2xuv__A1_P0AET2,1,1,0,3,0.0291494860720318,21.96875,False,0.5557969808578491
2xuv__B1_P0AET2--2xuv__A1_P0AET2,2,3,0,3,0.1057673216549296,21.90625,False,0.021468596532940865
2xuv__B1_P0AET2--2xuv__A1_P0AET2,3,3,3,3,0.0655072043339002,19.90625,False,0.020916519686579704
2xuv__B1_P0AET2--2xuv__A1_P0AET2,4,1,1,3,0.041998000844261,19.09375,False,0.7535991668701172
2xuv__B1_P0AET2--2xuv__A1_P0AET2,5,1,3,3,0.0419634791708234,18.890625,False,0.6475815176963806
2xuv__B1_P0AET2--2xuv__A1_P0AET2,6,1,2,3,0.0406994339270914,18.6875,False,0.6089112758636475
2xuv__B1_P0AET2--2xuv__A1_P0AET2,7,5,0,3,0.0493230501812989,18.59375,False,0.07521902769804001
2xuv__B1_P0AET2--2xuv__A1_P0AET2,8,2,0,3,0.0311369240175661,16.625,False,0.5994787216186523
2xuv__B1_P0AET2--2xuv__A1_P0AET2,9,5,1,3,0.0780460055336935,16.0625,False,0.05861550197005272
2xuv__B1_P0AET2--2xuv__A1_P0AET2,10,5,2,3,0.0641248668714032,15.109375,False,0.03926073759794235
2xuv__B1_P0AET2--2xuv__A1_P0AET2,11,3,1,3,0.0790961639118508,14.7421875,False,0.022658806294202805
2xuv__B1_P0AET2--2xuv__A1_P0AET2,12,4,3,3,0.0511641296425966,13.375,False,0.1974077671766281
2xuv__B1_P0AET2--2xuv__A1_P0AET2,13,2,3,3,0.0269593652558154,12.7578125,False,0.11093150079250336
2xuv__B1_P0AET2--2xuv__A1_P0AET2,14,4,1,3,0.0387348762835466,12.5625,False,0.18193918466567993
2xuv__B1_P0AET2--2xuv__A1_P0AET2,15,2,2,3,0.0380922506508005,12.5390625,False,0.2763526141643524
2xuv__B1_P0AET2--2xuv__A1_P0AET2,16,2,1,3,0.0282987875594947,12.4609375,False,0.053671468049287796
2xuv__B1_P0AET2--2xuv__A1_P0AET2,17,4,2,3,0.0419509363288316,12.2890625,False,0.22309018671512604
2xuv__B1_P0AET2--2xuv__A1_P0AET2,18,3,2,3,0.0798385489525406,11.71875,False,0.19693870842456818
2xuv__B1_P0AET2--2xuv__A1_P0AET2,19,4,0,3,0.0625616087885005,11.546875,False,0.26564937829971313
2xuv__B1_P0AET2--2xuv__A1_P0AET2,20,5,3,3,0.0437671547649048,10.140625,False,0.035739704966545105
2y6b__A1_Q43758--2y6b__A2_Q43758,1,1,0,1,0.0051661456330997,94.75,False,0.7754533886909485
2y6b__A1_Q43758--2y6b__A2_Q43758,2,1,2,1,0.0051620710982665,94.5625,False,0.8825370073318481
2y6b__A1_Q43758--2y6b__A2_Q43758,3,3,0,1,0.0051602046880274,94.5625,False,0.7659640908241272
2y6b__A1_Q43758--2y6b__A2_Q43758,4,3,2,1,0.0051601659507582,94.5,False,0.8099415302276611
2y6b__A1_Q43758--2y6b__A2_Q43758,5,3,1,1,0.0051607387238299,94.4375,False,0.8112403154373169
2y6b__A1_Q43758--2y6b__A2_Q43758,6,3,3,1,0.0051602968972309,94.375,False,0.7946135401725769
2y6b__A1_Q43758--2y6b__A2_Q43758,7,1,3,1,0.0051616412130538,94.375,False,0.7910240888595581
2y6b__A1_Q43758--2y6b__A2_Q43758,8,1,1,1,0.0051602319785223,94.375,False,0.7782836556434631
2y6b__A1_Q43758--2y6b__A2_Q43758,9,4,2,1,0.0051685576456257,94.3125,False,0.9041372537612915
2y6b__A1_Q43758--2y6b__A2_Q43758,10,4,0,1,0.0051623500342098,94.3125,False,0.8439693450927734
2y6b__A1_Q43758--2y6b__A2_Q43758,11,2,2,1,0.0051731876526365,94.125,False,0.7949373126029968
2y6b__A1_Q43758--2y6b__A2_Q43758,12,2,0,1,0.0051763272673464,94.125,False,0.781206488609314
2y6b__A1_Q43758--2y6b__A2_Q43758,13,4,1,1,0.0051616930183881,94.125,False,0.9041372537612915
2y6b__A1_Q43758--2y6b__A2_Q43758,14,2,1,1,0.0051716951727878,94.0,False,0.7949373126029968
2y6b__A1_Q43758--2y6b__A2_Q43758,15,2,3,1,0.0051741480665656,93.875,False,0.7949373126029968
2y6b__A1_Q43758--2y6b__A2_Q43758,16,5,2,1,0.0051689906682163,93.875,False,0.8232157230377197
2y6b__A1_Q43758--2y6b__A2_Q43758,17,4,3,1,0.0051541944420775,93.8125,False,0.9109683036804199
2y6b__A1_Q43758--2y6b__A2_Q43758,18,5,0,1,0.0051705450124563,93.75,False,0.7679648995399475
2y6b__A1_Q43758--2y6b__A2_Q43758,19,5,1,1,0.0051632511835978,93.625,False,0.8303321003913879
2y6b__A1_Q43758--2y6b__A2_Q43758,20,5,3,1,0.0051661936280087,93.375,False,0.8889010548591614
2y9y__B1_P43596--2y9y__A1_P38144,1,5,3,1,0.5177558234543114,90.0,True,0.906707227230072
2y9y__B1_P43596--2y9y__A1_P38144,2,1,3,1,0.5900645561981019,90.0,True,0.837176501750946
2y9y__B1_P43596--2y9y__A1_P38144,3,1,2,1,0.5585713709557603,89.875,True,0.8237373232841492
2y9y__B1_P43596--2y9y__A1_P38144,4,5,2,1,0.5187882887121825,89.875,True,0.9153107404708862
2y9y__B1_P43596--2y9y__A1_P38144,5,5,1,1,0.5378710590191617,89.75,True,0.9334112405776978
2y9y__B1_P43596--2y9y__A1_P38144,6,1,1,1,0.5672383774011512,89.625,True,0.8053128123283386
2y9y__B1_P43596--2y9y__A1_P38144,7,2,3,1,0.6000696857856065,89.5,True,0.7906124591827393
2y9y__B1_P43596--2y9y__A1_P38144,8,4,3,1,0.5424922870145134,89.375,True,0.892315685749054
2y9y__B1_P43596--2y9y__A1_P38144,9,1,0,1,0.5717686639013201,89.375,True,0.8295950293540955
2y9y__B1_P43596--2y9y__A1_P38144,10,2,2,1,0.6196919193079337,89.3125,True,0.7826262712478638
2y9y__B1_P43596--2y9y__A1_P38144,11,2,1,1,0.591625871989583,89.3125,True,0.8252554535865784
2y9y__B1_P43596--2y9y__A1_P38144,12,2,0,1,0.6035499329603368,89.25,True,0.7479264140129089
2y9y__B1_P43596--2y9y__A1_P38144,13,3,2,1,0.5602610057663108,89.1875,True,0.8454757928848267
2y9y__B1_P43596--2y9y__A1_P38144,14,4,0,1,0.5456331933241961,89.1875,True,0.8808369040489197
2y9y__B1_P43596--2y9y__A1_P38144,15,4,1,1,0.5418878397125698,89.125,True,0.8694174289703369
2y9y__B1_P43596--2y9y__A1_P38144,16,5,0,1,0.510592351376525,89.0625,True,0.907650351524353
2y9y__B1_P43596--2y9y__A1_P38144,17,3,1,1,0.5600807597577613,89.0,True,0.8474017381668091
2y9y__B1_P43596--2y9y__A1_P38144,18,3,0,1,0.5504924996876226,88.8125,True,0.8659470081329346
2y9y__B1_P43596--2y9y__A1_P38144,19,4,2,1,0.5440517688806422,88.5,True,0.8912739753723145
2y9y__B1_P43596--2y9y__A1_P38144,20,3,3,1,0.5555903995878002,87.9375,True,0.8627022504806519
2yaj__A1_Q38HX4--2yaj__B1_Q38HX3,1,5,0,4,0.9007527105821036,96.3125,True,0.8155907988548279
2yaj__A1_Q38HX4--2yaj__B1_Q38HX3,2,4,0,4,0.9011212420938935,96.25,True,0.8197673559188843
2yaj__A1_Q38HX4--2yaj__B1_Q38HX3,3,4,3,4,0.9019613732669955,96.1875,True,0.8179092407226562
2yaj__A1_Q38HX4--2yaj__B1_Q38HX3,4,4,1,4,0.9003372529381272,96.1875,True,0.8179092407226562
2yaj__A1_Q38HX4--2yaj__B1_Q38HX3,5,5,2,4,0.8839425206782786,96.1875,True,0.8167790770530701
2yaj__A1_Q38HX4--2yaj__B1_Q38HX3,6,4,2,4,0.9030415428701613,96.1875,True,0.8179092407226562
2yaj__A1_Q38HX4--2yaj__B1_Q38HX3,7,5,3,4,0.9026943826706466,96.125,True,0.8195257186889648
2yaj__A1_Q38HX4--2yaj__B1_Q38HX3,8,5,1,4,0.9030422489540916,96.125,True,0.8227149248123169
2yaj__A1_Q38HX4--2yaj__B1_Q38HX3,9,3,0,4,0.8932370302994626,96.0625,True,0.819552481174469
2yaj__A1_Q38HX4--2yaj__B1_Q38HX3,10,1,0,4,0.8944131246836532,96.0625,True,0.8249288201332092
2yaj__A1_Q38HX4--2yaj__B1_Q38HX3,11,1,2,4,0.8917604067168666,96.0,True,0.8256381154060364
2yaj__A1_Q38HX4--2yaj__B1_Q38HX3,12,3,2,4,0.8991913929760393,96.0,True,0.8181847929954529
2yaj__A1_Q38HX4--2yaj__B1_Q38HX3,13,1,3,4,0.8922633317122148,96.0,True,0.8267792463302612
2yaj__A1_Q38HX4--2yaj__B1_Q38HX3,14,1,1,4,0.8956188036493687,96.0,True,0.8250339031219482
2yaj__A1_Q38HX4--2yaj__B1_Q38HX3,15,2,0,4,0.8898807569705465,96.0,True,0.8205798268318176
2yaj__A1_Q38HX4--2yaj__B1_Q38HX3,16,3,1,4,0.895624228468396,95.9375,True,0.8149858713150024
2yaj__A1_Q38HX4--2yaj__B1_Q38HX3,17,2,3,4,0.8860749852666636,95.9375,True,0.819409966468811
2yaj__A1_Q38HX4--2yaj__B1_Q38HX3,18,3,3,4,0.8962051352354043,95.9375,True,0.8174903988838196
2yaj__A1_Q38HX4--2yaj__B1_Q38HX3,19,2,2,4,0.8826516488481725,95.875,True,0.819409966468811
2yaj__A1_Q38HX4--2yaj__B1_Q38HX3,20,2,1,4,0.882562891773179,95.875,True,0.819409966468811
2yin__B1_Q92608--2yin__D1_P63000,1,4,2,2,0.8843936849308087,92.3125,True,0.39789098501205444
2yin__B1_Q92608--2yin__D1_P63000,2,5,3,2,0.8660989015618044,92.0625,True,0.993510901927948
2yin__B1_Q92608--2yin__D1_P63000,3,4,1,2,0.8909055857069657,92.0625,True,0.520399272441864
2yin__B1_Q92608--2yin__D1_P63000,4,4,3,2,0.8807297344036006,92.0625,True,0.3106014132499695
2yin__B1_Q92608--2yin__D1_P63000,5,5,1,2,0.8728273663649113,92.0625,True,0.9945120811462402
2yin__B1_Q92608--2yin__D1_P63000,6,5,2,2,0.8665511027352403,91.5,True,0.9951804876327515
2yin__B1_Q92608--2yin__D1_P63000,7,3,3,2,0.8719136857899367,91.3125,True,0.4008113443851471
2yin__B1_Q92608--2yin__D1_P63000,8,1,3,2,0.8743884514257058,91.1875,True,0.9575322866439819
2yin__B1_Q92608--2yin__D1_P63000,9,1,1,2,0.8686110595948872,91.0,True,0.9670722484588623
2yin__B1_Q92608--2yin__D1_P63000,10,1,0,2,0.8737563493440468,91.0,True,0.9467884302139282
2yin__B1_Q92608--2yin__D1_P63000,11,3,1,2,0.8729900891916613,90.875,True,0.3445204794406891
2yin__B1_Q92608--2yin__D1_P63000,12,3,2,2,0.8689603138253389,90.8125,True,0.2727615535259247
2yin__B1_Q92608--2yin__D1_P63000,13,1,2,2,0.877156445869689,90.6875,True,0.9630905389785767
2yin__B1_Q92608--2yin__D1_P63000,14,4,0,2,0.8792545239355478,90.5625,True,0.20038099586963654
2yin__B1_Q92608--2yin__D1_P63000,15,2,1,2,0.8738175047483234,90.4375,True,0.9602058529853821
2yin__B1_Q92608--2yin__D1_P63000,16,2,2,2,0.870959083133147,90.25,True,0.9777921438217163
2yin__B1_Q92608--2yin__D1_P63000,17,2,3,2,0.8723623535439287,89.75,True,0.9776554107666016
2yin__B1_Q92608--2yin__D1_P63000,18,2,0,2,0.8668809960931888,89.375,True,0.9636710286140442
2yin__B1_Q92608--2yin__D1_P63000,19,5,0,2,0.4333921529315236,60.125,True,0.25761622190475464
2yin__B1_Q92608--2yin__D1_P63000,20,3,0,2,0.4135281253072677,57.65625,True,0.312139630317688
2yip__A1_P81860--2yip__B1_P81860,1,3,2,2,0.2157851557074656,82.9375,False,0.99986732006073
2yip__A1_P81860--2yip__B1_P81860,2,4,3,2,0.2667932870552733,82.625,True,0.9999426603317261
2yip__A1_P81860--2yip__B1_P81860,3,4,1,2,0.2612035834922384,82.375,True,0.9999704360961914
2yip__A1_P81860--2yip__B1_P81860,4,2,2,2,0.2515730478690239,81.625,True,0.9999728202819824
2yip__A1_P81860--2yip__B1_P81860,5,4,2,2,0.2673368164172418,80.0625,True,0.9999854564666748
2yip__A1_P81860--2yip__B1_P81860,6,3,0,2,0.2637914141994442,79.0,True,0.9999873638153076
2yip__A1_P81860--2yip__B1_P81860,7,3,3,2,0.2574400163078297,76.5625,True,0.9999606609344482
2yip__A1_P81860--2yip__B1_P81860,8,4,0,2,0.2603530032152554,73.75,True,0.999962568283081
2yip__A1_P81860--2yip__B1_P81860,9,3,1,2,0.2133042162254792,72.4375,False,0.9999548196792603
2yip__A1_P81860--2yip__B1_P81860,10,2,3,2,0.2806412289515035,71.3125,True,0.9996447563171387
2yip__A1_P81860--2yip__B1_P81860,11,5,0,2,0.2537872034013497,64.5625,True,0.9999918937683105
2yip__A1_P81860--2yip__B1_P81860,12,5,2,2,0.250426659912653,63.59375,True,0.9999920129776001
2yip__A1_P81860--2yip__B1_P81860,13,1,1,2,0.2489548704958127,62.0,True,0.9107179045677185
2yip__A1_P81860--2yip__B1_P81860,14,5,3,2,0.2420746234572804,61.96875,True,0.999993085861206
2yip__A1_P81860--2yip__B1_P81860,15,1,2,2,0.2569105370757768,57.65625,True,0.9999884366989136
2yip__A1_P81860--2yip__B1_P81860,16,5,1,2,0.2489119489992511,44.6875,True,0.9999971389770508
2yip__A1_P81860--2yip__B1_P81860,17,2,0,2,0.0449432841730269,27.671875,False,0.1231183409690857
2yip__A1_P81860--2yip__B1_P81860,18,2,1,2,0.0571174379510362,26.59375,False,0.07559913396835327
2yip__A1_P81860--2yip__B1_P81860,19,1,0,2,0.1938017253398815,26.046875,False,0.9857463836669922
2yip__A1_P81860--2yip__B1_P81860,20,1,3,2,0.1324414140767747,23.09375,False,0.35076576471328735
2ynw__B1_Q704V1--2ynw__A1_Q704V1,1,2,3,4,0.3661155933876656,23.34375,True,0.05528663843870163
2ynw__B1_Q704V1--2ynw__A1_Q704V1,2,5,0,4,0.3306469560709625,22.984375,True,0.005252153147011995
2ynw__B1_Q704V1--2ynw__A1_Q704V1,3,5,3,4,0.2673588008216259,22.296875,True,0.006736477836966515
2ynw__B1_Q704V1--2ynw__A1_Q704V1,4,5,2,4,0.2781526196385332,21.46875,True,0.009721660986542702
2ynw__B1_Q704V1--2ynw__A1_Q704V1,5,2,1,4,0.2695493310099964,21.296875,True,0.10679981112480164
2ynw__B1_Q704V1--2ynw__A1_Q704V1,6,2,0,4,0.164932041907785,21.265625,False,0.24038225412368774
2ynw__B1_Q704V1--2ynw__A1_Q704V1,7,5,1,4,0.0874851023363269,20.65625,False,0.095851369202137
2ynw__B1_Q704V1--2ynw__A1_Q704V1,8,2,2,4,0.2895645845447411,20.5,True,0.009014429524540901
2ynw__B1_Q704V1--2ynw__A1_Q704V1,9,3,2,4,0.067736002592811,20.3125,False,0.036168672144412994
2ynw__B1_Q704V1--2ynw__A1_Q704V1,10,3,3,4,0.0787448866130315,20.125,False,0.007539344485849142
2ynw__B1_Q704V1--2ynw__A1_Q704V1,11,3,0,4,0.0394843102630784,19.796875,False,0.0443275086581707
2ynw__B1_Q704V1--2ynw__A1_Q704V1,12,1,1,4,0.0108438781228671,19.4375,False,0.09051342308521271
2ynw__B1_Q704V1--2ynw__A1_Q704V1,13,3,1,4,0.0485781769897826,19.125,False,0.032975271344184875
2ynw__B1_Q704V1--2ynw__A1_Q704V1,14,1,3,4,0.0136352589975734,19.09375,False,0.09858076274394989
2ynw__B1_Q704V1--2ynw__A1_Q704V1,15,4,3,4,0.0096740649867782,18.84375,False,0.044844064861536026
2ynw__B1_Q704V1--2ynw__A1_Q704V1,16,1,0,4,0.0158525764863175,18.765625,False,0.13266052305698395
2ynw__B1_Q704V1--2ynw__A1_Q704V1,17,4,0,4,0.0271983018416611,18.625,False,0.06119886785745621
2ynw__B1_Q704V1--2ynw__A1_Q704V1,18,1,2,4,0.1313488665552086,18.328125,False,0.020349372178316116
2ynw__B1_Q704V1--2ynw__A1_Q704V1,19,4,2,4,0.0117024179120198,17.96875,False,0.046216171234846115
2ynw__B1_Q704V1--2ynw__A1_Q704V1,20,4,1,4,0.137709377767827,17.03125,False,0.04454337805509567
2yor__A1_B9W4V6--2yor__B1_B9W4V6,1,5,1,1,0.0067649648430569,47.1875,False,0.11146791279315948
2yor__A1_B9W4V6--2yor__B1_B9W4V6,2,5,2,1,0.0067120391824011,44.0625,False,0.08879704773426056
2yor__A1_B9W4V6--2yor__B1_B9W4V6,3,4,2,1,0.006676214237928,43.125,False,0.13084129989147186
2yor__A1_B9W4V6--2yor__B1_B9W4V6,4,5,0,1,0.005880570090396,25.453125,False,0.046604182571172714
2yor__A1_B9W4V6--2yor__B1_B9W4V6,5,5,3,1,0.0065998377242153,23.4375,False,0.07943248003721237
2yor__A1_B9W4V6--2yor__B1_B9W4V6,6,2,0,1,0.052741987844567,22.234375,False,0.1161121129989624
2yor__A1_B9W4V6--2yor__B1_B9W4V6,7,2,1,1,0.078331973940238,21.9375,False,0.12944014370441437
2yor__A1_B9W4V6--2yor__B1_B9W4V6,8,3,0,1,0.0224345146585838,21.796875,False,0.04417680576443672
2yor__A1_B9W4V6--2yor__B1_B9W4V6,9,2,2,1,0.0678172534764409,21.703125,False,0.140494704246521
2yor__A1_B9W4V6--2yor__B1_B9W4V6,10,2,3,1,0.0944093026652194,21.453125,False,0.1291038542985916
2yor__A1_B9W4V6--2yor__B1_B9W4V6,11,3,2,1,0.0063348918169708,20.890625,False,0.19602225720882416
2yor__A1_B9W4V6--2yor__B1_B9W4V6,12,4,1,1,0.0057268182455207,20.1875,False,0.08377983421087265
2yor__A1_B9W4V6--2yor__B1_B9W4V6,13,4,0,1,0.0056094050227107,19.90625,False,0.15922363102436066
2yor__A1_B9W4V6--2yor__B1_B9W4V6,14,3,1,1,0.0356410439836605,19.84375,False,0.03544081747531891
2yor__A1_B9W4V6--2yor__B1_B9W4V6,15,4,3,1,0.005679609931428,19.546875,False,0.19237184524536133
2yor__A1_B9W4V6--2yor__B1_B9W4V6,16,3,3,1,0.0368175598747675,19.328125,False,0.18822985887527466
2yor__A1_B9W4V6--2yor__B1_B9W4V6,17,1,2,1,0.0059896220949162,19.3125,False,0.05955491587519646
2yor__A1_B9W4V6--2yor__B1_B9W4V6,18,1,0,1,0.142913986603958,19.25,False,0.04677584022283554
2yor__A1_B9W4V6--2yor__B1_B9W4V6,19,1,3,1,0.0065747567705413,19.1875,False,0.3227117657661438
2yor__A1_B9W4V6--2yor__B1_B9W4V6,20,1,1,1,0.0071232201746224,18.78125,False,0.17691029608249664
2ypr__A1_Q99581--2ypr__B1_Q99581,1,1,0,1,0.8958408418298874,88.0625,True,0.2588825225830078
2ypr__A1_Q99581--2ypr__B1_Q99581,2,1,2,1,0.8942067051296725,86.9375,True,0.5055050849914551
2ypr__A1_Q99581--2ypr__B1_Q99581,3,1,3,1,0.8976493490406895,85.0625,True,0.450455904006958
2ypr__A1_Q99581--2ypr__B1_Q99581,4,1,1,1,0.8895629477493507,75.0625,True,0.5208848118782043
2ypr__A1_Q99581--2ypr__B1_Q99581,5,2,3,1,0.7466032763002984,50.25,True,0.05052577704191208
2ypr__A1_Q99581--2ypr__B1_Q99581,6,3,1,1,0.0968166861539407,48.0625,False,0.4948081970214844
2ypr__A1_Q99581--2ypr__B1_Q99581,7,3,3,1,0.0944951777185203,46.53125,False,0.2339429408311844
2ypr__A1_Q99581--2ypr__B1_Q99581,8,3,2,1,0.09672873145441,45.90625,False,0.3544911742210388
2ypr__A1_Q99581--2ypr__B1_Q99581,9,3,0,1,0.0975480031118539,45.40625,False,0.5616700649261475
2ypr__A1_Q99581--2ypr__B1_Q99581,10,2,2,1,0.0978596494055726,38.875,False,0.024655772373080254
2ypr__A1_Q99581--2ypr__B1_Q99581,11,4,0,1,0.121655877202857,38.8125,False,0.30955109000205994
2ypr__A1_Q99581--2ypr__B1_Q99581,12,5,1,1,0.2230136277272757,38.65625,False,0.03958373889327049
2ypr__A1_Q99581--2ypr__B1_Q99581,13,4,1,1,0.1958157050295578,37.3125,False,0.0012741429964080453
2ypr__A1_Q99581--2ypr__B1_Q99581,14,4,2,1,0.104033360984968,37.3125,False,0.06694977730512619
2ypr__A1_Q99581--2ypr__B1_Q99581,15,5,3,1,0.2254008468221359,35.65625,False,0.021409684792160988
2ypr__A1_Q99581--2ypr__B1_Q99581,16,2,1,1,0.3551191467644876,34.21875,True,0.4083866775035858
2ypr__A1_Q99581--2ypr__B1_Q99581,17,5,2,1,0.195509519384856,32.65625,False,0.05150196701288223
2ypr__A1_Q99581--2ypr__B1_Q99581,18,2,0,1,0.199937495412558,32.21875,False,0.05100526660680771
2ypr__A1_Q99581--2ypr__B1_Q99581,19,4,3,1,0.2160294960550719,30.9375,False,0.036588121205568314
2ypr__A1_Q99581--2ypr__B1_Q99581,20,5,0,1,0.202485382720351,29.890625,False,0.005803280510008335
2yq2__A1_Q01499--2yq2__B1_Q01499,1,3,0,4,0.3613568303261165,60.46875,True,0.7066338062286377
2yq2__A1_Q01499--2yq2__B1_Q01499,2,4,0,4,0.3285520265547484,55.03125,True,0.2863847315311432
2yq2__A1_Q01499--2yq2__B1_Q01499,3,4,2,4,0.3254124733529758,52.53125,True,0.03406636044383049
2yq2__A1_Q01499--2yq2__B1_Q01499,4,4,1,4,0.1327166917431079,49.71875,False,0.21109291911125183
2yq2__A1_Q01499--2yq2__B1_Q01499,5,3,3,4,0.0813108746061126,44.78125,False,0.9912374019622803
2yq2__A1_Q01499--2yq2__B1_Q01499,6,1,1,4,0.0683786222343637,43.375,False,0.8749117255210876
2yq2__A1_Q01499--2yq2__B1_Q01499,7,1,0,4,0.0744837931255165,43.25,False,0.3886711001396179
2yq2__A1_Q01499--2yq2__B1_Q01499,8,1,2,4,0.0760510201351989,42.40625,False,0.9920381307601929
2yq2__A1_Q01499--2yq2__B1_Q01499,9,1,3,4,0.0665651466738827,40.78125,False,0.9104916453361511
2yq2__A1_Q01499--2yq2__B1_Q01499,10,5,2,4,0.0693989453981096,39.53125,False,0.9998388290405273
2yq2__A1_Q01499--2yq2__B1_Q01499,11,5,0,4,0.0734203632632558,39.0,False,0.975581169128418
2yq2__A1_Q01499--2yq2__B1_Q01499,12,2,3,4,0.0783678210726883,38.21875,False,0.18716616928577423
2yq2__A1_Q01499--2yq2__B1_Q01499,13,2,1,4,0.0707372529158887,38.125,False,0.8339006900787354
2yq2__A1_Q01499--2yq2__B1_Q01499,14,4,3,4,0.082550352981175,37.375,False,0.9996045231819153
2yq2__A1_Q01499--2yq2__B1_Q01499,15,5,3,4,0.0841388045410986,36.8125,False,0.37158897519111633
2yq2__A1_Q01499--2yq2__B1_Q01499,16,2,0,4,0.079821672929332,31.46875,False,0.7023730874061584
2yq2__A1_Q01499--2yq2__B1_Q01499,17,5,1,4,0.0741556630120344,30.921875,False,0.5333369374275208
2yq2__A1_Q01499--2yq2__B1_Q01499,18,3,2,4,0.0559881806753884,28.53125,False,0.632034182548523
2yq2__A1_Q01499--2yq2__B1_Q01499,19,3,1,4,0.0582063211596084,27.59375,False,0.6166866421699524
2yq2__A1_Q01499--2yq2__B1_Q01499,20,2,2,4,0.0500182840969871,23.109375,False,0.158356711268425
2yx8__A1_O60894--2yx8__A2_O60894,1,2,2,2,0.0410312793502997,40.1875,False,0.09753506630659103
2yx8__A1_O60894--2yx8__A2_O60894,2,5,0,2,0.0353394770785887,39.21875,False,0.054810892790555954
2yx8__A1_O60894--2yx8__A2_O60894,3,4,1,2,0.0340528692219577,31.9375,False,0.02227320708334446
2yx8__A1_O60894--2yx8__A2_O60894,4,2,1,2,0.341038775369597,27.953125,True,0.011878189630806446
2yx8__A1_O60894--2yx8__A2_O60894,5,1,1,2,0.0320369211136339,25.765625,False,0.0019221882103011012
2yx8__A1_O60894--2yx8__A2_O60894,6,3,0,2,0.0272219357661513,19.0625,False,0.5956165790557861
2yx8__A1_O60894--2yx8__A2_O60894,7,2,3,2,0.3076765110941432,17.171875,True,0.0460035502910614
2yx8__A1_O60894--2yx8__A2_O60894,8,2,0,2,0.275173172592715,16.859375,True,0.012364111840724945
2yx8__A1_O60894--2yx8__A2_O60894,9,1,0,2,0.0146457416856868,13.6328125,False,0.1848619133234024
2yx8__A1_O60894--2yx8__A2_O60894,10,5,3,2,0.0142780338371221,12.8671875,False,0.02363613434135914
2yx8__A1_O60894--2yx8__A2_O60894,11,1,2,2,0.0146120740969532,12.859375,False,0.04346780851483345
2yx8__A1_O60894--2yx8__A2_O60894,12,5,1,2,0.0168168597632619,12.828125,False,0.026329509913921356
2yx8__A1_O60894--2yx8__A2_O60894,13,4,3,2,0.0198362959643004,12.7109375,False,0.011744732968509197
2yx8__A1_O60894--2yx8__A2_O60894,14,5,2,2,0.0184799943514035,12.671875,False,0.04199053347110748
2yx8__A1_O60894--2yx8__A2_O60894,15,4,0,2,0.0176791641425168,12.6328125,False,0.10633094608783722
2yx8__A1_O60894--2yx8__A2_O60894,16,4,2,2,0.0178016392413329,12.5390625,False,0.018336670473217964
2yx8__A1_O60894--2yx8__A2_O60894,17,1,3,2,0.0152971015011847,12.4921875,False,0.08392681926488876
2yx8__A1_O60894--2yx8__A2_O60894,18,3,3,2,0.0165117435814795,12.4375,False,0.023994017392396927
2yx8__A1_O60894--2yx8__A2_O60894,19,3,1,2,0.0363894420442905,12.2421875,False,0.023021701723337173
2yx8__A1_O60894--2yx8__A2_O60894,20,3,2,2,0.0192410564911104,12.03125,False,0.01151150744408369
2z1b__A1_P10518--2z1b__A2_P10518,1,5,2,0,0.0199707040119806,89.5,False,0.9359713792800903
2z1b__A1_P10518--2z1b__A2_P10518,2,5,1,0,0.0200127572814051,89.375,False,0.9482421278953552
2z1b__A1_P10518--2z1b__A2_P10518,3,5,3,0,0.0200218552773726,87.6875,False,0.9602682590484619
2z1b__A1_P10518--2z1b__A2_P10518,4,5,0,0,0.0199932909535497,87.3125,False,0.9517271518707275
2z1b__A1_P10518--2z1b__A2_P10518,5,4,3,0,0.0230982920856562,85.4375,False,0.9611031413078308
2z1b__A1_P10518--2z1b__A2_P10518,6,4,2,0,0.020046461471953,85.0,False,0.9520758390426636
2z1b__A1_P10518--2z1b__A2_P10518,7,4,0,0,0.0201386615337267,85.0,False,0.9355210661888123
2z1b__A1_P10518--2z1b__A2_P10518,8,4,1,0,0.0200232620616969,84.375,False,0.94318687915802
2z1b__A1_P10518--2z1b__A2_P10518,9,3,2,0,0.0140004602519262,82.1875,False,0.9693112969398499
2z1b__A1_P10518--2z1b__A2_P10518,10,3,0,0,0.0200740829065524,82.0625,False,0.9716402888298035
2z1b__A1_P10518--2z1b__A2_P10518,11,2,3,0,0.0261082235101654,80.875,False,0.9403944611549377
2z1b__A1_P10518--2z1b__A2_P10518,12,2,1,0,0.0200755525717379,80.8125,False,0.9356430768966675
2z1b__A1_P10518--2z1b__A2_P10518,13,3,1,0,0.0140353015521467,80.625,False,0.9689974188804626
2z1b__A1_P10518--2z1b__A2_P10518,14,1,0,0,0.0129286542706266,79.5,False,0.9494859576225281
2z1b__A1_P10518--2z1b__A2_P10518,15,3,3,0,0.0139630144687156,79.3125,False,0.9719599485397339
2z1b__A1_P10518--2z1b__A2_P10518,16,2,0,0,0.0201841739637848,78.1875,False,0.9515027403831482
2z1b__A1_P10518--2z1b__A2_P10518,17,2,2,0,0.0200586205627789,77.75,False,0.9210410714149475
2z1b__A1_P10518--2z1b__A2_P10518,18,1,1,0,0.0141924852734568,77.0,False,0.9740473628044128
2z1b__A1_P10518--2z1b__A2_P10518,19,1,3,0,0.0201054189242063,75.25,False,0.9725684523582458
2z1b__A1_P10518--2z1b__A2_P10518,20,1,2,0,0.0261322592435964,75.0625,False,0.9664534330368042
2zae__A1_O59425--2zae__B1_O59248,1,2,0,2,0.7973690882559433,86.75,True,0.9600706696510315
2zae__A1_O59425--2zae__B1_O59248,2,2,1,2,0.779371068224914,86.0625,True,0.9531498551368713
2zae__A1_O59425--2zae__B1_O59248,3,1,1,2,0.7683982515016062,83.5625,True,0.9339784979820251
2zae__A1_O59425--2zae__B1_O59248,4,3,2,2,0.8050122985447592,81.1875,True,0.9984598159790039
2zae__A1_O59425--2zae__B1_O59248,5,3,1,2,0.8152789462893592,81.125,True,0.9979179501533508
2zae__A1_O59425--2zae__B1_O59248,6,2,2,2,0.4583542062758628,78.6875,True,0.9078460335731506
2zae__A1_O59425--2zae__B1_O59248,7,3,0,2,0.7833964495873934,77.9375,True,0.9989953637123108
2zae__A1_O59425--2zae__B1_O59248,8,4,1,2,0.4726772707380117,77.9375,True,0.9306889772415161
2zae__A1_O59425--2zae__B1_O59248,9,5,0,2,0.4564583767929684,77.625,True,0.8681928515434265
2zae__A1_O59425--2zae__B1_O59248,10,1,3,2,0.4587679727811708,77.5625,True,0.9850255846977234
2zae__A1_O59425--2zae__B1_O59248,11,4,0,2,0.4928571651534996,77.375,True,0.9586445093154907
2zae__A1_O59425--2zae__B1_O59248,12,2,3,2,0.470273560554843,77.3125,True,0.9151995182037354
2zae__A1_O59425--2zae__B1_O59248,13,5,1,2,0.436748338565208,77.1875,True,0.8627913594245911
2zae__A1_O59425--2zae__B1_O59248,14,4,3,2,0.4837282444311342,76.875,True,0.9079138040542603
2zae__A1_O59425--2zae__B1_O59248,15,1,2,2,0.4408782489592933,76.25,True,0.9784072041511536
2zae__A1_O59425--2zae__B1_O59248,16,5,3,2,0.4715297227681828,75.75,True,0.8749405741691589
2zae__A1_O59425--2zae__B1_O59248,17,4,2,2,0.5065640046400842,74.0,True,0.9808958768844604
2zae__A1_O59425--2zae__B1_O59248,18,5,2,2,0.4566715725850781,73.75,True,0.9053999185562134
2zae__A1_O59425--2zae__B1_O59248,19,3,3,2,0.6563993974412484,72.5,True,0.979304313659668
2zae__A1_O59425--2zae__B1_O59248,20,1,0,2,0.4597617754395913,69.25,True,0.9905315637588501
2zcm__B1_Q5HKQ1--2zcm__A1_Q5HKQ1,1,1,1,4,0.5181718853140552,74.3125,True,0.03254450857639313
2zcm__B1_Q5HKQ1--2zcm__A1_Q5HKQ1,2,1,2,4,0.613272874298958,69.6875,True,0.028894124552607536
2zcm__B1_Q5HKQ1--2zcm__A1_Q5HKQ1,3,1,0,4,0.6381657624008806,69.25,True,0.038852181285619736
2zcm__B1_Q5HKQ1--2zcm__A1_Q5HKQ1,4,2,2,4,0.0941603051026904,64.5,False,0.19594234228134155
2zcm__B1_Q5HKQ1--2zcm__A1_Q5HKQ1,5,5,0,4,0.3891301247051448,63.3125,True,0.8220772743225098
2zcm__B1_Q5HKQ1--2zcm__A1_Q5HKQ1,6,2,3,4,0.5608689483683674,59.875,True,0.22708547115325928
2zcm__B1_Q5HKQ1--2zcm__A1_Q5HKQ1,7,3,3,4,0.33471087124189,59.65625,True,0.4877992868423462
2zcm__B1_Q5HKQ1--2zcm__A1_Q5HKQ1,8,3,0,4,0.0295271646007393,56.875,False,0.03238173946738243
2zcm__B1_Q5HKQ1--2zcm__A1_Q5HKQ1,9,4,1,4,0.3995818843133671,55.96875,True,0.6447809338569641
2zcm__B1_Q5HKQ1--2zcm__A1_Q5HKQ1,10,4,0,4,0.3645306552542295,53.84375,True,0.9778156280517578
2zcm__B1_Q5HKQ1--2zcm__A1_Q5HKQ1,11,5,1,4,0.0616312706315426,53.40625,False,0.04448464885354042
2zcm__B1_Q5HKQ1--2zcm__A1_Q5HKQ1,12,1,3,4,0.3915154874192075,52.21875,True,0.8839560151100159
2zcm__B1_Q5HKQ1--2zcm__A1_Q5HKQ1,13,3,2,4,0.0416055885529054,51.59375,False,0.12005533277988434
2zcm__B1_Q5HKQ1--2zcm__A1_Q5HKQ1,14,4,3,4,0.0748515625520423,48.3125,False,0.05539165437221527
2zcm__B1_Q5HKQ1--2zcm__A1_Q5HKQ1,15,2,0,4,0.0354230927996947,40.875,False,0.21181458234786987
2zcm__B1_Q5HKQ1--2zcm__A1_Q5HKQ1,16,4,2,4,0.353249749506068,40.0,True,0.994415283203125
2zcm__B1_Q5HKQ1--2zcm__A1_Q5HKQ1,17,2,1,4,0.0456224140870658,37.875,False,0.16850976645946503
2zcm__B1_Q5HKQ1--2zcm__A1_Q5HKQ1,18,3,1,4,0.0426589390489769,34.09375,False,0.03643154725432396
2zcm__B1_Q5HKQ1--2zcm__A1_Q5HKQ1,19,5,2,4,0.0541706771453479,28.171875,False,0.06500710546970367
2zcm__B1_Q5HKQ1--2zcm__A1_Q5HKQ1,20,5,3,4,0.0502295154897005,27.875,False,0.04237452521920204
2zix__A1_Q96NY9--2zix__B1_Q96AY2,1,1,0,2,0.4372363313077486,82.9375,True,0.8284602165222168
2zix__A1_Q96NY9--2zix__B1_Q96AY2,2,1,1,2,0.4306379719685337,81.625,True,0.8395313620567322
2zix__A1_Q96NY9--2zix__B1_Q96AY2,3,1,2,2,0.4365818717442336,81.3125,True,0.837364673614502
2zix__A1_Q96NY9--2zix__B1_Q96AY2,4,5,3,2,0.4371625113344793,81.3125,True,0.8654561042785645
2zix__A1_Q96NY9--2zix__B1_Q96AY2,5,5,2,2,0.4368915493218061,80.0,True,0.8578422665596008
2zix__A1_Q96NY9--2zix__B1_Q96AY2,6,5,0,2,0.4265725304068408,79.9375,True,0.8435662984848022
2zix__A1_Q96NY9--2zix__B1_Q96AY2,7,1,3,2,0.4360962233352906,79.8125,True,0.8355859518051147
2zix__A1_Q96NY9--2zix__B1_Q96AY2,8,5,1,2,0.4277678209337167,79.6875,True,0.8630858659744263
2zix__A1_Q96NY9--2zix__B1_Q96AY2,9,3,2,2,0.4708145188628928,78.25,True,0.9144856333732605
2zix__A1_Q96NY9--2zix__B1_Q96AY2,10,3,1,2,0.4705771455407491,77.9375,True,0.9078544974327087
2zix__A1_Q96NY9--2zix__B1_Q96AY2,11,4,0,2,0.4334447797887976,77.0625,True,0.8778999447822571
2zix__A1_Q96NY9--2zix__B1_Q96AY2,12,3,3,2,0.4674036143713594,76.625,True,0.9071946144104004
2zix__A1_Q96NY9--2zix__B1_Q96AY2,13,2,0,2,0.4057945261872149,75.9375,True,0.8545022010803223
2zix__A1_Q96NY9--2zix__B1_Q96AY2,14,2,2,2,0.4274032792436746,75.5,True,0.8930933475494385
2zix__A1_Q96NY9--2zix__B1_Q96AY2,15,4,1,2,0.4324704394763914,75.5,True,0.9040189385414124
2zix__A1_Q96NY9--2zix__B1_Q96AY2,16,2,1,2,0.435506776290058,75.4375,True,0.8949458003044128
2zix__A1_Q96NY9--2zix__B1_Q96AY2,17,4,2,2,0.4465507581560829,74.0625,True,0.917362630367279
2zix__A1_Q96NY9--2zix__B1_Q96AY2,18,2,3,2,0.4399391872135513,74.0625,True,0.9155580997467041
2zix__A1_Q96NY9--2zix__B1_Q96AY2,19,3,0,2,0.3948334610592562,73.875,True,0.8573899269104004
2zix__A1_Q96NY9--2zix__B1_Q96AY2,20,4,3,2,0.4461011515497525,73.4375,True,0.9011635780334473
2zjs__A1_Q5SHQ8--2zjs__B1_P38383,1,4,1,2,0.7105339961219618,87.8125,True,0.8620169758796692
2zjs__A1_Q5SHQ8--2zjs__B1_P38383,2,4,0,2,0.7087044410601141,87.625,True,0.8520745038986206
2zjs__A1_Q5SHQ8--2zjs__B1_P38383,3,4,2,2,0.7090215383586375,87.5,True,0.8582095503807068
2zjs__A1_Q5SHQ8--2zjs__B1_P38383,4,4,3,2,0.7088629791771609,87.4375,True,0.8595868349075317
2zjs__A1_Q5SHQ8--2zjs__B1_P38383,5,3,0,2,0.6999907876641952,86.125,True,0.832033634185791
2zjs__A1_Q5SHQ8--2zjs__B1_P38383,6,3,1,2,0.6993524962337793,86.0625,True,0.8474542498588562
2zjs__A1_Q5SHQ8--2zjs__B1_P38383,7,5,1,2,0.7028117315157019,85.875,True,0.8281116485595703
2zjs__A1_Q5SHQ8--2zjs__B1_P38383,8,5,3,2,0.694052032409412,85.6875,True,0.8303467035293579
2zjs__A1_Q5SHQ8--2zjs__B1_P38383,9,3,2,2,0.6979711913208148,85.6875,True,0.8503314256668091
2zjs__A1_Q5SHQ8--2zjs__B1_P38383,10,3,3,2,0.6984157042357017,85.6875,True,0.8616116642951965
2zjs__A1_Q5SHQ8--2zjs__B1_P38383,11,5,0,2,0.6970675285641231,85.625,True,0.832127571105957
2zjs__A1_Q5SHQ8--2zjs__B1_P38383,12,2,3,2,0.7042172961362484,85.625,True,0.813165009021759
2zjs__A1_Q5SHQ8--2zjs__B1_P38383,13,1,1,2,0.6960356460097316,85.5625,True,0.8494294285774231
2zjs__A1_Q5SHQ8--2zjs__B1_P38383,14,2,2,2,0.7010668459516038,85.375,True,0.8152534365653992
2zjs__A1_Q5SHQ8--2zjs__B1_P38383,15,2,0,2,0.7062747691347173,85.375,True,0.8184189200401306
2zjs__A1_Q5SHQ8--2zjs__B1_P38383,16,1,2,2,0.6964388525460844,85.3125,True,0.8435653448104858
2zjs__A1_Q5SHQ8--2zjs__B1_P38383,17,5,2,2,0.7019150095380221,85.3125,True,0.8355129957199097
2zjs__A1_Q5SHQ8--2zjs__B1_P38383,18,2,1,2,0.7015620427107468,84.9375,True,0.8292742967605591
2zjs__A1_Q5SHQ8--2zjs__B1_P38383,19,1,3,2,0.6996579690226395,84.875,True,0.8594666123390198
2zjs__A1_Q5SHQ8--2zjs__B1_P38383,20,1,0,2,0.699204635197814,84.875,True,0.8350296020507812
3a7m__B1_P0A1N2--3a7m__A1_P0A1N2,1,4,2,2,0.0351376732208971,74.5625,False,0.5821577906608582
3a7m__B1_P0A1N2--3a7m__A1_P0A1N2,2,4,1,2,0.0351329581489597,74.0625,False,0.4739423990249634
3a7m__B1_P0A1N2--3a7m__A1_P0A1N2,3,4,0,2,0.0351674998771909,73.875,False,0.4477216601371765
3a7m__B1_P0A1N2--3a7m__A1_P0A1N2,4,4,3,2,0.0351358260743431,73.1875,False,0.47394251823425293
3a7m__B1_P0A1N2--3a7m__A1_P0A1N2,5,1,2,2,0.3400801515488538,69.875,True,0.3872776925563812
3a7m__B1_P0A1N2--3a7m__A1_P0A1N2,6,2,2,2,0.3613722062879346,69.5,True,0.0809292420744896
3a7m__B1_P0A1N2--3a7m__A1_P0A1N2,7,1,1,2,0.3458785694199706,69.0625,True,0.464933842420578
3a7m__B1_P0A1N2--3a7m__A1_P0A1N2,8,1,3,2,0.3476084435189924,64.4375,True,0.5927125811576843
3a7m__B1_P0A1N2--3a7m__A1_P0A1N2,9,5,0,2,0.0352648264060499,64.25,False,0.40465444326400757
3a7m__B1_P0A1N2--3a7m__A1_P0A1N2,10,2,1,2,0.3426789824227451,63.21875,True,0.08373672515153885
3a7m__B1_P0A1N2--3a7m__A1_P0A1N2,11,1,0,2,0.3369565784253363,62.90625,True,0.3968578279018402
3a7m__B1_P0A1N2--3a7m__A1_P0A1N2,12,5,3,2,0.0233263160194599,59.53125,False,0.001924335490912199
3a7m__B1_P0A1N2--3a7m__A1_P0A1N2,13,5,2,2,0.0233626603931273,56.0,False,0.0017159193521365523
3a7m__B1_P0A1N2--3a7m__A1_P0A1N2,14,5,1,2,0.0235624540805294,50.25,False,0.0015213238075375557
3a7m__B1_P0A1N2--3a7m__A1_P0A1N2,15,3,3,2,0.0317900749439664,47.15625,False,0.27167224884033203
3a7m__B1_P0A1N2--3a7m__A1_P0A1N2,16,2,3,2,0.33077520801005,43.125,True,0.08021119236946106
3a7m__B1_P0A1N2--3a7m__A1_P0A1N2,17,3,2,2,0.0179386017592851,41.53125,False,0.820704996585846
3a7m__B1_P0A1N2--3a7m__A1_P0A1N2,18,3,1,2,0.0195703876227286,34.34375,False,0.0337275005877018
3a7m__B1_P0A1N2--3a7m__A1_P0A1N2,19,2,0,2,0.0221009754402126,33.8125,False,8.330310083692893e-05
3a7m__B1_P0A1N2--3a7m__A1_P0A1N2,20,3,0,2,0.019025412260751,29.875,False,0.6107919216156006
3a98__B1_Q92556--3a98__A1_Q92608,1,4,0,4,0.6250539174745133,80.6875,True,0.7995935082435608
3a98__B1_Q92556--3a98__A1_Q92608,2,4,1,4,0.7110069364039727,80.5625,True,0.8183201551437378
3a98__B1_Q92556--3a98__A1_Q92608,3,5,2,4,0.6878603218552088,79.0625,True,0.9002431631088257
3a98__B1_Q92556--3a98__A1_Q92608,4,5,1,4,0.691920907831605,78.75,True,0.8883565664291382
3a98__B1_Q92556--3a98__A1_Q92608,5,4,3,4,0.7302172027650787,78.625,True,0.8120465278625488
3a98__B1_Q92556--3a98__A1_Q92608,6,1,2,4,0.7105607166785841,77.375,True,0.8332607746124268
3a98__B1_Q92556--3a98__A1_Q92608,7,2,2,4,0.6958311947131546,77.0625,True,0.8051522374153137
3a98__B1_Q92556--3a98__A1_Q92608,8,5,3,4,0.701441860617399,77.0625,True,0.8884167075157166
3a98__B1_Q92556--3a98__A1_Q92608,9,5,0,4,0.6884966243284728,76.75,True,0.9395920038223267
3a98__B1_Q92556--3a98__A1_Q92608,10,2,3,4,0.7034220539489765,76.5,True,0.8079918026924133
3a98__B1_Q92556--3a98__A1_Q92608,11,2,0,4,0.7134232396513985,75.9375,True,0.8249258399009705
3a98__B1_Q92556--3a98__A1_Q92608,12,4,2,4,0.6527784371692016,75.8125,True,0.812458872795105
3a98__B1_Q92556--3a98__A1_Q92608,13,1,1,4,0.6872856960207209,75.125,True,0.8353198766708374
3a98__B1_Q92556--3a98__A1_Q92608,14,2,1,4,0.6937608219890851,74.8125,True,0.805428683757782
3a98__B1_Q92556--3a98__A1_Q92608,15,1,0,4,0.6765204633088793,73.1875,True,0.8302541375160217
3a98__B1_Q92556--3a98__A1_Q92608,16,1,3,4,0.7244234664664232,72.0,True,0.8346641063690186
3a98__B1_Q92556--3a98__A1_Q92608,17,3,0,4,0.6574130998332399,63.25,True,0.8256716132164001
3a98__B1_Q92556--3a98__A1_Q92608,18,3,2,4,0.6894295020799944,62.8125,True,0.8251028060913086
3a98__B1_Q92556--3a98__A1_Q92608,19,3,1,4,0.6814367219092358,59.25,True,0.8286161422729492
3a98__B1_Q92556--3a98__A1_Q92608,20,3,3,4,0.6678616287905457,57.3125,True,0.8227905631065369
3aon__A1_P43435--3aon__B1_P43455,1,4,0,0,0.6391050819746291,84.375,True,0.8937178254127502
3aon__A1_P43435--3aon__B1_P43455,2,4,1,0,0.6230126895168374,84.125,True,0.9517974853515625
3aon__A1_P43435--3aon__B1_P43455,3,4,2,0,0.5878386934113596,82.9375,True,0.9444985389709473
3aon__A1_P43435--3aon__B1_P43455,4,4,3,0,0.6325962671067252,82.375,True,0.9383277893066406
3aon__A1_P43435--3aon__B1_P43455,5,5,3,0,0.6246461893699485,80.6875,True,0.9272865653038025
3aon__A1_P43435--3aon__B1_P43455,6,3,1,0,0.618625663013577,80.3125,True,0.9207343459129333
3aon__A1_P43435--3aon__B1_P43455,7,3,0,0,0.6181536089392591,79.75,True,0.8493310213088989
3aon__A1_P43435--3aon__B1_P43455,8,5,2,0,0.639828368651456,79.75,True,0.8383562564849854
3aon__A1_P43435--3aon__B1_P43455,9,3,2,0,0.6235460698396362,79.6875,True,0.9561554193496704
3aon__A1_P43435--3aon__B1_P43455,10,2,2,0,0.6170034668391498,79.25,True,0.8489442467689514
3aon__A1_P43435--3aon__B1_P43455,11,3,3,0,0.6060312104912433,78.6875,True,0.9621351361274719
3aon__A1_P43435--3aon__B1_P43455,12,1,3,0,0.5043878338053708,78.625,True,0.8234344124794006
3aon__A1_P43435--3aon__B1_P43455,13,5,0,0,0.4400347605306975,78.375,True,0.8118930459022522
3aon__A1_P43435--3aon__B1_P43455,14,2,1,0,0.6151081080646189,77.625,True,0.8528231978416443
3aon__A1_P43435--3aon__B1_P43455,15,5,1,0,0.5777021195703633,77.5,True,0.9485349655151367
3aon__A1_P43435--3aon__B1_P43455,16,2,3,0,0.6130037998831952,77.125,True,0.8528931140899658
3aon__A1_P43435--3aon__B1_P43455,17,1,0,0,0.5345849581818931,76.125,True,0.862326443195343
3aon__A1_P43435--3aon__B1_P43455,18,1,2,0,0.5294449196360461,75.1875,True,0.7799326181411743
3aon__A1_P43435--3aon__B1_P43455,19,2,0,0,0.5946411275502795,74.5,True,0.8875154852867126
3aon__A1_P43435--3aon__B1_P43455,20,1,1,0,0.5300227896870778,74.0,True,0.8720034956932068
3axj__B1_Q9VF77--3axj__A1_Q7JVK6,1,1,2,1,0.7396338531998136,85.8125,True,0.8459243774414062
3axj__B1_Q9VF77--3axj__A1_Q7JVK6,2,1,1,1,0.743436316085858,85.75,True,0.7986669540405273
3axj__B1_Q9VF77--3axj__A1_Q7JVK6,3,1,0,1,0.7526153883864817,85.625,True,0.8751053214073181
3axj__B1_Q9VF77--3axj__A1_Q7JVK6,4,1,3,1,0.7348872738380209,85.4375,True,0.8120158910751343
3axj__B1_Q9VF77--3axj__A1_Q7JVK6,5,2,0,1,0.7260316946971748,84.0,True,0.8484400510787964
3axj__B1_Q9VF77--3axj__A1_Q7JVK6,6,2,1,1,0.7395004041495258,83.9375,True,0.8711525201797485
3axj__B1_Q9VF77--3axj__A1_Q7JVK6,7,2,2,1,0.6806530731320852,83.4375,True,0.8503865003585815
3axj__B1_Q9VF77--3axj__A1_Q7JVK6,8,4,2,1,0.7467536923667449,83.0,True,0.783412754535675
3axj__B1_Q9VF77--3axj__A1_Q7JVK6,9,2,3,1,0.737808593362113,82.9375,True,0.8568700551986694
3axj__B1_Q9VF77--3axj__A1_Q7JVK6,10,5,2,1,0.7198102988025911,82.875,True,0.698855459690094
3axj__B1_Q9VF77--3axj__A1_Q7JVK6,11,4,0,1,0.7272092898742191,82.875,True,0.7076334357261658
3axj__B1_Q9VF77--3axj__A1_Q7JVK6,12,4,1,1,0.7372790562036111,82.75,True,0.8774504661560059
3axj__B1_Q9VF77--3axj__A1_Q7JVK6,13,5,1,1,0.7274065734524217,82.5625,True,0.6049073934555054
3axj__B1_Q9VF77--3axj__A1_Q7JVK6,14,3,0,1,0.7291226584718604,82.5,True,0.9129143953323364
3axj__B1_Q9VF77--3axj__A1_Q7JVK6,15,5,0,1,0.7276587604884334,82.4375,True,0.7742205262184143
3axj__B1_Q9VF77--3axj__A1_Q7JVK6,16,5,3,1,0.7451711271367302,82.4375,True,0.7907771468162537
3axj__B1_Q9VF77--3axj__A1_Q7JVK6,17,4,3,1,0.7376517401884387,82.375,True,0.8714281320571899
3axj__B1_Q9VF77--3axj__A1_Q7JVK6,18,3,1,1,0.6876678874898965,81.375,True,0.9461774826049805
3axj__B1_Q9VF77--3axj__A1_Q7JVK6,19,3,2,1,0.68822526593246,81.3125,True,0.9528391361236572
3axj__B1_Q9VF77--3axj__A1_Q7JVK6,20,3,3,1,0.6564548427897479,80.875,True,0.961985170841217
3b42__B1_Q74EM7--3b42__A1_Q74EM7,1,1,3,4,0.0447166376461056,77.625,False,0.0012965191854164004
3b42__B1_Q74EM7--3b42__A1_Q74EM7,2,1,2,4,0.0447603887544794,77.3125,False,0.002312467899173498
3b42__B1_Q74EM7--3b42__A1_Q74EM7,3,1,0,4,0.0448721294991523,76.875,False,0.003687602235004306
3b42__B1_Q74EM7--3b42__A1_Q74EM7,4,1,1,4,0.0448819083969509,76.875,False,0.0027645009104162455
3b42__B1_Q74EM7--3b42__A1_Q74EM7,5,4,3,4,0.5497553030829033,59.71875,True,0.008124074898660183
3b42__B1_Q74EM7--3b42__A1_Q74EM7,6,2,2,4,0.5298995561360973,57.1875,True,4.312030341679929e-06
3b42__B1_Q74EM7--3b42__A1_Q74EM7,7,4,0,4,0.5506947680557536,56.0,True,4.30675555662674e-07
3b42__B1_Q74EM7--3b42__A1_Q74EM7,8,4,1,4,0.5201854856816178,52.3125,True,1.6377845213355613e-07
3b42__B1_Q74EM7--3b42__A1_Q74EM7,9,2,3,4,0.5034350119178287,50.4375,True,5.2624967793235555e-05
3b42__B1_Q74EM7--3b42__A1_Q74EM7,10,2,1,4,0.5709538095865857,49.71875,True,7.145313247747254e-06
3b42__B1_Q74EM7--3b42__A1_Q74EM7,11,2,0,4,0.5641077052185679,44.65625,True,9.087778380489908e-06
3b42__B1_Q74EM7--3b42__A1_Q74EM7,12,3,0,4,0.0485028662669275,43.0,False,0.0007262525032274425
3b42__B1_Q74EM7--3b42__A1_Q74EM7,13,3,3,4,0.0505000593717977,37.8125,False,0.00016427940863650292
3b42__B1_Q74EM7--3b42__A1_Q74EM7,14,3,1,4,0.0533033924097435,35.40625,False,0.00014897450455464423
3b42__B1_Q74EM7--3b42__A1_Q74EM7,15,5,0,4,0.0502494148023423,34.4375,False,0.0006560935871675611
3b42__B1_Q74EM7--3b42__A1_Q74EM7,16,5,1,4,0.0504507265469937,33.6875,False,0.001141522079706192
3b42__B1_Q74EM7--3b42__A1_Q74EM7,17,3,2,4,0.0538511657096088,33.34375,False,0.0012828429462388158
3b42__B1_Q74EM7--3b42__A1_Q74EM7,18,5,3,4,0.0511369843645179,26.78125,False,0.0006935716955922544
3b42__B1_Q74EM7--3b42__A1_Q74EM7,19,5,2,4,0.0469632454082959,23.4375,False,0.0014711909461766481
3b42__B1_Q74EM7--3b42__A1_Q74EM7,20,4,2,4,0.0604426047275928,22.421875,False,0.11147870123386383
3b4y__A1_P9WNE1--3b4y__B1_P9WNE1,1,3,3,4,0.906790973399792,94.0625,True,0.8098071813583374
3b4y__A1_P9WNE1--3b4y__B1_P9WNE1,2,5,0,4,0.7920760286671115,94.0625,True,0.8106513619422913
3b4y__A1_P9WNE1--3b4y__B1_P9WNE1,3,4,3,4,0.8065185827715696,94.0,True,0.8247328996658325
3b4y__A1_P9WNE1--3b4y__B1_P9WNE1,4,5,1,4,0.8943331810515763,93.9375,True,0.8252345323562622
3b4y__A1_P9WNE1--3b4y__B1_P9WNE1,5,4,2,4,0.8315050544520025,93.9375,True,0.8223169445991516
3b4y__A1_P9WNE1--3b4y__B1_P9WNE1,6,3,1,4,0.9102741876685988,93.875,True,0.8085652589797974
3b4y__A1_P9WNE1--3b4y__B1_P9WNE1,7,5,3,4,0.9083500395237616,93.875,True,0.825598955154419
3b4y__A1_P9WNE1--3b4y__B1_P9WNE1,8,1,3,4,0.8093688722373237,93.875,True,0.838394045829773
3b4y__A1_P9WNE1--3b4y__B1_P9WNE1,9,3,2,4,0.9171971552896656,93.8125,True,0.816454291343689
3b4y__A1_P9WNE1--3b4y__B1_P9WNE1,10,1,2,4,0.8138948277804928,93.8125,True,0.8411134481430054
3b4y__A1_P9WNE1--3b4y__B1_P9WNE1,11,4,1,4,0.8120796777867776,93.8125,True,0.8453631401062012
3b4y__A1_P9WNE1--3b4y__B1_P9WNE1,12,3,0,4,0.912568397465793,93.8125,True,0.8130039572715759
3b4y__A1_P9WNE1--3b4y__B1_P9WNE1,13,4,0,4,0.8037522957962989,93.75,True,0.8322468400001526
3b4y__A1_P9WNE1--3b4y__B1_P9WNE1,14,1,0,4,0.8044474758910288,93.75,True,0.8516734838485718
3b4y__A1_P9WNE1--3b4y__B1_P9WNE1,15,5,2,4,0.8992830426215042,93.6875,True,0.8346332311630249
3b4y__A1_P9WNE1--3b4y__B1_P9WNE1,16,1,1,4,0.8057338184045063,93.6875,True,0.8410859107971191
3b4y__A1_P9WNE1--3b4y__B1_P9WNE1,17,2,1,4,0.789004559061491,93.5,True,0.8248716592788696
3b4y__A1_P9WNE1--3b4y__B1_P9WNE1,18,2,2,4,0.7994587801419453,93.375,True,0.8163620829582214
3b4y__A1_P9WNE1--3b4y__B1_P9WNE1,19,2,3,4,0.8023309754797251,93.375,True,0.8278973698616028
3b4y__A1_P9WNE1--3b4y__B1_P9WNE1,20,2,0,4,0.8093569196076622,93.3125,True,0.8374695181846619
3cam__A1_Q9JZZ4--3cam__B1_Q9JZZ4,1,3,0,1,0.3894621841887382,58.1875,True,0.7159808278083801
3cam__A1_Q9JZZ4--3cam__B1_Q9JZZ4,2,3,1,1,0.3806076966405634,57.96875,True,0.7141568064689636
3cam__A1_Q9JZZ4--3cam__B1_Q9JZZ4,3,2,2,1,0.4724671012608128,57.96875,True,0.9699010252952576
3cam__A1_Q9JZZ4--3cam__B1_Q9JZZ4,4,2,0,1,0.422343414526969,57.6875,True,0.8736881017684937
3cam__A1_Q9JZZ4--3cam__B1_Q9JZZ4,5,1,2,1,0.4103873991760302,57.65625,True,0.8447177410125732
3cam__A1_Q9JZZ4--3cam__B1_Q9JZZ4,6,1,0,1,0.4074550524693239,57.375,True,0.8880792856216431
3cam__A1_Q9JZZ4--3cam__B1_Q9JZZ4,7,5,2,1,0.4311141669879645,57.0,True,0.9620836973190308
3cam__A1_Q9JZZ4--3cam__B1_Q9JZZ4,8,3,3,1,0.4424520596762207,56.90625,True,0.8811455368995667
3cam__A1_Q9JZZ4--3cam__B1_Q9JZZ4,9,4,2,1,0.4268375730714198,56.28125,True,0.9140656590461731
3cam__A1_Q9JZZ4--3cam__B1_Q9JZZ4,10,5,3,1,0.4296019538952444,55.875,True,0.9804733991622925
3cam__A1_Q9JZZ4--3cam__B1_Q9JZZ4,11,5,1,1,0.436565063460663,55.75,True,0.9635500311851501
3cam__A1_Q9JZZ4--3cam__B1_Q9JZZ4,12,3,2,1,0.4638977339206684,55.28125,True,0.9077154397964478
3cam__A1_Q9JZZ4--3cam__B1_Q9JZZ4,13,4,0,1,0.4178629546862793,55.25,True,0.913537859916687
3cam__A1_Q9JZZ4--3cam__B1_Q9JZZ4,14,4,3,1,0.4354549019814175,55.0625,True,0.7313731908798218
3cam__A1_Q9JZZ4--3cam__B1_Q9JZZ4,15,1,1,1,0.4875366477522447,54.84375,True,0.8848527669906616
3cam__A1_Q9JZZ4--3cam__B1_Q9JZZ4,16,4,1,1,0.4377897352235961,54.8125,True,0.8484355807304382
3cam__A1_Q9JZZ4--3cam__B1_Q9JZZ4,17,5,0,1,0.4550700325634495,54.15625,True,0.8865365982055664
3cam__A1_Q9JZZ4--3cam__B1_Q9JZZ4,18,1,3,1,0.4063928702004369,52.84375,True,0.8428463935852051
3cam__A1_Q9JZZ4--3cam__B1_Q9JZZ4,19,2,1,1,0.4327429393824442,51.9375,True,0.8257940411567688
3cam__A1_Q9JZZ4--3cam__B1_Q9JZZ4,20,2,3,1,0.4251726781948641,47.5,True,0.776231050491333
3cbk__A1_P07858--3cbk__B1_Q966X9,1,4,2,3,0.7470958969330256,90.8125,True,0.9899991154670715
3cbk__A1_P07858--3cbk__B1_Q966X9,2,4,3,3,0.7116633135467912,90.6875,True,0.9825974106788635
3cbk__A1_P07858--3cbk__B1_Q966X9,3,4,1,3,0.7550044822825637,90.6875,True,0.9916355609893799
3cbk__A1_P07858--3cbk__B1_Q966X9,4,1,1,3,0.762331261436984,90.5625,True,0.9333584904670715
3cbk__A1_P07858--3cbk__B1_Q966X9,5,4,0,3,0.7132983095631306,90.375,True,0.911038875579834
3cbk__A1_P07858--3cbk__B1_Q966X9,6,2,2,3,0.7313127556050644,90.25,True,0.8588540554046631
3cbk__A1_P07858--3cbk__B1_Q966X9,7,3,1,3,0.7452153074138078,90.1875,True,0.971530020236969
3cbk__A1_P07858--3cbk__B1_Q966X9,8,1,2,3,0.7224907680865907,90.0,True,0.8659818768501282
3cbk__A1_P07858--3cbk__B1_Q966X9,9,3,3,3,0.6880194579545892,89.75,True,0.9692427515983582
3cbk__A1_P07858--3cbk__B1_Q966X9,10,3,2,3,0.7412214826708268,89.6875,True,0.9160919189453125
3cbk__A1_P07858--3cbk__B1_Q966X9,11,1,3,3,0.713036527825282,89.625,True,0.9608455300331116
3cbk__A1_P07858--3cbk__B1_Q966X9,12,2,1,3,0.7322788265978195,89.625,True,0.7678519487380981
3cbk__A1_P07858--3cbk__B1_Q966X9,13,1,0,3,0.7624464462641058,89.5625,True,0.8743332624435425
3cbk__A1_P07858--3cbk__B1_Q966X9,14,2,0,3,0.6873726263027482,89.4375,True,0.977164089679718
3cbk__A1_P07858--3cbk__B1_Q966X9,15,3,0,3,0.6942707819155766,89.375,True,0.9835922718048096
3cbk__A1_P07858--3cbk__B1_Q966X9,16,5,2,3,0.6789632510600208,89.3125,True,0.9860333800315857
3cbk__A1_P07858--3cbk__B1_Q966X9,17,2,3,3,0.6817830758276372,89.3125,True,0.9918930530548096
3cbk__A1_P07858--3cbk__B1_Q966X9,18,5,0,3,0.6907575010385237,89.25,True,0.9395722150802612
3cbk__A1_P07858--3cbk__B1_Q966X9,19,5,3,3,0.6617882542699611,89.1875,True,0.9934586882591248
3cbk__A1_P07858--3cbk__B1_Q966X9,20,5,1,3,0.7350657215943829,89.125,True,0.9918042421340942
3cnu__A1_O28738--3cnu__A2_O28738,1,5,3,4,0.7346152476683162,78.125,True,0.999991774559021
3cnu__A1_O28738--3cnu__A2_O28738,2,4,2,4,0.6361247196040476,68.4375,True,0.8602594137191772
3cnu__A1_O28738--3cnu__A2_O28738,3,5,1,4,0.6486766063878503,65.75,True,0.9993407130241394
3cnu__A1_O28738--3cnu__A2_O28738,4,4,3,4,0.6789057551702934,65.5,True,0.8880026936531067
3cnu__A1_O28738--3cnu__A2_O28738,5,4,0,4,0.6365781811376778,56.0,True,0.26326072216033936
3cnu__A1_O28738--3cnu__A2_O28738,6,3,3,4,0.3224021806281225,40.1875,True,0.16897283494472504
3cnu__A1_O28738--3cnu__A2_O28738,7,5,2,4,0.1810226543380975,39.96875,False,0.24600087106227875
3cnu__A1_O28738--3cnu__A2_O28738,8,5,0,4,0.5208097348137857,36.875,True,0.04665383696556091
3cnu__A1_O28738--3cnu__A2_O28738,9,4,1,4,0.5510259721443487,34.46875,True,0.06797686219215393
3cnu__A1_O28738--3cnu__A2_O28738,10,3,1,4,0.0906663062277924,33.78125,False,0.03830631822347641
3cnu__A1_O28738--3cnu__A2_O28738,11,1,2,4,0.0897266600351967,29.875,False,0.09249495714902878
3cnu__A1_O28738--3cnu__A2_O28738,12,3,0,4,0.1990952547850397,29.703125,False,0.25900325179100037
3cnu__A1_O28738--3cnu__A2_O28738,13,3,2,4,0.1332580288899938,29.109375,False,0.1149667501449585
3cnu__A1_O28738--3cnu__A2_O28738,14,1,1,4,0.071382827674247,27.890625,False,0.1409815400838852
3cnu__A1_O28738--3cnu__A2_O28738,15,1,3,4,0.0609888508107556,26.625,False,0.10497447103261948
3cnu__A1_O28738--3cnu__A2_O28738,16,2,3,4,0.1114571785030409,26.46875,False,0.05754389241337776
3cnu__A1_O28738--3cnu__A2_O28738,17,1,0,4,0.0639883117827754,26.09375,False,0.0743931457400322
3cnu__A1_O28738--3cnu__A2_O28738,18,2,0,4,0.074155931624155,25.5,False,0.15933941304683685
3cnu__A1_O28738--3cnu__A2_O28738,19,2,2,4,0.0760777552345172,24.328125,False,0.07086742669343948
3cnu__A1_O28738--3cnu__A2_O28738,20,2,1,4,0.0794426533383088,24.03125,False,0.043442338705062866
3co5__A1_Q5F5Q1--3co5__B1_Q5F5Q1,1,5,3,1,0.0112997247150476,78.625,False,0.9990008473396301
3co5__A1_Q5F5Q1--3co5__B1_Q5F5Q1,2,3,1,1,0.0111717102322952,78.5625,False,0.10013855248689651
3co5__A1_Q5F5Q1--3co5__B1_Q5F5Q1,3,2,3,1,0.0117093308115669,69.5,False,0.04798579588532448
3co5__A1_Q5F5Q1--3co5__B1_Q5F5Q1,4,1,2,1,0.2891837409268331,66.9375,True,0.04772517830133438
3co5__A1_Q5F5Q1--3co5__B1_Q5F5Q1,5,4,3,1,0.0232912573742185,61.28125,False,0.22107955813407898
3co5__A1_Q5F5Q1--3co5__B1_Q5F5Q1,6,2,2,1,0.0110205535154194,54.5625,False,0.3226766288280487
3co5__A1_Q5F5Q1--3co5__B1_Q5F5Q1,7,4,1,1,0.0246260390534953,37.1875,False,0.24277560412883759
3co5__A1_Q5F5Q1--3co5__B1_Q5F5Q1,8,1,3,1,0.0123184502448471,34.15625,False,0.05074888840317726
3co5__A1_Q5F5Q1--3co5__B1_Q5F5Q1,9,3,0,1,0.0168497136906123,27.71875,False,0.0886106789112091
3co5__A1_Q5F5Q1--3co5__B1_Q5F5Q1,10,3,2,1,0.0181142878382344,27.5,False,0.16213221848011017
3co5__A1_Q5F5Q1--3co5__B1_Q5F5Q1,11,4,0,1,0.0174059259734113,27.328125,False,0.18014992773532867
3co5__A1_Q5F5Q1--3co5__B1_Q5F5Q1,12,3,3,1,0.0176383272440206,27.3125,False,0.13641303777694702
3co5__A1_Q5F5Q1--3co5__B1_Q5F5Q1,13,4,2,1,0.0248825932757673,26.40625,False,0.20421017706394196
3co5__A1_Q5F5Q1--3co5__B1_Q5F5Q1,14,5,0,1,0.0232302686809376,25.28125,False,0.03483147174119949
3co5__A1_Q5F5Q1--3co5__B1_Q5F5Q1,15,2,0,1,0.016588831710826,24.625,False,0.07205651700496674
3co5__A1_Q5F5Q1--3co5__B1_Q5F5Q1,16,5,2,1,0.0238158854577081,23.171875,False,0.20433123409748077
3co5__A1_Q5F5Q1--3co5__B1_Q5F5Q1,17,5,1,1,0.0210304935531474,22.875,False,0.19716553390026093
3co5__A1_Q5F5Q1--3co5__B1_Q5F5Q1,18,2,1,1,0.0229298805701005,22.640625,False,0.05901332199573517
3co5__A1_Q5F5Q1--3co5__B1_Q5F5Q1,19,1,0,1,0.0316394550358828,21.171875,False,0.058183323591947556
3co5__A1_Q5F5Q1--3co5__B1_Q5F5Q1,20,1,1,1,0.0327904719587259,21.015625,False,0.09894188493490219
3ct4__A1_Q9CIV8--3ct4__A2_Q9CIV8,1,4,0,0,0.006451370471711,95.5625,False,0.9213225841522217
3ct4__A1_Q9CIV8--3ct4__A2_Q9CIV8,2,4,3,0,0.0064533118316262,95.375,False,0.8874686360359192
3ct4__A1_Q9CIV8--3ct4__A2_Q9CIV8,3,4,2,0,0.0064429884613828,95.375,False,0.9064452648162842
3ct4__A1_Q9CIV8--3ct4__A2_Q9CIV8,4,3,0,0,0.0064350791320587,95.3125,False,0.9141683578491211
3ct4__A1_Q9CIV8--3ct4__A2_Q9CIV8,5,2,1,0,0.0064300178066633,95.3125,False,0.9129877090454102
3ct4__A1_Q9CIV8--3ct4__A2_Q9CIV8,6,2,3,0,0.0064455346992412,95.25,False,0.9297344088554382
3ct4__A1_Q9CIV8--3ct4__A2_Q9CIV8,7,3,2,0,0.0064457511903605,95.25,False,0.9062594771385193
3ct4__A1_Q9CIV8--3ct4__A2_Q9CIV8,8,5,1,0,0.0064124440563548,95.1875,False,0.8723009824752808
3ct4__A1_Q9CIV8--3ct4__A2_Q9CIV8,9,2,2,0,0.0064283263568522,95.1875,False,0.9087562561035156
3ct4__A1_Q9CIV8--3ct4__A2_Q9CIV8,10,5,3,0,0.0064283417992209,95.125,False,0.8633085489273071
3ct4__A1_Q9CIV8--3ct4__A2_Q9CIV8,11,1,2,0,0.0064450206750589,94.9375,False,0.9153624773025513
3ct4__A1_Q9CIV8--3ct4__A2_Q9CIV8,12,2,0,0,0.0064536782917347,94.9375,False,0.9225773215293884
3ct4__A1_Q9CIV8--3ct4__A2_Q9CIV8,13,1,0,0,0.0064519100158813,94.9375,False,0.9269179105758667
3ct4__A1_Q9CIV8--3ct4__A2_Q9CIV8,14,3,1,0,0.0064396727229587,94.875,False,0.9139431715011597
3ct4__A1_Q9CIV8--3ct4__A2_Q9CIV8,15,5,2,0,0.0064308211273013,94.8125,False,0.8875962495803833
3ct4__A1_Q9CIV8--3ct4__A2_Q9CIV8,16,1,1,0,0.0064577236365809,94.75,False,0.9385761618614197
3ct4__A1_Q9CIV8--3ct4__A2_Q9CIV8,17,1,3,0,0.0064527041529293,94.6875,False,0.9242525696754456
3ct4__A1_Q9CIV8--3ct4__A2_Q9CIV8,18,3,3,0,0.0064529220537521,94.4375,False,0.9150461554527283
3ct4__A1_Q9CIV8--3ct4__A2_Q9CIV8,19,5,0,0,0.0064753826142937,94.1875,False,0.897693395614624
3ct4__A1_Q9CIV8--3ct4__A2_Q9CIV8,20,4,1,0,0.006393968045187,92.8125,False,0.9290822148323059
3ctv__A1_O28011--3ctv__A2_O28011,1,4,3,4,0.0452558188520313,82.0,False,0.9988273978233337
3ctv__A1_O28011--3ctv__A2_O28011,2,5,3,4,0.0456852806681871,81.375,False,1.0
3ctv__A1_O28011--3ctv__A2_O28011,3,4,2,4,0.0459230610617514,79.75,False,0.9988273978233337
3ctv__A1_O28011--3ctv__A2_O28011,4,5,1,4,0.0466990612538207,79.5625,False,1.0
3ctv__A1_O28011--3ctv__A2_O28011,5,3,3,4,0.047965396084094,75.75,False,3.235685994695814e-07
3ctv__A1_O28011--3ctv__A2_O28011,6,4,0,4,0.046259769957926,74.1875,False,9.770624274096917e-06
3ctv__A1_O28011--3ctv__A2_O28011,7,2,1,4,0.0523067877953421,73.5,False,0.4110744893550873
3ctv__A1_O28011--3ctv__A2_O28011,8,1,1,4,0.0339824054048624,70.9375,False,0.9999998807907104
3ctv__A1_O28011--3ctv__A2_O28011,9,1,3,4,0.0427535662812734,70.875,False,1.0
3ctv__A1_O28011--3ctv__A2_O28011,10,1,2,4,0.0412156581513294,69.0625,False,0.9999997615814209
3ctv__A1_O28011--3ctv__A2_O28011,11,1,0,4,0.0452425034631908,68.0,False,1.0
3ctv__A1_O28011--3ctv__A2_O28011,12,3,0,4,0.1599679094256976,60.1875,False,0.9982479810714722
3ctv__A1_O28011--3ctv__A2_O28011,13,3,2,4,0.1717059243158255,59.84375,False,4.753070754759392e-07
3ctv__A1_O28011--3ctv__A2_O28011,14,5,0,4,0.6388921968046356,54.59375,True,0.028915593400597572
3ctv__A1_O28011--3ctv__A2_O28011,15,5,2,4,0.6438220004092705,37.46875,True,0.11701765656471252
3ctv__A1_O28011--3ctv__A2_O28011,16,3,1,4,0.5788280190369172,36.25,True,0.13312941789627075
3ctv__A1_O28011--3ctv__A2_O28011,17,2,2,4,0.4333976108448547,27.40625,True,0.07927040755748749
3ctv__A1_O28011--3ctv__A2_O28011,18,2,3,4,0.0630615336937523,26.515625,False,0.025555865839123726
3ctv__A1_O28011--3ctv__A2_O28011,19,4,1,4,0.3848036725983894,26.484375,True,0.061512093991041183
3ctv__A1_O28011--3ctv__A2_O28011,20,2,0,4,0.4184299830989963,25.71875,True,0.0034655288327485323
3cwf__A1_P23545--3cwf__B1_P23545,1,1,3,3,0.1369285312703626,87.75,False,0.8868324756622314
3cwf__A1_P23545--3cwf__B1_P23545,2,1,0,3,0.2111870827423562,86.5625,False,0.0027922275476157665
3cwf__A1_P23545--3cwf__B1_P23545,3,1,2,3,0.2091947831246957,85.375,False,9.357623589846195e-14
3cwf__A1_P23545--3cwf__B1_P23545,4,3,2,3,0.1987226686985819,85.25,False,0.001149372779764235
3cwf__A1_P23545--3cwf__B1_P23545,5,4,3,3,0.1679990326602796,79.125,False,0.08665171265602112
3cwf__A1_P23545--3cwf__B1_P23545,6,3,3,3,0.2018335045986859,77.625,False,0.039146650582551956
3cwf__A1_P23545--3cwf__B1_P23545,7,5,1,3,0.206639043798567,75.5625,False,0.9903655052185059
3cwf__A1_P23545--3cwf__B1_P23545,8,3,0,3,0.2005819246952947,72.0,False,0.019760265946388245
3cwf__A1_P23545--3cwf__B1_P23545,9,4,1,3,0.1842317855965659,71.9375,False,0.022074947133660316
3cwf__A1_P23545--3cwf__B1_P23545,10,4,2,3,0.1901236735771186,58.0625,False,0.08129868656396866
3cwf__A1_P23545--3cwf__B1_P23545,11,4,0,3,0.1887511991790507,51.71875,False,0.4049757719039917
3cwf__A1_P23545--3cwf__B1_P23545,12,1,1,3,0.0883077608201376,38.28125,False,0.1037001684308052
3cwf__A1_P23545--3cwf__B1_P23545,13,2,3,3,0.2036700476788976,33.96875,False,0.08465853333473206
3cwf__A1_P23545--3cwf__B1_P23545,14,2,2,3,0.5145490853556268,32.0,True,0.14419780671596527
3cwf__A1_P23545--3cwf__B1_P23545,15,2,1,3,0.1292079091844788,31.703125,False,0.06946448236703873
3cwf__A1_P23545--3cwf__B1_P23545,16,5,0,3,0.2157197201572109,31.171875,False,0.05754765123128891
3cwf__A1_P23545--3cwf__B1_P23545,17,5,3,3,0.0973226636531574,30.671875,False,0.1194010004401207
3cwf__A1_P23545--3cwf__B1_P23545,18,3,1,3,0.2250202056403404,29.203125,False,0.9999719858169556
3cwf__A1_P23545--3cwf__B1_P23545,19,2,0,3,0.2139853238881617,28.734375,False,0.24686267971992493
3cwf__A1_P23545--3cwf__B1_P23545,20,5,2,3,0.2309396586793791,26.140625,True,0.9999713897705078
3d0t__D1_Q91YN9--3d0t__C1_Q91YN9,1,4,0,3,0.2009982890663297,57.25,False,0.23162776231765747
3d0t__D1_Q91YN9--3d0t__C1_Q91YN9,2,4,1,3,0.2008835511836199,56.9375,False,0.2444409728050232
3d0t__D1_Q91YN9--3d0t__C1_Q91YN9,3,4,3,3,0.2018282392018636,56.1875,False,0.3318382799625397
3d0t__D1_Q91YN9--3d0t__C1_Q91YN9,4,4,2,3,0.2006372713048288,55.15625,False,0.23735830187797546
3d0t__D1_Q91YN9--3d0t__C1_Q91YN9,5,5,3,3,0.2016458579720017,51.40625,False,0.9913357496261597
3d0t__D1_Q91YN9--3d0t__C1_Q91YN9,6,5,2,3,0.2016108151583051,50.59375,False,0.9923720359802246
3d0t__D1_Q91YN9--3d0t__C1_Q91YN9,7,5,1,3,0.2038062905727905,47.8125,False,0.9899259805679321
3d0t__D1_Q91YN9--3d0t__C1_Q91YN9,8,1,0,3,0.2010179616159652,47.0625,False,0.07585931569337845
3d0t__D1_Q91YN9--3d0t__C1_Q91YN9,9,1,2,3,0.1905487928451267,46.75,False,0.2210775762796402
3d0t__D1_Q91YN9--3d0t__C1_Q91YN9,10,5,0,3,0.7396956498266732,45.78125,True,0.3526964783668518
3d0t__D1_Q91YN9--3d0t__C1_Q91YN9,11,3,0,3,0.2024049984975617,45.1875,False,0.2881070375442505
3d0t__D1_Q91YN9--3d0t__C1_Q91YN9,12,3,2,3,0.2022988433943239,44.5,False,0.2989041805267334
3d0t__D1_Q91YN9--3d0t__C1_Q91YN9,13,3,3,3,0.1994095754056062,43.96875,False,0.34614938497543335
3d0t__D1_Q91YN9--3d0t__C1_Q91YN9,14,3,1,3,0.2017691386364599,42.875,False,0.20528729259967804
3d0t__D1_Q91YN9--3d0t__C1_Q91YN9,15,1,3,3,0.1913845755681202,42.3125,False,0.25185543298721313
3d0t__D1_Q91YN9--3d0t__C1_Q91YN9,16,1,1,3,0.1875756380875355,39.84375,False,0.24431154131889343
3d0t__D1_Q91YN9--3d0t__C1_Q91YN9,17,2,0,3,0.5043712805609315,35.5625,True,0.399177223443985
3d0t__D1_Q91YN9--3d0t__C1_Q91YN9,18,2,1,3,0.1823726653454475,17.703125,False,0.18925155699253082
3d0t__D1_Q91YN9--3d0t__C1_Q91YN9,19,2,3,3,0.2159320931633798,16.84375,False,0.353952020406723
3d0t__D1_Q91YN9--3d0t__C1_Q91YN9,20,2,2,3,0.2072617384448308,16.25,False,0.2787860929965973
3d3r__A1_Q8EF93--3d3r__B1_Q8EF93,1,1,3,0,0.408169608079374,69.0,True,0.9002182483673096
3d3r__A1_Q8EF93--3d3r__B1_Q8EF93,2,1,0,0,0.414362391088058,68.875,True,0.9288495182991028
3d3r__A1_Q8EF93--3d3r__B1_Q8EF93,3,1,2,0,0.4076511133142195,67.5625,True,0.9316233992576599
3d3r__A1_Q8EF93--3d3r__B1_Q8EF93,4,2,3,0,0.417583782065243,65.9375,True,0.9252707362174988
3d3r__A1_Q8EF93--3d3r__B1_Q8EF93,5,2,2,0,0.4117005982339615,65.8125,True,0.9192147850990295
3d3r__A1_Q8EF93--3d3r__B1_Q8EF93,6,2,1,0,0.4253785369417064,64.875,True,0.9205896258354187
3d3r__A1_Q8EF93--3d3r__B1_Q8EF93,7,1,1,0,0.4104408917811546,64.75,True,0.9190102815628052
3d3r__A1_Q8EF93--3d3r__B1_Q8EF93,8,3,3,0,0.3853085875028831,64.625,True,0.9379542469978333
3d3r__A1_Q8EF93--3d3r__B1_Q8EF93,9,4,3,0,0.3997243510448223,64.625,True,0.9781867861747742
3d3r__A1_Q8EF93--3d3r__B1_Q8EF93,10,3,0,0,0.4018197425099248,64.4375,True,0.9561700820922852
3d3r__A1_Q8EF93--3d3r__B1_Q8EF93,11,4,2,0,0.4041091281616307,64.125,True,0.9723142385482788
3d3r__A1_Q8EF93--3d3r__B1_Q8EF93,12,3,1,0,0.3904123745345718,64.0,True,0.9436585307121277
3d3r__A1_Q8EF93--3d3r__B1_Q8EF93,13,4,0,0,0.4083263021339989,63.65625,True,0.9547905921936035
3d3r__A1_Q8EF93--3d3r__B1_Q8EF93,14,3,2,0,0.3937994040971138,63.5,True,0.9411312937736511
3d3r__A1_Q8EF93--3d3r__B1_Q8EF93,15,4,1,0,0.4043149707018965,63.34375,True,0.9547826647758484
3d3r__A1_Q8EF93--3d3r__B1_Q8EF93,16,5,1,0,0.4052070852164534,62.09375,True,0.9527864456176758
3d3r__A1_Q8EF93--3d3r__B1_Q8EF93,17,5,3,0,0.3950603564963089,61.34375,True,0.9475849866867065
3d3r__A1_Q8EF93--3d3r__B1_Q8EF93,18,5,0,0,0.4039079961337219,60.96875,True,0.9547525644302368
3d3r__A1_Q8EF93--3d3r__B1_Q8EF93,19,5,2,0,0.4085555603333841,60.28125,True,0.9586966037750244
3d3r__A1_Q8EF93--3d3r__B1_Q8EF93,20,2,0,0,0.4459522444751891,51.03125,True,0.9626395106315613
3d8h__B1_Q5CXZ9--3d8h__A1_Q5CXZ9,1,4,1,4,0.7796786247873229,90.125,True,0.7957357168197632
3d8h__B1_Q5CXZ9--3d8h__A1_Q5CXZ9,2,4,2,4,0.734144414136043,89.875,True,0.9588559865951538
3d8h__B1_Q5CXZ9--3d8h__A1_Q5CXZ9,3,4,3,4,0.7459203395523696,89.5625,True,0.8196178674697876
3d8h__B1_Q5CXZ9--3d8h__A1_Q5CXZ9,4,4,0,4,0.7114517282609855,89.375,True,0.8235121965408325
3d8h__B1_Q5CXZ9--3d8h__A1_Q5CXZ9,5,1,1,4,0.7590024852595514,87.5,True,0.8628509640693665
3d8h__B1_Q5CXZ9--3d8h__A1_Q5CXZ9,6,1,0,4,0.8142210494287729,86.25,True,0.8274722099304199
3d8h__B1_Q5CXZ9--3d8h__A1_Q5CXZ9,7,5,1,4,0.7869855174099761,84.4375,True,0.8157909512519836
3d8h__B1_Q5CXZ9--3d8h__A1_Q5CXZ9,8,5,2,4,0.7821134747701062,83.4375,True,0.8226439356803894
3d8h__B1_Q5CXZ9--3d8h__A1_Q5CXZ9,9,1,3,4,0.7728672236682907,83.25,True,0.8628509640693665
3d8h__B1_Q5CXZ9--3d8h__A1_Q5CXZ9,10,1,2,4,0.7657165050333518,81.9375,True,0.8628509640693665
3d8h__B1_Q5CXZ9--3d8h__A1_Q5CXZ9,11,3,2,4,0.8077912627693115,81.125,True,0.8495816588401794
3d8h__B1_Q5CXZ9--3d8h__A1_Q5CXZ9,12,5,3,4,0.756176887253671,81.125,True,0.831836462020874
3d8h__B1_Q5CXZ9--3d8h__A1_Q5CXZ9,13,3,1,4,0.8273635712409888,76.375,True,0.8495816588401794
3d8h__B1_Q5CXZ9--3d8h__A1_Q5CXZ9,14,5,0,4,0.7726598112619785,75.4375,True,0.7995280027389526
3d8h__B1_Q5CXZ9--3d8h__A1_Q5CXZ9,15,2,0,4,0.7386070682877115,65.875,True,0.8225149512290955
3d8h__B1_Q5CXZ9--3d8h__A1_Q5CXZ9,16,3,3,4,0.8407829001378956,64.625,True,0.8495816588401794
3d8h__B1_Q5CXZ9--3d8h__A1_Q5CXZ9,17,3,0,4,0.844637436152793,63.21875,True,0.8495816588401794
3d8h__B1_Q5CXZ9--3d8h__A1_Q5CXZ9,18,2,2,4,0.7872613667653251,57.46875,True,0.827149510383606
3d8h__B1_Q5CXZ9--3d8h__A1_Q5CXZ9,19,2,1,4,0.8227119484301092,51.46875,True,0.8345166444778442
3d8h__B1_Q5CXZ9--3d8h__A1_Q5CXZ9,20,2,3,4,0.8368857127361168,49.59375,True,0.8113530278205872
3dal__A1_O75626--3dal__B2_O75626,1,4,2,2,0.006824591580468,82.875,False,0.859305202960968
3dal__A1_O75626--3dal__B2_O75626,2,4,1,2,0.0068081957867622,82.75,False,0.859305202960968
3dal__A1_O75626--3dal__B2_O75626,3,4,0,2,0.0068500811614473,82.5625,False,0.8752455711364746
3dal__A1_O75626--3dal__B2_O75626,4,4,3,2,0.0068484789413019,79.9375,False,0.859305202960968
3dal__A1_O75626--3dal__B2_O75626,5,2,2,2,0.0068214602721888,78.25,False,0.8842779994010925
3dal__A1_O75626--3dal__B2_O75626,6,5,0,2,0.0069642650699368,76.375,False,0.8650356531143188
3dal__A1_O75626--3dal__B2_O75626,7,5,1,2,0.0068249977724242,73.5625,False,0.8650356531143188
3dal__A1_O75626--3dal__B2_O75626,8,2,3,2,0.0067699054053342,72.8125,False,0.8829429745674133
3dal__A1_O75626--3dal__B2_O75626,9,2,0,2,0.0069147222746859,70.9375,False,0.8842779994010925
3dal__A1_O75626--3dal__B2_O75626,10,5,3,2,0.0067427481119929,68.4375,False,0.8702275156974792
3dal__A1_O75626--3dal__B2_O75626,11,5,2,2,0.0068307478078154,66.0,False,0.8702275156974792
3dal__A1_O75626--3dal__B2_O75626,12,1,0,2,0.0069815180869368,65.875,False,0.8811454772949219
3dal__A1_O75626--3dal__B2_O75626,13,1,2,2,0.0070644190622977,63.9375,False,0.892981767654419
3dal__A1_O75626--3dal__B2_O75626,14,3,3,2,0.0067498796246008,63.625,False,0.8794478178024292
3dal__A1_O75626--3dal__B2_O75626,15,3,0,2,0.0068138512716006,63.3125,False,0.8794478178024292
3dal__A1_O75626--3dal__B2_O75626,16,1,1,2,0.0069447308865426,62.5625,False,0.8773908019065857
3dal__A1_O75626--3dal__B2_O75626,17,1,3,2,0.006930692700382,61.5,False,0.8965340256690979
3dal__A1_O75626--3dal__B2_O75626,18,2,1,2,0.0069322683591582,61.4375,False,0.8842779994010925
3dal__A1_O75626--3dal__B2_O75626,19,3,1,2,0.0068866070999111,56.375,False,0.8794478178024292
3dal__A1_O75626--3dal__B2_O75626,20,3,2,2,0.0068954840001002,53.25,False,0.8794478178024292
3dsl__A1_O93523--3dsl__B1_O93523,1,2,2,1,0.0100995192020225,47.28125,False,0.05417251959443092
3dsl__A1_O93523--3dsl__B1_O93523,2,2,0,1,0.0100515509330238,45.84375,False,0.1063309833407402
3dsl__A1_O93523--3dsl__B1_O93523,3,2,3,1,0.0105046112684662,42.8125,False,0.1206568256020546
3dsl__A1_O93523--3dsl__B1_O93523,4,3,0,1,0.1751612622594539,35.0625,False,0.05662818253040314
3dsl__A1_O93523--3dsl__B1_O93523,5,3,1,1,0.1983446203759078,34.53125,False,0.04573811963200569
3dsl__A1_O93523--3dsl__B1_O93523,6,3,3,1,0.1936255654209911,31.171875,False,0.03769740089774132
3dsl__A1_O93523--3dsl__B1_O93523,7,4,1,1,0.0165536438011483,22.953125,False,0.09171369671821594
3dsl__A1_O93523--3dsl__B1_O93523,8,5,3,1,0.0176281467537143,22.90625,False,0.1576322615146637
3dsl__A1_O93523--3dsl__B1_O93523,9,5,1,1,0.017358589650594,22.8125,False,0.08298418670892715
3dsl__A1_O93523--3dsl__B1_O93523,10,5,2,1,0.0177821539567539,22.578125,False,0.14769387245178223
3dsl__A1_O93523--3dsl__B1_O93523,11,3,2,1,0.1029432288657276,22.375,False,0.045695703476667404
3dsl__A1_O93523--3dsl__B1_O93523,12,4,2,1,0.0133653070407124,22.328125,False,0.03694261610507965
3dsl__A1_O93523--3dsl__B1_O93523,13,2,1,1,0.0584609623296675,22.21875,False,0.050823960453271866
3dsl__A1_O93523--3dsl__B1_O93523,14,1,2,1,0.0136543272981684,21.796875,False,0.07531464844942093
3dsl__A1_O93523--3dsl__B1_O93523,15,5,0,1,0.017407104949157,21.375,False,0.10028193891048431
3dsl__A1_O93523--3dsl__B1_O93523,16,1,0,1,0.0136230788906868,21.25,False,0.12119489163160324
3dsl__A1_O93523--3dsl__B1_O93523,17,4,3,1,0.017397068602535,21.234375,False,0.1526947170495987
3dsl__A1_O93523--3dsl__B1_O93523,18,4,0,1,0.0158806230045554,21.15625,False,0.08231250941753387
3dsl__A1_O93523--3dsl__B1_O93523,19,1,3,1,0.0166900267277455,20.53125,False,0.09634918719530106
3dsl__A1_O93523--3dsl__B1_O93523,20,1,1,1,0.0160380021307879,20.390625,False,0.1414693295955658
3e0j__G1_P49005--3e0j__H1_Q15054,1,5,3,3,0.8161121430949115,94.375,True,0.8336939215660095
3e0j__G1_P49005--3e0j__H1_Q15054,2,3,2,3,0.8206054900053381,94.375,True,0.8719913363456726
3e0j__G1_P49005--3e0j__H1_Q15054,3,3,0,3,0.8190253395196067,94.3125,True,0.8693711161613464
3e0j__G1_P49005--3e0j__H1_Q15054,4,5,1,3,0.8216819839138537,94.3125,True,0.8353568911552429
3e0j__G1_P49005--3e0j__H1_Q15054,5,3,3,3,0.8274801107969676,94.3125,True,0.8686442375183105
3e0j__G1_P49005--3e0j__H1_Q15054,6,5,2,3,0.7846034449380103,94.25,True,0.848064661026001
3e0j__G1_P49005--3e0j__H1_Q15054,7,3,1,3,0.8185786611531122,94.25,True,0.8667258024215698
3e0j__G1_P49005--3e0j__H1_Q15054,8,5,0,3,0.8050270388789494,94.1875,True,0.8355176448822021
3e0j__G1_P49005--3e0j__H1_Q15054,9,4,2,3,0.8384672857293687,93.8125,True,0.9044374227523804
3e0j__G1_P49005--3e0j__H1_Q15054,10,2,3,3,0.7948726495810986,93.8125,True,0.8534729480743408
3e0j__G1_P49005--3e0j__H1_Q15054,11,4,3,3,0.8470577951683897,93.75,True,0.9041892886161804
3e0j__G1_P49005--3e0j__H1_Q15054,12,4,1,3,0.843458743952968,93.625,True,0.9042549729347229
3e0j__G1_P49005--3e0j__H1_Q15054,13,1,3,3,0.8046136484281773,93.5625,True,0.8897570371627808
3e0j__G1_P49005--3e0j__H1_Q15054,14,2,2,3,0.8058159798448381,93.5625,True,0.8454521894454956
3e0j__G1_P49005--3e0j__H1_Q15054,15,1,2,3,0.7985498015453567,93.5625,True,0.8829629421234131
3e0j__G1_P49005--3e0j__H1_Q15054,16,2,1,3,0.8195832782512181,93.5,True,0.8369980454444885
3e0j__G1_P49005--3e0j__H1_Q15054,17,4,0,3,0.8367023148686076,93.5,True,0.9051080942153931
3e0j__G1_P49005--3e0j__H1_Q15054,18,2,0,3,0.8006439963458442,93.5,True,0.8410627841949463
3e0j__G1_P49005--3e0j__H1_Q15054,19,1,0,3,0.8075799602270971,93.5,True,0.8920045495033264
3e0j__G1_P49005--3e0j__H1_Q15054,20,1,1,3,0.8089780304820268,93.1875,True,0.8853340148925781
3e0y__A1_Q74E48--3e0y__B1_Q74E48,1,3,1,4,0.3126453899573803,78.5,True,0.47092121839523315
3e0y__A1_Q74E48--3e0y__B1_Q74E48,2,1,0,4,0.3126451556788562,75.625,True,0.025041067972779274
3e0y__A1_Q74E48--3e0y__B1_Q74E48,3,1,3,4,0.3120852271785016,74.3125,True,0.04069913551211357
3e0y__A1_Q74E48--3e0y__B1_Q74E48,4,1,2,4,0.3138441824034257,72.25,True,0.032965511083602905
3e0y__A1_Q74E48--3e0y__B1_Q74E48,5,5,0,4,0.3131136604264007,61.40625,True,0.9978933930397034
3e0y__A1_Q74E48--3e0y__B1_Q74E48,6,1,1,4,0.3176077948208345,44.8125,True,0.01849406585097313
3e0y__A1_Q74E48--3e0y__B1_Q74E48,7,4,3,4,0.0794705906296777,44.3125,False,0.16376234591007233
3e0y__A1_Q74E48--3e0y__B1_Q74E48,8,3,2,4,0.242244858862166,44.1875,True,0.5195804834365845
3e0y__A1_Q74E48--3e0y__B1_Q74E48,9,3,0,4,0.4114371043127655,41.75,True,0.4648999273777008
3e0y__A1_Q74E48--3e0y__B1_Q74E48,10,4,0,4,0.0793325942621529,41.15625,False,0.30082592368125916
3e0y__A1_Q74E48--3e0y__B1_Q74E48,11,5,2,4,0.282712867745702,39.5,True,0.003164940746501088
3e0y__A1_Q74E48--3e0y__B1_Q74E48,12,3,3,4,0.3746829932449114,39.0625,True,0.1980523020029068
3e0y__A1_Q74E48--3e0y__B1_Q74E48,13,4,2,4,0.0873626277847415,36.34375,False,0.16782325506210327
3e0y__A1_Q74E48--3e0y__B1_Q74E48,14,5,3,4,0.2540221643824702,33.59375,True,0.0015411328058689833
3e0y__A1_Q74E48--3e0y__B1_Q74E48,15,4,1,4,0.0925700035547838,30.109375,False,0.17206576466560364
3e0y__A1_Q74E48--3e0y__B1_Q74E48,16,2,3,4,0.1718871940739861,25.203125,False,0.2934843599796295
3e0y__A1_Q74E48--3e0y__B1_Q74E48,17,2,2,4,0.1558497262265351,19.90625,False,0.21797578036785126
3e0y__A1_Q74E48--3e0y__B1_Q74E48,18,2,1,4,0.0076056256675404,17.8125,False,0.02465767040848732
3e0y__A1_Q74E48--3e0y__B1_Q74E48,19,2,0,4,0.067748152534428,17.09375,False,0.03146541491150856
3e0y__A1_Q74E48--3e0y__B1_Q74E48,20,5,1,4,0.0072384411682501,16.421875,False,0.019567806273698807
3e7l__A1_O66551--3e7l__B1_O66551,1,1,1,1,0.9537954583455112,87.875,True,0.82944655418396
3e7l__A1_O66551--3e7l__B1_O66551,2,1,2,1,0.9511716462206694,87.8125,True,0.8273569941520691
3e7l__A1_O66551--3e7l__B1_O66551,3,1,0,1,0.9504647692283829,87.625,True,0.82944655418396
3e7l__A1_O66551--3e7l__B1_O66551,4,1,3,1,0.9501909474923264,87.5,True,0.8273569941520691
3e7l__A1_O66551--3e7l__B1_O66551,5,3,2,1,0.9363829116236572,87.5,True,0.8104804754257202
3e7l__A1_O66551--3e7l__B1_O66551,6,4,0,1,0.9304483630407372,87.4375,True,0.8678863644599915
3e7l__A1_O66551--3e7l__B1_O66551,7,2,3,1,0.9258595998818752,87.4375,True,0.8066901564598083
3e7l__A1_O66551--3e7l__B1_O66551,8,4,1,1,0.9291982982076352,87.4375,True,0.8776557445526123
3e7l__A1_O66551--3e7l__B1_O66551,9,2,1,1,0.9293205741984212,87.4375,True,0.7735590934753418
3e7l__A1_O66551--3e7l__B1_O66551,10,4,3,1,0.9320591618331432,87.375,True,0.8624257445335388
3e7l__A1_O66551--3e7l__B1_O66551,11,2,0,1,0.9315321962088892,87.3125,True,0.7735590934753418
3e7l__A1_O66551--3e7l__B1_O66551,12,4,2,1,0.924114434389872,87.3125,True,0.8701911568641663
3e7l__A1_O66551--3e7l__B1_O66551,13,2,2,1,0.931514144586814,87.3125,True,0.7735590934753418
3e7l__A1_O66551--3e7l__B1_O66551,14,3,1,1,0.9377200159624528,87.3125,True,0.8104804754257202
3e7l__A1_O66551--3e7l__B1_O66551,15,3,0,1,0.9432644557798048,87.1875,True,0.8202093243598938
3e7l__A1_O66551--3e7l__B1_O66551,16,3,3,1,0.929629876046296,87.125,True,0.8320983648300171
3e7l__A1_O66551--3e7l__B1_O66551,17,5,3,1,0.9414644649488754,86.9375,True,0.8076332807540894
3e7l__A1_O66551--3e7l__B1_O66551,18,5,2,1,0.941597922456686,86.8125,True,0.8076332807540894
3e7l__A1_O66551--3e7l__B1_O66551,19,5,1,1,0.940276517612494,86.8125,True,0.8076332807540894
3e7l__A1_O66551--3e7l__B1_O66551,20,5,0,1,0.9402022523743055,86.6875,True,0.8076332807540894
3evi__A1_Q8N4E4--3evi__B1_Q8N4E4,1,2,3,3,0.6600450517552744,82.125,True,0.9999908208847046
3evi__A1_Q8N4E4--3evi__B1_Q8N4E4,2,2,1,3,0.6449662501940526,80.5625,True,0.9999083280563354
3evi__A1_Q8N4E4--3evi__B1_Q8N4E4,3,5,2,3,0.538246727715809,67.0625,True,0.05683424323797226
3evi__A1_Q8N4E4--3evi__B1_Q8N4E4,4,2,2,3,0.5955216295995734,66.125,True,0.9999997615814209
3evi__A1_Q8N4E4--3evi__B1_Q8N4E4,5,4,1,3,0.5515471759632685,65.3125,True,0.9900527596473694
3evi__A1_Q8N4E4--3evi__B1_Q8N4E4,6,3,2,3,0.5243690298628094,64.75,True,0.9779119491577148
3evi__A1_Q8N4E4--3evi__B1_Q8N4E4,7,2,0,3,0.5594903185752509,63.96875,True,0.9999978542327881
3evi__A1_Q8N4E4--3evi__B1_Q8N4E4,8,3,3,3,0.5571303693086934,60.65625,True,0.83583664894104
3evi__A1_Q8N4E4--3evi__B1_Q8N4E4,9,3,0,3,0.5594661172515144,59.84375,True,0.9782585501670837
3evi__A1_Q8N4E4--3evi__B1_Q8N4E4,10,5,1,3,0.5438203398084253,58.6875,True,0.09763862192630768
3evi__A1_Q8N4E4--3evi__B1_Q8N4E4,11,4,2,3,0.5575868254005364,58.0625,True,0.9761156439781189
3evi__A1_Q8N4E4--3evi__B1_Q8N4E4,12,3,1,3,0.5593683315242153,56.4375,True,0.9557076096534729
3evi__A1_Q8N4E4--3evi__B1_Q8N4E4,13,4,3,3,0.5951320996571914,49.5625,True,0.5218687653541565
3evi__A1_Q8N4E4--3evi__B1_Q8N4E4,14,4,0,3,0.5695134774370572,43.8125,True,0.008889767341315746
3evi__A1_Q8N4E4--3evi__B1_Q8N4E4,15,1,3,3,0.0103596189432512,24.015625,False,0.11601462215185165
3evi__A1_Q8N4E4--3evi__B1_Q8N4E4,16,1,2,3,0.0102339728339046,23.96875,False,0.26473307609558105
3evi__A1_Q8N4E4--3evi__B1_Q8N4E4,17,1,1,3,0.0103473481021279,23.203125,False,0.11893553286790848
3evi__A1_Q8N4E4--3evi__B1_Q8N4E4,18,1,0,3,0.010171802829307,22.5,False,0.16971558332443237
3evi__A1_Q8N4E4--3evi__B1_Q8N4E4,19,5,0,3,0.0558167388649202,21.453125,False,0.012837961316108704
3evi__A1_Q8N4E4--3evi__B1_Q8N4E4,20,5,3,3,0.0536980168301477,19.59375,False,0.19559277594089508
3ezu__A1_Q74FR4--3ezu__A2_Q74FR4,1,5,2,2,0.023958157374606,60.71875,False,0.7087804675102234
3ezu__A1_Q74FR4--3ezu__A2_Q74FR4,2,2,0,2,0.0204043177908984,60.5625,False,0.8952183723449707
3ezu__A1_Q74FR4--3ezu__A2_Q74FR4,3,4,3,2,0.0205429111574598,60.25,False,0.7042602300643921
3ezu__A1_Q74FR4--3ezu__A2_Q74FR4,4,2,2,2,0.0194149929267517,60.03125,False,0.9103910326957703
3ezu__A1_Q74FR4--3ezu__A2_Q74FR4,5,3,1,2,0.0226090945683597,59.875,False,0.52034592628479
3ezu__A1_Q74FR4--3ezu__A2_Q74FR4,6,3,2,2,0.0225051979683113,59.59375,False,0.5863500833511353
3ezu__A1_Q74FR4--3ezu__A2_Q74FR4,7,3,0,2,0.0264837064291417,59.53125,False,0.7341407537460327
3ezu__A1_Q74FR4--3ezu__A2_Q74FR4,8,5,1,2,0.0189937484273872,59.4375,False,0.9184877872467041
3ezu__A1_Q74FR4--3ezu__A2_Q74FR4,9,4,0,2,0.0200147879450383,59.40625,False,0.24288605153560638
3ezu__A1_Q74FR4--3ezu__A2_Q74FR4,10,5,3,2,0.0185772692755358,59.3125,False,0.9207516312599182
3ezu__A1_Q74FR4--3ezu__A2_Q74FR4,11,3,3,2,0.0255228616036807,59.125,False,0.7405338883399963
3ezu__A1_Q74FR4--3ezu__A2_Q74FR4,12,5,0,2,0.0233162126913467,59.09375,False,0.8152837753295898
3ezu__A1_Q74FR4--3ezu__A2_Q74FR4,13,2,3,2,0.0207290983909459,59.0625,False,0.8140053749084473
3ezu__A1_Q74FR4--3ezu__A2_Q74FR4,14,2,1,2,0.0281836516544579,59.0,False,0.9392623901367188
3ezu__A1_Q74FR4--3ezu__A2_Q74FR4,15,1,0,2,0.0205100043698953,58.65625,False,0.6127492189407349
3ezu__A1_Q74FR4--3ezu__A2_Q74FR4,16,4,2,2,0.030814810391238,58.5,False,0.9219193458557129
3ezu__A1_Q74FR4--3ezu__A2_Q74FR4,17,4,1,2,0.0467059450024693,58.28125,False,0.9519403576850891
3ezu__A1_Q74FR4--3ezu__A2_Q74FR4,18,1,2,2,0.0189561025995311,57.625,False,0.7999052405357361
3ezu__A1_Q74FR4--3ezu__A2_Q74FR4,19,1,1,2,0.0412797709364268,57.375,False,0.6040107011795044
3ezu__A1_Q74FR4--3ezu__A2_Q74FR4,20,1,3,2,0.0185359011218535,55.28125,False,0.8649583458900452
3f2u__A1_P83916--3f2u__A2_P83916,1,1,2,2,0.0414083138462204,45.375,False,0.23946523666381836
3f2u__A1_P83916--3f2u__A2_P83916,2,1,0,2,0.0415804254062011,42.25,False,0.24408960342407227
3f2u__A1_P83916--3f2u__A2_P83916,3,1,1,2,0.0407552433330606,41.375,False,0.22935394942760468
3f2u__A1_P83916--3f2u__A2_P83916,4,1,3,2,0.0412486664375579,39.625,False,0.2584255039691925
3f2u__A1_P83916--3f2u__A2_P83916,5,3,1,2,0.7291523003221924,37.59375,True,1.4652498066425323e-05
3f2u__A1_P83916--3f2u__A2_P83916,6,3,0,2,0.6953067624853664,37.25,True,8.082398380793165e-06
3f2u__A1_P83916--3f2u__A2_P83916,7,3,2,2,0.7450044067174125,37.125,True,1.6572337699471973e-05
3f2u__A1_P83916--3f2u__A2_P83916,8,3,3,2,0.7029636119094308,35.46875,True,7.279615601873957e-06
3f2u__A1_P83916--3f2u__A2_P83916,9,4,1,2,0.5956287190010531,35.125,True,0.0774659588932991
3f2u__A1_P83916--3f2u__A2_P83916,10,4,0,2,0.6081662063858352,33.03125,True,0.06242772191762924
3f2u__A1_P83916--3f2u__A2_P83916,11,4,3,2,0.6281484649760247,30.875,True,0.004363568965345621
3f2u__A1_P83916--3f2u__A2_P83916,12,5,3,2,0.6590555980965837,28.046875,True,5.2274001063778996e-05
3f2u__A1_P83916--3f2u__A2_P83916,13,5,2,2,0.61668881699732,27.765625,True,6.372253119479865e-05
3f2u__A1_P83916--3f2u__A2_P83916,14,5,0,2,0.5708758647403557,21.125,True,0.00018505645857658237
3f2u__A1_P83916--3f2u__A2_P83916,15,5,1,2,0.5478798525090305,21.0,True,0.0001948696153704077
3f2u__A1_P83916--3f2u__A2_P83916,16,4,2,2,0.6801284737746031,18.984375,True,0.0015311511233448982
3f2u__A1_P83916--3f2u__A2_P83916,17,2,2,2,0.04656885247449,17.0,False,0.13027551770210266
3f2u__A1_P83916--3f2u__A2_P83916,18,2,0,2,0.0477425588727669,16.765625,False,0.13525381684303284
3f2u__A1_P83916--3f2u__A2_P83916,19,2,3,2,0.0502643419793227,15.09375,False,0.12920019030570984
3f2u__A1_P83916--3f2u__A2_P83916,20,2,1,2,0.0479113096548227,14.3203125,False,0.1325983703136444
3f6t__B1_Q5FIG7--3f6t__A1_Q5FIG7,1,1,1,2,0.4862245037733374,93.8125,True,0.8690080642700195
3f6t__B1_Q5FIG7--3f6t__A1_Q5FIG7,2,1,3,2,0.4857510394392889,93.6875,True,0.8864700794219971
3f6t__B1_Q5FIG7--3f6t__A1_Q5FIG7,3,1,0,2,0.4978880019033423,93.5,True,0.8854422569274902
3f6t__B1_Q5FIG7--3f6t__A1_Q5FIG7,4,5,0,2,0.4960251578440546,93.4375,True,0.8559481501579285
3f6t__B1_Q5FIG7--3f6t__A1_Q5FIG7,5,5,3,2,0.4960875810289864,93.375,True,0.8738209009170532
3f6t__B1_Q5FIG7--3f6t__A1_Q5FIG7,6,2,0,2,0.4779108072751554,93.3125,True,0.94819575548172
3f6t__B1_Q5FIG7--3f6t__A1_Q5FIG7,7,3,0,2,0.4952538880261177,93.25,True,0.8832630515098572
3f6t__B1_Q5FIG7--3f6t__A1_Q5FIG7,8,5,1,2,0.4984859148606076,93.25,True,0.8679806590080261
3f6t__B1_Q5FIG7--3f6t__A1_Q5FIG7,9,3,1,2,0.4869713263027996,93.125,True,0.8595460057258606
3f6t__B1_Q5FIG7--3f6t__A1_Q5FIG7,10,5,2,2,0.4940961131507215,93.0625,True,0.8993722796440125
3f6t__B1_Q5FIG7--3f6t__A1_Q5FIG7,11,4,3,2,0.4947974154854996,93.0625,True,0.8819739818572998
3f6t__B1_Q5FIG7--3f6t__A1_Q5FIG7,12,2,2,2,0.4809329771341676,92.875,True,0.9090437293052673
3f6t__B1_Q5FIG7--3f6t__A1_Q5FIG7,13,1,2,2,0.5016241779481455,92.875,True,0.8966076374053955
3f6t__B1_Q5FIG7--3f6t__A1_Q5FIG7,14,4,1,2,0.4960941316550185,92.75,True,0.8939170837402344
3f6t__B1_Q5FIG7--3f6t__A1_Q5FIG7,15,4,2,2,0.4984547646167299,92.6875,True,0.8386690616607666
3f6t__B1_Q5FIG7--3f6t__A1_Q5FIG7,16,3,2,2,0.4903932760182499,92.6875,True,0.8869606852531433
3f6t__B1_Q5FIG7--3f6t__A1_Q5FIG7,17,3,3,2,0.4942758785191157,92.625,True,0.8574879169464111
3f6t__B1_Q5FIG7--3f6t__A1_Q5FIG7,18,4,0,2,0.4925074348862825,92.5,True,0.9046435952186584
3f6t__B1_Q5FIG7--3f6t__A1_Q5FIG7,19,2,1,2,0.4942241836857233,92.3125,True,0.9113189578056335
3f6t__B1_Q5FIG7--3f6t__A1_Q5FIG7,20,2,3,2,0.489110931320084,92.125,True,0.896944522857666
3f7c__A1_A1TZ69--3f7c__A2_A1TZ69,1,3,2,4,0.0557675937168912,70.4375,False,0.010805010795593262
3f7c__A1_A1TZ69--3f7c__A2_A1TZ69,2,4,2,4,0.3011404892396749,66.5625,True,0.9978868365287781
3f7c__A1_A1TZ69--3f7c__A2_A1TZ69,3,3,3,4,0.3033321458640163,65.125,True,0.9910503625869751
3f7c__A1_A1TZ69--3f7c__A2_A1TZ69,4,4,1,4,0.3010170857365126,62.09375,True,0.9973539113998413
3f7c__A1_A1TZ69--3f7c__A2_A1TZ69,5,2,0,4,0.2174000901753026,52.875,False,0.9999998807907104
3f7c__A1_A1TZ69--3f7c__A2_A1TZ69,6,1,3,4,0.2294514915412587,51.6875,False,1.0
3f7c__A1_A1TZ69--3f7c__A2_A1TZ69,7,1,2,4,0.2311034725226546,51.46875,True,1.0
3f7c__A1_A1TZ69--3f7c__A2_A1TZ69,8,2,3,4,0.2241436906993474,50.96875,False,0.9988969564437866
3f7c__A1_A1TZ69--3f7c__A2_A1TZ69,9,1,0,4,0.2284488650289784,49.15625,False,1.0
3f7c__A1_A1TZ69--3f7c__A2_A1TZ69,10,1,1,4,0.2330836132743575,48.96875,True,1.0
3f7c__A1_A1TZ69--3f7c__A2_A1TZ69,11,3,0,4,0.0582473281609733,43.4375,False,0.006304125767201185
3f7c__A1_A1TZ69--3f7c__A2_A1TZ69,12,3,1,4,0.0592239343457107,41.09375,False,0.006656251382082701
3f7c__A1_A1TZ69--3f7c__A2_A1TZ69,13,4,3,4,0.0533313988149059,29.875,False,0.029003867879509926
3f7c__A1_A1TZ69--3f7c__A2_A1TZ69,14,4,0,4,0.0399288400758998,28.40625,False,0.015458703972399235
3f7c__A1_A1TZ69--3f7c__A2_A1TZ69,15,5,0,4,0.0303365440647463,25.4375,False,0.03472071886062622
3f7c__A1_A1TZ69--3f7c__A2_A1TZ69,16,5,2,4,0.0340204328771896,24.140625,False,0.05932871624827385
3f7c__A1_A1TZ69--3f7c__A2_A1TZ69,17,2,2,4,0.0336160473747702,23.59375,False,0.028897790238261223
3f7c__A1_A1TZ69--3f7c__A2_A1TZ69,18,5,1,4,0.0379853819576383,23.328125,False,0.05820416659116745
3f7c__A1_A1TZ69--3f7c__A2_A1TZ69,19,5,3,4,0.0327138106036742,22.875,False,0.027689708396792412
3f7c__A1_A1TZ69--3f7c__A2_A1TZ69,20,2,1,4,0.0756355450069133,22.578125,False,0.027622515335679054
3f8u__A1_P30101--3f8u__B1_O15533,1,4,0,3,0.4296435508995711,68.8125,True,0.3360063433647156
3f8u__A1_P30101--3f8u__B1_O15533,2,4,2,3,0.4082941221564298,66.4375,True,0.28351351618766785
3f8u__A1_P30101--3f8u__B1_O15533,3,4,3,3,0.3749122788757635,65.75,True,0.43259763717651367
3f8u__A1_P30101--3f8u__B1_O15533,4,3,0,3,0.2138776858954349,61.65625,False,0.07684813439846039
3f8u__A1_P30101--3f8u__B1_O15533,5,4,1,3,0.5161260485130187,61.59375,True,0.3213336765766144
3f8u__A1_P30101--3f8u__B1_O15533,6,1,2,3,0.5389972167489261,52.3125,True,0.31055793166160583
3f8u__A1_P30101--3f8u__B1_O15533,7,3,2,3,0.0096684640919302,45.78125,False,0.042374029755592346
3f8u__A1_P30101--3f8u__B1_O15533,8,3,1,3,0.0089043039461057,30.46875,False,0.041849616914987564
3f8u__A1_P30101--3f8u__B1_O15533,9,1,0,3,0.0086170955052102,26.265625,False,0.042602647095918655
3f8u__A1_P30101--3f8u__B1_O15533,10,1,1,3,0.0102366896115572,25.90625,False,0.03543786704540253
3f8u__A1_P30101--3f8u__B1_O15533,11,3,3,3,0.0076313038453491,23.953125,False,0.02642350271344185
3f8u__A1_P30101--3f8u__B1_O15533,12,2,3,3,0.0572766753869947,23.109375,False,0.049666084349155426
3f8u__A1_P30101--3f8u__B1_O15533,13,5,0,3,0.0073211329743816,22.09375,False,0.041098546236753464
3f8u__A1_P30101--3f8u__B1_O15533,14,2,0,3,0.0512843598271248,21.953125,False,0.06207830086350441
3f8u__A1_P30101--3f8u__B1_O15533,15,2,2,3,0.0382072139876046,21.875,False,0.05320929363369942
3f8u__A1_P30101--3f8u__B1_O15533,16,1,3,3,0.0093419434044422,21.734375,False,0.04236989840865135
3f8u__A1_P30101--3f8u__B1_O15533,17,5,1,3,0.0070826254408861,21.640625,False,0.030907223001122475
3f8u__A1_P30101--3f8u__B1_O15533,18,2,1,3,0.0790812429065468,21.625,False,0.06671030819416046
3f8u__A1_P30101--3f8u__B1_O15533,19,5,3,3,0.00779026017755,21.546875,False,0.028753655031323433
3f8u__A1_P30101--3f8u__B1_O15533,20,5,2,3,0.0176279374481974,21.3125,False,0.032219745218753815
3ffm__A1_O95257--3ffm__A2_O95257,1,1,1,1,0.0388523219252019,65.4375,False,0.0008358127088285983
3ffm__A1_O95257--3ffm__A2_O95257,2,1,3,1,0.0267016052770403,64.6875,False,0.0003459653817117214
3ffm__A1_O95257--3ffm__A2_O95257,3,1,0,1,0.0265075802381057,61.125,False,0.0012836074456572533
3ffm__A1_O95257--3ffm__A2_O95257,4,1,2,1,0.027400455076342,53.28125,False,0.0006795850931666791
3ffm__A1_O95257--3ffm__A2_O95257,5,5,1,1,0.0576224140363094,45.6875,False,0.6869021058082581
3ffm__A1_O95257--3ffm__A2_O95257,6,5,2,1,0.0551409805797876,44.40625,False,0.4243397116661072
3ffm__A1_O95257--3ffm__A2_O95257,7,5,0,1,0.0573347188527374,39.78125,False,0.6043735146522522
3ffm__A1_O95257--3ffm__A2_O95257,8,3,1,1,0.0401892629471433,38.375,False,0.008850106969475746
3ffm__A1_O95257--3ffm__A2_O95257,9,4,3,1,0.0815626299291836,34.84375,False,0.0017102876445278525
3ffm__A1_O95257--3ffm__A2_O95257,10,4,0,1,0.0944168947587298,34.0625,False,0.10821451246738434
3ffm__A1_O95257--3ffm__A2_O95257,11,5,3,1,0.054448510052092,33.90625,False,0.1899510771036148
3ffm__A1_O95257--3ffm__A2_O95257,12,4,2,1,0.0784168094488179,33.46875,False,0.00586511567234993
3ffm__A1_O95257--3ffm__A2_O95257,13,4,1,1,0.0811746170408641,32.65625,False,0.0007224066648632288
3ffm__A1_O95257--3ffm__A2_O95257,14,3,2,1,0.0624700150941338,32.21875,False,0.1994732767343521
3ffm__A1_O95257--3ffm__A2_O95257,15,3,0,1,0.039853871303537,31.796875,False,0.005924041848629713
3ffm__A1_O95257--3ffm__A2_O95257,16,3,3,1,0.0606441147663303,26.90625,False,0.1930319368839264
3ffm__A1_O95257--3ffm__A2_O95257,17,2,3,1,0.0783998571203815,25.75,False,0.24051758646965027
3ffm__A1_O95257--3ffm__A2_O95257,18,2,0,1,0.1023314014974614,25.359375,False,0.12381985783576965
3ffm__A1_O95257--3ffm__A2_O95257,19,2,1,1,0.0804782905247599,23.078125,False,0.05960055813193321
3ffm__A1_O95257--3ffm__A2_O95257,20,2,2,1,0.086216191148683,23.046875,False,0.09875138849020004
3fkq__A1_D0VX10--3fkq__A2_D0VX10,1,3,3,4,0.4764608817313696,63.78125,True,0.8585827946662903
3fkq__A1_D0VX10--3fkq__A2_D0VX10,2,3,1,4,0.4818272005418482,63.40625,True,0.8369364142417908
3fkq__A1_D0VX10--3fkq__A2_D0VX10,3,3,0,4,0.465153695574116,63.34375,True,0.832940399646759
3fkq__A1_D0VX10--3fkq__A2_D0VX10,4,4,2,4,0.4316932964363678,63.34375,True,0.8095502257347107
3fkq__A1_D0VX10--3fkq__A2_D0VX10,5,3,2,4,0.4675324377446949,63.28125,True,0.8534878492355347
3fkq__A1_D0VX10--3fkq__A2_D0VX10,6,2,1,4,0.4386023308549176,62.4375,True,0.9926214218139648
3fkq__A1_D0VX10--3fkq__A2_D0VX10,7,2,2,4,0.4533092680571999,62.4375,True,0.811789333820343
3fkq__A1_D0VX10--3fkq__A2_D0VX10,8,4,0,4,0.4601487841747643,62.1875,True,0.8139840364456177
3fkq__A1_D0VX10--3fkq__A2_D0VX10,9,5,3,4,0.4566763491861829,62.15625,True,0.9765563011169434
3fkq__A1_D0VX10--3fkq__A2_D0VX10,10,4,3,4,0.4339775200284968,62.09375,True,0.9528791904449463
3fkq__A1_D0VX10--3fkq__A2_D0VX10,11,5,1,4,0.4418055863695194,61.8125,True,0.8288412690162659
3fkq__A1_D0VX10--3fkq__A2_D0VX10,12,5,2,4,0.4306859412017263,61.71875,True,0.8288412690162659
3fkq__A1_D0VX10--3fkq__A2_D0VX10,13,4,1,4,0.4330568003947081,61.5625,True,0.8113269805908203
3fkq__A1_D0VX10--3fkq__A2_D0VX10,14,5,0,4,0.4311092199891551,61.5,True,0.8833677172660828
3fkq__A1_D0VX10--3fkq__A2_D0VX10,15,2,3,4,0.4146071596503746,60.90625,True,0.8195351958274841
3fkq__A1_D0VX10--3fkq__A2_D0VX10,16,2,0,4,0.4398217190684223,60.84375,True,0.9544819593429565
3fkq__A1_D0VX10--3fkq__A2_D0VX10,17,1,1,4,0.4654041134057818,58.71875,True,0.831984281539917
3fkq__A1_D0VX10--3fkq__A2_D0VX10,18,1,0,4,0.4411518450270817,57.65625,True,0.8356034755706787
3fkq__A1_D0VX10--3fkq__A2_D0VX10,19,1,2,4,0.4479189313874391,57.34375,True,0.8261373043060303
3fkq__A1_D0VX10--3fkq__A2_D0VX10,20,1,3,4,0.3866090774798924,57.34375,True,0.8033130764961243
3fn7__A1_Q99ZN4--3fn7__A2_Q99ZN4,1,3,2,4,0.3596853743364232,45.90625,True,1.3986129943077685e-06
3fn7__A1_Q99ZN4--3fn7__A2_Q99ZN4,2,3,1,4,0.3415067258460735,45.40625,True,1.9373710529180244e-06
3fn7__A1_Q99ZN4--3fn7__A2_Q99ZN4,3,3,3,4,0.3394283495318403,44.6875,True,1.772990799508989e-05
3fn7__A1_Q99ZN4--3fn7__A2_Q99ZN4,4,3,0,4,0.3620243207739573,44.03125,True,1.8401956936031638e-07
3fn7__A1_Q99ZN4--3fn7__A2_Q99ZN4,5,2,1,4,0.2546991311611358,39.03125,True,0.9590805768966675
3fn7__A1_Q99ZN4--3fn7__A2_Q99ZN4,6,2,2,4,0.2376721081546467,38.46875,True,0.9302704930305481
3fn7__A1_Q99ZN4--3fn7__A2_Q99ZN4,7,5,0,4,0.059553863534844,36.09375,False,0.03102806955575943
3fn7__A1_Q99ZN4--3fn7__A2_Q99ZN4,8,5,2,4,0.2271811660532414,35.4375,False,0.6951107978820801
3fn7__A1_Q99ZN4--3fn7__A2_Q99ZN4,9,5,3,4,0.3141338488142753,33.6875,True,0.30827170610427856
3fn7__A1_Q99ZN4--3fn7__A2_Q99ZN4,10,2,0,4,0.2005528080148026,33.40625,False,0.2372041791677475
3fn7__A1_Q99ZN4--3fn7__A2_Q99ZN4,11,5,1,4,0.2968177473155555,32.90625,True,0.01773088425397873
3fn7__A1_Q99ZN4--3fn7__A2_Q99ZN4,12,2,3,4,0.3058639803905652,31.046875,True,0.004347590729594231
3fn7__A1_Q99ZN4--3fn7__A2_Q99ZN4,13,1,3,4,0.2740788870084799,29.796875,True,0.9815654158592224
3fn7__A1_Q99ZN4--3fn7__A2_Q99ZN4,14,1,1,4,0.2312849188342287,28.046875,True,0.9212144017219543
3fn7__A1_Q99ZN4--3fn7__A2_Q99ZN4,15,1,2,4,0.2343478041479002,26.859375,True,0.9775658845901489
3fn7__A1_Q99ZN4--3fn7__A2_Q99ZN4,16,1,0,4,0.2635128586099917,25.125,True,0.9011692404747009
3fn7__A1_Q99ZN4--3fn7__A2_Q99ZN4,17,4,2,4,0.0179744624277331,21.84375,False,0.0699402242898941
3fn7__A1_Q99ZN4--3fn7__A2_Q99ZN4,18,4,1,4,0.0183143359055912,21.8125,False,0.06878755986690521
3fn7__A1_Q99ZN4--3fn7__A2_Q99ZN4,19,4,0,4,0.015085985000106,21.8125,False,0.028732070699334145
3fn7__A1_Q99ZN4--3fn7__A2_Q99ZN4,20,4,3,4,0.0194667565892337,20.5,False,0.05839453637599945
3fx0__B1_Q9Y6K9--3fx0__A1_Q9Y6K9,1,5,0,2,0.7096777121268296,73.0625,True,0.8495437502861023
3fx0__B1_Q9Y6K9--3fx0__A1_Q9Y6K9,2,5,1,2,0.7107037939086173,72.875,True,0.8803932666778564
3fx0__B1_Q9Y6K9--3fx0__A1_Q9Y6K9,3,5,2,2,0.7124874259336061,72.875,True,0.857688844203949
3fx0__B1_Q9Y6K9--3fx0__A1_Q9Y6K9,4,5,3,2,0.7161961205796032,72.75,True,0.8712233304977417
3fx0__B1_Q9Y6K9--3fx0__A1_Q9Y6K9,5,1,1,2,0.7275872437237213,72.625,True,0.8075230717658997
3fx0__B1_Q9Y6K9--3fx0__A1_Q9Y6K9,6,1,0,2,0.723569856291341,72.5625,True,0.8289374113082886
3fx0__B1_Q9Y6K9--3fx0__A1_Q9Y6K9,7,1,3,2,0.7313862039031975,71.875,True,0.817094087600708
3fx0__B1_Q9Y6K9--3fx0__A1_Q9Y6K9,8,1,2,2,0.7259867570153222,71.5625,True,0.8050211668014526
3fx0__B1_Q9Y6K9--3fx0__A1_Q9Y6K9,9,2,0,2,0.7278361822967209,70.75,True,0.8749635219573975
3fx0__B1_Q9Y6K9--3fx0__A1_Q9Y6K9,10,4,1,2,0.7155476004000496,70.625,True,0.8827512860298157
3fx0__B1_Q9Y6K9--3fx0__A1_Q9Y6K9,11,4,0,2,0.7111333557243512,70.625,True,0.8827512860298157
3fx0__B1_Q9Y6K9--3fx0__A1_Q9Y6K9,12,2,2,2,0.7278621997324715,69.875,True,0.8203045129776001
3fx0__B1_Q9Y6K9--3fx0__A1_Q9Y6K9,13,2,3,2,0.7277875894618662,69.8125,True,0.8203045129776001
3fx0__B1_Q9Y6K9--3fx0__A1_Q9Y6K9,14,2,1,2,0.7304889134458397,69.5625,True,0.8051757216453552
3fx0__B1_Q9Y6K9--3fx0__A1_Q9Y6K9,15,4,2,2,0.7118198145322071,69.4375,True,0.868145763874054
3fx0__B1_Q9Y6K9--3fx0__A1_Q9Y6K9,16,4,3,2,0.7173207772627567,69.1875,True,0.8779598474502563
3fx0__B1_Q9Y6K9--3fx0__A1_Q9Y6K9,17,3,0,2,0.7000482460692817,67.375,True,0.8587712645530701
3fx0__B1_Q9Y6K9--3fx0__A1_Q9Y6K9,18,3,1,2,0.6978953189294987,66.5625,True,0.832360565662384
3fx0__B1_Q9Y6K9--3fx0__A1_Q9Y6K9,19,3,3,2,0.6945267416804187,66.25,True,0.8477054238319397
3fx0__B1_Q9Y6K9--3fx0__A1_Q9Y6K9,20,3,2,2,0.6970885958781997,66.125,True,0.8360561728477478
3gb8__A1_O14980--3gb8__B1_O95149,1,3,1,2,0.7200700079007746,86.125,True,0.14707346260547638
3gb8__A1_O14980--3gb8__B1_O95149,2,5,0,2,0.4238226279451398,78.75,True,0.38573965430259705
3gb8__A1_O14980--3gb8__B1_O95149,3,5,1,2,0.1774677180791114,73.9375,False,0.540971577167511
3gb8__A1_O14980--3gb8__B1_O95149,4,1,3,2,0.6475330878618707,73.125,True,0.006689266301691532
3gb8__A1_O14980--3gb8__B1_O95149,5,5,2,2,0.1985571424682887,71.125,False,0.3916977345943451
3gb8__A1_O14980--3gb8__B1_O95149,6,1,2,2,0.5172077611006283,70.4375,True,0.0114294970408082
3gb8__A1_O14980--3gb8__B1_O95149,7,5,3,2,0.191564747785924,69.8125,False,0.42432060837745667
3gb8__A1_O14980--3gb8__B1_O95149,8,1,1,2,0.5362302326935694,69.25,True,0.005005081184208393
3gb8__A1_O14980--3gb8__B1_O95149,9,4,1,2,0.1996237339144581,69.125,False,0.30508196353912354
3gb8__A1_O14980--3gb8__B1_O95149,10,3,2,2,0.3745727047123584,68.8125,True,0.7976480722427368
3gb8__A1_O14980--3gb8__B1_O95149,11,1,0,2,0.4168760318873737,68.5625,True,0.04541824385523796
3gb8__A1_O14980--3gb8__B1_O95149,12,4,2,2,0.5897970990341389,68.0,True,0.5060323476791382
3gb8__A1_O14980--3gb8__B1_O95149,13,3,0,2,0.2248035122569495,67.5625,False,0.6687436699867249
3gb8__A1_O14980--3gb8__B1_O95149,14,4,3,2,0.2561542408376407,66.75,True,0.33809512853622437
3gb8__A1_O14980--3gb8__B1_O95149,15,4,0,2,0.1809092384512746,66.375,False,0.32514137029647827
3gb8__A1_O14980--3gb8__B1_O95149,16,3,3,2,0.1691043320740309,64.1875,False,0.36202922463417053
3gb8__A1_O14980--3gb8__B1_O95149,17,2,3,2,0.1730520772041102,63.625,False,0.751537561416626
3gb8__A1_O14980--3gb8__B1_O95149,18,2,2,2,0.1645206005137779,62.96875,False,0.699647068977356
3gb8__A1_O14980--3gb8__B1_O95149,19,2,0,2,0.4050848760975052,61.65625,True,0.059458211064338684
3gb8__A1_O14980--3gb8__B1_O95149,20,2,1,2,0.1630029238004008,60.875,False,0.6244305372238159
3h8i__A1_Q7ZAG8--3h8i__B1_Q7ZAG8,1,1,0,1,0.0326334465885248,44.0,False,0.05967191234230995
3h8i__A1_Q7ZAG8--3h8i__B1_Q7ZAG8,2,4,0,1,0.0340335017767116,43.4375,False,0.06350735574960709
3h8i__A1_Q7ZAG8--3h8i__B1_Q7ZAG8,3,4,3,1,0.0336258708644445,41.96875,False,0.07720119506120682
3h8i__A1_Q7ZAG8--3h8i__B1_Q7ZAG8,4,1,3,1,0.0212075054992453,40.875,False,0.06045886129140854
3h8i__A1_Q7ZAG8--3h8i__B1_Q7ZAG8,5,4,2,1,0.0392260985073691,39.6875,False,0.2033715546131134
3h8i__A1_Q7ZAG8--3h8i__B1_Q7ZAG8,6,3,1,1,0.128010889253257,39.59375,False,0.0682564303278923
3h8i__A1_Q7ZAG8--3h8i__B1_Q7ZAG8,7,1,2,1,0.0687740264506918,37.5,False,0.21065247058868408
3h8i__A1_Q7ZAG8--3h8i__B1_Q7ZAG8,8,5,3,1,0.0859841553724081,35.375,False,0.26653775572776794
3h8i__A1_Q7ZAG8--3h8i__B1_Q7ZAG8,9,4,1,1,0.044181332129562,34.59375,False,0.1351584941148758
3h8i__A1_Q7ZAG8--3h8i__B1_Q7ZAG8,10,2,2,1,0.0865224087016895,33.375,False,0.927765429019928
3h8i__A1_Q7ZAG8--3h8i__B1_Q7ZAG8,11,3,3,1,0.085128518638546,33.28125,False,0.19009624421596527
3h8i__A1_Q7ZAG8--3h8i__B1_Q7ZAG8,12,3,0,1,0.2635506583469735,32.96875,True,0.10049579292535782
3h8i__A1_Q7ZAG8--3h8i__B1_Q7ZAG8,13,2,1,1,0.1036489919103302,32.90625,False,0.42935001850128174
3h8i__A1_Q7ZAG8--3h8i__B1_Q7ZAG8,14,2,3,1,0.1704660383576665,31.140625,False,0.14568370580673218
3h8i__A1_Q7ZAG8--3h8i__B1_Q7ZAG8,15,5,0,1,0.0998094932760853,30.921875,False,0.09497310221195221
3h8i__A1_Q7ZAG8--3h8i__B1_Q7ZAG8,16,5,2,1,0.0934462208417394,30.890625,False,0.3965909779071808
3h8i__A1_Q7ZAG8--3h8i__B1_Q7ZAG8,17,3,2,1,0.2755170095943864,30.671875,True,0.08002720028162003
3h8i__A1_Q7ZAG8--3h8i__B1_Q7ZAG8,18,2,0,1,0.0924840618584514,30.640625,False,0.09923385828733444
3h8i__A1_Q7ZAG8--3h8i__B1_Q7ZAG8,19,1,1,1,0.0292677863057711,29.9375,False,0.09219823777675629
3h8i__A1_Q7ZAG8--3h8i__B1_Q7ZAG8,20,5,1,1,0.0972632940365511,29.5,False,0.5723258852958679
3hkl__B1_Q62838--3hkl__A1_Q62838,1,4,2,3,0.008204245910455,50.0625,False,0.09157612919807434
3hkl__B1_Q62838--3hkl__A1_Q62838,2,1,3,3,0.0379889438721098,40.4375,False,0.03854285180568695
3hkl__B1_Q62838--3hkl__A1_Q62838,3,3,1,3,0.0085879773176011,34.625,False,0.0023706969805061817
3hkl__B1_Q62838--3hkl__A1_Q62838,4,3,2,3,0.0084859578050642,34.34375,False,0.007860815152525902
3hkl__B1_Q62838--3hkl__A1_Q62838,5,1,2,3,0.0434467711652029,31.765625,False,0.04858866706490517
3hkl__B1_Q62838--3hkl__A1_Q62838,6,1,1,3,0.0394597137747814,31.203125,False,0.06529957801103592
3hkl__B1_Q62838--3hkl__A1_Q62838,7,5,1,3,0.0084806585910445,28.078125,False,0.171881765127182
3hkl__B1_Q62838--3hkl__A1_Q62838,8,5,2,3,0.0084033130682995,26.828125,False,0.47268909215927124
3hkl__B1_Q62838--3hkl__A1_Q62838,9,3,3,3,0.0086468082591915,25.9375,False,0.00469173863530159
3hkl__B1_Q62838--3hkl__A1_Q62838,10,4,3,3,0.0093917804904675,25.296875,False,0.03917185962200165
3hkl__B1_Q62838--3hkl__A1_Q62838,11,1,0,3,0.0370985324495078,25.1875,False,0.05424092337489128
3hkl__B1_Q62838--3hkl__A1_Q62838,12,5,3,3,0.0090951649084438,25.03125,False,0.08924161642789841
3hkl__B1_Q62838--3hkl__A1_Q62838,13,3,0,3,0.0089613614062084,24.6875,False,0.28003254532814026
3hkl__B1_Q62838--3hkl__A1_Q62838,14,4,1,3,0.0085378704817099,23.359375,False,0.21891501545906067
3hkl__B1_Q62838--3hkl__A1_Q62838,15,5,0,3,0.0087452312041057,23.328125,False,0.11161050200462341
3hkl__B1_Q62838--3hkl__A1_Q62838,16,2,2,3,0.0098092301140706,22.90625,False,0.009217174723744392
3hkl__B1_Q62838--3hkl__A1_Q62838,17,2,1,3,0.0097473747108446,22.296875,False,0.006848206277936697
3hkl__B1_Q62838--3hkl__A1_Q62838,18,2,3,3,0.0090182083675962,20.453125,False,0.6504576206207275
3hkl__B1_Q62838--3hkl__A1_Q62838,19,2,0,3,0.0097527429315153,20.234375,False,0.00887828879058361
3hkl__B1_Q62838--3hkl__A1_Q62838,20,4,0,3,0.009840382899198,18.1875,False,0.02125505357980728
3i26__A1_P0C0V9--3i26__B1_P0C0V9,1,4,1,2,0.0267647281339286,39.875,False,0.009460321627557278
3i26__A1_P0C0V9--3i26__B1_P0C0V9,2,1,3,2,0.0084697969665879,25.015625,False,0.018648847937583923
3i26__A1_P0C0V9--3i26__B1_P0C0V9,3,4,3,2,0.0222153846972062,24.5,False,0.01648522913455963
3i26__A1_P0C0V9--3i26__B1_P0C0V9,4,1,2,2,0.0067362588886283,24.1875,False,0.011318838223814964
3i26__A1_P0C0V9--3i26__B1_P0C0V9,5,5,1,2,0.0254184930727832,23.84375,False,0.015216569416224957
3i26__A1_P0C0V9--3i26__B1_P0C0V9,6,5,0,2,0.0594727178339347,22.84375,False,0.01331498846411705
3i26__A1_P0C0V9--3i26__B1_P0C0V9,7,4,0,2,0.0077616610658962,22.65625,False,0.01833128184080124
3i26__A1_P0C0V9--3i26__B1_P0C0V9,8,5,3,2,0.1039135820818848,22.578125,False,0.013310059905052185
3i26__A1_P0C0V9--3i26__B1_P0C0V9,9,2,3,2,0.0621652133209668,22.5625,False,0.019178612157702446
3i26__A1_P0C0V9--3i26__B1_P0C0V9,10,4,2,2,0.0636616711988879,22.515625,False,0.009587072767317295
3i26__A1_P0C0V9--3i26__B1_P0C0V9,11,1,1,2,0.0338532530852587,22.1875,False,0.026656465604901314
3i26__A1_P0C0V9--3i26__B1_P0C0V9,12,2,0,2,0.0533768686283977,22.078125,False,0.011584922671318054
3i26__A1_P0C0V9--3i26__B1_P0C0V9,13,2,2,2,0.0820987163763566,21.8125,False,0.009052854962646961
3i26__A1_P0C0V9--3i26__B1_P0C0V9,14,5,2,2,0.0602132742716257,21.59375,False,0.020990608260035515
3i26__A1_P0C0V9--3i26__B1_P0C0V9,15,3,0,2,0.0513620739505585,21.40625,False,0.01967121846973896
3i26__A1_P0C0V9--3i26__B1_P0C0V9,16,3,1,2,0.0327074384797518,21.171875,False,0.01485686469823122
3i26__A1_P0C0V9--3i26__B1_P0C0V9,17,1,0,2,0.0416042088479651,21.140625,False,0.0344502255320549
3i26__A1_P0C0V9--3i26__B1_P0C0V9,18,2,1,2,0.0766448696155257,20.921875,False,0.017317606136202812
3i26__A1_P0C0V9--3i26__B1_P0C0V9,19,3,3,2,0.0404898747166313,20.8125,False,0.020040225237607956
3i26__A1_P0C0V9--3i26__B1_P0C0V9,20,3,2,2,0.0475742456135374,20.3125,False,0.013846038840711117
3jsb__A1_P14240--3jsb__A2_P14240,1,5,0,0,0.0217433755425049,24.171875,False,0.8214395642280579
3jsb__A1_P14240--3jsb__A2_P14240,2,3,2,0,0.022088875962404,23.0625,False,0.9979366064071655
3jsb__A1_P14240--3jsb__A2_P14240,3,5,1,0,0.0208311649883352,19.65625,False,0.999596893787384
3jsb__A1_P14240--3jsb__A2_P14240,4,3,1,0,0.023482502381445,19.0625,False,0.9988197684288025
3jsb__A1_P14240--3jsb__A2_P14240,5,3,3,0,0.02191968346173,18.375,False,0.9949527978897095
3jsb__A1_P14240--3jsb__A2_P14240,6,4,3,0,0.0083800197741436,18.328125,False,0.10051527619361877
3jsb__A1_P14240--3jsb__A2_P14240,7,5,2,0,0.0178523645176341,18.234375,False,0.9554104804992676
3jsb__A1_P14240--3jsb__A2_P14240,8,3,0,0,0.0244568340470346,17.578125,False,0.07085723429918289
3jsb__A1_P14240--3jsb__A2_P14240,9,5,3,0,0.0197579393632227,17.5,False,0.5113759636878967
3jsb__A1_P14240--3jsb__A2_P14240,10,2,1,0,0.029415688149115,17.375,False,0.03111920692026615
3jsb__A1_P14240--3jsb__A2_P14240,11,4,0,0,0.0103969282129956,17.1875,False,0.3425127863883972
3jsb__A1_P14240--3jsb__A2_P14240,12,1,1,0,0.039489401419763,17.109375,False,0.020081356167793274
3jsb__A1_P14240--3jsb__A2_P14240,13,2,3,0,0.0278743389864168,17.109375,False,0.048837706446647644
3jsb__A1_P14240--3jsb__A2_P14240,14,2,0,0,0.0289096475435132,17.0625,False,0.05371119827032089
3jsb__A1_P14240--3jsb__A2_P14240,15,4,1,0,0.0118275558721696,16.84375,False,0.35885387659072876
3jsb__A1_P14240--3jsb__A2_P14240,16,2,2,0,0.0284711227765344,16.828125,False,0.05298604443669319
3jsb__A1_P14240--3jsb__A2_P14240,17,1,0,0,0.0758956117365429,16.796875,False,0.04687919467687607
3jsb__A1_P14240--3jsb__A2_P14240,18,1,2,0,0.0757310411679682,16.71875,False,0.07117320597171783
3jsb__A1_P14240--3jsb__A2_P14240,19,1,3,0,0.0226186854391424,16.5625,False,0.03920610621571541
3jsb__A1_P14240--3jsb__A2_P14240,20,4,2,0,0.0099341494890017,16.453125,False,0.23516003787517548
3jtz__A1_Q9Z3B4--3jtz__A2_Q9Z3B4,1,4,1,0,0.8967332496827279,89.3125,True,0.30146652460098267
3jtz__A1_Q9Z3B4--3jtz__A2_Q9Z3B4,2,4,0,0,0.8801752779836326,89.25,True,0.35749551653862
3jtz__A1_Q9Z3B4--3jtz__A2_Q9Z3B4,3,4,2,0,0.8908281413627915,89.0625,True,0.30146652460098267
3jtz__A1_Q9Z3B4--3jtz__A2_Q9Z3B4,4,5,0,0,0.8803064077900672,88.875,True,0.3700076937675476
3jtz__A1_Q9Z3B4--3jtz__A2_Q9Z3B4,5,5,3,0,0.8736802489240442,88.8125,True,0.44863203167915344
3jtz__A1_Q9Z3B4--3jtz__A2_Q9Z3B4,6,4,3,0,0.8995804589290678,88.8125,True,0.30146652460098267
3jtz__A1_Q9Z3B4--3jtz__A2_Q9Z3B4,7,5,1,0,0.8720501020863874,88.5625,True,0.29420900344848633
3jtz__A1_Q9Z3B4--3jtz__A2_Q9Z3B4,8,5,2,0,0.8847798547846605,88.0625,True,0.4772222936153412
3jtz__A1_Q9Z3B4--3jtz__A2_Q9Z3B4,9,3,0,0,0.8839155518328488,85.6875,True,0.9999943971633911
3jtz__A1_Q9Z3B4--3jtz__A2_Q9Z3B4,10,3,3,0,0.8731576320265871,85.5,True,0.36973363161087036
3jtz__A1_Q9Z3B4--3jtz__A2_Q9Z3B4,11,1,2,0,0.2230512564824552,77.0,False,0.1730557531118393
3jtz__A1_Q9Z3B4--3jtz__A2_Q9Z3B4,12,1,0,0,0.2247678745781837,74.5625,False,0.1501658409833908
3jtz__A1_Q9Z3B4--3jtz__A2_Q9Z3B4,13,1,3,0,0.2181229756268925,73.625,False,0.11517201364040375
3jtz__A1_Q9Z3B4--3jtz__A2_Q9Z3B4,14,1,1,0,0.2218340966638962,68.375,False,0.1714003086090088
3jtz__A1_Q9Z3B4--3jtz__A2_Q9Z3B4,15,3,1,0,0.2272949294413292,39.65625,False,0.26688429713249207
3jtz__A1_Q9Z3B4--3jtz__A2_Q9Z3B4,16,3,2,0,0.3630010693476464,26.578125,True,0.26880088448524475
3jtz__A1_Q9Z3B4--3jtz__A2_Q9Z3B4,17,2,3,0,0.0300063644601275,20.40625,False,0.028069259598851204
3jtz__A1_Q9Z3B4--3jtz__A2_Q9Z3B4,18,2,2,0,0.0346121782807449,20.28125,False,0.06982014328241348
3jtz__A1_Q9Z3B4--3jtz__A2_Q9Z3B4,19,2,0,0,0.0480609174469819,20.1875,False,0.03991246595978737
3jtz__A1_Q9Z3B4--3jtz__A2_Q9Z3B4,20,2,1,0,0.0328744553568689,20.015625,False,0.022205153480172157
3k7v__A1_P30153--3k7v__B1_P67775,1,3,0,2,0.6058683779459383,90.625,True,0.9481767416000366
3k7v__A1_P30153--3k7v__B1_P67775,2,3,3,2,0.6031977773279308,89.8125,True,0.9418274164199829
3k7v__A1_P30153--3k7v__B1_P67775,3,1,3,2,0.6213713822481568,88.8125,True,0.8390189409255981
3k7v__A1_P30153--3k7v__B1_P67775,4,5,0,2,0.6222630543969808,88.75,True,0.8352481126785278
3k7v__A1_P30153--3k7v__B1_P67775,5,3,2,2,0.6010133602228377,87.8125,True,0.9282287359237671
3k7v__A1_P30153--3k7v__B1_P67775,6,3,1,2,0.5940181408312349,87.625,True,0.9513992667198181
3k7v__A1_P30153--3k7v__B1_P67775,7,1,0,2,0.6172729748002616,87.5625,True,0.9017192125320435
3k7v__A1_P30153--3k7v__B1_P67775,8,2,3,2,0.6077832773796535,87.5,True,0.927148699760437
3k7v__A1_P30153--3k7v__B1_P67775,9,5,1,2,0.6289194854629154,87.1875,True,0.8834559917449951
3k7v__A1_P30153--3k7v__B1_P67775,10,1,2,2,0.62219030666149,86.875,True,0.865656316280365
3k7v__A1_P30153--3k7v__B1_P67775,11,4,0,2,0.6273852301623587,86.625,True,0.8887182474136353
3k7v__A1_P30153--3k7v__B1_P67775,12,1,1,2,0.6101198692571655,85.4375,True,0.9019069671630859
3k7v__A1_P30153--3k7v__B1_P67775,13,4,2,2,0.628432795049504,84.75,True,0.8968178033828735
3k7v__A1_P30153--3k7v__B1_P67775,14,5,3,2,0.6450758211904005,84.125,True,0.8225736618041992
3k7v__A1_P30153--3k7v__B1_P67775,15,2,0,2,0.5987376594406891,83.1875,True,0.9782341122627258
3k7v__A1_P30153--3k7v__B1_P67775,16,2,1,2,0.6165007336859387,82.6875,True,0.9162774682044983
3k7v__A1_P30153--3k7v__B1_P67775,17,5,2,2,0.6308162387920694,82.625,True,0.8225788474082947
3k7v__A1_P30153--3k7v__B1_P67775,18,4,3,2,0.6151801745578696,82.5625,True,0.7940647602081299
3k7v__A1_P30153--3k7v__B1_P67775,19,4,1,2,0.6084406792537279,80.0625,True,0.8898033499717712
3k7v__A1_P30153--3k7v__B1_P67775,20,2,2,2,0.6029874899331036,79.6875,True,0.9030063152313232
3lbx__B1_P11277--3lbx__A1_P02549,1,5,1,0,0.695489232318411,83.6875,True,0.895085871219635
3lbx__B1_P11277--3lbx__A1_P02549,2,5,3,0,0.6956578017184446,83.625,True,0.895144522190094
3lbx__B1_P11277--3lbx__A1_P02549,3,5,2,0,0.6965729427511236,83.0625,True,0.8929358124732971
3lbx__B1_P11277--3lbx__A1_P02549,4,5,0,0,0.6973565024166871,82.8125,True,0.8906627893447876
3lbx__B1_P11277--3lbx__A1_P02549,5,4,1,0,0.701857125427516,82.6875,True,0.8996565341949463
3lbx__B1_P11277--3lbx__A1_P02549,6,4,2,0,0.7008995220961006,82.4375,True,0.8996565341949463
3lbx__B1_P11277--3lbx__A1_P02549,7,4,3,0,0.701562878455353,82.3125,True,0.8993148803710938
3lbx__B1_P11277--3lbx__A1_P02549,8,4,0,0,0.7008595367463872,82.3125,True,0.9064361453056335
3lbx__B1_P11277--3lbx__A1_P02549,9,3,3,0,0.6913538444211111,82.0625,True,0.888511061668396
3lbx__B1_P11277--3lbx__A1_P02549,10,3,2,0,0.6938518846045182,81.5,True,0.888511061668396
3lbx__B1_P11277--3lbx__A1_P02549,11,2,1,0,0.6811906281463168,81.4375,True,0.9060416221618652
3lbx__B1_P11277--3lbx__A1_P02549,12,3,0,0,0.686458579720456,81.375,True,0.8960843086242676
3lbx__B1_P11277--3lbx__A1_P02549,13,2,3,0,0.6846951630114514,81.3125,True,0.9060416221618652
3lbx__B1_P11277--3lbx__A1_P02549,14,1,1,0,0.6668592473588211,80.8125,True,0.9121373295783997
3lbx__B1_P11277--3lbx__A1_P02549,15,2,2,0,0.6921323173869625,80.75,True,0.9060416221618652
3lbx__B1_P11277--3lbx__A1_P02549,16,2,0,0,0.6859879117927875,80.3125,True,0.9060416221618652
3lbx__B1_P11277--3lbx__A1_P02549,17,1,0,0,0.6746221331504656,80.0,True,0.9121373295783997
3lbx__B1_P11277--3lbx__A1_P02549,18,1,2,0,0.6712042927390433,79.625,True,0.9121373295783997
3lbx__B1_P11277--3lbx__A1_P02549,19,1,3,0,0.6989812955039847,79.0,True,0.9121373295783997
3lbx__B1_P11277--3lbx__A1_P02549,20,3,1,0,0.6726582441029479,74.9375,True,0.888511061668396
3lcb__A1_Q8X607--3lcb__D2_P08200,1,4,1,2,0.774296384896862,80.8125,True,0.9416932463645935
3lcb__A1_Q8X607--3lcb__D2_P08200,2,1,1,2,0.8013913066191903,80.6875,True,0.8957792520523071
3lcb__A1_Q8X607--3lcb__D2_P08200,3,4,0,2,0.7679533473063285,79.9375,True,0.9447737336158752
3lcb__A1_Q8X607--3lcb__D2_P08200,4,4,2,2,0.7777747774249743,79.6875,True,0.9450190663337708
3lcb__A1_Q8X607--3lcb__D2_P08200,5,1,3,2,0.779281300548854,78.9375,True,0.917402446269989
3lcb__A1_Q8X607--3lcb__D2_P08200,6,1,2,2,0.7827581890448142,78.875,True,0.9140517711639404
3lcb__A1_Q8X607--3lcb__D2_P08200,7,4,3,2,0.7864806133365202,78.875,True,0.9365366101264954
3lcb__A1_Q8X607--3lcb__D2_P08200,8,1,0,2,0.7738629074859854,78.75,True,0.9279561042785645
3lcb__A1_Q8X607--3lcb__D2_P08200,9,5,1,2,0.7847115702397794,78.625,True,0.9364507794380188
3lcb__A1_Q8X607--3lcb__D2_P08200,10,5,3,2,0.7764460730440653,77.9375,True,0.9368695616722107
3lcb__A1_Q8X607--3lcb__D2_P08200,11,2,2,2,0.7571976414828855,77.875,True,0.8780460357666016
3lcb__A1_Q8X607--3lcb__D2_P08200,12,5,0,2,0.7741231389153431,77.8125,True,0.9325790405273438
3lcb__A1_Q8X607--3lcb__D2_P08200,13,5,2,2,0.7707087658881949,77.125,True,0.9330644011497498
3lcb__A1_Q8X607--3lcb__D2_P08200,14,2,1,2,0.7754599708727715,76.75,True,0.9529232382774353
3lcb__A1_Q8X607--3lcb__D2_P08200,15,2,3,2,0.7735885264308452,76.0,True,0.9405642747879028
3lcb__A1_Q8X607--3lcb__D2_P08200,16,2,0,2,0.7524813580670117,75.8125,True,0.9511527419090271
3lcb__A1_Q8X607--3lcb__D2_P08200,17,3,1,2,0.7606665857009868,75.0625,True,0.9311378598213196
3lcb__A1_Q8X607--3lcb__D2_P08200,18,3,3,2,0.761246289555516,74.9375,True,0.9028974175453186
3lcb__A1_Q8X607--3lcb__D2_P08200,19,3,2,2,0.7541659711074344,73.5,True,0.8773358464241028
3lcb__A1_Q8X607--3lcb__D2_P08200,20,3,0,2,0.7524429140963896,72.5625,True,0.9029461145401001
3lf6__B1_UNDEFINED--3lf6__A1_UNDEFINED,1,1,3,4,0.0605858682294215,85.5625,False,3.911884789431497e-07
3lf6__B1_UNDEFINED--3lf6__A1_UNDEFINED,2,2,1,4,0.060642874413449,84.375,False,9.133229639246565e-08
3lf6__B1_UNDEFINED--3lf6__A1_UNDEFINED,3,2,0,4,0.0609048371247647,84.0,False,8.778484072990977e-08
3lf6__B1_UNDEFINED--3lf6__A1_UNDEFINED,4,2,3,4,0.0608976297184778,83.8125,False,2.2219291295755283e-08
3lf6__B1_UNDEFINED--3lf6__A1_UNDEFINED,5,1,1,4,0.0587161909016705,82.8125,False,4.3870983290617005e-07
3lf6__B1_UNDEFINED--3lf6__A1_UNDEFINED,6,1,2,4,0.0614881396311556,81.75,False,8.103161519557034e-08
3lf6__B1_UNDEFINED--3lf6__A1_UNDEFINED,7,4,3,4,0.0593995547949254,81.6875,False,7.289997938642045e-08
3lf6__B1_UNDEFINED--3lf6__A1_UNDEFINED,8,4,2,4,0.0594012748516172,81.0625,False,8.469475432093532e-08
3lf6__B1_UNDEFINED--3lf6__A1_UNDEFINED,9,4,0,4,0.0594001660583656,80.8125,False,3.2241437963875796e-08
3lf6__B1_UNDEFINED--3lf6__A1_UNDEFINED,10,4,1,4,0.0594144619653283,80.0625,False,7.611460972611894e-08
3lf6__B1_UNDEFINED--3lf6__A1_UNDEFINED,11,2,2,4,0.0618301921322984,79.5,False,9.874491269101782e-08
3lf6__B1_UNDEFINED--3lf6__A1_UNDEFINED,12,1,0,4,0.0621227272433794,78.9375,False,7.906691621428763e-07
3lf6__B1_UNDEFINED--3lf6__A1_UNDEFINED,13,5,1,4,0.6513339367287345,75.625,True,0.8731421232223511
3lf6__B1_UNDEFINED--3lf6__A1_UNDEFINED,14,5,0,4,0.6713623416325408,74.625,True,0.882281482219696
3lf6__B1_UNDEFINED--3lf6__A1_UNDEFINED,15,5,2,4,0.658980531116545,71.5,True,0.8018569946289062
3lf6__B1_UNDEFINED--3lf6__A1_UNDEFINED,16,5,3,4,0.6391622977468571,71.0,True,0.8878486752510071
3lf6__B1_UNDEFINED--3lf6__A1_UNDEFINED,17,3,2,4,0.5742387773695,70.5625,True,0.0004723010351881385
3lf6__B1_UNDEFINED--3lf6__A1_UNDEFINED,18,3,3,4,0.5750688712743594,69.1875,True,0.00045368733117356896
3lf6__B1_UNDEFINED--3lf6__A1_UNDEFINED,19,3,1,4,0.5714890052309237,66.6875,True,0.000818404892925173
3lf6__B1_UNDEFINED--3lf6__A1_UNDEFINED,20,3,0,4,0.5694035635279393,65.1875,True,0.000818404892925173
3m7p__A1_P02751--3m7p__A2_P02751,1,2,0,0,0.0100457645835616,23.03125,False,0.028728006407618523
3m7p__A1_P02751--3m7p__A2_P02751,2,1,1,0,0.0083087668336601,21.71875,False,0.0387791246175766
3m7p__A1_P02751--3m7p__A2_P02751,3,1,2,0,0.0079748749170065,20.90625,False,0.02931390516459942
3m7p__A1_P02751--3m7p__A2_P02751,4,4,1,0,0.008027176653544,20.703125,False,0.04591231048107147
3m7p__A1_P02751--3m7p__A2_P02751,5,1,0,0,0.00947061218738,20.546875,False,0.03717082366347313
3m7p__A1_P02751--3m7p__A2_P02751,6,5,0,0,0.0080639090306685,20.546875,False,0.09176775068044662
3m7p__A1_P02751--3m7p__A2_P02751,7,4,3,0,0.0111136186970531,20.046875,False,0.025954866781830788
3m7p__A1_P02751--3m7p__A2_P02751,8,5,3,0,0.0087968836757029,19.765625,False,0.0729520320892334
3m7p__A1_P02751--3m7p__A2_P02751,9,4,2,0,0.0105852034099622,19.65625,False,0.027208618819713593
3m7p__A1_P02751--3m7p__A2_P02751,10,5,1,0,0.0099810545113719,19.078125,False,0.04179973527789116
3m7p__A1_P02751--3m7p__A2_P02751,11,4,0,0,0.0102182957404406,18.609375,False,0.037079937756061554
3m7p__A1_P02751--3m7p__A2_P02751,12,2,1,0,0.0106789263747316,18.328125,False,0.03261685371398926
3m7p__A1_P02751--3m7p__A2_P02751,13,1,3,0,0.0081866130064341,17.9375,False,0.032855480909347534
3m7p__A1_P02751--3m7p__A2_P02751,14,3,1,0,0.008887983103476,17.75,False,0.06734582036733627
3m7p__A1_P02751--3m7p__A2_P02751,15,3,3,0,0.0088030517402202,17.75,False,0.0625484362244606
3m7p__A1_P02751--3m7p__A2_P02751,16,2,3,0,0.0083233544455894,17.703125,False,0.02201373130083084
3m7p__A1_P02751--3m7p__A2_P02751,17,3,2,0,0.0093488898894861,17.1875,False,0.05929701775312424
3m7p__A1_P02751--3m7p__A2_P02751,18,2,2,0,0.0083058652218373,16.796875,False,0.027790334075689316
3m7p__A1_P02751--3m7p__A2_P02751,19,3,0,0,0.0104003562796135,16.40625,False,0.023782365024089813
3m7p__A1_P02751--3m7p__A2_P02751,20,5,2,0,0.0087813232972093,16.3125,False,0.05781485512852669
3mca__A1_O74774--3mca__B1_Q9USL5,1,4,2,0,0.5464294672961154,60.75,True,0.16475120186805725
3mca__A1_O74774--3mca__B1_Q9USL5,2,5,1,0,0.0709576079359438,56.03125,False,0.9937378168106079
3mca__A1_O74774--3mca__B1_Q9USL5,3,4,0,0,0.0975513889179878,55.4375,False,0.8940010666847229
3mca__A1_O74774--3mca__B1_Q9USL5,4,5,0,0,0.065812355897517,54.71875,False,0.9970190525054932
3mca__A1_O74774--3mca__B1_Q9USL5,5,5,3,0,0.0635050085353793,53.875,False,0.6832455992698669
3mca__A1_O74774--3mca__B1_Q9USL5,6,4,3,0,0.0765045800951229,53.375,False,0.7735130786895752
3mca__A1_O74774--3mca__B1_Q9USL5,7,3,3,0,0.0713165406440714,52.96875,False,0.30313390493392944
3mca__A1_O74774--3mca__B1_Q9USL5,8,1,0,0,0.1571694045916719,52.5,False,0.9934786558151245
3mca__A1_O74774--3mca__B1_Q9USL5,9,1,3,0,0.0640830323911781,52.1875,False,0.6227550506591797
3mca__A1_O74774--3mca__B1_Q9USL5,10,1,1,0,0.0762951699722745,52.15625,False,0.9522342681884766
3mca__A1_O74774--3mca__B1_Q9USL5,11,2,3,0,0.0672833081155556,51.28125,False,0.9828267097473145
3mca__A1_O74774--3mca__B1_Q9USL5,12,3,0,0,0.072159653194481,51.03125,False,0.948445737361908
3mca__A1_O74774--3mca__B1_Q9USL5,13,1,2,0,0.089355647937822,50.125,False,0.9994171857833862
3mca__A1_O74774--3mca__B1_Q9USL5,14,5,2,0,0.0807078298728932,49.53125,False,0.8647989630699158
3mca__A1_O74774--3mca__B1_Q9USL5,15,2,2,0,0.0959694936700464,48.1875,False,0.8632097840309143
3mca__A1_O74774--3mca__B1_Q9USL5,16,2,0,0,0.1331651184635053,48.125,False,0.9708275198936462
3mca__A1_O74774--3mca__B1_Q9USL5,17,2,1,0,0.0969221265319437,47.875,False,0.6383947730064392
3mca__A1_O74774--3mca__B1_Q9USL5,18,4,1,0,0.2187391140115853,46.1875,False,0.8464428782463074
3mca__A1_O74774--3mca__B1_Q9USL5,19,3,1,0,0.0826185294620616,45.25,False,0.708938717842102
3mca__A1_O74774--3mca__B1_Q9USL5,20,3,2,0,0.0714088934692145,44.8125,False,0.2534118890762329
3mlf__A1_UNDEFINED--3mlf__B1_UNDEFINED,1,5,3,3,0.5002940342760246,77.5,True,0.02425936982035637
3mlf__A1_UNDEFINED--3mlf__B1_UNDEFINED,2,5,0,3,0.5162007955800348,76.0625,True,0.0690930038690567
3mlf__A1_UNDEFINED--3mlf__B1_UNDEFINED,3,5,2,3,0.516504762009152,75.1875,True,0.02355261519551277
3mlf__A1_UNDEFINED--3mlf__B1_UNDEFINED,4,3,0,3,0.4868943058746398,51.8125,True,0.319663941860199
3mlf__A1_UNDEFINED--3mlf__B1_UNDEFINED,5,5,1,3,0.3105848501451125,30.21875,True,0.026160387322306633
3mlf__A1_UNDEFINED--3mlf__B1_UNDEFINED,6,3,2,3,0.2929545505699862,28.78125,True,0.07123102992773056
3mlf__A1_UNDEFINED--3mlf__B1_UNDEFINED,7,2,1,3,0.1121652022716521,24.59375,False,0.2342318296432495
3mlf__A1_UNDEFINED--3mlf__B1_UNDEFINED,8,2,0,3,0.1125399339790056,22.328125,False,0.20795166492462158
3mlf__A1_UNDEFINED--3mlf__B1_UNDEFINED,9,4,1,3,0.0992899620854501,20.25,False,0.09316851943731308
3mlf__A1_UNDEFINED--3mlf__B1_UNDEFINED,10,3,1,3,0.1053733273894179,18.734375,False,0.033049244433641434
3mlf__A1_UNDEFINED--3mlf__B1_UNDEFINED,11,1,2,3,0.161016754701962,18.0625,False,0.1738027036190033
3mlf__A1_UNDEFINED--3mlf__B1_UNDEFINED,12,4,3,3,0.1088198432023371,14.1875,False,0.05999472364783287
3mlf__A1_UNDEFINED--3mlf__B1_UNDEFINED,13,4,0,3,0.0630190404608536,13.4765625,False,0.1303493231534958
3mlf__A1_UNDEFINED--3mlf__B1_UNDEFINED,14,4,2,3,0.0743391745995302,12.765625,False,0.11183435469865799
3mlf__A1_UNDEFINED--3mlf__B1_UNDEFINED,15,3,3,3,0.1082477708886791,12.2734375,False,0.03355725482106209
3mlf__A1_UNDEFINED--3mlf__B1_UNDEFINED,16,2,2,3,0.022632014694704,12.0234375,False,0.035631947219371796
3mlf__A1_UNDEFINED--3mlf__B1_UNDEFINED,17,2,3,3,0.0341897911113972,11.21875,False,0.028742525726556778
3mlf__A1_UNDEFINED--3mlf__B1_UNDEFINED,18,1,1,3,0.0398762508714463,10.4140625,False,0.0809083953499794
3mlf__A1_UNDEFINED--3mlf__B1_UNDEFINED,19,1,3,3,0.0264914856951531,10.078125,False,0.03992220759391785
3mlf__A1_UNDEFINED--3mlf__B1_UNDEFINED,20,1,0,3,0.04800497000789,9.9609375,False,0.060016561299562454
3mxn__A1_Q9H9A7--3mxn__B1_Q96E14,1,5,1,3,0.7846595514823321,91.75,True,0.8377222418785095
3mxn__A1_Q9H9A7--3mxn__B1_Q96E14,2,5,2,3,0.8188177599000652,91.625,True,0.8717052340507507
3mxn__A1_Q9H9A7--3mxn__B1_Q96E14,3,5,3,3,0.8174516350060181,91.625,True,0.9088002443313599
3mxn__A1_Q9H9A7--3mxn__B1_Q96E14,4,3,1,3,0.820578633859469,91.4375,True,0.8662074208259583
3mxn__A1_Q9H9A7--3mxn__B1_Q96E14,5,3,2,3,0.8268281013296016,91.4375,True,0.8632280826568604
3mxn__A1_Q9H9A7--3mxn__B1_Q96E14,6,5,0,3,0.8176124214444287,91.4375,True,0.832043468952179
3mxn__A1_Q9H9A7--3mxn__B1_Q96E14,7,3,0,3,0.8299330850901555,91.375,True,0.8391269445419312
3mxn__A1_Q9H9A7--3mxn__B1_Q96E14,8,3,3,3,0.8233594929801676,91.3125,True,0.8276761770248413
3mxn__A1_Q9H9A7--3mxn__B1_Q96E14,9,1,2,3,0.8064457863397049,91.3125,True,0.8983727097511292
3mxn__A1_Q9H9A7--3mxn__B1_Q96E14,10,4,1,3,0.8123141713846872,91.25,True,0.9165272116661072
3mxn__A1_Q9H9A7--3mxn__B1_Q96E14,11,4,2,3,0.815919074573127,91.25,True,0.9085459113121033
3mxn__A1_Q9H9A7--3mxn__B1_Q96E14,12,4,0,3,0.8098152318554525,91.125,True,0.929613471031189
3mxn__A1_Q9H9A7--3mxn__B1_Q96E14,13,1,0,3,0.8112654787485534,91.125,True,0.8904759287834167
3mxn__A1_Q9H9A7--3mxn__B1_Q96E14,14,1,3,3,0.8076467839026659,91.125,True,0.9111710786819458
3mxn__A1_Q9H9A7--3mxn__B1_Q96E14,15,4,3,3,0.8188210289883217,91.125,True,0.9398669004440308
3mxn__A1_Q9H9A7--3mxn__B1_Q96E14,16,1,1,3,0.812154267975813,91.0625,True,0.899480938911438
3mxn__A1_Q9H9A7--3mxn__B1_Q96E14,17,2,2,3,0.8098656312833595,90.875,True,0.7859545350074768
3mxn__A1_Q9H9A7--3mxn__B1_Q96E14,18,2,3,3,0.8197325560309691,90.4375,True,0.8686644434928894
3mxn__A1_Q9H9A7--3mxn__B1_Q96E14,19,2,1,3,0.7885934418867744,90.375,True,0.8962786793708801
3mxn__A1_Q9H9A7--3mxn__B1_Q96E14,20,2,0,3,0.8043791092461556,90.125,True,0.8493591547012329
3n4i__A1_P0AD64--3n4i__B1_P35804,1,5,3,2,0.7135625553350368,93.0,True,0.019901463761925697
3n4i__A1_P0AD64--3n4i__B1_P35804,2,5,1,2,0.6865747980882024,92.75,True,0.7737255096435547
3n4i__A1_P0AD64--3n4i__B1_P35804,3,5,2,2,0.6243628899027205,92.6875,True,0.0694514736533165
3n4i__A1_P0AD64--3n4i__B1_P35804,4,3,3,2,0.690339880524764,92.5,True,0.9985729455947876
3n4i__A1_P0AD64--3n4i__B1_P35804,5,5,0,2,0.7256516484907606,92.3125,True,0.6856323480606079
3n4i__A1_P0AD64--3n4i__B1_P35804,6,4,1,2,0.7219036120799722,92.0625,True,0.7156707048416138
3n4i__A1_P0AD64--3n4i__B1_P35804,7,4,2,2,0.7270856695236748,91.8125,True,0.8452390432357788
3n4i__A1_P0AD64--3n4i__B1_P35804,8,3,1,2,0.7015812192005239,91.75,True,0.9985449314117432
3n4i__A1_P0AD64--3n4i__B1_P35804,9,3,2,2,0.7128601252045131,91.625,True,0.9997778534889221
3n4i__A1_P0AD64--3n4i__B1_P35804,10,4,3,2,0.7275289743195903,91.125,True,0.7871791124343872
3n4i__A1_P0AD64--3n4i__B1_P35804,11,3,0,2,0.722070582903128,91.0625,True,0.9971693158149719
3n4i__A1_P0AD64--3n4i__B1_P35804,12,1,0,2,0.7317082163745687,90.5,True,0.9999995231628418
3n4i__A1_P0AD64--3n4i__B1_P35804,13,4,0,2,0.7329147407800068,89.8125,True,0.7310507893562317
3n4i__A1_P0AD64--3n4i__B1_P35804,14,1,3,2,0.6945777240862538,88.8125,True,0.9999998807907104
3n4i__A1_P0AD64--3n4i__B1_P35804,15,1,2,2,0.7253873395766903,88.6875,True,0.9999997615814209
3n4i__A1_P0AD64--3n4i__B1_P35804,16,1,1,2,0.7322199276180417,87.8125,True,0.9999990463256836
3n4i__A1_P0AD64--3n4i__B1_P35804,17,2,3,2,0.7171849140368113,87.625,True,0.5670536160469055
3n4i__A1_P0AD64--3n4i__B1_P35804,18,2,1,2,0.0589010778652914,30.3125,False,0.0214975718408823
3n4i__A1_P0AD64--3n4i__B1_P35804,19,2,2,2,0.0587085208305376,28.3125,False,0.017140192911028862
3n4i__A1_P0AD64--3n4i__B1_P35804,20,2,0,2,0.0593717881340503,28.09375,False,0.017608603462576866
3n7e__A1_Q58AD3--3n7e__B1_Q58AD3,1,1,0,1,0.0957793563570699,72.1875,False,0.7438198328018188
3n7e__A1_Q58AD3--3n7e__B1_Q58AD3,2,1,2,1,0.0936181358605102,70.6875,False,0.6924381256103516
3n7e__A1_Q58AD3--3n7e__B1_Q58AD3,3,1,3,1,0.0945515053209254,69.875,False,0.6552181243896484
3n7e__A1_Q58AD3--3n7e__B1_Q58AD3,4,2,2,1,0.09893670235528,53.8125,False,0.06004102900624275
3n7e__A1_Q58AD3--3n7e__B1_Q58AD3,5,5,3,1,0.0376958091579524,31.484375,False,0.007396779488772154
3n7e__A1_Q58AD3--3n7e__B1_Q58AD3,6,5,2,1,0.036108844720231,30.40625,False,0.019091563299298286
3n7e__A1_Q58AD3--3n7e__B1_Q58AD3,7,5,1,1,0.0374525817890054,29.25,False,0.006178268697112799
3n7e__A1_Q58AD3--3n7e__B1_Q58AD3,8,5,0,1,0.0412681089682534,27.4375,False,0.010581101290881634
3n7e__A1_Q58AD3--3n7e__B1_Q58AD3,9,3,3,1,0.1012320044792887,26.390625,False,0.044679008424282074
3n7e__A1_Q58AD3--3n7e__B1_Q58AD3,10,3,1,1,0.0783235688422402,25.359375,False,0.6438019871711731
3n7e__A1_Q58AD3--3n7e__B1_Q58AD3,11,3,0,1,0.458831034053831,24.671875,True,0.09279371798038483
3n7e__A1_Q58AD3--3n7e__B1_Q58AD3,12,3,2,1,0.3787625754496761,23.78125,True,0.08401233702898026
3n7e__A1_Q58AD3--3n7e__B1_Q58AD3,13,2,3,1,0.0876410532102429,22.953125,False,0.44920971989631653
3n7e__A1_Q58AD3--3n7e__B1_Q58AD3,14,4,1,1,0.0710002279078078,16.703125,False,0.204387828707695
3n7e__A1_Q58AD3--3n7e__B1_Q58AD3,15,2,0,1,0.051560565595383,16.125,False,0.37920132279396057
3n7e__A1_Q58AD3--3n7e__B1_Q58AD3,16,1,1,1,0.0751658345261472,15.9921875,False,0.09785904735326767
3n7e__A1_Q58AD3--3n7e__B1_Q58AD3,17,2,1,1,0.0275574806315888,15.9296875,False,0.11409937590360641
3n7e__A1_Q58AD3--3n7e__B1_Q58AD3,18,4,0,1,0.0222588175813452,14.546875,False,0.040139585733413696
3n7e__A1_Q58AD3--3n7e__B1_Q58AD3,19,4,3,1,0.0181772919196672,14.390625,False,0.04564711079001427
3n7e__A1_Q58AD3--3n7e__B1_Q58AD3,20,4,2,1,0.0225696722901857,14.296875,False,0.11230900138616562
3n9y__A1_P05108--3n9y__C1_P10109,1,1,3,4,0.7691303787940557,90.5,True,0.9989301562309265
3n9y__A1_P05108--3n9y__C1_P10109,2,5,0,4,0.8003975332976804,90.3125,True,0.5620573163032532
3n9y__A1_P05108--3n9y__C1_P10109,3,5,3,4,0.7993155291128858,90.1875,True,0.08988124132156372
3n9y__A1_P05108--3n9y__C1_P10109,4,1,1,4,0.7664234421580952,90.1875,True,0.7598024606704712
3n9y__A1_P05108--3n9y__C1_P10109,5,3,2,4,0.8221636145331885,90.125,True,0.6698450446128845
3n9y__A1_P05108--3n9y__C1_P10109,6,1,0,4,0.7533984541193247,89.75,True,0.8761597275733948
3n9y__A1_P05108--3n9y__C1_P10109,7,5,2,4,0.793288730799207,89.75,True,0.635517954826355
3n9y__A1_P05108--3n9y__C1_P10109,8,5,1,4,0.7788804482299342,89.6875,True,0.18617938458919525
3n9y__A1_P05108--3n9y__C1_P10109,9,2,0,4,0.7289927468131777,89.625,True,0.9780535697937012
3n9y__A1_P05108--3n9y__C1_P10109,10,2,2,4,0.7512070392233491,89.1875,True,0.9999737739562988
3n9y__A1_P05108--3n9y__C1_P10109,11,4,2,4,0.7424138491683273,88.875,True,0.0014934813370928168
3n9y__A1_P05108--3n9y__C1_P10109,12,4,1,4,0.7558472964202491,88.875,True,0.15933533012866974
3n9y__A1_P05108--3n9y__C1_P10109,13,3,3,4,0.8370145293421464,88.875,True,0.9989327788352966
3n9y__A1_P05108--3n9y__C1_P10109,14,4,0,4,0.7635304397778975,88.75,True,0.3203403651714325
3n9y__A1_P05108--3n9y__C1_P10109,15,1,2,4,0.7545260000458421,88.6875,True,0.7699784636497498
3n9y__A1_P05108--3n9y__C1_P10109,16,2,1,4,0.7744806841203519,88.125,True,0.9496520757675171
3n9y__A1_P05108--3n9y__C1_P10109,17,3,1,4,0.6472641694297455,88.0625,True,0.34633031487464905
3n9y__A1_P05108--3n9y__C1_P10109,18,3,0,4,0.8091703888695062,87.8125,True,0.9383781552314758
3n9y__A1_P05108--3n9y__C1_P10109,19,2,3,4,0.7602343448082257,87.6875,True,0.7657656073570251
3n9y__A1_P05108--3n9y__C1_P10109,20,4,3,4,0.8284373776100145,87.5,True,0.9071326851844788
3nbe__A1_B2ZRS9--3nbe__B1_B2ZRS9,1,5,1,4,0.9395948959206104,90.875,True,1.0
3nbe__A1_B2ZRS9--3nbe__B1_B2ZRS9,2,5,2,4,0.9408476379972256,90.875,True,1.0
3nbe__A1_B2ZRS9--3nbe__B1_B2ZRS9,3,4,0,4,0.9515918462276688,90.8125,True,1.0
3nbe__A1_B2ZRS9--3nbe__B1_B2ZRS9,4,1,0,4,0.9559388240015766,90.8125,True,1.0
3nbe__A1_B2ZRS9--3nbe__B1_B2ZRS9,5,1,3,4,0.9446819379098104,90.6875,True,1.0
3nbe__A1_B2ZRS9--3nbe__B1_B2ZRS9,6,4,3,4,0.9470599017310928,90.625,True,1.0
3nbe__A1_B2ZRS9--3nbe__B1_B2ZRS9,7,4,2,4,0.945346684089184,90.4375,True,1.0
3nbe__A1_B2ZRS9--3nbe__B1_B2ZRS9,8,5,0,4,0.9291394585352084,90.0625,True,1.0
3nbe__A1_B2ZRS9--3nbe__B1_B2ZRS9,9,2,2,4,0.9378955227807724,89.9375,True,0.5385991930961609
3nbe__A1_B2ZRS9--3nbe__B1_B2ZRS9,10,5,3,4,0.9267065922702064,89.9375,True,1.0
3nbe__A1_B2ZRS9--3nbe__B1_B2ZRS9,11,1,1,4,0.8692755730019659,89.875,True,1.0
3nbe__A1_B2ZRS9--3nbe__B1_B2ZRS9,12,4,1,4,0.946703840283139,89.75,True,1.0
3nbe__A1_B2ZRS9--3nbe__B1_B2ZRS9,13,1,2,4,0.8847105136753456,89.625,True,1.0
3nbe__A1_B2ZRS9--3nbe__B1_B2ZRS9,14,2,3,4,0.938898368653541,88.9375,True,0.914401650428772
3nbe__A1_B2ZRS9--3nbe__B1_B2ZRS9,15,3,1,4,0.1127795550831499,79.6875,False,0.04772421345114708
3nbe__A1_B2ZRS9--3nbe__B1_B2ZRS9,16,3,0,4,0.1128868474175764,79.6875,False,0.03734093904495239
3nbe__A1_B2ZRS9--3nbe__B1_B2ZRS9,17,3,2,4,0.1124554055182962,78.75,False,0.04772421345114708
3nbe__A1_B2ZRS9--3nbe__B1_B2ZRS9,18,3,3,4,0.1127699255874895,78.625,False,0.04772421345114708
3nbe__A1_B2ZRS9--3nbe__B1_B2ZRS9,19,2,1,4,0.0815781396454766,35.9375,False,0.05327213555574417
3nbe__A1_B2ZRS9--3nbe__B1_B2ZRS9,20,2,0,4,0.0994361736749301,33.15625,False,0.08920738846063614
3nbf__A1_Q72GF3--3nbf__B1_Q72GF3,1,3,0,4,0.6055948510159368,82.625,True,0.3408680260181427
3nbf__A1_Q72GF3--3nbf__B1_Q72GF3,2,3,3,4,0.6151092027689042,82.25,True,0.6952652931213379
3nbf__A1_Q72GF3--3nbf__B1_Q72GF3,3,3,2,4,0.6155265338529654,81.75,True,0.7840822339057922
3nbf__A1_Q72GF3--3nbf__B1_Q72GF3,4,3,1,4,0.6347773070078785,81.125,True,0.686606764793396
3nbf__A1_Q72GF3--3nbf__B1_Q72GF3,5,4,2,4,0.6189528229504236,77.25,True,0.009183318354189396
3nbf__A1_Q72GF3--3nbf__B1_Q72GF3,6,4,3,4,0.6196720561214883,76.75,True,0.008718152530491352
3nbf__A1_Q72GF3--3nbf__B1_Q72GF3,7,4,0,4,0.4279229627294801,24.8125,True,0.4311907887458801
3nbf__A1_Q72GF3--3nbf__B1_Q72GF3,8,1,2,4,0.3076621043126881,23.484375,True,0.03726409003138542
3nbf__A1_Q72GF3--3nbf__B1_Q72GF3,9,1,0,4,0.2687120384231027,22.90625,True,0.00953251589089632
3nbf__A1_Q72GF3--3nbf__B1_Q72GF3,10,5,1,4,0.1191835668057753,21.3125,False,0.060833826661109924
3nbf__A1_Q72GF3--3nbf__B1_Q72GF3,11,2,3,4,0.0292014583935946,20.515625,False,0.281462162733078
3nbf__A1_Q72GF3--3nbf__B1_Q72GF3,12,2,0,4,0.0305946908500997,20.5,False,0.04021531715989113
3nbf__A1_Q72GF3--3nbf__B1_Q72GF3,13,2,2,4,0.0312767875157796,20.40625,False,0.34090307354927063
3nbf__A1_Q72GF3--3nbf__B1_Q72GF3,14,4,1,4,0.0065766744689402,20.171875,False,0.023042919114232063
3nbf__A1_Q72GF3--3nbf__B1_Q72GF3,15,1,1,4,0.1958603598218029,20.015625,False,0.13941524922847748
3nbf__A1_Q72GF3--3nbf__B1_Q72GF3,16,2,1,4,0.075851328635776,20.0,False,0.10938604176044464
3nbf__A1_Q72GF3--3nbf__B1_Q72GF3,17,1,3,4,0.1446978985252578,18.796875,False,0.14421279728412628
3nbf__A1_Q72GF3--3nbf__B1_Q72GF3,18,5,2,4,0.0159483448714669,18.6875,False,0.023078670725226402
3nbf__A1_Q72GF3--3nbf__B1_Q72GF3,19,5,0,4,0.1077857533933969,18.5625,False,0.10239534825086594
3nbf__A1_Q72GF3--3nbf__B1_Q72GF3,20,5,3,4,0.0857955714597952,18.375,False,0.018699096515774727
3njc__A1_P42955--3njc__B1_P42955,1,5,0,4,0.2275219995305719,83.5625,False,0.8489292860031128
3njc__A1_P42955--3njc__B1_P42955,2,5,1,4,0.226873470950718,83.4375,False,0.820507824420929
3njc__A1_P42955--3njc__B1_P42955,3,5,3,4,0.2273417789109873,83.125,False,0.8530069589614868
3njc__A1_P42955--3njc__B1_P42955,4,3,1,4,0.2266366861050855,82.0625,False,0.8112038373947144
3njc__A1_P42955--3njc__B1_P42955,5,5,2,4,0.2269990387952732,82.0625,False,0.876620888710022
3njc__A1_P42955--3njc__B1_P42955,6,3,2,4,0.2210180758838065,80.9375,False,0.8184389472007751
3njc__A1_P42955--3njc__B1_P42955,7,3,0,4,0.2244979845262833,80.3125,False,0.8170459866523743
3njc__A1_P42955--3njc__B1_P42955,8,3,3,4,0.227049640271659,80.3125,False,0.8152502775192261
3njc__A1_P42955--3njc__B1_P42955,9,4,1,4,0.2241838998751649,78.0,False,0.8834868669509888
3njc__A1_P42955--3njc__B1_P42955,10,4,0,4,0.226243890602007,77.25,False,0.8226156830787659
3njc__A1_P42955--3njc__B1_P42955,11,4,2,4,0.2273994886134734,76.875,False,0.9029903411865234
3njc__A1_P42955--3njc__B1_P42955,12,1,1,4,0.2226362691359624,74.625,False,0.8225914239883423
3njc__A1_P42955--3njc__B1_P42955,13,2,3,4,0.2207074535468209,74.375,False,0.8091982007026672
3njc__A1_P42955--3njc__B1_P42955,14,2,1,4,0.2231855440962729,74.1875,False,0.8080552816390991
3njc__A1_P42955--3njc__B1_P42955,15,1,0,4,0.2228060029578995,73.75,False,0.8233547210693359
3njc__A1_P42955--3njc__B1_P42955,16,2,2,4,0.2192483770232018,72.6875,False,0.8033472895622253
3njc__A1_P42955--3njc__B1_P42955,17,1,2,4,0.2240441816747726,72.4375,False,0.8215388059616089
3njc__A1_P42955--3njc__B1_P42955,18,2,0,4,0.2204114401761915,72.25,False,0.8107557892799377
3njc__A1_P42955--3njc__B1_P42955,19,1,3,4,0.2285711249382801,72.0625,False,0.8296537399291992
3njc__A1_P42955--3njc__B1_P42955,20,4,3,4,0.2339948868658261,72.0,True,0.9391161203384399
3nk4__A1_P79762--3nk4__B1_P79762,1,5,1,3,0.1675244445969802,29.765625,False,0.08332351595163345
3nk4__A1_P79762--3nk4__B1_P79762,2,2,3,3,0.1205552094065343,29.09375,False,0.19495831429958344
3nk4__A1_P79762--3nk4__B1_P79762,3,2,0,3,0.1255675261988499,28.859375,False,0.17821206152439117
3nk4__A1_P79762--3nk4__B1_P79762,4,2,2,3,0.1069089784144438,28.25,False,0.11678732931613922
3nk4__A1_P79762--3nk4__B1_P79762,5,2,1,3,0.0877896957595827,27.5,False,0.1336808055639267
3nk4__A1_P79762--3nk4__B1_P79762,6,5,0,3,0.1697040897579865,27.4375,False,0.1645077019929886
3nk4__A1_P79762--3nk4__B1_P79762,7,1,0,3,0.0992947443369732,26.765625,False,0.06741940230131149
3nk4__A1_P79762--3nk4__B1_P79762,8,1,2,3,0.088157078301598,26.71875,False,0.129847452044487
3nk4__A1_P79762--3nk4__B1_P79762,9,3,3,3,0.1517298834856921,26.65625,False,0.07780516147613525
3nk4__A1_P79762--3nk4__B1_P79762,10,3,2,3,0.0961693566604579,26.3125,False,0.06146003305912018
3nk4__A1_P79762--3nk4__B1_P79762,11,1,1,3,0.0885227745659666,26.0625,False,0.4765135943889618
3nk4__A1_P79762--3nk4__B1_P79762,12,1,3,3,0.0835570159009091,25.90625,False,0.5963893532752991
3nk4__A1_P79762--3nk4__B1_P79762,13,5,2,3,0.0673940413834004,24.828125,False,0.08138687908649445
3nk4__A1_P79762--3nk4__B1_P79762,14,3,0,3,0.0631683124440679,20.25,False,0.13101160526275635
3nk4__A1_P79762--3nk4__B1_P79762,15,4,1,3,0.0076341667217711,18.703125,False,0.056797560304403305
3nk4__A1_P79762--3nk4__B1_P79762,16,4,0,3,0.0107962039702872,18.46875,False,0.06404466181993484
3nk4__A1_P79762--3nk4__B1_P79762,17,4,3,3,0.0203552902743511,17.671875,False,0.09691649675369263
3nk4__A1_P79762--3nk4__B1_P79762,18,4,2,3,0.0311056451696766,17.625,False,0.04076194018125534
3nk4__A1_P79762--3nk4__B1_P79762,19,5,3,3,0.0218867706827818,17.390625,False,0.0749039500951767
3nk4__A1_P79762--3nk4__B1_P79762,20,3,1,3,0.014994862702091,16.75,False,0.06880681961774826
3nnf__A1_Q6DNF2--3nnf__A2_Q6DNF2,1,5,1,3,0.8508492998666316,79.8125,True,0.24107861518859863
3nnf__A1_Q6DNF2--3nnf__A2_Q6DNF2,2,4,2,3,0.7539524684134974,76.8125,True,0.8725553750991821
3nnf__A1_Q6DNF2--3nnf__A2_Q6DNF2,3,3,3,3,0.8220197613154748,75.1875,True,0.05992644280195236
3nnf__A1_Q6DNF2--3nnf__A2_Q6DNF2,4,1,2,3,0.6462915053041917,72.375,True,0.511637270450592
3nnf__A1_Q6DNF2--3nnf__A2_Q6DNF2,5,1,3,3,0.5265089327516596,69.6875,True,0.3133290410041809
3nnf__A1_Q6DNF2--3nnf__A2_Q6DNF2,6,5,2,3,0.6080485881354218,69.5625,True,0.0008655660203658044
3nnf__A1_Q6DNF2--3nnf__A2_Q6DNF2,7,3,2,3,0.5480283387740418,65.25,True,0.000293152523227036
3nnf__A1_Q6DNF2--3nnf__A2_Q6DNF2,8,4,3,3,0.5972226745469776,63.6875,True,0.7227430939674377
3nnf__A1_Q6DNF2--3nnf__A2_Q6DNF2,9,4,1,3,0.4963510485456094,63.0,True,0.9239267110824585
3nnf__A1_Q6DNF2--3nnf__A2_Q6DNF2,10,3,1,3,0.4432199385716457,61.03125,True,0.18907105922698975
3nnf__A1_Q6DNF2--3nnf__A2_Q6DNF2,11,2,3,3,0.4144179069406093,59.375,True,0.4547751247882843
3nnf__A1_Q6DNF2--3nnf__A2_Q6DNF2,12,3,0,3,0.5062688642890276,57.5625,True,0.014537341892719269
3nnf__A1_Q6DNF2--3nnf__A2_Q6DNF2,13,4,0,3,0.538863712908749,57.5,True,0.05697305500507355
3nnf__A1_Q6DNF2--3nnf__A2_Q6DNF2,14,1,1,3,0.4272782104892915,56.34375,True,0.3564261198043823
3nnf__A1_Q6DNF2--3nnf__A2_Q6DNF2,15,5,3,3,0.4752141589799545,52.71875,True,0.00036562434979714453
3nnf__A1_Q6DNF2--3nnf__A2_Q6DNF2,16,5,0,3,0.4570831931480457,51.78125,True,1.6658206050124136e-06
3nnf__A1_Q6DNF2--3nnf__A2_Q6DNF2,17,2,0,3,0.3238343856320043,51.40625,True,0.1713600903749466
3nnf__A1_Q6DNF2--3nnf__A2_Q6DNF2,18,1,0,3,0.3822525344489442,51.09375,True,0.5410504937171936
3nnf__A1_Q6DNF2--3nnf__A2_Q6DNF2,19,2,2,3,0.4280286496857886,49.75,True,0.9336668252944946
3nnf__A1_Q6DNF2--3nnf__A2_Q6DNF2,20,2,1,3,0.4202490540510048,49.25,True,0.9635811448097229
3o47__A1_P84077--3o47__A2_P84077,1,4,2,2,0.0222068951729669,20.015625,False,0.03719695284962654
3o47__A1_P84077--3o47__A2_P84077,2,4,0,2,0.0135867702871247,19.5625,False,0.036320336163043976
3o47__A1_P84077--3o47__A2_P84077,3,3,1,2,0.0123056370004202,19.40625,False,0.009904313832521439
3o47__A1_P84077--3o47__A2_P84077,4,4,1,2,0.0118829402260772,18.6875,False,0.036234281957149506
3o47__A1_P84077--3o47__A2_P84077,5,5,2,2,0.0166070634292345,18.640625,False,0.021340839564800262
3o47__A1_P84077--3o47__A2_P84077,6,5,1,2,0.014479102588238,18.203125,False,0.020505404099822044
3o47__A1_P84077--3o47__A2_P84077,7,3,3,2,0.0135014172644085,18.015625,False,0.013895529322326183
3o47__A1_P84077--3o47__A2_P84077,8,3,2,2,0.0110065355959421,17.984375,False,0.015472978353500366
3o47__A1_P84077--3o47__A2_P84077,9,5,0,2,0.010872174477415,17.953125,False,0.024025099352002144
3o47__A1_P84077--3o47__A2_P84077,10,2,3,2,0.0173350063366509,17.9375,False,0.034734487533569336
3o47__A1_P84077--3o47__A2_P84077,11,3,0,2,0.0099647603979674,17.9375,False,0.06267672032117844
3o47__A1_P84077--3o47__A2_P84077,12,2,2,2,0.0196579849719823,17.921875,False,0.028031978756189346
3o47__A1_P84077--3o47__A2_P84077,13,5,3,2,0.0175420903294685,17.84375,False,0.02904718555510044
3o47__A1_P84077--3o47__A2_P84077,14,1,3,2,0.0110906710582383,17.8125,False,0.01928682066500187
3o47__A1_P84077--3o47__A2_P84077,15,1,1,2,0.0113342936931822,17.75,False,0.0145630007609725
3o47__A1_P84077--3o47__A2_P84077,16,2,0,2,0.0412401385532801,17.515625,False,0.06093662604689598
3o47__A1_P84077--3o47__A2_P84077,17,4,3,2,0.0156378341353298,17.46875,False,0.023346100002527237
3o47__A1_P84077--3o47__A2_P84077,18,2,1,2,0.020575639089296,17.28125,False,0.06089704483747482
3o47__A1_P84077--3o47__A2_P84077,19,1,2,2,0.0108247782215854,17.125,False,0.016504544764757156
3o47__A1_P84077--3o47__A2_P84077,20,1,0,2,0.0140309425003508,16.921875,False,0.03651949390769005
3ph0__A1_Q1EHA4--3ph0__B1_Q1EHA2,1,5,1,0,0.2259660211714962,85.25,False,0.9732176661491394
3ph0__A1_Q1EHA4--3ph0__B1_Q1EHA2,2,5,0,0,0.2259082614272336,84.625,False,0.9732176661491394
3ph0__A1_Q1EHA4--3ph0__B1_Q1EHA2,3,5,2,0,0.2259276410359299,84.0625,False,0.9732176661491394
3ph0__A1_Q1EHA4--3ph0__B1_Q1EHA2,4,5,3,0,0.2260146096788735,84.0625,False,0.9863600134849548
3ph0__A1_Q1EHA4--3ph0__B1_Q1EHA2,5,4,0,0,0.220799129935547,82.8125,False,0.8556538820266724
3ph0__A1_Q1EHA4--3ph0__B1_Q1EHA2,6,4,2,0,0.226368718449528,82.75,False,0.9751841425895691
3ph0__A1_Q1EHA4--3ph0__B1_Q1EHA2,7,4,3,0,0.226494411234772,82.5625,False,0.9158757925033569
3ph0__A1_Q1EHA4--3ph0__B1_Q1EHA2,8,4,1,0,0.2152348501907051,81.0625,False,0.9122969508171082
3ph0__A1_Q1EHA4--3ph0__B1_Q1EHA2,9,1,1,0,0.8132205190217681,80.5,True,0.045986175537109375
3ph0__A1_Q1EHA4--3ph0__B1_Q1EHA2,10,1,0,0,0.8106113998605106,64.0625,True,0.11159919947385788
3ph0__A1_Q1EHA4--3ph0__B1_Q1EHA2,11,1,3,0,0.8162785767261832,59.09375,True,0.2053600698709488
3ph0__A1_Q1EHA4--3ph0__B1_Q1EHA2,12,1,2,0,0.8155724625411199,49.09375,True,0.323993057012558
3ph0__A1_Q1EHA4--3ph0__B1_Q1EHA2,13,2,3,0,0.7822082538110365,46.96875,True,0.4615626633167267
3ph0__A1_Q1EHA4--3ph0__B1_Q1EHA2,14,3,0,0,0.6884281744658907,30.484375,True,0.9913160800933838
3ph0__A1_Q1EHA4--3ph0__B1_Q1EHA2,15,3,3,0,0.7593941425420893,21.796875,True,0.9972659349441528
3ph0__A1_Q1EHA4--3ph0__B1_Q1EHA2,16,2,0,0,0.3134120048096345,18.140625,True,0.9970663189888
3ph0__A1_Q1EHA4--3ph0__B1_Q1EHA2,17,3,1,0,0.4303798345243059,16.78125,True,0.15182141959667206
3ph0__A1_Q1EHA4--3ph0__B1_Q1EHA2,18,2,2,0,0.6388590035061354,16.390625,True,0.9487668871879578
3ph0__A1_Q1EHA4--3ph0__B1_Q1EHA2,19,3,2,0,0.511393807252547,16.078125,True,0.21918454766273499
3ph0__A1_Q1EHA4--3ph0__B1_Q1EHA2,20,2,1,0,0.2903235007408009,14.6875,True,0.21484650671482086
3qsg__A1_C8WX00--3qsg__A2_C8WX00,1,1,3,0,0.5118393935769322,79.0,True,0.1615576148033142
3qsg__A1_C8WX00--3qsg__A2_C8WX00,2,1,0,0,0.4999121024845498,78.1875,True,0.303250789642334
3qsg__A1_C8WX00--3qsg__A2_C8WX00,3,1,2,0,0.5171499960785942,76.625,True,0.20392091572284698
3qsg__A1_C8WX00--3qsg__A2_C8WX00,4,1,1,0,0.4966195882764718,75.0625,True,0.16865800321102142
3qsg__A1_C8WX00--3qsg__A2_C8WX00,5,3,0,0,0.4558817519103909,70.4375,True,0.025067094713449478
3qsg__A1_C8WX00--3qsg__A2_C8WX00,6,2,3,0,0.32402200408083,69.25,True,0.804673433303833
3qsg__A1_C8WX00--3qsg__A2_C8WX00,7,4,1,0,0.1740865772279183,68.6875,False,0.8504525423049927
3qsg__A1_C8WX00--3qsg__A2_C8WX00,8,5,0,0,0.3098829659709221,68.1875,True,0.21798163652420044
3qsg__A1_C8WX00--3qsg__A2_C8WX00,9,2,1,0,0.3321538507992163,67.875,True,0.8941782712936401
3qsg__A1_C8WX00--3qsg__A2_C8WX00,10,2,2,0,0.3156020418168317,67.8125,True,0.5265481472015381
3qsg__A1_C8WX00--3qsg__A2_C8WX00,11,3,1,0,0.4415843422423526,67.5625,True,0.6739997863769531
3qsg__A1_C8WX00--3qsg__A2_C8WX00,12,5,3,0,0.3291321734018216,67.3125,True,0.21850533783435822
3qsg__A1_C8WX00--3qsg__A2_C8WX00,13,4,2,0,0.1737871968828644,66.875,False,0.873315155506134
3qsg__A1_C8WX00--3qsg__A2_C8WX00,14,4,0,0,0.1695376490713175,66.25,False,0.8342887163162231
3qsg__A1_C8WX00--3qsg__A2_C8WX00,15,4,3,0,0.3139771074913633,65.8125,True,0.48919984698295593
3qsg__A1_C8WX00--3qsg__A2_C8WX00,16,5,1,0,0.305332250498965,65.4375,True,0.23660652339458466
3qsg__A1_C8WX00--3qsg__A2_C8WX00,17,5,2,0,0.2970848733991728,65.1875,True,0.18642403185367584
3qsg__A1_C8WX00--3qsg__A2_C8WX00,18,3,3,0,0.2996569632846469,62.15625,True,0.7471202611923218
3qsg__A1_C8WX00--3qsg__A2_C8WX00,19,2,0,0,0.3228436941103819,61.875,True,0.8928065896034241
3qsg__A1_C8WX00--3qsg__A2_C8WX00,20,3,2,0,0.3014660518930462,61.53125,True,0.812384843826294
3qty__A1_Q5NGF2--3qty__B1_Q5NGF2,1,5,1,0,0.660866438974325,86.0625,True,0.9551898241043091
3qty__A1_Q5NGF2--3qty__B1_Q5NGF2,2,5,0,0,0.6448777240976127,86.0,True,0.9451506733894348
3qty__A1_Q5NGF2--3qty__B1_Q5NGF2,3,5,2,0,0.6794056846958334,85.875,True,0.942287802696228
3qty__A1_Q5NGF2--3qty__B1_Q5NGF2,4,5,3,0,0.668075711529104,85.3125,True,0.9261482357978821
3qty__A1_Q5NGF2--3qty__B1_Q5NGF2,5,1,0,0,0.6649430860729839,84.625,True,0.960386335849762
3qty__A1_Q5NGF2--3qty__B1_Q5NGF2,6,1,3,0,0.6591121044096205,83.625,True,0.870034396648407
3qty__A1_Q5NGF2--3qty__B1_Q5NGF2,7,2,0,0,0.6739127896591475,83.625,True,0.8833480477333069
3qty__A1_Q5NGF2--3qty__B1_Q5NGF2,8,1,2,0,0.6737751220726579,83.5,True,0.8896333575248718
3qty__A1_Q5NGF2--3qty__B1_Q5NGF2,9,2,3,0,0.6890240198656769,83.4375,True,0.8055286407470703
3qty__A1_Q5NGF2--3qty__B1_Q5NGF2,10,1,1,0,0.6524069891477352,83.375,True,0.9485920071601868
3qty__A1_Q5NGF2--3qty__B1_Q5NGF2,11,2,2,0,0.6745561214906489,82.8125,True,0.9027193188667297
3qty__A1_Q5NGF2--3qty__B1_Q5NGF2,12,2,1,0,0.6689643017259859,82.8125,True,0.898828387260437
3qty__A1_Q5NGF2--3qty__B1_Q5NGF2,13,4,0,0,0.6549210129782974,82.8125,True,0.9591618776321411
3qty__A1_Q5NGF2--3qty__B1_Q5NGF2,14,4,1,0,0.6602372968747529,82.5,True,0.9568091630935669
3qty__A1_Q5NGF2--3qty__B1_Q5NGF2,15,3,2,0,0.6971975796129181,82.25,True,0.9011910557746887
3qty__A1_Q5NGF2--3qty__B1_Q5NGF2,16,3,0,0,0.687228191079493,82.25,True,0.887148916721344
3qty__A1_Q5NGF2--3qty__B1_Q5NGF2,17,3,3,0,0.689174787431687,82.1875,True,0.9042667746543884
3qty__A1_Q5NGF2--3qty__B1_Q5NGF2,18,3,1,0,0.6689661252920757,81.875,True,0.9121090173721313
3qty__A1_Q5NGF2--3qty__B1_Q5NGF2,19,4,3,0,0.6281478303845386,81.5625,True,0.9452653527259827
3qty__A1_Q5NGF2--3qty__B1_Q5NGF2,20,4,2,0,0.6726434222755887,80.375,True,0.9202827215194702
3rg2__A1_P10378--3rg2__B1_P10378,1,1,2,2,0.2599284032640274,51.15625,True,0.024431243538856506
3rg2__A1_P10378--3rg2__B1_P10378,2,1,3,2,0.2612179367302474,51.125,True,0.04486618563532829
3rg2__A1_P10378--3rg2__B1_P10378,3,1,1,2,0.2629129006848332,50.84375,True,0.025165501981973648
3rg2__A1_P10378--3rg2__B1_P10378,4,5,1,2,0.1543584256146664,50.28125,False,0.011811038479208946
3rg2__A1_P10378--3rg2__B1_P10378,5,1,0,2,0.241109110859084,49.03125,True,0.10779023915529251
3rg2__A1_P10378--3rg2__B1_P10378,6,3,2,2,0.173675910883489,36.9375,False,0.06661663949489594
3rg2__A1_P10378--3rg2__B1_P10378,7,2,2,2,0.1391206540570677,25.671875,False,0.02530214935541153
3rg2__A1_P10378--3rg2__B1_P10378,8,4,1,2,0.1784792035047604,25.40625,False,0.07378920912742615
3rg2__A1_P10378--3rg2__B1_P10378,9,2,1,2,0.0100345056951434,24.140625,False,0.013476965017616749
3rg2__A1_P10378--3rg2__B1_P10378,10,4,0,2,0.1515341736875885,23.875,False,0.09537400305271149
3rg2__A1_P10378--3rg2__B1_P10378,11,2,0,2,0.1032340630520767,23.8125,False,0.017051469534635544
3rg2__A1_P10378--3rg2__B1_P10378,12,2,3,2,0.0114047366852585,23.734375,False,0.011921844445168972
3rg2__A1_P10378--3rg2__B1_P10378,13,4,2,2,0.1553570403159837,23.71875,False,0.4557996690273285
3rg2__A1_P10378--3rg2__B1_P10378,14,3,3,2,0.0072474110695177,23.6875,False,0.033297356218099594
3rg2__A1_P10378--3rg2__B1_P10378,15,3,1,2,0.1003663272872031,23.421875,False,0.027911975979804993
3rg2__A1_P10378--3rg2__B1_P10378,16,5,2,2,0.0113060522583178,23.265625,False,0.015233972109854221
3rg2__A1_P10378--3rg2__B1_P10378,17,4,3,2,0.1826474123981644,23.09375,False,0.18300220370292664
3rg2__A1_P10378--3rg2__B1_P10378,18,5,3,2,0.1255345527232173,22.625,False,0.054581522941589355
3rg2__A1_P10378--3rg2__B1_P10378,19,3,0,2,0.0510629725735724,22.578125,False,0.020493412390351295
3rg2__A1_P10378--3rg2__B1_P10378,20,5,0,2,0.0901434491505934,22.484375,False,0.039511289447546005
3sy3__A1_A0A6L8P3N5--3sy3__B1_A0A6L8P3N5,1,1,2,3,0.1400102743750942,51.5,False,0.12952445447444916
3sy3__A1_A0A6L8P3N5--3sy3__B1_A0A6L8P3N5,2,1,1,3,0.1466252329143298,51.4375,False,0.20607580244541168
3sy3__A1_A0A6L8P3N5--3sy3__B1_A0A6L8P3N5,3,1,0,3,0.1424714984417067,51.09375,False,0.20258216559886932
3sy3__A1_A0A6L8P3N5--3sy3__B1_A0A6L8P3N5,4,1,3,3,0.1372126458662837,47.53125,False,0.32888731360435486
3sy3__A1_A0A6L8P3N5--3sy3__B1_A0A6L8P3N5,5,5,1,3,0.192061736244044,28.96875,False,0.8010814785957336
3sy3__A1_A0A6L8P3N5--3sy3__B1_A0A6L8P3N5,6,5,3,3,0.2558409641565545,24.359375,True,0.7413084506988525
3sy3__A1_A0A6L8P3N5--3sy3__B1_A0A6L8P3N5,7,5,2,3,0.1212020730196884,20.71875,False,0.047876112163066864
3sy3__A1_A0A6L8P3N5--3sy3__B1_A0A6L8P3N5,8,5,0,3,0.3082764484642711,20.578125,True,0.04310005158185959
3sy3__A1_A0A6L8P3N5--3sy3__B1_A0A6L8P3N5,9,3,0,3,0.1545330136195786,20.453125,False,0.7840664982795715
3sy3__A1_A0A6L8P3N5--3sy3__B1_A0A6L8P3N5,10,4,3,3,0.0167538556644095,19.375,False,0.08689947426319122
3sy3__A1_A0A6L8P3N5--3sy3__B1_A0A6L8P3N5,11,3,1,3,0.1152426924687953,19.203125,False,0.3362530767917633
3sy3__A1_A0A6L8P3N5--3sy3__B1_A0A6L8P3N5,12,3,2,3,0.1349400757760166,18.984375,False,0.25401708483695984
3sy3__A1_A0A6L8P3N5--3sy3__B1_A0A6L8P3N5,13,4,2,3,0.0199624707671515,18.96875,False,0.10962352901697159
3sy3__A1_A0A6L8P3N5--3sy3__B1_A0A6L8P3N5,14,4,1,3,0.0214827831645903,18.75,False,0.10321319848299026
3sy3__A1_A0A6L8P3N5--3sy3__B1_A0A6L8P3N5,15,2,2,3,0.102507137316036,18.5,False,0.034855443984270096
3sy3__A1_A0A6L8P3N5--3sy3__B1_A0A6L8P3N5,16,3,3,3,0.2092508808553153,18.125,False,0.15846243500709534
3sy3__A1_A0A6L8P3N5--3sy3__B1_A0A6L8P3N5,17,2,1,3,0.0882332712956639,17.984375,False,0.02853039838373661
3sy3__A1_A0A6L8P3N5--3sy3__B1_A0A6L8P3N5,18,2,0,3,0.0583790075942667,17.90625,False,0.025470184162259102
3sy3__A1_A0A6L8P3N5--3sy3__B1_A0A6L8P3N5,19,2,3,3,0.0518527779400364,17.75,False,0.08368579298257828
3sy3__A1_A0A6L8P3N5--3sy3__B1_A0A6L8P3N5,20,4,0,3,0.0136553585456123,17.53125,False,0.04741938039660454
3tbi__B1_P0A8V2--3tbi__A1_P13338,1,4,3,2,0.7209228482762683,86.0625,True,0.9348642826080322
3tbi__B1_P0A8V2--3tbi__A1_P13338,2,4,1,2,0.7060587573377187,86.0,True,0.9465694427490234
3tbi__B1_P0A8V2--3tbi__A1_P13338,3,1,1,2,0.7402176671888512,85.5625,True,0.9203526973724365
3tbi__B1_P0A8V2--3tbi__A1_P13338,4,1,3,2,0.744303832890699,85.5,True,0.9203526973724365
3tbi__B1_P0A8V2--3tbi__A1_P13338,5,4,0,2,0.7179609340331053,85.4375,True,0.9471585154533386
3tbi__B1_P0A8V2--3tbi__A1_P13338,6,4,2,2,0.6965080362766535,85.4375,True,0.9465694427490234
3tbi__B1_P0A8V2--3tbi__A1_P13338,7,1,0,2,0.7210809179383667,85.25,True,0.9203526973724365
3tbi__B1_P0A8V2--3tbi__A1_P13338,8,5,3,2,0.7510159834235899,84.8125,True,0.8742665648460388
3tbi__B1_P0A8V2--3tbi__A1_P13338,9,1,2,2,0.7155096832834742,84.4375,True,0.9203526973724365
3tbi__B1_P0A8V2--3tbi__A1_P13338,10,3,2,2,0.695454759525093,84.375,True,0.9681232571601868
3tbi__B1_P0A8V2--3tbi__A1_P13338,11,3,3,2,0.6947961688965335,84.25,True,0.95478355884552
3tbi__B1_P0A8V2--3tbi__A1_P13338,12,5,1,2,0.7190771682725159,84.25,True,0.9406048059463501
3tbi__B1_P0A8V2--3tbi__A1_P13338,13,3,1,2,0.7008706346829362,83.8125,True,0.9651934504508972
3tbi__B1_P0A8V2--3tbi__A1_P13338,14,5,0,2,0.699090167476815,83.8125,True,0.9446859359741211
3tbi__B1_P0A8V2--3tbi__A1_P13338,15,3,0,2,0.6852344451544639,83.8125,True,0.9618164300918579
3tbi__B1_P0A8V2--3tbi__A1_P13338,16,2,3,2,0.7316642725591724,83.625,True,0.9602182507514954
3tbi__B1_P0A8V2--3tbi__A1_P13338,17,2,1,2,0.6921570486646379,83.3125,True,0.9505614638328552
3tbi__B1_P0A8V2--3tbi__A1_P13338,18,2,2,2,0.6978957363632946,83.0,True,0.9527905583381653
3tbi__B1_P0A8V2--3tbi__A1_P13338,19,5,2,2,0.7066660977311064,78.3125,True,0.8148382306098938
3tbi__B1_P0A8V2--3tbi__A1_P13338,20,2,0,2,0.6947511416381354,77.0,True,0.8338954448699951
3teq__C1_Q13586--3teq__A1_Q13586,1,4,2,1,0.8955632320961543,83.4375,True,0.3430519998073578
3teq__C1_Q13586--3teq__A1_Q13586,2,4,0,1,0.8953583790013854,83.375,True,0.26952746510505676
3teq__C1_Q13586--3teq__A1_Q13586,3,4,1,1,0.9043071664497218,83.1875,True,0.26952746510505676
3teq__C1_Q13586--3teq__A1_Q13586,4,4,3,1,0.9026542335041172,82.9375,True,0.34566617012023926
3teq__C1_Q13586--3teq__A1_Q13586,5,1,0,1,0.165667121203641,81.75,False,0.5828419923782349
3teq__C1_Q13586--3teq__A1_Q13586,6,1,1,1,0.1657121417317836,80.8125,False,0.7122474908828735
3teq__C1_Q13586--3teq__A1_Q13586,7,5,2,1,0.1450967073074217,80.6875,False,0.5341715812683105
3teq__C1_Q13586--3teq__A1_Q13586,8,5,0,1,0.1449883928274927,80.4375,False,0.5051047801971436
3teq__C1_Q13586--3teq__A1_Q13586,9,1,2,1,0.1658158854271912,80.3125,False,0.6487374305725098
3teq__C1_Q13586--3teq__A1_Q13586,10,3,2,1,0.1520366908343476,80.25,False,0.715469479560852
3teq__C1_Q13586--3teq__A1_Q13586,11,5,3,1,0.1519475172784935,80.1875,False,0.5290950536727905
3teq__C1_Q13586--3teq__A1_Q13586,12,5,1,1,0.1518887066186804,80.125,False,0.5681007504463196
3teq__C1_Q13586--3teq__A1_Q13586,13,1,3,1,0.1659614221485318,80.0,False,0.6406893134117126
3teq__C1_Q13586--3teq__A1_Q13586,14,3,1,1,0.1521068243293178,79.8125,False,0.7334932684898376
3teq__C1_Q13586--3teq__A1_Q13586,15,3,0,1,0.1518841358606175,79.8125,False,0.7735388278961182
3teq__C1_Q13586--3teq__A1_Q13586,16,2,0,1,0.14532634646223,79.5,False,0.6893998980522156
3teq__C1_Q13586--3teq__A1_Q13586,17,3,3,1,0.1519849014622668,79.375,False,0.7120549082756042
3teq__C1_Q13586--3teq__A1_Q13586,18,2,1,1,0.1452109924267368,78.5625,False,0.7587132453918457
3teq__C1_Q13586--3teq__A1_Q13586,19,2,3,1,0.1454099201946831,78.5,False,0.6522875428199768
3teq__C1_Q13586--3teq__A1_Q13586,20,2,2,1,0.145518474936191,77.8125,False,0.5333359241485596
3thf__A1_A1Z9P3--3thf__B1_A1Z9P3,1,1,2,0,0.6890509467421393,76.0625,True,0.5268036127090454
3thf__A1_A1Z9P3--3thf__B1_A1Z9P3,2,1,0,0,0.7515894128641415,75.5625,True,0.3983854353427887
3thf__A1_A1Z9P3--3thf__B1_A1Z9P3,3,3,2,0,0.6950700539852884,68.3125,True,0.4191204905509949
3thf__A1_A1Z9P3--3thf__B1_A1Z9P3,4,3,1,0,0.7099718766281086,67.375,True,0.41580498218536377
3thf__A1_A1Z9P3--3thf__B1_A1Z9P3,5,4,2,0,0.0086316959001751,24.390625,False,0.021597500890493393
3thf__A1_A1Z9P3--3thf__B1_A1Z9P3,6,5,2,0,0.0158620548016828,19.96875,False,0.020159274339675903
3thf__A1_A1Z9P3--3thf__B1_A1Z9P3,7,2,1,0,0.037826470772541,19.5,False,0.1189492866396904
3thf__A1_A1Z9P3--3thf__B1_A1Z9P3,8,5,1,0,0.0245306542094473,19.359375,False,0.022517483681440353
3thf__A1_A1Z9P3--3thf__B1_A1Z9P3,9,3,3,0,0.0147539827530686,19.3125,False,0.04866597428917885
3thf__A1_A1Z9P3--3thf__B1_A1Z9P3,10,1,1,0,0.0126861102297142,18.28125,False,0.040903668850660324
3thf__A1_A1Z9P3--3thf__B1_A1Z9P3,11,5,3,0,0.0136157883064773,18.015625,False,0.018331453204154968
3thf__A1_A1Z9P3--3thf__B1_A1Z9P3,12,3,0,0,0.0166645410654818,17.9375,False,0.0187167227268219
3thf__A1_A1Z9P3--3thf__B1_A1Z9P3,13,2,3,0,0.0349546723251845,17.453125,False,0.06333763897418976
3thf__A1_A1Z9P3--3thf__B1_A1Z9P3,14,4,1,0,0.0191985975901697,17.375,False,0.03068317100405693
3thf__A1_A1Z9P3--3thf__B1_A1Z9P3,15,2,0,0,0.0203782622564205,17.375,False,0.05418656766414642
3thf__A1_A1Z9P3--3thf__B1_A1Z9P3,16,5,0,0,0.0280719832900791,17.171875,False,0.04260823875665665
3thf__A1_A1Z9P3--3thf__B1_A1Z9P3,17,4,3,0,0.012359956403004,17.09375,False,0.018862828612327576
3thf__A1_A1Z9P3--3thf__B1_A1Z9P3,18,4,0,0,0.0118151681957335,16.90625,False,0.0498400442302227
3thf__A1_A1Z9P3--3thf__B1_A1Z9P3,19,1,3,0,0.0094207276769993,16.890625,False,0.022107865661382675
3thf__A1_A1Z9P3--3thf__B1_A1Z9P3,20,2,2,0,0.0586454378271012,16.578125,False,0.02049090340733528
3toj__B1_Q9UBL3--3toj__A1_Q9UBL3,1,1,1,2,0.1410795601565083,61.5,False,0.022696156054735184
3toj__B1_Q9UBL3--3toj__A1_Q9UBL3,2,1,3,2,0.1375644968840705,58.71875,False,0.04829053208231926
3toj__B1_Q9UBL3--3toj__A1_Q9UBL3,3,1,2,2,0.3711165766853705,48.53125,True,0.05537929758429527
3toj__B1_Q9UBL3--3toj__A1_Q9UBL3,4,2,0,2,0.2821718621899126,48.1875,True,0.07277634739875793
3toj__B1_Q9UBL3--3toj__A1_Q9UBL3,5,3,0,2,0.3434079335423097,47.53125,True,0.14496362209320068
3toj__B1_Q9UBL3--3toj__A1_Q9UBL3,6,2,3,2,0.1396527723961912,47.1875,False,0.27597934007644653
3toj__B1_Q9UBL3--3toj__A1_Q9UBL3,7,1,0,2,0.3838283607872171,47.0,True,0.23122255504131317
3toj__B1_Q9UBL3--3toj__A1_Q9UBL3,8,3,2,2,0.3489039705892335,46.375,True,0.0384051613509655
3toj__B1_Q9UBL3--3toj__A1_Q9UBL3,9,2,1,2,0.2741538553266795,41.5625,True,0.04842999204993248
3toj__B1_Q9UBL3--3toj__A1_Q9UBL3,10,2,2,2,0.1827388911115224,28.015625,False,0.026505528017878532
3toj__B1_Q9UBL3--3toj__A1_Q9UBL3,11,5,0,2,0.0285508745451897,21.109375,False,0.015974929556250572
3toj__B1_Q9UBL3--3toj__A1_Q9UBL3,12,5,1,2,0.0263340377296999,20.59375,False,0.012592933140695095
3toj__B1_Q9UBL3--3toj__A1_Q9UBL3,13,5,3,2,0.053549789091262,18.203125,False,0.008826964534819126
3toj__B1_Q9UBL3--3toj__A1_Q9UBL3,14,3,3,2,0.0062893812741078,18.109375,False,0.013351485133171082
3toj__B1_Q9UBL3--3toj__A1_Q9UBL3,15,5,2,2,0.0333087132980147,17.6875,False,0.012592908926308155
3toj__B1_Q9UBL3--3toj__A1_Q9UBL3,16,4,0,2,0.0241890498348859,17.46875,False,0.008840320631861687
3toj__B1_Q9UBL3--3toj__A1_Q9UBL3,17,4,2,2,0.0114125362300298,16.25,False,0.0096074054017663
3toj__B1_Q9UBL3--3toj__A1_Q9UBL3,18,4,3,2,0.0072755643416748,16.140625,False,0.013007591478526592
3toj__B1_Q9UBL3--3toj__A1_Q9UBL3,19,3,1,2,0.0066318601396856,16.125,False,0.007001570425927639
3toj__B1_Q9UBL3--3toj__A1_Q9UBL3,20,4,1,2,0.0101515921630066,15.9453125,False,0.012176288291811943
3u3q__A1_O75509--3u3q__A2_O75509,1,2,0,2,0.4820925216378145,36.25,True,0.010388417169451714
3u3q__A1_O75509--3u3q__A2_O75509,2,2,1,2,0.0906760000117209,29.171875,False,0.0077714561484754086
3u3q__A1_O75509--3u3q__A2_O75509,3,2,2,2,0.099274961793063,26.828125,False,0.007610751781612635
3u3q__A1_O75509--3u3q__A2_O75509,4,2,3,2,0.3138663471162635,25.65625,True,0.017477577552199364
3u3q__A1_O75509--3u3q__A2_O75509,5,1,0,2,0.147973027927471,20.1875,False,0.023371199145913124
3u3q__A1_O75509--3u3q__A2_O75509,6,4,2,2,0.0275122082711131,20.140625,False,0.0349893793463707
3u3q__A1_O75509--3u3q__A2_O75509,7,3,0,2,0.0331518231607191,18.34375,False,0.014136801473796368
3u3q__A1_O75509--3u3q__A2_O75509,8,1,3,2,0.0860355061297298,18.109375,False,0.010571501217782497
3u3q__A1_O75509--3u3q__A2_O75509,9,3,2,2,0.0342484108361526,18.09375,False,0.014419871382415295
3u3q__A1_O75509--3u3q__A2_O75509,10,5,1,2,0.0914759242399248,17.9375,False,0.011428548954427242
3u3q__A1_O75509--3u3q__A2_O75509,11,3,3,2,0.0351676711348204,17.578125,False,0.0072094472125172615
3u3q__A1_O75509--3u3q__A2_O75509,12,4,1,2,0.0329404855100309,17.5,False,0.03553222119808197
3u3q__A1_O75509--3u3q__A2_O75509,13,5,0,2,0.050184007637679,17.3125,False,0.021799003705382347
3u3q__A1_O75509--3u3q__A2_O75509,14,4,0,2,0.0323417260249061,17.078125,False,0.028387678787112236
3u3q__A1_O75509--3u3q__A2_O75509,15,5,3,2,0.3514382268831481,17.078125,True,0.00752723403275013
3u3q__A1_O75509--3u3q__A2_O75509,16,4,3,2,0.0349336767402538,16.890625,False,0.01072557084262371
3u3q__A1_O75509--3u3q__A2_O75509,17,3,1,2,0.0356015463171414,16.796875,False,0.020227475091814995
3u3q__A1_O75509--3u3q__A2_O75509,18,1,1,2,0.0641777778561683,16.796875,False,0.023720044642686844
3u3q__A1_O75509--3u3q__A2_O75509,19,5,2,2,0.2230363847943179,16.53125,False,0.011337615549564362
3u3q__A1_O75509--3u3q__A2_O75509,20,1,2,2,0.2254767610672601,16.390625,False,0.02632826939225197
3u73__A1_Q03405--3u73__B1_P00749,1,5,2,4,0.1966776094857323,65.5625,False,1.0
3u73__A1_Q03405--3u73__B1_P00749,2,5,1,4,0.2001532918945409,65.25,False,1.0
3u73__A1_Q03405--3u73__B1_P00749,3,4,2,4,0.2142448850739639,64.3125,False,1.0
3u73__A1_Q03405--3u73__B1_P00749,4,4,3,4,0.209057526298504,63.9375,False,1.0
3u73__A1_Q03405--3u73__B1_P00749,5,1,0,4,0.202702499247951,63.90625,False,0.9228837490081787
3u73__A1_Q03405--3u73__B1_P00749,6,2,1,4,0.2114663036469565,63.1875,False,0.020943649113178253
3u73__A1_Q03405--3u73__B1_P00749,7,4,1,4,0.2174418000329235,63.15625,False,1.0
3u73__A1_Q03405--3u73__B1_P00749,8,4,0,4,0.2224304803362251,62.34375,False,1.0
3u73__A1_Q03405--3u73__B1_P00749,9,5,3,4,0.2103783714179532,59.25,False,1.0
3u73__A1_Q03405--3u73__B1_P00749,10,1,1,4,0.2928888003055914,59.0,True,0.8501879572868347
3u73__A1_Q03405--3u73__B1_P00749,11,1,2,4,0.2945917649248702,58.53125,True,0.8117283582687378
3u73__A1_Q03405--3u73__B1_P00749,12,3,3,4,0.204203813623307,57.03125,False,1.0
3u73__A1_Q03405--3u73__B1_P00749,13,5,0,4,0.2190368357315158,54.03125,False,1.0
3u73__A1_Q03405--3u73__B1_P00749,14,1,3,4,0.2251942931356685,53.0625,False,0.9433981776237488
3u73__A1_Q03405--3u73__B1_P00749,15,3,0,4,0.2026964961603406,48.5625,False,1.0
3u73__A1_Q03405--3u73__B1_P00749,16,2,0,4,0.1902120215268521,37.90625,False,0.004853641148656607
3u73__A1_Q03405--3u73__B1_P00749,17,2,2,4,0.153332127310532,33.125,False,0.00417314050719142
3u73__A1_Q03405--3u73__B1_P00749,18,2,3,4,0.1606377905031959,28.65625,False,0.005483170971274376
3u73__A1_Q03405--3u73__B1_P00749,19,3,1,4,0.1323432021759334,24.234375,False,0.015566905029118061
3u73__A1_Q03405--3u73__B1_P00749,20,3,2,4,0.0585201280045492,22.625,False,0.02460639178752899
3ua3__A1_P46580--3ua3__B1_P46580,1,2,2,4,0.0377440255739999,79.1875,False,0.10300244390964508
3ua3__A1_P46580--3ua3__B1_P46580,2,1,0,4,0.0343409797826511,75.375,False,0.019111964851617813
3ua3__A1_P46580--3ua3__B1_P46580,3,5,0,4,0.030967932107935,73.5,False,0.9999970197677612
3ua3__A1_P46580--3ua3__B1_P46580,4,4,2,4,0.0377576556750334,73.375,False,0.7295570373535156
3ua3__A1_P46580--3ua3__B1_P46580,5,1,2,4,0.034317501608709,73.375,False,0.13854216039180756
3ua3__A1_P46580--3ua3__B1_P46580,6,5,1,4,0.0309748794729077,72.75,False,0.9999792575836182
3ua3__A1_P46580--3ua3__B1_P46580,7,5,2,4,0.0343857621763632,69.0,False,0.9999985694885254
3ua3__A1_P46580--3ua3__B1_P46580,8,1,3,4,0.0411288082979109,68.8125,False,0.7043271660804749
3ua3__A1_P46580--3ua3__B1_P46580,9,1,1,4,0.0343430939187755,68.3125,False,0.7360138297080994
3ua3__A1_P46580--3ua3__B1_P46580,10,2,3,4,0.0411003606951363,67.875,False,0.5882967710494995
3ua3__A1_P46580--3ua3__B1_P46580,11,5,3,4,0.0343579262176117,66.0625,False,0.9995337724685669
3ua3__A1_P46580--3ua3__B1_P46580,12,3,2,4,0.03775882508613,65.9375,False,0.5366764068603516
3ua3__A1_P46580--3ua3__B1_P46580,13,4,0,4,0.0410912544837205,64.875,False,0.4750514030456543
3ua3__A1_P46580--3ua3__B1_P46580,14,4,3,4,0.5349389117908868,64.1875,True,0.04714661091566086
3ua3__A1_P46580--3ua3__B1_P46580,15,3,0,4,0.0410834607626414,62.21875,False,0.6272937059402466
3ua3__A1_P46580--3ua3__B1_P46580,16,4,1,4,0.0343734276859141,61.625,False,0.6031635403633118
3ua3__A1_P46580--3ua3__B1_P46580,17,3,3,4,0.0343463940148964,58.375,False,0.06759440153837204
3ua3__A1_P46580--3ua3__B1_P46580,18,2,1,4,0.0378065016106206,58.09375,False,0.9745936393737793
3ua3__A1_P46580--3ua3__B1_P46580,19,3,1,4,0.0411104085372783,56.6875,False,0.18551117181777954
3ua3__A1_P46580--3ua3__B1_P46580,20,2,0,4,0.0310787745504602,51.875,False,0.959220290184021
3up1__A1_P16871--3up1__B1_P16871,1,1,2,2,0.5920188744986378,76.875,True,0.9826884865760803
3up1__A1_P16871--3up1__B1_P16871,2,2,0,2,0.6163902759015762,70.125,True,0.02449614740908146
3up1__A1_P16871--3up1__B1_P16871,3,2,2,2,0.6238788320239971,70.0,True,0.014598703011870384
3up1__A1_P16871--3up1__B1_P16871,4,1,3,2,0.4720207738885841,67.1875,True,0.006114632822573185
3up1__A1_P16871--3up1__B1_P16871,5,1,0,2,0.5118002826457961,63.1875,True,0.7235487103462219
3up1__A1_P16871--3up1__B1_P16871,6,3,0,2,0.6337404001181031,62.03125,True,0.026561211794614792
3up1__A1_P16871--3up1__B1_P16871,7,2,3,2,0.6000776431999045,61.53125,True,0.01232264656573534
3up1__A1_P16871--3up1__B1_P16871,8,1,1,2,0.4862612266283779,56.875,True,0.26183080673217773
3up1__A1_P16871--3up1__B1_P16871,9,5,0,2,0.6554324207752092,43.90625,True,0.6799402832984924
3up1__A1_P16871--3up1__B1_P16871,10,5,3,2,0.3511856652349761,40.9375,True,0.014076863415539265
3up1__A1_P16871--3up1__B1_P16871,11,3,2,2,0.430173484975936,39.3125,True,0.9946635961532593
3up1__A1_P16871--3up1__B1_P16871,12,5,1,2,0.5561554279208863,36.75,True,0.9673734903335571
3up1__A1_P16871--3up1__B1_P16871,13,5,2,2,0.5430745281561453,30.578125,True,0.8036102652549744
3up1__A1_P16871--3up1__B1_P16871,14,3,3,2,0.5198640313609598,29.21875,True,0.8600069284439087
3up1__A1_P16871--3up1__B1_P16871,15,4,2,2,0.3867779337223229,26.078125,True,0.40774261951446533
3up1__A1_P16871--3up1__B1_P16871,16,4,0,2,0.5528592077425093,25.71875,True,0.9558395147323608
3up1__A1_P16871--3up1__B1_P16871,17,4,1,2,0.4149797746761264,25.625,True,0.2612304985523224
3up1__A1_P16871--3up1__B1_P16871,18,4,3,2,0.4063670743657143,22.09375,True,0.7039292454719543
3up1__A1_P16871--3up1__B1_P16871,19,3,1,2,0.1548122981180398,19.609375,False,0.14706070721149445
3up1__A1_P16871--3up1__B1_P16871,20,2,1,2,0.0147997015528809,17.140625,False,0.009460321627557278
3ups__A1_Q5NLX3--3ups__A2_Q5NLX3,1,2,0,3,0.5998635009245178,82.9375,True,0.9245215058326721
3ups__A1_Q5NLX3--3ups__A2_Q5NLX3,2,2,2,3,0.5868313679702553,80.125,True,0.9556808471679688
3ups__A1_Q5NLX3--3ups__A2_Q5NLX3,3,2,3,3,0.6017262533176708,79.8125,True,0.9392328858375549
3ups__A1_Q5NLX3--3ups__A2_Q5NLX3,4,2,1,3,0.5801793551114437,78.625,True,0.9585030674934387
3ups__A1_Q5NLX3--3ups__A2_Q5NLX3,5,1,0,3,0.0538960131365363,58.3125,False,0.578571617603302
3ups__A1_Q5NLX3--3ups__A2_Q5NLX3,6,1,3,3,0.0473532440928596,55.25,False,0.006373552139848471
3ups__A1_Q5NLX3--3ups__A2_Q5NLX3,7,3,1,3,0.0307883070146487,52.59375,False,0.918491005897522
3ups__A1_Q5NLX3--3ups__A2_Q5NLX3,8,3,3,3,0.0316074851993593,52.4375,False,0.9171378016471863
3ups__A1_Q5NLX3--3ups__A2_Q5NLX3,9,1,2,3,0.043463743990944,51.875,False,0.01392838079482317
3ups__A1_Q5NLX3--3ups__A2_Q5NLX3,10,1,1,3,0.04504072612336,50.09375,False,0.2664472460746765
3ups__A1_Q5NLX3--3ups__A2_Q5NLX3,11,4,2,3,0.2954720573370447,49.0625,True,0.12710490822792053
3ups__A1_Q5NLX3--3ups__A2_Q5NLX3,12,4,1,3,0.0276281080791631,48.46875,False,0.004403059370815754
3ups__A1_Q5NLX3--3ups__A2_Q5NLX3,13,3,2,3,0.0350918987133204,46.84375,False,0.6641937494277954
3ups__A1_Q5NLX3--3ups__A2_Q5NLX3,14,3,0,3,0.0200151750261843,43.875,False,0.6953223943710327
3ups__A1_Q5NLX3--3ups__A2_Q5NLX3,15,4,0,3,0.2354486701861768,43.5,True,0.02905184030532837
3ups__A1_Q5NLX3--3ups__A2_Q5NLX3,16,5,0,3,0.1066707573539638,40.625,False,0.3729951083660126
3ups__A1_Q5NLX3--3ups__A2_Q5NLX3,17,5,2,3,0.0973031813778221,34.59375,False,0.4145779609680176
3ups__A1_Q5NLX3--3ups__A2_Q5NLX3,18,5,3,3,0.2584802953790403,33.625,True,0.04373674839735031
3ups__A1_Q5NLX3--3ups__A2_Q5NLX3,19,5,1,3,0.1034813558145444,32.53125,False,0.4209602475166321
3ups__A1_Q5NLX3--3ups__A2_Q5NLX3,20,4,3,3,0.0515362558311123,19.359375,False,0.039434563368558884
3v69__A1_Q9CWU5--3v69__B1_Q9CWU5,1,2,1,3,0.1887952897595575,88.25,False,2.2499897500694033e-09
3v69__A1_Q9CWU5--3v69__B1_Q9CWU5,2,4,0,3,0.1911736875444077,88.0,False,0.0004099848447367549
3v69__A1_Q9CWU5--3v69__B1_Q9CWU5,3,2,2,3,0.1884635474345307,87.25,False,5.334265251732973e-10
3v69__A1_Q9CWU5--3v69__B1_Q9CWU5,4,2,3,3,0.1831910199494572,85.0625,False,1.2411713323778883e-10
3v69__A1_Q9CWU5--3v69__B1_Q9CWU5,5,1,2,3,0.1481145825060097,50.21875,False,0.6833877563476562
3v69__A1_Q9CWU5--3v69__B1_Q9CWU5,6,2,0,3,0.522091032999186,48.125,True,0.12866254150867462
3v69__A1_Q9CWU5--3v69__B1_Q9CWU5,7,4,1,3,0.1860615958796273,42.3125,False,0.00035379460314288735
3v69__A1_Q9CWU5--3v69__B1_Q9CWU5,8,1,0,3,0.176113867898645,37.96875,False,0.00022888302919454873
3v69__A1_Q9CWU5--3v69__B1_Q9CWU5,9,4,3,3,0.1747584383808091,37.9375,False,0.022297758609056473
3v69__A1_Q9CWU5--3v69__B1_Q9CWU5,10,4,2,3,0.2826237807192526,37.46875,True,0.8211076855659485
3v69__A1_Q9CWU5--3v69__B1_Q9CWU5,11,5,3,3,0.6808653368692198,37.3125,True,0.32045289874076843
3v69__A1_Q9CWU5--3v69__B1_Q9CWU5,12,5,1,3,0.5806740950067311,36.90625,True,0.47537511587142944
3v69__A1_Q9CWU5--3v69__B1_Q9CWU5,13,1,3,3,0.2638892788909437,36.53125,True,0.19149143993854523
3v69__A1_Q9CWU5--3v69__B1_Q9CWU5,14,5,2,3,0.6669421344339491,34.90625,True,0.2935269773006439
3v69__A1_Q9CWU5--3v69__B1_Q9CWU5,15,1,1,3,0.1592201825625204,34.125,False,0.06288109719753265
3v69__A1_Q9CWU5--3v69__B1_Q9CWU5,16,5,0,3,0.657573514003141,32.46875,True,0.20233303308486938
3v69__A1_Q9CWU5--3v69__B1_Q9CWU5,17,3,3,3,0.3783918274916433,29.90625,True,0.6088595986366272
3v69__A1_Q9CWU5--3v69__B1_Q9CWU5,18,3,0,3,0.4938327617330036,29.78125,True,0.05449622496962547
3v69__A1_Q9CWU5--3v69__B1_Q9CWU5,19,3,2,3,0.4476274436959078,24.90625,True,0.3877100646495819
3v69__A1_Q9CWU5--3v69__B1_Q9CWU5,20,3,1,3,0.4285382485069073,23.484375,True,0.02312438003718853
3vcb__A1_P0C6X9--3vcb__B1_P0C6X9,1,1,2,1,0.203682809167027,75.75,False,0.21358197927474976
3vcb__A1_P0C6X9--3vcb__B1_P0C6X9,2,1,3,1,0.2295653120028392,71.625,False,0.17332130670547485
3vcb__A1_P0C6X9--3vcb__B1_P0C6X9,3,2,0,1,0.4351499556319713,64.0,True,0.3848409652709961
3vcb__A1_P0C6X9--3vcb__B1_P0C6X9,4,1,1,1,0.1454795545675735,52.625,False,0.015655776485800743
3vcb__A1_P0C6X9--3vcb__B1_P0C6X9,5,3,2,1,0.1643860138868933,52.375,False,0.07114871591329575
3vcb__A1_P0C6X9--3vcb__B1_P0C6X9,6,3,0,1,0.4561387448892202,49.21875,True,0.7863189578056335
3vcb__A1_P0C6X9--3vcb__B1_P0C6X9,7,1,0,1,0.1603674726884195,46.90625,False,0.008951240219175816
3vcb__A1_P0C6X9--3vcb__B1_P0C6X9,8,2,2,1,0.5999882714605381,43.03125,True,0.2132924497127533
3vcb__A1_P0C6X9--3vcb__B1_P0C6X9,9,5,2,1,0.3791503182767773,40.875,True,0.000273059617029503
3vcb__A1_P0C6X9--3vcb__B1_P0C6X9,10,3,3,1,0.3659376076473557,32.21875,True,0.613118052482605
3vcb__A1_P0C6X9--3vcb__B1_P0C6X9,11,2,1,1,0.0911690111759601,29.015625,False,0.04420959949493408
3vcb__A1_P0C6X9--3vcb__B1_P0C6X9,12,4,2,1,0.0322310276256388,27.78125,False,0.048647794872522354
3vcb__A1_P0C6X9--3vcb__B1_P0C6X9,13,5,0,1,0.1809539453275906,27.484375,False,0.019597776234149933
3vcb__A1_P0C6X9--3vcb__B1_P0C6X9,14,5,1,1,0.0548163977596231,27.21875,False,0.0837676152586937
3vcb__A1_P0C6X9--3vcb__B1_P0C6X9,15,2,3,1,0.3984333530201716,25.046875,True,0.05233849585056305
3vcb__A1_P0C6X9--3vcb__B1_P0C6X9,16,4,1,1,0.0777802565885752,20.609375,False,0.04455418884754181
3vcb__A1_P0C6X9--3vcb__B1_P0C6X9,17,4,0,1,0.0104855586667885,17.734375,False,0.048148687928915024
3vcb__A1_P0C6X9--3vcb__B1_P0C6X9,18,3,1,1,0.1075092851412365,17.21875,False,0.12768520414829254
3vcb__A1_P0C6X9--3vcb__B1_P0C6X9,19,5,3,1,0.015524816858235,16.140625,False,0.04709785059094429
3vcb__A1_P0C6X9--3vcb__B1_P0C6X9,20,4,3,1,0.0102536948398626,14.8359375,False,0.04772517830133438
3vyr__B1_Q5JII1--3vyr__A1_Q5JII0,1,5,1,1,0.6051317911866828,89.125,True,0.7566445469856262
3vyr__B1_Q5JII1--3vyr__A1_Q5JII0,2,5,0,1,0.5821024342478011,89.125,True,0.8503648638725281
3vyr__B1_Q5JII1--3vyr__A1_Q5JII0,3,5,3,1,0.581941990963205,89.0625,True,0.8235025405883789
3vyr__B1_Q5JII1--3vyr__A1_Q5JII0,4,4,1,1,0.5833068794317072,88.8125,True,0.8429089784622192
3vyr__B1_Q5JII1--3vyr__A1_Q5JII0,5,5,2,1,0.6005535002000121,88.8125,True,0.7780576348304749
3vyr__B1_Q5JII1--3vyr__A1_Q5JII0,6,3,2,1,0.5931553357204877,88.8125,True,0.7856001853942871
3vyr__B1_Q5JII1--3vyr__A1_Q5JII0,7,4,3,1,0.5862911636599569,88.8125,True,0.8677740097045898
3vyr__B1_Q5JII1--3vyr__A1_Q5JII0,8,3,0,1,0.597369423836878,88.8125,True,0.8179906010627747
3vyr__B1_Q5JII1--3vyr__A1_Q5JII0,9,3,1,1,0.6093359695728681,88.75,True,0.7464518547058105
3vyr__B1_Q5JII1--3vyr__A1_Q5JII0,10,4,2,1,0.5877682117566544,88.6875,True,0.8370679616928101
3vyr__B1_Q5JII1--3vyr__A1_Q5JII0,11,2,0,1,0.5925542048631524,88.6875,True,0.7801281213760376
3vyr__B1_Q5JII1--3vyr__A1_Q5JII0,12,4,0,1,0.5795929649871057,88.625,True,0.8527771234512329
3vyr__B1_Q5JII1--3vyr__A1_Q5JII0,13,2,2,1,0.5801403874892066,88.5625,True,0.7427676320075989
3vyr__B1_Q5JII1--3vyr__A1_Q5JII0,14,3,3,1,0.6000404414138657,88.375,True,0.7138668894767761
3vyr__B1_Q5JII1--3vyr__A1_Q5JII0,15,2,3,1,0.5996426773146297,88.375,True,0.8052551746368408
3vyr__B1_Q5JII1--3vyr__A1_Q5JII0,16,2,1,1,0.6017691058166701,88.3125,True,0.7124951481819153
3vyr__B1_Q5JII1--3vyr__A1_Q5JII0,17,1,3,1,0.5983080907398709,87.8125,True,0.7337172031402588
3vyr__B1_Q5JII1--3vyr__A1_Q5JII0,18,1,0,1,0.5893499739583725,87.75,True,0.7208377718925476
3vyr__B1_Q5JII1--3vyr__A1_Q5JII0,19,1,2,1,0.5913005679304666,87.5,True,0.7717247009277344
3vyr__B1_Q5JII1--3vyr__A1_Q5JII0,20,1,1,1,0.600507177016918,87.375,True,0.7535635828971863
3w0l__B1_Q91754--3w0l__A1_Q91753,1,4,2,2,0.3017693726987984,71.9375,True,0.790374755859375
3w0l__B1_Q91754--3w0l__A1_Q91753,2,4,3,2,0.3242887603787446,64.25,True,0.8732055425643921
3w0l__B1_Q91754--3w0l__A1_Q91753,3,1,2,2,0.2534332164036023,61.84375,True,0.501469075679779
3w0l__B1_Q91754--3w0l__A1_Q91753,4,3,0,2,0.3546567821465576,57.375,True,0.5605878233909607
3w0l__B1_Q91754--3w0l__A1_Q91753,5,4,0,2,0.1566993099501905,54.5,False,0.025200456380844116
3w0l__B1_Q91754--3w0l__A1_Q91753,6,3,2,2,0.2871804327528491,51.21875,True,0.07890400290489197
3w0l__B1_Q91754--3w0l__A1_Q91753,7,4,1,2,0.3118636186928921,46.1875,True,0.49738383293151855
3w0l__B1_Q91754--3w0l__A1_Q91753,8,3,1,2,0.2273179770914772,35.65625,False,0.06701628118753433
3w0l__B1_Q91754--3w0l__A1_Q91753,9,1,0,2,0.1708618862211188,34.6875,False,0.04157916083931923
3w0l__B1_Q91754--3w0l__A1_Q91753,10,1,3,2,0.1977218995349622,33.40625,False,0.2861713469028473
3w0l__B1_Q91754--3w0l__A1_Q91753,11,1,1,2,0.1318969883489407,32.5625,False,0.03763500601053238
3w0l__B1_Q91754--3w0l__A1_Q91753,12,5,0,2,0.0183419983411165,31.875,False,0.013248267583549023
3w0l__B1_Q91754--3w0l__A1_Q91753,13,5,2,2,0.0196761577896128,31.390625,False,0.0033743265084922314
3w0l__B1_Q91754--3w0l__A1_Q91753,14,5,1,2,0.1389885764355659,31.0625,False,0.03852034732699394
3w0l__B1_Q91754--3w0l__A1_Q91753,15,5,3,2,0.0203491830937137,30.359375,False,0.0028246010188013315
3w0l__B1_Q91754--3w0l__A1_Q91753,16,2,2,2,0.0947799228015996,29.515625,False,0.02652140147984028
3w0l__B1_Q91754--3w0l__A1_Q91753,17,2,3,2,0.0467145777993702,28.140625,False,0.016382142901420593
3w0l__B1_Q91754--3w0l__A1_Q91753,18,3,3,2,0.0542028300535698,27.5,False,0.012568658217787743
3w0l__B1_Q91754--3w0l__A1_Q91753,19,2,0,2,0.0385535282247818,27.484375,False,0.012805248610675335
3w0l__B1_Q91754--3w0l__A1_Q91753,20,2,1,2,0.0572810249636692,27.125,False,0.006327998824417591
3w2v__A1_Q8U1S6--3w2v__B1_Q8U1S7,1,1,0,1,0.6607335763000981,87.1875,True,0.9629462361335754
3w2v__A1_Q8U1S6--3w2v__B1_Q8U1S7,2,2,1,1,0.6487088858561937,87.0,True,0.9035439491271973
3w2v__A1_Q8U1S6--3w2v__B1_Q8U1S7,3,1,3,1,0.6781194704038079,86.625,True,0.9134178757667542
3w2v__A1_Q8U1S6--3w2v__B1_Q8U1S7,4,1,1,1,0.6637483088730035,86.1875,True,0.9497093558311462
3w2v__A1_Q8U1S6--3w2v__B1_Q8U1S7,5,2,0,1,0.6684246404891079,86.1875,True,0.9661924242973328
3w2v__A1_Q8U1S6--3w2v__B1_Q8U1S7,6,1,2,1,0.662205170455671,86.0625,True,0.9447623491287231
3w2v__A1_Q8U1S6--3w2v__B1_Q8U1S7,7,5,0,1,0.6442015095688751,86.0,True,0.9264933466911316
3w2v__A1_Q8U1S6--3w2v__B1_Q8U1S7,8,3,3,1,0.6663647258233474,85.75,True,0.9688876271247864
3w2v__A1_Q8U1S6--3w2v__B1_Q8U1S7,9,3,0,1,0.6537597036609332,85.6875,True,0.9816967844963074
3w2v__A1_Q8U1S6--3w2v__B1_Q8U1S7,10,3,2,1,0.646365708267211,85.5,True,0.9113327860832214
3w2v__A1_Q8U1S6--3w2v__B1_Q8U1S7,11,2,3,1,0.6614704217949335,85.4375,True,0.92743319272995
3w2v__A1_Q8U1S6--3w2v__B1_Q8U1S7,12,3,1,1,0.6490074176933435,85.3125,True,0.9485180974006653
3w2v__A1_Q8U1S6--3w2v__B1_Q8U1S7,13,2,2,1,0.6531926044973323,85.1875,True,0.9320451617240906
3w2v__A1_Q8U1S6--3w2v__B1_Q8U1S7,14,5,2,1,0.588241861174979,84.875,True,0.9287566542625427
3w2v__A1_Q8U1S6--3w2v__B1_Q8U1S7,15,5,3,1,0.6831078865996015,84.6875,True,0.9437596797943115
3w2v__A1_Q8U1S6--3w2v__B1_Q8U1S7,16,4,2,1,0.6434093533557874,84.6875,True,0.943463146686554
3w2v__A1_Q8U1S6--3w2v__B1_Q8U1S7,17,5,1,1,0.6460243446973166,84.5625,True,0.9430610537528992
3w2v__A1_Q8U1S6--3w2v__B1_Q8U1S7,18,4,3,1,0.6343884356743544,84.4375,True,0.9485697150230408
3w2v__A1_Q8U1S6--3w2v__B1_Q8U1S7,19,4,1,1,0.5974212321795886,83.1875,True,0.7625862956047058
3w2v__A1_Q8U1S6--3w2v__B1_Q8U1S7,20,4,0,1,0.5770032530893471,82.5,True,0.9294323921203613
3wry__C1_P03587--3wry__A1_A7M6E7,1,3,3,0,0.0112427896870678,22.828125,False,0.014734170399606228
3wry__C1_P03587--3wry__A1_A7M6E7,2,1,1,0,0.009799915938901,22.28125,False,0.0661112368106842
3wry__C1_P03587--3wry__A1_A7M6E7,3,2,0,0,0.0058760311404995,21.78125,False,0.053372710943222046
3wry__C1_P03587--3wry__A1_A7M6E7,4,1,3,0,0.0088905211328077,21.765625,False,0.04685995727777481
3wry__C1_P03587--3wry__A1_A7M6E7,5,1,2,0,0.009072383426827,21.5,False,0.041244328022003174
3wry__C1_P03587--3wry__A1_A7M6E7,6,1,0,0,0.0135726400297227,21.40625,False,0.017855795100331306
3wry__C1_P03587--3wry__A1_A7M6E7,7,3,2,0,0.0114029557313463,21.046875,False,0.01601647213101387
3wry__C1_P03587--3wry__A1_A7M6E7,8,2,1,0,0.005803896544697,21.0,False,0.023476289585232735
3wry__C1_P03587--3wry__A1_A7M6E7,9,2,2,0,0.005864236172738,20.859375,False,0.0579836368560791
3wry__C1_P03587--3wry__A1_A7M6E7,10,4,3,0,0.0137253588674105,20.71875,False,0.019283097237348557
3wry__C1_P03587--3wry__A1_A7M6E7,11,2,3,0,0.0055255698193562,20.671875,False,0.015167124569416046
3wry__C1_P03587--3wry__A1_A7M6E7,12,4,0,0,0.0131478394041125,20.625,False,0.16066710650920868
3wry__C1_P03587--3wry__A1_A7M6E7,13,4,2,0,0.0122834878007518,20.546875,False,0.08185486495494843
3wry__C1_P03587--3wry__A1_A7M6E7,14,4,1,0,0.0077609392682469,20.25,False,0.018884599208831787
3wry__C1_P03587--3wry__A1_A7M6E7,15,3,1,0,0.00879795358938,19.65625,False,0.03690313547849655
3wry__C1_P03587--3wry__A1_A7M6E7,16,5,0,0,0.0069282885178532,19.25,False,0.030022408813238144
3wry__C1_P03587--3wry__A1_A7M6E7,17,3,0,0,0.0113619841183572,19.140625,False,0.022994471713900566
3wry__C1_P03587--3wry__A1_A7M6E7,18,5,3,0,0.0062062803554448,19.046875,False,0.018783411011099815
3wry__C1_P03587--3wry__A1_A7M6E7,19,5,1,0,0.0060584818816015,18.734375,False,0.01521970797330141
3wry__C1_P03587--3wry__A1_A7M6E7,20,5,2,0,0.0073999388928597,18.6875,False,0.018166791647672653
3wvb__A1_Q58649--3wvb__B1_Q58649,1,3,1,2,0.859341560001218,93.5,True,0.8659753799438477
3wvb__A1_Q58649--3wvb__B1_Q58649,2,3,0,2,0.859044681648028,93.375,True,0.8316741585731506
3wvb__A1_Q58649--3wvb__B1_Q58649,3,4,0,2,0.8483322428201929,93.375,True,0.846564769744873
3wvb__A1_Q58649--3wvb__B1_Q58649,4,1,1,2,0.8478364337544436,93.375,True,0.83939129114151
3wvb__A1_Q58649--3wvb__B1_Q58649,5,1,0,2,0.8062265891182124,93.25,True,0.8871158957481384
3wvb__A1_Q58649--3wvb__B1_Q58649,6,3,3,2,0.8787904706688824,93.25,True,0.9057335257530212
3wvb__A1_Q58649--3wvb__B1_Q58649,7,1,3,2,0.8027290976662279,93.25,True,0.8063139915466309
3wvb__A1_Q58649--3wvb__B1_Q58649,8,4,2,2,0.8508630582810862,93.25,True,0.8599567413330078
3wvb__A1_Q58649--3wvb__B1_Q58649,9,5,0,2,0.8191858116696437,93.1875,True,0.7435485124588013
3wvb__A1_Q58649--3wvb__B1_Q58649,10,4,1,2,0.8394847408696599,93.0625,True,0.8760313391685486
3wvb__A1_Q58649--3wvb__B1_Q58649,11,5,1,2,0.8090122090643627,93.0,True,0.7718510031700134
3wvb__A1_Q58649--3wvb__B1_Q58649,12,1,2,2,0.8010602391911125,92.9375,True,0.8252003788948059
3wvb__A1_Q58649--3wvb__B1_Q58649,13,2,1,2,0.8329103045471541,92.9375,True,0.8694046139717102
3wvb__A1_Q58649--3wvb__B1_Q58649,14,2,0,2,0.840910290568604,92.9375,True,0.9097056984901428
3wvb__A1_Q58649--3wvb__B1_Q58649,15,4,3,2,0.8456407627753375,92.875,True,0.8526197671890259
3wvb__A1_Q58649--3wvb__B1_Q58649,16,3,2,2,0.862077216087434,92.875,True,0.8116252422332764
3wvb__A1_Q58649--3wvb__B1_Q58649,17,5,2,2,0.7842405635591296,92.75,True,0.765008270740509
3wvb__A1_Q58649--3wvb__B1_Q58649,18,2,3,2,0.8142234217313784,92.75,True,0.8880005478858948
3wvb__A1_Q58649--3wvb__B1_Q58649,19,5,3,2,0.7903870801262093,92.625,True,0.7539228200912476
3wvb__A1_Q58649--3wvb__B1_Q58649,20,2,2,2,0.8163651763806271,92.5,True,0.9074243307113647
3wxm__A1_Q9YAV0--3wxm__B1_Q9YAZ5,1,3,1,2,0.7560544052286425,86.625,True,0.9991621971130371
3wxm__A1_Q9YAV0--3wxm__B1_Q9YAZ5,2,3,0,2,0.7619000680642061,85.75,True,0.9986227750778198
3wxm__A1_Q9YAV0--3wxm__B1_Q9YAZ5,3,5,0,2,0.7643368831362815,85.75,True,0.9926861524581909
3wxm__A1_Q9YAV0--3wxm__B1_Q9YAZ5,4,3,2,2,0.7545057873253368,85.0,True,0.9996548891067505
3wxm__A1_Q9YAV0--3wxm__B1_Q9YAZ5,5,4,1,2,0.7738269229430556,84.8125,True,0.9873930811882019
3wxm__A1_Q9YAV0--3wxm__B1_Q9YAZ5,6,5,3,2,0.7769042962257866,84.75,True,0.9981282353401184
3wxm__A1_Q9YAV0--3wxm__B1_Q9YAZ5,7,3,3,2,0.7555340990092007,84.6875,True,0.999607503414154
3wxm__A1_Q9YAV0--3wxm__B1_Q9YAZ5,8,4,3,2,0.7799321206872486,83.5,True,0.9502251148223877
3wxm__A1_Q9YAV0--3wxm__B1_Q9YAZ5,9,5,2,2,0.7721653287848044,83.4375,True,0.9967519044876099
3wxm__A1_Q9YAV0--3wxm__B1_Q9YAZ5,10,5,1,2,0.7485119782664581,82.4375,True,0.995431661605835
3wxm__A1_Q9YAV0--3wxm__B1_Q9YAZ5,11,4,2,2,0.7575300241149634,81.9375,True,0.9312824606895447
3wxm__A1_Q9YAV0--3wxm__B1_Q9YAZ5,12,4,0,2,0.7916055360065336,81.375,True,0.9943196773529053
3wxm__A1_Q9YAV0--3wxm__B1_Q9YAZ5,13,2,3,2,0.812715681361131,81.0,True,0.9835258722305298
3wxm__A1_Q9YAV0--3wxm__B1_Q9YAZ5,14,2,1,2,0.7773993979574741,79.3125,True,0.9825631976127625
3wxm__A1_Q9YAV0--3wxm__B1_Q9YAZ5,15,2,0,2,0.8032852677476643,78.8125,True,0.9666647911071777
3wxm__A1_Q9YAV0--3wxm__B1_Q9YAZ5,16,2,2,2,0.8016633648568413,77.125,True,0.9817034602165222
3wxm__A1_Q9YAV0--3wxm__B1_Q9YAZ5,17,1,1,2,0.2899366149990756,70.875,True,0.9761589169502258
3wxm__A1_Q9YAV0--3wxm__B1_Q9YAZ5,18,1,3,2,0.2905020915128226,69.1875,True,0.9271615147590637
3wxm__A1_Q9YAV0--3wxm__B1_Q9YAZ5,19,1,0,2,0.4461783170395497,60.59375,True,0.3962235152721405
3wxm__A1_Q9YAV0--3wxm__B1_Q9YAZ5,20,1,2,2,0.2327678323004319,53.03125,True,0.6941568851470947
3x0e__A1_P60033--3x0e__B1_P60033,1,1,3,0,0.8674119512034433,81.125,True,0.14774349331855774
3x0e__A1_P60033--3x0e__B1_P60033,2,5,3,0,0.1632056508108874,34.09375,False,0.1137484759092331
3x0e__A1_P60033--3x0e__B1_P60033,3,2,1,0,0.1980291807474498,33.96875,False,0.6734345555305481
3x0e__A1_P60033--3x0e__B1_P60033,4,2,0,0,0.1600204226304082,33.625,False,0.22921116650104523
3x0e__A1_P60033--3x0e__B1_P60033,5,2,2,0,0.1926518600066576,33.34375,False,0.8652511239051819
3x0e__A1_P60033--3x0e__B1_P60033,6,5,1,0,0.2045989813867109,32.75,False,0.08162742853164673
3x0e__A1_P60033--3x0e__B1_P60033,7,5,0,0,0.2212741534313584,32.09375,False,0.969508707523346
3x0e__A1_P60033--3x0e__B1_P60033,8,4,3,0,0.2450320474525702,31.28125,True,0.8675884008407593
3x0e__A1_P60033--3x0e__B1_P60033,9,5,2,0,0.1921799254351775,31.25,False,0.09736460447311401
3x0e__A1_P60033--3x0e__B1_P60033,10,4,2,0,0.2774764425870822,31.03125,True,0.8677830696105957
3x0e__A1_P60033--3x0e__B1_P60033,11,3,3,0,0.0545057847069004,30.71875,False,0.018415402621030807
3x0e__A1_P60033--3x0e__B1_P60033,12,2,3,0,0.1722252603848259,30.0625,False,0.6859265565872192
3x0e__A1_P60033--3x0e__B1_P60033,13,4,1,0,0.2626826345893183,30.046875,True,0.8430963754653931
3x0e__A1_P60033--3x0e__B1_P60033,14,1,0,0,0.1361905558104075,29.875,False,0.06216134503483772
3x0e__A1_P60033--3x0e__B1_P60033,15,1,2,0,0.2300288705333034,29.484375,True,0.1754140704870224
3x0e__A1_P60033--3x0e__B1_P60033,16,3,0,0,0.1571142553690161,29.359375,False,0.33405613899230957
3x0e__A1_P60033--3x0e__B1_P60033,17,3,1,0,0.1773090405728424,28.921875,False,0.0003501827595755458
3x0e__A1_P60033--3x0e__B1_P60033,18,4,0,0,0.216725987276381,28.921875,False,0.22356025874614716
3x0e__A1_P60033--3x0e__B1_P60033,19,3,2,0,0.1756540891445458,28.15625,False,0.022380951792001724
3x0e__A1_P60033--3x0e__B1_P60033,20,1,1,0,0.1376600364922644,27.203125,False,0.08697108924388885
3x15__A1_O67504--3x15__C1_O67504,1,5,1,2,0.5028307175276011,71.6875,True,0.0023629283532500267
3x15__A1_O67504--3x15__C1_O67504,2,5,0,2,0.5114307309533503,69.4375,True,0.0017692786641418934
3x15__A1_O67504--3x15__C1_O67504,3,5,3,2,0.506150270471221,69.0625,True,0.001705013681203127
3x15__A1_O67504--3x15__C1_O67504,4,5,2,2,0.5009104107415449,69.0,True,0.002251599682494998
3x15__A1_O67504--3x15__C1_O67504,5,4,2,2,0.0259712524270153,42.1875,False,0.10332423448562622
3x15__A1_O67504--3x15__C1_O67504,6,4,1,2,0.0257510889891612,30.078125,False,0.12040364742279053
3x15__A1_O67504--3x15__C1_O67504,7,1,2,2,0.0247754456280913,22.953125,False,0.11652341485023499
3x15__A1_O67504--3x15__C1_O67504,8,4,0,2,0.0224929324094903,22.953125,False,0.08956164121627808
3x15__A1_O67504--3x15__C1_O67504,9,1,1,2,0.0250479898910948,22.84375,False,0.17115257680416107
3x15__A1_O67504--3x15__C1_O67504,10,1,0,2,0.0247359263506437,22.828125,False,0.19102030992507935
3x15__A1_O67504--3x15__C1_O67504,11,4,3,2,0.0236788668602534,22.03125,False,0.09593126177787781
3x15__A1_O67504--3x15__C1_O67504,12,1,3,2,0.0252543634397053,21.859375,False,0.11616777628660202
3x15__A1_O67504--3x15__C1_O67504,13,3,3,2,0.0259308556463996,20.875,False,0.004029902629554272
3x15__A1_O67504--3x15__C1_O67504,14,3,0,2,0.0225368925527413,20.546875,False,0.033529654145240784
3x15__A1_O67504--3x15__C1_O67504,15,3,2,2,0.0251709256576252,20.484375,False,0.01023880299180746
3x15__A1_O67504--3x15__C1_O67504,16,3,1,2,0.0227796973636239,20.375,False,0.042308107018470764
3x15__A1_O67504--3x15__C1_O67504,17,2,3,2,0.0249081064263173,18.109375,False,0.03169321268796921
3x15__A1_O67504--3x15__C1_O67504,18,2,1,2,0.0250221591593868,17.96875,False,0.08411728590726852
3x15__A1_O67504--3x15__C1_O67504,19,2,2,2,0.0252089935070413,17.9375,False,0.07945775985717773
3x15__A1_O67504--3x15__C1_O67504,20,2,0,2,0.0255129537364478,17.4375,False,0.0843667984008789
3zr4__A1_Q9X0C6--3zr4__B1_Q9X0C8,1,5,3,4,0.8145047547942904,90.4375,True,0.9795522093772888
3zr4__A1_Q9X0C6--3zr4__B1_Q9X0C8,2,5,2,4,0.8158701723475166,90.4375,True,0.9948263764381409
3zr4__A1_Q9X0C6--3zr4__B1_Q9X0C8,3,5,0,4,0.8108179770051008,90.25,True,0.8168919682502747
3zr4__A1_Q9X0C6--3zr4__B1_Q9X0C8,4,1,0,4,0.7804071669758645,90.1875,True,0.8834916353225708
3zr4__A1_Q9X0C6--3zr4__B1_Q9X0C8,5,1,2,4,0.7895589096957671,90.0625,True,0.9037193059921265
3zr4__A1_Q9X0C6--3zr4__B1_Q9X0C8,6,1,1,4,0.7771225670289718,90.0625,True,0.8880637884140015
3zr4__A1_Q9X0C6--3zr4__B1_Q9X0C8,7,1,3,4,0.781881678729127,89.9375,True,0.9105046987533569
3zr4__A1_Q9X0C6--3zr4__B1_Q9X0C8,8,3,2,4,0.8082802407091106,89.875,True,0.9868664741516113
3zr4__A1_Q9X0C6--3zr4__B1_Q9X0C8,9,5,1,4,0.8078798660008283,89.875,True,0.8147457838058472
3zr4__A1_Q9X0C6--3zr4__B1_Q9X0C8,10,4,2,4,0.8119747764878308,89.75,True,0.9997444748878479
3zr4__A1_Q9X0C6--3zr4__B1_Q9X0C8,11,4,1,4,0.8278733243096171,89.25,True,0.901569664478302
3zr4__A1_Q9X0C6--3zr4__B1_Q9X0C8,12,3,0,4,0.8032990815281406,88.9375,True,0.9810886383056641
3zr4__A1_Q9X0C6--3zr4__B1_Q9X0C8,13,4,3,4,0.8142896951836552,88.875,True,0.992867112159729
3zr4__A1_Q9X0C6--3zr4__B1_Q9X0C8,14,4,0,4,0.8184607484312609,88.8125,True,0.9963397979736328
3zr4__A1_Q9X0C6--3zr4__B1_Q9X0C8,15,3,3,4,0.8058115073607794,88.75,True,0.9837803244590759
3zr4__A1_Q9X0C6--3zr4__B1_Q9X0C8,16,3,1,4,0.8051198065687833,88.5625,True,0.8097667098045349
3zr4__A1_Q9X0C6--3zr4__B1_Q9X0C8,17,2,1,4,0.7530223683303395,88.5,True,0.8940070867538452
3zr4__A1_Q9X0C6--3zr4__B1_Q9X0C8,18,2,0,4,0.7899086186560442,87.875,True,0.8911482095718384
3zr4__A1_Q9X0C6--3zr4__B1_Q9X0C8,19,2,3,4,0.7490719588040197,87.5625,True,0.8899676203727722
3zr4__A1_Q9X0C6--3zr4__B1_Q9X0C8,20,2,2,4,0.765402417224661,87.5,True,0.8898962736129761
3zyl__A1_O55012--3zyl__B1_O55012,1,5,2,1,0.8210910147697051,71.625,True,0.00028398705762811005
3zyl__A1_O55012--3zyl__B1_O55012,2,5,3,1,0.7962745767357226,66.25,True,0.00037596741458401084
3zyl__A1_O55012--3zyl__B1_O55012,3,5,1,1,0.8198903736380151,62.03125,True,0.0002516652748454362
3zyl__A1_O55012--3zyl__B1_O55012,4,1,0,1,0.157952389784103,50.03125,False,0.4587933123111725
3zyl__A1_O55012--3zyl__B1_O55012,5,5,0,1,0.0410036009754322,50.0,False,0.058149777352809906
3zyl__A1_O55012--3zyl__B1_O55012,6,2,0,1,0.1448368224575817,39.75,False,0.9366362690925598
3zyl__A1_O55012--3zyl__B1_O55012,7,4,0,1,0.0449305172517388,39.0,False,0.10485072433948517
3zyl__A1_O55012--3zyl__B1_O55012,8,2,1,1,0.162779925608346,36.15625,False,0.9999936819076538
3zyl__A1_O55012--3zyl__B1_O55012,9,4,1,1,0.1897874360627372,35.8125,False,0.9520235657691956
3zyl__A1_O55012--3zyl__B1_O55012,10,3,0,1,0.2957438004102157,34.9375,True,0.22113466262817383
3zyl__A1_O55012--3zyl__B1_O55012,11,2,2,1,0.1445586723237998,34.09375,False,0.9999566078186035
3zyl__A1_O55012--3zyl__B1_O55012,12,1,3,1,0.1603359529006985,33.53125,False,0.9998242259025574
3zyl__A1_O55012--3zyl__B1_O55012,13,1,2,1,0.0421581975034862,33.4375,False,0.2765646278858185
3zyl__A1_O55012--3zyl__B1_O55012,14,3,3,1,0.3107499229736993,32.15625,True,0.5962925553321838
3zyl__A1_O55012--3zyl__B1_O55012,15,3,1,1,0.2458734060430322,31.53125,True,0.33365345001220703
3zyl__A1_O55012--3zyl__B1_O55012,16,1,1,1,0.1576521657516636,31.46875,False,0.9659473896026611
3zyl__A1_O55012--3zyl__B1_O55012,17,4,2,1,0.4584794685975824,30.609375,True,0.3085326552391052
3zyl__A1_O55012--3zyl__B1_O55012,18,4,3,1,0.1925404452746578,30.375,False,0.14902150630950928
3zyl__A1_O55012--3zyl__B1_O55012,19,2,3,1,0.0525812397270096,29.75,False,0.3239711821079254
3zyl__A1_O55012--3zyl__B1_O55012,20,3,2,1,0.2295046034151307,28.46875,False,0.8016065955162048
4a1f__A1_O25916--4a1f__B1_O25916,1,5,0,4,0.0093942163005769,61.28125,False,0.016203373670578003
4a1f__A1_O25916--4a1f__B1_O25916,2,5,3,4,0.0181610083997867,61.03125,False,0.002827052026987076
4a1f__A1_O25916--4a1f__B1_O25916,3,2,0,4,0.0088798639079548,60.625,False,0.9741480350494385
4a1f__A1_O25916--4a1f__B1_O25916,4,5,1,4,0.0175912546898024,60.625,False,0.0019239940447732806
4a1f__A1_O25916--4a1f__B1_O25916,5,5,2,4,0.0178797773548551,59.9375,False,0.0008920492837205529
4a1f__A1_O25916--4a1f__B1_O25916,6,1,1,4,0.0099615820072158,58.46875,False,0.9951488375663757
4a1f__A1_O25916--4a1f__B1_O25916,7,4,3,4,0.0094018594503256,58.34375,False,0.11680533736944199
4a1f__A1_O25916--4a1f__B1_O25916,8,1,3,4,0.0107556238313769,57.46875,False,0.08003365993499756
4a1f__A1_O25916--4a1f__B1_O25916,9,3,0,4,0.0095295190043832,57.4375,False,0.758679211139679
4a1f__A1_O25916--4a1f__B1_O25916,10,4,2,4,0.0092532831467217,56.78125,False,0.3624788224697113
4a1f__A1_O25916--4a1f__B1_O25916,11,3,1,4,0.0084154687826056,56.0,False,0.048808544874191284
4a1f__A1_O25916--4a1f__B1_O25916,12,4,0,4,0.009751188259144,55.3125,False,0.24858982861042023
4a1f__A1_O25916--4a1f__B1_O25916,13,3,2,4,0.0082669461677606,55.0,False,0.041941672563552856
4a1f__A1_O25916--4a1f__B1_O25916,14,3,3,4,0.0080056022687503,54.4375,False,0.05146905034780502
4a1f__A1_O25916--4a1f__B1_O25916,15,2,3,4,0.0101680700414493,51.90625,False,0.02357882261276245
4a1f__A1_O25916--4a1f__B1_O25916,16,2,1,4,0.0092114049220089,51.84375,False,0.16344378888607025
4a1f__A1_O25916--4a1f__B1_O25916,17,4,1,4,0.0099136587641787,51.1875,False,0.2297593057155609
4a1f__A1_O25916--4a1f__B1_O25916,18,1,0,4,0.0110970007240378,48.0625,False,0.7263224124908447
4a1f__A1_O25916--4a1f__B1_O25916,19,2,2,4,0.0091608546882104,47.1875,False,0.9924266338348389
4a1f__A1_O25916--4a1f__B1_O25916,20,1,2,4,0.010024535545994,43.21875,False,0.9952000379562378
4af9__A1_Q6VBJ0--4af9__A2_Q6VBJ0,1,1,1,4,0.1797328420873722,81.3125,False,0.9992096424102783
4af9__A1_Q6VBJ0--4af9__A2_Q6VBJ0,2,4,1,4,0.1773706047209265,80.875,False,0.9978229999542236
4af9__A1_Q6VBJ0--4af9__A2_Q6VBJ0,3,1,2,4,0.1784532478490891,80.6875,False,0.9992927312850952
4af9__A1_Q6VBJ0--4af9__A2_Q6VBJ0,4,1,0,4,0.1756501607003595,79.25,False,0.9977657794952393
4af9__A1_Q6VBJ0--4af9__A2_Q6VBJ0,5,4,2,4,0.1775189939610211,78.6875,False,0.9960442781448364
4af9__A1_Q6VBJ0--4af9__A2_Q6VBJ0,6,4,3,4,0.1870901169278882,78.3125,False,0.99993896484375
4af9__A1_Q6VBJ0--4af9__A2_Q6VBJ0,7,2,3,4,0.1720230922779834,77.875,False,0.9998815059661865
4af9__A1_Q6VBJ0--4af9__A2_Q6VBJ0,8,2,1,4,0.1505743721039768,77.5625,False,0.7885560989379883
4af9__A1_Q6VBJ0--4af9__A2_Q6VBJ0,9,2,2,4,0.1779631337518432,74.125,False,0.9999514818191528
4af9__A1_Q6VBJ0--4af9__A2_Q6VBJ0,10,5,2,4,0.1848745750782617,73.6875,False,0.997247040271759
4af9__A1_Q6VBJ0--4af9__A2_Q6VBJ0,11,5,3,4,0.1847569371084707,73.625,False,0.9998458623886108
4af9__A1_Q6VBJ0--4af9__A2_Q6VBJ0,12,4,0,4,0.1869814072163207,70.5625,False,0.9999837875366211
4af9__A1_Q6VBJ0--4af9__A2_Q6VBJ0,13,2,0,4,0.1776706315496009,69.5,False,0.999870777130127
4af9__A1_Q6VBJ0--4af9__A2_Q6VBJ0,14,5,1,4,0.1858376304569934,68.25,False,0.9998733997344971
4af9__A1_Q6VBJ0--4af9__A2_Q6VBJ0,15,5,0,4,0.1985796320221063,55.90625,False,0.038362834602594376
4af9__A1_Q6VBJ0--4af9__A2_Q6VBJ0,16,3,1,4,0.2180713512378247,47.9375,False,0.004188850522041321
4af9__A1_Q6VBJ0--4af9__A2_Q6VBJ0,17,3,3,4,0.258595173263533,39.40625,True,0.45840150117874146
4af9__A1_Q6VBJ0--4af9__A2_Q6VBJ0,18,3,0,4,0.3038677127223277,31.59375,True,0.5015931129455566
4af9__A1_Q6VBJ0--4af9__A2_Q6VBJ0,19,1,3,4,0.210737784594144,30.578125,False,0.4612790048122406
4af9__A1_Q6VBJ0--4af9__A2_Q6VBJ0,20,3,2,4,0.2653498203193252,29.75,True,0.33949539065361023
4aj7__A1_B1PWB9--4aj7__B1_B1PWB9,1,1,1,4,0.147105688486684,50.875,False,0.06128999590873718
4aj7__A1_B1PWB9--4aj7__B1_B1PWB9,2,5,1,4,0.1247087826336628,50.5625,False,0.012079541571438313
4aj7__A1_B1PWB9--4aj7__B1_B1PWB9,3,3,1,4,0.1298072284320689,49.84375,False,0.0844561755657196
4aj7__A1_B1PWB9--4aj7__B1_B1PWB9,4,1,0,4,0.4832704542279801,46.8125,True,0.3649041950702667
4aj7__A1_B1PWB9--4aj7__B1_B1PWB9,5,4,3,4,0.2080105064686438,46.75,False,0.05906231328845024
4aj7__A1_B1PWB9--4aj7__B1_B1PWB9,6,1,2,4,0.1699580944100921,46.0,False,0.27565422654151917
4aj7__A1_B1PWB9--4aj7__B1_B1PWB9,7,3,0,4,0.1110882497061763,41.46875,False,0.0006132003618404269
4aj7__A1_B1PWB9--4aj7__B1_B1PWB9,8,3,2,4,0.1177469420515201,40.96875,False,0.03160876780748367
4aj7__A1_B1PWB9--4aj7__B1_B1PWB9,9,4,1,4,0.2631898933597822,40.78125,True,0.23001186549663544
4aj7__A1_B1PWB9--4aj7__B1_B1PWB9,10,5,0,4,0.1074896664781184,39.21875,False,0.0015891448128968477
4aj7__A1_B1PWB9--4aj7__B1_B1PWB9,11,3,3,4,0.1119881154339653,39.09375,False,0.0026715241838246584
4aj7__A1_B1PWB9--4aj7__B1_B1PWB9,12,5,2,4,0.1089398354957377,38.0,False,6.839697016403079e-05
4aj7__A1_B1PWB9--4aj7__B1_B1PWB9,13,1,3,4,0.3817128635906445,36.9375,True,0.12665903568267822
4aj7__A1_B1PWB9--4aj7__B1_B1PWB9,14,4,2,4,0.2075344247945083,36.34375,False,0.03855282813310623
4aj7__A1_B1PWB9--4aj7__B1_B1PWB9,15,4,0,4,0.1792658168772827,34.90625,False,0.01326694991439581
4aj7__A1_B1PWB9--4aj7__B1_B1PWB9,16,5,3,4,0.1039783656726821,33.0,False,5.8563541642797645e-06
4aj7__A1_B1PWB9--4aj7__B1_B1PWB9,17,2,1,4,0.2532958196902073,31.609375,True,0.011382809840142727
4aj7__A1_B1PWB9--4aj7__B1_B1PWB9,18,2,3,4,0.2293273492923573,31.09375,False,0.06444226950407028
4aj7__A1_B1PWB9--4aj7__B1_B1PWB9,19,2,2,4,0.2037061988213963,29.28125,False,0.059605635702610016
4aj7__A1_B1PWB9--4aj7__B1_B1PWB9,20,2,0,4,0.2219244013782386,27.828125,False,0.026522742584347725
4at7__A1_Q9CXY6--4at7__B1_Q9Z1X4,1,5,3,3,0.4390683997246917,92.8125,True,0.8658928275108337
4at7__A1_Q9CXY6--4at7__B1_Q9Z1X4,2,1,2,3,0.4611088778379711,92.75,True,0.8712870478630066
4at7__A1_Q9CXY6--4at7__B1_Q9Z1X4,3,1,0,3,0.4558337943323731,92.75,True,0.870873212814331
4at7__A1_Q9CXY6--4at7__B1_Q9Z1X4,4,4,3,3,0.4333660771215221,92.6875,True,0.9001708030700684
4at7__A1_Q9CXY6--4at7__B1_Q9Z1X4,5,5,2,3,0.4457990343442974,92.6875,True,0.8448797464370728
4at7__A1_Q9CXY6--4at7__B1_Q9Z1X4,6,1,3,3,0.4514545531129593,92.6875,True,0.8567094206809998
4at7__A1_Q9CXY6--4at7__B1_Q9Z1X4,7,4,1,3,0.4391072478315747,92.625,True,0.8982056975364685
4at7__A1_Q9CXY6--4at7__B1_Q9Z1X4,8,5,0,3,0.4471276088605274,92.625,True,0.8325259685516357
4at7__A1_Q9CXY6--4at7__B1_Q9Z1X4,9,5,1,3,0.4366464379011583,92.625,True,0.8023666739463806
4at7__A1_Q9CXY6--4at7__B1_Q9Z1X4,10,3,2,3,0.4373312075793613,92.625,True,0.8666488528251648
4at7__A1_Q9CXY6--4at7__B1_Q9Z1X4,11,1,1,3,0.4509785897268172,92.5625,True,0.8762701749801636
4at7__A1_Q9CXY6--4at7__B1_Q9Z1X4,12,4,2,3,0.4370780935183406,92.5625,True,0.9100945591926575
4at7__A1_Q9CXY6--4at7__B1_Q9Z1X4,13,4,0,3,0.4341256215506066,92.5625,True,0.9020900726318359
4at7__A1_Q9CXY6--4at7__B1_Q9Z1X4,14,2,2,3,0.4540319983412419,92.5,True,0.8143858909606934
4at7__A1_Q9CXY6--4at7__B1_Q9Z1X4,15,3,0,3,0.4424084853535188,92.5,True,0.8721602559089661
4at7__A1_Q9CXY6--4at7__B1_Q9Z1X4,16,2,1,3,0.4740850810323976,92.4375,True,0.8198097348213196
4at7__A1_Q9CXY6--4at7__B1_Q9Z1X4,17,2,3,3,0.4534014354323627,92.4375,True,0.8143858909606934
4at7__A1_Q9CXY6--4at7__B1_Q9Z1X4,18,3,3,3,0.4379812282447952,92.375,True,0.8489853739738464
4at7__A1_Q9CXY6--4at7__B1_Q9Z1X4,19,3,1,3,0.4430912381011208,92.375,True,0.8609453439712524
4at7__A1_Q9CXY6--4at7__B1_Q9Z1X4,20,2,0,3,0.4651682815633111,92.3125,True,0.8139458894729614
4ayn__A1_C6KHT4--4ayn__B1_C6KHT4,1,2,3,4,0.062907243225013,38.625,False,0.9886759519577026
4ayn__A1_C6KHT4--4ayn__B1_C6KHT4,2,2,2,4,0.0588985398280982,38.125,False,0.9768308401107788
4ayn__A1_C6KHT4--4ayn__B1_C6KHT4,3,2,1,4,0.0584648945209305,36.375,False,0.9801842570304871
4ayn__A1_C6KHT4--4ayn__B1_C6KHT4,4,2,0,4,0.060425611453992,34.78125,False,0.9342595338821411
4ayn__A1_C6KHT4--4ayn__B1_C6KHT4,5,3,1,4,0.1649824217791204,34.09375,False,0.023310383781790733
4ayn__A1_C6KHT4--4ayn__B1_C6KHT4,6,5,3,4,0.1259057262042855,33.78125,False,0.11593769490718842
4ayn__A1_C6KHT4--4ayn__B1_C6KHT4,7,4,1,4,0.1479054231358456,33.65625,False,0.006509275641292334
4ayn__A1_C6KHT4--4ayn__B1_C6KHT4,8,4,2,4,0.0430968839588199,33.375,False,0.014734026975929737
4ayn__A1_C6KHT4--4ayn__B1_C6KHT4,9,5,1,4,0.0621606281083362,33.3125,False,0.02019651234149933
4ayn__A1_C6KHT4--4ayn__B1_C6KHT4,10,5,0,4,0.1864297312542964,33.0,False,0.031839918345212936
4ayn__A1_C6KHT4--4ayn__B1_C6KHT4,11,3,0,4,0.2313338790437963,32.65625,True,0.061881713569164276
4ayn__A1_C6KHT4--4ayn__B1_C6KHT4,12,5,2,4,0.128673631733048,32.4375,False,0.11223260313272476
4ayn__A1_C6KHT4--4ayn__B1_C6KHT4,13,4,0,4,0.0539387361992919,32.4375,False,0.119878388941288
4ayn__A1_C6KHT4--4ayn__B1_C6KHT4,14,3,2,4,0.1224931858752127,32.375,False,0.02347986027598381
4ayn__A1_C6KHT4--4ayn__B1_C6KHT4,15,4,3,4,0.1326921473922093,32.34375,False,0.0070345038548111916
4ayn__A1_C6KHT4--4ayn__B1_C6KHT4,16,1,2,4,0.0537783187266029,31.671875,False,0.08545158058404922
4ayn__A1_C6KHT4--4ayn__B1_C6KHT4,17,3,3,4,0.0457592005434409,30.96875,False,0.12198781222105026
4ayn__A1_C6KHT4--4ayn__B1_C6KHT4,18,1,1,4,0.0542963045393616,30.90625,False,0.08319000154733658
4ayn__A1_C6KHT4--4ayn__B1_C6KHT4,19,1,0,4,0.0527505172392655,30.5,False,0.13112393021583557
4ayn__A1_C6KHT4--4ayn__B1_C6KHT4,20,1,3,4,0.0519508499824435,29.59375,False,0.16016438603401184
4bi8__B1_S4S1W1--4bi8__A1_S4S1W3,1,2,2,2,0.948938341533374,92.375,True,0.8062741756439209
4bi8__B1_S4S1W1--4bi8__A1_S4S1W3,2,2,3,2,0.9363421145456828,92.25,True,0.7737993597984314
4bi8__B1_S4S1W1--4bi8__A1_S4S1W3,3,2,0,2,0.941313501433296,91.9375,True,0.7755602598190308
4bi8__B1_S4S1W1--4bi8__A1_S4S1W3,4,2,1,2,0.948215772694494,91.875,True,0.8087226152420044
4bi8__B1_S4S1W1--4bi8__A1_S4S1W3,5,4,3,2,0.9217913085229874,91.875,True,0.846160888671875
4bi8__B1_S4S1W1--4bi8__A1_S4S1W3,6,5,3,2,0.9291502431494328,91.75,True,0.8696178793907166
4bi8__B1_S4S1W1--4bi8__A1_S4S1W3,7,1,2,2,0.9132388474911822,91.75,True,0.8021684885025024
4bi8__B1_S4S1W1--4bi8__A1_S4S1W3,8,1,0,2,0.9013908193919574,91.75,True,0.8080229163169861
4bi8__B1_S4S1W1--4bi8__A1_S4S1W3,9,4,1,2,0.9154619331673948,91.6875,True,0.8350427150726318
4bi8__B1_S4S1W1--4bi8__A1_S4S1W3,10,1,3,2,0.9163042627295478,91.625,True,0.7973363399505615
4bi8__B1_S4S1W1--4bi8__A1_S4S1W3,11,1,1,2,0.8998570943949801,91.5,True,0.809734046459198
4bi8__B1_S4S1W1--4bi8__A1_S4S1W3,12,4,2,2,0.9146619170273323,91.375,True,0.852753758430481
4bi8__B1_S4S1W1--4bi8__A1_S4S1W3,13,3,3,2,0.9383276521469326,91.375,True,0.8315621018409729
4bi8__B1_S4S1W1--4bi8__A1_S4S1W3,14,5,2,2,0.9133984395240446,91.3125,True,0.8384464383125305
4bi8__B1_S4S1W1--4bi8__A1_S4S1W3,15,4,0,2,0.9059700343297308,91.25,True,0.844355046749115
4bi8__B1_S4S1W1--4bi8__A1_S4S1W3,16,5,1,2,0.9136807356331164,91.1875,True,0.8291361927986145
4bi8__B1_S4S1W1--4bi8__A1_S4S1W3,17,3,0,2,0.9297237420904318,91.125,True,0.8137373328208923
4bi8__B1_S4S1W1--4bi8__A1_S4S1W3,18,3,1,2,0.9323601365876965,91.0,True,0.7793083190917969
4bi8__B1_S4S1W1--4bi8__A1_S4S1W3,19,5,0,2,0.9137189334149703,90.875,True,0.8620967864990234
4bi8__B1_S4S1W1--4bi8__A1_S4S1W3,20,3,2,2,0.927984361079178,90.4375,True,0.8224337697029114
4bjn__A1_Q2MV52--4bjn__B1_Q2MV52,1,3,0,0,0.7970177171725612,86.5,True,0.3676880896091461
4bjn__A1_Q2MV52--4bjn__B1_Q2MV52,2,1,0,0,0.5984603738319204,84.5625,True,0.4747691750526428
4bjn__A1_Q2MV52--4bjn__B1_Q2MV52,3,4,3,0,0.539908547035695,82.875,True,0.08755159378051758
4bjn__A1_Q2MV52--4bjn__B1_Q2MV52,4,1,1,0,0.0579968060732523,81.125,False,0.857524037361145
4bjn__A1_Q2MV52--4bjn__B1_Q2MV52,5,5,2,0,0.0575741512331811,73.9375,False,0.09071359783411026
4bjn__A1_Q2MV52--4bjn__B1_Q2MV52,6,3,2,0,0.0573654433227435,73.4375,False,0.9733539819717407
4bjn__A1_Q2MV52--4bjn__B1_Q2MV52,7,4,0,0,0.1361833025213912,71.4375,False,0.10110673308372498
4bjn__A1_Q2MV52--4bjn__B1_Q2MV52,8,4,2,0,0.0638489560612922,68.1875,False,0.9997954964637756
4bjn__A1_Q2MV52--4bjn__B1_Q2MV52,9,5,0,0,0.0559285569672447,62.78125,False,0.15234819054603577
4bjn__A1_Q2MV52--4bjn__B1_Q2MV52,10,4,1,0,0.2136322832965138,60.3125,False,0.03873889520764351
4bjn__A1_Q2MV52--4bjn__B1_Q2MV52,11,5,1,0,0.137782718087246,57.03125,False,0.22567133605480194
4bjn__A1_Q2MV52--4bjn__B1_Q2MV52,12,5,3,0,0.0574026223995459,56.84375,False,0.05224167928099632
4bjn__A1_Q2MV52--4bjn__B1_Q2MV52,13,3,3,0,0.0595261263357425,50.90625,False,0.9000194668769836
4bjn__A1_Q2MV52--4bjn__B1_Q2MV52,14,2,0,0,0.0597287009654541,33.09375,False,0.3635615408420563
4bjn__A1_Q2MV52--4bjn__B1_Q2MV52,15,1,2,0,0.0863314641329644,32.3125,False,0.05840132758021355
4bjn__A1_Q2MV52--4bjn__B1_Q2MV52,16,1,3,0,0.1479931128514053,31.484375,False,0.03749295696616173
4bjn__A1_Q2MV52--4bjn__B1_Q2MV52,17,2,3,0,0.0892829366294831,31.203125,False,0.18508364260196686
4bjn__A1_Q2MV52--4bjn__B1_Q2MV52,18,3,1,0,0.3750047192350063,29.59375,True,0.10330159962177277
4bjn__A1_Q2MV52--4bjn__B1_Q2MV52,19,2,1,0,0.198004230759905,27.421875,False,0.023602886125445366
4bjn__A1_Q2MV52--4bjn__B1_Q2MV52,20,2,2,0,0.0474710475038571,25.140625,False,0.19806624948978424
4bou__A1_Q5T2D3--4bou__A2_Q5T2D3,1,1,1,1,0.6316043515605312,51.4375,True,0.2155051976442337
4bou__A1_Q5T2D3--4bou__A2_Q5T2D3,2,1,2,1,0.6111754299493977,48.34375,True,0.006916468963027
4bou__A1_Q5T2D3--4bou__A2_Q5T2D3,3,1,3,1,0.5901954279567432,44.75,True,0.03194224461913109
4bou__A1_Q5T2D3--4bou__A2_Q5T2D3,4,1,0,1,0.5938914143466661,43.125,True,0.012538832612335682
4bou__A1_Q5T2D3--4bou__A2_Q5T2D3,5,2,2,1,0.5623851943159015,41.625,True,0.008017017506062984
4bou__A1_Q5T2D3--4bou__A2_Q5T2D3,6,4,3,1,0.6691719527019355,37.90625,True,0.048101477324962616
4bou__A1_Q5T2D3--4bou__A2_Q5T2D3,7,2,1,1,0.584846607935457,37.375,True,0.01582757569849491
4bou__A1_Q5T2D3--4bou__A2_Q5T2D3,8,5,3,1,0.4423131563663728,34.34375,True,0.01790804974734783
4bou__A1_Q5T2D3--4bou__A2_Q5T2D3,9,4,2,1,0.1094865195697821,27.875,False,0.1731707751750946
4bou__A1_Q5T2D3--4bou__A2_Q5T2D3,10,2,3,1,0.5130538104183626,26.171875,True,0.1087852269411087
4bou__A1_Q5T2D3--4bou__A2_Q5T2D3,11,5,2,1,0.3311297637587546,26.0625,True,0.04880799725651741
4bou__A1_Q5T2D3--4bou__A2_Q5T2D3,12,4,1,1,0.2698297174104658,26.03125,True,0.10007797926664352
4bou__A1_Q5T2D3--4bou__A2_Q5T2D3,13,5,0,1,0.5344572098377679,25.421875,True,0.27340421080589294
4bou__A1_Q5T2D3--4bou__A2_Q5T2D3,14,4,0,1,0.1943984783708524,24.328125,False,0.2918686866760254
4bou__A1_Q5T2D3--4bou__A2_Q5T2D3,15,2,0,1,0.5094501144402837,23.171875,True,0.1052321344614029
4bou__A1_Q5T2D3--4bou__A2_Q5T2D3,16,5,1,1,0.0947886074434714,21.0625,False,0.07910092920064926
4bou__A1_Q5T2D3--4bou__A2_Q5T2D3,17,3,2,1,0.2000638969264797,18.75,False,0.013595713302493095
4bou__A1_Q5T2D3--4bou__A2_Q5T2D3,18,3,3,1,0.1668091050444423,18.21875,False,0.022479930892586708
4bou__A1_Q5T2D3--4bou__A2_Q5T2D3,19,3,1,1,0.1965866571236752,17.5625,False,0.05160994082689285
4bou__A1_Q5T2D3--4bou__A2_Q5T2D3,20,3,0,1,0.1015228879070849,17.34375,False,0.14556866884231567
4bry__A1_O75496--4bry__B1_D6RGH6,1,1,0,1,0.6173584304476837,78.125,True,0.8425297737121582
4bry__A1_O75496--4bry__B1_D6RGH6,2,1,2,1,0.6102650710437167,78.0625,True,0.8213883638381958
4bry__A1_O75496--4bry__B1_D6RGH6,3,1,1,1,0.6185088840063456,78.0,True,0.8213883638381958
4bry__A1_O75496--4bry__B1_D6RGH6,4,1,3,1,0.6089080430441983,78.0,True,0.8213883638381958
4bry__A1_O75496--4bry__B1_D6RGH6,5,2,0,1,0.6395805496333357,77.6875,True,0.8322358131408691
4bry__A1_O75496--4bry__B1_D6RGH6,6,2,2,1,0.625069349378634,77.6875,True,0.7946828007698059
4bry__A1_O75496--4bry__B1_D6RGH6,7,2,1,1,0.6336807799129011,77.375,True,0.7946828007698059
4bry__A1_O75496--4bry__B1_D6RGH6,8,2,3,1,0.62946634733542,77.3125,True,0.8244126439094543
4bry__A1_O75496--4bry__B1_D6RGH6,9,4,2,1,0.6107222852870299,76.3125,True,0.8492311239242554
4bry__A1_O75496--4bry__B1_D6RGH6,10,4,0,1,0.6221361255457708,76.0625,True,0.8500528335571289
4bry__A1_O75496--4bry__B1_D6RGH6,11,4,3,1,0.617516843158261,75.9375,True,0.8348151445388794
4bry__A1_O75496--4bry__B1_D6RGH6,12,4,1,1,0.6231197557589635,75.75,True,0.8500528335571289
4bry__A1_O75496--4bry__B1_D6RGH6,13,5,2,1,0.6034107365050199,74.9375,True,0.8034546375274658
4bry__A1_O75496--4bry__B1_D6RGH6,14,5,0,1,0.603494606594177,74.4375,True,0.8106528520584106
4bry__A1_O75496--4bry__B1_D6RGH6,15,5,3,1,0.5975499549659236,73.75,True,0.810224711894989
4bry__A1_O75496--4bry__B1_D6RGH6,16,5,1,1,0.5989319944180497,73.4375,True,0.8034546375274658
4bry__A1_O75496--4bry__B1_D6RGH6,17,3,2,1,0.65393620457846,72.0,True,0.8412925601005554
4bry__A1_O75496--4bry__B1_D6RGH6,18,3,0,1,0.6532572361615929,71.6875,True,0.8217825293540955
4bry__A1_O75496--4bry__B1_D6RGH6,19,3,1,1,0.6499693959459352,71.4375,True,0.8217825293540955
4bry__A1_O75496--4bry__B1_D6RGH6,20,3,3,1,0.6505541785701124,70.9375,True,0.794563889503479
4bvx__A1_P56192--4bvx__B1_O43324,1,2,0,1,0.8272723131457278,94.0625,True,0.8362916111946106
4bvx__A1_P56192--4bvx__B1_O43324,2,2,3,1,0.8298925123087927,94.0,True,0.8256434202194214
4bvx__A1_P56192--4bvx__B1_O43324,3,2,1,1,0.8317515312909025,94.0,True,0.8374072313308716
4bvx__A1_P56192--4bvx__B1_O43324,4,5,3,1,0.8277060569448534,93.875,True,0.8700231313705444
4bvx__A1_P56192--4bvx__B1_O43324,5,5,2,1,0.8296438150215327,93.875,True,0.859825849533081
4bvx__A1_P56192--4bvx__B1_O43324,6,5,1,1,0.8281187881643469,93.875,True,0.8497735857963562
4bvx__A1_P56192--4bvx__B1_O43324,7,2,2,1,0.8250929387726265,93.8125,True,0.8394200801849365
4bvx__A1_P56192--4bvx__B1_O43324,8,1,1,1,0.8347242678559471,93.8125,True,0.8068610429763794
4bvx__A1_P56192--4bvx__B1_O43324,9,5,0,1,0.8234121398767087,93.75,True,0.8763798475265503
4bvx__A1_P56192--4bvx__B1_O43324,10,1,2,1,0.8167852912117208,93.6875,True,0.8313561677932739
4bvx__A1_P56192--4bvx__B1_O43324,11,1,3,1,0.8306464308702021,93.6875,True,0.8147236108779907
4bvx__A1_P56192--4bvx__B1_O43324,12,1,0,1,0.824482218671418,93.6875,True,0.8086609244346619
4bvx__A1_P56192--4bvx__B1_O43324,13,4,2,1,0.8552904652986227,93.625,True,0.868792712688446
4bvx__A1_P56192--4bvx__B1_O43324,14,4,1,1,0.8562147401948002,93.625,True,0.868792712688446
4bvx__A1_P56192--4bvx__B1_O43324,15,3,0,1,0.8501407161012638,93.625,True,0.8642902970314026
4bvx__A1_P56192--4bvx__B1_O43324,16,3,3,1,0.8546783646469209,93.625,True,0.8683087825775146
4bvx__A1_P56192--4bvx__B1_O43324,17,3,2,1,0.8497545340863706,93.5625,True,0.8614969849586487
4bvx__A1_P56192--4bvx__B1_O43324,18,4,3,1,0.8479024617125527,93.5625,True,0.861694872379303
4bvx__A1_P56192--4bvx__B1_O43324,19,3,1,1,0.8502715495221612,93.5625,True,0.8642902970314026
4bvx__A1_P56192--4bvx__B1_O43324,20,4,0,1,0.859616674809864,93.5,True,0.8732072710990906
4cbv__D1_Q79CK7--4cbv__C1_Q79CK7,1,4,2,0,0.1973919029482123,57.59375,False,0.15904444456100464
4cbv__D1_Q79CK7--4cbv__C1_Q79CK7,2,3,1,0,0.1938058720981028,56.8125,False,0.502617359161377
4cbv__D1_Q79CK7--4cbv__C1_Q79CK7,3,1,3,0,0.2009604689891492,56.75,False,0.9995908141136169
4cbv__D1_Q79CK7--4cbv__C1_Q79CK7,4,5,1,0,0.2170468204068968,56.6875,False,0.44484785199165344
4cbv__D1_Q79CK7--4cbv__C1_Q79CK7,5,1,1,0,0.1903332596473854,56.6875,False,0.9958070516586304
4cbv__D1_Q79CK7--4cbv__C1_Q79CK7,6,1,2,0,0.2081605014697869,56.3125,False,0.9994346499443054
4cbv__D1_Q79CK7--4cbv__C1_Q79CK7,7,1,0,0,0.1949367692964835,56.3125,False,0.9997231364250183
4cbv__D1_Q79CK7--4cbv__C1_Q79CK7,8,2,1,0,0.1944129433281503,56.21875,False,0.1822967529296875
4cbv__D1_Q79CK7--4cbv__C1_Q79CK7,9,4,0,0,0.2031031922108632,56.15625,False,0.7581008076667786
4cbv__D1_Q79CK7--4cbv__C1_Q79CK7,10,4,1,0,0.2014742801452794,56.125,False,0.050112608820199966
4cbv__D1_Q79CK7--4cbv__C1_Q79CK7,11,3,2,0,0.1916246019002472,56.03125,False,0.41911640763282776
4cbv__D1_Q79CK7--4cbv__C1_Q79CK7,12,5,3,0,0.204558791724975,55.84375,False,0.39413878321647644
4cbv__D1_Q79CK7--4cbv__C1_Q79CK7,13,4,3,0,0.1966585748310304,55.8125,False,0.09430092573165894
4cbv__D1_Q79CK7--4cbv__C1_Q79CK7,14,2,3,0,0.1953398702247256,55.65625,False,0.2802002429962158
4cbv__D1_Q79CK7--4cbv__C1_Q79CK7,15,2,2,0,0.2047522097778202,55.5,False,0.05836688354611397
4cbv__D1_Q79CK7--4cbv__C1_Q79CK7,16,2,0,0,0.2038769963982232,55.34375,False,0.019033972173929214
4cbv__D1_Q79CK7--4cbv__C1_Q79CK7,17,5,0,0,0.2208461498513912,55.3125,False,0.37132614850997925
4cbv__D1_Q79CK7--4cbv__C1_Q79CK7,18,3,0,0,0.1999605560937253,55.21875,False,0.060799140483140945
4cbv__D1_Q79CK7--4cbv__C1_Q79CK7,19,5,2,0,0.2083558039082308,54.46875,False,0.16571083664894104
4cbv__D1_Q79CK7--4cbv__C1_Q79CK7,20,3,3,0,0.184147905513486,54.125,False,0.519198477268219
4cfg__A1_Q14258--4cfg__B1_Q14258,1,1,0,2,0.5715059669686148,62.46875,True,0.9090505838394165
4cfg__A1_Q14258--4cfg__B1_Q14258,2,1,2,2,0.5773649532108361,62.4375,True,0.8882825374603271
4cfg__A1_Q14258--4cfg__B1_Q14258,3,1,3,2,0.5724483530783558,62.375,True,0.9183831214904785
4cfg__A1_Q14258--4cfg__B1_Q14258,4,3,2,2,0.5825852591945603,61.875,True,0.9371050000190735
4cfg__A1_Q14258--4cfg__B1_Q14258,5,1,1,2,0.588422894744244,61.6875,True,0.9049317836761475
4cfg__A1_Q14258--4cfg__B1_Q14258,6,4,2,2,0.5935962169955479,61.21875,True,0.8108545541763306
4cfg__A1_Q14258--4cfg__B1_Q14258,7,5,3,2,0.6066960352980458,61.0,True,0.8893107771873474
4cfg__A1_Q14258--4cfg__B1_Q14258,8,3,3,2,0.5707949259813403,60.3125,True,0.9272696375846863
4cfg__A1_Q14258--4cfg__B1_Q14258,9,5,2,2,0.5979112385070794,60.09375,True,0.849065899848938
4cfg__A1_Q14258--4cfg__B1_Q14258,10,5,0,2,0.6034652927500428,59.90625,True,0.9224994778633118
4cfg__A1_Q14258--4cfg__B1_Q14258,11,2,1,2,0.5912799719020737,58.71875,True,0.8887624144554138
4cfg__A1_Q14258--4cfg__B1_Q14258,12,5,1,2,0.6145842056202736,58.09375,True,0.9141597747802734
4cfg__A1_Q14258--4cfg__B1_Q14258,13,2,0,2,0.6021002824952952,57.21875,True,0.8957145810127258
4cfg__A1_Q14258--4cfg__B1_Q14258,14,2,3,2,0.6076537621164729,56.9375,True,0.9785040020942688
4cfg__A1_Q14258--4cfg__B1_Q14258,15,4,1,2,0.5679431368990088,55.8125,True,0.7463645935058594
4cfg__A1_Q14258--4cfg__B1_Q14258,16,2,2,2,0.3094978430364052,54.8125,True,0.8806568384170532
4cfg__A1_Q14258--4cfg__B1_Q14258,17,4,0,2,0.568972278535637,52.8125,True,0.8630169630050659
4cfg__A1_Q14258--4cfg__B1_Q14258,18,4,3,2,0.4449513920538698,52.625,True,0.9452335238456726
4cfg__A1_Q14258--4cfg__B1_Q14258,19,3,1,2,0.2056371194762817,51.5625,False,0.8608587384223938
4cfg__A1_Q14258--4cfg__B1_Q14258,20,3,0,2,0.2278929532970219,49.15625,False,0.8655869960784912
4dex__A1_P54288--4dex__B1_Q02294,1,4,3,3,0.5871983079484837,87.5,True,0.7903594970703125
4dex__A1_P54288--4dex__B1_Q02294,2,3,2,3,0.5820751923637181,87.375,True,0.8714116811752319
4dex__A1_P54288--4dex__B1_Q02294,3,4,1,3,0.5949289803162042,87.375,True,0.8744192123413086
4dex__A1_P54288--4dex__B1_Q02294,4,3,0,3,0.5798992389533851,87.25,True,0.8612954020500183
4dex__A1_P54288--4dex__B1_Q02294,5,5,3,3,0.5688228715081552,86.9375,True,0.8653047680854797
4dex__A1_P54288--4dex__B1_Q02294,6,5,2,3,0.571424164790879,86.75,True,0.7829951643943787
4dex__A1_P54288--4dex__B1_Q02294,7,4,2,3,0.597005875470114,86.5625,True,0.865569531917572
4dex__A1_P54288--4dex__B1_Q02294,8,4,0,3,0.5888588650974503,86.375,True,0.9092477560043335
4dex__A1_P54288--4dex__B1_Q02294,9,3,3,3,0.5793861084536699,86.3125,True,0.8498967289924622
4dex__A1_P54288--4dex__B1_Q02294,10,5,1,3,0.5719952313870266,86.25,True,0.9032909274101257
4dex__A1_P54288--4dex__B1_Q02294,11,5,0,3,0.5736726536828592,86.0,True,0.83447265625
4dex__A1_P54288--4dex__B1_Q02294,12,3,1,3,0.5754309693410041,84.9375,True,0.8612954020500183
4dex__A1_P54288--4dex__B1_Q02294,13,2,2,3,0.5966937943600695,83.4375,True,0.8031955361366272
4dex__A1_P54288--4dex__B1_Q02294,14,2,3,3,0.5893051673602723,82.625,True,0.7851393818855286
4dex__A1_P54288--4dex__B1_Q02294,15,2,1,3,0.5917425624657057,81.8125,True,0.7929075360298157
4dex__A1_P54288--4dex__B1_Q02294,16,2,0,3,0.5920640259981497,81.625,True,0.7929075360298157
4dex__A1_P54288--4dex__B1_Q02294,17,1,3,3,0.5979570466627643,80.9375,True,0.8834022283554077
4dex__A1_P54288--4dex__B1_Q02294,18,1,0,3,0.5872989633463869,80.625,True,0.8796209096908569
4dex__A1_P54288--4dex__B1_Q02294,19,1,1,3,0.6041964757263786,80.375,True,0.9096553921699524
4dex__A1_P54288--4dex__B1_Q02294,20,1,2,3,0.5894376571990948,78.6875,True,0.8810974359512329
4dri__A1_Q13451--4dri__B1_P42345,1,4,1,0,0.084593752714466,27.546875,False,0.12245777249336243
4dri__A1_Q13451--4dri__B1_P42345,2,1,0,0,0.0206039735562416,27.515625,False,0.07801933586597443
4dri__A1_Q13451--4dri__B1_P42345,3,4,2,0,0.1638789271125905,26.390625,False,0.2407042384147644
4dri__A1_Q13451--4dri__B1_P42345,4,4,3,0,0.2160361890956633,26.234375,False,0.18400196731090546
4dri__A1_Q13451--4dri__B1_P42345,5,4,0,0,0.07843580074597,26.109375,False,0.06602601706981659
4dri__A1_Q13451--4dri__B1_P42345,6,2,0,0,0.0205310746336907,25.46875,False,0.053735148161649704
4dri__A1_Q13451--4dri__B1_P42345,7,1,1,0,0.0246513114209614,23.28125,False,0.1603771150112152
4dri__A1_Q13451--4dri__B1_P42345,8,1,3,0,0.0256969544161866,23.03125,False,0.08825922757387161
4dri__A1_Q13451--4dri__B1_P42345,9,2,3,0,0.0168047877682925,22.578125,False,0.05124485865235329
4dri__A1_Q13451--4dri__B1_P42345,10,1,2,0,0.0263926462683779,22.46875,False,0.13020069897174835
4dri__A1_Q13451--4dri__B1_P42345,11,3,2,0,0.2481883155559831,22.359375,True,0.019714267924427986
4dri__A1_Q13451--4dri__B1_P42345,12,3,3,0,0.0458516755432447,22.3125,False,0.04297870025038719
4dri__A1_Q13451--4dri__B1_P42345,13,3,1,0,0.080978140923582,22.1875,False,0.08663210272789001
4dri__A1_Q13451--4dri__B1_P42345,14,2,1,0,0.0605831975597705,21.953125,False,0.02230287902057171
4dri__A1_Q13451--4dri__B1_P42345,15,3,0,0,0.0745111831027027,21.9375,False,0.11904581636190414
4dri__A1_Q13451--4dri__B1_P42345,16,2,2,0,0.055089223273955,21.296875,False,0.019531406462192535
4dri__A1_Q13451--4dri__B1_P42345,17,5,2,0,0.0539733752374576,20.609375,False,0.029876332730054855
4dri__A1_Q13451--4dri__B1_P42345,18,5,3,0,0.0566209803366359,20.234375,False,0.05077635869383812
4dri__A1_Q13451--4dri__B1_P42345,19,5,0,0,0.0762054551132085,19.453125,False,0.13690905272960663
4dri__A1_Q13451--4dri__B1_P42345,20,5,1,0,0.0780189263553094,19.375,False,0.06435517221689224
4e6w__B1_A0A0H2V8D3--4e6w__A1_A0A0H2V8D3,1,3,0,2,0.0535746168619866,69.4375,False,0.06378110498189926
4e6w__B1_A0A0H2V8D3--4e6w__A1_A0A0H2V8D3,2,3,3,2,0.089458661781608,58.03125,False,0.11331931501626968
4e6w__B1_A0A0H2V8D3--4e6w__A1_A0A0H2V8D3,3,4,0,2,0.0107525601522804,52.5,False,0.01023109257221222
4e6w__B1_A0A0H2V8D3--4e6w__A1_A0A0H2V8D3,4,3,2,2,0.0641005431599518,50.90625,False,0.20649969577789307
4e6w__B1_A0A0H2V8D3--4e6w__A1_A0A0H2V8D3,5,3,1,2,0.059342057149223,48.125,False,0.13226152956485748
4e6w__B1_A0A0H2V8D3--4e6w__A1_A0A0H2V8D3,6,5,2,2,0.1323662733850535,39.5625,False,0.06017506495118141
4e6w__B1_A0A0H2V8D3--4e6w__A1_A0A0H2V8D3,7,5,0,2,0.1392277017885748,36.5625,False,0.13487769663333893
4e6w__B1_A0A0H2V8D3--4e6w__A1_A0A0H2V8D3,8,5,1,2,0.1591375739320595,35.46875,False,0.052097663283348083
4e6w__B1_A0A0H2V8D3--4e6w__A1_A0A0H2V8D3,9,5,3,2,0.1215423268874452,34.9375,False,0.6290203928947449
4e6w__B1_A0A0H2V8D3--4e6w__A1_A0A0H2V8D3,10,2,3,2,0.0570634058381983,31.984375,False,0.02529013343155384
4e6w__B1_A0A0H2V8D3--4e6w__A1_A0A0H2V8D3,11,1,1,2,0.0621923004030852,30.296875,False,0.03511590510606766
4e6w__B1_A0A0H2V8D3--4e6w__A1_A0A0H2V8D3,12,2,1,2,0.0613240337585476,30.140625,False,0.1777186095714569
4e6w__B1_A0A0H2V8D3--4e6w__A1_A0A0H2V8D3,13,1,3,2,0.0596266631537163,29.78125,False,0.028656918555498123
4e6w__B1_A0A0H2V8D3--4e6w__A1_A0A0H2V8D3,14,1,2,2,0.0406218890069463,29.390625,False,0.034451987594366074
4e6w__B1_A0A0H2V8D3--4e6w__A1_A0A0H2V8D3,15,2,2,2,0.0653647455093496,29.265625,False,0.1015440821647644
4e6w__B1_A0A0H2V8D3--4e6w__A1_A0A0H2V8D3,16,2,0,2,0.1119740366961479,28.140625,False,0.25782182812690735
4e6w__B1_A0A0H2V8D3--4e6w__A1_A0A0H2V8D3,17,4,1,2,0.0678448480865134,27.859375,False,0.22795455157756805
4e6w__B1_A0A0H2V8D3--4e6w__A1_A0A0H2V8D3,18,1,0,2,0.0448447258005702,27.578125,False,0.0516439825296402
4e6w__B1_A0A0H2V8D3--4e6w__A1_A0A0H2V8D3,19,4,3,2,0.0334585657189885,25.171875,False,0.06471238285303116
4e6w__B1_A0A0H2V8D3--4e6w__A1_A0A0H2V8D3,20,4,2,2,0.0237991802349381,23.34375,False,0.018849970772862434
4emo__D1_Q9H0F6--4emo__A1_Q9H0F6,1,3,3,1,0.1510200350473439,45.1875,False,0.3795565366744995
4emo__D1_Q9H0F6--4emo__A1_Q9H0F6,2,4,3,1,0.1701107948875545,40.28125,False,0.26932069659233093
4emo__D1_Q9H0F6--4emo__A1_Q9H0F6,3,2,1,1,0.1913834158946275,37.03125,False,0.34599679708480835
4emo__D1_Q9H0F6--4emo__A1_Q9H0F6,4,1,3,1,0.0138228641453585,35.3125,False,0.14859633147716522
4emo__D1_Q9H0F6--4emo__A1_Q9H0F6,5,2,3,1,0.3447364544178326,33.53125,True,0.08341767638921738
4emo__D1_Q9H0F6--4emo__A1_Q9H0F6,6,5,2,1,0.3532036091167582,32.875,True,0.1669909954071045
4emo__D1_Q9H0F6--4emo__A1_Q9H0F6,7,5,0,1,0.1231558601312966,32.875,False,0.17625343799591064
4emo__D1_Q9H0F6--4emo__A1_Q9H0F6,8,5,1,1,0.1273861188222833,32.65625,False,0.028438424691557884
4emo__D1_Q9H0F6--4emo__A1_Q9H0F6,9,3,1,1,0.106225142368595,32.40625,False,0.0929948166012764
4emo__D1_Q9H0F6--4emo__A1_Q9H0F6,10,1,1,1,0.0141646232145122,31.859375,False,0.522723376750946
4emo__D1_Q9H0F6--4emo__A1_Q9H0F6,11,4,1,1,0.1009034801647435,31.78125,False,0.06263282895088196
4emo__D1_Q9H0F6--4emo__A1_Q9H0F6,12,3,0,1,0.1418872318626247,31.15625,False,0.6679911613464355
4emo__D1_Q9H0F6--4emo__A1_Q9H0F6,13,2,0,1,0.3719723547368179,30.28125,True,0.13020409643650055
4emo__D1_Q9H0F6--4emo__A1_Q9H0F6,14,1,0,1,0.014150651529659,30.234375,False,0.37241923809051514
4emo__D1_Q9H0F6--4emo__A1_Q9H0F6,15,5,3,1,0.1317057693669004,29.3125,False,0.45478177070617676
4emo__D1_Q9H0F6--4emo__A1_Q9H0F6,16,2,2,1,0.3372857686994528,28.203125,True,0.09557042270898819
4emo__D1_Q9H0F6--4emo__A1_Q9H0F6,17,1,2,1,0.0145657144690317,27.390625,False,0.10266034305095673
4emo__D1_Q9H0F6--4emo__A1_Q9H0F6,18,3,2,1,0.1449262129353822,25.609375,False,0.1163850799202919
4emo__D1_Q9H0F6--4emo__A1_Q9H0F6,19,4,0,1,0.1134898881130715,19.78125,False,0.05842266231775284
4emo__D1_Q9H0F6--4emo__A1_Q9H0F6,20,4,2,1,0.1587855451218095,18.0625,False,0.057663239538669586
4eog__A1_UNDEFINED--4eog__A2_UNDEFINED,1,3,2,0,0.6403107115674226,89.375,True,0.9422637820243835
4eog__A1_UNDEFINED--4eog__A2_UNDEFINED,2,4,3,0,0.6348892991971072,89.0,True,0.9720859527587891
4eog__A1_UNDEFINED--4eog__A2_UNDEFINED,3,3,3,0,0.6388894836145098,88.8125,True,0.9265162944793701
4eog__A1_UNDEFINED--4eog__A2_UNDEFINED,4,1,3,0,0.6328866218876169,88.4375,True,0.9404610395431519
4eog__A1_UNDEFINED--4eog__A2_UNDEFINED,5,4,1,0,0.642152830263483,88.3125,True,0.971656084060669
4eog__A1_UNDEFINED--4eog__A2_UNDEFINED,6,2,2,0,0.6400483150404113,88.25,True,0.895819902420044
4eog__A1_UNDEFINED--4eog__A2_UNDEFINED,7,1,1,0,0.6433766661417467,88.25,True,0.9356314539909363
4eog__A1_UNDEFINED--4eog__A2_UNDEFINED,8,2,0,0,0.6272784391625782,88.1875,True,0.8721810579299927
4eog__A1_UNDEFINED--4eog__A2_UNDEFINED,9,3,0,0,0.648088119270419,88.1875,True,0.9463332295417786
4eog__A1_UNDEFINED--4eog__A2_UNDEFINED,10,4,2,0,0.6345824760404009,88.125,True,0.9738778471946716
4eog__A1_UNDEFINED--4eog__A2_UNDEFINED,11,1,2,0,0.6295007359760202,88.125,True,0.9348622560501099
4eog__A1_UNDEFINED--4eog__A2_UNDEFINED,12,3,1,0,0.6360386321873122,88.125,True,0.9626405835151672
4eog__A1_UNDEFINED--4eog__A2_UNDEFINED,13,1,0,0,0.6470293284581919,87.75,True,0.9476117491722107
4eog__A1_UNDEFINED--4eog__A2_UNDEFINED,14,2,1,0,0.6361202447889999,87.5625,True,0.8882410526275635
4eog__A1_UNDEFINED--4eog__A2_UNDEFINED,15,2,3,0,0.6295678054295821,87.375,True,0.8925589323043823
4eog__A1_UNDEFINED--4eog__A2_UNDEFINED,16,4,0,0,0.6369599587767159,87.25,True,0.9533126354217529
4eog__A1_UNDEFINED--4eog__A2_UNDEFINED,17,5,3,0,0.6366753919217203,87.1875,True,0.937311589717865
4eog__A1_UNDEFINED--4eog__A2_UNDEFINED,18,5,1,0,0.6402205557262465,86.875,True,0.9700389504432678
4eog__A1_UNDEFINED--4eog__A2_UNDEFINED,19,5,2,0,0.6382538929918032,86.8125,True,0.9402250647544861
4eog__A1_UNDEFINED--4eog__A2_UNDEFINED,20,5,0,0,0.6394084174123655,86.625,True,0.9713439345359802
4fmm__B1_P53860--4fmm__A1_P53860,1,4,3,4,0.7108223628693366,83.5,True,0.0005921035190112889
4fmm__B1_P53860--4fmm__A1_P53860,2,4,1,4,0.7029654169653922,82.8125,True,0.00013843242777511477
4fmm__B1_P53860--4fmm__A1_P53860,3,1,1,4,0.6639503443062151,77.1875,True,0.0020769797265529633
4fmm__B1_P53860--4fmm__A1_P53860,4,3,3,4,0.1703444318397655,73.875,False,0.3088272213935852
4fmm__B1_P53860--4fmm__A1_P53860,5,2,2,4,0.6818050229515794,73.8125,True,0.00038265326293185353
4fmm__B1_P53860--4fmm__A1_P53860,6,3,2,4,0.2606195091234689,73.3125,True,0.6222499012947083
4fmm__B1_P53860--4fmm__A1_P53860,7,3,0,4,0.1687241474642868,72.75,False,0.07140392810106277
4fmm__B1_P53860--4fmm__A1_P53860,8,3,1,4,0.1563978807234007,72.75,False,0.027117053046822548
4fmm__B1_P53860--4fmm__A1_P53860,9,2,3,4,0.6887195331997765,70.625,True,0.00039935566019266844
4fmm__B1_P53860--4fmm__A1_P53860,10,2,0,4,0.6749786276654834,69.6875,True,0.00014816148905083537
4fmm__B1_P53860--4fmm__A1_P53860,11,5,2,4,0.1814513313221285,69.375,False,0.9983276724815369
4fmm__B1_P53860--4fmm__A1_P53860,12,5,1,4,0.1462241132539101,69.0625,False,0.011979049071669579
4fmm__B1_P53860--4fmm__A1_P53860,13,1,2,4,0.6421697451619272,68.375,True,0.0005210618255659938
4fmm__B1_P53860--4fmm__A1_P53860,14,1,0,4,0.6546590433252096,66.375,True,0.002851321827620268
4fmm__B1_P53860--4fmm__A1_P53860,15,5,3,4,0.1655842636599439,65.125,False,0.3960520029067993
4fmm__B1_P53860--4fmm__A1_P53860,16,4,2,4,0.5731406249683665,64.25,True,0.002127099549397826
4fmm__B1_P53860--4fmm__A1_P53860,17,1,3,4,0.5944954130278556,63.5625,True,0.001089836354367435
4fmm__B1_P53860--4fmm__A1_P53860,18,5,0,4,0.4314537747759736,58.125,True,0.0645652487874031
4fmm__B1_P53860--4fmm__A1_P53860,19,2,1,4,0.6711704723907644,53.90625,True,0.00039958374691195786
4fmm__B1_P53860--4fmm__A1_P53860,20,4,0,4,0.6438651662675033,51.9375,True,0.4111623466014862
4fqb__B1_Q9I2Q0--4fqb__A1_Q9I2Q1,1,5,3,0,0.8773504640432751,92.1875,True,0.9131518006324768
4fqb__B1_Q9I2Q0--4fqb__A1_Q9I2Q1,2,4,0,0,0.8986503105095643,92.125,True,0.9177386164665222
4fqb__B1_Q9I2Q0--4fqb__A1_Q9I2Q1,3,4,2,0,0.912947743180752,92.125,True,0.929602324962616
4fqb__B1_Q9I2Q0--4fqb__A1_Q9I2Q1,4,4,1,0,0.8947734748973586,91.875,True,0.9286544322967529
4fqb__B1_Q9I2Q0--4fqb__A1_Q9I2Q1,5,5,2,0,0.8797402106320593,91.875,True,0.911758542060852
4fqb__B1_Q9I2Q0--4fqb__A1_Q9I2Q1,6,5,0,0,0.9035883744278164,91.875,True,0.8993159532546997
4fqb__B1_Q9I2Q0--4fqb__A1_Q9I2Q1,7,3,3,0,0.8815053577516206,91.8125,True,0.9072393178939819
4fqb__B1_Q9I2Q0--4fqb__A1_Q9I2Q1,8,3,0,0,0.8815836237824323,91.75,True,0.8550552129745483
4fqb__B1_Q9I2Q0--4fqb__A1_Q9I2Q1,9,1,1,0,0.8875400589834775,91.75,True,0.8781248331069946
4fqb__B1_Q9I2Q0--4fqb__A1_Q9I2Q1,10,2,1,0,0.860889117036054,91.75,True,0.8704817295074463
4fqb__B1_Q9I2Q0--4fqb__A1_Q9I2Q1,11,5,1,0,0.8799315284687391,91.75,True,0.9094023108482361
4fqb__B1_Q9I2Q0--4fqb__A1_Q9I2Q1,12,4,3,0,0.8876001363159579,91.6875,True,0.9377087950706482
4fqb__B1_Q9I2Q0--4fqb__A1_Q9I2Q1,13,3,2,0,0.8757432004894761,91.6875,True,0.8623334169387817
4fqb__B1_Q9I2Q0--4fqb__A1_Q9I2Q1,14,3,1,0,0.8859867155230612,91.625,True,0.8768109083175659
4fqb__B1_Q9I2Q0--4fqb__A1_Q9I2Q1,15,1,0,0,0.886300154278965,91.625,True,0.8654484748840332
4fqb__B1_Q9I2Q0--4fqb__A1_Q9I2Q1,16,1,2,0,0.8877862874869646,91.4375,True,0.9237236380577087
4fqb__B1_Q9I2Q0--4fqb__A1_Q9I2Q1,17,2,3,0,0.8585968996449401,91.375,True,0.8635936975479126
4fqb__B1_Q9I2Q0--4fqb__A1_Q9I2Q1,18,2,0,0,0.8451817923938166,91.375,True,0.8482295870780945
4fqb__B1_Q9I2Q0--4fqb__A1_Q9I2Q1,19,1,3,0,0.9002135553196116,91.3125,True,0.9071462154388428
4fqb__B1_Q9I2Q0--4fqb__A1_Q9I2Q1,20,2,2,0,0.8355078845138605,91.0625,True,0.8562030792236328
4fup__A1_Q5HKE8--4fup__A2_Q5HKE8,1,2,2,0,0.028325479078198,67.1875,False,0.0941362977027893
4fup__A1_Q5HKE8--4fup__A2_Q5HKE8,2,2,0,0,0.0284338279235231,65.4375,False,0.009851544164121151
4fup__A1_Q5HKE8--4fup__A2_Q5HKE8,3,2,1,0,0.5122395689502383,47.59375,True,0.06973227858543396
4fup__A1_Q5HKE8--4fup__A2_Q5HKE8,4,3,3,0,0.0261313910978183,39.5,False,0.08481071144342422
4fup__A1_Q5HKE8--4fup__A2_Q5HKE8,5,3,0,0,0.0259402748499413,39.1875,False,0.22426770627498627
4fup__A1_Q5HKE8--4fup__A2_Q5HKE8,6,2,3,0,0.5484450783062759,37.3125,True,0.05484829470515251
4fup__A1_Q5HKE8--4fup__A2_Q5HKE8,7,3,1,0,0.0263577418076591,35.9375,False,0.1358030140399933
4fup__A1_Q5HKE8--4fup__A2_Q5HKE8,8,3,2,0,0.0267140085726954,31.921875,False,0.10416141897439957
4fup__A1_Q5HKE8--4fup__A2_Q5HKE8,9,1,2,0,0.3107370598823281,22.984375,True,0.15916089713573456
4fup__A1_Q5HKE8--4fup__A2_Q5HKE8,10,1,1,0,0.3443054385033139,22.75,True,0.1385619044303894
4fup__A1_Q5HKE8--4fup__A2_Q5HKE8,11,1,3,0,0.2980107030280998,20.78125,True,0.07380641996860504
4fup__A1_Q5HKE8--4fup__A2_Q5HKE8,12,1,0,0,0.3045541537811195,20.390625,True,0.10894821584224701
4fup__A1_Q5HKE8--4fup__A2_Q5HKE8,13,4,3,0,0.0318524931286289,19.03125,False,0.13221055269241333
4fup__A1_Q5HKE8--4fup__A2_Q5HKE8,14,4,1,0,0.0323645458116033,18.828125,False,0.042720649391412735
4fup__A1_Q5HKE8--4fup__A2_Q5HKE8,15,4,0,0,0.0262768588231646,17.265625,False,0.09350372105836868
4fup__A1_Q5HKE8--4fup__A2_Q5HKE8,16,4,2,0,0.0297599696011355,16.296875,False,0.03567049652338028
4fup__A1_Q5HKE8--4fup__A2_Q5HKE8,17,5,2,0,0.0289756364687663,16.09375,False,0.01759834587574005
4fup__A1_Q5HKE8--4fup__A2_Q5HKE8,18,5,3,0,0.0154026280723161,15.9765625,False,0.01759834587574005
4fup__A1_Q5HKE8--4fup__A2_Q5HKE8,19,5,0,0,0.0501978490096515,15.4765625,False,0.01439979113638401
4fup__A1_Q5HKE8--4fup__A2_Q5HKE8,20,5,1,0,0.0545369867911372,15.125,False,0.01439979113638401
4g2u__A1_Q8T8F4--4g2u__B1_Q8T8F4,1,3,2,3,0.9506203179157516,85.6875,True,0.4514816105365753
4g2u__A1_Q8T8F4--4g2u__B1_Q8T8F4,2,1,1,3,0.9528610550302398,85.5625,True,1.0
4g2u__A1_Q8T8F4--4g2u__B1_Q8T8F4,3,1,3,3,0.9523056081922469,85.5,True,1.0
4g2u__A1_Q8T8F4--4g2u__B1_Q8T8F4,4,2,1,3,0.9590442523190572,85.1875,True,0.9998199343681335
4g2u__A1_Q8T8F4--4g2u__B1_Q8T8F4,5,1,2,3,0.9567340772811176,84.9375,True,1.0
4g2u__A1_Q8T8F4--4g2u__B1_Q8T8F4,6,4,1,3,0.9436384248689708,84.25,True,0.9983090162277222
4g2u__A1_Q8T8F4--4g2u__B1_Q8T8F4,7,5,1,3,0.9563436056489224,84.0,True,0.9999998807907104
4g2u__A1_Q8T8F4--4g2u__B1_Q8T8F4,8,1,0,3,0.9438109732343234,83.75,True,1.0
4g2u__A1_Q8T8F4--4g2u__B1_Q8T8F4,9,5,0,3,0.948240404256912,83.375,True,0.999996542930603
4g2u__A1_Q8T8F4--4g2u__B1_Q8T8F4,10,5,3,3,0.9596709460629236,83.25,True,0.9999998807907104
4g2u__A1_Q8T8F4--4g2u__B1_Q8T8F4,11,5,2,3,0.9520943141431812,83.125,True,0.9999998807907104
4g2u__A1_Q8T8F4--4g2u__B1_Q8T8F4,12,4,2,3,0.9500160569294952,82.625,True,0.9990407824516296
4g2u__A1_Q8T8F4--4g2u__B1_Q8T8F4,13,4,0,3,0.9419476329810736,79.125,True,0.9842690229415894
4g2u__A1_Q8T8F4--4g2u__B1_Q8T8F4,14,4,3,3,0.920199744231332,60.34375,True,0.9522706270217896
4g2u__A1_Q8T8F4--4g2u__B1_Q8T8F4,15,2,2,3,0.0793511679785062,40.40625,False,0.07785341888666153
4g2u__A1_Q8T8F4--4g2u__B1_Q8T8F4,16,2,0,3,0.075125019484349,36.9375,False,0.039429109543561935
4g2u__A1_Q8T8F4--4g2u__B1_Q8T8F4,17,2,3,3,0.0971307601152082,29.734375,False,0.036927539855241776
4g2u__A1_Q8T8F4--4g2u__B1_Q8T8F4,18,3,0,3,0.0083191641798598,20.0,False,0.03560298681259155
4g2u__A1_Q8T8F4--4g2u__B1_Q8T8F4,19,3,3,3,0.0214837274080961,19.046875,False,0.055302467197179794
4g2u__A1_Q8T8F4--4g2u__B1_Q8T8F4,20,3,1,3,0.0161719604783028,18.03125,False,0.026235442608594894
4g3k__A1_O66591--4g3k__B1_O66591,1,3,1,4,0.8801479086454286,88.0,True,0.9865061640739441
4g3k__A1_O66591--4g3k__B1_O66591,2,4,1,4,0.8503859878398766,87.8125,True,0.5587882399559021
4g3k__A1_O66591--4g3k__B1_O66591,3,3,3,4,0.8776511264741739,87.5625,True,0.9865061640739441
4g3k__A1_O66591--4g3k__B1_O66591,4,3,0,4,0.8744319598562368,87.375,True,0.9865061640739441
4g3k__A1_O66591--4g3k__B1_O66591,5,3,2,4,0.8755297123065935,87.0625,True,0.9865061640739441
4g3k__A1_O66591--4g3k__B1_O66591,6,1,3,4,0.8546821205074199,86.1875,True,0.9997022747993469
4g3k__A1_O66591--4g3k__B1_O66591,7,5,1,4,0.8803937394303634,86.0,True,0.02747316285967827
4g3k__A1_O66591--4g3k__B1_O66591,8,5,0,4,0.8782683520578529,86.0,True,0.02747316285967827
4g3k__A1_O66591--4g3k__B1_O66591,9,5,3,4,0.8781445610058944,85.8125,True,0.02747316285967827
4g3k__A1_O66591--4g3k__B1_O66591,10,5,2,4,0.8784287060839878,85.8125,True,0.02747316285967827
4g3k__A1_O66591--4g3k__B1_O66591,11,1,0,4,0.8585097729012025,84.875,True,0.9998542070388794
4g3k__A1_O66591--4g3k__B1_O66591,12,1,2,4,0.8583018514952498,84.5625,True,0.9999648332595825
4g3k__A1_O66591--4g3k__B1_O66591,13,1,1,4,0.869245689061179,83.375,True,0.9996355772018433
4g3k__A1_O66591--4g3k__B1_O66591,14,2,1,4,0.8605275951933877,83.0625,True,0.9999521970748901
4g3k__A1_O66591--4g3k__B1_O66591,15,2,0,4,0.8633350844187252,81.75,True,0.9999346733093262
4g3k__A1_O66591--4g3k__B1_O66591,16,2,2,4,0.8659242892535036,81.625,True,0.9999128580093384
4g3k__A1_O66591--4g3k__B1_O66591,17,2,3,4,0.8688673514915703,81.125,True,0.9998201727867126
4g3k__A1_O66591--4g3k__B1_O66591,18,4,2,4,0.2026343652209778,79.5625,False,0.29738083481788635
4g3k__A1_O66591--4g3k__B1_O66591,19,4,0,4,0.2032023414659548,75.8125,False,0.851253092288971
4g3k__A1_O66591--4g3k__B1_O66591,20,4,3,4,0.2019040491817319,66.125,False,0.35365030169487
4g94__B1_Q4Z9Y5--4g94__A1_P0A0J0,1,2,3,0,0.8319548107929933,91.875,True,0.88346266746521
4g94__B1_Q4Z9Y5--4g94__A1_P0A0J0,2,2,0,0,0.8332472920913442,91.5625,True,0.8969796299934387
4g94__B1_Q4Z9Y5--4g94__A1_P0A0J0,3,1,3,0,0.8666249952273555,91.0625,True,0.8173955678939819
4g94__B1_Q4Z9Y5--4g94__A1_P0A0J0,4,1,1,0,0.8338435656593063,90.75,True,0.9201710820198059
4g94__B1_Q4Z9Y5--4g94__A1_P0A0J0,5,4,3,0,0.8959552174851572,90.6875,True,0.9195812940597534
4g94__B1_Q4Z9Y5--4g94__A1_P0A0J0,6,2,2,0,0.8934451917038454,90.375,True,0.8617529273033142
4g94__B1_Q4Z9Y5--4g94__A1_P0A0J0,7,1,0,0,0.8658348628305386,90.3125,True,0.9147607684135437
4g94__B1_Q4Z9Y5--4g94__A1_P0A0J0,8,4,2,0,0.9000779956687391,90.25,True,0.9347450733184814
4g94__B1_Q4Z9Y5--4g94__A1_P0A0J0,9,4,1,0,0.8955901942765019,90.0625,True,0.8921411633491516
4g94__B1_Q4Z9Y5--4g94__A1_P0A0J0,10,1,2,0,0.8934563002996573,90.0,True,0.8828114867210388
4g94__B1_Q4Z9Y5--4g94__A1_P0A0J0,11,2,1,0,0.8924005263477155,89.9375,True,0.8940536975860596
4g94__B1_Q4Z9Y5--4g94__A1_P0A0J0,12,4,0,0,0.8933407241343477,89.5625,True,0.9292857050895691
4g94__B1_Q4Z9Y5--4g94__A1_P0A0J0,13,3,3,0,0.9001945809987794,89.5625,True,0.9268434643745422
4g94__B1_Q4Z9Y5--4g94__A1_P0A0J0,14,3,2,0,0.8563742800248018,89.5,True,0.9392685890197754
4g94__B1_Q4Z9Y5--4g94__A1_P0A0J0,15,3,1,0,0.8490664858908731,89.375,True,0.9437111616134644
4g94__B1_Q4Z9Y5--4g94__A1_P0A0J0,16,3,0,0,0.9102846501976668,89.25,True,0.9166269898414612
4g94__B1_Q4Z9Y5--4g94__A1_P0A0J0,17,5,3,0,0.8762801573289066,89.1875,True,0.9189759492874146
4g94__B1_Q4Z9Y5--4g94__A1_P0A0J0,18,5,2,0,0.8824118340245456,89.125,True,0.8811428546905518
4g94__B1_Q4Z9Y5--4g94__A1_P0A0J0,19,5,1,0,0.8809825061230204,89.0,True,0.8678714036941528
4g94__B1_Q4Z9Y5--4g94__A1_P0A0J0,20,5,0,0,0.8787257209192466,88.875,True,0.884285032749176
4ghw__A1_O59952--4ghw__B1_O59952,1,5,1,2,0.1901957711546504,48.59375,False,0.4083074629306793
4ghw__A1_O59952--4ghw__B1_O59952,2,5,0,2,0.2050760613837592,46.40625,False,0.35533878207206726
4ghw__A1_O59952--4ghw__B1_O59952,3,5,2,2,0.0518505559429405,44.34375,False,0.011160467751324177
4ghw__A1_O59952--4ghw__B1_O59952,4,5,3,2,0.227678323019249,42.40625,False,0.9785920977592468
4ghw__A1_O59952--4ghw__B1_O59952,5,2,3,2,0.2141379372788235,33.65625,False,0.26091647148132324
4ghw__A1_O59952--4ghw__B1_O59952,6,2,0,2,0.2112757031697509,33.53125,False,0.3096393346786499
4ghw__A1_O59952--4ghw__B1_O59952,7,3,0,2,0.2583631848566923,32.875,True,0.10125754028558731
4ghw__A1_O59952--4ghw__B1_O59952,8,2,2,2,0.1796770852784889,32.5625,False,0.20394085347652435
4ghw__A1_O59952--4ghw__B1_O59952,9,3,1,2,0.2792563151318901,32.21875,True,0.3005058169364929
4ghw__A1_O59952--4ghw__B1_O59952,10,3,2,2,0.2564543947420619,31.90625,True,0.1997726708650589
4ghw__A1_O59952--4ghw__B1_O59952,11,3,3,2,0.1855194062227615,31.046875,False,0.11843059957027435
4ghw__A1_O59952--4ghw__B1_O59952,12,4,2,2,0.0559340346801186,30.734375,False,0.09459151327610016
4ghw__A1_O59952--4ghw__B1_O59952,13,2,1,2,0.2200569417056976,30.625,False,0.1847119778394699
4ghw__A1_O59952--4ghw__B1_O59952,14,1,1,2,0.160907994159678,29.765625,False,0.17065483331680298
4ghw__A1_O59952--4ghw__B1_O59952,15,4,0,2,0.053871072060458,29.296875,False,0.1004381999373436
4ghw__A1_O59952--4ghw__B1_O59952,16,4,1,2,0.0490490737685097,29.15625,False,0.05560336261987686
4ghw__A1_O59952--4ghw__B1_O59952,17,4,3,2,0.0466128534171045,28.9375,False,0.06958401203155518
4ghw__A1_O59952--4ghw__B1_O59952,18,1,0,2,0.2041867716190123,27.90625,False,0.06558288633823395
4ghw__A1_O59952--4ghw__B1_O59952,19,1,3,2,0.1603998409088062,27.3125,False,0.06840429455041885
4ghw__A1_O59952--4ghw__B1_O59952,20,1,2,2,0.1905484578831645,26.140625,False,0.19531545042991638
4git__A1_Q84FG5--4git__B1_Q84FG5,1,4,0,0,0.9157959770704784,84.5,True,0.8726373910903931
4git__A1_Q84FG5--4git__B1_Q84FG5,2,4,2,0,0.917071714042551,84.5,True,0.8726373910903931
4git__A1_Q84FG5--4git__B1_Q84FG5,3,4,3,0,0.9173575715363466,83.5625,True,0.8726373910903931
4git__A1_Q84FG5--4git__B1_Q84FG5,4,4,1,0,0.9170884734437652,83.5625,True,0.8726373910903931
4git__A1_Q84FG5--4git__B1_Q84FG5,5,2,2,0,0.9258582373290096,83.5,True,0.8726373910903931
4git__A1_Q84FG5--4git__B1_Q84FG5,6,2,1,0,0.925536846545552,83.1875,True,0.8726373910903931
4git__A1_Q84FG5--4git__B1_Q84FG5,7,2,3,0,0.9255577471800126,83.125,True,0.8726373910903931
4git__A1_Q84FG5--4git__B1_Q84FG5,8,1,3,0,0.923464687934862,82.4375,True,0.8726373910903931
4git__A1_Q84FG5--4git__B1_Q84FG5,9,2,0,0,0.9255100564605114,82.375,True,0.8726373910903931
4git__A1_Q84FG5--4git__B1_Q84FG5,10,1,0,0,0.9229797206104025,82.0625,True,0.8726373910903931
4git__A1_Q84FG5--4git__B1_Q84FG5,11,1,2,0,0.9234689807698911,82.0,True,0.8726373910903931
4git__A1_Q84FG5--4git__B1_Q84FG5,12,1,1,0,0.9211245327356165,81.375,True,0.8726373910903931
4git__A1_Q84FG5--4git__B1_Q84FG5,13,5,1,0,0.915728545937844,69.1875,True,0.8726373910903931
4git__A1_Q84FG5--4git__B1_Q84FG5,14,5,2,0,0.9156816478555084,68.8125,True,0.8726373910903931
4git__A1_Q84FG5--4git__B1_Q84FG5,15,5,3,0,0.9145514418622608,68.125,True,0.8726373910903931
4git__A1_Q84FG5--4git__B1_Q84FG5,16,3,3,0,0.9195093150189512,67.0625,True,0.8726373910903931
4git__A1_Q84FG5--4git__B1_Q84FG5,17,5,0,0,0.9143932462731468,66.125,True,0.8726373910903931
4git__A1_Q84FG5--4git__B1_Q84FG5,18,3,1,0,0.9188472029942072,66.0625,True,0.8726373910903931
4git__A1_Q84FG5--4git__B1_Q84FG5,19,3,0,0,0.9184768084438236,65.4375,True,0.8726373910903931
4git__A1_Q84FG5--4git__B1_Q84FG5,20,3,2,0,0.9165164373319686,63.375,True,0.8726373910903931
4giz__A1_P0AEX9--4giz__C1_P03126,1,3,1,0,0.4053769370334414,88.125,True,0.8958657383918762
4giz__A1_P0AEX9--4giz__C1_P03126,2,5,1,0,0.5826161888858671,88.0625,True,0.9800036549568176
4giz__A1_P0AEX9--4giz__C1_P03126,3,5,2,0,0.5903359592195884,88.0625,True,0.9821168780326843
4giz__A1_P0AEX9--4giz__C1_P03126,4,3,2,0,0.5707052564904185,88.0,True,0.715512216091156
4giz__A1_P0AEX9--4giz__C1_P03126,5,2,2,0,0.5843929937540213,87.9375,True,0.9195509552955627
4giz__A1_P0AEX9--4giz__C1_P03126,6,5,0,0,0.5759117885305036,87.8125,True,0.9755378365516663
4giz__A1_P0AEX9--4giz__C1_P03126,7,5,3,0,0.5950775066873976,87.8125,True,0.9821168780326843
4giz__A1_P0AEX9--4giz__C1_P03126,8,2,1,0,0.5833176663390259,87.5,True,0.7771556973457336
4giz__A1_P0AEX9--4giz__C1_P03126,9,1,1,0,0.5160163857973522,87.4375,True,0.7228391170501709
4giz__A1_P0AEX9--4giz__C1_P03126,10,2,3,0,0.6061852760101248,87.3125,True,0.7864494323730469
4giz__A1_P0AEX9--4giz__C1_P03126,11,2,0,0,0.5859516972583366,87.3125,True,0.8930948972702026
4giz__A1_P0AEX9--4giz__C1_P03126,12,4,0,0,0.5903870457489399,87.125,True,0.9334295392036438
4giz__A1_P0AEX9--4giz__C1_P03126,13,1,2,0,0.5450519516529532,87.0625,True,0.9116348624229431
4giz__A1_P0AEX9--4giz__C1_P03126,14,1,0,0,0.5329075236943774,87.0,True,0.9218056797981262
4giz__A1_P0AEX9--4giz__C1_P03126,15,4,1,0,0.6241557230153195,86.6875,True,0.931830644607544
4giz__A1_P0AEX9--4giz__C1_P03126,16,4,2,0,0.6158092209998829,86.4375,True,0.9415709376335144
4giz__A1_P0AEX9--4giz__C1_P03126,17,1,3,0,0.539636466450312,86.4375,True,0.8184669613838196
4giz__A1_P0AEX9--4giz__C1_P03126,18,3,0,0,0.5745628013458383,86.4375,True,0.8297978043556213
4giz__A1_P0AEX9--4giz__C1_P03126,19,4,3,0,0.6186173875749376,86.1875,True,0.9547910690307617
4giz__A1_P0AEX9--4giz__C1_P03126,20,3,3,0,0.5814241678112406,85.6875,True,0.9661330580711365
4gof__A1_O43765--4gof__B1_O43765,1,3,3,4,0.4147329133970719,79.5625,True,0.8131588101387024
4gof__A1_O43765--4gof__B1_O43765,2,5,3,4,0.4295961587893575,79.375,True,0.8199434876441956
4gof__A1_O43765--4gof__B1_O43765,3,5,2,4,0.418671200325186,79.3125,True,0.8152565360069275
4gof__A1_O43765--4gof__B1_O43765,4,5,1,4,0.4242530991381357,79.3125,True,0.8300995826721191
4gof__A1_O43765--4gof__B1_O43765,5,2,1,4,0.4063726418156119,79.25,True,0.8230630159378052
4gof__A1_O43765--4gof__B1_O43765,6,3,2,4,0.4254520976257589,79.1875,True,0.8206068277359009
4gof__A1_O43765--4gof__B1_O43765,7,5,0,4,0.4186674457536402,79.1875,True,0.8230589628219604
4gof__A1_O43765--4gof__B1_O43765,8,2,3,4,0.4315002350552354,78.9375,True,0.8230630159378052
4gof__A1_O43765--4gof__B1_O43765,9,2,2,4,0.4216389886200137,78.9375,True,0.8230630159378052
4gof__A1_O43765--4gof__B1_O43765,10,3,0,4,0.4134779894355103,78.9375,True,0.8157811164855957
4gof__A1_O43765--4gof__B1_O43765,11,2,0,4,0.4207988866679637,78.875,True,0.8230630159378052
4gof__A1_O43765--4gof__B1_O43765,12,4,0,4,0.5720206392465779,78.8125,True,0.8366977572441101
4gof__A1_O43765--4gof__B1_O43765,13,4,2,4,0.574612337795506,78.6875,True,0.8300949335098267
4gof__A1_O43765--4gof__B1_O43765,14,4,3,4,0.5650235863686972,78.6875,True,0.8300949335098267
4gof__A1_O43765--4gof__B1_O43765,15,4,1,4,0.5460818249464189,78.625,True,0.8300949335098267
4gof__A1_O43765--4gof__B1_O43765,16,1,3,4,0.4340204102486074,78.25,True,0.8336277008056641
4gof__A1_O43765--4gof__B1_O43765,17,1,2,4,0.43854751168066,78.125,True,0.8377755284309387
4gof__A1_O43765--4gof__B1_O43765,18,3,1,4,0.408569560935507,78.125,True,0.8206068277359009
4gof__A1_O43765--4gof__B1_O43765,19,1,0,4,0.4416535157729759,78.125,True,0.8377755284309387
4gof__A1_O43765--4gof__B1_O43765,20,1,1,4,0.4414268222623713,77.8125,True,0.8377755284309387
4har__A1_P08563--4har__B1_P08563,1,3,1,2,0.4208076332640856,89.875,True,0.9214188456535339
4har__A1_P08563--4har__B1_P08563,2,4,2,2,0.4066454767376503,89.625,True,0.9922356009483337
4har__A1_P08563--4har__B1_P08563,3,3,3,2,0.4258501300326172,88.8125,True,0.9539186358451843
4har__A1_P08563--4har__B1_P08563,4,5,0,2,0.4126154968249922,87.625,True,0.9052721261978149
4har__A1_P08563--4har__B1_P08563,5,4,3,2,0.4181739415644315,87.5625,True,0.9846466779708862
4har__A1_P08563--4har__B1_P08563,6,5,1,2,0.413167012369403,87.3125,True,0.971256673336029
4har__A1_P08563--4har__B1_P08563,7,5,2,2,0.415425732225775,87.25,True,0.9653640389442444
4har__A1_P08563--4har__B1_P08563,8,5,3,2,0.4209260407223493,87.1875,True,0.9708517789840698
4har__A1_P08563--4har__B1_P08563,9,4,1,2,0.4273847899309829,85.6875,True,0.9933284521102905
4har__A1_P08563--4har__B1_P08563,10,1,3,2,0.4212047934791043,85.5,True,0.9380979537963867
4har__A1_P08563--4har__B1_P08563,11,1,0,2,0.4374546737580618,84.875,True,0.9340665340423584
4har__A1_P08563--4har__B1_P08563,12,4,0,2,0.4145276458322257,84.8125,True,0.977066695690155
4har__A1_P08563--4har__B1_P08563,13,1,1,2,0.4305671769240507,84.5,True,0.9717718958854675
4har__A1_P08563--4har__B1_P08563,14,3,2,2,0.4256565428791699,84.1875,True,0.9845823049545288
4har__A1_P08563--4har__B1_P08563,15,3,0,2,0.4542990499414983,83.5625,True,0.9581058025360107
4har__A1_P08563--4har__B1_P08563,16,2,0,2,0.4397203262300518,83.5,True,0.9877661466598511
4har__A1_P08563--4har__B1_P08563,17,1,2,2,0.4359683988863295,83.25,True,0.9180488586425781
4har__A1_P08563--4har__B1_P08563,18,2,1,2,0.4353136342172028,82.75,True,0.9757527709007263
4har__A1_P08563--4har__B1_P08563,19,2,3,2,0.4335177895763422,82.625,True,0.9005324244499207
4har__A1_P08563--4har__B1_P08563,20,2,2,2,0.4318700130539046,81.4375,True,0.9295186996459961
4hg6__A1_Q3J125--4hg6__B1_Q3J126,1,1,2,2,0.3857667217359184,85.1875,True,0.8592835664749146
4hg6__A1_Q3J125--4hg6__B1_Q3J126,2,2,2,2,0.4177159896282829,84.9375,True,0.8436561226844788
4hg6__A1_Q3J125--4hg6__B1_Q3J126,3,4,3,2,0.390658278049585,84.9375,True,0.8487698435783386
4hg6__A1_Q3J125--4hg6__B1_Q3J126,4,4,1,2,0.3836652340712654,84.875,True,0.8601697087287903
4hg6__A1_Q3J125--4hg6__B1_Q3J126,5,2,3,2,0.4190216147403642,84.75,True,0.8349307775497437
4hg6__A1_Q3J125--4hg6__B1_Q3J126,6,1,0,2,0.3879562399040757,84.6875,True,0.845325767993927
4hg6__A1_Q3J125--4hg6__B1_Q3J126,7,1,3,2,0.3854242336281281,84.5625,True,0.8435418009757996
4hg6__A1_Q3J125--4hg6__B1_Q3J126,8,4,2,2,0.3833434328429148,84.5,True,0.8582828640937805
4hg6__A1_Q3J125--4hg6__B1_Q3J126,9,2,0,2,0.4106912132083569,84.4375,True,0.8383776545524597
4hg6__A1_Q3J125--4hg6__B1_Q3J126,10,2,1,2,0.4076764130625088,84.4375,True,0.8383126854896545
4hg6__A1_Q3J125--4hg6__B1_Q3J126,11,1,1,2,0.3866226353441446,84.3125,True,0.854245662689209
4hg6__A1_Q3J125--4hg6__B1_Q3J126,12,4,0,2,0.3937963508543982,84.125,True,0.8455701470375061
4hg6__A1_Q3J125--4hg6__B1_Q3J126,13,3,3,2,0.3770860837695735,83.9375,True,0.8771623373031616
4hg6__A1_Q3J125--4hg6__B1_Q3J126,14,3,1,2,0.3791140378121677,83.875,True,0.8797000050544739
4hg6__A1_Q3J125--4hg6__B1_Q3J126,15,3,0,2,0.3815892519356321,83.3125,True,0.8726598620414734
4hg6__A1_Q3J125--4hg6__B1_Q3J126,16,3,2,2,0.3783140070181325,83.1875,True,0.8460670709609985
4hg6__A1_Q3J125--4hg6__B1_Q3J126,17,5,1,2,0.3840422421084331,81.625,True,0.8328925371170044
4hg6__A1_Q3J125--4hg6__B1_Q3J126,18,5,3,2,0.3817712166332317,81.3125,True,0.8177843689918518
4hg6__A1_Q3J125--4hg6__B1_Q3J126,19,5,2,2,0.3832201083668442,81.0,True,0.8234219551086426
4hg6__A1_Q3J125--4hg6__B1_Q3J126,20,5,0,2,0.3888967626387593,80.6875,True,0.8119316101074219
4hj1__A1_P03518--4hj1__B1_P03518,1,4,2,0,0.0035151538857912,29.859375,False,0.39700397849082947
4hj1__A1_P03518--4hj1__B1_P03518,2,4,1,0,0.0034668302572091,29.125,False,0.6792413592338562
4hj1__A1_P03518--4hj1__B1_P03518,3,2,3,0,0.0035427861444207,28.3125,False,0.06101794168353081
4hj1__A1_P03518--4hj1__B1_P03518,4,4,0,0,0.003507386980475,25.96875,False,0.7227570414543152
4hj1__A1_P03518--4hj1__B1_P03518,5,5,2,0,0.0036184287047712,25.484375,False,0.4630639851093292
4hj1__A1_P03518--4hj1__B1_P03518,6,4,3,0,0.0034177782936305,24.828125,False,0.7036650776863098
4hj1__A1_P03518--4hj1__B1_P03518,7,1,3,0,0.0035532900101747,24.671875,False,0.47063079476356506
4hj1__A1_P03518--4hj1__B1_P03518,8,5,0,0,0.0035908643074182,24.625,False,0.27850091457366943
4hj1__A1_P03518--4hj1__B1_P03518,9,5,3,0,0.0035907524492797,24.609375,False,0.30262213945388794
4hj1__A1_P03518--4hj1__B1_P03518,10,5,1,0,0.0035325971405094,24.609375,False,0.1771586537361145
4hj1__A1_P03518--4hj1__B1_P03518,11,1,1,0,0.0034592287785452,24.484375,False,0.6129064559936523
4hj1__A1_P03518--4hj1__B1_P03518,12,1,2,0,0.0035231070609716,24.28125,False,0.7381929755210876
4hj1__A1_P03518--4hj1__B1_P03518,13,2,1,0,0.0034428114797173,23.46875,False,0.7198198437690735
4hj1__A1_P03518--4hj1__B1_P03518,14,2,2,0,0.0034646973795142,23.046875,False,0.7716355919837952
4hj1__A1_P03518--4hj1__B1_P03518,15,1,0,0,0.0035036862539082,22.4375,False,0.762026846408844
4hj1__A1_P03518--4hj1__B1_P03518,16,2,0,0,0.0035108067240047,22.140625,False,0.4084758162498474
4hj1__A1_P03518--4hj1__B1_P03518,17,3,3,0,0.0848342573666594,19.921875,False,0.01759834587574005
4hj1__A1_P03518--4hj1__B1_P03518,18,3,1,0,0.0040170207125511,18.6875,False,0.09330576658248901
4hj1__A1_P03518--4hj1__B1_P03518,19,3,0,0,0.0075778767733405,17.921875,False,0.06348221004009247
4hj1__A1_P03518--4hj1__B1_P03518,20,3,2,0,0.0053415735719804,17.765625,False,0.061745695769786835
4hme__A1_B1VBB0--4hme__A2_B1VBB0,1,2,0,2,0.4880846019797027,83.1875,True,0.010124732740223408
4hme__A1_B1VBB0--4hme__A2_B1VBB0,2,4,0,2,0.5260894523443271,78.9375,True,0.01143183559179306
4hme__A1_B1VBB0--4hme__A2_B1VBB0,3,4,1,2,0.5437367495462156,78.375,True,0.010308844968676567
4hme__A1_B1VBB0--4hme__A2_B1VBB0,4,1,2,2,0.5163775248359417,67.625,True,0.053479794412851334
4hme__A1_B1VBB0--4hme__A2_B1VBB0,5,1,3,2,0.0417801164140708,22.25,False,0.016165001317858696
4hme__A1_B1VBB0--4hme__A2_B1VBB0,6,1,0,2,0.0407575708570016,21.9375,False,0.011923637241125107
4hme__A1_B1VBB0--4hme__A2_B1VBB0,7,1,1,2,0.0218311477101926,21.453125,False,0.010813270695507526
4hme__A1_B1VBB0--4hme__A2_B1VBB0,8,2,1,2,0.055699142665388,21.09375,False,0.010041208937764168
4hme__A1_B1VBB0--4hme__A2_B1VBB0,9,3,2,2,0.013888929425828,19.984375,False,0.010412209667265415
4hme__A1_B1VBB0--4hme__A2_B1VBB0,10,3,1,2,0.0132320362064423,19.90625,False,0.006091788411140442
4hme__A1_B1VBB0--4hme__A2_B1VBB0,11,2,2,2,0.0168090343635256,19.53125,False,0.015246610157191753
4hme__A1_B1VBB0--4hme__A2_B1VBB0,12,3,0,2,0.0416309279163476,19.375,False,0.014897257089614868
4hme__A1_B1VBB0--4hme__A2_B1VBB0,13,3,3,2,0.0122051681271056,19.34375,False,0.016141751781105995
4hme__A1_B1VBB0--4hme__A2_B1VBB0,14,4,2,2,0.0242255632492899,19.3125,False,0.009796038269996643
4hme__A1_B1VBB0--4hme__A2_B1VBB0,15,2,3,2,0.0220491413754349,19.203125,False,0.013373525813221931
4hme__A1_B1VBB0--4hme__A2_B1VBB0,16,4,3,2,0.0154944469562635,18.828125,False,0.011142421513795853
4hme__A1_B1VBB0--4hme__A2_B1VBB0,17,5,1,2,0.0230295608686747,18.671875,False,0.014368228614330292
4hme__A1_B1VBB0--4hme__A2_B1VBB0,18,5,3,2,0.0161555468058694,18.65625,False,0.0144899757578969
4hme__A1_B1VBB0--4hme__A2_B1VBB0,19,5,0,2,0.0083150871331921,18.578125,False,0.009460321627557278
4hme__A1_B1VBB0--4hme__A2_B1VBB0,20,5,2,2,0.0379290860852111,17.390625,False,0.009684378281235695
4ip3__A1_Q8VSD5--4ip3__B1_P61088,1,4,0,1,0.6119264049097262,88.875,True,0.9177594780921936
4ip3__A1_Q8VSD5--4ip3__B1_P61088,2,3,2,1,0.571684751676512,87.1875,True,0.9507449269294739
4ip3__A1_Q8VSD5--4ip3__B1_P61088,3,4,1,1,0.5964460763565373,87.0,True,0.917346715927124
4ip3__A1_Q8VSD5--4ip3__B1_P61088,4,4,2,1,0.5456739706486665,86.5625,True,0.983693540096283
4ip3__A1_Q8VSD5--4ip3__B1_P61088,5,5,2,1,0.5711407139903767,86.0,True,0.9945093989372253
4ip3__A1_Q8VSD5--4ip3__B1_P61088,6,3,1,1,0.5918332152919805,85.9375,True,0.537636935710907
4ip3__A1_Q8VSD5--4ip3__B1_P61088,7,5,1,1,0.5806206219397905,84.75,True,0.6962295174598694
4ip3__A1_Q8VSD5--4ip3__B1_P61088,8,3,3,1,0.5431024314106311,84.6875,True,0.9131632447242737
4ip3__A1_Q8VSD5--4ip3__B1_P61088,9,5,0,1,0.5964026407854157,84.5625,True,0.9747669100761414
4ip3__A1_Q8VSD5--4ip3__B1_P61088,10,3,0,1,0.623184770304421,84.0625,True,0.7619083523750305
4ip3__A1_Q8VSD5--4ip3__B1_P61088,11,5,3,1,0.5780311007396494,83.6875,True,0.9927794337272644
4ip3__A1_Q8VSD5--4ip3__B1_P61088,12,1,2,1,0.5864313938787655,83.25,True,0.9127760529518127
4ip3__A1_Q8VSD5--4ip3__B1_P61088,13,1,3,1,0.5814446848305495,83.0,True,0.8835670948028564
4ip3__A1_Q8VSD5--4ip3__B1_P61088,14,1,0,1,0.6013899158646235,82.875,True,0.9219911098480225
4ip3__A1_Q8VSD5--4ip3__B1_P61088,15,4,3,1,0.5112356943948712,82.375,True,0.7077386379241943
4ip3__A1_Q8VSD5--4ip3__B1_P61088,16,1,1,1,0.5938460819646586,82.3125,True,0.9200543761253357
4ip3__A1_Q8VSD5--4ip3__B1_P61088,17,2,3,1,0.504759732101447,75.8125,True,0.7010817527770996
4ip3__A1_Q8VSD5--4ip3__B1_P61088,18,2,1,1,0.5435588361538753,73.375,True,0.6768090724945068
4ip3__A1_Q8VSD5--4ip3__B1_P61088,19,2,0,1,0.4824762348643198,69.6875,True,0.9540168046951294
4ip3__A1_Q8VSD5--4ip3__B1_P61088,20,2,2,1,0.4829359980008132,65.375,True,0.9582433700561523
4iu2__B1_A0AEF5--4iu2__A1_A0AEF6,1,1,2,2,0.0276052766435953,60.9375,False,0.5833812355995178
4iu2__B1_A0AEF5--4iu2__A1_A0AEF6,2,3,1,2,0.0274892115570081,60.3125,False,0.770959198474884
4iu2__B1_A0AEF5--4iu2__A1_A0AEF6,3,2,1,2,0.0276394877351414,59.75,False,0.6965047717094421
4iu2__B1_A0AEF5--4iu2__A1_A0AEF6,4,2,0,2,0.0276556631579025,59.1875,False,0.6308382153511047
4iu2__B1_A0AEF5--4iu2__A1_A0AEF6,5,1,1,2,0.0274887047619279,59.1875,False,0.5598827600479126
4iu2__B1_A0AEF5--4iu2__A1_A0AEF6,6,5,0,2,0.027534948423193,54.6875,False,0.9997979998588562
4iu2__B1_A0AEF5--4iu2__A1_A0AEF6,7,1,0,2,0.66739305827112,54.65625,True,0.01104031503200531
4iu2__B1_A0AEF5--4iu2__A1_A0AEF6,8,5,3,2,0.6513355670381086,54.0,True,0.9884443879127502
4iu2__B1_A0AEF5--4iu2__A1_A0AEF6,9,3,2,2,0.0277782133989632,52.4375,False,0.8091381788253784
4iu2__B1_A0AEF5--4iu2__A1_A0AEF6,10,1,3,2,0.0279743848155531,52.28125,False,0.5873898267745972
4iu2__B1_A0AEF5--4iu2__A1_A0AEF6,11,2,2,2,0.0279780236151477,48.75,False,0.4433271586894989
4iu2__B1_A0AEF5--4iu2__A1_A0AEF6,12,4,2,2,0.0281023375386737,46.1875,False,0.999685525894165
4iu2__B1_A0AEF5--4iu2__A1_A0AEF6,13,2,3,2,0.0281869849128197,45.46875,False,0.5858522057533264
4iu2__B1_A0AEF5--4iu2__A1_A0AEF6,14,4,3,2,0.0280929038564266,45.03125,False,0.9996156692504883
4iu2__B1_A0AEF5--4iu2__A1_A0AEF6,15,4,0,2,0.0281659549440556,45.0,False,0.9344818592071533
4iu2__B1_A0AEF5--4iu2__A1_A0AEF6,16,4,1,2,0.6238618642060251,43.875,True,0.2789643406867981
4iu2__B1_A0AEF5--4iu2__A1_A0AEF6,17,5,1,2,0.0282245244969117,42.96875,False,0.99980229139328
4iu2__B1_A0AEF5--4iu2__A1_A0AEF6,18,5,2,2,0.0285579143431911,39.90625,False,0.999631404876709
4iu2__B1_A0AEF5--4iu2__A1_A0AEF6,19,3,3,2,0.6777874496590294,39.15625,True,0.023253722116351128
4iu2__B1_A0AEF5--4iu2__A1_A0AEF6,20,3,0,2,0.6244627706831989,36.65625,True,0.00034950091503560543
4jnh__B1_P14349--4jnh__A1_P14349,1,2,1,0,0.4888419001555908,53.15625,True,0.3371400237083435
4jnh__B1_P14349--4jnh__A1_P14349,2,4,2,0,0.4444233735529669,49.15625,True,0.22933734953403473
4jnh__B1_P14349--4jnh__A1_P14349,3,4,0,0,0.3989456125006183,38.75,True,0.2163790762424469
4jnh__B1_P14349--4jnh__A1_P14349,4,4,3,0,0.2895979207689134,37.8125,True,0.18509961664676666
4jnh__B1_P14349--4jnh__A1_P14349,5,4,1,0,0.3226150885458913,29.578125,True,0.14222337305545807
4jnh__B1_P14349--4jnh__A1_P14349,6,5,1,0,0.3527446467102792,23.40625,True,0.3113130033016205
4jnh__B1_P14349--4jnh__A1_P14349,7,1,3,0,0.1629884745068217,21.171875,False,0.07151646912097931
4jnh__B1_P14349--4jnh__A1_P14349,8,3,3,0,0.1347170342070913,21.125,False,0.037352126091718674
4jnh__B1_P14349--4jnh__A1_P14349,9,2,0,0,0.1099553576581633,20.5625,False,0.07611614465713501
4jnh__B1_P14349--4jnh__A1_P14349,10,1,1,0,0.2202328553734136,20.265625,False,0.13288190960884094
4jnh__B1_P14349--4jnh__A1_P14349,11,1,0,0,0.2782204419842972,19.9375,True,0.564475953578949
4jnh__B1_P14349--4jnh__A1_P14349,12,3,2,0,0.0236310756351365,19.859375,False,0.022543013095855713
4jnh__B1_P14349--4jnh__A1_P14349,13,1,2,0,0.1323197392432169,19.203125,False,0.08812063187360764
4jnh__B1_P14349--4jnh__A1_P14349,14,2,3,0,0.2988217150021988,19.15625,True,0.7773903012275696
4jnh__B1_P14349--4jnh__A1_P14349,15,2,2,0,0.1914729215373067,18.734375,False,0.20056644082069397
4jnh__B1_P14349--4jnh__A1_P14349,16,5,0,0,0.3128456949915418,18.40625,True,0.08045849949121475
4jnh__B1_P14349--4jnh__A1_P14349,17,3,1,0,0.026160198691136,18.375,False,0.02796819619834423
4jnh__B1_P14349--4jnh__A1_P14349,18,3,0,0,0.1305625763885121,17.609375,False,0.058139584958553314
4jnh__B1_P14349--4jnh__A1_P14349,19,5,2,0,0.0250757100022609,17.203125,False,0.02119114063680172
4jnh__B1_P14349--4jnh__A1_P14349,20,5,3,0,0.036886817295663,16.8125,False,0.01789896935224533
4k5a__A1_Q1RMX3--4k5a__B1_UNDEFINED,1,3,0,3,0.6443388032278526,69.125,True,0.9748232960700989
4k5a__A1_Q1RMX3--4k5a__B1_UNDEFINED,2,5,2,3,0.5622105558754217,68.75,True,0.7080394625663757
4k5a__A1_Q1RMX3--4k5a__B1_UNDEFINED,3,5,3,3,0.5607405501170308,68.5625,True,0.7010029554367065
4k5a__A1_Q1RMX3--4k5a__B1_UNDEFINED,4,3,2,3,0.6504681767723354,68.25,True,0.9847256541252136
4k5a__A1_Q1RMX3--4k5a__B1_UNDEFINED,5,1,0,3,0.655671317572076,67.75,True,0.8534688353538513
4k5a__A1_Q1RMX3--4k5a__B1_UNDEFINED,6,1,1,3,0.6230409607989128,67.5625,True,0.9304824471473694
4k5a__A1_Q1RMX3--4k5a__B1_UNDEFINED,7,3,3,3,0.6489843464160652,67.5,True,0.9795518517494202
4k5a__A1_Q1RMX3--4k5a__B1_UNDEFINED,8,1,3,3,0.6364984234987514,67.125,True,0.938153862953186
4k5a__A1_Q1RMX3--4k5a__B1_UNDEFINED,9,4,1,3,0.6139680448710635,67.0625,True,0.9806070327758789
4k5a__A1_Q1RMX3--4k5a__B1_UNDEFINED,10,1,2,3,0.6242971334675068,66.625,True,0.6834334135055542
4k5a__A1_Q1RMX3--4k5a__B1_UNDEFINED,11,5,1,3,0.5645160321754099,65.5625,True,0.7003437876701355
4k5a__A1_Q1RMX3--4k5a__B1_UNDEFINED,12,5,0,3,0.5593659990931363,65.3125,True,0.8800660967826843
4k5a__A1_Q1RMX3--4k5a__B1_UNDEFINED,13,3,1,3,0.6760137549288946,65.0,True,0.8782810568809509
4k5a__A1_Q1RMX3--4k5a__B1_UNDEFINED,14,4,3,3,0.6233160102032623,64.1875,True,0.9522836804389954
4k5a__A1_Q1RMX3--4k5a__B1_UNDEFINED,15,2,3,3,0.6387953928391782,64.0625,True,0.8700496554374695
4k5a__A1_Q1RMX3--4k5a__B1_UNDEFINED,16,2,2,3,0.5786569903552343,63.96875,True,0.6350746154785156
4k5a__A1_Q1RMX3--4k5a__B1_UNDEFINED,17,4,2,3,0.6362862640561592,63.9375,True,0.9798001646995544
4k5a__A1_Q1RMX3--4k5a__B1_UNDEFINED,18,2,0,3,0.5737358224503387,63.71875,True,0.595811128616333
4k5a__A1_Q1RMX3--4k5a__B1_UNDEFINED,19,2,1,3,0.583563235398353,62.28125,True,0.7444542646408081
4k5a__A1_Q1RMX3--4k5a__B1_UNDEFINED,20,4,0,3,0.6223141880512764,62.21875,True,0.9693095088005066
4k8w__A1_Q8RP52--4k8w__A2_Q8RP52,1,4,3,1,0.5262152136621386,86.0625,True,0.08857760578393936
4k8w__A1_Q8RP52--4k8w__A2_Q8RP52,2,2,2,1,0.0983818424252143,70.6875,False,0.15071018040180206
4k8w__A1_Q8RP52--4k8w__A2_Q8RP52,3,4,2,1,0.3638717491966118,68.125,True,0.09603405743837357
4k8w__A1_Q8RP52--4k8w__A2_Q8RP52,4,2,3,1,0.0942438022708254,64.6875,False,0.15236544609069824
4k8w__A1_Q8RP52--4k8w__A2_Q8RP52,5,1,3,1,0.1343772313194026,64.5,False,0.3524288833141327
4k8w__A1_Q8RP52--4k8w__A2_Q8RP52,6,4,0,1,0.3149200456404455,61.75,True,0.17122843861579895
4k8w__A1_Q8RP52--4k8w__A2_Q8RP52,7,2,0,1,0.1700223213597326,51.15625,False,0.8638720512390137
4k8w__A1_Q8RP52--4k8w__A2_Q8RP52,8,4,1,1,0.2056567645060663,50.9375,False,0.8716155886650085
4k8w__A1_Q8RP52--4k8w__A2_Q8RP52,9,5,2,1,0.0803189575704954,49.5625,False,0.06026732549071312
4k8w__A1_Q8RP52--4k8w__A2_Q8RP52,10,2,1,1,0.1739268455031153,48.71875,False,0.9547973275184631
4k8w__A1_Q8RP52--4k8w__A2_Q8RP52,11,1,2,1,0.1580182296679843,46.84375,False,0.22991600632667542
4k8w__A1_Q8RP52--4k8w__A2_Q8RP52,12,5,0,1,0.0571973927490292,40.5,False,0.10321412980556488
4k8w__A1_Q8RP52--4k8w__A2_Q8RP52,13,5,3,1,0.0753753200201384,36.96875,False,0.09189768880605698
4k8w__A1_Q8RP52--4k8w__A2_Q8RP52,14,3,2,1,0.2005752320097802,33.5,False,0.3372988700866699
4k8w__A1_Q8RP52--4k8w__A2_Q8RP52,15,3,3,1,0.1712440324394693,32.59375,False,0.15306462347507477
4k8w__A1_Q8RP52--4k8w__A2_Q8RP52,16,1,0,1,0.1687560771820106,29.484375,False,0.11393743008375168
4k8w__A1_Q8RP52--4k8w__A2_Q8RP52,17,5,1,1,0.0434924681479715,29.15625,False,0.06130156293511391
4k8w__A1_Q8RP52--4k8w__A2_Q8RP52,18,1,1,1,0.3597209819143956,28.78125,True,0.04390474781394005
4k8w__A1_Q8RP52--4k8w__A2_Q8RP52,19,3,0,1,0.1802139355835795,23.953125,False,0.41259765625
4k8w__A1_Q8RP52--4k8w__A2_Q8RP52,20,3,1,1,0.1621758822504099,23.90625,False,0.07242251932621002
4kk1__A1_Q09778--4kk1__B1_Q09778,1,4,3,1,0.0193862138413704,59.34375,False,0.9995985627174377
4kk1__A1_Q09778--4kk1__B1_Q09778,2,4,2,1,0.019450858923769,52.375,False,0.9995455145835876
4kk1__A1_Q09778--4kk1__B1_Q09778,3,2,0,1,0.0196239463893595,49.0,False,0.9989894032478333
4kk1__A1_Q09778--4kk1__B1_Q09778,4,2,2,1,0.0194168087245655,48.65625,False,0.9989449381828308
4kk1__A1_Q09778--4kk1__B1_Q09778,5,2,3,1,0.0196377831146855,47.71875,False,0.9970232844352722
4kk1__A1_Q09778--4kk1__B1_Q09778,6,4,0,1,0.0194932829980244,46.5,False,0.9995946288108826
4kk1__A1_Q09778--4kk1__B1_Q09778,7,2,1,1,0.0196147603312719,46.125,False,0.9709647297859192
4kk1__A1_Q09778--4kk1__B1_Q09778,8,4,1,1,0.0193959155612893,43.1875,False,0.9995946288108826
4kk1__A1_Q09778--4kk1__B1_Q09778,9,1,3,1,0.027639700930236,42.0,False,0.9629960060119629
4kk1__A1_Q09778--4kk1__B1_Q09778,10,1,2,1,0.0276442098041711,39.875,False,0.9546788334846497
4kk1__A1_Q09778--4kk1__B1_Q09778,11,5,0,1,0.0197393770965935,38.65625,False,0.9155852794647217
4kk1__A1_Q09778--4kk1__B1_Q09778,12,1,1,1,0.0402461678942623,38.40625,False,0.9180540442466736
4kk1__A1_Q09778--4kk1__B1_Q09778,13,5,3,1,0.0281014688198326,36.5,False,0.6508128643035889
4kk1__A1_Q09778--4kk1__B1_Q09778,14,5,1,1,0.0282026751489255,36.21875,False,0.937724769115448
4kk1__A1_Q09778--4kk1__B1_Q09778,15,1,0,1,0.0446430093034657,35.78125,False,0.8800564408302307
4kk1__A1_Q09778--4kk1__B1_Q09778,16,3,0,1,0.036157432138508,33.375,False,0.9371557831764221
4kk1__A1_Q09778--4kk1__B1_Q09778,17,3,1,1,0.0360522311080423,31.90625,False,0.9516533017158508
4kk1__A1_Q09778--4kk1__B1_Q09778,18,3,2,1,0.0401690963476361,31.703125,False,0.9521522521972656
4kk1__A1_Q09778--4kk1__B1_Q09778,19,5,2,1,0.0364268737826188,30.890625,False,0.708327054977417
4kk1__A1_Q09778--4kk1__B1_Q09778,20,3,3,1,0.0442794574310912,29.625,False,0.9318493008613586
4kun__A1_UNDEFINED--4kun__B1_UNDEFINED,1,2,2,3,0.2816439575412967,86.6875,True,0.4550751745700836
4kun__A1_UNDEFINED--4kun__B1_UNDEFINED,2,2,0,3,0.2840932947062117,85.3125,True,0.3117976784706116
4kun__A1_UNDEFINED--4kun__B1_UNDEFINED,3,4,1,3,0.7605846224731924,81.0,True,0.9172922968864441
4kun__A1_UNDEFINED--4kun__B1_UNDEFINED,4,5,3,3,0.7522947017003824,79.5625,True,0.02812260016798973
4kun__A1_UNDEFINED--4kun__B1_UNDEFINED,5,4,3,3,0.7548433399370303,79.4375,True,0.8536540269851685
4kun__A1_UNDEFINED--4kun__B1_UNDEFINED,6,5,0,3,0.7484130618160071,79.1875,True,0.9765290021896362
4kun__A1_UNDEFINED--4kun__B1_UNDEFINED,7,4,2,3,0.7489993628912348,78.6875,True,0.984599769115448
4kun__A1_UNDEFINED--4kun__B1_UNDEFINED,8,4,0,3,0.7340122798329084,78.625,True,0.4022623896598816
4kun__A1_UNDEFINED--4kun__B1_UNDEFINED,9,5,2,3,0.7294108008857171,78.3125,True,0.0029112244956195354
4kun__A1_UNDEFINED--4kun__B1_UNDEFINED,10,5,1,3,0.8363534932275748,77.6875,True,0.001515567651949823
4kun__A1_UNDEFINED--4kun__B1_UNDEFINED,11,3,2,3,0.7831235755612616,77.5625,True,0.009561557322740555
4kun__A1_UNDEFINED--4kun__B1_UNDEFINED,12,3,3,3,0.7980120648392135,76.0,True,0.0005079850670881569
4kun__A1_UNDEFINED--4kun__B1_UNDEFINED,13,3,0,3,0.7597144042846334,74.75,True,0.04127364605665207
4kun__A1_UNDEFINED--4kun__B1_UNDEFINED,14,3,1,3,0.8070577707630558,74.0625,True,0.004904479719698429
4kun__A1_UNDEFINED--4kun__B1_UNDEFINED,15,1,3,3,0.7712085846352291,71.4375,True,0.977857232093811
4kun__A1_UNDEFINED--4kun__B1_UNDEFINED,16,1,0,3,0.7388556141112245,70.3125,True,0.9932835102081299
4kun__A1_UNDEFINED--4kun__B1_UNDEFINED,17,1,2,3,0.7314754506693708,69.5625,True,0.003308127634227276
4kun__A1_UNDEFINED--4kun__B1_UNDEFINED,18,1,1,3,0.7614693978670334,67.25,True,0.9890164136886597
4kun__A1_UNDEFINED--4kun__B1_UNDEFINED,19,2,1,3,0.7402379908853528,60.375,True,0.9916335344314575
4kun__A1_UNDEFINED--4kun__B1_UNDEFINED,20,2,3,3,0.7236768971447874,56.03125,True,0.00314048258587718
4l4x__A1_Q93NX9--4l4x__A2_Q93NX9,1,5,0,0,0.0768369340453875,68.1875,False,0.9929252862930298
4l4x__A1_Q93NX9--4l4x__A2_Q93NX9,2,1,1,0,0.0622877375637178,62.53125,False,0.9981939196586609
4l4x__A1_Q93NX9--4l4x__A2_Q93NX9,3,2,1,0,0.0378894840162784,62.21875,False,0.9996603727340698
4l4x__A1_Q93NX9--4l4x__A2_Q93NX9,4,2,3,0,0.0376892425977578,61.65625,False,0.9998455047607422
4l4x__A1_Q93NX9--4l4x__A2_Q93NX9,5,1,0,0,0.0778109877160642,61.09375,False,0.9990788698196411
4l4x__A1_Q93NX9--4l4x__A2_Q93NX9,6,1,2,0,0.0780441545101042,60.46875,False,0.9996356964111328
4l4x__A1_Q93NX9--4l4x__A2_Q93NX9,7,2,2,0,0.0371487079169684,60.15625,False,0.9993370175361633
4l4x__A1_Q93NX9--4l4x__A2_Q93NX9,8,1,3,0,0.0537846636974245,54.9375,False,0.9903783798217773
4l4x__A1_Q93NX9--4l4x__A2_Q93NX9,9,3,1,0,0.0986883383816717,28.90625,False,0.35744327306747437
4l4x__A1_Q93NX9--4l4x__A2_Q93NX9,10,3,3,0,0.0710614848685511,28.828125,False,0.16961683332920074
4l4x__A1_Q93NX9--4l4x__A2_Q93NX9,11,5,3,0,0.2490743172930863,27.859375,True,0.05820680409669876
4l4x__A1_Q93NX9--4l4x__A2_Q93NX9,12,3,0,0,0.1012224266622181,27.65625,False,0.37298834323883057
4l4x__A1_Q93NX9--4l4x__A2_Q93NX9,13,3,2,0,0.1058385294226383,27.578125,False,0.326850563287735
4l4x__A1_Q93NX9--4l4x__A2_Q93NX9,14,2,0,0,0.1645782188449719,27.5625,False,0.1789754033088684
4l4x__A1_Q93NX9--4l4x__A2_Q93NX9,15,4,1,0,0.1315283971327777,26.75,False,0.36936888098716736
4l4x__A1_Q93NX9--4l4x__A2_Q93NX9,16,5,2,0,0.1787802916103423,26.40625,False,0.07171234488487244
4l4x__A1_Q93NX9--4l4x__A2_Q93NX9,17,4,3,0,0.0809381171197715,26.359375,False,0.5618361234664917
4l4x__A1_Q93NX9--4l4x__A2_Q93NX9,18,4,0,0,0.0742079492576591,26.1875,False,0.47268232703208923
4l4x__A1_Q93NX9--4l4x__A2_Q93NX9,19,4,2,0,0.0794437217133219,25.9375,False,0.40170300006866455
4l4x__A1_Q93NX9--4l4x__A2_Q93NX9,20,5,1,0,0.1248042364473218,24.8125,False,0.04959011450409889
4l9i__A1_P28327--4l9i__B1_P28327,1,4,3,4,0.0622548013796975,73.75,False,0.21272729337215424
4l9i__A1_P28327--4l9i__B1_P28327,2,4,1,4,0.0628522653114012,72.375,False,0.5130046010017395
4l9i__A1_P28327--4l9i__B1_P28327,3,4,2,4,0.0641735616918375,72.375,False,0.6579180955886841
4l9i__A1_P28327--4l9i__B1_P28327,4,1,1,4,0.0612841281168676,64.75,False,0.5646312832832336
4l9i__A1_P28327--4l9i__B1_P28327,5,3,2,4,0.063421110993908,57.53125,False,0.012626120820641518
4l9i__A1_P28327--4l9i__B1_P28327,6,3,0,4,0.0635087195595073,54.75,False,0.012645930983126163
4l9i__A1_P28327--4l9i__B1_P28327,7,3,1,4,0.0636317896222407,54.6875,False,0.07298191636800766
4l9i__A1_P28327--4l9i__B1_P28327,8,5,1,4,0.0081448021890042,28.953125,False,0.3650015890598297
4l9i__A1_P28327--4l9i__B1_P28327,9,5,3,4,0.0082250978167293,28.859375,False,0.32299312949180603
4l9i__A1_P28327--4l9i__B1_P28327,10,5,2,4,0.0083381869138536,28.703125,False,0.40432435274124146
4l9i__A1_P28327--4l9i__B1_P28327,11,1,2,4,0.0082951189497048,28.46875,False,0.4614255726337433
4l9i__A1_P28327--4l9i__B1_P28327,12,4,0,4,0.0148505441269542,27.953125,False,0.32927206158638
4l9i__A1_P28327--4l9i__B1_P28327,13,1,3,4,0.0081202661914606,27.296875,False,0.3881010115146637
4l9i__A1_P28327--4l9i__B1_P28327,14,5,0,4,0.0078901093854088,26.84375,False,0.19824211299419403
4l9i__A1_P28327--4l9i__B1_P28327,15,1,0,4,0.0065771049997495,25.21875,False,0.19491542875766754
4l9i__A1_P28327--4l9i__B1_P28327,16,2,1,4,0.0044020218203042,24.875,False,0.023667866364121437
4l9i__A1_P28327--4l9i__B1_P28327,17,2,2,4,0.0042163470361575,24.40625,False,0.01527156587690115
4l9i__A1_P28327--4l9i__B1_P28327,18,2,0,4,0.0045240718037207,24.28125,False,0.026417596265673637
4l9i__A1_P28327--4l9i__B1_P28327,19,2,3,4,0.0044294201289261,24.09375,False,0.013672162778675556
4l9i__A1_P28327--4l9i__B1_P28327,20,3,3,4,0.0049010312595226,23.703125,False,0.02154657617211342
4lo8__A1_Q8KHU9--4lo8__B1_Q45878,1,4,1,3,0.445963029444939,72.75,True,0.704953670501709
4lo8__A1_Q8KHU9--4lo8__B1_Q45878,2,1,0,3,0.3821761316925942,69.5625,True,0.2908053696155548
4lo8__A1_Q8KHU9--4lo8__B1_Q45878,3,2,3,3,0.3162140805419244,68.5625,True,0.4376251995563507
4lo8__A1_Q8KHU9--4lo8__B1_Q45878,4,1,3,3,0.5093388367062963,67.25,True,0.5462337136268616
4lo8__A1_Q8KHU9--4lo8__B1_Q45878,5,3,2,3,0.2494106190364758,66.5,True,0.6732163429260254
4lo8__A1_Q8KHU9--4lo8__B1_Q45878,6,4,2,3,0.2411055569742476,66.3125,True,0.6159572601318359
4lo8__A1_Q8KHU9--4lo8__B1_Q45878,7,5,0,3,0.3626205266042659,65.1875,True,0.9092198014259338
4lo8__A1_Q8KHU9--4lo8__B1_Q45878,8,2,0,3,0.3717084040767271,62.0,True,0.555004894733429
4lo8__A1_Q8KHU9--4lo8__B1_Q45878,9,3,3,3,0.1834392431803803,61.0625,False,0.5344942808151245
4lo8__A1_Q8KHU9--4lo8__B1_Q45878,10,3,0,3,0.2185982710980598,59.0,False,0.5295700430870056
4lo8__A1_Q8KHU9--4lo8__B1_Q45878,11,3,1,3,0.3042416116046327,58.28125,True,0.5746394395828247
4lo8__A1_Q8KHU9--4lo8__B1_Q45878,12,4,3,3,0.2339581175237667,58.125,True,0.5726926922798157
4lo8__A1_Q8KHU9--4lo8__B1_Q45878,13,1,2,3,0.2501442410679194,55.9375,True,0.5416476130485535
4lo8__A1_Q8KHU9--4lo8__B1_Q45878,14,5,3,3,0.2990032462552974,48.84375,True,0.9109586477279663
4lo8__A1_Q8KHU9--4lo8__B1_Q45878,15,1,1,3,0.1692777573593845,29.03125,False,0.16999059915542603
4lo8__A1_Q8KHU9--4lo8__B1_Q45878,16,4,0,3,0.0085005338254035,18.796875,False,0.03190585970878601
4lo8__A1_Q8KHU9--4lo8__B1_Q45878,17,5,2,3,0.010985285697936,17.734375,False,0.03425052389502525
4lo8__A1_Q8KHU9--4lo8__B1_Q45878,18,2,2,3,0.0147486589428078,16.59375,False,0.04012468084692955
4lo8__A1_Q8KHU9--4lo8__B1_Q45878,19,2,1,3,0.0153329447264472,16.546875,False,0.03472553566098213
4lo8__A1_Q8KHU9--4lo8__B1_Q45878,20,5,1,3,0.0086764932618665,16.140625,False,0.03538776561617851
4lp7__C1_Q91F56--4lp7__A1_Q91F56,1,5,2,1,0.0838438891847362,21.375,False,0.09404882788658142
4lp7__C1_Q91F56--4lp7__A1_Q91F56,2,4,0,1,0.0871244786785221,18.453125,False,0.03655223548412323
4lp7__C1_Q91F56--4lp7__A1_Q91F56,3,3,0,1,0.0808146366454893,18.125,False,0.0742829442024231
4lp7__C1_Q91F56--4lp7__A1_Q91F56,4,2,2,1,0.257657477916604,17.90625,True,0.07997148483991623
4lp7__C1_Q91F56--4lp7__A1_Q91F56,5,4,1,1,0.0332673597703019,17.796875,False,0.04097558930516243
4lp7__C1_Q91F56--4lp7__A1_Q91F56,6,3,2,1,0.0346767316345603,17.640625,False,0.06277696043252945
4lp7__C1_Q91F56--4lp7__A1_Q91F56,7,4,3,1,0.0299823284224035,17.546875,False,0.0444476380944252
4lp7__C1_Q91F56--4lp7__A1_Q91F56,8,1,3,1,0.0916240324664885,17.265625,False,0.06153743714094162
4lp7__C1_Q91F56--4lp7__A1_Q91F56,9,2,0,1,0.0932664511743055,16.578125,False,0.07839671522378922
4lp7__C1_Q91F56--4lp7__A1_Q91F56,10,3,1,1,0.0311487739561473,16.5625,False,0.0489424392580986
4lp7__C1_Q91F56--4lp7__A1_Q91F56,11,4,2,1,0.0717265964566661,16.53125,False,0.06997716426849365
4lp7__C1_Q91F56--4lp7__A1_Q91F56,12,5,3,1,0.0632244717215499,16.46875,False,0.057781293988227844
4lp7__C1_Q91F56--4lp7__A1_Q91F56,13,2,3,1,0.133794163667504,16.40625,False,0.13513733446598053
4lp7__C1_Q91F56--4lp7__A1_Q91F56,14,1,2,1,0.06177640382139,15.890625,False,0.14537136256694794
4lp7__C1_Q91F56--4lp7__A1_Q91F56,15,2,1,1,0.0188634804133,15.8671875,False,0.04208094999194145
4lp7__C1_Q91F56--4lp7__A1_Q91F56,16,5,1,1,0.1135777950980808,15.7578125,False,0.11350292712450027
4lp7__C1_Q91F56--4lp7__A1_Q91F56,17,1,0,1,0.0528737007655672,15.578125,False,0.049137260764837265
4lp7__C1_Q91F56--4lp7__A1_Q91F56,18,1,1,1,0.1158133594050698,15.140625,False,0.06695196777582169
4lp7__C1_Q91F56--4lp7__A1_Q91F56,19,3,3,1,0.0348456345813869,15.1171875,False,0.04775966703891754
4lp7__C1_Q91F56--4lp7__A1_Q91F56,20,5,0,1,0.0276775165738077,13.9375,False,0.050699133425951004
4lrq__C1_A0A0H3ALA8--4lrq__A1_A0A0H3ALA8,1,3,3,3,0.0780186338848186,70.875,False,0.9967615008354187
4lrq__C1_A0A0H3ALA8--4lrq__A1_A0A0H3ALA8,2,3,2,3,0.0780638656550949,64.875,False,0.9967615008354187
4lrq__C1_A0A0H3ALA8--4lrq__A1_A0A0H3ALA8,3,2,3,3,0.0615859303478687,62.5,False,0.9912797808647156
4lrq__C1_A0A0H3ALA8--4lrq__A1_A0A0H3ALA8,4,3,0,3,0.060525364755908,59.75,False,0.9952859282493591
4lrq__C1_A0A0H3ALA8--4lrq__A1_A0A0H3ALA8,5,2,2,3,0.06175272355292,58.9375,False,0.9543328881263733
4lrq__C1_A0A0H3ALA8--4lrq__A1_A0A0H3ALA8,6,5,2,3,0.0775526466084633,58.46875,False,0.0013423560885712504
4lrq__C1_A0A0H3ALA8--4lrq__A1_A0A0H3ALA8,7,5,3,3,0.0596626428187212,58.21875,False,0.00028443793416954577
4lrq__C1_A0A0H3ALA8--4lrq__A1_A0A0H3ALA8,8,5,1,3,0.0601243496074024,57.625,False,0.0014288566308096051
4lrq__C1_A0A0H3ALA8--4lrq__A1_A0A0H3ALA8,9,5,0,3,0.0596336421344988,51.40625,False,0.0002028698945650831
4lrq__C1_A0A0H3ALA8--4lrq__A1_A0A0H3ALA8,10,2,0,3,0.0627432256805153,48.625,False,0.09028847515583038
4lrq__C1_A0A0H3ALA8--4lrq__A1_A0A0H3ALA8,11,3,1,3,0.0613722715760446,39.71875,False,0.8160715699195862
4lrq__C1_A0A0H3ALA8--4lrq__A1_A0A0H3ALA8,12,2,1,3,0.0637091204902257,37.5,False,0.05558140575885773
4lrq__C1_A0A0H3ALA8--4lrq__A1_A0A0H3ALA8,13,1,1,3,0.0930944060567343,32.5,False,0.15529149770736694
4lrq__C1_A0A0H3ALA8--4lrq__A1_A0A0H3ALA8,14,1,0,3,0.0929115770293749,32.40625,False,0.1534128338098526
4lrq__C1_A0A0H3ALA8--4lrq__A1_A0A0H3ALA8,15,1,2,3,0.0902098621636667,32.1875,False,0.23468776047229767
4lrq__C1_A0A0H3ALA8--4lrq__A1_A0A0H3ALA8,16,1,3,3,0.0961803213082563,30.140625,False,0.4630894958972931
4lrq__C1_A0A0H3ALA8--4lrq__A1_A0A0H3ALA8,17,4,0,3,0.1973645090387512,24.5,False,0.4849652051925659
4lrq__C1_A0A0H3ALA8--4lrq__A1_A0A0H3ALA8,18,4,2,3,0.1926072554029829,24.25,False,0.4863737225532532
4lrq__C1_A0A0H3ALA8--4lrq__A1_A0A0H3ALA8,19,4,3,3,0.1722645265601153,24.078125,False,0.41105160117149353
4lrq__C1_A0A0H3ALA8--4lrq__A1_A0A0H3ALA8,20,4,1,3,0.1840558274391031,23.6875,False,0.4585595726966858
4luq__A1_Q9HYC5--4luq__C1_Q9HYC4,1,2,2,1,0.0068850428237788,91.25,False,0.7578997611999512
4luq__A1_Q9HYC5--4luq__C1_Q9HYC4,2,2,0,1,0.0069036597642748,91.125,False,0.8412356972694397
4luq__A1_Q9HYC5--4luq__C1_Q9HYC4,3,1,0,1,0.0069527981273994,90.8125,False,0.8508122563362122
4luq__A1_Q9HYC5--4luq__C1_Q9HYC4,4,2,1,1,0.0069172793293179,90.6875,False,0.7623199820518494
4luq__A1_Q9HYC5--4luq__C1_Q9HYC4,5,2,3,1,0.006899332974768,90.5625,False,0.815200924873352
4luq__A1_Q9HYC5--4luq__C1_Q9HYC4,6,4,0,1,0.0068445532418714,90.25,False,0.8113638162612915
4luq__A1_Q9HYC5--4luq__C1_Q9HYC4,7,1,1,1,0.0069620057467137,90.1875,False,0.7656649351119995
4luq__A1_Q9HYC5--4luq__C1_Q9HYC4,8,1,2,1,0.0069491739361985,90.125,False,0.7924452424049377
4luq__A1_Q9HYC5--4luq__C1_Q9HYC4,9,3,0,1,0.0069456625354498,90.0625,False,0.8436711430549622
4luq__A1_Q9HYC5--4luq__C1_Q9HYC4,10,5,2,1,0.0069434653543601,90.0,False,0.7441491484642029
4luq__A1_Q9HYC5--4luq__C1_Q9HYC4,11,3,2,1,0.0069135102736265,89.9375,False,0.6854907274246216
4luq__A1_Q9HYC5--4luq__C1_Q9HYC4,12,4,2,1,0.0069025537648538,89.875,False,0.7443193793296814
4luq__A1_Q9HYC5--4luq__C1_Q9HYC4,13,5,0,1,0.0069521984181794,89.75,False,0.8906552791595459
4luq__A1_Q9HYC5--4luq__C1_Q9HYC4,14,4,3,1,0.0068781379883572,89.6875,False,0.8052802681922913
4luq__A1_Q9HYC5--4luq__C1_Q9HYC4,15,3,3,1,0.0069402059588418,89.5,False,0.8634885549545288
4luq__A1_Q9HYC5--4luq__C1_Q9HYC4,16,4,1,1,0.0069175707856885,89.4375,False,0.7877112627029419
4luq__A1_Q9HYC5--4luq__C1_Q9HYC4,17,1,3,1,0.0069696182288444,89.0,False,0.8566997647285461
4luq__A1_Q9HYC5--4luq__C1_Q9HYC4,18,3,1,1,0.0069200829926667,88.6875,False,0.7477304339408875
4luq__A1_Q9HYC5--4luq__C1_Q9HYC4,19,5,3,1,0.0069522737809939,88.5625,False,0.7290869951248169
4luq__A1_Q9HYC5--4luq__C1_Q9HYC4,20,5,1,1,0.0069386253043339,88.3125,False,0.8268383145332336
4mgy__A1_Q9EQZ6--4mgy__B1_P61224,1,5,2,1,0.6082775803829716,88.4375,True,0.9813169240951538
4mgy__A1_Q9EQZ6--4mgy__B1_P61224,2,1,3,1,0.5831084069749333,88.1875,True,0.9999434947967529
4mgy__A1_Q9EQZ6--4mgy__B1_P61224,3,2,2,1,0.7614040298057253,88.1875,True,0.5452855229377747
4mgy__A1_Q9EQZ6--4mgy__B1_P61224,4,4,3,1,0.6008567972326295,88.0625,True,0.9992582201957703
4mgy__A1_Q9EQZ6--4mgy__B1_P61224,5,2,1,1,0.7453818714224439,87.4375,True,0.6493870615959167
4mgy__A1_Q9EQZ6--4mgy__B1_P61224,6,4,0,1,0.6046148135513201,87.3125,True,0.99496990442276
4mgy__A1_Q9EQZ6--4mgy__B1_P61224,7,5,3,1,0.5242029300813424,86.8125,True,0.9768150448799133
4mgy__A1_Q9EQZ6--4mgy__B1_P61224,8,4,2,1,0.6105324630212454,86.5625,True,0.9994565844535828
4mgy__A1_Q9EQZ6--4mgy__B1_P61224,9,1,2,1,0.5542773962782798,86.25,True,0.9970031380653381
4mgy__A1_Q9EQZ6--4mgy__B1_P61224,10,2,3,1,0.4488277135101798,85.8125,True,0.13937629759311676
4mgy__A1_Q9EQZ6--4mgy__B1_P61224,11,4,1,1,0.523910705333885,85.4375,True,0.9035157561302185
4mgy__A1_Q9EQZ6--4mgy__B1_P61224,12,5,1,1,0.5351177266716709,85.4375,True,0.9996635913848877
4mgy__A1_Q9EQZ6--4mgy__B1_P61224,13,1,1,1,0.5856869346317906,85.0,True,0.9996936321258545
4mgy__A1_Q9EQZ6--4mgy__B1_P61224,14,3,1,1,0.4438493205423213,84.5625,True,0.48587846755981445
4mgy__A1_Q9EQZ6--4mgy__B1_P61224,15,1,0,1,0.4281047097854562,83.375,True,0.41688042879104614
4mgy__A1_Q9EQZ6--4mgy__B1_P61224,16,3,0,1,0.5529432257009192,82.75,True,0.7970564365386963
4mgy__A1_Q9EQZ6--4mgy__B1_P61224,17,3,2,1,0.6092139405897926,82.5625,True,0.9825429916381836
4mgy__A1_Q9EQZ6--4mgy__B1_P61224,18,3,3,1,0.5801649791715139,82.25,True,0.9434263110160828
4mgy__A1_Q9EQZ6--4mgy__B1_P61224,19,5,0,1,0.5177107941752738,79.75,True,0.904161810874939
4mgy__A1_Q9EQZ6--4mgy__B1_P61224,20,2,0,1,0.4357069969510493,77.6875,True,0.3345944583415985
4muc__B1_Q03591--4muc__A1_Q03591,1,2,2,4,0.3050739807925627,41.84375,True,0.030057143419981003
4muc__B1_Q03591--4muc__A1_Q03591,2,1,1,4,0.0711303998774767,25.09375,False,0.046159811317920685
4muc__B1_Q03591--4muc__A1_Q03591,3,1,2,4,0.1429161078182543,23.078125,False,0.10158387571573257
4muc__B1_Q03591--4muc__A1_Q03591,4,1,0,4,0.1697853435023741,22.46875,False,0.024639923125505447
4muc__B1_Q03591--4muc__A1_Q03591,5,5,1,4,0.1002025778913486,22.1875,False,0.06314288079738617
4muc__B1_Q03591--4muc__A1_Q03591,6,2,3,4,0.0824270613740466,19.90625,False,0.04555505886673927
4muc__B1_Q03591--4muc__A1_Q03591,7,2,0,4,0.1483927765498464,19.53125,False,0.3096768260002136
4muc__B1_Q03591--4muc__A1_Q03591,8,2,1,4,0.2096063362267578,19.15625,False,0.3241872191429138
4muc__B1_Q03591--4muc__A1_Q03591,9,4,2,4,0.0251720901903365,18.78125,False,0.04353701323270798
4muc__B1_Q03591--4muc__A1_Q03591,10,4,1,4,0.0267030757551906,18.65625,False,0.03703121468424797
4muc__B1_Q03591--4muc__A1_Q03591,11,4,0,4,0.0215188402289362,18.390625,False,0.03461805731058121
4muc__B1_Q03591--4muc__A1_Q03591,12,4,3,4,0.0719776491188269,18.359375,False,0.22721728682518005
4muc__B1_Q03591--4muc__A1_Q03591,13,1,3,4,0.1003234407617593,17.609375,False,0.28449201583862305
4muc__B1_Q03591--4muc__A1_Q03591,14,3,2,4,0.0283262703092545,17.40625,False,0.01258157193660736
4muc__B1_Q03591--4muc__A1_Q03591,15,5,2,4,0.0294190496645619,17.09375,False,0.04330698400735855
4muc__B1_Q03591--4muc__A1_Q03591,16,5,3,4,0.0462667449904519,16.3125,False,0.06997071951627731
4muc__B1_Q03591--4muc__A1_Q03591,17,5,0,4,0.0513224823047364,16.171875,False,0.07729511708021164
4muc__B1_Q03591--4muc__A1_Q03591,18,3,0,4,0.0503643721294724,15.9296875,False,0.05598357692360878
4muc__B1_Q03591--4muc__A1_Q03591,19,3,3,4,0.0245431761934668,15.9140625,False,0.039076123386621475
4muc__B1_Q03591--4muc__A1_Q03591,20,3,1,4,0.0340142655523406,15.890625,False,0.03109040856361389
4mxe__A1_Q5FWF5--4mxe__B1_Q5FWF5,1,3,0,2,0.2689491583438005,79.25,True,0.9966200590133667
4mxe__A1_Q5FWF5--4mxe__B1_Q5FWF5,2,1,3,2,0.1996516466649958,78.8125,False,0.9853162169456482
4mxe__A1_Q5FWF5--4mxe__B1_Q5FWF5,3,1,0,2,0.1876821097008131,78.0625,False,0.9859941005706787
4mxe__A1_Q5FWF5--4mxe__B1_Q5FWF5,4,1,1,2,0.212778980206593,77.9375,False,0.9884814023971558
4mxe__A1_Q5FWF5--4mxe__B1_Q5FWF5,5,1,2,2,0.1907790528934075,77.0625,False,0.9889054298400879
4mxe__A1_Q5FWF5--4mxe__B1_Q5FWF5,6,4,1,2,0.2556165889960547,75.9375,True,0.998988687992096
4mxe__A1_Q5FWF5--4mxe__B1_Q5FWF5,7,4,0,2,0.2661123067338271,74.9375,True,0.9992444515228271
4mxe__A1_Q5FWF5--4mxe__B1_Q5FWF5,8,4,2,2,0.2753295748092045,73.75,True,0.98972088098526
4mxe__A1_Q5FWF5--4mxe__B1_Q5FWF5,9,2,1,2,0.226503217677637,73.1875,False,0.9937562942504883
4mxe__A1_Q5FWF5--4mxe__B1_Q5FWF5,10,4,3,2,0.229665540990597,72.875,False,0.9793781638145447
4mxe__A1_Q5FWF5--4mxe__B1_Q5FWF5,11,2,3,2,0.2164307075286159,72.0,False,0.9936700463294983
4mxe__A1_Q5FWF5--4mxe__B1_Q5FWF5,12,3,1,2,0.21946898807004,71.0,False,0.9554674625396729
4mxe__A1_Q5FWF5--4mxe__B1_Q5FWF5,13,5,0,2,0.1866444390957374,64.75,False,0.9947339296340942
4mxe__A1_Q5FWF5--4mxe__B1_Q5FWF5,14,3,2,2,0.2491356312488468,64.25,True,0.6532827615737915
4mxe__A1_Q5FWF5--4mxe__B1_Q5FWF5,15,5,2,2,0.1562547668357092,61.25,False,0.9263408184051514
4mxe__A1_Q5FWF5--4mxe__B1_Q5FWF5,16,2,2,2,0.2714973093205989,60.65625,True,0.9354215860366821
4mxe__A1_Q5FWF5--4mxe__B1_Q5FWF5,17,2,0,2,0.2260832450718011,60.40625,False,0.7946264147758484
4mxe__A1_Q5FWF5--4mxe__B1_Q5FWF5,18,5,1,2,0.2377124504963149,59.5625,True,0.9111501574516296
4mxe__A1_Q5FWF5--4mxe__B1_Q5FWF5,19,5,3,2,0.0752380356537555,59.40625,False,0.8652602434158325
4mxe__A1_Q5FWF5--4mxe__B1_Q5FWF5,20,3,3,2,0.2292322204181336,58.0,False,0.8436875343322754
4n1j__B1_Q86W24--4n1j__A1_Q86W24,1,4,0,0,0.126247796600908,26.125,False,0.023516925051808357
4n1j__B1_Q86W24--4n1j__A1_Q86W24,2,4,1,0,0.1513472190299051,24.25,False,0.030039813369512558
4n1j__B1_Q86W24--4n1j__A1_Q86W24,3,2,1,0,0.1416445407133925,20.78125,False,0.0833800882101059
4n1j__B1_Q86W24--4n1j__A1_Q86W24,4,2,2,0,0.209689092546584,20.09375,False,0.1405758261680603
4n1j__B1_Q86W24--4n1j__A1_Q86W24,5,5,2,0,0.2022455926466098,19.5,False,0.38201215863227844
4n1j__B1_Q86W24--4n1j__A1_Q86W24,6,5,3,0,0.1546993437731536,17.328125,False,0.22145408391952515
4n1j__B1_Q86W24--4n1j__A1_Q86W24,7,1,2,0,0.067809655549122,17.234375,False,0.03278229385614395
4n1j__B1_Q86W24--4n1j__A1_Q86W24,8,1,1,0,0.0668308010042735,17.046875,False,0.07287918031215668
4n1j__B1_Q86W24--4n1j__A1_Q86W24,9,2,3,0,0.1453381305163596,16.890625,False,0.049798570573329926
4n1j__B1_Q86W24--4n1j__A1_Q86W24,10,2,0,0,0.1338812530404199,16.84375,False,0.05622066929936409
4n1j__B1_Q86W24--4n1j__A1_Q86W24,11,5,0,0,0.1913097861885551,16.828125,False,0.18891209363937378
4n1j__B1_Q86W24--4n1j__A1_Q86W24,12,1,3,0,0.100396177976948,16.46875,False,0.040561266243457794
4n1j__B1_Q86W24--4n1j__A1_Q86W24,13,3,3,0,0.1138824089761239,16.421875,False,0.08248385787010193
4n1j__B1_Q86W24--4n1j__A1_Q86W24,14,5,1,0,0.0885001541010796,16.21875,False,0.03440951555967331
4n1j__B1_Q86W24--4n1j__A1_Q86W24,15,4,2,0,0.157357298680557,15.984375,False,0.024887854233384132
4n1j__B1_Q86W24--4n1j__A1_Q86W24,16,3,0,0,0.1989794879621636,15.84375,False,0.07531270384788513
4n1j__B1_Q86W24--4n1j__A1_Q86W24,17,4,3,0,0.1017772061594045,15.4765625,False,0.04066019505262375
4n1j__B1_Q86W24--4n1j__A1_Q86W24,18,3,1,0,0.0936116607900282,15.1171875,False,0.04042864590883255
4n1j__B1_Q86W24--4n1j__A1_Q86W24,19,3,2,0,0.1111174768571608,14.1171875,False,0.13563206791877747
4n1j__B1_Q86W24--4n1j__A1_Q86W24,20,1,0,0,0.0649457574438652,14.0,False,0.032254595309495926
4n1k__B1_Q86W24--4n1k__A1_Q86W24,1,4,1,1,0.0216514610931053,42.90625,False,0.07122156769037247
4n1k__B1_Q86W24--4n1k__A1_Q86W24,2,2,1,1,0.2668381260172673,34.78125,True,0.06800292432308197
4n1k__B1_Q86W24--4n1k__A1_Q86W24,3,4,0,1,0.0295181486941555,30.125,False,0.059189870953559875
4n1k__B1_Q86W24--4n1k__A1_Q86W24,4,3,1,1,0.0906133865991057,27.125,False,0.06031908467411995
4n1k__B1_Q86W24--4n1k__A1_Q86W24,5,3,3,1,0.0938721635866845,25.390625,False,0.07015727460384369
4n1k__B1_Q86W24--4n1k__A1_Q86W24,6,3,2,1,0.0917093376243132,24.9375,False,0.08637285232543945
4n1k__B1_Q86W24--4n1k__A1_Q86W24,7,2,0,1,0.0721335305493586,23.484375,False,0.04710354283452034
4n1k__B1_Q86W24--4n1k__A1_Q86W24,8,2,2,1,0.0660532575889134,22.171875,False,0.30853280425071716
4n1k__B1_Q86W24--4n1k__A1_Q86W24,9,3,0,1,0.0655351420321041,21.984375,False,0.028913456946611404
4n1k__B1_Q86W24--4n1k__A1_Q86W24,10,1,0,1,0.1732994701115032,19.875,False,0.033285778015851974
4n1k__B1_Q86W24--4n1k__A1_Q86W24,11,1,2,1,0.1081885833908715,19.828125,False,0.15521620213985443
4n1k__B1_Q86W24--4n1k__A1_Q86W24,12,4,3,1,0.1590701130012638,19.625,False,0.06849668174982071
4n1k__B1_Q86W24--4n1k__A1_Q86W24,13,1,1,1,0.0909846035547549,19.59375,False,0.044967904686927795
4n1k__B1_Q86W24--4n1k__A1_Q86W24,14,5,1,1,0.1689118332709612,19.546875,False,0.09835842996835709
4n1k__B1_Q86W24--4n1k__A1_Q86W24,15,5,3,1,0.4074847396420811,19.5,True,0.05878472328186035
4n1k__B1_Q86W24--4n1k__A1_Q86W24,16,4,2,1,0.0654105202799133,19.015625,False,0.18436351418495178
4n1k__B1_Q86W24--4n1k__A1_Q86W24,17,1,3,1,0.0666128732306766,18.5625,False,0.146727055311203
4n1k__B1_Q86W24--4n1k__A1_Q86W24,18,2,3,1,0.0681234487839128,18.234375,False,0.1277264803647995
4n1k__B1_Q86W24--4n1k__A1_Q86W24,19,5,0,1,0.0830271770622855,16.78125,False,0.06944891810417175
4n1k__B1_Q86W24--4n1k__A1_Q86W24,20,5,2,1,0.0466012675307461,14.7265625,False,0.07533702999353409
4n6j__A1_Q13033--4n6j__B1_Q13033,1,4,1,2,0.0304486863605663,55.5,False,0.5108521580696106
4n6j__A1_Q13033--4n6j__B1_Q13033,2,4,3,2,0.0304277511092824,53.65625,False,0.06460181623697281
4n6j__A1_Q13033--4n6j__B1_Q13033,3,4,2,2,0.0299855222361991,45.8125,False,0.7759904861450195
4n6j__A1_Q13033--4n6j__B1_Q13033,4,2,3,2,0.0294285723962612,41.875,False,0.985560953617096
4n6j__A1_Q13033--4n6j__B1_Q13033,5,5,3,2,0.0351100143980053,41.59375,False,0.10281000286340714
4n6j__A1_Q13033--4n6j__B1_Q13033,6,4,0,2,0.0302789876755462,41.53125,False,0.026891618967056274
4n6j__A1_Q13033--4n6j__B1_Q13033,7,3,1,2,0.0350270055379653,40.59375,False,0.8984518051147461
4n6j__A1_Q13033--4n6j__B1_Q13033,8,2,2,2,0.0346594498007066,40.0625,False,0.9986294507980347
4n6j__A1_Q13033--4n6j__B1_Q13033,9,3,2,2,0.0394630102558978,39.84375,False,0.3481571078300476
4n6j__A1_Q13033--4n6j__B1_Q13033,10,3,3,2,0.0349066036816484,39.6875,False,0.377217561006546
4n6j__A1_Q13033--4n6j__B1_Q13033,11,2,1,2,0.0347410299804765,39.25,False,0.7431480288505554
4n6j__A1_Q13033--4n6j__B1_Q13033,12,1,0,2,0.0242234893535613,39.1875,False,0.34760090708732605
4n6j__A1_Q13033--4n6j__B1_Q13033,13,2,0,2,0.0348535292154882,38.96875,False,0.36055514216423035
4n6j__A1_Q13033--4n6j__B1_Q13033,14,1,2,2,0.0240480917465408,36.34375,False,0.011488285847008228
4n6j__A1_Q13033--4n6j__B1_Q13033,15,5,0,2,0.0348341550643448,36.15625,False,0.5111300349235535
4n6j__A1_Q13033--4n6j__B1_Q13033,16,5,2,2,0.0346523820394898,35.96875,False,0.04726481810212135
4n6j__A1_Q13033--4n6j__B1_Q13033,17,1,3,2,0.0292694604468011,35.78125,False,0.20129865407943726
4n6j__A1_Q13033--4n6j__B1_Q13033,18,3,0,2,0.0296888374824827,35.0,False,0.6278736591339111
4n6j__A1_Q13033--4n6j__B1_Q13033,19,1,1,2,0.0243211553366257,33.96875,False,0.07587055116891861
4n6j__A1_Q13033--4n6j__B1_Q13033,20,5,1,2,0.0349412509575939,31.828125,False,0.9248450398445129
4nc4__A1_Q9FN03--4nc4__B1_Q9FN03,1,4,0,3,0.8160390604903479,93.75,True,0.0006681045051664114
4nc4__A1_Q9FN03--4nc4__B1_Q9FN03,2,3,2,3,0.8203072962899416,93.625,True,0.001982416957616806
4nc4__A1_Q9FN03--4nc4__B1_Q9FN03,3,3,0,3,0.8073655502603115,93.25,True,0.0027791152242571115
4nc4__A1_Q9FN03--4nc4__B1_Q9FN03,4,3,1,3,0.8025225277140695,92.375,True,0.0010158156510442495
4nc4__A1_Q9FN03--4nc4__B1_Q9FN03,5,3,3,3,0.8057554798754998,91.9375,True,0.001904385513626039
4nc4__A1_Q9FN03--4nc4__B1_Q9FN03,6,5,3,3,0.0052550741083961,27.859375,False,0.035012137144804
4nc4__A1_Q9FN03--4nc4__B1_Q9FN03,7,5,2,3,0.0053313534715243,27.828125,False,0.8017847537994385
4nc4__A1_Q9FN03--4nc4__B1_Q9FN03,8,5,1,3,0.0053323789084205,27.71875,False,0.8156090378761292
4nc4__A1_Q9FN03--4nc4__B1_Q9FN03,9,2,0,3,0.0062768751772379,27.546875,False,0.05151510238647461
4nc4__A1_Q9FN03--4nc4__B1_Q9FN03,10,5,0,3,0.00584435863172,27.140625,False,0.15062347054481506
4nc4__A1_Q9FN03--4nc4__B1_Q9FN03,11,1,0,3,0.0055455589985134,24.0625,False,0.16436535120010376
4nc4__A1_Q9FN03--4nc4__B1_Q9FN03,12,1,2,3,0.0056502586497184,23.890625,False,0.17837591469287872
4nc4__A1_Q9FN03--4nc4__B1_Q9FN03,13,1,1,3,0.0056203636898082,23.78125,False,0.21816813945770264
4nc4__A1_Q9FN03--4nc4__B1_Q9FN03,14,2,2,3,0.0064484383664345,23.71875,False,0.06640148907899857
4nc4__A1_Q9FN03--4nc4__B1_Q9FN03,15,1,3,3,0.0054811442792829,23.3125,False,0.16693077981472015
4nc4__A1_Q9FN03--4nc4__B1_Q9FN03,16,2,3,3,0.0063180023843287,22.1875,False,0.15124499797821045
4nc4__A1_Q9FN03--4nc4__B1_Q9FN03,17,2,1,3,0.0054458716452829,22.15625,False,0.017392011359333992
4nc4__A1_Q9FN03--4nc4__B1_Q9FN03,18,4,1,3,0.0060506488902212,21.921875,False,0.055900219827890396
4nc4__A1_Q9FN03--4nc4__B1_Q9FN03,19,4,3,3,0.0060822466098393,20.328125,False,0.06351073086261749
4nc4__A1_Q9FN03--4nc4__B1_Q9FN03,20,4,2,3,0.0063615023549117,19.890625,False,0.041311800479888916
4ndj__A1_U6GSR1--4ndj__A2_U6GSR1,1,5,0,2,0.0154801976447282,22.953125,False,0.01232156716287136
4ndj__A1_U6GSR1--4ndj__A2_U6GSR1,2,5,3,2,0.0137499335836493,22.140625,False,0.02286170795559883
4ndj__A1_U6GSR1--4ndj__A2_U6GSR1,3,2,0,2,0.0171193655394913,21.8125,False,0.011712957173585892
4ndj__A1_U6GSR1--4ndj__A2_U6GSR1,4,2,2,2,0.0181636764864857,21.40625,False,0.01725604198873043
4ndj__A1_U6GSR1--4ndj__A2_U6GSR1,5,2,3,2,0.0164887175723757,21.390625,False,0.013624802231788635
4ndj__A1_U6GSR1--4ndj__A2_U6GSR1,6,5,1,2,0.01115264338282,19.828125,False,0.06422419846057892
4ndj__A1_U6GSR1--4ndj__A2_U6GSR1,7,4,3,2,0.0108304289500338,19.609375,False,0.08812540024518967
4ndj__A1_U6GSR1--4ndj__A2_U6GSR1,8,4,0,2,0.0200713529792593,19.484375,False,0.0844770073890686
4ndj__A1_U6GSR1--4ndj__A2_U6GSR1,9,4,1,2,0.0587310363739818,19.421875,False,0.007522291503846645
4ndj__A1_U6GSR1--4ndj__A2_U6GSR1,10,2,1,2,0.0110295953337479,18.96875,False,0.011251215822994709
4ndj__A1_U6GSR1--4ndj__A2_U6GSR1,11,3,2,2,0.009955447833665,18.875,False,0.01416478119790554
4ndj__A1_U6GSR1--4ndj__A2_U6GSR1,12,4,2,2,0.00894882387041,18.59375,False,0.06217476353049278
4ndj__A1_U6GSR1--4ndj__A2_U6GSR1,13,1,0,2,0.0115602992599056,18.578125,False,0.018190301954746246
4ndj__A1_U6GSR1--4ndj__A2_U6GSR1,14,1,2,2,0.0090088893314187,18.546875,False,0.16506968438625336
4ndj__A1_U6GSR1--4ndj__A2_U6GSR1,15,1,1,2,0.0104424738575405,18.484375,False,0.051490459591150284
4ndj__A1_U6GSR1--4ndj__A2_U6GSR1,16,1,3,2,0.0159580007125661,18.390625,False,0.05652478337287903
4ndj__A1_U6GSR1--4ndj__A2_U6GSR1,17,5,2,2,0.0194279825035863,18.3125,False,0.06889687478542328
4ndj__A1_U6GSR1--4ndj__A2_U6GSR1,18,3,0,2,0.0536481464289867,18.3125,False,0.007600731682032347
4ndj__A1_U6GSR1--4ndj__A2_U6GSR1,19,3,3,2,0.0314386902106691,18.046875,False,0.18266138434410095
4ndj__A1_U6GSR1--4ndj__A2_U6GSR1,20,3,1,2,0.0201663724128721,17.953125,False,0.4044649600982666
4nfu__A1_Q9XF23--4nfu__B1_Q4F883,1,5,2,3,0.4541562379120427,85.625,True,0.7891274094581604
4nfu__A1_Q9XF23--4nfu__B1_Q4F883,2,4,0,3,0.4747938600697556,85.5625,True,0.888254702091217
4nfu__A1_Q9XF23--4nfu__B1_Q4F883,3,1,2,3,0.506684337409073,85.375,True,0.8405826687812805
4nfu__A1_Q9XF23--4nfu__B1_Q4F883,4,5,1,3,0.4746224452990213,85.3125,True,0.8687183260917664
4nfu__A1_Q9XF23--4nfu__B1_Q4F883,5,5,0,3,0.4666055744195804,85.25,True,0.8807682991027832
4nfu__A1_Q9XF23--4nfu__B1_Q4F883,6,5,3,3,0.484031061002137,85.25,True,0.8126721382141113
4nfu__A1_Q9XF23--4nfu__B1_Q4F883,7,4,1,3,0.475879774439165,85.1875,True,0.9794690608978271
4nfu__A1_Q9XF23--4nfu__B1_Q4F883,8,4,3,3,0.5117075865802234,85.125,True,0.7779054641723633
4nfu__A1_Q9XF23--4nfu__B1_Q4F883,9,1,1,3,0.49193995414774,84.75,True,0.8283514976501465
4nfu__A1_Q9XF23--4nfu__B1_Q4F883,10,1,0,3,0.5112432904624243,84.6875,True,0.9029021263122559
4nfu__A1_Q9XF23--4nfu__B1_Q4F883,11,2,0,3,0.5112825783749274,84.1875,True,0.7688009738922119
4nfu__A1_Q9XF23--4nfu__B1_Q4F883,12,4,2,3,0.4674700896530546,84.0625,True,0.9626427888870239
4nfu__A1_Q9XF23--4nfu__B1_Q4F883,13,3,0,3,0.4626811517240157,84.0,True,0.7833558320999146
4nfu__A1_Q9XF23--4nfu__B1_Q4F883,14,2,2,3,0.469476244656469,83.875,True,0.8240851163864136
4nfu__A1_Q9XF23--4nfu__B1_Q4F883,15,3,3,3,0.4931364529658226,83.875,True,0.7468745112419128
4nfu__A1_Q9XF23--4nfu__B1_Q4F883,16,3,2,3,0.4761558945034667,83.8125,True,0.7189269065856934
4nfu__A1_Q9XF23--4nfu__B1_Q4F883,17,1,3,3,0.479718809451598,83.625,True,0.9336135983467102
4nfu__A1_Q9XF23--4nfu__B1_Q4F883,18,2,3,3,0.5146401045555957,83.5625,True,0.794501006603241
4nfu__A1_Q9XF23--4nfu__B1_Q4F883,19,2,1,3,0.5144695960720091,83.375,True,0.8641752600669861
4nfu__A1_Q9XF23--4nfu__B1_Q4F883,20,3,1,3,0.4656318579153108,82.875,True,0.7023636102676392
4noo__A1_Q9KN42--4noo__B1_Q9KN41,1,4,0,3,0.7942468479723105,85.375,True,0.9995852112770081
4noo__A1_Q9KN42--4noo__B1_Q9KN41,2,1,3,3,0.7474054798014405,84.1875,True,0.8460590839385986
4noo__A1_Q9KN42--4noo__B1_Q9KN41,3,1,0,3,0.8163841664329446,82.875,True,0.6707424521446228
4noo__A1_Q9KN42--4noo__B1_Q9KN41,4,3,1,3,0.7597857789118194,82.75,True,0.9998338222503662
4noo__A1_Q9KN42--4noo__B1_Q9KN41,5,2,0,3,0.7519517172305337,82.125,True,0.9163680076599121
4noo__A1_Q9KN42--4noo__B1_Q9KN41,6,2,3,3,0.777882975005074,81.1875,True,0.9998563528060913
4noo__A1_Q9KN42--4noo__B1_Q9KN41,7,1,1,3,0.7613491074954507,80.5,True,0.7294143438339233
4noo__A1_Q9KN42--4noo__B1_Q9KN41,8,1,2,3,0.7578134653833629,80.125,True,0.6848493814468384
4noo__A1_Q9KN42--4noo__B1_Q9KN41,9,3,0,3,0.7531798446598938,80.125,True,0.9996294975280762
4noo__A1_Q9KN42--4noo__B1_Q9KN41,10,5,1,3,0.7331173094787745,80.0,True,0.9997430443763733
4noo__A1_Q9KN42--4noo__B1_Q9KN41,11,5,2,3,0.7661511938327058,79.75,True,0.9999580383300781
4noo__A1_Q9KN42--4noo__B1_Q9KN41,12,5,3,3,0.8011883147935054,79.125,True,0.9999881982803345
4noo__A1_Q9KN42--4noo__B1_Q9KN41,13,4,3,3,0.7613219720076172,78.6875,True,0.999936580657959
4noo__A1_Q9KN42--4noo__B1_Q9KN41,14,4,2,3,0.7712656694071182,78.4375,True,0.9999510049819946
4noo__A1_Q9KN42--4noo__B1_Q9KN41,15,5,0,3,0.7979569282016475,77.9375,True,0.9992604851722717
4noo__A1_Q9KN42--4noo__B1_Q9KN41,16,3,2,3,0.7353587890777309,76.375,True,0.9988483190536499
4noo__A1_Q9KN42--4noo__B1_Q9KN41,17,4,1,3,0.7246456190739904,76.25,True,0.9999538660049438
4noo__A1_Q9KN42--4noo__B1_Q9KN41,18,3,3,3,0.6818115597542976,73.875,True,0.9997538924217224
4noo__A1_Q9KN42--4noo__B1_Q9KN41,19,2,1,3,0.1104137235544275,28.171875,False,0.056585583835840225
4noo__A1_Q9KN42--4noo__B1_Q9KN41,20,2,2,3,0.1344306916595774,27.828125,False,0.07603675872087479
4nsr__A1_Q9KN41--4nsr__C1_Q9KN41,1,4,1,4,0.822933711821706,87.6875,True,0.0002705560182221234
4nsr__A1_Q9KN41--4nsr__C1_Q9KN41,2,4,2,4,0.7791890977899575,86.9375,True,0.007427050732076168
4nsr__A1_Q9KN41--4nsr__C1_Q9KN41,3,2,3,4,0.8523085377580255,86.3125,True,0.9993966817855835
4nsr__A1_Q9KN41--4nsr__C1_Q9KN41,4,2,2,4,0.8405537414512935,85.5625,True,0.9992456436157227
4nsr__A1_Q9KN41--4nsr__C1_Q9KN41,5,2,1,4,0.846050506392613,85.3125,True,0.999363124370575
4nsr__A1_Q9KN41--4nsr__C1_Q9KN41,6,5,1,4,0.7902446239856878,83.875,True,1.855587470345199e-07
4nsr__A1_Q9KN41--4nsr__C1_Q9KN41,7,4,3,4,0.7876109000954283,80.5625,True,0.01641771011054516
4nsr__A1_Q9KN41--4nsr__C1_Q9KN41,8,3,1,4,0.0331711945340113,44.65625,False,0.0006123686907812953
4nsr__A1_Q9KN41--4nsr__C1_Q9KN41,9,3,3,4,0.0336582523559713,38.0625,False,0.007900366559624672
4nsr__A1_Q9KN41--4nsr__C1_Q9KN41,10,5,2,4,0.1999616974052444,29.4375,False,0.056202445179224014
4nsr__A1_Q9KN41--4nsr__C1_Q9KN41,11,3,0,4,0.0343562202971308,23.078125,False,0.001645778538659215
4nsr__A1_Q9KN41--4nsr__C1_Q9KN41,12,4,0,4,0.5921357045896259,22.21875,True,0.002924831584095955
4nsr__A1_Q9KN41--4nsr__C1_Q9KN41,13,2,0,4,0.4295234107150271,20.34375,True,0.34317290782928467
4nsr__A1_Q9KN41--4nsr__C1_Q9KN41,14,3,2,4,0.1910493360840023,19.265625,False,0.05089837312698364
4nsr__A1_Q9KN41--4nsr__C1_Q9KN41,15,5,0,4,0.1531757717524004,18.125,False,0.2876114845275879
4nsr__A1_Q9KN41--4nsr__C1_Q9KN41,16,5,3,4,0.1231153343746514,18.0625,False,0.0599687285721302
4nsr__A1_Q9KN41--4nsr__C1_Q9KN41,17,1,1,4,0.0425162783851328,17.0625,False,0.1622517704963684
4nsr__A1_Q9KN41--4nsr__C1_Q9KN41,18,1,0,4,0.0465834595884817,16.984375,False,0.16159485280513763
4nsr__A1_Q9KN41--4nsr__C1_Q9KN41,19,1,3,4,0.0541557331952402,16.765625,False,0.18290553987026215
4nsr__A1_Q9KN41--4nsr__C1_Q9KN41,20,1,2,4,0.0588793171929199,16.5,False,0.23270243406295776
4ny2__A1_UNDEFINED--4ny2__B1_UNDEFINED,1,2,0,2,0.8944935387270134,91.625,True,0.041417431086301804
4ny2__A1_UNDEFINED--4ny2__B1_UNDEFINED,2,4,2,2,0.9217897586831296,91.625,True,0.7515371441841125
4ny2__A1_UNDEFINED--4ny2__B1_UNDEFINED,3,1,3,2,0.9023585048016546,91.4375,True,0.06262588500976562
4ny2__A1_UNDEFINED--4ny2__B1_UNDEFINED,4,1,0,2,0.8959191449052873,91.0,True,0.04439881816506386
4ny2__A1_UNDEFINED--4ny2__B1_UNDEFINED,5,4,0,2,0.7531947152465222,90.5625,True,0.9278196096420288
4ny2__A1_UNDEFINED--4ny2__B1_UNDEFINED,6,1,2,2,0.8908394877547368,89.75,True,0.09236157685518265
4ny2__A1_UNDEFINED--4ny2__B1_UNDEFINED,7,1,1,2,0.8825120643866079,89.4375,True,0.08870229870080948
4ny2__A1_UNDEFINED--4ny2__B1_UNDEFINED,8,5,0,2,0.8007104263784838,88.8125,True,0.9514667987823486
4ny2__A1_UNDEFINED--4ny2__B1_UNDEFINED,9,4,3,2,0.8805783564612778,88.25,True,0.9204891324043274
4ny2__A1_UNDEFINED--4ny2__B1_UNDEFINED,10,4,1,2,0.8777077338154324,82.9375,True,0.6626887321472168
4ny2__A1_UNDEFINED--4ny2__B1_UNDEFINED,11,2,2,2,0.7720847751887902,82.1875,True,0.8934266567230225
4ny2__A1_UNDEFINED--4ny2__B1_UNDEFINED,12,2,1,2,0.2321926571589041,26.328125,True,0.02612234279513359
4ny2__A1_UNDEFINED--4ny2__B1_UNDEFINED,13,5,1,2,0.0054630022946141,23.078125,False,0.016859829425811768
4ny2__A1_UNDEFINED--4ny2__B1_UNDEFINED,14,2,3,2,0.0205926626500467,22.90625,False,0.009445681236684322
4ny2__A1_UNDEFINED--4ny2__B1_UNDEFINED,15,5,2,2,0.0057404949873822,22.71875,False,0.01484971959143877
4ny2__A1_UNDEFINED--4ny2__B1_UNDEFINED,16,3,1,2,0.0165104787408639,20.953125,False,0.009530525654554367
4ny2__A1_UNDEFINED--4ny2__B1_UNDEFINED,17,3,2,2,0.0075706021816764,19.953125,False,0.00382400956004858
4ny2__A1_UNDEFINED--4ny2__B1_UNDEFINED,18,3,3,2,0.0086571975963741,19.84375,False,0.0038935851771384478
4ny2__A1_UNDEFINED--4ny2__B1_UNDEFINED,19,3,0,2,0.0083713999644243,19.703125,False,0.003487941110506654
4ny2__A1_UNDEFINED--4ny2__B1_UNDEFINED,20,5,3,2,0.0075872882597544,19.6875,False,0.005721955560147762
4o4o__A1_Q8YLF9--4o4o__B1_Q8YLF9,1,4,3,0,0.0838607026393436,81.9375,False,0.6437015533447266
4o4o__A1_Q8YLF9--4o4o__B1_Q8YLF9,2,4,1,0,0.0714171838451135,81.0625,False,0.7234638929367065
4o4o__A1_Q8YLF9--4o4o__B1_Q8YLF9,3,4,0,0,0.0782892879660214,76.6875,False,0.6054070591926575
4o4o__A1_Q8YLF9--4o4o__B1_Q8YLF9,4,4,2,0,0.0845401834792816,74.5,False,0.7203251719474792
4o4o__A1_Q8YLF9--4o4o__B1_Q8YLF9,5,5,3,0,0.0507559048715908,73.5,False,0.9544509053230286
4o4o__A1_Q8YLF9--4o4o__B1_Q8YLF9,6,5,2,0,0.0513151517995399,72.8125,False,0.7398808002471924
4o4o__A1_Q8YLF9--4o4o__B1_Q8YLF9,7,2,0,0,0.5856750977813034,70.5625,True,0.008697526529431343
4o4o__A1_Q8YLF9--4o4o__B1_Q8YLF9,8,5,1,0,0.049857521350127,70.4375,False,0.25264886021614075
4o4o__A1_Q8YLF9--4o4o__B1_Q8YLF9,9,2,1,0,0.5980812856617165,70.0625,True,0.006138193886727095
4o4o__A1_Q8YLF9--4o4o__B1_Q8YLF9,10,5,0,0,0.0449398466718196,69.8125,False,0.910207986831665
4o4o__A1_Q8YLF9--4o4o__B1_Q8YLF9,11,1,1,0,0.0830432802618066,67.625,False,0.8376649618148804
4o4o__A1_Q8YLF9--4o4o__B1_Q8YLF9,12,1,3,0,0.0791185031197296,67.0625,False,0.9989311099052429
4o4o__A1_Q8YLF9--4o4o__B1_Q8YLF9,13,1,0,0,0.0764837478531709,66.75,False,0.8305351734161377
4o4o__A1_Q8YLF9--4o4o__B1_Q8YLF9,14,2,2,0,0.5817229430891852,65.875,True,0.004100153222680092
4o4o__A1_Q8YLF9--4o4o__B1_Q8YLF9,15,3,0,0,0.0678319213616727,64.0625,False,0.9999948740005493
4o4o__A1_Q8YLF9--4o4o__B1_Q8YLF9,16,3,3,0,0.0555873223654007,63.78125,False,0.9881408214569092
4o4o__A1_Q8YLF9--4o4o__B1_Q8YLF9,17,3,2,0,0.0566415037442532,63.625,False,0.6435540914535522
4o4o__A1_Q8YLF9--4o4o__B1_Q8YLF9,18,2,3,0,0.0653765776867132,55.4375,False,0.9966838955879211
4o4o__A1_Q8YLF9--4o4o__B1_Q8YLF9,19,1,2,0,0.6084408337562259,49.84375,True,0.8249074220657349
4o4o__A1_Q8YLF9--4o4o__B1_Q8YLF9,20,3,1,0,0.3514263048162474,30.453125,True,0.03968051075935364
4o6i__B1_P09992--4o6i__A1_P09992,1,1,1,1,0.5618450290845716,34.5,True,0.034289486706256866
4o6i__B1_P09992--4o6i__A1_P09992,2,1,0,1,0.0372938435312139,28.53125,False,0.04802314192056656
4o6i__B1_P09992--4o6i__A1_P09992,3,3,3,1,0.144169117579178,27.875,False,0.3720165193080902
4o6i__B1_P09992--4o6i__A1_P09992,4,3,2,1,0.1503594044202565,27.140625,False,0.2956157922744751
4o6i__B1_P09992--4o6i__A1_P09992,5,3,1,1,0.0314597724469979,26.21875,False,0.07339055836200714
4o6i__B1_P09992--4o6i__A1_P09992,6,5,0,1,0.1226506564823147,24.59375,False,0.37726879119873047
4o6i__B1_P09992--4o6i__A1_P09992,7,2,1,1,0.1101248956187084,24.375,False,0.17778389155864716
4o6i__B1_P09992--4o6i__A1_P09992,8,4,3,1,0.3556245561943958,24.03125,True,0.1096041277050972
4o6i__B1_P09992--4o6i__A1_P09992,9,3,0,1,0.074642406920699,23.375,False,0.21428462862968445
4o6i__B1_P09992--4o6i__A1_P09992,10,5,1,1,0.032769399560114,23.265625,False,0.08141140639781952
4o6i__B1_P09992--4o6i__A1_P09992,11,5,3,1,0.0195537457803884,22.953125,False,0.18555748462677002
4o6i__B1_P09992--4o6i__A1_P09992,12,5,2,1,0.0990034642016087,22.671875,False,0.185799241065979
4o6i__B1_P09992--4o6i__A1_P09992,13,2,0,1,0.0828349399169579,22.53125,False,0.21173931658267975
4o6i__B1_P09992--4o6i__A1_P09992,14,2,3,1,0.0139808971602152,20.140625,False,0.07316160202026367
4o6i__B1_P09992--4o6i__A1_P09992,15,4,0,1,0.0135534474638397,19.421875,False,0.04057052731513977
4o6i__B1_P09992--4o6i__A1_P09992,16,4,2,1,0.0218890209313758,19.40625,False,0.07192910462617874
4o6i__B1_P09992--4o6i__A1_P09992,17,2,2,1,0.014263051824544,19.203125,False,0.07909845560789108
4o6i__B1_P09992--4o6i__A1_P09992,18,4,1,1,0.0116064222486914,18.765625,False,0.0412326380610466
4o6i__B1_P09992--4o6i__A1_P09992,19,1,3,1,0.0340983926862338,17.75,False,0.10993174463510513
4o6i__B1_P09992--4o6i__A1_P09992,20,1,2,1,0.0380706857946299,17.609375,False,0.23237492144107819
4o96__A1_Q8XAL6--4o96__B1_Q8XAL6,1,5,2,1,0.0164888196612753,69.125,False,0.9996532201766968
4o96__A1_Q8XAL6--4o96__B1_Q8XAL6,2,5,1,1,0.01751110023641,62.78125,False,0.9999239444732666
4o96__A1_Q8XAL6--4o96__B1_Q8XAL6,3,3,3,1,0.0185550125583453,62.5,False,0.7091156244277954
4o96__A1_Q8XAL6--4o96__B1_Q8XAL6,4,2,2,1,0.0188691732151054,61.375,False,0.9999674558639526
4o96__A1_Q8XAL6--4o96__B1_Q8XAL6,5,2,3,1,0.0187556383032722,60.96875,False,0.9999810457229614
4o96__A1_Q8XAL6--4o96__B1_Q8XAL6,6,2,1,1,0.0187886680772175,59.8125,False,0.99997878074646
4o96__A1_Q8XAL6--4o96__B1_Q8XAL6,7,5,3,1,0.0188217420239274,57.40625,False,0.9999817609786987
4o96__A1_Q8XAL6--4o96__B1_Q8XAL6,8,1,1,1,0.0186376039597331,56.8125,False,0.9846705198287964
4o96__A1_Q8XAL6--4o96__B1_Q8XAL6,9,2,0,1,0.0200852198609415,55.1875,False,0.9998102784156799
4o96__A1_Q8XAL6--4o96__B1_Q8XAL6,10,4,3,1,0.0205997093586687,50.125,False,0.9996592998504639
4o96__A1_Q8XAL6--4o96__B1_Q8XAL6,11,4,1,1,0.0196874048317613,46.0625,False,0.2566470503807068
4o96__A1_Q8XAL6--4o96__B1_Q8XAL6,12,4,0,1,0.0198928667074678,45.21875,False,0.30787643790245056
4o96__A1_Q8XAL6--4o96__B1_Q8XAL6,13,4,2,1,0.0281227699991094,27.34375,False,0.24880406260490417
4o96__A1_Q8XAL6--4o96__B1_Q8XAL6,14,1,2,1,0.0262494910770789,23.203125,False,0.12243923544883728
4o96__A1_Q8XAL6--4o96__B1_Q8XAL6,15,3,2,1,0.0363001969269038,21.03125,False,0.05447132885456085
4o96__A1_Q8XAL6--4o96__B1_Q8XAL6,16,1,0,1,0.0275170390207403,20.53125,False,0.5588765740394592
4o96__A1_Q8XAL6--4o96__B1_Q8XAL6,17,3,0,1,0.0202737550205149,19.859375,False,0.0918441042304039
4o96__A1_Q8XAL6--4o96__B1_Q8XAL6,18,5,0,1,0.0132258740338828,19.4375,False,0.060064610093832016
4o96__A1_Q8XAL6--4o96__B1_Q8XAL6,19,3,1,1,0.0286520434582054,19.359375,False,0.2062845230102539
4o96__A1_Q8XAL6--4o96__B1_Q8XAL6,20,1,3,1,0.0268170225102117,19.28125,False,0.5181078314781189
4oak__A1_Q9JN36--4oak__B1_Q9JN36,1,2,3,3,0.0059317195236815,89.5,False,0.2145543396472931
4oak__A1_Q9JN36--4oak__B1_Q9JN36,2,2,0,3,0.0059546642792236,88.9375,False,0.001019026036374271
4oak__A1_Q9JN36--4oak__B1_Q9JN36,3,2,1,3,0.005939588211819,87.3125,False,0.2145543396472931
4oak__A1_Q9JN36--4oak__B1_Q9JN36,4,2,2,3,0.0059443943496901,87.125,False,0.2145543396472931
4oak__A1_Q9JN36--4oak__B1_Q9JN36,5,4,2,3,0.0059510153280661,83.5,False,0.9998598098754883
4oak__A1_Q9JN36--4oak__B1_Q9JN36,6,4,0,3,0.0059483595876078,80.9375,False,1.4836435866527609e-06
4oak__A1_Q9JN36--4oak__B1_Q9JN36,7,4,3,3,0.0059474976933563,80.25,False,0.9980108141899109
4oak__A1_Q9JN36--4oak__B1_Q9JN36,8,5,2,3,0.0061545452315402,53.5625,False,0.9990302324295044
4oak__A1_Q9JN36--4oak__B1_Q9JN36,9,5,0,3,0.0063829299271155,45.65625,False,0.5894298553466797
4oak__A1_Q9JN36--4oak__B1_Q9JN36,10,4,1,3,0.3323734655785644,29.71875,True,0.0515148863196373
4oak__A1_Q9JN36--4oak__B1_Q9JN36,11,3,2,3,0.1726421033400269,29.234375,False,0.1886003017425537
4oak__A1_Q9JN36--4oak__B1_Q9JN36,12,1,2,3,0.0621732135770076,27.15625,False,0.017812654376029968
4oak__A1_Q9JN36--4oak__B1_Q9JN36,13,5,3,3,0.066651338921887,26.515625,False,0.3808164596557617
4oak__A1_Q9JN36--4oak__B1_Q9JN36,14,1,0,3,0.0618334376568953,25.859375,False,0.05290926992893219
4oak__A1_Q9JN36--4oak__B1_Q9JN36,15,1,1,3,0.0355021361243596,24.953125,False,0.05747001990675926
4oak__A1_Q9JN36--4oak__B1_Q9JN36,16,3,1,3,0.1718155216497614,23.75,False,0.19444867968559265
4oak__A1_Q9JN36--4oak__B1_Q9JN36,17,5,1,3,0.0344530958212817,23.078125,False,0.03746985271573067
4oak__A1_Q9JN36--4oak__B1_Q9JN36,18,1,3,3,0.0550758910332273,22.125,False,0.03473423421382904
4oak__A1_Q9JN36--4oak__B1_Q9JN36,19,3,0,3,0.1510646609647153,21.453125,False,0.1318664848804474
4oak__A1_Q9JN36--4oak__B1_Q9JN36,20,3,3,3,0.0768336710829225,20.625,False,0.04550778493285179
4obx__A1_P49017--4obx__D1_P49017,1,4,1,3,0.8614916096331443,75.125,True,0.3688165843486786
4obx__A1_P49017--4obx__D1_P49017,2,4,2,3,0.8551931453652376,73.625,True,0.3544309139251709
4obx__A1_P49017--4obx__D1_P49017,3,4,0,3,0.8659000874401794,72.9375,True,0.27113670110702515
4obx__A1_P49017--4obx__D1_P49017,4,4,3,3,0.8523063442910247,71.625,True,0.23289664089679718
4obx__A1_P49017--4obx__D1_P49017,5,2,2,3,0.3168971677906346,56.09375,True,0.9834910035133362
4obx__A1_P49017--4obx__D1_P49017,6,2,1,3,0.3099999979465632,53.125,True,0.9826906323432922
4obx__A1_P49017--4obx__D1_P49017,7,5,0,3,0.2942837295592819,52.5,True,0.035665109753608704
4obx__A1_P49017--4obx__D1_P49017,8,5,3,3,0.2802448950244748,49.90625,True,0.1673860400915146
4obx__A1_P49017--4obx__D1_P49017,9,5,2,3,0.222208098281317,49.09375,False,0.10382744669914246
4obx__A1_P49017--4obx__D1_P49017,10,3,1,3,0.2706422788748535,48.375,True,0.6733502149581909
4obx__A1_P49017--4obx__D1_P49017,11,5,1,3,0.2209177117928801,47.84375,False,0.10355762392282486
4obx__A1_P49017--4obx__D1_P49017,12,3,0,3,0.2387838876953184,47.6875,True,0.5456521511077881
4obx__A1_P49017--4obx__D1_P49017,13,3,2,3,0.2806214834862829,46.1875,True,0.8132526874542236
4obx__A1_P49017--4obx__D1_P49017,14,3,3,3,0.2365251534493626,45.28125,True,0.13561806082725525
4obx__A1_P49017--4obx__D1_P49017,15,2,0,3,0.2817039674953154,42.1875,True,0.8586982488632202
4obx__A1_P49017--4obx__D1_P49017,16,1,0,3,0.0747713935231573,39.875,False,0.9298291206359863
4obx__A1_P49017--4obx__D1_P49017,17,1,3,3,0.0740175346174712,39.4375,False,0.8879052996635437
4obx__A1_P49017--4obx__D1_P49017,18,2,3,3,0.2575533362527125,37.84375,True,0.21219471096992493
4obx__A1_P49017--4obx__D1_P49017,19,1,1,3,0.0866567202439032,35.09375,False,0.8531468510627747
4obx__A1_P49017--4obx__D1_P49017,20,1,2,3,0.0837688676494711,33.09375,False,0.9075760245323181
4oh8__B1_Q8WWW0--4oh8__A1_Q13043,1,3,2,2,0.8530177303708832,86.3125,True,0.8458529710769653
4oh8__B1_Q8WWW0--4oh8__A1_Q13043,2,3,3,2,0.8520670075691074,86.1875,True,0.8458529710769653
4oh8__B1_Q8WWW0--4oh8__A1_Q13043,3,5,3,2,0.8395799369549114,86.125,True,0.852656900882721
4oh8__B1_Q8WWW0--4oh8__A1_Q13043,4,3,0,2,0.8526643350220781,86.125,True,0.8548131585121155
4oh8__B1_Q8WWW0--4oh8__A1_Q13043,5,5,0,2,0.8456285190918381,86.0625,True,0.8375193476676941
4oh8__B1_Q8WWW0--4oh8__A1_Q13043,6,3,1,2,0.8555254414350447,86.0625,True,0.8172194957733154
4oh8__B1_Q8WWW0--4oh8__A1_Q13043,7,5,1,2,0.8484859684559628,86.0625,True,0.80861496925354
4oh8__B1_Q8WWW0--4oh8__A1_Q13043,8,5,2,2,0.8447356623408114,86.0,True,0.8484381437301636
4oh8__B1_Q8WWW0--4oh8__A1_Q13043,9,4,2,2,0.8363649702824469,85.875,True,0.868143618106842
4oh8__B1_Q8WWW0--4oh8__A1_Q13043,10,4,3,2,0.836291412924491,85.875,True,0.868143618106842
4oh8__B1_Q8WWW0--4oh8__A1_Q13043,11,4,1,2,0.8393946176150214,85.8125,True,0.868143618106842
4oh8__B1_Q8WWW0--4oh8__A1_Q13043,12,4,0,2,0.8368224351972963,85.8125,True,0.868143618106842
4oh8__B1_Q8WWW0--4oh8__A1_Q13043,13,2,3,2,0.8557538549869674,85.125,True,0.8143264651298523
4oh8__B1_Q8WWW0--4oh8__A1_Q13043,14,2,2,2,0.8526343828989559,85.0625,True,0.8143264651298523
4oh8__B1_Q8WWW0--4oh8__A1_Q13043,15,2,0,2,0.8611445038292399,84.9375,True,0.814365029335022
4oh8__B1_Q8WWW0--4oh8__A1_Q13043,16,1,3,2,0.8631626482656346,84.875,True,0.814365029335022
4oh8__B1_Q8WWW0--4oh8__A1_Q13043,17,1,0,2,0.864211651513627,84.875,True,0.8503995537757874
4oh8__B1_Q8WWW0--4oh8__A1_Q13043,18,1,2,2,0.8605955376283582,84.8125,True,0.814365029335022
4oh8__B1_Q8WWW0--4oh8__A1_Q13043,19,2,1,2,0.8585635171600607,84.6875,True,0.8093807101249695
4oh8__B1_Q8WWW0--4oh8__A1_Q13043,20,1,1,2,0.8601447691835119,84.375,True,0.8503995537757874
4oy2__A1_P46677--4oy2__D1_Q05021,1,5,1,2,0.8000505576949551,92.5625,True,0.9011401534080505
4oy2__A1_P46677--4oy2__D1_Q05021,2,2,1,2,0.8085698332701775,92.5625,True,0.9231325387954712
4oy2__A1_P46677--4oy2__D1_Q05021,3,5,3,2,0.794386347641819,92.375,True,0.8673001527786255
4oy2__A1_P46677--4oy2__D1_Q05021,4,2,2,2,0.7937951312973411,92.3125,True,0.8978677988052368
4oy2__A1_P46677--4oy2__D1_Q05021,5,1,3,2,0.7651456480098106,92.25,True,0.8813596367835999
4oy2__A1_P46677--4oy2__D1_Q05021,6,2,3,2,0.7995753097576711,92.125,True,0.9262651205062866
4oy2__A1_P46677--4oy2__D1_Q05021,7,1,0,2,0.7595224353639519,92.125,True,0.868021547794342
4oy2__A1_P46677--4oy2__D1_Q05021,8,4,3,2,0.7302802252396495,91.9375,True,0.9139666557312012
4oy2__A1_P46677--4oy2__D1_Q05021,9,1,1,2,0.7658602607143723,91.875,True,0.9003498554229736
4oy2__A1_P46677--4oy2__D1_Q05021,10,4,1,2,0.7306323782900477,91.875,True,0.9162268042564392
4oy2__A1_P46677--4oy2__D1_Q05021,11,4,2,2,0.7676116979299753,91.8125,True,0.9041205048561096
4oy2__A1_P46677--4oy2__D1_Q05021,12,1,2,2,0.7541931225431057,91.75,True,0.9309785962104797
4oy2__A1_P46677--4oy2__D1_Q05021,13,2,0,2,0.7494508114558,91.75,True,0.9184799790382385
4oy2__A1_P46677--4oy2__D1_Q05021,14,3,3,2,0.7530421959331486,91.4375,True,0.9087872505187988
4oy2__A1_P46677--4oy2__D1_Q05021,15,3,1,2,0.736210159586411,91.1875,True,0.9214128255844116
4oy2__A1_P46677--4oy2__D1_Q05021,16,5,2,2,0.7453944697080427,91.125,True,0.8885796070098877
4oy2__A1_P46677--4oy2__D1_Q05021,17,3,2,2,0.7311108500463369,90.9375,True,0.8906862735748291
4oy2__A1_P46677--4oy2__D1_Q05021,18,4,0,2,0.7286685886595347,90.9375,True,0.9112147092819214
4oy2__A1_P46677--4oy2__D1_Q05021,19,5,0,2,0.7060971066551517,90.625,True,0.8431430459022522
4oy2__A1_P46677--4oy2__D1_Q05021,20,3,0,2,0.6765923438575899,89.8125,True,0.8862234354019165
4oyu__B1_Q99PV3--4oyu__A1_Q99PV3,1,1,1,4,0.088293334207554,26.515625,False,0.030915044248104095
4oyu__B1_Q99PV3--4oyu__A1_Q99PV3,2,1,0,4,0.0892400972287838,25.328125,False,0.03229406103491783
4oyu__B1_Q99PV3--4oyu__A1_Q99PV3,3,1,2,4,0.1218244658590759,23.75,False,0.06125631183385849
4oyu__B1_Q99PV3--4oyu__A1_Q99PV3,4,1,3,4,0.1104481405733894,23.1875,False,0.04312055557966232
4oyu__B1_Q99PV3--4oyu__A1_Q99PV3,5,2,0,4,0.0138228123107269,20.921875,False,0.16372747719287872
4oyu__B1_Q99PV3--4oyu__A1_Q99PV3,6,2,1,4,0.0139585704287621,20.296875,False,0.15023173391819
4oyu__B1_Q99PV3--4oyu__A1_Q99PV3,7,4,1,4,0.0414244059741395,19.109375,False,0.025051793083548546
4oyu__B1_Q99PV3--4oyu__A1_Q99PV3,8,2,3,4,0.0142724631441657,18.609375,False,0.05286707356572151
4oyu__B1_Q99PV3--4oyu__A1_Q99PV3,9,2,2,4,0.0149546816458768,18.484375,False,0.022907517850399017
4oyu__B1_Q99PV3--4oyu__A1_Q99PV3,10,4,3,4,0.00921394715758,18.234375,False,0.02421792969107628
4oyu__B1_Q99PV3--4oyu__A1_Q99PV3,11,4,0,4,0.01801004154179,18.171875,False,0.09531837701797485
4oyu__B1_Q99PV3--4oyu__A1_Q99PV3,12,4,2,4,0.012486433907477,18.109375,False,0.02004932053387165
4oyu__B1_Q99PV3--4oyu__A1_Q99PV3,13,5,0,4,0.0157149202375582,17.90625,False,0.17315761744976044
4oyu__B1_Q99PV3--4oyu__A1_Q99PV3,14,5,1,4,0.0143050946746739,17.53125,False,0.1639281064271927
4oyu__B1_Q99PV3--4oyu__A1_Q99PV3,15,5,2,4,0.0116731741348863,17.359375,False,0.04648905247449875
4oyu__B1_Q99PV3--4oyu__A1_Q99PV3,16,5,3,4,0.0092099271793542,16.9375,False,0.02336643449962139
4oyu__B1_Q99PV3--4oyu__A1_Q99PV3,17,3,0,4,0.0072077560136994,16.578125,False,0.0440254732966423
4oyu__B1_Q99PV3--4oyu__A1_Q99PV3,18,3,1,4,0.0069474156982073,16.546875,False,0.03167480602860451
4oyu__B1_Q99PV3--4oyu__A1_Q99PV3,19,3,2,4,0.0055997397675522,16.390625,False,0.03050971031188965
4oyu__B1_Q99PV3--4oyu__A1_Q99PV3,20,3,3,4,0.0054711645125169,15.953125,False,0.032448139041662216
4puh__A1_Q9FIC3--4puh__B1_Q9FIC3,1,2,0,2,0.0642399090017022,66.9375,False,0.010649310424923897
4puh__A1_Q9FIC3--4puh__B1_Q9FIC3,2,3,3,2,0.3359237580655965,65.375,True,0.9986802935600281
4puh__A1_Q9FIC3--4puh__B1_Q9FIC3,3,3,0,2,0.325513641238565,64.5625,True,0.9986802935600281
4puh__A1_Q9FIC3--4puh__B1_Q9FIC3,4,3,2,2,0.3449798692144374,63.84375,True,0.9986802935600281
4puh__A1_Q9FIC3--4puh__B1_Q9FIC3,5,3,1,2,0.3274940599342664,63.3125,True,0.9986802935600281
4puh__A1_Q9FIC3--4puh__B1_Q9FIC3,6,1,3,2,0.3728647792261544,62.59375,True,2.100508481817087e-06
4puh__A1_Q9FIC3--4puh__B1_Q9FIC3,7,2,3,2,0.3778341274723515,61.28125,True,0.9654484987258911
4puh__A1_Q9FIC3--4puh__B1_Q9FIC3,8,1,1,2,0.3688500229198967,60.53125,True,2.437002990518522e-07
4puh__A1_Q9FIC3--4puh__B1_Q9FIC3,9,1,0,2,0.3715033483439163,60.46875,True,2.437002990518522e-07
4puh__A1_Q9FIC3--4puh__B1_Q9FIC3,10,5,2,2,0.4666895263993824,57.75,True,0.9847819209098816
4puh__A1_Q9FIC3--4puh__B1_Q9FIC3,11,2,2,2,0.3602346383627064,56.5,True,0.9995985627174377
4puh__A1_Q9FIC3--4puh__B1_Q9FIC3,12,1,2,2,0.3555743235062451,55.34375,True,2.437002990518522e-07
4puh__A1_Q9FIC3--4puh__B1_Q9FIC3,13,5,1,2,0.5711291101005807,52.28125,True,0.9785135984420776
4puh__A1_Q9FIC3--4puh__B1_Q9FIC3,14,2,1,2,0.357491749838735,46.53125,True,0.7144588232040405
4puh__A1_Q9FIC3--4puh__B1_Q9FIC3,15,5,0,2,0.5680661555841076,44.71875,True,0.013899699784815311
4puh__A1_Q9FIC3--4puh__B1_Q9FIC3,16,5,3,2,0.463711552619773,43.5625,True,0.025056889280676842
4puh__A1_Q9FIC3--4puh__B1_Q9FIC3,17,4,2,2,0.0137237322171376,19.4375,False,0.03485985845327377
4puh__A1_Q9FIC3--4puh__B1_Q9FIC3,18,4,1,2,0.013845470394146,19.3125,False,0.30328473448753357
4puh__A1_Q9FIC3--4puh__B1_Q9FIC3,19,4,3,2,0.0136565767011549,19.25,False,0.08783157914876938
4puh__A1_Q9FIC3--4puh__B1_Q9FIC3,20,4,0,2,0.0138045335587253,19.046875,False,0.3324591815471649
4pxj__B1_Q9UPT6--4pxj__A1_Q9UPT6,1,5,2,4,0.0289764310971171,51.3125,False,0.999991774559021
4pxj__B1_Q9UPT6--4pxj__A1_Q9UPT6,2,2,3,4,0.0290256890619501,48.375,False,0.9819388389587402
4pxj__B1_Q9UPT6--4pxj__A1_Q9UPT6,3,2,1,4,0.0290263919138517,47.125,False,0.8169769048690796
4pxj__B1_Q9UPT6--4pxj__A1_Q9UPT6,4,5,3,4,0.0290085958435104,46.15625,False,0.9999836683273315
4pxj__B1_Q9UPT6--4pxj__A1_Q9UPT6,5,5,0,4,0.028944894466687,45.875,False,0.9999321699142456
4pxj__B1_Q9UPT6--4pxj__A1_Q9UPT6,6,2,2,4,0.0290293038418745,45.5,False,0.547734797000885
4pxj__B1_Q9UPT6--4pxj__A1_Q9UPT6,7,2,0,4,0.0290556628698254,45.4375,False,0.15956564247608185
4pxj__B1_Q9UPT6--4pxj__A1_Q9UPT6,8,5,1,4,0.0289885600638413,44.96875,False,0.9999788999557495
4pxj__B1_Q9UPT6--4pxj__A1_Q9UPT6,9,1,2,4,0.3577347474136587,41.40625,True,0.05215850844979286
4pxj__B1_Q9UPT6--4pxj__A1_Q9UPT6,10,1,1,4,0.4522349721103838,32.96875,True,0.06593300402164459
4pxj__B1_Q9UPT6--4pxj__A1_Q9UPT6,11,3,2,4,0.0290667747855975,30.234375,False,0.9999314546585083
4pxj__B1_Q9UPT6--4pxj__A1_Q9UPT6,12,3,0,4,0.0290550826256081,30.140625,False,0.9801681041717529
4pxj__B1_Q9UPT6--4pxj__A1_Q9UPT6,13,3,3,4,0.0290412660632922,28.953125,False,0.9924029111862183
4pxj__B1_Q9UPT6--4pxj__A1_Q9UPT6,14,1,0,4,0.296542922187262,26.421875,True,0.04360055923461914
4pxj__B1_Q9UPT6--4pxj__A1_Q9UPT6,15,3,1,4,0.0290508694123209,25.234375,False,0.12309827655553818
4pxj__B1_Q9UPT6--4pxj__A1_Q9UPT6,16,1,3,4,0.503980741580461,24.1875,True,0.04812039062380791
4pxj__B1_Q9UPT6--4pxj__A1_Q9UPT6,17,4,2,4,0.0290902785616289,19.09375,False,0.08400927484035492
4pxj__B1_Q9UPT6--4pxj__A1_Q9UPT6,18,4,3,4,0.0290777840946147,18.984375,False,0.14748325943946838
4pxj__B1_Q9UPT6--4pxj__A1_Q9UPT6,19,4,0,4,0.0290975946524549,17.796875,False,1.3594686834039749e-06
4pxj__B1_Q9UPT6--4pxj__A1_Q9UPT6,20,4,1,4,0.0291329207380892,17.109375,False,2.425553589091578e-07
4qc9__A1_P04303--4qc9__D1_P04303,1,1,3,2,0.1443368456173842,69.5,False,0.9879191517829895
4qc9__A1_P04303--4qc9__D1_P04303,2,1,1,2,0.1491458914471405,66.3125,False,0.8655303120613098
4qc9__A1_P04303--4qc9__D1_P04303,3,3,2,2,0.1703258577464842,61.15625,False,0.04576332867145538
4qc9__A1_P04303--4qc9__D1_P04303,4,3,0,2,0.1670228832291834,60.78125,False,0.016292983666062355
4qc9__A1_P04303--4qc9__D1_P04303,5,1,0,2,0.1529141792944779,57.65625,False,0.8700371980667114
4qc9__A1_P04303--4qc9__D1_P04303,6,5,2,2,0.1271085814473348,52.625,False,0.7488731741905212
4qc9__A1_P04303--4qc9__D1_P04303,7,5,0,2,0.1586151882729321,51.53125,False,0.9417998790740967
4qc9__A1_P04303--4qc9__D1_P04303,8,4,0,2,0.1503502607587058,51.46875,False,0.8833657503128052
4qc9__A1_P04303--4qc9__D1_P04303,9,1,2,2,0.1260783584160608,47.1875,False,0.9431166052818298
4qc9__A1_P04303--4qc9__D1_P04303,10,2,0,2,0.148846508761491,46.09375,False,0.9920302629470825
4qc9__A1_P04303--4qc9__D1_P04303,11,2,3,2,0.1295414557461049,44.96875,False,0.9849675297737122
4qc9__A1_P04303--4qc9__D1_P04303,12,5,1,2,0.1507734752431408,44.125,False,0.903149425983429
4qc9__A1_P04303--4qc9__D1_P04303,13,4,1,2,0.151294239141625,43.71875,False,0.9111135601997375
4qc9__A1_P04303--4qc9__D1_P04303,14,5,3,2,0.0723219128205287,42.78125,False,0.1785183548927307
4qc9__A1_P04303--4qc9__D1_P04303,15,3,1,2,0.167196502385367,41.90625,False,0.9606889486312866
4qc9__A1_P04303--4qc9__D1_P04303,16,2,2,2,0.1476057532972229,40.84375,False,0.9998478889465332
4qc9__A1_P04303--4qc9__D1_P04303,17,2,1,2,0.1284643674917305,36.4375,False,0.9194443225860596
4qc9__A1_P04303--4qc9__D1_P04303,18,3,3,2,0.1462179037418768,34.34375,False,0.7811751365661621
4qc9__A1_P04303--4qc9__D1_P04303,19,4,3,2,0.1683898987381862,27.71875,False,0.9982401132583618
4qc9__A1_P04303--4qc9__D1_P04303,20,4,2,2,0.1829936070097885,26.59375,False,0.9835854768753052
4qhj__A1_Q58610--4qhj__B1_Q58610,1,5,1,1,0.2386993896865443,79.0,True,0.9909229874610901
4qhj__A1_Q58610--4qhj__B1_Q58610,2,5,0,1,0.215920944447924,78.9375,False,0.9900162816047668
4qhj__A1_Q58610--4qhj__B1_Q58610,3,5,3,1,0.2407162827493868,78.1875,True,0.9780724048614502
4qhj__A1_Q58610--4qhj__B1_Q58610,4,3,1,1,0.2205313638945145,76.3125,False,0.9890322089195251
4qhj__A1_Q58610--4qhj__B1_Q58610,5,1,1,1,0.2416393356060476,76.3125,True,0.9755566716194153
4qhj__A1_Q58610--4qhj__B1_Q58610,6,1,3,1,0.2428531878576033,75.6875,True,0.9874053597450256
4qhj__A1_Q58610--4qhj__B1_Q58610,7,3,0,1,0.2325977631801198,75.625,True,0.9121360778808594
4qhj__A1_Q58610--4qhj__B1_Q58610,8,3,2,1,0.2282399431856052,75.4375,False,0.9728987216949463
4qhj__A1_Q58610--4qhj__B1_Q58610,9,1,2,1,0.2430045786176151,75.375,True,0.9816886186599731
4qhj__A1_Q58610--4qhj__B1_Q58610,10,1,0,1,0.2323039800943088,75.125,True,0.978484034538269
4qhj__A1_Q58610--4qhj__B1_Q58610,11,3,3,1,0.2322736267622711,74.875,True,0.9020034670829773
4qhj__A1_Q58610--4qhj__B1_Q58610,12,5,2,1,0.2411282711699527,74.5625,True,0.9891830682754517
4qhj__A1_Q58610--4qhj__B1_Q58610,13,4,1,1,0.2567965577449915,73.5,True,0.9900436401367188
4qhj__A1_Q58610--4qhj__B1_Q58610,14,4,0,1,0.2546785153415372,71.875,True,0.9697856307029724
4qhj__A1_Q58610--4qhj__B1_Q58610,15,4,2,1,0.2538153648707688,70.9375,True,0.9906366467475891
4qhj__A1_Q58610--4qhj__B1_Q58610,16,4,3,1,0.2409667116646669,70.6875,True,0.9929296374320984
4qhj__A1_Q58610--4qhj__B1_Q58610,17,2,1,1,0.2454808120620519,59.8125,True,0.7324432134628296
4qhj__A1_Q58610--4qhj__B1_Q58610,18,2,3,1,0.233123777515536,58.125,True,0.8907423615455627
4qhj__A1_Q58610--4qhj__B1_Q58610,19,2,2,1,0.2299766716286191,55.90625,False,0.8513868451118469
4qhj__A1_Q58610--4qhj__B1_Q58610,20,2,0,1,0.2399899337049495,54.0,True,0.7922948002815247
4qpl__A1_Q9CZW6--4qpl__B1_P51668,1,3,3,1,0.2663859139199993,86.875,True,0.9607871770858765
4qpl__A1_Q9CZW6--4qpl__B1_P51668,2,3,0,1,0.2723280472361324,86.75,True,0.9473521113395691
4qpl__A1_Q9CZW6--4qpl__B1_P51668,3,3,1,1,0.2744918161745313,86.75,True,0.9473521113395691
4qpl__A1_Q9CZW6--4qpl__B1_P51668,4,3,2,1,0.2797120560363128,86.5625,True,0.8960493803024292
4qpl__A1_Q9CZW6--4qpl__B1_P51668,5,4,0,1,0.2777493546680691,86.375,True,0.8589383363723755
4qpl__A1_Q9CZW6--4qpl__B1_P51668,6,4,2,1,0.2776845421037821,85.6875,True,0.8917231559753418
4qpl__A1_Q9CZW6--4qpl__B1_P51668,7,4,3,1,0.2716705145263822,85.5625,True,0.7817255854606628
4qpl__A1_Q9CZW6--4qpl__B1_P51668,8,4,1,1,0.2705438932263089,85.5625,True,0.759757399559021
4qpl__A1_Q9CZW6--4qpl__B1_P51668,9,5,3,1,0.2740116564903148,85.3125,True,0.9031131267547607
4qpl__A1_Q9CZW6--4qpl__B1_P51668,10,5,1,1,0.2725762398939153,85.1875,True,0.9365503191947937
4qpl__A1_Q9CZW6--4qpl__B1_P51668,11,5,2,1,0.2715942430914294,85.0,True,0.9270434975624084
4qpl__A1_Q9CZW6--4qpl__B1_P51668,12,1,3,1,0.2771972746282343,85.0,True,0.9389051795005798
4qpl__A1_Q9CZW6--4qpl__B1_P51668,13,5,0,1,0.2722505141538021,84.75,True,0.9370620846748352
4qpl__A1_Q9CZW6--4qpl__B1_P51668,14,2,0,1,0.273211993582667,84.25,True,0.9692626595497131
4qpl__A1_Q9CZW6--4qpl__B1_P51668,15,1,1,1,0.2581966638698169,84.0,True,0.8814274668693542
4qpl__A1_Q9CZW6--4qpl__B1_P51668,16,2,3,1,0.2740288909122573,83.625,True,0.9675110578536987
4qpl__A1_Q9CZW6--4qpl__B1_P51668,17,1,0,1,0.2675721262162969,83.5625,True,0.9048886299133301
4qpl__A1_Q9CZW6--4qpl__B1_P51668,18,2,2,1,0.2630911207472485,83.375,True,0.9437643885612488
4qpl__A1_Q9CZW6--4qpl__B1_P51668,19,2,1,1,0.2652600180672544,83.3125,True,0.9366521835327148
4qpl__A1_Q9CZW6--4qpl__B1_P51668,20,1,2,1,0.1528799623269967,30.796875,False,0.40986043214797974
4r5k__B1_P0A6Y8--4r5k__A1_P0A6Y8,1,5,0,3,0.0124531219933621,42.15625,False,0.10739052295684814
4r5k__B1_P0A6Y8--4r5k__A1_P0A6Y8,2,4,0,3,0.0117090869877786,39.59375,False,0.9386523962020874
4r5k__B1_P0A6Y8--4r5k__A1_P0A6Y8,3,4,1,3,0.0117949254541751,37.46875,False,0.9291000366210938
4r5k__B1_P0A6Y8--4r5k__A1_P0A6Y8,4,5,3,3,0.3689583156220923,37.0,True,0.9056248068809509
4r5k__B1_P0A6Y8--4r5k__A1_P0A6Y8,5,1,2,3,0.0124330931865376,35.71875,False,0.9924112558364868
4r5k__B1_P0A6Y8--4r5k__A1_P0A6Y8,6,3,0,3,0.0128708516531285,35.25,False,0.9977830052375793
4r5k__B1_P0A6Y8--4r5k__A1_P0A6Y8,7,5,2,3,0.012089646126902,35.125,False,0.2444545328617096
4r5k__B1_P0A6Y8--4r5k__A1_P0A6Y8,8,3,2,3,0.3489937744090481,30.359375,True,0.13194440305233002
4r5k__B1_P0A6Y8--4r5k__A1_P0A6Y8,9,5,1,3,0.3549122707736269,28.625,True,0.019952254369854927
4r5k__B1_P0A6Y8--4r5k__A1_P0A6Y8,10,2,0,3,0.0915429120745092,26.71875,False,0.11370182782411575
4r5k__B1_P0A6Y8--4r5k__A1_P0A6Y8,11,2,1,3,0.3410899598318144,25.4375,True,0.12049326300621033
4r5k__B1_P0A6Y8--4r5k__A1_P0A6Y8,12,4,3,3,0.1166599712180142,21.859375,False,0.08007246255874634
4r5k__B1_P0A6Y8--4r5k__A1_P0A6Y8,13,3,1,3,0.2742032440485522,21.3125,True,0.13286490738391876
4r5k__B1_P0A6Y8--4r5k__A1_P0A6Y8,14,2,3,3,0.3387743466147923,20.890625,True,0.1609114110469818
4r5k__B1_P0A6Y8--4r5k__A1_P0A6Y8,15,2,2,3,0.3356465180961574,19.734375,True,0.1642654538154602
4r5k__B1_P0A6Y8--4r5k__A1_P0A6Y8,16,4,2,3,0.0171542107605159,19.59375,False,0.04101644083857536
4r5k__B1_P0A6Y8--4r5k__A1_P0A6Y8,17,1,3,3,0.1589295358362322,19.171875,False,0.27069395780563354
4r5k__B1_P0A6Y8--4r5k__A1_P0A6Y8,18,1,1,3,0.1480274074978881,18.875,False,0.09998337179422379
4r5k__B1_P0A6Y8--4r5k__A1_P0A6Y8,19,1,0,3,0.2545886393459641,17.609375,True,0.13948801159858704
4r5k__B1_P0A6Y8--4r5k__A1_P0A6Y8,20,3,3,3,0.2382159869373903,17.203125,True,0.10825604945421219
4r6i__A1_Q44636--4r6i__B1_Q44636,1,4,3,0,0.0040291755518716,75.375,False,0.9840244650840759
4r6i__A1_Q44636--4r6i__B1_Q44636,2,2,2,0,0.0036630574203801,74.625,False,0.9776981472969055
4r6i__A1_Q44636--4r6i__B1_Q44636,3,4,1,0,0.0039352518393472,74.25,False,0.9890641570091248
4r6i__A1_Q44636--4r6i__B1_Q44636,4,5,2,0,0.0039918358121552,73.625,False,0.9802590608596802
4r6i__A1_Q44636--4r6i__B1_Q44636,5,4,2,0,0.0038966806169803,73.25,False,0.9784179329872131
4r6i__A1_Q44636--4r6i__B1_Q44636,6,5,3,0,0.003907946109921,73.0,False,0.9870201349258423
4r6i__A1_Q44636--4r6i__B1_Q44636,7,2,0,0,0.0037034682397648,72.9375,False,0.7791629433631897
4r6i__A1_Q44636--4r6i__B1_Q44636,8,1,0,0,0.0039203438395296,72.625,False,0.8603540062904358
4r6i__A1_Q44636--4r6i__B1_Q44636,9,1,3,0,0.0038682837155006,72.3125,False,0.8552312850952148
4r6i__A1_Q44636--4r6i__B1_Q44636,10,1,1,0,0.0038539072372691,72.1875,False,0.8647848963737488
4r6i__A1_Q44636--4r6i__B1_Q44636,11,5,0,0,0.003982564363877,71.875,False,0.9682084321975708
4r6i__A1_Q44636--4r6i__B1_Q44636,12,5,1,0,0.0038438018912742,71.8125,False,0.9617795944213867
4r6i__A1_Q44636--4r6i__B1_Q44636,13,1,2,0,0.0039150793779031,71.75,False,0.8603543639183044
4r6i__A1_Q44636--4r6i__B1_Q44636,14,2,3,0,0.0036893524615622,71.75,False,0.9257794618606567
4r6i__A1_Q44636--4r6i__B1_Q44636,15,2,1,0,0.003669726279715,71.6875,False,0.9318982362747192
4r6i__A1_Q44636--4r6i__B1_Q44636,16,3,2,0,0.004343063103038,71.1875,False,0.8517170548439026
4r6i__A1_Q44636--4r6i__B1_Q44636,17,4,0,0,0.0041372196727778,69.0625,False,0.9661478996276855
4r6i__A1_Q44636--4r6i__B1_Q44636,18,3,0,0,0.004048444232955,67.25,False,0.9442521929740906
4r6i__A1_Q44636--4r6i__B1_Q44636,19,3,3,0,0.0043232522577673,64.625,False,0.9857044219970703
4r6i__A1_Q44636--4r6i__B1_Q44636,20,3,1,0,0.0042925326404883,64.3125,False,0.7114468216896057
4rt0__A1_Q9HY69--4rt0__A2_Q9HY69,1,4,1,2,0.6044193698676752,69.3125,True,0.0008006572024896741
4rt0__A1_Q9HY69--4rt0__A2_Q9HY69,2,4,2,2,0.6010982460762393,67.125,True,0.0018981401808559895
4rt0__A1_Q9HY69--4rt0__A2_Q9HY69,3,4,0,2,0.5999488308641115,66.5,True,0.003940756432712078
4rt0__A1_Q9HY69--4rt0__A2_Q9HY69,4,4,3,2,0.5998653817532591,61.6875,True,0.010492946952581406
4rt0__A1_Q9HY69--4rt0__A2_Q9HY69,5,5,0,2,0.6378703385433199,60.71875,True,0.0016018952010199428
4rt0__A1_Q9HY69--4rt0__A2_Q9HY69,6,3,1,2,0.6303476870271241,58.96875,True,0.9821584224700928
4rt0__A1_Q9HY69--4rt0__A2_Q9HY69,7,3,0,2,0.0818468018724901,56.78125,False,0.9998751878738403
4rt0__A1_Q9HY69--4rt0__A2_Q9HY69,8,3,3,2,0.0990699094397544,56.53125,False,0.06506628543138504
4rt0__A1_Q9HY69--4rt0__A2_Q9HY69,9,2,2,2,0.0490836886288553,56.40625,False,0.9999693632125854
4rt0__A1_Q9HY69--4rt0__A2_Q9HY69,10,2,0,2,0.0193518676864508,55.625,False,0.999219536781311
4rt0__A1_Q9HY69--4rt0__A2_Q9HY69,11,5,1,2,0.0470435560650239,54.78125,False,0.0005323665682226419
4rt0__A1_Q9HY69--4rt0__A2_Q9HY69,12,2,3,2,0.016785562749271,54.34375,False,0.9990705847740173
4rt0__A1_Q9HY69--4rt0__A2_Q9HY69,13,1,0,2,0.5925529510889885,54.15625,True,0.9724465608596802
4rt0__A1_Q9HY69--4rt0__A2_Q9HY69,14,2,1,2,0.0176821524016375,54.0,False,0.9999674558639526
4rt0__A1_Q9HY69--4rt0__A2_Q9HY69,15,5,2,2,0.6520738505310396,53.15625,True,0.007210201118141413
4rt0__A1_Q9HY69--4rt0__A2_Q9HY69,16,3,2,2,0.6468197756889681,52.625,True,0.997399091720581
4rt0__A1_Q9HY69--4rt0__A2_Q9HY69,17,5,3,2,0.6441878426769613,47.75,True,0.13750134408473969
4rt0__A1_Q9HY69--4rt0__A2_Q9HY69,18,1,3,2,0.588374316321698,46.0,True,0.6948413252830505
4rt0__A1_Q9HY69--4rt0__A2_Q9HY69,19,1,2,2,0.5569895678193438,45.1875,True,0.2822420299053192
4rt0__A1_Q9HY69--4rt0__A2_Q9HY69,20,1,1,2,0.5456096763630027,41.28125,True,0.7734315991401672
4u0q__A1_B2L3N7--4u0q__B1_P35613,1,4,1,2,0.0319602483495932,31.484375,False,0.01426098495721817
4u0q__A1_B2L3N7--4u0q__B1_P35613,2,5,2,2,0.1226768719325814,28.109375,False,0.020372575148940086
4u0q__A1_B2L3N7--4u0q__B1_P35613,3,4,0,2,0.0396404664565126,25.1875,False,0.11480800062417984
4u0q__A1_B2L3N7--4u0q__B1_P35613,4,4,3,2,0.037127101302187,24.734375,False,0.03222665563225746
4u0q__A1_B2L3N7--4u0q__B1_P35613,5,4,2,2,0.046155861839907,24.1875,False,0.027625296264886856
4u0q__A1_B2L3N7--4u0q__B1_P35613,6,5,1,2,0.0460191687833874,22.703125,False,0.028215816244482994
4u0q__A1_B2L3N7--4u0q__B1_P35613,7,5,3,2,0.1626303568025445,22.546875,False,0.010742836631834507
4u0q__A1_B2L3N7--4u0q__B1_P35613,8,2,3,2,0.0979687976063937,22.5,False,0.026638004928827286
4u0q__A1_B2L3N7--4u0q__B1_P35613,9,3,3,2,0.1532986615702873,22.34375,False,0.013444025069475174
4u0q__A1_B2L3N7--4u0q__B1_P35613,10,5,0,2,0.0709023754858806,21.75,False,0.06663072854280472
4u0q__A1_B2L3N7--4u0q__B1_P35613,11,3,0,2,0.1697306061188858,21.625,False,0.008998018689453602
4u0q__A1_B2L3N7--4u0q__B1_P35613,12,2,1,2,0.0310271315404748,21.359375,False,0.11493630707263947
4u0q__A1_B2L3N7--4u0q__B1_P35613,13,3,1,2,0.0449139521549903,21.203125,False,0.023170500993728638
4u0q__A1_B2L3N7--4u0q__B1_P35613,14,2,2,2,0.0313534037815148,20.578125,False,0.01487836055457592
4u0q__A1_B2L3N7--4u0q__B1_P35613,15,2,0,2,0.0253427682312268,20.515625,False,0.07816747575998306
4u0q__A1_B2L3N7--4u0q__B1_P35613,16,1,0,2,0.0469124506530516,20.46875,False,0.07496729493141174
4u0q__A1_B2L3N7--4u0q__B1_P35613,17,3,2,2,0.0942555025614281,20.421875,False,0.015035473741590977
4u0q__A1_B2L3N7--4u0q__B1_P35613,18,1,3,2,0.0371167311810362,20.25,False,0.08504645526409149
4u0q__A1_B2L3N7--4u0q__B1_P35613,19,1,1,2,0.0550415057938851,20.15625,False,0.20966210961341858
4u0q__A1_B2L3N7--4u0q__B1_P35613,20,1,2,2,0.0422538246373428,20.046875,False,0.19455856084823608
4u1c__A1_P32497--4u1c__B1_P38249,1,1,3,0,0.787596505481705,87.75,True,0.9232172966003418
4u1c__A1_P32497--4u1c__B1_P38249,2,1,1,0,0.790747618124105,87.5,True,0.8989147543907166
4u1c__A1_P32497--4u1c__B1_P38249,3,1,2,0,0.795742800568422,87.375,True,0.9221312999725342
4u1c__A1_P32497--4u1c__B1_P38249,4,1,0,0,0.7873425286765755,87.3125,True,0.8988586068153381
4u1c__A1_P32497--4u1c__B1_P38249,5,4,0,0,0.7864413415032828,87.25,True,0.8895913362503052
4u1c__A1_P32497--4u1c__B1_P38249,6,4,3,0,0.7959493571359492,87.25,True,0.8983612656593323
4u1c__A1_P32497--4u1c__B1_P38249,7,5,3,0,0.7764794951124762,87.25,True,0.876022458076477
4u1c__A1_P32497--4u1c__B1_P38249,8,4,1,0,0.781323229369948,87.125,True,0.929711639881134
4u1c__A1_P32497--4u1c__B1_P38249,9,5,1,0,0.7779033921860612,87.0625,True,0.8957676887512207
4u1c__A1_P32497--4u1c__B1_P38249,10,4,2,0,0.7954451391006732,86.875,True,0.9091160297393799
4u1c__A1_P32497--4u1c__B1_P38249,11,5,2,0,0.7891409266509398,86.75,True,0.8833999633789062
4u1c__A1_P32497--4u1c__B1_P38249,12,5,0,0,0.7895423624790222,86.75,True,0.9038857817649841
4u1c__A1_P32497--4u1c__B1_P38249,13,3,1,0,0.7762199180616848,86.625,True,0.9243474006652832
4u1c__A1_P32497--4u1c__B1_P38249,14,3,3,0,0.7752727264019118,86.4375,True,0.8704280257225037
4u1c__A1_P32497--4u1c__B1_P38249,15,2,3,0,0.7822361877278494,86.375,True,0.8829792141914368
4u1c__A1_P32497--4u1c__B1_P38249,16,3,2,0,0.7823608772519993,86.3125,True,0.8835654854774475
4u1c__A1_P32497--4u1c__B1_P38249,17,2,1,0,0.7761908389562656,86.3125,True,0.8197202682495117
4u1c__A1_P32497--4u1c__B1_P38249,18,3,0,0,0.7781141234559822,86.25,True,0.9078816771507263
4u1c__A1_P32497--4u1c__B1_P38249,19,2,2,0,0.7807236976569762,85.75,True,0.8621739745140076
4u1c__A1_P32497--4u1c__B1_P38249,20,2,0,0,0.7815512857125461,85.6875,True,0.8753308653831482
4u3q__B1_P29722--4u3q__A1_P29722,1,5,3,2,0.0108247249668474,68.5,False,1.0
4u3q__B1_P29722--4u3q__A1_P29722,2,5,1,2,0.0105740622988568,64.4375,False,0.9999505281448364
4u3q__B1_P29722--4u3q__A1_P29722,3,3,3,2,0.010498194995684,59.375,False,0.9911859631538391
4u3q__B1_P29722--4u3q__A1_P29722,4,1,2,2,0.0107615281685018,58.3125,False,0.9889715313911438
4u3q__B1_P29722--4u3q__A1_P29722,5,2,2,2,0.0104874942936883,56.84375,False,0.9999837875366211
4u3q__B1_P29722--4u3q__A1_P29722,6,5,2,2,0.0185882263951113,56.0625,False,0.06287772953510284
4u3q__B1_P29722--4u3q__A1_P29722,7,2,3,2,0.0106069245553034,54.90625,False,0.9999735355377197
4u3q__B1_P29722--4u3q__A1_P29722,8,3,1,2,0.0103825532120879,53.90625,False,0.9909989833831787
4u3q__B1_P29722--4u3q__A1_P29722,9,1,1,2,0.0109037560611654,53.4375,False,0.9931992888450623
4u3q__B1_P29722--4u3q__A1_P29722,10,5,0,2,0.0193806104427063,51.4375,False,0.9997660517692566
4u3q__B1_P29722--4u3q__A1_P29722,11,4,0,2,0.0106251000768183,50.21875,False,0.9952143430709839
4u3q__B1_P29722--4u3q__A1_P29722,12,4,1,2,0.0105755227296759,48.1875,False,0.9972904920578003
4u3q__B1_P29722--4u3q__A1_P29722,13,3,2,2,0.0105730405762284,46.84375,False,0.9942402839660645
4u3q__B1_P29722--4u3q__A1_P29722,14,1,3,2,0.0181599613027259,46.46875,False,0.2992664575576782
4u3q__B1_P29722--4u3q__A1_P29722,15,2,0,2,0.7572011576920893,46.1875,True,0.012305989861488342
4u3q__B1_P29722--4u3q__A1_P29722,16,4,3,2,0.0107957772093356,44.15625,False,0.9699618220329285
4u3q__B1_P29722--4u3q__A1_P29722,17,3,0,2,0.0227486157441769,42.0,False,0.6604269742965698
4u3q__B1_P29722--4u3q__A1_P29722,18,2,1,2,0.1912585535430559,39.34375,False,0.011436223052442074
4u3q__B1_P29722--4u3q__A1_P29722,19,1,0,2,0.6595414222626174,35.46875,True,0.012029098346829414
4u3q__B1_P29722--4u3q__A1_P29722,20,4,2,2,0.0182465734918804,32.6875,False,0.9986716508865356
4u4p__A1_O95347--4u4p__B1_Q9NTJ3,1,4,2,2,0.8790301352647948,92.0,True,0.9650641679763794
4u4p__A1_O95347--4u4p__B1_Q9NTJ3,2,4,3,2,0.9097408884566835,92.0,True,0.9734897613525391
4u4p__A1_O95347--4u4p__B1_Q9NTJ3,3,4,1,2,0.8818947771248813,91.9375,True,0.9667909145355225
4u4p__A1_O95347--4u4p__B1_Q9NTJ3,4,4,0,2,0.9094229218914456,91.8125,True,0.9661481976509094
4u4p__A1_O95347--4u4p__B1_Q9NTJ3,5,5,1,2,0.8848527488564342,87.0,True,0.9671027064323425
4u4p__A1_O95347--4u4p__B1_Q9NTJ3,6,3,1,2,0.8839136923993641,86.375,True,0.9546297192573547
4u4p__A1_O95347--4u4p__B1_Q9NTJ3,7,1,0,2,0.8539411839331478,85.4375,True,0.8620390295982361
4u4p__A1_O95347--4u4p__B1_Q9NTJ3,8,1,1,2,0.8564783058679625,85.25,True,0.8465142250061035
4u4p__A1_O95347--4u4p__B1_Q9NTJ3,9,5,0,2,0.7286587067646537,83.5625,True,0.9831923842430115
4u4p__A1_O95347--4u4p__B1_Q9NTJ3,10,5,2,2,0.7900987896942655,83.375,True,0.9753704071044922
4u4p__A1_O95347--4u4p__B1_Q9NTJ3,11,5,3,2,0.7753749425119132,83.375,True,0.9751819968223572
4u4p__A1_O95347--4u4p__B1_Q9NTJ3,12,1,3,2,0.844958967122689,82.0,True,0.8063802123069763
4u4p__A1_O95347--4u4p__B1_Q9NTJ3,13,1,2,2,0.8203106525049836,80.125,True,0.9373180866241455
4u4p__A1_O95347--4u4p__B1_Q9NTJ3,14,2,2,2,0.8416476021606224,79.25,True,0.8909459710121155
4u4p__A1_O95347--4u4p__B1_Q9NTJ3,15,2,1,2,0.8443869133981442,79.25,True,0.8787780404090881
4u4p__A1_O95347--4u4p__B1_Q9NTJ3,16,3,2,2,0.544067499522576,79.125,True,0.6617481112480164
4u4p__A1_O95347--4u4p__B1_Q9NTJ3,17,2,0,2,0.8473225810405719,79.0625,True,0.8787780404090881
4u4p__A1_O95347--4u4p__B1_Q9NTJ3,18,3,0,2,0.5105989294317905,78.8125,True,0.9023724794387817
4u4p__A1_O95347--4u4p__B1_Q9NTJ3,19,2,3,2,0.8487102299596764,78.6875,True,0.8509500622749329
4u4p__A1_O95347--4u4p__B1_Q9NTJ3,20,3,3,2,0.4747672635834878,78.375,True,0.22280921041965485
4uhz__A1_P12643--4uhz__B1_Q6NW40,1,3,0,0,0.8907249378615077,77.25,True,0.00023969075118657202
4uhz__A1_P12643--4uhz__B1_Q6NW40,2,3,2,0,0.8759015965380633,76.9375,True,0.0002408930886304006
4uhz__A1_P12643--4uhz__B1_Q6NW40,3,1,1,0,0.8220464298275557,75.5,True,0.0009060398442670703
4uhz__A1_P12643--4uhz__B1_Q6NW40,4,5,0,0,0.8756520418839231,73.5625,True,0.9756043553352356
4uhz__A1_P12643--4uhz__B1_Q6NW40,5,4,0,0,0.8955995635367163,72.625,True,5.118975241202861e-05
4uhz__A1_P12643--4uhz__B1_Q6NW40,6,5,2,0,0.878387275912406,71.3125,True,0.997134804725647
4uhz__A1_P12643--4uhz__B1_Q6NW40,7,5,1,0,0.8633876935828769,70.5,True,0.997134804725647
4uhz__A1_P12643--4uhz__B1_Q6NW40,8,3,3,0,0.0104080969684184,65.3125,False,2.1062427549622953e-05
4uhz__A1_P12643--4uhz__B1_Q6NW40,9,4,3,0,0.8677321628256203,65.0625,True,0.6932830214500427
4uhz__A1_P12643--4uhz__B1_Q6NW40,10,5,3,0,0.8784574455708558,64.0,True,0.997134804725647
4uhz__A1_P12643--4uhz__B1_Q6NW40,11,1,0,0,0.0105429675760826,62.375,False,0.07981033623218536
4uhz__A1_P12643--4uhz__B1_Q6NW40,12,3,1,0,0.0104388084870534,61.21875,False,3.211637886124663e-05
4uhz__A1_P12643--4uhz__B1_Q6NW40,13,2,3,0,0.0104294372108082,56.40625,False,0.00015666265971958637
4uhz__A1_P12643--4uhz__B1_Q6NW40,14,4,2,0,0.0104524678880366,55.59375,False,6.352066748149809e-07
4uhz__A1_P12643--4uhz__B1_Q6NW40,15,2,1,0,0.0104577382054277,53.8125,False,5.380735456128605e-05
4uhz__A1_P12643--4uhz__B1_Q6NW40,16,2,0,0,0.0104675438614837,53.1875,False,8.412805073021445e-06
4uhz__A1_P12643--4uhz__B1_Q6NW40,17,2,2,0,0.0104566919744389,52.0625,False,0.00010667018068488687
4uhz__A1_P12643--4uhz__B1_Q6NW40,18,4,1,0,0.0105948735082508,45.75,False,1.048767558131658e-06
4uhz__A1_P12643--4uhz__B1_Q6NW40,19,1,2,0,0.7505469797409754,43.40625,True,0.0012905322946608067
4uhz__A1_P12643--4uhz__B1_Q6NW40,20,1,3,0,0.587140335455472,31.484375,True,0.8694745898246765
4upd__A1_Q2TFW1--4upd__B1_Q2TFW1,1,3,3,2,0.0462886102808753,87.4375,False,0.9988226294517517
4upd__A1_Q2TFW1--4upd__B1_Q2TFW1,2,3,0,2,0.0198660347274635,86.6875,False,1.0
4upd__A1_Q2TFW1--4upd__B1_Q2TFW1,3,1,0,2,0.0198774311943373,76.6875,False,0.7572132349014282
4upd__A1_Q2TFW1--4upd__B1_Q2TFW1,4,3,2,2,0.0375412187229779,74.8125,False,0.9990394711494446
4upd__A1_Q2TFW1--4upd__B1_Q2TFW1,5,1,2,2,0.028729154916327,73.8125,False,0.2908420264720917
4upd__A1_Q2TFW1--4upd__B1_Q2TFW1,6,2,3,2,0.0105643257248609,69.25,False,1.0
4upd__A1_Q2TFW1--4upd__B1_Q2TFW1,7,2,2,2,0.0102459181786432,66.0625,False,1.0
4upd__A1_Q2TFW1--4upd__B1_Q2TFW1,8,1,3,2,0.0110478905424647,62.09375,False,0.18936020135879517
4upd__A1_Q2TFW1--4upd__B1_Q2TFW1,9,4,3,2,0.0109373153419107,56.90625,False,0.9999537467956543
4upd__A1_Q2TFW1--4upd__B1_Q2TFW1,10,5,1,2,0.0158940429509906,52.21875,False,0.01896449737250805
4upd__A1_Q2TFW1--4upd__B1_Q2TFW1,11,5,3,2,0.0290329536400405,44.9375,False,0.9721492528915405
4upd__A1_Q2TFW1--4upd__B1_Q2TFW1,12,2,0,2,0.0124649004630009,42.1875,False,0.028075451031327248
4upd__A1_Q2TFW1--4upd__B1_Q2TFW1,13,1,1,2,0.0287304481147974,32.78125,False,0.8733320832252502
4upd__A1_Q2TFW1--4upd__B1_Q2TFW1,14,5,2,2,0.0294926981494527,32.71875,False,0.9098291993141174
4upd__A1_Q2TFW1--4upd__B1_Q2TFW1,15,5,0,2,0.0150710404244072,30.625,False,0.009676744230091572
4upd__A1_Q2TFW1--4upd__B1_Q2TFW1,16,4,2,2,0.0567657695317382,28.875,False,0.033310625702142715
4upd__A1_Q2TFW1--4upd__B1_Q2TFW1,17,3,1,2,0.1346165659242247,28.234375,False,0.013764603063464165
4upd__A1_Q2TFW1--4upd__B1_Q2TFW1,18,2,1,2,0.0364793565947376,27.265625,False,0.013571759685873985
4upd__A1_Q2TFW1--4upd__B1_Q2TFW1,19,4,1,2,0.0580522143295975,26.40625,False,0.11323532462120056
4upd__A1_Q2TFW1--4upd__B1_Q2TFW1,20,4,0,2,0.0398474320839023,26.0,False,0.08105240017175674
4v1i__A1_A0A140UH28--4v1i__B1_A0A140UH28,1,3,2,1,0.90398662493889,78.6875,True,0.0003860153956338763
4v1i__A1_A0A140UH28--4v1i__B1_A0A140UH28,2,5,1,1,0.8722017672092689,77.0625,True,0.0001522351085441187
4v1i__A1_A0A140UH28--4v1i__B1_A0A140UH28,3,3,0,1,0.8991848578605818,76.3125,True,0.0034350205678492785
4v1i__A1_A0A140UH28--4v1i__B1_A0A140UH28,4,4,1,1,0.9064356783679156,75.125,True,8.148256165441126e-05
4v1i__A1_A0A140UH28--4v1i__B1_A0A140UH28,5,4,0,1,0.9072923769880304,73.375,True,0.006048929877579212
4v1i__A1_A0A140UH28--4v1i__B1_A0A140UH28,6,4,3,1,0.8907171128131791,72.875,True,0.0003812061622738838
4v1i__A1_A0A140UH28--4v1i__B1_A0A140UH28,7,4,2,1,0.8949521373714407,71.875,True,0.0008574511739425361
4v1i__A1_A0A140UH28--4v1i__B1_A0A140UH28,8,5,2,1,0.8899202581115132,69.75,True,0.0004942064406350255
4v1i__A1_A0A140UH28--4v1i__B1_A0A140UH28,9,1,1,1,0.8663915422352249,69.625,True,0.8331201672554016
4v1i__A1_A0A140UH28--4v1i__B1_A0A140UH28,10,1,2,1,0.8972224668836953,69.0,True,0.9389400482177734
4v1i__A1_A0A140UH28--4v1i__B1_A0A140UH28,11,5,0,1,0.8661742136254693,68.8125,True,9.79048345470801e-05
4v1i__A1_A0A140UH28--4v1i__B1_A0A140UH28,12,5,3,1,0.9024026900263036,68.75,True,0.002036914462223649
4v1i__A1_A0A140UH28--4v1i__B1_A0A140UH28,13,2,0,1,0.0352994927139348,66.875,False,0.1535116583108902
4v1i__A1_A0A140UH28--4v1i__B1_A0A140UH28,14,3,3,1,0.8580878088483179,66.75,True,0.007609821856021881
4v1i__A1_A0A140UH28--4v1i__B1_A0A140UH28,15,3,1,1,0.8429967886907045,65.5,True,5.487425369210541e-05
4v1i__A1_A0A140UH28--4v1i__B1_A0A140UH28,16,1,0,1,0.8688382516893608,63.75,True,0.6148675084114075
4v1i__A1_A0A140UH28--4v1i__B1_A0A140UH28,17,1,3,1,0.890027711650302,61.65625,True,0.9473185539245605
4v1i__A1_A0A140UH28--4v1i__B1_A0A140UH28,18,2,2,1,0.0323068077389915,54.1875,False,0.1126699447631836
4v1i__A1_A0A140UH28--4v1i__B1_A0A140UH28,19,2,1,1,0.0325984580428026,53.96875,False,0.12711471319198608
4v1i__A1_A0A140UH28--4v1i__B1_A0A140UH28,20,2,3,1,0.0322760685071398,53.53125,False,0.11678101122379303
4wj0__A1_O58938--4wj0__B1_O58938,1,1,0,0,0.1598244931197092,59.21875,False,0.9348658919334412
4wj0__A1_O58938--4wj0__B1_O58938,2,3,0,0,0.3901665998332781,53.5,True,0.8088071346282959
4wj0__A1_O58938--4wj0__B1_O58938,3,4,2,0,0.138530435873894,52.4375,False,0.02887415513396263
4wj0__A1_O58938--4wj0__B1_O58938,4,4,0,0,0.1356310259525977,51.5625,False,0.04394776001572609
4wj0__A1_O58938--4wj0__B1_O58938,5,4,1,0,0.1374803846268598,50.5625,False,0.03663710504770279
4wj0__A1_O58938--4wj0__B1_O58938,6,1,3,0,0.3825068713366287,50.21875,True,0.3974859118461609
4wj0__A1_O58938--4wj0__B1_O58938,7,1,2,0,0.4257170222776005,47.5,True,0.8284673690795898
4wj0__A1_O58938--4wj0__B1_O58938,8,4,3,0,0.1312195376273402,47.0625,False,0.062371473759412766
4wj0__A1_O58938--4wj0__B1_O58938,9,5,2,0,0.3320107735619468,44.71875,True,0.2091718167066574
4wj0__A1_O58938--4wj0__B1_O58938,10,2,1,0,0.235221251710169,42.40625,True,0.003959937486797571
4wj0__A1_O58938--4wj0__B1_O58938,11,2,0,0,0.2480069069030666,41.03125,True,0.009719897992908955
4wj0__A1_O58938--4wj0__B1_O58938,12,3,1,0,0.3184926503747804,40.59375,True,0.5147619843482971
4wj0__A1_O58938--4wj0__B1_O58938,13,1,1,0,0.4025189535342582,39.5,True,0.4080332815647125
4wj0__A1_O58938--4wj0__B1_O58938,14,5,0,0,0.1823724983024232,38.84375,False,0.5732316374778748
4wj0__A1_O58938--4wj0__B1_O58938,15,2,3,0,0.2600939617044968,38.6875,True,0.02673359587788582
4wj0__A1_O58938--4wj0__B1_O58938,16,2,2,0,0.2439002244758314,38.59375,True,0.05358891561627388
4wj0__A1_O58938--4wj0__B1_O58938,17,3,2,0,0.2382673845870268,36.78125,True,0.018603697419166565
4wj0__A1_O58938--4wj0__B1_O58938,18,5,3,0,0.1775809362883461,36.46875,False,0.2834259867668152
4wj0__A1_O58938--4wj0__B1_O58938,19,3,3,0,0.2669766732639305,34.90625,True,0.03174643963575363
4wj0__A1_O58938--4wj0__B1_O58938,20,5,1,0,0.3410069727467828,30.921875,True,0.8633714914321899
4wlp__A1_Q9Y5K5--4wlp__B1_Q6P4R8,1,4,1,2,0.7497861116122783,87.0625,True,0.9024598598480225
4wlp__A1_Q9Y5K5--4wlp__B1_Q6P4R8,2,5,2,2,0.7219532267192661,85.9375,True,0.8781589269638062
4wlp__A1_Q9Y5K5--4wlp__B1_Q6P4R8,3,3,3,2,0.76140829680601,85.875,True,0.8722140789031982
4wlp__A1_Q9Y5K5--4wlp__B1_Q6P4R8,4,5,1,2,0.7139039328891105,85.8125,True,0.8686741590499878
4wlp__A1_Q9Y5K5--4wlp__B1_Q6P4R8,5,1,0,2,0.7336466414041443,85.4375,True,0.8795081377029419
4wlp__A1_Q9Y5K5--4wlp__B1_Q6P4R8,6,4,2,2,0.7386463241556968,85.375,True,0.9103522896766663
4wlp__A1_Q9Y5K5--4wlp__B1_Q6P4R8,7,3,0,2,0.7507684928084316,85.375,True,0.8046806454658508
4wlp__A1_Q9Y5K5--4wlp__B1_Q6P4R8,8,5,0,2,0.7263474892360543,85.3125,True,0.8408422470092773
4wlp__A1_Q9Y5K5--4wlp__B1_Q6P4R8,9,1,3,2,0.7240337654596924,85.25,True,0.8686814308166504
4wlp__A1_Q9Y5K5--4wlp__B1_Q6P4R8,10,4,0,2,0.7439163517539248,85.125,True,0.8785541653633118
4wlp__A1_Q9Y5K5--4wlp__B1_Q6P4R8,11,4,3,2,0.7417562404472382,85.0,True,0.8984342813491821
4wlp__A1_Q9Y5K5--4wlp__B1_Q6P4R8,12,3,1,2,0.7443433493005825,84.9375,True,0.8056942224502563
4wlp__A1_Q9Y5K5--4wlp__B1_Q6P4R8,13,5,3,2,0.7202531369356978,84.9375,True,0.8611516952514648
4wlp__A1_Q9Y5K5--4wlp__B1_Q6P4R8,14,3,2,2,0.7382363103727284,84.8125,True,0.8095300793647766
4wlp__A1_Q9Y5K5--4wlp__B1_Q6P4R8,15,1,2,2,0.7303439840719834,84.625,True,0.8718141317367554
4wlp__A1_Q9Y5K5--4wlp__B1_Q6P4R8,16,1,1,2,0.7280756296557445,83.9375,True,0.8868318200111389
4wlp__A1_Q9Y5K5--4wlp__B1_Q6P4R8,17,2,1,2,0.72105938146694,83.5625,True,0.8880409598350525
4wlp__A1_Q9Y5K5--4wlp__B1_Q6P4R8,18,2,0,2,0.724693411522494,83.3125,True,0.8269837498664856
4wlp__A1_Q9Y5K5--4wlp__B1_Q6P4R8,19,2,2,2,0.7299360004202979,83.25,True,0.890436589717865
4wlp__A1_Q9Y5K5--4wlp__B1_Q6P4R8,20,2,3,2,0.7290404287708719,82.875,True,0.8598810434341431
4wpd__A1_Q55080--4wpd__B1_Q55080,1,5,2,3,0.0117837039242103,40.84375,False,0.0069750454276800156
4wpd__A1_Q55080--4wpd__B1_Q55080,2,5,0,3,0.0118154041799831,39.75,False,0.4463014006614685
4wpd__A1_Q55080--4wpd__B1_Q55080,3,5,3,3,0.0120504095239835,38.5625,False,0.3079419732093811
4wpd__A1_Q55080--4wpd__B1_Q55080,4,1,3,3,0.013789692973441,37.125,False,0.11700014770030975
4wpd__A1_Q55080--4wpd__B1_Q55080,5,1,1,3,0.0156236947760948,36.0625,False,0.09212612360715866
4wpd__A1_Q55080--4wpd__B1_Q55080,6,2,1,3,0.0117888544390977,34.40625,False,1.1943737376896024e-07
4wpd__A1_Q55080--4wpd__B1_Q55080,7,1,2,3,0.0161711516878791,34.0625,False,0.24258138239383698
4wpd__A1_Q55080--4wpd__B1_Q55080,8,2,0,3,0.012647006718239,33.84375,False,3.164535519317724e-05
4wpd__A1_Q55080--4wpd__B1_Q55080,9,3,0,3,0.0102755694285897,33.3125,False,0.7898735404014587
4wpd__A1_Q55080--4wpd__B1_Q55080,10,1,0,3,0.0166826588039562,32.5625,False,0.5034317970275879
4wpd__A1_Q55080--4wpd__B1_Q55080,11,3,3,3,0.0109682345204293,32.0,False,0.6036128401756287
4wpd__A1_Q55080--4wpd__B1_Q55080,12,5,1,3,0.0151567627102319,29.8125,False,0.049031808972358704
4wpd__A1_Q55080--4wpd__B1_Q55080,13,4,2,3,0.0142366045988584,29.6875,False,0.044658251106739044
4wpd__A1_Q55080--4wpd__B1_Q55080,14,3,2,3,0.0145605660501939,29.5,False,0.37206918001174927
4wpd__A1_Q55080--4wpd__B1_Q55080,15,4,1,3,0.0170466512786611,26.796875,False,0.44186800718307495
4wpd__A1_Q55080--4wpd__B1_Q55080,16,4,3,3,0.0179201281745383,25.890625,False,0.1142888069152832
4wpd__A1_Q55080--4wpd__B1_Q55080,17,3,1,3,0.0134114461112489,25.390625,False,0.08782272785902023
4wpd__A1_Q55080--4wpd__B1_Q55080,18,2,3,3,0.0112293147469105,25.328125,False,0.08769425749778748
4wpd__A1_Q55080--4wpd__B1_Q55080,19,4,0,3,0.017163806028918,25.265625,False,0.4223487377166748
4wpd__A1_Q55080--4wpd__B1_Q55080,20,2,2,3,0.0115530896120233,24.78125,False,0.07862438261508942
4xl5__B1_UNDEFINED--4xl5__A1_P42212,1,1,2,4,0.0382471790856429,49.75,False,0.04179965704679489
4xl5__B1_UNDEFINED--4xl5__A1_P42212,2,4,0,4,0.3111576347838241,34.46875,True,0.019872430711984634
4xl5__B1_UNDEFINED--4xl5__A1_P42212,3,1,0,4,0.03547661350198,33.46875,False,0.045551788061857224
4xl5__B1_UNDEFINED--4xl5__A1_P42212,4,4,2,4,0.2901401287820007,33.25,True,0.013108446262776852
4xl5__B1_UNDEFINED--4xl5__A1_P42212,5,3,1,4,0.031709523863772,33.09375,False,0.006012343801558018
4xl5__B1_UNDEFINED--4xl5__A1_P42212,6,4,1,4,0.2400924924123281,32.375,True,0.025242649018764496
4xl5__B1_UNDEFINED--4xl5__A1_P42212,7,1,1,4,0.0469746199905323,31.984375,False,0.04599164426326752
4xl5__B1_UNDEFINED--4xl5__A1_P42212,8,3,0,4,0.0307649680740766,31.859375,False,0.01048839371651411
4xl5__B1_UNDEFINED--4xl5__A1_P42212,9,2,1,4,0.0318932959960802,31.140625,False,0.02907731756567955
4xl5__B1_UNDEFINED--4xl5__A1_P42212,10,2,0,4,0.0707638652797481,30.671875,False,0.031153196468949318
4xl5__B1_UNDEFINED--4xl5__A1_P42212,11,3,3,4,0.0303884725332158,30.578125,False,0.005240024533122778
4xl5__B1_UNDEFINED--4xl5__A1_P42212,12,3,2,4,0.0309482378052428,29.90625,False,0.005795302335172892
4xl5__B1_UNDEFINED--4xl5__A1_P42212,13,5,3,4,0.0557080175474788,29.703125,False,0.021103372797369957
4xl5__B1_UNDEFINED--4xl5__A1_P42212,14,5,1,4,0.0611795742257703,29.640625,False,0.031588923186063766
4xl5__B1_UNDEFINED--4xl5__A1_P42212,15,5,2,4,0.0624231003222036,28.96875,False,0.03463266044855118
4xl5__B1_UNDEFINED--4xl5__A1_P42212,16,1,3,4,0.0415669376715345,28.625,False,0.035575974732637405
4xl5__B1_UNDEFINED--4xl5__A1_P42212,17,5,0,4,0.0516616621404406,28.28125,False,0.04546167328953743
4xl5__B1_UNDEFINED--4xl5__A1_P42212,18,4,3,4,0.1276712846394201,28.140625,False,0.024785662069916725
4xl5__B1_UNDEFINED--4xl5__A1_P42212,19,2,3,4,0.0338375837555117,28.0625,False,0.025076167657971382
4xl5__B1_UNDEFINED--4xl5__A1_P42212,20,2,2,4,0.1056597158590905,27.765625,False,0.025467893108725548
4xt2__C1_Q99814--4xt2__A1_P27540,1,3,1,1,0.6127440693611702,85.9375,True,0.996131181716919
4xt2__C1_Q99814--4xt2__A1_P27540,2,3,2,1,0.6021072269049986,85.9375,True,0.9938375353813171
4xt2__C1_Q99814--4xt2__A1_P27540,3,4,2,1,0.6477930272110433,85.875,True,0.996944010257721
4xt2__C1_Q99814--4xt2__A1_P27540,4,5,2,1,0.6142879931195219,85.75,True,0.9949775338172913
4xt2__C1_Q99814--4xt2__A1_P27540,5,1,1,1,0.6411879568100677,85.6875,True,0.9789180159568787
4xt2__C1_Q99814--4xt2__A1_P27540,6,1,0,1,0.6285598375279383,85.5,True,0.9858800768852234
4xt2__C1_Q99814--4xt2__A1_P27540,7,1,2,1,0.6338588681648657,85.3125,True,0.9375420808792114
4xt2__C1_Q99814--4xt2__A1_P27540,8,4,0,1,0.6454849662787873,85.3125,True,0.966780424118042
4xt2__C1_Q99814--4xt2__A1_P27540,9,5,1,1,0.6033992135433491,85.1875,True,0.9863598942756653
4xt2__C1_Q99814--4xt2__A1_P27540,10,3,0,1,0.5800281090799954,84.8125,True,0.9886583685874939
4xt2__C1_Q99814--4xt2__A1_P27540,11,4,1,1,0.6233621079717743,84.75,True,0.9933366775512695
4xt2__C1_Q99814--4xt2__A1_P27540,12,3,3,1,0.5951869229934893,84.625,True,0.9593799114227295
4xt2__C1_Q99814--4xt2__A1_P27540,13,5,0,1,0.6039957201942077,84.5,True,0.9650325179100037
4xt2__C1_Q99814--4xt2__A1_P27540,14,1,3,1,0.6205669797139041,83.9375,True,0.8896448612213135
4xt2__C1_Q99814--4xt2__A1_P27540,15,5,3,1,0.6431051510132977,83.3125,True,0.9640258550643921
4xt2__C1_Q99814--4xt2__A1_P27540,16,2,3,1,0.6438485927717936,82.1875,True,0.9990983009338379
4xt2__C1_Q99814--4xt2__A1_P27540,17,4,3,1,0.7240961799309763,81.8125,True,0.9919987320899963
4xt2__C1_Q99814--4xt2__A1_P27540,18,2,0,1,0.6337167680923018,81.8125,True,0.9746052026748657
4xt2__C1_Q99814--4xt2__A1_P27540,19,2,1,1,0.6278172809496143,81.1875,True,0.9833828806877136
4xt2__C1_Q99814--4xt2__A1_P27540,20,2,2,1,0.4121682828450592,31.40625,True,0.22680196166038513
4xyd__A1_Q16A04--4xyd__B1_Q16A03,1,4,0,0,0.9330826864686212,95.0625,True,0.8726989030838013
4xyd__A1_Q16A04--4xyd__B1_Q16A03,2,4,1,0,0.93561764926527,95.0625,True,0.8865517973899841
4xyd__A1_Q16A04--4xyd__B1_Q16A03,3,4,3,0,0.9435672506401834,94.9375,True,0.9016759395599365
4xyd__A1_Q16A04--4xyd__B1_Q16A03,4,1,3,0,0.94598899907376,94.9375,True,0.9174210429191589
4xyd__A1_Q16A04--4xyd__B1_Q16A03,5,5,3,0,0.9385762408185648,94.875,True,0.8723718523979187
4xyd__A1_Q16A04--4xyd__B1_Q16A03,6,5,0,0,0.933943106431781,94.875,True,0.8674899935722351
4xyd__A1_Q16A04--4xyd__B1_Q16A03,7,5,1,0,0.9353348840115104,94.875,True,0.8531718850135803
4xyd__A1_Q16A04--4xyd__B1_Q16A03,8,4,2,0,0.9291010641375976,94.8125,True,0.8870445489883423
4xyd__A1_Q16A04--4xyd__B1_Q16A03,9,5,2,0,0.9369147518187574,94.8125,True,0.859538733959198
4xyd__A1_Q16A04--4xyd__B1_Q16A03,10,2,3,0,0.9401482528526264,94.75,True,0.8612714409828186
4xyd__A1_Q16A04--4xyd__B1_Q16A03,11,2,0,0,0.9412066991770156,94.75,True,0.8621301054954529
4xyd__A1_Q16A04--4xyd__B1_Q16A03,12,1,0,0,0.9325317732110024,94.75,True,0.8765584230422974
4xyd__A1_Q16A04--4xyd__B1_Q16A03,13,2,2,0,0.9381495510853536,94.6875,True,0.8659351468086243
4xyd__A1_Q16A04--4xyd__B1_Q16A03,14,1,2,0,0.9380705467366184,94.6875,True,0.8905174136161804
4xyd__A1_Q16A04--4xyd__B1_Q16A03,15,2,1,0,0.9386787066291908,94.6875,True,0.8666046261787415
4xyd__A1_Q16A04--4xyd__B1_Q16A03,16,1,1,0,0.9340273147145216,94.625,True,0.880681574344635
4xyd__A1_Q16A04--4xyd__B1_Q16A03,17,3,1,0,0.9298447852922668,94.5,True,0.8848398327827454
4xyd__A1_Q16A04--4xyd__B1_Q16A03,18,3,3,0,0.9379681939542256,94.5,True,0.903377890586853
4xyd__A1_Q16A04--4xyd__B1_Q16A03,19,3,0,0,0.9357250816157396,94.5,True,0.866776168346405
4xyd__A1_Q16A04--4xyd__B1_Q16A03,20,3,2,0,0.9427501239966396,94.4375,True,0.9153795838356018
4yxc__A1_P00720--4yxc__B1_P26419,1,4,2,3,0.1895343385471325,64.9375,False,3.7789131823728894e-09
4yxc__A1_P00720--4yxc__B1_P26419,2,3,0,3,0.1788459504925405,64.8125,False,2.3941990434650506e-07
4yxc__A1_P00720--4yxc__B1_P26419,3,4,3,3,0.1754876310905218,64.4375,False,7.729097717401601e-08
4yxc__A1_P00720--4yxc__B1_P26419,4,5,3,3,0.1324499263225631,64.0,False,6.467326674197693e-10
4yxc__A1_P00720--4yxc__B1_P26419,5,3,2,3,0.1702417819473627,63.8125,False,2.121263698029452e-08
4yxc__A1_P00720--4yxc__B1_P26419,6,4,0,3,0.1871473787568396,62.59375,False,9.820926710757405e-11
4yxc__A1_P00720--4yxc__B1_P26419,7,3,3,3,0.1859611401474249,59.4375,False,1.4848452467575157e-09
4yxc__A1_P00720--4yxc__B1_P26419,8,5,0,3,0.1886719851136971,53.71875,False,1.1725280728569487e-06
4yxc__A1_P00720--4yxc__B1_P26419,9,3,1,3,0.1486647202850314,52.3125,False,1.3355283954297192e-06
4yxc__A1_P00720--4yxc__B1_P26419,10,4,1,3,0.177417203037963,52.1875,False,3.0215783226594795e-06
4yxc__A1_P00720--4yxc__B1_P26419,11,1,3,3,0.1710550486446909,51.03125,False,9.357623589846195e-14
4yxc__A1_P00720--4yxc__B1_P26419,12,2,1,3,0.1267630534552027,49.9375,False,0.0007278096745721996
4yxc__A1_P00720--4yxc__B1_P26419,13,1,2,3,0.1482440516880999,49.5,False,0.09614498913288116
4yxc__A1_P00720--4yxc__B1_P26419,14,1,0,3,0.167680663169025,49.15625,False,0.9999983310699463
4yxc__A1_P00720--4yxc__B1_P26419,15,2,2,3,0.1637946946935207,46.0625,False,0.001916933455504477
4yxc__A1_P00720--4yxc__B1_P26419,16,2,0,3,0.0568345865214537,41.71875,False,0.01810346357524395
4yxc__A1_P00720--4yxc__B1_P26419,17,5,2,3,0.0617853353642409,40.09375,False,0.6933969259262085
4yxc__A1_P00720--4yxc__B1_P26419,18,5,1,3,0.0725652463849771,39.625,False,0.607274055480957
4yxc__A1_P00720--4yxc__B1_P26419,19,2,3,3,0.1467229981509172,35.8125,False,0.8522807359695435
4yxc__A1_P00720--4yxc__B1_P26419,20,1,1,3,0.0613091714615014,33.65625,False,0.03833146393299103
4z0o__A1_Q504Y3--4z0o__A2_Q504Y3,1,3,1,3,0.4368925628415042,66.6875,True,0.9486159682273865
4z0o__A1_Q504Y3--4z0o__A2_Q504Y3,2,3,2,3,0.4155553206437166,65.625,True,0.8732764720916748
4z0o__A1_Q504Y3--4z0o__A2_Q504Y3,3,3,3,3,0.4518073025697178,64.8125,True,0.783636212348938
4z0o__A1_Q504Y3--4z0o__A2_Q504Y3,4,3,0,3,0.4470231335842898,64.4375,True,0.9486159682273865
4z0o__A1_Q504Y3--4z0o__A2_Q504Y3,5,5,2,3,0.3802886356212929,62.6875,True,0.5286696553230286
4z0o__A1_Q504Y3--4z0o__A2_Q504Y3,6,5,3,3,0.3815848136745824,62.53125,True,0.4665229916572571
4z0o__A1_Q504Y3--4z0o__A2_Q504Y3,7,5,0,3,0.3801710334843113,62.1875,True,0.28214824199676514
4z0o__A1_Q504Y3--4z0o__A2_Q504Y3,8,5,1,3,0.3721309243296012,61.09375,True,0.656046986579895
4z0o__A1_Q504Y3--4z0o__A2_Q504Y3,9,2,1,3,0.1586243506791136,44.65625,False,0.2968865633010864
4z0o__A1_Q504Y3--4z0o__A2_Q504Y3,10,2,2,3,0.0531935962517889,33.46875,False,0.16324518620967865
4z0o__A1_Q504Y3--4z0o__A2_Q504Y3,11,2,0,3,0.1986452882834615,25.09375,False,0.14996668696403503
4z0o__A1_Q504Y3--4z0o__A2_Q504Y3,12,2,3,3,0.1704734415683091,23.4375,False,0.5043862462043762
4z0o__A1_Q504Y3--4z0o__A2_Q504Y3,13,1,1,3,0.2805345721857989,20.8125,True,0.11095605790615082
4z0o__A1_Q504Y3--4z0o__A2_Q504Y3,14,1,2,3,0.2956052749212216,20.640625,True,0.19775043427944183
4z0o__A1_Q504Y3--4z0o__A2_Q504Y3,15,1,3,3,0.2931911032896767,20.21875,True,0.0025772512890398502
4z0o__A1_Q504Y3--4z0o__A2_Q504Y3,16,1,0,3,0.2869674573952986,19.609375,True,0.06615971028804779
4z0o__A1_Q504Y3--4z0o__A2_Q504Y3,17,4,1,3,0.1720764187533147,17.234375,False,0.3641289174556732
4z0o__A1_Q504Y3--4z0o__A2_Q504Y3,18,4,3,3,0.077932664884439,12.9609375,False,0.1977471262216568
4z0o__A1_Q504Y3--4z0o__A2_Q504Y3,19,4,2,3,0.0845746950724544,12.9609375,False,0.13275408744812012
4z0o__A1_Q504Y3--4z0o__A2_Q504Y3,20,4,0,3,0.0694101139849573,12.9140625,False,0.2173471748828888
4z86__A1_Q9KQ21--4z86__B1_Q9KQ21,1,4,2,2,0.0312716917741907,69.875,False,0.00030094440444372594
4z86__A1_Q9KQ21--4z86__B1_Q9KQ21,2,4,1,2,0.0309933600159616,69.4375,False,0.00033879157854244113
4z86__A1_Q9KQ21--4z86__B1_Q9KQ21,3,5,2,2,0.0422124591898677,64.875,False,0.006046060472726822
4z86__A1_Q9KQ21--4z86__B1_Q9KQ21,4,5,1,2,0.0425439122965855,62.03125,False,0.1268599033355713
4z86__A1_Q9KQ21--4z86__B1_Q9KQ21,5,5,3,2,0.0273131004702737,60.53125,False,0.03683510050177574
4z86__A1_Q9KQ21--4z86__B1_Q9KQ21,6,5,0,2,0.0275327878018314,57.75,False,0.10051838308572769
4z86__A1_Q9KQ21--4z86__B1_Q9KQ21,7,3,3,2,0.0191348721581225,56.5625,False,0.14475224912166595
4z86__A1_Q9KQ21--4z86__B1_Q9KQ21,8,4,0,2,0.1026007360483965,52.5,False,0.1398446410894394
4z86__A1_Q9KQ21--4z86__B1_Q9KQ21,9,4,3,2,0.1275412297274889,34.65625,False,0.0622209757566452
4z86__A1_Q9KQ21--4z86__B1_Q9KQ21,10,2,2,2,0.1050413909762959,31.03125,False,0.31571415066719055
4z86__A1_Q9KQ21--4z86__B1_Q9KQ21,11,2,3,2,0.1164582742379508,27.0,False,0.32949361205101013
4z86__A1_Q9KQ21--4z86__B1_Q9KQ21,12,2,0,2,0.1051134875135573,25.65625,False,0.2435220181941986
4z86__A1_Q9KQ21--4z86__B1_Q9KQ21,13,2,1,2,0.1048178065513827,25.546875,False,0.26843488216400146
4z86__A1_Q9KQ21--4z86__B1_Q9KQ21,14,3,0,2,0.1598342941901312,23.09375,False,0.0243532694876194
4z86__A1_Q9KQ21--4z86__B1_Q9KQ21,15,3,1,2,0.2202078467686231,22.65625,False,0.17442840337753296
4z86__A1_Q9KQ21--4z86__B1_Q9KQ21,16,3,2,2,0.0942181184853763,21.78125,False,0.16038043797016144
4z86__A1_Q9KQ21--4z86__B1_Q9KQ21,17,1,0,2,0.0809239385257786,20.5625,False,0.33978334069252014
4z86__A1_Q9KQ21--4z86__B1_Q9KQ21,18,1,3,2,0.096814658940211,19.484375,False,0.3284097909927368
4z86__A1_Q9KQ21--4z86__B1_Q9KQ21,19,1,2,2,0.0829137086016994,19.484375,False,0.4048980176448822
4z86__A1_Q9KQ21--4z86__B1_Q9KQ21,20,1,1,2,0.0733838260451896,19.0,False,0.3524002134799957
4zb3__A1_Q9SU14--4zb3__A2_Q9SU14,1,3,0,3,0.2185476910433966,85.625,False,0.826770007610321
4zb3__A1_Q9SU14--4zb3__A2_Q9SU14,2,1,3,3,0.2236165919066911,82.9375,False,0.8567339777946472
4zb3__A1_Q9SU14--4zb3__A2_Q9SU14,3,4,2,3,0.2139322679916458,80.5,False,0.8790848255157471
4zb3__A1_Q9SU14--4zb3__A2_Q9SU14,4,1,2,3,0.2263107110330468,79.5625,False,0.8751782178878784
4zb3__A1_Q9SU14--4zb3__A2_Q9SU14,5,3,3,3,0.231210367063182,79.3125,True,0.8882643580436707
4zb3__A1_Q9SU14--4zb3__A2_Q9SU14,6,4,1,3,0.2157645307560065,78.8125,False,0.8862811923027039
4zb3__A1_Q9SU14--4zb3__A2_Q9SU14,7,5,0,3,0.2260096665973076,78.6875,False,0.8160134553909302
4zb3__A1_Q9SU14--4zb3__A2_Q9SU14,8,2,0,3,0.221113752710822,78.0625,False,0.8086538314819336
4zb3__A1_Q9SU14--4zb3__A2_Q9SU14,9,1,1,3,0.2220439357898609,77.9375,False,0.8737262487411499
4zb3__A1_Q9SU14--4zb3__A2_Q9SU14,10,2,3,3,0.2202097100969127,77.875,False,0.8249942064285278
4zb3__A1_Q9SU14--4zb3__A2_Q9SU14,11,4,3,3,0.2190286200767325,77.4375,False,0.8370258808135986
4zb3__A1_Q9SU14--4zb3__A2_Q9SU14,12,4,0,3,0.2194626183426129,76.9375,False,0.8605935573577881
4zb3__A1_Q9SU14--4zb3__A2_Q9SU14,13,5,3,3,0.22213333299745,76.75,False,0.8291257619857788
4zb3__A1_Q9SU14--4zb3__A2_Q9SU14,14,1,0,3,0.2207897951089436,76.5625,False,0.8530490398406982
4zb3__A1_Q9SU14--4zb3__A2_Q9SU14,15,5,2,3,0.2305108586635924,76.125,True,0.8291071057319641
4zb3__A1_Q9SU14--4zb3__A2_Q9SU14,16,5,1,3,0.2212731010001336,74.9375,False,0.8387472629547119
4zb3__A1_Q9SU14--4zb3__A2_Q9SU14,17,2,2,3,0.2196787315685041,73.5625,False,0.8325878977775574
4zb3__A1_Q9SU14--4zb3__A2_Q9SU14,18,3,2,3,0.2236592227143602,73.3125,False,0.875203013420105
4zb3__A1_Q9SU14--4zb3__A2_Q9SU14,19,2,1,3,0.2227644497492884,73.0,False,0.7926329970359802
4zb3__A1_Q9SU14--4zb3__A2_Q9SU14,20,3,1,3,0.2187315389128605,71.1875,False,0.8752800822257996
4zir__A1_Q9WY65--4zir__B1_Q9X1Z1,1,4,0,0,0.5461757584785515,83.625,True,0.9260173439979553
4zir__A1_Q9WY65--4zir__B1_Q9X1Z1,2,4,2,0,0.631137069020621,82.3125,True,0.9726583361625671
4zir__A1_Q9WY65--4zir__B1_Q9X1Z1,3,4,3,0,0.5930576261811451,82.25,True,0.9322815537452698
4zir__A1_Q9WY65--4zir__B1_Q9X1Z1,4,4,1,0,0.6249751362870657,81.9375,True,0.959047794342041
4zir__A1_Q9WY65--4zir__B1_Q9X1Z1,5,1,2,0,0.491860333982102,81.6875,True,0.9299096465110779
4zir__A1_Q9WY65--4zir__B1_Q9X1Z1,6,5,0,0,0.5032582191764295,81.0625,True,0.9615588784217834
4zir__A1_Q9WY65--4zir__B1_Q9X1Z1,7,5,2,0,0.5650464823723312,80.75,True,0.9731972217559814
4zir__A1_Q9WY65--4zir__B1_Q9X1Z1,8,1,0,0,0.4586443466778983,80.625,True,0.872859001159668
4zir__A1_Q9WY65--4zir__B1_Q9X1Z1,9,3,2,0,0.6272922864304107,80.625,True,0.9428150057792664
4zir__A1_Q9WY65--4zir__B1_Q9X1Z1,10,3,3,0,0.6619669664501103,80.4375,True,0.9499738216400146
4zir__A1_Q9WY65--4zir__B1_Q9X1Z1,11,1,3,0,0.4826437578547592,80.3125,True,0.9559175968170166
4zir__A1_Q9WY65--4zir__B1_Q9X1Z1,12,5,1,0,0.5699797549657186,80.25,True,0.9776856303215027
4zir__A1_Q9WY65--4zir__B1_Q9X1Z1,13,2,2,0,0.448774562656606,80.1875,True,0.8876152038574219
4zir__A1_Q9WY65--4zir__B1_Q9X1Z1,14,3,0,0,0.6279435961131842,80.1875,True,0.9535431265830994
4zir__A1_Q9WY65--4zir__B1_Q9X1Z1,15,3,1,0,0.602699945302872,80.0,True,0.9645665884017944
4zir__A1_Q9WY65--4zir__B1_Q9X1Z1,16,5,3,0,0.5161544090133475,79.9375,True,0.9799915552139282
4zir__A1_Q9WY65--4zir__B1_Q9X1Z1,17,1,1,0,0.5014315288419328,79.75,True,0.9435288906097412
4zir__A1_Q9WY65--4zir__B1_Q9X1Z1,18,2,1,0,0.429204131661391,79.6875,True,0.9449865818023682
4zir__A1_Q9WY65--4zir__B1_Q9X1Z1,19,2,0,0,0.4392810818758026,78.4375,True,0.7597751021385193
4zir__A1_Q9WY65--4zir__B1_Q9X1Z1,20,2,3,0,0.443271729499974,76.875,True,0.8786343932151794
4zkc__A1_Q2F862--4zkc__B1_P80098,1,4,2,4,0.7127118453476354,89.375,True,0.999695897102356
4zkc__A1_Q2F862--4zkc__B1_P80098,2,4,3,4,0.7111957518086077,88.3125,True,0.9941997528076172
4zkc__A1_Q2F862--4zkc__B1_P80098,3,5,2,4,0.6915016438295133,87.0,True,0.48880407214164734
4zkc__A1_Q2F862--4zkc__B1_P80098,4,1,2,4,0.6970237317772755,86.8125,True,0.8874971270561218
4zkc__A1_Q2F862--4zkc__B1_P80098,5,1,1,4,0.704102772706217,86.25,True,0.774264395236969
4zkc__A1_Q2F862--4zkc__B1_P80098,6,2,3,4,0.7148456684736652,86.125,True,0.8468871116638184
4zkc__A1_Q2F862--4zkc__B1_P80098,7,2,2,4,0.6733064260498516,86.125,True,0.6425455212593079
4zkc__A1_Q2F862--4zkc__B1_P80098,8,5,3,4,0.6998543568821015,85.1875,True,0.5577909350395203
4zkc__A1_Q2F862--4zkc__B1_P80098,9,4,1,4,0.7067151269335974,84.9375,True,0.9860101938247681
4zkc__A1_Q2F862--4zkc__B1_P80098,10,5,1,4,0.7013194369911221,84.6875,True,0.3926032781600952
4zkc__A1_Q2F862--4zkc__B1_P80098,11,2,1,4,0.7067943426717077,82.375,True,0.31162944436073303
4zkc__A1_Q2F862--4zkc__B1_P80098,12,2,0,4,0.7021281687280793,81.0,True,0.705524206161499
4zkc__A1_Q2F862--4zkc__B1_P80098,13,4,0,4,0.7134797869341812,80.5,True,0.8555465340614319
4zkc__A1_Q2F862--4zkc__B1_P80098,14,3,2,4,0.7053141048584463,75.0625,True,0.8810182213783264
4zkc__A1_Q2F862--4zkc__B1_P80098,15,5,0,4,0.6732709582898114,74.25,True,0.3509690463542938
4zkc__A1_Q2F862--4zkc__B1_P80098,16,3,3,4,0.6919770817072735,73.375,True,0.7238296270370483
4zkc__A1_Q2F862--4zkc__B1_P80098,17,3,1,4,0.6884861896879569,70.8125,True,0.9932824373245239
4zkc__A1_Q2F862--4zkc__B1_P80098,18,3,0,4,0.6966410524139518,70.0,True,0.9592320322990417
4zkc__A1_Q2F862--4zkc__B1_P80098,19,1,0,4,0.2676255914144728,29.3125,True,0.15857164561748505
4zkc__A1_Q2F862--4zkc__B1_P80098,20,1,3,4,0.435183712797321,28.0625,True,0.2271673083305359
5an6__B1_Q9X2D0--5an6__C1_Q9X2D0,1,5,0,4,0.5931615385726493,57.46875,True,0.0364500992000103
5an6__B1_Q9X2D0--5an6__C1_Q9X2D0,2,5,2,4,0.7909296341906792,56.65625,True,0.05159730464220047
5an6__B1_Q9X2D0--5an6__C1_Q9X2D0,3,1,1,4,0.795817001759833,48.59375,True,0.12040248513221741
5an6__B1_Q9X2D0--5an6__C1_Q9X2D0,4,1,0,4,0.4690070198848222,47.96875,True,0.07296924293041229
5an6__B1_Q9X2D0--5an6__C1_Q9X2D0,5,1,2,4,0.763297239071628,47.75,True,0.47150543332099915
5an6__B1_Q9X2D0--5an6__C1_Q9X2D0,6,1,3,4,0.4217915876318807,43.40625,True,0.12809361517429352
5an6__B1_Q9X2D0--5an6__C1_Q9X2D0,7,5,1,4,0.7934329611689112,42.71875,True,0.07156211137771606
5an6__B1_Q9X2D0--5an6__C1_Q9X2D0,8,2,1,4,0.7494307280142084,34.6875,True,0.2689996659755707
5an6__B1_Q9X2D0--5an6__C1_Q9X2D0,9,3,0,4,0.4070277158874801,32.6875,True,0.0012975191930308938
5an6__B1_Q9X2D0--5an6__C1_Q9X2D0,10,2,3,4,0.7619402923056421,32.59375,True,0.29108139872550964
5an6__B1_Q9X2D0--5an6__C1_Q9X2D0,11,3,2,4,0.3259504455369233,30.0625,True,0.0033536828123033047
5an6__B1_Q9X2D0--5an6__C1_Q9X2D0,12,2,2,4,0.750752164724252,29.84375,True,0.3216492533683777
5an6__B1_Q9X2D0--5an6__C1_Q9X2D0,13,3,3,4,0.3400961527291207,29.75,True,0.0032437273766845465
5an6__B1_Q9X2D0--5an6__C1_Q9X2D0,14,2,0,4,0.7513178089768626,29.671875,True,0.30884385108947754
5an6__B1_Q9X2D0--5an6__C1_Q9X2D0,15,4,2,4,0.7567949535120991,28.90625,True,0.11411862075328827
5an6__B1_Q9X2D0--5an6__C1_Q9X2D0,16,4,1,4,0.7690587258558623,28.59375,True,0.09273482859134674
5an6__B1_Q9X2D0--5an6__C1_Q9X2D0,17,4,0,4,0.7517183994670994,28.03125,True,0.06631579995155334
5an6__B1_Q9X2D0--5an6__C1_Q9X2D0,18,3,1,4,0.3375412367170724,28.0,True,0.0020684071350842714
5an6__B1_Q9X2D0--5an6__C1_Q9X2D0,19,4,3,4,0.7508403691691904,26.15625,True,0.10292832553386688
5an6__B1_Q9X2D0--5an6__C1_Q9X2D0,20,5,3,4,0.0546835092390132,15.9453125,False,0.03890445828437805
5axg__B1_B0KBZ7--5axg__A1_B0KBZ7,1,4,2,3,0.3650160340654904,66.4375,True,4.300783871258318e-07
5axg__B1_B0KBZ7--5axg__A1_B0KBZ7,2,4,3,3,0.3856001665602487,55.3125,True,1.328149892287911e-07
5axg__B1_B0KBZ7--5axg__A1_B0KBZ7,3,1,1,3,0.555275618408809,55.21875,True,0.0001195534277940169
5axg__B1_B0KBZ7--5axg__A1_B0KBZ7,4,4,0,3,0.4437282279706487,43.71875,True,6.014226006101353e-09
5axg__B1_B0KBZ7--5axg__A1_B0KBZ7,5,4,1,3,0.4868434171326171,43.5,True,1.596869858566663e-09
5axg__B1_B0KBZ7--5axg__A1_B0KBZ7,6,1,3,3,0.4780674338263169,42.0,True,3.0886883450875757e-07
5axg__B1_B0KBZ7--5axg__A1_B0KBZ7,7,2,1,3,0.4504984286625892,41.125,True,0.11621951311826706
5axg__B1_B0KBZ7--5axg__A1_B0KBZ7,8,2,0,3,0.52733027863006,37.15625,True,4.8362569060600435e-08
5axg__B1_B0KBZ7--5axg__A1_B0KBZ7,9,2,3,3,0.6434430217924509,35.75,True,0.00015927475760690868
5axg__B1_B0KBZ7--5axg__A1_B0KBZ7,10,2,2,3,0.5135541694578446,34.375,True,9.06096011021873e-06
5axg__B1_B0KBZ7--5axg__A1_B0KBZ7,11,3,0,3,0.0537317233289848,31.40625,False,0.003948734607547522
5axg__B1_B0KBZ7--5axg__A1_B0KBZ7,12,3,1,3,0.0627728100319619,31.25,False,0.03044908493757248
5axg__B1_B0KBZ7--5axg__A1_B0KBZ7,13,5,1,3,0.0156956044931026,31.03125,False,0.036034394055604935
5axg__B1_B0KBZ7--5axg__A1_B0KBZ7,14,3,2,3,0.0336952702022575,30.609375,False,0.0628633126616478
5axg__B1_B0KBZ7--5axg__A1_B0KBZ7,15,3,3,3,0.0436869610121779,30.390625,False,0.1075310930609703
5axg__B1_B0KBZ7--5axg__A1_B0KBZ7,16,5,3,3,0.1048141725597442,30.046875,False,0.055178627371788025
5axg__B1_B0KBZ7--5axg__A1_B0KBZ7,17,1,2,3,0.4028340378113824,29.875,True,0.22760222852230072
5axg__B1_B0KBZ7--5axg__A1_B0KBZ7,18,5,0,3,0.1251145968635989,29.625,False,0.09062068164348602
5axg__B1_B0KBZ7--5axg__A1_B0KBZ7,19,5,2,3,0.1541377812252752,28.90625,False,0.13549405336380005
5axg__B1_B0KBZ7--5axg__A1_B0KBZ7,20,1,0,3,0.0252170331007782,25.765625,False,0.03911391273140907
5ayr__A1_P13051--5ayr__B1_Q936H5,1,4,2,2,0.8650913526352401,92.3125,True,0.9048791527748108
5ayr__A1_P13051--5ayr__B1_Q936H5,2,4,1,2,0.8522638153666976,92.25,True,0.9057777523994446
5ayr__A1_P13051--5ayr__B1_Q936H5,3,4,0,2,0.8451732470633379,92.1875,True,0.9123331904411316
5ayr__A1_P13051--5ayr__B1_Q936H5,4,4,3,2,0.8552682315043404,92.1875,True,0.9035192728042603
5ayr__A1_P13051--5ayr__B1_Q936H5,5,3,1,2,0.8197189784420248,92.0625,True,0.9101077914237976
5ayr__A1_P13051--5ayr__B1_Q936H5,6,1,0,2,0.8661124693215488,91.9375,True,0.886372983455658
5ayr__A1_P13051--5ayr__B1_Q936H5,7,1,2,2,0.8671886194259756,91.9375,True,0.9213966727256775
5ayr__A1_P13051--5ayr__B1_Q936H5,8,2,0,2,0.858650143173966,91.875,True,0.8883852362632751
5ayr__A1_P13051--5ayr__B1_Q936H5,9,3,0,2,0.8357197496619887,91.875,True,0.969180703163147
5ayr__A1_P13051--5ayr__B1_Q936H5,10,5,0,2,0.8392712493060478,91.8125,True,0.919760525226593
5ayr__A1_P13051--5ayr__B1_Q936H5,11,1,1,2,0.8538484162702765,91.75,True,0.8756982088088989
5ayr__A1_P13051--5ayr__B1_Q936H5,12,1,3,2,0.8702639942236093,91.75,True,0.9079368114471436
5ayr__A1_P13051--5ayr__B1_Q936H5,13,3,2,2,0.8587622523949462,91.625,True,0.9172472953796387
5ayr__A1_P13051--5ayr__B1_Q936H5,14,2,1,2,0.8610356501714529,91.625,True,0.9021175503730774
5ayr__A1_P13051--5ayr__B1_Q936H5,15,5,1,2,0.8487940031671521,91.5625,True,0.9075287580490112
5ayr__A1_P13051--5ayr__B1_Q936H5,16,3,3,2,0.8500908283987898,91.5,True,0.9037800431251526
5ayr__A1_P13051--5ayr__B1_Q936H5,17,5,2,2,0.8359775637195191,91.25,True,0.9321272969245911
5ayr__A1_P13051--5ayr__B1_Q936H5,18,5,3,2,0.8487791294128918,91.25,True,0.9098116159439087
5ayr__A1_P13051--5ayr__B1_Q936H5,19,2,2,2,0.8626175687858652,89.5625,True,0.9623721241950989
5ayr__A1_P13051--5ayr__B1_Q936H5,20,2,3,2,0.8259676489582383,89.1875,True,0.9347324967384338
5b1q__A1_Q9WT50--5b1q__B1_Q9WT50,1,4,3,3,0.3160732550193847,82.1875,True,0.14021413028240204
5b1q__A1_Q9WT50--5b1q__B1_Q9WT50,2,1,2,3,0.3028806864051724,81.8125,True,0.9004559516906738
5b1q__A1_Q9WT50--5b1q__B1_Q9WT50,3,1,0,3,0.2297801045452311,76.9375,False,0.9480217099189758
5b1q__A1_Q9WT50--5b1q__B1_Q9WT50,4,4,0,3,0.2078352739265102,74.5,False,0.7004642486572266
5b1q__A1_Q9WT50--5b1q__B1_Q9WT50,5,1,1,3,0.2463680112394624,74.0,True,0.9762433171272278
5b1q__A1_Q9WT50--5b1q__B1_Q9WT50,6,1,3,3,0.2175295858758591,73.75,False,0.9568555355072021
5b1q__A1_Q9WT50--5b1q__B1_Q9WT50,7,4,2,3,0.2139193842712135,73.75,False,0.15041333436965942
5b1q__A1_Q9WT50--5b1q__B1_Q9WT50,8,5,2,3,0.1962223360413744,73.375,False,0.6992158889770508
5b1q__A1_Q9WT50--5b1q__B1_Q9WT50,9,5,0,3,0.2097109305403547,73.1875,False,0.303841769695282
5b1q__A1_Q9WT50--5b1q__B1_Q9WT50,10,5,3,3,0.2030050916542185,72.875,False,0.6550542712211609
5b1q__A1_Q9WT50--5b1q__B1_Q9WT50,11,5,1,3,0.1963818717097747,72.8125,False,0.15646086633205414
5b1q__A1_Q9WT50--5b1q__B1_Q9WT50,12,3,2,3,0.1971240287559056,72.6875,False,0.731440544128418
5b1q__A1_Q9WT50--5b1q__B1_Q9WT50,13,2,0,3,0.2276015673380794,72.4375,False,0.9236523509025574
5b1q__A1_Q9WT50--5b1q__B1_Q9WT50,14,2,2,3,0.1722459844546977,72.25,False,0.5223584771156311
5b1q__A1_Q9WT50--5b1q__B1_Q9WT50,15,4,1,3,0.1878859264925415,72.125,False,0.38115671277046204
5b1q__A1_Q9WT50--5b1q__B1_Q9WT50,16,2,3,3,0.2056885840205545,72.125,False,0.7117583751678467
5b1q__A1_Q9WT50--5b1q__B1_Q9WT50,17,2,1,3,0.2002432572337539,72.0,False,0.20689956843852997
5b1q__A1_Q9WT50--5b1q__B1_Q9WT50,18,3,3,3,0.1725052576880156,71.875,False,0.594787061214447
5b1q__A1_Q9WT50--5b1q__B1_Q9WT50,19,3,0,3,0.1751749245155821,71.4375,False,0.7951054573059082
5b1q__A1_Q9WT50--5b1q__B1_Q9WT50,20,3,1,3,0.1674541360111378,71.0,False,0.2324492484331131
5b2g__A1_O14493--5b2g__B1_P01558,1,4,1,2,0.0037185053908853,30.0625,False,0.01580648124217987
5b2g__A1_O14493--5b2g__B1_P01558,2,5,3,2,0.0027197334391889,29.328125,False,0.010899447835981846
5b2g__A1_O14493--5b2g__B1_P01558,3,5,2,2,0.0034156711044709,27.65625,False,0.011945943348109722
5b2g__A1_O14493--5b2g__B1_P01558,4,3,1,2,0.138017376185527,27.0,False,0.0072617605328559875
5b2g__A1_O14493--5b2g__B1_P01558,5,4,3,2,0.0033998783209907,26.8125,False,0.027485638856887817
5b2g__A1_O14493--5b2g__B1_P01558,6,1,0,2,0.0031347515697643,26.0,False,0.016574792563915253
5b2g__A1_O14493--5b2g__B1_P01558,7,4,0,2,0.0032890583347793,25.359375,False,0.01233219075948
5b2g__A1_O14493--5b2g__B1_P01558,8,2,0,2,0.0033373275952848,24.8125,False,0.022365417331457138
5b2g__A1_O14493--5b2g__B1_P01558,9,1,3,2,0.0030172620883618,24.484375,False,0.0166223905980587
5b2g__A1_O14493--5b2g__B1_P01558,10,3,3,2,0.1014606834570193,23.890625,False,0.011227047070860863
5b2g__A1_O14493--5b2g__B1_P01558,11,2,2,2,0.0031606769820814,23.578125,False,0.02328408882021904
5b2g__A1_O14493--5b2g__B1_P01558,12,5,1,2,0.0046854834486904,23.390625,False,0.011161299422383308
5b2g__A1_O14493--5b2g__B1_P01558,13,5,0,2,0.0033154809261262,22.140625,False,0.020319730043411255
5b2g__A1_O14493--5b2g__B1_P01558,14,4,2,2,0.0033710953777249,21.84375,False,0.014111953787505627
5b2g__A1_O14493--5b2g__B1_P01558,15,3,0,2,0.0485211728645038,21.75,False,0.013575278222560883
5b2g__A1_O14493--5b2g__B1_P01558,16,1,1,2,0.0033615104638909,21.390625,False,0.010882626287639141
5b2g__A1_O14493--5b2g__B1_P01558,17,2,1,2,0.0032711411286783,20.96875,False,0.012030406855046749
5b2g__A1_O14493--5b2g__B1_P01558,18,3,2,2,0.0323978428816516,20.765625,False,0.00834640022367239
5b2g__A1_O14493--5b2g__B1_P01558,19,1,2,2,0.0045493846335835,20.0625,False,0.012192105874419212
5b2g__A1_O14493--5b2g__B1_P01558,20,2,3,2,0.0030567239125925,20.046875,False,0.015234144404530525
5b2h__A1_Q93HT5--5b2h__B1_Q93HT5,1,4,0,1,0.7214598625100038,85.8125,True,0.0015410161577165127
5b2h__A1_Q93HT5--5b2h__B1_Q93HT5,2,4,3,1,0.6811698835324327,74.5,True,0.29318365454673767
5b2h__A1_Q93HT5--5b2h__B1_Q93HT5,3,3,3,1,0.68333914985753,70.25,True,0.0013861714396625757
5b2h__A1_Q93HT5--5b2h__B1_Q93HT5,4,2,2,1,0.6730153878718536,65.4375,True,0.46287772059440613
5b2h__A1_Q93HT5--5b2h__B1_Q93HT5,5,2,1,1,0.0177859575232732,65.1875,False,0.6601776480674744
5b2h__A1_Q93HT5--5b2h__B1_Q93HT5,6,1,3,1,0.0176575378926399,63.78125,False,0.32120516896247864
5b2h__A1_Q93HT5--5b2h__B1_Q93HT5,7,5,3,1,0.0175099368529517,63.4375,False,0.6587293744087219
5b2h__A1_Q93HT5--5b2h__B1_Q93HT5,8,3,1,1,0.0178112416172468,59.9375,False,0.9998892545700073
5b2h__A1_Q93HT5--5b2h__B1_Q93HT5,9,3,0,1,0.0260175470576876,56.03125,False,0.6436780691146851
5b2h__A1_Q93HT5--5b2h__B1_Q93HT5,10,3,2,1,0.6479317197076165,55.9375,True,0.39108404517173767
5b2h__A1_Q93HT5--5b2h__B1_Q93HT5,11,2,0,1,0.6788273240546158,55.25,True,0.9998506307601929
5b2h__A1_Q93HT5--5b2h__B1_Q93HT5,12,5,1,1,0.6050970062389937,54.625,True,0.9745180010795593
5b2h__A1_Q93HT5--5b2h__B1_Q93HT5,13,5,2,1,0.5960049704532907,52.6875,True,0.5206555128097534
5b2h__A1_Q93HT5--5b2h__B1_Q93HT5,14,1,1,1,0.0178908191117166,52.4375,False,0.07027260959148407
5b2h__A1_Q93HT5--5b2h__B1_Q93HT5,15,2,3,1,0.0180559242185644,48.9375,False,0.9999213218688965
5b2h__A1_Q93HT5--5b2h__B1_Q93HT5,16,1,0,1,0.0179804036123156,44.09375,False,0.10336440056562424
5b2h__A1_Q93HT5--5b2h__B1_Q93HT5,17,5,0,1,0.0178318581784524,26.859375,False,0.4301961362361908
5b2h__A1_Q93HT5--5b2h__B1_Q93HT5,18,4,2,1,0.5810077566610735,26.578125,True,0.25399211049079895
5b2h__A1_Q93HT5--5b2h__B1_Q93HT5,19,4,1,1,0.0397523414268559,19.3125,False,0.10381938517093658
5b2h__A1_Q93HT5--5b2h__B1_Q93HT5,20,1,2,1,0.0312879920666797,19.15625,False,0.05819262936711311
5b5w__A1_Q8BPB0--5b5w__B1_O95835,1,4,1,2,0.909766172407827,88.25,True,0.8913679718971252
5b5w__A1_Q8BPB0--5b5w__B1_O95835,2,4,3,2,0.9184346404348036,87.3125,True,0.8851175904273987
5b5w__A1_Q8BPB0--5b5w__B1_O95835,3,4,0,2,0.9122154879701796,86.75,True,0.892881453037262
5b5w__A1_Q8BPB0--5b5w__B1_O95835,4,2,1,2,0.8907195299063888,86.75,True,0.8539863228797913
5b5w__A1_Q8BPB0--5b5w__B1_O95835,5,4,2,2,0.9003825295339798,86.75,True,0.9005727171897888
5b5w__A1_Q8BPB0--5b5w__B1_O95835,6,2,3,2,0.909328651001162,86.6875,True,0.868671715259552
5b5w__A1_Q8BPB0--5b5w__B1_O95835,7,2,2,2,0.8927677506661486,86.5625,True,0.8632470369338989
5b5w__A1_Q8BPB0--5b5w__B1_O95835,8,5,1,2,0.909783271034832,86.5,True,0.9042516946792603
5b5w__A1_Q8BPB0--5b5w__B1_O95835,9,2,0,2,0.9030726388837416,86.5,True,0.8775897026062012
5b5w__A1_Q8BPB0--5b5w__B1_O95835,10,5,3,2,0.9140340682398488,86.0,True,0.8467861413955688
5b5w__A1_Q8BPB0--5b5w__B1_O95835,11,5,2,2,0.889958001345548,84.75,True,0.9052422046661377
5b5w__A1_Q8BPB0--5b5w__B1_O95835,12,5,0,2,0.8961620183483107,84.625,True,0.9062074422836304
5b5w__A1_Q8BPB0--5b5w__B1_O95835,13,3,1,2,0.879246453908265,84.25,True,0.8764111399650574
5b5w__A1_Q8BPB0--5b5w__B1_O95835,14,1,3,2,0.8999005046335976,84.0625,True,0.8856523036956787
5b5w__A1_Q8BPB0--5b5w__B1_O95835,15,3,3,2,0.8886040625341146,83.875,True,0.8862590193748474
5b5w__A1_Q8BPB0--5b5w__B1_O95835,16,1,1,2,0.8936569846763774,83.5625,True,0.8632245063781738
5b5w__A1_Q8BPB0--5b5w__B1_O95835,17,1,0,2,0.8885885148539785,82.625,True,0.8643472790718079
5b5w__A1_Q8BPB0--5b5w__B1_O95835,18,1,2,2,0.8832990702376824,82.25,True,0.8753357529640198
5b5w__A1_Q8BPB0--5b5w__B1_O95835,19,3,2,2,0.8744197026170846,81.625,True,0.8686057925224304
5b5w__A1_Q8BPB0--5b5w__B1_O95835,20,3,0,2,0.8839400845164666,81.0625,True,0.8612725138664246
5bqb__A1_Q00604--5bqb__B1_Q00604,1,1,0,1,0.7429590609475647,85.0,True,0.9784671068191528
5bqb__A1_Q00604--5bqb__B1_Q00604,2,2,2,1,0.7532153093745588,84.875,True,0.03906043618917465
5bqb__A1_Q00604--5bqb__B1_Q00604,3,4,0,1,0.808012695416297,81.1875,True,0.048784565180540085
5bqb__A1_Q00604--5bqb__B1_Q00604,4,4,2,1,0.760650847198792,78.5625,True,0.28832361102104187
5bqb__A1_Q00604--5bqb__B1_Q00604,5,1,3,1,0.4995129550421434,57.53125,True,0.09547921270132065
5bqb__A1_Q00604--5bqb__B1_Q00604,6,5,0,1,0.0333013719469248,56.1875,False,0.07978010177612305
5bqb__A1_Q00604--5bqb__B1_Q00604,7,3,1,1,0.0280478455877077,36.0,False,0.15395259857177734
5bqb__A1_Q00604--5bqb__B1_Q00604,8,4,3,1,0.0311765838721053,33.9375,False,0.0848977267742157
5bqb__A1_Q00604--5bqb__B1_Q00604,9,4,1,1,0.0328567971288087,30.40625,False,0.046802256256341934
5bqb__A1_Q00604--5bqb__B1_Q00604,10,3,2,1,0.0198020288422014,19.71875,False,0.17855559289455414
5bqb__A1_Q00604--5bqb__B1_Q00604,11,3,0,1,0.0208661929044013,19.5,False,0.18585124611854553
5bqb__A1_Q00604--5bqb__B1_Q00604,12,1,1,1,0.0389741790880116,17.40625,False,0.055897895246744156
5bqb__A1_Q00604--5bqb__B1_Q00604,13,5,2,1,0.0281490606772429,16.453125,False,0.05006512627005577
5bqb__A1_Q00604--5bqb__B1_Q00604,14,3,3,1,0.0339502951224578,16.0625,False,0.06748384237289429
5bqb__A1_Q00604--5bqb__B1_Q00604,15,1,2,1,0.0484358077778886,15.7890625,False,0.061837732791900635
5bqb__A1_Q00604--5bqb__B1_Q00604,16,2,1,1,0.0320786722224553,15.1953125,False,0.08475062251091003
5bqb__A1_Q00604--5bqb__B1_Q00604,17,2,3,1,0.0158920867548804,14.765625,False,0.051318444311618805
5bqb__A1_Q00604--5bqb__B1_Q00604,18,5,3,1,0.0266355655760296,14.71875,False,0.043284617364406586
5bqb__A1_Q00604--5bqb__B1_Q00604,19,2,0,1,0.0150588774013322,14.390625,False,0.047471918165683746
5bqb__A1_Q00604--5bqb__B1_Q00604,20,5,1,1,0.017244427433929,14.390625,False,0.044588323682546616
5ch7__A1_G8QM55--5ch7__B1_G8QM54,1,3,1,4,0.7755982507294679,95.25,True,0.8154432773590088
5ch7__A1_G8QM55--5ch7__B1_G8QM54,2,5,2,4,0.7422345214139187,95.25,True,0.8114784359931946
5ch7__A1_G8QM55--5ch7__B1_G8QM54,3,3,2,4,0.752675461074733,95.25,True,0.8135432600975037
5ch7__A1_G8QM55--5ch7__B1_G8QM54,4,5,1,4,0.7541403155401083,95.1875,True,0.8066406846046448
5ch7__A1_G8QM55--5ch7__B1_G8QM54,5,3,0,4,0.7715239924430687,95.1875,True,0.7980405688285828
5ch7__A1_G8QM55--5ch7__B1_G8QM54,6,5,0,4,0.7449583815195274,95.1875,True,0.7995471358299255
5ch7__A1_G8QM55--5ch7__B1_G8QM54,7,3,3,4,0.7743495916810618,95.125,True,0.8188146352767944
5ch7__A1_G8QM55--5ch7__B1_G8QM54,8,4,2,4,0.7476784587686826,95.125,True,0.8090664148330688
5ch7__A1_G8QM55--5ch7__B1_G8QM54,9,4,0,4,0.7532183255982755,95.0625,True,0.8124019503593445
5ch7__A1_G8QM55--5ch7__B1_G8QM54,10,1,1,4,0.7917535766911294,95.0625,True,0.8762310147285461
5ch7__A1_G8QM55--5ch7__B1_G8QM54,11,1,0,4,0.7653403897443788,95.0625,True,0.8274229168891907
5ch7__A1_G8QM55--5ch7__B1_G8QM54,12,1,2,4,0.7908332228968099,95.0625,True,0.833940863609314
5ch7__A1_G8QM55--5ch7__B1_G8QM54,13,2,2,4,0.7536732519374792,95.0625,True,0.8064648509025574
5ch7__A1_G8QM55--5ch7__B1_G8QM54,14,4,1,4,0.7551391149320787,95.0,True,0.8255351781845093
5ch7__A1_G8QM55--5ch7__B1_G8QM54,15,5,3,4,0.7494802930529804,95.0,True,0.8021591901779175
5ch7__A1_G8QM55--5ch7__B1_G8QM54,16,4,3,4,0.7490186288647672,94.9375,True,0.8275251388549805
5ch7__A1_G8QM55--5ch7__B1_G8QM54,17,2,1,4,0.7776965984238684,94.875,True,0.8233539462089539
5ch7__A1_G8QM55--5ch7__B1_G8QM54,18,1,3,4,0.7529224282928869,94.875,True,0.9099081754684448
5ch7__A1_G8QM55--5ch7__B1_G8QM54,19,2,3,4,0.7523021953333262,94.8125,True,0.8252630829811096
5ch7__A1_G8QM55--5ch7__B1_G8QM54,20,2,0,4,0.7525938148986837,94.8125,True,0.8151951432228088
5cqs__A1_Q06706--5cqs__D1_Q06706,1,1,0,1,0.5220133867610101,82.1875,True,0.4836752414703369
5cqs__A1_Q06706--5cqs__D1_Q06706,2,1,2,1,0.5172406236194734,81.75,True,0.24507340788841248
5cqs__A1_Q06706--5cqs__D1_Q06706,3,1,3,1,0.5171728010508442,80.5625,True,0.25052136182785034
5cqs__A1_Q06706--5cqs__D1_Q06706,4,1,1,1,0.4039217051761148,58.625,True,0.21342898905277252
5cqs__A1_Q06706--5cqs__D1_Q06706,5,3,2,1,0.0064627863317554,47.9375,False,0.9999997615814209
5cqs__A1_Q06706--5cqs__D1_Q06706,6,3,3,1,0.005900367110296,46.53125,False,0.9999995231628418
5cqs__A1_Q06706--5cqs__D1_Q06706,7,3,1,1,0.0052811213455797,45.03125,False,0.9999927282333374
5cqs__A1_Q06706--5cqs__D1_Q06706,8,5,2,1,0.006012387733133,43.71875,False,0.01611376367509365
5cqs__A1_Q06706--5cqs__D1_Q06706,9,5,3,1,0.0069929174246525,43.34375,False,0.0032301731407642365
5cqs__A1_Q06706--5cqs__D1_Q06706,10,5,0,1,0.006982578157924,43.21875,False,0.999996542930603
5cqs__A1_Q06706--5cqs__D1_Q06706,11,4,1,1,0.0053796857716328,42.90625,False,0.9999990463256836
5cqs__A1_Q06706--5cqs__D1_Q06706,12,4,3,1,0.0052014005150355,42.25,False,0.9862276911735535
5cqs__A1_Q06706--5cqs__D1_Q06706,13,4,2,1,0.0062776369427824,41.75,False,0.9999995231628418
5cqs__A1_Q06706--5cqs__D1_Q06706,14,2,3,1,0.0057254050109456,41.71875,False,0.9884670972824097
5cqs__A1_Q06706--5cqs__D1_Q06706,15,2,2,1,0.0072819363036766,40.78125,False,0.9859667420387268
5cqs__A1_Q06706--5cqs__D1_Q06706,16,4,0,1,0.008939024055286,39.84375,False,0.9999996423721313
5cqs__A1_Q06706--5cqs__D1_Q06706,17,2,1,1,0.0049789658699349,39.5,False,0.9730163812637329
5cqs__A1_Q06706--5cqs__D1_Q06706,18,2,0,1,0.0049397927591538,39.25,False,0.9671356678009033
5cqs__A1_Q06706--5cqs__D1_Q06706,19,3,0,1,0.0523800650226928,18.703125,False,0.04292873293161392
5cqs__A1_Q06706--5cqs__D1_Q06706,20,5,1,1,0.0812357655212636,17.828125,False,0.058688051998615265
5cs3__A1_P14210--5cs3__B1_P14210,1,3,3,1,0.0076008261097401,68.1875,False,0.21648557484149933
5cs3__A1_P14210--5cs3__B1_P14210,2,3,1,1,0.0076376243443469,64.875,False,0.0812302976846695
5cs3__A1_P14210--5cs3__B1_P14210,3,5,1,1,0.0624607048049507,22.0625,False,0.05255408212542534
5cs3__A1_P14210--5cs3__B1_P14210,4,5,3,1,0.0624350136005783,21.421875,False,0.02125016413629055
5cs3__A1_P14210--5cs3__B1_P14210,5,5,0,1,0.062399215477926,20.390625,False,0.062219247221946716
5cs3__A1_P14210--5cs3__B1_P14210,6,1,2,1,0.0402850607322491,18.109375,False,0.05061433091759682
5cs3__A1_P14210--5cs3__B1_P14210,7,5,2,1,0.0577530799156258,17.828125,False,0.027445483952760696
5cs3__A1_P14210--5cs3__B1_P14210,8,1,3,1,0.0419856129237518,16.546875,False,0.13103750348091125
5cs3__A1_P14210--5cs3__B1_P14210,9,4,1,1,0.0115701838140909,16.21875,False,0.09885719418525696
5cs3__A1_P14210--5cs3__B1_P14210,10,4,2,1,0.0133642498413555,15.9921875,False,0.08960726112127304
5cs3__A1_P14210--5cs3__B1_P14210,11,4,0,1,0.0122994627167225,15.921875,False,0.058810874819755554
5cs3__A1_P14210--5cs3__B1_P14210,12,1,1,1,0.0456123806672554,15.8984375,False,0.09154018014669418
5cs3__A1_P14210--5cs3__B1_P14210,13,3,0,1,0.0558208435706976,15.4921875,False,0.1523861438035965
5cs3__A1_P14210--5cs3__B1_P14210,14,4,3,1,0.017332265853579,15.4453125,False,0.041487932205200195
5cs3__A1_P14210--5cs3__B1_P14210,15,2,2,1,0.0670950368260919,15.28125,False,0.11558876931667328
5cs3__A1_P14210--5cs3__B1_P14210,16,2,0,1,0.0947651404844086,15.2734375,False,0.21806055307388306
5cs3__A1_P14210--5cs3__B1_P14210,17,2,3,1,0.1433793486161638,15.2578125,False,0.27578967809677124
5cs3__A1_P14210--5cs3__B1_P14210,18,3,2,1,0.0730880559955273,14.984375,False,0.090094655752182
5cs3__A1_P14210--5cs3__B1_P14210,19,2,1,1,0.1260018868386007,14.96875,False,0.12368080765008926
5cs3__A1_P14210--5cs3__B1_P14210,20,1,0,1,0.0247248625078689,14.65625,False,0.0397278368473053
5cuz__A1_Q9H3L0--5cuz__A2_Q9H3L0,1,2,3,4,0.0604337803840459,57.5,False,0.048458147794008255
5cuz__A1_Q9H3L0--5cuz__A2_Q9H3L0,2,5,2,4,0.2659295114253693,40.71875,True,0.3196307122707367
5cuz__A1_Q9H3L0--5cuz__A2_Q9H3L0,3,5,0,4,0.3138222521554832,38.34375,True,0.3053151071071625
5cuz__A1_Q9H3L0--5cuz__A2_Q9H3L0,4,5,1,4,0.2756440692839171,35.8125,True,0.338389128446579
5cuz__A1_Q9H3L0--5cuz__A2_Q9H3L0,5,3,1,4,0.2433956107772689,35.25,True,0.012579220347106457
5cuz__A1_Q9H3L0--5cuz__A2_Q9H3L0,6,3,0,4,0.2419682229367863,34.125,True,0.005415129940956831
5cuz__A1_Q9H3L0--5cuz__A2_Q9H3L0,7,3,3,4,0.2022489383762469,33.78125,False,0.017965031787753105
5cuz__A1_Q9H3L0--5cuz__A2_Q9H3L0,8,3,2,4,0.1663580338371471,26.578125,False,0.0447017140686512
5cuz__A1_Q9H3L0--5cuz__A2_Q9H3L0,9,2,1,4,0.1727643390513132,25.140625,False,0.21294328570365906
5cuz__A1_Q9H3L0--5cuz__A2_Q9H3L0,10,2,0,4,0.0987940143930231,24.796875,False,0.046224962919950485
5cuz__A1_Q9H3L0--5cuz__A2_Q9H3L0,11,2,2,4,0.1014523751401877,24.484375,False,0.8568907976150513
5cuz__A1_Q9H3L0--5cuz__A2_Q9H3L0,12,4,2,4,0.127057408062006,24.421875,False,0.985752284526825
5cuz__A1_Q9H3L0--5cuz__A2_Q9H3L0,13,1,1,4,0.1662390398639613,24.265625,False,0.981031596660614
5cuz__A1_Q9H3L0--5cuz__A2_Q9H3L0,14,1,2,4,0.1663587343874088,24.03125,False,0.9078102707862854
5cuz__A1_Q9H3L0--5cuz__A2_Q9H3L0,15,4,3,4,0.1231807599101679,23.921875,False,0.980205774307251
5cuz__A1_Q9H3L0--5cuz__A2_Q9H3L0,16,4,1,4,0.1228210486779649,23.890625,False,0.9649431705474854
5cuz__A1_Q9H3L0--5cuz__A2_Q9H3L0,17,4,0,4,0.1174819311463602,23.828125,False,0.958894670009613
5cuz__A1_Q9H3L0--5cuz__A2_Q9H3L0,18,1,3,4,0.1547682635369807,23.171875,False,0.8713418245315552
5cuz__A1_Q9H3L0--5cuz__A2_Q9H3L0,19,1,0,4,0.1332710283248342,22.4375,False,0.5889160633087158
5cuz__A1_Q9H3L0--5cuz__A2_Q9H3L0,20,5,3,4,0.1897680513109783,21.0,False,0.0564836785197258
5d7q__A1_Q8IXJ6--5d7q__B1_Q8IXJ6,1,1,0,3,0.0573828616716857,52.5,False,0.0008509454783052206
5d7q__A1_Q8IXJ6--5d7q__B1_Q8IXJ6,2,5,1,3,0.0766358220819559,42.09375,False,0.986467182636261
5d7q__A1_Q8IXJ6--5d7q__B1_Q8IXJ6,3,5,3,3,0.0849725156908929,41.5,False,0.9746500253677368
5d7q__A1_Q8IXJ6--5d7q__B1_Q8IXJ6,4,5,2,3,0.0765809870534303,41.125,False,0.9974746108055115
5d7q__A1_Q8IXJ6--5d7q__B1_Q8IXJ6,5,5,0,3,0.1004713918027476,37.78125,False,0.9999680519104004
5d7q__A1_Q8IXJ6--5d7q__B1_Q8IXJ6,6,1,2,3,0.0650881589361216,37.5625,False,0.0032494335900992155
5d7q__A1_Q8IXJ6--5d7q__B1_Q8IXJ6,7,1,3,3,0.0513348686804201,33.8125,False,0.008211941458284855
5d7q__A1_Q8IXJ6--5d7q__B1_Q8IXJ6,8,3,2,3,0.0754864700647393,32.15625,False,0.9944235682487488
5d7q__A1_Q8IXJ6--5d7q__B1_Q8IXJ6,9,1,1,3,0.059601900451128,30.9375,False,0.015247353352606297
5d7q__A1_Q8IXJ6--5d7q__B1_Q8IXJ6,10,3,1,3,0.0833792830372622,30.203125,False,0.5901467800140381
5d7q__A1_Q8IXJ6--5d7q__B1_Q8IXJ6,11,3,0,3,0.0839243124668352,29.078125,False,0.36464783549308777
5d7q__A1_Q8IXJ6--5d7q__B1_Q8IXJ6,12,3,3,3,0.0917736534983001,28.5625,False,0.3615873456001282
5d7q__A1_Q8IXJ6--5d7q__B1_Q8IXJ6,13,4,3,3,0.0832919781139353,28.546875,False,0.9884908199310303
5d7q__A1_Q8IXJ6--5d7q__B1_Q8IXJ6,14,4,2,3,0.0844116356043426,27.90625,False,0.9477408528327942
5d7q__A1_Q8IXJ6--5d7q__B1_Q8IXJ6,15,4,0,3,0.0924820424821818,27.828125,False,0.6950209140777588
5d7q__A1_Q8IXJ6--5d7q__B1_Q8IXJ6,16,2,3,3,0.0177136505964969,27.75,False,0.07284212112426758
5d7q__A1_Q8IXJ6--5d7q__B1_Q8IXJ6,17,2,1,3,0.0170995284859098,26.90625,False,0.05747748911380768
5d7q__A1_Q8IXJ6--5d7q__B1_Q8IXJ6,18,2,0,3,0.0678732953834766,26.875,False,0.0396135151386261
5d7q__A1_Q8IXJ6--5d7q__B1_Q8IXJ6,19,2,2,3,0.0187877311012854,26.40625,False,0.05603537708520889
5d7q__A1_Q8IXJ6--5d7q__B1_Q8IXJ6,20,4,1,3,0.0973660131346937,25.6875,False,0.1082434430718422
5d8e__A1_Q9BQ15--5d8e__D1_Q9BQ15,1,1,3,1,0.0303829707882436,67.875,False,0.8360365629196167
5d8e__A1_Q9BQ15--5d8e__D1_Q9BQ15,2,1,0,1,0.0290749828636528,63.0,False,0.979778528213501
5d8e__A1_Q9BQ15--5d8e__D1_Q9BQ15,3,3,1,1,0.034721286341776,54.5,False,0.3020252287387848
5d8e__A1_Q9BQ15--5d8e__D1_Q9BQ15,4,5,2,1,0.0163951516961548,38.09375,False,0.018472174182534218
5d8e__A1_Q9BQ15--5d8e__D1_Q9BQ15,5,5,3,1,0.0163902116469049,34.4375,False,0.015205085277557373
5d8e__A1_Q9BQ15--5d8e__D1_Q9BQ15,6,5,1,1,0.0158562048926599,33.15625,False,0.015449338592588902
5d8e__A1_Q9BQ15--5d8e__D1_Q9BQ15,7,4,3,1,0.0192746567748174,29.53125,False,0.03960457444190979
5d8e__A1_Q9BQ15--5d8e__D1_Q9BQ15,8,3,0,1,0.0156458276267478,29.375,False,0.08108039200305939
5d8e__A1_Q9BQ15--5d8e__D1_Q9BQ15,9,2,3,1,0.0190010849480759,29.234375,False,0.03235507383942604
5d8e__A1_Q9BQ15--5d8e__D1_Q9BQ15,10,1,1,1,0.0155564787169722,29.015625,False,0.9427134990692139
5d8e__A1_Q9BQ15--5d8e__D1_Q9BQ15,11,2,1,1,0.016889107846396,28.78125,False,0.5894038081169128
5d8e__A1_Q9BQ15--5d8e__D1_Q9BQ15,12,2,2,1,0.0177400957080902,28.15625,False,0.29783838987350464
5d8e__A1_Q9BQ15--5d8e__D1_Q9BQ15,13,3,2,1,0.0147713840624469,27.640625,False,0.11310616135597229
5d8e__A1_Q9BQ15--5d8e__D1_Q9BQ15,14,2,0,1,0.0175407056202877,27.125,False,0.6746020913124084
5d8e__A1_Q9BQ15--5d8e__D1_Q9BQ15,15,5,0,1,0.0150651218827286,26.53125,False,0.1996205896139145
5d8e__A1_Q9BQ15--5d8e__D1_Q9BQ15,16,1,2,1,0.0151592524807528,24.59375,False,0.22011153399944305
5d8e__A1_Q9BQ15--5d8e__D1_Q9BQ15,17,4,2,1,0.0190270294201241,24.515625,False,0.23975025117397308
5d8e__A1_Q9BQ15--5d8e__D1_Q9BQ15,18,4,1,1,0.0185130511777828,24.484375,False,0.7965291142463684
5d8e__A1_Q9BQ15--5d8e__D1_Q9BQ15,19,4,0,1,0.0179111395258607,24.03125,False,0.9256519675254822
5d8e__A1_Q9BQ15--5d8e__D1_Q9BQ15,20,3,3,1,0.0145847744725429,22.328125,False,0.10477425903081894
5doi__A1_D2CVN7--5doi__E1_Q6JXI5,1,1,2,3,0.0667390543533049,13.8203125,False,0.05334746092557907
5doi__A1_D2CVN7--5doi__E1_Q6JXI5,2,5,2,3,0.0374447242896989,13.75,False,0.05631054565310478
5doi__A1_D2CVN7--5doi__E1_Q6JXI5,3,1,0,3,0.0426748306666362,13.359375,False,0.041603174060583115
5doi__A1_D2CVN7--5doi__E1_Q6JXI5,4,5,3,3,0.0369766594461998,12.6171875,False,0.03529219329357147
5doi__A1_D2CVN7--5doi__E1_Q6JXI5,5,3,1,3,0.0288327680500174,11.1328125,False,0.04148320108652115
5doi__A1_D2CVN7--5doi__E1_Q6JXI5,6,2,0,3,0.0296029983816612,10.3671875,False,0.041896458715200424
5doi__A1_D2CVN7--5doi__E1_Q6JXI5,7,2,1,3,0.0372993799891253,10.3515625,False,0.05219970643520355
5doi__A1_D2CVN7--5doi__E1_Q6JXI5,8,4,2,3,0.040773782687177,10.2890625,False,0.05742489919066429
5doi__A1_D2CVN7--5doi__E1_Q6JXI5,9,4,1,3,0.0223444618036396,10.21875,False,0.06116044521331787
5doi__A1_D2CVN7--5doi__E1_Q6JXI5,10,4,0,3,0.0232785847857593,9.9140625,False,0.03630705550312996
5doi__A1_D2CVN7--5doi__E1_Q6JXI5,11,3,3,3,0.028335139681668,9.890625,False,0.053433146327733994
5doi__A1_D2CVN7--5doi__E1_Q6JXI5,12,4,3,3,0.0435394924387197,9.8359375,False,0.034238412976264954
5doi__A1_D2CVN7--5doi__E1_Q6JXI5,13,5,1,3,0.0272892319630258,9.828125,False,0.06011651083827019
5doi__A1_D2CVN7--5doi__E1_Q6JXI5,14,2,2,3,0.0379241805717611,9.8203125,False,0.038452111184597015
5doi__A1_D2CVN7--5doi__E1_Q6JXI5,15,3,2,3,0.0253612635033728,9.5859375,False,0.03500630334019661
5doi__A1_D2CVN7--5doi__E1_Q6JXI5,16,5,0,3,0.0347244273793418,9.5546875,False,0.03855469450354576
5doi__A1_D2CVN7--5doi__E1_Q6JXI5,17,2,3,3,0.0375165052585923,9.546875,False,0.04959215968847275
5doi__A1_D2CVN7--5doi__E1_Q6JXI5,18,1,3,3,0.0404313718443333,9.4375,False,0.05133318901062012
5doi__A1_D2CVN7--5doi__E1_Q6JXI5,19,1,1,3,0.0455267067823757,9.4140625,False,0.038682300597429276
5doi__A1_D2CVN7--5doi__E1_Q6JXI5,20,3,0,3,0.0197642904788635,9.03125,False,0.035056158900260925
5e4b__A1_A0A1C9V3S9--5e4b__B1_A0A1C9V3S9,1,2,3,0,0.2765387323049999,72.625,True,0.0007730390061624348
5e4b__A1_A0A1C9V3S9--5e4b__B1_A0A1C9V3S9,2,1,3,0,0.2957176651809874,70.75,True,0.44407138228416443
5e4b__A1_A0A1C9V3S9--5e4b__B1_A0A1C9V3S9,3,1,1,0,0.2671703726445988,70.125,True,0.2947746217250824
5e4b__A1_A0A1C9V3S9--5e4b__B1_A0A1C9V3S9,4,4,3,0,0.278745433532323,68.25,True,0.14387044310569763
5e4b__A1_A0A1C9V3S9--5e4b__B1_A0A1C9V3S9,5,2,0,0,0.2593185862485298,65.5625,True,0.057405438274145126
5e4b__A1_A0A1C9V3S9--5e4b__B1_A0A1C9V3S9,6,4,0,0,0.025695354703666,63.96875,False,0.13386361300945282
5e4b__A1_A0A1C9V3S9--5e4b__B1_A0A1C9V3S9,7,2,2,0,0.0248857841692625,62.90625,False,0.09788750112056732
5e4b__A1_A0A1C9V3S9--5e4b__B1_A0A1C9V3S9,8,4,1,0,0.1624242041522137,57.5,False,0.002334427321329713
5e4b__A1_A0A1C9V3S9--5e4b__B1_A0A1C9V3S9,9,3,2,0,0.1977003591233163,54.4375,False,0.004763516131788492
5e4b__A1_A0A1C9V3S9--5e4b__B1_A0A1C9V3S9,10,1,2,0,0.0255804059733508,52.9375,False,0.1757814735174179
5e4b__A1_A0A1C9V3S9--5e4b__B1_A0A1C9V3S9,11,5,3,0,0.1428295205111255,52.4375,False,0.0002315616438863799
5e4b__A1_A0A1C9V3S9--5e4b__B1_A0A1C9V3S9,12,3,1,0,0.1928262409825316,46.53125,False,0.0015748671721667051
5e4b__A1_A0A1C9V3S9--5e4b__B1_A0A1C9V3S9,13,4,2,0,0.1700428051252079,45.9375,False,0.006061666179448366
5e4b__A1_A0A1C9V3S9--5e4b__B1_A0A1C9V3S9,14,3,3,0,0.2675030225459403,45.03125,True,0.004190573003143072
5e4b__A1_A0A1C9V3S9--5e4b__B1_A0A1C9V3S9,15,5,2,0,0.1341459605645641,44.75,False,0.0002848626463674009
5e4b__A1_A0A1C9V3S9--5e4b__B1_A0A1C9V3S9,16,5,0,0,0.1521762592447414,41.65625,False,0.0006426759646274149
5e4b__A1_A0A1C9V3S9--5e4b__B1_A0A1C9V3S9,17,3,0,0,0.1551886831500833,41.46875,False,0.002421845681965351
5e4b__A1_A0A1C9V3S9--5e4b__B1_A0A1C9V3S9,18,5,1,0,0.1667568403753546,39.25,False,0.00011214509140700102
5e4b__A1_A0A1C9V3S9--5e4b__B1_A0A1C9V3S9,19,1,0,0,0.1677083401703418,35.75,False,0.9841375350952148
5e4b__A1_A0A1C9V3S9--5e4b__B1_A0A1C9V3S9,20,2,1,0,0.027982611423046,30.265625,False,0.02561699040234089
5e9h__B1_Q4HYR2--5e9h__A1_Q4HYR2,1,5,0,1,0.8936659085533593,69.0625,True,0.9999514818191528
5e9h__B1_Q4HYR2--5e9h__A1_Q4HYR2,2,2,1,1,0.0060616400031019,68.375,False,0.015397773124277592
5e9h__B1_Q4HYR2--5e9h__A1_Q4HYR2,3,2,3,1,0.0060639094220203,68.1875,False,0.013741699978709221
5e9h__B1_Q4HYR2--5e9h__A1_Q4HYR2,4,2,2,1,0.0060614553497749,68.0625,False,0.010796681046485901
5e9h__B1_Q4HYR2--5e9h__A1_Q4HYR2,5,4,2,1,0.8932446778002273,67.5625,True,0.9999653100967407
5e9h__B1_Q4HYR2--5e9h__A1_Q4HYR2,6,5,2,1,0.8927700171719838,66.75,True,0.9999662637710571
5e9h__B1_Q4HYR2--5e9h__A1_Q4HYR2,7,5,1,1,0.8879298564271857,66.625,True,0.9999496936798096
5e9h__B1_Q4HYR2--5e9h__A1_Q4HYR2,8,4,0,1,0.8931869327523433,66.5625,True,0.9999707937240601
5e9h__B1_Q4HYR2--5e9h__A1_Q4HYR2,9,2,0,1,0.0060683911047677,66.1875,False,0.017845403403043747
5e9h__B1_Q4HYR2--5e9h__A1_Q4HYR2,10,4,1,1,0.8892788477687049,66.0625,True,0.9999687671661377
5e9h__B1_Q4HYR2--5e9h__A1_Q4HYR2,11,5,3,1,0.8903012152657307,65.3125,True,0.9999537467956543
5e9h__B1_Q4HYR2--5e9h__A1_Q4HYR2,12,1,3,1,0.855014934043799,60.84375,True,0.9999977350234985
5e9h__B1_Q4HYR2--5e9h__A1_Q4HYR2,13,4,3,1,0.884213749246241,60.5625,True,0.9999349117279053
5e9h__B1_Q4HYR2--5e9h__A1_Q4HYR2,14,1,0,1,0.0060239331676382,59.90625,False,0.9999995231628418
5e9h__B1_Q4HYR2--5e9h__A1_Q4HYR2,15,1,2,1,0.0060584908460483,56.46875,False,0.9988352656364441
5e9h__B1_Q4HYR2--5e9h__A1_Q4HYR2,16,3,3,1,0.006134290143619,54.65625,False,0.03228578343987465
5e9h__B1_Q4HYR2--5e9h__A1_Q4HYR2,17,1,1,1,0.0060443318129283,54.0625,False,0.9980948567390442
5e9h__B1_Q4HYR2--5e9h__A1_Q4HYR2,18,3,0,1,0.0060996150192378,53.3125,False,0.06212286278605461
5e9h__B1_Q4HYR2--5e9h__A1_Q4HYR2,19,3,2,1,0.0060921930313051,52.90625,False,0.09392271190881729
5e9h__B1_Q4HYR2--5e9h__A1_Q4HYR2,20,3,1,1,0.0061012202101263,51.875,False,0.051020875573158264
5eu0__A1_E6YJU0--5eu0__B1_E6YLF5,1,1,3,3,0.9128853845557424,95.8125,True,0.8937258124351501
5eu0__A1_E6YJU0--5eu0__B1_E6YLF5,2,1,2,3,0.9239890899793805,95.8125,True,0.8988040089607239
5eu0__A1_E6YJU0--5eu0__B1_E6YLF5,3,1,1,3,0.916945545626446,95.8125,True,0.907340407371521
5eu0__A1_E6YJU0--5eu0__B1_E6YLF5,4,1,0,3,0.9214964884390748,95.75,True,0.8839967250823975
5eu0__A1_E6YJU0--5eu0__B1_E6YLF5,5,2,3,3,0.9359397998374864,95.75,True,0.870527446269989
5eu0__A1_E6YJU0--5eu0__B1_E6YLF5,6,4,2,3,0.9392727091676696,95.75,True,0.8240785002708435
5eu0__A1_E6YJU0--5eu0__B1_E6YLF5,7,4,0,3,0.9323192848101092,95.75,True,0.8883918523788452
5eu0__A1_E6YJU0--5eu0__B1_E6YLF5,8,2,2,3,0.9370801037395754,95.75,True,0.870527446269989
5eu0__A1_E6YJU0--5eu0__B1_E6YLF5,9,3,1,3,0.9233259213498488,95.75,True,0.8910359740257263
5eu0__A1_E6YJU0--5eu0__B1_E6YLF5,10,2,1,3,0.9358115892423412,95.6875,True,0.870527446269989
5eu0__A1_E6YJU0--5eu0__B1_E6YLF5,11,2,0,3,0.934803112430397,95.6875,True,0.870527446269989
5eu0__A1_E6YJU0--5eu0__B1_E6YLF5,12,4,3,3,0.9238592137681476,95.6875,True,0.8939470648765564
5eu0__A1_E6YJU0--5eu0__B1_E6YLF5,13,3,0,3,0.9214766707484584,95.625,True,0.9257699251174927
5eu0__A1_E6YJU0--5eu0__B1_E6YLF5,14,5,3,3,0.922252737265328,95.625,True,0.8913699984550476
5eu0__A1_E6YJU0--5eu0__B1_E6YLF5,15,4,1,3,0.9211947500592536,95.625,True,0.8909255862236023
5eu0__A1_E6YJU0--5eu0__B1_E6YLF5,16,3,2,3,0.9255285483529954,95.625,True,0.9115740656852722
5eu0__A1_E6YJU0--5eu0__B1_E6YLF5,17,3,3,3,0.921134382487779,95.625,True,0.9206583499908447
5eu0__A1_E6YJU0--5eu0__B1_E6YLF5,18,5,1,3,0.9221358393557398,95.625,True,0.9149426817893982
5eu0__A1_E6YJU0--5eu0__B1_E6YLF5,19,5,0,3,0.9092987498498628,95.5625,True,0.9341431260108948
5eu0__A1_E6YJU0--5eu0__B1_E6YLF5,20,5,2,3,0.9132387808500508,95.5625,True,0.9192612171173096
5evk__A1_P52700--5evk__A2_P52700,1,4,3,1,0.0139310059860567,91.125,False,0.9996250867843628
5evk__A1_P52700--5evk__A2_P52700,2,4,2,1,0.0138474326409752,91.0625,False,0.9997294545173645
5evk__A1_P52700--5evk__A2_P52700,3,1,3,1,0.0135276602134217,86.4375,False,1.0
5evk__A1_P52700--5evk__A2_P52700,4,4,0,1,0.0133239237628186,83.3125,False,0.9998505115509033
5evk__A1_P52700--5evk__A2_P52700,5,2,3,1,0.8814112959324523,74.6875,True,0.7338408827781677
5evk__A1_P52700--5evk__A2_P52700,6,2,1,1,0.9338281917938988,72.1875,True,0.6338982582092285
5evk__A1_P52700--5evk__A2_P52700,7,5,1,1,0.9292816634474604,70.6875,True,0.041872307658195496
5evk__A1_P52700--5evk__A2_P52700,8,2,2,1,0.9440488626893284,69.6875,True,0.8147223591804504
5evk__A1_P52700--5evk__A2_P52700,9,3,2,1,0.0141417673829494,62.34375,False,1.0
5evk__A1_P52700--5evk__A2_P52700,10,1,1,1,0.0133221244637354,59.96875,False,1.0
5evk__A1_P52700--5evk__A2_P52700,11,3,1,1,0.0134474441596845,59.59375,False,1.0
5evk__A1_P52700--5evk__A2_P52700,12,4,1,1,0.0135874401456006,58.4375,False,0.9999768733978271
5evk__A1_P52700--5evk__A2_P52700,13,2,0,1,0.0137112193571911,57.8125,False,1.0
5evk__A1_P52700--5evk__A2_P52700,14,5,3,1,0.0134837293892818,56.59375,False,0.9999998807907104
5evk__A1_P52700--5evk__A2_P52700,15,3,3,1,0.8073345322855681,56.34375,True,0.0390043631196022
5evk__A1_P52700--5evk__A2_P52700,16,5,0,1,0.0133689477590959,56.3125,False,0.9999867677688599
5evk__A1_P52700--5evk__A2_P52700,17,1,0,1,0.8446856098790422,52.78125,True,0.0370442159473896
5evk__A1_P52700--5evk__A2_P52700,18,3,0,1,0.0138009804163857,52.46875,False,1.0
5evk__A1_P52700--5evk__A2_P52700,19,1,2,1,0.817052025463147,52.40625,True,0.0003208689158782363
5evk__A1_P52700--5evk__A2_P52700,20,5,2,1,0.013604977661028,51.625,False,0.9999997615814209
5f22__B1_P0C6X7--5f22__A1_P0C6U8,1,2,1,2,0.6417353144944675,89.1875,True,0.47966477274894714
5f22__B1_P0C6X7--5f22__A1_P0C6U8,2,5,1,2,0.7300328887944202,89.125,True,0.020649082958698273
5f22__B1_P0C6X7--5f22__A1_P0C6U8,3,2,2,2,0.6118653091874399,88.5,True,0.08574947714805603
5f22__B1_P0C6X7--5f22__A1_P0C6U8,4,3,3,2,0.7194202627290983,86.9375,True,3.9303773519350216e-05
5f22__B1_P0C6X7--5f22__A1_P0C6U8,5,3,1,2,0.7319767514918508,85.8125,True,2.6583091312204488e-05
5f22__B1_P0C6X7--5f22__A1_P0C6U8,6,1,1,2,0.6060095739820949,85.625,True,0.34182894229888916
5f22__B1_P0C6X7--5f22__A1_P0C6U8,7,5,0,2,0.3469898662756809,85.3125,True,0.000478230242151767
5f22__B1_P0C6X7--5f22__A1_P0C6U8,8,1,2,2,0.6375065264825327,84.625,True,0.5850435495376587
5f22__B1_P0C6X7--5f22__A1_P0C6U8,9,5,3,2,0.6149331312700594,84.625,True,0.0010208489838987589
5f22__B1_P0C6X7--5f22__A1_P0C6U8,10,2,3,2,0.5281588154884843,84.5,True,0.03526972606778145
5f22__B1_P0C6X7--5f22__A1_P0C6U8,11,5,2,2,0.3392724306622643,84.4375,True,0.03611906245350838
5f22__B1_P0C6X7--5f22__A1_P0C6U8,12,3,0,2,0.3458311760577761,82.375,True,0.6329302191734314
5f22__B1_P0C6X7--5f22__A1_P0C6U8,13,3,2,2,0.3300217575616825,82.25,True,0.3872095048427582
5f22__B1_P0C6X7--5f22__A1_P0C6U8,14,4,0,2,0.2961767397336898,82.0625,True,0.010861601680517197
5f22__B1_P0C6X7--5f22__A1_P0C6U8,15,4,3,2,0.2734209747082858,81.5625,True,0.021774856373667717
5f22__B1_P0C6X7--5f22__A1_P0C6U8,16,2,0,2,0.3021727131295514,80.375,True,0.05152568221092224
5f22__B1_P0C6X7--5f22__A1_P0C6U8,17,4,2,2,0.6472225545413305,80.1875,True,0.004729733802378178
5f22__B1_P0C6X7--5f22__A1_P0C6U8,18,1,0,2,0.4712081064986934,68.6875,True,0.8946099281311035
5f22__B1_P0C6X7--5f22__A1_P0C6U8,19,1,3,2,0.1223234194880721,23.421875,False,0.03606107085943222
5f22__B1_P0C6X7--5f22__A1_P0C6U8,20,4,1,2,0.0763914131935693,23.140625,False,0.01794956810772419
5f4e__A1_Q8IYV9--5f4e__B1_A6ND01,1,5,1,4,0.8318569018464479,85.5,True,0.9999614953994751
5f4e__A1_Q8IYV9--5f4e__B1_A6ND01,2,1,0,4,0.777351900625233,85.25,True,0.9994646906852722
5f4e__A1_Q8IYV9--5f4e__B1_A6ND01,3,5,0,4,0.8363738406102335,84.875,True,0.9999452829360962
5f4e__A1_Q8IYV9--5f4e__B1_A6ND01,4,5,3,4,0.8161515047235578,84.3125,True,0.9999713897705078
5f4e__A1_Q8IYV9--5f4e__B1_A6ND01,5,5,2,4,0.8172115058677435,84.1875,True,0.9999675750732422
5f4e__A1_Q8IYV9--5f4e__B1_A6ND01,6,1,1,4,0.760287484410925,84.125,True,0.999171257019043
5f4e__A1_Q8IYV9--5f4e__B1_A6ND01,7,3,2,4,0.725135079974446,83.875,True,0.9752715229988098
5f4e__A1_Q8IYV9--5f4e__B1_A6ND01,8,1,3,4,0.8075735262555123,83.625,True,0.9981512427330017
5f4e__A1_Q8IYV9--5f4e__B1_A6ND01,9,1,2,4,0.8173179777187669,83.125,True,0.9994673132896423
5f4e__A1_Q8IYV9--5f4e__B1_A6ND01,10,2,3,4,0.8026491278362066,83.0,True,0.9999978542327881
5f4e__A1_Q8IYV9--5f4e__B1_A6ND01,11,2,0,4,0.7328454790239816,82.8125,True,0.7313782572746277
5f4e__A1_Q8IYV9--5f4e__B1_A6ND01,12,3,1,4,0.5590917490269512,82.6875,True,0.743096649646759
5f4e__A1_Q8IYV9--5f4e__B1_A6ND01,13,3,3,4,0.5744521569565147,82.625,True,0.6712003350257874
5f4e__A1_Q8IYV9--5f4e__B1_A6ND01,14,2,2,4,0.7444650766654431,82.4375,True,0.9991658926010132
5f4e__A1_Q8IYV9--5f4e__B1_A6ND01,15,4,3,4,0.7736733817573711,81.75,True,0.9823523163795471
5f4e__A1_Q8IYV9--5f4e__B1_A6ND01,16,3,0,4,0.5811391722412127,81.625,True,0.7428762912750244
5f4e__A1_Q8IYV9--5f4e__B1_A6ND01,17,4,2,4,0.5880196388759708,81.3125,True,0.45310869812965393
5f4e__A1_Q8IYV9--5f4e__B1_A6ND01,18,2,1,4,0.597386380283559,81.125,True,0.7697643041610718
5f4e__A1_Q8IYV9--5f4e__B1_A6ND01,19,4,1,4,0.5915127429123351,80.5,True,0.4239893853664398
5f4e__A1_Q8IYV9--5f4e__B1_A6ND01,20,4,0,4,0.7258647413574617,78.9375,True,0.8977579474449158
5fbz__A1_A0A182DWC7--5fbz__B1_P01053,1,5,1,0,0.9236219675747288,93.5,True,0.8989247679710388
5fbz__A1_A0A182DWC7--5fbz__B1_P01053,2,1,2,0,0.9195731842691458,93.5,True,0.935516893863678
5fbz__A1_A0A182DWC7--5fbz__B1_P01053,3,1,3,0,0.9191531926448347,93.4375,True,0.9112404584884644
5fbz__A1_A0A182DWC7--5fbz__B1_P01053,4,5,2,0,0.9314325020413068,93.4375,True,0.9087873697280884
5fbz__A1_A0A182DWC7--5fbz__B1_P01053,5,5,3,0,0.9318347524548084,93.4375,True,0.8896387815475464
5fbz__A1_A0A182DWC7--5fbz__B1_P01053,6,4,3,0,0.901381723203118,93.375,True,0.940112292766571
5fbz__A1_A0A182DWC7--5fbz__B1_P01053,7,1,0,0,0.9189155520458702,93.375,True,0.9314987063407898
5fbz__A1_A0A182DWC7--5fbz__B1_P01053,8,3,3,0,0.9189887987929024,93.3125,True,0.9342515468597412
5fbz__A1_A0A182DWC7--5fbz__B1_P01053,9,5,0,0,0.9314351756446468,93.3125,True,0.8853137493133545
5fbz__A1_A0A182DWC7--5fbz__B1_P01053,10,4,0,0,0.9059569061375536,93.3125,True,0.9528734683990479
5fbz__A1_A0A182DWC7--5fbz__B1_P01053,11,3,0,0,0.9174020202153038,93.25,True,0.9288021922111511
5fbz__A1_A0A182DWC7--5fbz__B1_P01053,12,3,2,0,0.9164153008500878,93.125,True,0.9415175914764404
5fbz__A1_A0A182DWC7--5fbz__B1_P01053,13,4,1,0,0.9184262912822988,93.125,True,0.9375520348548889
5fbz__A1_A0A182DWC7--5fbz__B1_P01053,14,2,2,0,0.91217993357929,93.0625,True,0.8934588432312012
5fbz__A1_A0A182DWC7--5fbz__B1_P01053,15,3,1,0,0.9238317499749104,93.0,True,0.9282394051551819
5fbz__A1_A0A182DWC7--5fbz__B1_P01053,16,2,1,0,0.9059898524040664,93.0,True,0.9224854111671448
5fbz__A1_A0A182DWC7--5fbz__B1_P01053,17,2,0,0,0.9132625613948582,93.0,True,0.8907377123832703
5fbz__A1_A0A182DWC7--5fbz__B1_P01053,18,2,3,0,0.9103021052215547,92.9375,True,0.9355608224868774
5fbz__A1_A0A182DWC7--5fbz__B1_P01053,19,4,2,0,0.9222163092924692,92.875,True,0.9333144426345825
5fbz__A1_A0A182DWC7--5fbz__B1_P01053,20,1,1,0,0.9209574036525696,92.8125,True,0.9202428460121155
5fnw__A1_M1AKE5--5fnw__A2_M1AKE5,1,1,3,3,0.5319554001896277,82.25,True,0.04206528887152672
5fnw__A1_M1AKE5--5fnw__A2_M1AKE5,2,1,1,3,0.5309940671220251,81.5625,True,0.9167044758796692
5fnw__A1_M1AKE5--5fnw__A2_M1AKE5,3,1,0,3,0.5696257668519608,80.0625,True,0.8514552712440491
5fnw__A1_M1AKE5--5fnw__A2_M1AKE5,4,1,2,3,0.4688300880419267,58.65625,True,0.7771534323692322
5fnw__A1_M1AKE5--5fnw__A2_M1AKE5,5,2,3,3,0.6107100672142759,52.75,True,0.546281099319458
5fnw__A1_M1AKE5--5fnw__A2_M1AKE5,6,2,1,3,0.5966241253750406,51.25,True,0.47483354806900024
5fnw__A1_M1AKE5--5fnw__A2_M1AKE5,7,5,0,3,0.24936511851779,49.59375,True,0.1190161406993866
5fnw__A1_M1AKE5--5fnw__A2_M1AKE5,8,3,2,3,0.5256974137523182,48.96875,True,0.48360657691955566
5fnw__A1_M1AKE5--5fnw__A2_M1AKE5,9,2,0,3,0.6245317160426994,46.875,True,0.6036750078201294
5fnw__A1_M1AKE5--5fnw__A2_M1AKE5,10,3,0,3,0.1519571672095824,45.4375,False,0.17598971724510193
5fnw__A1_M1AKE5--5fnw__A2_M1AKE5,11,5,3,3,0.1771772188145896,43.875,False,0.06355626881122589
5fnw__A1_M1AKE5--5fnw__A2_M1AKE5,12,5,1,3,0.1978236622279311,43.53125,False,0.07442475855350494
5fnw__A1_M1AKE5--5fnw__A2_M1AKE5,13,5,2,3,0.1433759834293009,41.96875,False,0.05464338883757591
5fnw__A1_M1AKE5--5fnw__A2_M1AKE5,14,2,2,3,0.55246356525386,40.5,True,0.573794424533844
5fnw__A1_M1AKE5--5fnw__A2_M1AKE5,15,3,3,3,0.4190629151160538,39.96875,True,0.6636531949043274
5fnw__A1_M1AKE5--5fnw__A2_M1AKE5,16,3,1,3,0.247848990406427,39.71875,True,0.04816831648349762
5fnw__A1_M1AKE5--5fnw__A2_M1AKE5,17,4,2,3,0.359774732038186,36.0625,True,0.2959519326686859
5fnw__A1_M1AKE5--5fnw__A2_M1AKE5,18,4,1,3,0.4979209586994138,35.84375,True,0.6035203337669373
5fnw__A1_M1AKE5--5fnw__A2_M1AKE5,19,4,3,3,0.2484540232075421,31.859375,True,0.315143883228302
5fnw__A1_M1AKE5--5fnw__A2_M1AKE5,20,4,0,3,0.3272269705071466,31.0625,True,0.3524430990219116
5gko__A1_A0A0D8G707--5gko__B1_A0A0D8G707,1,4,3,1,0.1615519572581409,46.5,False,0.04543503373861313
5gko__A1_A0A0D8G707--5gko__B1_A0A0D8G707,2,4,1,1,0.1686214976639485,45.25,False,0.008063334040343761
5gko__A1_A0A0D8G707--5gko__B1_A0A0D8G707,3,4,2,1,0.156227883469059,44.84375,False,0.31521743535995483
5gko__A1_A0A0D8G707--5gko__B1_A0A0D8G707,4,4,0,1,0.160084979538895,44.65625,False,0.26514932513237
5gko__A1_A0A0D8G707--5gko__B1_A0A0D8G707,5,2,1,1,0.1398533725974229,44.25,False,0.40990743041038513
5gko__A1_A0A0D8G707--5gko__B1_A0A0D8G707,6,2,3,1,0.1392765947940016,43.5625,False,0.40103447437286377
5gko__A1_A0A0D8G707--5gko__B1_A0A0D8G707,7,2,2,1,0.1387142867893061,43.375,False,0.4342632293701172
5gko__A1_A0A0D8G707--5gko__B1_A0A0D8G707,8,2,0,1,0.1549163540490731,42.8125,False,0.5248135924339294
5gko__A1_A0A0D8G707--5gko__B1_A0A0D8G707,9,5,3,1,0.1406470413548677,38.84375,False,0.21651257574558258
5gko__A1_A0A0D8G707--5gko__B1_A0A0D8G707,10,5,0,1,0.154081517861937,38.46875,False,0.09325533360242844
5gko__A1_A0A0D8G707--5gko__B1_A0A0D8G707,11,5,2,1,0.1647268951471371,37.875,False,0.0029708107467740774
5gko__A1_A0A0D8G707--5gko__B1_A0A0D8G707,12,5,1,1,0.1563216030168023,37.6875,False,0.22339825332164764
5gko__A1_A0A0D8G707--5gko__B1_A0A0D8G707,13,3,0,1,0.1560606054119265,37.53125,False,0.474194198846817
5gko__A1_A0A0D8G707--5gko__B1_A0A0D8G707,14,3,2,1,0.1587921652181485,37.1875,False,0.6694345474243164
5gko__A1_A0A0D8G707--5gko__B1_A0A0D8G707,15,3,1,1,0.1414010730458405,36.625,False,0.30094656348228455
5gko__A1_A0A0D8G707--5gko__B1_A0A0D8G707,16,3,3,1,0.1577205442049725,36.5625,False,0.5169326066970825
5gko__A1_A0A0D8G707--5gko__B1_A0A0D8G707,17,1,1,1,0.1301080206771779,35.875,False,0.29889070987701416
5gko__A1_A0A0D8G707--5gko__B1_A0A0D8G707,18,1,3,1,0.1417942285260674,35.59375,False,0.5130427479743958
5gko__A1_A0A0D8G707--5gko__B1_A0A0D8G707,19,1,2,1,0.1336259146048266,35.34375,False,0.37185314297676086
5gko__A1_A0A0D8G707--5gko__B1_A0A0D8G707,20,1,0,1,0.1417611633246963,34.0625,False,0.1427008956670761
5gox__A1_Q92878--5gox__B1_Q92878,1,1,3,1,0.4871186558114979,68.8125,True,0.975590705871582
5gox__A1_Q92878--5gox__B1_Q92878,2,1,0,1,0.4674769571987253,68.6875,True,0.9898481965065002
5gox__A1_Q92878--5gox__B1_Q92878,3,1,2,1,0.4883752560930622,67.875,True,0.9808736443519592
5gox__A1_Q92878--5gox__B1_Q92878,4,1,1,1,0.4636166809917172,67.125,True,0.9533736705780029
5gox__A1_Q92878--5gox__B1_Q92878,5,3,0,1,0.5404876314854088,62.75,True,0.9902117848396301
5gox__A1_Q92878--5gox__B1_Q92878,6,4,1,1,0.5639730871763259,62.625,True,0.7496436238288879
5gox__A1_Q92878--5gox__B1_Q92878,7,5,2,1,0.1836078241059211,61.90625,False,0.009182333946228027
5gox__A1_Q92878--5gox__B1_Q92878,8,5,3,1,0.5386391589248235,61.65625,True,0.9981703758239746
5gox__A1_Q92878--5gox__B1_Q92878,9,5,0,1,0.1838340613638926,61.5625,False,0.3047538101673126
5gox__A1_Q92878--5gox__B1_Q92878,10,4,3,1,0.5587764970602564,60.84375,True,0.7418935298919678
5gox__A1_Q92878--5gox__B1_Q92878,11,2,2,1,0.1912965119305017,60.53125,False,0.4108600318431854
5gox__A1_Q92878--5gox__B1_Q92878,12,4,2,1,0.5597258332021354,60.46875,True,0.7639369368553162
5gox__A1_Q92878--5gox__B1_Q92878,13,2,3,1,0.1912339865618402,60.125,False,0.4108600318431854
5gox__A1_Q92878--5gox__B1_Q92878,14,2,0,1,0.1910653528118089,59.625,False,0.7632988095283508
5gox__A1_Q92878--5gox__B1_Q92878,15,4,0,1,0.5627686861578342,59.28125,True,0.6609302759170532
5gox__A1_Q92878--5gox__B1_Q92878,16,3,1,1,0.528058039330841,59.21875,True,0.9558882713317871
5gox__A1_Q92878--5gox__B1_Q92878,17,5,1,1,0.5350515640730422,58.375,True,0.9847559332847595
5gox__A1_Q92878--5gox__B1_Q92878,18,3,2,1,0.4954102446721141,54.59375,True,0.8512479662895203
5gox__A1_Q92878--5gox__B1_Q92878,19,3,3,1,0.4968320036378,54.5625,True,0.9797533750534058
5gox__A1_Q92878--5gox__B1_Q92878,20,2,1,1,0.5061614390708294,43.34375,True,0.9999387264251709
5gwv__B1_A0A010--5gwv__A1_A0A010,1,4,3,0,0.9597896479435922,93.125,True,0.9124979376792908
5gwv__B1_A0A010--5gwv__A1_A0A010,2,4,0,0,0.9611613736067248,93.125,True,0.9161126613616943
5gwv__B1_A0A010--5gwv__A1_A0A010,3,4,1,0,0.960622923584833,93.0625,True,0.9161126613616943
5gwv__B1_A0A010--5gwv__A1_A0A010,4,3,3,0,0.9390127984388608,93.0,True,0.877034068107605
5gwv__B1_A0A010--5gwv__A1_A0A010,5,4,2,0,0.9653592020160168,93.0,True,0.9099160432815552
5gwv__B1_A0A010--5gwv__A1_A0A010,6,3,1,0,0.9327901227616624,92.875,True,0.8919492363929749
5gwv__B1_A0A010--5gwv__A1_A0A010,7,3,0,0,0.9384310575503187,92.8125,True,0.8799614906311035
5gwv__B1_A0A010--5gwv__A1_A0A010,8,3,2,0,0.9450300619407528,92.6875,True,0.877464771270752
5gwv__B1_A0A010--5gwv__A1_A0A010,9,5,3,0,0.9653582926574568,92.625,True,0.8800790309906006
5gwv__B1_A0A010--5gwv__A1_A0A010,10,5,1,0,0.965140779981158,92.625,True,0.8800790309906006
5gwv__B1_A0A010--5gwv__A1_A0A010,11,2,1,0,0.9522413686484116,92.5625,True,0.8946089148521423
5gwv__B1_A0A010--5gwv__A1_A0A010,12,5,0,0,0.965954891595906,92.5625,True,0.8852719068527222
5gwv__B1_A0A010--5gwv__A1_A0A010,13,2,3,0,0.9514197875025684,92.5625,True,0.8839012384414673
5gwv__B1_A0A010--5gwv__A1_A0A010,14,5,2,0,0.9654640291500276,92.5,True,0.8800790309906006
5gwv__B1_A0A010--5gwv__A1_A0A010,15,2,0,0,0.9575218368208764,92.4375,True,0.881888210773468
5gwv__B1_A0A010--5gwv__A1_A0A010,16,2,2,0,0.968634092926138,92.25,True,0.8754984140396118
5gwv__B1_A0A010--5gwv__A1_A0A010,17,1,3,0,0.9594057887252776,92.1875,True,0.8874003291130066
5gwv__B1_A0A010--5gwv__A1_A0A010,18,1,0,0,0.9538454237478916,92.1875,True,0.8812944889068604
5gwv__B1_A0A010--5gwv__A1_A0A010,19,1,1,0,0.9541755103086146,92.125,True,0.8896701335906982
5gwv__B1_A0A010--5gwv__A1_A0A010,20,1,2,0,0.9592901766019444,92.0,True,0.8874003291130066
5h1p__A1_D2UG58--5h1p__B1_D2UG58,1,1,0,0,0.1842138037302702,87.0,False,0.9999998807907104
5h1p__A1_D2UG58--5h1p__B1_D2UG58,2,2,2,0,0.1849698465176333,86.625,False,0.9126593470573425
5h1p__A1_D2UG58--5h1p__B1_D2UG58,3,3,2,0,0.8294371080189701,86.4375,True,0.9999994039535522
5h1p__A1_D2UG58--5h1p__B1_D2UG58,4,2,0,0,0.1837919515446262,86.4375,False,0.8065683841705322
5h1p__A1_D2UG58--5h1p__B1_D2UG58,5,1,3,0,0.8275563996820122,86.375,True,0.7705360651016235
5h1p__A1_D2UG58--5h1p__B1_D2UG58,6,3,1,0,0.8260511850233234,86.0,True,0.9999991655349731
5h1p__A1_D2UG58--5h1p__B1_D2UG58,7,3,3,0,0.8212358334195983,85.9375,True,0.9999994039535522
5h1p__A1_D2UG58--5h1p__B1_D2UG58,8,2,1,0,0.1845380165050643,85.6875,False,0.8476925492286682
5h1p__A1_D2UG58--5h1p__B1_D2UG58,9,3,0,0,0.8327216344099361,85.625,True,0.9999990463256836
5h1p__A1_D2UG58--5h1p__B1_D2UG58,10,1,2,0,0.1849618789095375,85.5,False,0.9999998807907104
5h1p__A1_D2UG58--5h1p__B1_D2UG58,11,1,1,0,0.1847961731954616,85.375,False,0.9999998807907104
5h1p__A1_D2UG58--5h1p__B1_D2UG58,12,2,3,0,0.18469110380086,85.375,False,0.8290391564369202
5h1p__A1_D2UG58--5h1p__B1_D2UG58,13,5,2,0,0.8321997061185096,84.0625,True,0.9974967837333679
5h1p__A1_D2UG58--5h1p__B1_D2UG58,14,4,2,0,0.8245681079109167,83.375,True,0.9999996423721313
5h1p__A1_D2UG58--5h1p__B1_D2UG58,15,5,1,0,0.8309606428616919,82.8125,True,0.9974967837333679
5h1p__A1_D2UG58--5h1p__B1_D2UG58,16,4,1,0,0.8210387629076842,82.625,True,0.9999960660934448
5h1p__A1_D2UG58--5h1p__B1_D2UG58,17,5,3,0,0.8259249436315281,82.625,True,0.9973475933074951
5h1p__A1_D2UG58--5h1p__B1_D2UG58,18,4,0,0,0.8318801180068883,82.25,True,0.9999892711639404
5h1p__A1_D2UG58--5h1p__B1_D2UG58,19,4,3,0,0.8191836100368036,81.6875,True,0.9999963045120239
5h1p__A1_D2UG58--5h1p__B1_D2UG58,20,5,0,0,0.18850315002277,76.9375,False,0.9697160124778748
5hpg__A1_P00747--5hpg__B1_P00747,1,1,2,4,0.0165734166484943,54.40625,False,0.06231473386287689
5hpg__A1_P00747--5hpg__B1_P00747,2,1,3,4,0.0164679804237407,54.09375,False,0.06231473386287689
5hpg__A1_P00747--5hpg__B1_P00747,3,1,0,4,0.0169723516170879,45.5,False,0.06231473386287689
5hpg__A1_P00747--5hpg__B1_P00747,4,1,1,4,0.0172341027739509,43.5625,False,0.06231473386287689
5hpg__A1_P00747--5hpg__B1_P00747,5,3,0,4,0.0262628635330438,26.90625,False,0.024483172222971916
5hpg__A1_P00747--5hpg__B1_P00747,6,5,2,4,0.0211367969054056,19.609375,False,0.2141137421131134
5hpg__A1_P00747--5hpg__B1_P00747,7,2,1,4,0.0150647263306185,18.890625,False,0.1636178195476532
5hpg__A1_P00747--5hpg__B1_P00747,8,2,0,4,0.0151768828073309,17.8125,False,0.13537845015525818
5hpg__A1_P00747--5hpg__B1_P00747,9,4,0,4,0.028108151551404,17.8125,False,0.04450157284736633
5hpg__A1_P00747--5hpg__B1_P00747,10,5,1,4,0.0207432147327563,17.65625,False,0.24195802211761475
5hpg__A1_P00747--5hpg__B1_P00747,11,5,0,4,0.0210400987790708,17.640625,False,0.20541854202747345
5hpg__A1_P00747--5hpg__B1_P00747,12,2,2,4,0.0150961624490069,17.546875,False,0.03270535543560982
5hpg__A1_P00747--5hpg__B1_P00747,13,4,1,4,0.0277422221134817,17.21875,False,0.38312289118766785
5hpg__A1_P00747--5hpg__B1_P00747,14,4,3,4,0.02914712571239,16.90625,False,0.0332721471786499
5hpg__A1_P00747--5hpg__B1_P00747,15,2,3,4,0.0155191612551357,16.40625,False,0.03193505480885506
5hpg__A1_P00747--5hpg__B1_P00747,16,5,3,4,0.0356247900224019,16.390625,False,0.0532844252884388
5hpg__A1_P00747--5hpg__B1_P00747,17,4,2,4,0.0325498267773523,16.265625,False,0.017408953979611397
5hpg__A1_P00747--5hpg__B1_P00747,18,3,2,4,0.0525661343441919,15.015625,False,0.03157549351453781
5hpg__A1_P00747--5hpg__B1_P00747,19,3,3,4,0.7648371464333955,14.8359375,True,0.02508641593158245
5hpg__A1_P00747--5hpg__B1_P00747,20,3,1,4,0.0537201292722872,14.3359375,False,0.04370743781328201
5hrm__B1_A0A077JBW9--5hrm__A1_A0A077JBW9,1,5,3,2,0.1580328141794891,76.4375,False,0.0377909392118454
5hrm__B1_A0A077JBW9--5hrm__A1_A0A077JBW9,2,5,1,2,0.3392273574791702,53.6875,True,0.07411988079547882
5hrm__B1_A0A077JBW9--5hrm__A1_A0A077JBW9,3,5,0,2,0.3351431462223102,49.90625,True,0.12398287653923035
5hrm__B1_A0A077JBW9--5hrm__A1_A0A077JBW9,4,3,1,2,0.2001403926687454,48.96875,False,0.156788632273674
5hrm__B1_A0A077JBW9--5hrm__A1_A0A077JBW9,5,5,2,2,0.3758834626514342,45.71875,True,0.09679709374904633
5hrm__B1_A0A077JBW9--5hrm__A1_A0A077JBW9,6,1,1,2,0.0888261776522712,38.25,False,0.04809706658124924
5hrm__B1_A0A077JBW9--5hrm__A1_A0A077JBW9,7,1,2,2,0.4183987821991972,37.96875,True,0.10062342882156372
5hrm__B1_A0A077JBW9--5hrm__A1_A0A077JBW9,8,2,3,2,0.0528668243469322,37.78125,False,0.021677585318684578
5hrm__B1_A0A077JBW9--5hrm__A1_A0A077JBW9,9,3,2,2,0.1878016677769204,37.09375,False,0.1161995604634285
5hrm__B1_A0A077JBW9--5hrm__A1_A0A077JBW9,10,3,0,2,0.1233168074144412,37.0,False,0.1454642117023468
5hrm__B1_A0A077JBW9--5hrm__A1_A0A077JBW9,11,1,3,2,0.1483842495065321,35.21875,False,0.15070344507694244
5hrm__B1_A0A077JBW9--5hrm__A1_A0A077JBW9,12,2,2,2,0.206729503634036,35.21875,False,0.11583858728408813
5hrm__B1_A0A077JBW9--5hrm__A1_A0A077JBW9,13,4,3,2,0.0239566591994598,34.75,False,0.011741014197468758
5hrm__B1_A0A077JBW9--5hrm__A1_A0A077JBW9,14,2,1,2,0.1700196492563332,34.625,False,0.0896029993891716
5hrm__B1_A0A077JBW9--5hrm__A1_A0A077JBW9,15,3,3,2,0.0859698570702919,34.0625,False,0.02460743859410286
5hrm__B1_A0A077JBW9--5hrm__A1_A0A077JBW9,16,1,0,2,0.1699130966483228,33.90625,False,0.17516720294952393
5hrm__B1_A0A077JBW9--5hrm__A1_A0A077JBW9,17,4,1,2,0.0200684742454747,31.15625,False,0.023639244958758354
5hrm__B1_A0A077JBW9--5hrm__A1_A0A077JBW9,18,2,0,2,0.0907469532307186,30.84375,False,0.016044819727540016
5hrm__B1_A0A077JBW9--5hrm__A1_A0A077JBW9,19,4,0,2,0.0209823340964022,29.9375,False,0.02358664572238922
5hrm__B1_A0A077JBW9--5hrm__A1_A0A077JBW9,20,4,2,2,0.4546488206876564,29.046875,True,0.04821498319506645
5hy7__A1_G0S5A2--5hy7__B1_G0S133,1,5,1,4,0.8783261516136066,96.1875,True,0.8140519857406616
5hy7__A1_G0S5A2--5hy7__B1_G0S133,2,5,2,4,0.8768039838326579,96.1875,True,0.812454879283905
5hy7__A1_G0S5A2--5hy7__B1_G0S133,3,5,0,4,0.8763593398682251,96.125,True,0.8169960379600525
5hy7__A1_G0S5A2--5hy7__B1_G0S133,4,5,3,4,0.8816980146176676,96.125,True,0.808035671710968
5hy7__A1_G0S5A2--5hy7__B1_G0S133,5,4,2,4,0.8824600206730318,96.0625,True,0.8093240261077881
5hy7__A1_G0S5A2--5hy7__B1_G0S133,6,1,2,4,0.8790205706250669,96.0625,True,0.8217347860336304
5hy7__A1_G0S5A2--5hy7__B1_G0S133,7,4,0,4,0.8752583128497653,96.0625,True,0.8104346990585327
5hy7__A1_G0S5A2--5hy7__B1_G0S133,8,1,0,4,0.8773651276865803,96.0625,True,0.8244143128395081
5hy7__A1_G0S5A2--5hy7__B1_G0S133,9,3,2,4,0.882434439809462,96.0,True,0.8125385046005249
5hy7__A1_G0S5A2--5hy7__B1_G0S133,10,4,3,4,0.8817385547848685,96.0,True,0.8132061958312988
5hy7__A1_G0S5A2--5hy7__B1_G0S133,11,4,1,4,0.8827338222933836,96.0,True,0.8169751763343811
5hy7__A1_G0S5A2--5hy7__B1_G0S133,12,1,1,4,0.875331523355774,96.0,True,0.8289536237716675
5hy7__A1_G0S5A2--5hy7__B1_G0S133,13,3,0,4,0.8830251540464573,96.0,True,0.8117234110832214
5hy7__A1_G0S5A2--5hy7__B1_G0S133,14,1,3,4,0.8799087681026618,95.9375,True,0.8194442391395569
5hy7__A1_G0S5A2--5hy7__B1_G0S133,15,3,1,4,0.8748398181939527,95.9375,True,0.8166761994361877
5hy7__A1_G0S5A2--5hy7__B1_G0S133,16,2,3,4,0.8791659238707302,95.875,True,0.816554069519043
5hy7__A1_G0S5A2--5hy7__B1_G0S133,17,2,2,4,0.8771160654873089,95.875,True,0.816537618637085
5hy7__A1_G0S5A2--5hy7__B1_G0S133,18,2,1,4,0.8795852354632162,95.875,True,0.8205664157867432
5hy7__A1_G0S5A2--5hy7__B1_G0S133,19,3,3,4,0.8886503361159876,95.875,True,0.8153662085533142
5hy7__A1_G0S5A2--5hy7__B1_G0S133,20,2,0,4,0.8752646432121377,95.875,True,0.8189469575881958
5jkt__A1_P20536--5jkt__B1_P20995,1,2,3,3,0.9342856003333696,95.375,True,0.848387598991394
5jkt__A1_P20536--5jkt__B1_P20995,2,2,1,3,0.935940127998918,95.25,True,0.8754422068595886
5jkt__A1_P20536--5jkt__B1_P20995,3,1,3,3,0.9415021043799908,95.0625,True,0.8436048030853271
5jkt__A1_P20536--5jkt__B1_P20995,4,1,1,3,0.9313602206041216,94.8125,True,0.836395263671875
5jkt__A1_P20536--5jkt__B1_P20995,5,1,0,3,0.8834595437480397,94.0625,True,0.9752678275108337
5jkt__A1_P20536--5jkt__B1_P20995,6,2,2,3,0.8991753275770952,93.875,True,0.937838613986969
5jkt__A1_P20536--5jkt__B1_P20995,7,2,0,3,0.898368529638221,93.75,True,0.9074870347976685
5jkt__A1_P20536--5jkt__B1_P20995,8,1,2,3,0.8932948763367498,93.75,True,0.9616114497184753
5jkt__A1_P20536--5jkt__B1_P20995,9,4,3,3,0.8972116873733372,93.4375,True,0.9964949488639832
5jkt__A1_P20536--5jkt__B1_P20995,10,4,1,3,0.8971822032292015,93.375,True,0.9825412631034851
5jkt__A1_P20536--5jkt__B1_P20995,11,5,1,3,0.8865203260291136,93.3125,True,0.9754303097724915
5jkt__A1_P20536--5jkt__B1_P20995,12,3,3,3,0.8932256028982636,93.3125,True,0.9974150657653809
5jkt__A1_P20536--5jkt__B1_P20995,13,4,0,3,0.8886863573266961,93.25,True,0.9973721504211426
5jkt__A1_P20536--5jkt__B1_P20995,14,3,2,3,0.9001532386435107,93.1875,True,0.99396812915802
5jkt__A1_P20536--5jkt__B1_P20995,15,3,1,3,0.8993217730482753,93.1875,True,0.8631023168563843
5jkt__A1_P20536--5jkt__B1_P20995,16,4,2,3,0.8956706543383476,93.125,True,0.9819174408912659
5jkt__A1_P20536--5jkt__B1_P20995,17,5,2,3,0.8831877023409554,93.125,True,0.9977262616157532
5jkt__A1_P20536--5jkt__B1_P20995,18,5,3,3,0.8893492301322207,93.125,True,0.9970600008964539
5jkt__A1_P20536--5jkt__B1_P20995,19,5,0,3,0.8774354934443848,93.0625,True,0.9963723421096802
5jkt__A1_P20536--5jkt__B1_P20995,20,3,0,3,0.8992550726464247,92.9375,True,0.9809098839759827
5k7b__B1_A8MW95--5k7b__A1_A8MW95,1,4,0,4,0.1972049606886025,76.75,False,0.1496434062719345
5k7b__B1_A8MW95--5k7b__A1_A8MW95,2,5,2,4,0.5889228141840757,71.3125,True,0.9678373336791992
5k7b__B1_A8MW95--5k7b__A1_A8MW95,3,5,3,4,0.6176620410184622,70.1875,True,0.9494175314903259
5k7b__B1_A8MW95--5k7b__A1_A8MW95,4,1,2,4,0.6059355259625314,69.875,True,0.9809343218803406
5k7b__B1_A8MW95--5k7b__A1_A8MW95,5,1,1,4,0.6405415024294611,68.6875,True,0.9815572500228882
5k7b__B1_A8MW95--5k7b__A1_A8MW95,6,3,3,4,0.2209970511369187,68.375,False,0.1510489135980606
5k7b__B1_A8MW95--5k7b__A1_A8MW95,7,1,3,4,0.6269820819015041,68.0625,True,0.9790311455726624
5k7b__B1_A8MW95--5k7b__A1_A8MW95,8,1,0,4,0.5890470942447014,67.1875,True,0.9387921094894409
5k7b__B1_A8MW95--5k7b__A1_A8MW95,9,3,0,4,0.6604239316453807,67.0625,True,0.9641220569610596
5k7b__B1_A8MW95--5k7b__A1_A8MW95,10,4,1,4,0.3843633613705877,58.21875,True,0.0004996898351237178
5k7b__B1_A8MW95--5k7b__A1_A8MW95,11,3,1,4,0.1618181387767698,56.1875,False,0.07780569791793823
5k7b__B1_A8MW95--5k7b__A1_A8MW95,12,2,1,4,0.045010515039504,50.3125,False,0.03072238527238369
5k7b__B1_A8MW95--5k7b__A1_A8MW95,13,2,2,4,0.0634975965662258,48.6875,False,0.07600884884595871
5k7b__B1_A8MW95--5k7b__A1_A8MW95,14,2,3,4,0.0595253524061506,48.625,False,0.05770733579993248
5k7b__B1_A8MW95--5k7b__A1_A8MW95,15,5,0,4,0.1921337560290853,45.84375,False,0.03523420915007591
5k7b__B1_A8MW95--5k7b__A1_A8MW95,16,3,2,4,0.1658997885753402,34.59375,False,0.08403609693050385
5k7b__B1_A8MW95--5k7b__A1_A8MW95,17,4,3,4,0.4791755748603096,31.109375,True,0.00016972636512946337
5k7b__B1_A8MW95--5k7b__A1_A8MW95,18,4,2,4,0.4834069898186956,30.296875,True,0.0004887435934506357
5k7b__B1_A8MW95--5k7b__A1_A8MW95,19,2,0,4,0.0103587464012921,25.953125,False,0.026735488325357437
5k7b__B1_A8MW95--5k7b__A1_A8MW95,20,5,1,4,0.0414166486333542,13.140625,False,0.02434035763144493
5kou__B1_Q82446--5kou__A1_Q82446,1,2,0,3,0.6771205752185793,84.8125,True,0.5044671893119812
5kou__B1_Q82446--5kou__A1_Q82446,2,4,0,3,0.6452514617809628,83.25,True,5.7034281780943274e-05
5kou__B1_Q82446--5kou__A1_Q82446,3,4,2,3,0.7072078719152954,82.875,True,8.461221057132207e-09
5kou__B1_Q82446--5kou__A1_Q82446,4,3,1,3,0.6734848729767157,82.375,True,0.0006605853559449315
5kou__B1_Q82446--5kou__A1_Q82446,5,3,2,3,0.6349923336243212,79.25,True,0.011022861115634441
5kou__B1_Q82446--5kou__A1_Q82446,6,3,3,3,0.0566182939762365,78.9375,False,0.10160207003355026
5kou__B1_Q82446--5kou__A1_Q82446,7,2,3,3,0.5902342039216397,78.9375,True,0.2764047384262085
5kou__B1_Q82446--5kou__A1_Q82446,8,2,2,3,0.6641392717158691,77.5625,True,0.3745485544204712
5kou__B1_Q82446--5kou__A1_Q82446,9,5,3,3,0.6579971014029717,77.5,True,0.03202039375901222
5kou__B1_Q82446--5kou__A1_Q82446,10,1,2,3,0.5779946166090618,76.0,True,0.6794645190238953
5kou__B1_Q82446--5kou__A1_Q82446,11,1,0,3,0.5343029118725466,74.4375,True,0.3947378098964691
5kou__B1_Q82446--5kou__A1_Q82446,12,4,3,3,0.5697706216303366,67.5625,True,1.2231410437379964e-05
5kou__B1_Q82446--5kou__A1_Q82446,13,2,1,3,0.4322811541040692,66.0625,True,0.6799774169921875
5kou__B1_Q82446--5kou__A1_Q82446,14,5,2,3,0.0583005570771707,66.0625,False,0.12613986432552338
5kou__B1_Q82446--5kou__A1_Q82446,15,3,0,3,0.0540247295337568,63.90625,False,0.365931898355484
5kou__B1_Q82446--5kou__A1_Q82446,16,5,0,3,0.0463817330608497,63.53125,False,0.04614637792110443
5kou__B1_Q82446--5kou__A1_Q82446,17,5,1,3,0.0665689814705364,61.75,False,0.10713724792003632
5kou__B1_Q82446--5kou__A1_Q82446,18,1,1,3,0.2801547813829665,51.28125,True,0.3300460875034332
5kou__B1_Q82446--5kou__A1_Q82446,19,4,1,3,0.0372588465363606,43.375,False,0.04489750415086746
5kou__B1_Q82446--5kou__A1_Q82446,20,1,3,3,0.1158426843451837,41.28125,False,0.2513526976108551
5ky2__A1_Q91ZW2--5ky2__B1_P70375,1,3,3,1,0.8103285266783248,94.5625,True,0.9999986886978149
5ky2__A1_Q91ZW2--5ky2__B1_P70375,2,3,2,1,0.798465382458823,94.4375,True,0.9999432563781738
5ky2__A1_Q91ZW2--5ky2__B1_P70375,3,3,1,1,0.8034558838154506,94.375,True,0.9999997615814209
5ky2__A1_Q91ZW2--5ky2__B1_P70375,4,4,3,1,0.8081005276591432,94.375,True,0.06010084226727486
5ky2__A1_Q91ZW2--5ky2__B1_P70375,5,4,1,1,0.7912574987842863,94.375,True,0.9999959468841553
5ky2__A1_Q91ZW2--5ky2__B1_P70375,6,1,3,1,0.8281656421125222,94.3125,True,1.0
5ky2__A1_Q91ZW2--5ky2__B1_P70375,7,5,2,1,0.7985241000928133,94.3125,True,0.014405802823603153
5ky2__A1_Q91ZW2--5ky2__B1_P70375,8,5,3,1,0.8157380847402896,94.125,True,0.012454409152269363
5ky2__A1_Q91ZW2--5ky2__B1_P70375,9,1,2,1,0.823385352320174,94.0,True,1.0
5ky2__A1_Q91ZW2--5ky2__B1_P70375,10,3,0,1,0.8060106352611203,93.875,True,0.999997615814209
5ky2__A1_Q91ZW2--5ky2__B1_P70375,11,1,1,1,0.8351373800632986,93.8125,True,1.0
5ky2__A1_Q91ZW2--5ky2__B1_P70375,12,5,0,1,0.7921573209914263,92.75,True,0.0671514943242073
5ky2__A1_Q91ZW2--5ky2__B1_P70375,13,1,0,1,0.8243808242880695,92.5625,True,1.0
5ky2__A1_Q91ZW2--5ky2__B1_P70375,14,5,1,1,0.4737814512348363,63.5,True,0.38712671399116516
5ky2__A1_Q91ZW2--5ky2__B1_P70375,15,4,0,1,0.6143141813488037,53.09375,True,0.7290580868721008
5ky2__A1_Q91ZW2--5ky2__B1_P70375,16,4,2,1,0.3272196461025898,51.40625,True,0.1236695721745491
5ky2__A1_Q91ZW2--5ky2__B1_P70375,17,2,0,1,0.0934888282097221,51.25,False,0.06108247488737106
5ky2__A1_Q91ZW2--5ky2__B1_P70375,18,2,1,1,0.0826241863448871,51.0,False,0.05936211720108986
5ky2__A1_Q91ZW2--5ky2__B1_P70375,19,2,3,1,0.4683125463728257,50.9375,True,0.6781240701675415
5ky2__A1_Q91ZW2--5ky2__B1_P70375,20,2,2,1,0.1296762492224868,50.59375,False,0.061848849058151245
5kyy__B1_O94855--5kyy__A1_Q15436,1,5,1,3,0.6528351641941849,90.5625,True,0.9005457758903503
5kyy__B1_O94855--5kyy__A1_Q15436,2,5,3,3,0.6476071670308007,90.375,True,0.9005457758903503
5kyy__B1_O94855--5kyy__A1_Q15436,3,5,0,3,0.6486951923232629,90.3125,True,0.9005457758903503
5kyy__B1_O94855--5kyy__A1_Q15436,4,4,0,3,0.6621104232345097,90.1875,True,0.9185540080070496
5kyy__B1_O94855--5kyy__A1_Q15436,5,4,3,3,0.6564435145479225,90.125,True,0.9335616827011108
5kyy__B1_O94855--5kyy__A1_Q15436,6,4,1,3,0.6629806357240982,90.0,True,0.9227976202964783
5kyy__B1_O94855--5kyy__A1_Q15436,7,5,2,3,0.6524298922853128,90.0,True,0.9005457758903503
5kyy__B1_O94855--5kyy__A1_Q15436,8,4,2,3,0.6592635903765954,90.0,True,0.9439488053321838
5kyy__B1_O94855--5kyy__A1_Q15436,9,3,0,3,0.6599963770282958,89.5,True,0.8910976648330688
5kyy__B1_O94855--5kyy__A1_Q15436,10,3,3,3,0.6616581116603898,89.4375,True,0.8910976648330688
5kyy__B1_O94855--5kyy__A1_Q15436,11,3,2,3,0.6667976323539571,89.25,True,0.8910976648330688
5kyy__B1_O94855--5kyy__A1_Q15436,12,1,0,3,0.6381992405982327,89.25,True,0.7961612939834595
5kyy__B1_O94855--5kyy__A1_Q15436,13,3,1,3,0.6644540247993556,89.0625,True,0.8910976648330688
5kyy__B1_O94855--5kyy__A1_Q15436,14,2,1,3,0.6346428038018562,88.9375,True,0.8105648159980774
5kyy__B1_O94855--5kyy__A1_Q15436,15,1,3,3,0.6400965547905212,88.9375,True,0.825376033782959
5kyy__B1_O94855--5kyy__A1_Q15436,16,1,2,3,0.6471375876954331,88.875,True,0.8222952485084534
5kyy__B1_O94855--5kyy__A1_Q15436,17,2,0,3,0.6387192460344977,88.5625,True,0.7827873826026917
5kyy__B1_O94855--5kyy__A1_Q15436,18,1,1,3,0.6398335407676502,88.4375,True,0.7912000417709351
5kyy__B1_O94855--5kyy__A1_Q15436,19,2,3,3,0.6280269980401965,88.25,True,0.8105648159980774
5kyy__B1_O94855--5kyy__A1_Q15436,20,2,2,3,0.632482928774993,88.25,True,0.8105648159980774
5l0w__A1_G0SH41--5l0w__B1_G0S0B5,1,5,1,1,0.6679242603817254,84.75,True,0.8908092975616455
5l0w__A1_G0SH41--5l0w__B1_G0S0B5,2,1,3,1,0.5753388764877969,82.4375,True,0.8119491338729858
5l0w__A1_G0SH41--5l0w__B1_G0S0B5,3,5,3,1,0.6611343002985305,80.6875,True,0.9139093160629272
5l0w__A1_G0SH41--5l0w__B1_G0S0B5,4,1,1,1,0.5709958017385031,80.1875,True,0.7956645488739014
5l0w__A1_G0SH41--5l0w__B1_G0S0B5,5,5,2,1,0.6580776198121159,78.625,True,0.9095839262008667
5l0w__A1_G0SH41--5l0w__B1_G0S0B5,6,4,3,1,0.5947707795759772,78.5625,True,0.864889919757843
5l0w__A1_G0SH41--5l0w__B1_G0S0B5,7,4,0,1,0.6298340005815316,78.25,True,0.8701122999191284
5l0w__A1_G0SH41--5l0w__B1_G0S0B5,8,4,1,1,0.5927690254184034,78.0625,True,0.8722324371337891
5l0w__A1_G0SH41--5l0w__B1_G0S0B5,9,1,0,1,0.5845234402654679,77.5,True,0.7975456118583679
5l0w__A1_G0SH41--5l0w__B1_G0S0B5,10,1,2,1,0.5769795012489831,77.4375,True,0.8061108589172363
5l0w__A1_G0SH41--5l0w__B1_G0S0B5,11,4,2,1,0.5968649445110207,76.9375,True,0.8629409074783325
5l0w__A1_G0SH41--5l0w__B1_G0S0B5,12,2,3,1,0.6090474446491703,75.4375,True,0.8050514459609985
5l0w__A1_G0SH41--5l0w__B1_G0S0B5,13,2,2,1,0.6019212183213476,75.0625,True,0.8052921891212463
5l0w__A1_G0SH41--5l0w__B1_G0S0B5,14,3,0,1,0.6245868046061714,74.9375,True,0.8209814429283142
5l0w__A1_G0SH41--5l0w__B1_G0S0B5,15,2,0,1,0.6040978718520332,74.9375,True,0.7789783477783203
5l0w__A1_G0SH41--5l0w__B1_G0S0B5,16,5,0,1,0.5813640692815024,74.875,True,0.896892249584198
5l0w__A1_G0SH41--5l0w__B1_G0S0B5,17,2,1,1,0.6037521281477559,74.6875,True,0.802409291267395
5l0w__A1_G0SH41--5l0w__B1_G0S0B5,18,3,2,1,0.6177054716027036,74.5625,True,0.8513396382331848
5l0w__A1_G0SH41--5l0w__B1_G0S0B5,19,3,3,1,0.6240586178140334,74.1875,True,0.8604304194450378
5l0w__A1_G0SH41--5l0w__B1_G0S0B5,20,3,1,1,0.6211993704128879,72.875,True,0.8506649732589722
5l1m__A1_Q8WXE0--5l1m__A2_Q8WXE0,1,4,2,0,0.1701336070903564,46.09375,False,0.03816218674182892
5l1m__A1_Q8WXE0--5l1m__A2_Q8WXE0,2,1,3,0,0.2172306964643301,42.09375,False,0.03724604472517967
5l1m__A1_Q8WXE0--5l1m__A2_Q8WXE0,3,3,0,0,0.0500601286660316,26.75,False,0.1874971091747284
5l1m__A1_Q8WXE0--5l1m__A2_Q8WXE0,4,3,3,0,0.0453250380971624,25.984375,False,0.08127748221158981
5l1m__A1_Q8WXE0--5l1m__A2_Q8WXE0,5,3,1,0,0.0567099742450251,24.328125,False,0.11766289919614792
5l1m__A1_Q8WXE0--5l1m__A2_Q8WXE0,6,1,2,0,0.0127826604571194,24.078125,False,0.03604903072118759
5l1m__A1_Q8WXE0--5l1m__A2_Q8WXE0,7,3,2,0,0.0727528023743312,23.46875,False,0.05559089407324791
5l1m__A1_Q8WXE0--5l1m__A2_Q8WXE0,8,1,1,0,0.0126657897990931,21.421875,False,0.030627146363258362
5l1m__A1_Q8WXE0--5l1m__A2_Q8WXE0,9,5,2,0,0.0183891146309736,21.109375,False,0.08805607259273529
5l1m__A1_Q8WXE0--5l1m__A2_Q8WXE0,10,1,0,0,0.0119940784373831,20.359375,False,0.04052703455090523
5l1m__A1_Q8WXE0--5l1m__A2_Q8WXE0,11,5,3,0,0.0657960372274744,18.125,False,0.07718006521463394
5l1m__A1_Q8WXE0--5l1m__A2_Q8WXE0,12,4,0,0,0.0387511267418351,17.34375,False,0.1845477968454361
5l1m__A1_Q8WXE0--5l1m__A2_Q8WXE0,13,5,1,0,0.0601601432682436,17.28125,False,0.14223076403141022
5l1m__A1_Q8WXE0--5l1m__A2_Q8WXE0,14,4,1,0,0.0478668170209305,17.21875,False,0.15963295102119446
5l1m__A1_Q8WXE0--5l1m__A2_Q8WXE0,15,4,3,0,0.0449953384587317,16.453125,False,0.324209064245224
5l1m__A1_Q8WXE0--5l1m__A2_Q8WXE0,16,2,0,0,0.0447909551645393,16.40625,False,0.015260549262166023
5l1m__A1_Q8WXE0--5l1m__A2_Q8WXE0,17,2,3,0,0.0481660984041568,16.359375,False,0.01773487962782383
5l1m__A1_Q8WXE0--5l1m__A2_Q8WXE0,18,5,0,0,0.0566032874410662,16.3125,False,0.04292726144194603
5l1m__A1_Q8WXE0--5l1m__A2_Q8WXE0,19,2,1,0,0.0539583422919498,15.9453125,False,0.020168786868453026
5l1m__A1_Q8WXE0--5l1m__A2_Q8WXE0,20,2,2,0,0.0510268264731574,15.734375,False,0.012602239847183228
5lda__A1_Q8U1Y4--5lda__B1_Q8U1Z3,1,3,1,2,0.4552505226553542,72.5625,True,0.042873166501522064
5lda__A1_Q8U1Y4--5lda__B1_Q8U1Z3,2,5,2,2,0.436502941743613,72.25,True,0.949140727519989
5lda__A1_Q8U1Y4--5lda__B1_Q8U1Z3,3,3,3,2,0.4610889033865135,71.8125,True,0.8709027767181396
5lda__A1_Q8U1Y4--5lda__B1_Q8U1Z3,4,1,1,2,0.2927441602338049,62.34375,True,0.0003635245666373521
5lda__A1_Q8U1Y4--5lda__B1_Q8U1Z3,5,1,2,2,0.2931764930119181,61.9375,True,0.000231422163778916
5lda__A1_Q8U1Y4--5lda__B1_Q8U1Z3,6,1,0,2,0.2976298873197223,59.5625,True,0.00046679508523084223
5lda__A1_Q8U1Y4--5lda__B1_Q8U1Z3,7,1,3,2,0.2995853951161838,52.34375,True,0.000848037947434932
5lda__A1_Q8U1Y4--5lda__B1_Q8U1Z3,8,5,3,2,0.3292480611091676,40.15625,True,0.5729848146438599
5lda__A1_Q8U1Y4--5lda__B1_Q8U1Z3,9,3,2,2,0.3074832578840332,37.65625,True,0.012121671810746193
5lda__A1_Q8U1Y4--5lda__B1_Q8U1Z3,10,2,0,2,0.1421373826099568,33.1875,False,0.19559966027736664
5lda__A1_Q8U1Y4--5lda__B1_Q8U1Z3,11,5,1,2,0.3044642419344611,33.0,True,0.12961240112781525
5lda__A1_Q8U1Y4--5lda__B1_Q8U1Z3,12,4,2,2,0.2007653111278265,32.28125,False,0.022599617019295692
5lda__A1_Q8U1Y4--5lda__B1_Q8U1Z3,13,2,3,2,0.1468301439172111,31.96875,False,0.11296691000461578
5lda__A1_Q8U1Y4--5lda__B1_Q8U1Z3,14,3,0,2,0.2736485338667683,29.625,True,0.03565086051821709
5lda__A1_Q8U1Y4--5lda__B1_Q8U1Z3,15,5,0,2,0.2864796000445014,29.515625,True,0.05292648449540138
5lda__A1_Q8U1Y4--5lda__B1_Q8U1Z3,16,2,2,2,0.1313682958536947,27.46875,False,0.06315674632787704
5lda__A1_Q8U1Y4--5lda__B1_Q8U1Z3,17,2,1,2,0.0876419052562575,26.234375,False,0.03531251102685928
5lda__A1_Q8U1Y4--5lda__B1_Q8U1Z3,18,4,0,2,0.1333762749562706,23.453125,False,0.04357887804508209
5lda__A1_Q8U1Y4--5lda__B1_Q8U1Z3,19,4,1,2,0.081339025715108,20.90625,False,0.010057375766336918
5lda__A1_Q8U1Y4--5lda__B1_Q8U1Z3,20,4,3,2,0.0295654945701542,20.4375,False,0.01186803076416254
5lsb__A1_Q99181--5lsb__B1_Q02554,1,4,1,2,0.6927731367981192,91.25,True,0.8490381240844727
5lsb__A1_Q99181--5lsb__B1_Q02554,2,4,0,2,0.6923013647200048,91.125,True,0.8452298641204834
5lsb__A1_Q99181--5lsb__B1_Q02554,3,3,0,2,0.6902587010839096,90.5625,True,0.8525899648666382
5lsb__A1_Q99181--5lsb__B1_Q02554,4,4,3,2,0.6946097510194912,90.5625,True,0.8406216502189636
5lsb__A1_Q99181--5lsb__B1_Q02554,5,4,2,2,0.6870951354546112,90.375,True,0.8511319160461426
5lsb__A1_Q99181--5lsb__B1_Q02554,6,5,3,2,0.6956137752125627,90.1875,True,0.8415830731391907
5lsb__A1_Q99181--5lsb__B1_Q02554,7,1,0,2,0.6934859461295573,90.1875,True,0.8635388612747192
5lsb__A1_Q99181--5lsb__B1_Q02554,8,1,2,2,0.6914883000684737,90.125,True,0.8635388612747192
5lsb__A1_Q99181--5lsb__B1_Q02554,9,3,2,2,0.7010990518854242,90.0625,True,0.8468968272209167
5lsb__A1_Q99181--5lsb__B1_Q02554,10,5,0,2,0.6933468834347117,90.0625,True,0.8406216502189636
5lsb__A1_Q99181--5lsb__B1_Q02554,11,3,3,2,0.6939800823497572,90.0,True,0.8482970595359802
5lsb__A1_Q99181--5lsb__B1_Q02554,12,1,3,2,0.6909346357927526,89.8125,True,0.8514479398727417
5lsb__A1_Q99181--5lsb__B1_Q02554,13,2,0,2,0.6944919311097948,89.8125,True,0.8566017150878906
5lsb__A1_Q99181--5lsb__B1_Q02554,14,1,1,2,0.6944469274205565,89.75,True,0.8635388612747192
5lsb__A1_Q99181--5lsb__B1_Q02554,15,5,2,2,0.6938502148346878,89.625,True,0.8406216502189636
5lsb__A1_Q99181--5lsb__B1_Q02554,16,3,1,2,0.6958759133814184,89.5625,True,0.8525899648666382
5lsb__A1_Q99181--5lsb__B1_Q02554,17,5,1,2,0.6946625091472938,89.5625,True,0.8406216502189636
5lsb__A1_Q99181--5lsb__B1_Q02554,18,2,1,2,0.6934874205087059,89.4375,True,0.8601478934288025
5lsb__A1_Q99181--5lsb__B1_Q02554,19,2,3,2,0.6920524023596569,89.1875,True,0.8601478934288025
5lsb__A1_Q99181--5lsb__B1_Q02554,20,2,2,2,0.6926135213771557,89.0625,True,0.8601478934288025
5ltu__B1_Q9NZJ9--5ltu__A1_Q9NZJ9,1,1,1,3,0.0109808237333227,20.015625,False,0.6700300574302673
5ltu__B1_Q9NZJ9--5ltu__A1_Q9NZJ9,2,1,0,3,0.0119010428089789,19.1875,False,0.5220882296562195
5ltu__B1_Q9NZJ9--5ltu__A1_Q9NZJ9,3,1,3,3,0.0111303036537941,18.921875,False,0.8189951777458191
5ltu__B1_Q9NZJ9--5ltu__A1_Q9NZJ9,4,1,2,3,0.011460857563814,18.796875,False,0.806669294834137
5ltu__B1_Q9NZJ9--5ltu__A1_Q9NZJ9,5,4,1,3,0.0087501728378013,17.09375,False,0.27922073006629944
5ltu__B1_Q9NZJ9--5ltu__A1_Q9NZJ9,6,4,0,3,0.0103780054088557,16.984375,False,0.345106840133667
5ltu__B1_Q9NZJ9--5ltu__A1_Q9NZJ9,7,2,0,3,0.0430842132104507,16.5625,False,0.037165023386478424
5ltu__B1_Q9NZJ9--5ltu__A1_Q9NZJ9,8,5,3,3,0.2091030205551426,16.5625,False,0.037919651716947556
5ltu__B1_Q9NZJ9--5ltu__A1_Q9NZJ9,9,3,3,3,0.2756204294211361,16.546875,True,0.025078099220991135
5ltu__B1_Q9NZJ9--5ltu__A1_Q9NZJ9,10,2,3,3,0.0596602303752677,16.34375,False,0.030348988249897957
5ltu__B1_Q9NZJ9--5ltu__A1_Q9NZJ9,11,3,1,3,0.3024512721657661,16.203125,True,0.02973455749452114
5ltu__B1_Q9NZJ9--5ltu__A1_Q9NZJ9,12,5,0,3,0.3391830334693274,16.1875,True,0.025254730135202408
5ltu__B1_Q9NZJ9--5ltu__A1_Q9NZJ9,13,2,1,3,0.0373849894181725,16.15625,False,0.034697163850069046
5ltu__B1_Q9NZJ9--5ltu__A1_Q9NZJ9,14,4,2,3,0.0097170760679472,16.140625,False,0.22625946998596191
5ltu__B1_Q9NZJ9--5ltu__A1_Q9NZJ9,15,5,2,3,0.2793467491076417,16.015625,True,0.07076432555913925
5ltu__B1_Q9NZJ9--5ltu__A1_Q9NZJ9,16,4,3,3,0.0091264058709981,15.953125,False,0.3150208592414856
5ltu__B1_Q9NZJ9--5ltu__A1_Q9NZJ9,17,2,2,3,0.0275313456454437,15.8359375,False,0.039074987173080444
5ltu__B1_Q9NZJ9--5ltu__A1_Q9NZJ9,18,3,2,3,0.1076420080245112,15.53125,False,0.024217011407017708
5ltu__B1_Q9NZJ9--5ltu__A1_Q9NZJ9,19,3,0,3,0.0832041987527873,15.5234375,False,0.03936251252889633
5ltu__B1_Q9NZJ9--5ltu__A1_Q9NZJ9,20,5,1,3,0.1418762686473563,15.5,False,0.028435036540031433
5lxr__A1_Q9Y580--5lxr__B1_Q6NZY4,1,4,1,3,0.9139293593944988,88.8125,True,0.9506415128707886
5lxr__A1_Q9Y580--5lxr__B1_Q6NZY4,2,4,3,3,0.9139057381406194,88.6875,True,0.9029431343078613
5lxr__A1_Q9Y580--5lxr__B1_Q6NZY4,3,4,0,3,0.9077136949062128,87.8125,True,0.9559621214866638
5lxr__A1_Q9Y580--5lxr__B1_Q6NZY4,4,4,2,3,0.9126860555239514,85.5,True,0.9522877931594849
5lxr__A1_Q9Y580--5lxr__B1_Q6NZY4,5,1,1,3,0.884607470452988,82.75,True,0.8098284602165222
5lxr__A1_Q9Y580--5lxr__B1_Q6NZY4,6,1,2,3,0.7986617181870419,82.125,True,0.6870474815368652
5lxr__A1_Q9Y580--5lxr__B1_Q6NZY4,7,5,3,3,0.8471814309188689,81.625,True,0.9312775135040283
5lxr__A1_Q9Y580--5lxr__B1_Q6NZY4,8,2,1,3,0.7631783129512261,81.125,True,0.7531238198280334
5lxr__A1_Q9Y580--5lxr__B1_Q6NZY4,9,1,0,3,0.8336936057524945,81.125,True,0.7596727609634399
5lxr__A1_Q9Y580--5lxr__B1_Q6NZY4,10,5,2,3,0.8160762450040128,81.125,True,0.8773118257522583
5lxr__A1_Q9Y580--5lxr__B1_Q6NZY4,11,1,3,3,0.787180844678121,81.0625,True,0.834061861038208
5lxr__A1_Q9Y580--5lxr__B1_Q6NZY4,12,5,1,3,0.785826316920974,80.625,True,0.7387526035308838
5lxr__A1_Q9Y580--5lxr__B1_Q6NZY4,13,3,1,3,0.8229284887208864,80.3125,True,0.9100047945976257
5lxr__A1_Q9Y580--5lxr__B1_Q6NZY4,14,3,3,3,0.8350155302953466,80.0,True,0.9445732831954956
5lxr__A1_Q9Y580--5lxr__B1_Q6NZY4,15,5,0,3,0.8299266037149811,79.9375,True,0.8386993408203125
5lxr__A1_Q9Y580--5lxr__B1_Q6NZY4,16,2,2,3,0.8181087854431418,79.5625,True,0.8757941722869873
5lxr__A1_Q9Y580--5lxr__B1_Q6NZY4,17,2,3,3,0.7698388225562466,79.5625,True,0.7372226715087891
5lxr__A1_Q9Y580--5lxr__B1_Q6NZY4,18,3,0,3,0.8157900889976338,79.3125,True,0.9068768620491028
5lxr__A1_Q9Y580--5lxr__B1_Q6NZY4,19,3,2,3,0.8369760541243579,78.0625,True,0.9445732831954956
5lxr__A1_Q9Y580--5lxr__B1_Q6NZY4,20,2,0,3,0.7920778901968406,73.8125,True,0.8155972957611084
5min__B1_P13650--5min__A1_P13650,1,2,1,2,0.8675158836776174,93.5625,True,2.5659990569693036e-05
5min__B1_P13650--5min__A1_P13650,2,5,1,2,0.8783553026969839,93.5,True,0.003508887952193618
5min__B1_P13650--5min__A1_P13650,3,2,0,2,0.864076307295818,93.5,True,8.797810551186558e-06
5min__B1_P13650--5min__A1_P13650,4,2,3,2,0.8723926138538922,93.4375,True,1.8027185433311388e-05
5min__B1_P13650--5min__A1_P13650,5,1,2,2,0.84503088392831,93.375,True,0.002066340995952487
5min__B1_P13650--5min__A1_P13650,6,1,0,2,0.8712838593642575,93.375,True,0.00187963736243546
5min__B1_P13650--5min__A1_P13650,7,1,1,2,0.864191215520358,93.3125,True,0.0020234461408108473
5min__B1_P13650--5min__A1_P13650,8,5,0,2,0.7727118095563709,93.1875,True,0.0013263955479487777
5min__B1_P13650--5min__A1_P13650,9,2,2,2,0.8711004331168098,92.75,True,2.5480469048488885e-05
5min__B1_P13650--5min__A1_P13650,10,1,3,2,0.0926517060513684,23.21875,False,0.011050831526517868
5min__B1_P13650--5min__A1_P13650,11,4,2,2,0.0051478790047312,22.328125,False,0.027596699073910713
5min__B1_P13650--5min__A1_P13650,12,4,1,2,0.0051580510963602,21.984375,False,0.028218692168593407
5min__B1_P13650--5min__A1_P13650,13,4,0,2,0.0085540310595782,21.5,False,0.009718544781208038
5min__B1_P13650--5min__A1_P13650,14,4,3,2,0.0049737161874357,21.46875,False,0.0310844574123621
5min__B1_P13650--5min__A1_P13650,15,3,1,2,0.022716109353739,20.96875,False,0.00924713909626007
5min__B1_P13650--5min__A1_P13650,16,3,2,2,0.0207761091898053,20.796875,False,0.0024439969565719366
5min__B1_P13650--5min__A1_P13650,17,3,3,2,0.024596515035498,20.796875,False,0.002560058608651161
5min__B1_P13650--5min__A1_P13650,18,3,0,2,0.0194395784011758,20.78125,False,0.0057693663984537125
5min__B1_P13650--5min__A1_P13650,19,5,2,2,0.0061918363357072,20.59375,False,0.012076190672814846
5min__B1_P13650--5min__A1_P13650,20,5,3,2,0.0148615032844415,20.21875,False,0.009387471713125706
5mxg__A1_C7BLE4--5mxg__A2_C7BLE4,1,3,1,3,0.8656301051348044,86.875,True,0.00968815665692091
5mxg__A1_C7BLE4--5mxg__A2_C7BLE4,2,3,2,3,0.8469806027599812,84.5625,True,0.015120535157620907
5mxg__A1_C7BLE4--5mxg__A2_C7BLE4,3,3,3,3,0.8308394991186422,83.6875,True,0.013332748785614967
5mxg__A1_C7BLE4--5mxg__A2_C7BLE4,4,3,0,3,0.8357869552376304,79.6875,True,0.01747315563261509
5mxg__A1_C7BLE4--5mxg__A2_C7BLE4,5,2,3,3,0.6237192057353315,74.875,True,0.010647361166775227
5mxg__A1_C7BLE4--5mxg__A2_C7BLE4,6,2,1,3,0.7459308013040328,73.6875,True,0.9989292025566101
5mxg__A1_C7BLE4--5mxg__A2_C7BLE4,7,1,1,3,0.4069003590846784,62.21875,True,0.999995231628418
5mxg__A1_C7BLE4--5mxg__A2_C7BLE4,8,1,2,3,0.1757054590957476,59.71875,False,0.4166654944419861
5mxg__A1_C7BLE4--5mxg__A2_C7BLE4,9,5,2,3,0.147042044648932,57.59375,False,0.8072167634963989
5mxg__A1_C7BLE4--5mxg__A2_C7BLE4,10,5,3,3,0.1954402762485293,53.4375,False,0.6671143174171448
5mxg__A1_C7BLE4--5mxg__A2_C7BLE4,11,5,0,3,0.5470363281117785,53.15625,True,0.13809624314308167
5mxg__A1_C7BLE4--5mxg__A2_C7BLE4,12,4,1,3,0.3017525345310246,49.21875,True,0.04533302038908005
5mxg__A1_C7BLE4--5mxg__A2_C7BLE4,13,5,1,3,0.3213266426724216,45.9375,True,0.0004021111235488206
5mxg__A1_C7BLE4--5mxg__A2_C7BLE4,14,4,0,3,0.4336122576339202,43.625,True,0.5337009429931641
5mxg__A1_C7BLE4--5mxg__A2_C7BLE4,15,4,2,3,0.0208866429488439,42.40625,False,0.038323335349559784
5mxg__A1_C7BLE4--5mxg__A2_C7BLE4,16,1,3,3,0.2112348482832653,37.625,False,0.32947707176208496
5mxg__A1_C7BLE4--5mxg__A2_C7BLE4,17,1,0,3,0.2079817398688415,36.84375,False,0.8625292181968689
5mxg__A1_C7BLE4--5mxg__A2_C7BLE4,18,4,3,3,0.1875493321434935,36.5625,False,0.0014824796235188842
5mxg__A1_C7BLE4--5mxg__A2_C7BLE4,19,2,0,3,0.0369287143526233,26.59375,False,0.046344589442014694
5mxg__A1_C7BLE4--5mxg__A2_C7BLE4,20,2,2,3,0.0452956695331685,20.359375,False,0.05668831616640091
5swi__A1_A0A0Y0HIE3--5swi__D1_A0A0Y0HIE3,1,1,2,2,0.8018132955644736,86.5,True,0.8534554839134216
5swi__A1_A0A0Y0HIE3--5swi__D1_A0A0Y0HIE3,2,1,3,2,0.8105070784687841,86.0,True,0.8507410287857056
5swi__A1_A0A0Y0HIE3--5swi__D1_A0A0Y0HIE3,3,1,0,2,0.7958283918662962,84.75,True,0.9121730327606201
5swi__A1_A0A0Y0HIE3--5swi__D1_A0A0Y0HIE3,4,1,1,2,0.796575156594554,81.5625,True,0.8514973521232605
5swi__A1_A0A0Y0HIE3--5swi__D1_A0A0Y0HIE3,5,4,2,2,0.7967031624018257,72.25,True,0.910927951335907
5swi__A1_A0A0Y0HIE3--5swi__D1_A0A0Y0HIE3,6,4,1,2,0.7974928372776561,71.9375,True,0.9576055407524109
5swi__A1_A0A0Y0HIE3--5swi__D1_A0A0Y0HIE3,7,4,0,2,0.79621049282003,71.0625,True,0.936323344707489
5swi__A1_A0A0Y0HIE3--5swi__D1_A0A0Y0HIE3,8,4,3,2,0.7985138312793773,70.5,True,0.9554601907730103
5swi__A1_A0A0Y0HIE3--5swi__D1_A0A0Y0HIE3,9,2,1,2,0.7900431152182534,70.0625,True,0.8115310072898865
5swi__A1_A0A0Y0HIE3--5swi__D1_A0A0Y0HIE3,10,5,0,2,0.7951994874216065,70.0,True,0.8774155974388123
5swi__A1_A0A0Y0HIE3--5swi__D1_A0A0Y0HIE3,11,2,2,2,0.7699020954089786,69.75,True,0.8949468731880188
5swi__A1_A0A0Y0HIE3--5swi__D1_A0A0Y0HIE3,12,5,1,2,0.7944801044705564,69.5625,True,0.8774155974388123
5swi__A1_A0A0Y0HIE3--5swi__D1_A0A0Y0HIE3,13,5,3,2,0.7939156799320669,69.1875,True,0.821146547794342
5swi__A1_A0A0Y0HIE3--5swi__D1_A0A0Y0HIE3,14,2,3,2,0.7751876554679066,69.125,True,0.882122278213501
5swi__A1_A0A0Y0HIE3--5swi__D1_A0A0Y0HIE3,15,5,2,2,0.781055179541348,68.5,True,0.8630214333534241
5swi__A1_A0A0Y0HIE3--5swi__D1_A0A0Y0HIE3,16,2,0,2,0.7646005941355556,67.1875,True,0.8781766891479492
5swi__A1_A0A0Y0HIE3--5swi__D1_A0A0Y0HIE3,17,3,1,2,0.787747076669668,59.5625,True,0.8166092038154602
5swi__A1_A0A0Y0HIE3--5swi__D1_A0A0Y0HIE3,18,3,0,2,0.7776857071433051,57.03125,True,0.8030656576156616
5swi__A1_A0A0Y0HIE3--5swi__D1_A0A0Y0HIE3,19,3,3,2,0.7801606348280572,56.8125,True,0.7775282263755798
5swi__A1_A0A0Y0HIE3--5swi__D1_A0A0Y0HIE3,20,3,2,2,0.7767926214395985,56.78125,True,0.7798863649368286
5t3r__B1_Q8A6W3--5t3r__A1_Q8A6W4,1,4,2,4,0.8228336814370018,93.9375,True,0.8298441171646118
5t3r__B1_Q8A6W3--5t3r__A1_Q8A6W4,2,4,3,4,0.8141257442357507,93.875,True,0.8261051774024963
5t3r__B1_Q8A6W3--5t3r__A1_Q8A6W4,3,5,3,4,0.8188399419784291,93.75,True,0.8207681179046631
5t3r__B1_Q8A6W3--5t3r__A1_Q8A6W4,4,5,0,4,0.8208090971985316,93.6875,True,0.8260464072227478
5t3r__B1_Q8A6W3--5t3r__A1_Q8A6W4,5,5,2,4,0.8195660426953403,93.6875,True,0.8139283061027527
5t3r__B1_Q8A6W3--5t3r__A1_Q8A6W4,6,4,0,4,0.808289636852315,93.625,True,0.8094838261604309
5t3r__B1_Q8A6W3--5t3r__A1_Q8A6W4,7,4,1,4,0.8039298963191283,93.5,True,0.8240979313850403
5t3r__B1_Q8A6W3--5t3r__A1_Q8A6W4,8,5,1,4,0.8104611656022612,93.5,True,0.8097046613693237
5t3r__B1_Q8A6W3--5t3r__A1_Q8A6W4,9,3,2,4,0.8346346111886488,93.375,True,0.8084497451782227
5t3r__B1_Q8A6W3--5t3r__A1_Q8A6W4,10,3,3,4,0.8296636530830203,93.3125,True,0.8105367422103882
5t3r__B1_Q8A6W3--5t3r__A1_Q8A6W4,11,1,2,4,0.8315130362593766,93.25,True,0.8322692513465881
5t3r__B1_Q8A6W3--5t3r__A1_Q8A6W4,12,1,3,4,0.8153091103951118,93.25,True,0.8547512292861938
5t3r__B1_Q8A6W3--5t3r__A1_Q8A6W4,13,3,1,4,0.8173121904879292,93.125,True,0.8293429017066956
5t3r__B1_Q8A6W3--5t3r__A1_Q8A6W4,14,1,0,4,0.8237096035436658,93.125,True,0.8424882292747498
5t3r__B1_Q8A6W3--5t3r__A1_Q8A6W4,15,1,1,4,0.8216061085584739,93.0625,True,0.8323455452919006
5t3r__B1_Q8A6W3--5t3r__A1_Q8A6W4,16,3,0,4,0.8207405538529612,93.0625,True,0.8132992386817932
5t3r__B1_Q8A6W3--5t3r__A1_Q8A6W4,17,2,2,4,0.8301652900225314,92.4375,True,0.8044559955596924
5t3r__B1_Q8A6W3--5t3r__A1_Q8A6W4,18,2,0,4,0.816780300318348,92.1875,True,0.8094563484191895
5t3r__B1_Q8A6W3--5t3r__A1_Q8A6W4,19,2,3,4,0.8200015259776507,92.0625,True,0.8190203309059143
5t3r__B1_Q8A6W3--5t3r__A1_Q8A6W4,20,2,1,4,0.7973175050878983,91.5625,True,0.822729766368866
5t5s__A1_P49588--5t5s__A2_P49588,1,4,2,0,0.4011343740216402,35.59375,True,0.0022325729951262474
5t5s__A1_P49588--5t5s__A2_P49588,2,4,3,0,0.3388752937231325,28.53125,True,0.005081786774098873
5t5s__A1_P49588--5t5s__A2_P49588,3,4,1,0,0.3766700177412764,28.125,True,0.0049406965263187885
5t5s__A1_P49588--5t5s__A2_P49588,4,3,2,0,0.1889707646724095,24.96875,False,0.03560679778456688
5t5s__A1_P49588--5t5s__A2_P49588,5,3,0,0,0.2823260835243731,24.203125,True,0.4264618158340454
5t5s__A1_P49588--5t5s__A2_P49588,6,3,1,0,0.3859049577330649,23.765625,True,0.6354531645774841
5t5s__A1_P49588--5t5s__A2_P49588,7,4,0,0,0.2317155618854654,23.28125,True,0.07828523218631744
5t5s__A1_P49588--5t5s__A2_P49588,8,3,3,0,0.3121857200855027,22.125,True,0.322726845741272
5t5s__A1_P49588--5t5s__A2_P49588,9,5,1,0,0.0273081200434575,19.5,False,0.04278014600276947
5t5s__A1_P49588--5t5s__A2_P49588,10,5,2,0,0.0282237365141142,19.296875,False,0.04901466891169548
5t5s__A1_P49588--5t5s__A2_P49588,11,5,0,0,0.019246935795783,19.21875,False,0.04218290373682976
5t5s__A1_P49588--5t5s__A2_P49588,12,5,3,0,0.0257135760812529,18.703125,False,0.04605504497885704
5t5s__A1_P49588--5t5s__A2_P49588,13,1,3,0,0.0151632478329589,18.671875,False,0.03966612368822098
5t5s__A1_P49588--5t5s__A2_P49588,14,1,1,0,0.0177166801863903,18.46875,False,0.03607986867427826
5t5s__A1_P49588--5t5s__A2_P49588,15,1,2,0,0.0261873407788419,18.109375,False,0.037648461759090424
5t5s__A1_P49588--5t5s__A2_P49588,16,2,2,0,0.0118486878293025,17.765625,False,0.01598888635635376
5t5s__A1_P49588--5t5s__A2_P49588,17,2,0,0,0.01095902236679,17.28125,False,0.06430011242628098
5t5s__A1_P49588--5t5s__A2_P49588,18,2,1,0,0.0106689514790805,17.203125,False,0.06430011242628098
5t5s__A1_P49588--5t5s__A2_P49588,19,2,3,0,0.0103805019617093,17.1875,False,0.06430011242628098
5t5s__A1_P49588--5t5s__A2_P49588,20,1,0,0,0.0109846998148857,16.890625,False,0.01827232912182808
5tbk__J1_P18754--5tbk__A1_O00629,1,5,1,0,0.7471234387290312,85.875,True,0.6951490044593811
5tbk__J1_P18754--5tbk__A1_O00629,2,5,3,0,0.745075879732846,85.75,True,0.9060966372489929
5tbk__J1_P18754--5tbk__A1_O00629,3,4,3,0,0.7417787919583153,85.1875,True,0.11128974705934525
5tbk__J1_P18754--5tbk__A1_O00629,4,5,2,0,0.6763213948866532,85.125,True,0.9002959132194519
5tbk__J1_P18754--5tbk__A1_O00629,5,4,1,0,0.7388693482638775,85.0625,True,0.0790862888097763
5tbk__J1_P18754--5tbk__A1_O00629,6,5,0,0,0.6891096835984998,84.375,True,0.8412325978279114
5tbk__J1_P18754--5tbk__A1_O00629,7,3,3,0,0.7320305017288211,83.625,True,0.8986104726791382
5tbk__J1_P18754--5tbk__A1_O00629,8,4,0,0,0.7102613557996998,82.75,True,0.07056623697280884
5tbk__J1_P18754--5tbk__A1_O00629,9,3,1,0,0.6857666324539246,82.3125,True,0.43684637546539307
5tbk__J1_P18754--5tbk__A1_O00629,10,2,2,0,0.590458088692568,81.875,True,0.1589885950088501
5tbk__J1_P18754--5tbk__A1_O00629,11,3,2,0,0.6777227453844515,81.5,True,0.9735836386680603
5tbk__J1_P18754--5tbk__A1_O00629,12,1,2,0,0.6971180610622106,80.75,True,0.9998032450675964
5tbk__J1_P18754--5tbk__A1_O00629,13,2,1,0,0.6654691131950238,80.5625,True,0.08356491476297379
5tbk__J1_P18754--5tbk__A1_O00629,14,2,0,0,0.6226866932369034,80.5,True,0.786686360836029
5tbk__J1_P18754--5tbk__A1_O00629,15,1,1,0,0.6891976833715691,80.4375,True,0.9992235898971558
5tbk__J1_P18754--5tbk__A1_O00629,16,3,0,0,0.6969433757995516,80.25,True,0.9568552374839783
5tbk__J1_P18754--5tbk__A1_O00629,17,4,2,0,0.7029314385653187,80.125,True,0.143031045794487
5tbk__J1_P18754--5tbk__A1_O00629,18,2,3,0,0.7031239643884165,79.9375,True,0.10798825323581696
5tbk__J1_P18754--5tbk__A1_O00629,19,1,0,0,0.7186063529099643,79.375,True,0.9995588660240173
5tbk__J1_P18754--5tbk__A1_O00629,20,1,3,0,0.03643451917152,55.125,False,0.02427038736641407
5tc2__A1_P04585--5tc2__B1_P04585,1,4,1,3,0.8044065534328168,73.5,True,4.469614395929966e-06
5tc2__A1_P04585--5tc2__B1_P04585,2,4,3,3,0.8302807901575169,73.25,True,7.663430551474448e-06
5tc2__A1_P04585--5tc2__B1_P04585,3,4,2,3,0.8107122169885033,72.875,True,7.663430551474448e-06
5tc2__A1_P04585--5tc2__B1_P04585,4,4,0,3,0.814313304522125,72.125,True,1.3793485777569003e-05
5tc2__A1_P04585--5tc2__B1_P04585,5,2,0,3,0.5807593412304763,71.125,True,1.0126977940672077e-06
5tc2__A1_P04585--5tc2__B1_P04585,6,1,2,3,0.1187481245985124,68.0625,False,0.9998695850372314
5tc2__A1_P04585--5tc2__B1_P04585,7,1,0,3,0.1198241009576846,67.0,False,0.9420313239097595
5tc2__A1_P04585--5tc2__B1_P04585,8,3,0,3,0.6524265465440345,66.5625,True,2.8117006877437234e-05
5tc2__A1_P04585--5tc2__B1_P04585,9,3,2,3,0.5426907527661314,66.3125,True,7.221336306706405e-10
5tc2__A1_P04585--5tc2__B1_P04585,10,3,1,3,0.7117716471167687,65.5,True,3.101501351920888e-05
5tc2__A1_P04585--5tc2__B1_P04585,11,5,1,3,0.5800264701642809,65.0625,True,1.131201909920776e-09
5tc2__A1_P04585--5tc2__B1_P04585,12,5,0,3,0.5710102292646648,65.0,True,1.131201909920776e-09
5tc2__A1_P04585--5tc2__B1_P04585,13,5,2,3,0.5722138187596558,64.9375,True,1.131201909920776e-09
5tc2__A1_P04585--5tc2__B1_P04585,14,1,3,3,0.117267942587467,64.75,False,0.9998695850372314
5tc2__A1_P04585--5tc2__B1_P04585,15,5,3,3,0.5635504234126191,63.71875,True,1.131201909920776e-09
5tc2__A1_P04585--5tc2__B1_P04585,16,2,1,3,0.1164332229593198,62.40625,False,0.5236605405807495
5tc2__A1_P04585--5tc2__B1_P04585,17,1,1,3,0.1247705934973311,55.8125,False,0.981752872467041
5tc2__A1_P04585--5tc2__B1_P04585,18,2,3,3,0.0973339281545041,48.125,False,0.9857742786407471
5tc2__A1_P04585--5tc2__B1_P04585,19,3,3,3,0.3885111672040066,46.625,True,0.24519839882850647
5tc2__A1_P04585--5tc2__B1_P04585,20,2,2,3,0.0964708224509424,45.125,False,0.9857742786407471
5u4o__A1_A0A6H3AI29--5u4o__A2_A0A6H3AI29,1,3,2,3,0.0072385256368242,30.0625,False,0.04514910653233528
5u4o__A1_A0A6H3AI29--5u4o__A2_A0A6H3AI29,2,1,3,3,0.0083989936270339,28.421875,False,0.2772442698478699
5u4o__A1_A0A6H3AI29--5u4o__A2_A0A6H3AI29,3,1,0,3,0.0088744528586461,27.65625,False,0.2311154305934906
5u4o__A1_A0A6H3AI29--5u4o__A2_A0A6H3AI29,4,3,0,3,0.0076994156055552,27.125,False,0.023415619507431984
5u4o__A1_A0A6H3AI29--5u4o__A2_A0A6H3AI29,5,3,1,3,0.0074655413398482,26.625,False,0.0402560755610466
5u4o__A1_A0A6H3AI29--5u4o__A2_A0A6H3AI29,6,3,3,3,0.0075717902314919,26.359375,False,0.07291121780872345
5u4o__A1_A0A6H3AI29--5u4o__A2_A0A6H3AI29,7,1,1,3,0.0090958580029017,25.046875,False,0.3228878378868103
5u4o__A1_A0A6H3AI29--5u4o__A2_A0A6H3AI29,8,1,2,3,0.0087587135966878,23.671875,False,0.17148423194885254
5u4o__A1_A0A6H3AI29--5u4o__A2_A0A6H3AI29,9,2,2,3,0.0088109848709311,23.296875,False,0.13733108341693878
5u4o__A1_A0A6H3AI29--5u4o__A2_A0A6H3AI29,10,2,3,3,0.0094855880670041,23.140625,False,0.0417557992041111
5u4o__A1_A0A6H3AI29--5u4o__A2_A0A6H3AI29,11,4,3,3,0.0109602968743657,22.4375,False,0.06860571354627609
5u4o__A1_A0A6H3AI29--5u4o__A2_A0A6H3AI29,12,5,3,3,0.0095296405536829,22.328125,False,0.036878205835819244
5u4o__A1_A0A6H3AI29--5u4o__A2_A0A6H3AI29,13,4,1,3,0.0143540554000954,22.21875,False,0.103635773062706
5u4o__A1_A0A6H3AI29--5u4o__A2_A0A6H3AI29,14,5,2,3,0.0087231423029458,22.03125,False,0.027286618947982788
5u4o__A1_A0A6H3AI29--5u4o__A2_A0A6H3AI29,15,4,2,3,0.0244465653953058,21.828125,False,0.07231700420379639
5u4o__A1_A0A6H3AI29--5u4o__A2_A0A6H3AI29,16,4,0,3,0.1708881547032262,21.4375,False,0.03911624476313591
5u4o__A1_A0A6H3AI29--5u4o__A2_A0A6H3AI29,17,5,0,3,0.0100272180731998,21.234375,False,0.034462835639715195
5u4o__A1_A0A6H3AI29--5u4o__A2_A0A6H3AI29,18,5,1,3,0.0175200033079736,20.984375,False,0.05046804994344711
5u4o__A1_A0A6H3AI29--5u4o__A2_A0A6H3AI29,19,2,0,3,0.0124724141341173,20.640625,False,0.11330868303775787
5u4o__A1_A0A6H3AI29--5u4o__A2_A0A6H3AI29,20,2,1,3,0.0138692286510481,20.625,False,0.07735054939985275
5uiw__A1_P51681--5uiw__B1_P13501,1,3,1,3,0.7875560236075723,88.0,True,0.9571475982666016
5uiw__A1_P51681--5uiw__B1_P13501,2,5,1,3,0.7787743181710695,87.625,True,0.8745313882827759
5uiw__A1_P51681--5uiw__B1_P13501,3,3,2,3,0.8193851560384195,87.5625,True,0.9301031827926636
5uiw__A1_P51681--5uiw__B1_P13501,4,3,0,3,0.8065860477824481,87.5,True,0.947930097579956
5uiw__A1_P51681--5uiw__B1_P13501,5,5,0,3,0.7833521445165985,87.375,True,0.8403512239456177
5uiw__A1_P51681--5uiw__B1_P13501,6,4,1,3,0.7990178489999319,87.0625,True,0.849181592464447
5uiw__A1_P51681--5uiw__B1_P13501,7,5,3,3,0.7627250150531036,87.0,True,0.8206712603569031
5uiw__A1_P51681--5uiw__B1_P13501,8,5,2,3,0.7026941819862705,87.0,True,0.9936822652816772
5uiw__A1_P51681--5uiw__B1_P13501,9,4,0,3,0.787514494468701,86.9375,True,0.8821687698364258
5uiw__A1_P51681--5uiw__B1_P13501,10,4,3,3,0.789399585399433,86.875,True,0.9469265341758728
5uiw__A1_P51681--5uiw__B1_P13501,11,4,2,3,0.7709215808040274,86.3125,True,0.9665566682815552
5uiw__A1_P51681--5uiw__B1_P13501,12,3,3,3,0.7577862836494038,86.0625,True,0.945488452911377
5uiw__A1_P51681--5uiw__B1_P13501,13,2,1,3,0.8025878704224221,85.375,True,0.909294068813324
5uiw__A1_P51681--5uiw__B1_P13501,14,1,3,3,0.7719799044282154,85.1875,True,0.9249024391174316
5uiw__A1_P51681--5uiw__B1_P13501,15,1,1,3,0.7819570064068717,85.0625,True,0.807229220867157
5uiw__A1_P51681--5uiw__B1_P13501,16,1,0,3,0.7726177457272921,85.0625,True,0.964571475982666
5uiw__A1_P51681--5uiw__B1_P13501,17,1,2,3,0.7708647304120877,84.875,True,0.8816352486610413
5uiw__A1_P51681--5uiw__B1_P13501,18,2,0,3,0.8124554528494826,83.6875,True,0.8879963159561157
5uiw__A1_P51681--5uiw__B1_P13501,19,2,3,3,0.8267738059020298,83.5625,True,0.8437381386756897
5uiw__A1_P51681--5uiw__B1_P13501,20,2,2,3,0.8050248032632101,83.4375,True,0.8606515526771545
5uzu__B1_P05164--5uzu__A1_Q2G0X2,1,3,1,2,0.0359416201731464,41.78125,False,0.0970824807882309
5uzu__B1_P05164--5uzu__A1_Q2G0X2,2,3,2,2,0.0298908898700842,41.6875,False,0.09537860751152039
5uzu__B1_P05164--5uzu__A1_Q2G0X2,3,3,3,2,0.1082901589158217,41.03125,False,0.07392296940088272
5uzu__B1_P05164--5uzu__A1_Q2G0X2,4,5,1,2,0.0661085909298063,40.5,False,0.0889313593506813
5uzu__B1_P05164--5uzu__A1_Q2G0X2,5,3,0,2,0.0840532829006982,39.40625,False,0.19996079802513123
5uzu__B1_P05164--5uzu__A1_Q2G0X2,6,1,2,2,0.0811398380473866,37.59375,False,0.07058709114789963
5uzu__B1_P05164--5uzu__A1_Q2G0X2,7,4,1,2,0.0834469646736038,37.375,False,0.1658155471086502
5uzu__B1_P05164--5uzu__A1_Q2G0X2,8,1,0,2,0.0294530024906206,37.09375,False,0.010273250751197338
5uzu__B1_P05164--5uzu__A1_Q2G0X2,9,2,3,2,0.069812841764576,36.53125,False,0.3295188248157501
5uzu__B1_P05164--5uzu__A1_Q2G0X2,10,4,2,2,0.0646118765033824,36.40625,False,0.015512959100306034
5uzu__B1_P05164--5uzu__A1_Q2G0X2,11,4,3,2,0.0747995865489835,36.03125,False,0.02080504782497883
5uzu__B1_P05164--5uzu__A1_Q2G0X2,12,2,2,2,0.0584590983423207,35.78125,False,0.15957708656787872
5uzu__B1_P05164--5uzu__A1_Q2G0X2,13,5,0,2,0.0710818764894875,34.90625,False,0.04177765175700188
5uzu__B1_P05164--5uzu__A1_Q2G0X2,14,4,0,2,0.1382884061532273,34.125,False,0.14658449590206146
5uzu__B1_P05164--5uzu__A1_Q2G0X2,15,5,3,2,0.0505166495573639,33.65625,False,0.0514570027589798
5uzu__B1_P05164--5uzu__A1_Q2G0X2,16,1,3,2,0.0237681426100278,33.03125,False,0.013053259812295437
5uzu__B1_P05164--5uzu__A1_Q2G0X2,17,2,1,2,0.0687604654611081,32.78125,False,0.140705406665802
5uzu__B1_P05164--5uzu__A1_Q2G0X2,18,2,0,2,0.062547950617105,32.09375,False,0.07254958152770996
5uzu__B1_P05164--5uzu__A1_Q2G0X2,19,5,2,2,0.0640896928192346,31.921875,False,0.3207453489303589
5uzu__B1_P05164--5uzu__A1_Q2G0X2,20,1,1,2,0.0369551542055184,31.8125,False,0.03949712589383125
5ve6__A1_Q86YV5--5ve6__A2_Q86YV5,1,4,2,0,0.0135804849129496,69.5,False,0.1578192412853241
5ve6__A1_Q86YV5--5ve6__A2_Q86YV5,2,4,0,0,0.6199110394557684,66.0625,True,0.9764650464057922
5ve6__A1_Q86YV5--5ve6__A2_Q86YV5,3,4,3,0,0.6011540081900714,65.0625,True,0.9167578816413879
5ve6__A1_Q86YV5--5ve6__A2_Q86YV5,4,1,0,0,0.013638440315231,59.0,False,0.9887540340423584
5ve6__A1_Q86YV5--5ve6__A2_Q86YV5,5,5,1,0,0.0134991507574913,57.09375,False,0.021197782829403877
5ve6__A1_Q86YV5--5ve6__A2_Q86YV5,6,1,2,0,0.5526369979572657,56.9375,True,0.25057563185691833
5ve6__A1_Q86YV5--5ve6__A2_Q86YV5,7,4,1,0,0.1116768169113514,55.5625,False,0.359216570854187
5ve6__A1_Q86YV5--5ve6__A2_Q86YV5,8,1,3,0,0.0134097938717618,55.15625,False,0.9919463992118835
5ve6__A1_Q86YV5--5ve6__A2_Q86YV5,9,5,0,0,0.0135593948225728,54.25,False,0.0059113153256475925
5ve6__A1_Q86YV5--5ve6__A2_Q86YV5,10,1,1,0,0.558502248673582,54.03125,True,0.23116548359394073
5ve6__A1_Q86YV5--5ve6__A2_Q86YV5,11,2,2,0,0.11094119079887,53.34375,False,0.2687126100063324
5ve6__A1_Q86YV5--5ve6__A2_Q86YV5,12,2,1,0,0.0055893666625752,52.125,False,0.977605938911438
5ve6__A1_Q86YV5--5ve6__A2_Q86YV5,13,2,0,0,0.0130894840889947,51.46875,False,0.9974506497383118
5ve6__A1_Q86YV5--5ve6__A2_Q86YV5,14,5,3,0,0.0135930911747556,49.3125,False,0.02874368242919445
5ve6__A1_Q86YV5--5ve6__A2_Q86YV5,15,5,2,0,0.0135406020200481,48.90625,False,0.7371941804885864
5ve6__A1_Q86YV5--5ve6__A2_Q86YV5,16,2,3,0,0.00512985596291,48.46875,False,0.7059255838394165
5ve6__A1_Q86YV5--5ve6__A2_Q86YV5,17,3,3,0,0.1155528024671721,48.40625,False,0.7588391900062561
5ve6__A1_Q86YV5--5ve6__A2_Q86YV5,18,3,0,0,0.4146733848813184,48.15625,True,0.8052526712417603
5ve6__A1_Q86YV5--5ve6__A2_Q86YV5,19,3,1,0,0.4126417518337999,45.03125,True,0.7944244146347046
5ve6__A1_Q86YV5--5ve6__A2_Q86YV5,20,3,2,0,0.381044837493232,43.6875,True,0.6543656587600708
5vpc__B1_P17535--5vpc__A1_P53539,1,1,2,4,0.4397793860743206,77.5625,True,0.825781524181366
5vpc__B1_P17535--5vpc__A1_P53539,2,1,0,4,0.4393116965162729,77.4375,True,0.825781524181366
5vpc__B1_P17535--5vpc__A1_P53539,3,1,3,4,0.4374362344209997,77.3125,True,0.8241723775863647
5vpc__B1_P17535--5vpc__A1_P53539,4,1,1,4,0.4394448412564537,77.25,True,0.825781524181366
5vpc__B1_P17535--5vpc__A1_P53539,5,4,0,4,0.4523593562459858,75.4375,True,0.826801061630249
5vpc__B1_P17535--5vpc__A1_P53539,6,4,2,4,0.4510430234393174,75.3125,True,0.826801061630249
5vpc__B1_P17535--5vpc__A1_P53539,7,4,3,4,0.4510577879206804,75.1875,True,0.826801061630249
5vpc__B1_P17535--5vpc__A1_P53539,8,4,1,4,0.4499646576227751,75.125,True,0.826801061630249
5vpc__B1_P17535--5vpc__A1_P53539,9,2,1,4,0.4791227087222089,71.625,True,0.8224856853485107
5vpc__B1_P17535--5vpc__A1_P53539,10,2,2,4,0.4824490547165417,71.1875,True,0.8224856853485107
5vpc__B1_P17535--5vpc__A1_P53539,11,2,3,4,0.4878504345847228,71.0625,True,0.8224856853485107
5vpc__B1_P17535--5vpc__A1_P53539,12,2,0,4,0.4849908673012725,71.0,True,0.8224856853485107
5vpc__B1_P17535--5vpc__A1_P53539,13,3,3,4,0.4663955041469671,70.3125,True,0.8300221562385559
5vpc__B1_P17535--5vpc__A1_P53539,14,3,1,4,0.4764928900235774,70.3125,True,0.8237762451171875
5vpc__B1_P17535--5vpc__A1_P53539,15,3,2,4,0.4762331071290532,70.25,True,0.822587788105011
5vpc__B1_P17535--5vpc__A1_P53539,16,3,0,4,0.473032429159599,70.25,True,0.8245865702629089
5vpc__B1_P17535--5vpc__A1_P53539,17,5,2,4,0.5193810020618181,67.6875,True,0.8264625668525696
5vpc__B1_P17535--5vpc__A1_P53539,18,5,0,4,0.5158709793360386,67.6875,True,0.8237473964691162
5vpc__B1_P17535--5vpc__A1_P53539,19,5,1,4,0.5183386258535507,67.5625,True,0.8217909932136536
5vpc__B1_P17535--5vpc__A1_P53539,20,5,3,4,0.5159675290988867,67.5,True,0.8264625668525696
5vxz__A1_Q14393--5vxz__C1_P30530,1,4,2,0,0.8716297139356378,93.8125,True,0.8501005172729492
5vxz__A1_Q14393--5vxz__C1_P30530,2,4,0,0,0.8858696991230742,93.8125,True,0.8702824115753174
5vxz__A1_Q14393--5vxz__C1_P30530,3,5,0,0,0.8735203881306649,93.75,True,0.8810684680938721
5vxz__A1_Q14393--5vxz__C1_P30530,4,4,1,0,0.8839507691368284,93.75,True,0.8665904998779297
5vxz__A1_Q14393--5vxz__C1_P30530,5,4,3,0,0.8655424821559891,93.625,True,0.9344049096107483
5vxz__A1_Q14393--5vxz__C1_P30530,6,5,1,0,0.8756093579409292,93.5625,True,0.8970522880554199
5vxz__A1_Q14393--5vxz__C1_P30530,7,5,3,0,0.8710798509934222,93.5,True,0.8593169450759888
5vxz__A1_Q14393--5vxz__C1_P30530,8,1,0,0,0.8586445611397492,93.5,True,0.9170095324516296
5vxz__A1_Q14393--5vxz__C1_P30530,9,3,2,0,0.8767040747915313,93.4375,True,0.820511519908905
5vxz__A1_Q14393--5vxz__C1_P30530,10,5,2,0,0.8627071901930273,93.4375,True,0.8782185912132263
5vxz__A1_Q14393--5vxz__C1_P30530,11,3,1,0,0.8917965294528161,93.4375,True,0.8511236310005188
5vxz__A1_Q14393--5vxz__C1_P30530,12,1,1,0,0.8564821300833318,93.4375,True,0.8997761011123657
5vxz__A1_Q14393--5vxz__C1_P30530,13,1,3,0,0.8447144114046455,93.375,True,0.945813775062561
5vxz__A1_Q14393--5vxz__C1_P30530,14,3,3,0,0.8774967038761637,93.375,True,0.857028067111969
5vxz__A1_Q14393--5vxz__C1_P30530,15,3,0,0,0.8625241762428771,93.375,True,0.9504671096801758
5vxz__A1_Q14393--5vxz__C1_P30530,16,1,2,0,0.8486068076495741,93.3125,True,0.9230684638023376
5vxz__A1_Q14393--5vxz__C1_P30530,17,2,1,0,0.8488707557301295,93.25,True,0.8867900967597961
5vxz__A1_Q14393--5vxz__C1_P30530,18,2,0,0,0.8512698857446602,93.1875,True,0.8599551320075989
5vxz__A1_Q14393--5vxz__C1_P30530,19,2,2,0,0.8165268202423293,93.0,True,0.9253790378570557
5vxz__A1_Q14393--5vxz__C1_P30530,20,2,3,0,0.84177010308901,93.0,True,0.8789237141609192
5vzt__B1_Q5XUX0--5vzt__A1_P63208,1,4,2,4,0.7902845164912606,91.8125,True,0.8286802768707275
5vzt__B1_Q5XUX0--5vzt__A1_P63208,2,4,1,4,0.7962936406765029,91.6875,True,0.8254752159118652
5vzt__B1_Q5XUX0--5vzt__A1_P63208,3,4,3,4,0.8040422977257968,91.5625,True,0.8304153084754944
5vzt__B1_Q5XUX0--5vzt__A1_P63208,4,4,0,4,0.8072795907897418,91.375,True,0.830040454864502
5vzt__B1_Q5XUX0--5vzt__A1_P63208,5,3,2,4,0.8809345510412511,90.6875,True,0.8215602040290833
5vzt__B1_Q5XUX0--5vzt__A1_P63208,6,1,0,4,0.8077752250686988,90.5625,True,0.8349864482879639
5vzt__B1_Q5XUX0--5vzt__A1_P63208,7,2,1,4,0.779816047277459,90.0625,True,0.8261594176292419
5vzt__B1_Q5XUX0--5vzt__A1_P63208,8,5,3,4,0.8379221176120399,90.0,True,0.8246517777442932
5vzt__B1_Q5XUX0--5vzt__A1_P63208,9,3,3,4,0.8724258761088648,90.0,True,0.8254387378692627
5vzt__B1_Q5XUX0--5vzt__A1_P63208,10,3,1,4,0.8803837662042695,89.9375,True,0.8230348825454712
5vzt__B1_Q5XUX0--5vzt__A1_P63208,11,1,1,4,0.7982007039552848,89.8125,True,0.8349864482879639
5vzt__B1_Q5XUX0--5vzt__A1_P63208,12,5,0,4,0.859711731819044,89.625,True,0.8300790786743164
5vzt__B1_Q5XUX0--5vzt__A1_P63208,13,1,2,4,0.7891423136438048,89.5,True,0.8247658014297485
5vzt__B1_Q5XUX0--5vzt__A1_P63208,14,5,2,4,0.8301711512538509,89.375,True,0.8261826038360596
5vzt__B1_Q5XUX0--5vzt__A1_P63208,15,1,3,4,0.801562270506437,89.375,True,0.8213415741920471
5vzt__B1_Q5XUX0--5vzt__A1_P63208,16,2,3,4,0.7841034848139631,89.375,True,0.8222008943557739
5vzt__B1_Q5XUX0--5vzt__A1_P63208,17,3,0,4,0.8789976710098348,89.3125,True,0.817470371723175
5vzt__B1_Q5XUX0--5vzt__A1_P63208,18,2,0,4,0.7662301138758411,89.0,True,0.8123682737350464
5vzt__B1_Q5XUX0--5vzt__A1_P63208,19,5,1,4,0.8458212997386735,88.8125,True,0.8265986442565918
5vzt__B1_Q5XUX0--5vzt__A1_P63208,20,2,2,4,0.7739780460354823,85.1875,True,0.8222008943557739
5wat__A2_P07128--5wat__B1_P07128,1,1,1,3,0.0050215267149202,93.875,False,0.8622304201126099
5wat__A2_P07128--5wat__B1_P07128,2,1,3,3,0.0050230467744857,93.8125,False,0.8636564612388611
5wat__A2_P07128--5wat__B1_P07128,3,1,2,3,0.005019480125651,93.8125,False,0.8622304201126099
5wat__A2_P07128--5wat__B1_P07128,4,1,0,3,0.005021306348483,93.75,False,0.8647872805595398
5wat__A2_P07128--5wat__B1_P07128,5,3,1,3,0.0050252468072198,93.75,False,0.8358370065689087
5wat__A2_P07128--5wat__B1_P07128,6,3,0,3,0.0050240151163245,93.625,False,0.8286017775535583
5wat__A2_P07128--5wat__B1_P07128,7,3,2,3,0.0050227445928392,93.625,False,0.8346965909004211
5wat__A2_P07128--5wat__B1_P07128,8,3,3,3,0.0050215932540447,93.5625,False,0.8427010178565979
5wat__A2_P07128--5wat__B1_P07128,9,4,0,3,0.0050211295422484,93.4375,False,0.8869932889938354
5wat__A2_P07128--5wat__B1_P07128,10,5,0,3,0.0050260777179775,93.4375,False,0.8992712497711182
5wat__A2_P07128--5wat__B1_P07128,11,5,1,3,0.0050256499495113,93.4375,False,0.8992712497711182
5wat__A2_P07128--5wat__B1_P07128,12,4,2,3,0.0050245486775019,93.375,False,0.8992712497711182
5wat__A2_P07128--5wat__B1_P07128,13,4,1,3,0.0050194525431345,93.3125,False,0.8644548058509827
5wat__A2_P07128--5wat__B1_P07128,14,5,2,3,0.0050292456837934,93.3125,False,0.8992712497711182
5wat__A2_P07128--5wat__B1_P07128,15,5,3,3,0.0050273668137573,93.3125,False,0.8992712497711182
5wat__A2_P07128--5wat__B1_P07128,16,4,3,3,0.0050237304868264,93.25,False,0.8992712497711182
5wat__A2_P07128--5wat__B1_P07128,17,2,0,3,0.0050219307457792,93.125,False,0.8515963554382324
5wat__A2_P07128--5wat__B1_P07128,18,2,2,3,0.0050205103185386,93.0625,False,0.851617693901062
5wat__A2_P07128--5wat__B1_P07128,19,2,3,3,0.0050207337395826,93.0625,False,0.851617693901062
5wat__A2_P07128--5wat__B1_P07128,20,2,1,3,0.0050172517452424,93.0,False,0.8471565246582031
5wee__A1_A0A183GMB4--5wee__B1_A0A183GMB4,1,3,2,3,0.5336022582572489,30.109375,True,0.3462742269039154
5wee__A1_A0A183GMB4--5wee__B1_A0A183GMB4,2,3,3,3,0.3927135117596865,29.796875,True,0.1877320408821106
5wee__A1_A0A183GMB4--5wee__B1_A0A183GMB4,3,4,2,3,0.6540897126283026,29.375,True,0.09700977057218552
5wee__A1_A0A183GMB4--5wee__B1_A0A183GMB4,4,5,0,3,0.0390760489553773,29.359375,False,0.06270478665828705
5wee__A1_A0A183GMB4--5wee__B1_A0A183GMB4,5,3,0,3,0.4309275306715753,27.859375,True,0.023692520335316658
5wee__A1_A0A183GMB4--5wee__B1_A0A183GMB4,6,3,1,3,0.3945490124648839,27.265625,True,0.17477837204933167
5wee__A1_A0A183GMB4--5wee__B1_A0A183GMB4,7,5,2,3,0.0524821360989726,27.09375,False,0.1944991499185562
5wee__A1_A0A183GMB4--5wee__B1_A0A183GMB4,8,4,1,3,0.4673528898570714,25.84375,True,0.5609040856361389
5wee__A1_A0A183GMB4--5wee__B1_A0A183GMB4,9,1,1,3,0.0627587583041297,25.484375,False,0.05592465028166771
5wee__A1_A0A183GMB4--5wee__B1_A0A183GMB4,10,2,1,3,0.1820106390414096,25.328125,False,0.08587691932916641
5wee__A1_A0A183GMB4--5wee__B1_A0A183GMB4,11,4,3,3,0.406140218425673,25.09375,True,0.3265509605407715
5wee__A1_A0A183GMB4--5wee__B1_A0A183GMB4,12,2,0,3,0.0715384477026791,24.734375,False,0.14232508838176727
5wee__A1_A0A183GMB4--5wee__B1_A0A183GMB4,13,1,2,3,0.0569493098790165,24.453125,False,0.047940418124198914
5wee__A1_A0A183GMB4--5wee__B1_A0A183GMB4,14,5,3,3,0.0491141174527457,24.421875,False,0.09869235008955002
5wee__A1_A0A183GMB4--5wee__B1_A0A183GMB4,15,2,2,3,0.0792890201954316,24.234375,False,0.21841566264629364
5wee__A1_A0A183GMB4--5wee__B1_A0A183GMB4,16,1,3,3,0.3724730681321266,24.0,True,0.2639636993408203
5wee__A1_A0A183GMB4--5wee__B1_A0A183GMB4,17,1,0,3,0.0380299180385476,23.65625,False,0.10273133218288422
5wee__A1_A0A183GMB4--5wee__B1_A0A183GMB4,18,2,3,3,0.0701843948587528,23.546875,False,0.16019131243228912
5wee__A1_A0A183GMB4--5wee__B1_A0A183GMB4,19,5,1,3,0.0499191500915791,23.203125,False,0.051050398498773575
5wee__A1_A0A183GMB4--5wee__B1_A0A183GMB4,20,4,0,3,0.0580318679656587,23.125,False,0.05814152956008911
5wuq__A1_Q45585--5wuq__C1_Q45588,1,2,1,4,0.7923164022251757,89.9375,True,0.8179622888565063
5wuq__A1_Q45585--5wuq__C1_Q45588,2,2,3,4,0.7873957680049122,89.75,True,0.8130478858947754
5wuq__A1_Q45585--5wuq__C1_Q45588,3,2,0,4,0.7919548390833969,89.5625,True,0.8136430978775024
5wuq__A1_Q45585--5wuq__C1_Q45588,4,4,1,4,0.7975713560455285,89.5,True,0.8081063032150269
5wuq__A1_Q45585--5wuq__C1_Q45588,5,5,3,4,0.7968296476150899,89.4375,True,0.8143386244773865
5wuq__A1_Q45585--5wuq__C1_Q45588,6,5,0,4,0.8003033731184873,89.4375,True,0.8082467317581177
5wuq__A1_Q45585--5wuq__C1_Q45588,7,5,1,4,0.7953689198407746,89.4375,True,0.808893620967865
5wuq__A1_Q45585--5wuq__C1_Q45588,8,5,2,4,0.7998211505284408,89.375,True,0.8110066652297974
5wuq__A1_Q45585--5wuq__C1_Q45588,9,2,2,4,0.795733869396948,89.3125,True,0.81294184923172
5wuq__A1_Q45585--5wuq__C1_Q45588,10,1,1,4,0.8442390168974393,86.375,True,0.828437864780426
5wuq__A1_Q45585--5wuq__C1_Q45588,11,4,2,4,0.8957099423215147,85.0,True,0.8371386528015137
5wuq__A1_Q45585--5wuq__C1_Q45588,12,4,3,4,0.8996546279754338,84.0625,True,0.838783860206604
5wuq__A1_Q45585--5wuq__C1_Q45588,13,4,0,4,0.9090276605558488,83.875,True,0.8239932656288147
5wuq__A1_Q45585--5wuq__C1_Q45588,14,3,0,4,0.879067350300249,82.9375,True,0.8269493579864502
5wuq__A1_Q45585--5wuq__C1_Q45588,15,3,1,4,0.8732183314004714,80.0,True,0.8270649313926697
5wuq__A1_Q45585--5wuq__C1_Q45588,16,3,2,4,0.875890224657514,79.3125,True,0.8288787007331848
5wuq__A1_Q45585--5wuq__C1_Q45588,17,3,3,4,0.8706237292236,78.25,True,0.8242917060852051
5wuq__A1_Q45585--5wuq__C1_Q45588,18,1,0,4,0.8811000521886356,77.125,True,0.8265793919563293
5wuq__A1_Q45585--5wuq__C1_Q45588,19,1,3,4,0.8610527990416453,62.84375,True,0.8256857991218567
5wuq__A1_Q45585--5wuq__C1_Q45588,20,1,2,4,0.8652911128089203,60.09375,True,0.8246168494224548
5xec__B1_P15452--5xec__A1_P00099,1,5,3,1,0.0530329681270017,39.34375,False,0.011049695312976837
5xec__B1_P15452--5xec__A1_P00099,2,5,2,1,0.0460381762154589,38.1875,False,0.9893718361854553
5xec__B1_P15452--5xec__A1_P00099,3,5,1,1,0.0492872471621929,37.15625,False,0.5172986388206482
5xec__B1_P15452--5xec__A1_P00099,4,5,0,1,0.048892348107197,35.5625,False,0.1278882771730423
5xec__B1_P15452--5xec__A1_P00099,5,1,1,1,0.0510302752542769,34.1875,False,0.0017464252887293696
5xec__B1_P15452--5xec__A1_P00099,6,2,3,1,0.046550687816007,33.625,False,0.023792579770088196
5xec__B1_P15452--5xec__A1_P00099,7,2,1,1,0.0431849553872096,33.21875,False,0.08561566472053528
5xec__B1_P15452--5xec__A1_P00099,8,2,0,1,0.0462646519570499,32.9375,False,0.0023207964841276407
5xec__B1_P15452--5xec__A1_P00099,9,2,2,1,0.0434826633833149,32.84375,False,0.039148785173892975
5xec__B1_P15452--5xec__A1_P00099,10,4,2,1,0.0404579639230489,32.6875,False,0.9970220923423767
5xec__B1_P15452--5xec__A1_P00099,11,1,0,1,0.0499515455136371,32.375,False,0.013392937369644642
5xec__B1_P15452--5xec__A1_P00099,12,1,3,1,0.0496601530313549,32.0625,False,0.018020372837781906
5xec__B1_P15452--5xec__A1_P00099,13,4,1,1,0.0435036025463088,32.0625,False,0.9928085803985596
5xec__B1_P15452--5xec__A1_P00099,14,1,2,1,0.046639684155338,31.4375,False,0.0533127561211586
5xec__B1_P15452--5xec__A1_P00099,15,4,0,1,0.0490405836486626,29.109375,False,0.1793009489774704
5xec__B1_P15452--5xec__A1_P00099,16,4,3,1,0.0472723484196347,29.046875,False,0.8861107230186462
5xec__B1_P15452--5xec__A1_P00099,17,3,3,1,0.038625332331416,27.609375,False,0.004769838880747557
5xec__B1_P15452--5xec__A1_P00099,18,3,0,1,0.0452374233860968,27.140625,False,0.2253345400094986
5xec__B1_P15452--5xec__A1_P00099,19,3,2,1,0.0385593838279045,27.078125,False,0.0078123025596141815
5xec__B1_P15452--5xec__A1_P00099,20,3,1,1,0.0436540192271553,26.84375,False,0.04058138653635979
5xpz__A1_Q8CIB5--5xpz__B1_Q8CIB5,1,5,2,3,0.007365089833755,61.1875,False,0.037538617849349976
5xpz__A1_Q8CIB5--5xpz__B1_Q8CIB5,2,5,3,3,0.0070489358891859,58.53125,False,0.03474443405866623
5xpz__A1_Q8CIB5--5xpz__B1_Q8CIB5,3,2,2,3,0.0081710804408964,56.21875,False,0.41198769211769104
5xpz__A1_Q8CIB5--5xpz__B1_Q8CIB5,4,2,0,3,0.0073435389006816,54.9375,False,0.11047380417585373
5xpz__A1_Q8CIB5--5xpz__B1_Q8CIB5,5,2,1,3,0.0059869119509591,49.4375,False,0.07438676059246063
5xpz__A1_Q8CIB5--5xpz__B1_Q8CIB5,6,5,0,3,0.0099868334002162,21.390625,False,0.2200634479522705
5xpz__A1_Q8CIB5--5xpz__B1_Q8CIB5,7,3,3,3,0.0099547909648184,21.234375,False,0.15582208335399628
5xpz__A1_Q8CIB5--5xpz__B1_Q8CIB5,8,5,1,3,0.008401986208662,21.15625,False,0.06756406277418137
5xpz__A1_Q8CIB5--5xpz__B1_Q8CIB5,9,4,1,3,0.0289359564028559,21.046875,False,0.05137497931718826
5xpz__A1_Q8CIB5--5xpz__B1_Q8CIB5,10,3,2,3,0.0086291628812262,21.0,False,0.06853491812944412
5xpz__A1_Q8CIB5--5xpz__B1_Q8CIB5,11,3,1,3,0.0119320060908048,20.859375,False,0.03174781799316406
5xpz__A1_Q8CIB5--5xpz__B1_Q8CIB5,12,2,3,3,0.0061711467814909,20.65625,False,0.038249172270298004
5xpz__A1_Q8CIB5--5xpz__B1_Q8CIB5,13,4,0,3,0.0410129666658973,20.46875,False,0.051854584366083145
5xpz__A1_Q8CIB5--5xpz__B1_Q8CIB5,14,3,0,3,0.0074388062756227,20.328125,False,0.03401404619216919
5xpz__A1_Q8CIB5--5xpz__B1_Q8CIB5,15,1,3,3,0.0077016951505542,20.15625,False,0.05853700265288353
5xpz__A1_Q8CIB5--5xpz__B1_Q8CIB5,16,1,1,3,0.007197379341879,20.109375,False,0.053864747285842896
5xpz__A1_Q8CIB5--5xpz__B1_Q8CIB5,17,1,2,3,0.0074942913055829,19.765625,False,0.05820521339774132
5xpz__A1_Q8CIB5--5xpz__B1_Q8CIB5,18,4,3,3,0.0058344144810737,19.75,False,0.03451820835471153
5xpz__A1_Q8CIB5--5xpz__B1_Q8CIB5,19,4,2,3,0.0086716037365513,19.5625,False,0.03922373801469803
5xpz__A1_Q8CIB5--5xpz__B1_Q8CIB5,20,1,0,3,0.0086312348633199,18.953125,False,0.042925138026475906
5y61__A1_Q9I4L4--5y61__B1_Q9I4L6,1,2,2,0,0.490648565692972,86.6875,True,0.7333650588989258
5y61__A1_Q9I4L4--5y61__B1_Q9I4L6,2,1,1,0,0.476871194631024,85.75,True,0.8506006002426147
5y61__A1_Q9I4L4--5y61__B1_Q9I4L6,3,4,3,0,0.5004669741902782,85.75,True,0.9931538105010986
5y61__A1_Q9I4L4--5y61__B1_Q9I4L6,4,2,0,0,0.4998529073471613,85.6875,True,0.7908270955085754
5y61__A1_Q9I4L4--5y61__B1_Q9I4L6,5,5,3,0,0.4872083301936811,85.5,True,0.9989945292472839
5y61__A1_Q9I4L4--5y61__B1_Q9I4L6,6,1,3,0,0.4873509731688656,85.5,True,0.7047304511070251
5y61__A1_Q9I4L4--5y61__B1_Q9I4L6,7,1,2,0,0.4794678692118597,85.3125,True,0.9388872385025024
5y61__A1_Q9I4L4--5y61__B1_Q9I4L6,8,3,0,0,0.4813038802351255,85.25,True,0.9717180728912354
5y61__A1_Q9I4L4--5y61__B1_Q9I4L6,9,5,1,0,0.4634589904177466,85.25,True,0.659055233001709
5y61__A1_Q9I4L4--5y61__B1_Q9I4L6,10,3,2,0,0.477237768377508,85.1875,True,0.9681720733642578
5y61__A1_Q9I4L4--5y61__B1_Q9I4L6,11,5,2,0,0.4875772558144174,85.1875,True,0.9960136413574219
5y61__A1_Q9I4L4--5y61__B1_Q9I4L6,12,1,0,0,0.4857086126661441,84.9375,True,0.5588241815567017
5y61__A1_Q9I4L4--5y61__B1_Q9I4L6,13,4,1,0,0.4873312393128935,84.8125,True,0.9094966650009155
5y61__A1_Q9I4L4--5y61__B1_Q9I4L6,14,5,0,0,0.4934859792207566,84.8125,True,0.998231828212738
5y61__A1_Q9I4L4--5y61__B1_Q9I4L6,15,3,3,0,0.4809648829610607,84.8125,True,0.9850761294364929
5y61__A1_Q9I4L4--5y61__B1_Q9I4L6,16,4,2,0,0.5054447061794032,84.625,True,0.9984821677207947
5y61__A1_Q9I4L4--5y61__B1_Q9I4L6,17,2,1,0,0.4701222916933778,84.25,True,0.9499667286872864
5y61__A1_Q9I4L4--5y61__B1_Q9I4L6,18,4,0,0,0.4910292073456556,84.0625,True,0.9658598899841309
5y61__A1_Q9I4L4--5y61__B1_Q9I4L6,19,3,1,0,0.4353614763611697,79.875,True,0.28807809948921204
5y61__A1_Q9I4L4--5y61__B1_Q9I4L6,20,2,3,0,0.0929582037050248,27.40625,False,0.03929106518626213
5y78__A1_B5AJT1--5y78__B1_B5AJT1,1,5,0,2,0.3772115734669617,69.75,True,0.0005013546324335039
5y78__A1_B5AJT1--5y78__B1_B5AJT1,2,5,1,2,0.3794836210257616,69.5625,True,0.0005013546324335039
5y78__A1_B5AJT1--5y78__B1_B5AJT1,3,5,2,2,0.3736600787369317,68.25,True,0.00027146036154590547
5y78__A1_B5AJT1--5y78__B1_B5AJT1,4,5,3,2,0.3871803048846345,66.3125,True,0.00022203433036338538
5y78__A1_B5AJT1--5y78__B1_B5AJT1,5,4,3,2,0.3812750212893555,56.6875,True,0.0005013546324335039
5y78__A1_B5AJT1--5y78__B1_B5AJT1,6,4,2,2,0.3923814823735592,52.15625,True,0.00015382868878077716
5y78__A1_B5AJT1--5y78__B1_B5AJT1,7,4,1,2,0.3999454925313178,44.5625,True,0.0003871312947012484
5y78__A1_B5AJT1--5y78__B1_B5AJT1,8,3,2,2,0.007150418545053,34.3125,False,0.01284831017255783
5y78__A1_B5AJT1--5y78__B1_B5AJT1,9,3,0,2,0.0069810977203664,33.53125,False,0.015680478885769844
5y78__A1_B5AJT1--5y78__B1_B5AJT1,10,3,3,2,0.0080858947786736,33.4375,False,0.00956954900175333
5y78__A1_B5AJT1--5y78__B1_B5AJT1,11,3,1,2,0.007024252414555,32.84375,False,0.010072769597172737
5y78__A1_B5AJT1--5y78__B1_B5AJT1,12,1,1,2,0.0256182883699543,30.09375,False,0.08055182546377182
5y78__A1_B5AJT1--5y78__B1_B5AJT1,13,1,0,2,0.0262538158103867,29.265625,False,0.10093382745981216
5y78__A1_B5AJT1--5y78__B1_B5AJT1,14,1,3,2,0.0197817491063322,29.0625,False,0.1482168287038803
5y78__A1_B5AJT1--5y78__B1_B5AJT1,15,1,2,2,0.3512097367481783,27.046875,True,0.008721557445824146
5y78__A1_B5AJT1--5y78__B1_B5AJT1,16,4,0,2,0.4642745692702217,26.734375,True,0.08723267167806625
5y78__A1_B5AJT1--5y78__B1_B5AJT1,17,2,1,2,0.0251504576929702,26.125,False,0.14926613867282867
5y78__A1_B5AJT1--5y78__B1_B5AJT1,18,2,3,2,0.0256040036135468,25.34375,False,0.038897596299648285
5y78__A1_B5AJT1--5y78__B1_B5AJT1,19,2,2,2,0.026962944071762,25.09375,False,0.08768799901008606
5y78__A1_B5AJT1--5y78__B1_B5AJT1,20,2,0,2,0.0192054606890122,21.078125,False,0.009460321627557278
5yh3__A1_Q96MK3--5yh3__B1_Q8IXL6,1,4,2,0,0.6812467327592476,87.3125,True,0.059514567255973816
5yh3__A1_Q96MK3--5yh3__B1_Q8IXL6,2,1,1,0,0.5988994362055783,86.8125,True,0.20820054411888123
5yh3__A1_Q96MK3--5yh3__B1_Q8IXL6,3,4,1,0,0.6893842226798969,86.8125,True,0.1148097962141037
5yh3__A1_Q96MK3--5yh3__B1_Q8IXL6,4,5,1,0,0.5976092879629445,86.5625,True,0.5376559495925903
5yh3__A1_Q96MK3--5yh3__B1_Q8IXL6,5,1,2,0,0.670899230921764,86.3125,True,0.048046648502349854
5yh3__A1_Q96MK3--5yh3__B1_Q8IXL6,6,1,3,0,0.5872971438978897,86.0,True,0.06933838129043579
5yh3__A1_Q96MK3--5yh3__B1_Q8IXL6,7,4,3,0,0.654764978932438,85.5,True,0.35704305768013
5yh3__A1_Q96MK3--5yh3__B1_Q8IXL6,8,5,3,0,0.6000572616587013,85.0625,True,0.9304807782173157
5yh3__A1_Q96MK3--5yh3__B1_Q8IXL6,9,2,2,0,0.686414070743945,84.875,True,0.07182459533214569
5yh3__A1_Q96MK3--5yh3__B1_Q8IXL6,10,2,3,0,0.5764840559538985,84.8125,True,0.10735423862934113
5yh3__A1_Q96MK3--5yh3__B1_Q8IXL6,11,1,0,0,0.5980141336820946,84.75,True,0.0557386688888073
5yh3__A1_Q96MK3--5yh3__B1_Q8IXL6,12,2,1,0,0.5890513021558551,84.6875,True,0.09452307224273682
5yh3__A1_Q96MK3--5yh3__B1_Q8IXL6,13,3,2,0,0.5814849918318444,84.3125,True,0.09318682551383972
5yh3__A1_Q96MK3--5yh3__B1_Q8IXL6,14,2,0,0,0.5923848192821913,83.875,True,0.05417264625430107
5yh3__A1_Q96MK3--5yh3__B1_Q8IXL6,15,5,2,0,0.3995777173759751,82.875,True,0.42822518944740295
5yh3__A1_Q96MK3--5yh3__B1_Q8IXL6,16,3,3,0,0.6034668196350915,81.5,True,0.08019325137138367
5yh3__A1_Q96MK3--5yh3__B1_Q8IXL6,17,5,0,0,0.3682375462476773,81.5,True,0.04508625715970993
5yh3__A1_Q96MK3--5yh3__B1_Q8IXL6,18,3,1,0,0.6228966834457245,80.3125,True,0.04590008407831192
5yh3__A1_Q96MK3--5yh3__B1_Q8IXL6,19,4,0,0,0.652449163102345,80.1875,True,0.08561452478170395
5yh3__A1_Q96MK3--5yh3__B1_Q8IXL6,20,3,0,0,0.5859674494881812,78.875,True,0.06177246570587158
5z5y__A1_P02866--5z5y__B1_P02866,1,3,0,4,0.7669034385582192,92.8125,True,0.13818690180778503
5z5y__A1_P02866--5z5y__B1_P02866,2,3,1,4,0.7779245258770242,92.6875,True,0.4336375892162323
5z5y__A1_P02866--5z5y__B1_P02866,3,3,2,4,0.7600417893012733,92.4375,True,0.10966861993074417
5z5y__A1_P02866--5z5y__B1_P02866,4,3,3,4,0.7923942524691306,92.125,True,0.10778333246707916
5z5y__A1_P02866--5z5y__B1_P02866,5,1,2,4,0.7512817129047451,88.5,True,0.020733743906021118
5z5y__A1_P02866--5z5y__B1_P02866,6,1,0,4,0.3299536093875859,75.5,True,0.21301129460334778
5z5y__A1_P02866--5z5y__B1_P02866,7,2,2,4,0.3179378627398077,74.5625,True,0.38393449783325195
5z5y__A1_P02866--5z5y__B1_P02866,8,4,2,4,0.5155373689665729,73.875,True,0.0340670682489872
5z5y__A1_P02866--5z5y__B1_P02866,9,5,2,4,0.4952467062695641,62.96875,True,0.996179461479187
5z5y__A1_P02866--5z5y__B1_P02866,10,2,1,4,0.292083592269083,62.5,True,0.37030088901519775
5z5y__A1_P02866--5z5y__B1_P02866,11,5,3,4,0.4575906222891036,62.21875,True,0.2878473103046417
5z5y__A1_P02866--5z5y__B1_P02866,12,5,0,4,0.3791491029064787,59.28125,True,0.9875696301460266
5z5y__A1_P02866--5z5y__B1_P02866,13,4,1,4,0.7921142989276522,57.28125,True,0.014190184883773327
5z5y__A1_P02866--5z5y__B1_P02866,14,4,3,4,0.5109048792108343,56.46875,True,0.28383517265319824
5z5y__A1_P02866--5z5y__B1_P02866,15,1,1,4,0.2560062902757824,54.375,True,0.03702101483941078
5z5y__A1_P02866--5z5y__B1_P02866,16,5,1,4,0.3867349554788024,54.375,True,0.9923018217086792
5z5y__A1_P02866--5z5y__B1_P02866,17,1,3,4,0.2735696992827841,49.375,True,0.015303178690373898
5z5y__A1_P02866--5z5y__B1_P02866,18,4,0,4,0.5477732972927626,47.75,True,0.9977713823318481
5z5y__A1_P02866--5z5y__B1_P02866,19,2,3,4,0.3219207480044707,34.09375,True,0.18709371984004974
5z5y__A1_P02866--5z5y__B1_P02866,20,2,0,4,0.1684803653230926,27.0625,False,0.07826437056064606
5ztb__B1_Q72LF3--5ztb__A1_Q72LF4,1,2,0,0,0.8335348552088222,92.6875,True,0.9161238670349121
5ztb__B1_Q72LF3--5ztb__A1_Q72LF4,2,1,1,0,0.7477086436734445,91.5625,True,0.8918476104736328
5ztb__B1_Q72LF3--5ztb__A1_Q72LF4,3,2,3,0,0.8188393141155569,91.1875,True,0.8798555731773376
5ztb__B1_Q72LF3--5ztb__A1_Q72LF4,4,2,1,0,0.7501524558537177,90.6875,True,0.8843624591827393
5ztb__B1_Q72LF3--5ztb__A1_Q72LF4,5,5,0,0,0.7479586330113047,90.6875,True,0.828083872795105
5ztb__B1_Q72LF3--5ztb__A1_Q72LF4,6,5,2,0,0.7444392943598966,90.4375,True,0.8479061722755432
5ztb__B1_Q72LF3--5ztb__A1_Q72LF4,7,3,0,0,0.8013952026381904,90.1875,True,0.8945518136024475
5ztb__B1_Q72LF3--5ztb__A1_Q72LF4,8,2,2,0,0.7614096277770089,90.1875,True,0.8865758776664734
5ztb__B1_Q72LF3--5ztb__A1_Q72LF4,9,5,1,0,0.8293621508936037,89.9375,True,0.8442966938018799
5ztb__B1_Q72LF3--5ztb__A1_Q72LF4,10,1,0,0,0.7810125526774372,89.9375,True,0.8802841305732727
5ztb__B1_Q72LF3--5ztb__A1_Q72LF4,11,4,0,0,0.7779313147479412,89.8125,True,0.9198702573776245
5ztb__B1_Q72LF3--5ztb__A1_Q72LF4,12,3,3,0,0.7697977703597281,89.8125,True,0.8971714973449707
5ztb__B1_Q72LF3--5ztb__A1_Q72LF4,13,5,3,0,0.7679516790921875,89.625,True,0.9110184907913208
5ztb__B1_Q72LF3--5ztb__A1_Q72LF4,14,1,2,0,0.822704722297281,89.5625,True,0.8859172463417053
5ztb__B1_Q72LF3--5ztb__A1_Q72LF4,15,1,3,0,0.8295995836260251,89.5,True,0.885624885559082
5ztb__B1_Q72LF3--5ztb__A1_Q72LF4,16,4,1,0,0.8266449498704466,89.0,True,0.9007667899131775
5ztb__B1_Q72LF3--5ztb__A1_Q72LF4,17,3,1,0,0.7776732135743428,89.0,True,0.8722376823425293
5ztb__B1_Q72LF3--5ztb__A1_Q72LF4,18,3,2,0,0.7614673256192467,88.9375,True,0.8791735172271729
5ztb__B1_Q72LF3--5ztb__A1_Q72LF4,19,4,3,0,0.8359936475336539,88.5625,True,0.8865845799446106
5ztb__B1_Q72LF3--5ztb__A1_Q72LF4,20,4,2,0,0.7902026636896743,88.5625,True,0.9185163974761963
5zyo__A1_P0A8I8--5zyo__C1_P0A8I8,1,5,3,3,0.0363799116735716,84.375,False,0.3584018647670746
5zyo__A1_P0A8I8--5zyo__C1_P0A8I8,2,5,2,3,0.0363028395138666,83.8125,False,0.3584018647670746
5zyo__A1_P0A8I8--5zyo__C1_P0A8I8,3,5,0,3,0.0363233458805762,83.8125,False,0.3584018647670746
5zyo__A1_P0A8I8--5zyo__C1_P0A8I8,4,5,1,3,0.0364071941796889,82.75,False,0.3584018647670746
5zyo__A1_P0A8I8--5zyo__C1_P0A8I8,5,3,0,3,0.0383142039819388,82.0625,False,0.9827358722686768
5zyo__A1_P0A8I8--5zyo__C1_P0A8I8,6,4,2,3,0.0362892788283065,81.5,False,0.3510712683200836
5zyo__A1_P0A8I8--5zyo__C1_P0A8I8,7,1,0,3,0.0364549375450052,79.0,False,0.9964434504508972
5zyo__A1_P0A8I8--5zyo__C1_P0A8I8,8,1,2,3,0.0374739250770834,77.125,False,0.9853518605232239
5zyo__A1_P0A8I8--5zyo__C1_P0A8I8,9,1,1,3,0.0364901721012201,76.375,False,0.9951353669166565
5zyo__A1_P0A8I8--5zyo__C1_P0A8I8,10,4,1,3,0.0363666907012448,75.9375,False,0.3510712683200836
5zyo__A1_P0A8I8--5zyo__C1_P0A8I8,11,4,0,3,0.0363544280125851,74.625,False,0.37002477049827576
5zyo__A1_P0A8I8--5zyo__C1_P0A8I8,12,4,3,3,0.0364056286893148,70.5,False,0.3695882558822632
5zyo__A1_P0A8I8--5zyo__C1_P0A8I8,13,2,3,3,0.0365587802630486,67.375,False,0.9897863864898682
5zyo__A1_P0A8I8--5zyo__C1_P0A8I8,14,2,2,3,0.036534205355413,66.625,False,0.9897863864898682
5zyo__A1_P0A8I8--5zyo__C1_P0A8I8,15,2,0,3,0.036507143567674,58.5,False,0.8775208592414856
5zyo__A1_P0A8I8--5zyo__C1_P0A8I8,16,3,3,3,0.0397918188007126,56.25,False,0.7824462652206421
5zyo__A1_P0A8I8--5zyo__C1_P0A8I8,17,2,1,3,0.0397445114123828,54.59375,False,0.9269829392433167
5zyo__A1_P0A8I8--5zyo__C1_P0A8I8,18,3,1,3,0.0410367679356624,53.21875,False,0.9893194437026978
5zyo__A1_P0A8I8--5zyo__C1_P0A8I8,19,1,3,3,0.0420921013604939,41.8125,False,0.9643527865409851
5zyo__A1_P0A8I8--5zyo__C1_P0A8I8,20,3,2,3,0.2986982502785937,32.71875,True,0.0822492465376854
6a3v__A1_P41273--6a3v__B1_Q07011,1,3,1,2,0.6013949760950238,86.3125,True,0.8689090609550476
6a3v__A1_P41273--6a3v__B1_Q07011,2,3,2,2,0.6913088639989654,85.875,True,0.8563668131828308
6a3v__A1_P41273--6a3v__B1_Q07011,3,3,0,2,0.662208437276932,85.8125,True,0.8559696674346924
6a3v__A1_P41273--6a3v__B1_Q07011,4,3,3,2,0.6834740574244261,85.6875,True,0.8382726907730103
6a3v__A1_P41273--6a3v__B1_Q07011,5,5,0,2,0.6243844615734725,85.625,True,0.8788253664970398
6a3v__A1_P41273--6a3v__B1_Q07011,6,4,1,2,0.7437864308097621,85.625,True,0.8423817157745361
6a3v__A1_P41273--6a3v__B1_Q07011,7,4,3,2,0.7370011233044638,85.5625,True,0.8443220257759094
6a3v__A1_P41273--6a3v__B1_Q07011,8,4,0,2,0.7931549367669691,85.5625,True,0.841720700263977
6a3v__A1_P41273--6a3v__B1_Q07011,9,5,1,2,0.6202875097677034,85.5,True,0.8816206455230713
6a3v__A1_P41273--6a3v__B1_Q07011,10,1,0,2,0.6266049827675803,85.5,True,0.8565555214881897
6a3v__A1_P41273--6a3v__B1_Q07011,11,5,2,2,0.6977448194197886,85.4375,True,0.9216418266296387
6a3v__A1_P41273--6a3v__B1_Q07011,12,1,3,2,0.6247472844488772,85.25,True,0.8293902277946472
6a3v__A1_P41273--6a3v__B1_Q07011,13,5,3,2,0.7024531560094182,85.25,True,0.9224136471748352
6a3v__A1_P41273--6a3v__B1_Q07011,14,1,1,2,0.6359612522959496,85.1875,True,0.8643081784248352
6a3v__A1_P41273--6a3v__B1_Q07011,15,4,2,2,0.796106430164612,85.125,True,0.827093243598938
6a3v__A1_P41273--6a3v__B1_Q07011,16,1,2,2,0.6301187954404619,85.0,True,0.8811106085777283
6a3v__A1_P41273--6a3v__B1_Q07011,17,2,1,2,0.6161679077044553,85.0,True,0.8252356648445129
6a3v__A1_P41273--6a3v__B1_Q07011,18,2,3,2,0.6683121477465352,85.0,True,0.8614155650138855
6a3v__A1_P41273--6a3v__B1_Q07011,19,2,0,2,0.6478357256401249,84.9375,True,0.8470901846885681
6a3v__A1_P41273--6a3v__B1_Q07011,20,2,2,2,0.6935189903259652,84.625,True,0.8578618168830872
6a9y__A1_Q9BQI5--6a9y__A2_Q9BQI5,1,3,2,0,0.0040480594930259,39.34375,False,0.04250458627939224
6a9y__A1_Q9BQI5--6a9y__A2_Q9BQI5,2,4,3,0,0.0042975751660741,25.34375,False,0.1853923797607422
6a9y__A1_Q9BQI5--6a9y__A2_Q9BQI5,3,4,1,0,0.0041920077172155,25.03125,False,0.2016657143831253
6a9y__A1_Q9BQI5--6a9y__A2_Q9BQI5,4,1,0,0,0.2481498725831958,24.6875,True,0.25844401121139526
6a9y__A1_Q9BQI5--6a9y__A2_Q9BQI5,5,1,2,0,0.2860172304401169,23.9375,True,0.11025553196668625
6a9y__A1_Q9BQI5--6a9y__A2_Q9BQI5,6,1,3,0,0.1372858348210841,23.53125,False,0.06629645079374313
6a9y__A1_Q9BQI5--6a9y__A2_Q9BQI5,7,1,1,0,0.0616696029249344,22.140625,False,0.03001341037452221
6a9y__A1_Q9BQI5--6a9y__A2_Q9BQI5,8,4,2,0,0.0042027947632062,21.984375,False,0.18428955972194672
6a9y__A1_Q9BQI5--6a9y__A2_Q9BQI5,9,4,0,0,0.0042372002241677,21.828125,False,0.09873952716588974
6a9y__A1_Q9BQI5--6a9y__A2_Q9BQI5,10,2,3,0,0.0138526526568827,21.625,False,0.06791379302740097
6a9y__A1_Q9BQI5--6a9y__A2_Q9BQI5,11,2,1,0,0.013811798660084,21.4375,False,0.03350638598203659
6a9y__A1_Q9BQI5--6a9y__A2_Q9BQI5,12,2,0,0,0.0141773768967854,21.1875,False,0.02963710017502308
6a9y__A1_Q9BQI5--6a9y__A2_Q9BQI5,13,2,2,0,0.0134745267713099,20.84375,False,0.03723081946372986
6a9y__A1_Q9BQI5--6a9y__A2_Q9BQI5,14,5,3,0,0.0260259901319959,20.640625,False,0.025824738666415215
6a9y__A1_Q9BQI5--6a9y__A2_Q9BQI5,15,5,0,0,0.023185538877051,20.625,False,0.03161812573671341
6a9y__A1_Q9BQI5--6a9y__A2_Q9BQI5,16,5,2,0,0.0238142842235473,20.40625,False,0.020043831318616867
6a9y__A1_Q9BQI5--6a9y__A2_Q9BQI5,17,5,1,0,0.0182790447181559,19.96875,False,0.021323801949620247
6a9y__A1_Q9BQI5--6a9y__A2_Q9BQI5,18,3,1,0,0.0131757679252208,18.5,False,0.025474758818745613
6a9y__A1_Q9BQI5--6a9y__A2_Q9BQI5,19,3,3,0,0.0130529579028952,18.09375,False,0.02908879704773426
6a9y__A1_Q9BQI5--6a9y__A2_Q9BQI5,20,3,0,0,0.0108916231985613,18.03125,False,0.028214940801262856
6ahy__B1_P56703--6ahy__A1_Q61091,1,3,0,1,0.3258036370431348,61.03125,True,0.0032804468646645546
6ahy__B1_P56703--6ahy__A1_Q61091,2,3,3,1,0.3316122475224125,59.84375,True,0.9695556163787842
6ahy__B1_P56703--6ahy__A1_Q61091,3,3,1,1,0.3289162615309718,54.09375,True,0.022052451968193054
6ahy__B1_P56703--6ahy__A1_Q61091,4,1,3,1,0.2828627545677769,47.5,True,0.0008048602030612528
6ahy__B1_P56703--6ahy__A1_Q61091,5,2,3,1,0.2443444758298229,44.59375,True,0.018637031316757202
6ahy__B1_P56703--6ahy__A1_Q61091,6,2,2,1,0.211145281402885,40.90625,False,0.19272442162036896
6ahy__B1_P56703--6ahy__A1_Q61091,7,2,1,1,0.204119212133205,40.0625,False,0.1447308361530304
6ahy__B1_P56703--6ahy__A1_Q61091,8,4,3,1,0.1690308642621897,33.96875,False,0.1354602575302124
6ahy__B1_P56703--6ahy__A1_Q61091,9,4,0,1,0.1958769386733913,33.53125,False,0.3101457953453064
6ahy__B1_P56703--6ahy__A1_Q61091,10,1,2,1,0.1732150928450574,32.15625,False,0.051328010857105255
6ahy__B1_P56703--6ahy__A1_Q61091,11,3,2,1,0.1425177726877581,31.921875,False,0.052732452750205994
6ahy__B1_P56703--6ahy__A1_Q61091,12,4,2,1,0.052878041525081,29.015625,False,0.0554078184068203
6ahy__B1_P56703--6ahy__A1_Q61091,13,5,0,1,0.0321588871865856,29.015625,False,0.06953484565019608
6ahy__B1_P56703--6ahy__A1_Q61091,14,4,1,1,0.0501232761544863,28.03125,False,0.05476011335849762
6ahy__B1_P56703--6ahy__A1_Q61091,15,1,0,1,0.090049955296987,27.03125,False,0.15488803386688232
6ahy__B1_P56703--6ahy__A1_Q61091,16,2,0,1,0.0250796332148141,26.890625,False,0.05952348932623863
6ahy__B1_P56703--6ahy__A1_Q61091,17,5,2,1,0.0543014569516176,26.796875,False,0.06916520744562149
6ahy__B1_P56703--6ahy__A1_Q61091,18,5,1,1,0.0380938862147131,25.3125,False,0.0850624218583107
6ahy__B1_P56703--6ahy__A1_Q61091,19,5,3,1,0.0466443003022654,25.046875,False,0.047388993203639984
6ahy__B1_P56703--6ahy__A1_Q61091,20,1,1,1,0.0369385427440248,24.421875,False,0.04743107780814171
6apx__A1_P0AEX9--6apx__B1_UNDEFINED,1,3,2,2,0.0073968482176277,44.21875,False,0.92923504114151
6apx__A1_P0AEX9--6apx__B1_UNDEFINED,2,3,3,2,0.0075124860129663,44.15625,False,0.9133806824684143
6apx__A1_P0AEX9--6apx__B1_UNDEFINED,3,3,1,2,0.0074749075879759,43.125,False,0.8968896269798279
6apx__A1_P0AEX9--6apx__B1_UNDEFINED,4,3,0,2,0.0075894422210632,43.09375,False,0.9520348906517029
6apx__A1_P0AEX9--6apx__B1_UNDEFINED,5,1,3,2,0.0077656668891417,40.21875,False,0.23490269482135773
6apx__A1_P0AEX9--6apx__B1_UNDEFINED,6,1,1,2,0.0079249437098219,39.78125,False,0.10230974107980728
6apx__A1_P0AEX9--6apx__B1_UNDEFINED,7,1,0,2,0.0080715286113192,38.15625,False,0.15685836970806122
6apx__A1_P0AEX9--6apx__B1_UNDEFINED,8,1,2,2,0.00838255342891,36.09375,False,0.08546657860279083
6apx__A1_P0AEX9--6apx__B1_UNDEFINED,9,2,3,2,0.0080460414353464,32.6875,False,0.09521207213401794
6apx__A1_P0AEX9--6apx__B1_UNDEFINED,10,2,1,2,0.0082387925866958,32.125,False,0.1862613558769226
6apx__A1_P0AEX9--6apx__B1_UNDEFINED,11,4,0,2,0.0128113251423395,30.921875,False,0.2556419372558594
6apx__A1_P0AEX9--6apx__B1_UNDEFINED,12,2,0,2,0.0129669164232787,29.6875,False,0.1225588321685791
6apx__A1_P0AEX9--6apx__B1_UNDEFINED,13,5,1,2,0.0078404406745254,28.9375,False,0.06378598511219025
6apx__A1_P0AEX9--6apx__B1_UNDEFINED,14,2,2,2,0.0131132973936769,28.90625,False,0.08090183138847351
6apx__A1_P0AEX9--6apx__B1_UNDEFINED,15,5,3,2,0.0084279302327659,28.265625,False,0.6747658848762512
6apx__A1_P0AEX9--6apx__B1_UNDEFINED,16,4,1,2,0.0130736428677805,27.875,False,0.35562872886657715
6apx__A1_P0AEX9--6apx__B1_UNDEFINED,17,5,2,2,0.0173939997098021,27.796875,False,0.060171693563461304
6apx__A1_P0AEX9--6apx__B1_UNDEFINED,18,4,3,2,0.0139294709274433,27.234375,False,0.04429863393306732
6apx__A1_P0AEX9--6apx__B1_UNDEFINED,19,5,0,2,0.012849068695775,26.953125,False,0.04005521535873413
6apx__A1_P0AEX9--6apx__B1_UNDEFINED,20,4,2,2,0.0136680441193221,26.71875,False,0.11156667023897171
6aqe__B1_Q9RY20--6aqe__A1_Q9RY20,1,4,2,4,0.0100499212123842,90.125,False,0.9999696016311646
6aqe__B1_Q9RY20--6aqe__A1_Q9RY20,2,4,3,4,0.0100300476051191,90.0,False,0.9999696016311646
6aqe__B1_Q9RY20--6aqe__A1_Q9RY20,3,4,0,4,0.0100295237642582,89.25,False,0.9998732805252075
6aqe__B1_Q9RY20--6aqe__A1_Q9RY20,4,4,1,4,0.0100443992540788,88.875,False,0.9999260902404785
6aqe__B1_Q9RY20--6aqe__A1_Q9RY20,5,1,0,4,0.0100352642575473,86.0,False,0.9857481122016907
6aqe__B1_Q9RY20--6aqe__A1_Q9RY20,6,1,1,4,0.0100377962827381,85.1875,False,0.9984769225120544
6aqe__B1_Q9RY20--6aqe__A1_Q9RY20,7,1,2,4,0.0101081752510027,85.0,False,0.99774169921875
6aqe__B1_Q9RY20--6aqe__A1_Q9RY20,8,1,3,4,0.0100958475480464,81.6875,False,0.9979479908943176
6aqe__B1_Q9RY20--6aqe__A1_Q9RY20,9,3,3,4,0.0100649364691692,68.5,False,0.999977707862854
6aqe__B1_Q9RY20--6aqe__A1_Q9RY20,10,3,1,4,0.0100872832603023,66.6875,False,0.9998883008956909
6aqe__B1_Q9RY20--6aqe__A1_Q9RY20,11,3,2,4,0.0100955857605435,66.4375,False,0.999790608882904
6aqe__B1_Q9RY20--6aqe__A1_Q9RY20,12,3,0,4,0.0100933894997591,65.9375,False,0.9995607733726501
6aqe__B1_Q9RY20--6aqe__A1_Q9RY20,13,2,0,4,0.7439181942723326,64.375,True,0.5880100727081299
6aqe__B1_Q9RY20--6aqe__A1_Q9RY20,14,5,2,4,0.7596369459426668,62.8125,True,3.0230049019586147e-10
6aqe__B1_Q9RY20--6aqe__A1_Q9RY20,15,2,3,4,0.7339599810467137,62.375,True,0.6104531288146973
6aqe__B1_Q9RY20--6aqe__A1_Q9RY20,16,5,3,4,0.7519088235330095,62.125,True,4.5801296089109655e-10
6aqe__B1_Q9RY20--6aqe__A1_Q9RY20,17,2,2,4,0.7394436893155122,60.5625,True,0.6265388131141663
6aqe__B1_Q9RY20--6aqe__A1_Q9RY20,18,5,0,4,0.7704499979571886,60.25,True,1.3755688255123744e-10
6aqe__B1_Q9RY20--6aqe__A1_Q9RY20,19,5,1,4,0.7584227403067381,59.9375,True,1.3755688255123744e-10
6aqe__B1_Q9RY20--6aqe__A1_Q9RY20,20,2,1,4,0.6989223719462658,52.6875,True,0.5745388865470886
6au8__A1_Q7L5D6--6au8__B1_P46379,1,2,3,4,0.7464183190813255,94.0625,True,0.8165018558502197
6au8__A1_Q7L5D6--6au8__B1_P46379,2,1,3,4,0.7325659256059115,94.0625,True,0.8105428814888
6au8__A1_Q7L5D6--6au8__B1_P46379,3,1,2,4,0.7097372529075302,94.0625,True,0.8170666694641113
6au8__A1_Q7L5D6--6au8__B1_P46379,4,2,1,4,0.7414601290362651,94.0,True,0.8170484900474548
6au8__A1_Q7L5D6--6au8__B1_P46379,5,2,2,4,0.7389080369579889,94.0,True,0.8131888508796692
6au8__A1_Q7L5D6--6au8__B1_P46379,6,4,0,4,0.734285934098399,93.9375,True,0.8372815847396851
6au8__A1_Q7L5D6--6au8__B1_P46379,7,1,1,4,0.7117169047295828,93.9375,True,0.8134118914604187
6au8__A1_Q7L5D6--6au8__B1_P46379,8,5,0,4,0.7396025066297792,93.8125,True,0.8203190565109253
6au8__A1_Q7L5D6--6au8__B1_P46379,9,1,0,4,0.7273238327655959,93.75,True,0.8104445934295654
6au8__A1_Q7L5D6--6au8__B1_P46379,10,4,2,4,0.730934327581764,93.75,True,0.8355017304420471
6au8__A1_Q7L5D6--6au8__B1_P46379,11,4,3,4,0.7325564272330038,93.75,True,0.8346258997917175
6au8__A1_Q7L5D6--6au8__B1_P46379,12,5,3,4,0.7379714910640907,93.6875,True,0.814418613910675
6au8__A1_Q7L5D6--6au8__B1_P46379,13,4,1,4,0.7301484348534143,93.6875,True,0.8372815847396851
6au8__A1_Q7L5D6--6au8__B1_P46379,14,5,2,4,0.7366142064775224,93.6875,True,0.8152512311935425
6au8__A1_Q7L5D6--6au8__B1_P46379,15,2,0,4,0.7215232664735067,93.625,True,0.8213199377059937
6au8__A1_Q7L5D6--6au8__B1_P46379,16,5,1,4,0.7421924843284476,93.5,True,0.8203190565109253
6au8__A1_Q7L5D6--6au8__B1_P46379,17,3,3,4,0.7350474059436665,93.4375,True,0.8249625563621521
6au8__A1_Q7L5D6--6au8__B1_P46379,18,3,0,4,0.7365388619658134,93.375,True,0.8231613636016846
6au8__A1_Q7L5D6--6au8__B1_P46379,19,3,1,4,0.7349948982920784,93.3125,True,0.8231613636016846
6au8__A1_Q7L5D6--6au8__B1_P46379,20,3,2,4,0.7405816457325184,93.1875,True,0.8241764307022095
6cp8__A1_A0A2A2CAY5--6cp8__C1_A0A2A2C800,1,1,0,3,0.7132728422095237,88.25,True,0.930855393409729
6cp8__A1_A0A2A2CAY5--6cp8__C1_A0A2A2C800,2,1,2,3,0.7080367920275656,88.25,True,0.8183524012565613
6cp8__A1_A0A2A2CAY5--6cp8__C1_A0A2A2C800,3,5,2,3,0.7035456826986671,87.1875,True,0.928939938545227
6cp8__A1_A0A2A2CAY5--6cp8__C1_A0A2A2C800,4,5,0,3,0.7003589846401793,87.0,True,0.9450374841690063
6cp8__A1_A0A2A2CAY5--6cp8__C1_A0A2A2C800,5,4,1,3,0.7213923437570712,86.9375,True,0.7961118221282959
6cp8__A1_A0A2A2CAY5--6cp8__C1_A0A2A2C800,6,4,3,3,0.6993223467250477,86.875,True,0.9545785188674927
6cp8__A1_A0A2A2CAY5--6cp8__C1_A0A2A2C800,7,2,0,3,0.7201587372865879,86.75,True,0.8825240135192871
6cp8__A1_A0A2A2CAY5--6cp8__C1_A0A2A2C800,8,5,1,3,0.7010243272007295,86.75,True,0.9285838007926941
6cp8__A1_A0A2A2CAY5--6cp8__C1_A0A2A2C800,9,1,1,3,0.7277301723026287,86.625,True,0.8965124487876892
6cp8__A1_A0A2A2CAY5--6cp8__C1_A0A2A2C800,10,2,3,3,0.7061059607156581,86.4375,True,0.828808605670929
6cp8__A1_A0A2A2CAY5--6cp8__C1_A0A2A2C800,11,4,2,3,0.7057993633663914,86.375,True,0.9528932571411133
6cp8__A1_A0A2A2CAY5--6cp8__C1_A0A2A2C800,12,5,3,3,0.7006298743454783,86.375,True,0.9016387462615967
6cp8__A1_A0A2A2CAY5--6cp8__C1_A0A2A2C800,13,2,2,3,0.734997742851351,86.0,True,0.8088763356208801
6cp8__A1_A0A2A2CAY5--6cp8__C1_A0A2A2C800,14,1,3,3,0.721956463987708,84.6875,True,0.9211184978485107
6cp8__A1_A0A2A2CAY5--6cp8__C1_A0A2A2C800,15,3,2,3,0.6667950281261811,83.9375,True,0.7465850114822388
6cp8__A1_A0A2A2CAY5--6cp8__C1_A0A2A2C800,16,3,1,3,0.6820912363524566,83.8125,True,0.793917179107666
6cp8__A1_A0A2A2CAY5--6cp8__C1_A0A2A2C800,17,2,1,3,0.7227050153954796,83.8125,True,0.7713701128959656
6cp8__A1_A0A2A2CAY5--6cp8__C1_A0A2A2C800,18,3,0,3,0.6841640080598386,83.1875,True,0.948431670665741
6cp8__A1_A0A2A2CAY5--6cp8__C1_A0A2A2C800,19,3,3,3,0.6793532341101569,83.125,True,0.7934541702270508
6cp8__A1_A0A2A2CAY5--6cp8__C1_A0A2A2C800,20,4,0,3,0.6950197654222757,83.0625,True,0.8977196216583252
6djl__C1_O60239--6djl__A1_P62491,1,4,1,4,0.64282704808161,77.8125,True,0.9857207536697388
6djl__C1_O60239--6djl__A1_P62491,2,4,3,4,0.6451618121038295,76.75,True,0.39579489827156067
6djl__C1_O60239--6djl__A1_P62491,3,3,3,4,0.5822951551854655,75.0625,True,0.9365261197090149
6djl__C1_O60239--6djl__A1_P62491,4,4,0,4,0.636357008921162,74.8125,True,0.9921600222587585
6djl__C1_O60239--6djl__A1_P62491,5,4,2,4,0.4959831703636276,71.3125,True,0.2713339626789093
6djl__C1_O60239--6djl__A1_P62491,6,5,0,4,0.4224830374659932,70.625,True,0.013820083811879158
6djl__C1_O60239--6djl__A1_P62491,7,5,2,4,0.418550253504369,69.125,True,0.008573026396334171
6djl__C1_O60239--6djl__A1_P62491,8,3,1,4,0.4344845927253001,68.625,True,0.16191506385803223
6djl__C1_O60239--6djl__A1_P62491,9,3,0,4,0.447821886190598,68.4375,True,0.1580095887184143
6djl__C1_O60239--6djl__A1_P62491,10,5,1,4,0.418287599551362,67.3125,True,0.014792722649872303
6djl__C1_O60239--6djl__A1_P62491,11,5,3,4,0.4188280305288254,65.25,True,0.02112577296793461
6djl__C1_O60239--6djl__A1_P62491,12,3,2,4,0.4289575301159634,65.25,True,0.0987098217010498
6djl__C1_O60239--6djl__A1_P62491,13,2,0,4,0.4953098066277578,63.90625,True,0.9585657119750977
6djl__C1_O60239--6djl__A1_P62491,14,1,3,4,0.4535903979513283,58.65625,True,0.528607964515686
6djl__C1_O60239--6djl__A1_P62491,15,2,2,4,0.4426035683980436,57.15625,True,0.2544277608394623
6djl__C1_O60239--6djl__A1_P62491,16,2,3,4,0.4521638659973295,54.9375,True,0.1290220320224762
6djl__C1_O60239--6djl__A1_P62491,17,1,0,4,0.4282936497785413,54.125,True,0.006409309338778257
6djl__C1_O60239--6djl__A1_P62491,18,2,1,4,0.4622016214053632,53.3125,True,0.7802083492279053
6djl__C1_O60239--6djl__A1_P62491,19,1,2,4,0.4706160893236517,52.625,True,0.1812467724084854
6djl__C1_O60239--6djl__A1_P62491,20,1,1,4,0.4533629017041309,49.0625,True,0.10480913519859314
6dkk__B1_P0DPI0--6dkk__A1_P0DPI0,1,5,0,0,0.005764619969538,32.75,False,0.026291562244296074
6dkk__B1_P0DPI0--6dkk__A1_P0DPI0,2,3,0,0,0.0065638311960848,22.171875,False,0.08281394094228745
6dkk__B1_P0DPI0--6dkk__A1_P0DPI0,3,2,3,0,0.0066135492336453,21.171875,False,0.06471654772758484
6dkk__B1_P0DPI0--6dkk__A1_P0DPI0,4,4,1,0,0.0082779855059686,21.109375,False,0.12815913558006287
6dkk__B1_P0DPI0--6dkk__A1_P0DPI0,5,2,1,0,0.0053241932766119,20.9375,False,0.07689802348613739
6dkk__B1_P0DPI0--6dkk__A1_P0DPI0,6,5,1,0,0.0078880237597457,20.796875,False,0.06613878160715103
6dkk__B1_P0DPI0--6dkk__A1_P0DPI0,7,4,0,0,0.0084640403373168,20.796875,False,0.14206573367118835
6dkk__B1_P0DPI0--6dkk__A1_P0DPI0,8,3,2,0,0.0278131724355081,20.078125,False,0.017684048041701317
6dkk__B1_P0DPI0--6dkk__A1_P0DPI0,9,4,3,0,0.0079263935968219,20.078125,False,0.13243073225021362
6dkk__B1_P0DPI0--6dkk__A1_P0DPI0,10,1,1,0,0.0067759878807983,19.921875,False,0.0646289512515068
6dkk__B1_P0DPI0--6dkk__A1_P0DPI0,11,2,0,0,0.0072918729235854,19.765625,False,0.12603329122066498
6dkk__B1_P0DPI0--6dkk__A1_P0DPI0,12,3,1,0,0.0088318576017062,19.671875,False,0.11178378015756607
6dkk__B1_P0DPI0--6dkk__A1_P0DPI0,13,5,3,0,0.0077391080490189,19.65625,False,0.03238280490040779
6dkk__B1_P0DPI0--6dkk__A1_P0DPI0,14,1,3,0,0.0060522700097492,19.640625,False,0.019449586048722267
6dkk__B1_P0DPI0--6dkk__A1_P0DPI0,15,1,2,0,0.0067067926927074,19.390625,False,0.01813604310154915
6dkk__B1_P0DPI0--6dkk__A1_P0DPI0,16,5,2,0,0.0072466451458148,19.359375,False,0.1392316222190857
6dkk__B1_P0DPI0--6dkk__A1_P0DPI0,17,2,2,0,0.0083842558208189,19.3125,False,0.03525431454181671
6dkk__B1_P0DPI0--6dkk__A1_P0DPI0,18,4,2,0,0.0077075032101201,19.25,False,0.1101035475730896
6dkk__B1_P0DPI0--6dkk__A1_P0DPI0,19,3,3,0,0.0074650248474466,19.015625,False,0.16059722006320953
6dkk__B1_P0DPI0--6dkk__A1_P0DPI0,20,1,0,0,0.0064381104244882,19.0,False,0.09255573153495789
6e8a__A1_Q7CPJ3--6e8a__A2_Q7CPJ3,1,1,1,4,0.764736155460375,66.4375,True,0.01754971593618393
6e8a__A1_Q7CPJ3--6e8a__A2_Q7CPJ3,2,1,2,4,0.73453346894241,62.71875,True,0.0175505131483078
6e8a__A1_Q7CPJ3--6e8a__A2_Q7CPJ3,3,3,2,4,0.0199713373085826,53.71875,False,0.013126835227012634
6e8a__A1_Q7CPJ3--6e8a__A2_Q7CPJ3,4,3,3,4,0.023638728118345,52.625,False,0.2740509510040283
6e8a__A1_Q7CPJ3--6e8a__A2_Q7CPJ3,5,3,0,4,0.0217723563058478,52.125,False,0.046851493418216705
6e8a__A1_Q7CPJ3--6e8a__A2_Q7CPJ3,6,3,1,4,0.0235606854543555,51.09375,False,0.04723696783185005
6e8a__A1_Q7CPJ3--6e8a__A2_Q7CPJ3,7,1,3,4,0.0282141720360221,46.1875,False,0.25044965744018555
6e8a__A1_Q7CPJ3--6e8a__A2_Q7CPJ3,8,1,0,4,0.0274757180368878,43.96875,False,0.0339416041970253
6e8a__A1_Q7CPJ3--6e8a__A2_Q7CPJ3,9,2,0,4,0.0225595035873023,42.28125,False,0.16511552035808563
6e8a__A1_Q7CPJ3--6e8a__A2_Q7CPJ3,10,2,1,4,0.0224072628535698,39.90625,False,0.7729035019874573
6e8a__A1_Q7CPJ3--6e8a__A2_Q7CPJ3,11,2,3,4,0.0216398725624569,39.375,False,0.34516793489456177
6e8a__A1_Q7CPJ3--6e8a__A2_Q7CPJ3,12,2,2,4,0.0231343813532616,37.4375,False,0.07087939232587814
6e8a__A1_Q7CPJ3--6e8a__A2_Q7CPJ3,13,4,3,4,0.0205779897411691,36.78125,False,0.022390365600585938
6e8a__A1_Q7CPJ3--6e8a__A2_Q7CPJ3,14,4,2,4,0.0206224162232365,34.6875,False,0.05962041765451431
6e8a__A1_Q7CPJ3--6e8a__A2_Q7CPJ3,15,5,0,4,0.0244443508484776,34.5625,False,0.3529505133628845
6e8a__A1_Q7CPJ3--6e8a__A2_Q7CPJ3,16,4,1,4,0.0219226719757072,34.53125,False,0.10775834321975708
6e8a__A1_Q7CPJ3--6e8a__A2_Q7CPJ3,17,5,3,4,0.0238488802953898,34.46875,False,0.6800399422645569
6e8a__A1_Q7CPJ3--6e8a__A2_Q7CPJ3,18,5,2,4,0.0240011404702606,33.8125,False,0.9571930170059204
6e8a__A1_Q7CPJ3--6e8a__A2_Q7CPJ3,19,4,0,4,0.0211879295691032,33.25,False,0.05957517772912979
6e8a__A1_Q7CPJ3--6e8a__A2_Q7CPJ3,20,5,1,4,0.0239741168182485,33.15625,False,0.9280827045440674
6efw__A1_J9VIT7--6efw__A2_J9VIT7,1,2,2,2,0.703673586731474,72.9375,True,0.005200378131121397
6efw__A1_J9VIT7--6efw__A2_J9VIT7,2,2,1,2,0.701447615131768,67.9375,True,0.006580186076462269
6efw__A1_J9VIT7--6efw__A2_J9VIT7,3,2,3,2,0.6867914600401533,67.875,True,0.005950160790234804
6efw__A1_J9VIT7--6efw__A2_J9VIT7,4,2,0,2,0.6989860056779059,67.8125,True,0.00805909838527441
6efw__A1_J9VIT7--6efw__A2_J9VIT7,5,5,2,2,0.688639173258307,65.8125,True,0.000348736735759303
6efw__A1_J9VIT7--6efw__A2_J9VIT7,6,5,0,2,0.6813912939860418,65.625,True,0.8676607012748718
6efw__A1_J9VIT7--6efw__A2_J9VIT7,7,5,3,2,0.6834056876098588,65.25,True,0.00017106090672314167
6efw__A1_J9VIT7--6efw__A2_J9VIT7,8,4,3,2,0.6991902490356061,61.125,True,6.07881020187051e-06
6efw__A1_J9VIT7--6efw__A2_J9VIT7,9,4,0,2,0.7032743511008027,60.78125,True,0.006887390278279781
6efw__A1_J9VIT7--6efw__A2_J9VIT7,10,4,2,2,0.699313150600635,60.03125,True,5.7979764278570656e-06
6efw__A1_J9VIT7--6efw__A2_J9VIT7,11,5,1,2,0.6812553683657402,59.09375,True,0.9270671606063843
6efw__A1_J9VIT7--6efw__A2_J9VIT7,12,4,1,2,0.7016007968714222,58.125,True,8.185514161596075e-05
6efw__A1_J9VIT7--6efw__A2_J9VIT7,13,3,2,2,0.671222922657169,52.6875,True,0.00506642134860158
6efw__A1_J9VIT7--6efw__A2_J9VIT7,14,1,2,2,0.6584395509908373,52.1875,True,0.00034096805029548705
6efw__A1_J9VIT7--6efw__A2_J9VIT7,15,3,3,2,0.6666885140098415,51.84375,True,0.00506642134860158
6efw__A1_J9VIT7--6efw__A2_J9VIT7,16,3,0,2,0.6687378382169747,51.75,True,0.00013668712927028537
6efw__A1_J9VIT7--6efw__A2_J9VIT7,17,1,1,2,0.6514396229424074,51.0,True,0.0007970162550918758
6efw__A1_J9VIT7--6efw__A2_J9VIT7,18,1,3,2,0.6314515730137832,50.90625,True,0.00014965079026296735
6efw__A1_J9VIT7--6efw__A2_J9VIT7,19,3,1,2,0.6664961613674115,50.75,True,0.0058638425543904305
6efw__A1_J9VIT7--6efw__A2_J9VIT7,20,1,0,2,0.6384811446418123,45.25,True,0.0006283877301029861
6eho__A1_Q99523--6eho__A2_Q99523,1,3,0,0,0.0246942943023912,33.96875,False,0.06661330908536911
6eho__A1_Q99523--6eho__A2_Q99523,2,3,2,0,0.0183893879874182,29.15625,False,0.09550400823354721
6eho__A1_Q99523--6eho__A2_Q99523,3,3,3,0,0.0192174371088776,29.03125,False,0.09981700032949448
6eho__A1_Q99523--6eho__A2_Q99523,4,1,0,0,0.4652483875860905,28.953125,True,0.022902561351656914
6eho__A1_Q99523--6eho__A2_Q99523,5,5,2,0,0.0577005061968569,28.890625,False,0.0201402697712183
6eho__A1_Q99523--6eho__A2_Q99523,6,5,1,0,0.0686279116956756,28.703125,False,0.030819179490208626
6eho__A1_Q99523--6eho__A2_Q99523,7,5,0,0,0.0676050019670786,28.390625,False,0.022646719589829445
6eho__A1_Q99523--6eho__A2_Q99523,8,4,3,0,0.0585527280700327,28.21875,False,0.13933637738227844
6eho__A1_Q99523--6eho__A2_Q99523,9,5,3,0,0.0661752505282865,27.703125,False,0.0807497650384903
6eho__A1_Q99523--6eho__A2_Q99523,10,3,1,0,0.0213534975466503,27.109375,False,0.08053594082593918
6eho__A1_Q99523--6eho__A2_Q99523,11,4,1,0,0.0625917889585411,26.796875,False,0.0928429588675499
6eho__A1_Q99523--6eho__A2_Q99523,12,1,3,0,0.328041492714487,26.265625,True,0.06720070540904999
6eho__A1_Q99523--6eho__A2_Q99523,13,4,0,0,0.1265338606655719,25.9375,False,0.11753103137016296
6eho__A1_Q99523--6eho__A2_Q99523,14,4,2,0,0.1956467777859729,25.21875,False,0.06289127469062805
6eho__A1_Q99523--6eho__A2_Q99523,15,1,1,0,0.0550509539824464,25.046875,False,0.06267550587654114
6eho__A1_Q99523--6eho__A2_Q99523,16,1,2,0,0.0552393310149311,24.9375,False,0.08489024639129639
6eho__A1_Q99523--6eho__A2_Q99523,17,2,0,0,0.0537148327496691,24.484375,False,0.032382987439632416
6eho__A1_Q99523--6eho__A2_Q99523,18,2,1,0,0.1354622578553736,24.15625,False,0.029834823682904243
6eho__A1_Q99523--6eho__A2_Q99523,19,2,2,0,0.1863043261677114,23.71875,False,0.027285264804959297
6eho__A1_Q99523--6eho__A2_Q99523,20,2,3,0,0.1619125371056051,23.625,False,0.057376664131879807
6ejv__A1_Q65J43--6ejv__B1_Q65J43,1,5,1,2,0.0318454329595879,42.25,False,0.00705958204343915
6ejv__A1_Q65J43--6ejv__B1_Q65J43,2,5,2,2,0.0302612869057882,39.5625,False,0.00729350233450532
6ejv__A1_Q65J43--6ejv__B1_Q65J43,3,5,3,2,0.0293862247173506,39.25,False,0.009052244015038013
6ejv__A1_Q65J43--6ejv__B1_Q65J43,4,5,0,2,0.0317334013474629,36.78125,False,0.007931848987936974
6ejv__A1_Q65J43--6ejv__B1_Q65J43,5,2,0,2,0.2665188115740216,26.203125,True,0.05388910323381424
6ejv__A1_Q65J43--6ejv__B1_Q65J43,6,2,3,2,0.1969456972470452,25.953125,False,0.01741226576268673
6ejv__A1_Q65J43--6ejv__B1_Q65J43,7,2,1,2,0.2545648841341112,23.71875,True,0.050051383674144745
6ejv__A1_Q65J43--6ejv__B1_Q65J43,8,2,2,2,0.2538688763883081,23.546875,True,0.050051383674144745
6ejv__A1_Q65J43--6ejv__B1_Q65J43,9,1,3,2,0.057949434525657,18.0,False,0.034746162593364716
6ejv__A1_Q65J43--6ejv__B1_Q65J43,10,1,2,2,0.0561491102526936,17.8125,False,0.034746162593364716
6ejv__A1_Q65J43--6ejv__B1_Q65J43,11,1,0,2,0.0552660084598555,17.703125,False,0.10271394997835159
6ejv__A1_Q65J43--6ejv__B1_Q65J43,12,1,1,2,0.0572925565026062,17.65625,False,0.10271394997835159
6ejv__A1_Q65J43--6ejv__B1_Q65J43,13,4,1,2,0.0528505860940707,17.15625,False,0.03999636694788933
6ejv__A1_Q65J43--6ejv__B1_Q65J43,14,3,3,2,0.066302581873239,16.8125,False,0.013137898407876492
6ejv__A1_Q65J43--6ejv__B1_Q65J43,15,4,0,2,0.0614591695399426,16.40625,False,0.02822054736316204
6ejv__A1_Q65J43--6ejv__B1_Q65J43,16,3,0,2,0.0370039114747541,16.390625,False,0.014500648714601994
6ejv__A1_Q65J43--6ejv__B1_Q65J43,17,3,1,2,0.0815097527347915,16.015625,False,0.013306058943271637
6ejv__A1_Q65J43--6ejv__B1_Q65J43,18,4,2,2,0.0400809551550241,15.9765625,False,0.034746162593364716
6ejv__A1_Q65J43--6ejv__B1_Q65J43,19,4,3,2,0.0535185998783207,15.9375,False,0.08039353042840958
6ejv__A1_Q65J43--6ejv__B1_Q65J43,20,3,2,2,0.0256298232128025,15.8515625,False,0.015069514513015747
6em0__A1_O06647--6em0__A2_O06647,1,1,0,2,0.0056961502810907,92.5,False,0.8466512560844421
6em0__A1_O06647--6em0__A2_O06647,2,4,2,2,0.0057522544852619,92.5,False,0.8155436515808105
6em0__A1_O06647--6em0__A2_O06647,3,4,1,2,0.0057116357075769,92.5,False,0.8548696637153625
6em0__A1_O06647--6em0__A2_O06647,4,4,3,2,0.005692556415611,92.5,False,0.8965591192245483
6em0__A1_O06647--6em0__A2_O06647,5,1,2,2,0.005659698380052,92.4375,False,0.8114558458328247
6em0__A1_O06647--6em0__A2_O06647,6,1,3,2,0.0057098174715215,92.4375,False,0.8430385589599609
6em0__A1_O06647--6em0__A2_O06647,7,4,0,2,0.0057111284687183,92.375,False,0.795379102230072
6em0__A1_O06647--6em0__A2_O06647,8,1,1,2,0.0056860181201621,92.375,False,0.8665634393692017
6em0__A1_O06647--6em0__A2_O06647,9,2,1,2,0.0057245275787561,92.3125,False,0.9306751489639282
6em0__A1_O06647--6em0__A2_O06647,10,5,3,2,0.0057219050017155,92.3125,False,0.8140650987625122
6em0__A1_O06647--6em0__A2_O06647,11,5,2,2,0.0057704396869541,92.3125,False,0.8764239549636841
6em0__A1_O06647--6em0__A2_O06647,12,3,2,2,0.0057106013480826,92.25,False,0.846011221408844
6em0__A1_O06647--6em0__A2_O06647,13,5,0,2,0.0057627351216864,92.25,False,0.8806500434875488
6em0__A1_O06647--6em0__A2_O06647,14,5,1,2,0.0057416572687901,92.25,False,0.8618185520172119
6em0__A1_O06647--6em0__A2_O06647,15,2,2,2,0.0057061567058486,92.1875,False,0.9306751489639282
6em0__A1_O06647--6em0__A2_O06647,16,2,3,2,0.0056727550477176,92.125,False,0.9226670265197754
6em0__A1_O06647--6em0__A2_O06647,17,2,0,2,0.0057111779093664,92.125,False,0.9019649028778076
6em0__A1_O06647--6em0__A2_O06647,18,3,3,2,0.0057571462973227,92.0625,False,0.8382930159568787
6em0__A1_O06647--6em0__A2_O06647,19,3,0,2,0.0057325177870318,92.0625,False,0.868278980255127
6em0__A1_O06647--6em0__A2_O06647,20,3,1,2,0.0056568736494917,92.0,False,0.9275055527687073
6exa__B1_Q5ZYC7--6exa__A1_Q5ZYC7,1,5,0,1,0.5555576040803123,78.9375,True,1.808884576348646e-06
6exa__B1_Q5ZYC7--6exa__A1_Q5ZYC7,2,5,3,1,0.5747211659881609,77.75,True,1.289776264457032e-05
6exa__B1_Q5ZYC7--6exa__A1_Q5ZYC7,3,5,2,1,0.5574649258922489,74.1875,True,1.6933376173255965e-05
6exa__B1_Q5ZYC7--6exa__A1_Q5ZYC7,4,3,3,1,0.574404289841351,73.4375,True,0.9923001527786255
6exa__B1_Q5ZYC7--6exa__A1_Q5ZYC7,5,3,0,1,0.5799426276808793,71.375,True,0.9677689671516418
6exa__B1_Q5ZYC7--6exa__A1_Q5ZYC7,6,1,1,1,0.6461607525567706,71.0625,True,1.0
6exa__B1_Q5ZYC7--6exa__A1_Q5ZYC7,7,4,1,1,0.6073715720712739,70.375,True,0.8136926889419556
6exa__B1_Q5ZYC7--6exa__A1_Q5ZYC7,8,5,1,1,0.5836554479272648,70.3125,True,3.4224328828713624e-06
6exa__B1_Q5ZYC7--6exa__A1_Q5ZYC7,9,1,2,1,0.5804341107907748,70.1875,True,1.0
6exa__B1_Q5ZYC7--6exa__A1_Q5ZYC7,10,3,1,1,0.5945802669846875,68.8125,True,0.8702700734138489
6exa__B1_Q5ZYC7--6exa__A1_Q5ZYC7,11,1,3,1,0.5599537449944659,67.9375,True,1.0
6exa__B1_Q5ZYC7--6exa__A1_Q5ZYC7,12,3,2,1,0.6504411042734725,67.8125,True,0.3434312045574188
6exa__B1_Q5ZYC7--6exa__A1_Q5ZYC7,13,1,0,1,0.5995552491932717,61.53125,True,1.0
6exa__B1_Q5ZYC7--6exa__A1_Q5ZYC7,14,4,0,1,0.5636881931300955,55.65625,True,0.9976835250854492
6exa__B1_Q5ZYC7--6exa__A1_Q5ZYC7,15,4,3,1,0.581280112364986,47.3125,True,3.829534034593962e-05
6exa__B1_Q5ZYC7--6exa__A1_Q5ZYC7,16,2,0,1,0.0320045447090306,41.125,False,0.2374279797077179
6exa__B1_Q5ZYC7--6exa__A1_Q5ZYC7,17,2,2,1,0.033547578173348,37.90625,False,0.18756714463233948
6exa__B1_Q5ZYC7--6exa__A1_Q5ZYC7,18,2,1,1,0.0553544003372003,34.84375,False,0.15285536646842957
6exa__B1_Q5ZYC7--6exa__A1_Q5ZYC7,19,2,3,1,0.0572333622646144,31.671875,False,0.16569805145263672
6exa__B1_Q5ZYC7--6exa__A1_Q5ZYC7,20,4,2,1,0.0565198968393227,24.25,False,0.06380670517683029
6fc2__A1_P07260--6fc2__B1_P36041,1,5,0,4,0.7250175568583596,88.0625,True,0.8090803623199463
6fc2__A1_P07260--6fc2__B1_P36041,2,3,0,4,0.7291633403690434,87.9375,True,0.8005878329277039
6fc2__A1_P07260--6fc2__B1_P36041,3,3,1,4,0.7343531539992907,87.9375,True,0.8258675336837769
6fc2__A1_P07260--6fc2__B1_P36041,4,1,2,4,0.673249941965981,87.9375,True,0.8046326637268066
6fc2__A1_P07260--6fc2__B1_P36041,5,1,0,4,0.7196783883478072,87.875,True,0.8064877986907959
6fc2__A1_P07260--6fc2__B1_P36041,6,3,2,4,0.7314699199619822,87.75,True,0.8222609162330627
6fc2__A1_P07260--6fc2__B1_P36041,7,1,1,4,0.7107244584230769,87.75,True,0.821218729019165
6fc2__A1_P07260--6fc2__B1_P36041,8,5,3,4,0.7240588098352584,87.6875,True,0.8047842383384705
6fc2__A1_P07260--6fc2__B1_P36041,9,1,3,4,0.7069093181987101,87.625,True,0.8130379915237427
6fc2__A1_P07260--6fc2__B1_P36041,10,4,0,4,0.7044328010890247,87.625,True,0.8040392994880676
6fc2__A1_P07260--6fc2__B1_P36041,11,3,3,4,0.734047795573565,87.625,True,0.8241547346115112
6fc2__A1_P07260--6fc2__B1_P36041,12,2,0,4,0.7122065831277701,87.625,True,0.8213173151016235
6fc2__A1_P07260--6fc2__B1_P36041,13,5,2,4,0.6785806484902096,87.5625,True,0.8146529793739319
6fc2__A1_P07260--6fc2__B1_P36041,14,4,2,4,0.7057878842971507,87.5,True,0.8211486339569092
6fc2__A1_P07260--6fc2__B1_P36041,15,2,2,4,0.7211311840262188,87.4375,True,0.8134747743606567
6fc2__A1_P07260--6fc2__B1_P36041,16,4,3,4,0.7326456060336164,87.25,True,0.8157802820205688
6fc2__A1_P07260--6fc2__B1_P36041,17,2,1,4,0.7107790583306204,87.25,True,0.8173256516456604
6fc2__A1_P07260--6fc2__B1_P36041,18,5,1,4,0.7168496431097581,87.25,True,0.8285859823226929
6fc2__A1_P07260--6fc2__B1_P36041,19,4,1,4,0.7083679297290028,87.125,True,0.8142789602279663
6fc2__A1_P07260--6fc2__B1_P36041,20,2,3,4,0.723367120974606,86.9375,True,0.821491003036499
6hlk__A1_A0A5H1ZR32--6hlk__A2_A0A5H1ZR32,1,4,0,4,0.802606455045806,68.75,True,0.002461216412484646
6hlk__A1_A0A5H1ZR32--6hlk__A2_A0A5H1ZR32,2,3,0,4,0.7714494104551547,65.5625,True,0.13466934859752655
6hlk__A1_A0A5H1ZR32--6hlk__A2_A0A5H1ZR32,3,5,3,4,0.0284469685272574,55.09375,False,0.6789377331733704
6hlk__A1_A0A5H1ZR32--6hlk__A2_A0A5H1ZR32,4,5,0,4,0.0439301597662367,41.8125,False,0.5086585879325867
6hlk__A1_A0A5H1ZR32--6hlk__A2_A0A5H1ZR32,5,5,1,4,0.0419197091929465,39.84375,False,0.513715922832489
6hlk__A1_A0A5H1ZR32--6hlk__A2_A0A5H1ZR32,6,2,0,4,0.0305511194809096,31.40625,False,0.20069001615047455
6hlk__A1_A0A5H1ZR32--6hlk__A2_A0A5H1ZR32,7,3,3,4,0.5769200678227463,30.71875,True,0.014080410823225975
6hlk__A1_A0A5H1ZR32--6hlk__A2_A0A5H1ZR32,8,3,2,4,0.0163681040472731,24.125,False,0.02474760077893734
6hlk__A1_A0A5H1ZR32--6hlk__A2_A0A5H1ZR32,9,3,1,4,0.0180580772267054,23.375,False,0.03692974895238876
6hlk__A1_A0A5H1ZR32--6hlk__A2_A0A5H1ZR32,10,5,2,4,0.0976534835879497,19.8125,False,0.03492407873272896
6hlk__A1_A0A5H1ZR32--6hlk__A2_A0A5H1ZR32,11,4,1,4,0.1914089727765747,17.328125,False,0.042522914707660675
6hlk__A1_A0A5H1ZR32--6hlk__A2_A0A5H1ZR32,12,4,3,4,0.0336121416984886,16.5625,False,0.025425240397453308
6hlk__A1_A0A5H1ZR32--6hlk__A2_A0A5H1ZR32,13,2,2,4,0.0420356215027219,15.328125,False,0.031420864164829254
6hlk__A1_A0A5H1ZR32--6hlk__A2_A0A5H1ZR32,14,2,3,4,0.0251230630487242,15.234375,False,0.03633419796824455
6hlk__A1_A0A5H1ZR32--6hlk__A2_A0A5H1ZR32,15,1,0,4,0.0202965601041922,15.046875,False,0.02642696723341942
6hlk__A1_A0A5H1ZR32--6hlk__A2_A0A5H1ZR32,16,1,3,4,0.0150905057936401,14.84375,False,0.022815527394413948
6hlk__A1_A0A5H1ZR32--6hlk__A2_A0A5H1ZR32,17,4,2,4,0.0936468589558888,14.7421875,False,0.039303865283727646
6hlk__A1_A0A5H1ZR32--6hlk__A2_A0A5H1ZR32,18,1,1,4,0.029800825913771,14.71875,False,0.04015515744686127
6hlk__A1_A0A5H1ZR32--6hlk__A2_A0A5H1ZR32,19,2,1,4,0.0256029850881132,13.9609375,False,0.021495124325156212
6hlk__A1_A0A5H1ZR32--6hlk__A2_A0A5H1ZR32,20,1,2,4,0.0549067474807918,13.7578125,False,0.03852749243378639
6hmv__A1_Q9H3P7--6hmv__B1_Q68T42,1,4,3,4,0.9377771140401684,91.5625,True,0.8183136582374573
6hmv__A1_Q9H3P7--6hmv__B1_Q68T42,2,2,0,4,0.9295588797392088,91.0625,True,0.9497589468955994
6hmv__A1_Q9H3P7--6hmv__B1_Q68T42,3,2,2,4,0.9378832376587568,91.0625,True,0.6951107978820801
6hmv__A1_Q9H3P7--6hmv__B1_Q68T42,4,2,1,4,0.934015388279588,90.875,True,0.9497589468955994
6hmv__A1_Q9H3P7--6hmv__B1_Q68T42,5,4,1,4,0.923380952013458,90.8125,True,0.7717662453651428
6hmv__A1_Q9H3P7--6hmv__B1_Q68T42,6,1,0,4,0.9271496392735608,90.75,True,0.6951107978820801
6hmv__A1_Q9H3P7--6hmv__B1_Q68T42,7,1,1,4,0.9344829357138934,90.5625,True,0.6951107978820801
6hmv__A1_Q9H3P7--6hmv__B1_Q68T42,8,2,3,4,0.9391507016638266,90.4375,True,0.7381167411804199
6hmv__A1_Q9H3P7--6hmv__B1_Q68T42,9,4,2,4,0.9298107314374574,90.25,True,0.672105073928833
6hmv__A1_Q9H3P7--6hmv__B1_Q68T42,10,1,2,4,0.9000013272657968,90.0625,True,0.6951107978820801
6hmv__A1_Q9H3P7--6hmv__B1_Q68T42,11,1,3,4,0.8911916896976315,89.25,True,0.6951107978820801
6hmv__A1_Q9H3P7--6hmv__B1_Q68T42,12,5,0,4,0.9055170902784496,88.4375,True,0.7871612906455994
6hmv__A1_Q9H3P7--6hmv__B1_Q68T42,13,5,1,4,0.8739318293339738,88.0625,True,0.2724776268005371
6hmv__A1_Q9H3P7--6hmv__B1_Q68T42,14,4,0,4,0.7672054925031615,87.3125,True,0.4029446542263031
6hmv__A1_Q9H3P7--6hmv__B1_Q68T42,15,5,2,4,0.8377759236279246,86.0,True,0.23166954517364502
6hmv__A1_Q9H3P7--6hmv__B1_Q68T42,16,3,1,4,0.7838656624391717,85.75,True,0.28498366475105286
6hmv__A1_Q9H3P7--6hmv__B1_Q68T42,17,5,3,4,0.634996391720276,84.75,True,0.04901230335235596
6hmv__A1_Q9H3P7--6hmv__B1_Q68T42,18,3,0,4,0.8500404202085602,84.6875,True,0.6761898398399353
6hmv__A1_Q9H3P7--6hmv__B1_Q68T42,19,3,3,4,0.7548163168101162,84.25,True,0.2503662109375
6hmv__A1_Q9H3P7--6hmv__B1_Q68T42,20,3,2,4,0.7920377177326005,83.9375,True,0.11951054632663727
6htj__A1_Q97VU8--6htj__B1_Q97VU8,1,2,0,2,0.015487878275578,85.1875,False,0.12175475060939789
6htj__A1_Q97VU8--6htj__B1_Q97VU8,2,2,2,2,0.0154040553329603,83.6875,False,0.10755206644535065
6htj__A1_Q97VU8--6htj__B1_Q97VU8,3,2,1,2,0.0157424652196562,83.625,False,0.25027021765708923
6htj__A1_Q97VU8--6htj__B1_Q97VU8,4,1,0,2,0.0147235276243064,80.25,False,0.6013416051864624
6htj__A1_Q97VU8--6htj__B1_Q97VU8,5,1,1,2,0.0145567398525672,77.4375,False,0.5971527695655823
6htj__A1_Q97VU8--6htj__B1_Q97VU8,6,2,3,2,0.0156691089342091,73.6875,False,0.1709350049495697
6htj__A1_Q97VU8--6htj__B1_Q97VU8,7,1,2,2,0.0143840700443148,71.5625,False,0.5670000910758972
6htj__A1_Q97VU8--6htj__B1_Q97VU8,8,4,3,2,0.0149009109912118,44.96875,False,0.003122406080365181
6htj__A1_Q97VU8--6htj__B1_Q97VU8,9,4,2,2,0.2944983749936434,24.953125,True,0.003777856705710292
6htj__A1_Q97VU8--6htj__B1_Q97VU8,10,4,0,2,0.0882093657129779,23.890625,False,0.009849204681813717
6htj__A1_Q97VU8--6htj__B1_Q97VU8,11,3,3,2,0.0551870215618377,21.46875,False,0.014866260811686516
6htj__A1_Q97VU8--6htj__B1_Q97VU8,12,3,0,2,0.0575776380489451,21.390625,False,0.0014758481411263347
6htj__A1_Q97VU8--6htj__B1_Q97VU8,13,4,1,2,0.0511132171208538,21.34375,False,0.00965393241494894
6htj__A1_Q97VU8--6htj__B1_Q97VU8,14,3,1,2,0.0736929031870838,20.140625,False,0.0059109823778271675
6htj__A1_Q97VU8--6htj__B1_Q97VU8,15,5,2,2,0.1120197988444027,19.734375,False,0.009756233543157578
6htj__A1_Q97VU8--6htj__B1_Q97VU8,16,5,0,2,0.3650879501522235,18.859375,True,0.007776870857924223
6htj__A1_Q97VU8--6htj__B1_Q97VU8,17,1,3,2,0.185186071550187,18.6875,False,0.05749964714050293
6htj__A1_Q97VU8--6htj__B1_Q97VU8,18,3,2,2,0.25232604138315,18.328125,True,0.04922281578183174
6htj__A1_Q97VU8--6htj__B1_Q97VU8,19,5,1,2,0.0961281040142648,18.109375,False,0.018714725971221924
6htj__A1_Q97VU8--6htj__B1_Q97VU8,20,5,3,2,0.0574852476427834,15.78125,False,0.00880114920437336
6hul__B1_P50383--6hul__A1_P50382,1,5,1,3,0.7682314825245182,91.125,True,0.9998797178268433
6hul__B1_P50383--6hul__A1_P50382,2,3,3,3,0.78588443699575,90.9375,True,0.011889422312378883
6hul__B1_P50383--6hul__A1_P50382,3,1,2,3,0.7541557321223807,90.0625,True,0.27221691608428955
6hul__B1_P50383--6hul__A1_P50382,4,1,1,3,0.7680210254908532,90.0625,True,0.03745783492922783
6hul__B1_P50383--6hul__A1_P50382,5,5,3,3,0.7862150785363475,90.0625,True,0.9999408721923828
6hul__B1_P50383--6hul__A1_P50382,6,5,2,3,0.7634145650740991,89.625,True,0.999170184135437
6hul__B1_P50383--6hul__A1_P50382,7,3,2,3,0.7756509790001108,89.4375,True,0.03184189274907112
6hul__B1_P50383--6hul__A1_P50382,8,1,3,3,0.7853586363140508,89.4375,True,0.10913592576980591
6hul__B1_P50383--6hul__A1_P50382,9,4,1,3,0.7872497226615395,89.25,True,0.9270236492156982
6hul__B1_P50383--6hul__A1_P50382,10,3,0,3,0.7860919786775448,89.1875,True,0.20490969717502594
6hul__B1_P50383--6hul__A1_P50382,11,3,1,3,0.7634044663356104,88.6875,True,0.23895396292209625
6hul__B1_P50383--6hul__A1_P50382,12,2,3,3,0.781492536889183,88.5,True,0.1446419656276703
6hul__B1_P50383--6hul__A1_P50382,13,4,2,3,0.8514269150369854,88.0,True,0.8562561869621277
6hul__B1_P50383--6hul__A1_P50382,14,2,2,3,0.7849570233443175,87.6875,True,0.1160815879702568
6hul__B1_P50383--6hul__A1_P50382,15,2,1,3,0.7852161992111872,86.5,True,0.17100869119167328
6hul__B1_P50383--6hul__A1_P50382,16,4,3,3,0.652340248454882,85.6875,True,0.7172645330429077
6hul__B1_P50383--6hul__A1_P50382,17,5,0,3,0.6799158832872823,82.1875,True,0.1719919890165329
6hul__B1_P50383--6hul__A1_P50382,18,2,0,3,0.8406130013406848,80.625,True,0.7359572649002075
6hul__B1_P50383--6hul__A1_P50382,19,4,0,3,0.7257410198997197,79.875,True,0.6312317252159119
6hul__B1_P50383--6hul__A1_P50382,20,1,0,3,0.6971231529435976,78.5,True,0.9582364559173584
6i7s__C1_P55157--6i7s__A1_P07237,1,1,0,3,0.7546723345142078,83.4375,True,0.8244035840034485
6i7s__C1_P55157--6i7s__A1_P07237,2,1,1,3,0.7542917078399406,82.625,True,0.825319230556488
6i7s__C1_P55157--6i7s__A1_P07237,3,5,1,3,0.7179739481860326,82.375,True,0.6791040301322937
6i7s__C1_P55157--6i7s__A1_P07237,4,1,3,3,0.749175217758232,82.125,True,0.8360132575035095
6i7s__C1_P55157--6i7s__A1_P07237,5,1,2,3,0.7434943374086279,82.0,True,0.8442167043685913
6i7s__C1_P55157--6i7s__A1_P07237,6,4,0,3,0.7432364986386985,81.4375,True,0.7848164439201355
6i7s__C1_P55157--6i7s__A1_P07237,7,4,3,3,0.731356894165469,81.4375,True,0.7201331853866577
6i7s__C1_P55157--6i7s__A1_P07237,8,5,0,3,0.7321885014716413,81.375,True,0.7650586366653442
6i7s__C1_P55157--6i7s__A1_P07237,9,4,1,3,0.7030162245634283,81.0625,True,0.7117305397987366
6i7s__C1_P55157--6i7s__A1_P07237,10,4,2,3,0.7316454078410484,80.625,True,0.7645378708839417
6i7s__C1_P55157--6i7s__A1_P07237,11,2,1,3,0.7061924534869072,79.875,True,0.610065758228302
6i7s__C1_P55157--6i7s__A1_P07237,12,5,3,3,0.7252910237509652,79.8125,True,0.7660239338874817
6i7s__C1_P55157--6i7s__A1_P07237,13,2,0,3,0.7337366674568188,79.5625,True,0.6020137071609497
6i7s__C1_P55157--6i7s__A1_P07237,14,2,3,3,0.7612519490347993,78.4375,True,0.5777736902236938
6i7s__C1_P55157--6i7s__A1_P07237,15,5,2,3,0.7099945865768555,78.3125,True,0.6285053491592407
6i7s__C1_P55157--6i7s__A1_P07237,16,3,0,3,0.6508890814585512,78.1875,True,0.7831165194511414
6i7s__C1_P55157--6i7s__A1_P07237,17,2,2,3,0.7378199856747866,78.0,True,0.5940518379211426
6i7s__C1_P55157--6i7s__A1_P07237,18,3,1,3,0.579651881691957,74.625,True,0.933513343334198
6i7s__C1_P55157--6i7s__A1_P07237,19,3,3,3,0.4973066088616764,72.625,True,0.9672256708145142
6i7s__C1_P55157--6i7s__A1_P07237,20,3,2,3,0.5414302063790876,72.375,True,0.9733539819717407
6in7__B1_Q06198--6in7__A1_P38107,1,1,1,2,0.7807760753875316,90.625,True,0.8421008586883545
6in7__B1_Q06198--6in7__A1_P38107,2,1,0,2,0.7735957360895118,90.375,True,0.8542333245277405
6in7__B1_Q06198--6in7__A1_P38107,3,3,1,2,0.8071782182788235,90.125,True,0.8657484650611877
6in7__B1_Q06198--6in7__A1_P38107,4,3,2,2,0.808910487088584,90.0,True,0.8749708533287048
6in7__B1_Q06198--6in7__A1_P38107,5,1,2,2,0.806848143079972,89.625,True,0.8382977843284607
6in7__B1_Q06198--6in7__A1_P38107,6,5,2,2,0.8003719057641066,89.5,True,0.8718128800392151
6in7__B1_Q06198--6in7__A1_P38107,7,4,2,2,0.7742388139398741,89.4375,True,0.8943654894828796
6in7__B1_Q06198--6in7__A1_P38107,8,3,0,2,0.8130302587978022,89.375,True,0.8231886625289917
6in7__B1_Q06198--6in7__A1_P38107,9,5,0,2,0.8071450674581575,89.375,True,0.8442902565002441
6in7__B1_Q06198--6in7__A1_P38107,10,5,1,2,0.8019526141323426,89.375,True,0.847667396068573
6in7__B1_Q06198--6in7__A1_P38107,11,4,1,2,0.7755795484703162,89.3125,True,0.8999042510986328
6in7__B1_Q06198--6in7__A1_P38107,12,5,3,2,0.805600668330665,89.3125,True,0.8545674681663513
6in7__B1_Q06198--6in7__A1_P38107,13,2,1,2,0.8260655627359705,89.25,True,0.872352123260498
6in7__B1_Q06198--6in7__A1_P38107,14,4,0,2,0.7806279195470145,89.1875,True,0.8610751628875732
6in7__B1_Q06198--6in7__A1_P38107,15,3,3,2,0.8159101924598238,89.1875,True,0.8526267409324646
6in7__B1_Q06198--6in7__A1_P38107,16,2,2,2,0.8294965234918014,88.875,True,0.8308692574501038
6in7__B1_Q06198--6in7__A1_P38107,17,4,3,2,0.7752296771003264,88.625,True,0.8683107495307922
6in7__B1_Q06198--6in7__A1_P38107,18,1,3,2,0.7978264112346215,88.625,True,0.8578683137893677
6in7__B1_Q06198--6in7__A1_P38107,19,2,3,2,0.8206133397713101,88.125,True,0.8444243669509888
6in7__B1_Q06198--6in7__A1_P38107,20,2,0,2,0.817035336213411,87.625,True,0.8707312941551208
6iub__A1_O25759--6iub__B1_O25759,1,1,2,4,0.1604494920811686,90.5625,False,0.5829706788063049
6iub__A1_O25759--6iub__B1_O25759,2,1,0,4,0.1630834502930936,90.3125,False,0.608713686466217
6iub__A1_O25759--6iub__B1_O25759,3,1,1,4,0.16705347776027,90.0625,False,0.5247952938079834
6iub__A1_O25759--6iub__B1_O25759,4,1,3,4,0.1712575198609405,89.9375,False,0.7907179594039917
6iub__A1_O25759--6iub__B1_O25759,5,2,0,4,0.1420461493868372,88.875,False,0.28193992376327515
6iub__A1_O25759--6iub__B1_O25759,6,2,3,4,0.1415989170646357,88.5625,False,0.116649329662323
6iub__A1_O25759--6iub__B1_O25759,7,2,2,4,0.1420550587734984,88.25,False,0.13751232624053955
6iub__A1_O25759--6iub__B1_O25759,8,2,1,4,0.1417183983674608,88.0,False,0.24989567697048187
6iub__A1_O25759--6iub__B1_O25759,9,3,3,4,0.168123518745118,87.5,False,0.7938070297241211
6iub__A1_O25759--6iub__B1_O25759,10,5,0,4,0.1628376287180989,87.5,False,0.9868769645690918
6iub__A1_O25759--6iub__B1_O25759,11,3,2,4,0.1677592891672875,87.4375,False,0.6000531911849976
6iub__A1_O25759--6iub__B1_O25759,12,3,0,4,0.1690195191487085,87.375,False,0.7710942625999451
6iub__A1_O25759--6iub__B1_O25759,13,5,2,4,0.161487827450837,87.25,False,0.9700766801834106
6iub__A1_O25759--6iub__B1_O25759,14,5,1,4,0.1640663412916916,86.9375,False,0.9813507795333862
6iub__A1_O25759--6iub__B1_O25759,15,5,3,4,0.1630120904396575,86.8125,False,0.9700766801834106
6iub__A1_O25759--6iub__B1_O25759,16,3,1,4,0.1682754315962299,86.5625,False,0.5849993228912354
6iub__A1_O25759--6iub__B1_O25759,17,4,1,4,0.2411157659653081,63.34375,True,0.9943958520889282
6iub__A1_O25759--6iub__B1_O25759,18,4,0,4,0.2296363885645787,63.25,False,0.9993675351142883
6iub__A1_O25759--6iub__B1_O25759,19,4,2,4,0.2362100753506071,62.0,True,0.9984049201011658
6iub__A1_O25759--6iub__B1_O25759,20,4,3,4,0.2295848676767181,60.625,False,0.9988250136375427
6j2u__B1_Q93HL2--6j2u__A1_Q93HL1,1,1,1,2,0.9374508786738164,93.5,True,0.8453982472419739
6j2u__B1_Q93HL2--6j2u__A1_Q93HL1,2,1,2,2,0.9341866835934534,93.5,True,0.8553162217140198
6j2u__B1_Q93HL2--6j2u__A1_Q93HL1,3,5,3,2,0.929333339208146,93.4375,True,0.8502560257911682
6j2u__B1_Q93HL2--6j2u__A1_Q93HL1,4,5,2,2,0.9354429283772266,93.4375,True,0.8693289756774902
6j2u__B1_Q93HL2--6j2u__A1_Q93HL1,5,5,1,2,0.9341261950606377,93.4375,True,0.8647453188896179
6j2u__B1_Q93HL2--6j2u__A1_Q93HL1,6,1,3,2,0.9391406173884288,93.4375,True,0.8776313066482544
6j2u__B1_Q93HL2--6j2u__A1_Q93HL1,7,1,0,2,0.934362713178391,93.4375,True,0.835676372051239
6j2u__B1_Q93HL2--6j2u__A1_Q93HL1,8,3,2,2,0.9321014408763229,93.375,True,0.8787161111831665
6j2u__B1_Q93HL2--6j2u__A1_Q93HL1,9,5,0,2,0.9241202678034404,93.375,True,0.863900363445282
6j2u__B1_Q93HL2--6j2u__A1_Q93HL1,10,4,3,2,0.9334068395345028,93.25,True,0.852011501789093
6j2u__B1_Q93HL2--6j2u__A1_Q93HL1,11,3,1,2,0.9330093220840024,93.25,True,0.8681306838989258
6j2u__B1_Q93HL2--6j2u__A1_Q93HL1,12,3,3,2,0.9311192428770776,93.1875,True,0.8836332559585571
6j2u__B1_Q93HL2--6j2u__A1_Q93HL1,13,4,1,2,0.935260031701876,93.125,True,0.8790397644042969
6j2u__B1_Q93HL2--6j2u__A1_Q93HL1,14,3,0,2,0.9279856182012944,93.125,True,0.8834846615791321
6j2u__B1_Q93HL2--6j2u__A1_Q93HL1,15,4,2,2,0.9324712656762328,93.0625,True,0.8360769748687744
6j2u__B1_Q93HL2--6j2u__A1_Q93HL1,16,2,2,2,0.9312336493612776,92.9375,True,0.8295595049858093
6j2u__B1_Q93HL2--6j2u__A1_Q93HL1,17,2,3,2,0.9326274412805322,92.875,True,0.8796764612197876
6j2u__B1_Q93HL2--6j2u__A1_Q93HL1,18,2,1,2,0.9315170495076566,92.8125,True,0.889630138874054
6j2u__B1_Q93HL2--6j2u__A1_Q93HL1,19,2,0,2,0.9325568734991664,92.75,True,0.8721481561660767
6j2u__B1_Q93HL2--6j2u__A1_Q93HL1,20,4,0,2,0.9249829135752916,92.625,True,0.8642935156822205
6j4p__A1_Q86V25--6j4p__B1_Q8N300,1,1,0,4,0.7339031598225639,91.8125,True,0.8197620511054993
6j4p__A1_Q86V25--6j4p__B1_Q8N300,2,1,2,4,0.7163390980466021,91.625,True,0.8140278458595276
6j4p__A1_Q86V25--6j4p__B1_Q8N300,3,4,0,4,0.7423890380812779,91.5,True,0.8409574627876282
6j4p__A1_Q86V25--6j4p__B1_Q8N300,4,1,1,4,0.7229078733258886,91.5,True,0.8180884718894958
6j4p__A1_Q86V25--6j4p__B1_Q8N300,5,4,1,4,0.7417572640258001,91.5,True,0.8442819118499756
6j4p__A1_Q86V25--6j4p__B1_Q8N300,6,4,3,4,0.742386198280227,91.5,True,0.8442819118499756
6j4p__A1_Q86V25--6j4p__B1_Q8N300,7,3,3,4,0.739110509733897,91.375,True,0.8291071057319641
6j4p__A1_Q86V25--6j4p__B1_Q8N300,8,1,3,4,0.7197318412362326,91.375,True,0.8170199990272522
6j4p__A1_Q86V25--6j4p__B1_Q8N300,9,4,2,4,0.7398319292464736,91.375,True,0.8442819118499756
6j4p__A1_Q86V25--6j4p__B1_Q8N300,10,5,1,4,0.7326546843361372,91.3125,True,0.8311804533004761
6j4p__A1_Q86V25--6j4p__B1_Q8N300,11,5,2,4,0.7106858312774489,91.25,True,0.829340398311615
6j4p__A1_Q86V25--6j4p__B1_Q8N300,12,3,0,4,0.737263609888093,91.25,True,0.8270983695983887
6j4p__A1_Q86V25--6j4p__B1_Q8N300,13,5,0,4,0.7307696124279959,91.1875,True,0.8311804533004761
6j4p__A1_Q86V25--6j4p__B1_Q8N300,14,5,3,4,0.7311376662794217,91.1875,True,0.8087729215621948
6j4p__A1_Q86V25--6j4p__B1_Q8N300,15,3,1,4,0.737771079155304,91.0625,True,0.8291071057319641
6j4p__A1_Q86V25--6j4p__B1_Q8N300,16,3,2,4,0.7394722195626664,91.0,True,0.8291071057319641
6j4p__A1_Q86V25--6j4p__B1_Q8N300,17,2,0,4,0.7290187431589829,91.0,True,0.8409066200256348
6j4p__A1_Q86V25--6j4p__B1_Q8N300,18,2,1,4,0.7362163043476798,90.75,True,0.828999936580658
6j4p__A1_Q86V25--6j4p__B1_Q8N300,19,2,3,4,0.7263637134022255,90.6875,True,0.8341353535652161
6j4p__A1_Q86V25--6j4p__B1_Q8N300,20,2,2,4,0.7269347949651078,90.625,True,0.8311489224433899
6j7m__A1_Q9HZZ1--6j7m__C1_Q9HZZ2,1,1,2,0,0.3299399393566154,81.0625,True,0.4856030344963074
6j7m__A1_Q9HZZ1--6j7m__C1_Q9HZZ2,2,1,0,0,0.3339746608509506,79.9375,True,0.8261696100234985
6j7m__A1_Q9HZZ1--6j7m__C1_Q9HZZ2,3,1,3,0,0.3322335723292244,78.9375,True,0.5521458387374878
6j7m__A1_Q9HZZ1--6j7m__C1_Q9HZZ2,4,5,0,0,0.3237327538004391,78.4375,True,0.3348464071750641
6j7m__A1_Q9HZZ1--6j7m__C1_Q9HZZ2,5,3,0,0,0.5795710730921008,76.5625,True,0.8425731062889099
6j7m__A1_Q9HZZ1--6j7m__C1_Q9HZZ2,6,1,1,0,0.3858349819534363,75.9375,True,0.9582030773162842
6j7m__A1_Q9HZZ1--6j7m__C1_Q9HZZ2,7,5,2,0,0.3469429507742447,75.875,True,0.6819539070129395
6j7m__A1_Q9HZZ1--6j7m__C1_Q9HZZ2,8,3,2,0,0.6206303640737313,74.75,True,0.9709916710853577
6j7m__A1_Q9HZZ1--6j7m__C1_Q9HZZ2,9,4,2,0,0.6565300593850268,72.375,True,0.9500591158866882
6j7m__A1_Q9HZZ1--6j7m__C1_Q9HZZ2,10,5,3,0,0.3308423810559275,71.0,True,0.5231707692146301
6j7m__A1_Q9HZZ1--6j7m__C1_Q9HZZ2,11,4,0,0,0.676368213557936,70.75,True,0.922140896320343
6j7m__A1_Q9HZZ1--6j7m__C1_Q9HZZ2,12,5,1,0,0.3653492236382941,68.0625,True,0.9661332964897156
6j7m__A1_Q9HZZ1--6j7m__C1_Q9HZZ2,13,3,1,0,0.6562983672467623,67.625,True,0.9262678027153015
6j7m__A1_Q9HZZ1--6j7m__C1_Q9HZZ2,14,2,2,0,0.5258086613205368,66.5,True,0.7523989081382751
6j7m__A1_Q9HZZ1--6j7m__C1_Q9HZZ2,15,4,3,0,0.689590184705315,64.6875,True,0.9186192750930786
6j7m__A1_Q9HZZ1--6j7m__C1_Q9HZZ2,16,2,1,0,0.3824289016401919,64.0625,True,0.8358654975891113
6j7m__A1_Q9HZZ1--6j7m__C1_Q9HZZ2,17,2,3,0,0.4996790691300981,63.96875,True,0.10103973001241684
6j7m__A1_Q9HZZ1--6j7m__C1_Q9HZZ2,18,4,1,0,0.6679202568122795,62.90625,True,0.9315066933631897
6j7m__A1_Q9HZZ1--6j7m__C1_Q9HZZ2,19,3,3,0,0.594623625623618,62.125,True,0.9645919799804688
6j7m__A1_Q9HZZ1--6j7m__C1_Q9HZZ2,20,2,0,0,0.3781328762515868,62.125,True,0.9140064120292664
6jh0__D1_UNDEFINED--6jh0__A1_P03502,1,5,1,4,0.2868185929111327,54.9375,True,0.11157604306936264
6jh0__D1_UNDEFINED--6jh0__A1_P03502,2,5,2,4,0.0317270049239623,49.78125,False,0.04554291442036629
6jh0__D1_UNDEFINED--6jh0__A1_P03502,3,4,3,4,0.0312654614339092,46.15625,False,0.006176896393299103
6jh0__D1_UNDEFINED--6jh0__A1_P03502,4,3,2,4,0.1540090453503059,44.78125,False,0.048031482845544815
6jh0__D1_UNDEFINED--6jh0__A1_P03502,5,3,0,4,0.172870873978848,40.5625,False,0.3722577393054962
6jh0__D1_UNDEFINED--6jh0__A1_P03502,6,4,1,4,0.0328938032620206,38.84375,False,0.1658683866262436
6jh0__D1_UNDEFINED--6jh0__A1_P03502,7,5,0,4,0.0333663779677991,36.78125,False,0.006793090607970953
6jh0__D1_UNDEFINED--6jh0__A1_P03502,8,4,2,4,0.2015384215808579,34.65625,False,0.028544507920742035
6jh0__D1_UNDEFINED--6jh0__A1_P03502,9,1,1,4,0.117975693281271,31.828125,False,0.04827243834733963
6jh0__D1_UNDEFINED--6jh0__A1_P03502,10,2,1,4,0.2349279190231376,31.46875,True,0.19151361286640167
6jh0__D1_UNDEFINED--6jh0__A1_P03502,11,2,2,4,0.0330207587377354,30.984375,False,7.471266144420952e-06
6jh0__D1_UNDEFINED--6jh0__A1_P03502,12,3,1,4,0.034640031466794,30.578125,False,0.9970970153808594
6jh0__D1_UNDEFINED--6jh0__A1_P03502,13,5,3,4,0.032651754827587,29.421875,False,0.0027578372973948717
6jh0__D1_UNDEFINED--6jh0__A1_P03502,14,2,3,4,0.0345940711137169,28.65625,False,0.04889477416872978
6jh0__D1_UNDEFINED--6jh0__A1_P03502,15,4,0,4,0.1981011217020413,27.828125,False,0.9754956364631653
6jh0__D1_UNDEFINED--6jh0__A1_P03502,16,1,2,4,0.1330033320886161,27.265625,False,0.049621596932411194
6jh0__D1_UNDEFINED--6jh0__A1_P03502,17,2,0,4,0.0465738513686277,27.09375,False,0.05402103066444397
6jh0__D1_UNDEFINED--6jh0__A1_P03502,18,1,3,4,0.1272361220600932,25.828125,False,0.06005558371543884
6jh0__D1_UNDEFINED--6jh0__A1_P03502,19,1,0,4,0.0486788355907495,25.234375,False,0.07728267461061478
6jh0__D1_UNDEFINED--6jh0__A1_P03502,20,3,3,4,0.0934667761502363,18.65625,False,0.06954733282327652
6jtz__A1_P46063--6jtz__B1_P46063,1,2,2,3,0.0109543703480438,54.0,False,0.19863885641098022
6jtz__A1_P46063--6jtz__B1_P46063,2,2,0,3,0.0106084044774822,50.84375,False,0.1201598048210144
6jtz__A1_P46063--6jtz__B1_P46063,3,4,3,3,0.4998503062141585,42.40625,True,0.29443496465682983
6jtz__A1_P46063--6jtz__B1_P46063,4,4,0,3,0.482409087941682,39.96875,True,0.3593616783618927
6jtz__A1_P46063--6jtz__B1_P46063,5,4,2,3,0.4871534368220787,34.59375,True,0.3710404932498932
6jtz__A1_P46063--6jtz__B1_P46063,6,4,1,3,0.4766069337362498,33.3125,True,0.37872740626335144
6jtz__A1_P46063--6jtz__B1_P46063,7,5,1,3,0.0344295874268464,24.46875,False,0.9448474645614624
6jtz__A1_P46063--6jtz__B1_P46063,8,5,0,3,0.0355073846017889,24.28125,False,0.4067073464393616
6jtz__A1_P46063--6jtz__B1_P46063,9,5,3,3,0.0333044550909169,24.1875,False,0.3106599748134613
6jtz__A1_P46063--6jtz__B1_P46063,10,5,2,3,0.0355534621237207,24.046875,False,0.9612993597984314
6jtz__A1_P46063--6jtz__B1_P46063,11,1,2,3,0.0315882943172876,22.25,False,0.0007606032304465771
6jtz__A1_P46063--6jtz__B1_P46063,12,1,1,3,0.0314624466498928,22.171875,False,0.0009977909503504634
6jtz__A1_P46063--6jtz__B1_P46063,13,1,3,3,0.0307963865233833,22.046875,False,0.0019516615429893136
6jtz__A1_P46063--6jtz__B1_P46063,14,1,0,3,0.0326510112083032,22.015625,False,0.0008580894791521132
6jtz__A1_P46063--6jtz__B1_P46063,15,2,1,3,0.063174892815036,21.96875,False,0.0318269319832325
6jtz__A1_P46063--6jtz__B1_P46063,16,2,3,3,0.0540761063450711,21.390625,False,0.05461690202355385
6jtz__A1_P46063--6jtz__B1_P46063,17,3,2,3,0.1305655828630151,21.234375,False,0.02499416656792164
6jtz__A1_P46063--6jtz__B1_P46063,18,3,0,3,0.1772258414144118,20.984375,False,0.046275652945041656
6jtz__A1_P46063--6jtz__B1_P46063,19,3,1,3,0.1098909683717456,20.71875,False,0.004732459783554077
6jtz__A1_P46063--6jtz__B1_P46063,20,3,3,3,0.1053199807787516,20.71875,False,0.014238747768104076
6jzf__A1_Q8VY16--6jzf__B1_Q8VY16,1,4,0,0,0.0132469169442363,78.875,False,0.014490962028503418
6jzf__A1_Q8VY16--6jzf__B1_Q8VY16,2,4,3,0,0.01321652373882,78.375,False,0.023506026715040207
6jzf__A1_Q8VY16--6jzf__B1_Q8VY16,3,4,2,0,0.0132624265762041,78.1875,False,0.026926174759864807
6jzf__A1_Q8VY16--6jzf__B1_Q8VY16,4,4,1,0,0.0132316758832309,77.5625,False,0.030974820256233215
6jzf__A1_Q8VY16--6jzf__B1_Q8VY16,5,3,1,0,0.0130004057245993,76.4375,False,0.00564076891168952
6jzf__A1_Q8VY16--6jzf__B1_Q8VY16,6,3,0,0,0.0128283302420754,76.1875,False,0.0038674469105899334
6jzf__A1_Q8VY16--6jzf__B1_Q8VY16,7,5,0,0,0.0135847170391601,76.0625,False,0.06859400123357773
6jzf__A1_Q8VY16--6jzf__B1_Q8VY16,8,3,3,0,0.0126899503507766,75.25,False,0.004308043513447046
6jzf__A1_Q8VY16--6jzf__B1_Q8VY16,9,5,1,0,0.0136686964659389,74.5625,False,0.04446258768439293
6jzf__A1_Q8VY16--6jzf__B1_Q8VY16,10,3,2,0,0.0129659684001942,74.1875,False,0.004645165055990219
6jzf__A1_Q8VY16--6jzf__B1_Q8VY16,11,1,0,0,0.012674588613534,73.375,False,0.15585972368717194
6jzf__A1_Q8VY16--6jzf__B1_Q8VY16,12,1,1,0,0.0127121995666796,72.125,False,0.13327904045581818
6jzf__A1_Q8VY16--6jzf__B1_Q8VY16,13,2,3,0,0.0113208229811127,57.71875,False,0.05936392396688461
6jzf__A1_Q8VY16--6jzf__B1_Q8VY16,14,5,3,0,0.3845908003874713,56.9375,True,0.01759834587574005
6jzf__A1_Q8VY16--6jzf__B1_Q8VY16,15,1,2,0,0.009277580321219,40.6875,False,0.06351546943187714
6jzf__A1_Q8VY16--6jzf__B1_Q8VY16,16,2,2,0,0.0087283609536199,40.5,False,0.08270929753780365
6jzf__A1_Q8VY16--6jzf__B1_Q8VY16,17,2,0,0,0.0094403659589411,39.40625,False,0.07992224395275116
6jzf__A1_Q8VY16--6jzf__B1_Q8VY16,18,2,1,0,0.0086691277169006,38.8125,False,0.07894489914178848
6jzf__A1_Q8VY16--6jzf__B1_Q8VY16,19,1,3,0,0.0110077158953617,33.71875,False,0.15793605148792267
6jzf__A1_Q8VY16--6jzf__B1_Q8VY16,20,5,2,0,0.0409389544009038,17.28125,False,0.017636876553297043
6k3b__A1_Q5ZTL4--6k3b__B1_Q5ZTL2,1,4,1,3,0.0163133287622567,28.09375,False,0.04687444493174553
6k3b__A1_Q5ZTL4--6k3b__B1_Q5ZTL2,2,1,2,3,0.012751061681791,26.78125,False,0.04221813753247261
6k3b__A1_Q5ZTL4--6k3b__B1_Q5ZTL2,3,4,0,3,0.026310760550133,25.984375,False,0.035191357135772705
6k3b__A1_Q5ZTL4--6k3b__B1_Q5ZTL2,4,1,0,3,0.0124761531630576,25.96875,False,0.03727724030613899
6k3b__A1_Q5ZTL4--6k3b__B1_Q5ZTL2,5,1,3,3,0.0179294266243535,23.828125,False,0.04117279127240181
6k3b__A1_Q5ZTL4--6k3b__B1_Q5ZTL2,6,2,0,3,0.0291970611743457,23.296875,False,0.04723236337304115
6k3b__A1_Q5ZTL4--6k3b__B1_Q5ZTL2,7,3,0,3,0.0708284133450186,22.640625,False,0.042995452880859375
6k3b__A1_Q5ZTL4--6k3b__B1_Q5ZTL2,8,2,3,3,0.0395271144971371,22.578125,False,0.045572977513074875
6k3b__A1_Q5ZTL4--6k3b__B1_Q5ZTL2,9,2,2,3,0.023955476742821,22.09375,False,0.0361524261534214
6k3b__A1_Q5ZTL4--6k3b__B1_Q5ZTL2,10,5,2,3,0.0127953901273321,22.0625,False,0.02986309677362442
6k3b__A1_Q5ZTL4--6k3b__B1_Q5ZTL2,11,2,1,3,0.0704517368721931,22.03125,False,0.03933737799525261
6k3b__A1_Q5ZTL4--6k3b__B1_Q5ZTL2,12,5,0,3,0.0224557412840534,21.46875,False,0.03975619375705719
6k3b__A1_Q5ZTL4--6k3b__B1_Q5ZTL2,13,4,3,3,0.0149175421641974,21.25,False,0.049168962985277176
6k3b__A1_Q5ZTL4--6k3b__B1_Q5ZTL2,14,1,1,3,0.0387950074376318,21.171875,False,0.04848065599799156
6k3b__A1_Q5ZTL4--6k3b__B1_Q5ZTL2,15,4,2,3,0.0265860256210591,20.75,False,0.03819340839982033
6k3b__A1_Q5ZTL4--6k3b__B1_Q5ZTL2,16,3,3,3,0.0244089533331131,20.703125,False,0.03976457566022873
6k3b__A1_Q5ZTL4--6k3b__B1_Q5ZTL2,17,5,3,3,0.0346539493931616,20.421875,False,0.03221094608306885
6k3b__A1_Q5ZTL4--6k3b__B1_Q5ZTL2,18,5,1,3,0.054420321049387,20.328125,False,0.03319345414638519
6k3b__A1_Q5ZTL4--6k3b__B1_Q5ZTL2,19,3,1,3,0.0115401309631229,15.984375,False,0.038986146450042725
6k3b__A1_Q5ZTL4--6k3b__B1_Q5ZTL2,20,3,2,3,0.014008483728316,15.46875,False,0.032191358506679535
6k7c__A1_D4ZE39--6k7c__B1_D4ZE39,1,3,3,2,0.0387054167633417,64.125,False,0.03393939137458801
6k7c__A1_D4ZE39--6k7c__B1_D4ZE39,2,3,0,2,0.0428430025804001,62.5,False,0.003784344531595707
6k7c__A1_D4ZE39--6k7c__B1_D4ZE39,3,3,1,2,0.0430048256191702,61.8125,False,0.007572871167212725
6k7c__A1_D4ZE39--6k7c__B1_D4ZE39,4,3,2,2,0.0387557197771399,61.65625,False,0.04491201415657997
6k7c__A1_D4ZE39--6k7c__B1_D4ZE39,5,5,0,2,0.0475377230508599,54.15625,False,0.007275457959622145
6k7c__A1_D4ZE39--6k7c__B1_D4ZE39,6,5,3,2,0.0472163536262569,53.53125,False,0.0023169771302491426
6k7c__A1_D4ZE39--6k7c__B1_D4ZE39,7,5,1,2,0.0473138031906511,51.8125,False,0.007275457959622145
6k7c__A1_D4ZE39--6k7c__B1_D4ZE39,8,5,2,2,0.0473020119536468,50.75,False,0.0004982672398909926
6k7c__A1_D4ZE39--6k7c__B1_D4ZE39,9,2,1,2,0.055849797259864,41.09375,False,0.3036859333515167
6k7c__A1_D4ZE39--6k7c__B1_D4ZE39,10,2,0,2,0.056380162551728,40.125,False,0.33617210388183594
6k7c__A1_D4ZE39--6k7c__B1_D4ZE39,11,2,2,2,0.057416021672513,37.40625,False,0.17552612721920013
6k7c__A1_D4ZE39--6k7c__B1_D4ZE39,12,2,3,2,0.0566842026531462,35.90625,False,0.2541978061199188
6k7c__A1_D4ZE39--6k7c__B1_D4ZE39,13,1,2,2,0.0552678292712508,29.484375,False,0.7298815250396729
6k7c__A1_D4ZE39--6k7c__B1_D4ZE39,14,1,1,2,0.0564895613701288,26.6875,False,0.17541927099227905
6k7c__A1_D4ZE39--6k7c__B1_D4ZE39,15,1,0,2,0.0615271023144989,26.3125,False,0.2241503894329071
6k7c__A1_D4ZE39--6k7c__B1_D4ZE39,16,1,3,2,0.0632352575715884,25.71875,False,0.11517535150051117
6k7c__A1_D4ZE39--6k7c__B1_D4ZE39,17,4,1,2,0.061110570784564,25.15625,False,0.27703312039375305
6k7c__A1_D4ZE39--6k7c__B1_D4ZE39,18,4,3,2,0.0601680040826052,25.046875,False,0.13036127388477325
6k7c__A1_D4ZE39--6k7c__B1_D4ZE39,19,4,0,2,0.0619808699444431,25.0,False,0.22474795579910278
6k7c__A1_D4ZE39--6k7c__B1_D4ZE39,20,4,2,2,0.0629474256715538,24.875,False,0.6353968977928162
6k8i__B1_Q96524--6k8i__A1_Q96524,1,3,0,0,0.0051372049974856,60.875,False,0.9703578948974609
6k8i__B1_Q96524--6k8i__A1_Q96524,2,5,0,0,0.0050676018613248,59.0625,False,0.774610698223114
6k8i__B1_Q96524--6k8i__A1_Q96524,3,5,3,0,0.0049637597045195,58.875,False,0.9878292083740234
6k8i__B1_Q96524--6k8i__A1_Q96524,4,2,1,0,0.0050095696730389,58.21875,False,0.8755462765693665
6k8i__B1_Q96524--6k8i__A1_Q96524,5,5,1,0,0.0049960465444232,57.6875,False,0.8154822587966919
6k8i__B1_Q96524--6k8i__A1_Q96524,6,2,0,0,0.0056321145739542,55.3125,False,0.6664361953735352
6k8i__B1_Q96524--6k8i__A1_Q96524,7,1,0,0,0.0059690737184145,55.0,False,0.9476765394210815
6k8i__B1_Q96524--6k8i__A1_Q96524,8,2,2,0,0.0057074917744901,54.78125,False,0.6299290657043457
6k8i__B1_Q96524--6k8i__A1_Q96524,9,2,3,0,0.0054060499889756,54.53125,False,0.6760268807411194
6k8i__B1_Q96524--6k8i__A1_Q96524,10,3,1,0,0.0052923747995492,53.15625,False,0.9767792820930481
6k8i__B1_Q96524--6k8i__A1_Q96524,11,1,3,0,0.0058790871027801,52.8125,False,0.9189839959144592
6k8i__B1_Q96524--6k8i__A1_Q96524,12,1,2,0,0.0055482068724988,52.78125,False,0.9360063672065735
6k8i__B1_Q96524--6k8i__A1_Q96524,13,3,3,0,0.005248770819636,52.4375,False,0.9417853355407715
6k8i__B1_Q96524--6k8i__A1_Q96524,14,1,1,0,0.0057603400600724,51.8125,False,0.9581789970397949
6k8i__B1_Q96524--6k8i__A1_Q96524,15,4,2,0,0.0052584570960492,50.34375,False,0.7515084743499756
6k8i__B1_Q96524--6k8i__A1_Q96524,16,4,3,0,0.0055877968000223,49.3125,False,0.6666081547737122
6k8i__B1_Q96524--6k8i__A1_Q96524,17,4,1,0,0.0055021008859495,49.28125,False,0.6271767616271973
6k8i__B1_Q96524--6k8i__A1_Q96524,18,3,2,0,0.0053275651575385,49.1875,False,0.9516446590423584
6k8i__B1_Q96524--6k8i__A1_Q96524,19,5,2,0,0.688888967198102,48.65625,True,0.01759834587574005
6k8i__B1_Q96524--6k8i__A1_Q96524,20,4,0,0,0.005430491209902,47.8125,False,0.5609460473060608
6kbe__A1_B9G207--6kbe__B1_P0CG48,1,4,2,3,0.3460214804366961,86.5625,True,0.8383514881134033
6kbe__A1_B9G207--6kbe__B1_P0CG48,2,4,3,3,0.5301916167810394,84.5,True,0.8354325890541077
6kbe__A1_B9G207--6kbe__B1_P0CG48,3,4,0,3,0.477675724137621,84.4375,True,0.9695289731025696
6kbe__A1_B9G207--6kbe__B1_P0CG48,4,4,1,3,0.55340853326663,84.25,True,0.982554018497467
6kbe__A1_B9G207--6kbe__B1_P0CG48,5,2,2,3,0.4855222291940075,84.125,True,0.9808180332183838
6kbe__A1_B9G207--6kbe__B1_P0CG48,6,1,1,3,0.5624620945681382,82.5625,True,0.27459385991096497
6kbe__A1_B9G207--6kbe__B1_P0CG48,7,1,2,3,0.5679881422973216,81.875,True,0.3223332166671753
6kbe__A1_B9G207--6kbe__B1_P0CG48,8,5,0,3,0.5253721029576258,81.375,True,0.12444295734167099
6kbe__A1_B9G207--6kbe__B1_P0CG48,9,5,2,3,0.5085293221595608,81.1875,True,0.06550496816635132
6kbe__A1_B9G207--6kbe__B1_P0CG48,10,5,3,3,0.539539066739109,81.0625,True,0.888192892074585
6kbe__A1_B9G207--6kbe__B1_P0CG48,11,2,0,3,0.5099345641553611,81.0,True,0.9973787069320679
6kbe__A1_B9G207--6kbe__B1_P0CG48,12,1,0,3,0.5403157070565721,81.0,True,0.9912393689155579
6kbe__A1_B9G207--6kbe__B1_P0CG48,13,5,1,3,0.489823251432163,80.25,True,0.08310204744338989
6kbe__A1_B9G207--6kbe__B1_P0CG48,14,3,1,3,0.6358132292176103,80.1875,True,0.04634223133325577
6kbe__A1_B9G207--6kbe__B1_P0CG48,15,3,3,3,0.5384742681987822,79.875,True,0.9765936136245728
6kbe__A1_B9G207--6kbe__B1_P0CG48,16,3,0,3,0.6553220166955837,79.8125,True,0.06589391827583313
6kbe__A1_B9G207--6kbe__B1_P0CG48,17,1,3,3,0.570170703951154,79.625,True,0.8841639757156372
6kbe__A1_B9G207--6kbe__B1_P0CG48,18,3,2,3,0.5728250073829221,79.5,True,0.03811699524521828
6kbe__A1_B9G207--6kbe__B1_P0CG48,19,2,1,3,0.5364608085106123,77.5625,True,0.9999253749847412
6kbe__A1_B9G207--6kbe__B1_P0CG48,20,2,3,3,0.4825908679276132,73.6875,True,0.9792819023132324
6ki2__A1_Q55415--6ki2__B1_Q55415,1,3,1,0,0.1893061994705863,71.375,False,0.9824939370155334
6ki2__A1_Q55415--6ki2__B1_Q55415,2,3,0,0,0.1878608848023439,70.6875,False,0.9841527342796326
6ki2__A1_Q55415--6ki2__B1_Q55415,3,5,3,0,0.1872156854399209,69.8125,False,0.5386543869972229
6ki2__A1_Q55415--6ki2__B1_Q55415,4,4,1,0,0.1817373805456518,68.8125,False,0.9940797090530396
6ki2__A1_Q55415--6ki2__B1_Q55415,5,4,0,0,0.1920595123312362,68.375,False,0.5098839402198792
6ki2__A1_Q55415--6ki2__B1_Q55415,6,4,2,0,0.1857872498529259,68.1875,False,0.9938111901283264
6ki2__A1_Q55415--6ki2__B1_Q55415,7,5,1,0,0.1883834922236412,67.8125,False,0.9219318628311157
6ki2__A1_Q55415--6ki2__B1_Q55415,8,3,3,0,0.1936175713623723,67.0625,False,0.9664326310157776
6ki2__A1_Q55415--6ki2__B1_Q55415,9,4,3,0,0.1926507365323602,67.0,False,0.5169098973274231
6ki2__A1_Q55415--6ki2__B1_Q55415,10,1,2,0,0.1920395624404658,66.8125,False,0.8719572424888611
6ki2__A1_Q55415--6ki2__B1_Q55415,11,3,2,0,0.1927635170769011,66.5,False,0.8852203488349915
6ki2__A1_Q55415--6ki2__B1_Q55415,12,1,3,0,0.1949305311837062,66.125,False,0.8860334157943726
6ki2__A1_Q55415--6ki2__B1_Q55415,13,5,0,0,0.1867039175755321,66.125,False,0.9789764285087585
6ki2__A1_Q55415--6ki2__B1_Q55415,14,5,2,0,0.1855969516638571,65.9375,False,0.921962559223175
6ki2__A1_Q55415--6ki2__B1_Q55415,15,1,0,0,0.1948238820335779,63.34375,False,0.5596514940261841
6ki2__A1_Q55415--6ki2__B1_Q55415,16,1,1,0,0.1938878217790897,61.78125,False,0.560262143611908
6ki2__A1_Q55415--6ki2__B1_Q55415,17,2,1,0,0.1822600317481732,51.96875,False,0.9176239371299744
6ki2__A1_Q55415--6ki2__B1_Q55415,18,2,0,0,0.188670710791578,50.59375,False,0.7151280641555786
6ki2__A1_Q55415--6ki2__B1_Q55415,19,2,2,0,0.1834327183570515,47.21875,False,0.9616955518722534
6ki2__A1_Q55415--6ki2__B1_Q55415,20,2,3,0,0.1860803917660728,44.03125,False,0.9610744714736938
6koi__B1_Q9Y5W9--6koi__A1_Q9Y5W9,1,5,1,0,0.0097063327220924,27.84375,False,0.45998498797416687
6koi__B1_Q9Y5W9--6koi__A1_Q9Y5W9,2,2,2,0,0.0121263343014858,25.625,False,0.08406254649162292
6koi__B1_Q9Y5W9--6koi__A1_Q9Y5W9,3,2,3,0,0.011733664683594,25.546875,False,0.1343487799167633
6koi__B1_Q9Y5W9--6koi__A1_Q9Y5W9,4,5,2,0,0.0097996869655591,25.15625,False,0.195911705493927
6koi__B1_Q9Y5W9--6koi__A1_Q9Y5W9,5,5,0,0,0.0099502343860331,25.046875,False,0.20942865312099457
6koi__B1_Q9Y5W9--6koi__A1_Q9Y5W9,6,5,3,0,0.0099218762057825,24.953125,False,0.23885591328144073
6koi__B1_Q9Y5W9--6koi__A1_Q9Y5W9,7,2,0,0,0.012167075692587,24.0625,False,0.0835418626666069
6koi__B1_Q9Y5W9--6koi__A1_Q9Y5W9,8,2,1,0,0.012458918493811,24.046875,False,0.060927461832761765
6koi__B1_Q9Y5W9--6koi__A1_Q9Y5W9,9,1,1,0,0.0101787514612177,23.671875,False,0.1057826578617096
6koi__B1_Q9Y5W9--6koi__A1_Q9Y5W9,10,1,0,0,0.010057542522697,23.328125,False,0.12417377531528473
6koi__B1_Q9Y5W9--6koi__A1_Q9Y5W9,11,1,2,0,0.0102634993451182,22.84375,False,0.10231012105941772
6koi__B1_Q9Y5W9--6koi__A1_Q9Y5W9,12,1,3,0,0.0102531433298439,22.625,False,0.24317827820777893
6koi__B1_Q9Y5W9--6koi__A1_Q9Y5W9,13,3,0,0,0.0104523395004002,22.046875,False,0.1011490449309349
6koi__B1_Q9Y5W9--6koi__A1_Q9Y5W9,14,3,2,0,0.0100942860760026,20.65625,False,0.06414289772510529
6koi__B1_Q9Y5W9--6koi__A1_Q9Y5W9,15,4,0,0,0.0129408833543152,19.734375,False,0.2556345760822296
6koi__B1_Q9Y5W9--6koi__A1_Q9Y5W9,16,3,1,0,0.0124203992949263,19.375,False,0.029879165813326836
6koi__B1_Q9Y5W9--6koi__A1_Q9Y5W9,17,3,3,0,0.0115803787877,18.71875,False,0.05145791172981262
6koi__B1_Q9Y5W9--6koi__A1_Q9Y5W9,18,4,1,0,0.0127025216177373,18.625,False,0.23014169931411743
6koi__B1_Q9Y5W9--6koi__A1_Q9Y5W9,19,4,2,0,0.012982946916734,18.609375,False,0.2825929820537567
6koi__B1_Q9Y5W9--6koi__A1_Q9Y5W9,20,4,3,0,0.0132651432821155,17.8125,False,0.2977088987827301
6kos__A1_UNDEFINED--6kos__B1_UNDEFINED,1,1,2,4,0.2009791396183079,76.8125,False,0.4482388496398926
6kos__A1_UNDEFINED--6kos__B1_UNDEFINED,2,1,3,4,0.2018145799583574,76.0625,False,0.26936009526252747
6kos__A1_UNDEFINED--6kos__B1_UNDEFINED,3,1,1,4,0.1969407519097443,71.1875,False,0.006530042737722397
6kos__A1_UNDEFINED--6kos__B1_UNDEFINED,4,2,1,4,0.2037592977142802,69.1875,False,0.21889682114124298
6kos__A1_UNDEFINED--6kos__B1_UNDEFINED,5,4,2,4,0.1961670163199574,68.9375,False,2.660060090420302e-06
6kos__A1_UNDEFINED--6kos__B1_UNDEFINED,6,2,2,4,0.2004408371342449,68.4375,False,0.02103748358786106
6kos__A1_UNDEFINED--6kos__B1_UNDEFINED,7,2,0,4,0.1997263580500713,67.625,False,0.008870835416018963
6kos__A1_UNDEFINED--6kos__B1_UNDEFINED,8,5,2,4,0.1992715559159603,58.53125,False,0.9990511536598206
6kos__A1_UNDEFINED--6kos__B1_UNDEFINED,9,4,0,4,0.0777562635420146,57.0,False,0.3809206485748291
6kos__A1_UNDEFINED--6kos__B1_UNDEFINED,10,3,0,4,0.1868310047682239,56.9375,False,0.00043965448276139796
6kos__A1_UNDEFINED--6kos__B1_UNDEFINED,11,3,1,4,0.2040071095273554,56.53125,False,0.0002454616769682616
6kos__A1_UNDEFINED--6kos__B1_UNDEFINED,12,2,3,4,0.0780628247845732,55.25,False,0.11522554606199265
6kos__A1_UNDEFINED--6kos__B1_UNDEFINED,13,4,1,4,0.188260663406082,48.0,False,0.8108412027359009
6kos__A1_UNDEFINED--6kos__B1_UNDEFINED,14,3,2,4,0.092543184971587,46.625,False,0.5944598317146301
6kos__A1_UNDEFINED--6kos__B1_UNDEFINED,15,5,1,4,0.1516740682502291,45.375,False,0.139938622713089
6kos__A1_UNDEFINED--6kos__B1_UNDEFINED,16,5,0,4,0.1466572456591627,44.9375,False,0.4557807445526123
6kos__A1_UNDEFINED--6kos__B1_UNDEFINED,17,3,3,4,0.1029872701977313,44.0,False,0.3455837070941925
6kos__A1_UNDEFINED--6kos__B1_UNDEFINED,18,5,3,4,0.1976650922557041,42.84375,False,0.9998660087585449
6kos__A1_UNDEFINED--6kos__B1_UNDEFINED,19,1,0,4,0.1716165303053621,41.28125,False,0.08473008126020432
6kos__A1_UNDEFINED--6kos__B1_UNDEFINED,20,4,3,4,0.1161818563260033,31.765625,False,0.5820947885513306
6kuc__A1_Q9Y006--6kuc__A2_Q9Y006,1,2,3,3,0.2161850273522383,84.125,False,0.30585432052612305
6kuc__A1_Q9Y006--6kuc__A2_Q9Y006,2,2,0,3,0.2268101095748053,84.125,False,0.19093601405620575
6kuc__A1_Q9Y006--6kuc__A2_Q9Y006,3,2,1,3,0.2176245385550379,83.5,False,0.2591916024684906
6kuc__A1_Q9Y006--6kuc__A2_Q9Y006,4,2,2,3,0.2188077563607553,83.0,False,0.27450257539749146
6kuc__A1_Q9Y006--6kuc__A2_Q9Y006,5,3,2,3,0.4590128952174335,79.25,True,0.9998795986175537
6kuc__A1_Q9Y006--6kuc__A2_Q9Y006,6,3,1,3,0.5335289189643144,78.3125,True,1.0
6kuc__A1_Q9Y006--6kuc__A2_Q9Y006,7,3,3,3,0.4249277024855564,78.25,True,0.9999995231628418
6kuc__A1_Q9Y006--6kuc__A2_Q9Y006,8,5,1,3,0.437861670012017,77.6875,True,0.9155024290084839
6kuc__A1_Q9Y006--6kuc__A2_Q9Y006,9,5,3,3,0.4436356968726295,77.25,True,0.9999479055404663
6kuc__A1_Q9Y006--6kuc__A2_Q9Y006,10,4,2,3,0.4247478929655957,77.25,True,0.9999998807907104
6kuc__A1_Q9Y006--6kuc__A2_Q9Y006,11,4,0,3,0.4063336995888464,76.3125,True,1.0
6kuc__A1_Q9Y006--6kuc__A2_Q9Y006,12,4,3,3,0.4285582864020019,76.0,True,1.0
6kuc__A1_Q9Y006--6kuc__A2_Q9Y006,13,3,0,3,0.4239301820711202,75.9375,True,0.9850348234176636
6kuc__A1_Q9Y006--6kuc__A2_Q9Y006,14,1,2,3,0.4016494555771393,73.8125,True,9.12913300510354e-09
6kuc__A1_Q9Y006--6kuc__A2_Q9Y006,15,4,1,3,0.4111323890749759,73.75,True,1.0
6kuc__A1_Q9Y006--6kuc__A2_Q9Y006,16,5,2,3,0.4533639740380771,72.625,True,0.9999300241470337
6kuc__A1_Q9Y006--6kuc__A2_Q9Y006,17,5,0,3,0.3627200308503773,71.3125,True,0.9999983310699463
6kuc__A1_Q9Y006--6kuc__A2_Q9Y006,18,1,0,3,0.3333935979400215,61.28125,True,0.1382775455713272
6kuc__A1_Q9Y006--6kuc__A2_Q9Y006,19,1,1,3,0.2075835806089334,47.3125,False,0.15257559716701508
6kuc__A1_Q9Y006--6kuc__A2_Q9Y006,20,1,3,3,0.019989000283093,32.40625,False,0.03554494306445122
6kwz__A1_Q94707--6kwz__B2_Q94707,1,3,1,3,0.048976124523536,24.09375,False,0.06153693050146103
6kwz__A1_Q94707--6kwz__B2_Q94707,2,4,0,3,0.1058624981096644,20.359375,False,0.13295739889144897
6kwz__A1_Q94707--6kwz__B2_Q94707,3,3,2,3,0.0436721496626204,20.34375,False,0.06829237192869186
6kwz__A1_Q94707--6kwz__B2_Q94707,4,1,0,3,0.1234973860077166,20.234375,False,0.130115807056427
6kwz__A1_Q94707--6kwz__B2_Q94707,5,5,1,3,0.5465266108416379,19.703125,True,0.050872672349214554
6kwz__A1_Q94707--6kwz__B2_Q94707,6,4,3,3,0.0281251110508069,19.34375,False,0.04814698547124863
6kwz__A1_Q94707--6kwz__B2_Q94707,7,5,0,3,0.6171786607484671,18.859375,True,0.00888875126838684
6kwz__A1_Q94707--6kwz__B2_Q94707,8,2,1,3,0.0242431261752694,18.53125,False,0.09866604208946228
6kwz__A1_Q94707--6kwz__B2_Q94707,9,5,3,3,0.4999735878909866,18.171875,True,0.02047823742032051
6kwz__A1_Q94707--6kwz__B2_Q94707,10,2,2,3,0.0240188551397849,17.9375,False,0.10044942051172256
6kwz__A1_Q94707--6kwz__B2_Q94707,11,5,2,3,0.7059051430967251,17.625,True,0.019675591960549355
6kwz__A1_Q94707--6kwz__B2_Q94707,12,4,2,3,0.0581977353291672,16.90625,False,0.126604825258255
6kwz__A1_Q94707--6kwz__B2_Q94707,13,1,2,3,0.0883092369770398,16.5625,False,0.17733347415924072
6kwz__A1_Q94707--6kwz__B2_Q94707,14,1,3,3,0.06646226869776,16.546875,False,0.07477880269289017
6kwz__A1_Q94707--6kwz__B2_Q94707,15,3,0,3,0.0285646852984089,16.40625,False,0.030275458469986916
6kwz__A1_Q94707--6kwz__B2_Q94707,16,2,0,3,0.0287351752471947,16.15625,False,0.04300432279706001
6kwz__A1_Q94707--6kwz__B2_Q94707,17,3,3,3,0.0726836234690891,15.9765625,False,0.04237784445285797
6kwz__A1_Q94707--6kwz__B2_Q94707,18,2,3,3,0.0431206392685652,15.96875,False,0.11711864918470383
6kwz__A1_Q94707--6kwz__B2_Q94707,19,1,1,3,0.0291588452585739,15.6796875,False,0.04725958779454231
6kwz__A1_Q94707--6kwz__B2_Q94707,20,4,1,3,0.1018362439592741,14.890625,False,0.035205718129873276
6l4p__A1_Q9XHH2--6l4p__B1_Q39575,1,4,2,3,0.8920009563717303,93.4375,True,0.9577421545982361
6l4p__A1_Q9XHH2--6l4p__B1_Q39575,2,2,2,3,0.918145210833675,93.4375,True,0.8855533003807068
6l4p__A1_Q9XHH2--6l4p__B1_Q39575,3,4,3,3,0.9261501083367484,93.375,True,0.8853604793548584
6l4p__A1_Q9XHH2--6l4p__B1_Q39575,4,2,1,3,0.9232780473030888,93.375,True,0.9776518940925598
6l4p__A1_Q9XHH2--6l4p__B1_Q39575,5,1,3,3,0.9316915768519048,93.375,True,0.9278335571289062
6l4p__A1_Q9XHH2--6l4p__B1_Q39575,6,2,3,3,0.9284103093460312,93.3125,True,0.9831968545913696
6l4p__A1_Q9XHH2--6l4p__B1_Q39575,7,4,1,3,0.9124729874304712,93.3125,True,0.8626073598861694
6l4p__A1_Q9XHH2--6l4p__B1_Q39575,8,5,2,3,0.9245562477913888,93.125,True,0.8184382915496826
6l4p__A1_Q9XHH2--6l4p__B1_Q39575,9,5,3,3,0.8921230747037555,93.0625,True,0.9768810868263245
6l4p__A1_Q9XHH2--6l4p__B1_Q39575,10,5,1,3,0.8907783265783586,93.0625,True,0.967260479927063
6l4p__A1_Q9XHH2--6l4p__B1_Q39575,11,1,2,3,0.9288090631224788,93.0,True,0.867652177810669
6l4p__A1_Q9XHH2--6l4p__B1_Q39575,12,3,3,3,0.8977402211787912,93.0,True,0.9285776615142822
6l4p__A1_Q9XHH2--6l4p__B1_Q39575,13,1,1,3,0.928575305712815,93.0,True,0.8855762481689453
6l4p__A1_Q9XHH2--6l4p__B1_Q39575,14,3,2,3,0.9203172160289056,92.9375,True,0.9796159267425537
6l4p__A1_Q9XHH2--6l4p__B1_Q39575,15,5,0,3,0.9188714399395432,92.9375,True,0.8452219367027283
6l4p__A1_Q9XHH2--6l4p__B1_Q39575,16,4,0,3,0.8889374398643334,92.9375,True,0.9115284085273743
6l4p__A1_Q9XHH2--6l4p__B1_Q39575,17,3,1,3,0.9224495038239168,92.75,True,0.9649888873100281
6l4p__A1_Q9XHH2--6l4p__B1_Q39575,18,3,0,3,0.8889003309783741,92.25,True,0.8951563835144043
6l4p__A1_Q9XHH2--6l4p__B1_Q39575,19,2,0,3,0.821775087541882,91.6875,True,0.823647141456604
6l4p__A1_Q9XHH2--6l4p__B1_Q39575,20,1,0,3,0.8710047676354707,91.0625,True,0.7268063426017761
6lh6__A1_A0A1S2XQ25--6lh6__B1_A0A1S2XQ25,1,4,0,1,0.0308704674167178,49.34375,False,0.2439083755016327
6lh6__A1_A0A1S2XQ25--6lh6__B1_A0A1S2XQ25,2,4,2,1,0.0303022037213293,46.40625,False,0.38363805413246155
6lh6__A1_A0A1S2XQ25--6lh6__B1_A0A1S2XQ25,3,4,1,1,0.0314250830668624,45.9375,False,0.39180678129196167
6lh6__A1_A0A1S2XQ25--6lh6__B1_A0A1S2XQ25,4,1,2,1,0.0313525193437394,45.875,False,0.07288345694541931
6lh6__A1_A0A1S2XQ25--6lh6__B1_A0A1S2XQ25,5,4,3,1,0.0320546958497738,45.03125,False,0.39123567938804626
6lh6__A1_A0A1S2XQ25--6lh6__B1_A0A1S2XQ25,6,2,2,1,0.0321200292315573,43.125,False,0.005353392567485571
6lh6__A1_A0A1S2XQ25--6lh6__B1_A0A1S2XQ25,7,1,3,1,0.0325304680892046,41.53125,False,0.1331838071346283
6lh6__A1_A0A1S2XQ25--6lh6__B1_A0A1S2XQ25,8,2,0,1,0.0317085736344122,41.25,False,0.01040902640670538
6lh6__A1_A0A1S2XQ25--6lh6__B1_A0A1S2XQ25,9,2,3,1,0.0314284663880821,39.875,False,0.044683150947093964
6lh6__A1_A0A1S2XQ25--6lh6__B1_A0A1S2XQ25,10,2,1,1,0.0318153567202379,39.34375,False,0.005714205093681812
6lh6__A1_A0A1S2XQ25--6lh6__B1_A0A1S2XQ25,11,3,0,1,0.0338432891177675,38.09375,False,0.3774402439594269
6lh6__A1_A0A1S2XQ25--6lh6__B1_A0A1S2XQ25,12,3,1,1,0.0312190361560578,37.84375,False,0.8396525979042053
6lh6__A1_A0A1S2XQ25--6lh6__B1_A0A1S2XQ25,13,3,2,1,0.0342939576049854,35.875,False,0.45958608388900757
6lh6__A1_A0A1S2XQ25--6lh6__B1_A0A1S2XQ25,14,3,3,1,0.0340118548503965,35.84375,False,0.5642567276954651
6lh6__A1_A0A1S2XQ25--6lh6__B1_A0A1S2XQ25,15,1,1,1,0.0281441195032812,34.78125,False,0.5886644124984741
6lh6__A1_A0A1S2XQ25--6lh6__B1_A0A1S2XQ25,16,1,0,1,0.0308729254684238,29.9375,False,0.26042306423187256
6lh6__A1_A0A1S2XQ25--6lh6__B1_A0A1S2XQ25,17,5,0,1,0.1466452899693221,21.03125,False,0.019672518596053123
6lh6__A1_A0A1S2XQ25--6lh6__B1_A0A1S2XQ25,18,5,2,1,0.1030727074702583,20.328125,False,0.07111815363168716
6lh6__A1_A0A1S2XQ25--6lh6__B1_A0A1S2XQ25,19,5,1,1,0.0461940865874843,19.734375,False,0.049606747925281525
6lh6__A1_A0A1S2XQ25--6lh6__B1_A0A1S2XQ25,20,5,3,1,0.1585588178797944,19.4375,False,0.14445753395557404
6lqo__A1_P29882--6lqo__G1_P0CK49,1,3,3,2,0.7060468229102561,84.0625,True,0.9804548621177673
6lqo__A1_P29882--6lqo__G1_P0CK49,2,3,0,2,0.711143966380074,83.6875,True,0.9261327981948853
6lqo__A1_P29882--6lqo__G1_P0CK49,3,4,3,2,0.7154373461996909,83.25,True,0.00037305266596376896
6lqo__A1_P29882--6lqo__G1_P0CK49,4,5,3,2,0.7103148548838973,83.125,True,0.11866997927427292
6lqo__A1_P29882--6lqo__G1_P0CK49,5,4,1,2,0.6978494687725972,83.125,True,0.23718786239624023
6lqo__A1_P29882--6lqo__G1_P0CK49,6,3,1,2,0.6881086066353465,82.8125,True,0.9739640355110168
6lqo__A1_P29882--6lqo__G1_P0CK49,7,1,3,2,0.7064067573591615,82.6875,True,0.0025823775213211775
6lqo__A1_P29882--6lqo__G1_P0CK49,8,5,0,2,0.7071664608744919,82.125,True,0.0010293173836544156
6lqo__A1_P29882--6lqo__G1_P0CK49,9,5,1,2,0.3291005724131222,69.75,True,0.09832688421010971
6lqo__A1_P29882--6lqo__G1_P0CK49,10,3,2,2,0.0290751496701994,65.1875,False,0.6990283131599426
6lqo__A1_P29882--6lqo__G1_P0CK49,11,2,2,2,0.0324702413896105,44.0,False,0.3044516444206238
6lqo__A1_P29882--6lqo__G1_P0CK49,12,2,0,2,0.0337558861663689,43.65625,False,0.1385943591594696
6lqo__A1_P29882--6lqo__G1_P0CK49,13,4,2,2,0.0335517937900632,41.25,False,0.2292163223028183
6lqo__A1_P29882--6lqo__G1_P0CK49,14,2,3,2,0.0389334563927068,40.1875,False,0.14391955733299255
6lqo__A1_P29882--6lqo__G1_P0CK49,15,2,1,2,0.036766095129744,38.375,False,0.15675660967826843
6lqo__A1_P29882--6lqo__G1_P0CK49,16,1,0,2,0.0547214942360398,33.28125,False,0.018799539655447006
6lqo__A1_P29882--6lqo__G1_P0CK49,17,1,1,2,0.0382698750551366,32.0625,False,0.052816811949014664
6lqo__A1_P29882--6lqo__G1_P0CK49,18,1,2,2,0.0379495579501002,29.828125,False,0.09211421757936478
6lqo__A1_P29882--6lqo__G1_P0CK49,19,4,0,2,0.0496879505663288,29.625,False,0.0789766013622284
6lqo__A1_P29882--6lqo__G1_P0CK49,20,5,2,2,0.0277774002717205,25.328125,False,0.019073622301220894
6n85__A1_Q5E9J8--6n85__B1_P0AEX9,1,5,1,3,0.2286979573082637,83.75,False,6.0787882830481976e-05
6n85__A1_Q5E9J8--6n85__B1_P0AEX9,2,5,2,3,0.224642601076256,83.4375,False,9.73640926531516e-05
6n85__A1_Q5E9J8--6n85__B1_P0AEX9,3,4,1,3,0.2219383435485213,82.625,False,0.3690740168094635
6n85__A1_Q5E9J8--6n85__B1_P0AEX9,4,5,0,3,0.2245591898393483,82.4375,False,0.14052288234233856
6n85__A1_Q5E9J8--6n85__B1_P0AEX9,5,4,0,3,0.2264975863243908,82.1875,False,0.3700655996799469
6n85__A1_Q5E9J8--6n85__B1_P0AEX9,6,3,0,3,0.2327810352877276,82.125,True,0.013921873643994331
6n85__A1_Q5E9J8--6n85__B1_P0AEX9,7,4,2,3,0.2217270312235043,82.125,False,0.7655564546585083
6n85__A1_Q5E9J8--6n85__B1_P0AEX9,8,5,3,3,0.2199493500800275,81.875,False,0.16320675611495972
6n85__A1_Q5E9J8--6n85__B1_P0AEX9,9,3,2,3,0.2291938584771288,81.8125,False,0.0008691582479514182
6n85__A1_Q5E9J8--6n85__B1_P0AEX9,10,3,1,3,0.2331451224937577,81.8125,True,0.0031702150590717793
6n85__A1_Q5E9J8--6n85__B1_P0AEX9,11,4,3,3,0.2222535371834081,81.75,False,0.6011884808540344
6n85__A1_Q5E9J8--6n85__B1_P0AEX9,12,2,1,3,0.2296185538855616,81.6875,False,0.002881759312003851
6n85__A1_Q5E9J8--6n85__B1_P0AEX9,13,1,2,3,0.2256109054492504,81.5625,False,0.025033054873347282
6n85__A1_Q5E9J8--6n85__B1_P0AEX9,14,2,0,3,0.2254929114250924,81.375,False,0.668712317943573
6n85__A1_Q5E9J8--6n85__B1_P0AEX9,15,3,3,3,0.2326170415714902,81.25,True,0.05440357327461243
6n85__A1_Q5E9J8--6n85__B1_P0AEX9,16,1,1,3,0.2214705377679371,81.1875,False,0.7366571426391602
6n85__A1_Q5E9J8--6n85__B1_P0AEX9,17,1,0,3,0.2210243976157829,81.1875,False,0.0009858791017904878
6n85__A1_Q5E9J8--6n85__B1_P0AEX9,18,2,2,3,0.2298001652976054,80.875,False,0.7344350814819336
6n85__A1_Q5E9J8--6n85__B1_P0AEX9,19,1,3,3,0.2252799995789808,80.6875,False,0.22344188392162323
6n85__A1_Q5E9J8--6n85__B1_P0AEX9,20,2,3,3,0.2251803800591586,80.6875,False,0.004345483612269163
6nf3__B2_P02654--6nf3__A1_P02654,1,2,0,0,0.0232613876191738,27.890625,False,0.10724564641714096
6nf3__B2_P02654--6nf3__A1_P02654,2,2,3,0,0.0237581634814485,26.890625,False,0.07087069004774094
6nf3__B2_P02654--6nf3__A1_P02654,3,2,2,0,0.0135804637734033,26.640625,False,0.13224786520004272
6nf3__B2_P02654--6nf3__A1_P02654,4,2,1,0,0.0237406537311809,26.234375,False,0.13866905868053436
6nf3__B2_P02654--6nf3__A1_P02654,5,1,0,0,0.0156457066985066,22.53125,False,0.3820532262325287
6nf3__B2_P02654--6nf3__A1_P02654,6,1,1,0,0.0177578864898249,21.828125,False,0.019889770075678825
6nf3__B2_P02654--6nf3__A1_P02654,7,5,1,0,0.0237008058559649,19.421875,False,0.006318602245301008
6nf3__B2_P02654--6nf3__A1_P02654,8,1,2,0,0.0146651771227293,19.21875,False,0.6902182698249817
6nf3__B2_P02654--6nf3__A1_P02654,9,1,3,0,0.0154908257974314,18.125,False,0.5949133634567261
6nf3__B2_P02654--6nf3__A1_P02654,10,5,2,0,0.0234318844728154,18.03125,False,0.006233674939721823
6nf3__B2_P02654--6nf3__A1_P02654,11,5,0,0,0.0224038351706599,17.15625,False,0.010801417753100395
6nf3__B2_P02654--6nf3__A1_P02654,12,5,3,0,0.0227668402548185,16.96875,False,0.006406246218830347
6nf3__B2_P02654--6nf3__A1_P02654,13,3,3,0,0.0383940380613887,16.125,False,0.15886610746383667
6nf3__B2_P02654--6nf3__A1_P02654,14,3,1,0,0.0620861294456897,15.9375,False,0.12769566476345062
6nf3__B2_P02654--6nf3__A1_P02654,15,4,1,0,0.0152472591738961,15.65625,False,0.7805925607681274
6nf3__B2_P02654--6nf3__A1_P02654,16,3,2,0,0.0604130523121657,14.84375,False,0.15982183814048767
6nf3__B2_P02654--6nf3__A1_P02654,17,4,2,0,0.0152197549760376,14.8203125,False,0.9150033593177795
6nf3__B2_P02654--6nf3__A1_P02654,18,3,0,0,0.0448412185541322,14.359375,False,0.10279936343431473
6nf3__B2_P02654--6nf3__A1_P02654,19,4,0,0,0.0149947395217156,14.1953125,False,0.9732227921485901
6nf3__B2_P02654--6nf3__A1_P02654,20,4,3,0,0.015190556295408,13.40625,False,0.9029071927070618
6njy__A1_F3ZXK6--6njy__B1_F3ZXK6,1,4,2,3,0.5430796548145969,85.875,True,0.9846879839897156
6njy__A1_F3ZXK6--6njy__B1_F3ZXK6,2,4,0,3,0.5583290980240491,84.8125,True,0.9966064691543579
6njy__A1_F3ZXK6--6njy__B1_F3ZXK6,3,2,0,3,0.5972681366862443,84.5625,True,0.3243353068828583
6njy__A1_F3ZXK6--6njy__B1_F3ZXK6,4,4,3,3,0.0172471411555797,84.4375,False,0.03797117620706558
6njy__A1_F3ZXK6--6njy__B1_F3ZXK6,5,2,3,3,0.6584736856100376,84.25,True,0.8376712203025818
6njy__A1_F3ZXK6--6njy__B1_F3ZXK6,6,2,1,3,0.5530198471457811,83.4375,True,0.27913522720336914
6njy__A1_F3ZXK6--6njy__B1_F3ZXK6,7,3,0,3,0.017686132615415,82.75,False,0.8709097504615784
6njy__A1_F3ZXK6--6njy__B1_F3ZXK6,8,5,2,3,0.0173771943753191,78.8125,False,0.03534935414791107
6njy__A1_F3ZXK6--6njy__B1_F3ZXK6,9,3,3,3,0.0174460236214557,77.25,False,0.12542670965194702
6njy__A1_F3ZXK6--6njy__B1_F3ZXK6,10,5,0,3,0.0174958993263027,76.0625,False,0.05498047173023224
6njy__A1_F3ZXK6--6njy__B1_F3ZXK6,11,5,1,3,0.0174266067817526,75.5,False,0.058282721787691116
6njy__A1_F3ZXK6--6njy__B1_F3ZXK6,12,1,3,3,0.023240834906427,70.6875,False,0.5235331058502197
6njy__A1_F3ZXK6--6njy__B1_F3ZXK6,13,1,2,3,0.0473191300617758,68.875,False,0.7635465264320374
6njy__A1_F3ZXK6--6njy__B1_F3ZXK6,14,4,1,3,0.037026404215554,67.4375,False,0.7150792479515076
6njy__A1_F3ZXK6--6njy__B1_F3ZXK6,15,5,3,3,0.0175529373152486,66.0,False,0.08119523525238037
6njy__A1_F3ZXK6--6njy__B1_F3ZXK6,16,3,2,3,0.0398223502041382,61.5,False,0.30829745531082153
6njy__A1_F3ZXK6--6njy__B1_F3ZXK6,17,3,1,3,0.0217650558603927,59.78125,False,0.0913589671254158
6njy__A1_F3ZXK6--6njy__B1_F3ZXK6,18,1,1,3,0.0398379093947361,48.1875,False,0.5313539505004883
6njy__A1_F3ZXK6--6njy__B1_F3ZXK6,19,2,2,3,0.0205172920805281,46.4375,False,0.5553664565086365
6njy__A1_F3ZXK6--6njy__B1_F3ZXK6,20,1,0,3,0.0453724171269921,45.21875,False,0.4495691657066345
6o1t__A1_P79125--6o1t__B2_P79125,1,1,1,0,0.7292058696325713,58.1875,True,0.07535872608423233
6o1t__A1_P79125--6o1t__B2_P79125,2,1,0,0,0.5285446434809353,57.0625,True,0.21182052791118622
6o1t__A1_P79125--6o1t__B2_P79125,3,1,3,0,0.5453951783242663,52.21875,True,0.323350727558136
6o1t__A1_P79125--6o1t__B2_P79125,4,1,2,0,0.5588143246105638,49.46875,True,0.3152209520339966
6o1t__A1_P79125--6o1t__B2_P79125,5,2,0,0,0.1731393843351,32.5,False,0.07751651853322983
6o1t__A1_P79125--6o1t__B2_P79125,6,2,2,0,0.5610608464874091,31.53125,True,0.13235662877559662
6o1t__A1_P79125--6o1t__B2_P79125,7,4,3,0,0.1156726975602923,26.078125,False,0.10753164440393448
6o1t__A1_P79125--6o1t__B2_P79125,8,3,2,0,0.1768937429457782,25.9375,False,0.13687770068645477
6o1t__A1_P79125--6o1t__B2_P79125,9,2,1,0,0.3216019827898682,25.28125,True,0.20399124920368195
6o1t__A1_P79125--6o1t__B2_P79125,10,3,1,0,0.1992157214039236,25.0,False,0.4902815818786621
6o1t__A1_P79125--6o1t__B2_P79125,11,4,2,0,0.3767810450076278,22.90625,True,0.04727179557085037
6o1t__A1_P79125--6o1t__B2_P79125,12,2,3,0,0.2786267020084479,21.328125,True,0.35351112484931946
6o1t__A1_P79125--6o1t__B2_P79125,13,3,3,0,0.0417236538187114,20.5625,False,0.02639848180115223
6o1t__A1_P79125--6o1t__B2_P79125,14,4,1,0,0.1739365705024948,19.65625,False,0.0008693914278410375
6o1t__A1_P79125--6o1t__B2_P79125,15,5,1,0,0.1457301553909189,19.015625,False,0.03585060313344002
6o1t__A1_P79125--6o1t__B2_P79125,16,5,0,0,0.1435219050816532,18.890625,False,0.037396471947431564
6o1t__A1_P79125--6o1t__B2_P79125,17,5,2,0,0.0212511524099471,18.328125,False,0.017795968800783157
6o1t__A1_P79125--6o1t__B2_P79125,18,4,0,0,0.1756338018630086,17.71875,False,0.021680912002921104
6o1t__A1_P79125--6o1t__B2_P79125,19,3,0,0,0.075528574241618,17.0625,False,0.04513059929013252
6o1t__A1_P79125--6o1t__B2_P79125,20,5,3,0,0.1724045439752389,16.78125,False,0.05969807133078575
6ob5__A1_P0AEX9--6ob5__D1_UNDEFINED,1,1,2,2,0.0880476943921951,64.25,False,0.2965366840362549
6ob5__A1_P0AEX9--6ob5__D1_UNDEFINED,2,4,0,2,0.1124110563173506,62.5625,False,0.23152577877044678
6ob5__A1_P0AEX9--6ob5__D1_UNDEFINED,3,1,0,2,0.0970919437183467,60.90625,False,0.3588387668132782
6ob5__A1_P0AEX9--6ob5__D1_UNDEFINED,4,1,3,2,0.1125961458666559,57.09375,False,0.48764660954475403
6ob5__A1_P0AEX9--6ob5__D1_UNDEFINED,5,1,1,2,0.0917899206240365,56.0,False,0.35555434226989746
6ob5__A1_P0AEX9--6ob5__D1_UNDEFINED,6,4,1,2,0.1228904146064194,50.15625,False,0.7309550046920776
6ob5__A1_P0AEX9--6ob5__D1_UNDEFINED,7,2,1,2,0.0785213573126998,49.125,False,0.43388035893440247
6ob5__A1_P0AEX9--6ob5__D1_UNDEFINED,8,3,1,2,0.1235285730607683,45.25,False,0.17114117741584778
6ob5__A1_P0AEX9--6ob5__D1_UNDEFINED,9,3,2,2,0.111468818903851,45.0,False,0.0015083582838997245
6ob5__A1_P0AEX9--6ob5__D1_UNDEFINED,10,4,3,2,0.1063068846320392,44.53125,False,0.40409359335899353
6ob5__A1_P0AEX9--6ob5__D1_UNDEFINED,11,2,0,2,0.1357868714664961,43.84375,False,0.9023646116256714
6ob5__A1_P0AEX9--6ob5__D1_UNDEFINED,12,4,2,2,0.1084586668144245,43.625,False,0.9471175670623779
6ob5__A1_P0AEX9--6ob5__D1_UNDEFINED,13,5,2,2,0.1247575810667156,41.46875,False,0.9440343379974365
6ob5__A1_P0AEX9--6ob5__D1_UNDEFINED,14,5,0,2,0.1256622083632525,40.96875,False,0.7262762188911438
6ob5__A1_P0AEX9--6ob5__D1_UNDEFINED,15,3,3,2,0.136001188269437,40.53125,False,0.029786504805088043
6ob5__A1_P0AEX9--6ob5__D1_UNDEFINED,16,3,0,2,0.1308202241989513,40.4375,False,0.02202114462852478
6ob5__A1_P0AEX9--6ob5__D1_UNDEFINED,17,2,3,2,0.1035727534212882,39.96875,False,0.04361671954393387
6ob5__A1_P0AEX9--6ob5__D1_UNDEFINED,18,5,3,2,0.1166662297747122,39.09375,False,0.514617919921875
6ob5__A1_P0AEX9--6ob5__D1_UNDEFINED,19,5,1,2,0.0423451289937162,36.78125,False,0.013490253128111362
6ob5__A1_P0AEX9--6ob5__D1_UNDEFINED,20,2,2,2,0.1010686446791597,36.3125,False,0.44899246096611023
6ocf__A1_Q7L8A9--6ocf__B1_Q8N300,1,5,2,4,0.5633280355856493,78.8125,True,0.2189456671476364
6ocf__A1_Q7L8A9--6ocf__B1_Q8N300,2,2,2,4,0.5653185347929575,78.75,True,0.6254713535308838
6ocf__A1_Q7L8A9--6ocf__B1_Q8N300,3,5,1,4,0.5733575391313774,77.125,True,0.9409967660903931
6ocf__A1_Q7L8A9--6ocf__B1_Q8N300,4,5,0,4,0.5569230645162642,77.125,True,0.5599702596664429
6ocf__A1_Q7L8A9--6ocf__B1_Q8N300,5,4,3,4,0.5648340615688836,76.875,True,0.7379714250564575
6ocf__A1_Q7L8A9--6ocf__B1_Q8N300,6,4,2,4,0.564421780573742,76.875,True,0.6625378727912903
6ocf__A1_Q7L8A9--6ocf__B1_Q8N300,7,2,1,4,0.5659201462448564,76.6875,True,0.6845494508743286
6ocf__A1_Q7L8A9--6ocf__B1_Q8N300,8,5,3,4,0.5849051742008826,76.3125,True,0.49827706813812256
6ocf__A1_Q7L8A9--6ocf__B1_Q8N300,9,4,0,4,0.5697643231168926,75.9375,True,0.5294950604438782
6ocf__A1_Q7L8A9--6ocf__B1_Q8N300,10,4,1,4,0.558530499053765,75.8125,True,0.6773397922515869
6ocf__A1_Q7L8A9--6ocf__B1_Q8N300,11,2,3,4,0.5544244073945671,75.25,True,0.6591021418571472
6ocf__A1_Q7L8A9--6ocf__B1_Q8N300,12,3,2,4,0.5838358062698711,74.9375,True,0.8752744197845459
6ocf__A1_Q7L8A9--6ocf__B1_Q8N300,13,3,1,4,0.5589851993417942,74.125,True,0.5622382164001465
6ocf__A1_Q7L8A9--6ocf__B1_Q8N300,14,1,3,4,0.5430850565119149,73.875,True,0.7768993377685547
6ocf__A1_Q7L8A9--6ocf__B1_Q8N300,15,3,3,4,0.5787425737516001,73.6875,True,0.9645206928253174
6ocf__A1_Q7L8A9--6ocf__B1_Q8N300,16,2,0,4,0.5629232297554384,72.6875,True,0.6020975708961487
6ocf__A1_Q7L8A9--6ocf__B1_Q8N300,17,1,1,4,0.5708627508344873,72.4375,True,0.7273200750350952
6ocf__A1_Q7L8A9--6ocf__B1_Q8N300,18,1,2,4,0.5477645737982478,72.0625,True,0.6959298253059387
6ocf__A1_Q7L8A9--6ocf__B1_Q8N300,19,3,0,4,0.5732815693210228,72.0,True,0.9661898612976074
6ocf__A1_Q7L8A9--6ocf__B1_Q8N300,20,1,0,4,0.5696506260806542,69.0,True,0.580108106136322
6otn__A1_P06753--6otn__B1_P06753,1,5,3,2,0.857931489149813,78.4375,True,0.9974508881568909
6otn__A1_P06753--6otn__B1_P06753,2,5,1,2,0.8600470376936968,78.125,True,0.04481350630521774
6otn__A1_P06753--6otn__B1_P06753,3,5,0,2,0.8522806365589294,77.9375,True,0.09982608258724213
6otn__A1_P06753--6otn__B1_P06753,4,4,3,2,0.8638090763655372,75.75,True,0.011287265457212925
6otn__A1_P06753--6otn__B1_P06753,5,4,1,2,0.874088790002712,74.75,True,0.01082263421267271
6otn__A1_P06753--6otn__B1_P06753,6,4,0,2,0.8633626383093332,74.75,True,0.014806990511715412
6otn__A1_P06753--6otn__B1_P06753,7,4,2,2,0.861090405348517,74.3125,True,0.005805313587188721
6otn__A1_P06753--6otn__B1_P06753,8,2,0,2,0.8343577376837946,74.1875,True,0.7000815272331238
6otn__A1_P06753--6otn__B1_P06753,9,2,2,2,0.8330305207192016,73.6875,True,0.6697050333023071
6otn__A1_P06753--6otn__B1_P06753,10,2,3,2,0.838613910643565,73.6875,True,0.7764471173286438
6otn__A1_P06753--6otn__B1_P06753,11,2,1,2,0.828830037243061,73.3125,True,0.6295483112335205
6otn__A1_P06753--6otn__B1_P06753,12,1,2,2,0.0220380108284088,65.5,False,0.022294217720627785
6otn__A1_P06753--6otn__B1_P06753,13,1,3,2,0.022025490349067,57.65625,False,0.022345026955008507
6otn__A1_P06753--6otn__B1_P06753,14,3,0,2,0.0121650348517087,35.59375,False,0.004410421010106802
6otn__A1_P06753--6otn__B1_P06753,15,3,1,2,0.0190340773037056,35.21875,False,0.0028506198432296515
6otn__A1_P06753--6otn__B1_P06753,16,3,3,2,0.0155911147569591,32.65625,False,0.08331333100795746
6otn__A1_P06753--6otn__B1_P06753,17,5,2,2,0.3624815180232455,24.859375,True,0.08101525902748108
6otn__A1_P06753--6otn__B1_P06753,18,3,2,2,0.0203732657182763,18.671875,False,0.029037201777100563
6otn__A1_P06753--6otn__B1_P06753,19,1,0,2,0.0643853966081637,17.0625,False,0.03538664057850838
6otn__A1_P06753--6otn__B1_P06753,20,1,1,2,0.019551093392964,15.8515625,False,0.022188613191246986
6p66__B1_O29890--6p66__A1_O29889,1,2,2,3,0.2645865596006814,73.625,True,0.9511904716491699
6p66__B1_O29890--6p66__A1_O29889,2,2,3,3,0.2689877511389303,72.0,True,0.775188148021698
6p66__B1_O29890--6p66__A1_O29889,3,2,0,3,0.2637911531720182,71.75,True,0.9345715045928955
6p66__B1_O29890--6p66__A1_O29889,4,1,2,3,0.2716069993349214,71.3125,True,0.9095011949539185
6p66__B1_O29890--6p66__A1_O29889,5,2,1,3,0.2649144099051532,71.1875,True,0.9466096758842468
6p66__B1_O29890--6p66__A1_O29889,6,1,0,3,0.2719387957817292,70.8125,True,0.8699168562889099
6p66__B1_O29890--6p66__A1_O29889,7,1,1,3,0.2671819621357911,70.5,True,0.8402296900749207
6p66__B1_O29890--6p66__A1_O29889,8,1,3,3,0.2611431723460591,70.125,True,0.9525136947631836
6p66__B1_O29890--6p66__A1_O29889,9,4,2,3,0.2738332537665719,69.125,True,0.9083101749420166
6p66__B1_O29890--6p66__A1_O29889,10,4,1,3,0.2736760185677578,68.875,True,0.9462796449661255
6p66__B1_O29890--6p66__A1_O29889,11,4,0,3,0.2660094069436206,68.0625,True,0.9424026608467102
6p66__B1_O29890--6p66__A1_O29889,12,4,3,3,0.2696637362806581,68.0,True,0.9190300107002258
6p66__B1_O29890--6p66__A1_O29889,13,3,2,3,0.2633765431392911,67.4375,True,0.9490193724632263
6p66__B1_O29890--6p66__A1_O29889,14,3,1,3,0.2639640904235875,66.375,True,0.9251066446304321
6p66__B1_O29890--6p66__A1_O29889,15,3,0,3,0.2664828885892297,65.6875,True,0.9054029583930969
6p66__B1_O29890--6p66__A1_O29889,16,3,3,3,0.2626608392392857,65.625,True,0.949121356010437
6p66__B1_O29890--6p66__A1_O29889,17,5,2,3,0.270865794957909,64.375,True,0.8955339789390564
6p66__B1_O29890--6p66__A1_O29889,18,5,3,3,0.273489023975594,63.84375,True,0.7940541505813599
6p66__B1_O29890--6p66__A1_O29889,19,5,0,3,0.2825430178225157,63.03125,True,0.7410840392112732
6p66__B1_O29890--6p66__A1_O29889,20,5,1,3,0.2774823197926511,61.59375,True,0.7268229126930237
6p7y__A1_J7H333--6p7y__B1_P52799,1,5,3,3,0.5328041685205823,88.6875,True,0.43412670493125916
6p7y__A1_J7H333--6p7y__B1_P52799,2,5,2,3,0.5552550259351919,88.5,True,0.6799031496047974
6p7y__A1_J7H333--6p7y__B1_P52799,3,4,2,3,0.5392070010030803,88.3125,True,0.9361761212348938
6p7y__A1_J7H333--6p7y__B1_P52799,4,4,3,3,0.558201111636189,88.125,True,0.9778125882148743
6p7y__A1_J7H333--6p7y__B1_P52799,5,5,0,3,0.5110567161657001,87.875,True,0.939983069896698
6p7y__A1_J7H333--6p7y__B1_P52799,6,3,2,3,0.5523952048122772,87.4375,True,0.9612416625022888
6p7y__A1_J7H333--6p7y__B1_P52799,7,1,2,3,0.5429190960700362,86.4375,True,0.8140558004379272
6p7y__A1_J7H333--6p7y__B1_P52799,8,2,1,3,0.5752914737299216,86.125,True,0.9740234017372131
6p7y__A1_J7H333--6p7y__B1_P52799,9,3,1,3,0.5172619027081266,86.0,True,0.11615859717130661
6p7y__A1_J7H333--6p7y__B1_P52799,10,1,0,3,0.5371721927641487,85.5,True,0.6520509719848633
6p7y__A1_J7H333--6p7y__B1_P52799,11,1,1,3,0.5285419576719806,83.6875,True,0.4641924202442169
6p7y__A1_J7H333--6p7y__B1_P52799,12,3,0,3,0.4805144543285318,83.0625,True,0.9240233898162842
6p7y__A1_J7H333--6p7y__B1_P52799,13,3,3,3,0.4879295522509201,81.5,True,0.3987906575202942
6p7y__A1_J7H333--6p7y__B1_P52799,14,1,3,3,0.5206752916657742,80.9375,True,0.9131988286972046
6p7y__A1_J7H333--6p7y__B1_P52799,15,5,1,3,0.5425072430422261,79.875,True,0.7049657106399536
6p7y__A1_J7H333--6p7y__B1_P52799,16,4,0,3,0.50166526402423,78.8125,True,0.9917007088661194
6p7y__A1_J7H333--6p7y__B1_P52799,17,2,0,3,0.5314667762915108,75.375,True,0.9681001305580139
6p7y__A1_J7H333--6p7y__B1_P52799,18,2,3,3,0.5248062967692637,73.75,True,0.8799946308135986
6p7y__A1_J7H333--6p7y__B1_P52799,19,4,1,3,0.5695224536612716,72.9375,True,0.970092236995697
6p7y__A1_J7H333--6p7y__B1_P52799,20,2,2,3,0.519005697975287,68.875,True,0.9099615812301636
6pal__A1_A0A412SRH5--6pal__B1_A0A412SRH5,1,2,1,3,0.0334344677076765,28.515625,False,0.0485847108066082
6pal__A1_A0A412SRH5--6pal__B1_A0A412SRH5,2,2,2,3,0.0305660434973725,25.96875,False,0.04858771711587906
6pal__A1_A0A412SRH5--6pal__B1_A0A412SRH5,3,4,2,3,0.1985084366883847,25.421875,False,0.610317051410675
6pal__A1_A0A412SRH5--6pal__B1_A0A412SRH5,4,1,0,3,0.1263390901353469,25.34375,False,0.2828656733036041
6pal__A1_A0A412SRH5--6pal__B1_A0A412SRH5,5,5,1,3,0.0576456073822075,24.796875,False,0.045901186764240265
6pal__A1_A0A412SRH5--6pal__B1_A0A412SRH5,6,1,3,3,0.1294857933326568,24.765625,False,0.7985092997550964
6pal__A1_A0A412SRH5--6pal__B1_A0A412SRH5,7,5,3,3,0.0473758156241815,24.421875,False,0.038273174315690994
6pal__A1_A0A412SRH5--6pal__B1_A0A412SRH5,8,5,2,3,0.0337468706387224,24.296875,False,0.03285098820924759
6pal__A1_A0A412SRH5--6pal__B1_A0A412SRH5,9,4,3,3,0.1698486702858622,24.234375,False,0.5916923880577087
6pal__A1_A0A412SRH5--6pal__B1_A0A412SRH5,10,3,2,3,0.0334428536300772,24.203125,False,0.5912138223648071
6pal__A1_A0A412SRH5--6pal__B1_A0A412SRH5,11,5,0,3,0.0529321825042855,23.921875,False,0.043767109513282776
6pal__A1_A0A412SRH5--6pal__B1_A0A412SRH5,12,4,1,3,0.162472335934394,23.859375,False,0.6965763568878174
6pal__A1_A0A412SRH5--6pal__B1_A0A412SRH5,13,3,0,3,0.0504766599257503,23.859375,False,0.1334172785282135
6pal__A1_A0A412SRH5--6pal__B1_A0A412SRH5,14,1,1,3,0.0370456031222928,23.421875,False,0.14170514047145844
6pal__A1_A0A412SRH5--6pal__B1_A0A412SRH5,15,4,0,3,0.0894909679248476,23.40625,False,0.7571449875831604
6pal__A1_A0A412SRH5--6pal__B1_A0A412SRH5,16,3,3,3,0.1246386295593652,23.390625,False,0.3681187629699707
6pal__A1_A0A412SRH5--6pal__B1_A0A412SRH5,17,3,1,3,0.040296784196365,23.296875,False,0.6194207072257996
6pal__A1_A0A412SRH5--6pal__B1_A0A412SRH5,18,2,3,3,0.0382164422153378,23.265625,False,0.07414855808019638
6pal__A1_A0A412SRH5--6pal__B1_A0A412SRH5,19,2,0,3,0.1332359430487497,23.25,False,0.2154802829027176
6pal__A1_A0A412SRH5--6pal__B1_A0A412SRH5,20,1,2,3,0.0284424557593308,23.171875,False,0.10296028852462769
6pnp__A1_Q9CS84--6pnp__B1_Q63366,1,1,0,0,0.566061935849777,81.0625,True,0.2699422538280487
6pnp__A1_Q9CS84--6pnp__B1_Q63366,2,1,3,0,0.537341121419148,79.75,True,0.8511003851890564
6pnp__A1_Q9CS84--6pnp__B1_Q63366,3,2,1,0,0.5527045069056564,79.1875,True,0.9997231364250183
6pnp__A1_Q9CS84--6pnp__B1_Q63366,4,4,1,0,0.5615226064486668,78.3125,True,0.19827057421207428
6pnp__A1_Q9CS84--6pnp__B1_Q63366,5,3,3,0,0.3918072312613154,73.0625,True,0.029103007167577744
6pnp__A1_Q9CS84--6pnp__B1_Q63366,6,1,1,0,0.4917792724240093,73.0,True,0.5641570687294006
6pnp__A1_Q9CS84--6pnp__B1_Q63366,7,1,2,0,0.4334399533156032,71.9375,True,0.35245802998542786
6pnp__A1_Q9CS84--6pnp__B1_Q63366,8,5,0,0,0.2515626813252724,70.8125,True,0.08875585347414017
6pnp__A1_Q9CS84--6pnp__B1_Q63366,9,3,0,0,0.4190735613289808,70.5625,True,0.2677624523639679
6pnp__A1_Q9CS84--6pnp__B1_Q63366,10,5,2,0,0.2423327901605392,66.1875,True,0.12163636088371277
6pnp__A1_Q9CS84--6pnp__B1_Q63366,11,5,1,0,0.2699035723982712,63.09375,True,0.024437572807073593
6pnp__A1_Q9CS84--6pnp__B1_Q63366,12,2,3,0,0.2368887237115567,61.71875,True,0.0514303520321846
6pnp__A1_Q9CS84--6pnp__B1_Q63366,13,2,2,0,0.1689217323656439,56.625,False,0.5073761940002441
6pnp__A1_Q9CS84--6pnp__B1_Q63366,14,2,0,0,0.2125550232703306,51.1875,False,0.8476811647415161
6pnp__A1_Q9CS84--6pnp__B1_Q63366,15,3,1,0,0.1210172622909976,49.8125,False,0.04661627113819122
6pnp__A1_Q9CS84--6pnp__B1_Q63366,16,4,0,0,0.2859425132506054,43.65625,True,0.5582575798034668
6pnp__A1_Q9CS84--6pnp__B1_Q63366,17,4,3,0,0.3138391277145428,35.90625,True,0.3532549738883972
6pnp__A1_Q9CS84--6pnp__B1_Q63366,18,4,2,0,0.224797930511021,32.09375,False,0.12234269827604294
6pnp__A1_Q9CS84--6pnp__B1_Q63366,19,5,3,0,0.097342253063865,23.515625,False,0.026317398995161057
6pnp__A1_Q9CS84--6pnp__B1_Q63366,20,3,2,0,0.0276862080286173,21.484375,False,0.021289851516485214
6pog__B1_Q99435--6pog__A1_Q96MS0,1,4,2,1,0.7113385188458835,84.0,True,0.9974172115325928
6pog__B1_Q99435--6pog__A1_Q96MS0,2,4,1,1,0.72289462822072,83.6875,True,0.9976353645324707
6pog__B1_Q99435--6pog__A1_Q96MS0,3,2,2,1,0.7237889047063882,82.3125,True,0.9175717830657959
6pog__B1_Q99435--6pog__A1_Q96MS0,4,2,1,1,0.7173666385186009,82.1875,True,0.9255483150482178
6pog__B1_Q99435--6pog__A1_Q96MS0,5,2,0,1,0.0218051289592738,76.0625,False,0.6080036163330078
6pog__B1_Q99435--6pog__A1_Q96MS0,6,2,3,1,0.0221615872715182,74.4375,False,0.10913991183042526
6pog__B1_Q99435--6pog__A1_Q96MS0,7,1,3,1,0.0215009787810291,62.21875,False,0.6005783677101135
6pog__B1_Q99435--6pog__A1_Q96MS0,8,4,0,1,0.3171524487378258,26.484375,True,0.04952353984117508
6pog__B1_Q99435--6pog__A1_Q96MS0,9,3,3,1,0.0414704286802604,26.0625,False,0.04244975000619888
6pog__B1_Q99435--6pog__A1_Q96MS0,10,4,3,1,0.3587610629271321,26.046875,True,0.07302649319171906
6pog__B1_Q99435--6pog__A1_Q96MS0,11,3,2,1,0.0411616399690065,22.875,False,0.05065343901515007
6pog__B1_Q99435--6pog__A1_Q96MS0,12,5,0,1,0.0720258111735869,22.125,False,0.03978373855352402
6pog__B1_Q99435--6pog__A1_Q96MS0,13,1,2,1,0.1124948518278175,21.765625,False,0.05668264627456665
6pog__B1_Q99435--6pog__A1_Q96MS0,14,3,1,1,0.0380001734120087,20.796875,False,0.04733411595225334
6pog__B1_Q99435--6pog__A1_Q96MS0,15,5,1,1,0.0559589042329851,18.1875,False,0.039107657968997955
6pog__B1_Q99435--6pog__A1_Q96MS0,16,5,3,1,0.0190593946583184,17.65625,False,0.052806638181209564
6pog__B1_Q99435--6pog__A1_Q96MS0,17,5,2,1,0.0282888048373123,16.1875,False,0.04772517830133438
6pog__B1_Q99435--6pog__A1_Q96MS0,18,3,0,1,0.0339157962906499,15.5234375,False,0.04540396109223366
6pog__B1_Q99435--6pog__A1_Q96MS0,19,1,1,1,0.0536664347864148,15.4921875,False,0.04772517830133438
6pog__B1_Q99435--6pog__A1_Q96MS0,20,1,0,1,0.0243006146818294,15.0234375,False,0.045504242181777954
6pqn__A1_B0F0C5--6pqn__B1_B0F0C5,1,4,1,3,0.1863061165232762,81.1875,False,0.8271483778953552
6pqn__A1_B0F0C5--6pqn__B1_B0F0C5,2,4,0,3,0.1862272101983351,80.5625,False,0.8597166538238525
6pqn__A1_B0F0C5--6pqn__B1_B0F0C5,3,4,2,3,0.1866042350922792,80.0625,False,0.8309101462364197
6pqn__A1_B0F0C5--6pqn__B1_B0F0C5,4,4,3,3,0.1752051578724304,79.4375,False,0.8489658832550049
6pqn__A1_B0F0C5--6pqn__B1_B0F0C5,5,1,3,3,0.1882892661324808,79.4375,False,0.8659941554069519
6pqn__A1_B0F0C5--6pqn__B1_B0F0C5,6,1,0,3,0.1876077478293631,79.1875,False,0.9159678220748901
6pqn__A1_B0F0C5--6pqn__B1_B0F0C5,7,5,2,3,0.1916232197646265,79.0625,False,0.7294800281524658
6pqn__A1_B0F0C5--6pqn__B1_B0F0C5,8,5,1,3,0.1932269433960058,78.5625,False,0.7400643825531006
6pqn__A1_B0F0C5--6pqn__B1_B0F0C5,9,1,1,3,0.1874695583062714,78.375,False,0.8490995764732361
6pqn__A1_B0F0C5--6pqn__B1_B0F0C5,10,5,0,3,0.1945058258434623,77.3125,False,0.7614580988883972
6pqn__A1_B0F0C5--6pqn__B1_B0F0C5,11,5,3,3,0.1935743891009141,77.1875,False,0.7421975135803223
6pqn__A1_B0F0C5--6pqn__B1_B0F0C5,12,1,2,3,0.1886583617225018,76.875,False,0.8947733044624329
6pqn__A1_B0F0C5--6pqn__B1_B0F0C5,13,2,3,3,0.1909887625126328,76.75,False,0.8937087655067444
6pqn__A1_B0F0C5--6pqn__B1_B0F0C5,14,3,1,3,0.1923383524178059,76.25,False,0.9766467213630676
6pqn__A1_B0F0C5--6pqn__B1_B0F0C5,15,2,0,3,0.1892079786034365,76.25,False,0.7306822538375854
6pqn__A1_B0F0C5--6pqn__B1_B0F0C5,16,2,2,3,0.1929816976755305,75.8125,False,0.7513379454612732
6pqn__A1_B0F0C5--6pqn__B1_B0F0C5,17,3,3,3,0.1929945448952633,75.8125,False,0.9652682542800903
6pqn__A1_B0F0C5--6pqn__B1_B0F0C5,18,3,0,3,0.1921207521505407,75.125,False,0.9720097184181213
6pqn__A1_B0F0C5--6pqn__B1_B0F0C5,19,2,1,3,0.1971738579472609,74.4375,False,0.7682830691337585
6pqn__A1_B0F0C5--6pqn__B1_B0F0C5,20,3,2,3,0.1932391565875169,74.3125,False,0.9480461478233337
6pyk__A1_P16466--6pyk__A2_P16466,1,3,0,4,0.4380012084326712,80.9375,True,0.0330776646733284
6pyk__A1_P16466--6pyk__A2_P16466,2,3,1,4,0.1798607882370027,68.5625,False,0.18860813975334167
6pyk__A1_P16466--6pyk__A2_P16466,3,5,3,4,0.0382139578183419,68.375,False,0.08483131229877472
6pyk__A1_P16466--6pyk__A2_P16466,4,1,1,4,0.439380304578206,65.3125,True,0.41323912143707275
6pyk__A1_P16466--6pyk__A2_P16466,5,1,0,4,0.071888478614922,57.90625,False,0.19765684008598328
6pyk__A1_P16466--6pyk__A2_P16466,6,5,0,4,0.5041675140523555,57.65625,True,0.3088544011116028
6pyk__A1_P16466--6pyk__A2_P16466,7,5,2,4,0.4573156026528329,49.125,True,0.396264910697937
6pyk__A1_P16466--6pyk__A2_P16466,8,4,3,4,0.1411075898283103,47.71875,False,0.10817022621631622
6pyk__A1_P16466--6pyk__A2_P16466,9,3,3,4,0.1387108559443111,47.4375,False,0.3358665704727173
6pyk__A1_P16466--6pyk__A2_P16466,10,1,2,4,0.0996608712202392,44.65625,False,0.2725624144077301
6pyk__A1_P16466--6pyk__A2_P16466,11,5,1,4,0.0335985707703043,43.5,False,0.6653962135314941
6pyk__A1_P16466--6pyk__A2_P16466,12,4,2,4,0.3258671556389789,41.25,True,0.14617840945720673
6pyk__A1_P16466--6pyk__A2_P16466,13,3,2,4,0.1279061399891632,40.40625,False,0.5321091413497925
6pyk__A1_P16466--6pyk__A2_P16466,14,2,1,4,0.0415006551787202,39.75,False,0.9881872534751892
6pyk__A1_P16466--6pyk__A2_P16466,15,1,3,4,0.0426192193339657,39.3125,False,0.10771127045154572
6pyk__A1_P16466--6pyk__A2_P16466,16,4,1,4,0.0409929105117708,37.75,False,0.06530588865280151
6pyk__A1_P16466--6pyk__A2_P16466,17,2,2,4,0.0261102045514846,37.03125,False,0.9874427914619446
6pyk__A1_P16466--6pyk__A2_P16466,18,2,3,4,0.0498995506451924,32.9375,False,0.18678319454193115
6pyk__A1_P16466--6pyk__A2_P16466,19,2,0,4,0.0691353060655221,31.75,False,0.10510827600955963
6pyk__A1_P16466--6pyk__A2_P16466,20,4,0,4,0.0280069881331724,31.03125,False,0.045690909028053284
6qpk__B1_A0A2H1G421--6qpk__A1_A0A2H1G421,1,2,3,4,0.0437001347679296,28.328125,False,0.03488186374306679
6qpk__B1_A0A2H1G421--6qpk__A1_A0A2H1G421,2,3,3,4,0.0139110759995026,22.71875,False,0.023204196244478226
6qpk__B1_A0A2H1G421--6qpk__A1_A0A2H1G421,3,4,0,4,0.0181145669366846,18.125,False,0.02904777228832245
6qpk__B1_A0A2H1G421--6qpk__A1_A0A2H1G421,4,2,0,4,0.0230172012794918,17.875,False,0.028653280809521675
6qpk__B1_A0A2H1G421--6qpk__A1_A0A2H1G421,5,2,1,4,0.0219837345468992,14.984375,False,0.03887946903705597
6qpk__B1_A0A2H1G421--6qpk__A1_A0A2H1G421,6,3,2,4,0.0172283464654515,14.9765625,False,0.05658808723092079
6qpk__B1_A0A2H1G421--6qpk__A1_A0A2H1G421,7,5,2,4,0.0166156705570417,14.3671875,False,0.0323127843439579
6qpk__B1_A0A2H1G421--6qpk__A1_A0A2H1G421,8,4,1,4,0.0146420830912853,14.0546875,False,0.02068590372800827
6qpk__B1_A0A2H1G421--6qpk__A1_A0A2H1G421,9,3,1,4,0.0142299981086489,13.375,False,0.05293657258152962
6qpk__B1_A0A2H1G421--6qpk__A1_A0A2H1G421,10,5,3,4,0.0187356013157271,13.15625,False,0.041496019810438156
6qpk__B1_A0A2H1G421--6qpk__A1_A0A2H1G421,11,5,1,4,0.0273028859400519,13.1171875,False,0.046794842928647995
6qpk__B1_A0A2H1G421--6qpk__A1_A0A2H1G421,12,4,3,4,0.0175168107192654,13.03125,False,0.06325512379407883
6qpk__B1_A0A2H1G421--6qpk__A1_A0A2H1G421,13,5,0,4,0.017598230154623,12.203125,False,0.05762690678238869
6qpk__B1_A0A2H1G421--6qpk__A1_A0A2H1G421,14,1,1,4,0.015674054148712,11.9296875,False,0.13451027870178223
6qpk__B1_A0A2H1G421--6qpk__A1_A0A2H1G421,15,1,2,4,0.0174471304730586,11.4609375,False,0.06770820915699005
6qpk__B1_A0A2H1G421--6qpk__A1_A0A2H1G421,16,2,2,4,0.0301726135145131,11.4375,False,0.033620383590459824
6qpk__B1_A0A2H1G421--6qpk__A1_A0A2H1G421,17,3,0,4,0.0161557986077302,11.3125,False,0.11091548204421997
6qpk__B1_A0A2H1G421--6qpk__A1_A0A2H1G421,18,1,0,4,0.0165271093189278,11.125,False,0.14297616481781006
6qpk__B1_A0A2H1G421--6qpk__A1_A0A2H1G421,19,4,2,4,0.0158980460069745,10.8828125,False,0.053030386567115784
6qpk__B1_A0A2H1G421--6qpk__A1_A0A2H1G421,20,1,3,4,0.0171990951948653,10.828125,False,0.04035038873553276
6qxp__A1_O48809--6qxp__I1_Q9FZA0,1,5,3,3,0.3778525981154956,90.0625,True,0.975399374961853
6qxp__A1_O48809--6qxp__I1_Q9FZA0,2,5,2,3,0.6744893321233535,90.0625,True,0.640224277973175
6qxp__A1_O48809--6qxp__I1_Q9FZA0,3,5,1,3,0.7014105313887318,89.875,True,0.8410652875900269
6qxp__A1_O48809--6qxp__I1_Q9FZA0,4,5,0,3,0.6888709892663111,89.8125,True,0.8606387376785278
6qxp__A1_O48809--6qxp__I1_Q9FZA0,5,3,1,3,0.7069010276506785,89.75,True,0.9840427041053772
6qxp__A1_O48809--6qxp__I1_Q9FZA0,6,4,2,3,0.6950874643916173,89.6875,True,0.9006938934326172
6qxp__A1_O48809--6qxp__I1_Q9FZA0,7,4,3,3,0.7349700081675254,89.5,True,0.9027158617973328
6qxp__A1_O48809--6qxp__I1_Q9FZA0,8,3,0,3,0.7047688683701566,89.375,True,0.9875069856643677
6qxp__A1_O48809--6qxp__I1_Q9FZA0,9,4,1,3,0.7178019220306915,89.3125,True,0.9299859404563904
6qxp__A1_O48809--6qxp__I1_Q9FZA0,10,3,3,3,0.3893437368128737,89.25,True,0.46717336773872375
6qxp__A1_O48809--6qxp__I1_Q9FZA0,11,4,0,3,0.7344820769673032,89.1875,True,0.9084773063659668
6qxp__A1_O48809--6qxp__I1_Q9FZA0,12,2,1,3,0.7547733343408666,89.0,True,0.9852702617645264
6qxp__A1_O48809--6qxp__I1_Q9FZA0,13,2,3,3,0.7567168962692342,89.0,True,0.9720180630683899
6qxp__A1_O48809--6qxp__I1_Q9FZA0,14,1,2,3,0.4001797895391547,88.875,True,0.9980846643447876
6qxp__A1_O48809--6qxp__I1_Q9FZA0,15,3,2,3,0.3923012657353265,88.8125,True,0.6409757733345032
6qxp__A1_O48809--6qxp__I1_Q9FZA0,16,2,2,3,0.4050538334569655,88.75,True,0.9999793767929077
6qxp__A1_O48809--6qxp__I1_Q9FZA0,17,1,1,3,0.4119101945366517,88.625,True,0.9933039546012878
6qxp__A1_O48809--6qxp__I1_Q9FZA0,18,2,0,3,0.3982420093531189,88.25,True,0.9999626874923706
6qxp__A1_O48809--6qxp__I1_Q9FZA0,19,1,0,3,0.7034767670851939,88.0625,True,0.08443129062652588
6qxp__A1_O48809--6qxp__I1_Q9FZA0,20,1,3,3,0.7050956765898676,88.0,True,0.8890544176101685
6r2f__A1_Q9BXU0--6r2f__B1_Q9BXU0,1,1,3,1,0.081619139415162,38.5625,False,0.8800682425498962
6r2f__A1_Q9BXU0--6r2f__B1_Q9BXU0,2,5,2,1,0.1186430302415088,38.4375,False,0.013281265273690224
6r2f__A1_Q9BXU0--6r2f__B1_Q9BXU0,3,5,3,1,0.1321556539454487,38.375,False,0.017337344586849213
6r2f__A1_Q9BXU0--6r2f__B1_Q9BXU0,4,5,1,1,0.1453025508266762,38.375,False,0.05790511891245842
6r2f__A1_Q9BXU0--6r2f__B1_Q9BXU0,5,5,0,1,0.1336282908974391,38.03125,False,0.023882510140538216
6r2f__A1_Q9BXU0--6r2f__B1_Q9BXU0,6,1,0,1,0.0869338022182297,35.4375,False,0.8567401170730591
6r2f__A1_Q9BXU0--6r2f__B1_Q9BXU0,7,4,2,1,0.5926486000514575,32.65625,True,0.23001080751419067
6r2f__A1_Q9BXU0--6r2f__B1_Q9BXU0,8,2,1,1,0.1181984850813788,32.15625,False,0.17189007997512817
6r2f__A1_Q9BXU0--6r2f__B1_Q9BXU0,9,1,2,1,0.086966029062482,32.09375,False,0.8343191742897034
6r2f__A1_Q9BXU0--6r2f__B1_Q9BXU0,10,2,0,1,0.3262981597097516,31.75,True,0.4088940918445587
6r2f__A1_Q9BXU0--6r2f__B1_Q9BXU0,11,1,1,1,0.0829405468212613,31.703125,False,0.8449859619140625
6r2f__A1_Q9BXU0--6r2f__B1_Q9BXU0,12,2,3,1,0.3197655709963091,31.484375,True,0.6883980631828308
6r2f__A1_Q9BXU0--6r2f__B1_Q9BXU0,13,4,3,1,0.6348598791013736,31.25,True,0.3216360807418823
6r2f__A1_Q9BXU0--6r2f__B1_Q9BXU0,14,4,1,1,0.5867015339507459,30.1875,True,0.06737865507602692
6r2f__A1_Q9BXU0--6r2f__B1_Q9BXU0,15,2,2,1,0.1002529687199717,29.875,False,0.28772780299186707
6r2f__A1_Q9BXU0--6r2f__B1_Q9BXU0,16,4,0,1,0.531096924973209,29.484375,True,0.1202671229839325
6r2f__A1_Q9BXU0--6r2f__B1_Q9BXU0,17,3,0,1,0.107453966386522,20.546875,False,0.0319170244038105
6r2f__A1_Q9BXU0--6r2f__B1_Q9BXU0,18,3,3,1,0.1105097751049204,19.40625,False,0.022086355835199356
6r2f__A1_Q9BXU0--6r2f__B1_Q9BXU0,19,3,2,1,0.1075082936816004,19.03125,False,0.032183099538087845
6r2f__A1_Q9BXU0--6r2f__B1_Q9BXU0,20,3,1,1,0.1088316708157175,18.578125,False,0.05788962170481682
6r6n__A1_Q1Q7P4--6r6n__B1_Q1Q7P3,1,1,2,3,0.5631643736795385,82.375,True,0.20701490342617035
6r6n__A1_Q1Q7P4--6r6n__B1_Q1Q7P3,2,1,3,3,0.5491373530704388,81.0625,True,0.12645019590854645
6r6n__A1_Q1Q7P4--6r6n__B1_Q1Q7P3,3,4,0,3,0.6006231729841173,80.4375,True,1.8435699530527927e-05
6r6n__A1_Q1Q7P4--6r6n__B1_Q1Q7P3,4,4,1,3,0.5504813707856607,80.0,True,0.13820770382881165
6r6n__A1_Q1Q7P4--6r6n__B1_Q1Q7P3,5,5,1,3,0.5104002808831195,79.8125,True,0.0007219589897431433
6r6n__A1_Q1Q7P4--6r6n__B1_Q1Q7P3,6,5,2,3,0.5276715574886598,79.625,True,0.9782252311706543
6r6n__A1_Q1Q7P4--6r6n__B1_Q1Q7P3,7,3,3,3,0.5264813176367644,79.5,True,0.0012902588350698352
6r6n__A1_Q1Q7P4--6r6n__B1_Q1Q7P3,8,3,1,3,0.5470163966130092,78.125,True,0.6154760122299194
6r6n__A1_Q1Q7P4--6r6n__B1_Q1Q7P3,9,5,3,3,0.536168727621331,75.6875,True,0.9229784607887268
6r6n__A1_Q1Q7P4--6r6n__B1_Q1Q7P3,10,4,2,3,0.5400067504116403,73.875,True,0.8255069851875305
6r6n__A1_Q1Q7P4--6r6n__B1_Q1Q7P3,11,3,2,3,0.5328075833580868,73.75,True,0.9956271648406982
6r6n__A1_Q1Q7P4--6r6n__B1_Q1Q7P3,12,4,3,3,0.5442419773112656,73.6875,True,0.8008006811141968
6r6n__A1_Q1Q7P4--6r6n__B1_Q1Q7P3,13,5,0,3,0.5583253696159719,71.375,True,0.04730285704135895
6r6n__A1_Q1Q7P4--6r6n__B1_Q1Q7P3,14,1,1,3,0.519425367681678,67.9375,True,0.019457288086414337
6r6n__A1_Q1Q7P4--6r6n__B1_Q1Q7P3,15,1,0,3,0.4697886756834048,60.25,True,0.02237842231988907
6r6n__A1_Q1Q7P4--6r6n__B1_Q1Q7P3,16,2,3,3,0.4745822220570686,57.375,True,0.030189204961061478
6r6n__A1_Q1Q7P4--6r6n__B1_Q1Q7P3,17,2,1,3,0.5389014913504222,50.875,True,0.5366348028182983
6r6n__A1_Q1Q7P4--6r6n__B1_Q1Q7P3,18,2,2,3,0.4634290531578096,37.84375,True,0.039150238037109375
6r6n__A1_Q1Q7P4--6r6n__B1_Q1Q7P3,19,3,0,3,0.3105826074067375,34.53125,True,0.4676457643508911
6r6n__A1_Q1Q7P4--6r6n__B1_Q1Q7P3,20,2,0,3,0.2449201376698863,28.109375,True,0.23152105510234833
6ra0__A1_Q9XUJ7--6ra0__A2_Q9XUJ7,1,4,1,3,0.0150290523819252,58.9375,False,0.1643306016921997
6ra0__A1_Q9XUJ7--6ra0__A2_Q9XUJ7,2,4,2,3,0.0122986518608096,57.59375,False,0.0027862312272191048
6ra0__A1_Q9XUJ7--6ra0__A2_Q9XUJ7,3,4,0,3,0.0132122979728573,56.84375,False,0.0004038675397168845
6ra0__A1_Q9XUJ7--6ra0__A2_Q9XUJ7,4,5,3,3,0.0157911074501001,56.65625,False,9.357623589846195e-14
6ra0__A1_Q9XUJ7--6ra0__A2_Q9XUJ7,5,4,3,3,0.0142923570519249,56.28125,False,4.879222615272738e-05
6ra0__A1_Q9XUJ7--6ra0__A2_Q9XUJ7,6,5,2,3,0.0240832384090951,56.21875,False,7.332862615727631e-13
6ra0__A1_Q9XUJ7--6ra0__A2_Q9XUJ7,7,5,1,3,0.0159365055353555,56.125,False,2.084512033470598e-12
6ra0__A1_Q9XUJ7--6ra0__A2_Q9XUJ7,8,3,1,3,0.0191218925297001,51.59375,False,0.7804121375083923
6ra0__A1_Q9XUJ7--6ra0__A2_Q9XUJ7,9,3,3,3,0.0203041377216996,51.4375,False,0.00047102192183956504
6ra0__A1_Q9XUJ7--6ra0__A2_Q9XUJ7,10,3,2,3,0.0148413138037469,49.34375,False,7.77170862420462e-06
6ra0__A1_Q9XUJ7--6ra0__A2_Q9XUJ7,11,1,2,3,0.0340925647741834,28.78125,False,0.04038643464446068
6ra0__A1_Q9XUJ7--6ra0__A2_Q9XUJ7,12,1,1,3,0.0756600804396501,24.515625,False,0.048310380429029465
6ra0__A1_Q9XUJ7--6ra0__A2_Q9XUJ7,13,3,0,3,0.0733878922911226,23.140625,False,0.08790922164916992
6ra0__A1_Q9XUJ7--6ra0__A2_Q9XUJ7,14,1,0,3,0.0798769052849698,22.65625,False,0.04475928843021393
6ra0__A1_Q9XUJ7--6ra0__A2_Q9XUJ7,15,5,0,3,0.0630621632636317,22.390625,False,0.07852140069007874
6ra0__A1_Q9XUJ7--6ra0__A2_Q9XUJ7,16,2,0,3,0.0164346459629031,21.8125,False,0.0983387902379036
6ra0__A1_Q9XUJ7--6ra0__A2_Q9XUJ7,17,2,3,3,0.0244812125886889,20.03125,False,0.1368616819381714
6ra0__A1_Q9XUJ7--6ra0__A2_Q9XUJ7,18,1,3,3,0.0502789299946359,17.78125,False,0.05662813410162926
6ra0__A1_Q9XUJ7--6ra0__A2_Q9XUJ7,19,2,1,3,0.0341464683093555,15.0859375,False,0.06205763667821884
6ra0__A1_Q9XUJ7--6ra0__A2_Q9XUJ7,20,2,2,3,0.0978463832138025,13.3046875,False,0.03707217425107956
6ra9__B1_Q71V39--6ra9__A1_Q71V39,1,5,2,4,0.0248607106188873,25.484375,False,0.1931001842021942
6ra9__B1_Q71V39--6ra9__A1_Q71V39,2,5,0,4,0.0131747668076184,24.71875,False,0.20335155725479126
6ra9__B1_Q71V39--6ra9__A1_Q71V39,3,5,3,4,0.0221041419118133,24.125,False,0.24736621975898743
6ra9__B1_Q71V39--6ra9__A1_Q71V39,4,4,2,4,0.012870474043543,23.9375,False,0.08362574130296707
6ra9__B1_Q71V39--6ra9__A1_Q71V39,5,4,0,4,0.0121012729215566,23.234375,False,0.096079021692276
6ra9__B1_Q71V39--6ra9__A1_Q71V39,6,1,2,4,0.0494479552332201,22.671875,False,0.3121110796928406
6ra9__B1_Q71V39--6ra9__A1_Q71V39,7,2,2,4,0.016216407881616,22.328125,False,0.02761533111333847
6ra9__B1_Q71V39--6ra9__A1_Q71V39,8,2,3,4,0.0190898434216581,21.796875,False,0.03228389844298363
6ra9__B1_Q71V39--6ra9__A1_Q71V39,9,5,1,4,0.0220426668776626,21.671875,False,0.028654102236032486
6ra9__B1_Q71V39--6ra9__A1_Q71V39,10,1,3,4,0.0187443456278231,21.5,False,0.9376477003097534
6ra9__B1_Q71V39--6ra9__A1_Q71V39,11,1,1,4,0.0652347281313609,21.453125,False,0.04874219372868538
6ra9__B1_Q71V39--6ra9__A1_Q71V39,12,2,0,4,0.0426115557800209,21.4375,False,0.057005614042282104
6ra9__B1_Q71V39--6ra9__A1_Q71V39,13,1,0,4,0.0494119000406424,21.09375,False,0.03188672289252281
6ra9__B1_Q71V39--6ra9__A1_Q71V39,14,4,1,4,0.0121712017531289,20.953125,False,0.07583358138799667
6ra9__B1_Q71V39--6ra9__A1_Q71V39,15,2,1,4,0.1662977112191485,20.5625,False,0.039023395627737045
6ra9__B1_Q71V39--6ra9__A1_Q71V39,16,3,2,4,0.045648378439779,20.453125,False,0.011787564493715763
6ra9__B1_Q71V39--6ra9__A1_Q71V39,17,4,3,4,0.022092164293627,20.328125,False,0.1130676418542862
6ra9__B1_Q71V39--6ra9__A1_Q71V39,18,3,1,4,0.0306345138734052,20.28125,False,0.02219472825527191
6ra9__B1_Q71V39--6ra9__A1_Q71V39,19,3,3,4,0.0540565535865958,20.015625,False,0.008082780987024307
6ra9__B1_Q71V39--6ra9__A1_Q71V39,20,3,0,4,0.054192661784502,19.9375,False,0.017851514741778374
6rj8__A1_A0A5B8X6B5--6rj8__A2_A0A5B8X6B5,1,3,3,4,0.8755653663341508,92.875,True,0.9898514747619629
6rj8__A1_A0A5B8X6B5--6rj8__A2_A0A5B8X6B5,2,3,2,4,0.8748971176251029,92.6875,True,0.9898514747619629
6rj8__A1_A0A5B8X6B5--6rj8__A2_A0A5B8X6B5,3,3,0,4,0.8843691460864885,92.625,True,0.9906879663467407
6rj8__A1_A0A5B8X6B5--6rj8__A2_A0A5B8X6B5,4,1,1,4,0.8724232299347471,92.5,True,0.9806854724884033
6rj8__A1_A0A5B8X6B5--6rj8__A2_A0A5B8X6B5,5,2,0,4,0.867579434669334,92.1875,True,0.9975141286849976
6rj8__A1_A0A5B8X6B5--6rj8__A2_A0A5B8X6B5,6,4,3,4,0.8018476773059868,83.3125,True,0.5608647465705872
6rj8__A1_A0A5B8X6B5--6rj8__A2_A0A5B8X6B5,7,3,1,4,0.7587882451831648,82.75,True,0.9964559674263
6rj8__A1_A0A5B8X6B5--6rj8__A2_A0A5B8X6B5,8,5,3,4,0.8487757517694875,75.375,True,0.21681296825408936
6rj8__A1_A0A5B8X6B5--6rj8__A2_A0A5B8X6B5,9,5,1,4,0.0089334294527963,53.25,False,0.07095494866371155
6rj8__A1_A0A5B8X6B5--6rj8__A2_A0A5B8X6B5,10,5,2,4,0.0089755652657021,41.78125,False,0.08887031674385071
6rj8__A1_A0A5B8X6B5--6rj8__A2_A0A5B8X6B5,11,2,3,4,0.0088548785812482,40.53125,False,0.09598968923091888
6rj8__A1_A0A5B8X6B5--6rj8__A2_A0A5B8X6B5,12,5,0,4,0.0092170004182351,36.8125,False,0.01738482527434826
6rj8__A1_A0A5B8X6B5--6rj8__A2_A0A5B8X6B5,13,2,1,4,0.0101118795269151,30.796875,False,0.9989595413208008
6rj8__A1_A0A5B8X6B5--6rj8__A2_A0A5B8X6B5,14,2,2,4,0.0096937069596036,30.09375,False,0.9988961219787598
6rj8__A1_A0A5B8X6B5--6rj8__A2_A0A5B8X6B5,15,4,2,4,0.0127442435209642,29.328125,False,0.734017014503479
6rj8__A1_A0A5B8X6B5--6rj8__A2_A0A5B8X6B5,16,1,3,4,0.0108121653526978,29.328125,False,0.017397692427039146
6rj8__A1_A0A5B8X6B5--6rj8__A2_A0A5B8X6B5,17,1,0,4,0.0109810659722035,28.671875,False,0.8804876804351807
6rj8__A1_A0A5B8X6B5--6rj8__A2_A0A5B8X6B5,18,1,2,4,0.0112096315891865,28.65625,False,0.014595314860343933
6rj8__A1_A0A5B8X6B5--6rj8__A2_A0A5B8X6B5,19,4,0,4,0.0120822985306834,27.625,False,0.6720069050788879
6rj8__A1_A0A5B8X6B5--6rj8__A2_A0A5B8X6B5,20,4,1,4,0.0134045882666826,26.09375,False,0.8121064901351929
6rm9__A1_G0SEG4--6rm9__B1_G0SFN3,1,5,2,4,0.8330006800487264,91.6875,True,0.8176255822181702
6rm9__A1_G0SEG4--6rm9__B1_G0SFN3,2,5,1,4,0.7079416294294836,90.625,True,0.8257204294204712
6rm9__A1_G0SEG4--6rm9__B1_G0SFN3,3,3,1,4,0.7678060721971431,89.875,True,0.8262282609939575
6rm9__A1_G0SEG4--6rm9__B1_G0SFN3,4,5,3,4,0.739182592220438,89.875,True,0.8097795844078064
6rm9__A1_G0SEG4--6rm9__B1_G0SFN3,5,5,0,4,0.7211569652924256,89.8125,True,0.8230430483818054
6rm9__A1_G0SEG4--6rm9__B1_G0SFN3,6,4,0,4,0.7476452035956779,89.6875,True,0.8339366316795349
6rm9__A1_G0SEG4--6rm9__B1_G0SFN3,7,3,0,4,0.7718683213465208,89.375,True,0.8233763575553894
6rm9__A1_G0SEG4--6rm9__B1_G0SFN3,8,4,1,4,0.7537926060824324,88.75,True,0.8332343697547913
6rm9__A1_G0SEG4--6rm9__B1_G0SFN3,9,3,2,4,0.7492827903287669,88.6875,True,0.8358646631240845
6rm9__A1_G0SEG4--6rm9__B1_G0SFN3,10,4,3,4,0.7440916957168119,88.625,True,0.82804936170578
6rm9__A1_G0SEG4--6rm9__B1_G0SFN3,11,3,3,4,0.7524839930959235,88.5,True,0.8324663639068604
6rm9__A1_G0SEG4--6rm9__B1_G0SFN3,12,2,1,4,0.7314663424667088,88.4375,True,0.8189380764961243
6rm9__A1_G0SEG4--6rm9__B1_G0SFN3,13,4,2,4,0.7426019713745502,88.25,True,0.8322062492370605
6rm9__A1_G0SEG4--6rm9__B1_G0SFN3,14,1,3,4,0.7316338209797606,87.5,True,0.8478491902351379
6rm9__A1_G0SEG4--6rm9__B1_G0SFN3,15,2,0,4,0.7282128713578174,87.25,True,0.8165792226791382
6rm9__A1_G0SEG4--6rm9__B1_G0SFN3,16,2,2,4,0.7172973017403418,87.0,True,0.8205116987228394
6rm9__A1_G0SEG4--6rm9__B1_G0SFN3,17,1,0,4,0.7208431074079372,87.0,True,0.8371397256851196
6rm9__A1_G0SEG4--6rm9__B1_G0SFN3,18,1,2,4,0.712639966764495,86.625,True,0.8450056910514832
6rm9__A1_G0SEG4--6rm9__B1_G0SFN3,19,2,3,4,0.7242169826428299,86.5,True,0.8201325535774231
6rm9__A1_G0SEG4--6rm9__B1_G0SFN3,20,1,1,4,0.7061408206034202,85.1875,True,0.8406440019607544
6s6a__A1_Q7L523--6s6a__C1_Q9HB90,1,4,0,2,0.6542801785711593,90.125,True,0.8651672601699829
6s6a__A1_Q7L523--6s6a__C1_Q9HB90,2,4,2,2,0.6233608775600028,90.0625,True,0.8573026061058044
6s6a__A1_Q7L523--6s6a__C1_Q9HB90,3,4,1,2,0.6610112630432988,90.0,True,0.875636875629425
6s6a__A1_Q7L523--6s6a__C1_Q9HB90,4,5,3,2,0.6822626512903316,89.75,True,0.8458513617515564
6s6a__A1_Q7L523--6s6a__C1_Q9HB90,5,4,3,2,0.6635306517750008,89.75,True,0.8585758209228516
6s6a__A1_Q7L523--6s6a__C1_Q9HB90,6,5,2,2,0.6797188868842939,89.5625,True,0.8579146265983582
6s6a__A1_Q7L523--6s6a__C1_Q9HB90,7,2,0,2,0.7263007264208023,89.375,True,0.8299474716186523
6s6a__A1_Q7L523--6s6a__C1_Q9HB90,8,5,0,2,0.6806879156592718,89.3125,True,0.8249155879020691
6s6a__A1_Q7L523--6s6a__C1_Q9HB90,9,1,3,2,0.7020437105573221,89.3125,True,0.849108874797821
6s6a__A1_Q7L523--6s6a__C1_Q9HB90,10,2,1,2,0.7229480008784067,89.3125,True,0.8335937261581421
6s6a__A1_Q7L523--6s6a__C1_Q9HB90,11,1,2,2,0.6909044787217659,89.0625,True,0.8413940668106079
6s6a__A1_Q7L523--6s6a__C1_Q9HB90,12,2,2,2,0.7007908561201738,89.0,True,0.8383510112762451
6s6a__A1_Q7L523--6s6a__C1_Q9HB90,13,2,3,2,0.7146896399627579,88.8125,True,0.8221023082733154
6s6a__A1_Q7L523--6s6a__C1_Q9HB90,14,3,2,2,0.7075053701604155,88.6875,True,0.8631842136383057
6s6a__A1_Q7L523--6s6a__C1_Q9HB90,15,5,1,2,0.719387367007876,88.5625,True,0.8610361218452454
6s6a__A1_Q7L523--6s6a__C1_Q9HB90,16,1,1,2,0.707432547123688,88.5,True,0.8377437591552734
6s6a__A1_Q7L523--6s6a__C1_Q9HB90,17,1,0,2,0.708572701651527,88.4375,True,0.8377437591552734
6s6a__A1_Q7L523--6s6a__C1_Q9HB90,18,3,0,2,0.7133862108373887,88.3125,True,0.8726728558540344
6s6a__A1_Q7L523--6s6a__C1_Q9HB90,19,3,1,2,0.7052076848481411,88.0625,True,0.8590282797813416
6s6a__A1_Q7L523--6s6a__C1_Q9HB90,20,3,3,2,0.7327215625413128,87.8125,True,0.8558344841003418
6s9j__A1_Q8AZ57--6s9j__B1_A0A060BIS8,1,2,1,3,0.0092203128599265,27.734375,False,0.03627860173583031
6s9j__A1_Q8AZ57--6s9j__B1_A0A060BIS8,2,3,2,3,0.0592430741879975,26.0,False,0.03531239554286003
6s9j__A1_Q8AZ57--6s9j__B1_A0A060BIS8,3,1,2,3,0.0282797070763823,25.359375,False,0.06543732434511185
6s9j__A1_Q8AZ57--6s9j__B1_A0A060BIS8,4,4,1,3,0.0463608156809303,24.25,False,0.05994342267513275
6s9j__A1_Q8AZ57--6s9j__B1_A0A060BIS8,5,2,0,3,0.0084945375007333,24.171875,False,0.034419674426317215
6s9j__A1_Q8AZ57--6s9j__B1_A0A060BIS8,6,4,0,3,0.0575437974908895,23.921875,False,0.05590207502245903
6s9j__A1_Q8AZ57--6s9j__B1_A0A060BIS8,7,5,0,3,0.0341627807990752,23.109375,False,0.03457996994256973
6s9j__A1_Q8AZ57--6s9j__B1_A0A060BIS8,8,4,2,3,0.0670722232726243,23.109375,False,0.08104252815246582
6s9j__A1_Q8AZ57--6s9j__B1_A0A060BIS8,9,1,1,3,0.0392264087738797,22.5,False,0.08722587674856186
6s9j__A1_Q8AZ57--6s9j__B1_A0A060BIS8,10,1,0,3,0.0203711329737577,22.4375,False,0.06561442464590073
6s9j__A1_Q8AZ57--6s9j__B1_A0A060BIS8,11,2,2,3,0.0313064530905503,22.203125,False,0.0310183335095644
6s9j__A1_Q8AZ57--6s9j__B1_A0A060BIS8,12,5,2,3,0.0558274938975342,22.171875,False,0.14898042380809784
6s9j__A1_Q8AZ57--6s9j__B1_A0A060BIS8,13,5,1,3,0.0252180914894136,22.078125,False,0.038635268807411194
6s9j__A1_Q8AZ57--6s9j__B1_A0A060BIS8,14,2,3,3,0.0145350296489594,21.9375,False,0.04444744065403938
6s9j__A1_Q8AZ57--6s9j__B1_A0A060BIS8,15,3,3,3,0.0279772796781864,21.890625,False,0.029472853988409042
6s9j__A1_Q8AZ57--6s9j__B1_A0A060BIS8,16,5,3,3,0.0267650225212646,21.890625,False,0.06327329576015472
6s9j__A1_Q8AZ57--6s9j__B1_A0A060BIS8,17,1,3,3,0.0402942734539858,21.546875,False,0.10455892980098724
6s9j__A1_Q8AZ57--6s9j__B1_A0A060BIS8,18,3,1,3,0.0295069711575706,21.328125,False,0.056144095957279205
6s9j__A1_Q8AZ57--6s9j__B1_A0A060BIS8,19,4,3,3,0.0577095889924989,21.296875,False,0.06048811599612236
6s9j__A1_Q8AZ57--6s9j__B1_A0A060BIS8,20,3,0,3,0.0169062420668531,19.359375,False,0.04797418415546417
6sqc__A1_P0AEX9--6sqc__B1_Q9Y6Q9,1,3,2,3,0.2669722961001888,71.0,True,0.9994470477104187
6sqc__A1_P0AEX9--6sqc__B1_Q9Y6Q9,2,3,1,3,0.2613540499804739,70.875,True,0.9988227486610413
6sqc__A1_P0AEX9--6sqc__B1_Q9Y6Q9,3,5,1,3,0.2911998944612045,68.5625,True,0.9989379048347473
6sqc__A1_P0AEX9--6sqc__B1_Q9Y6Q9,4,2,3,3,0.2865158022796101,68.0,True,0.48380178213119507
6sqc__A1_P0AEX9--6sqc__B1_Q9Y6Q9,5,5,2,3,0.2783352059297539,67.875,True,0.997843861579895
6sqc__A1_P0AEX9--6sqc__B1_Q9Y6Q9,6,2,1,3,0.3175823284716492,64.75,True,0.4033144414424896
6sqc__A1_P0AEX9--6sqc__B1_Q9Y6Q9,7,2,0,3,0.2996863412623458,61.6875,True,0.39862942695617676
6sqc__A1_P0AEX9--6sqc__B1_Q9Y6Q9,8,5,0,3,0.0627620879121002,45.78125,False,0.10258395969867706
6sqc__A1_P0AEX9--6sqc__B1_Q9Y6Q9,9,4,0,3,0.180020498563269,44.78125,False,0.14818407595157623
6sqc__A1_P0AEX9--6sqc__B1_Q9Y6Q9,10,5,3,3,0.0797821075128043,44.3125,False,0.04577881470322609
6sqc__A1_P0AEX9--6sqc__B1_Q9Y6Q9,11,4,1,3,0.1693525750872669,42.8125,False,0.18030627071857452
6sqc__A1_P0AEX9--6sqc__B1_Q9Y6Q9,12,3,0,3,0.0931525789719818,41.96875,False,0.06266462802886963
6sqc__A1_P0AEX9--6sqc__B1_Q9Y6Q9,13,1,3,3,0.1135422719839837,40.5625,False,0.17924804985523224
6sqc__A1_P0AEX9--6sqc__B1_Q9Y6Q9,14,4,2,3,0.1345373648797273,39.9375,False,0.16187889873981476
6sqc__A1_P0AEX9--6sqc__B1_Q9Y6Q9,15,4,3,3,0.0623323818024452,38.53125,False,0.09913983196020126
6sqc__A1_P0AEX9--6sqc__B1_Q9Y6Q9,16,3,3,3,0.103724850152575,38.0,False,0.1777581423521042
6sqc__A1_P0AEX9--6sqc__B1_Q9Y6Q9,17,1,1,3,0.1881169831910402,37.09375,False,0.1938043087720871
6sqc__A1_P0AEX9--6sqc__B1_Q9Y6Q9,18,1,2,3,0.1511720604234632,37.0,False,0.25146472454071045
6sqc__A1_P0AEX9--6sqc__B1_Q9Y6Q9,19,1,0,3,0.08653972219592,36.21875,False,0.12194624543190002
6sqc__A1_P0AEX9--6sqc__B1_Q9Y6Q9,20,2,2,3,0.1982888670222735,35.125,False,0.2393176108598709
6sqj__A1_Q04245--6sqj__B1_Q04245,1,4,0,0,0.029361257500665,74.4375,False,0.22350500524044037
6sqj__A1_Q04245--6sqj__B1_Q04245,2,3,0,0,0.0162815343408183,69.875,False,0.018927743658423424
6sqj__A1_Q04245--6sqj__B1_Q04245,3,2,3,0,0.0826302834278455,60.3125,False,0.1080486848950386
6sqj__A1_Q04245--6sqj__B1_Q04245,4,2,0,0,0.1299620296105481,48.28125,False,0.178381085395813
6sqj__A1_Q04245--6sqj__B1_Q04245,5,2,1,0,0.0892775404662859,47.5,False,0.23346319794654846
6sqj__A1_Q04245--6sqj__B1_Q04245,6,4,1,0,0.0298293074427922,44.8125,False,0.24906781315803528
6sqj__A1_Q04245--6sqj__B1_Q04245,7,2,2,0,0.1073421668253744,41.5,False,0.18545572459697723
6sqj__A1_Q04245--6sqj__B1_Q04245,8,5,3,0,0.0998561257967985,40.53125,False,0.10258257389068604
6sqj__A1_Q04245--6sqj__B1_Q04245,9,4,2,0,0.0307465220007613,37.875,False,0.18286718428134918
6sqj__A1_Q04245--6sqj__B1_Q04245,10,5,2,0,0.1254085764679022,36.375,False,0.1722872406244278
6sqj__A1_Q04245--6sqj__B1_Q04245,11,5,1,0,0.1466697529001845,34.65625,False,0.1151072084903717
6sqj__A1_Q04245--6sqj__B1_Q04245,12,3,2,0,0.4377086132467753,33.03125,True,0.024550672620534897
6sqj__A1_Q04245--6sqj__B1_Q04245,13,5,0,0,0.1507225332735957,31.796875,False,0.10125168412923813
6sqj__A1_Q04245--6sqj__B1_Q04245,14,1,2,0,0.4673502759051413,31.609375,True,0.03205651789903641
6sqj__A1_Q04245--6sqj__B1_Q04245,15,1,0,0,0.0909025974429581,31.484375,False,0.04519403353333473
6sqj__A1_Q04245--6sqj__B1_Q04245,16,4,3,0,0.0357255504222732,31.25,False,0.03423440828919411
6sqj__A1_Q04245--6sqj__B1_Q04245,17,1,1,0,0.0677983970147583,31.1875,False,0.055073946714401245
6sqj__A1_Q04245--6sqj__B1_Q04245,18,1,3,0,0.1248203267572582,30.234375,False,0.06662999838590622
6sqj__A1_Q04245--6sqj__B1_Q04245,19,3,3,0,0.6638037792398193,29.5,True,0.023014485836029053
6sqj__A1_Q04245--6sqj__B1_Q04245,20,3,1,0,0.031510349704659,24.953125,False,0.20594556629657745
6t6q__A1_A0A0F7VBC6--6t6q__B1_A0A0F7VBC6,1,5,3,4,0.0328870692358739,44.28125,False,0.0429440438747406
6t6q__A1_A0A0F7VBC6--6t6q__B1_A0A0F7VBC6,2,5,2,4,0.0579335055477222,27.5625,False,0.020519478246569633
6t6q__A1_A0A0F7VBC6--6t6q__B1_A0A0F7VBC6,3,1,0,4,0.0594486391036361,24.734375,False,0.24772416055202484
6t6q__A1_A0A0F7VBC6--6t6q__B1_A0A0F7VBC6,4,5,1,4,0.0480001735887796,23.59375,False,0.027865495532751083
6t6q__A1_A0A0F7VBC6--6t6q__B1_A0A0F7VBC6,5,3,2,4,0.0449083626698768,23.375,False,0.08649715781211853
6t6q__A1_A0A0F7VBC6--6t6q__B1_A0A0F7VBC6,6,5,0,4,0.0486664360762921,23.125,False,0.1159486472606659
6t6q__A1_A0A0F7VBC6--6t6q__B1_A0A0F7VBC6,7,4,3,4,0.0462792944372198,21.53125,False,0.2850072979927063
6t6q__A1_A0A0F7VBC6--6t6q__B1_A0A0F7VBC6,8,3,0,4,0.0321390590252307,21.5,False,0.07991188019514084
6t6q__A1_A0A0F7VBC6--6t6q__B1_A0A0F7VBC6,9,1,1,4,0.1027943488951496,20.46875,False,0.09568079560995102
6t6q__A1_A0A0F7VBC6--6t6q__B1_A0A0F7VBC6,10,4,2,4,0.0454873603597206,19.953125,False,0.06342478096485138
6t6q__A1_A0A0F7VBC6--6t6q__B1_A0A0F7VBC6,11,2,1,4,0.087965307416159,19.75,False,0.0633184164762497
6t6q__A1_A0A0F7VBC6--6t6q__B1_A0A0F7VBC6,12,1,3,4,0.1844776512902665,19.375,False,0.04976438358426094
6t6q__A1_A0A0F7VBC6--6t6q__B1_A0A0F7VBC6,13,1,2,4,0.1901904793849586,19.359375,False,0.0508771650493145
6t6q__A1_A0A0F7VBC6--6t6q__B1_A0A0F7VBC6,14,2,3,4,0.1091564510446257,18.890625,False,0.058452531695365906
6t6q__A1_A0A0F7VBC6--6t6q__B1_A0A0F7VBC6,15,3,1,4,0.0714738891727883,18.828125,False,0.0039176344871521
6t6q__A1_A0A0F7VBC6--6t6q__B1_A0A0F7VBC6,16,4,0,4,0.0574007604299554,18.8125,False,0.08600160479545593
6t6q__A1_A0A0F7VBC6--6t6q__B1_A0A0F7VBC6,17,3,3,4,0.0713510512461157,18.765625,False,0.22360676527023315
6t6q__A1_A0A0F7VBC6--6t6q__B1_A0A0F7VBC6,18,2,0,4,0.133489969437238,18.296875,False,0.038251038640737534
6t6q__A1_A0A0F7VBC6--6t6q__B1_A0A0F7VBC6,19,2,2,4,0.1342837039710783,17.640625,False,0.04486865922808647
6t6q__A1_A0A0F7VBC6--6t6q__B1_A0A0F7VBC6,20,4,1,4,0.0218943996761701,16.71875,False,0.11515852808952332
6tgk__A1_Q05086--6tgk__A2_Q05086,1,3,2,3,0.700625532962126,76.875,True,0.0018123671179637313
6tgk__A1_Q05086--6tgk__A2_Q05086,2,3,3,3,0.8334380449666728,75.9375,True,0.0036915955133736134
6tgk__A1_Q05086--6tgk__A2_Q05086,3,3,1,3,0.6963673255673153,73.9375,True,0.002447043778374791
6tgk__A1_Q05086--6tgk__A2_Q05086,4,3,0,3,0.7476126521364704,73.4375,True,0.0022358926944434643
6tgk__A1_Q05086--6tgk__A2_Q05086,5,4,0,3,0.7384942214342464,73.4375,True,0.005630828440189362
6tgk__A1_Q05086--6tgk__A2_Q05086,6,4,2,3,0.8054237525249067,73.0625,True,0.016947701573371887
6tgk__A1_Q05086--6tgk__A2_Q05086,7,4,3,3,0.8909190369701778,72.8125,True,0.016947701573371887
6tgk__A1_Q05086--6tgk__A2_Q05086,8,4,1,3,0.9290644405425476,72.8125,True,0.010683557018637657
6tgk__A1_Q05086--6tgk__A2_Q05086,9,5,2,3,0.6000084219924728,71.5625,True,0.0034546279348433018
6tgk__A1_Q05086--6tgk__A2_Q05086,10,5,1,3,0.6537846194216234,71.25,True,0.0018215221352875233
6tgk__A1_Q05086--6tgk__A2_Q05086,11,5,3,3,0.6525016075321418,70.625,True,0.003116062842309475
6tgk__A1_Q05086--6tgk__A2_Q05086,12,5,0,3,0.7448083191233009,68.1875,True,0.002115705283358693
6tgk__A1_Q05086--6tgk__A2_Q05086,13,2,1,3,0.035170057289239,27.3125,False,0.21687443554401398
6tgk__A1_Q05086--6tgk__A2_Q05086,14,2,2,3,0.0330861516184872,26.109375,False,0.21427302062511444
6tgk__A1_Q05086--6tgk__A2_Q05086,15,2,3,3,0.0546700588204674,22.890625,False,0.08057896047830582
6tgk__A1_Q05086--6tgk__A2_Q05086,16,1,1,3,0.0420661191584691,21.484375,False,0.1762065291404724
6tgk__A1_Q05086--6tgk__A2_Q05086,17,1,3,3,0.0351696434519052,21.25,False,0.1462656408548355
6tgk__A1_Q05086--6tgk__A2_Q05086,18,1,2,3,0.0432661455831897,20.828125,False,0.15595975518226624
6tgk__A1_Q05086--6tgk__A2_Q05086,19,2,0,3,0.0383905410773375,20.734375,False,0.10187706351280212
6tgk__A1_Q05086--6tgk__A2_Q05086,20,1,0,3,0.044786706582174,20.5625,False,0.16368483006954193
6tp8__A1_P41365--6tp8__B1_P41365,1,3,2,2,0.0270528369830388,65.6875,False,0.01976887136697769
6tp8__A1_P41365--6tp8__B1_P41365,2,2,2,2,0.0342457911338461,58.0625,False,0.03144502639770508
6tp8__A1_P41365--6tp8__B1_P41365,3,2,0,2,0.0337696822442713,57.6875,False,0.029883403331041336
6tp8__A1_P41365--6tp8__B1_P41365,4,2,3,2,0.0332035913536272,55.03125,False,0.02283727377653122
6tp8__A1_P41365--6tp8__B1_P41365,5,2,1,2,0.0340788303757324,53.25,False,0.03433743864297867
6tp8__A1_P41365--6tp8__B1_P41365,6,5,3,2,0.0365437543893891,39.25,False,0.06521571427583694
6tp8__A1_P41365--6tp8__B1_P41365,7,5,1,2,0.0380734111874209,34.40625,False,0.24583831429481506
6tp8__A1_P41365--6tp8__B1_P41365,8,5,0,2,0.0278804478322687,34.1875,False,0.20767877995967865
6tp8__A1_P41365--6tp8__B1_P41365,9,3,0,2,0.0292164127643833,32.8125,False,0.04036526381969452
6tp8__A1_P41365--6tp8__B1_P41365,10,1,0,2,0.0296626002024454,32.59375,False,0.012094863690435886
6tp8__A1_P41365--6tp8__B1_P41365,11,3,3,2,0.0310194857534141,32.125,False,0.21147824823856354
6tp8__A1_P41365--6tp8__B1_P41365,12,5,2,2,0.0382978275702145,32.03125,False,0.21341726183891296
6tp8__A1_P41365--6tp8__B1_P41365,13,1,1,2,0.0302958167259313,31.90625,False,0.019382422789931297
6tp8__A1_P41365--6tp8__B1_P41365,14,1,2,2,0.0300322468029982,31.859375,False,0.03409193828701973
6tp8__A1_P41365--6tp8__B1_P41365,15,1,3,2,0.0301537575713589,31.546875,False,0.04650628939270973
6tp8__A1_P41365--6tp8__B1_P41365,16,3,1,2,0.0291389325390842,31.484375,False,0.0531211756169796
6tp8__A1_P41365--6tp8__B1_P41365,17,4,1,2,0.0266019213227008,28.796875,False,0.07848402112722397
6tp8__A1_P41365--6tp8__B1_P41365,18,4,0,2,0.0263536450406779,26.890625,False,0.1110682561993599
6tp8__A1_P41365--6tp8__B1_P41365,19,4,3,2,0.0433914545310551,26.5625,False,0.013143190182745457
6tp8__A1_P41365--6tp8__B1_P41365,20,4,2,2,0.024908081314526,26.296875,False,0.06610233336687088
6u7f__A1_P15144--6u7f__C1_Q1HVL3,1,3,1,0,0.0068917566344497,41.125,False,0.1691906750202179
6u7f__A1_P15144--6u7f__C1_Q1HVL3,2,3,2,0,0.0067219463980896,41.0625,False,0.09804531186819077
6u7f__A1_P15144--6u7f__C1_Q1HVL3,3,3,0,0,0.0066665361488912,40.71875,False,0.09239395707845688
6u7f__A1_P15144--6u7f__C1_Q1HVL3,4,3,3,0,0.0065831903057573,40.65625,False,0.0788726955652237
6u7f__A1_P15144--6u7f__C1_Q1HVL3,5,5,1,0,0.0066490364161284,38.5,False,0.09769053757190704
6u7f__A1_P15144--6u7f__C1_Q1HVL3,6,5,0,0,0.007065241746215,38.15625,False,0.06280218809843063
6u7f__A1_P15144--6u7f__C1_Q1HVL3,7,5,2,0,0.0066695873381869,37.84375,False,0.3337085545063019
6u7f__A1_P15144--6u7f__C1_Q1HVL3,8,5,3,0,0.0065436579238491,37.6875,False,0.24681691825389862
6u7f__A1_P15144--6u7f__C1_Q1HVL3,9,4,2,0,0.0061033650649899,36.65625,False,0.25633955001831055
6u7f__A1_P15144--6u7f__C1_Q1HVL3,10,4,0,0,0.0063834040316156,36.3125,False,0.0761064887046814
6u7f__A1_P15144--6u7f__C1_Q1HVL3,11,4,3,0,0.0060485546372369,36.0,False,0.1697591245174408
6u7f__A1_P15144--6u7f__C1_Q1HVL3,12,4,1,0,0.0061646172961709,36.0,False,0.11122515052556992
6u7f__A1_P15144--6u7f__C1_Q1HVL3,13,2,2,0,0.0072744664577836,32.96875,False,0.157723531126976
6u7f__A1_P15144--6u7f__C1_Q1HVL3,14,2,1,0,0.0069085201623678,32.875,False,0.16643215715885162
6u7f__A1_P15144--6u7f__C1_Q1HVL3,15,2,0,0,0.0070410285187622,32.46875,False,0.06667616963386536
6u7f__A1_P15144--6u7f__C1_Q1HVL3,16,2,3,0,0.0068817976071394,32.4375,False,0.1343248337507248
6u7f__A1_P15144--6u7f__C1_Q1HVL3,17,1,0,0,0.0061881244256146,31.5625,False,0.18500778079032898
6u7f__A1_P15144--6u7f__C1_Q1HVL3,18,1,1,0,0.0058151726576233,31.296875,False,0.11351458728313446
6u7f__A1_P15144--6u7f__C1_Q1HVL3,19,1,3,0,0.0060824495084436,30.9375,False,0.2031436711549759
6u7f__A1_P15144--6u7f__C1_Q1HVL3,20,1,2,0,0.0062488944338392,30.65625,False,0.07634321600198746
6ubo__A1_P0A901--6ubo__B1_P0A901,1,3,0,2,0.0640170394411847,86.5,False,0.007048146799206734
6ubo__A1_P0A901--6ubo__B1_P0A901,2,3,3,2,0.0642178160382011,86.4375,False,0.007048146799206734
6ubo__A1_P0A901--6ubo__B1_P0A901,3,3,2,2,0.0648801824395389,86.375,False,0.007048146799206734
6ubo__A1_P0A901--6ubo__B1_P0A901,4,3,1,2,0.0645535284101572,86.25,False,0.007048146799206734
6ubo__A1_P0A901--6ubo__B1_P0A901,5,5,0,2,0.1175307420826722,50.5625,False,0.11096566915512085
6ubo__A1_P0A901--6ubo__B1_P0A901,6,5,1,2,0.1181800517811807,41.71875,False,0.10833939909934998
6ubo__A1_P0A901--6ubo__B1_P0A901,7,2,0,2,0.1276730003969963,37.71875,False,0.011692744679749012
6ubo__A1_P0A901--6ubo__B1_P0A901,8,5,2,2,0.1092681714980823,37.15625,False,0.0931469276547432
6ubo__A1_P0A901--6ubo__B1_P0A901,9,2,1,2,0.1265794369343832,35.53125,False,0.0034218125510960817
6ubo__A1_P0A901--6ubo__B1_P0A901,10,2,3,2,0.192080224428759,35.0625,False,0.2329176664352417
6ubo__A1_P0A901--6ubo__B1_P0A901,11,2,2,2,0.1829373181599548,34.40625,False,0.34925779700279236
6ubo__A1_P0A901--6ubo__B1_P0A901,12,5,3,2,0.1271064128046401,32.53125,False,0.07758238166570663
6ubo__A1_P0A901--6ubo__B1_P0A901,13,1,1,2,0.1951372486899636,32.28125,False,0.06496496498584747
6ubo__A1_P0A901--6ubo__B1_P0A901,14,1,0,2,0.2292793921906456,31.09375,False,0.1822207272052765
6ubo__A1_P0A901--6ubo__B1_P0A901,15,1,2,2,0.194432687196791,30.984375,False,0.12705698609352112
6ubo__A1_P0A901--6ubo__B1_P0A901,16,1,3,2,0.2068146596875784,30.59375,False,0.1305701583623886
6ubo__A1_P0A901--6ubo__B1_P0A901,17,4,2,2,0.2517961525476206,23.28125,True,0.28609687089920044
6ubo__A1_P0A901--6ubo__B1_P0A901,18,4,1,2,0.1809898963177394,23.25,False,0.715465247631073
6ubo__A1_P0A901--6ubo__B1_P0A901,19,4,0,2,0.2140337751489002,22.765625,False,0.35217708349227905
6ubo__A1_P0A901--6ubo__B1_P0A901,20,4,3,2,0.2006298754126246,22.703125,False,0.27241984009742737
6ust__A1_A0A174CV66--6ust__D2_A0A174CV66,1,5,3,0,0.0044074617767606,77.1875,False,0.25259360671043396
6ust__A1_A0A174CV66--6ust__D2_A0A174CV66,2,5,1,0,0.0044091349752081,76.625,False,0.7974341511726379
6ust__A1_A0A174CV66--6ust__D2_A0A174CV66,3,5,0,0,0.0044034555843933,76.5,False,0.8549196124076843
6ust__A1_A0A174CV66--6ust__D2_A0A174CV66,4,5,2,0,0.0043975121302387,75.625,False,0.6881181001663208
6ust__A1_A0A174CV66--6ust__D2_A0A174CV66,5,1,3,0,0.0043479308825725,64.3125,False,0.001482699066400528
6ust__A1_A0A174CV66--6ust__D2_A0A174CV66,6,3,3,0,0.0044274110700042,60.96875,False,0.010072242468595505
6ust__A1_A0A174CV66--6ust__D2_A0A174CV66,7,1,2,0,0.0043828861330092,56.875,False,0.008903595618903637
6ust__A1_A0A174CV66--6ust__D2_A0A174CV66,8,3,1,0,0.0045182901020692,49.40625,False,3.966940857935697e-05
6ust__A1_A0A174CV66--6ust__D2_A0A174CV66,9,1,1,0,0.0045096976991282,40.6875,False,0.15276558697223663
6ust__A1_A0A174CV66--6ust__D2_A0A174CV66,10,3,2,0,0.0046041225911189,36.4375,False,0.0045828307047486305
6ust__A1_A0A174CV66--6ust__D2_A0A174CV66,11,3,0,0,0.0046682385092314,35.25,False,0.11603935807943344
6ust__A1_A0A174CV66--6ust__D2_A0A174CV66,12,1,0,0,0.0045851422938349,31.796875,False,0.9789384603500366
6ust__A1_A0A174CV66--6ust__D2_A0A174CV66,13,2,0,0,0.0042769975295331,30.703125,False,0.41740453243255615
6ust__A1_A0A174CV66--6ust__D2_A0A174CV66,14,4,0,0,0.0042731174713022,29.828125,False,0.6292922496795654
6ust__A1_A0A174CV66--6ust__D2_A0A174CV66,15,4,1,0,0.004263704738097,29.6875,False,0.6845819354057312
6ust__A1_A0A174CV66--6ust__D2_A0A174CV66,16,2,3,0,0.0043543527693515,29.375,False,0.8158081769943237
6ust__A1_A0A174CV66--6ust__D2_A0A174CV66,17,4,3,0,0.0042489375665517,28.46875,False,0.10322175920009613
6ust__A1_A0A174CV66--6ust__D2_A0A174CV66,18,4,2,0,0.004281199963491,28.34375,False,0.09522853046655655
6ust__A1_A0A174CV66--6ust__D2_A0A174CV66,19,2,1,0,0.004316089813255,27.796875,False,0.280541330575943
6ust__A1_A0A174CV66--6ust__D2_A0A174CV66,20,2,2,0,0.0044482764924878,27.015625,False,0.4776459336280823
6vax__A1_P31040--6vax__B1_Q9NX18,1,4,1,2,0.6319603056141553,94.375,True,0.824145495891571
6vax__A1_P31040--6vax__B1_Q9NX18,2,4,2,2,0.6339909297940355,94.3125,True,0.8336808681488037
6vax__A1_P31040--6vax__B1_Q9NX18,3,3,0,2,0.6214799524717355,94.25,True,0.8210180997848511
6vax__A1_P31040--6vax__B1_Q9NX18,4,4,0,2,0.6499406260416914,94.1875,True,0.9232507348060608
6vax__A1_P31040--6vax__B1_Q9NX18,5,5,0,2,0.667717949034946,94.1875,True,0.867563784122467
6vax__A1_P31040--6vax__B1_Q9NX18,6,5,1,2,0.6665523040515915,94.125,True,0.8658490777015686
6vax__A1_P31040--6vax__B1_Q9NX18,7,5,2,2,0.648776417978497,94.0625,True,0.8629196882247925
6vax__A1_P31040--6vax__B1_Q9NX18,8,3,1,2,0.6251509714773539,94.0,True,0.8530842065811157
6vax__A1_P31040--6vax__B1_Q9NX18,9,4,3,2,0.6507144258621543,93.9375,True,0.887749969959259
6vax__A1_P31040--6vax__B1_Q9NX18,10,5,3,2,0.6538951604453274,93.875,True,0.9196848273277283
6vax__A1_P31040--6vax__B1_Q9NX18,11,3,2,2,0.6506094966505862,93.8125,True,0.9027303457260132
6vax__A1_P31040--6vax__B1_Q9NX18,12,1,0,2,0.6486201083231345,93.8125,True,0.8753384351730347
6vax__A1_P31040--6vax__B1_Q9NX18,13,1,2,2,0.6217399157405854,93.625,True,0.8936266899108887
6vax__A1_P31040--6vax__B1_Q9NX18,14,2,2,2,0.6576543755992528,93.625,True,0.8760077953338623
6vax__A1_P31040--6vax__B1_Q9NX18,15,2,1,2,0.6566308880104826,93.5625,True,0.9142643809318542
6vax__A1_P31040--6vax__B1_Q9NX18,16,1,3,2,0.637923828224496,93.5625,True,0.889677882194519
6vax__A1_P31040--6vax__B1_Q9NX18,17,1,1,2,0.6334112397861039,93.4375,True,0.8767850995063782
6vax__A1_P31040--6vax__B1_Q9NX18,18,2,0,2,0.6479405368782386,93.3125,True,0.8737226128578186
6vax__A1_P31040--6vax__B1_Q9NX18,19,2,3,2,0.6458576393412042,93.25,True,0.8429291248321533
6vax__A1_P31040--6vax__B1_Q9NX18,20,3,3,2,0.6346070555959807,93.1875,True,0.8447249531745911
6vwo__A1_P0AEW6--6vwo__A2_P0AEW6,1,2,2,1,0.5836961484115966,87.875,True,0.7450131773948669
6vwo__A1_P0AEW6--6vwo__A2_P0AEW6,2,2,0,1,0.5816259552260622,87.5,True,0.7312279939651489
6vwo__A1_P0AEW6--6vwo__A2_P0AEW6,3,2,1,1,0.5932483384578243,87.0625,True,0.7839339375495911
6vwo__A1_P0AEW6--6vwo__A2_P0AEW6,4,2,3,1,0.5790188693335633,86.625,True,0.7603057026863098
6vwo__A1_P0AEW6--6vwo__A2_P0AEW6,5,3,0,1,0.5783320353395744,85.6875,True,0.7505049705505371
6vwo__A1_P0AEW6--6vwo__A2_P0AEW6,6,5,0,1,0.6047505254704788,84.75,True,0.8914567232131958
6vwo__A1_P0AEW6--6vwo__A2_P0AEW6,7,5,3,1,0.6145041263002208,84.375,True,0.8988872170448303
6vwo__A1_P0AEW6--6vwo__A2_P0AEW6,8,5,2,1,0.6085352730130656,84.25,True,0.9043232202529907
6vwo__A1_P0AEW6--6vwo__A2_P0AEW6,9,3,2,1,0.5822619069930653,83.6875,True,0.7182767391204834
6vwo__A1_P0AEW6--6vwo__A2_P0AEW6,10,5,1,1,0.6076278619676136,83.5625,True,0.8606138229370117
6vwo__A1_P0AEW6--6vwo__A2_P0AEW6,11,3,3,1,0.5855984094957664,82.0,True,0.7653378248214722
6vwo__A1_P0AEW6--6vwo__A2_P0AEW6,12,3,1,1,0.6095056208137145,80.3125,True,0.7948612570762634
6vwo__A1_P0AEW6--6vwo__A2_P0AEW6,13,1,2,1,0.5836417867292357,80.1875,True,0.8103090524673462
6vwo__A1_P0AEW6--6vwo__A2_P0AEW6,14,1,0,1,0.5812537048169849,80.0625,True,0.8028779625892639
6vwo__A1_P0AEW6--6vwo__A2_P0AEW6,15,1,1,1,0.5927688418298721,78.3125,True,0.8073655366897583
6vwo__A1_P0AEW6--6vwo__A2_P0AEW6,16,1,3,1,0.58260419734235,78.3125,True,0.8103090524673462
6vwo__A1_P0AEW6--6vwo__A2_P0AEW6,17,4,1,1,0.6289834718052959,75.1875,True,0.8511163592338562
6vwo__A1_P0AEW6--6vwo__A2_P0AEW6,18,4,2,1,0.6251297711923335,74.8125,True,0.8132253289222717
6vwo__A1_P0AEW6--6vwo__A2_P0AEW6,19,4,0,1,0.6823238945338591,73.25,True,0.895895779132843
6vwo__A1_P0AEW6--6vwo__A2_P0AEW6,20,4,3,1,0.6548326492678512,69.875,True,0.8194330930709839
6w2n__A1_Q4DJ68--6w2n__A2_Q4DJ68,1,4,0,2,0.5138611555906126,90.875,True,0.8993961811065674
6w2n__A1_Q4DJ68--6w2n__A2_Q4DJ68,2,4,1,2,0.5166088053200688,90.875,True,0.9017964601516724
6w2n__A1_Q4DJ68--6w2n__A2_Q4DJ68,3,4,3,2,0.5179437583755492,90.75,True,0.8897476196289062
6w2n__A1_Q4DJ68--6w2n__A2_Q4DJ68,4,1,1,2,0.5211858520548948,90.625,True,0.8478642702102661
6w2n__A1_Q4DJ68--6w2n__A2_Q4DJ68,5,1,3,2,0.5362214001499622,90.5,True,0.8608836531639099
6w2n__A1_Q4DJ68--6w2n__A2_Q4DJ68,6,4,2,2,0.5293752819137091,90.4375,True,0.8574112057685852
6w2n__A1_Q4DJ68--6w2n__A2_Q4DJ68,7,1,2,2,0.5264283082003892,90.375,True,0.8654955625534058
6w2n__A1_Q4DJ68--6w2n__A2_Q4DJ68,8,1,0,2,0.5377121251082658,90.3125,True,0.8544352054595947
6w2n__A1_Q4DJ68--6w2n__A2_Q4DJ68,9,3,2,2,0.5162020971362264,90.3125,True,0.8818874955177307
6w2n__A1_Q4DJ68--6w2n__A2_Q4DJ68,10,5,3,2,0.5099942150160538,90.1875,True,0.8856633901596069
6w2n__A1_Q4DJ68--6w2n__A2_Q4DJ68,11,3,3,2,0.5234905317911603,90.1875,True,0.8628889918327332
6w2n__A1_Q4DJ68--6w2n__A2_Q4DJ68,12,5,1,2,0.5164493823448296,90.125,True,0.8279482126235962
6w2n__A1_Q4DJ68--6w2n__A2_Q4DJ68,13,5,0,2,0.5159445504424396,90.0625,True,0.8222118616104126
6w2n__A1_Q4DJ68--6w2n__A2_Q4DJ68,14,3,1,2,0.5317223093351348,89.9375,True,0.890053927898407
6w2n__A1_Q4DJ68--6w2n__A2_Q4DJ68,15,2,1,2,0.5225370241947038,89.9375,True,0.8251448273658752
6w2n__A1_Q4DJ68--6w2n__A2_Q4DJ68,16,5,2,2,0.5146336461730805,89.75,True,0.8505669832229614
6w2n__A1_Q4DJ68--6w2n__A2_Q4DJ68,17,3,0,2,0.5246451925776732,89.625,True,0.8753461241722107
6w2n__A1_Q4DJ68--6w2n__A2_Q4DJ68,18,2,0,2,0.5299066669420333,89.625,True,0.8181115388870239
6w2n__A1_Q4DJ68--6w2n__A2_Q4DJ68,19,2,2,2,0.5202819592091247,89.3125,True,0.834229588508606
6w2n__A1_Q4DJ68--6w2n__A2_Q4DJ68,20,2,3,2,0.533528680284096,89.0625,True,0.8093605637550354
6wlg__A1_Q68E01--6wlg__B2_Q68E01,1,4,3,3,0.7529790995737754,85.4375,True,0.7959297895431519
6wlg__A1_Q68E01--6wlg__B2_Q68E01,2,1,1,3,0.6407793650551606,85.3125,True,0.9467982649803162
6wlg__A1_Q68E01--6wlg__B2_Q68E01,3,4,2,3,0.7707908454373702,84.875,True,0.9256417751312256
6wlg__A1_Q68E01--6wlg__B2_Q68E01,4,4,1,3,0.7261168660193776,84.75,True,0.785178005695343
6wlg__A1_Q68E01--6wlg__B2_Q68E01,5,1,3,3,0.6827511061552728,84.375,True,0.9381702542304993
6wlg__A1_Q68E01--6wlg__B2_Q68E01,6,4,0,3,0.6410292309773645,83.8125,True,0.7702662944793701
6wlg__A1_Q68E01--6wlg__B2_Q68E01,7,1,0,3,0.767492322716265,83.0625,True,0.940366268157959
6wlg__A1_Q68E01--6wlg__B2_Q68E01,8,1,2,3,0.7732269930283024,82.75,True,0.9199950695037842
6wlg__A1_Q68E01--6wlg__B2_Q68E01,9,5,3,3,0.7183072010298543,82.25,True,0.7071651816368103
6wlg__A1_Q68E01--6wlg__B2_Q68E01,10,5,0,3,0.7187078197612893,82.125,True,0.76506507396698
6wlg__A1_Q68E01--6wlg__B2_Q68E01,11,5,1,3,0.7192184581941216,82.125,True,0.7301405668258667
6wlg__A1_Q68E01--6wlg__B2_Q68E01,12,3,0,3,0.7204521645245588,81.8125,True,0.6293560862541199
6wlg__A1_Q68E01--6wlg__B2_Q68E01,13,3,2,3,0.752157849158036,81.6875,True,0.6491948962211609
6wlg__A1_Q68E01--6wlg__B2_Q68E01,14,3,3,3,0.7387690781083375,81.6875,True,0.7561432719230652
6wlg__A1_Q68E01--6wlg__B2_Q68E01,15,2,3,3,0.7231188520671249,81.625,True,0.7383960485458374
6wlg__A1_Q68E01--6wlg__B2_Q68E01,16,2,0,3,0.7483474358421244,81.625,True,0.8394031524658203
6wlg__A1_Q68E01--6wlg__B2_Q68E01,17,5,2,3,0.7221115863617564,81.375,True,0.7635146379470825
6wlg__A1_Q68E01--6wlg__B2_Q68E01,18,2,1,3,0.7043831449844541,81.25,True,0.8052946925163269
6wlg__A1_Q68E01--6wlg__B2_Q68E01,19,3,1,3,0.7386721524629637,81.0,True,0.81183922290802
6wlg__A1_Q68E01--6wlg__B2_Q68E01,20,2,2,3,0.7101897956709866,80.625,True,0.8540198802947998
6wmk__A1_UNDEFINED--6wmk__B1_UNDEFINED,1,5,2,0,0.2609902192247263,85.75,True,0.039917901158332825
6wmk__A1_UNDEFINED--6wmk__B1_UNDEFINED,2,5,3,0,0.2059277650518326,85.6875,False,0.0834205225110054
6wmk__A1_UNDEFINED--6wmk__B1_UNDEFINED,3,1,0,0,0.1923113464934761,85.625,False,0.051242850720882416
6wmk__A1_UNDEFINED--6wmk__B1_UNDEFINED,4,4,3,0,0.1659671465133802,85.125,False,0.044421445578336716
6wmk__A1_UNDEFINED--6wmk__B1_UNDEFINED,5,1,2,0,0.8991978969959024,83.8125,True,0.983482837677002
6wmk__A1_UNDEFINED--6wmk__B1_UNDEFINED,6,1,1,0,0.8987887106369504,82.75,True,0.9668521285057068
6wmk__A1_UNDEFINED--6wmk__B1_UNDEFINED,7,4,2,0,0.8918396005281554,81.9375,True,0.9277987480163574
6wmk__A1_UNDEFINED--6wmk__B1_UNDEFINED,8,1,3,0,0.8822354451970699,79.375,True,0.9873819947242737
6wmk__A1_UNDEFINED--6wmk__B1_UNDEFINED,9,4,0,0,0.8923980475971902,78.4375,True,0.9480367302894592
6wmk__A1_UNDEFINED--6wmk__B1_UNDEFINED,10,2,3,0,0.8763427748575165,77.6875,True,0.977698028087616
6wmk__A1_UNDEFINED--6wmk__B1_UNDEFINED,11,3,0,0,0.8525878990264785,77.1875,True,0.9943335056304932
6wmk__A1_UNDEFINED--6wmk__B1_UNDEFINED,12,3,1,0,0.8306736203475337,76.125,True,0.9922261238098145
6wmk__A1_UNDEFINED--6wmk__B1_UNDEFINED,13,2,1,0,0.8722600544468051,75.0625,True,0.9675363898277283
6wmk__A1_UNDEFINED--6wmk__B1_UNDEFINED,14,3,2,0,0.6920575428002199,74.8125,True,0.5019280910491943
6wmk__A1_UNDEFINED--6wmk__B1_UNDEFINED,15,3,3,0,0.8357296165926997,74.75,True,0.9966037273406982
6wmk__A1_UNDEFINED--6wmk__B1_UNDEFINED,16,2,2,0,0.8606223361578427,73.625,True,0.9690203070640564
6wmk__A1_UNDEFINED--6wmk__B1_UNDEFINED,17,5,0,0,0.8567550821010114,72.375,True,0.0008704739739187062
6wmk__A1_UNDEFINED--6wmk__B1_UNDEFINED,18,4,1,0,0.8678216735113834,71.3125,True,0.9674333930015564
6wmk__A1_UNDEFINED--6wmk__B1_UNDEFINED,19,5,1,0,0.5415311869053684,60.8125,True,0.223508819937706
6wmk__A1_UNDEFINED--6wmk__B1_UNDEFINED,20,2,0,0,0.7231066127462727,59.71875,True,0.6403372287750244
6xb4__A1_V9XTR0--6xb4__B1_V9XTR0,1,1,1,1,0.5864876008947756,54.0,True,0.018826395273208618
6xb4__A1_V9XTR0--6xb4__B1_V9XTR0,2,3,3,1,0.0166024975494003,52.40625,False,0.05158455669879913
6xb4__A1_V9XTR0--6xb4__B1_V9XTR0,3,1,3,1,0.7515871106451355,51.1875,True,0.00040854618418961763
6xb4__A1_V9XTR0--6xb4__B1_V9XTR0,4,2,0,1,0.1414210293385804,50.5625,False,0.04747627303004265
6xb4__A1_V9XTR0--6xb4__B1_V9XTR0,5,1,2,1,0.4854154267868025,48.8125,True,0.030470898374915123
6xb4__A1_V9XTR0--6xb4__B1_V9XTR0,6,2,2,1,0.0160137208062595,45.9375,False,0.10473912209272385
6xb4__A1_V9XTR0--6xb4__B1_V9XTR0,7,4,3,1,0.6783313628770639,45.46875,True,0.08378825336694717
6xb4__A1_V9XTR0--6xb4__B1_V9XTR0,8,1,0,1,0.8230162930016345,44.4375,True,0.02957732044160366
6xb4__A1_V9XTR0--6xb4__B1_V9XTR0,9,4,2,1,0.0191297211915443,41.9375,False,0.09586449712514877
6xb4__A1_V9XTR0--6xb4__B1_V9XTR0,10,5,2,1,0.7075707503182715,40.59375,True,0.2336883842945099
6xb4__A1_V9XTR0--6xb4__B1_V9XTR0,11,5,1,1,0.01675242144926,39.125,False,0.04394502937793732
6xb4__A1_V9XTR0--6xb4__B1_V9XTR0,12,2,1,1,0.0191155663954121,34.1875,False,0.12213343381881714
6xb4__A1_V9XTR0--6xb4__B1_V9XTR0,13,3,1,1,0.0135577945472772,33.375,False,0.06528591364622116
6xb4__A1_V9XTR0--6xb4__B1_V9XTR0,14,5,0,1,0.0185953454477801,26.5625,False,0.0525926798582077
6xb4__A1_V9XTR0--6xb4__B1_V9XTR0,15,3,0,1,0.0175565798810256,22.546875,False,0.07583533227443695
6xb4__A1_V9XTR0--6xb4__B1_V9XTR0,16,5,3,1,0.0391320127279782,21.171875,False,0.04607447236776352
6xb4__A1_V9XTR0--6xb4__B1_V9XTR0,17,4,0,1,0.0140858914084525,18.578125,False,0.056717608124017715
6xb4__A1_V9XTR0--6xb4__B1_V9XTR0,18,2,3,1,0.0362548149755067,17.828125,False,0.059284012764692307
6xb4__A1_V9XTR0--6xb4__B1_V9XTR0,19,4,1,1,0.0191653302300839,17.640625,False,0.08202600479125977
6xb4__A1_V9XTR0--6xb4__B1_V9XTR0,20,3,2,1,0.015138080534551,17.578125,False,0.10387077927589417
6xj5__A1_P06621--6xj5__B1_P06621,1,4,0,3,0.0052011740388641,85.5625,False,0.8919204473495483
6xj5__A1_P06621--6xj5__B1_P06621,2,4,3,3,0.0051759272917839,85.125,False,0.8919204473495483
6xj5__A1_P06621--6xj5__B1_P06621,3,4,2,3,0.0051721258661713,85.0625,False,0.8919204473495483
6xj5__A1_P06621--6xj5__B1_P06621,4,4,1,3,0.0051859662609569,84.5625,False,0.8919204473495483
6xj5__A1_P06621--6xj5__B1_P06621,5,5,0,3,0.0052788954737212,84.0,False,0.8919204473495483
6xj5__A1_P06621--6xj5__B1_P06621,6,3,0,3,0.0052977134558014,83.125,False,0.8937544822692871
6xj5__A1_P06621--6xj5__B1_P06621,7,5,2,3,0.0052627440282673,82.75,False,0.8919204473495483
6xj5__A1_P06621--6xj5__B1_P06621,8,5,3,3,0.0052748872478991,82.625,False,0.8919204473495483
6xj5__A1_P06621--6xj5__B1_P06621,9,1,2,3,0.0051954064453453,82.625,False,0.9253843426704407
6xj5__A1_P06621--6xj5__B1_P06621,10,5,1,3,0.005253382688011,82.5625,False,0.8919204473495483
6xj5__A1_P06621--6xj5__B1_P06621,11,3,1,3,0.0052202743971521,82.3125,False,0.8937544822692871
6xj5__A1_P06621--6xj5__B1_P06621,12,3,2,3,0.0052329079879953,82.0625,False,0.8937544822692871
6xj5__A1_P06621--6xj5__B1_P06621,13,1,0,3,0.0052788855048752,81.875,False,0.9041771292686462
6xj5__A1_P06621--6xj5__B1_P06621,14,3,3,3,0.0052780088845946,81.8125,False,0.8905928730964661
6xj5__A1_P06621--6xj5__B1_P06621,15,1,3,3,0.0052389499631783,81.5625,False,0.9144786596298218
6xj5__A1_P06621--6xj5__B1_P06621,16,2,0,3,0.0051399019610198,80.9375,False,0.8908786773681641
6xj5__A1_P06621--6xj5__B1_P06621,17,2,2,3,0.0050924712181908,80.875,False,0.84371417760849
6xj5__A1_P06621--6xj5__B1_P06621,18,1,1,3,0.0051559710549731,80.3125,False,0.9253843426704407
6xj5__A1_P06621--6xj5__B1_P06621,19,2,3,3,0.0051147825975128,79.875,False,0.863896369934082
6xj5__A1_P06621--6xj5__B1_P06621,20,2,1,3,0.0050680178724449,79.8125,False,0.9173276424407959
6xwx__A1_G0S825--6xwx__B1_G0S0S7,1,4,2,1,0.684217664712099,93.8125,True,0.7999626398086548
6xwx__A1_G0S825--6xwx__B1_G0S0S7,2,4,0,1,0.6818779382659362,93.6875,True,0.8442063927650452
6xwx__A1_G0S825--6xwx__B1_G0S0S7,3,1,1,1,0.6943538380459305,93.6875,True,0.8599530458450317
6xwx__A1_G0S825--6xwx__B1_G0S0S7,4,1,2,1,0.6928116998026569,93.625,True,0.8356606960296631
6xwx__A1_G0S825--6xwx__B1_G0S0S7,5,4,1,1,0.6913949162548735,93.5625,True,0.8461140990257263
6xwx__A1_G0S825--6xwx__B1_G0S0S7,6,4,3,1,0.6769667587420437,93.25,True,0.8489271998405457
6xwx__A1_G0S825--6xwx__B1_G0S0S7,7,2,1,1,0.6848721923064701,93.25,True,0.803063154220581
6xwx__A1_G0S825--6xwx__B1_G0S0S7,8,3,1,1,0.6793266169088809,93.1875,True,0.851069986820221
6xwx__A1_G0S825--6xwx__B1_G0S0S7,9,5,3,1,0.6948809292411894,93.125,True,0.8475916981697083
6xwx__A1_G0S825--6xwx__B1_G0S0S7,10,2,0,1,0.6821745652715329,93.125,True,0.8047889471054077
6xwx__A1_G0S825--6xwx__B1_G0S0S7,11,5,1,1,0.6894740263178475,93.0625,True,0.8260262608528137
6xwx__A1_G0S825--6xwx__B1_G0S0S7,12,1,0,1,0.6911888029030052,93.0625,True,0.794175386428833
6xwx__A1_G0S825--6xwx__B1_G0S0S7,13,3,0,1,0.6814620993537827,93.0,True,0.8507532477378845
6xwx__A1_G0S825--6xwx__B1_G0S0S7,14,1,3,1,0.6937747305502185,92.875,True,0.8401877284049988
6xwx__A1_G0S825--6xwx__B1_G0S0S7,15,2,3,1,0.6852563382825966,92.6875,True,0.7535231113433838
6xwx__A1_G0S825--6xwx__B1_G0S0S7,16,5,0,1,0.6963275279875177,92.625,True,0.8759612441062927
6xwx__A1_G0S825--6xwx__B1_G0S0S7,17,5,2,1,0.6934558184945088,92.5,True,0.8388148546218872
6xwx__A1_G0S825--6xwx__B1_G0S0S7,18,3,3,1,0.6736239432504872,92.3125,True,0.8701930642127991
6xwx__A1_G0S825--6xwx__B1_G0S0S7,19,2,2,1,0.6845179368106287,92.25,True,0.7417458891868591
6xwx__A1_G0S825--6xwx__B1_G0S0S7,20,3,2,1,0.6842727985425658,92.125,True,0.810072660446167
6y62__B1_Q5MYC0--6y62__A1_Q5MYC0,1,5,1,4,0.3157918391307557,84.4375,True,0.6132140755653381
6y62__B1_Q5MYC0--6y62__A1_Q5MYC0,2,1,3,4,0.3424521052559781,84.125,True,0.8813703656196594
6y62__B1_Q5MYC0--6y62__A1_Q5MYC0,3,1,0,4,0.3276621913119303,83.625,True,0.7162538766860962
6y62__B1_Q5MYC0--6y62__A1_Q5MYC0,4,4,2,4,0.3451175048491363,83.5625,True,0.8072116374969482
6y62__B1_Q5MYC0--6y62__A1_Q5MYC0,5,3,0,4,0.2991155900869253,83.3125,True,0.8738272786140442
6y62__B1_Q5MYC0--6y62__A1_Q5MYC0,6,3,1,4,0.3316566521722569,83.3125,True,0.6853084564208984
6y62__B1_Q5MYC0--6y62__A1_Q5MYC0,7,1,2,4,0.3127823682785625,82.875,True,0.39151549339294434
6y62__B1_Q5MYC0--6y62__A1_Q5MYC0,8,5,2,4,0.2972222129777994,82.8125,True,0.9228934049606323
6y62__B1_Q5MYC0--6y62__A1_Q5MYC0,9,3,3,4,0.4041722671141914,82.625,True,0.9984462857246399
6y62__B1_Q5MYC0--6y62__A1_Q5MYC0,10,4,0,4,0.3361515075311835,82.5,True,0.8056716322898865
6y62__B1_Q5MYC0--6y62__A1_Q5MYC0,11,4,1,4,0.3299496141128595,82.375,True,0.2768564522266388
6y62__B1_Q5MYC0--6y62__A1_Q5MYC0,12,3,2,4,0.3694923467817405,82.3125,True,0.854832649230957
6y62__B1_Q5MYC0--6y62__A1_Q5MYC0,13,1,1,4,0.3267979624941579,82.25,True,0.7155041694641113
6y62__B1_Q5MYC0--6y62__A1_Q5MYC0,14,5,3,4,0.4081739401613618,81.625,True,0.9939378499984741
6y62__B1_Q5MYC0--6y62__A1_Q5MYC0,15,2,2,4,0.2958449172275258,81.5625,True,0.5619732141494751
6y62__B1_Q5MYC0--6y62__A1_Q5MYC0,16,4,3,4,0.3280442693562584,81.0625,True,0.8020167946815491
6y62__B1_Q5MYC0--6y62__A1_Q5MYC0,17,5,0,4,0.3366627800025368,80.875,True,0.8811511397361755
6y62__B1_Q5MYC0--6y62__A1_Q5MYC0,18,2,3,4,0.3092996007610081,78.9375,True,0.8741750121116638
6y62__B1_Q5MYC0--6y62__A1_Q5MYC0,19,2,1,4,0.3376478920202452,78.0,True,0.8993328213691711
6y62__B1_Q5MYC0--6y62__A1_Q5MYC0,20,2,0,4,0.4334493327131696,76.875,True,0.9840344190597534
6y75__A1_Q236S9--6y75__B1_Q236S9,1,2,0,1,0.5361512283180704,89.3125,True,0.6257716417312622
6y75__A1_Q236S9--6y75__B1_Q236S9,2,2,1,1,0.5300366946039136,89.25,True,0.6257716417312622
6y75__A1_Q236S9--6y75__B1_Q236S9,3,2,2,1,0.5307993100882444,89.0625,True,0.6257716417312622
6y75__A1_Q236S9--6y75__B1_Q236S9,4,2,3,1,0.5403682340382979,88.5625,True,0.6257716417312622
6y75__A1_Q236S9--6y75__B1_Q236S9,5,1,2,1,0.5446673425038872,88.4375,True,0.9710492491722107
6y75__A1_Q236S9--6y75__B1_Q236S9,6,1,0,1,0.550001136183107,88.375,True,0.9849987626075745
6y75__A1_Q236S9--6y75__B1_Q236S9,7,3,1,1,0.5537968021152929,87.875,True,0.3675249218940735
6y75__A1_Q236S9--6y75__B1_Q236S9,8,1,1,1,0.5487592479950244,87.625,True,0.9790495038032532
6y75__A1_Q236S9--6y75__B1_Q236S9,9,3,3,1,0.6214884775437093,81.9375,True,0.024089062586426735
6y75__A1_Q236S9--6y75__B1_Q236S9,10,4,2,1,0.0701580716393803,60.5625,False,0.6952624320983887
6y75__A1_Q236S9--6y75__B1_Q236S9,11,3,0,1,0.5491351627638228,58.28125,True,0.21966460347175598
6y75__A1_Q236S9--6y75__B1_Q236S9,12,1,3,1,0.2098991301471819,54.4375,False,0.5602434277534485
6y75__A1_Q236S9--6y75__B1_Q236S9,13,4,3,1,0.0579859860687783,44.375,False,0.7259318232536316
6y75__A1_Q236S9--6y75__B1_Q236S9,14,5,0,1,0.1577503098562446,43.15625,False,0.22557879984378815
6y75__A1_Q236S9--6y75__B1_Q236S9,15,4,1,1,0.0589165957809653,41.25,False,0.8558413982391357
6y75__A1_Q236S9--6y75__B1_Q236S9,16,5,3,1,0.1498746457273501,40.875,False,0.1761205494403839
6y75__A1_Q236S9--6y75__B1_Q236S9,17,5,2,1,0.1424568107442423,39.71875,False,0.06302151083946228
6y75__A1_Q236S9--6y75__B1_Q236S9,18,4,0,1,0.0571458123167383,39.5625,False,0.7973303198814392
6y75__A1_Q236S9--6y75__B1_Q236S9,19,5,1,1,0.1917410348950664,37.0625,False,0.1173647865653038
6y75__A1_Q236S9--6y75__B1_Q236S9,20,3,2,1,0.0346100745969185,16.46875,False,0.06741240620613098
6y9m__D1_P36291--6y9m__A1_P36291,1,1,1,4,0.0037148965631617,24.421875,False,0.03660890832543373
6y9m__D1_P36291--6y9m__A1_P36291,2,4,3,4,0.0274868888402881,22.609375,False,0.025932472199201584
6y9m__D1_P36291--6y9m__A1_P36291,3,2,0,4,0.0948527075379655,21.671875,False,0.043225426226854324
6y9m__D1_P36291--6y9m__A1_P36291,4,2,2,4,0.0353024995471081,20.34375,False,0.04637017101049423
6y9m__D1_P36291--6y9m__A1_P36291,5,1,2,4,0.1765064511988884,19.375,False,0.06395627558231354
6y9m__D1_P36291--6y9m__A1_P36291,6,2,1,4,0.2641951262902433,19.125,True,0.07882870733737946
6y9m__D1_P36291--6y9m__A1_P36291,7,2,3,4,0.2412234665185725,18.96875,True,0.04353727400302887
6y9m__D1_P36291--6y9m__A1_P36291,8,5,3,4,0.1037930004934779,18.421875,False,0.02954203635454178
6y9m__D1_P36291--6y9m__A1_P36291,9,5,2,4,0.1384823860873275,18.234375,False,0.039900507777929306
6y9m__D1_P36291--6y9m__A1_P36291,10,4,2,4,0.047101170669904,18.03125,False,0.031464267522096634
6y9m__D1_P36291--6y9m__A1_P36291,11,1,0,4,0.0583737043999757,17.453125,False,0.029891394078731537
6y9m__D1_P36291--6y9m__A1_P36291,12,5,0,4,0.1493529671351176,17.359375,False,0.04312244430184364
6y9m__D1_P36291--6y9m__A1_P36291,13,4,1,4,0.0718520385751854,17.234375,False,0.0411844365298748
6y9m__D1_P36291--6y9m__A1_P36291,14,1,3,4,0.0118297526288721,17.109375,False,0.027755986899137497
6y9m__D1_P36291--6y9m__A1_P36291,15,4,0,4,0.0152137205395679,16.4375,False,0.035738974809646606
6y9m__D1_P36291--6y9m__A1_P36291,16,5,1,4,0.0070594793180861,16.09375,False,0.04043355956673622
6y9m__D1_P36291--6y9m__A1_P36291,17,3,3,4,0.0344334576432295,15.8125,False,0.024657923728227615
6y9m__D1_P36291--6y9m__A1_P36291,18,3,1,4,0.0067049312983615,15.796875,False,0.02196255885064602
6y9m__D1_P36291--6y9m__A1_P36291,19,3,0,4,0.0095338503223493,15.75,False,0.024308117106556892
6y9m__D1_P36291--6y9m__A1_P36291,20,3,2,4,0.0075347084740251,15.3203125,False,0.02459370158612728
6yva__A1_P0DTD1--6yva__B1_Q64339,1,5,1,4,0.504009536357786,84.0,True,0.12742967903614044
6yva__A1_P0DTD1--6yva__B1_Q64339,2,1,3,4,0.522454784983792,83.125,True,0.9999995231628418
6yva__A1_P0DTD1--6yva__B1_Q64339,3,1,0,4,0.4827489087335448,82.5625,True,0.0012456201948225498
6yva__A1_P0DTD1--6yva__B1_Q64339,4,1,2,4,0.5035362361488834,82.5,True,0.9999995231628418
6yva__A1_P0DTD1--6yva__B1_Q64339,5,5,3,4,0.2171463983779451,81.1875,False,0.9956614375114441
6yva__A1_P0DTD1--6yva__B1_Q64339,6,5,2,4,0.2451985056481488,80.8125,True,0.9998143315315247
6yva__A1_P0DTD1--6yva__B1_Q64339,7,3,2,4,0.488408163748788,80.8125,True,0.9995008707046509
6yva__A1_P0DTD1--6yva__B1_Q64339,8,2,0,4,0.4846323341322764,80.8125,True,0.9999997615814209
6yva__A1_P0DTD1--6yva__B1_Q64339,9,5,0,4,0.4369749284007626,80.5625,True,0.4363339841365814
6yva__A1_P0DTD1--6yva__B1_Q64339,10,2,1,4,0.5017925024244508,79.375,True,0.9999997615814209
6yva__A1_P0DTD1--6yva__B1_Q64339,11,3,3,4,0.2433818682334114,79.0,True,0.9972431659698486
6yva__A1_P0DTD1--6yva__B1_Q64339,12,3,0,4,0.2307296763051588,78.4375,True,0.9966956377029419
6yva__A1_P0DTD1--6yva__B1_Q64339,13,4,0,4,0.3271932168531365,75.1875,True,0.9971670508384705
6yva__A1_P0DTD1--6yva__B1_Q64339,14,4,2,4,0.2839741664552299,75.1875,True,0.98854660987854
6yva__A1_P0DTD1--6yva__B1_Q64339,15,3,1,4,0.2164600100252491,72.5,False,0.9887357354164124
6yva__A1_P0DTD1--6yva__B1_Q64339,16,2,2,4,0.214050814183863,67.875,False,0.9612285494804382
6yva__A1_P0DTD1--6yva__B1_Q64339,17,4,1,4,0.0350180192334964,26.484375,False,0.021673858165740967
6yva__A1_P0DTD1--6yva__B1_Q64339,18,2,3,4,0.0475935642479778,24.390625,False,0.02252388186752796
6yva__A1_P0DTD1--6yva__B1_Q64339,19,4,3,4,0.0411753548571601,24.21875,False,0.023648865520954132
6yva__A1_P0DTD1--6yva__B1_Q64339,20,1,1,4,0.0193672806043827,22.34375,False,0.023291826248168945
6yyi__A1_B5YB78--6yyi__B1_B5YB78,1,2,3,1,0.9407528066762016,90.1875,True,0.3738309144973755
6yyi__A1_B5YB78--6yyi__B1_B5YB78,2,2,0,1,0.9391771926188266,88.625,True,0.4008847773075104
6yyi__A1_B5YB78--6yyi__B1_B5YB78,3,1,2,1,0.0068482921636929,88.1875,False,0.9904188513755798
6yyi__A1_B5YB78--6yyi__B1_B5YB78,4,2,1,1,0.9399342475074474,88.0,True,0.392654687166214
6yyi__A1_B5YB78--6yyi__B1_B5YB78,5,2,2,1,0.9427150752984368,86.75,True,0.3662770688533783
6yyi__A1_B5YB78--6yyi__B1_B5YB78,6,1,3,1,0.0068590727770642,86.5625,False,0.976720929145813
6yyi__A1_B5YB78--6yyi__B1_B5YB78,7,4,1,1,0.0073198225708864,85.5,False,0.6922997236251831
6yyi__A1_B5YB78--6yyi__B1_B5YB78,8,1,1,1,0.0068947375447561,85.0,False,0.993465006351471
6yyi__A1_B5YB78--6yyi__B1_B5YB78,9,5,3,1,0.0069190265349374,83.3125,False,0.5521772503852844
6yyi__A1_B5YB78--6yyi__B1_B5YB78,10,4,0,1,0.007284402312444,82.4375,False,0.7751595973968506
6yyi__A1_B5YB78--6yyi__B1_B5YB78,11,5,1,1,0.00694840930368,82.375,False,1.0733414228525362e-06
6yyi__A1_B5YB78--6yyi__B1_B5YB78,12,4,2,1,0.0072916717999149,82.3125,False,0.25871431827545166
6yyi__A1_B5YB78--6yyi__B1_B5YB78,13,4,3,1,0.007261176080957,82.25,False,0.7751595973968506
6yyi__A1_B5YB78--6yyi__B1_B5YB78,14,1,0,1,0.0069059265948451,79.375,False,0.9862697720527649
6yyi__A1_B5YB78--6yyi__B1_B5YB78,15,5,0,1,0.006926920423278,77.625,False,8.33055196380883e-07
6yyi__A1_B5YB78--6yyi__B1_B5YB78,16,3,0,1,0.0070564889650737,62.75,False,0.12545064091682434
6yyi__A1_B5YB78--6yyi__B1_B5YB78,17,3,2,1,0.0070458431276125,60.8125,False,0.5816215872764587
6yyi__A1_B5YB78--6yyi__B1_B5YB78,18,3,3,1,0.0070927124845667,59.28125,False,0.040200211107730865
6yyi__A1_B5YB78--6yyi__B1_B5YB78,19,3,1,1,0.0071163540126194,59.0,False,0.921028196811676
6yyi__A1_B5YB78--6yyi__B1_B5YB78,20,5,2,1,0.4187507100709551,33.8125,True,0.12278508394956589
6z70__A1_O66528--6z70__B1_O66528,1,3,2,4,0.7922593559445478,62.5,True,0.5686221718788147
6z70__A1_O66528--6z70__B1_O66528,2,3,0,4,0.7552505705998392,58.5,True,0.7142866849899292
6z70__A1_O66528--6z70__B1_O66528,3,3,1,4,0.7687627050644373,46.125,True,0.06009066104888916
6z70__A1_O66528--6z70__B1_O66528,4,3,3,4,0.6663420235249794,42.46875,True,0.008402589708566666
6z70__A1_O66528--6z70__B1_O66528,5,5,0,4,0.009137326642418,29.1875,False,0.05423474684357643
6z70__A1_O66528--6z70__B1_O66528,6,5,1,4,0.0093638785163249,29.078125,False,0.053547684103250504
6z70__A1_O66528--6z70__B1_O66528,7,5,2,4,0.0092953835760779,28.84375,False,0.0661877766251564
6z70__A1_O66528--6z70__B1_O66528,8,5,3,4,0.0092498966661695,28.359375,False,0.08417405933141708
6z70__A1_O66528--6z70__B1_O66528,9,4,3,4,0.4024253072955742,22.640625,True,0.9152132868766785
6z70__A1_O66528--6z70__B1_O66528,10,4,0,4,0.3440761202985459,22.578125,True,0.8246416449546814
6z70__A1_O66528--6z70__B1_O66528,11,4,1,4,0.3418992488924106,22.421875,True,0.8625797629356384
6z70__A1_O66528--6z70__B1_O66528,12,4,2,4,0.3826055118886895,21.828125,True,0.6669410467147827
6z70__A1_O66528--6z70__B1_O66528,13,1,2,4,0.1334099233843719,21.421875,False,0.04489770904183388
6z70__A1_O66528--6z70__B1_O66528,14,1,1,4,0.0820691007988756,21.21875,False,0.02484356425702572
6z70__A1_O66528--6z70__B1_O66528,15,1,0,4,0.1411453847019646,21.125,False,0.07823692262172699
6z70__A1_O66528--6z70__B1_O66528,16,1,3,4,0.0119029606232496,20.984375,False,0.0281295794993639
6z70__A1_O66528--6z70__B1_O66528,17,2,3,4,0.012112648795843,20.15625,False,0.0150176752358675
6z70__A1_O66528--6z70__B1_O66528,18,2,0,4,0.0135886485005792,20.140625,False,0.07606639713048935
6z70__A1_O66528--6z70__B1_O66528,19,2,1,4,0.0128997134452954,20.109375,False,0.08160523325204849
6z70__A1_O66528--6z70__B1_O66528,20,2,2,4,0.0061497211621186,19.953125,False,0.014037040062248707
6z81__A1_P05852--6z81__C1_P76256,1,5,3,0,0.7904078535402546,93.3125,True,0.8882942199707031
6z81__A1_P05852--6z81__C1_P76256,2,3,3,0,0.8022841486871329,93.3125,True,0.9294354915618896
6z81__A1_P05852--6z81__C1_P76256,3,1,3,0,0.759399506374943,93.3125,True,0.9336082339286804
6z81__A1_P05852--6z81__C1_P76256,4,1,2,0,0.8336587381388197,93.25,True,0.8919854760169983
6z81__A1_P05852--6z81__C1_P76256,5,3,0,0,0.7695862153673145,93.25,True,0.9351735711097717
6z81__A1_P05852--6z81__C1_P76256,6,5,1,0,0.797444462601329,93.25,True,0.8714578747749329
6z81__A1_P05852--6z81__C1_P76256,7,5,2,0,0.8247812905437236,93.25,True,0.9062612652778625
6z81__A1_P05852--6z81__C1_P76256,8,3,2,0,0.8022612599020665,93.1875,True,0.939495861530304
6z81__A1_P05852--6z81__C1_P76256,9,3,1,0,0.7886328236279954,93.1875,True,0.948494553565979
6z81__A1_P05852--6z81__C1_P76256,10,5,0,0,0.7813416419923139,93.1875,True,0.8922432661056519
6z81__A1_P05852--6z81__C1_P76256,11,1,0,0,0.7493214272506005,93.1875,True,0.913417398929596
6z81__A1_P05852--6z81__C1_P76256,12,4,2,0,0.8669762169320586,93.125,True,0.8804157376289368
6z81__A1_P05852--6z81__C1_P76256,13,4,1,0,0.8605899048913438,93.125,True,0.8158897757530212
6z81__A1_P05852--6z81__C1_P76256,14,1,1,0,0.7945980099681295,93.125,True,0.9297335147857666
6z81__A1_P05852--6z81__C1_P76256,15,4,3,0,0.7861337231335627,93.0625,True,0.9270488023757935
6z81__A1_P05852--6z81__C1_P76256,16,4,0,0,0.7862362608422387,93.0,True,0.913615345954895
6z81__A1_P05852--6z81__C1_P76256,17,2,3,0,0.8654018010761945,92.875,True,0.6857089400291443
6z81__A1_P05852--6z81__C1_P76256,18,2,2,0,0.8658294738792791,92.75,True,0.6452804207801819
6z81__A1_P05852--6z81__C1_P76256,19,2,1,0,0.8687680926611391,92.625,True,0.620140552520752
6z81__A1_P05852--6z81__C1_P76256,20,2,0,0,0.860224093718548,92.5625,True,0.620140552520752
6zht__A1_P22515--6zht__B1_P52490,1,2,0,0,0.6054785012482582,78.5625,True,0.8607500195503235
6zht__A1_P22515--6zht__B1_P52490,2,2,3,0,0.4907846631207928,76.0625,True,0.1771131008863449
6zht__A1_P22515--6zht__B1_P52490,3,4,3,0,0.3784778646954789,75.125,True,0.9281691312789917
6zht__A1_P22515--6zht__B1_P52490,4,4,0,0,0.3349654725908697,74.875,True,0.4718512296676636
6zht__A1_P22515--6zht__B1_P52490,5,3,0,0,0.3935454772888394,73.5,True,0.39889875054359436
6zht__A1_P22515--6zht__B1_P52490,6,4,1,0,0.4406175777391994,73.5,True,0.9907922744750977
6zht__A1_P22515--6zht__B1_P52490,7,3,2,0,0.3948725701901416,72.625,True,0.2967846393585205
6zht__A1_P22515--6zht__B1_P52490,8,4,2,0,0.3322902292495287,72.4375,True,0.6026897430419922
6zht__A1_P22515--6zht__B1_P52490,9,3,1,0,0.3639998479042197,72.3125,True,0.2389243245124817
6zht__A1_P22515--6zht__B1_P52490,10,3,3,0,0.4129185561435129,72.1875,True,0.7235570549964905
6zht__A1_P22515--6zht__B1_P52490,11,5,0,0,0.4842075669152159,70.5,True,0.9900194406509399
6zht__A1_P22515--6zht__B1_P52490,12,2,1,0,0.5657713183022212,70.4375,True,0.9722827672958374
6zht__A1_P22515--6zht__B1_P52490,13,5,3,0,0.4986694830564326,68.9375,True,0.9166227579116821
6zht__A1_P22515--6zht__B1_P52490,14,5,1,0,0.4207980221342038,68.3125,True,0.9879955649375916
6zht__A1_P22515--6zht__B1_P52490,15,2,2,0,0.5168948220959173,68.0625,True,0.7718023657798767
6zht__A1_P22515--6zht__B1_P52490,16,1,0,0,0.3394586232707099,67.625,True,0.419662207365036
6zht__A1_P22515--6zht__B1_P52490,17,5,2,0,0.413686628369539,67.0,True,0.9853494763374329
6zht__A1_P22515--6zht__B1_P52490,18,1,1,0,0.4040109413907268,66.9375,True,0.8756963610649109
6zht__A1_P22515--6zht__B1_P52490,19,1,2,0,0.1958080460241923,65.125,False,0.9257583022117615
6zht__A1_P22515--6zht__B1_P52490,20,1,3,0,0.3345754645153862,63.40625,True,0.27900421619415283
7a5c__A1_Q9KR64--7a5c__B1_Q9KR64,1,3,2,2,0.0182158623482687,84.0,False,0.004303521476686001
7a5c__A1_Q9KR64--7a5c__B1_Q9KR64,2,3,1,2,0.0182875104102239,83.375,False,0.0008076363592408597
7a5c__A1_Q9KR64--7a5c__B1_Q9KR64,3,4,1,2,0.0181228699635032,80.0,False,0.00020305276848375797
7a5c__A1_Q9KR64--7a5c__B1_Q9KR64,4,3,3,2,0.0180215343306329,77.875,False,0.0011787523981183767
7a5c__A1_Q9KR64--7a5c__B1_Q9KR64,5,4,3,2,0.0181536420942114,77.5,False,0.0001501424703747034
7a5c__A1_Q9KR64--7a5c__B1_Q9KR64,6,3,0,2,0.0180875666112417,75.625,False,0.00015207158867269754
7a5c__A1_Q9KR64--7a5c__B1_Q9KR64,7,2,1,2,0.0178486943152434,74.75,False,0.00010384727647760883
7a5c__A1_Q9KR64--7a5c__B1_Q9KR64,8,4,2,2,0.0180785560909296,71.25,False,0.00038146661245264113
7a5c__A1_Q9KR64--7a5c__B1_Q9KR64,9,4,0,2,0.0179037599775415,64.9375,False,0.00046940898755565286
7a5c__A1_Q9KR64--7a5c__B1_Q9KR64,10,2,0,2,0.0092923010195162,62.25,False,0.014276008121669292
7a5c__A1_Q9KR64--7a5c__B1_Q9KR64,11,2,2,2,0.0089486495085286,40.03125,False,0.012545120902359486
7a5c__A1_Q9KR64--7a5c__B1_Q9KR64,12,1,1,2,0.0083315998580226,35.5,False,0.15994593501091003
7a5c__A1_Q9KR64--7a5c__B1_Q9KR64,13,1,2,2,0.0083187723163754,34.8125,False,0.18068793416023254
7a5c__A1_Q9KR64--7a5c__B1_Q9KR64,14,5,1,2,0.0085934441334021,31.921875,False,0.0907224714756012
7a5c__A1_Q9KR64--7a5c__B1_Q9KR64,15,2,3,2,0.0090664576832546,31.0,False,0.014482146129012108
7a5c__A1_Q9KR64--7a5c__B1_Q9KR64,16,5,2,2,0.0089568248134183,30.875,False,0.05057906731963158
7a5c__A1_Q9KR64--7a5c__B1_Q9KR64,17,5,3,2,0.0108837509948396,26.46875,False,0.014333722181618214
7a5c__A1_Q9KR64--7a5c__B1_Q9KR64,18,5,0,2,0.0098734094889181,25.640625,False,0.021705664694309235
7a5c__A1_Q9KR64--7a5c__B1_Q9KR64,19,1,3,2,0.016508928086905,22.3125,False,0.09649242460727692
7a5c__A1_Q9KR64--7a5c__B1_Q9KR64,20,1,0,2,0.0175271394459433,22.28125,False,0.7103407979011536
7acx__B1_Q9AEM2--7acx__A1_Q9AEM2,1,1,1,0,0.2498586235911251,51.625,True,0.596034586429596
7acx__B1_Q9AEM2--7acx__A1_Q9AEM2,2,3,0,0,0.2656983887999562,48.6875,True,0.9836302399635315
7acx__B1_Q9AEM2--7acx__A1_Q9AEM2,3,3,2,0,0.2635893872476506,47.625,True,0.9357195496559143
7acx__B1_Q9AEM2--7acx__A1_Q9AEM2,4,1,2,0,0.3067381336045605,46.1875,True,0.7158892750740051
7acx__B1_Q9AEM2--7acx__A1_Q9AEM2,5,5,3,0,0.2983779121291529,46.03125,True,0.05974764749407768
7acx__B1_Q9AEM2--7acx__A1_Q9AEM2,6,1,0,0,0.3177811790927223,45.75,True,0.9367377161979675
7acx__B1_Q9AEM2--7acx__A1_Q9AEM2,7,1,3,0,0.2989345301057909,45.34375,True,0.8306046724319458
7acx__B1_Q9AEM2--7acx__A1_Q9AEM2,8,3,1,0,0.2464339879559927,45.0,True,0.9776434302330017
7acx__B1_Q9AEM2--7acx__A1_Q9AEM2,9,3,3,0,0.2684530889623461,43.125,True,0.948506772518158
7acx__B1_Q9AEM2--7acx__A1_Q9AEM2,10,2,3,0,0.2470599788492725,41.84375,True,0.992872953414917
7acx__B1_Q9AEM2--7acx__A1_Q9AEM2,11,2,2,0,0.2905317132404795,41.71875,True,0.9429777264595032
7acx__B1_Q9AEM2--7acx__A1_Q9AEM2,12,5,2,0,0.2552392045368369,40.71875,True,0.9584242105484009
7acx__B1_Q9AEM2--7acx__A1_Q9AEM2,13,2,1,0,0.244049579938316,40.5,True,0.9462223052978516
7acx__B1_Q9AEM2--7acx__A1_Q9AEM2,14,5,0,0,0.3227305123329803,40.46875,True,0.0996277704834938
7acx__B1_Q9AEM2--7acx__A1_Q9AEM2,15,4,3,0,0.2440628121513688,40.15625,True,0.9171319603919983
7acx__B1_Q9AEM2--7acx__A1_Q9AEM2,16,4,2,0,0.2970509601114013,39.71875,True,0.9278048276901245
7acx__B1_Q9AEM2--7acx__A1_Q9AEM2,17,4,0,0,0.2467944704556595,39.71875,True,0.9694210886955261
7acx__B1_Q9AEM2--7acx__A1_Q9AEM2,18,2,0,0,0.2444224295668637,39.5,True,0.9509115815162659
7acx__B1_Q9AEM2--7acx__A1_Q9AEM2,19,5,1,0,0.2858861081276744,38.34375,True,0.03405430167913437
7acx__B1_Q9AEM2--7acx__A1_Q9AEM2,20,4,1,0,0.2415993484842129,38.28125,True,0.9374491572380066
7aed__B1_D1LHF8--7aed__A1_D1LHF8,1,1,3,1,0.6694744903863592,89.5625,True,0.31811535358428955
7aed__B1_D1LHF8--7aed__A1_D1LHF8,2,1,2,1,0.6641194020317093,88.75,True,0.1476394385099411
7aed__B1_D1LHF8--7aed__A1_D1LHF8,3,1,0,1,0.6730967750153551,87.8125,True,0.21289387345314026
7aed__B1_D1LHF8--7aed__A1_D1LHF8,4,1,1,1,0.6756631207379411,85.375,True,0.45336684584617615
7aed__B1_D1LHF8--7aed__A1_D1LHF8,5,2,3,1,0.6959099166175684,71.6875,True,0.022935455664992332
7aed__B1_D1LHF8--7aed__A1_D1LHF8,6,2,0,1,0.7081195041288293,70.375,True,0.03528508543968201
7aed__B1_D1LHF8--7aed__A1_D1LHF8,7,2,2,1,0.713071992813589,65.8125,True,0.025346755981445312
7aed__B1_D1LHF8--7aed__A1_D1LHF8,8,3,0,1,0.5106903964556592,44.40625,True,0.9517022371292114
7aed__B1_D1LHF8--7aed__A1_D1LHF8,9,2,1,1,0.7338747047888058,44.3125,True,0.7265774011611938
7aed__B1_D1LHF8--7aed__A1_D1LHF8,10,3,1,1,0.5135730164125655,43.1875,True,0.9464770555496216
7aed__B1_D1LHF8--7aed__A1_D1LHF8,11,3,3,1,0.5160553575622754,41.0625,True,0.9618231654167175
7aed__B1_D1LHF8--7aed__A1_D1LHF8,12,3,2,1,0.519956074714537,32.96875,True,0.9524657726287842
7aed__B1_D1LHF8--7aed__A1_D1LHF8,13,5,1,1,0.5156728576390647,19.421875,True,0.23010766506195068
7aed__B1_D1LHF8--7aed__A1_D1LHF8,14,5,2,1,0.0321015366542888,17.21875,False,0.04986688867211342
7aed__B1_D1LHF8--7aed__A1_D1LHF8,15,5,0,1,0.0116211478098257,16.921875,False,0.04762865975499153
7aed__B1_D1LHF8--7aed__A1_D1LHF8,16,4,2,1,0.0203203426114149,16.78125,False,0.057115230709314346
7aed__B1_D1LHF8--7aed__A1_D1LHF8,17,4,1,1,0.4050886989539659,16.421875,True,0.5378105044364929
7aed__B1_D1LHF8--7aed__A1_D1LHF8,18,5,3,1,0.0150348796484008,16.078125,False,0.03806426376104355
7aed__B1_D1LHF8--7aed__A1_D1LHF8,19,4,3,1,0.2694793614365053,15.828125,True,0.22459812462329865
7aed__B1_D1LHF8--7aed__A1_D1LHF8,20,4,0,1,0.099490275813807,15.8203125,False,0.03766712546348572
7aex__A1_P52129--7aex__A2_P52129,1,5,1,3,0.0262862278180956,63.4375,False,0.928372323513031
7aex__A1_P52129--7aex__A2_P52129,2,2,2,3,0.0374455521458646,62.75,False,0.9470555782318115
7aex__A1_P52129--7aex__A2_P52129,3,2,0,3,0.0327531964313827,62.28125,False,0.9345030784606934
7aex__A1_P52129--7aex__A2_P52129,4,4,3,3,0.0321502290692869,61.65625,False,0.9241797924041748
7aex__A1_P52129--7aex__A2_P52129,5,2,1,3,0.0371559138565095,61.4375,False,0.9174912571907043
7aex__A1_P52129--7aex__A2_P52129,6,4,1,3,0.033446699674915,61.25,False,0.9232664704322815
7aex__A1_P52129--7aex__A2_P52129,7,1,3,3,0.0446274696720092,61.21875,False,0.97510826587677
7aex__A1_P52129--7aex__A2_P52129,8,1,1,3,0.0340542667892006,61.21875,False,0.9614592790603638
7aex__A1_P52129--7aex__A2_P52129,9,1,2,3,0.0449431562448034,61.03125,False,0.9506055116653442
7aex__A1_P52129--7aex__A2_P52129,10,2,3,3,0.0360766732056048,60.59375,False,0.9012733697891235
7aex__A1_P52129--7aex__A2_P52129,11,4,0,3,0.0340121294791631,60.5,False,0.9680079817771912
7aex__A1_P52129--7aex__A2_P52129,12,4,2,3,0.033784833613628,60.25,False,0.9078289270401001
7aex__A1_P52129--7aex__A2_P52129,13,3,0,3,0.0328670273673076,60.125,False,0.9533764719963074
7aex__A1_P52129--7aex__A2_P52129,14,1,0,3,0.0401715027488374,60.03125,False,0.9097791910171509
7aex__A1_P52129--7aex__A2_P52129,15,5,2,3,0.0390614144859708,59.625,False,0.9444608688354492
7aex__A1_P52129--7aex__A2_P52129,16,3,1,3,0.0404536505592704,59.5625,False,0.9498224854469299
7aex__A1_P52129--7aex__A2_P52129,17,3,2,3,0.0334228851859312,59.4375,False,0.9385560154914856
7aex__A1_P52129--7aex__A2_P52129,18,3,3,3,0.0356417831041427,58.875,False,0.9240711331367493
7aex__A1_P52129--7aex__A2_P52129,19,5,0,3,0.0515961897558097,58.34375,False,0.9263795614242554
7aex__A1_P52129--7aex__A2_P52129,20,5,3,3,0.0363048479172585,56.875,False,0.9665433168411255
7bjn__A1_Q8IGY1--7bjn__B1_Q8IGY1,1,2,2,4,0.8911703941974212,83.4375,True,0.0011737535241991282
7bjn__A1_Q8IGY1--7bjn__B1_Q8IGY1,2,2,0,4,0.8920910881630572,82.8125,True,0.0009128224337473512
7bjn__A1_Q8IGY1--7bjn__B1_Q8IGY1,3,2,3,4,0.8942463741911747,82.6875,True,0.0011737535241991282
7bjn__A1_Q8IGY1--7bjn__B1_Q8IGY1,4,1,2,4,0.876025814994097,80.25,True,0.0012503493344411254
7bjn__A1_Q8IGY1--7bjn__B1_Q8IGY1,5,1,3,4,0.8779878508771682,80.1875,True,0.0008051965851336718
7bjn__A1_Q8IGY1--7bjn__B1_Q8IGY1,6,3,2,4,0.0404461347666767,79.875,False,0.4607073962688446
7bjn__A1_Q8IGY1--7bjn__B1_Q8IGY1,7,1,1,4,0.8791692850752781,79.75,True,0.0012503493344411254
7bjn__A1_Q8IGY1--7bjn__B1_Q8IGY1,8,3,1,4,0.0404316083257702,78.9375,False,0.4607073962688446
7bjn__A1_Q8IGY1--7bjn__B1_Q8IGY1,9,5,2,4,0.04038903230775,78.875,False,0.977225124835968
7bjn__A1_Q8IGY1--7bjn__B1_Q8IGY1,10,1,0,4,0.8739419553311869,77.625,True,0.0015463775489479303
7bjn__A1_Q8IGY1--7bjn__B1_Q8IGY1,11,3,0,4,0.0404332352250367,77.5,False,0.6312314867973328
7bjn__A1_Q8IGY1--7bjn__B1_Q8IGY1,12,5,1,4,0.0404170522566094,75.75,False,0.977225124835968
7bjn__A1_Q8IGY1--7bjn__B1_Q8IGY1,13,3,3,4,0.0404471353247314,74.5,False,0.826008141040802
7bjn__A1_Q8IGY1--7bjn__B1_Q8IGY1,14,2,1,4,0.8397009058929091,70.8125,True,0.0003416217223275453
7bjn__A1_Q8IGY1--7bjn__B1_Q8IGY1,15,4,0,4,0.6876097141469236,53.46875,True,0.0010948865674436092
7bjn__A1_Q8IGY1--7bjn__B1_Q8IGY1,16,5,0,4,0.0404728348370577,52.34375,False,0.9269205927848816
7bjn__A1_Q8IGY1--7bjn__B1_Q8IGY1,17,5,3,4,0.0404692489931043,50.5,False,0.950241208076477
7bjn__A1_Q8IGY1--7bjn__B1_Q8IGY1,18,4,3,4,0.5987063560479342,45.96875,True,0.972841739654541
7bjn__A1_Q8IGY1--7bjn__B1_Q8IGY1,19,4,1,4,0.0404895312260729,27.9375,False,0.9790385365486145
7bjn__A1_Q8IGY1--7bjn__B1_Q8IGY1,20,4,2,4,0.0404627653020013,27.015625,False,0.9800946116447449
7bv5__C1_Q9URQ3--7bv5__A1_P47058,1,1,0,1,0.8287138113086122,90.6875,True,0.8285685777664185
7bv5__C1_Q9URQ3--7bv5__A1_P47058,2,1,2,1,0.7950061633096898,90.4375,True,0.8239299654960632
7bv5__C1_Q9URQ3--7bv5__A1_P47058,3,4,2,1,0.7925242607411699,90.1875,True,0.8128619194030762
7bv5__C1_Q9URQ3--7bv5__A1_P47058,4,4,0,1,0.7799603570479724,90.125,True,0.834412693977356
7bv5__C1_Q9URQ3--7bv5__A1_P47058,5,1,1,1,0.7856950702872895,90.125,True,0.8087625503540039
7bv5__C1_Q9URQ3--7bv5__A1_P47058,6,4,3,1,0.7768341607905419,90.0625,True,0.8102284669876099
7bv5__C1_Q9URQ3--7bv5__A1_P47058,7,4,1,1,0.7902714488504842,90.0625,True,0.8168368339538574
7bv5__C1_Q9URQ3--7bv5__A1_P47058,8,1,3,1,0.7718087670394312,90.0,True,0.7873595952987671
7bv5__C1_Q9URQ3--7bv5__A1_P47058,9,2,0,1,0.7723268199070654,89.9375,True,0.8305291533470154
7bv5__C1_Q9URQ3--7bv5__A1_P47058,10,2,2,1,0.7721261063393042,89.875,True,0.8296841382980347
7bv5__C1_Q9URQ3--7bv5__A1_P47058,11,3,1,1,0.7961277170038338,89.8125,True,0.796481728553772
7bv5__C1_Q9URQ3--7bv5__A1_P47058,12,3,3,1,0.7756819107060879,89.6875,True,0.8320409655570984
7bv5__C1_Q9URQ3--7bv5__A1_P47058,13,5,0,1,0.786146811033161,89.625,True,0.8341949582099915
7bv5__C1_Q9URQ3--7bv5__A1_P47058,14,3,0,1,0.7725155284818223,89.5,True,0.8098020553588867
7bv5__C1_Q9URQ3--7bv5__A1_P47058,15,5,2,1,0.8096710601849689,89.375,True,0.8050848841667175
7bv5__C1_Q9URQ3--7bv5__A1_P47058,16,5,1,1,0.8029052664148587,89.3125,True,0.8323627710342407
7bv5__C1_Q9URQ3--7bv5__A1_P47058,17,3,2,1,0.7757484684618573,89.25,True,0.7720794677734375
7bv5__C1_Q9URQ3--7bv5__A1_P47058,18,5,3,1,0.760512454520398,89.25,True,0.8231415152549744
7bv5__C1_Q9URQ3--7bv5__A1_P47058,19,2,1,1,0.7902205938162811,88.0,True,0.8357151746749878
7bv5__C1_Q9URQ3--7bv5__A1_P47058,20,2,3,1,0.7827493849834998,87.8125,True,0.8184729814529419
7cdv__A1_A0A2I4PGE9--7cdv__B1_A0A2I4PGE9,1,5,3,0,0.4391765768228619,86.125,True,0.8226569294929504
7cdv__A1_A0A2I4PGE9--7cdv__B1_A0A2I4PGE9,2,5,1,0,0.4412158220421867,85.875,True,0.736183762550354
7cdv__A1_A0A2I4PGE9--7cdv__B1_A0A2I4PGE9,3,5,2,0,0.7080438295705216,85.8125,True,0.9609395265579224
7cdv__A1_A0A2I4PGE9--7cdv__B1_A0A2I4PGE9,4,5,0,0,0.7048671019657201,85.8125,True,0.9832196831703186
7cdv__A1_A0A2I4PGE9--7cdv__B1_A0A2I4PGE9,5,1,2,0,0.4404854780544213,85.625,True,0.6451278328895569
7cdv__A1_A0A2I4PGE9--7cdv__B1_A0A2I4PGE9,6,1,3,0,0.4510674206405582,85.25,True,0.8679535388946533
7cdv__A1_A0A2I4PGE9--7cdv__B1_A0A2I4PGE9,7,1,0,0,0.4418940987586818,85.1875,True,0.8388046026229858
7cdv__A1_A0A2I4PGE9--7cdv__B1_A0A2I4PGE9,8,1,1,0,0.4412736861113384,85.125,True,0.8622990250587463
7cdv__A1_A0A2I4PGE9--7cdv__B1_A0A2I4PGE9,9,2,1,0,0.4413838740985246,84.4375,True,0.9075492024421692
7cdv__A1_A0A2I4PGE9--7cdv__B1_A0A2I4PGE9,10,3,3,0,0.6450146643208886,84.0,True,0.9562244415283203
7cdv__A1_A0A2I4PGE9--7cdv__B1_A0A2I4PGE9,11,3,2,0,0.6533964868199338,83.8125,True,0.014079517684876919
7cdv__A1_A0A2I4PGE9--7cdv__B1_A0A2I4PGE9,12,3,0,0,0.7478351633842738,83.8125,True,0.020182490348815918
7cdv__A1_A0A2I4PGE9--7cdv__B1_A0A2I4PGE9,13,3,1,0,0.6960269048740281,83.6875,True,0.019763359799981117
7cdv__A1_A0A2I4PGE9--7cdv__B1_A0A2I4PGE9,14,2,3,0,0.5311941905225651,82.875,True,0.9954177141189575
7cdv__A1_A0A2I4PGE9--7cdv__B1_A0A2I4PGE9,15,4,2,0,0.5878468684015855,82.625,True,0.6809771656990051
7cdv__A1_A0A2I4PGE9--7cdv__B1_A0A2I4PGE9,16,4,3,0,0.559327601913237,81.875,True,0.48820945620536804
7cdv__A1_A0A2I4PGE9--7cdv__B1_A0A2I4PGE9,17,2,0,0,0.4793434889819295,81.4375,True,0.988978922367096
7cdv__A1_A0A2I4PGE9--7cdv__B1_A0A2I4PGE9,18,4,0,0,0.4473718820622183,81.3125,True,0.01327748503535986
7cdv__A1_A0A2I4PGE9--7cdv__B1_A0A2I4PGE9,19,4,1,0,0.4812705333542812,81.25,True,0.3918916881084442
7cdv__A1_A0A2I4PGE9--7cdv__B1_A0A2I4PGE9,20,2,2,0,0.5926620471264544,80.25,True,0.9753047823905945
7cnv__A1_A0B757--7cnv__B1_A0B757,1,2,2,3,0.1174323868725312,59.875,False,0.9257461428642273
7cnv__A1_A0B757--7cnv__B1_A0B757,2,2,0,3,0.157720340145429,59.28125,False,0.7538913488388062
7cnv__A1_A0B757--7cnv__B1_A0B757,3,2,1,3,0.1360440587935226,56.09375,False,0.9500054717063904
7cnv__A1_A0B757--7cnv__B1_A0B757,4,3,2,3,0.2174543372585807,30.328125,False,0.20885179936885834
7cnv__A1_A0B757--7cnv__B1_A0B757,5,2,3,3,0.2747032625478918,29.84375,True,0.04933306202292442
7cnv__A1_A0B757--7cnv__B1_A0B757,6,4,2,3,0.1142592837364537,29.390625,False,0.15727287530899048
7cnv__A1_A0B757--7cnv__B1_A0B757,7,4,3,3,0.155448237532955,28.8125,False,0.007889509201049805
7cnv__A1_A0B757--7cnv__B1_A0B757,8,1,1,3,0.309493005556876,28.734375,True,0.028614161536097527
7cnv__A1_A0B757--7cnv__B1_A0B757,9,1,0,3,0.0678492173872983,28.6875,False,0.069145068526268
7cnv__A1_A0B757--7cnv__B1_A0B757,10,1,2,3,0.1528184993852933,28.140625,False,0.03518979996442795
7cnv__A1_A0B757--7cnv__B1_A0B757,11,5,1,3,0.2646227202105364,27.9375,True,0.16574405133724213
7cnv__A1_A0B757--7cnv__B1_A0B757,12,4,1,3,0.1026521660206194,27.71875,False,0.1623365581035614
7cnv__A1_A0B757--7cnv__B1_A0B757,13,1,3,3,0.3836517015055681,27.609375,True,0.05125024914741516
7cnv__A1_A0B757--7cnv__B1_A0B757,14,4,0,3,0.1235281004080004,27.546875,False,0.1863076090812683
7cnv__A1_A0B757--7cnv__B1_A0B757,15,5,3,3,0.2369283322636843,27.1875,True,0.98487788438797
7cnv__A1_A0B757--7cnv__B1_A0B757,16,5,2,3,0.3472293725040054,26.3125,True,0.8906193375587463
7cnv__A1_A0B757--7cnv__B1_A0B757,17,5,0,3,0.3836799153905257,25.796875,True,0.9985947012901306
7cnv__A1_A0B757--7cnv__B1_A0B757,18,3,1,3,0.2728949796732243,25.09375,True,0.10269829630851746
7cnv__A1_A0B757--7cnv__B1_A0B757,19,3,3,3,0.2447621560002473,24.90625,True,0.49323776364326477
7cnv__A1_A0B757--7cnv__B1_A0B757,20,3,0,3,0.1340030245091232,24.84375,False,0.052768073976039886
7dnn__A1_H0QPL9--7dnn__B1_H0QPL8,1,1,1,0,0.6281019878995567,91.0,True,0.9248677492141724
7dnn__A1_H0QPL9--7dnn__B1_H0QPL8,2,1,3,0,0.6037937541766757,90.9375,True,0.8184462189674377
7dnn__A1_H0QPL9--7dnn__B1_H0QPL8,3,2,1,0,0.6152692048072325,90.875,True,0.9208444952964783
7dnn__A1_H0QPL9--7dnn__B1_H0QPL8,4,1,2,0,0.5932029067607426,90.8125,True,0.909111499786377
7dnn__A1_H0QPL9--7dnn__B1_H0QPL8,5,5,3,0,0.5994636522592898,90.75,True,0.9139724969863892
7dnn__A1_H0QPL9--7dnn__B1_H0QPL8,6,2,3,0,0.6015584781613144,90.6875,True,0.8850620985031128
7dnn__A1_H0QPL9--7dnn__B1_H0QPL8,7,5,1,0,0.6135094161848124,90.5625,True,0.9086630344390869
7dnn__A1_H0QPL9--7dnn__B1_H0QPL8,8,5,2,0,0.593602373743447,90.5,True,0.9145268201828003
7dnn__A1_H0QPL9--7dnn__B1_H0QPL8,9,3,0,0,0.6142220016368615,90.375,True,0.8556748032569885
7dnn__A1_H0QPL9--7dnn__B1_H0QPL8,10,1,0,0,0.6324119819419245,90.3125,True,0.9173473119735718
7dnn__A1_H0QPL9--7dnn__B1_H0QPL8,11,4,1,0,0.600387187995,90.25,True,0.9133350253105164
7dnn__A1_H0QPL9--7dnn__B1_H0QPL8,12,2,0,0,0.6754243514335642,90.25,True,0.8841317296028137
7dnn__A1_H0QPL9--7dnn__B1_H0QPL8,13,4,3,0,0.6128871237674208,90.1875,True,0.9443116188049316
7dnn__A1_H0QPL9--7dnn__B1_H0QPL8,14,3,1,0,0.617623462176547,90.1875,True,0.909488320350647
7dnn__A1_H0QPL9--7dnn__B1_H0QPL8,15,5,0,0,0.6392656574660064,90.1875,True,0.871943473815918
7dnn__A1_H0QPL9--7dnn__B1_H0QPL8,16,2,2,0,0.6207941804972571,90.125,True,0.86749666929245
7dnn__A1_H0QPL9--7dnn__B1_H0QPL8,17,3,2,0,0.6188813480982642,90.0,True,0.903110921382904
7dnn__A1_H0QPL9--7dnn__B1_H0QPL8,18,3,3,0,0.6135926628295336,90.0,True,0.8799886703491211
7dnn__A1_H0QPL9--7dnn__B1_H0QPL8,19,4,2,0,0.5999205311442081,89.9375,True,0.953187882900238
7dnn__A1_H0QPL9--7dnn__B1_H0QPL8,20,4,0,0,0.6462771678273126,89.625,True,0.8975891470909119
7drb__B1_A0A2I8B6R1--7drb__A1_Q30BZ2,1,1,1,0,0.4665993400184085,64.375,True,0.08646632730960846
7drb__B1_A0A2I8B6R1--7drb__A1_Q30BZ2,2,1,2,0,0.4216045237696944,43.1875,True,0.12546271085739136
7drb__B1_A0A2I8B6R1--7drb__A1_Q30BZ2,3,3,0,0,0.4603556796484374,42.03125,True,0.09270066767930984
7drb__B1_A0A2I8B6R1--7drb__A1_Q30BZ2,4,2,1,0,0.2042718135120044,41.0,False,0.10714903473854065
7drb__B1_A0A2I8B6R1--7drb__A1_Q30BZ2,5,3,2,0,0.3571497787909871,40.0,True,0.07332181185483932
7drb__B1_A0A2I8B6R1--7drb__A1_Q30BZ2,6,2,2,0,0.0725748108222914,39.21875,False,0.022044796496629715
7drb__B1_A0A2I8B6R1--7drb__A1_Q30BZ2,7,4,0,0,0.2619923705868783,39.09375,True,0.06040533632040024
7drb__B1_A0A2I8B6R1--7drb__A1_Q30BZ2,8,1,3,0,0.1072379594499817,38.96875,False,0.09212265908718109
7drb__B1_A0A2I8B6R1--7drb__A1_Q30BZ2,9,2,0,0,0.1538565675704482,38.875,False,0.04245714470744133
7drb__B1_A0A2I8B6R1--7drb__A1_Q30BZ2,10,1,0,0,0.1143627075605045,38.15625,False,0.05154254660010338
7drb__B1_A0A2I8B6R1--7drb__A1_Q30BZ2,11,4,1,0,0.0806742993178337,37.96875,False,0.046053797006607056
7drb__B1_A0A2I8B6R1--7drb__A1_Q30BZ2,12,2,3,0,0.0464331360600603,37.5625,False,0.021077480167150497
7drb__B1_A0A2I8B6R1--7drb__A1_Q30BZ2,13,4,2,0,0.0748521056229013,37.21875,False,0.06803390383720398
7drb__B1_A0A2I8B6R1--7drb__A1_Q30BZ2,14,5,2,0,0.0691746377885388,37.09375,False,0.029260827228426933
7drb__B1_A0A2I8B6R1--7drb__A1_Q30BZ2,15,4,3,0,0.084781280124316,37.0,False,0.05236070603132248
7drb__B1_A0A2I8B6R1--7drb__A1_Q30BZ2,16,3,1,0,0.1521707208342252,36.625,False,0.07298644632101059
7drb__B1_A0A2I8B6R1--7drb__A1_Q30BZ2,17,3,3,0,0.1585085110902958,36.5625,False,0.07061858475208282
7drb__B1_A0A2I8B6R1--7drb__A1_Q30BZ2,18,5,3,0,0.0959205045830423,36.46875,False,0.033362604677677155
7drb__B1_A0A2I8B6R1--7drb__A1_Q30BZ2,19,5,1,0,0.0559140998893801,36.25,False,0.02483629435300827
7drb__B1_A0A2I8B6R1--7drb__A1_Q30BZ2,20,5,0,0,0.1605643188202749,36.09375,False,0.07402870059013367
7dtl__A1_UNDEFINED--7dtl__B1_UNDEFINED,1,1,1,3,0.6478037064807456,82.0,True,1.1563242807710594e-08
7dtl__A1_UNDEFINED--7dtl__B1_UNDEFINED,2,1,0,3,0.5910409031499332,73.125,True,1.8841851689987976e-11
7dtl__A1_UNDEFINED--7dtl__B1_UNDEFINED,3,1,2,3,0.6199077530856206,72.3125,True,2.5746599296994077e-10
7dtl__A1_UNDEFINED--7dtl__B1_UNDEFINED,4,1,3,3,0.5820546799182725,65.3125,True,8.248856886439171e-08
7dtl__A1_UNDEFINED--7dtl__B1_UNDEFINED,5,2,2,3,0.5924458104215548,59.40625,True,0.8261655569076538
7dtl__A1_UNDEFINED--7dtl__B1_UNDEFINED,6,2,3,3,0.582838552506857,57.75,True,0.9513682723045349
7dtl__A1_UNDEFINED--7dtl__B1_UNDEFINED,7,4,1,3,0.1628530389212802,53.0625,False,0.5466720461845398
7dtl__A1_UNDEFINED--7dtl__B1_UNDEFINED,8,5,0,3,0.0192471649551907,42.78125,False,0.10526709258556366
7dtl__A1_UNDEFINED--7dtl__B1_UNDEFINED,9,2,0,3,0.1680500739434935,41.28125,False,0.6549292802810669
7dtl__A1_UNDEFINED--7dtl__B1_UNDEFINED,10,3,0,3,0.4183507902763272,40.84375,True,0.7755005359649658
7dtl__A1_UNDEFINED--7dtl__B1_UNDEFINED,11,3,1,3,0.4319833107660143,40.59375,True,0.4610128402709961
7dtl__A1_UNDEFINED--7dtl__B1_UNDEFINED,12,5,3,3,0.0193697825169239,40.5625,False,0.013621136546134949
7dtl__A1_UNDEFINED--7dtl__B1_UNDEFINED,13,3,3,3,0.448702055162834,39.53125,True,0.4623854458332062
7dtl__A1_UNDEFINED--7dtl__B1_UNDEFINED,14,2,1,3,0.1904931427563396,37.9375,False,0.6259050369262695
7dtl__A1_UNDEFINED--7dtl__B1_UNDEFINED,15,3,2,3,0.4321748156278547,37.9375,True,0.33721041679382324
7dtl__A1_UNDEFINED--7dtl__B1_UNDEFINED,16,5,2,3,0.019457129398685,36.34375,False,0.015762122347950935
7dtl__A1_UNDEFINED--7dtl__B1_UNDEFINED,17,4,2,3,0.1568053285596265,31.0625,False,0.3411000072956085
7dtl__A1_UNDEFINED--7dtl__B1_UNDEFINED,18,4,3,3,0.2166372832258414,29.609375,False,0.3655909299850464
7dtl__A1_UNDEFINED--7dtl__B1_UNDEFINED,19,5,1,3,0.0269211248815127,29.34375,False,0.017780274152755737
7dtl__A1_UNDEFINED--7dtl__B1_UNDEFINED,20,4,0,3,0.151927489070884,27.34375,False,0.7284882664680481
7e2m__A1_Q9P2K8--7e2m__B1_Q9P2K8,1,3,0,0,0.1007422373902674,51.3125,False,0.18199805915355682
7e2m__A1_Q9P2K8--7e2m__B1_Q9P2K8,2,3,1,0,0.1083001658425942,41.4375,False,0.21895171701908112
7e2m__A1_Q9P2K8--7e2m__B1_Q9P2K8,3,1,3,0,0.1394076545885787,38.09375,False,0.9030214548110962
7e2m__A1_Q9P2K8--7e2m__B1_Q9P2K8,4,5,3,0,0.1321479880997933,37.03125,False,0.06464499980211258
7e2m__A1_Q9P2K8--7e2m__B1_Q9P2K8,5,5,0,0,0.2531607358881104,36.4375,True,0.01706099882721901
7e2m__A1_Q9P2K8--7e2m__B1_Q9P2K8,6,1,0,0,0.104227767821422,36.25,False,0.5325174331665039
7e2m__A1_Q9P2K8--7e2m__B1_Q9P2K8,7,4,2,0,0.1824650111192808,35.6875,False,0.10126421600580215
7e2m__A1_Q9P2K8--7e2m__B1_Q9P2K8,8,3,2,0,0.1183988721365896,35.125,False,0.455856591463089
7e2m__A1_Q9P2K8--7e2m__B1_Q9P2K8,9,2,0,0,0.079037437727478,34.9375,False,0.1537415236234665
7e2m__A1_Q9P2K8--7e2m__B1_Q9P2K8,10,1,2,0,0.148641861008151,33.46875,False,0.9183403849601746
7e2m__A1_Q9P2K8--7e2m__B1_Q9P2K8,11,4,1,0,0.2143272798599761,33.40625,False,0.1773441731929779
7e2m__A1_Q9P2K8--7e2m__B1_Q9P2K8,12,1,1,0,0.1467076589727988,33.1875,False,0.8901645541191101
7e2m__A1_Q9P2K8--7e2m__B1_Q9P2K8,13,5,2,0,0.3219706040315601,33.125,True,0.02772338129580021
7e2m__A1_Q9P2K8--7e2m__B1_Q9P2K8,14,5,1,0,0.3104443736047408,32.59375,True,0.0267016738653183
7e2m__A1_Q9P2K8--7e2m__B1_Q9P2K8,15,4,3,0,0.241208699367146,31.515625,True,0.22870732843875885
7e2m__A1_Q9P2K8--7e2m__B1_Q9P2K8,16,4,0,0,0.0582534931849707,31.46875,False,0.08780195564031601
7e2m__A1_Q9P2K8--7e2m__B1_Q9P2K8,17,2,2,0,0.0978024719438843,31.046875,False,0.20972123742103577
7e2m__A1_Q9P2K8--7e2m__B1_Q9P2K8,18,3,3,0,0.1096252286385846,31.046875,False,0.2435304820537567
7e2m__A1_Q9P2K8--7e2m__B1_Q9P2K8,19,2,1,0,0.1194148809632866,30.8125,False,0.5253565311431885
7e2m__A1_Q9P2K8--7e2m__B1_Q9P2K8,20,2,3,0,0.1217520408172177,28.015625,False,0.20807267725467682
7e36__B1_A0A318JQQ2--7e36__A1_A0A318JWT9,1,4,1,4,0.8126730926514747,94.1875,True,0.8220539093017578
7e36__B1_A0A318JQQ2--7e36__A1_A0A318JWT9,2,4,3,4,0.8154764988709958,94.1875,True,0.8231319189071655
7e36__B1_A0A318JQQ2--7e36__A1_A0A318JWT9,3,4,0,4,0.8218199750332585,94.0625,True,0.8253152966499329
7e36__B1_A0A318JQQ2--7e36__A1_A0A318JWT9,4,4,2,4,0.8088754698949477,94.0625,True,0.8207600712776184
7e36__B1_A0A318JQQ2--7e36__A1_A0A318JWT9,5,3,3,4,0.8039023504373026,93.9375,True,0.8218319416046143
7e36__B1_A0A318JQQ2--7e36__A1_A0A318JWT9,6,1,1,4,0.8016237016841301,93.9375,True,0.8205640316009521
7e36__B1_A0A318JQQ2--7e36__A1_A0A318JWT9,7,1,2,4,0.8021869477315674,93.9375,True,0.820887565612793
7e36__B1_A0A318JQQ2--7e36__A1_A0A318JWT9,8,5,1,4,0.8026750834399139,93.875,True,0.8265947103500366
7e36__B1_A0A318JQQ2--7e36__A1_A0A318JWT9,9,2,0,4,0.7972922700990265,93.875,True,0.8146583437919617
7e36__B1_A0A318JQQ2--7e36__A1_A0A318JWT9,10,5,0,4,0.8076151028328847,93.875,True,0.8194433450698853
7e36__B1_A0A318JQQ2--7e36__A1_A0A318JWT9,11,2,1,4,0.7948899198681749,93.875,True,0.813939094543457
7e36__B1_A0A318JQQ2--7e36__A1_A0A318JWT9,12,1,0,4,0.8078119812183745,93.875,True,0.8203710913658142
7e36__B1_A0A318JQQ2--7e36__A1_A0A318JWT9,13,3,2,4,0.8106400008367322,93.875,True,0.8169786930084229
7e36__B1_A0A318JQQ2--7e36__A1_A0A318JWT9,14,3,1,4,0.8141078823586394,93.8125,True,0.8183876872062683
7e36__B1_A0A318JQQ2--7e36__A1_A0A318JWT9,15,2,2,4,0.797412707635378,93.8125,True,0.8096387386322021
7e36__B1_A0A318JQQ2--7e36__A1_A0A318JWT9,16,5,2,4,0.8044612075216008,93.8125,True,0.825093150138855
7e36__B1_A0A318JQQ2--7e36__A1_A0A318JWT9,17,1,3,4,0.7944730823505304,93.8125,True,0.8210152387619019
7e36__B1_A0A318JQQ2--7e36__A1_A0A318JWT9,18,3,0,4,0.8183481012158659,93.8125,True,0.8183876872062683
7e36__B1_A0A318JQQ2--7e36__A1_A0A318JWT9,19,5,3,4,0.8051869491227849,93.75,True,0.8251692056655884
7e36__B1_A0A318JQQ2--7e36__A1_A0A318JWT9,20,2,3,4,0.7940588101941959,93.6875,True,0.8176082372665405
7e5m__A1_P09758--7e5m__B2_P09758,1,3,3,0,0.0093173485121944,79.8125,False,0.9517272710800171
7e5m__A1_P09758--7e5m__B2_P09758,2,3,0,0,0.0093894380592316,78.8125,False,0.9382087588310242
7e5m__A1_P09758--7e5m__B2_P09758,3,4,0,0,0.0092768001797318,77.625,False,0.9331687092781067
7e5m__A1_P09758--7e5m__B2_P09758,4,1,0,0,0.0092535136085395,77.4375,False,0.9529440402984619
7e5m__A1_P09758--7e5m__B2_P09758,5,3,1,0,0.0093736206913674,77.4375,False,0.9396377205848694
7e5m__A1_P09758--7e5m__B2_P09758,6,2,3,0,0.0091205328398024,76.5,False,0.8803334832191467
7e5m__A1_P09758--7e5m__B2_P09758,7,4,3,0,0.0093425339890489,76.4375,False,0.92964106798172
7e5m__A1_P09758--7e5m__B2_P09758,8,3,2,0,0.0093391507081464,76.25,False,0.9488388299942017
7e5m__A1_P09758--7e5m__B2_P09758,9,2,0,0,0.0091893227324349,75.8125,False,0.9005038142204285
7e5m__A1_P09758--7e5m__B2_P09758,10,2,1,0,0.0091713508767315,75.75,False,0.9144247174263
7e5m__A1_P09758--7e5m__B2_P09758,11,5,3,0,0.009202509656828,75.75,False,0.8406691551208496
7e5m__A1_P09758--7e5m__B2_P09758,12,4,2,0,0.0093087617205309,74.9375,False,0.9435831308364868
7e5m__A1_P09758--7e5m__B2_P09758,13,4,1,0,0.0093443813828322,74.4375,False,0.9441081881523132
7e5m__A1_P09758--7e5m__B2_P09758,14,5,1,0,0.0092198013283402,73.75,False,0.8692312240600586
7e5m__A1_P09758--7e5m__B2_P09758,15,5,2,0,0.0092229986589678,73.5625,False,0.8721287846565247
7e5m__A1_P09758--7e5m__B2_P09758,16,1,2,0,0.0092153134520241,73.4375,False,0.9380283355712891
7e5m__A1_P09758--7e5m__B2_P09758,17,1,3,0,0.0092284566364269,73.4375,False,0.9314169883728027
7e5m__A1_P09758--7e5m__B2_P09758,18,1,1,0,0.009187538683677,73.1875,False,0.9064076542854309
7e5m__A1_P09758--7e5m__B2_P09758,19,2,2,0,0.0091248763120273,73.0,False,0.8925221562385559
7e5m__A1_P09758--7e5m__B2_P09758,20,5,0,0,0.0092316365343028,67.4375,False,0.8826581835746765
7f7j__B1_A0A5J6VLZ7--7f7j__A2_A0A5J6VLZ7,1,5,0,2,0.0052112650292727,58.4375,False,0.1299157589673996
7f7j__B1_A0A5J6VLZ7--7f7j__A2_A0A5J6VLZ7,2,3,1,2,0.0051401191750825,55.71875,False,0.5758634209632874
7f7j__B1_A0A5J6VLZ7--7f7j__A2_A0A5J6VLZ7,3,3,2,2,0.0051412685187652,54.5,False,0.805444061756134
7f7j__B1_A0A5J6VLZ7--7f7j__A2_A0A5J6VLZ7,4,3,0,2,0.0051122333245466,53.5625,False,0.058687999844551086
7f7j__B1_A0A5J6VLZ7--7f7j__A2_A0A5J6VLZ7,5,3,3,2,0.0051106764575458,53.34375,False,0.9696789383888245
7f7j__B1_A0A5J6VLZ7--7f7j__A2_A0A5J6VLZ7,6,2,0,2,0.0051681152505077,47.4375,False,0.13563284277915955
7f7j__B1_A0A5J6VLZ7--7f7j__A2_A0A5J6VLZ7,7,5,3,2,0.0050961050292192,47.34375,False,0.9507394433021545
7f7j__B1_A0A5J6VLZ7--7f7j__A2_A0A5J6VLZ7,8,5,2,2,0.0050612338141838,46.78125,False,0.9460597634315491
7f7j__B1_A0A5J6VLZ7--7f7j__A2_A0A5J6VLZ7,9,2,1,2,0.0051649314806753,46.03125,False,0.05077391117811203
7f7j__B1_A0A5J6VLZ7--7f7j__A2_A0A5J6VLZ7,10,2,3,2,0.0050774229940327,42.6875,False,0.28047409653663635
7f7j__B1_A0A5J6VLZ7--7f7j__A2_A0A5J6VLZ7,11,5,1,2,0.0050615693419193,41.1875,False,0.5701396465301514
7f7j__B1_A0A5J6VLZ7--7f7j__A2_A0A5J6VLZ7,12,2,2,2,0.0051323600387359,39.34375,False,0.3546668291091919
7f7j__B1_A0A5J6VLZ7--7f7j__A2_A0A5J6VLZ7,13,4,2,2,0.0051632924172384,36.84375,False,0.6168665885925293
7f7j__B1_A0A5J6VLZ7--7f7j__A2_A0A5J6VLZ7,14,1,2,2,0.0050932011163619,36.0,False,0.44425368309020996
7f7j__B1_A0A5J6VLZ7--7f7j__A2_A0A5J6VLZ7,15,4,3,2,0.0051948167827664,35.96875,False,0.5608701109886169
7f7j__B1_A0A5J6VLZ7--7f7j__A2_A0A5J6VLZ7,16,4,0,2,0.0052267273582177,35.6875,False,0.8702988624572754
7f7j__B1_A0A5J6VLZ7--7f7j__A2_A0A5J6VLZ7,17,4,1,2,0.0052140960149709,35.0625,False,0.8501672744750977
7f7j__B1_A0A5J6VLZ7--7f7j__A2_A0A5J6VLZ7,18,1,3,2,0.0051410908701499,33.3125,False,0.005039486102759838
7f7j__B1_A0A5J6VLZ7--7f7j__A2_A0A5J6VLZ7,19,1,0,2,0.0051434798304331,33.21875,False,0.011869428679347038
7f7j__B1_A0A5J6VLZ7--7f7j__A2_A0A5J6VLZ7,20,1,1,2,0.0051405790982122,32.34375,False,0.060183558613061905
7fds__B1_P9WK61--7fds__A1_P9WK61,1,1,0,4,0.055246824930071,84.1875,False,0.00119618303142488
7fds__B1_P9WK61--7fds__A1_P9WK61,2,1,2,4,0.0558186720975989,77.25,False,9.028115891851485e-05
7fds__B1_P9WK61--7fds__A1_P9WK61,3,2,2,4,0.0557396295966284,75.5,False,4.448940671863966e-05
7fds__B1_P9WK61--7fds__A1_P9WK61,4,2,1,4,0.0563761396425131,62.6875,False,0.01087416522204876
7fds__B1_P9WK61--7fds__A1_P9WK61,5,2,0,4,0.0552231989587694,57.1875,False,0.001037014415487647
7fds__B1_P9WK61--7fds__A1_P9WK61,6,5,2,4,0.0555533236007711,53.96875,False,0.01456016767770052
7fds__B1_P9WK61--7fds__A1_P9WK61,7,1,3,4,0.0568834307256269,49.875,False,0.00029926293063908815
7fds__B1_P9WK61--7fds__A1_P9WK61,8,5,1,4,0.0580099227532292,48.40625,False,0.06651978194713593
7fds__B1_P9WK61--7fds__A1_P9WK61,9,4,0,4,0.0596003773354144,46.6875,False,0.746564507484436
7fds__B1_P9WK61--7fds__A1_P9WK61,10,2,3,4,0.0502035286026347,45.375,False,0.00044387573143467307
7fds__B1_P9WK61--7fds__A1_P9WK61,11,4,3,4,0.058754620211291,44.96875,False,0.5526912808418274
7fds__B1_P9WK61--7fds__A1_P9WK61,12,4,1,4,0.251629097610996,41.9375,True,0.03780803084373474
7fds__B1_P9WK61--7fds__A1_P9WK61,13,1,1,4,0.055748193174657,40.5625,False,0.803447425365448
7fds__B1_P9WK61--7fds__A1_P9WK61,14,5,3,4,0.0510118369072537,39.8125,False,0.059135232120752335
7fds__B1_P9WK61--7fds__A1_P9WK61,15,3,2,4,0.0627129387101036,33.15625,False,0.006692701950669289
7fds__B1_P9WK61--7fds__A1_P9WK61,16,4,2,4,0.0533151360298275,31.25,False,0.19985529780387878
7fds__B1_P9WK61--7fds__A1_P9WK61,17,3,3,4,0.0617231795416474,30.8125,False,0.03375022113323212
7fds__B1_P9WK61--7fds__A1_P9WK61,18,3,1,4,0.0676522879429019,30.5625,False,0.021695293486118317
7fds__B1_P9WK61--7fds__A1_P9WK61,19,3,0,4,0.0612494374581853,30.359375,False,0.01217878982424736
7fds__B1_P9WK61--7fds__A1_P9WK61,20,5,0,4,0.0505403732082489,29.078125,False,0.611560583114624
7jre__A1_Q68T42--7jre__B1_Q68T42,1,2,2,1,0.9031052526381274,71.625,True,0.04561036825180054
7jre__A1_Q68T42--7jre__B1_Q68T42,2,2,1,1,0.3110265198227065,22.8125,True,0.05318141356110573
7jre__A1_Q68T42--7jre__B1_Q68T42,3,4,1,1,0.0207308044350918,21.875,False,0.4996279776096344
7jre__A1_Q68T42--7jre__B1_Q68T42,4,5,0,1,0.0761141365365087,20.078125,False,0.04351469501852989
7jre__A1_Q68T42--7jre__B1_Q68T42,5,5,3,1,0.0142040840600246,20.0625,False,0.06445677578449249
7jre__A1_Q68T42--7jre__B1_Q68T42,6,4,3,1,0.0188338060120775,19.703125,False,0.08910324424505234
7jre__A1_Q68T42--7jre__B1_Q68T42,7,3,2,1,0.0417888344380994,19.6875,False,0.1867799460887909
7jre__A1_Q68T42--7jre__B1_Q68T42,8,4,2,1,0.0218080994102884,19.328125,False,0.5358355641365051
7jre__A1_Q68T42--7jre__B1_Q68T42,9,1,1,1,0.6485796717851177,19.109375,True,0.11486977338790894
7jre__A1_Q68T42--7jre__B1_Q68T42,10,1,0,1,0.5234626714143468,19.0,True,0.08129726350307465
7jre__A1_Q68T42--7jre__B1_Q68T42,11,5,2,1,0.0136655568538318,18.78125,False,0.0642731636762619
7jre__A1_Q68T42--7jre__B1_Q68T42,12,3,3,1,0.0279073834607442,18.59375,False,0.4997548460960388
7jre__A1_Q68T42--7jre__B1_Q68T42,13,1,3,1,0.3332037375212033,17.6875,True,0.06881286203861237
7jre__A1_Q68T42--7jre__B1_Q68T42,14,4,0,1,0.0263435824053222,17.359375,False,0.07709340751171112
7jre__A1_Q68T42--7jre__B1_Q68T42,15,1,2,1,0.0279708378749555,17.1875,False,0.13123314082622528
7jre__A1_Q68T42--7jre__B1_Q68T42,16,2,0,1,0.0292386766472106,17.1875,False,0.07209410518407822
7jre__A1_Q68T42--7jre__B1_Q68T42,17,5,1,1,0.0209274381511115,16.875,False,0.056478049606084824
7jre__A1_Q68T42--7jre__B1_Q68T42,18,2,3,1,0.02663063137171,16.6875,False,0.5174891352653503
7jre__A1_Q68T42--7jre__B1_Q68T42,19,3,1,1,0.0140874833066607,16.65625,False,0.09079792350530624
7jre__A1_Q68T42--7jre__B1_Q68T42,20,3,0,1,0.0217328877792648,15.859375,False,0.08519987761974335
7k5n__A1_A0A3S5WQC2--7k5n__A2_A0A3S5WQC2,1,4,1,3,0.0177188446215014,81.9375,False,0.007960676215589046
7k5n__A1_A0A3S5WQC2--7k5n__A2_A0A3S5WQC2,2,5,1,3,0.0179761261142041,81.625,False,5.3727311751572415e-05
7k5n__A1_A0A3S5WQC2--7k5n__A2_A0A3S5WQC2,3,5,0,3,0.017992632677797,81.5625,False,0.00015826590242795646
7k5n__A1_A0A3S5WQC2--7k5n__A2_A0A3S5WQC2,4,3,1,3,0.0180099425204762,81.1875,False,2.2132842047994927e-07
7k5n__A1_A0A3S5WQC2--7k5n__A2_A0A3S5WQC2,5,4,2,3,0.0177235566397408,81.0,False,0.0061399019323289394
7k5n__A1_A0A3S5WQC2--7k5n__A2_A0A3S5WQC2,6,5,3,3,0.0179988820180974,80.75,False,5.2511673857225105e-05
7k5n__A1_A0A3S5WQC2--7k5n__A2_A0A3S5WQC2,7,4,0,3,0.0177452586085509,80.0,False,0.033971067517995834
7k5n__A1_A0A3S5WQC2--7k5n__A2_A0A3S5WQC2,8,5,2,3,0.0180771641433846,76.5,False,5.66752532904502e-05
7k5n__A1_A0A3S5WQC2--7k5n__A2_A0A3S5WQC2,9,2,0,3,0.0177360232221102,75.6875,False,9.110318205785006e-05
7k5n__A1_A0A3S5WQC2--7k5n__A2_A0A3S5WQC2,10,2,3,3,0.01778676703304,73.375,False,0.00017569964984431863
7k5n__A1_A0A3S5WQC2--7k5n__A2_A0A3S5WQC2,11,3,0,3,0.0180259385298586,73.25,False,4.8334996449739265e-08
7k5n__A1_A0A3S5WQC2--7k5n__A2_A0A3S5WQC2,12,2,1,3,0.0177589123331965,71.8125,False,0.00011462342081358656
7k5n__A1_A0A3S5WQC2--7k5n__A2_A0A3S5WQC2,13,4,3,3,0.0177369565663859,71.1875,False,0.021918214857578278
7k5n__A1_A0A3S5WQC2--7k5n__A2_A0A3S5WQC2,14,2,2,3,0.0177074827178597,70.25,False,5.775862518930808e-05
7k5n__A1_A0A3S5WQC2--7k5n__A2_A0A3S5WQC2,15,3,2,3,0.018145124323558,66.9375,False,1.794460802173603e-09
7k5n__A1_A0A3S5WQC2--7k5n__A2_A0A3S5WQC2,16,1,2,3,0.0292749661711967,22.65625,False,0.062124818563461304
7k5n__A1_A0A3S5WQC2--7k5n__A2_A0A3S5WQC2,17,1,0,3,0.078775582034179,20.875,False,0.054519593715667725
7k5n__A1_A0A3S5WQC2--7k5n__A2_A0A3S5WQC2,18,3,3,3,0.0218801934267227,20.859375,False,0.055182911455631256
7k5n__A1_A0A3S5WQC2--7k5n__A2_A0A3S5WQC2,19,1,3,3,0.0693182975892837,20.75,False,0.09265508502721786
7k5n__A1_A0A3S5WQC2--7k5n__A2_A0A3S5WQC2,20,1,1,3,0.0614215685445406,20.046875,False,0.08103011548519135
7mku__A1_Q8VYI3--7mku__B1_Q8VYI3,1,2,3,1,0.0062255883238701,92.3125,False,0.8538649082183838
7mku__A1_Q8VYI3--7mku__B1_Q8VYI3,2,1,3,1,0.0060884480278836,92.25,False,0.869382917881012
7mku__A1_Q8VYI3--7mku__B1_Q8VYI3,3,5,1,1,0.0060865202180055,92.1875,False,0.7971509695053101
7mku__A1_Q8VYI3--7mku__B1_Q8VYI3,4,5,0,1,0.006083389711964,92.1875,False,0.8198317885398865
7mku__A1_Q8VYI3--7mku__B1_Q8VYI3,5,3,1,1,0.0061709151623656,92.125,False,0.8714172840118408
7mku__A1_Q8VYI3--7mku__B1_Q8VYI3,6,2,2,1,0.0062230438200015,92.125,False,0.8431271314620972
7mku__A1_Q8VYI3--7mku__B1_Q8VYI3,7,1,2,1,0.0060849294808947,92.0,False,0.869382917881012
7mku__A1_Q8VYI3--7mku__B1_Q8VYI3,8,2,0,1,0.0062498944542119,91.75,False,0.8510941863059998
7mku__A1_Q8VYI3--7mku__B1_Q8VYI3,9,3,2,1,0.0062006615123013,91.375,False,0.8866719007492065
7mku__A1_Q8VYI3--7mku__B1_Q8VYI3,10,1,1,1,0.0061363910492102,91.1875,False,0.8047120571136475
7mku__A1_Q8VYI3--7mku__B1_Q8VYI3,11,3,3,1,0.0061330481238888,91.0625,False,0.8866719007492065
7mku__A1_Q8VYI3--7mku__B1_Q8VYI3,12,3,0,1,0.0061732006123744,91.0625,False,0.8283037543296814
7mku__A1_Q8VYI3--7mku__B1_Q8VYI3,13,5,3,1,0.0061064754989464,90.9375,False,0.8637675642967224
7mku__A1_Q8VYI3--7mku__B1_Q8VYI3,14,4,1,1,0.0060785693254068,90.8125,False,0.8587921857833862
7mku__A1_Q8VYI3--7mku__B1_Q8VYI3,15,5,2,1,0.0061441017019353,90.8125,False,0.807152509689331
7mku__A1_Q8VYI3--7mku__B1_Q8VYI3,16,4,0,1,0.0060248904111131,90.625,False,0.8587921857833862
7mku__A1_Q8VYI3--7mku__B1_Q8VYI3,17,1,0,1,0.0061363704932672,90.625,False,0.8759298920631409
7mku__A1_Q8VYI3--7mku__B1_Q8VYI3,18,2,1,1,0.0061392775659826,90.5625,False,0.8592548966407776
7mku__A1_Q8VYI3--7mku__B1_Q8VYI3,19,4,2,1,0.0060228670003411,90.5625,False,0.8789801001548767
7mku__A1_Q8VYI3--7mku__B1_Q8VYI3,20,4,3,1,0.0060317271447751,90.3125,False,0.8793098330497742
7mnr__A1_P62826--7mnr__B1_P49792,1,5,1,2,0.6078517666639414,85.0625,True,0.9664721488952637
7mnr__A1_P62826--7mnr__B1_P49792,2,1,3,2,0.6584935451485867,84.5625,True,0.9015032649040222
7mnr__A1_P62826--7mnr__B1_P49792,3,4,0,2,0.6843374580122977,84.5625,True,0.9636980295181274
7mnr__A1_P62826--7mnr__B1_P49792,4,4,2,2,0.6858627088946644,84.5625,True,0.9745267033576965
7mnr__A1_P62826--7mnr__B1_P49792,5,5,3,2,0.6193171900590674,84.5,True,0.8408883213996887
7mnr__A1_P62826--7mnr__B1_P49792,6,5,2,2,0.6295120363495782,84.0625,True,0.9578452110290527
7mnr__A1_P62826--7mnr__B1_P49792,7,3,2,2,0.6906324871632495,84.0,True,0.9766115546226501
7mnr__A1_P62826--7mnr__B1_P49792,8,5,0,2,0.6748742166402003,84.0,True,0.9222558736801147
7mnr__A1_P62826--7mnr__B1_P49792,9,1,2,2,0.6571936460746008,83.9375,True,0.8971089124679565
7mnr__A1_P62826--7mnr__B1_P49792,10,1,1,2,0.6687283677310111,83.875,True,0.9084070920944214
7mnr__A1_P62826--7mnr__B1_P49792,11,1,0,2,0.6337339634871086,83.8125,True,0.9141630530357361
7mnr__A1_P62826--7mnr__B1_P49792,12,3,0,2,0.6864673265873794,83.6875,True,0.9774468541145325
7mnr__A1_P62826--7mnr__B1_P49792,13,4,3,2,0.6911145006226986,83.625,True,0.973548412322998
7mnr__A1_P62826--7mnr__B1_P49792,14,3,3,2,0.6392712020175383,83.3125,True,0.9677550196647644
7mnr__A1_P62826--7mnr__B1_P49792,15,4,1,2,0.6839557359269977,83.125,True,0.969554603099823
7mnr__A1_P62826--7mnr__B1_P49792,16,3,1,2,0.5996931737544867,82.875,True,0.9489730596542358
7mnr__A1_P62826--7mnr__B1_P49792,17,2,3,2,0.5795351549163458,82.0625,True,0.9364722967147827
7mnr__A1_P62826--7mnr__B1_P49792,18,2,2,2,0.5688557791385442,81.625,True,0.9373722672462463
7mnr__A1_P62826--7mnr__B1_P49792,19,2,0,2,0.6318754244596536,81.25,True,0.9204444885253906
7mnr__A1_P62826--7mnr__B1_P49792,20,2,1,2,0.6546514982245045,80.875,True,0.9229888319969177
7o8c__A1_A7LY27--7o8c__B1_A7LY27,1,5,2,1,0.0540034855418293,51.03125,False,0.5046207308769226
7o8c__A1_A7LY27--7o8c__B1_A7LY27,2,5,3,1,0.0404725259252513,38.40625,False,0.9831059575080872
7o8c__A1_A7LY27--7o8c__B1_A7LY27,3,2,1,1,0.0292617902387424,37.90625,False,0.16769807040691376
7o8c__A1_A7LY27--7o8c__B1_A7LY27,4,1,2,1,0.048204877270117,37.28125,False,0.05393723398447037
7o8c__A1_A7LY27--7o8c__B1_A7LY27,5,3,1,1,0.0479446022684873,35.84375,False,0.7999150156974792
7o8c__A1_A7LY27--7o8c__B1_A7LY27,6,2,0,1,0.0440146210970922,34.25,False,0.5265078544616699
7o8c__A1_A7LY27--7o8c__B1_A7LY27,7,4,1,1,0.0113645900673288,32.125,False,0.04772517830133438
7o8c__A1_A7LY27--7o8c__B1_A7LY27,8,5,1,1,0.0695107045153333,30.21875,False,0.19324545562267303
7o8c__A1_A7LY27--7o8c__B1_A7LY27,9,1,3,1,0.0445164594692364,30.140625,False,0.04534148424863815
7o8c__A1_A7LY27--7o8c__B1_A7LY27,10,5,0,1,0.0410915485539972,30.0,False,0.2780572474002838
7o8c__A1_A7LY27--7o8c__B1_A7LY27,11,3,0,1,0.0405917608320754,29.96875,False,0.6020578742027283
7o8c__A1_A7LY27--7o8c__B1_A7LY27,12,2,3,1,0.0309202249595643,29.890625,False,0.17302393913269043
7o8c__A1_A7LY27--7o8c__B1_A7LY27,13,3,3,1,0.1099970364348188,27.296875,False,0.26953965425491333
7o8c__A1_A7LY27--7o8c__B1_A7LY27,14,4,0,1,0.0310296943533391,27.140625,False,0.20339448750019073
7o8c__A1_A7LY27--7o8c__B1_A7LY27,15,1,1,1,0.0162077284525216,27.03125,False,0.05874420702457428
7o8c__A1_A7LY27--7o8c__B1_A7LY27,16,4,3,1,0.0934356980246605,26.5,False,0.08825273811817169
7o8c__A1_A7LY27--7o8c__B1_A7LY27,17,2,2,1,0.0209690058874907,25.859375,False,0.03340638801455498
7o8c__A1_A7LY27--7o8c__B1_A7LY27,18,3,2,1,0.0448312900086593,25.421875,False,0.0955432653427124
7o8c__A1_A7LY27--7o8c__B1_A7LY27,19,1,0,1,0.0161260823197866,24.625,False,0.054380521178245544
7o8c__A1_A7LY27--7o8c__B1_A7LY27,20,4,2,1,0.0430981155120633,24.15625,False,0.11624632030725479
7ouv__A1_Q14315--7ouv__B1_Q14315,1,2,1,2,0.0191153107520002,21.46875,False,0.01827884092926979
7ouv__A1_Q14315--7ouv__B1_Q14315,2,1,3,2,0.2070225229159929,21.25,False,0.04853159561753273
7ouv__A1_Q14315--7ouv__B1_Q14315,3,1,0,2,0.1212681908187166,21.046875,False,0.14923514425754547
7ouv__A1_Q14315--7ouv__B1_Q14315,4,2,3,2,0.0191190350604017,20.78125,False,0.01778337173163891
7ouv__A1_Q14315--7ouv__B1_Q14315,5,2,2,2,0.0208217425356218,20.140625,False,0.047523133456707
7ouv__A1_Q14315--7ouv__B1_Q14315,6,2,0,2,0.0205990850846765,19.953125,False,0.024926969781517982
7ouv__A1_Q14315--7ouv__B1_Q14315,7,1,2,2,0.0859831934448662,19.921875,False,0.11124920099973679
7ouv__A1_Q14315--7ouv__B1_Q14315,8,1,1,2,0.0728754776104218,19.734375,False,0.09370549023151398
7ouv__A1_Q14315--7ouv__B1_Q14315,9,4,0,2,0.2720846678672063,19.59375,True,0.04002819582819939
7ouv__A1_Q14315--7ouv__B1_Q14315,10,4,1,2,0.2566102390061667,19.359375,True,0.04417110234498978
7ouv__A1_Q14315--7ouv__B1_Q14315,11,4,3,2,0.3080477672624738,19.125,True,0.11219017207622528
7ouv__A1_Q14315--7ouv__B1_Q14315,12,4,2,2,0.1801101106854476,18.765625,False,0.03146493807435036
7ouv__A1_Q14315--7ouv__B1_Q14315,13,3,1,2,0.053778188463112,18.125,False,0.05545768886804581
7ouv__A1_Q14315--7ouv__B1_Q14315,14,5,3,2,0.0194935061247002,18.0625,False,0.01009449828416109
7ouv__A1_Q14315--7ouv__B1_Q14315,15,3,2,2,0.1130044974363849,17.578125,False,0.11697369068861008
7ouv__A1_Q14315--7ouv__B1_Q14315,16,5,0,2,0.1392151022843245,17.40625,False,0.01853981614112854
7ouv__A1_Q14315--7ouv__B1_Q14315,17,5,2,2,0.0208770064743992,17.40625,False,0.013309439644217491
7ouv__A1_Q14315--7ouv__B1_Q14315,18,3,3,2,0.1233173949699993,17.359375,False,0.07077614963054657
7ouv__A1_Q14315--7ouv__B1_Q14315,19,3,0,2,0.1135488511457969,17.234375,False,0.061861444264650345
7ouv__A1_Q14315--7ouv__B1_Q14315,20,5,1,2,0.1227073078330944,16.796875,False,0.01624353416264057
7ovp__A1_O58230--7ovp__B1_O58230,1,5,0,3,0.3075575556813466,59.375,True,0.9669069051742554
7ovp__A1_O58230--7ovp__B1_O58230,2,3,2,3,0.3044832518405496,59.1875,True,0.9917834997177124
7ovp__A1_O58230--7ovp__B1_O58230,3,1,3,3,0.3052520932574913,53.125,True,0.02240724302828312
7ovp__A1_O58230--7ovp__B1_O58230,4,3,1,3,0.2735855526744448,42.15625,True,0.9980231523513794
7ovp__A1_O58230--7ovp__B1_O58230,5,4,1,3,0.2795324161740489,38.125,True,0.9879323840141296
7ovp__A1_O58230--7ovp__B1_O58230,6,3,3,3,0.2672448166196453,36.78125,True,0.5625163316726685
7ovp__A1_O58230--7ovp__B1_O58230,7,5,2,3,0.2669265171108215,33.28125,True,0.8447299003601074
7ovp__A1_O58230--7ovp__B1_O58230,8,2,1,3,0.2790521196318361,33.15625,True,0.4306248426437378
7ovp__A1_O58230--7ovp__B1_O58230,9,4,2,3,0.2745506280362999,31.765625,True,0.9034609794616699
7ovp__A1_O58230--7ovp__B1_O58230,10,4,3,3,0.2777730220366719,31.453125,True,0.10394516587257385
7ovp__A1_O58230--7ovp__B1_O58230,11,4,0,3,0.2807392084973234,31.359375,True,0.5087535977363586
7ovp__A1_O58230--7ovp__B1_O58230,12,3,0,3,0.2610307013402715,30.859375,True,0.5326425433158875
7ovp__A1_O58230--7ovp__B1_O58230,13,5,3,3,0.264600986672803,30.84375,True,0.7381067276000977
7ovp__A1_O58230--7ovp__B1_O58230,14,2,3,3,0.2703448485389998,30.71875,True,0.31258082389831543
7ovp__A1_O58230--7ovp__B1_O58230,15,2,0,3,0.2812079674192612,30.265625,True,0.5621894001960754
7ovp__A1_O58230--7ovp__B1_O58230,16,1,2,3,0.2789248276216593,30.1875,True,0.393307626247406
7ovp__A1_O58230--7ovp__B1_O58230,17,2,2,3,0.275713538394264,29.828125,True,0.27819928526878357
7ovp__A1_O58230--7ovp__B1_O58230,18,1,1,3,0.2752343416296951,29.125,True,0.7102832198143005
7ovp__A1_O58230--7ovp__B1_O58230,19,5,1,3,0.2750335426193626,28.84375,True,0.17840318381786346
7ovp__A1_O58230--7ovp__B1_O58230,20,1,0,3,0.3027415384873273,27.25,True,0.7515948414802551
7oxl__A1_Q9NWM0--7oxl__A2_Q9NWM0,1,3,3,1,0.0035450710704804,72.5,False,1.0
7oxl__A1_Q9NWM0--7oxl__A2_Q9NWM0,2,5,1,1,0.0035734469096416,70.6875,False,0.999832272529602
7oxl__A1_Q9NWM0--7oxl__A2_Q9NWM0,3,4,3,1,0.0034166515432463,68.25,False,0.9997616410255432
7oxl__A1_Q9NWM0--7oxl__A2_Q9NWM0,4,5,2,1,0.0035912244858738,68.125,False,0.9997779726982117
7oxl__A1_Q9NWM0--7oxl__A2_Q9NWM0,5,4,1,1,0.0034282095340726,67.75,False,1.0
7oxl__A1_Q9NWM0--7oxl__A2_Q9NWM0,6,3,1,1,0.0036545389548142,67.25,False,0.974204957485199
7oxl__A1_Q9NWM0--7oxl__A2_Q9NWM0,7,4,0,1,0.0034593818981449,66.75,False,0.9999998807907104
7oxl__A1_Q9NWM0--7oxl__A2_Q9NWM0,8,3,2,1,0.004043994935196,64.9375,False,0.04772517830133438
7oxl__A1_Q9NWM0--7oxl__A2_Q9NWM0,9,5,0,1,0.0036510793810526,63.90625,False,0.9999998807907104
7oxl__A1_Q9NWM0--7oxl__A2_Q9NWM0,10,4,2,1,0.0034312604522205,61.40625,False,0.9840289950370789
7oxl__A1_Q9NWM0--7oxl__A2_Q9NWM0,11,5,3,1,0.0036503893672404,59.875,False,0.9999903440475464
7oxl__A1_Q9NWM0--7oxl__A2_Q9NWM0,12,3,0,1,0.0035256352162754,52.21875,False,0.9145002365112305
7oxl__A1_Q9NWM0--7oxl__A2_Q9NWM0,13,2,2,1,0.0034071545251158,42.9375,False,0.9890375733375549
7oxl__A1_Q9NWM0--7oxl__A2_Q9NWM0,14,2,3,1,0.0034462035231669,41.59375,False,0.995296061038971
7oxl__A1_Q9NWM0--7oxl__A2_Q9NWM0,15,2,0,1,0.0033999277228105,40.21875,False,0.9313879609107971
7oxl__A1_Q9NWM0--7oxl__A2_Q9NWM0,16,1,0,1,0.0033013985904612,37.59375,False,0.5154232382774353
7oxl__A1_Q9NWM0--7oxl__A2_Q9NWM0,17,1,2,1,0.0032879193553378,32.25,False,0.17263145744800568
7oxl__A1_Q9NWM0--7oxl__A2_Q9NWM0,18,1,3,1,0.0032022816710276,27.328125,False,0.23566439747810364
7oxl__A1_Q9NWM0--7oxl__A2_Q9NWM0,19,1,1,1,0.0032052088078836,26.59375,False,0.21347983181476593
7oxl__A1_Q9NWM0--7oxl__A2_Q9NWM0,20,2,1,1,0.0033001814649286,26.40625,False,0.05812858045101166
7ped__A1_Q8TB45--7ped__B1_Q8TB45,1,4,1,3,0.2929944938318023,62.3125,True,8.181734301615506e-06
7ped__A1_Q8TB45--7ped__B1_Q8TB45,2,4,3,3,0.2893820383815332,59.90625,True,4.827580050914548e-05
7ped__A1_Q8TB45--7ped__B1_Q8TB45,3,4,0,3,0.2930805679501881,58.9375,True,0.00010682876745704561
7ped__A1_Q8TB45--7ped__B1_Q8TB45,4,4,2,3,0.293204085622227,58.6875,True,4.188045932096429e-05
7ped__A1_Q8TB45--7ped__B1_Q8TB45,5,1,1,3,0.3013740886761257,46.46875,True,0.9999963045120239
7ped__A1_Q8TB45--7ped__B1_Q8TB45,6,1,3,3,0.3012471533045647,43.78125,True,0.9999886751174927
7ped__A1_Q8TB45--7ped__B1_Q8TB45,7,1,2,3,0.3081640701770775,43.28125,True,0.9999634027481079
7ped__A1_Q8TB45--7ped__B1_Q8TB45,8,2,1,3,0.0065896333289918,42.5,False,0.7437993884086609
7ped__A1_Q8TB45--7ped__B1_Q8TB45,9,2,0,3,0.0066294375703231,40.125,False,0.6012066006660461
7ped__A1_Q8TB45--7ped__B1_Q8TB45,10,2,3,3,0.006656939046495,39.78125,False,0.590119481086731
7ped__A1_Q8TB45--7ped__B1_Q8TB45,11,2,2,3,0.0066389885489001,39.0625,False,0.7004338502883911
7ped__A1_Q8TB45--7ped__B1_Q8TB45,12,3,3,3,0.0065007102212435,25.734375,False,0.17110615968704224
7ped__A1_Q8TB45--7ped__B1_Q8TB45,13,1,0,3,0.0767586092699948,21.96875,False,0.057389240711927414
7ped__A1_Q8TB45--7ped__B1_Q8TB45,14,5,3,3,0.0194112408971331,20.203125,False,0.04857269674539566
7ped__A1_Q8TB45--7ped__B1_Q8TB45,15,5,2,3,0.0209140683992056,19.78125,False,0.016063665971159935
7ped__A1_Q8TB45--7ped__B1_Q8TB45,16,3,0,3,0.0153194307295942,19.6875,False,0.06816224008798599
7ped__A1_Q8TB45--7ped__B1_Q8TB45,17,5,0,3,0.0206162100619905,19.625,False,0.030392084270715714
7ped__A1_Q8TB45--7ped__B1_Q8TB45,18,5,1,3,0.0196048745918808,19.34375,False,0.02867134101688862
7ped__A1_Q8TB45--7ped__B1_Q8TB45,19,3,2,3,0.0150246413859026,19.234375,False,0.0650850236415863
7ped__A1_Q8TB45--7ped__B1_Q8TB45,20,3,1,3,0.0148447129775539,18.578125,False,0.04427831619977951
7ppp__A1_A0A5F9DAT3--7ppp__B1_A0A5F9DAT3,1,5,3,4,0.8560163310144387,79.9375,True,0.8386808037757874
7ppp__A1_A0A5F9DAT3--7ppp__B1_A0A5F9DAT3,2,4,2,4,0.8378759473083051,78.375,True,0.8338117599487305
7ppp__A1_A0A5F9DAT3--7ppp__B1_A0A5F9DAT3,3,4,3,4,0.8906010752633353,77.4375,True,0.8285548090934753
7ppp__A1_A0A5F9DAT3--7ppp__B1_A0A5F9DAT3,4,4,1,4,0.8877789588421662,77.1875,True,0.8826050758361816
7ppp__A1_A0A5F9DAT3--7ppp__B1_A0A5F9DAT3,5,5,2,4,0.893035236351751,77.125,True,0.8408765196800232
7ppp__A1_A0A5F9DAT3--7ppp__B1_A0A5F9DAT3,6,5,0,4,0.8552652316013868,76.8125,True,0.8435304164886475
7ppp__A1_A0A5F9DAT3--7ppp__B1_A0A5F9DAT3,7,4,0,4,0.8487674252072045,76.375,True,0.8315407633781433
7ppp__A1_A0A5F9DAT3--7ppp__B1_A0A5F9DAT3,8,5,1,4,0.8418850278743641,72.8125,True,0.8309720754623413
7ppp__A1_A0A5F9DAT3--7ppp__B1_A0A5F9DAT3,9,1,0,4,0.868548886173905,65.0,True,0.8356115221977234
7ppp__A1_A0A5F9DAT3--7ppp__B1_A0A5F9DAT3,10,1,3,4,0.8585478205287135,62.0,True,0.8628893494606018
7ppp__A1_A0A5F9DAT3--7ppp__B1_A0A5F9DAT3,11,1,2,4,0.8514493085700966,59.21875,True,0.8319293856620789
7ppp__A1_A0A5F9DAT3--7ppp__B1_A0A5F9DAT3,12,1,1,4,0.8592629786868592,57.28125,True,0.8359330296516418
7ppp__A1_A0A5F9DAT3--7ppp__B1_A0A5F9DAT3,13,2,1,4,0.8272335070446079,49.90625,True,0.8113941550254822
7ppp__A1_A0A5F9DAT3--7ppp__B1_A0A5F9DAT3,14,3,0,4,0.8358605041870611,48.03125,True,0.8206513524055481
7ppp__A1_A0A5F9DAT3--7ppp__B1_A0A5F9DAT3,15,3,2,4,0.8389639330912629,38.28125,True,0.8254051208496094
7ppp__A1_A0A5F9DAT3--7ppp__B1_A0A5F9DAT3,16,3,3,4,0.8425107649381239,38.1875,True,0.8328094482421875
7ppp__A1_A0A5F9DAT3--7ppp__B1_A0A5F9DAT3,17,2,0,4,0.8493503890752162,33.96875,True,0.8129111528396606
7ppp__A1_A0A5F9DAT3--7ppp__B1_A0A5F9DAT3,18,3,1,4,0.837346131651346,32.65625,True,0.8223351240158081
7ppp__A1_A0A5F9DAT3--7ppp__B1_A0A5F9DAT3,19,2,2,4,0.8316247914288452,28.265625,True,0.8070948123931885
7ppp__A1_A0A5F9DAT3--7ppp__B1_A0A5F9DAT3,20,2,3,4,0.8365429002802239,24.53125,True,0.8076112270355225
7pq0__B1_P60842--7pq0__A1_Q63UP7,1,4,3,1,0.0235893512786936,78.6875,False,0.20377479493618011
7pq0__B1_P60842--7pq0__A1_Q63UP7,2,2,3,1,0.1602276785851752,77.8125,False,0.05593670904636383
7pq0__B1_P60842--7pq0__A1_Q63UP7,3,2,1,1,0.025307538554332,75.625,False,0.05923048406839371
7pq0__B1_P60842--7pq0__A1_Q63UP7,4,2,0,1,0.0277266800255143,72.125,False,0.09623482823371887
7pq0__B1_P60842--7pq0__A1_Q63UP7,5,3,2,1,0.0274085995186579,55.75,False,0.2629958689212799
7pq0__B1_P60842--7pq0__A1_Q63UP7,6,1,1,1,0.009659754515576,48.21875,False,0.10462816804647446
7pq0__B1_P60842--7pq0__A1_Q63UP7,7,1,0,1,0.0093856099359964,40.65625,False,0.06681805104017258
7pq0__B1_P60842--7pq0__A1_Q63UP7,8,3,0,1,0.0228647051268332,38.09375,False,0.13658224046230316
7pq0__B1_P60842--7pq0__A1_Q63UP7,9,1,2,1,0.0111648947843361,31.4375,False,0.09200750291347504
7pq0__B1_P60842--7pq0__A1_Q63UP7,10,1,3,1,0.0113028309926829,30.25,False,0.08001752942800522
7pq0__B1_P60842--7pq0__A1_Q63UP7,11,3,3,1,0.0241519170275401,28.046875,False,0.05845480039715767
7pq0__B1_P60842--7pq0__A1_Q63UP7,12,4,0,1,0.0235222595999901,25.875,False,0.1407546103000641
7pq0__B1_P60842--7pq0__A1_Q63UP7,13,2,2,1,0.027421442119892,25.328125,False,0.08663532882928848
7pq0__B1_P60842--7pq0__A1_Q63UP7,14,5,2,1,0.0157831419815819,24.90625,False,0.11720986664295197
7pq0__B1_P60842--7pq0__A1_Q63UP7,15,4,1,1,0.0097383147090045,24.109375,False,0.08348662406206131
7pq0__B1_P60842--7pq0__A1_Q63UP7,16,5,1,1,0.0124707382394477,22.734375,False,0.09077104181051254
7pq0__B1_P60842--7pq0__A1_Q63UP7,17,5,3,1,0.0165320255650772,22.5625,False,0.08522336184978485
7pq0__B1_P60842--7pq0__A1_Q63UP7,18,5,0,1,0.0288325784503696,22.03125,False,0.05970031023025513
7pq0__B1_P60842--7pq0__A1_Q63UP7,19,4,2,1,0.0337114246167144,21.125,False,0.06983104348182678
7pq0__B1_P60842--7pq0__A1_Q63UP7,20,3,1,1,0.0249339086392576,20.5,False,0.1050167977809906
7r79__B1_F0UVX7--7r79__A1_F0UVX7,1,4,2,1,0.7949571066684235,74.375,True,2.995721501974913e-07
7r79__B1_F0UVX7--7r79__A1_F0UVX7,2,4,0,1,0.7991441933539706,74.125,True,5.513111318578012e-07
7r79__B1_F0UVX7--7r79__A1_F0UVX7,3,4,3,1,0.7960911825370395,72.375,True,3.212962269572017e-07
7r79__B1_F0UVX7--7r79__A1_F0UVX7,4,4,1,1,0.8243684223383543,72.0625,True,3.1889624096947955e-07
7r79__B1_F0UVX7--7r79__A1_F0UVX7,5,2,2,1,0.7435314800612844,71.1875,True,2.9315069127733295e-07
7r79__B1_F0UVX7--7r79__A1_F0UVX7,6,2,1,1,0.7656430345456838,70.5625,True,2.767787350421713e-07
7r79__B1_F0UVX7--7r79__A1_F0UVX7,7,2,0,1,0.7736937824159632,68.0,True,1.372707316704691e-07
7r79__B1_F0UVX7--7r79__A1_F0UVX7,8,2,3,1,0.7496741591115201,67.75,True,3.3606272609176813e-07
7r79__B1_F0UVX7--7r79__A1_F0UVX7,9,3,2,1,0.7825953408130939,67.625,True,1.3782865835310076e-06
7r79__B1_F0UVX7--7r79__A1_F0UVX7,10,5,0,1,0.7237905444110312,63.3125,True,3.091328082405198e-08
7r79__B1_F0UVX7--7r79__A1_F0UVX7,11,3,1,1,0.7269703170514318,62.53125,True,6.812281849732926e-09
7r79__B1_F0UVX7--7r79__A1_F0UVX7,12,3,0,1,0.7105637879447692,62.3125,True,2.984565483643564e-08
7r79__B1_F0UVX7--7r79__A1_F0UVX7,13,1,1,1,0.3680691648471417,60.65625,True,0.6717080473899841
7r79__B1_F0UVX7--7r79__A1_F0UVX7,14,1,3,1,0.6080031907757796,60.09375,True,0.008092673495411873
7r79__B1_F0UVX7--7r79__A1_F0UVX7,15,3,3,1,0.7119392084677897,59.84375,True,1.3538687948511097e-09
7r79__B1_F0UVX7--7r79__A1_F0UVX7,16,1,0,1,0.3733941772813731,57.40625,True,0.6212403178215027
7r79__B1_F0UVX7--7r79__A1_F0UVX7,17,1,2,1,0.3649406511545603,51.46875,True,0.7040050029754639
7r79__B1_F0UVX7--7r79__A1_F0UVX7,18,5,2,1,0.2757890195382917,44.71875,True,0.23598282039165497
7r79__B1_F0UVX7--7r79__A1_F0UVX7,19,5,1,1,0.3242156422013185,42.625,True,0.22870954871177673
7r79__B1_F0UVX7--7r79__A1_F0UVX7,20,5,3,1,0.2683184627984198,39.65625,True,0.18784721195697784
7rwk__A1_V4NUN3--7rwk__B1_V4NUN3,1,3,1,2,0.2022699435807743,65.625,False,0.7472454309463501
7rwk__A1_V4NUN3--7rwk__B1_V4NUN3,2,3,0,2,0.2026246308761577,64.8125,False,0.7768067717552185
7rwk__A1_V4NUN3--7rwk__B1_V4NUN3,3,3,2,2,0.2024777606222876,63.65625,False,0.8018667101860046
7rwk__A1_V4NUN3--7rwk__B1_V4NUN3,4,3,3,2,0.2026553638596886,59.75,False,0.8210010528564453
7rwk__A1_V4NUN3--7rwk__B1_V4NUN3,5,2,3,2,0.1976336862453992,59.65625,False,0.9153949618339539
7rwk__A1_V4NUN3--7rwk__B1_V4NUN3,6,2,0,2,0.2029294484748888,58.5625,False,0.8286688327789307
7rwk__A1_V4NUN3--7rwk__B1_V4NUN3,7,5,2,2,0.2027471254899321,57.875,False,0.8608461022377014
7rwk__A1_V4NUN3--7rwk__B1_V4NUN3,8,4,1,2,0.2025254929496922,57.84375,False,0.8519458174705505
7rwk__A1_V4NUN3--7rwk__B1_V4NUN3,9,2,2,2,0.2001943654596291,57.71875,False,0.892710268497467
7rwk__A1_V4NUN3--7rwk__B1_V4NUN3,10,5,0,2,0.2027471284335364,57.625,False,0.8817799687385559
7rwk__A1_V4NUN3--7rwk__B1_V4NUN3,11,2,1,2,0.2028422793441423,56.96875,False,0.843135416507721
7rwk__A1_V4NUN3--7rwk__B1_V4NUN3,12,5,1,2,0.2025052132157234,56.0625,False,0.8521746397018433
7rwk__A1_V4NUN3--7rwk__B1_V4NUN3,13,5,3,2,0.2025812665502702,55.96875,False,0.88910311460495
7rwk__A1_V4NUN3--7rwk__B1_V4NUN3,14,4,3,2,0.1970474333746334,53.75,False,0.9074786901473999
7rwk__A1_V4NUN3--7rwk__B1_V4NUN3,15,4,2,2,0.2027676032201078,52.53125,False,0.8581423759460449
7rwk__A1_V4NUN3--7rwk__B1_V4NUN3,16,4,0,2,0.1971790292057811,51.1875,False,0.8680881857872009
7rwk__A1_V4NUN3--7rwk__B1_V4NUN3,17,1,1,2,0.2004937066167134,48.53125,False,0.9092798829078674
7rwk__A1_V4NUN3--7rwk__B1_V4NUN3,18,1,0,2,0.2035868694922056,47.59375,False,0.9079943299293518
7rwk__A1_V4NUN3--7rwk__B1_V4NUN3,19,1,2,2,0.201094862650701,47.125,False,0.9385261535644531
7rwk__A1_V4NUN3--7rwk__B1_V4NUN3,20,1,3,2,0.2009593173514164,47.03125,False,0.9402886033058167
7s0y__A1_P18177--7s0y__B1_P60953,1,1,0,0,0.748060340256583,82.9375,True,0.7521093487739563
7s0y__A1_P18177--7s0y__B1_P60953,2,1,1,0,0.7482840682292876,81.75,True,0.6901413798332214
7s0y__A1_P18177--7s0y__B1_P60953,3,4,0,0,0.7709315040314504,81.625,True,0.009351617656648159
7s0y__A1_P18177--7s0y__B1_P60953,4,4,3,0,0.6923125739595223,79.0,True,0.3057762682437897
7s0y__A1_P18177--7s0y__B1_P60953,5,4,2,0,0.694017435269426,78.9375,True,0.18341590464115143
7s0y__A1_P18177--7s0y__B1_P60953,6,5,3,0,0.6300433771908122,78.125,True,0.8997052311897278
7s0y__A1_P18177--7s0y__B1_P60953,7,3,1,0,0.664306599837175,77.875,True,0.017734279856085777
7s0y__A1_P18177--7s0y__B1_P60953,8,5,1,0,0.6803892596161218,77.5625,True,0.9999442100524902
7s0y__A1_P18177--7s0y__B1_P60953,9,1,2,0,0.717358998954929,76.5,True,0.7183728814125061
7s0y__A1_P18177--7s0y__B1_P60953,10,1,3,0,0.7264375562647509,74.5625,True,0.6745843887329102
7s0y__A1_P18177--7s0y__B1_P60953,11,5,2,0,0.6109780369743367,72.9375,True,0.9557195901870728
7s0y__A1_P18177--7s0y__B1_P60953,12,3,2,0,0.6019401996486752,72.9375,True,0.12877795100212097
7s0y__A1_P18177--7s0y__B1_P60953,13,4,1,0,0.471078842331976,70.9375,True,0.6224763989448547
7s0y__A1_P18177--7s0y__B1_P60953,14,2,1,0,0.7341619299910365,70.125,True,0.5908510088920593
7s0y__A1_P18177--7s0y__B1_P60953,15,2,0,0,0.7342884082659946,69.25,True,0.5761977434158325
7s0y__A1_P18177--7s0y__B1_P60953,16,5,0,0,0.4379713023584176,65.0625,True,0.45470529794692993
7s0y__A1_P18177--7s0y__B1_P60953,17,3,3,0,0.4048264889887336,65.0625,True,0.8954876661300659
7s0y__A1_P18177--7s0y__B1_P60953,18,3,0,0,0.4013776076960664,65.0,True,0.9502107501029968
7s0y__A1_P18177--7s0y__B1_P60953,19,2,2,0,0.4195031002839517,55.75,True,0.3730825185775757
7s0y__A1_P18177--7s0y__B1_P60953,20,2,3,0,0.3965233517247264,48.40625,True,0.4064760208129883
7s7q__A1_Q8I1Y0--7s7q__B1_C6KSX0,1,5,1,1,0.5487554804384698,82.6875,True,0.9185447692871094
7s7q__A1_Q8I1Y0--7s7q__B1_C6KSX0,2,3,1,1,0.5098740081274253,82.375,True,0.9029395580291748
7s7q__A1_Q8I1Y0--7s7q__B1_C6KSX0,3,3,0,1,0.5309931372073781,81.8125,True,0.9067507982254028
7s7q__A1_Q8I1Y0--7s7q__B1_C6KSX0,4,2,2,1,0.498578525730131,81.5,True,0.8197517991065979
7s7q__A1_Q8I1Y0--7s7q__B1_C6KSX0,5,4,0,1,0.5211753742657877,81.4375,True,0.9453039169311523
7s7q__A1_Q8I1Y0--7s7q__B1_C6KSX0,6,4,3,1,0.5174552124483575,81.25,True,0.9276157021522522
7s7q__A1_Q8I1Y0--7s7q__B1_C6KSX0,7,5,0,1,0.5147063750772519,80.75,True,0.9486782550811768
7s7q__A1_Q8I1Y0--7s7q__B1_C6KSX0,8,1,3,1,0.5673599673749748,80.75,True,0.7928438782691956
7s7q__A1_Q8I1Y0--7s7q__B1_C6KSX0,9,4,1,1,0.5343371685024251,80.25,True,0.8967742919921875
7s7q__A1_Q8I1Y0--7s7q__B1_C6KSX0,10,3,2,1,0.513237041144241,79.875,True,0.8588016629219055
7s7q__A1_Q8I1Y0--7s7q__B1_C6KSX0,11,2,1,1,0.5250347077697083,79.875,True,0.8546722531318665
7s7q__A1_Q8I1Y0--7s7q__B1_C6KSX0,12,5,2,1,0.5257049085765041,79.375,True,0.9294977188110352
7s7q__A1_Q8I1Y0--7s7q__B1_C6KSX0,13,4,2,1,0.5384675112332132,79.1875,True,0.9337338805198669
7s7q__A1_Q8I1Y0--7s7q__B1_C6KSX0,14,1,1,1,0.5110021812000678,79.1875,True,0.8993131518363953
7s7q__A1_Q8I1Y0--7s7q__B1_C6KSX0,15,3,3,1,0.5335618226635105,79.0,True,0.87714022397995
7s7q__A1_Q8I1Y0--7s7q__B1_C6KSX0,16,5,3,1,0.5305315619417286,78.75,True,0.9370837807655334
7s7q__A1_Q8I1Y0--7s7q__B1_C6KSX0,17,1,0,1,0.5818609848074464,78.625,True,0.8533973097801208
7s7q__A1_Q8I1Y0--7s7q__B1_C6KSX0,18,1,2,1,0.5606876261613073,78.375,True,0.7280097007751465
7s7q__A1_Q8I1Y0--7s7q__B1_C6KSX0,19,2,3,1,0.5163355336106061,78.1875,True,0.8087279200553894
7s7q__A1_Q8I1Y0--7s7q__B1_C6KSX0,20,2,0,1,0.5344601964623609,77.875,True,0.9130880832672119
7sa1__B1_Q5VMP0--7sa1__A1_Q39255,1,4,2,1,0.5653695413986831,86.625,True,0.8593218326568604
7sa1__B1_Q5VMP0--7sa1__A1_Q39255,2,4,1,1,0.5617355663189999,86.5,True,0.8223380446434021
7sa1__B1_Q5VMP0--7sa1__A1_Q39255,3,3,2,1,0.5991062631053202,86.4375,True,0.8392654657363892
7sa1__B1_Q5VMP0--7sa1__A1_Q39255,4,5,3,1,0.5387297196289126,86.375,True,0.9563128352165222
7sa1__B1_Q5VMP0--7sa1__A1_Q39255,5,3,0,1,0.5708019934469095,86.0,True,0.8290227651596069
7sa1__B1_Q5VMP0--7sa1__A1_Q39255,6,5,2,1,0.5554558338370176,86.0,True,0.9331732392311096
7sa1__B1_Q5VMP0--7sa1__A1_Q39255,7,3,3,1,0.5730203837760501,85.9375,True,0.8147501349449158
7sa1__B1_Q5VMP0--7sa1__A1_Q39255,8,4,0,1,0.5520907178069647,85.9375,True,0.9121767282485962
7sa1__B1_Q5VMP0--7sa1__A1_Q39255,9,2,0,1,0.6102813858060921,85.75,True,0.8648584485054016
7sa1__B1_Q5VMP0--7sa1__A1_Q39255,10,5,1,1,0.5388659428151571,85.625,True,0.9592195153236389
7sa1__B1_Q5VMP0--7sa1__A1_Q39255,11,5,0,1,0.5390424229113266,85.5625,True,0.8299465179443359
7sa1__B1_Q5VMP0--7sa1__A1_Q39255,12,3,1,1,0.5810852741392178,85.3125,True,0.793520987033844
7sa1__B1_Q5VMP0--7sa1__A1_Q39255,13,2,1,1,0.553203589595725,84.9375,True,0.8933172225952148
7sa1__B1_Q5VMP0--7sa1__A1_Q39255,14,2,3,1,0.5675523670016626,84.9375,True,0.8396474719047546
7sa1__B1_Q5VMP0--7sa1__A1_Q39255,15,4,3,1,0.5604072068004254,84.875,True,0.7618708610534668
7sa1__B1_Q5VMP0--7sa1__A1_Q39255,16,2,2,1,0.5658855837592531,84.875,True,0.8086180090904236
7sa1__B1_Q5VMP0--7sa1__A1_Q39255,17,1,2,1,0.5324442775862436,84.75,True,0.86968994140625
7sa1__B1_Q5VMP0--7sa1__A1_Q39255,18,1,3,1,0.5702944805441138,84.75,True,0.8635897636413574
7sa1__B1_Q5VMP0--7sa1__A1_Q39255,19,1,0,1,0.5597324649455764,84.75,True,0.803037703037262
7sa1__B1_Q5VMP0--7sa1__A1_Q39255,20,1,1,1,0.5266478697572824,84.4375,True,0.8234314918518066
7v3k__A1_A3TMR7--7v3k__D1_A3TMR7,1,5,0,1,0.1824132272088758,38.59375,False,0.7744678854942322
7v3k__A1_A3TMR7--7v3k__D1_A3TMR7,2,5,3,1,0.1971627117272666,37.4375,False,7.287677726708353e-05
7v3k__A1_A3TMR7--7v3k__D1_A3TMR7,3,5,1,1,0.1810280766308666,37.4375,False,0.9999674558639526
7v3k__A1_A3TMR7--7v3k__D1_A3TMR7,4,3,3,1,0.1864862434712777,37.4375,False,0.9996259212493896
7v3k__A1_A3TMR7--7v3k__D1_A3TMR7,5,2,1,1,0.1702375138166433,34.21875,False,0.9769640564918518
7v3k__A1_A3TMR7--7v3k__D1_A3TMR7,6,1,3,1,0.194204706742189,34.0,False,0.996227502822876
7v3k__A1_A3TMR7--7v3k__D1_A3TMR7,7,2,3,1,0.1539243953967204,33.5,False,0.9972450733184814
7v3k__A1_A3TMR7--7v3k__D1_A3TMR7,8,1,0,1,0.2071203071128076,30.8125,False,0.966733992099762
7v3k__A1_A3TMR7--7v3k__D1_A3TMR7,9,1,1,1,0.1653292643924712,27.546875,False,0.9971289038658142
7v3k__A1_A3TMR7--7v3k__D1_A3TMR7,10,4,1,1,0.2803246965103882,27.234375,True,0.1649550497531891
7v3k__A1_A3TMR7--7v3k__D1_A3TMR7,11,2,2,1,0.0255473758247028,26.96875,False,0.1582786738872528
7v3k__A1_A3TMR7--7v3k__D1_A3TMR7,12,4,0,1,0.0169385416352041,26.90625,False,0.09409092366695404
7v3k__A1_A3TMR7--7v3k__D1_A3TMR7,13,4,2,1,0.3174618700166769,26.828125,True,0.12886101007461548
7v3k__A1_A3TMR7--7v3k__D1_A3TMR7,14,4,3,1,0.2977597827182451,26.71875,True,0.2861059308052063
7v3k__A1_A3TMR7--7v3k__D1_A3TMR7,15,2,0,1,0.0199326439091121,25.875,False,0.1592957228422165
7v3k__A1_A3TMR7--7v3k__D1_A3TMR7,16,3,0,1,0.1346189651384096,24.0625,False,0.05983767285943031
7v3k__A1_A3TMR7--7v3k__D1_A3TMR7,17,5,2,1,0.0312372121379973,23.78125,False,0.03431526571512222
7v3k__A1_A3TMR7--7v3k__D1_A3TMR7,18,3,1,1,0.0271466768580664,22.890625,False,0.4926777780056
7v3k__A1_A3TMR7--7v3k__D1_A3TMR7,19,3,2,1,0.0230267475778595,22.875,False,0.4363885819911957
7v3k__A1_A3TMR7--7v3k__D1_A3TMR7,20,1,2,1,0.0378988718783396,21.828125,False,0.12352890521287918
