complex_id,rank,model_weight,seed,DockQ,acceptable,acceptable_score,ranking_confidence,selector
1a22__B1_P10912--1a22__A1_P01241,1,3,3,0.712227739022913,True,0.866308027677767,87.375,candidate_ridge_v1_iface_size
1aor__A1_Q51739--1aor__B1_Q51739,1,2,0,0.9232179069699614,True,0.8571023522706298,88.875,candidate_ridge_v1_iface_size
1b3q__B1_Q56310--1b3q__A1_Q56310,1,2,3,0.3565377439920534,True,0.4366377456184969,55.90625,candidate_ridge_v1_iface_size
1b7e__A1_Q46731--1b7e__A2_Q46731,1,2,1,0.7810456643138058,True,0.691929239915511,71.0,candidate_ridge_v1_iface_size
1bed__A1_P32557--1bed__A2_P32557,1,3,3,0.90534195021465,True,0.8250238732432887,78.0625,candidate_ridge_v1_iface_size
1bl4__A1_P62942--1bl4__B1_P62942,1,3,0,0.0176767603813217,False,0.8125504734329114,71.8125,candidate_ridge_v1_iface_size
1boy__A1_P13726--1boy__A2_P13726,1,4,2,0.0054806596203427,False,0.5999402161195422,67.875,candidate_ridge_v1_iface_size
1cdd__A1_P08179--1cdd__B1_P08179,1,4,1,0.0070469744777235,False,0.6794120140038238,77.4375,candidate_ridge_v1_iface_size
1dov__A1_P26231--1dov__A2_P26231,1,3,2,0.7288057425382591,True,0.8082240233223613,81.0625,candidate_ridge_v1_iface_size
1e1c__A1_P11653--1e1c__B1_P11652,16,1,3,0.897450727532742,True,0.8172312608286835,94.9375,candidate_ridge_v1_iface_size
1e5s__A1_O09345--1e5s__B2_O09345,1,5,0,0.0682889959251928,False,0.6016782516668369,65.6875,candidate_ridge_v1_iface_size
1evx__A1_Q94702--1evx__B1_Q94702,1,3,3,0.010925439496474,False,0.850547960347966,83.9375,candidate_ridge_v1_iface_size
1exs__A1_P04119--1exs__A2_P04119,1,3,3,0.3011266108835699,True,0.5876549026889278,66.5625,candidate_ridge_v1_iface_size
1f8u__A1_P22303--1f8u__B1_P0C1Z0,1,3,0,0.1074135757276404,False,0.5619253886793838,52.21875,candidate_ridge_v1_iface_size
1fd3__A1_O15263--1fd3__C1_O15263,1,3,0,0.0294831960716535,False,0.8974336048646305,82.8125,candidate_ridge_v1_iface_size
1foe__A1_Q60610--1foe__B1_P63000,2,1,2,0.4811629523529454,True,0.8343380616532129,87.0625,candidate_ridge_v1_iface_size
1g6u__A1_UNDEFINED--1g6u__B1_UNDEFINED,1,1,1,0.7275139921499552,True,0.8913640687385295,84.0625,candidate_ridge_v1_iface_size
1gmg__A1_P03051--1gmg__A2_P03051,1,4,3,0.1445360533665282,False,0.9079721267974837,87.1875,candidate_ridge_v1_iface_size
1gri__A1_P62993--1gri__B1_P62993,1,1,0,0.0441608601924013,False,0.27424446878909714,47.28125,candidate_ridge_v1_iface_size
1hh4__A1_P63000--1hh4__C1_P52565,1,4,0,0.4206780323224839,True,0.6230808175201427,70.75,candidate_ridge_v1_iface_size
1hni__A1_P03366--1hni__B1_P03367,1,1,2,0.0051534665293039,False,0.5240686196794289,64.6875,candidate_ridge_v1_iface_size
1i7f__A1_P0A6Y5--1i7f__A2_P0A6Y5,1,1,2,0.7098499974227678,True,0.8736320523044383,87.3125,candidate_ridge_v1_iface_size
1ira__B1_P14778--1ira__A1_P18510,1,5,2,0.704973812566681,True,0.8484151290135222,88.9375,candidate_ridge_v1_iface_size
1k04__A1_Q05397--1k04__A2_Q05397,1,4,1,0.6350024461672643,True,0.7815116256190869,80.375,candidate_ridge_v1_iface_size
1k51__A1_Q51912--1k51__A2_Q51912,1,1,1,0.0265439975694308,False,0.6373937610390075,59.4375,candidate_ridge_v1_iface_size
1k72__B1_P37700--1k72__A1_P37700,1,4,1,0.0020686534517434,False,0.2379116509972976,38.4375,candidate_ridge_v1_iface_size
1krl__B1_P02882--1krl__A1_P02881,1,2,3,0.8504889730461812,True,0.9129263661865673,87.5625,candidate_ridge_v1_iface_size
1kzh__A1_P70826--1kzh__B1_P70826,1,2,1,0.8965118032639796,True,0.884964445275146,93.9375,candidate_ridge_v1_iface_size
1luj__A1_P35222--1luj__B1_Q9JJN6,2,2,2,0.752819974023402,True,0.8785262562699365,91.0,candidate_ridge_v1_iface_size
1lyw__B1_P07339--1lyw__A1_P07339,1,2,3,0.4619035519666518,True,0.8855298627436278,94.5,candidate_ridge_v1_iface_size
1mr1__A1_Q13485--1mr1__D1_P12755,1,4,1,0.9119560463003415,True,0.9030286034159687,91.3125,candidate_ridge_v1_iface_size
1na6__B1_P14633--1na6__A1_P14633,1,1,3,0.650444251171018,True,0.5969560054750015,71.375,candidate_ridge_v1_iface_size
1nfp__A1_P09142--1nfp__A2_P09142,1,2,1,0.478855888012756,True,0.6343923823569979,69.125,candidate_ridge_v1_iface_size
1ny5__B1_O67198--1ny5__A1_O67198,1,4,2,0.0954033617891848,False,0.23590695697856892,41.96875,candidate_ridge_v1_iface_size
1ogy__A1_Q53176--1ogy__B1_Q53177,4,2,0,0.6094275750227262,True,0.8561807784417979,93.0,candidate_ridge_v1_iface_size
1on8__A1_Q9ES89--1on8__B1_Q9ES89,1,4,1,0.6094457135708579,True,0.6989213381865743,72.875,candidate_ridge_v1_iface_size
1ory__A1_O67806--1ory__B1_O67803,1,1,0,0.7833672594034556,True,0.9165566878391376,92.6875,candidate_ridge_v1_iface_size
1pfo__A1_P0C2E9--1pfo__A2_P0C2E9,1,4,0,0.0046131047310679,False,0.7466483874126589,80.375,candidate_ridge_v1_iface_size
1ptq__A1_P28867--1ptq__A2_P28867,1,1,0,0.5356969038367914,True,0.7826347909344313,66.5,candidate_ridge_v1_iface_size
1qb3__B1_P20486--1qb3__A1_P20486,1,2,1,0.0101585327347017,False,0.7343999968452266,76.75,candidate_ridge_v1_iface_size
1qf8__A1_P67870--1qf8__B1_P67870,1,5,2,0.0581093840385423,False,0.3878422010869342,55.65625,candidate_ridge_v1_iface_size
1qqf__A1_P01026--1qqf__A2_P01026,1,4,0,0.5873776681589512,True,0.7836649674634342,85.5,candidate_ridge_v1_iface_size
1qrk__B1_P00488--1qrk__A1_P00488,1,4,0,0.6106249151971914,True,0.6052127868881059,75.9375,candidate_ridge_v1_iface_size
1qxx__A1_P02929--1qxx__A2_P02929,1,2,1,0.7630832708597183,True,0.794927226902472,78.5,candidate_ridge_v1_iface_size
1r5p__B1_Q8YT41--1r5p__A1_Q8YT41,1,5,0,0.0455987290758567,False,0.5075173196822184,53.03125,candidate_ridge_v1_iface_size
1rj9__B1_O07347--1rj9__A1_P83749,1,4,3,0.8990108090767972,True,0.8680675644532145,89.9375,candidate_ridge_v1_iface_size
1rk4__A1_O00299--1rk4__B1_O00299,1,1,0,0.0254779958424484,False,0.11238609837477351,27.203125,candidate_ridge_v1_iface_size
1s4k__A1_Q8ZPR1--1s4k__B1_Q8ZPR1,1,4,3,0.0376470693995013,False,0.13790747547033722,29.46875,candidate_ridge_v1_iface_size
1s70__A1_P62207--1s70__B1_Q90623,1,4,0,0.7275811782277941,True,0.8195868520490359,88.625,candidate_ridge_v1_iface_size
1smx__A1_P21513--1smx__B1_P21513,1,1,0,0.0153498445538025,False,0.18415405920320657,33.59375,candidate_ridge_v1_iface_size
1spp__B1_P35496--1spp__A1_P35495,2,5,2,0.2510124925990736,True,0.5881924399704397,56.46875,candidate_ridge_v1_iface_size
1t6b__A1_P13423--1t6b__B1_P58335,1,3,0,0.041260124680762,False,0.14387109101862566,30.296875,candidate_ridge_v1_iface_size
1t6l__A1_P16790--1t6l__A2_P16790,1,1,2,0.3610030019593815,True,0.2255717717217192,41.09375,candidate_ridge_v1_iface_size
1tej__B1_P0C6B5--1tej__A1_P0C6B4,1,4,3,0.8133840523680179,True,0.8756398259211771,80.0625,candidate_ridge_v1_iface_size
1tf0__A1_P02768--1tf0__B1_Q51911,1,5,1,0.8599519092712029,True,0.9111717042369616,94.875,candidate_ridge_v1_iface_size
1tj7__A1_P11447--1tj7__B1_P11447,5,5,3,0.009008039331964,False,0.7831435428989078,84.6875,candidate_ridge_v1_iface_size
1ujw__A1_P06129--1ujw__B1_P00646,1,5,0,0.8470985296867936,True,0.8672539209711624,90.25,candidate_ridge_v1_iface_size
1v5v__A1_O58888--1v5v__B1_O58888,1,1,1,0.801073856130179,True,0.8735155466254784,91.3125,candidate_ridge_v1_iface_size
1vc1__A1_Q9X1F5--1vc1__B1_Q9X1F5,1,5,3,0.906277161243982,True,0.9033910943521594,87.75,candidate_ridge_v1_iface_size
1vf6__A1_Q8NI35--1vf6__C1_Q9JLB2,1,5,0,0.8263850762211051,True,0.8710332169133806,82.0,candidate_ridge_v1_iface_size
1vp7__B1_Q7VV85--1vp7__A1_Q7VV85,3,2,2,0.804842340927061,True,0.8836420041816778,86.1875,candidate_ridge_v1_iface_size
1x3w__A1_Q02890--1x3w__B1_P32628,2,1,2,0.5719596959437975,True,0.8864492222921102,88.875,candidate_ridge_v1_iface_size
1xsv__A1_P67248--1xsv__B1_P67248,1,1,1,0.774596053778201,True,0.7037542949596844,67.6875,candidate_ridge_v1_iface_size
1yt5__A1_Q9X255--1yt5__D1_Q9X255,1,1,1,0.0121181521907579,False,0.8567122433343642,90.375,candidate_ridge_v1_iface_size
1z77__A1_Q9X0C0--1z77__A2_Q9X0C0,1,5,2,0.2755111913881322,True,0.6507954500394565,67.1875,candidate_ridge_v1_iface_size
1zop__A1_P20701--1zop__B1_P20701,1,4,0,0.0077177553906739,False,0.5868416247354259,71.125,candidate_ridge_v1_iface_size
1zoq__A1_Q14653--1zoq__B1_Q92793,1,4,1,0.732800017010101,True,0.890150860140097,88.3125,candidate_ridge_v1_iface_size
1zp6__A1_A9CEJ3--1zp6__A2_A9CEJ3,4,4,0,0.8283388553539944,True,0.887698567964581,88.75,candidate_ridge_v1_iface_size
2a1j__B1_P07992--2a1j__A1_Q92889,1,5,1,0.8259670552008265,True,0.8859721718413981,86.4375,candidate_ridge_v1_iface_size
2a3l__A1_O80452--2a3l__A2_O80452,1,4,0,0.2258004733289797,False,0.8386047035999163,88.375,candidate_ridge_v1_iface_size
2apo__A1_Q57612--2apo__B1_P81303,1,4,0,0.769453718653959,True,0.9021746355028665,90.4375,candidate_ridge_v1_iface_size
2aye__B1_Q84294--2aye__A1_Q84294,1,1,1,0.6557737066857915,True,0.8876641711426994,86.1875,candidate_ridge_v1_iface_size
2b11__A1_P00431--2b11__B1_P00044,1,5,2,0.8752306944692506,True,0.8874026201251447,86.8125,candidate_ridge_v1_iface_size
2b42__A1_Q8H0K8--2b42__B1_P18429,1,5,0,0.8730729438811732,True,0.9035488506957805,92.25,candidate_ridge_v1_iface_size
2b5u__A1_P00646--2b5u__B1_P02984,5,3,0,0.225878639852664,False,0.806431610722583,84.875,candidate_ridge_v1_iface_size
2c08__A1_O35179--2c08__A2_O35179,5,3,1,0.4638374087190136,True,0.24443940768941264,40.4375,candidate_ridge_v1_iface_size
2cuy__A1_Q5SL77--2cuy__B1_Q5SL77,1,4,0,0.5517743394892677,True,0.8143831991810048,82.0625,candidate_ridge_v1_iface_size
2d1g__A1_A0Q436--2d1g__B1_A0Q436,1,4,1,0.9200916395514568,True,0.9139341111554905,93.9375,candidate_ridge_v1_iface_size
2dcu__A1_Q8U082--2dcu__B1_Q8U3I5,5,3,3,0.2023054884118262,False,0.7716253504090423,76.375,candidate_ridge_v1_iface_size
2dm9__A1_O57724--2dm9__B1_O57724,1,2,0,0.587009785128806,True,0.8571983972772681,86.1875,candidate_ridge_v1_iface_size
2ec2__A1_Q974H8--2ec2__C1_Q974H8,1,5,1,0.8384541069439617,True,0.9029022451967447,91.375,candidate_ridge_v1_iface_size
2ei5__A1_Q5SM82--2ei5__B1_Q5SM82,1,4,3,0.5960316391939556,True,0.6755441109817001,67.0625,candidate_ridge_v1_iface_size
2eiu__E1_O67549--2eiu__A1_O67549,4,4,3,0.9225105571266704,True,0.8927325878571049,90.875,candidate_ridge_v1_iface_size
2fzt__B1_Q9WZF7--2fzt__A1_Q9WZF7,1,4,0,0.0312416171671351,False,0.8600109407183707,82.125,candidate_ridge_v1_iface_size
2ga9__B1_P23371--2ga9__A1_P07617,1,5,2,0.771090695564289,True,0.6699327840200453,74.875,candidate_ridge_v1_iface_size
2gbo__A1_Q831P3--2gbo__B1_Q831P3,1,3,0,0.1903938234668919,False,0.4907080414721479,59.9375,candidate_ridge_v1_iface_size
2gd9__A1_P37508--2gd9__B1_P37508,1,1,3,0.6030592334830186,True,0.6532000030853189,69.0,candidate_ridge_v1_iface_size
2gsk__A1_P06129--2gsk__B1_P02929,1,2,0,0.0060780569961632,False,0.48133807408783186,55.8125,candidate_ridge_v1_iface_size
2gsm__A1_P33517--2gsm__B1_Q03736,4,5,1,0.9452638438131928,True,0.8723393067557665,95.25,candidate_ridge_v1_iface_size
2h1e__A1_P32657--2h1e__B1_P32657,3,4,1,0.0405353443015661,False,0.07730334927613718,18.8125,candidate_ridge_v1_iface_size
2h46__A1_P62993--2h46__A2_P62993,1,1,0,0.0234015355894955,False,0.3128279211285248,42.46875,candidate_ridge_v1_iface_size
2h7z__B1_A0S865--2h7z__A1_A0S864,1,3,3,0.8281237566718179,True,0.7986352608445346,72.3125,candidate_ridge_v1_iface_size
2hn1__A1_O29472--2hn1__A2_O29472,1,5,3,0.7409718908518798,True,0.490714385786309,60.15625,candidate_ridge_v1_iface_size
2huk__A1_P00720--2huk__A2_P00720,1,1,3,0.0137138716130072,False,0.12037138887221274,22.265625,candidate_ridge_v1_iface_size
2j67__A1_Q9BXR5--2j67__B1_Q9BXR5,1,3,2,0.6860780458319903,True,0.6780908500743947,65.75,candidate_ridge_v1_iface_size
2j68__A1_B2IZD3--2j68__A2_B2IZD3,7,5,2,0.2444343525827773,True,0.18805551592240033,43.9375,candidate_ridge_v1_iface_size
2j6g__A1_Q6T3W5--2j6g__A2_Q6T3W5,1,5,3,0.0498208372700835,False,0.5876894162207961,67.875,candidate_ridge_v1_iface_size
2ntx__A1_Q9LV40--2ntx__B1_Q9LV40,1,2,3,0.5789012712043528,True,0.7784383080015062,77.25,candidate_ridge_v1_iface_size
2o96__B1_P51665--2o96__A1_P51665,2,4,3,0.6050102137340457,True,0.8938119902302469,89.5625,candidate_ridge_v1_iface_size
2oo9__A1_P22681--2oo9__B1_P22681,1,2,2,0.0841846757526277,False,0.8333917396856217,73.0625,candidate_ridge_v1_iface_size
2p09__A1_UNDEFINED--2p09__A2_UNDEFINED,1,5,0,0.0253604512405473,False,0.0598636112936165,16.140625,candidate_ridge_v1_iface_size
2pyu__A1_P52061--2pyu__A2_P52061,1,4,0,0.4076441283125315,True,0.9004892789975695,87.0625,candidate_ridge_v1_iface_size
2q1k__A1_Q1EHA4--2q1k__B1_Q1EHA4,1,5,0,0.5814439604738205,True,0.11127288969730743,27.375,candidate_ridge_v1_iface_size
2qko__B1_Q0S912--2qko__A1_Q0S912,2,5,2,0.5274122863055469,True,0.7377799579631524,74.25,candidate_ridge_v1_iface_size
2qpv__A1_Q7CZ16--2qpv__B1_Q7CZ16,1,5,2,0.0097371829607608,False,0.8856206523220522,87.3125,candidate_ridge_v1_iface_size
2r17__C1_Q96QK1--2r17__A1_Q9UBQ0,2,2,2,0.7490386608755691,True,0.8910535703585566,91.1875,candidate_ridge_v1_iface_size
2r1f__A1_P28306--2r1f__B1_P28306,1,3,2,0.0138290556113118,False,0.549471563546088,59.0625,candidate_ridge_v1_iface_size
2r7a__A1_O70018--2r7a__C1_O70018,1,4,1,0.1070391541449517,False,0.4819684635272194,59.6875,candidate_ridge_v1_iface_size
2r9a__A1_Q9H9Q4--2r9a__B1_Q9H9Q4,2,1,1,0.2568450327817093,True,0.3228325889345874,50.0625,candidate_ridge_v1_iface_size
2raf__B1_F9URQ8--2raf__A1_F9URQ8,1,4,1,0.6602259052884388,True,0.7640866406482388,82.875,candidate_ridge_v1_iface_size
2rax__A1_O15392--2rax__B1_Q53HL2,1,2,2,0.8608227888208647,True,0.8616524800615205,82.3125,candidate_ridge_v1_iface_size
2uxe__A1_Q49PX0--2uxe__C1_Q49PX0,1,4,3,0.0639503937922121,False,0.03475779600508093,12.59375,candidate_ridge_v1_iface_size
2uzx__B1_P08581--2uzx__A1_P0DQD2,1,2,0,0.5928089276253022,True,0.6794775001279347,75.3125,candidate_ridge_v1_iface_size
2vcg__D1_Q70I53--2vcg__A1_Q70I53,1,5,1,0.8884685571281515,True,0.7890649829102062,85.375,candidate_ridge_v1_iface_size
2vlo__B1_P09883--2vlo__A1_P13479,1,4,0,0.8811099839542577,True,0.911319907127617,90.5,candidate_ridge_v1_iface_size
2w2d__A1_P0DPI1--2w2d__B1_P0DPI1,1,3,2,0.2993123699637441,True,0.5168881851092068,75.75,candidate_ridge_v1_iface_size
2wk4__B1_Q69014--2wk4__A1_Q69014,1,3,1,0.1855191729342689,False,0.17249879500824675,32.6875,candidate_ridge_v1_iface_size
2wmp__A1_Q1R2W9--2wmp__B1_Q47445,1,3,3,0.7911419155865644,True,0.88360951763768,91.8125,candidate_ridge_v1_iface_size
2wuz__A1_Q7Z1V1--2wuz__B1_Q7Z1V1,1,5,0,0.0671304879713131,False,0.11924398130684946,29.109375,candidate_ridge_v1_iface_size
2wwx__B1_Q5ZSQ3--2wwx__A1_P62820,3,3,3,0.0316570042974989,False,0.09374470595688021,24.875,candidate_ridge_v1_iface_size
2x5f__A1_UNDEFINED--2x5f__B1_UNDEFINED,1,1,1,0.1398278224570319,False,0.9170310409585064,95.5625,candidate_ridge_v1_iface_size
2xcu__A1_O66663--2xcu__C1_O66663,1,5,1,0.45063490265094,True,0.42895845746958067,52.53125,candidate_ridge_v1_iface_size
2xf1__A1_Q8I467--2xf1__A2_Q8I467,2,5,0,0.0143151469161379,False,0.8631843577348945,82.625,candidate_ridge_v1_iface_size
2xgg__B1_UNDEFINED--2xgg__A1_UNDEFINED,1,3,1,0.0378417677234843,False,0.761028118495047,75.9375,candidate_ridge_v1_iface_size
2xr7__A1_Q589Y0--2xr7__A2_Q589Y0,1,4,1,0.0040351362861566,False,0.7768659424051332,81.3125,candidate_ridge_v1_iface_size
2xuv__B1_P0AET2--2xuv__A1_P0AET2,1,1,0,0.0291494860720318,False,0.09881320694209002,21.96875,candidate_ridge_v1_iface_size
2y6b__A1_Q43758--2y6b__A2_Q43758,1,1,0,0.0051661456330997,False,0.9297967843641315,94.75,candidate_ridge_v1_iface_size
2y9y__B1_P43596--2y9y__A1_P38144,2,1,3,0.5900645561981019,True,0.8401968382148771,90.0,candidate_ridge_v1_iface_size
2yaj__A1_Q38HX4--2yaj__B1_Q38HX3,2,4,0,0.9011212420938935,True,0.8982186029374527,96.25,candidate_ridge_v1_iface_size
2yin__B1_Q92608--2yin__D1_P63000,2,5,3,0.8660989015618044,True,0.8742568185842324,92.0625,candidate_ridge_v1_iface_size
2yip__A1_P81860--2yip__B1_P81860,1,3,2,0.2157851557074656,False,0.7848269582022104,82.9375,candidate_ridge_v1_iface_size
2ynw__B1_Q704V1--2ynw__A1_Q704V1,2,5,0,0.3306469560709625,True,0.0970247585084959,22.984375,candidate_ridge_v1_iface_size
2yor__A1_B9W4V6--2yor__B1_B9W4V6,1,5,1,0.0067649648430569,False,0.35508798665851027,47.1875,candidate_ridge_v1_iface_size
2ypr__A1_Q99581--2ypr__B1_Q99581,1,1,0,0.8958408418298874,True,0.899012473609116,88.0625,candidate_ridge_v1_iface_size
2yq2__A1_Q01499--2yq2__B1_Q01499,1,3,0,0.3613568303261165,True,0.40229992128065134,60.46875,candidate_ridge_v1_iface_size
2yx8__A1_O60894--2yx8__A2_O60894,1,2,2,0.0410312793502997,False,0.21450592937962298,40.1875,candidate_ridge_v1_iface_size
2z1b__A1_P10518--2z1b__A2_P10518,1,5,2,0.0199707040119806,False,0.8691549083829758,89.5,candidate_ridge_v1_iface_size
2zae__A1_O59425--2zae__B1_O59248,1,2,0,0.7973690882559433,True,0.8661744772440394,86.75,candidate_ridge_v1_iface_size
2zcm__B1_Q5HKQ1--2zcm__A1_Q5HKQ1,1,1,1,0.5181718853140552,True,0.7579258753339642,74.3125,candidate_ridge_v1_iface_size
2zix__A1_Q96NY9--2zix__B1_Q96AY2,1,1,0,0.4372363313077486,True,0.7533297288682861,82.9375,candidate_ridge_v1_iface_size
2zjs__A1_Q5SHQ8--2zjs__B1_P38383,1,4,1,0.7105339961219618,True,0.8366406256410465,87.8125,candidate_ridge_v1_iface_size
3a7m__B1_P0A1N2--3a7m__A1_P0A1N2,1,4,2,0.0351376732208971,False,0.7521335534899497,74.5625,candidate_ridge_v1_iface_size
3a98__B1_Q92556--3a98__A1_Q92608,1,4,0,0.6250539174745133,True,0.7775367787661261,80.6875,candidate_ridge_v1_iface_size
3aon__A1_P43435--3aon__B1_P43455,1,4,0,0.6391050819746291,True,0.8094006300031764,84.375,candidate_ridge_v1_iface_size
3axj__B1_Q9VF77--3axj__A1_Q7JVK6,2,1,1,0.743436316085858,True,0.8034873537773536,85.75,candidate_ridge_v1_iface_size
3b42__B1_Q74EM7--3b42__A1_Q74EM7,1,1,3,0.0447166376461056,False,0.8197182241628878,77.625,candidate_ridge_v1_iface_size
3b4y__A1_P9WNE1--3b4y__B1_P9WNE1,2,5,0,0.7920760286671115,True,0.8845596299537858,94.0625,candidate_ridge_v1_iface_size
3cam__A1_Q9JZZ4--3cam__B1_Q9JZZ4,4,2,0,0.422343414526969,True,0.6147410639980669,57.6875,candidate_ridge_v1_iface_size
3cbk__A1_P07858--3cbk__B1_Q966X9,3,4,1,0.7550044822825637,True,0.884869564287223,90.6875,candidate_ridge_v1_iface_size
3cnu__A1_O28738--3cnu__A2_O28738,1,5,3,0.7346152476683162,True,0.7596986624168858,78.125,candidate_ridge_v1_iface_size
3co5__A1_Q5F5Q1--3co5__B1_Q5F5Q1,1,5,3,0.0112997247150476,False,0.8587810097168634,78.625,candidate_ridge_v1_iface_size
3ct4__A1_Q9CIV8--3ct4__A2_Q9CIV8,1,4,0,0.006451370471711,False,0.9209144348016564,95.5625,candidate_ridge_v1_iface_size
3ctv__A1_O28011--3ctv__A2_O28011,1,4,3,0.0452558188520313,False,0.8081204073277548,82.0,candidate_ridge_v1_iface_size
3cwf__A1_P23545--3cwf__B1_P23545,1,1,3,0.1369285312703626,False,0.90260831759165,87.75,candidate_ridge_v1_iface_size
3d0t__D1_Q91YN9--3d0t__C1_Q91YN9,1,4,0,0.2009982890663297,False,0.49554399899777674,57.25,candidate_ridge_v1_iface_size
3d3r__A1_Q8EF93--3d3r__B1_Q8EF93,2,1,0,0.414362391088058,True,0.713707724294749,68.875,candidate_ridge_v1_iface_size
3d8h__B1_Q5CXZ9--3d8h__A1_Q5CXZ9,1,4,1,0.7796786247873229,True,0.8962902658236617,90.125,candidate_ridge_v1_iface_size
3dal__A1_O75626--3dal__B2_O75626,1,4,2,0.006824591580468,False,0.8493476565370482,82.875,candidate_ridge_v1_iface_size
3dsl__A1_O93523--3dsl__B1_O93523,1,2,2,0.0100995192020225,False,0.3157190438773182,47.28125,candidate_ridge_v1_iface_size
3e0j__G1_P49005--3e0j__H1_Q15054,1,5,3,0.8161121430949115,True,0.8897827218952582,94.375,candidate_ridge_v1_iface_size
3e0y__A1_Q74E48--3e0y__B1_Q74E48,1,3,1,0.3126453899573803,True,0.8225398445078176,78.5,candidate_ridge_v1_iface_size
3e7l__A1_O66551--3e7l__B1_O66551,1,1,1,0.9537954583455112,True,0.9184006849197607,87.875,candidate_ridge_v1_iface_size
3evi__A1_Q8N4E4--3evi__B1_Q8N4E4,1,2,3,0.6600450517552744,True,0.8713844467551013,82.125,candidate_ridge_v1_iface_size
3ezu__A1_Q74FR4--3ezu__A2_Q74FR4,8,5,1,0.0189937484273872,False,0.5208257959124758,59.4375,candidate_ridge_v1_iface_size
3f2u__A1_P83916--3f2u__A2_P83916,1,1,2,0.0414083138462204,False,0.460367960944093,45.375,candidate_ridge_v1_iface_size
3f6t__B1_Q5FIG7--3f6t__A1_Q5FIG7,2,1,3,0.4857510394392889,True,0.8355491005396369,93.6875,candidate_ridge_v1_iface_size
3f7c__A1_A1TZ69--3f7c__A2_A1TZ69,1,3,2,0.0557675937168912,False,0.6981356287307796,70.4375,candidate_ridge_v1_iface_size
3f8u__A1_P30101--3f8u__B1_O15533,1,4,0,0.4296435508995711,True,0.6148351480835926,68.8125,candidate_ridge_v1_iface_size
3ffm__A1_O95257--3ffm__A2_O95257,1,1,1,0.0388523219252019,False,0.6490082781336582,65.4375,candidate_ridge_v1_iface_size
3fkq__A1_D0VX10--3fkq__A2_D0VX10,1,3,3,0.4764608817313696,True,0.5768086363401482,63.78125,candidate_ridge_v1_iface_size
3fn7__A1_Q99ZN4--3fn7__A2_Q99ZN4,1,3,2,0.3596853743364232,True,0.3295799688866414,45.90625,candidate_ridge_v1_iface_size
3fx0__B1_Q9Y6K9--3fx0__A1_Q9Y6K9,1,5,0,0.7096777121268296,True,0.7840051539940021,73.0625,candidate_ridge_v1_iface_size
3gb8__A1_O14980--3gb8__B1_O95149,1,3,1,0.7200700079007746,True,0.7991127900802193,86.125,candidate_ridge_v1_iface_size
3h8i__A1_Q7ZAG8--3h8i__B1_Q7ZAG8,1,1,0,0.0326334465885248,False,0.2951646815463106,44.0,candidate_ridge_v1_iface_size
3hkl__B1_Q62838--3hkl__A1_Q62838,1,4,2,0.008204245910455,False,0.4049985530125841,50.0625,candidate_ridge_v1_iface_size
3i26__A1_P0C0V9--3i26__B1_P0C0V9,1,4,1,0.0267647281339286,False,0.22222954127890945,39.875,candidate_ridge_v1_iface_size
3jsb__A1_P14240--3jsb__A2_P14240,1,5,0,0.0217433755425049,False,0.09570679378682513,24.171875,candidate_ridge_v1_iface_size
3jtz__A1_Q9Z3B4--3jtz__A2_Q9Z3B4,1,4,1,0.8967332496827279,True,0.9032731355594563,89.3125,candidate_ridge_v1_iface_size
3k7v__A1_P30153--3k7v__B1_P67775,1,3,0,0.6058683779459383,True,0.8375871116434855,90.625,candidate_ridge_v1_iface_size
3lbx__B1_P11277--3lbx__A1_P02549,1,5,1,0.695489232318411,True,0.8276821362848296,83.6875,candidate_ridge_v1_iface_size
3lcb__A1_Q8X607--3lcb__D2_P08200,2,1,1,0.8013913066191903,True,0.7351596456884911,80.6875,candidate_ridge_v1_iface_size
3lf6__B1_UNDEFINED--3lf6__A1_UNDEFINED,1,1,3,0.0605858682294215,False,0.8817370190360856,85.5625,candidate_ridge_v1_iface_size
3m7p__A1_P02751--3m7p__A2_P02751,1,2,0,0.0100457645835616,False,0.1238401845754865,23.03125,candidate_ridge_v1_iface_size
3mca__A1_O74774--3mca__B1_Q9USL5,1,4,2,0.5464294672961154,True,0.48594079832197645,60.75,candidate_ridge_v1_iface_size
3mlf__A1_UNDEFINED--3mlf__B1_UNDEFINED,1,5,3,0.5002940342760246,True,0.8195569443925831,77.5,candidate_ridge_v1_iface_size
3mxn__A1_Q9H9A7--3mxn__B1_Q96E14,4,3,1,0.820578633859469,True,0.9020267831735644,91.4375,candidate_ridge_v1_iface_size
3n4i__A1_P0AD64--3n4i__B1_P35804,1,5,3,0.7135625553350368,True,0.9013942451289816,93.0,candidate_ridge_v1_iface_size
3n7e__A1_Q58AD3--3n7e__B1_Q58AD3,1,1,0,0.0957793563570699,False,0.818802679685092,72.1875,candidate_ridge_v1_iface_size
3n9y__A1_P05108--3n9y__C1_P10109,1,1,3,0.7691303787940557,True,0.8945304433071334,90.5,candidate_ridge_v1_iface_size
3nbe__A1_B2ZRS9--3nbe__B1_B2ZRS9,5,1,3,0.9446819379098104,True,0.9161253114132681,90.6875,candidate_ridge_v1_iface_size
3nbf__A1_Q72GF3--3nbf__B1_Q72GF3,1,3,0,0.6055948510159368,True,0.8532274313999371,82.625,candidate_ridge_v1_iface_size
3njc__A1_P42955--3njc__B1_P42955,1,5,0,0.2275219995305719,False,0.8402035340328998,83.5625,candidate_ridge_v1_iface_size
3nk4__A1_P79762--3nk4__B1_P79762,3,2,0,0.1255675261988499,False,0.11993586451644983,28.859375,candidate_ridge_v1_iface_size
3nnf__A1_Q6DNF2--3nnf__A2_Q6DNF2,1,5,1,0.8508492998666316,True,0.8210817584244967,79.8125,candidate_ridge_v1_iface_size
3o47__A1_P84077--3o47__A2_P84077,3,3,1,0.0123056370004202,False,0.07015583882835749,19.40625,candidate_ridge_v1_iface_size
3ph0__A1_Q1EHA4--3ph0__B1_Q1EHA2,2,5,0,0.2259082614272336,False,0.8734804337126291,84.625,candidate_ridge_v1_iface_size
3qsg__A1_C8WX00--3qsg__A2_C8WX00,1,1,3,0.5118393935769322,True,0.7906580194314824,79.0,candidate_ridge_v1_iface_size
3qty__A1_Q5NGF2--3qty__B1_Q5NGF2,2,5,0,0.6448777240976127,True,0.8177031452808341,86.0,candidate_ridge_v1_iface_size
3rg2__A1_P10378--3rg2__B1_P10378,2,1,3,0.2612179367302474,True,0.25403391567897565,51.125,candidate_ridge_v1_iface_size
3sy3__A1_A0A6L8P3N5--3sy3__B1_A0A6L8P3N5,1,1,2,0.1400102743750942,False,0.436537813537572,51.5,candidate_ridge_v1_iface_size
3tbi__B1_P0A8V2--3tbi__A1_P13338,1,4,3,0.7209228482762683,True,0.8091637769999062,86.0625,candidate_ridge_v1_iface_size
3teq__C1_Q13586--3teq__A1_Q13586,1,4,2,0.8955632320961543,True,0.8975870594056217,83.4375,candidate_ridge_v1_iface_size
3thf__A1_A1Z9P3--3thf__B1_A1Z9P3,1,1,2,0.6890509467421393,True,0.7995729238249051,76.0625,candidate_ridge_v1_iface_size
3toj__B1_Q9UBL3--3toj__A1_Q9UBL3,1,1,1,0.1410795601565083,False,0.5842390816089941,61.5,candidate_ridge_v1_iface_size
3u3q__A1_O75509--3u3q__A2_O75509,1,2,0,0.4820925216378145,True,0.2087388295336465,36.25,candidate_ridge_v1_iface_size
3u73__A1_Q03405--3u73__B1_P00749,2,5,1,0.2001532918945409,False,0.5862719117262143,65.25,candidate_ridge_v1_iface_size
3ua3__A1_P46580--3ua3__B1_P46580,1,2,2,0.0377440255739999,False,0.6718675018454182,79.1875,candidate_ridge_v1_iface_size
3up1__A1_P16871--3up1__B1_P16871,1,1,2,0.5920188744986378,True,0.8044340939024385,76.875,candidate_ridge_v1_iface_size
3ups__A1_Q5NLX3--3ups__A2_Q5NLX3,1,2,0,0.5998635009245178,True,0.846654392766322,82.9375,candidate_ridge_v1_iface_size
3v69__A1_Q9CWU5--3v69__B1_Q9CWU5,2,4,0,0.1911736875444077,False,0.8974672015703193,88.0,candidate_ridge_v1_iface_size
3vcb__A1_P0C6X9--3vcb__B1_P0C6X9,3,2,0,0.4351499556319713,True,0.6619907570714325,64.0,candidate_ridge_v1_iface_size
3vyr__B1_Q5JII1--3vyr__A1_Q5JII0,13,2,2,0.5801403874892066,True,0.8397588544557946,88.5625,candidate_ridge_v1_iface_size
3w0l__B1_Q91754--3w0l__A1_Q91753,1,4,2,0.3017693726987984,True,0.6850279303377622,71.9375,candidate_ridge_v1_iface_size
3w2v__A1_Q8U1S6--3w2v__B1_Q8U1S7,2,2,1,0.6487088858561937,True,0.8203903689343428,87.0,candidate_ridge_v1_iface_size
3wry__C1_P03587--3wry__A1_A7M6E7,1,3,3,0.0112427896870678,False,0.08879241114127129,22.828125,candidate_ridge_v1_iface_size
3wvb__A1_Q58649--3wvb__B1_Q58649,9,5,0,0.8191858116696437,True,0.9044926079942236,93.1875,candidate_ridge_v1_iface_size
3wxm__A1_Q9YAV0--3wxm__B1_Q9YAZ5,1,3,1,0.7560544052286425,True,0.8159795863915148,86.625,candidate_ridge_v1_iface_size
3x0e__A1_P60033--3x0e__B1_P60033,1,1,3,0.8674119512034433,True,0.8471712355453566,81.125,candidate_ridge_v1_iface_size
3x15__A1_O67504--3x15__C1_O67504,1,5,1,0.5028307175276011,True,0.6873904579176875,71.6875,candidate_ridge_v1_iface_size
3zr4__A1_Q9X0C6--3zr4__B1_Q9X0C8,2,5,2,0.8158701723475166,True,0.8868136501665393,90.4375,candidate_ridge_v1_iface_size
3zyl__A1_O55012--3zyl__B1_O55012,1,5,2,0.8210910147697051,True,0.6907346298104853,71.625,candidate_ridge_v1_iface_size
4a1f__A1_O25916--4a1f__B1_O25916,1,5,0,0.0093942163005769,False,0.39108994660948465,61.28125,candidate_ridge_v1_iface_size
4af9__A1_Q6VBJ0--4af9__A2_Q6VBJ0,1,1,1,0.1797328420873722,False,0.8302110400658395,81.3125,candidate_ridge_v1_iface_size
4aj7__A1_B1PWB9--4aj7__B1_B1PWB9,1,1,1,0.147105688486684,False,0.5250903482963191,50.875,candidate_ridge_v1_iface_size
4at7__A1_Q9CXY6--4at7__B1_Q9Z1X4,2,1,2,0.4611088778379711,True,0.8919762658794039,92.75,candidate_ridge_v1_iface_size
4ayn__A1_C6KHT4--4ayn__B1_C6KHT4,1,2,3,0.062907243225013,False,0.27630880380738454,38.625,candidate_ridge_v1_iface_size
4bi8__B1_S4S1W1--4bi8__A1_S4S1W3,1,2,2,0.948938341533374,True,0.9112428399793391,92.375,candidate_ridge_v1_iface_size
4bjn__A1_Q2MV52--4bjn__B1_Q2MV52,1,3,0,0.7970177171725612,True,0.8628030162791717,86.5,candidate_ridge_v1_iface_size
4bou__A1_Q5T2D3--4bou__A2_Q5T2D3,1,1,1,0.6316043515605312,True,0.4411692768266718,51.4375,candidate_ridge_v1_iface_size
4bry__A1_O75496--4bry__B1_D6RGH6,1,1,0,0.6173584304476837,True,0.8545419607379346,78.125,candidate_ridge_v1_iface_size
4bvx__A1_P56192--4bvx__B1_O43324,1,2,0,0.8272723131457278,True,0.9200131637273634,94.0625,candidate_ridge_v1_iface_size
4cbv__D1_Q79CK7--4cbv__C1_Q79CK7,1,4,2,0.1973919029482123,False,0.4670145953327028,57.59375,candidate_ridge_v1_iface_size
4cfg__A1_Q14258--4cfg__B1_Q14258,1,1,0,0.5715059669686148,True,0.4717350189770846,62.46875,candidate_ridge_v1_iface_size
4dex__A1_P54288--4dex__B1_Q02294,2,3,2,0.5820751923637181,True,0.8882252489453158,87.375,candidate_ridge_v1_iface_size
4dri__A1_Q13451--4dri__B1_P42345,2,1,0,0.0206039735562416,False,0.13292008358277813,27.515625,candidate_ridge_v1_iface_size
4e6w__B1_A0A0H2V8D3--4e6w__A1_A0A0H2V8D3,1,3,0,0.0535746168619866,False,0.6241340849436574,69.4375,candidate_ridge_v1_iface_size
4emo__D1_Q9H0F6--4emo__A1_Q9H0F6,1,3,3,0.1510200350473439,False,0.35680217320244273,45.1875,candidate_ridge_v1_iface_size
4eog__A1_UNDEFINED--4eog__A2_UNDEFINED,1,3,2,0.6403107115674226,True,0.8477444193356048,89.375,candidate_ridge_v1_iface_size
4fmm__B1_P53860--4fmm__A1_P53860,1,4,3,0.7108223628693366,True,0.8178159136548389,83.5,candidate_ridge_v1_iface_size
4fqb__B1_Q9I2Q0--4fqb__A1_Q9I2Q1,1,5,3,0.8773504640432751,True,0.9071187339843173,92.1875,candidate_ridge_v1_iface_size
4fup__A1_Q5HKE8--4fup__A2_Q5HKE8,1,2,2,0.028325479078198,False,0.6679937390770422,67.1875,candidate_ridge_v1_iface_size
4g2u__A1_Q8T8F4--4g2u__B1_Q8T8F4,1,3,2,0.9506203179157516,True,0.8875807381161329,85.6875,candidate_ridge_v1_iface_size
4g3k__A1_O66591--4g3k__B1_O66591,2,4,1,0.8503859878398766,True,0.881913815857934,87.8125,candidate_ridge_v1_iface_size
4g94__B1_Q4Z9Y5--4g94__A1_P0A0J0,1,2,3,0.8319548107929933,True,0.908397897168683,91.875,candidate_ridge_v1_iface_size
4ghw__A1_O59952--4ghw__B1_O59952,1,5,1,0.1901957711546504,False,0.42654367392305137,48.59375,candidate_ridge_v1_iface_size
4git__A1_Q84FG5--4git__B1_Q84FG5,1,4,0,0.9157959770704784,True,0.8908206037516155,84.5,candidate_ridge_v1_iface_size
4giz__A1_P0AEX9--4giz__C1_P03126,17,1,3,0.539636466450312,True,0.8092090776570384,86.4375,candidate_ridge_v1_iface_size
4gof__A1_O43765--4gof__B1_O43765,1,3,3,0.4147329133970719,True,0.8726267101225139,79.5625,candidate_ridge_v1_iface_size
4har__A1_P08563--4har__B1_P08563,1,3,1,0.4208076332640856,True,0.8674088362213941,89.875,candidate_ridge_v1_iface_size
4hg6__A1_Q3J125--4hg6__B1_Q3J126,3,4,3,0.390658278049585,True,0.7594215719563285,84.9375,candidate_ridge_v1_iface_size
4hj1__A1_P03518--4hj1__B1_P03518,1,4,2,0.0035151538857912,False,0.11268016201490234,29.859375,candidate_ridge_v1_iface_size
4hme__A1_B1VBB0--4hme__A2_B1VBB0,1,2,0,0.4880846019797027,True,0.7587166562674603,83.1875,candidate_ridge_v1_iface_size
4ip3__A1_Q8VSD5--4ip3__B1_P61088,1,4,0,0.6119264049097262,True,0.891721336806686,88.875,candidate_ridge_v1_iface_size
4iu2__B1_A0AEF5--4iu2__A1_A0AEF6,1,1,2,0.0276052766435953,False,0.5403516791276807,60.9375,candidate_ridge_v1_iface_size
4jnh__B1_P14349--4jnh__A1_P14349,1,2,1,0.4888419001555908,True,0.44435798776425245,53.15625,candidate_ridge_v1_iface_size
4k5a__A1_Q1RMX3--4k5a__B1_UNDEFINED,1,3,0,0.6443388032278526,True,0.70557738514398,69.125,candidate_ridge_v1_iface_size
4k8w__A1_Q8RP52--4k8w__A2_Q8RP52,1,4,3,0.5262152136621386,True,0.8334204519624152,86.0625,candidate_ridge_v1_iface_size
4kk1__A1_Q09778--4kk1__B1_Q09778,1,4,3,0.0193862138413704,False,0.5477475671525714,59.34375,candidate_ridge_v1_iface_size
4kun__A1_UNDEFINED--4kun__B1_UNDEFINED,1,2,2,0.2816439575412967,True,0.8959428611650532,86.6875,candidate_ridge_v1_iface_size
4l4x__A1_Q93NX9--4l4x__A2_Q93NX9,1,5,0,0.0768369340453875,False,0.5877120366579204,68.1875,candidate_ridge_v1_iface_size
4l9i__A1_P28327--4l9i__B1_P28327,1,4,3,0.0622548013796975,False,0.4235284185236407,73.75,candidate_ridge_v1_iface_size
4lo8__A1_Q8KHU9--4lo8__B1_Q45878,1,4,1,0.445963029444939,True,0.7101207946858388,72.75,candidate_ridge_v1_iface_size
4lp7__C1_Q91F56--4lp7__A1_Q91F56,1,5,2,0.0838438891847362,False,0.08843739856338825,21.375,candidate_ridge_v1_iface_size
4lrq__C1_A0A0H3ALA8--4lrq__A1_A0A0H3ALA8,1,3,3,0.0780186338848186,False,0.7417802267748362,70.875,candidate_ridge_v1_iface_size
4luq__A1_Q9HYC5--4luq__C1_Q9HYC4,1,2,2,0.0068850428237788,False,0.9053409375331405,91.25,candidate_ridge_v1_iface_size
4mgy__A1_Q9EQZ6--4mgy__B1_P61224,3,2,2,0.7614040298057253,True,0.8355860610110053,88.1875,candidate_ridge_v1_iface_size
4muc__B1_Q03591--4muc__A1_Q03591,1,2,2,0.3050739807925627,True,0.30287469998623917,41.84375,candidate_ridge_v1_iface_size
4mxe__A1_Q5FWF5--4mxe__B1_Q5FWF5,1,3,0,0.2689491583438005,True,0.7140297308039347,79.25,candidate_ridge_v1_iface_size
4n1j__B1_Q86W24--4n1j__A1_Q86W24,1,4,0,0.126247796600908,False,0.10460804008098498,26.125,candidate_ridge_v1_iface_size
4n1k__B1_Q86W24--4n1k__A1_Q86W24,1,4,1,0.0216514610931053,False,0.39195360687237507,42.90625,candidate_ridge_v1_iface_size
4n6j__A1_Q13033--4n6j__B1_Q13033,1,4,1,0.0304486863605663,False,0.6467217154429734,55.5,candidate_ridge_v1_iface_size
4nc4__A1_Q9FN03--4nc4__B1_Q9FN03,1,4,0,0.8160390604903479,True,0.9115953396870694,93.75,candidate_ridge_v1_iface_size
4ndj__A1_U6GSR1--4ndj__A2_U6GSR1,1,5,0,0.0154801976447282,False,0.10687162687845506,22.953125,candidate_ridge_v1_iface_size
4nfu__A1_Q9XF23--4nfu__B1_Q4F883,2,4,0,0.4747938600697556,True,0.7933447046975192,85.5625,candidate_ridge_v1_iface_size
4noo__A1_Q9KN42--4noo__B1_Q9KN41,1,4,0,0.7942468479723105,True,0.8500491678616494,85.375,candidate_ridge_v1_iface_size
4nsr__A1_Q9KN41--4nsr__C1_Q9KN41,1,4,1,0.822933711821706,True,0.8990075141116656,87.6875,candidate_ridge_v1_iface_size
4ny2__A1_UNDEFINED--4ny2__B1_UNDEFINED,3,1,3,0.9023585048016546,True,0.8792336203870674,91.4375,candidate_ridge_v1_iface_size
4o4o__A1_Q8YLF9--4o4o__B1_Q8YLF9,1,4,3,0.0838607026393436,False,0.7879863217823277,81.9375,candidate_ridge_v1_iface_size
4o6i__B1_P09992--4o6i__A1_P09992,1,1,1,0.5618450290845716,True,0.18453376739753977,34.5,candidate_ridge_v1_iface_size
4o96__A1_Q8XAL6--4o96__B1_Q8XAL6,1,5,2,0.0164888196612753,False,0.6166641850684106,69.125,candidate_ridge_v1_iface_size
4oak__A1_Q9JN36--4oak__B1_Q9JN36,1,2,3,0.0059317195236815,False,0.8943413060823122,89.5,candidate_ridge_v1_iface_size
4obx__A1_P49017--4obx__D1_P49017,1,4,1,0.8614916096331443,True,0.7647361858169552,75.125,candidate_ridge_v1_iface_size
4oh8__B1_Q8WWW0--4oh8__A1_Q13043,1,3,2,0.8530177303708832,True,0.8995241458488125,86.3125,candidate_ridge_v1_iface_size
4oy2__A1_P46677--4oy2__D1_Q05021,2,2,1,0.8085698332701775,True,0.7404332697059588,92.5625,candidate_ridge_v1_iface_size
4oyu__B1_Q99PV3--4oyu__A1_Q99PV3,1,1,1,0.088293334207554,False,0.14614516995161594,26.515625,candidate_ridge_v1_iface_size
4puh__A1_Q9FIC3--4puh__B1_Q9FIC3,2,3,3,0.3359237580655965,True,0.7657530350375602,65.375,candidate_ridge_v1_iface_size
4pxj__B1_Q9UPT6--4pxj__A1_Q9UPT6,1,5,2,0.0289764310971171,False,0.5051227040775493,51.3125,candidate_ridge_v1_iface_size
4qc9__A1_P04303--4qc9__D1_P04303,1,1,3,0.1443368456173842,False,0.6876074186727761,69.5,candidate_ridge_v1_iface_size
4qhj__A1_Q58610--4qhj__B1_Q58610,2,5,0,0.215920944447924,False,0.8388744474196446,78.9375,candidate_ridge_v1_iface_size
4qpl__A1_Q9CZW6--4qpl__B1_P51668,2,3,0,0.2723280472361324,True,0.8799404814630695,86.75,candidate_ridge_v1_iface_size
4r5k__B1_P0A6Y8--4r5k__A1_P0A6Y8,1,5,0,0.0124531219933621,False,0.22287544088735475,42.15625,candidate_ridge_v1_iface_size
4r6i__A1_Q44636--4r6i__B1_Q44636,1,4,3,0.0040291755518716,False,0.6533345249522048,75.375,candidate_ridge_v1_iface_size
4rt0__A1_Q9HY69--4rt0__A2_Q9HY69,1,4,1,0.6044193698676752,True,0.7547435117883385,69.3125,candidate_ridge_v1_iface_size
4u0q__A1_B2L3N7--4u0q__B1_P35613,1,4,1,0.0319602483495932,False,0.1835856767774094,31.484375,candidate_ridge_v1_iface_size
4u1c__A1_P32497--4u1c__B1_P38249,1,1,3,0.787596505481705,True,0.8490053673149079,87.75,candidate_ridge_v1_iface_size
4u3q__B1_P29722--4u3q__A1_P29722,1,5,3,0.0108247249668474,False,0.5868420230589875,68.5,candidate_ridge_v1_iface_size
4u4p__A1_O95347--4u4p__B1_Q9NTJ3,2,4,3,0.9097408884566835,True,0.8836072686767267,92.0,candidate_ridge_v1_iface_size
4uhz__A1_P12643--4uhz__B1_Q6NW40,1,3,0,0.8907249378615077,True,0.8185444366218959,77.25,candidate_ridge_v1_iface_size
4upd__A1_Q2TFW1--4upd__B1_Q2TFW1,2,3,0,0.0198660347274635,False,0.8496041459896813,86.6875,candidate_ridge_v1_iface_size
4v1i__A1_A0A140UH28--4v1i__B1_A0A140UH28,1,3,2,0.90398662493889,True,0.7966108602549226,78.6875,candidate_ridge_v1_iface_size
4wj0__A1_O58938--4wj0__B1_O58938,1,1,0,0.1598244931197092,False,0.495825022111592,59.21875,candidate_ridge_v1_iface_size
4wlp__A1_Q9Y5K5--4wlp__B1_Q6P4R8,1,4,1,0.7497861116122783,True,0.8243357874012188,87.0625,candidate_ridge_v1_iface_size
4wpd__A1_Q55080--4wpd__B1_Q55080,1,5,2,0.0117837039242103,False,0.24645398792005715,40.84375,candidate_ridge_v1_iface_size
4xl5__B1_UNDEFINED--4xl5__A1_P42212,1,1,2,0.0382471790856429,False,0.3265998032277453,49.75,candidate_ridge_v1_iface_size
4xt2__C1_Q99814--4xt2__A1_P27540,1,3,1,0.6127440693611702,True,0.8691434473582607,85.9375,candidate_ridge_v1_iface_size
4xyd__A1_Q16A04--4xyd__B1_Q16A03,1,4,0,0.9330826864686212,True,0.9194014935828626,95.0625,candidate_ridge_v1_iface_size
4yxc__A1_P00720--4yxc__B1_P26419,4,5,3,0.1324499263225631,False,0.5758666588875612,64.0,candidate_ridge_v1_iface_size
4z0o__A1_Q504Y3--4z0o__A2_Q504Y3,1,3,1,0.4368925628415042,True,0.6864547327596804,66.6875,candidate_ridge_v1_iface_size
4z86__A1_Q9KQ21--4z86__B1_Q9KQ21,1,4,2,0.0312716917741907,False,0.5489420723509896,69.875,candidate_ridge_v1_iface_size
4zb3__A1_Q9SU14--4zb3__A2_Q9SU14,1,3,0,0.2185476910433966,False,0.8148939408530865,85.625,candidate_ridge_v1_iface_size
4zir__A1_Q9WY65--4zir__B1_Q9X1Z1,1,4,0,0.5461757584785515,True,0.8287118671571335,83.625,candidate_ridge_v1_iface_size
4zkc__A1_Q2F862--4zkc__B1_P80098,3,5,2,0.6915016438295133,True,0.8787181590221359,87.0,candidate_ridge_v1_iface_size
5an6__B1_Q9X2D0--5an6__C1_Q9X2D0,1,5,0,0.5931615385726493,True,0.38322799888707565,57.46875,candidate_ridge_v1_iface_size
5axg__B1_B0KBZ7--5axg__A1_B0KBZ7,1,4,2,0.3650160340654904,True,0.6017461550564244,66.4375,candidate_ridge_v1_iface_size
5ayr__A1_P13051--5ayr__B1_Q936H5,4,4,3,0.8552682315043404,True,0.9033071145530066,92.1875,candidate_ridge_v1_iface_size
5b1q__A1_Q9WT50--5b1q__B1_Q9WT50,2,1,2,0.3028806864051724,True,0.7613889683472135,81.8125,candidate_ridge_v1_iface_size
5b2g__A1_O14493--5b2g__B1_P01558,1,4,1,0.0037185053908853,False,0.13666869133160486,30.0625,candidate_ridge_v1_iface_size
5b2h__A1_Q93HT5--5b2h__B1_Q93HT5,1,4,0,0.7214598625100038,True,0.8739193532776288,85.8125,candidate_ridge_v1_iface_size
5b5w__A1_Q8BPB0--5b5w__B1_O95835,1,4,1,0.909766172407827,True,0.8848491583038329,88.25,candidate_ridge_v1_iface_size
5bqb__A1_Q00604--5bqb__B1_Q00604,1,1,0,0.7429590609475647,True,0.8578833360697681,85.0,candidate_ridge_v1_iface_size
5ch7__A1_G8QM55--5ch7__B1_G8QM54,6,5,0,0.7449583815195274,True,0.8271840916413189,95.1875,candidate_ridge_v1_iface_size
5cqs__A1_Q06706--5cqs__D1_Q06706,1,1,0,0.5220133867610101,True,0.7593987618677048,82.1875,candidate_ridge_v1_iface_size
5cs3__A1_P14210--5cs3__B1_P14210,1,3,3,0.0076008261097401,False,0.7401379110710748,68.1875,candidate_ridge_v1_iface_size
5cuz__A1_Q9H3L0--5cuz__A2_Q9H3L0,1,2,3,0.0604337803840459,False,0.37448691557662184,57.5,candidate_ridge_v1_iface_size
5d7q__A1_Q8IXJ6--5d7q__B1_Q8IXJ6,1,1,0,0.0573828616716857,False,0.38890040254395275,52.5,candidate_ridge_v1_iface_size
5d8e__A1_Q9BQ15--5d8e__D1_Q9BQ15,1,1,3,0.0303829707882436,False,0.6546913346934051,67.875,candidate_ridge_v1_iface_size
5doi__A1_D2CVN7--5doi__E1_Q6JXI5,1,1,2,0.0667390543533049,False,0.05056274885296382,13.8203125,candidate_ridge_v1_iface_size
5e4b__A1_A0A1C9V3S9--5e4b__B1_A0A1C9V3S9,1,2,3,0.2765387323049999,True,0.7116891073852474,72.625,candidate_ridge_v1_iface_size
5e9h__B1_Q4HYR2--5e9h__A1_Q4HYR2,2,2,1,0.0060616400031019,False,0.5707981287874309,68.375,candidate_ridge_v1_iface_size
5eu0__A1_E6YJU0--5eu0__B1_E6YLF5,1,1,3,0.9128853845557424,True,0.9327222936621966,95.8125,candidate_ridge_v1_iface_size
5evk__A1_P52700--5evk__A2_P52700,1,4,3,0.0139310059860567,False,0.9179531475050817,91.125,candidate_ridge_v1_iface_size
5f22__B1_P0C6X7--5f22__A1_P0C6U8,1,2,1,0.6417353144944675,True,0.8858968297784238,89.1875,candidate_ridge_v1_iface_size
5f4e__A1_Q8IYV9--5f4e__B1_A6ND01,2,1,0,0.777351900625233,True,0.8593425186411549,85.25,candidate_ridge_v1_iface_size
5fbz__A1_A0A182DWC7--5fbz__B1_P01053,2,1,2,0.9195731842691458,True,0.9154590997808342,93.5,candidate_ridge_v1_iface_size
5fnw__A1_M1AKE5--5fnw__A2_M1AKE5,1,1,3,0.5319554001896277,True,0.8423997201571745,82.25,candidate_ridge_v1_iface_size
5gko__A1_A0A0D8G707--5gko__B1_A0A0D8G707,1,4,3,0.1615519572581409,False,0.2482426904143186,46.5,candidate_ridge_v1_iface_size
5gox__A1_Q92878--5gox__B1_Q92878,7,5,2,0.1836078241059211,False,0.6639049169921433,61.90625,candidate_ridge_v1_iface_size
5gwv__B1_A0A010--5gwv__A1_A0A010,2,4,0,0.9611613736067248,True,0.8978711865256118,93.125,candidate_ridge_v1_iface_size
5h1p__A1_D2UG58--5h1p__B1_D2UG58,5,1,3,0.8275563996820122,True,0.8890036871673633,86.375,candidate_ridge_v1_iface_size
5hpg__A1_P00747--5hpg__B1_P00747,1,1,2,0.0165734166484943,False,0.5814630357318272,54.40625,candidate_ridge_v1_iface_size
5hrm__B1_A0A077JBW9--5hrm__A1_A0A077JBW9,1,5,3,0.1580328141794891,False,0.6450816711119639,76.4375,candidate_ridge_v1_iface_size
5hy7__A1_G0S5A2--5hy7__B1_G0S133,2,5,2,0.8768039838326579,True,0.8916831076771315,96.1875,candidate_ridge_v1_iface_size
5jkt__A1_P20536--5jkt__B1_P20995,1,2,3,0.9342856003333696,True,0.9309912652808566,95.375,candidate_ridge_v1_iface_size
5k7b__B1_A8MW95--5k7b__A1_A8MW95,1,4,0,0.1972049606886025,False,0.8052287959414276,76.75,candidate_ridge_v1_iface_size
5kou__B1_Q82446--5kou__A1_Q82446,1,2,0,0.6771205752185793,True,0.8211877084090781,84.8125,candidate_ridge_v1_iface_size
5ky2__A1_Q91ZW2--5ky2__B1_P70375,2,3,2,0.798465382458823,True,0.9214124564334549,94.4375,candidate_ridge_v1_iface_size
5kyy__B1_O94855--5kyy__A1_Q15436,1,5,1,0.6528351641941849,True,0.8769644398330434,90.5625,candidate_ridge_v1_iface_size
5l0w__A1_G0SH41--5l0w__B1_G0S0B5,1,5,1,0.6679242603817254,True,0.8292472746610691,84.75,candidate_ridge_v1_iface_size
5l1m__A1_Q8WXE0--5l1m__A2_Q8WXE0,1,4,2,0.1701336070903564,False,0.3053079074218759,46.09375,candidate_ridge_v1_iface_size
5lda__A1_Q8U1Y4--5lda__B1_Q8U1Z3,2,5,2,0.436502941743613,True,0.7941965357592252,72.25,candidate_ridge_v1_iface_size
5lsb__A1_Q99181--5lsb__B1_Q02554,1,4,1,0.6927731367981192,True,0.8705942381113945,91.25,candidate_ridge_v1_iface_size
5ltu__B1_Q9NZJ9--5ltu__A1_Q9NZJ9,1,1,1,0.0109808237333227,False,0.08127786087986079,20.015625,candidate_ridge_v1_iface_size
5lxr__A1_Q9Y580--5lxr__B1_Q6NZY4,1,4,1,0.9139293593944988,True,0.9061475684048546,88.8125,candidate_ridge_v1_iface_size
5min__B1_P13650--5min__A1_P13650,5,1,2,0.84503088392831,True,0.8963295268442659,93.375,candidate_ridge_v1_iface_size
5mxg__A1_C7BLE4--5mxg__A2_C7BLE4,1,3,1,0.8656301051348044,True,0.8546393071039236,86.875,candidate_ridge_v1_iface_size
5swi__A1_A0A0Y0HIE3--5swi__D1_A0A0Y0HIE3,1,1,2,0.8018132955644736,True,0.80421780628546,86.5,candidate_ridge_v1_iface_size
5t3r__B1_Q8A6W3--5t3r__A1_Q8A6W4,3,5,3,0.8188399419784291,True,0.7610089233226796,93.75,candidate_ridge_v1_iface_size
5t5s__A1_P49588--5t5s__A2_P49588,1,4,2,0.4011343740216402,True,0.17143316067828976,35.59375,candidate_ridge_v1_iface_size
5tbk__J1_P18754--5tbk__A1_O00629,3,4,3,0.7417787919583153,True,0.8155315004982201,85.1875,candidate_ridge_v1_iface_size
5tc2__A1_P04585--5tc2__B1_P04585,1,4,1,0.8044065534328168,True,0.8245862372652492,73.5,candidate_ridge_v1_iface_size
5u4o__A1_A0A6H3AI29--5u4o__A2_A0A6H3AI29,1,3,2,0.0072385256368242,False,0.12824378228187053,30.0625,candidate_ridge_v1_iface_size
5uiw__A1_P51681--5uiw__B1_P13501,1,3,1,0.7875560236075723,True,0.8518380437325613,88.0,candidate_ridge_v1_iface_size
5uzu__B1_P05164--5uzu__A1_Q2G0X2,4,5,1,0.0661085909298063,False,0.39178659481013534,40.5,candidate_ridge_v1_iface_size
5ve6__A1_Q86YV5--5ve6__A2_Q86YV5,1,4,2,0.0135804849129496,False,0.5977213183083978,69.5,candidate_ridge_v1_iface_size
5vpc__B1_P17535--5vpc__A1_P53539,1,1,2,0.4397793860743206,True,0.838657218829818,77.5625,candidate_ridge_v1_iface_size
5vxz__A1_Q14393--5vxz__C1_P30530,1,4,2,0.8716297139356378,True,0.8952907365261948,93.8125,candidate_ridge_v1_iface_size
5vzt__B1_Q5XUX0--5vzt__A1_P63208,1,4,2,0.7902845164912606,True,0.858390191979066,91.8125,candidate_ridge_v1_iface_size
5wat__A2_P07128--5wat__B1_P07128,1,1,1,0.0050215267149202,False,0.9096942476195531,93.875,candidate_ridge_v1_iface_size
5wee__A1_A0A183GMB4--5wee__B1_A0A183GMB4,2,3,3,0.3927135117596865,True,0.16393408091665354,29.796875,candidate_ridge_v1_iface_size
5wuq__A1_Q45585--5wuq__C1_Q45588,1,2,1,0.7923164022251757,True,0.8996487727158313,89.9375,candidate_ridge_v1_iface_size
5xec__B1_P15452--5xec__A1_P00099,1,5,3,0.0530329681270017,False,0.3206303869299292,39.34375,candidate_ridge_v1_iface_size
5xpz__A1_Q8CIB5--5xpz__B1_Q8CIB5,1,5,2,0.007365089833755,False,0.504920618771841,61.1875,candidate_ridge_v1_iface_size
5y61__A1_Q9I4L4--5y61__B1_Q9I4L6,1,2,2,0.490648565692972,True,0.8528318572719412,86.6875,candidate_ridge_v1_iface_size
5y78__A1_B5AJT1--5y78__B1_B5AJT1,1,5,0,0.3772115734669617,True,0.6541660879251537,69.75,candidate_ridge_v1_iface_size
5yh3__A1_Q96MK3--5yh3__B1_Q8IXL6,1,4,2,0.6812467327592476,True,0.8465662505695131,87.3125,candidate_ridge_v1_iface_size
5z5y__A1_P02866--5z5y__B1_P02866,1,3,0,0.7669034385582192,True,0.9026060747337794,92.8125,candidate_ridge_v1_iface_size
5ztb__B1_Q72LF3--5ztb__A1_Q72LF4,1,2,0,0.8335348552088222,True,0.898379152961211,92.6875,candidate_ridge_v1_iface_size
5zyo__A1_P0A8I8--5zyo__C1_P0A8I8,1,5,3,0.0363799116735716,False,0.8705190325513101,84.375,candidate_ridge_v1_iface_size
6a3v__A1_P41273--6a3v__B1_Q07011,1,3,1,0.6013949760950238,True,0.8542830633684049,86.3125,candidate_ridge_v1_iface_size
6a9y__A1_Q9BQI5--6a9y__A2_Q9BQI5,1,3,2,0.0040480594930259,False,0.21438592200417114,39.34375,candidate_ridge_v1_iface_size
6ahy__B1_P56703--6ahy__A1_Q61091,1,3,0,0.3258036370431348,True,0.5542984611381895,61.03125,candidate_ridge_v1_iface_size
6apx__A1_P0AEX9--6apx__B1_UNDEFINED,2,3,3,0.0075124860129663,False,0.3650853035927883,44.15625,candidate_ridge_v1_iface_size
6aqe__B1_Q9RY20--6aqe__A1_Q9RY20,1,4,2,0.0100499212123842,False,0.8863307053322474,90.125,candidate_ridge_v1_iface_size
6au8__A1_Q7L5D6--6au8__B1_P46379,2,1,3,0.7325659256059115,True,0.9100461197607382,94.0625,candidate_ridge_v1_iface_size
6cp8__A1_A0A2A2CAY5--6cp8__C1_A0A2A2C800,2,1,2,0.7080367920275656,True,0.8713397610610475,88.25,candidate_ridge_v1_iface_size
6djl__C1_O60239--6djl__A1_P62491,1,4,1,0.64282704808161,True,0.7462317932830107,77.8125,candidate_ridge_v1_iface_size
6dkk__B1_P0DPI0--6dkk__A1_P0DPI0,1,5,0,0.005764619969538,False,0.15174733387361303,32.75,candidate_ridge_v1_iface_size
6e8a__A1_Q7CPJ3--6e8a__A2_Q7CPJ3,1,1,1,0.764736155460375,True,0.58712662361263,66.4375,candidate_ridge_v1_iface_size
6efw__A1_J9VIT7--6efw__A2_J9VIT7,1,2,2,0.703673586731474,True,0.6664067288400539,72.9375,candidate_ridge_v1_iface_size
6eho__A1_Q99523--6eho__A2_Q99523,1,3,0,0.0246942943023912,False,0.16284521740804722,33.96875,candidate_ridge_v1_iface_size
6ejv__A1_Q65J43--6ejv__B1_Q65J43,1,5,1,0.0318454329595879,False,0.3540325018697765,42.25,candidate_ridge_v1_iface_size
6em0__A1_O06647--6em0__A2_O06647,4,4,3,0.005692556415611,False,0.8764093154694428,92.5,candidate_ridge_v1_iface_size
6exa__B1_Q5ZYC7--6exa__A1_Q5ZYC7,1,5,0,0.5555576040803123,True,0.8073508561605964,78.9375,candidate_ridge_v1_iface_size
6fc2__A1_P07260--6fc2__B1_P36041,4,1,2,0.673249941965981,True,0.8704467018390202,87.9375,candidate_ridge_v1_iface_size
6hlk__A1_A0A5H1ZR32--6hlk__A2_A0A5H1ZR32,1,4,0,0.802606455045806,True,0.7083250681982115,68.75,candidate_ridge_v1_iface_size
6hmv__A1_Q9H3P7--6hmv__B1_Q68T42,1,4,3,0.9377771140401684,True,0.9123488004771507,91.5625,candidate_ridge_v1_iface_size
6htj__A1_Q97VU8--6htj__B1_Q97VU8,1,2,0,0.015487878275578,False,0.881806481659633,85.1875,candidate_ridge_v1_iface_size
6hul__B1_P50383--6hul__A1_P50382,1,5,1,0.7682314825245182,True,0.8975581900580474,91.125,candidate_ridge_v1_iface_size
6i7s__C1_P55157--6i7s__A1_P07237,1,1,0,0.7546723345142078,True,0.7983318330420843,83.4375,candidate_ridge_v1_iface_size
6in7__B1_Q06198--6in7__A1_P38107,1,1,1,0.7807760753875316,True,0.8622177091745404,90.625,candidate_ridge_v1_iface_size
6iub__A1_O25759--6iub__B1_O25759,1,1,2,0.1604494920811686,False,0.890857059424535,90.5625,candidate_ridge_v1_iface_size
6j2u__B1_Q93HL2--6j2u__A1_Q93HL1,1,1,1,0.9374508786738164,True,0.913437393121935,93.5,candidate_ridge_v1_iface_size
6j4p__A1_Q86V25--6j4p__B1_Q8N300,1,1,0,0.7339031598225639,True,0.9007883809655133,91.8125,candidate_ridge_v1_iface_size
6j7m__A1_Q9HZZ1--6j7m__C1_Q9HZZ2,1,1,2,0.3299399393566154,True,0.7981237259579748,81.0625,candidate_ridge_v1_iface_size
6jh0__D1_UNDEFINED--6jh0__A1_P03502,1,5,1,0.2868185929111327,True,0.5601870568559373,54.9375,candidate_ridge_v1_iface_size
6jtz__A1_P46063--6jtz__B1_P46063,1,2,2,0.0109543703480438,False,0.3225655499587906,54.0,candidate_ridge_v1_iface_size
6jzf__A1_Q8VY16--6jzf__B1_Q8VY16,7,5,0,0.0135847170391601,False,0.692025599289839,76.0625,candidate_ridge_v1_iface_size
6k3b__A1_Q5ZTL4--6k3b__B1_Q5ZTL2,2,1,2,0.012751061681791,False,0.12790112115969024,26.78125,candidate_ridge_v1_iface_size
6k7c__A1_D4ZE39--6k7c__B1_D4ZE39,1,3,3,0.0387054167633417,False,0.7480237271485918,64.125,candidate_ridge_v1_iface_size
6k8i__B1_Q96524--6k8i__A1_Q96524,1,3,0,0.0051372049974856,False,0.4711191278139362,60.875,candidate_ridge_v1_iface_size
6kbe__A1_B9G207--6kbe__B1_P0CG48,1,4,2,0.3460214804366961,True,0.840615708851849,86.5625,candidate_ridge_v1_iface_size
6ki2__A1_Q55415--6ki2__B1_Q55415,1,3,1,0.1893061994705863,False,0.6397571399308347,71.375,candidate_ridge_v1_iface_size
6koi__B1_Q9Y5W9--6koi__A1_Q9Y5W9,1,5,1,0.0097063327220924,False,0.12186122433029319,27.84375,candidate_ridge_v1_iface_size
6kos__A1_UNDEFINED--6kos__B1_UNDEFINED,1,1,2,0.2009791396183079,False,0.7973331780158027,76.8125,candidate_ridge_v1_iface_size
6kuc__A1_Q9Y006--6kuc__A2_Q9Y006,5,3,2,0.4590128952174335,True,0.77532457852467,79.25,candidate_ridge_v1_iface_size
6kwz__A1_Q94707--6kwz__B2_Q94707,1,3,1,0.048976124523536,False,0.11177161212900742,24.09375,candidate_ridge_v1_iface_size
6l4p__A1_Q9XHH2--6l4p__B1_Q39575,1,4,2,0.8920009563717303,True,0.9139783685186665,93.4375,candidate_ridge_v1_iface_size
6lh6__A1_A0A1S2XQ25--6lh6__B1_A0A1S2XQ25,1,4,0,0.0308704674167178,False,0.4932423101721526,49.34375,candidate_ridge_v1_iface_size
6lqo__A1_P29882--6lqo__G1_P0CK49,1,3,3,0.7060468229102561,True,0.8461045518248727,84.0625,candidate_ridge_v1_iface_size
6n85__A1_Q5E9J8--6n85__B1_P0AEX9,1,5,1,0.2286979573082637,False,0.7452474426979411,83.75,candidate_ridge_v1_iface_size
6nf3__B2_P02654--6nf3__A1_P02654,1,2,0,0.0232613876191738,False,0.12870907916584706,27.890625,candidate_ridge_v1_iface_size
6njy__A1_F3ZXK6--6njy__B1_F3ZXK6,1,4,2,0.5430796548145969,True,0.8623705591066977,85.875,candidate_ridge_v1_iface_size
6o1t__A1_P79125--6o1t__B2_P79125,1,1,1,0.7292058696325713,True,0.5274684484228416,58.1875,candidate_ridge_v1_iface_size
6ob5__A1_P0AEX9--6ob5__D1_UNDEFINED,1,1,2,0.0880476943921951,False,0.6328168886580482,64.25,candidate_ridge_v1_iface_size
6ocf__A1_Q7L8A9--6ocf__B1_Q8N300,2,2,2,0.5653185347929575,True,0.7847586160249692,78.75,candidate_ridge_v1_iface_size
6otn__A1_P06753--6otn__B1_P06753,1,5,3,0.857931489149813,True,0.8256989118781706,78.4375,candidate_ridge_v1_iface_size
6p66__B1_O29890--6p66__A1_O29889,1,2,2,0.2645865596006814,True,0.6737626066040153,73.625,candidate_ridge_v1_iface_size
6p7y__A1_J7H333--6p7y__B1_P52799,1,5,3,0.5328041685205823,True,0.858818779127279,88.6875,candidate_ridge_v1_iface_size
6pal__A1_A0A412SRH5--6pal__B1_A0A412SRH5,1,2,1,0.0334344677076765,False,0.1255318194047265,28.515625,candidate_ridge_v1_iface_size
6pnp__A1_Q9CS84--6pnp__B1_Q63366,1,1,0,0.566061935849777,True,0.8329068094981589,81.0625,candidate_ridge_v1_iface_size
6pog__B1_Q99435--6pog__A1_Q96MS0,1,4,2,0.7113385188458835,True,0.8699216583039519,84.0,candidate_ridge_v1_iface_size
6pqn__A1_B0F0C5--6pqn__B1_B0F0C5,1,4,1,0.1863061165232762,False,0.7649971092167908,81.1875,candidate_ridge_v1_iface_size
6pyk__A1_P16466--6pyk__A2_P16466,1,3,0,0.4380012084326712,True,0.8095932649401769,80.9375,candidate_ridge_v1_iface_size
6qpk__B1_A0A2H1G421--6qpk__A1_A0A2H1G421,1,2,3,0.0437001347679296,False,0.11577713854138139,28.328125,candidate_ridge_v1_iface_size
6qxp__A1_O48809--6qxp__I1_Q9FZA0,5,3,1,0.7069010276506785,True,0.8747663913213445,89.75,candidate_ridge_v1_iface_size
6r2f__A1_Q9BXU0--6r2f__B1_Q9BXU0,2,5,2,0.1186430302415088,False,0.3043445871561674,38.4375,candidate_ridge_v1_iface_size
6r6n__A1_Q1Q7P4--6r6n__B1_Q1Q7P3,1,1,2,0.5631643736795385,True,0.8312167136644872,82.375,candidate_ridge_v1_iface_size
6ra0__A1_Q9XUJ7--6ra0__A2_Q9XUJ7,2,4,2,0.0122986518608096,False,0.5165922104547582,57.59375,candidate_ridge_v1_iface_size
6ra9__B1_Q71V39--6ra9__A1_Q71V39,1,5,2,0.0248607106188873,False,0.07892865259070787,25.484375,candidate_ridge_v1_iface_size
6rj8__A1_A0A5B8X6B5--6rj8__A2_A0A5B8X6B5,1,3,3,0.8755653663341508,True,0.8957780787565246,92.875,candidate_ridge_v1_iface_size
6rm9__A1_G0SEG4--6rm9__B1_G0SFN3,1,5,2,0.8330006800487264,True,0.865136248143873,91.6875,candidate_ridge_v1_iface_size
6s6a__A1_Q7L523--6s6a__C1_Q9HB90,9,1,3,0.7020437105573221,True,0.8424057265579425,89.3125,candidate_ridge_v1_iface_size
6s9j__A1_Q8AZ57--6s9j__B1_A0A060BIS8,1,2,1,0.0092203128599265,False,0.13085516363649102,27.734375,candidate_ridge_v1_iface_size
6sqc__A1_P0AEX9--6sqc__B1_Q9Y6Q9,1,3,2,0.2669722961001888,True,0.7312304057074002,71.0,candidate_ridge_v1_iface_size
6sqj__A1_Q04245--6sqj__B1_Q04245,1,4,0,0.029361257500665,False,0.7388644714546215,74.4375,candidate_ridge_v1_iface_size
6t6q__A1_A0A0F7VBC6--6t6q__B1_A0A0F7VBC6,1,5,3,0.0328870692358739,False,0.3238825704877597,44.28125,candidate_ridge_v1_iface_size
6tgk__A1_Q05086--6tgk__A2_Q05086,1,3,2,0.700625532962126,True,0.7204474546983224,76.875,candidate_ridge_v1_iface_size
6tp8__A1_P41365--6tp8__B1_P41365,1,3,2,0.0270528369830388,False,0.6042335298239221,65.6875,candidate_ridge_v1_iface_size
6u7f__A1_P15144--6u7f__C1_Q1HVL3,1,3,1,0.0068917566344497,False,0.30407922253244235,41.125,candidate_ridge_v1_iface_size
6ubo__A1_P0A901--6ubo__B1_P0A901,1,3,0,0.0640170394411847,False,0.88226829490264,86.5,candidate_ridge_v1_iface_size
6ust__A1_A0A174CV66--6ust__D2_A0A174CV66,1,5,3,0.0044074617767606,False,0.7441391785204632,77.1875,candidate_ridge_v1_iface_size
6vax__A1_P31040--6vax__B1_Q9NX18,1,4,1,0.6319603056141553,True,0.8885956595382923,94.375,candidate_ridge_v1_iface_size
6vwo__A1_P0AEW6--6vwo__A2_P0AEW6,1,2,2,0.5836961484115966,True,0.8629090437982481,87.875,candidate_ridge_v1_iface_size
6w2n__A1_Q4DJ68--6w2n__A2_Q4DJ68,1,4,0,0.5138611555906126,True,0.8399687862668882,90.875,candidate_ridge_v1_iface_size
6wlg__A1_Q68E01--6wlg__B2_Q68E01,2,1,1,0.6407793650551606,True,0.8501838557003112,85.3125,candidate_ridge_v1_iface_size
6wmk__A1_UNDEFINED--6wmk__B1_UNDEFINED,5,1,2,0.8991978969959024,True,0.8849406470680021,83.8125,candidate_ridge_v1_iface_size
6xb4__A1_V9XTR0--6xb4__B1_V9XTR0,1,1,1,0.5864876008947756,True,0.4203189438344385,54.0,candidate_ridge_v1_iface_size
6xj5__A1_P06621--6xj5__B1_P06621,1,4,0,0.0052011740388641,False,0.8432480628604117,85.5625,candidate_ridge_v1_iface_size
6xwx__A1_G0S825--6xwx__B1_G0S0S7,4,1,2,0.6928116998026569,True,0.9082183112567316,93.625,candidate_ridge_v1_iface_size
6y62__B1_Q5MYC0--6y62__A1_Q5MYC0,1,5,1,0.3157918391307557,True,0.7900681125196394,84.4375,candidate_ridge_v1_iface_size
6y75__A1_Q236S9--6y75__B1_Q236S9,7,3,1,0.5537968021152929,True,0.9067319214135385,87.875,candidate_ridge_v1_iface_size
6y9m__D1_P36291--6y9m__A1_P36291,1,1,1,0.0037148965631617,False,0.15682983686334637,24.421875,candidate_ridge_v1_iface_size
6yva__A1_P0DTD1--6yva__B1_Q64339,1,5,1,0.504009536357786,True,0.8301515240031621,84.0,candidate_ridge_v1_iface_size
6yyi__A1_B5YB78--6yyi__B1_B5YB78,1,2,3,0.9407528066762016,True,0.8706032023865937,90.1875,candidate_ridge_v1_iface_size
6z70__A1_O66528--6z70__B1_O66528,1,3,2,0.7922593559445478,True,0.5155394820684781,62.5,candidate_ridge_v1_iface_size
6z81__A1_P05852--6z81__C1_P76256,3,1,3,0.759399506374943,True,0.8977516261185486,93.3125,candidate_ridge_v1_iface_size
6zht__A1_P22515--6zht__B1_P52490,1,2,0,0.6054785012482582,True,0.7433212491194346,78.5625,candidate_ridge_v1_iface_size
7a5c__A1_Q9KR64--7a5c__B1_Q9KR64,1,3,2,0.0182158623482687,False,0.819753252679281,84.0,candidate_ridge_v1_iface_size
7acx__B1_Q9AEM2--7acx__A1_Q9AEM2,1,1,1,0.2498586235911251,True,0.39201931469291346,51.625,candidate_ridge_v1_iface_size
7aed__B1_D1LHF8--7aed__A1_D1LHF8,1,1,3,0.6694744903863592,True,0.877555779824369,89.5625,candidate_ridge_v1_iface_size
7aex__A1_P52129--7aex__A2_P52129,2,2,2,0.0374455521458646,False,0.5514913135465765,62.75,candidate_ridge_v1_iface_size
7bjn__A1_Q8IGY1--7bjn__B1_Q8IGY1,1,2,2,0.8911703941974212,True,0.8882679416847936,83.4375,candidate_ridge_v1_iface_size
7bv5__C1_Q9URQ3--7bv5__A1_P47058,2,1,2,0.7950061633096898,True,0.883448055018558,90.4375,candidate_ridge_v1_iface_size
7cdv__A1_A0A2I4PGE9--7cdv__B1_A0A2I4PGE9,5,1,2,0.4404854780544213,True,0.8533224288013831,85.625,candidate_ridge_v1_iface_size
7cnv__A1_A0B757--7cnv__B1_A0B757,1,2,2,0.1174323868725312,False,0.4475579180882561,59.875,candidate_ridge_v1_iface_size
7dnn__A1_H0QPL9--7dnn__B1_H0QPL8,2,1,3,0.6037937541766757,True,0.8897883438930392,90.9375,candidate_ridge_v1_iface_size
7drb__B1_A0A2I8B6R1--7drb__A1_Q30BZ2,1,1,1,0.4665993400184085,True,0.6327959962212489,64.375,candidate_ridge_v1_iface_size
7dtl__A1_UNDEFINED--7dtl__B1_UNDEFINED,1,1,1,0.6478037064807456,True,0.8584881952377558,82.0,candidate_ridge_v1_iface_size
7e2m__A1_Q9P2K8--7e2m__B1_Q9P2K8,1,3,0,0.1007422373902674,False,0.4259513288750796,51.3125,candidate_ridge_v1_iface_size
7e36__B1_A0A318JQQ2--7e36__A1_A0A318JWT9,5,3,3,0.8039023504373026,True,0.8724802277796799,93.9375,candidate_ridge_v1_iface_size
7e5m__A1_P09758--7e5m__B2_P09758,1,3,3,0.0093173485121944,False,0.8067758036941648,79.8125,candidate_ridge_v1_iface_size
7f7j__B1_A0A5J6VLZ7--7f7j__A2_A0A5J6VLZ7,1,5,0,0.0052112650292727,False,0.49417744566844746,58.4375,candidate_ridge_v1_iface_size
7fds__B1_P9WK61--7fds__A1_P9WK61,1,1,0,0.055246824930071,False,0.8528078939936221,84.1875,candidate_ridge_v1_iface_size
7jre__A1_Q68T42--7jre__B1_Q68T42,1,2,2,0.9031052526381274,True,0.7071879220223365,71.625,candidate_ridge_v1_iface_size
7k5n__A1_A0A3S5WQC2--7k5n__A2_A0A3S5WQC2,1,4,1,0.0177188446215014,False,0.8253448766886671,81.9375,candidate_ridge_v1_iface_size
7mku__A1_Q8VYI3--7mku__B1_Q8VYI3,2,1,3,0.0060884480278836,False,0.9105472316899195,92.25,candidate_ridge_v1_iface_size
7mnr__A1_P62826--7mnr__B1_P49792,4,4,2,0.6858627088946644,True,0.8633470704420279,84.5625,candidate_ridge_v1_iface_size
7o8c__A1_A7LY27--7o8c__B1_A7LY27,1,5,2,0.0540034855418293,False,0.3721077907031699,51.03125,candidate_ridge_v1_iface_size
7ouv__A1_Q14315--7ouv__B1_Q14315,3,1,0,0.1212681908187166,False,0.09143472224008845,21.046875,candidate_ridge_v1_iface_size
7ovp__A1_O58230--7ovp__B1_O58230,1,5,0,0.3075575556813466,True,0.4954688488965311,59.375,candidate_ridge_v1_iface_size
7oxl__A1_Q9NWM0--7oxl__A2_Q9NWM0,1,3,3,0.0035450710704804,False,0.5947708023233943,72.5,candidate_ridge_v1_iface_size
7ped__A1_Q8TB45--7ped__B1_Q8TB45,1,4,1,0.2929944938318023,True,0.4510653062827958,62.3125,candidate_ridge_v1_iface_size
7ppp__A1_A0A5F9DAT3--7ppp__B1_A0A5F9DAT3,1,5,3,0.8560163310144387,True,0.8076754041521219,79.9375,candidate_ridge_v1_iface_size
7pq0__B1_P60842--7pq0__A1_Q63UP7,2,2,3,0.1602276785851752,False,0.7590505809636361,77.8125,candidate_ridge_v1_iface_size
7r79__B1_F0UVX7--7r79__A1_F0UVX7,1,4,2,0.7949571066684235,True,0.7579614959144219,74.375,candidate_ridge_v1_iface_size
7rwk__A1_V4NUN3--7rwk__B1_V4NUN3,1,3,1,0.2022699435807743,False,0.5005142704855168,65.625,candidate_ridge_v1_iface_size
7s0y__A1_P18177--7s0y__B1_P60953,1,1,0,0.748060340256583,True,0.8092026122714338,82.9375,candidate_ridge_v1_iface_size
7s7q__A1_Q8I1Y0--7s7q__B1_C6KSX0,2,3,1,0.5098740081274253,True,0.730010297606439,82.375,candidate_ridge_v1_iface_size
7sa1__B1_Q5VMP0--7sa1__A1_Q39255,3,3,2,0.5991062631053202,True,0.8465725027126036,86.4375,candidate_ridge_v1_iface_size
7v3k__A1_A3TMR7--7v3k__D1_A3TMR7,1,5,0,0.1824132272088758,False,0.2361352118823086,38.59375,candidate_ridge_v1_iface_size
1a22__B1_P10912--1a22__A1_P01241,1,3,3,0.712227739022913,True,0.866308027677767,87.375,AF-M full-precision rank-1
1aor__A1_Q51739--1aor__B1_Q51739,1,2,0,0.9232179069699614,True,0.8571023522706298,88.875,AF-M full-precision rank-1
1b3q__B1_Q56310--1b3q__A1_Q56310,1,2,3,0.3565377439920534,True,0.4366377456184969,55.90625,AF-M full-precision rank-1
1b7e__A1_Q46731--1b7e__A2_Q46731,1,2,1,0.7810456643138058,True,0.691929239915511,71.0,AF-M full-precision rank-1
1bed__A1_P32557--1bed__A2_P32557,1,3,3,0.90534195021465,True,0.8250238732432887,78.0625,AF-M full-precision rank-1
1bl4__A1_P62942--1bl4__B1_P62942,1,3,0,0.0176767603813217,False,0.8125504734329114,71.8125,AF-M full-precision rank-1
1boy__A1_P13726--1boy__A2_P13726,1,4,2,0.0054806596203427,False,0.5999402161195422,67.875,AF-M full-precision rank-1
1cdd__A1_P08179--1cdd__B1_P08179,1,4,1,0.0070469744777235,False,0.6794120140038238,77.4375,AF-M full-precision rank-1
1dov__A1_P26231--1dov__A2_P26231,1,3,2,0.7288057425382591,True,0.8082240233223613,81.0625,AF-M full-precision rank-1
1e1c__A1_P11653--1e1c__B1_P11652,1,5,3,0.8879610296877852,True,0.813621951712005,95.3125,AF-M full-precision rank-1
1e5s__A1_O09345--1e5s__B2_O09345,1,5,0,0.0682889959251928,False,0.6016782516668369,65.6875,AF-M full-precision rank-1
1evx__A1_Q94702--1evx__B1_Q94702,1,3,3,0.010925439496474,False,0.850547960347966,83.9375,AF-M full-precision rank-1
1exs__A1_P04119--1exs__A2_P04119,1,3,3,0.3011266108835699,True,0.5876549026889278,66.5625,AF-M full-precision rank-1
1f8u__A1_P22303--1f8u__B1_P0C1Z0,1,3,0,0.1074135757276404,False,0.5619253886793838,52.21875,AF-M full-precision rank-1
1fd3__A1_O15263--1fd3__C1_O15263,1,3,0,0.0294831960716535,False,0.8974336048646305,82.8125,AF-M full-precision rank-1
1foe__A1_Q60610--1foe__B1_P63000,1,5,0,0.4997908099178576,True,0.8220234543263402,87.1875,AF-M full-precision rank-1
1g6u__A1_UNDEFINED--1g6u__B1_UNDEFINED,1,1,1,0.7275139921499552,True,0.8913640687385295,84.0625,AF-M full-precision rank-1
1gmg__A1_P03051--1gmg__A2_P03051,1,4,3,0.1445360533665282,False,0.9079721267974837,87.1875,AF-M full-precision rank-1
1gri__A1_P62993--1gri__B1_P62993,1,1,0,0.0441608601924013,False,0.27424446878909714,47.28125,AF-M full-precision rank-1
1hh4__A1_P63000--1hh4__C1_P52565,1,4,0,0.4206780323224839,True,0.6230808175201427,70.75,AF-M full-precision rank-1
1hni__A1_P03366--1hni__B1_P03367,1,1,2,0.0051534665293039,False,0.5240686196794289,64.6875,AF-M full-precision rank-1
1i7f__A1_P0A6Y5--1i7f__A2_P0A6Y5,1,1,2,0.7098499974227678,True,0.8736320523044383,87.3125,AF-M full-precision rank-1
1ira__B1_P14778--1ira__A1_P18510,1,5,2,0.704973812566681,True,0.8484151290135222,88.9375,AF-M full-precision rank-1
1k04__A1_Q05397--1k04__A2_Q05397,1,4,1,0.6350024461672643,True,0.7815116256190869,80.375,AF-M full-precision rank-1
1k51__A1_Q51912--1k51__A2_Q51912,1,1,1,0.0265439975694308,False,0.6373937610390075,59.4375,AF-M full-precision rank-1
1k72__B1_P37700--1k72__A1_P37700,1,4,1,0.0020686534517434,False,0.2379116509972976,38.4375,AF-M full-precision rank-1
1krl__B1_P02882--1krl__A1_P02881,1,2,3,0.8504889730461812,True,0.9129263661865673,87.5625,AF-M full-precision rank-1
1kzh__A1_P70826--1kzh__B1_P70826,1,2,1,0.8965118032639796,True,0.884964445275146,93.9375,AF-M full-precision rank-1
1luj__A1_P35222--1luj__B1_Q9JJN6,1,5,1,0.7630902109145564,True,0.868507738736916,91.125,AF-M full-precision rank-1
1lyw__B1_P07339--1lyw__A1_P07339,1,2,3,0.4619035519666518,True,0.8855298627436278,94.5,AF-M full-precision rank-1
1mr1__A1_Q13485--1mr1__D1_P12755,1,4,1,0.9119560463003415,True,0.9030286034159687,91.3125,AF-M full-precision rank-1
1na6__B1_P14633--1na6__A1_P14633,1,1,3,0.650444251171018,True,0.5969560054750015,71.375,AF-M full-precision rank-1
1nfp__A1_P09142--1nfp__A2_P09142,1,2,1,0.478855888012756,True,0.6343923823569979,69.125,AF-M full-precision rank-1
1ny5__B1_O67198--1ny5__A1_O67198,1,4,2,0.0954033617891848,False,0.23590695697856892,41.96875,AF-M full-precision rank-1
1ogy__A1_Q53176--1ogy__B1_Q53177,1,5,3,0.6190365685698871,True,0.8533233699668041,93.3125,AF-M full-precision rank-1
1on8__A1_Q9ES89--1on8__B1_Q9ES89,1,4,1,0.6094457135708579,True,0.6989213381865743,72.875,AF-M full-precision rank-1
1ory__A1_O67806--1ory__B1_O67803,1,1,0,0.7833672594034556,True,0.9165566878391376,92.6875,AF-M full-precision rank-1
1pfo__A1_P0C2E9--1pfo__A2_P0C2E9,1,4,0,0.0046131047310679,False,0.7466483874126589,80.375,AF-M full-precision rank-1
1ptq__A1_P28867--1ptq__A2_P28867,1,1,0,0.5356969038367914,True,0.7826347909344313,66.5,AF-M full-precision rank-1
1qb3__B1_P20486--1qb3__A1_P20486,1,2,1,0.0101585327347017,False,0.7343999968452266,76.75,AF-M full-precision rank-1
1qf8__A1_P67870--1qf8__B1_P67870,1,5,2,0.0581093840385423,False,0.3878422010869342,55.65625,AF-M full-precision rank-1
1qqf__A1_P01026--1qqf__A2_P01026,1,4,0,0.5873776681589512,True,0.7836649674634342,85.5,AF-M full-precision rank-1
1qrk__B1_P00488--1qrk__A1_P00488,1,4,0,0.6106249151971914,True,0.6052127868881059,75.9375,AF-M full-precision rank-1
1qxx__A1_P02929--1qxx__A2_P02929,1,2,1,0.7630832708597183,True,0.794927226902472,78.5,AF-M full-precision rank-1
1r5p__B1_Q8YT41--1r5p__A1_Q8YT41,1,5,0,0.0455987290758567,False,0.5075173196822184,53.03125,AF-M full-precision rank-1
1rj9__B1_O07347--1rj9__A1_P83749,1,4,3,0.8990108090767972,True,0.8680675644532145,89.9375,AF-M full-precision rank-1
1rk4__A1_O00299--1rk4__B1_O00299,1,1,0,0.0254779958424484,False,0.11238609837477351,27.203125,AF-M full-precision rank-1
1s4k__A1_Q8ZPR1--1s4k__B1_Q8ZPR1,1,4,3,0.0376470693995013,False,0.13790747547033722,29.46875,AF-M full-precision rank-1
1s70__A1_P62207--1s70__B1_Q90623,1,4,0,0.7275811782277941,True,0.8195868520490359,88.625,AF-M full-precision rank-1
1smx__A1_P21513--1smx__B1_P21513,1,1,0,0.0153498445538025,False,0.18415405920320657,33.59375,AF-M full-precision rank-1
1spp__B1_P35496--1spp__A1_P35495,1,3,3,0.3660599810221559,True,0.5848941121881697,57.625,AF-M full-precision rank-1
1t6b__A1_P13423--1t6b__B1_P58335,1,3,0,0.041260124680762,False,0.14387109101862566,30.296875,AF-M full-precision rank-1
1t6l__A1_P16790--1t6l__A2_P16790,1,1,2,0.3610030019593815,True,0.2255717717217192,41.09375,AF-M full-precision rank-1
1tej__B1_P0C6B5--1tej__A1_P0C6B4,1,4,3,0.8133840523680179,True,0.8756398259211771,80.0625,AF-M full-precision rank-1
1tf0__A1_P02768--1tf0__B1_Q51911,1,5,1,0.8599519092712029,True,0.9111717042369616,94.875,AF-M full-precision rank-1
1tj7__A1_P11447--1tj7__B1_P11447,1,4,3,0.0251540870247101,False,0.74547727420893,87.625,AF-M full-precision rank-1
1ujw__A1_P06129--1ujw__B1_P00646,1,5,0,0.8470985296867936,True,0.8672539209711624,90.25,AF-M full-precision rank-1
1v5v__A1_O58888--1v5v__B1_O58888,1,1,1,0.801073856130179,True,0.8735155466254784,91.3125,AF-M full-precision rank-1
1vc1__A1_Q9X1F5--1vc1__B1_Q9X1F5,1,5,3,0.906277161243982,True,0.9033910943521594,87.75,AF-M full-precision rank-1
1vf6__A1_Q8NI35--1vf6__C1_Q9JLB2,1,5,0,0.8263850762211051,True,0.8710332169133806,82.0,AF-M full-precision rank-1
1vp7__B1_Q7VV85--1vp7__A1_Q7VV85,1,5,2,0.8154258714859747,True,0.8808842543811989,86.1875,AF-M full-precision rank-1
1x3w__A1_Q02890--1x3w__B1_P32628,1,1,0,0.5632389870291314,True,0.8859853962930987,89.0,AF-M full-precision rank-1
1xsv__A1_P67248--1xsv__B1_P67248,1,1,1,0.774596053778201,True,0.7037542949596844,67.6875,AF-M full-precision rank-1
1yt5__A1_Q9X255--1yt5__D1_Q9X255,1,1,1,0.0121181521907579,False,0.8567122433343642,90.375,AF-M full-precision rank-1
1z77__A1_Q9X0C0--1z77__A2_Q9X0C0,1,5,2,0.2755111913881322,True,0.6507954500394565,67.1875,AF-M full-precision rank-1
1zop__A1_P20701--1zop__B1_P20701,1,4,0,0.0077177553906739,False,0.5868416247354259,71.125,AF-M full-precision rank-1
1zoq__A1_Q14653--1zoq__B1_Q92793,1,4,1,0.732800017010101,True,0.890150860140097,88.3125,AF-M full-precision rank-1
1zp6__A1_A9CEJ3--1zp6__A2_A9CEJ3,1,3,3,0.8207619958199516,True,0.8863230046624947,89.1875,AF-M full-precision rank-1
2a1j__B1_P07992--2a1j__A1_Q92889,1,5,1,0.8259670552008265,True,0.8859721718413981,86.4375,AF-M full-precision rank-1
2a3l__A1_O80452--2a3l__A2_O80452,1,4,0,0.2258004733289797,False,0.8386047035999163,88.375,AF-M full-precision rank-1
2apo__A1_Q57612--2apo__B1_P81303,1,4,0,0.769453718653959,True,0.9021746355028665,90.4375,AF-M full-precision rank-1
2aye__B1_Q84294--2aye__A1_Q84294,1,1,1,0.6557737066857915,True,0.8876641711426994,86.1875,AF-M full-precision rank-1
2b11__A1_P00431--2b11__B1_P00044,1,5,2,0.8752306944692506,True,0.8874026201251447,86.8125,AF-M full-precision rank-1
2b42__A1_Q8H0K8--2b42__B1_P18429,1,5,0,0.8730729438811732,True,0.9035488506957805,92.25,AF-M full-precision rank-1
2b5u__A1_P00646--2b5u__B1_P02984,1,1,2,0.8462231841684501,True,0.777042953441832,86.0625,AF-M full-precision rank-1
2c08__A1_O35179--2c08__A2_O35179,1,5,2,0.1655899153597492,False,0.2286211830214085,44.46875,AF-M full-precision rank-1
2cuy__A1_Q5SL77--2cuy__B1_Q5SL77,1,4,0,0.5517743394892677,True,0.8143831991810048,82.0625,AF-M full-precision rank-1
2d1g__A1_A0Q436--2d1g__B1_A0Q436,1,4,1,0.9200916395514568,True,0.9139341111554905,93.9375,AF-M full-precision rank-1
2dcu__A1_Q8U082--2dcu__B1_Q8U3I5,1,4,0,0.6026008679888563,True,0.688879120597454,80.3125,AF-M full-precision rank-1
2dm9__A1_O57724--2dm9__B1_O57724,1,2,0,0.587009785128806,True,0.8571983972772681,86.1875,AF-M full-precision rank-1
2ec2__A1_Q974H8--2ec2__C1_Q974H8,1,5,1,0.8384541069439617,True,0.9029022451967447,91.375,AF-M full-precision rank-1
2ei5__A1_Q5SM82--2ei5__B1_Q5SM82,1,4,3,0.5960316391939556,True,0.6755441109817001,67.0625,AF-M full-precision rank-1
2eiu__E1_O67549--2eiu__A1_O67549,1,5,3,0.9351136977355158,True,0.8835351536911389,91.1875,AF-M full-precision rank-1
2fzt__B1_Q9WZF7--2fzt__A1_Q9WZF7,1,4,0,0.0312416171671351,False,0.8600109407183707,82.125,AF-M full-precision rank-1
2ga9__B1_P23371--2ga9__A1_P07617,1,5,2,0.771090695564289,True,0.6699327840200453,74.875,AF-M full-precision rank-1
2gbo__A1_Q831P3--2gbo__B1_Q831P3,1,3,0,0.1903938234668919,False,0.4907080414721479,59.9375,AF-M full-precision rank-1
2gd9__A1_P37508--2gd9__B1_P37508,1,1,3,0.6030592334830186,True,0.6532000030853189,69.0,AF-M full-precision rank-1
2gsk__A1_P06129--2gsk__B1_P02929,1,2,0,0.0060780569961632,False,0.48133807408783186,55.8125,AF-M full-precision rank-1
2gsm__A1_P33517--2gsm__B1_Q03736,1,5,0,0.9444535681587684,True,0.8713158297411226,95.3125,AF-M full-precision rank-1
2h1e__A1_P32657--2h1e__B1_P32657,1,4,3,0.0190596038103228,False,0.07513512084705963,20.109375,AF-M full-precision rank-1
2h46__A1_P62993--2h46__A2_P62993,1,1,0,0.0234015355894955,False,0.3128279211285248,42.46875,AF-M full-precision rank-1
2h7z__B1_A0S865--2h7z__A1_A0S864,1,3,3,0.8281237566718179,True,0.7986352608445346,72.3125,AF-M full-precision rank-1
2hn1__A1_O29472--2hn1__A2_O29472,1,5,3,0.7409718908518798,True,0.490714385786309,60.15625,AF-M full-precision rank-1
2huk__A1_P00720--2huk__A2_P00720,1,1,3,0.0137138716130072,False,0.12037138887221274,22.265625,AF-M full-precision rank-1
2j67__A1_Q9BXR5--2j67__B1_Q9BXR5,1,3,2,0.6860780458319903,True,0.6780908500743947,65.75,AF-M full-precision rank-1
2j68__A1_B2IZD3--2j68__A2_B2IZD3,1,1,1,0.1802799182883413,False,0.18641337367270738,49.375,AF-M full-precision rank-1
2j6g__A1_Q6T3W5--2j6g__A2_Q6T3W5,1,5,3,0.0498208372700835,False,0.5876894162207961,67.875,AF-M full-precision rank-1
2ntx__A1_Q9LV40--2ntx__B1_Q9LV40,1,2,3,0.5789012712043528,True,0.7784383080015062,77.25,AF-M full-precision rank-1
2o96__B1_P51665--2o96__A1_P51665,1,4,0,0.6963134947929509,True,0.8920335194664606,89.5625,AF-M full-precision rank-1
2oo9__A1_P22681--2oo9__B1_P22681,1,2,2,0.0841846757526277,False,0.8333917396856217,73.0625,AF-M full-precision rank-1
2p09__A1_UNDEFINED--2p09__A2_UNDEFINED,1,5,0,0.0253604512405473,False,0.0598636112936165,16.140625,AF-M full-precision rank-1
2pyu__A1_P52061--2pyu__A2_P52061,1,4,0,0.4076441283125315,True,0.9004892789975695,87.0625,AF-M full-precision rank-1
2q1k__A1_Q1EHA4--2q1k__B1_Q1EHA4,1,5,0,0.5814439604738205,True,0.11127288969730743,27.375,AF-M full-precision rank-1
2qko__B1_Q0S912--2qko__A1_Q0S912,1,3,2,0.1608734091042163,False,0.728481623408753,76.375,AF-M full-precision rank-1
2qpv__A1_Q7CZ16--2qpv__B1_Q7CZ16,1,5,2,0.0097371829607608,False,0.8856206523220522,87.3125,AF-M full-precision rank-1
2r17__C1_Q96QK1--2r17__A1_Q9UBQ0,1,2,3,0.7553942881300472,True,0.8897138154079942,91.4375,AF-M full-precision rank-1
2r1f__A1_P28306--2r1f__B1_P28306,1,3,2,0.0138290556113118,False,0.549471563546088,59.0625,AF-M full-precision rank-1
2r7a__A1_O70018--2r7a__C1_O70018,1,4,1,0.1070391541449517,False,0.4819684635272194,59.6875,AF-M full-precision rank-1
2r9a__A1_Q9H9Q4--2r9a__B1_Q9H9Q4,1,1,3,0.2073079940899882,False,0.30906062313759053,50.15625,AF-M full-precision rank-1
2raf__B1_F9URQ8--2raf__A1_F9URQ8,1,4,1,0.6602259052884388,True,0.7640866406482388,82.875,AF-M full-precision rank-1
2rax__A1_O15392--2rax__B1_Q53HL2,1,2,2,0.8608227888208647,True,0.8616524800615205,82.3125,AF-M full-precision rank-1
2uxe__A1_Q49PX0--2uxe__C1_Q49PX0,1,4,3,0.0639503937922121,False,0.03475779600508093,12.59375,AF-M full-precision rank-1
2uzx__B1_P08581--2uzx__A1_P0DQD2,1,2,0,0.5928089276253022,True,0.6794775001279347,75.3125,AF-M full-precision rank-1
2vcg__D1_Q70I53--2vcg__A1_Q70I53,1,5,1,0.8884685571281515,True,0.7890649829102062,85.375,AF-M full-precision rank-1
2vlo__B1_P09883--2vlo__A1_P13479,1,4,0,0.8811099839542577,True,0.911319907127617,90.5,AF-M full-precision rank-1
2w2d__A1_P0DPI1--2w2d__B1_P0DPI1,1,3,2,0.2993123699637441,True,0.5168881851092068,75.75,AF-M full-precision rank-1
2wk4__B1_Q69014--2wk4__A1_Q69014,1,3,1,0.1855191729342689,False,0.17249879500824675,32.6875,AF-M full-precision rank-1
2wmp__A1_Q1R2W9--2wmp__B1_Q47445,1,3,3,0.7911419155865644,True,0.88360951763768,91.8125,AF-M full-precision rank-1
2wuz__A1_Q7Z1V1--2wuz__B1_Q7Z1V1,1,5,0,0.0671304879713131,False,0.11924398130684946,29.109375,AF-M full-precision rank-1
2wwx__B1_Q5ZSQ3--2wwx__A1_P62820,1,4,2,0.0390408075124953,False,0.08880123118771142,25.046875,AF-M full-precision rank-1
2x5f__A1_UNDEFINED--2x5f__B1_UNDEFINED,1,1,1,0.1398278224570319,False,0.9170310409585064,95.5625,AF-M full-precision rank-1
2xcu__A1_O66663--2xcu__C1_O66663,1,5,1,0.45063490265094,True,0.42895845746958067,52.53125,AF-M full-precision rank-1
2xf1__A1_Q8I467--2xf1__A2_Q8I467,1,5,3,0.0141696722278695,False,0.8624609600724933,82.625,AF-M full-precision rank-1
2xgg__B1_UNDEFINED--2xgg__A1_UNDEFINED,1,3,1,0.0378417677234843,False,0.761028118495047,75.9375,AF-M full-precision rank-1
2xr7__A1_Q589Y0--2xr7__A2_Q589Y0,1,4,1,0.0040351362861566,False,0.7768659424051332,81.3125,AF-M full-precision rank-1
2xuv__B1_P0AET2--2xuv__A1_P0AET2,1,1,0,0.0291494860720318,False,0.09881320694209002,21.96875,AF-M full-precision rank-1
2y6b__A1_Q43758--2y6b__A2_Q43758,1,1,0,0.0051661456330997,False,0.9297967843641315,94.75,AF-M full-precision rank-1
2y9y__B1_P43596--2y9y__A1_P38144,1,5,3,0.5177558234543114,True,0.833970753249076,90.0,AF-M full-precision rank-1
2yaj__A1_Q38HX4--2yaj__B1_Q38HX3,1,5,0,0.9007527105821036,True,0.8973912549971651,96.3125,AF-M full-precision rank-1
2yin__B1_Q92608--2yin__D1_P63000,1,4,2,0.8843936849308087,True,0.8739953291588974,92.3125,AF-M full-precision rank-1
2yip__A1_P81860--2yip__B1_P81860,1,3,2,0.2157851557074656,False,0.7848269582022104,82.9375,AF-M full-precision rank-1
2ynw__B1_Q704V1--2ynw__A1_Q704V1,1,2,3,0.3661155933876656,True,0.0949230953005134,23.34375,AF-M full-precision rank-1
2yor__A1_B9W4V6--2yor__B1_B9W4V6,1,5,1,0.0067649648430569,False,0.35508798665851027,47.1875,AF-M full-precision rank-1
2ypr__A1_Q99581--2ypr__B1_Q99581,1,1,0,0.8958408418298874,True,0.899012473609116,88.0625,AF-M full-precision rank-1
2yq2__A1_Q01499--2yq2__B1_Q01499,1,3,0,0.3613568303261165,True,0.40229992128065134,60.46875,AF-M full-precision rank-1
2yx8__A1_O60894--2yx8__A2_O60894,1,2,2,0.0410312793502997,False,0.21450592937962298,40.1875,AF-M full-precision rank-1
2z1b__A1_P10518--2z1b__A2_P10518,1,5,2,0.0199707040119806,False,0.8691549083829758,89.5,AF-M full-precision rank-1
2zae__A1_O59425--2zae__B1_O59248,1,2,0,0.7973690882559433,True,0.8661744772440394,86.75,AF-M full-precision rank-1
2zcm__B1_Q5HKQ1--2zcm__A1_Q5HKQ1,1,1,1,0.5181718853140552,True,0.7579258753339642,74.3125,AF-M full-precision rank-1
2zix__A1_Q96NY9--2zix__B1_Q96AY2,1,1,0,0.4372363313077486,True,0.7533297288682861,82.9375,AF-M full-precision rank-1
2zjs__A1_Q5SHQ8--2zjs__B1_P38383,1,4,1,0.7105339961219618,True,0.8366406256410465,87.8125,AF-M full-precision rank-1
3a7m__B1_P0A1N2--3a7m__A1_P0A1N2,1,4,2,0.0351376732208971,False,0.7521335534899497,74.5625,AF-M full-precision rank-1
3a98__B1_Q92556--3a98__A1_Q92608,1,4,0,0.6250539174745133,True,0.7775367787661261,80.6875,AF-M full-precision rank-1
3aon__A1_P43435--3aon__B1_P43455,1,4,0,0.6391050819746291,True,0.8094006300031764,84.375,AF-M full-precision rank-1
3axj__B1_Q9VF77--3axj__A1_Q7JVK6,1,1,2,0.7396338531998136,True,0.7994162514832851,85.8125,AF-M full-precision rank-1
3b42__B1_Q74EM7--3b42__A1_Q74EM7,1,1,3,0.0447166376461056,False,0.8197182241628878,77.625,AF-M full-precision rank-1
3b4y__A1_P9WNE1--3b4y__B1_P9WNE1,1,3,3,0.906790973399792,True,0.8825729351871027,94.0625,AF-M full-precision rank-1
3cam__A1_Q9JZZ4--3cam__B1_Q9JZZ4,1,3,0,0.3894621841887382,True,0.6055220267410151,58.1875,AF-M full-precision rank-1
3cbk__A1_P07858--3cbk__B1_Q966X9,1,4,2,0.7470958969330256,True,0.8846523648905735,90.8125,AF-M full-precision rank-1
3cnu__A1_O28738--3cnu__A2_O28738,1,5,3,0.7346152476683162,True,0.7596986624168858,78.125,AF-M full-precision rank-1
3co5__A1_Q5F5Q1--3co5__B1_Q5F5Q1,1,5,3,0.0112997247150476,False,0.8587810097168634,78.625,AF-M full-precision rank-1
3ct4__A1_Q9CIV8--3ct4__A2_Q9CIV8,1,4,0,0.006451370471711,False,0.9209144348016564,95.5625,AF-M full-precision rank-1
3ctv__A1_O28011--3ctv__A2_O28011,1,4,3,0.0452558188520313,False,0.8081204073277548,82.0,AF-M full-precision rank-1
3cwf__A1_P23545--3cwf__B1_P23545,1,1,3,0.1369285312703626,False,0.90260831759165,87.75,AF-M full-precision rank-1
3d0t__D1_Q91YN9--3d0t__C1_Q91YN9,1,4,0,0.2009982890663297,False,0.49554399899777674,57.25,AF-M full-precision rank-1
3d3r__A1_Q8EF93--3d3r__B1_Q8EF93,1,1,3,0.408169608079374,True,0.7127019099167219,69.0,AF-M full-precision rank-1
3d8h__B1_Q5CXZ9--3d8h__A1_Q5CXZ9,1,4,1,0.7796786247873229,True,0.8962902658236617,90.125,AF-M full-precision rank-1
3dal__A1_O75626--3dal__B2_O75626,1,4,2,0.006824591580468,False,0.8493476565370482,82.875,AF-M full-precision rank-1
3dsl__A1_O93523--3dsl__B1_O93523,1,2,2,0.0100995192020225,False,0.3157190438773182,47.28125,AF-M full-precision rank-1
3e0j__G1_P49005--3e0j__H1_Q15054,1,5,3,0.8161121430949115,True,0.8897827218952582,94.375,AF-M full-precision rank-1
3e0y__A1_Q74E48--3e0y__B1_Q74E48,1,3,1,0.3126453899573803,True,0.8225398445078176,78.5,AF-M full-precision rank-1
3e7l__A1_O66551--3e7l__B1_O66551,1,1,1,0.9537954583455112,True,0.9184006849197607,87.875,AF-M full-precision rank-1
3evi__A1_Q8N4E4--3evi__B1_Q8N4E4,1,2,3,0.6600450517552744,True,0.8713844467551013,82.125,AF-M full-precision rank-1
3ezu__A1_Q74FR4--3ezu__A2_Q74FR4,1,5,2,0.023958157374606,False,0.5196012648182479,60.71875,AF-M full-precision rank-1
3f2u__A1_P83916--3f2u__A2_P83916,1,1,2,0.0414083138462204,False,0.460367960944093,45.375,AF-M full-precision rank-1
3f6t__B1_Q5FIG7--3f6t__A1_Q5FIG7,1,1,1,0.4862245037733374,True,0.8333060033838404,93.8125,AF-M full-precision rank-1
3f7c__A1_A1TZ69--3f7c__A2_A1TZ69,1,3,2,0.0557675937168912,False,0.6981356287307796,70.4375,AF-M full-precision rank-1
3f8u__A1_P30101--3f8u__B1_O15533,1,4,0,0.4296435508995711,True,0.6148351480835926,68.8125,AF-M full-precision rank-1
3ffm__A1_O95257--3ffm__A2_O95257,1,1,1,0.0388523219252019,False,0.6490082781336582,65.4375,AF-M full-precision rank-1
3fkq__A1_D0VX10--3fkq__A2_D0VX10,1,3,3,0.4764608817313696,True,0.5768086363401482,63.78125,AF-M full-precision rank-1
3fn7__A1_Q99ZN4--3fn7__A2_Q99ZN4,1,3,2,0.3596853743364232,True,0.3295799688866414,45.90625,AF-M full-precision rank-1
3fx0__B1_Q9Y6K9--3fx0__A1_Q9Y6K9,1,5,0,0.7096777121268296,True,0.7840051539940021,73.0625,AF-M full-precision rank-1
3gb8__A1_O14980--3gb8__B1_O95149,1,3,1,0.7200700079007746,True,0.7991127900802193,86.125,AF-M full-precision rank-1
3h8i__A1_Q7ZAG8--3h8i__B1_Q7ZAG8,1,1,0,0.0326334465885248,False,0.2951646815463106,44.0,AF-M full-precision rank-1
3hkl__B1_Q62838--3hkl__A1_Q62838,1,4,2,0.008204245910455,False,0.4049985530125841,50.0625,AF-M full-precision rank-1
3i26__A1_P0C0V9--3i26__B1_P0C0V9,1,4,1,0.0267647281339286,False,0.22222954127890945,39.875,AF-M full-precision rank-1
3jsb__A1_P14240--3jsb__A2_P14240,1,5,0,0.0217433755425049,False,0.09570679378682513,24.171875,AF-M full-precision rank-1
3jtz__A1_Q9Z3B4--3jtz__A2_Q9Z3B4,1,4,1,0.8967332496827279,True,0.9032731355594563,89.3125,AF-M full-precision rank-1
3k7v__A1_P30153--3k7v__B1_P67775,1,3,0,0.6058683779459383,True,0.8375871116434855,90.625,AF-M full-precision rank-1
3lbx__B1_P11277--3lbx__A1_P02549,1,5,1,0.695489232318411,True,0.8276821362848296,83.6875,AF-M full-precision rank-1
3lcb__A1_Q8X607--3lcb__D2_P08200,1,4,1,0.774296384896862,True,0.7327460006303174,80.8125,AF-M full-precision rank-1
3lf6__B1_UNDEFINED--3lf6__A1_UNDEFINED,1,1,3,0.0605858682294215,False,0.8817370190360856,85.5625,AF-M full-precision rank-1
3m7p__A1_P02751--3m7p__A2_P02751,1,2,0,0.0100457645835616,False,0.1238401845754865,23.03125,AF-M full-precision rank-1
3mca__A1_O74774--3mca__B1_Q9USL5,1,4,2,0.5464294672961154,True,0.48594079832197645,60.75,AF-M full-precision rank-1
3mlf__A1_UNDEFINED--3mlf__B1_UNDEFINED,1,5,3,0.5002940342760246,True,0.8195569443925831,77.5,AF-M full-precision rank-1
3mxn__A1_Q9H9A7--3mxn__B1_Q96E14,1,5,1,0.7846595514823321,True,0.9013922118951457,91.75,AF-M full-precision rank-1
3n4i__A1_P0AD64--3n4i__B1_P35804,1,5,3,0.7135625553350368,True,0.9013942451289816,93.0,AF-M full-precision rank-1
3n7e__A1_Q58AD3--3n7e__B1_Q58AD3,1,1,0,0.0957793563570699,False,0.818802679685092,72.1875,AF-M full-precision rank-1
3n9y__A1_P05108--3n9y__C1_P10109,1,1,3,0.7691303787940557,True,0.8945304433071334,90.5,AF-M full-precision rank-1
3nbe__A1_B2ZRS9--3nbe__B1_B2ZRS9,1,5,1,0.9395948959206104,True,0.9152496132903287,90.875,AF-M full-precision rank-1
3nbf__A1_Q72GF3--3nbf__B1_Q72GF3,1,3,0,0.6055948510159368,True,0.8532274313999371,82.625,AF-M full-precision rank-1
3njc__A1_P42955--3njc__B1_P42955,1,5,0,0.2275219995305719,False,0.8402035340328998,83.5625,AF-M full-precision rank-1
3nk4__A1_P79762--3nk4__B1_P79762,1,5,1,0.1675244445969802,False,0.10927952674694866,29.765625,AF-M full-precision rank-1
3nnf__A1_Q6DNF2--3nnf__A2_Q6DNF2,1,5,1,0.8508492998666316,True,0.8210817584244967,79.8125,AF-M full-precision rank-1
3o47__A1_P84077--3o47__A2_P84077,1,4,2,0.0222068951729669,False,0.06736491955718234,20.015625,AF-M full-precision rank-1
3ph0__A1_Q1EHA4--3ph0__B1_Q1EHA2,1,5,1,0.2259660211714962,False,0.8718158431614378,85.25,AF-M full-precision rank-1
3qsg__A1_C8WX00--3qsg__A2_C8WX00,1,1,3,0.5118393935769322,True,0.7906580194314824,79.0,AF-M full-precision rank-1
3qty__A1_Q5NGF2--3qty__B1_Q5NGF2,1,5,1,0.660866438974325,True,0.8140738102440701,86.0625,AF-M full-precision rank-1
3rg2__A1_P10378--3rg2__B1_P10378,1,1,2,0.2599284032640274,True,0.24879835154561794,51.15625,AF-M full-precision rank-1
3sy3__A1_A0A6L8P3N5--3sy3__B1_A0A6L8P3N5,1,1,2,0.1400102743750942,False,0.436537813537572,51.5,AF-M full-precision rank-1
3tbi__B1_P0A8V2--3tbi__A1_P13338,1,4,3,0.7209228482762683,True,0.8091637769999062,86.0625,AF-M full-precision rank-1
3teq__C1_Q13586--3teq__A1_Q13586,1,4,2,0.8955632320961543,True,0.8975870594056217,83.4375,AF-M full-precision rank-1
3thf__A1_A1Z9P3--3thf__B1_A1Z9P3,1,1,2,0.6890509467421393,True,0.7995729238249051,76.0625,AF-M full-precision rank-1
3toj__B1_Q9UBL3--3toj__A1_Q9UBL3,1,1,1,0.1410795601565083,False,0.5842390816089941,61.5,AF-M full-precision rank-1
3u3q__A1_O75509--3u3q__A2_O75509,1,2,0,0.4820925216378145,True,0.2087388295336465,36.25,AF-M full-precision rank-1
3u73__A1_Q03405--3u73__B1_P00749,1,5,2,0.1966776094857323,False,0.5834997874672903,65.5625,AF-M full-precision rank-1
3ua3__A1_P46580--3ua3__B1_P46580,1,2,2,0.0377440255739999,False,0.6718675018454182,79.1875,AF-M full-precision rank-1
3up1__A1_P16871--3up1__B1_P16871,1,1,2,0.5920188744986378,True,0.8044340939024385,76.875,AF-M full-precision rank-1
3ups__A1_Q5NLX3--3ups__A2_Q5NLX3,1,2,0,0.5998635009245178,True,0.846654392766322,82.9375,AF-M full-precision rank-1
3v69__A1_Q9CWU5--3v69__B1_Q9CWU5,1,2,1,0.1887952897595575,False,0.8973305695798501,88.25,AF-M full-precision rank-1
3vcb__A1_P0C6X9--3vcb__B1_P0C6X9,1,1,2,0.203682809167027,False,0.6575230461106427,75.75,AF-M full-precision rank-1
3vyr__B1_Q5JII1--3vyr__A1_Q5JII0,1,5,1,0.6051317911866828,True,0.8303886226578614,89.125,AF-M full-precision rank-1
3w0l__B1_Q91754--3w0l__A1_Q91753,1,4,2,0.3017693726987984,True,0.6850279303377622,71.9375,AF-M full-precision rank-1
3w2v__A1_Q8U1S6--3w2v__B1_Q8U1S7,1,1,0,0.6607335763000981,True,0.8183298068832536,87.1875,AF-M full-precision rank-1
3wry__C1_P03587--3wry__A1_A7M6E7,1,3,3,0.0112427896870678,False,0.08879241114127129,22.828125,AF-M full-precision rank-1
3wvb__A1_Q58649--3wvb__B1_Q58649,1,3,1,0.859341560001218,True,0.9043209252460944,93.5,AF-M full-precision rank-1
3wxm__A1_Q9YAV0--3wxm__B1_Q9YAZ5,1,3,1,0.7560544052286425,True,0.8159795863915148,86.625,AF-M full-precision rank-1
3x0e__A1_P60033--3x0e__B1_P60033,1,1,3,0.8674119512034433,True,0.8471712355453566,81.125,AF-M full-precision rank-1
3x15__A1_O67504--3x15__C1_O67504,1,5,1,0.5028307175276011,True,0.6873904579176875,71.6875,AF-M full-precision rank-1
3zr4__A1_Q9X0C6--3zr4__B1_Q9X0C8,1,5,3,0.8145047547942904,True,0.8865226797808752,90.4375,AF-M full-precision rank-1
3zyl__A1_O55012--3zyl__B1_O55012,1,5,2,0.8210910147697051,True,0.6907346298104853,71.625,AF-M full-precision rank-1
4a1f__A1_O25916--4a1f__B1_O25916,1,5,0,0.0093942163005769,False,0.39108994660948465,61.28125,AF-M full-precision rank-1
4af9__A1_Q6VBJ0--4af9__A2_Q6VBJ0,1,1,1,0.1797328420873722,False,0.8302110400658395,81.3125,AF-M full-precision rank-1
4aj7__A1_B1PWB9--4aj7__B1_B1PWB9,1,1,1,0.147105688486684,False,0.5250903482963191,50.875,AF-M full-precision rank-1
4at7__A1_Q9CXY6--4at7__B1_Q9Z1X4,1,5,3,0.4390683997246917,True,0.8913195592581519,92.8125,AF-M full-precision rank-1
4ayn__A1_C6KHT4--4ayn__B1_C6KHT4,1,2,3,0.062907243225013,False,0.27630880380738454,38.625,AF-M full-precision rank-1
4bi8__B1_S4S1W1--4bi8__A1_S4S1W3,1,2,2,0.948938341533374,True,0.9112428399793391,92.375,AF-M full-precision rank-1
4bjn__A1_Q2MV52--4bjn__B1_Q2MV52,1,3,0,0.7970177171725612,True,0.8628030162791717,86.5,AF-M full-precision rank-1
4bou__A1_Q5T2D3--4bou__A2_Q5T2D3,1,1,1,0.6316043515605312,True,0.4411692768266718,51.4375,AF-M full-precision rank-1
4bry__A1_O75496--4bry__B1_D6RGH6,1,1,0,0.6173584304476837,True,0.8545419607379346,78.125,AF-M full-precision rank-1
4bvx__A1_P56192--4bvx__B1_O43324,1,2,0,0.8272723131457278,True,0.9200131637273634,94.0625,AF-M full-precision rank-1
4cbv__D1_Q79CK7--4cbv__C1_Q79CK7,1,4,2,0.1973919029482123,False,0.4670145953327028,57.59375,AF-M full-precision rank-1
4cfg__A1_Q14258--4cfg__B1_Q14258,1,1,0,0.5715059669686148,True,0.4717350189770846,62.46875,AF-M full-precision rank-1
4dex__A1_P54288--4dex__B1_Q02294,1,4,3,0.5871983079484837,True,0.8873721526132602,87.5,AF-M full-precision rank-1
4dri__A1_Q13451--4dri__B1_P42345,1,4,1,0.084593752714466,False,0.12870474154285536,27.546875,AF-M full-precision rank-1
4e6w__B1_A0A0H2V8D3--4e6w__A1_A0A0H2V8D3,1,3,0,0.0535746168619866,False,0.6241340849436574,69.4375,AF-M full-precision rank-1
4emo__D1_Q9H0F6--4emo__A1_Q9H0F6,1,3,3,0.1510200350473439,False,0.35680217320244273,45.1875,AF-M full-precision rank-1
4eog__A1_UNDEFINED--4eog__A2_UNDEFINED,1,3,2,0.6403107115674226,True,0.8477444193356048,89.375,AF-M full-precision rank-1
4fmm__B1_P53860--4fmm__A1_P53860,1,4,3,0.7108223628693366,True,0.8178159136548389,83.5,AF-M full-precision rank-1
4fqb__B1_Q9I2Q0--4fqb__A1_Q9I2Q1,1,5,3,0.8773504640432751,True,0.9071187339843173,92.1875,AF-M full-precision rank-1
4fup__A1_Q5HKE8--4fup__A2_Q5HKE8,1,2,2,0.028325479078198,False,0.6679937390770422,67.1875,AF-M full-precision rank-1
4g2u__A1_Q8T8F4--4g2u__B1_Q8T8F4,1,3,2,0.9506203179157516,True,0.8875807381161329,85.6875,AF-M full-precision rank-1
4g3k__A1_O66591--4g3k__B1_O66591,1,3,1,0.8801479086454286,True,0.8812932952359809,88.0,AF-M full-precision rank-1
4g94__B1_Q4Z9Y5--4g94__A1_P0A0J0,1,2,3,0.8319548107929933,True,0.908397897168683,91.875,AF-M full-precision rank-1
4ghw__A1_O59952--4ghw__B1_O59952,1,5,1,0.1901957711546504,False,0.42654367392305137,48.59375,AF-M full-precision rank-1
4git__A1_Q84FG5--4git__B1_Q84FG5,1,4,0,0.9157959770704784,True,0.8908206037516155,84.5,AF-M full-precision rank-1
4giz__A1_P0AEX9--4giz__C1_P03126,1,3,1,0.4053769370334414,True,0.7721287143571712,88.125,AF-M full-precision rank-1
4gof__A1_O43765--4gof__B1_O43765,1,3,3,0.4147329133970719,True,0.8726267101225139,79.5625,AF-M full-precision rank-1
4har__A1_P08563--4har__B1_P08563,1,3,1,0.4208076332640856,True,0.8674088362213941,89.875,AF-M full-precision rank-1
4hg6__A1_Q3J125--4hg6__B1_Q3J126,1,1,2,0.3857667217359184,True,0.7583908347695109,85.1875,AF-M full-precision rank-1
4hj1__A1_P03518--4hj1__B1_P03518,1,4,2,0.0035151538857912,False,0.11268016201490234,29.859375,AF-M full-precision rank-1
4hme__A1_B1VBB0--4hme__A2_B1VBB0,1,2,0,0.4880846019797027,True,0.7587166562674603,83.1875,AF-M full-precision rank-1
4ip3__A1_Q8VSD5--4ip3__B1_P61088,1,4,0,0.6119264049097262,True,0.891721336806686,88.875,AF-M full-precision rank-1
4iu2__B1_A0AEF5--4iu2__A1_A0AEF6,1,1,2,0.0276052766435953,False,0.5403516791276807,60.9375,AF-M full-precision rank-1
4jnh__B1_P14349--4jnh__A1_P14349,1,2,1,0.4888419001555908,True,0.44435798776425245,53.15625,AF-M full-precision rank-1
4k5a__A1_Q1RMX3--4k5a__B1_UNDEFINED,1,3,0,0.6443388032278526,True,0.70557738514398,69.125,AF-M full-precision rank-1
4k8w__A1_Q8RP52--4k8w__A2_Q8RP52,1,4,3,0.5262152136621386,True,0.8334204519624152,86.0625,AF-M full-precision rank-1
4kk1__A1_Q09778--4kk1__B1_Q09778,1,4,3,0.0193862138413704,False,0.5477475671525714,59.34375,AF-M full-precision rank-1
4kun__A1_UNDEFINED--4kun__B1_UNDEFINED,1,2,2,0.2816439575412967,True,0.8959428611650532,86.6875,AF-M full-precision rank-1
4l4x__A1_Q93NX9--4l4x__A2_Q93NX9,1,5,0,0.0768369340453875,False,0.5877120366579204,68.1875,AF-M full-precision rank-1
4l9i__A1_P28327--4l9i__B1_P28327,1,4,3,0.0622548013796975,False,0.4235284185236407,73.75,AF-M full-precision rank-1
4lo8__A1_Q8KHU9--4lo8__B1_Q45878,1,4,1,0.445963029444939,True,0.7101207946858388,72.75,AF-M full-precision rank-1
4lp7__C1_Q91F56--4lp7__A1_Q91F56,1,5,2,0.0838438891847362,False,0.08843739856338825,21.375,AF-M full-precision rank-1
4lrq__C1_A0A0H3ALA8--4lrq__A1_A0A0H3ALA8,1,3,3,0.0780186338848186,False,0.7417802267748362,70.875,AF-M full-precision rank-1
4luq__A1_Q9HYC5--4luq__C1_Q9HYC4,1,2,2,0.0068850428237788,False,0.9053409375331405,91.25,AF-M full-precision rank-1
4mgy__A1_Q9EQZ6--4mgy__B1_P61224,1,5,2,0.6082775803829716,True,0.8168464899092521,88.4375,AF-M full-precision rank-1
4muc__B1_Q03591--4muc__A1_Q03591,1,2,2,0.3050739807925627,True,0.30287469998623917,41.84375,AF-M full-precision rank-1
4mxe__A1_Q5FWF5--4mxe__B1_Q5FWF5,1,3,0,0.2689491583438005,True,0.7140297308039347,79.25,AF-M full-precision rank-1
4n1j__B1_Q86W24--4n1j__A1_Q86W24,1,4,0,0.126247796600908,False,0.10460804008098498,26.125,AF-M full-precision rank-1
4n1k__B1_Q86W24--4n1k__A1_Q86W24,1,4,1,0.0216514610931053,False,0.39195360687237507,42.90625,AF-M full-precision rank-1
4n6j__A1_Q13033--4n6j__B1_Q13033,1,4,1,0.0304486863605663,False,0.6467217154429734,55.5,AF-M full-precision rank-1
4nc4__A1_Q9FN03--4nc4__B1_Q9FN03,1,4,0,0.8160390604903479,True,0.9115953396870694,93.75,AF-M full-precision rank-1
4ndj__A1_U6GSR1--4ndj__A2_U6GSR1,1,5,0,0.0154801976447282,False,0.10687162687845506,22.953125,AF-M full-precision rank-1
4nfu__A1_Q9XF23--4nfu__B1_Q4F883,1,5,2,0.4541562379120427,True,0.7928682401244821,85.625,AF-M full-precision rank-1
4noo__A1_Q9KN42--4noo__B1_Q9KN41,1,4,0,0.7942468479723105,True,0.8500491678616494,85.375,AF-M full-precision rank-1
4nsr__A1_Q9KN41--4nsr__C1_Q9KN41,1,4,1,0.822933711821706,True,0.8990075141116656,87.6875,AF-M full-precision rank-1
4ny2__A1_UNDEFINED--4ny2__B1_UNDEFINED,1,2,0,0.8944935387270134,True,0.8749447778777045,91.625,AF-M full-precision rank-1
4o4o__A1_Q8YLF9--4o4o__B1_Q8YLF9,1,4,3,0.0838607026393436,False,0.7879863217823277,81.9375,AF-M full-precision rank-1
4o6i__B1_P09992--4o6i__A1_P09992,1,1,1,0.5618450290845716,True,0.18453376739753977,34.5,AF-M full-precision rank-1
4o96__A1_Q8XAL6--4o96__B1_Q8XAL6,1,5,2,0.0164888196612753,False,0.6166641850684106,69.125,AF-M full-precision rank-1
4oak__A1_Q9JN36--4oak__B1_Q9JN36,1,2,3,0.0059317195236815,False,0.8943413060823122,89.5,AF-M full-precision rank-1
4obx__A1_P49017--4obx__D1_P49017,1,4,1,0.8614916096331443,True,0.7647361858169552,75.125,AF-M full-precision rank-1
4oh8__B1_Q8WWW0--4oh8__A1_Q13043,1,3,2,0.8530177303708832,True,0.8995241458488125,86.3125,AF-M full-precision rank-1
4oy2__A1_P46677--4oy2__D1_Q05021,1,5,1,0.8000505576949551,True,0.7369282746869689,92.5625,AF-M full-precision rank-1
4oyu__B1_Q99PV3--4oyu__A1_Q99PV3,1,1,1,0.088293334207554,False,0.14614516995161594,26.515625,AF-M full-precision rank-1
4puh__A1_Q9FIC3--4puh__B1_Q9FIC3,1,2,0,0.0642399090017022,False,0.6244638098013316,66.9375,AF-M full-precision rank-1
4pxj__B1_Q9UPT6--4pxj__A1_Q9UPT6,1,5,2,0.0289764310971171,False,0.5051227040775493,51.3125,AF-M full-precision rank-1
4qc9__A1_P04303--4qc9__D1_P04303,1,1,3,0.1443368456173842,False,0.6876074186727761,69.5,AF-M full-precision rank-1
4qhj__A1_Q58610--4qhj__B1_Q58610,1,5,1,0.2386993896865443,True,0.8367722982835062,79.0,AF-M full-precision rank-1
4qpl__A1_Q9CZW6--4qpl__B1_P51668,1,3,3,0.2663859139199993,True,0.8791183928000627,86.875,AF-M full-precision rank-1
4r5k__B1_P0A6Y8--4r5k__A1_P0A6Y8,1,5,0,0.0124531219933621,False,0.22287544088735475,42.15625,AF-M full-precision rank-1
4r6i__A1_Q44636--4r6i__B1_Q44636,1,4,3,0.0040291755518716,False,0.6533345249522048,75.375,AF-M full-precision rank-1
4rt0__A1_Q9HY69--4rt0__A2_Q9HY69,1,4,1,0.6044193698676752,True,0.7547435117883385,69.3125,AF-M full-precision rank-1
4u0q__A1_B2L3N7--4u0q__B1_P35613,1,4,1,0.0319602483495932,False,0.1835856767774094,31.484375,AF-M full-precision rank-1
4u1c__A1_P32497--4u1c__B1_P38249,1,1,3,0.787596505481705,True,0.8490053673149079,87.75,AF-M full-precision rank-1
4u3q__B1_P29722--4u3q__A1_P29722,1,5,3,0.0108247249668474,False,0.5868420230589875,68.5,AF-M full-precision rank-1
4u4p__A1_O95347--4u4p__B1_Q9NTJ3,1,4,2,0.8790301352647948,True,0.8821770774673098,92.0,AF-M full-precision rank-1
4uhz__A1_P12643--4uhz__B1_Q6NW40,1,3,0,0.8907249378615077,True,0.8185444366218959,77.25,AF-M full-precision rank-1
4upd__A1_Q2TFW1--4upd__B1_Q2TFW1,1,3,3,0.0462886102808753,False,0.8490697429126389,87.4375,AF-M full-precision rank-1
4v1i__A1_A0A140UH28--4v1i__B1_A0A140UH28,1,3,2,0.90398662493889,True,0.7966108602549226,78.6875,AF-M full-precision rank-1
4wj0__A1_O58938--4wj0__B1_O58938,1,1,0,0.1598244931197092,False,0.495825022111592,59.21875,AF-M full-precision rank-1
4wlp__A1_Q9Y5K5--4wlp__B1_Q6P4R8,1,4,1,0.7497861116122783,True,0.8243357874012188,87.0625,AF-M full-precision rank-1
4wpd__A1_Q55080--4wpd__B1_Q55080,1,5,2,0.0117837039242103,False,0.24645398792005715,40.84375,AF-M full-precision rank-1
4xl5__B1_UNDEFINED--4xl5__A1_P42212,1,1,2,0.0382471790856429,False,0.3265998032277453,49.75,AF-M full-precision rank-1
4xt2__C1_Q99814--4xt2__A1_P27540,1,3,1,0.6127440693611702,True,0.8691434473582607,85.9375,AF-M full-precision rank-1
4xyd__A1_Q16A04--4xyd__B1_Q16A03,1,4,0,0.9330826864686212,True,0.9194014935828626,95.0625,AF-M full-precision rank-1
4yxc__A1_P00720--4yxc__B1_P26419,1,4,2,0.1895343385471325,False,0.5543717886552165,64.9375,AF-M full-precision rank-1
4z0o__A1_Q504Y3--4z0o__A2_Q504Y3,1,3,1,0.4368925628415042,True,0.6864547327596804,66.6875,AF-M full-precision rank-1
4z86__A1_Q9KQ21--4z86__B1_Q9KQ21,1,4,2,0.0312716917741907,False,0.5489420723509896,69.875,AF-M full-precision rank-1
4zb3__A1_Q9SU14--4zb3__A2_Q9SU14,1,3,0,0.2185476910433966,False,0.8148939408530865,85.625,AF-M full-precision rank-1
4zir__A1_Q9WY65--4zir__B1_Q9X1Z1,1,4,0,0.5461757584785515,True,0.8287118671571335,83.625,AF-M full-precision rank-1
4zkc__A1_Q2F862--4zkc__B1_P80098,1,4,2,0.7127118453476354,True,0.8719403022947226,89.375,AF-M full-precision rank-1
5an6__B1_Q9X2D0--5an6__C1_Q9X2D0,1,5,0,0.5931615385726493,True,0.38322799888707565,57.46875,AF-M full-precision rank-1
5axg__B1_B0KBZ7--5axg__A1_B0KBZ7,1,4,2,0.3650160340654904,True,0.6017461550564244,66.4375,AF-M full-precision rank-1
5ayr__A1_P13051--5ayr__B1_Q936H5,1,4,2,0.8650913526352401,True,0.9029325800438491,92.3125,AF-M full-precision rank-1
5b1q__A1_Q9WT50--5b1q__B1_Q9WT50,1,4,3,0.3160732550193847,True,0.7585378471670874,82.1875,AF-M full-precision rank-1
5b2g__A1_O14493--5b2g__B1_P01558,1,4,1,0.0037185053908853,False,0.13666869133160486,30.0625,AF-M full-precision rank-1
5b2h__A1_Q93HT5--5b2h__B1_Q93HT5,1,4,0,0.7214598625100038,True,0.8739193532776288,85.8125,AF-M full-precision rank-1
5b5w__A1_Q8BPB0--5b5w__B1_O95835,1,4,1,0.909766172407827,True,0.8848491583038329,88.25,AF-M full-precision rank-1
5bqb__A1_Q00604--5bqb__B1_Q00604,1,1,0,0.7429590609475647,True,0.8578833360697681,85.0,AF-M full-precision rank-1
5ch7__A1_G8QM55--5ch7__B1_G8QM54,1,3,1,0.7755982507294679,True,0.8165934517563226,95.25,AF-M full-precision rank-1
5cqs__A1_Q06706--5cqs__D1_Q06706,1,1,0,0.5220133867610101,True,0.7593987618677048,82.1875,AF-M full-precision rank-1
5cs3__A1_P14210--5cs3__B1_P14210,1,3,3,0.0076008261097401,False,0.7401379110710748,68.1875,AF-M full-precision rank-1
5cuz__A1_Q9H3L0--5cuz__A2_Q9H3L0,1,2,3,0.0604337803840459,False,0.37448691557662184,57.5,AF-M full-precision rank-1
5d7q__A1_Q8IXJ6--5d7q__B1_Q8IXJ6,1,1,0,0.0573828616716857,False,0.38890040254395275,52.5,AF-M full-precision rank-1
5d8e__A1_Q9BQ15--5d8e__D1_Q9BQ15,1,1,3,0.0303829707882436,False,0.6546913346934051,67.875,AF-M full-precision rank-1
5doi__A1_D2CVN7--5doi__E1_Q6JXI5,1,1,2,0.0667390543533049,False,0.05056274885296382,13.8203125,AF-M full-precision rank-1
5e4b__A1_A0A1C9V3S9--5e4b__B1_A0A1C9V3S9,1,2,3,0.2765387323049999,True,0.7116891073852474,72.625,AF-M full-precision rank-1
5e9h__B1_Q4HYR2--5e9h__A1_Q4HYR2,1,5,0,0.8936659085533593,True,0.4213649263825215,69.0625,AF-M full-precision rank-1
5eu0__A1_E6YJU0--5eu0__B1_E6YLF5,1,1,3,0.9128853845557424,True,0.9327222936621966,95.8125,AF-M full-precision rank-1
5evk__A1_P52700--5evk__A2_P52700,1,4,3,0.0139310059860567,False,0.9179531475050817,91.125,AF-M full-precision rank-1
5f22__B1_P0C6X7--5f22__A1_P0C6U8,1,2,1,0.6417353144944675,True,0.8858968297784238,89.1875,AF-M full-precision rank-1
5f4e__A1_Q8IYV9--5f4e__B1_A6ND01,1,5,1,0.8318569018464479,True,0.8563399158056232,85.5,AF-M full-precision rank-1
5fbz__A1_A0A182DWC7--5fbz__B1_P01053,1,5,1,0.9236219675747288,True,0.9149157734523956,93.5,AF-M full-precision rank-1
5fnw__A1_M1AKE5--5fnw__A2_M1AKE5,1,1,3,0.5319554001896277,True,0.8423997201571745,82.25,AF-M full-precision rank-1
5gko__A1_A0A0D8G707--5gko__B1_A0A0D8G707,1,4,3,0.1615519572581409,False,0.2482426904143186,46.5,AF-M full-precision rank-1
5gox__A1_Q92878--5gox__B1_Q92878,1,1,3,0.4871186558114979,True,0.6185031023591646,68.8125,AF-M full-precision rank-1
5gwv__B1_A0A010--5gwv__A1_A0A010,1,4,3,0.9597896479435922,True,0.8977062162876767,93.125,AF-M full-precision rank-1
5h1p__A1_D2UG58--5h1p__B1_D2UG58,1,1,0,0.1842138037302702,False,0.887038646708436,87.0,AF-M full-precision rank-1
5hpg__A1_P00747--5hpg__B1_P00747,1,1,2,0.0165734166484943,False,0.5814630357318272,54.40625,AF-M full-precision rank-1
5hrm__B1_A0A077JBW9--5hrm__A1_A0A077JBW9,1,5,3,0.1580328141794891,False,0.6450816711119639,76.4375,AF-M full-precision rank-1
5hy7__A1_G0S5A2--5hy7__B1_G0S133,1,5,1,0.8783261516136066,True,0.8915671868863712,96.1875,AF-M full-precision rank-1
5jkt__A1_P20536--5jkt__B1_P20995,1,2,3,0.9342856003333696,True,0.9309912652808566,95.375,AF-M full-precision rank-1
5k7b__B1_A8MW95--5k7b__A1_A8MW95,1,4,0,0.1972049606886025,False,0.8052287959414276,76.75,AF-M full-precision rank-1
5kou__B1_Q82446--5kou__A1_Q82446,1,2,0,0.6771205752185793,True,0.8211877084090781,84.8125,AF-M full-precision rank-1
5ky2__A1_Q91ZW2--5ky2__B1_P70375,1,3,3,0.8103285266783248,True,0.9203615541477239,94.5625,AF-M full-precision rank-1
5kyy__B1_O94855--5kyy__A1_Q15436,1,5,1,0.6528351641941849,True,0.8769644398330434,90.5625,AF-M full-precision rank-1
5l0w__A1_G0SH41--5l0w__B1_G0S0B5,1,5,1,0.6679242603817254,True,0.8292472746610691,84.75,AF-M full-precision rank-1
5l1m__A1_Q8WXE0--5l1m__A2_Q8WXE0,1,4,2,0.1701336070903564,False,0.3053079074218759,46.09375,AF-M full-precision rank-1
5lda__A1_Q8U1Y4--5lda__B1_Q8U1Z3,1,3,1,0.4552505226553542,True,0.7858848070974642,72.5625,AF-M full-precision rank-1
5lsb__A1_Q99181--5lsb__B1_Q02554,1,4,1,0.6927731367981192,True,0.8705942381113945,91.25,AF-M full-precision rank-1
5ltu__B1_Q9NZJ9--5ltu__A1_Q9NZJ9,1,1,1,0.0109808237333227,False,0.08127786087986079,20.015625,AF-M full-precision rank-1
5lxr__A1_Q9Y580--5lxr__B1_Q6NZY4,1,4,1,0.9139293593944988,True,0.9061475684048546,88.8125,AF-M full-precision rank-1
5min__B1_P13650--5min__A1_P13650,1,2,1,0.8675158836776174,True,0.8952255002374617,93.5625,AF-M full-precision rank-1
5mxg__A1_C7BLE4--5mxg__A2_C7BLE4,1,3,1,0.8656301051348044,True,0.8546393071039236,86.875,AF-M full-precision rank-1
5swi__A1_A0A0Y0HIE3--5swi__D1_A0A0Y0HIE3,1,1,2,0.8018132955644736,True,0.80421780628546,86.5,AF-M full-precision rank-1
5t3r__B1_Q8A6W3--5t3r__A1_Q8A6W4,1,4,2,0.8228336814370018,True,0.758903798131087,93.9375,AF-M full-precision rank-1
5t5s__A1_P49588--5t5s__A2_P49588,1,4,2,0.4011343740216402,True,0.17143316067828976,35.59375,AF-M full-precision rank-1
5tbk__J1_P18754--5tbk__A1_O00629,1,5,1,0.7471234387290312,True,0.8007863512675406,85.875,AF-M full-precision rank-1
5tc2__A1_P04585--5tc2__B1_P04585,1,4,1,0.8044065534328168,True,0.8245862372652492,73.5,AF-M full-precision rank-1
5u4o__A1_A0A6H3AI29--5u4o__A2_A0A6H3AI29,1,3,2,0.0072385256368242,False,0.12824378228187053,30.0625,AF-M full-precision rank-1
5uiw__A1_P51681--5uiw__B1_P13501,1,3,1,0.7875560236075723,True,0.8518380437325613,88.0,AF-M full-precision rank-1
5uzu__B1_P05164--5uzu__A1_Q2G0X2,1,3,1,0.0359416201731464,False,0.37914489412566077,41.78125,AF-M full-precision rank-1
5ve6__A1_Q86YV5--5ve6__A2_Q86YV5,1,4,2,0.0135804849129496,False,0.5977213183083978,69.5,AF-M full-precision rank-1
5vpc__B1_P17535--5vpc__A1_P53539,1,1,2,0.4397793860743206,True,0.838657218829818,77.5625,AF-M full-precision rank-1
5vxz__A1_Q14393--5vxz__C1_P30530,1,4,2,0.8716297139356378,True,0.8952907365261948,93.8125,AF-M full-precision rank-1
5vzt__B1_Q5XUX0--5vzt__A1_P63208,1,4,2,0.7902845164912606,True,0.858390191979066,91.8125,AF-M full-precision rank-1
5wat__A2_P07128--5wat__B1_P07128,1,1,1,0.0050215267149202,False,0.9096942476195531,93.875,AF-M full-precision rank-1
5wee__A1_A0A183GMB4--5wee__B1_A0A183GMB4,1,3,2,0.5336022582572489,True,0.1591750121045641,30.109375,AF-M full-precision rank-1
5wuq__A1_Q45585--5wuq__C1_Q45588,1,2,1,0.7923164022251757,True,0.8996487727158313,89.9375,AF-M full-precision rank-1
5xec__B1_P15452--5xec__A1_P00099,1,5,3,0.0530329681270017,False,0.3206303869299292,39.34375,AF-M full-precision rank-1
5xpz__A1_Q8CIB5--5xpz__B1_Q8CIB5,1,5,2,0.007365089833755,False,0.504920618771841,61.1875,AF-M full-precision rank-1
5y61__A1_Q9I4L4--5y61__B1_Q9I4L6,1,2,2,0.490648565692972,True,0.8528318572719412,86.6875,AF-M full-precision rank-1
5y78__A1_B5AJT1--5y78__B1_B5AJT1,1,5,0,0.3772115734669617,True,0.6541660879251537,69.75,AF-M full-precision rank-1
5yh3__A1_Q96MK3--5yh3__B1_Q8IXL6,1,4,2,0.6812467327592476,True,0.8465662505695131,87.3125,AF-M full-precision rank-1
5z5y__A1_P02866--5z5y__B1_P02866,1,3,0,0.7669034385582192,True,0.9026060747337794,92.8125,AF-M full-precision rank-1
5ztb__B1_Q72LF3--5ztb__A1_Q72LF4,1,2,0,0.8335348552088222,True,0.898379152961211,92.6875,AF-M full-precision rank-1
5zyo__A1_P0A8I8--5zyo__C1_P0A8I8,1,5,3,0.0363799116735716,False,0.8705190325513101,84.375,AF-M full-precision rank-1
6a3v__A1_P41273--6a3v__B1_Q07011,1,3,1,0.6013949760950238,True,0.8542830633684049,86.3125,AF-M full-precision rank-1
6a9y__A1_Q9BQI5--6a9y__A2_Q9BQI5,1,3,2,0.0040480594930259,False,0.21438592200417114,39.34375,AF-M full-precision rank-1
6ahy__B1_P56703--6ahy__A1_Q61091,1,3,0,0.3258036370431348,True,0.5542984611381895,61.03125,AF-M full-precision rank-1
6apx__A1_P0AEX9--6apx__B1_UNDEFINED,1,3,2,0.0073968482176277,False,0.35778629509108933,44.21875,AF-M full-precision rank-1
6aqe__B1_Q9RY20--6aqe__A1_Q9RY20,1,4,2,0.0100499212123842,False,0.8863307053322474,90.125,AF-M full-precision rank-1
6au8__A1_Q7L5D6--6au8__B1_P46379,1,2,3,0.7464183190813255,True,0.9092520766463473,94.0625,AF-M full-precision rank-1
6cp8__A1_A0A2A2CAY5--6cp8__C1_A0A2A2C800,1,1,0,0.7132728422095237,True,0.869701816420422,88.25,AF-M full-precision rank-1
6djl__C1_O60239--6djl__A1_P62491,1,4,1,0.64282704808161,True,0.7462317932830107,77.8125,AF-M full-precision rank-1
6dkk__B1_P0DPI0--6dkk__A1_P0DPI0,1,5,0,0.005764619969538,False,0.15174733387361303,32.75,AF-M full-precision rank-1
6e8a__A1_Q7CPJ3--6e8a__A2_Q7CPJ3,1,1,1,0.764736155460375,True,0.58712662361263,66.4375,AF-M full-precision rank-1
6efw__A1_J9VIT7--6efw__A2_J9VIT7,1,2,2,0.703673586731474,True,0.6664067288400539,72.9375,AF-M full-precision rank-1
6eho__A1_Q99523--6eho__A2_Q99523,1,3,0,0.0246942943023912,False,0.16284521740804722,33.96875,AF-M full-precision rank-1
6ejv__A1_Q65J43--6ejv__B1_Q65J43,1,5,1,0.0318454329595879,False,0.3540325018697765,42.25,AF-M full-precision rank-1
6em0__A1_O06647--6em0__A2_O06647,1,1,0,0.0056961502810907,False,0.871349683576408,92.5,AF-M full-precision rank-1
6exa__B1_Q5ZYC7--6exa__A1_Q5ZYC7,1,5,0,0.5555576040803123,True,0.8073508561605964,78.9375,AF-M full-precision rank-1
6fc2__A1_P07260--6fc2__B1_P36041,1,5,0,0.7250175568583596,True,0.8679026146875326,88.0625,AF-M full-precision rank-1
6hlk__A1_A0A5H1ZR32--6hlk__A2_A0A5H1ZR32,1,4,0,0.802606455045806,True,0.7083250681982115,68.75,AF-M full-precision rank-1
6hmv__A1_Q9H3P7--6hmv__B1_Q68T42,1,4,3,0.9377771140401684,True,0.9123488004771507,91.5625,AF-M full-precision rank-1
6htj__A1_Q97VU8--6htj__B1_Q97VU8,1,2,0,0.015487878275578,False,0.881806481659633,85.1875,AF-M full-precision rank-1
6hul__B1_P50383--6hul__A1_P50382,1,5,1,0.7682314825245182,True,0.8975581900580474,91.125,AF-M full-precision rank-1
6i7s__C1_P55157--6i7s__A1_P07237,1,1,0,0.7546723345142078,True,0.7983318330420843,83.4375,AF-M full-precision rank-1
6in7__B1_Q06198--6in7__A1_P38107,1,1,1,0.7807760753875316,True,0.8622177091745404,90.625,AF-M full-precision rank-1
6iub__A1_O25759--6iub__B1_O25759,1,1,2,0.1604494920811686,False,0.890857059424535,90.5625,AF-M full-precision rank-1
6j2u__B1_Q93HL2--6j2u__A1_Q93HL1,1,1,1,0.9374508786738164,True,0.913437393121935,93.5,AF-M full-precision rank-1
6j4p__A1_Q86V25--6j4p__B1_Q8N300,1,1,0,0.7339031598225639,True,0.9007883809655133,91.8125,AF-M full-precision rank-1
6j7m__A1_Q9HZZ1--6j7m__C1_Q9HZZ2,1,1,2,0.3299399393566154,True,0.7981237259579748,81.0625,AF-M full-precision rank-1
6jh0__D1_UNDEFINED--6jh0__A1_P03502,1,5,1,0.2868185929111327,True,0.5601870568559373,54.9375,AF-M full-precision rank-1
6jtz__A1_P46063--6jtz__B1_P46063,1,2,2,0.0109543703480438,False,0.3225655499587906,54.0,AF-M full-precision rank-1
6jzf__A1_Q8VY16--6jzf__B1_Q8VY16,1,4,0,0.0132469169442363,False,0.6806677757827745,78.875,AF-M full-precision rank-1
6k3b__A1_Q5ZTL4--6k3b__B1_Q5ZTL2,1,4,1,0.0163133287622567,False,0.12425487168261419,28.09375,AF-M full-precision rank-1
6k7c__A1_D4ZE39--6k7c__B1_D4ZE39,1,3,3,0.0387054167633417,False,0.7480237271485918,64.125,AF-M full-precision rank-1
6k8i__B1_Q96524--6k8i__A1_Q96524,1,3,0,0.0051372049974856,False,0.4711191278139362,60.875,AF-M full-precision rank-1
6kbe__A1_B9G207--6kbe__B1_P0CG48,1,4,2,0.3460214804366961,True,0.840615708851849,86.5625,AF-M full-precision rank-1
6ki2__A1_Q55415--6ki2__B1_Q55415,1,3,1,0.1893061994705863,False,0.6397571399308347,71.375,AF-M full-precision rank-1
6koi__B1_Q9Y5W9--6koi__A1_Q9Y5W9,1,5,1,0.0097063327220924,False,0.12186122433029319,27.84375,AF-M full-precision rank-1
6kos__A1_UNDEFINED--6kos__B1_UNDEFINED,1,1,2,0.2009791396183079,False,0.7973331780158027,76.8125,AF-M full-precision rank-1
6kuc__A1_Q9Y006--6kuc__A2_Q9Y006,1,2,3,0.2161850273522383,False,0.7008504529824359,84.125,AF-M full-precision rank-1
6kwz__A1_Q94707--6kwz__B2_Q94707,1,3,1,0.048976124523536,False,0.11177161212900742,24.09375,AF-M full-precision rank-1
6l4p__A1_Q9XHH2--6l4p__B1_Q39575,1,4,2,0.8920009563717303,True,0.9139783685186665,93.4375,AF-M full-precision rank-1
6lh6__A1_A0A1S2XQ25--6lh6__B1_A0A1S2XQ25,1,4,0,0.0308704674167178,False,0.4932423101721526,49.34375,AF-M full-precision rank-1
6lqo__A1_P29882--6lqo__G1_P0CK49,1,3,3,0.7060468229102561,True,0.8461045518248727,84.0625,AF-M full-precision rank-1
6n85__A1_Q5E9J8--6n85__B1_P0AEX9,1,5,1,0.2286979573082637,False,0.7452474426979411,83.75,AF-M full-precision rank-1
6nf3__B2_P02654--6nf3__A1_P02654,1,2,0,0.0232613876191738,False,0.12870907916584706,27.890625,AF-M full-precision rank-1
6njy__A1_F3ZXK6--6njy__B1_F3ZXK6,1,4,2,0.5430796548145969,True,0.8623705591066977,85.875,AF-M full-precision rank-1
6o1t__A1_P79125--6o1t__B2_P79125,1,1,1,0.7292058696325713,True,0.5274684484228416,58.1875,AF-M full-precision rank-1
6ob5__A1_P0AEX9--6ob5__D1_UNDEFINED,1,1,2,0.0880476943921951,False,0.6328168886580482,64.25,AF-M full-precision rank-1
6ocf__A1_Q7L8A9--6ocf__B1_Q8N300,1,5,2,0.5633280355856493,True,0.783591072474834,78.8125,AF-M full-precision rank-1
6otn__A1_P06753--6otn__B1_P06753,1,5,3,0.857931489149813,True,0.8256989118781706,78.4375,AF-M full-precision rank-1
6p66__B1_O29890--6p66__A1_O29889,1,2,2,0.2645865596006814,True,0.6737626066040153,73.625,AF-M full-precision rank-1
6p7y__A1_J7H333--6p7y__B1_P52799,1,5,3,0.5328041685205823,True,0.858818779127279,88.6875,AF-M full-precision rank-1
6pal__A1_A0A412SRH5--6pal__B1_A0A412SRH5,1,2,1,0.0334344677076765,False,0.1255318194047265,28.515625,AF-M full-precision rank-1
6pnp__A1_Q9CS84--6pnp__B1_Q63366,1,1,0,0.566061935849777,True,0.8329068094981589,81.0625,AF-M full-precision rank-1
6pog__B1_Q99435--6pog__A1_Q96MS0,1,4,2,0.7113385188458835,True,0.8699216583039519,84.0,AF-M full-precision rank-1
6pqn__A1_B0F0C5--6pqn__B1_B0F0C5,1,4,1,0.1863061165232762,False,0.7649971092167908,81.1875,AF-M full-precision rank-1
6pyk__A1_P16466--6pyk__A2_P16466,1,3,0,0.4380012084326712,True,0.8095932649401769,80.9375,AF-M full-precision rank-1
6qpk__B1_A0A2H1G421--6qpk__A1_A0A2H1G421,1,2,3,0.0437001347679296,False,0.11577713854138139,28.328125,AF-M full-precision rank-1
6qxp__A1_O48809--6qxp__I1_Q9FZA0,1,5,3,0.3778525981154956,True,0.8503592306330422,90.0625,AF-M full-precision rank-1
6r2f__A1_Q9BXU0--6r2f__B1_Q9BXU0,1,1,3,0.081619139415162,False,0.29044501509982956,38.5625,AF-M full-precision rank-1
6r6n__A1_Q1Q7P4--6r6n__B1_Q1Q7P3,1,1,2,0.5631643736795385,True,0.8312167136644872,82.375,AF-M full-precision rank-1
6ra0__A1_Q9XUJ7--6ra0__A2_Q9XUJ7,1,4,1,0.0150290523819252,False,0.5045967116293847,58.9375,AF-M full-precision rank-1
6ra9__B1_Q71V39--6ra9__A1_Q71V39,1,5,2,0.0248607106188873,False,0.07892865259070787,25.484375,AF-M full-precision rank-1
6rj8__A1_A0A5B8X6B5--6rj8__A2_A0A5B8X6B5,1,3,3,0.8755653663341508,True,0.8957780787565246,92.875,AF-M full-precision rank-1
6rm9__A1_G0SEG4--6rm9__B1_G0SFN3,1,5,2,0.8330006800487264,True,0.865136248143873,91.6875,AF-M full-precision rank-1
6s6a__A1_Q7L523--6s6a__C1_Q9HB90,1,4,0,0.6542801785711593,True,0.8395145411592458,90.125,AF-M full-precision rank-1
6s9j__A1_Q8AZ57--6s9j__B1_A0A060BIS8,1,2,1,0.0092203128599265,False,0.13085516363649102,27.734375,AF-M full-precision rank-1
6sqc__A1_P0AEX9--6sqc__B1_Q9Y6Q9,1,3,2,0.2669722961001888,True,0.7312304057074002,71.0,AF-M full-precision rank-1
6sqj__A1_Q04245--6sqj__B1_Q04245,1,4,0,0.029361257500665,False,0.7388644714546215,74.4375,AF-M full-precision rank-1
6t6q__A1_A0A0F7VBC6--6t6q__B1_A0A0F7VBC6,1,5,3,0.0328870692358739,False,0.3238825704877597,44.28125,AF-M full-precision rank-1
6tgk__A1_Q05086--6tgk__A2_Q05086,1,3,2,0.700625532962126,True,0.7204474546983224,76.875,AF-M full-precision rank-1
6tp8__A1_P41365--6tp8__B1_P41365,1,3,2,0.0270528369830388,False,0.6042335298239221,65.6875,AF-M full-precision rank-1
6u7f__A1_P15144--6u7f__C1_Q1HVL3,1,3,1,0.0068917566344497,False,0.30407922253244235,41.125,AF-M full-precision rank-1
6ubo__A1_P0A901--6ubo__B1_P0A901,1,3,0,0.0640170394411847,False,0.88226829490264,86.5,AF-M full-precision rank-1
6ust__A1_A0A174CV66--6ust__D2_A0A174CV66,1,5,3,0.0044074617767606,False,0.7441391785204632,77.1875,AF-M full-precision rank-1
6vax__A1_P31040--6vax__B1_Q9NX18,1,4,1,0.6319603056141553,True,0.8885956595382923,94.375,AF-M full-precision rank-1
6vwo__A1_P0AEW6--6vwo__A2_P0AEW6,1,2,2,0.5836961484115966,True,0.8629090437982481,87.875,AF-M full-precision rank-1
6w2n__A1_Q4DJ68--6w2n__A2_Q4DJ68,1,4,0,0.5138611555906126,True,0.8399687862668882,90.875,AF-M full-precision rank-1
6wlg__A1_Q68E01--6wlg__B2_Q68E01,1,4,3,0.7529790995737754,True,0.8487972388399425,85.4375,AF-M full-precision rank-1
6wmk__A1_UNDEFINED--6wmk__B1_UNDEFINED,1,5,2,0.2609902192247263,True,0.8825593947606705,85.75,AF-M full-precision rank-1
6xb4__A1_V9XTR0--6xb4__B1_V9XTR0,1,1,1,0.5864876008947756,True,0.4203189438344385,54.0,AF-M full-precision rank-1
6xj5__A1_P06621--6xj5__B1_P06621,1,4,0,0.0052011740388641,False,0.8432480628604117,85.5625,AF-M full-precision rank-1
6xwx__A1_G0S825--6xwx__B1_G0S0S7,1,4,2,0.684217664712099,True,0.907036428113302,93.8125,AF-M full-precision rank-1
6y62__B1_Q5MYC0--6y62__A1_Q5MYC0,1,5,1,0.3157918391307557,True,0.7900681125196394,84.4375,AF-M full-precision rank-1
6y75__A1_Q236S9--6y75__B1_Q236S9,1,2,0,0.5361512283180704,True,0.9053255866791582,89.3125,AF-M full-precision rank-1
6y9m__D1_P36291--6y9m__A1_P36291,1,1,1,0.0037148965631617,False,0.15682983686334637,24.421875,AF-M full-precision rank-1
6yva__A1_P0DTD1--6yva__B1_Q64339,1,5,1,0.504009536357786,True,0.8301515240031621,84.0,AF-M full-precision rank-1
6yyi__A1_B5YB78--6yyi__B1_B5YB78,1,2,3,0.9407528066762016,True,0.8706032023865937,90.1875,AF-M full-precision rank-1
6z70__A1_O66528--6z70__B1_O66528,1,3,2,0.7922593559445478,True,0.5155394820684781,62.5,AF-M full-precision rank-1
6z81__A1_P05852--6z81__C1_P76256,1,5,3,0.7904078535402546,True,0.8966089756460291,93.3125,AF-M full-precision rank-1
6zht__A1_P22515--6zht__B1_P52490,1,2,0,0.6054785012482582,True,0.7433212491194346,78.5625,AF-M full-precision rank-1
7a5c__A1_Q9KR64--7a5c__B1_Q9KR64,1,3,2,0.0182158623482687,False,0.819753252679281,84.0,AF-M full-precision rank-1
7acx__B1_Q9AEM2--7acx__A1_Q9AEM2,1,1,1,0.2498586235911251,True,0.39201931469291346,51.625,AF-M full-precision rank-1
7aed__B1_D1LHF8--7aed__A1_D1LHF8,1,1,3,0.6694744903863592,True,0.877555779824369,89.5625,AF-M full-precision rank-1
7aex__A1_P52129--7aex__A2_P52129,1,5,1,0.0262862278180956,False,0.5158351407019557,63.4375,AF-M full-precision rank-1
7bjn__A1_Q8IGY1--7bjn__B1_Q8IGY1,1,2,2,0.8911703941974212,True,0.8882679416847936,83.4375,AF-M full-precision rank-1
7bv5__C1_Q9URQ3--7bv5__A1_P47058,1,1,0,0.8287138113086122,True,0.883364707567579,90.6875,AF-M full-precision rank-1
7cdv__A1_A0A2I4PGE9--7cdv__B1_A0A2I4PGE9,1,5,3,0.4391765768228619,True,0.8506470321524671,86.125,AF-M full-precision rank-1
7cnv__A1_A0B757--7cnv__B1_A0B757,1,2,2,0.1174323868725312,False,0.4475579180882561,59.875,AF-M full-precision rank-1
7dnn__A1_H0QPL9--7dnn__B1_H0QPL8,1,1,1,0.6281019878995567,True,0.8885835826916866,91.0,AF-M full-precision rank-1
7drb__B1_A0A2I8B6R1--7drb__A1_Q30BZ2,1,1,1,0.4665993400184085,True,0.6327959962212489,64.375,AF-M full-precision rank-1
7dtl__A1_UNDEFINED--7dtl__B1_UNDEFINED,1,1,1,0.6478037064807456,True,0.8584881952377558,82.0,AF-M full-precision rank-1
7e2m__A1_Q9P2K8--7e2m__B1_Q9P2K8,1,3,0,0.1007422373902674,False,0.4259513288750796,51.3125,AF-M full-precision rank-1
7e36__B1_A0A318JQQ2--7e36__A1_A0A318JWT9,1,4,1,0.8126730926514747,True,0.8718201250594183,94.1875,AF-M full-precision rank-1
7e5m__A1_P09758--7e5m__B2_P09758,1,3,3,0.0093173485121944,False,0.8067758036941648,79.8125,AF-M full-precision rank-1
7f7j__B1_A0A5J6VLZ7--7f7j__A2_A0A5J6VLZ7,1,5,0,0.0052112650292727,False,0.49417744566844746,58.4375,AF-M full-precision rank-1
7fds__B1_P9WK61--7fds__A1_P9WK61,1,1,0,0.055246824930071,False,0.8528078939936221,84.1875,AF-M full-precision rank-1
7jre__A1_Q68T42--7jre__B1_Q68T42,1,2,2,0.9031052526381274,True,0.7071879220223365,71.625,AF-M full-precision rank-1
7k5n__A1_A0A3S5WQC2--7k5n__A2_A0A3S5WQC2,1,4,1,0.0177188446215014,False,0.8253448766886671,81.9375,AF-M full-precision rank-1
7mku__A1_Q8VYI3--7mku__B1_Q8VYI3,1,2,3,0.0062255883238701,False,0.9093770129343334,92.3125,AF-M full-precision rank-1
7mnr__A1_P62826--7mnr__B1_P49792,1,5,1,0.6078517666639414,True,0.860983575428033,85.0625,AF-M full-precision rank-1
7o8c__A1_A7LY27--7o8c__B1_A7LY27,1,5,2,0.0540034855418293,False,0.3721077907031699,51.03125,AF-M full-precision rank-1
7ouv__A1_Q14315--7ouv__B1_Q14315,1,2,1,0.0191153107520002,False,0.09055880556459128,21.46875,AF-M full-precision rank-1
7ovp__A1_O58230--7ovp__B1_O58230,1,5,0,0.3075575556813466,True,0.4954688488965311,59.375,AF-M full-precision rank-1
7oxl__A1_Q9NWM0--7oxl__A2_Q9NWM0,1,3,3,0.0035450710704804,False,0.5947708023233943,72.5,AF-M full-precision rank-1
7ped__A1_Q8TB45--7ped__B1_Q8TB45,1,4,1,0.2929944938318023,True,0.4510653062827958,62.3125,AF-M full-precision rank-1
7ppp__A1_A0A5F9DAT3--7ppp__B1_A0A5F9DAT3,1,5,3,0.8560163310144387,True,0.8076754041521219,79.9375,AF-M full-precision rank-1
7pq0__B1_P60842--7pq0__A1_Q63UP7,1,4,3,0.0235893512786936,False,0.7082129604129735,78.6875,AF-M full-precision rank-1
7r79__B1_F0UVX7--7r79__A1_F0UVX7,1,4,2,0.7949571066684235,True,0.7579614959144219,74.375,AF-M full-precision rank-1
7rwk__A1_V4NUN3--7rwk__B1_V4NUN3,1,3,1,0.2022699435807743,False,0.5005142704855168,65.625,AF-M full-precision rank-1
7s0y__A1_P18177--7s0y__B1_P60953,1,1,0,0.748060340256583,True,0.8092026122714338,82.9375,AF-M full-precision rank-1
7s7q__A1_Q8I1Y0--7s7q__B1_C6KSX0,1,5,1,0.5487554804384698,True,0.7255521519020467,82.6875,AF-M full-precision rank-1
7sa1__B1_Q5VMP0--7sa1__A1_Q39255,1,4,2,0.5653695413986831,True,0.8409404262867128,86.625,AF-M full-precision rank-1
7v3k__A1_A3TMR7--7v3k__D1_A3TMR7,1,5,0,0.1824132272088758,False,0.2361352118823086,38.59375,AF-M full-precision rank-1
