complex_id,rank,model_weight,seed,cv_fold,DockQ,ranking_confidence,acceptable,acceptable_score
1a22__B1_P10912--1a22__A1_P01241,1,3,3,0,0.712227739022913,87.375,True,0.6305637859732365
1a22__B1_P10912--1a22__A1_P01241,2,3,1,0,0.7114431123257109,87.0625,True,0.6175065131420924
1a22__B1_P10912--1a22__A1_P01241,3,4,0,0,0.7232284458409967,86.875,True,0.5985599411313556
1a22__B1_P10912--1a22__A1_P01241,4,5,1,0,0.7093242049735528,86.8125,True,0.6009500983940156
1a22__B1_P10912--1a22__A1_P01241,5,3,2,0,0.70722465715211,86.625,True,0.5765675677222453
1a22__B1_P10912--1a22__A1_P01241,6,4,2,0,0.7093923309531928,86.5,True,0.5284572485608446
1a22__B1_P10912--1a22__A1_P01241,7,4,3,0,0.7292577036205744,86.5,True,0.5397036980795393
1a22__B1_P10912--1a22__A1_P01241,8,5,2,0,0.70969824835082,86.3125,True,0.5502596031591837
1a22__B1_P10912--1a22__A1_P01241,9,1,1,0,0.7617428709448332,86.0625,True,0.5271646358244124
1a22__B1_P10912--1a22__A1_P01241,10,5,0,0,0.7417280014826259,86.0,True,0.5286231763756631
1a22__B1_P10912--1a22__A1_P01241,11,1,3,0,0.7119218859417579,85.375,True,0.4745084693786764
1a22__B1_P10912--1a22__A1_P01241,12,4,1,0,0.757200159376478,85.3125,True,0.5121896712749647
1a22__B1_P10912--1a22__A1_P01241,13,1,0,0,0.7604113458223262,85.1875,True,0.4855864282249391
1a22__B1_P10912--1a22__A1_P01241,14,5,3,0,0.712401142205961,85.125,True,0.4707034198015967
1a22__B1_P10912--1a22__A1_P01241,15,3,0,0,0.7616534368510722,84.6875,True,0.46017134407036925
1a22__B1_P10912--1a22__A1_P01241,16,2,2,0,0.6823175844965276,84.25,True,0.4204274748512618
1a22__B1_P10912--1a22__A1_P01241,17,2,3,0,0.7607137523567792,84.25,True,0.42176847249191085
1a22__B1_P10912--1a22__A1_P01241,18,2,1,0,0.7431150463838637,83.8125,True,0.42382231381316304
1a22__B1_P10912--1a22__A1_P01241,19,1,2,0,0.754387122295798,83.125,True,0.41092613397913325
1a22__B1_P10912--1a22__A1_P01241,20,2,0,0,0.7554631172550303,81.9375,True,0.38869216666336737
1aor__A1_Q51739--1aor__B1_Q51739,1,2,0,0,0.9232179069699614,88.875,True,0.6305637859732365
1aor__A1_Q51739--1aor__B1_Q51739,2,3,2,0,0.7994074307245059,67.375,True,0.6182114004128612
1aor__A1_Q51739--1aor__B1_Q51739,3,2,2,0,0.1902847189197419,37.625,False,0.6056512982799853
1aor__A1_Q51739--1aor__B1_Q51739,4,2,3,0,0.0192137589300618,31.8125,False,0.5930098792463242
1aor__A1_Q51739--1aor__B1_Q51739,5,3,1,0,0.0075841322500278,27.921875,False,0.5639245880576526
1aor__A1_Q51739--1aor__B1_Q51739,6,4,3,0,0.0088507602965184,27.375,False,0.5624332863280129
1aor__A1_Q51739--1aor__B1_Q51739,7,4,1,0,0.0084460928758452,27.28125,False,0.5642843468055206
1aor__A1_Q51739--1aor__B1_Q51739,8,4,0,0,0.0086027185186051,26.96875,False,0.5429980221968844
1aor__A1_Q51739--1aor__B1_Q51739,9,4,2,0,0.0087055093665777,26.609375,False,0.5249008491426446
1aor__A1_Q51739--1aor__B1_Q51739,10,3,0,0,0.007606932441334,26.40625,False,0.5101970657876034
1aor__A1_Q51739--1aor__B1_Q51739,11,1,2,0,0.0099708927186974,26.03125,False,0.47690459929538526
1aor__A1_Q51739--1aor__B1_Q51739,12,2,1,0,0.0102072551865075,25.953125,False,0.5021882977980607
1aor__A1_Q51739--1aor__B1_Q51739,13,1,1,0,0.0099155854094919,25.59375,False,0.4573358067456114
1aor__A1_Q51739--1aor__B1_Q51739,14,5,1,0,0.0075043373959546,25.53125,False,0.48924281294800986
1aor__A1_Q51739--1aor__B1_Q51739,15,1,0,0,0.0103159735809802,25.390625,False,0.41014288382883957
1aor__A1_Q51739--1aor__B1_Q51739,16,1,3,0,0.0099376661482493,25.34375,False,0.4136215603569401
1aor__A1_Q51739--1aor__B1_Q51739,17,5,2,0,0.0081060680899444,25.203125,False,0.45161691848182056
1aor__A1_Q51739--1aor__B1_Q51739,18,5,3,0,0.0077966620281299,25.0,False,0.4352926077198055
1aor__A1_Q51739--1aor__B1_Q51739,19,5,0,0,0.0079601359746958,24.8125,False,0.42565479695435976
1aor__A1_Q51739--1aor__B1_Q51739,20,3,3,0,0.0089206972557888,24.171875,False,0.38874486094209
1b3q__B1_Q56310--1b3q__A1_Q56310,1,2,3,2,0.3565377439920534,55.90625,True,0.6493669723258566
1b3q__B1_Q56310--1b3q__A1_Q56310,2,2,2,2,0.3660196690484456,55.21875,True,0.6189533371702793
1b3q__B1_Q56310--1b3q__A1_Q56310,3,2,0,2,0.3680319629716597,53.90625,True,0.6082798564041405
1b3q__B1_Q56310--1b3q__A1_Q56310,4,2,1,2,0.3659268807296169,53.1875,True,0.5983300268463467
1b3q__B1_Q56310--1b3q__A1_Q56310,5,1,1,2,0.3636373718425517,52.375,True,0.5736380113450338
1b3q__B1_Q56310--1b3q__A1_Q56310,6,1,2,2,0.3659628792826737,52.25,True,0.569324261309641
1b3q__B1_Q56310--1b3q__A1_Q56310,7,1,3,2,0.364608171214311,52.09375,True,0.5482120534195352
1b3q__B1_Q56310--1b3q__A1_Q56310,8,1,0,2,0.3686394252423659,51.1875,True,0.5455672980441579
1b3q__B1_Q56310--1b3q__A1_Q56310,9,5,2,2,0.3507643693653121,49.21875,True,0.4922978791323803
1b3q__B1_Q56310--1b3q__A1_Q56310,10,5,0,2,0.3505705794677156,48.8125,True,0.46086858561404204
1b3q__B1_Q56310--1b3q__A1_Q56310,11,4,0,2,0.359870511912645,48.78125,True,0.5045913024758891
1b3q__B1_Q56310--1b3q__A1_Q56310,12,4,2,2,0.3572257850611308,48.59375,True,0.5034567543413291
1b3q__B1_Q56310--1b3q__A1_Q56310,13,4,1,2,0.360558268962399,48.125,True,0.4577055774578003
1b3q__B1_Q56310--1b3q__A1_Q56310,14,3,2,2,0.3567977928791677,48.03125,True,0.46233300555998386
1b3q__B1_Q56310--1b3q__A1_Q56310,15,3,3,2,0.3602529197995281,48.0,True,0.44669953094496767
1b3q__B1_Q56310--1b3q__A1_Q56310,16,3,0,2,0.3584723472657474,47.90625,True,0.44912766261586606
1b3q__B1_Q56310--1b3q__A1_Q56310,17,5,1,2,0.3520193379996564,47.90625,True,0.42917529005679955
1b3q__B1_Q56310--1b3q__A1_Q56310,18,5,3,2,0.3508378623165776,47.78125,True,0.4135482435955691
1b3q__B1_Q56310--1b3q__A1_Q56310,19,4,3,2,0.3598618101973114,47.59375,True,0.4482499088196728
1b3q__B1_Q56310--1b3q__A1_Q56310,20,3,1,2,0.3609833813183612,47.4375,True,0.4205532733778454
1b7e__A1_Q46731--1b7e__A2_Q46731,1,2,1,0,0.7810456643138058,71.0,True,0.6305637859732365
1b7e__A1_Q46731--1b7e__A2_Q46731,2,2,3,0,0.7670160518216428,70.3125,True,0.6182114004128612
1b7e__A1_Q46731--1b7e__A2_Q46731,3,2,2,0,0.7796114556470015,67.4375,True,0.6049910377705038
1b7e__A1_Q46731--1b7e__A2_Q46731,4,2,0,0,0.7168296254437304,65.75,True,0.5872882869331544
1b7e__A1_Q46731--1b7e__A2_Q46731,5,1,2,0,0.7472874609712273,65.6875,True,0.5868071423748749
1b7e__A1_Q46731--1b7e__A2_Q46731,6,1,1,0,0.7219745724898763,64.75,True,0.5666722660892237
1b7e__A1_Q46731--1b7e__A2_Q46731,7,1,0,0,0.7312533339774102,63.25,True,0.550398263460944
1b7e__A1_Q46731--1b7e__A2_Q46731,8,1,3,0,0.7290821237880932,62.46875,True,0.5324875615218763
1b7e__A1_Q46731--1b7e__A2_Q46731,9,4,3,0,0.7963728940412943,62.15625,True,0.5382810836231134
1b7e__A1_Q46731--1b7e__A2_Q46731,10,4,1,0,0.7897256322827095,60.9375,True,0.5181227408518564
1b7e__A1_Q46731--1b7e__A2_Q46731,11,4,0,0,0.7888596319523756,60.40625,True,0.5027233846122788
1b7e__A1_Q46731--1b7e__A2_Q46731,12,4,2,0,0.7820365707195295,59.59375,True,0.48881072268234976
1b7e__A1_Q46731--1b7e__A2_Q46731,13,3,0,0,0.7384004034549561,58.59375,True,0.4782415521199557
1b7e__A1_Q46731--1b7e__A2_Q46731,14,3,2,0,0.7755512843672027,55.6875,True,0.4592167125429335
1b7e__A1_Q46731--1b7e__A2_Q46731,15,5,0,0,0.8008858414179078,55.25,True,0.43697575941127775
1b7e__A1_Q46731--1b7e__A2_Q46731,16,3,3,0,0.762436131069603,55.0,True,0.4481995435106412
1b7e__A1_Q46731--1b7e__A2_Q46731,17,5,3,0,0.784945910512297,54.375,True,0.4301498837508729
1b7e__A1_Q46731--1b7e__A2_Q46731,18,3,1,0,0.7579367985669722,53.8125,True,0.4157841647523965
1b7e__A1_Q46731--1b7e__A2_Q46731,19,5,1,0,0.7959612469780467,51.875,True,0.3931306893416779
1b7e__A1_Q46731--1b7e__A2_Q46731,20,5,2,0,0.7897269763480379,51.375,True,0.3806372830126081
1bed__A1_P32557--1bed__A2_P32557,1,3,3,2,0.90534195021465,78.0625,True,0.6230287144243065
1bed__A1_P32557--1bed__A2_P32557,2,1,0,2,0.9153799808183084,74.25,True,0.6115736109422036
1bed__A1_P32557--1bed__A2_P32557,3,1,1,2,0.9161294304801988,73.125,True,0.5999939038543413
1bed__A1_P32557--1bed__A2_P32557,4,3,0,2,0.8966985913492764,71.0,True,0.588301374160422
1bed__A1_P32557--1bed__A2_P32557,5,1,2,2,0.9103548140336024,68.1875,True,0.5765083010473344
1bed__A1_P32557--1bed__A2_P32557,6,1,3,2,0.912071655174136,66.9375,True,0.5592175567120106
1bed__A1_P32557--1bed__A2_P32557,7,3,1,2,0.8819083054141998,66.5625,True,0.5586842030478595
1bed__A1_P32557--1bed__A2_P32557,8,3,2,2,0.577325226972271,59.15625,True,0.5400651679976088
1bed__A1_P32557--1bed__A2_P32557,9,4,3,2,0.8985300184047199,35.21875,True,0.52647658859396
1bed__A1_P32557--1bed__A2_P32557,10,4,0,2,0.9117235548770508,32.625,True,0.5153816660063186
1bed__A1_P32557--1bed__A2_P32557,11,4,2,2,0.9218306685456796,32.09375,True,0.5130350141590742
1bed__A1_P32557--1bed__A2_P32557,12,4,1,2,0.8693768674540582,30.921875,True,0.4868273328897169
1bed__A1_P32557--1bed__A2_P32557,13,5,1,2,0.039425182482865,26.765625,False,0.47273491416244384
1bed__A1_P32557--1bed__A2_P32557,14,2,3,2,0.0577049053215288,24.828125,False,0.4664783711613702
1bed__A1_P32557--1bed__A2_P32557,15,2,2,2,0.0609198499300643,24.453125,False,0.44946377800754866
1bed__A1_P32557--1bed__A2_P32557,16,2,0,2,0.0955578622209256,24.171875,False,0.4456310065093785
1bed__A1_P32557--1bed__A2_P32557,17,2,1,2,0.1311729712489855,23.78125,False,0.42876571608073394
1bed__A1_P32557--1bed__A2_P32557,18,5,0,2,0.0436141690764157,23.34375,False,0.43798527095632434
1bed__A1_P32557--1bed__A2_P32557,19,5,3,2,0.0498934529157468,23.203125,False,0.40831388733247964
1bed__A1_P32557--1bed__A2_P32557,20,5,2,2,0.4887083004014713,21.921875,True,0.39608442970300917
1bl4__A1_P62942--1bl4__B1_P62942,1,3,0,4,0.0176767603813217,71.8125,False,0.6255214146057201
1bl4__A1_P62942--1bl4__B1_P62942,2,3,2,4,0.0178362788979199,71.625,False,0.6193367773888135
1bl4__A1_P62942--1bl4__B1_P62942,3,3,3,4,0.0175494493975899,71.375,False,0.6032973066517374
1bl4__A1_P62942--1bl4__B1_P62942,4,3,1,4,0.017269144779628,70.1875,False,0.590357464945786
1bl4__A1_P62942--1bl4__B1_P62942,5,5,0,4,0.0163514459323346,46.0,False,0.5739369431892002
1bl4__A1_P62942--1bl4__B1_P62942,6,4,0,4,0.0142456186345981,44.625,False,0.5674894331047948
1bl4__A1_P62942--1bl4__B1_P62942,7,5,1,4,0.0157156306241698,44.0,False,0.5474499794020248
1bl4__A1_P62942--1bl4__B1_P62942,8,5,2,4,0.0163553016056906,43.71875,False,0.5340952809806515
1bl4__A1_P62942--1bl4__B1_P62942,9,1,0,4,0.2643265164934351,42.4375,True,0.4896015411861681
1bl4__A1_P62942--1bl4__B1_P62942,10,5,3,4,0.0161381569810053,42.1875,False,0.5197298123589756
1bl4__A1_P62942--1bl4__B1_P62942,11,1,3,4,0.2645078326591331,41.25,True,0.4728545558702562
1bl4__A1_P62942--1bl4__B1_P62942,12,1,2,4,0.2637626899541654,41.1875,True,0.464734375080729
1bl4__A1_P62942--1bl4__B1_P62942,13,4,3,4,0.0146362276427371,41.03125,False,0.5200077306554521
1bl4__A1_P62942--1bl4__B1_P62942,14,4,1,4,0.0149496857617139,39.28125,False,0.467038731940627
1bl4__A1_P62942--1bl4__B1_P62942,15,1,1,4,0.2659203364527076,38.59375,True,0.4311429471797473
1bl4__A1_P62942--1bl4__B1_P62942,16,4,2,4,0.0150084793108121,38.21875,False,0.4590340509255175
1bl4__A1_P62942--1bl4__B1_P62942,17,2,2,4,0.1431052119906122,22.15625,False,0.41693042403480035
1bl4__A1_P62942--1bl4__B1_P62942,18,2,3,4,0.03325903692713,20.125,False,0.40418989445560544
1bl4__A1_P62942--1bl4__B1_P62942,19,2,1,4,0.0401088559755276,19.59375,False,0.38756155749277404
1bl4__A1_P62942--1bl4__B1_P62942,20,2,0,4,0.0365283659204887,19.453125,False,0.3830905748834821
1boy__A1_P13726--1boy__A2_P13726,1,4,2,1,0.0054806596203427,67.875,False,0.6177703472449289
1boy__A1_P13726--1boy__A2_P13726,2,3,3,1,0.0041261901901919,67.5625,False,0.6072219990463396
1boy__A1_P13726--1boy__A2_P13726,3,3,2,1,0.0070912111666583,65.75,False,0.6119505353220308
1boy__A1_P13726--1boy__A2_P13726,4,4,0,1,0.0036676960535717,62.5625,False,0.5828728566277922
1boy__A1_P13726--1boy__A2_P13726,5,4,3,1,0.005209789532057,61.03125,False,0.5697905687148943
1boy__A1_P13726--1boy__A2_P13726,6,4,1,1,0.0029700847366191,59.75,False,0.5573615385245868
1boy__A1_P13726--1boy__A2_P13726,7,2,0,1,0.0049764956655499,59.125,False,0.570016543435918
1boy__A1_P13726--1boy__A2_P13726,8,3,0,1,0.0031809866115659,53.875,False,0.5386446122705998
1boy__A1_P13726--1boy__A2_P13726,9,2,1,1,0.0041162630072851,51.65625,False,0.5260642059210914
1boy__A1_P13726--1boy__A2_P13726,10,2,2,1,0.0042182150661968,50.59375,False,0.5134506216318705
1boy__A1_P13726--1boy__A2_P13726,11,3,1,1,0.002507673943066,20.234375,False,0.44368828318346326
1boy__A1_P13726--1boy__A2_P13726,12,1,0,1,0.0046424987792813,17.90625,False,0.470943611013415
1boy__A1_P13726--1boy__A2_P13726,13,1,3,1,0.004953991630168,17.875,False,0.470341759902313
1boy__A1_P13726--1boy__A2_P13726,14,1,1,1,0.0046688796423872,17.71875,False,0.47338442709231493
1boy__A1_P13726--1boy__A2_P13726,15,1,2,1,0.0045555007598033,17.59375,False,0.46069130665944297
1boy__A1_P13726--1boy__A2_P13726,16,2,3,1,0.0053746260806112,17.140625,False,0.42832809068713185
1boy__A1_P13726--1boy__A2_P13726,17,5,0,1,0.0052112045391539,16.71875,False,0.43149819221265884
1boy__A1_P13726--1boy__A2_P13726,18,5,1,1,0.005660649719273,16.640625,False,0.40865702273263665
1boy__A1_P13726--1boy__A2_P13726,19,5,3,1,0.0098640023179004,16.25,False,0.4347925195756442
1boy__A1_P13726--1boy__A2_P13726,20,5,2,1,0.0091817487294234,15.8125,False,0.42077256098417465
1cdd__A1_P08179--1cdd__B1_P08179,1,4,1,0,0.0070469744777235,77.4375,False,0.6315437508070474
1cdd__A1_P08179--1cdd__B1_P08179,2,4,3,0,0.0071123393886255,77.125,False,0.631075716026832
1cdd__A1_P08179--1cdd__B1_P08179,3,4,2,0,0.0070407934505763,75.625,False,0.6064232635049261
1cdd__A1_P08179--1cdd__B1_P08179,4,1,3,0,0.0073650793987315,74.6875,False,0.5873291783324636
1cdd__A1_P08179--1cdd__B1_P08179,5,1,1,0,0.0080054362646685,72.6875,False,0.5495583173338425
1cdd__A1_P08179--1cdd__B1_P08179,6,1,0,0,0.0079335412339944,71.375,False,0.5048480733413423
1cdd__A1_P08179--1cdd__B1_P08179,7,1,2,0,0.0078519445640855,70.5,False,0.49168079303111756
1cdd__A1_P08179--1cdd__B1_P08179,8,2,3,0,0.0073159378858146,68.3125,False,0.5506041378291344
1cdd__A1_P08179--1cdd__B1_P08179,9,2,2,0,0.0074505755081369,67.6875,False,0.5089523829340377
1cdd__A1_P08179--1cdd__B1_P08179,10,2,0,0,0.0074056740145334,65.6875,False,0.4883106372531041
1cdd__A1_P08179--1cdd__B1_P08179,11,3,0,0,0.0093545840112539,37.6875,False,0.5421320300426261
1cdd__A1_P08179--1cdd__B1_P08179,12,3,1,0,0.0092679482540509,37.375,False,0.5264456037792464
1cdd__A1_P08179--1cdd__B1_P08179,13,4,0,0,0.0086880501998202,32.875,False,0.46832876573319887
1cdd__A1_P08179--1cdd__B1_P08179,14,3,2,0,0.0097977679560096,31.890625,False,0.5069810215531937
1cdd__A1_P08179--1cdd__B1_P08179,15,3,3,0,0.00914391671036,31.1875,False,0.45726338005953077
1cdd__A1_P08179--1cdd__B1_P08179,16,5,3,0,0.0090904726023275,29.65625,False,0.47565430184335683
1cdd__A1_P08179--1cdd__B1_P08179,17,2,1,0,0.0093109793054153,28.296875,False,0.43758218428353735
1cdd__A1_P08179--1cdd__B1_P08179,18,5,1,0,0.0081353013815176,26.375,False,0.4132757869836596
1cdd__A1_P08179--1cdd__B1_P08179,19,5,0,0,0.0076655899903046,24.703125,False,0.39255375146350724
1cdd__A1_P08179--1cdd__B1_P08179,20,5,2,0,0.0081279649735014,24.40625,False,0.3959833942077909
1dov__A1_P26231--1dov__A2_P26231,1,3,2,2,0.7288057425382591,81.0625,True,0.6230287144243065
1dov__A1_P26231--1dov__A2_P26231,2,3,0,2,0.7235393162781797,80.5625,True,0.6115736109422036
1dov__A1_P26231--1dov__A2_P26231,3,3,3,2,0.7275830559416634,80.3125,True,0.5959737376941225
1dov__A1_P26231--1dov__A2_P26231,4,3,1,2,0.70750961440132,80.3125,True,0.5923456633320354
1dov__A1_P26231--1dov__A2_P26231,5,5,3,2,0.7344372177503926,72.875,True,0.5765083010473344
1dov__A1_P26231--1dov__A2_P26231,6,5,2,2,0.7315093467979246,70.8125,True,0.5646274138961219
1dov__A1_P26231--1dov__A2_P26231,7,5,0,2,0.7257952491476982,68.8125,True,0.5526718400864198
1dov__A1_P26231--1dov__A2_P26231,8,5,1,2,0.7211482449969067,67.0625,True,0.5406550490225106
1dov__A1_P26231--1dov__A2_P26231,9,2,0,2,0.7728623775374647,58.71875,True,0.528590792865769
1dov__A1_P26231--1dov__A2_P26231,10,2,2,2,0.7451931097173997,57.40625,True,0.5164930445120742
1dov__A1_P26231--1dov__A2_P26231,11,2,3,2,0.772432223701648,55.3125,True,0.5043759333984783
1dov__A1_P26231--1dov__A2_P26231,12,2,1,2,0.738599267720068,53.71875,True,0.4922536797598594
1dov__A1_P26231--1dov__A2_P26231,13,1,3,2,0.0081679864289101,23.734375,False,0.45632165296832744
1dov__A1_P26231--1dov__A2_P26231,14,1,1,2,0.0082373203591503,23.234375,False,0.4623209914046817
1dov__A1_P26231--1dov__A2_P26231,15,4,1,2,0.5387706214362165,23.109375,True,0.4375775346756386
1dov__A1_P26231--1dov__A2_P26231,16,4,2,2,0.3691007990111532,22.125,True,0.44421270583856676
1dov__A1_P26231--1dov__A2_P26231,17,1,2,2,0.0135405490184172,21.375,False,0.4442168795388495
1dov__A1_P26231--1dov__A2_P26231,18,1,0,2,0.008437008252826,21.0,False,0.42736385020374923
1dov__A1_P26231--1dov__A2_P26231,19,4,0,2,0.1331419809498939,17.90625,False,0.40963887883383265
1dov__A1_P26231--1dov__A2_P26231,20,4,3,2,0.1226955924040615,17.359375,False,0.4230586379718992
1e1c__A1_P11653--1e1c__B1_P11652,1,5,3,1,0.8879610296877852,95.3125,True,0.5537266974520642
1e1c__A1_P11653--1e1c__B1_P11652,2,5,1,1,0.8824624056244575,95.3125,True,0.5386527053047853
1e1c__A1_P11653--1e1c__B1_P11652,3,4,1,1,0.8780828307520663,95.25,True,0.5625579757753065
1e1c__A1_P11653--1e1c__B1_P11652,4,5,2,1,0.8779362841725277,95.25,True,0.5212790027508785
1e1c__A1_P11653--1e1c__B1_P11652,5,4,2,1,0.8769812124617719,95.25,True,0.5475721113164361
1e1c__A1_P11653--1e1c__B1_P11652,6,4,3,1,0.8848930295749645,95.1875,True,0.530554658970724
1e1c__A1_P11653--1e1c__B1_P11652,7,4,0,1,0.8816670967274084,95.1875,True,0.5665003830326809
1e1c__A1_P11653--1e1c__B1_P11652,8,5,0,1,0.8847508049676026,95.1875,True,0.5185770201761196
1e1c__A1_P11653--1e1c__B1_P11652,9,3,2,1,0.8812043703593312,95.125,True,0.4889218679940726
1e1c__A1_P11653--1e1c__B1_P11652,10,3,1,1,0.8821870154328565,95.0625,True,0.4289343767492785
1e1c__A1_P11653--1e1c__B1_P11652,11,3,3,1,0.887511542985337,95.0625,True,0.4875669335192063
1e1c__A1_P11653--1e1c__B1_P11652,12,1,1,1,0.8949368997469773,95.0,True,0.5400732224573636
1e1c__A1_P11653--1e1c__B1_P11652,13,3,0,1,0.877376988524769,95.0,True,0.4724003584634216
1e1c__A1_P11653--1e1c__B1_P11652,14,1,2,1,0.8885638722686778,94.9375,True,0.486092674631721
1e1c__A1_P11653--1e1c__B1_P11652,15,2,2,1,0.8936868563914121,94.9375,True,0.4920500139021924
1e1c__A1_P11653--1e1c__B1_P11652,16,1,3,1,0.897450727532742,94.9375,True,0.5320693574706685
1e1c__A1_P11653--1e1c__B1_P11652,17,2,3,1,0.900440552363834,94.875,True,0.4783722929624512
1e1c__A1_P11653--1e1c__B1_P11652,18,2,1,1,0.9001500004725854,94.875,True,0.46841318980665636
1e1c__A1_P11653--1e1c__B1_P11652,19,2,0,1,0.8938514573255358,94.8125,True,0.43250048867864266
1e1c__A1_P11653--1e1c__B1_P11652,20,1,0,1,0.8908377701316491,94.8125,True,0.49556820402160373
1e5s__A1_O09345--1e5s__B2_O09345,1,5,0,1,0.0682889959251928,65.6875,False,0.6244873582878557
1e5s__A1_O09345--1e5s__B2_O09345,2,1,1,1,0.0672913027009006,59.3125,False,0.6023670835877601
1e5s__A1_O09345--1e5s__B2_O09345,3,2,3,1,0.0687355080355387,58.6875,False,0.6110721252444954
1e5s__A1_O09345--1e5s__B2_O09345,4,1,3,1,0.0673330764207844,53.25,False,0.514486683179232
1e5s__A1_O09345--1e5s__B2_O09345,5,4,2,1,0.0685786201092851,51.25,False,0.568774592167197
1e5s__A1_O09345--1e5s__B2_O09345,6,3,0,1,0.0683416894825023,50.625,False,0.5339780688438484
1e5s__A1_O09345--1e5s__B2_O09345,7,5,2,1,0.0682598503077234,50.375,False,0.5760707733536866
1e5s__A1_O09345--1e5s__B2_O09345,8,4,0,1,0.0686836664789703,49.84375,False,0.5252612942636011
1e5s__A1_O09345--1e5s__B2_O09345,9,4,1,1,0.0686450079519121,49.8125,False,0.51298810567729
1e5s__A1_O09345--1e5s__B2_O09345,10,4,3,1,0.0686090461093014,49.75,False,0.5040842715963222
1e5s__A1_O09345--1e5s__B2_O09345,11,3,1,1,0.0684966867610625,49.4375,False,0.4394337374372426
1e5s__A1_O09345--1e5s__B2_O09345,12,3,2,1,0.0685306322095413,49.34375,False,0.4891021928946493
1e5s__A1_O09345--1e5s__B2_O09345,13,3,3,1,0.06837181600919,48.6875,False,0.46585753143747827
1e5s__A1_O09345--1e5s__B2_O09345,14,2,2,1,0.0685851687678971,48.65625,False,0.4900486205570163
1e5s__A1_O09345--1e5s__B2_O09345,15,2,0,1,0.0687962228071719,46.78125,False,0.4601330923136627
1e5s__A1_O09345--1e5s__B2_O09345,16,1,0,1,0.0969251311814948,46.59375,False,0.4122890049844497
1e5s__A1_O09345--1e5s__B2_O09345,17,2,1,1,0.0688125829949602,46.4375,False,0.4502813779028555
1e5s__A1_O09345--1e5s__B2_O09345,18,1,2,1,0.0416225527677125,45.15625,False,0.40266271484371124
1e5s__A1_O09345--1e5s__B2_O09345,19,5,1,1,0.0684087160923108,44.5,False,0.4678689029230183
1e5s__A1_O09345--1e5s__B2_O09345,20,5,3,1,0.0685111674340551,44.46875,False,0.48717908501044044
1evx__A1_Q94702--1evx__B1_Q94702,1,3,3,0,0.010925439496474,83.9375,False,0.5957919991515161
1evx__A1_Q94702--1evx__B1_Q94702,2,1,3,0,0.0106887260735216,82.5,False,0.5966641076731917
1evx__A1_Q94702--1evx__B1_Q94702,3,5,3,0,0.0081590347435443,82.4375,False,0.6145155400201863
1evx__A1_Q94702--1evx__B1_Q94702,4,3,2,0,0.0103580558701426,81.25,False,0.5987598390163741
1evx__A1_Q94702--1evx__B1_Q94702,5,5,0,0,0.0083365714057729,79.9375,False,0.580971249831123
1evx__A1_Q94702--1evx__B1_Q94702,6,3,0,0,0.0083639274187413,79.3125,False,0.5804880013904731
1evx__A1_Q94702--1evx__B1_Q94702,7,4,2,0,0.0096473411158354,77.25,False,0.5577183889845433
1evx__A1_Q94702--1evx__B1_Q94702,8,5,1,0,0.0082699114596067,76.5625,False,0.5513074585611076
1evx__A1_Q94702--1evx__B1_Q94702,9,4,1,0,0.0084140522103871,73.0625,False,0.5323415756645938
1evx__A1_Q94702--1evx__B1_Q94702,10,5,2,0,0.00959210957137,72.3125,False,0.5158797468488613
1evx__A1_Q94702--1evx__B1_Q94702,11,4,0,0,0.0100342612859327,71.0,False,0.5004552071324861
1evx__A1_Q94702--1evx__B1_Q94702,12,2,1,0,0.0088150788485174,68.0,False,0.5047720531569597
1evx__A1_Q94702--1evx__B1_Q94702,13,2,2,0,0.0102244976931274,66.3125,False,0.4715914210287256
1evx__A1_Q94702--1evx__B1_Q94702,14,1,2,0,0.0100925353353011,62.6875,False,0.45943629089812554
1evx__A1_Q94702--1evx__B1_Q94702,15,4,3,0,0.0084975266538872,62.5625,False,0.45405247399015475
1evx__A1_Q94702--1evx__B1_Q94702,16,1,1,0,0.0108132490073413,55.65625,False,0.43902814949768676
1evx__A1_Q94702--1evx__B1_Q94702,17,3,1,0,0.0109906266411894,53.34375,False,0.4235652258226731
1evx__A1_Q94702--1evx__B1_Q94702,18,2,3,0,0.0104346300330603,52.5,False,0.4082694793015558
1evx__A1_Q94702--1evx__B1_Q94702,19,1,0,0,0.0105102797263241,22.9375,False,0.3980762444184242
1evx__A1_Q94702--1evx__B1_Q94702,20,2,0,0,0.0101116421488417,19.3125,False,0.38553169533444276
1exs__A1_P04119--1exs__A2_P04119,1,3,3,1,0.3011266108835699,66.5625,True,0.6255341466098057
1exs__A1_P04119--1exs__A2_P04119,2,3,1,1,0.3164791485752165,62.125,True,0.5963549840828618
1exs__A1_P04119--1exs__A2_P04119,3,3,2,1,0.3226009025174198,62.0625,True,0.6063037179876398
1exs__A1_P04119--1exs__A2_P04119,4,3,0,1,0.3217386191244765,61.21875,True,0.5765056393877693
1exs__A1_P04119--1exs__A2_P04119,5,1,2,1,0.3259900901940235,59.125,True,0.5595050112996788
1exs__A1_P04119--1exs__A2_P04119,6,2,0,1,0.0123313610663717,58.9375,False,0.5714851935284786
1exs__A1_P04119--1exs__A2_P04119,7,2,1,1,0.0108744873183826,57.78125,False,0.5520861664382208
1exs__A1_P04119--1exs__A2_P04119,8,1,3,1,0.3218903431690887,57.3125,True,0.5517640861352308
1exs__A1_P04119--1exs__A2_P04119,9,1,1,1,0.3245903115449811,55.53125,True,0.5364405385991009
1exs__A1_P04119--1exs__A2_P04119,10,2,3,1,0.0109403022976491,54.65625,False,0.5069074360367323
1exs__A1_P04119--1exs__A2_P04119,11,4,2,1,0.2954843279502046,28.171875,True,0.5037684273310554
1exs__A1_P04119--1exs__A2_P04119,12,4,0,1,0.2366206810736957,26.1875,True,0.49189655524911247
1exs__A1_P04119--1exs__A2_P04119,13,2,2,1,0.0094738951959988,22.375,False,0.4357579531384296
1exs__A1_P04119--1exs__A2_P04119,14,4,3,1,0.3004691787256889,21.53125,True,0.4642839148868808
1exs__A1_P04119--1exs__A2_P04119,15,4,1,1,0.1255535181241075,19.0625,False,0.43650153144178133
1exs__A1_P04119--1exs__A2_P04119,16,5,0,1,0.1926715407736669,18.625,False,0.45483088543387884
1exs__A1_P04119--1exs__A2_P04119,17,5,2,1,0.195259449744219,17.625,False,0.4271631229026796
1exs__A1_P04119--1exs__A2_P04119,18,5,1,1,0.1513873163789423,17.09375,False,0.43130923343264077
1exs__A1_P04119--1exs__A2_P04119,19,5,3,1,0.3083444788113792,17.0625,True,0.41893459718838283
1exs__A1_P04119--1exs__A2_P04119,20,1,0,1,0.0569774810232433,14.9140625,False,0.3922557824168612
1f8u__A1_P22303--1f8u__B1_P0C1Z0,1,3,0,4,0.1074135757276404,52.21875,False,0.6287323427945517
1f8u__A1_P22303--1f8u__B1_P0C1Z0,2,3,3,4,0.1019832102705993,51.75,False,0.592219822891127
1f8u__A1_P22303--1f8u__B1_P0C1Z0,3,3,2,4,0.0945510892678223,51.4375,False,0.6064635657841934
1f8u__A1_P22303--1f8u__B1_P0C1Z0,4,3,1,4,0.1022628272256454,51.1875,False,0.6105890803381377
1f8u__A1_P22303--1f8u__B1_P0C1Z0,5,4,3,4,0.1178671675121576,50.125,False,0.5697626677047054
1f8u__A1_P22303--1f8u__B1_P0C1Z0,6,4,0,4,0.1291056023301792,49.65625,False,0.5559753569630697
1f8u__A1_P22303--1f8u__B1_P0C1Z0,7,5,3,4,0.0838182214140566,48.0,False,0.5671381448709654
1f8u__A1_P22303--1f8u__B1_P0C1Z0,8,4,1,4,0.1576398698849319,45.96875,False,0.5299822595106748
1f8u__A1_P22303--1f8u__B1_P0C1Z0,9,1,2,4,0.0886254374684536,45.15625,False,0.4993052649853271
1f8u__A1_P22303--1f8u__B1_P0C1Z0,10,1,3,4,0.0791396836420555,45.03125,False,0.5225596189122781
1f8u__A1_P22303--1f8u__B1_P0C1Z0,11,4,2,4,0.2087220039777344,44.78125,False,0.47083495828903493
1f8u__A1_P22303--1f8u__B1_P0C1Z0,12,5,2,4,0.4520224867354952,44.375,True,0.5122867189138828
1f8u__A1_P22303--1f8u__B1_P0C1Z0,13,5,1,4,0.3228791062046801,42.4375,True,0.46068171222618687
1f8u__A1_P22303--1f8u__B1_P0C1Z0,14,1,0,4,0.2229304863071196,42.34375,False,0.4396566590213062
1f8u__A1_P22303--1f8u__B1_P0C1Z0,15,5,0,4,0.0967056108471119,41.875,False,0.45960173673326304
1f8u__A1_P22303--1f8u__B1_P0C1Z0,16,2,0,4,0.1523672187681608,41.6875,False,0.4497807273986317
1f8u__A1_P22303--1f8u__B1_P0C1Z0,17,2,1,4,0.1293785873407412,39.6875,False,0.425577121541292
1f8u__A1_P22303--1f8u__B1_P0C1Z0,18,1,1,4,0.108823376567948,38.78125,False,0.40459802660914906
1f8u__A1_P22303--1f8u__B1_P0C1Z0,19,2,2,4,0.1976686131628396,36.90625,False,0.38404852619790686
1f8u__A1_P22303--1f8u__B1_P0C1Z0,20,2,3,4,0.206666169651859,36.5,False,0.38740431246668705
1fd3__A1_O15263--1fd3__C1_O15263,1,3,0,2,0.0294831960716535,82.8125,False,0.6230287144243065
1fd3__A1_O15263--1fd3__C1_O15263,2,3,2,2,0.0294504541496873,82.125,False,0.6029731019056911
1fd3__A1_O15263--1fd3__C1_O15263,3,3,3,2,0.0295115747184849,82.125,False,0.6086170593929375
1fd3__A1_O15263--1fd3__C1_O15263,4,3,1,2,0.0296008726602693,81.6875,False,0.588301374160422
1fd3__A1_O15263--1fd3__C1_O15263,5,5,1,2,0.0293442757586005,79.625,False,0.5765083010473344
1fd3__A1_O15263--1fd3__C1_O15263,6,5,0,2,0.029400376985071,79.375,False,0.5646274138961219
1fd3__A1_O15263--1fd3__C1_O15263,7,5,3,2,0.0294356294616377,78.5,False,0.5526718400864198
1fd3__A1_O15263--1fd3__C1_O15263,8,5,2,2,0.0293993171541885,77.6875,False,0.5307911594342758
1fd3__A1_O15263--1fd3__C1_O15263,9,4,2,2,0.0299758874925297,77.4375,False,0.5384607175602762
1fd3__A1_O15263--1fd3__C1_O15263,10,4,0,2,0.0299421256329757,76.25,False,0.5150934899525789
1fd3__A1_O15263--1fd3__C1_O15263,11,4,3,2,0.029871192647484,76.1875,False,0.5057767412976922
1fd3__A1_O15263--1fd3__C1_O15263,12,4,1,2,0.0299296640379213,74.6875,False,0.4922536797598594
1fd3__A1_O15263--1fd3__C1_O15263,13,1,2,2,0.0299608746819958,72.375,False,0.48014052798252627
1fd3__A1_O15263--1fd3__C1_O15263,14,1,3,2,0.0299783134269825,70.8125,False,0.4680506797171312
1fd3__A1_O15263--1fd3__C1_O15263,15,1,1,2,0.0298515884004237,66.125,False,0.4559982274173465
1fd3__A1_O15263--1fd3__C1_O15263,16,1,0,2,0.0301552917609164,64.375,False,0.44399708896350104
1fd3__A1_O15263--1fd3__C1_O15263,17,2,3,2,0.0318904942076461,29.703125,False,0.4320609440119164
1fd3__A1_O15263--1fd3__C1_O15263,18,2,0,2,0.0663481439754846,26.8125,False,0.41813795777970103
1fd3__A1_O15263--1fd3__C1_O15263,19,2,2,2,0.0310727661213928,23.90625,False,0.41048789985542333
1fd3__A1_O15263--1fd3__C1_O15263,20,2,1,2,0.0623339303716019,18.046875,False,0.3967744266854328
1foe__A1_Q60610--1foe__B1_P63000,1,5,0,1,0.4997908099178576,87.1875,True,0.5576068400363775
1foe__A1_Q60610--1foe__B1_P63000,2,1,2,1,0.4811629523529454,87.0625,True,0.6173415437380838
1foe__A1_Q60610--1foe__B1_P63000,3,5,2,1,0.5309142508392716,86.6875,True,0.6184728730866006
1foe__A1_Q60610--1foe__B1_P63000,4,5,3,1,0.530877140261634,86.3125,True,0.585031212717463
1foe__A1_Q60610--1foe__B1_P63000,5,5,1,1,0.5530255225990697,85.875,True,0.5585064378690239
1foe__A1_Q60610--1foe__B1_P63000,6,4,1,1,0.5412342427990614,85.4375,True,0.5536266945649192
1foe__A1_Q60610--1foe__B1_P63000,7,4,3,1,0.5081422548181519,85.375,True,0.5409577468928198
1foe__A1_Q60610--1foe__B1_P63000,8,4,0,1,0.5294475033245979,85.0625,True,0.5152643581387633
1foe__A1_Q60610--1foe__B1_P63000,9,1,3,1,0.4954008619725158,84.5625,True,0.5241233888567277
1foe__A1_Q60610--1foe__B1_P63000,10,4,2,1,0.5273955150196542,84.5,True,0.47588281810155214
1foe__A1_Q60610--1foe__B1_P63000,11,2,0,1,0.5574458909509227,84.375,True,0.4904006069359466
1foe__A1_Q60610--1foe__B1_P63000,12,2,3,1,0.5699737901985124,84.0,True,0.48108111046490043
1foe__A1_Q60610--1foe__B1_P63000,13,2,1,1,0.560530049026021,83.875,True,0.4825332136092966
1foe__A1_Q60610--1foe__B1_P63000,14,2,2,1,0.5631431680181843,83.8125,True,0.4536216280918178
1foe__A1_Q60610--1foe__B1_P63000,15,1,1,1,0.4790788598113865,83.375,True,0.4864769979476553
1foe__A1_Q60610--1foe__B1_P63000,16,1,0,1,0.4651176942359836,82.375,True,0.4886488067426532
1foe__A1_Q60610--1foe__B1_P63000,17,3,1,1,0.3055667432710305,78.25,True,0.42963984941150235
1foe__A1_Q60610--1foe__B1_P63000,18,3,3,1,0.3002443201266906,76.25,True,0.43506198833539267
1foe__A1_Q60610--1foe__B1_P63000,19,3,0,1,0.3013074571044786,75.1875,True,0.44642939490333094
1foe__A1_Q60610--1foe__B1_P63000,20,3,2,1,0.3297282104581567,72.375,True,0.3984748297888105
1g6u__A1_UNDEFINED--1g6u__B1_UNDEFINED,1,1,1,0,0.7275139921499552,84.0625,True,0.6305637859732365
1g6u__A1_UNDEFINED--1g6u__B1_UNDEFINED,2,1,0,0,0.7175197022200589,83.75,True,0.6118574525277372
1g6u__A1_UNDEFINED--1g6u__B1_UNDEFINED,3,1,3,0,0.7248605329772951,83.6875,True,0.6120950788113377
1g6u__A1_UNDEFINED--1g6u__B1_UNDEFINED,4,5,3,0,0.7171850169222491,82.6875,True,0.5873228548779329
1g6u__A1_UNDEFINED--1g6u__B1_UNDEFINED,5,5,1,0,0.7129438383925771,82.625,True,0.5712375964877325
1g6u__A1_UNDEFINED--1g6u__B1_UNDEFINED,6,1,2,0,0.7288467148281917,82.5625,True,0.5749805931286704
1g6u__A1_UNDEFINED--1g6u__B1_UNDEFINED,7,5,0,0,0.6952270818783074,82.1875,True,0.5603175061902359
1g6u__A1_UNDEFINED--1g6u__B1_UNDEFINED,8,5,2,0,0.7022959475224576,82.0625,True,0.5390044548527925
1g6u__A1_UNDEFINED--1g6u__B1_UNDEFINED,9,3,3,0,0.7022410062592118,81.4375,True,0.5275246763766219
1g6u__A1_UNDEFINED--1g6u__B1_UNDEFINED,10,3,0,0,0.6958057408425774,81.25,True,0.5143427489311787
1g6u__A1_UNDEFINED--1g6u__B1_UNDEFINED,11,3,1,0,0.6951342624584141,81.1875,True,0.5040934560377623
1g6u__A1_UNDEFINED--1g6u__B1_UNDEFINED,12,3,2,0,0.703612155903209,81.0,True,0.4854372919962365
1g6u__A1_UNDEFINED--1g6u__B1_UNDEFINED,13,2,3,0,0.7188141203183024,80.75,True,0.48235716877685764
1g6u__A1_UNDEFINED--1g6u__B1_UNDEFINED,14,2,1,0,0.71712341480335,80.625,True,0.46254276326441346
1g6u__A1_UNDEFINED--1g6u__B1_UNDEFINED,15,2,0,0,0.7211233730814665,80.1875,True,0.449477264053006
1g6u__A1_UNDEFINED--1g6u__B1_UNDEFINED,16,2,2,0,0.7223426618070667,79.25,True,0.4364811034221464
1g6u__A1_UNDEFINED--1g6u__B1_UNDEFINED,17,4,1,0,0.720957920814806,68.75,True,0.4228428442115278
1g6u__A1_UNDEFINED--1g6u__B1_UNDEFINED,18,4,3,0,0.7294201436351684,67.9375,True,0.40753584216546535
1g6u__A1_UNDEFINED--1g6u__B1_UNDEFINED,19,4,2,0,0.7030861229867155,67.625,True,0.40200240827422684
1g6u__A1_UNDEFINED--1g6u__B1_UNDEFINED,20,4,0,0,0.207852820544509,32.03125,False,0.3855286050603503
1gmg__A1_P03051--1gmg__A2_P03051,1,4,3,4,0.1445360533665282,87.1875,False,0.6287323427945517
1gmg__A1_P03051--1gmg__A2_P03051,2,4,0,4,0.1389728682442884,86.9375,False,0.616094207551083
1gmg__A1_P03051--1gmg__A2_P03051,3,3,3,4,0.0298206851957383,86.4375,False,0.6032973066517374
1gmg__A1_P03051--1gmg__A2_P03051,4,4,1,4,0.1328083610455947,84.8125,False,0.5829329970742073
1gmg__A1_P03051--1gmg__A2_P03051,5,4,2,4,0.1444036097887071,84.5,False,0.5770155907956142
1gmg__A1_P03051--1gmg__A2_P03051,6,1,0,4,0.0298646191079103,84.375,False,0.5719059235270294
1gmg__A1_P03051--1gmg__A2_P03051,7,3,0,4,0.1491171304357195,80.0625,False,0.5508496549721202
1gmg__A1_P03051--1gmg__A2_P03051,8,3,1,4,0.1492815601022464,73.125,False,0.5306185810932186
1gmg__A1_P03051--1gmg__A2_P03051,9,3,2,4,0.1491576511461756,66.6875,False,0.489755485879349
1gmg__A1_P03051--1gmg__A2_P03051,10,2,2,4,0.1385656800597699,66.6875,False,0.5252307409853848
1gmg__A1_P03051--1gmg__A2_P03051,11,2,3,4,0.1392118485170044,65.75,False,0.5027292302656242
1gmg__A1_P03051--1gmg__A2_P03051,12,1,2,4,0.1398357232226637,64.4375,False,0.5000390416758648
1gmg__A1_P03051--1gmg__A2_P03051,13,2,1,4,0.1387357952606599,62.34375,False,0.46954702017291183
1gmg__A1_P03051--1gmg__A2_P03051,14,5,2,4,0.1516308650654541,58.3125,False,0.44033316878570705
1gmg__A1_P03051--1gmg__A2_P03051,15,5,1,4,0.1523066746508811,57.46875,False,0.4196461538202533
1gmg__A1_P03051--1gmg__A2_P03051,16,1,1,4,0.1384960324808557,56.65625,False,0.4541508865772123
1gmg__A1_P03051--1gmg__A2_P03051,17,5,3,4,0.1423009189613822,56.25,False,0.391305823707478
1gmg__A1_P03051--1gmg__A2_P03051,18,2,0,4,0.1505843208515441,51.03125,False,0.4132504375963108
1gmg__A1_P03051--1gmg__A2_P03051,19,1,3,4,0.1505525314154483,50.53125,False,0.4229241026261825
1gmg__A1_P03051--1gmg__A2_P03051,20,5,0,4,0.1042319817347025,41.78125,False,0.3866872579516082
1gri__A1_P62993--1gri__B1_P62993,1,1,0,3,0.0441608601924013,47.28125,False,0.6223738594640521
1gri__A1_P62993--1gri__B1_P62993,2,2,2,3,0.0159329235705509,44.53125,False,0.6096003083458924
1gri__A1_P62993--1gri__B1_P62993,3,5,2,3,0.0474020427187148,42.34375,False,0.568800045249312
1gri__A1_P62993--1gri__B1_P62993,4,2,0,3,0.01569647412912,41.28125,False,0.5923208573482712
1gri__A1_P62993--1gri__B1_P62993,5,2,1,3,0.0304721566358484,40.71875,False,0.5582999789246152
1gri__A1_P62993--1gri__B1_P62993,6,2,3,3,0.0159567923596999,40.625,False,0.5712965649723799
1gri__A1_P62993--1gri__B1_P62993,7,5,1,3,0.0474854197027757,38.4375,False,0.5365621854228458
1gri__A1_P62993--1gri__B1_P62993,8,3,3,3,0.0425018950372423,38.28125,False,0.5315367250524241
1gri__A1_P62993--1gri__B1_P62993,9,5,0,3,0.045026606001258,38.0625,False,0.5318034435130325
1gri__A1_P62993--1gri__B1_P62993,10,3,0,3,0.0474049208527736,37.9375,False,0.5394146501164149
1gri__A1_P62993--1gri__B1_P62993,11,3,2,3,0.0492811214420319,34.90625,False,0.5036068471292751
1gri__A1_P62993--1gri__B1_P62993,12,5,3,3,0.0468875703706789,33.5,False,0.49537074842272744
1gri__A1_P62993--1gri__B1_P62993,13,3,1,3,0.0475206703482283,32.28125,False,0.4671880066052585
1gri__A1_P62993--1gri__B1_P62993,14,4,1,3,0.0376721240652154,30.421875,False,0.4678384207968741
1gri__A1_P62993--1gri__B1_P62993,15,4,3,3,0.0173756660481639,28.875,False,0.45384616997704963
1gri__A1_P62993--1gri__B1_P62993,16,4,2,3,0.039819933716711,28.421875,False,0.4491101082681846
1gri__A1_P62993--1gri__B1_P62993,17,4,0,3,0.0560898713175787,27.5625,False,0.42423819341986
1gri__A1_P62993--1gri__B1_P62993,18,1,3,3,0.0284182871560198,17.921875,False,0.4158409260165
1gri__A1_P62993--1gri__B1_P62993,19,1,2,3,0.0267030912060237,17.890625,False,0.41387010931362495
1gri__A1_P62993--1gri__B1_P62993,20,1,1,3,0.0198937092302282,17.6875,False,0.3972341391052628
1hh4__A1_P63000--1hh4__C1_P52565,1,4,0,1,0.4206780323224839,70.75,True,0.6244873582878557
1hh4__A1_P63000--1hh4__C1_P52565,2,4,2,1,0.4687712806977163,61.75,True,0.6129173331011687
1hh4__A1_P63000--1hh4__C1_P52565,3,5,0,1,0.4909302850866357,60.03125,True,0.6001471526720148
1hh4__A1_P63000--1hh4__C1_P52565,4,5,2,1,0.5004368687620168,59.6875,True,0.5883215631985332
1hh4__A1_P63000--1hh4__C1_P52565,5,1,2,1,0.5102478108327824,52.40625,True,0.5760295448860158
1hh4__A1_P63000--1hh4__C1_P52565,6,3,3,1,0.5024079466929915,52.3125,True,0.5636427251079057
1hh4__A1_P63000--1hh4__C1_P52565,7,4,1,1,0.3757591439361285,38.125,True,0.5160640582488463
1hh4__A1_P63000--1hh4__C1_P52565,8,3,1,1,0.3996606543729706,34.5625,True,0.5510951438745694
1hh4__A1_P63000--1hh4__C1_P52565,9,4,3,1,0.1484183564381498,33.53125,False,0.5118015685407523
1hh4__A1_P63000--1hh4__C1_P52565,10,3,0,1,0.082013881580521,26.5625,False,0.5160792959089596
1hh4__A1_P63000--1hh4__C1_P52565,11,2,1,1,0.0955026538125397,25.4375,False,0.491074775412088
1hh4__A1_P63000--1hh4__C1_P52565,12,2,2,1,0.0646448970007166,24.203125,False,0.4398391360427729
1hh4__A1_P63000--1hh4__C1_P52565,13,3,2,1,0.0501828720102536,23.453125,False,0.4947659615214393
1hh4__A1_P63000--1hh4__C1_P52565,14,2,3,1,0.0665161680549223,23.421875,False,0.43781612480555243
1hh4__A1_P63000--1hh4__C1_P52565,15,1,1,1,0.0543915036942086,22.765625,False,0.4688067502697433
1hh4__A1_P63000--1hh4__C1_P52565,16,1,0,1,0.0461427587719082,22.640625,False,0.47999457769809517
1hh4__A1_P63000--1hh4__C1_P52565,17,1,3,1,0.0475271316281258,22.25,False,0.45001863451434476
1hh4__A1_P63000--1hh4__C1_P52565,18,2,0,1,0.0353096543979387,21.703125,False,0.4119277506535297
1hh4__A1_P63000--1hh4__C1_P52565,19,5,1,1,0.042353152257641,20.25,False,0.40745707834866757
1hh4__A1_P63000--1hh4__C1_P52565,20,5,3,1,0.0442261900103206,20.203125,False,0.3967075550370362
1hni__A1_P03366--1hni__B1_P03367,1,1,2,1,0.0051534665293039,64.6875,False,0.5879663713153881
1hni__A1_P03366--1hni__B1_P03367,2,1,1,1,0.1460378731164565,59.78125,False,0.6230130805927004
1hni__A1_P03366--1hni__B1_P03367,3,1,3,1,0.1441748925625312,57.09375,False,0.6046231677897232
1hni__A1_P03366--1hni__B1_P03367,4,1,0,1,0.1447493680511108,56.375,False,0.5863099838485627
1hni__A1_P03366--1hni__B1_P03367,5,5,0,1,0.1435033375328394,55.59375,False,0.5619116510438239
1hni__A1_P03366--1hni__B1_P03367,6,4,0,1,0.1401588341693002,54.875,False,0.5794565713526368
1hni__A1_P03366--1hni__B1_P03367,7,5,2,1,0.1416558873132027,54.84375,False,0.5401286070366139
1hni__A1_P03366--1hni__B1_P03367,8,5,1,1,0.1416311124198854,54.03125,False,0.5371989932135952
1hni__A1_P03366--1hni__B1_P03367,9,4,1,1,0.141370931021738,53.78125,False,0.5404343089855546
1hni__A1_P03366--1hni__B1_P03367,10,5,3,1,0.1437031172151096,52.53125,False,0.5188950893358866
1hni__A1_P03366--1hni__B1_P03367,11,4,3,1,0.1391339260396423,51.21875,False,0.5167501435814777
1hni__A1_P03366--1hni__B1_P03367,12,2,3,1,0.1493755642757539,48.6875,False,0.48181930285724167
1hni__A1_P03366--1hni__B1_P03367,13,4,2,1,0.1414070448495105,48.53125,False,0.4799776187367861
1hni__A1_P03366--1hni__B1_P03367,14,2,0,1,0.0056446913079413,47.25,False,0.4528044896139168
1hni__A1_P03366--1hni__B1_P03367,15,2,2,1,0.0057226476463465,43.84375,False,0.43137827518001043
1hni__A1_P03366--1hni__B1_P03367,16,3,2,1,0.1443112330593413,43.125,False,0.460989935003855
1hni__A1_P03366--1hni__B1_P03367,17,3,0,1,0.1437202527224385,40.3125,False,0.43258194147810997
1hni__A1_P03366--1hni__B1_P03367,18,2,1,1,0.0067873397489011,39.0,False,0.41289878775517264
1hni__A1_P03366--1hni__B1_P03367,19,3,1,1,0.006487909899867,35.8125,False,0.40143599802060487
1hni__A1_P03366--1hni__B1_P03367,20,3,3,1,0.0333425823202865,19.09375,False,0.390079999876462
1i7f__A1_P0A6Y5--1i7f__A2_P0A6Y5,1,1,2,0,0.7098499974227678,87.3125,True,0.6305637859732365
1i7f__A1_P0A6Y5--1i7f__A2_P0A6Y5,2,1,0,0,0.7123666408075356,86.3125,True,0.6182114004128612
1i7f__A1_P0A6Y5--1i7f__A2_P0A6Y5,3,2,0,0,0.7114164701565082,85.375,True,0.599317600133757
1i7f__A1_P0A6Y5--1i7f__A2_P0A6Y5,4,2,3,0,0.7150070485881223,84.0,True,0.5900426941036848
1i7f__A1_P0A6Y5--1i7f__A2_P0A6Y5,5,1,1,0,0.711600262685646,84.0,True,0.5735477125004291
1i7f__A1_P0A6Y5--1i7f__A2_P0A6Y5,6,2,2,0,0.7172489377475856,83.8125,True,0.5772026336595378
1i7f__A1_P0A6Y5--1i7f__A2_P0A6Y5,7,1,3,0,0.7124841061175657,83.4375,True,0.5518753631356731
1i7f__A1_P0A6Y5--1i7f__A2_P0A6Y5,8,2,1,0,0.7181330333366375,83.0625,True,0.5505753034448038
1i7f__A1_P0A6Y5--1i7f__A2_P0A6Y5,9,4,2,0,0.0818455750959217,79.375,False,0.5182220331579309
1i7f__A1_P0A6Y5--1i7f__A2_P0A6Y5,10,3,0,0,0.0925240707022581,79.375,False,0.5151827627489396
1i7f__A1_P0A6Y5--1i7f__A2_P0A6Y5,11,3,3,0,0.0917239816980418,79.3125,False,0.5053444890229029
1i7f__A1_P0A6Y5--1i7f__A2_P0A6Y5,12,3,1,0,0.0904520630814808,78.8125,False,0.49548250902870583
1i7f__A1_P0A6Y5--1i7f__A2_P0A6Y5,13,4,1,0,0.0801823429916664,78.3125,False,0.46898590125906925
1i7f__A1_P0A6Y5--1i7f__A2_P0A6Y5,14,3,2,0,0.0864016746786215,77.875,False,0.4692060978893124
1i7f__A1_P0A6Y5--1i7f__A2_P0A6Y5,15,4,0,0,0.0811946989780926,76.5,False,0.4520393129616946
1i7f__A1_P0A6Y5--1i7f__A2_P0A6Y5,16,4,3,0,0.0784093726459948,74.375,False,0.4339374036219046
1i7f__A1_P0A6Y5--1i7f__A2_P0A6Y5,17,5,2,0,0.0962709874060784,67.5,False,0.42609389160001865
1i7f__A1_P0A6Y5--1i7f__A2_P0A6Y5,18,5,3,0,0.0977597866699832,66.75,False,0.4100495065772066
1i7f__A1_P0A6Y5--1i7f__A2_P0A6Y5,19,5,1,0,0.0955127249355496,65.1875,False,0.3948825259189097
1i7f__A1_P0A6Y5--1i7f__A2_P0A6Y5,20,5,0,0,0.0954813145229265,64.75,False,0.38695023136691364
1ira__B1_P14778--1ira__A1_P18510,1,5,2,0,0.704973812566681,88.9375,True,0.6026399156269004
1ira__B1_P14778--1ira__A1_P18510,2,5,1,0,0.7189753284467475,88.6875,True,0.5637538236881682
1ira__B1_P14778--1ira__A1_P18510,3,5,3,0,0.7082040887839925,88.5,True,0.4980845435876477
1ira__B1_P14778--1ira__A1_P18510,4,4,2,0,0.6384244531291515,88.4375,True,0.5315696025712372
1ira__B1_P14778--1ira__A1_P18510,5,4,3,0,0.6452046945285992,88.4375,True,0.5043989875870067
1ira__B1_P14778--1ira__A1_P18510,6,5,0,0,0.6823989386593307,88.4375,True,0.5119357302834433
1ira__B1_P14778--1ira__A1_P18510,7,1,0,0,0.6589922774733936,88.375,True,0.587539034654218
1ira__B1_P14778--1ira__A1_P18510,8,4,0,0,0.6770480442289778,88.375,True,0.5039389777541352
1ira__B1_P14778--1ira__A1_P18510,9,1,2,0,0.6412037021609186,88.25,True,0.5680975235154436
1ira__B1_P14778--1ira__A1_P18510,10,1,3,0,0.6431817283508178,88.1875,True,0.5483907888839801
1ira__B1_P14778--1ira__A1_P18510,11,3,1,0,0.7067706185240769,88.1875,True,0.4745804295286193
1ira__B1_P14778--1ira__A1_P18510,12,1,1,0,0.6583691694720822,88.125,True,0.5563636023472804
1ira__B1_P14778--1ira__A1_P18510,13,3,2,0,0.6929910607159709,88.0625,True,0.4634167062228285
1ira__B1_P14778--1ira__A1_P18510,14,3,0,0,0.6833973457274758,88.0625,True,0.4450720004245386
1ira__B1_P14778--1ira__A1_P18510,15,3,3,0,0.6924621277915679,88.0,True,0.436418430557567
1ira__B1_P14778--1ira__A1_P18510,16,2,1,0,0.664019184834062,87.9375,True,0.5260009869852266
1ira__B1_P14778--1ira__A1_P18510,17,4,1,0,0.6715472868453435,87.8125,True,0.5331042543706986
1ira__B1_P14778--1ira__A1_P18510,18,2,2,0,0.6766590018252718,87.8125,True,0.49807569786261296
1ira__B1_P14778--1ira__A1_P18510,19,2,0,0,0.6932185252401712,87.5625,True,0.40901613821090255
1ira__B1_P14778--1ira__A1_P18510,20,2,3,0,0.6689154591715004,87.25,True,0.40789589017359573
1k04__A1_Q05397--1k04__A2_Q05397,1,4,1,3,0.6350024461672643,80.375,True,0.6176134598023214
1k04__A1_Q05397--1k04__A2_Q05397,2,4,2,3,0.6386782903380029,80.3125,True,0.6130868388530328
1k04__A1_Q05397--1k04__A2_Q05397,3,4,0,3,0.6325533348817087,80.0625,True,0.6077798851204409
1k04__A1_Q05397--1k04__A2_Q05397,4,4,3,3,0.6363154530242646,79.9375,True,0.5891511717761685
1k04__A1_Q05397--1k04__A2_Q05397,5,3,1,3,0.6541534062883384,75.4375,True,0.5626181872592793
1k04__A1_Q05397--1k04__A2_Q05397,6,3,0,3,0.6700078088316864,75.0,True,0.5632285765586137
1k04__A1_Q05397--1k04__A2_Q05397,7,5,1,3,0.641325909511052,74.8125,True,0.5264031339100963
1k04__A1_Q05397--1k04__A2_Q05397,8,3,3,3,0.6762135987784691,74.75,True,0.5484431660270891
1k04__A1_Q05397--1k04__A2_Q05397,9,5,0,3,0.6446477769386898,74.6875,True,0.5257812342716499
1k04__A1_Q05397--1k04__A2_Q05397,10,5,2,3,0.6732089582789431,74.625,True,0.5063250566604593
1k04__A1_Q05397--1k04__A2_Q05397,11,5,3,3,0.6714683914664179,74.4375,True,0.4904088552703744
1k04__A1_Q05397--1k04__A2_Q05397,12,3,2,3,0.6753138497147734,74.375,True,0.5334823024960539
1k04__A1_Q05397--1k04__A2_Q05397,13,1,0,3,0.6296230780407228,66.5625,True,0.4763863607834589
1k04__A1_Q05397--1k04__A2_Q05397,14,1,1,3,0.6432096378659108,65.375,True,0.4507880998275523
1k04__A1_Q05397--1k04__A2_Q05397,15,1,3,3,0.6352943480385594,65.125,True,0.4580643524296746
1k04__A1_Q05397--1k04__A2_Q05397,16,1,2,3,0.6485169278531128,64.75,True,0.4456715636440022
1k04__A1_Q05397--1k04__A2_Q05397,17,2,3,3,0.0209598147751948,26.5625,False,0.42266554154828523
1k04__A1_Q05397--1k04__A2_Q05397,18,2,1,3,0.0387004186402989,25.359375,False,0.4187042950832772
1k04__A1_Q05397--1k04__A2_Q05397,19,2,0,3,0.0229809491690238,19.671875,False,0.3961341312718633
1k04__A1_Q05397--1k04__A2_Q05397,20,2,2,3,0.022305941527766,18.875,False,0.3971414626311042
1k51__A1_Q51912--1k51__A2_Q51912,1,1,1,2,0.0265439975694308,59.4375,False,0.6167812326677946
1k51__A1_Q51912--1k51__A2_Q51912,2,2,0,2,0.3963135218950382,58.8125,True,0.6074231642505957
1k51__A1_Q51912--1k51__A2_Q51912,3,5,3,2,0.0259004414162414,28.796875,False,0.6100693955153381
1k51__A1_Q51912--1k51__A2_Q51912,4,5,0,2,0.0266503355925997,24.765625,False,0.5979034344779443
1k51__A1_Q51912--1k51__A2_Q51912,5,3,1,2,0.0312358658407695,18.578125,False,0.5224163473244081
1k51__A1_Q51912--1k51__A2_Q51912,6,3,0,2,0.0282112309368754,18.09375,False,0.5558343536396263
1k51__A1_Q51912--1k51__A2_Q51912,7,2,1,2,0.047704888027941,16.71875,False,0.4863292316351922
1k51__A1_Q51912--1k51__A2_Q51912,8,4,0,2,0.0299358109051698,16.15625,False,0.4952696833073517
1k51__A1_Q51912--1k51__A2_Q51912,9,3,2,2,0.0294380913186867,16.078125,False,0.5112850960819811
1k51__A1_Q51912--1k51__A2_Q51912,10,3,3,2,0.0299777488013224,15.015625,False,0.5266875140582765
1k51__A1_Q51912--1k51__A2_Q51912,11,2,3,2,0.0515086865962678,14.8359375,False,0.522884714260373
1k51__A1_Q51912--1k51__A2_Q51912,12,1,3,2,0.0336238855451113,14.7109375,False,0.4672246179479783
1k51__A1_Q51912--1k51__A2_Q51912,13,1,2,2,0.0484640785472973,14.6015625,False,0.4340371076118881
1k51__A1_Q51912--1k51__A2_Q51912,14,4,1,2,0.0196778946719074,14.2734375,False,0.507208687462
1k51__A1_Q51912--1k51__A2_Q51912,15,5,1,2,0.0263550775426185,14.2421875,False,0.4918472762943449
1k51__A1_Q51912--1k51__A2_Q51912,16,2,2,2,0.0247414607360825,14.109375,False,0.49687570197493874
1k51__A1_Q51912--1k51__A2_Q51912,17,4,3,2,0.0533265250058666,14.1015625,False,0.46147734945031155
1k51__A1_Q51912--1k51__A2_Q51912,18,5,2,2,0.0322700846267593,13.71875,False,0.41540361888494387
1k51__A1_Q51912--1k51__A2_Q51912,19,1,0,2,0.0722360663701048,13.6484375,False,0.4450942377752571
1k51__A1_Q51912--1k51__A2_Q51912,20,4,2,2,0.039425483820999,13.0859375,False,0.43139069834977795
1k72__B1_P37700--1k72__A1_P37700,1,4,1,1,0.0020686534517434,38.4375,False,0.6176789953070018
1k72__B1_P37700--1k72__A1_P37700,2,4,0,1,0.0030849556501151,37.34375,False,0.6026472160201258
1k72__B1_P37700--1k72__A1_P37700,3,4,2,1,0.0021251589785405,34.3125,False,0.598792728167169
1k72__B1_P37700--1k72__A1_P37700,4,1,0,1,0.0051904021024488,28.984375,False,0.5312463006586695
1k72__B1_P37700--1k72__A1_P37700,5,5,1,1,0.005727220686822,28.796875,False,0.544822899545499
1k72__B1_P37700--1k72__A1_P37700,6,3,3,1,0.0055392064849871,28.3125,False,0.5602693461989234
1k72__B1_P37700--1k72__A1_P37700,7,2,3,1,0.0072706218984758,27.828125,False,0.5524253269937361
1k72__B1_P37700--1k72__A1_P37700,8,1,1,1,0.0049988443859264,27.6875,False,0.4931325153219594
1k72__B1_P37700--1k72__A1_P37700,9,2,2,1,0.0068953963920267,27.59375,False,0.5293230006817635
1k72__B1_P37700--1k72__A1_P37700,10,5,3,1,0.005377720078506,27.28125,False,0.5287516843358347
1k72__B1_P37700--1k72__A1_P37700,11,3,0,1,0.0052760985307386,26.71875,False,0.4913825040665948
1k72__B1_P37700--1k72__A1_P37700,12,1,3,1,0.004891905766621,26.109375,False,0.520736466901827
1k72__B1_P37700--1k72__A1_P37700,13,5,2,1,0.0054252010395689,25.625,False,0.4853145854582162
1k72__B1_P37700--1k72__A1_P37700,14,3,2,1,0.0049632209718563,25.5,False,0.46759186734707664
1k72__B1_P37700--1k72__A1_P37700,15,1,2,1,0.0024643884257214,25.359375,False,0.43929782685555674
1k72__B1_P37700--1k72__A1_P37700,16,4,3,1,0.005155209947242,24.265625,False,0.43483815332112896
1k72__B1_P37700--1k72__A1_P37700,17,2,1,1,0.0047965469070449,24.140625,False,0.45903011282153766
1k72__B1_P37700--1k72__A1_P37700,18,3,1,1,0.0039075573909475,23.90625,False,0.41596655196715454
1k72__B1_P37700--1k72__A1_P37700,19,2,0,1,0.0049383016293457,23.875,False,0.4437700023340249
1k72__B1_P37700--1k72__A1_P37700,20,5,0,1,0.002741717543154,23.796875,False,0.42244012525466945
1krl__B1_P02882--1krl__A1_P02881,1,2,3,0,0.8504889730461812,87.5625,True,0.6305637859732365
1krl__B1_P02882--1krl__A1_P02881,2,4,3,0,0.8636432119130973,86.5625,True,0.6182114004128612
1krl__B1_P02882--1krl__A1_P02881,3,4,2,0,0.863918383517173,86.25,True,0.6034993345153948
1krl__B1_P02882--1krl__A1_P02881,4,4,0,0,0.865078284838726,86.1875,True,0.595281158114713
1krl__B1_P02882--1krl__A1_P02881,5,1,3,0,0.7934856792774543,83.0625,True,0.5498532438488876
1krl__B1_P02882--1krl__A1_P02881,6,1,0,0,0.7958530969658347,82.9375,True,0.5216207622229111
1krl__B1_P02882--1krl__A1_P02881,7,3,3,0,0.790721214869141,82.9375,True,0.5514933991178829
1krl__B1_P02882--1krl__A1_P02881,8,1,1,0,0.7886105719835391,82.9375,True,0.5307516453275332
1krl__B1_P02882--1krl__A1_P02881,9,3,0,0,0.7870582448465205,82.6875,True,0.5265867908739301
1krl__B1_P02882--1krl__A1_P02881,10,3,1,0,0.7890683818164241,82.6875,True,0.5342348263770165
1krl__B1_P02882--1krl__A1_P02881,11,1,2,0,0.7904219154326396,82.625,True,0.5155440444052235
1krl__B1_P02882--1krl__A1_P02881,12,2,1,0,0.7930211558683252,82.625,True,0.4829383616147193
1krl__B1_P02882--1krl__A1_P02881,13,3,2,0,0.7873145910822897,82.0625,True,0.504611917999235
1krl__B1_P02882--1krl__A1_P02881,14,2,0,0,0.7960961136405974,81.75,True,0.4489453019941204
1krl__B1_P02882--1krl__A1_P02881,15,4,1,0,0.7942751589039262,81.4375,True,0.466477168424723
1krl__B1_P02882--1krl__A1_P02881,16,5,3,0,0.7970397425975051,81.0625,True,0.4500674899372426
1krl__B1_P02882--1krl__A1_P02881,17,2,2,0,0.7471554929487945,80.6875,True,0.40912197648388315
1krl__B1_P02882--1krl__A1_P02881,18,5,1,0,0.7963112268313397,80.5,True,0.4321721535581077
1krl__B1_P02882--1krl__A1_P02881,19,5,0,0,0.7992708489713675,80.25,True,0.3985251906612329
1krl__B1_P02882--1krl__A1_P02881,20,5,2,0,0.7948627183589201,80.0,True,0.39693713533969444
1kzh__A1_P70826--1kzh__B1_P70826,1,2,1,1,0.8965118032639796,93.9375,True,0.6014144018295631
1kzh__A1_P70826--1kzh__B1_P70826,2,2,2,1,0.8938853490174467,93.1875,True,0.5767129993408436
1kzh__A1_P70826--1kzh__B1_P70826,3,2,0,1,0.8976558380102523,93.125,True,0.546670185001269
1kzh__A1_P70826--1kzh__B1_P70826,4,2,3,1,0.8924112907431505,93.0,True,0.5323934525070293
1kzh__A1_P70826--1kzh__B1_P70826,5,3,0,1,0.9056692076714072,93.0,True,0.6125426509644107
1kzh__A1_P70826--1kzh__B1_P70826,6,3,2,1,0.9043142611908124,92.625,True,0.5741202607006352
1kzh__A1_P70826--1kzh__B1_P70826,7,3,3,1,0.9052301664486544,92.5625,True,0.5673541598262382
1kzh__A1_P70826--1kzh__B1_P70826,8,3,1,1,0.903589485901144,92.5625,True,0.5518806286282518
1kzh__A1_P70826--1kzh__B1_P70826,9,5,0,1,0.9036563463770046,92.375,True,0.5107398825725421
1kzh__A1_P70826--1kzh__B1_P70826,10,5,1,1,0.8994804886407266,92.1875,True,0.478566868048807
1kzh__A1_P70826--1kzh__B1_P70826,11,1,1,1,0.8874494623633294,92.1875,True,0.4609861506359644
1kzh__A1_P70826--1kzh__B1_P70826,12,5,2,1,0.8985518677310999,92.1875,True,0.45817951952586977
1kzh__A1_P70826--1kzh__B1_P70826,13,1,3,1,0.8870550495665531,92.125,True,0.4437786704065997
1kzh__A1_P70826--1kzh__B1_P70826,14,4,0,1,0.9053463719298792,92.0625,True,0.5315806876706719
1kzh__A1_P70826--1kzh__B1_P70826,15,1,0,1,0.8907553364783268,92.0625,True,0.4406549982116161
1kzh__A1_P70826--1kzh__B1_P70826,16,1,2,1,0.8889787968939289,92.0,True,0.42171524226434753
1kzh__A1_P70826--1kzh__B1_P70826,17,4,2,1,0.8999752407724433,91.9375,True,0.5071343715977358
1kzh__A1_P70826--1kzh__B1_P70826,18,5,3,1,0.9062612894653568,91.9375,True,0.4609253592275974
1kzh__A1_P70826--1kzh__B1_P70826,19,4,1,1,0.9008424930775206,91.8125,True,0.4231417297319197
1kzh__A1_P70826--1kzh__B1_P70826,20,4,3,1,0.9055976265626072,91.5,True,0.43922811774474835
1luj__A1_P35222--1luj__B1_Q9JJN6,1,5,1,1,0.7630902109145564,91.125,True,0.6148845155607585
1luj__A1_P35222--1luj__B1_Q9JJN6,2,2,2,1,0.752819974023402,91.0,True,0.57557918079052
1luj__A1_P35222--1luj__B1_Q9JJN6,3,4,2,1,0.7637724392529187,91.0,True,0.5936578497388486
1luj__A1_P35222--1luj__B1_Q9JJN6,4,5,2,1,0.7719074227101496,90.8125,True,0.5650672169164294
1luj__A1_P35222--1luj__B1_Q9JJN6,5,5,3,1,0.7809407811108139,90.8125,True,0.5641375323778306
1luj__A1_P35222--1luj__B1_Q9JJN6,6,5,0,1,0.7653445986642651,90.1875,True,0.5665369015396591
1luj__A1_P35222--1luj__B1_Q9JJN6,7,2,3,1,0.7868369398725754,90.125,True,0.4956383780075134
1luj__A1_P35222--1luj__B1_Q9JJN6,8,1,3,1,0.7921302667456036,90.0625,True,0.5139915077571002
1luj__A1_P35222--1luj__B1_Q9JJN6,9,1,1,1,0.7902660274530712,90.0625,True,0.5378531317783168
1luj__A1_P35222--1luj__B1_Q9JJN6,10,4,1,1,0.7712777163050784,90.0,True,0.5293368952758872
1luj__A1_P35222--1luj__B1_Q9JJN6,11,4,0,1,0.7774926252527804,90.0,True,0.5303372885693916
1luj__A1_P35222--1luj__B1_Q9JJN6,12,1,0,1,0.7786035006063585,89.9375,True,0.5209137346582825
1luj__A1_P35222--1luj__B1_Q9JJN6,13,1,2,1,0.8049765380065687,89.875,True,0.5197942670121071
1luj__A1_P35222--1luj__B1_Q9JJN6,14,3,2,1,0.6875916066355172,88.75,True,0.4711982392766982
1luj__A1_P35222--1luj__B1_Q9JJN6,15,3,1,1,0.6904032075096186,88.5,True,0.4655680841489547
1luj__A1_P35222--1luj__B1_Q9JJN6,16,3,3,1,0.6847811644572274,87.875,True,0.42856044194022647
1luj__A1_P35222--1luj__B1_Q9JJN6,17,3,0,1,0.6631171796461776,87.8125,True,0.4287120671691206
1luj__A1_P35222--1luj__B1_Q9JJN6,18,4,3,1,0.6584914151583121,87.6875,True,0.4266963872195346
1luj__A1_P35222--1luj__B1_Q9JJN6,19,2,0,1,0.6867248813156649,86.875,True,0.40484977708379605
1luj__A1_P35222--1luj__B1_Q9JJN6,20,2,1,1,0.7212364933208342,85.125,True,0.38899374084502214
1lyw__B1_P07339--1lyw__A1_P07339,1,2,3,1,0.4619035519666518,94.5,True,0.6170483221846247
1lyw__B1_P07339--1lyw__A1_P07339,2,2,0,1,0.4598541286128738,94.4375,True,0.5959491985797958
1lyw__B1_P07339--1lyw__A1_P07339,3,2,2,1,0.4649587045699737,94.3125,True,0.5882099146162068
1lyw__B1_P07339--1lyw__A1_P07339,4,5,3,1,0.4635153900516736,94.25,True,0.6140896498224379
1lyw__B1_P07339--1lyw__A1_P07339,5,2,1,1,0.4638775742605989,94.25,True,0.5486391828385307
1lyw__B1_P07339--1lyw__A1_P07339,6,1,1,1,0.463719940109303,94.1875,True,0.5515547899503467
1lyw__B1_P07339--1lyw__A1_P07339,7,1,3,1,0.4662106692999019,94.125,True,0.5089692294489806
1lyw__B1_P07339--1lyw__A1_P07339,8,4,0,1,0.4674915735221954,94.125,True,0.5156941755168648
1lyw__B1_P07339--1lyw__A1_P07339,9,4,2,1,0.4685362010679242,94.125,True,0.5072599992830282
1lyw__B1_P07339--1lyw__A1_P07339,10,1,2,1,0.4673231965536471,94.125,True,0.4992494014553091
1lyw__B1_P07339--1lyw__A1_P07339,11,4,3,1,0.4673846398966271,94.125,True,0.5327568007228783
1lyw__B1_P07339--1lyw__A1_P07339,12,1,0,1,0.464470504041303,94.0625,True,0.4833601255711057
1lyw__B1_P07339--1lyw__A1_P07339,13,4,1,1,0.4641794152357896,94.0625,True,0.4621451456159057
1lyw__B1_P07339--1lyw__A1_P07339,14,5,2,1,0.4671035633169335,94.0625,True,0.5558954887037213
1lyw__B1_P07339--1lyw__A1_P07339,15,5,0,1,0.4682850948452302,93.875,True,0.4567667822588164
1lyw__B1_P07339--1lyw__A1_P07339,16,5,1,1,0.4651811772086704,93.875,True,0.472950039360394
1lyw__B1_P07339--1lyw__A1_P07339,17,3,0,1,0.4678211876735611,93.4375,True,0.4175279534875602
1lyw__B1_P07339--1lyw__A1_P07339,18,3,3,1,0.4689621319187537,93.375,True,0.41474959390764754
1lyw__B1_P07339--1lyw__A1_P07339,19,3,2,1,0.4666017363086741,93.25,True,0.40864069134724323
1lyw__B1_P07339--1lyw__A1_P07339,20,3,1,1,0.4635571317503175,93.0625,True,0.38899374084502214
1mr1__A1_Q13485--1mr1__D1_P12755,1,4,1,0,0.9119560463003415,91.3125,True,0.6148822775416535
1mr1__A1_Q13485--1mr1__D1_P12755,2,4,2,0,0.9132881906002944,91.1875,True,0.58369084137659
1mr1__A1_Q13485--1mr1__D1_P12755,3,2,2,0,0.8671454095808775,91.0625,True,0.546760748232913
1mr1__A1_Q13485--1mr1__D1_P12755,4,4,3,0,0.9014855630419676,91.0625,True,0.5688415181854124
1mr1__A1_Q13485--1mr1__D1_P12755,5,4,0,0,0.912368167546974,91.0,True,0.522949560832789
1mr1__A1_Q13485--1mr1__D1_P12755,6,3,3,0,0.9140824815668416,90.9375,True,0.5961967832337652
1mr1__A1_Q13485--1mr1__D1_P12755,7,3,1,0,0.9009035299445776,90.9375,True,0.5422288116931403
1mr1__A1_Q13485--1mr1__D1_P12755,8,3,2,0,0.9125083213641846,90.875,True,0.5905702322965616
1mr1__A1_Q13485--1mr1__D1_P12755,9,3,0,0,0.911174415549128,90.75,True,0.5385112527679501
1mr1__A1_Q13485--1mr1__D1_P12755,10,5,1,0,0.8983286187793417,90.625,True,0.5328382651417918
1mr1__A1_Q13485--1mr1__D1_P12755,11,1,2,0,0.8967958625032372,90.625,True,0.45576899313153163
1mr1__A1_Q13485--1mr1__D1_P12755,12,5,0,0,0.9077693322389612,90.4375,True,0.4983765585376721
1mr1__A1_Q13485--1mr1__D1_P12755,13,1,3,0,0.8978411770382748,90.4375,True,0.4510619789415813
1mr1__A1_Q13485--1mr1__D1_P12755,14,5,3,0,0.9048599175723132,90.375,True,0.5004102705023595
1mr1__A1_Q13485--1mr1__D1_P12755,15,5,2,0,0.9083500515150016,90.375,True,0.4777844606023136
1mr1__A1_Q13485--1mr1__D1_P12755,16,2,0,0,0.8848009846960977,90.3125,True,0.45301627046026577
1mr1__A1_Q13485--1mr1__D1_P12755,17,1,0,0,0.89577429017555,90.3125,True,0.4133660091693726
1mr1__A1_Q13485--1mr1__D1_P12755,18,2,3,0,0.8850555261302055,90.125,True,0.46744195828300433
1mr1__A1_Q13485--1mr1__D1_P12755,19,2,1,0,0.8916399802604481,90.0,True,0.425713796324739
1mr1__A1_Q13485--1mr1__D1_P12755,20,1,1,0,0.8940485529184187,89.75,True,0.38869216666336737
1na6__B1_P14633--1na6__A1_P14633,1,1,3,3,0.650444251171018,71.375,True,0.6150093640020503
1na6__B1_P14633--1na6__A1_P14633,2,1,2,3,0.3661058065133973,67.25,True,0.5999685511087363
1na6__B1_P14633--1na6__A1_P14633,3,2,2,3,0.6363817117282023,66.0625,True,0.5629451730148425
1na6__B1_P14633--1na6__A1_P14633,4,1,1,3,0.3982613236597032,65.3125,True,0.5788010076845165
1na6__B1_P14633--1na6__A1_P14633,5,2,3,3,0.6673809509152436,65.0,True,0.5509689840092992
1na6__B1_P14633--1na6__A1_P14633,6,2,1,3,0.7141484636562677,63.96875,True,0.5712198251909344
1na6__B1_P14633--1na6__A1_P14633,7,1,0,3,0.3006003372573997,63.1875,True,0.5442320775309353
1na6__B1_P14633--1na6__A1_P14633,8,2,0,3,0.3296441387690427,58.9375,True,0.5298277005113496
1na6__B1_P14633--1na6__A1_P14633,9,3,1,3,0.1978878112686468,57.28125,False,0.5179180001223433
1na6__B1_P14633--1na6__A1_P14633,10,4,0,3,0.2001937234035078,54.375,False,0.5221099145862633
1na6__B1_P14633--1na6__A1_P14633,11,4,3,3,0.2506483545624368,54.125,True,0.4972146934804064
1na6__B1_P14633--1na6__A1_P14633,12,4,2,3,0.2183152479486727,54.0,False,0.5132685768282707
1na6__B1_P14633--1na6__A1_P14633,13,5,2,3,0.244651584711997,53.65625,True,0.47276288139670114
1na6__B1_P14633--1na6__A1_P14633,14,4,1,3,0.207024141974624,52.90625,False,0.4926586338574653
1na6__B1_P14633--1na6__A1_P14633,15,3,2,3,0.1893671186719819,52.46875,False,0.49278295733058997
1na6__B1_P14633--1na6__A1_P14633,16,5,1,3,0.216158163377584,50.375,False,0.4350370790227798
1na6__B1_P14633--1na6__A1_P14633,17,3,3,3,0.2117157825575912,49.59375,False,0.43449475252429864
1na6__B1_P14633--1na6__A1_P14633,18,3,0,3,0.2138040605017643,49.375,False,0.42186513518025787
1na6__B1_P14633--1na6__A1_P14633,19,5,3,3,0.1969127683101234,48.1875,False,0.3996825529919579
1na6__B1_P14633--1na6__A1_P14633,20,5,0,3,0.2258581907899675,46.53125,False,0.3989863771843785
1nfp__A1_P09142--1nfp__A2_P09142,1,2,1,3,0.478855888012756,69.125,True,0.6238507407359268
1nfp__A1_P09142--1nfp__A2_P09142,2,5,3,3,0.4044452082492324,57.0,True,0.6120381512938262
1nfp__A1_P09142--1nfp__A2_P09142,3,2,3,3,0.4181445615473148,55.0625,True,0.6000923977774686
1nfp__A1_P09142--1nfp__A2_P09142,4,5,0,3,0.4054437255100798,46.71875,True,0.5845981293177657
1nfp__A1_P09142--1nfp__A2_P09142,5,2,0,3,0.4242246752684833,41.125,True,0.5794908505241576
1nfp__A1_P09142--1nfp__A2_P09142,6,5,2,3,0.2969038071727022,37.96875,True,0.5597850175814687
1nfp__A1_P09142--1nfp__A2_P09142,7,5,1,3,0.3428787322252593,35.875,True,0.547626982144156
1nfp__A1_P09142--1nfp__A2_P09142,8,1,1,3,0.2635594005394849,27.421875,True,0.49454490466333917
1nfp__A1_P09142--1nfp__A2_P09142,9,4,3,3,0.0630654352842259,27.140625,False,0.5083016134853201
1nfp__A1_P09142--1nfp__A2_P09142,10,4,0,3,0.2584773602034902,26.8125,True,0.5037164119182002
1nfp__A1_P09142--1nfp__A2_P09142,11,4,2,3,0.2084850528050823,26.765625,False,0.49871863628773266
1nfp__A1_P09142--1nfp__A2_P09142,12,2,2,3,0.1193541433524926,26.484375,False,0.5045454418607171
1nfp__A1_P09142--1nfp__A2_P09142,13,1,3,3,0.3001657596367539,25.65625,True,0.4571756247049394
1nfp__A1_P09142--1nfp__A2_P09142,14,1,0,3,0.1107234667534656,25.484375,False,0.48695548369385183
1nfp__A1_P09142--1nfp__A2_P09142,15,3,3,3,0.2710804127478678,25.46875,True,0.4485680913259498
1nfp__A1_P09142--1nfp__A2_P09142,16,3,1,3,0.2042796751390132,24.921875,False,0.46225483082673785
1nfp__A1_P09142--1nfp__A2_P09142,17,1,2,3,0.3288780759211416,24.828125,True,0.4445943061502033
1nfp__A1_P09142--1nfp__A2_P09142,18,4,1,3,0.0658113619250899,24.5625,False,0.4327461228310635
1nfp__A1_P09142--1nfp__A2_P09142,19,3,2,3,0.1077733357188706,22.328125,False,0.39991358964284596
1nfp__A1_P09142--1nfp__A2_P09142,20,3,0,3,0.0692399954657772,21.5625,False,0.39922792024255094
1ny5__B1_O67198--1ny5__A1_O67198,1,4,2,2,0.0954033617891848,41.96875,False,0.5753274562740379
1ny5__B1_O67198--1ny5__A1_O67198,2,5,1,2,0.0978932716292427,41.0,False,0.5626200269001884
1ny5__B1_O67198--1ny5__A1_O67198,3,4,3,2,0.0944868813344051,40.46875,False,0.5749863985041856
1ny5__B1_O67198--1ny5__A1_O67198,4,5,3,2,0.099090220623427,39.875,False,0.528810671784258
1ny5__B1_O67198--1ny5__A1_O67198,5,4,0,2,0.0955338352187244,39.59375,False,0.5538017159087759
1ny5__B1_O67198--1ny5__A1_O67198,6,1,1,2,0.1029831842535807,39.5,False,0.5378010714738886
1ny5__B1_O67198--1ny5__A1_O67198,7,5,0,2,0.0965630533909727,39.4375,False,0.5572038980077938
1ny5__B1_O67198--1ny5__A1_O67198,8,1,2,2,0.0989301184100306,39.25,False,0.5623303989495159
1ny5__B1_O67198--1ny5__A1_O67198,9,4,1,2,0.0943420855318951,38.9375,False,0.5394393990387892
1ny5__B1_O67198--1ny5__A1_O67198,10,1,3,2,0.0910758449104872,38.84375,False,0.5353609318036816
1ny5__B1_O67198--1ny5__A1_O67198,11,1,0,2,0.0919506403296117,38.84375,False,0.5631580991133748
1ny5__B1_O67198--1ny5__A1_O67198,12,5,2,2,0.095921877955873,38.40625,False,0.512651652948768
1ny5__B1_O67198--1ny5__A1_O67198,13,3,2,2,0.0911227358619929,38.28125,False,0.5148053196053973
1ny5__B1_O67198--1ny5__A1_O67198,14,3,0,2,0.0904547746668085,37.75,False,0.5031928516456554
1ny5__B1_O67198--1ny5__A1_O67198,15,3,3,2,0.086464613075391,35.9375,False,0.457215463565402
1ny5__B1_O67198--1ny5__A1_O67198,16,3,1,2,0.0720842943368366,35.34375,False,0.4473307789874374
1ny5__B1_O67198--1ny5__A1_O67198,17,2,0,2,0.0877004282048685,35.0625,False,0.44388457198662057
1ny5__B1_O67198--1ny5__A1_O67198,18,2,3,2,0.0858985317955653,33.75,False,0.4191573412121026
1ny5__B1_O67198--1ny5__A1_O67198,19,2,1,2,0.0883617993091938,33.09375,False,0.4073996732982706
1ny5__B1_O67198--1ny5__A1_O67198,20,2,2,2,0.108426738691705,31.671875,False,0.4126567886692302
1ogy__A1_Q53176--1ogy__B1_Q53177,1,5,3,4,0.6190365685698871,93.3125,True,0.5951672673677864
1ogy__A1_Q53176--1ogy__B1_Q53177,2,5,2,4,0.6170488647124958,93.25,True,0.6142615997796143
1ogy__A1_Q53176--1ogy__B1_Q53177,3,1,3,4,0.6073926699445821,93.1875,True,0.5486257978375896
1ogy__A1_Q53176--1ogy__B1_Q53177,4,2,0,4,0.6094275750227262,93.0,True,0.6092887677233094
1ogy__A1_Q53176--1ogy__B1_Q53177,5,2,3,4,0.6046838006088723,93.0,True,0.5806583446000689
1ogy__A1_Q53176--1ogy__B1_Q53177,6,2,1,4,0.5992329513348446,93.0,True,0.4667581174206469
1ogy__A1_Q53176--1ogy__B1_Q53177,7,4,3,4,0.6115651987390023,93.0,True,0.5614290492866529
1ogy__A1_Q53176--1ogy__B1_Q53177,8,2,2,4,0.6085470866122545,92.875,True,0.5679731517170529
1ogy__A1_Q53176--1ogy__B1_Q53177,9,1,0,4,0.6131012007415869,92.875,True,0.5098341639962141
1ogy__A1_Q53176--1ogy__B1_Q53177,10,1,1,4,0.613675515068266,92.8125,True,0.5614073724341098
1ogy__A1_Q53176--1ogy__B1_Q53177,11,1,2,4,0.6128278615191781,92.6875,True,0.4135212382474653
1ogy__A1_Q53176--1ogy__B1_Q53177,12,5,0,4,0.6133544393783134,92.625,True,0.48601852701081644
1ogy__A1_Q53176--1ogy__B1_Q53177,13,4,0,4,0.6214420906729116,92.625,True,0.46145971064714525
1ogy__A1_Q53176--1ogy__B1_Q53177,14,3,3,4,0.6035084375997046,92.5625,True,0.45916246468364136
1ogy__A1_Q53176--1ogy__B1_Q53177,15,3,1,4,0.6076197127311893,92.4375,True,0.48224410409226626
1ogy__A1_Q53176--1ogy__B1_Q53177,16,4,2,4,0.6079762823631446,92.375,True,0.4203655631785562
1ogy__A1_Q53176--1ogy__B1_Q53177,17,3,2,4,0.6129140020931177,92.3125,True,0.46466163266116983
1ogy__A1_Q53176--1ogy__B1_Q53177,18,3,0,4,0.6193921217816936,92.3125,True,0.4686942642625857
1ogy__A1_Q53176--1ogy__B1_Q53177,19,4,1,4,0.6098187117809181,91.8125,True,0.39465680194252506
1ogy__A1_Q53176--1ogy__B1_Q53177,20,5,1,4,0.5711042096377561,91.5,True,0.4107138695256737
1on8__A1_Q9ES89--1on8__B1_Q9ES89,1,4,1,4,0.6094457135708579,72.875,True,0.6287323427945517
1on8__A1_Q9ES89--1on8__B1_Q9ES89,2,4,2,4,0.5909455797783455,70.4375,True,0.616094207551083
1on8__A1_Q9ES89--1on8__B1_Q9ES89,3,4,3,4,0.5894656233152167,70.1875,True,0.6032973066517374
1on8__A1_Q9ES89--1on8__B1_Q9ES89,4,4,0,4,0.5707555848161107,68.9375,True,0.590357464945786
1on8__A1_Q9ES89--1on8__B1_Q9ES89,5,1,2,4,0.5825416574661796,67.125,True,0.5698025659138638
1on8__A1_Q9ES89--1on8__B1_Q9ES89,6,1,1,4,0.5788310539292019,65.9375,True,0.5690375594746307
1on8__A1_Q9ES89--1on8__B1_Q9ES89,7,2,2,4,0.6821211123638418,62.21875,True,0.5534649711111128
1on8__A1_Q9ES89--1on8__B1_Q9ES89,8,2,3,4,0.7559515119107315,60.90625,True,0.5369488302342095
1on8__A1_Q9ES89--1on8__B1_Q9ES89,9,1,0,4,0.59470772315759,59.96875,True,0.5188391024991271
1on8__A1_Q9ES89--1on8__B1_Q9ES89,10,1,3,4,0.57965368941894,59.875,True,0.5136190470896554
1on8__A1_Q9ES89--1on8__B1_Q9ES89,11,2,1,4,0.6271624757664677,59.0,True,0.49582516004295185
1on8__A1_Q9ES89--1on8__B1_Q9ES89,12,2,0,4,0.6885840107379249,56.84375,True,0.47221348779549976
1on8__A1_Q9ES89--1on8__B1_Q9ES89,13,3,1,4,0.6159823245395942,56.53125,True,0.4615292242666089
1on8__A1_Q9ES89--1on8__B1_Q9ES89,14,5,3,4,0.5942703435211556,56.46875,True,0.46256614078811564
1on8__A1_Q9ES89--1on8__B1_Q9ES89,15,3,3,4,0.6539312053044956,55.09375,True,0.4248667183751224
1on8__A1_Q9ES89--1on8__B1_Q9ES89,16,5,0,4,0.6518813197866272,54.9375,True,0.4172770495200598
1on8__A1_Q9ES89--1on8__B1_Q9ES89,17,5,2,4,0.6438497759356613,54.9375,True,0.4371796884498833
1on8__A1_Q9ES89--1on8__B1_Q9ES89,18,5,1,4,0.6300665757113971,53.6875,True,0.42365056026921394
1on8__A1_Q9ES89--1on8__B1_Q9ES89,19,3,0,4,0.6456772480495951,52.34375,True,0.399633415532787
1on8__A1_Q9ES89--1on8__B1_Q9ES89,20,3,2,4,0.6902658655203927,48.15625,True,0.38173804990048293
1ory__A1_O67806--1ory__B1_O67803,1,1,0,1,0.7833672594034556,92.6875,True,0.6230130805927004
1ory__A1_O67806--1ory__B1_O67803,2,1,2,1,0.7873671470736947,92.6875,True,0.6070842475030828
1ory__A1_O67806--1ory__B1_O67803,3,1,1,1,0.7821475770791985,92.5,True,0.5891460594657943
1ory__A1_O67806--1ory__B1_O67803,4,1,3,1,0.7853407565715523,92.4375,True,0.5651349896208131
1ory__A1_O67806--1ory__B1_O67803,5,4,2,1,0.7842159014365303,92.375,True,0.586460142030512
1ory__A1_O67806--1ory__B1_O67803,6,4,0,1,0.7882150937083542,92.3125,True,0.5661007390778529
1ory__A1_O67806--1ory__B1_O67803,7,4,3,1,0.7951517520580847,92.3125,True,0.5650115268382149
1ory__A1_O67806--1ory__B1_O67803,8,3,3,1,0.7892071018821184,92.25,True,0.4805021107137229
1ory__A1_O67806--1ory__B1_O67803,9,2,0,1,0.7733444518285816,92.1875,True,0.4975753595123641
1ory__A1_O67806--1ory__B1_O67803,10,4,1,1,0.7841586671738802,92.1875,True,0.5487796963959725
1ory__A1_O67806--1ory__B1_O67803,11,2,1,1,0.7668008096554203,92.1875,True,0.5020299079566467
1ory__A1_O67806--1ory__B1_O67803,12,3,0,1,0.7919338815545274,92.125,True,0.46975883495775467
1ory__A1_O67806--1ory__B1_O67803,13,3,2,1,0.7902937761784917,92.125,True,0.4327044078977657
1ory__A1_O67806--1ory__B1_O67803,14,2,2,1,0.7655489890071637,92.0625,True,0.4710950956009117
1ory__A1_O67806--1ory__B1_O67803,15,3,1,1,0.7931038496717812,92.0625,True,0.41594454110737056
1ory__A1_O67806--1ory__B1_O67803,16,5,3,1,0.7779007572717043,92.0,True,0.40467626675128515
1ory__A1_O67806--1ory__B1_O67803,17,5,0,1,0.772395640064839,92.0,True,0.46702976120305406
1ory__A1_O67806--1ory__B1_O67803,18,5,1,1,0.772692255286454,92.0,True,0.4802973992928399
1ory__A1_O67806--1ory__B1_O67803,19,2,3,1,0.7673779213600477,91.9375,True,0.42243888297700943
1ory__A1_O67806--1ory__B1_O67803,20,5,2,1,0.7777275359468897,91.8125,True,0.4439685893970317
1pfo__A1_P0C2E9--1pfo__A2_P0C2E9,1,4,0,0,0.0046131047310679,80.375,False,0.6305637859732365
1pfo__A1_P0C2E9--1pfo__A2_P0C2E9,2,4,3,0,0.0046836536184193,74.0625,False,0.6206509312806248
1pfo__A1_P0C2E9--1pfo__A2_P0C2E9,3,4,2,0,0.0046223004742384,72.25,False,0.602509047942334
1pfo__A1_P0C2E9--1pfo__A2_P0C2E9,4,4,1,0,0.004675517141038,70.5,False,0.5937837005688389
1pfo__A1_P0C2E9--1pfo__A2_P0C2E9,5,5,3,0,0.0046804465766285,58.09375,False,0.5704712883065427
1pfo__A1_P0C2E9--1pfo__A2_P0C2E9,6,3,0,0,0.0046249620877741,57.25,False,0.5747036521381841
1pfo__A1_P0C2E9--1pfo__A2_P0C2E9,7,2,3,0,0.0046625471132245,53.84375,False,0.5511304718550643
1pfo__A1_P0C2E9--1pfo__A2_P0C2E9,8,3,3,0,0.0046957122161804,51.75,False,0.5205669924434722
1pfo__A1_P0C2E9--1pfo__A2_P0C2E9,9,5,2,0,0.0046162111753232,49.0625,False,0.5336390409215136
1pfo__A1_P0C2E9--1pfo__A2_P0C2E9,10,1,0,0,0.0045991918751162,47.46875,False,0.5188525614003953
1pfo__A1_P0C2E9--1pfo__A2_P0C2E9,11,2,0,0,0.004653827751204,46.9375,False,0.5090323474589536
1pfo__A1_P0C2E9--1pfo__A2_P0C2E9,12,5,1,0,0.0046179415509141,46.625,False,0.4908724095714401
1pfo__A1_P0C2E9--1pfo__A2_P0C2E9,13,5,0,0,0.0046097881290508,44.40625,False,0.46460733089319767
1pfo__A1_P0C2E9--1pfo__A2_P0C2E9,14,3,2,0,0.004684383319442,43.75,False,0.4597707729516522
1pfo__A1_P0C2E9--1pfo__A2_P0C2E9,15,2,1,0,0.0046467433410066,43.3125,False,0.458151503539354
1pfo__A1_P0C2E9--1pfo__A2_P0C2E9,16,2,2,0,0.0046533676155091,42.5,False,0.44182288289254
1pfo__A1_P0C2E9--1pfo__A2_P0C2E9,17,1,3,0,0.0046010257288814,40.84375,False,0.4288820166568585
1pfo__A1_P0C2E9--1pfo__A2_P0C2E9,18,1,2,0,0.0045674010022068,39.46875,False,0.4128018376482159
1pfo__A1_P0C2E9--1pfo__A2_P0C2E9,19,3,1,0,0.0046270118496213,39.15625,False,0.4000612029418444
1pfo__A1_P0C2E9--1pfo__A2_P0C2E9,20,1,1,0,0.0045786228643924,38.28125,False,0.3843344284390838
1ptq__A1_P28867--1ptq__A2_P28867,1,1,0,3,0.5356969038367914,66.5,True,0.6238507407359268
1ptq__A1_P28867--1ptq__A2_P28867,2,1,1,3,0.5722288817188762,65.75,True,0.6017532730618341
1ptq__A1_P28867--1ptq__A2_P28867,3,1,3,3,0.5624021413172601,65.6875,True,0.5972310754859124
1ptq__A1_P28867--1ptq__A2_P28867,4,1,2,3,0.538664789775261,65.5,True,0.6012877112379604
1ptq__A1_P28867--1ptq__A2_P28867,5,3,1,3,0.6981468319456597,63.28125,True,0.575853681287441
1ptq__A1_P28867--1ptq__A2_P28867,6,5,2,3,0.736093303237054,62.71875,True,0.5630725575196885
1ptq__A1_P28867--1ptq__A2_P28867,7,5,0,3,0.7494916381515745,62.625,True,0.5517629724411119
1ptq__A1_P28867--1ptq__A2_P28867,8,5,1,3,0.7354650913104003,61.6875,True,0.5388372647834183
1ptq__A1_P28867--1ptq__A2_P28867,9,5,3,3,0.7524602671494335,61.03125,True,0.509051940631697
1ptq__A1_P28867--1ptq__A2_P28867,10,3,3,3,0.7261269467176765,60.84375,True,0.5162555507542987
1ptq__A1_P28867--1ptq__A2_P28867,11,3,0,3,0.6401592482799511,60.625,True,0.509308240727403
1ptq__A1_P28867--1ptq__A2_P28867,12,2,1,3,0.5380377854099961,60.21875,True,0.4956149260587531
1ptq__A1_P28867--1ptq__A2_P28867,13,3,2,3,0.6191806409625508,59.71875,True,0.47671616448175524
1ptq__A1_P28867--1ptq__A2_P28867,14,2,0,3,0.5737039289364728,58.40625,True,0.45098970220922746
1ptq__A1_P28867--1ptq__A2_P28867,15,2,3,3,0.6105380534752671,58.125,True,0.4467771631890198
1ptq__A1_P28867--1ptq__A2_P28867,16,4,2,3,0.4754967192182789,56.75,True,0.44508111664881356
1ptq__A1_P28867--1ptq__A2_P28867,17,4,3,3,0.3862609476610203,56.65625,True,0.43688243997220877
1ptq__A1_P28867--1ptq__A2_P28867,18,4,0,3,0.4121229704366325,56.0,True,0.41568320794825336
1ptq__A1_P28867--1ptq__A2_P28867,19,4,1,3,0.4455838764806785,55.25,True,0.40307866350537225
1ptq__A1_P28867--1ptq__A2_P28867,20,2,2,3,0.5591262341943471,53.9375,True,0.39060082847309135
1qb3__B1_P20486--1qb3__A1_P20486,1,2,1,1,0.0101585327347017,76.75,False,0.6225150499168557
1qb3__B1_P20486--1qb3__A1_P20486,2,5,3,1,0.0104478141791365,75.0625,False,0.6198163599013403
1qb3__B1_P20486--1qb3__A1_P20486,3,4,1,1,0.0101077626122408,74.625,False,0.6006422935728594
1qb3__B1_P20486--1qb3__A1_P20486,4,5,0,1,0.0102489475912928,73.375,False,0.585368115074237
1qb3__B1_P20486--1qb3__A1_P20486,5,3,0,1,0.0101868389752827,72.1875,False,0.5731216868379023
1qb3__B1_P20486--1qb3__A1_P20486,6,4,2,1,0.0102873258804149,71.5,False,0.5423303641921072
1qb3__B1_P20486--1qb3__A1_P20486,7,3,2,1,0.0102554355032888,71.1875,False,0.5484098637720888
1qb3__B1_P20486--1qb3__A1_P20486,8,4,3,1,0.0105128636306655,69.4375,False,0.5291396633473705
1qb3__B1_P20486--1qb3__A1_P20486,9,4,0,1,0.0104793537454581,69.1875,False,0.5254284663682451
1qb3__B1_P20486--1qb3__A1_P20486,10,5,2,1,0.010702751386852,69.125,False,0.5122847686389576
1qb3__B1_P20486--1qb3__A1_P20486,11,1,2,1,0.0101878813595735,66.875,False,0.5257646396990346
1qb3__B1_P20486--1qb3__A1_P20486,12,2,2,1,0.0112625947958121,66.6875,False,0.49295695192729944
1qb3__B1_P20486--1qb3__A1_P20486,13,2,3,1,0.0108944700229848,65.1875,False,0.4747138695763051
1qb3__B1_P20486--1qb3__A1_P20486,14,3,3,1,0.010500883156954,62.40625,False,0.4700896258654157
1qb3__B1_P20486--1qb3__A1_P20486,15,3,1,1,0.0105073094680632,56.59375,False,0.4504471380644947
1qb3__B1_P20486--1qb3__A1_P20486,16,1,0,1,0.1013843392069327,53.65625,False,0.4348354099093088
1qb3__B1_P20486--1qb3__A1_P20486,17,1,3,1,0.0174675111968577,22.140625,False,0.40989242910861107
1qb3__B1_P20486--1qb3__A1_P20486,18,1,1,1,0.0150988815000964,19.03125,False,0.42394832432947344
1qb3__B1_P20486--1qb3__A1_P20486,19,2,0,1,0.0154662358384731,18.90625,False,0.4085477815812433
1qb3__B1_P20486--1qb3__A1_P20486,20,5,1,1,0.0176448913137712,17.34375,False,0.3895407618158965
1qf8__A1_P67870--1qf8__B1_P67870,1,5,2,0,0.0581093840385423,55.65625,False,0.6245251635429254
1qf8__A1_P67870--1qf8__B1_P67870,2,5,0,0,0.0556056096493495,54.9375,False,0.6179751824484512
1qf8__A1_P67870--1qf8__B1_P67870,3,4,1,0,0.0598113339986194,50.65625,False,0.6145493242081116
1qf8__A1_P67870--1qf8__B1_P67870,4,5,1,0,0.0576135746693002,46.21875,False,0.5459815147109831
1qf8__A1_P67870--1qf8__B1_P67870,5,3,3,0,0.0589966064802366,44.5625,False,0.5676300138402274
1qf8__A1_P67870--1qf8__B1_P67870,6,1,1,0,0.0593435502895216,42.1875,False,0.5739610339377499
1qf8__A1_P67870--1qf8__B1_P67870,7,2,2,0,0.0895678957428332,41.59375,False,0.5620604841027119
1qf8__A1_P67870--1qf8__B1_P67870,8,1,0,0,0.0904371811650481,40.46875,False,0.5508452814437413
1qf8__A1_P67870--1qf8__B1_P67870,9,5,3,0,0.0569332530351925,40.0625,False,0.5012817527245734
1qf8__A1_P67870--1qf8__B1_P67870,10,1,2,0,0.0805684230056508,40.03125,False,0.5362388054629308
1qf8__A1_P67870--1qf8__B1_P67870,11,1,3,0,0.0394336688339208,38.5,False,0.5012306946170831
1qf8__A1_P67870--1qf8__B1_P67870,12,2,1,0,0.0990905911255217,36.875,False,0.4921364849803172
1qf8__A1_P67870--1qf8__B1_P67870,13,2,3,0,0.0239147745492861,28.328125,False,0.41838835298010757
1qf8__A1_P67870--1qf8__B1_P67870,14,3,1,0,0.0690207023992617,28.125,False,0.4266803200548852
1qf8__A1_P67870--1qf8__B1_P67870,15,2,0,0,0.1463373954042048,26.65625,False,0.4056350677836165
1qf8__A1_P67870--1qf8__B1_P67870,16,3,2,0,0.0253460880747213,21.328125,False,0.4434724236851853
1qf8__A1_P67870--1qf8__B1_P67870,17,4,2,0,0.0154012708370236,20.703125,False,0.49252598649571483
1qf8__A1_P67870--1qf8__B1_P67870,18,4,3,0,0.0135904310342963,20.28125,False,0.44039551269465266
1qf8__A1_P67870--1qf8__B1_P67870,19,4,0,0,0.0149264760921574,20.0625,False,0.42255608440255144
1qf8__A1_P67870--1qf8__B1_P67870,20,3,0,0,0.0187069671687628,19.578125,False,0.4285512814244786
1qqf__A1_P01026--1qqf__A2_P01026,1,4,0,1,0.5873776681589512,85.5,True,0.6244873582878557
1qqf__A1_P01026--1qqf__A2_P01026,2,4,1,1,0.5930191103083357,72.0,True,0.6050812107146861
1qqf__A1_P01026--1qqf__A2_P01026,3,4,2,1,0.4977597869035122,69.0,True,0.6042672127895687
1qqf__A1_P01026--1qqf__A2_P01026,4,4,3,1,0.5927114057455511,67.8125,True,0.5748338437203165
1qqf__A1_P01026--1qqf__A2_P01026,5,1,1,1,0.3002761405269502,67.3125,True,0.5895064199988864
1qqf__A1_P01026--1qqf__A2_P01026,6,1,2,1,0.2913266670163278,66.375,True,0.567502712749323
1qqf__A1_P01026--1qqf__A2_P01026,7,1,0,1,0.3318830303325444,57.5,True,0.5511759872051596
1qqf__A1_P01026--1qqf__A2_P01026,8,1,3,1,0.4311212656683492,54.375,True,0.5386446122705998
1qqf__A1_P01026--1qqf__A2_P01026,9,2,2,1,0.3560470046428248,53.53125,True,0.5268065166868674
1qqf__A1_P01026--1qqf__A2_P01026,10,2,0,1,0.3573722685539008,47.40625,True,0.5070701208699747
1qqf__A1_P01026--1qqf__A2_P01026,11,5,1,1,0.079138654103988,46.6875,False,0.5023027407581634
1qqf__A1_P01026--1qqf__A2_P01026,12,2,3,1,0.3350530344007867,45.28125,True,0.4706205899676187
1qqf__A1_P01026--1qqf__A2_P01026,13,5,2,1,0.0946866310447705,42.28125,False,0.46001724736605015
1qqf__A1_P01026--1qqf__A2_P01026,14,5,3,1,0.0847765614295753,42.28125,False,0.4521351206394227
1qqf__A1_P01026--1qqf__A2_P01026,15,2,1,1,0.3259658295731849,41.875,True,0.4486585320008116
1qqf__A1_P01026--1qqf__A2_P01026,16,3,0,1,0.08427956702073,41.1875,False,0.44368533918928943
1qqf__A1_P01026--1qqf__A2_P01026,17,5,0,1,0.0404581675987673,41.03125,False,0.41534873444239484
1qqf__A1_P01026--1qqf__A2_P01026,18,3,1,1,0.0867641143125142,40.875,False,0.44243225413848236
1qqf__A1_P01026--1qqf__A2_P01026,19,3,2,1,0.1100285613012545,40.71875,False,0.41911180567165823
1qqf__A1_P01026--1qqf__A2_P01026,20,3,3,1,0.0760940201651511,38.3125,False,0.39506311076602113
1qrk__B1_P00488--1qrk__A1_P00488,1,4,0,2,0.6106249151971914,75.9375,True,0.6255753350005335
1qrk__B1_P00488--1qrk__A1_P00488,2,4,2,2,0.5914409103523514,74.0625,True,0.6089912821711336
1qrk__B1_P00488--1qrk__A1_P00488,3,5,3,2,0.5756992908629962,68.625,True,0.5866790607464069
1qrk__B1_P00488--1qrk__A1_P00488,4,1,3,2,0.1403054417257684,68.625,False,0.5840713767280667
1qrk__B1_P00488--1qrk__A1_P00488,5,1,0,2,0.5841153619327032,68.125,True,0.5888234001803379
1qrk__B1_P00488--1qrk__A1_P00488,6,1,1,2,0.5170151399678287,67.1875,True,0.5548805751508056
1qrk__B1_P00488--1qrk__A1_P00488,7,3,0,2,0.6070218035424082,64.0,True,0.5292412804089192
1qrk__B1_P00488--1qrk__A1_P00488,8,3,1,2,0.6096934521632584,63.625,True,0.5509358761363523
1qrk__B1_P00488--1qrk__A1_P00488,9,3,3,2,0.5912997900544994,63.40625,True,0.5192913556980207
1qrk__B1_P00488--1qrk__A1_P00488,10,1,2,2,0.1517965435424252,63.21875,False,0.5324055918805026
1qrk__B1_P00488--1qrk__A1_P00488,11,5,2,2,0.509038484527981,61.9375,True,0.5235166393099357
1qrk__B1_P00488--1qrk__A1_P00488,12,5,1,2,0.2075382939765195,59.53125,False,0.4901337026438411
1qrk__B1_P00488--1qrk__A1_P00488,13,5,0,2,0.1756104251599846,59.1875,False,0.48778629930068085
1qrk__B1_P00488--1qrk__A1_P00488,14,4,3,2,0.1842179752769179,57.0,False,0.4564962817648035
1qrk__B1_P00488--1qrk__A1_P00488,15,2,2,2,0.4564085480333055,56.03125,True,0.4583462827892131
1qrk__B1_P00488--1qrk__A1_P00488,16,3,2,2,0.1746115140929543,55.03125,False,0.4396102867685878
1qrk__B1_P00488--1qrk__A1_P00488,17,4,1,2,0.1615903517428303,54.40625,False,0.4213092945070678
1qrk__B1_P00488--1qrk__A1_P00488,18,2,1,2,0.4388668052799175,49.59375,True,0.41743718698688503
1qrk__B1_P00488--1qrk__A1_P00488,19,2,3,2,0.1861233944984007,49.5625,False,0.4095338233874387
1qrk__B1_P00488--1qrk__A1_P00488,20,2,0,2,0.4395752833808626,49.5625,True,0.41965462566323675
1qxx__A1_P02929--1qxx__A2_P02929,1,2,1,2,0.7630832708597183,78.5,True,0.6230287144243065
1qxx__A1_P02929--1qxx__A2_P02929,2,4,1,2,0.7586630385218657,77.25,True,0.6115736109422036
1qxx__A1_P02929--1qxx__A2_P02929,3,2,3,2,0.7890503914396211,75.375,True,0.5999939038543413
1qxx__A1_P02929--1qxx__A2_P02929,4,4,0,2,0.7589919746768953,72.125,True,0.588301374160422
1qxx__A1_P02929--1qxx__A2_P02929,5,3,1,2,0.7213611784872951,68.0625,True,0.5690167507250016
1qxx__A1_P02929--1qxx__A2_P02929,6,4,2,2,0.6389901938727429,67.6875,True,0.5683865835593084
1qxx__A1_P02929--1qxx__A2_P02929,7,2,2,2,0.7082482307716514,66.3125,True,0.5146923542005369
1qxx__A1_P02929--1qxx__A2_P02929,8,4,3,2,0.6489905847861871,66.1875,True,0.546767502854061
1qxx__A1_P02929--1qxx__A2_P02929,9,3,0,2,0.6419554001410548,66.125,True,0.5329946444182803
1qxx__A1_P02929--1qxx__A2_P02929,10,5,1,2,0.760800375469529,66.0625,True,0.5303763999310602
1qxx__A1_P02929--1qxx__A2_P02929,11,3,2,2,0.6313199690582275,64.6875,True,0.5109155956789445
1qxx__A1_P02929--1qxx__A2_P02929,12,3,3,2,0.6408807133600551,64.3125,True,0.4933005644874913
1qxx__A1_P02929--1qxx__A2_P02929,13,5,3,2,0.7472821484611251,64.125,True,0.49004621853198427
1qxx__A1_P02929--1qxx__A2_P02929,14,5,2,2,0.6460279728220656,55.28125,True,0.4516758572693395
1qxx__A1_P02929--1qxx__A2_P02929,15,5,0,2,0.6489484622891034,54.625,True,0.4342896505946053
1qxx__A1_P02929--1qxx__A2_P02929,16,2,0,2,0.0345380126769821,48.90625,False,0.449428810873823
1qxx__A1_P02929--1qxx__A2_P02929,17,1,0,2,0.0434141703232331,43.53125,False,0.4483060553152276
1qxx__A1_P02929--1qxx__A2_P02929,18,1,3,2,0.037017774125763,41.4375,False,0.43094761546568133
1qxx__A1_P02929--1qxx__A2_P02929,19,1,1,2,0.0425976390679841,40.8125,False,0.41375722172452145
1qxx__A1_P02929--1qxx__A2_P02929,20,1,2,2,0.0405464668457528,35.15625,False,0.3967744266854328
1r5p__B1_Q8YT41--1r5p__A1_Q8YT41,1,5,0,1,0.0455987290758567,53.03125,False,0.6244873582878557
1r5p__B1_Q8YT41--1r5p__A1_Q8YT41,2,5,1,1,0.0465913192010022,45.125,False,0.6125640603930859
1r5p__B1_Q8YT41--1r5p__A1_Q8YT41,3,4,1,1,0.0916595362752405,33.46875,False,0.5986846861695201
1r5p__B1_Q8YT41--1r5p__A1_Q8YT41,4,5,3,1,0.0545079412097325,32.15625,False,0.5714895028191216
1r5p__B1_Q8YT41--1r5p__A1_Q8YT41,5,4,3,1,0.0971874595380903,30.890625,False,0.5838977362226663
1r5p__B1_Q8YT41--1r5p__A1_Q8YT41,6,2,3,1,0.0333395317365394,28.171875,False,0.5730359519099945
1r5p__B1_Q8YT41--1r5p__A1_Q8YT41,7,2,0,1,0.0362635563065148,25.625,False,0.5519292260470453
1r5p__B1_Q8YT41--1r5p__A1_Q8YT41,8,2,1,1,0.0411900779193011,25.21875,False,0.5394013071973816
1r5p__B1_Q8YT41--1r5p__A1_Q8YT41,9,1,2,1,0.0166769856658813,24.453125,False,0.5181510836372025
1r5p__B1_Q8YT41--1r5p__A1_Q8YT41,10,2,2,1,0.0732438970212902,23.515625,False,0.5119061023112218
1r5p__B1_Q8YT41--1r5p__A1_Q8YT41,11,1,1,1,0.0167648255925679,22.328125,False,0.49834132249574686
1r5p__B1_Q8YT41--1r5p__A1_Q8YT41,12,1,0,1,0.0170469974717162,20.28125,False,0.47862657796653413
1r5p__B1_Q8YT41--1r5p__A1_Q8YT41,13,1,3,1,0.0353049474688592,20.125,False,0.4785367673169936
1r5p__B1_Q8YT41--1r5p__A1_Q8YT41,14,5,2,1,0.0962911709448628,19.375,False,0.4667002812888196
1r5p__B1_Q8YT41--1r5p__A1_Q8YT41,15,3,1,1,0.0991151008307496,15.2109375,False,0.45100839831634193
1r5p__B1_Q8YT41--1r5p__A1_Q8YT41,16,3,2,1,0.0210956807710052,14.75,False,0.42962939074019013
1r5p__B1_Q8YT41--1r5p__A1_Q8YT41,17,3,3,1,0.1044592875292593,14.4375,False,0.4252234351850308
1r5p__B1_Q8YT41--1r5p__A1_Q8YT41,18,4,2,1,0.1359923119627488,14.234375,False,0.4018119348796701
1r5p__B1_Q8YT41--1r5p__A1_Q8YT41,19,4,0,1,0.0470477534563678,14.109375,False,0.4007671020544814
1r5p__B1_Q8YT41--1r5p__A1_Q8YT41,20,3,0,1,0.1166759777577191,14.0390625,False,0.4230112040972019
1rj9__B1_O07347--1rj9__A1_P83749,1,4,3,1,0.8990108090767972,89.9375,True,0.6197281682090472
1rj9__B1_O07347--1rj9__A1_P83749,2,4,0,1,0.8681982336163513,89.4375,True,0.6152131220424325
1rj9__B1_O07347--1rj9__A1_P83749,3,4,1,1,0.9023207111379736,89.0,True,0.6026778250992901
1rj9__B1_O07347--1rj9__A1_P83749,4,5,2,1,0.8860418530744791,88.6875,True,0.5695138253026744
1rj9__B1_O07347--1rj9__A1_P83749,5,4,2,1,0.886148500954555,88.6875,True,0.5696268340884971
1rj9__B1_O07347--1rj9__A1_P83749,6,2,1,1,0.8289363122719843,88.3125,True,0.5612130726205742
1rj9__B1_O07347--1rj9__A1_P83749,7,1,0,1,0.8825263450737714,88.25,True,0.5402159064782028
1rj9__B1_O07347--1rj9__A1_P83749,8,5,1,1,0.9098686055042878,88.0625,True,0.5416743990037748
1rj9__B1_O07347--1rj9__A1_P83749,9,2,2,1,0.830494894594238,87.8125,True,0.5331079049657308
1rj9__B1_O07347--1rj9__A1_P83749,10,1,3,1,0.8942916540642748,87.4375,True,0.4979080555855053
1rj9__B1_O07347--1rj9__A1_P83749,11,3,1,1,0.9079508289731212,87.375,True,0.49280220507897826
1rj9__B1_O07347--1rj9__A1_P83749,12,2,3,1,0.8444143577983111,87.375,True,0.5006784097794438
1rj9__B1_O07347--1rj9__A1_P83749,13,2,0,1,0.8570585348006604,87.375,True,0.49165766981024867
1rj9__B1_O07347--1rj9__A1_P83749,14,1,1,1,0.8732303765378031,87.3125,True,0.4848404421018723
1rj9__B1_O07347--1rj9__A1_P83749,15,3,0,1,0.8655991005848476,87.125,True,0.4327005994683786
1rj9__B1_O07347--1rj9__A1_P83749,16,3,2,1,0.8129979475747148,86.9375,True,0.4287395443615946
1rj9__B1_O07347--1rj9__A1_P83749,17,5,3,1,0.8288888518376799,86.875,True,0.42857426623452455
1rj9__B1_O07347--1rj9__A1_P83749,18,3,3,1,0.864823963052721,86.625,True,0.40890547025755075
1rj9__B1_O07347--1rj9__A1_P83749,19,5,0,1,0.823551195269121,86.5625,True,0.39984920232299914
1rj9__B1_O07347--1rj9__A1_P83749,20,1,2,1,0.8641872083155525,86.3125,True,0.4201894169919876
1rk4__A1_O00299--1rk4__B1_O00299,1,1,0,3,0.0254779958424484,27.203125,False,0.6208988066387975
1rk4__A1_O00299--1rk4__B1_O00299,2,1,3,3,0.0305264037163907,25.390625,False,0.5966978855087919
1rk4__A1_O00299--1rk4__B1_O00299,3,1,2,3,0.0309635528614136,22.8125,False,0.5454812825404265
1rk4__A1_O00299--1rk4__B1_O00299,4,1,1,3,0.0324123708051048,21.671875,False,0.502980968353669
1rk4__A1_O00299--1rk4__B1_O00299,5,2,3,3,0.0295013564317024,21.65625,False,0.5901678181825539
1rk4__A1_O00299--1rk4__B1_O00299,6,2,0,3,0.069129938006077,21.453125,False,0.5744432394393932
1rk4__A1_O00299--1rk4__B1_O00299,7,2,1,3,0.0490577756974747,21.046875,False,0.5457034179536217
1rk4__A1_O00299--1rk4__B1_O00299,8,5,2,3,0.0387122590946773,20.546875,False,0.5151559860412634
1rk4__A1_O00299--1rk4__B1_O00299,9,2,2,3,0.0564782941191607,20.3125,False,0.498956913646531
1rk4__A1_O00299--1rk4__B1_O00299,10,5,0,3,0.0398976862895214,20.1875,False,0.5318082121448067
1rk4__A1_O00299--1rk4__B1_O00299,11,5,3,3,0.0413453549620124,20.015625,False,0.4847927475460798
1rk4__A1_O00299--1rk4__B1_O00299,12,4,3,3,0.0320704662706561,20.0,False,0.5330045378540265
1rk4__A1_O00299--1rk4__B1_O00299,13,4,0,3,0.028322058723049,19.828125,False,0.5515886308917066
1rk4__A1_O00299--1rk4__B1_O00299,14,4,1,3,0.0443680720112614,19.5,False,0.5051611337101906
1rk4__A1_O00299--1rk4__B1_O00299,15,5,1,3,0.1743474716249101,18.9375,False,0.43423745766913807
1rk4__A1_O00299--1rk4__B1_O00299,16,4,2,3,0.1706910576340463,18.71875,False,0.4335354548098522
1rk4__A1_O00299--1rk4__B1_O00299,17,3,3,3,0.030042272036345,18.5625,False,0.4341645975565539
1rk4__A1_O00299--1rk4__B1_O00299,18,3,0,3,0.0285227150961758,18.328125,False,0.4237057346794008
1rk4__A1_O00299--1rk4__B1_O00299,19,3,2,3,0.028481366987575,18.296875,False,0.41280416236621187
1rk4__A1_O00299--1rk4__B1_O00299,20,3,1,3,0.0294522249155824,18.171875,False,0.4152848307209487
1s4k__A1_Q8ZPR1--1s4k__B1_Q8ZPR1,1,4,3,1,0.0376470693995013,29.46875,False,0.6244873582878557
1s4k__A1_Q8ZPR1--1s4k__B1_Q8ZPR1,2,3,1,1,0.088627538217648,22.65625,False,0.5966186812563207
1s4k__A1_Q8ZPR1--1s4k__B1_Q8ZPR1,3,1,3,1,0.0329822151837624,22.078125,False,0.5663644397356734
1s4k__A1_Q8ZPR1--1s4k__B1_Q8ZPR1,4,5,2,1,0.1033301041611925,20.609375,False,0.5272546380791805
1s4k__A1_Q8ZPR1--1s4k__B1_Q8ZPR1,5,3,0,1,0.0749787802510978,18.9375,False,0.5133616704282962
1s4k__A1_Q8ZPR1--1s4k__B1_Q8ZPR1,6,2,0,1,0.0491591580222751,18.375,False,0.5205609810298764
1s4k__A1_Q8ZPR1--1s4k__B1_Q8ZPR1,7,5,3,1,0.0775011692216162,18.28125,False,0.4858023365579559
1s4k__A1_Q8ZPR1--1s4k__B1_Q8ZPR1,8,2,1,1,0.0779699447032802,18.28125,False,0.5351667785666154
1s4k__A1_Q8ZPR1--1s4k__B1_Q8ZPR1,9,5,0,1,0.0625557313633287,17.96875,False,0.4746136512633169
1s4k__A1_Q8ZPR1--1s4k__B1_Q8ZPR1,10,4,1,1,0.0184163294394798,17.734375,False,0.5609356571055764
1s4k__A1_Q8ZPR1--1s4k__B1_Q8ZPR1,11,1,0,1,0.0241455983308582,17.625,False,0.4657631479113846
1s4k__A1_Q8ZPR1--1s4k__B1_Q8ZPR1,12,3,2,1,0.040838762735022,17.421875,False,0.502781309054497
1s4k__A1_Q8ZPR1--1s4k__B1_Q8ZPR1,13,2,3,1,0.0468609943789125,17.359375,False,0.47470610082202586
1s4k__A1_Q8ZPR1--1s4k__B1_Q8ZPR1,14,5,1,1,0.1420298219658229,17.171875,False,0.4448182352780702
1s4k__A1_Q8ZPR1--1s4k__B1_Q8ZPR1,15,4,2,1,0.0300165349387477,17.109375,False,0.5099105654102078
1s4k__A1_Q8ZPR1--1s4k__B1_Q8ZPR1,16,2,2,1,0.0531363959300235,16.9375,False,0.46814245835279467
1s4k__A1_Q8ZPR1--1s4k__B1_Q8ZPR1,17,3,3,1,0.0281174698205835,16.609375,False,0.5662286963772885
1s4k__A1_Q8ZPR1--1s4k__B1_Q8ZPR1,18,4,0,1,0.0360677709707706,15.2265625,False,0.4577488035461655
1s4k__A1_Q8ZPR1--1s4k__B1_Q8ZPR1,19,1,1,1,0.0401934253945282,14.0234375,False,0.435323414584409
1s4k__A1_Q8ZPR1--1s4k__B1_Q8ZPR1,20,1,2,1,0.0173896296778523,12.703125,False,0.40891811247338944
1s70__A1_P62207--1s70__B1_Q90623,1,4,0,1,0.7275811782277941,88.625,True,0.6237505059627444
1s70__A1_P62207--1s70__B1_Q90623,2,5,2,1,0.7252862914617898,88.1875,True,0.6000836902902964
1s70__A1_P62207--1s70__B1_Q90623,3,3,0,1,0.6639126894266921,87.5625,True,0.6059188003023128
1s70__A1_P62207--1s70__B1_Q90623,4,5,1,1,0.6248481934875006,87.375,True,0.5683382671976757
1s70__A1_P62207--1s70__B1_Q90623,5,4,2,1,0.6798808542019373,87.25,True,0.540846748607887
1s70__A1_P62207--1s70__B1_Q90623,6,4,3,1,0.7011177734467106,87.0625,True,0.5806910430103744
1s70__A1_P62207--1s70__B1_Q90623,7,1,1,1,0.7398020646548907,86.75,True,0.5585686431273207
1s70__A1_P62207--1s70__B1_Q90623,8,5,3,1,0.6520196767274863,86.5,True,0.5362112754531223
1s70__A1_P62207--1s70__B1_Q90623,9,5,0,1,0.6792167344965748,86.4375,True,0.5433913265626737
1s70__A1_P62207--1s70__B1_Q90623,10,3,2,1,0.5362745533023282,86.0,True,0.5145580613782125
1s70__A1_P62207--1s70__B1_Q90623,11,2,1,1,0.5931886460257129,85.6875,True,0.4848964849496882
1s70__A1_P62207--1s70__B1_Q90623,12,4,1,1,0.5654625000029493,85.4375,True,0.5007777220833592
1s70__A1_P62207--1s70__B1_Q90623,13,3,3,1,0.4387797665840984,85.0,True,0.47098702491669514
1s70__A1_P62207--1s70__B1_Q90623,14,3,1,1,0.4286762500392598,84.8125,True,0.4622300380238693
1s70__A1_P62207--1s70__B1_Q90623,15,2,2,1,0.560134543522747,84.625,True,0.4368236559031367
1s70__A1_P62207--1s70__B1_Q90623,16,1,0,1,0.6079183099276076,84.625,True,0.42562765163561705
1s70__A1_P62207--1s70__B1_Q90623,17,1,2,1,0.6987831630770233,84.4375,True,0.45306659853770936
1s70__A1_P62207--1s70__B1_Q90623,18,2,0,1,0.539631584467602,84.375,True,0.4237815105567724
1s70__A1_P62207--1s70__B1_Q90623,19,2,3,1,0.5552396304036509,84.1875,True,0.4118287247037623
1s70__A1_P62207--1s70__B1_Q90623,20,1,3,1,0.5404598178310885,83.75,True,0.39721613476150697
1smx__A1_P21513--1smx__B1_P21513,1,1,0,0,0.0153498445538025,33.59375,False,0.6305637859732365
1smx__A1_P21513--1smx__B1_P21513,2,1,1,0,0.0158068212404666,29.28125,False,0.6182114004128612
1smx__A1_P21513--1smx__B1_P21513,3,2,0,0,0.2406513786016403,22.9375,True,0.6056512982799853
1smx__A1_P21513--1smx__B1_P21513,4,1,3,0,0.0290539351319406,20.15625,False,0.5255145331040951
1smx__A1_P21513--1smx__B1_P21513,5,2,1,0,0.2222385431931975,19.65625,False,0.5737146142978076
1smx__A1_P21513--1smx__B1_P21513,6,2,2,0,0.1844860509355027,19.5625,False,0.5607295123638126
1smx__A1_P21513--1smx__B1_P21513,7,1,2,0,0.0280842948898387,19.453125,False,0.46098226529310893
1smx__A1_P21513--1smx__B1_P21513,8,2,3,0,0.1798235371559075,19.265625,False,0.5246027080348125
1smx__A1_P21513--1smx__B1_P21513,9,5,0,0,0.0495096045282394,18.453125,False,0.5205916576942088
1smx__A1_P21513--1smx__B1_P21513,10,5,2,0,0.0825214019193569,18.375,False,0.5472809127312931
1smx__A1_P21513--1smx__B1_P21513,11,4,0,0,0.0282000590007507,18.359375,False,0.4283251506354674
1smx__A1_P21513--1smx__B1_P21513,12,4,1,0,0.1069444052020128,18.328125,False,0.4582051361026622
1smx__A1_P21513--1smx__B1_P21513,13,4,2,0,0.0371073838093175,18.078125,False,0.4374131453030691
1smx__A1_P21513--1smx__B1_P21513,14,5,1,0,0.0265357570415604,18.015625,False,0.5279726243710775
1smx__A1_P21513--1smx__B1_P21513,15,4,3,0,0.0991232144219913,17.921875,False,0.455810810652737
1smx__A1_P21513--1smx__B1_P21513,16,3,3,0,0.0826449789985713,17.734375,False,0.4997761478394428
1smx__A1_P21513--1smx__B1_P21513,17,5,3,0,0.0274389335508348,17.703125,False,0.4484002606457625
1smx__A1_P21513--1smx__B1_P21513,18,3,2,0,0.0382122653696936,17.515625,False,0.4468805236952876
1smx__A1_P21513--1smx__B1_P21513,19,3,0,0,0.0546428898209266,17.4375,False,0.4670271360130968
1smx__A1_P21513--1smx__B1_P21513,20,3,1,0,0.0450629391961612,17.140625,False,0.42757807947355486
1spp__B1_P35496--1spp__A1_P35495,1,3,3,4,0.3660599810221559,57.625,True,0.6245172045791708
1spp__B1_P35496--1spp__A1_P35495,2,5,2,4,0.2510124925990736,56.46875,True,0.6203464196678964
1spp__B1_P35496--1spp__A1_P35495,3,1,1,4,0.46358197110308,46.65625,True,0.6012445810909832
1spp__B1_P35496--1spp__A1_P35495,4,3,0,4,0.3203340786587548,45.90625,True,0.5841524036313273
1spp__B1_P35496--1spp__A1_P35495,5,2,2,4,0.2998344664996814,45.59375,True,0.5615451708645399
1spp__B1_P35496--1spp__A1_P35495,6,5,1,4,0.3179109210294206,44.9375,True,0.5275629431364871
1spp__B1_P35496--1spp__A1_P35495,7,5,0,4,0.2983492428848046,43.875,True,0.5483021385884661
1spp__B1_P35496--1spp__A1_P35495,8,3,1,4,0.3379555517947085,43.125,True,0.5523312657591595
1spp__B1_P35496--1spp__A1_P35495,9,1,3,4,0.353069684960195,41.84375,True,0.5096189238383021
1spp__B1_P35496--1spp__A1_P35495,10,2,1,4,0.2357126272140612,41.84375,True,0.5018061749214024
1spp__B1_P35496--1spp__A1_P35495,11,4,2,4,0.3073506438656965,41.8125,True,0.5233026664523802
1spp__B1_P35496--1spp__A1_P35495,12,3,2,4,0.4215067679518653,40.625,True,0.46483075145707636
1spp__B1_P35496--1spp__A1_P35495,13,5,3,4,0.2859320882331197,39.125,True,0.4607875397748689
1spp__B1_P35496--1spp__A1_P35495,14,2,0,4,0.3094312866877675,38.28125,True,0.45365285969756725
1spp__B1_P35496--1spp__A1_P35495,15,2,3,4,0.2483469707367615,38.0,True,0.4339381581757342
1spp__B1_P35496--1spp__A1_P35495,16,4,1,4,0.2903208926365838,36.46875,True,0.4667703273226133
1spp__B1_P35496--1spp__A1_P35495,17,4,3,4,0.1565007559897325,35.78125,False,0.4143584215686709
1spp__B1_P35496--1spp__A1_P35495,18,1,0,4,0.2602881591061928,35.4375,True,0.40205278553001306
1spp__B1_P35496--1spp__A1_P35495,19,1,2,4,0.3728275057170817,35.09375,True,0.4285953427442195
1spp__B1_P35496--1spp__A1_P35495,20,4,0,4,0.1789573305204525,34.46875,False,0.39650133598903375
1t6b__A1_P13423--1t6b__B1_P58335,1,3,0,4,0.041260124680762,30.296875,False,0.5556358550519597
1t6b__A1_P13423--1t6b__B1_P58335,2,4,2,4,0.0861722102126889,29.859375,False,0.5443322785657555
1t6b__A1_P13423--1t6b__B1_P58335,3,4,3,4,0.0580479510250479,28.96875,False,0.5511675044268384
1t6b__A1_P13423--1t6b__B1_P58335,4,3,3,4,0.1033438365939373,28.84375,False,0.6164198830505976
1t6b__A1_P13423--1t6b__B1_P58335,5,4,0,4,0.0422343312673364,28.578125,False,0.4526835788883434
1t6b__A1_P13423--1t6b__B1_P58335,6,5,0,4,0.0377995473071033,28.28125,False,0.5176190550778136
1t6b__A1_P13423--1t6b__B1_P58335,7,5,1,4,0.0734445162306664,28.0625,False,0.5930986667133539
1t6b__A1_P13423--1t6b__B1_P58335,8,4,1,4,0.0674473317071734,27.78125,False,0.4424945157072792
1t6b__A1_P13423--1t6b__B1_P58335,9,2,2,4,0.0446504582930789,27.578125,False,0.5352554300647258
1t6b__A1_P13423--1t6b__B1_P58335,10,2,1,4,0.0871656332272122,27.015625,False,0.5413843976620334
1t6b__A1_P13423--1t6b__B1_P58335,11,5,3,4,0.0759212096639001,25.75,False,0.5039192493459714
1t6b__A1_P13423--1t6b__B1_P58335,12,2,0,4,0.0685255447113765,25.65625,False,0.5349585864778659
1t6b__A1_P13423--1t6b__B1_P58335,13,1,0,4,0.0652625155433662,25.4375,False,0.5306245758088597
1t6b__A1_P13423--1t6b__B1_P58335,14,3,1,4,0.0875610353524308,25.25,False,0.4834191364787599
1t6b__A1_P13423--1t6b__B1_P58335,15,1,2,4,0.0888353236267912,24.46875,False,0.5029922164975277
1t6b__A1_P13423--1t6b__B1_P58335,16,2,3,4,0.0868133745525157,24.390625,False,0.431135300930472
1t6b__A1_P13423--1t6b__B1_P58335,17,3,2,4,0.039512535936322,24.28125,False,0.4731363107050179
1t6b__A1_P13423--1t6b__B1_P58335,18,1,1,4,0.0552671609481615,24.03125,False,0.3878118219719849
1t6b__A1_P13423--1t6b__B1_P58335,19,5,2,4,0.0406231235205811,23.65625,False,0.4553479269492669
1t6b__A1_P13423--1t6b__B1_P58335,20,1,3,4,0.07887928071691,23.484375,False,0.4253747763565479
1t6l__A1_P16790--1t6l__A2_P16790,1,1,2,0,0.3610030019593815,41.09375,True,0.6329712477370124
1t6l__A1_P16790--1t6l__A2_P16790,2,4,3,0,0.2789424967174275,36.53125,True,0.6101412826979423
1t6l__A1_P16790--1t6l__A2_P16790,3,3,3,0,0.3194933136056302,34.59375,True,0.6137957227552107
1t6l__A1_P16790--1t6l__A2_P16790,4,5,2,0,0.2108437933892956,26.21875,False,0.5654186904260705
1t6l__A1_P16790--1t6l__A2_P16790,5,4,2,0,0.1968917573507296,22.25,False,0.5377074297693061
1t6l__A1_P16790--1t6l__A2_P16790,6,5,0,0,0.2494045321162363,21.59375,True,0.4812419886524929
1t6l__A1_P16790--1t6l__A2_P16790,7,2,3,0,0.2474085328273347,21.28125,True,0.4947635477078276
1t6l__A1_P16790--1t6l__A2_P16790,8,3,0,0,0.3017937050453949,21.0625,True,0.5272119580683543
1t6l__A1_P16790--1t6l__A2_P16790,9,5,1,0,0.2932752019818403,20.78125,True,0.5576231756733653
1t6l__A1_P16790--1t6l__A2_P16790,10,2,0,0,0.1727916780688227,20.578125,False,0.4679231341845035
1t6l__A1_P16790--1t6l__A2_P16790,11,1,0,0,0.133779307559196,19.28125,False,0.5364047201142349
1t6l__A1_P16790--1t6l__A2_P16790,12,3,1,0,0.1214271192501843,18.109375,False,0.5451509014061571
1t6l__A1_P16790--1t6l__A2_P16790,13,4,1,0,0.0322573417627538,17.546875,False,0.5199213440752338
1t6l__A1_P16790--1t6l__A2_P16790,14,5,3,0,0.0466052567849718,15.734375,False,0.47039665720700935
1t6l__A1_P16790--1t6l__A2_P16790,15,3,2,0,0.1157633208549703,15.515625,False,0.4451151749587888
1t6l__A1_P16790--1t6l__A2_P16790,16,1,1,0,0.0164181181998058,14.6953125,False,0.46614154362230253
1t6l__A1_P16790--1t6l__A2_P16790,17,2,1,0,0.0658284495167863,14.3671875,False,0.44469489138541335
1t6l__A1_P16790--1t6l__A2_P16790,18,1,3,0,0.0193379735264087,14.03125,False,0.4350921997177671
1t6l__A1_P16790--1t6l__A2_P16790,19,2,2,0,0.0181781722186593,13.0546875,False,0.4130521360824697
1t6l__A1_P16790--1t6l__A2_P16790,20,4,0,0,0.0165496343561558,12.78125,False,0.4015386803005338
1tej__B1_P0C6B5--1tej__A1_P0C6B4,1,4,3,4,0.8133840523680179,80.0625,True,0.6022591022535734
1tej__B1_P0C6B5--1tej__A1_P0C6B4,2,4,2,4,0.8284310544585732,79.75,True,0.6193367773888135
1tej__B1_P0C6B5--1tej__A1_P0C6B4,3,4,0,4,0.8240239358872327,79.625,True,0.6015153843494152
1tej__B1_P0C6B5--1tej__A1_P0C6B4,4,4,1,4,0.8243697623483207,79.625,True,0.5873064715196437
1tej__B1_P0C6B5--1tej__A1_P0C6B4,5,5,0,4,0.810805910903866,79.25,True,0.5523931109488833
1tej__B1_P0C6B5--1tej__A1_P0C6B4,6,5,3,4,0.8003311090620634,79.125,True,0.5258883442472444
1tej__B1_P0C6B5--1tej__A1_P0C6B4,7,5,1,4,0.8028572321991011,78.9375,True,0.5291246840512095
1tej__B1_P0C6B5--1tej__A1_P0C6B4,8,2,1,4,0.8901567118469896,78.6875,True,0.5679710794225301
1tej__B1_P0C6B5--1tej__A1_P0C6B4,9,2,3,4,0.8841555182005963,78.5625,True,0.5346661195890002
1tej__B1_P0C6B5--1tej__A1_P0C6B4,10,2,0,4,0.8864952132872704,78.5,True,0.5329145586222116
1tej__B1_P0C6B5--1tej__A1_P0C6B4,11,2,2,4,0.892270838610053,78.4375,True,0.5236459202214808
1tej__B1_P0C6B5--1tej__A1_P0C6B4,12,5,2,4,0.8200538832161787,78.375,True,0.48810067764865345
1tej__B1_P0C6B5--1tej__A1_P0C6B4,13,1,1,4,0.8509994176940231,78.3125,True,0.4828448901660969
1tej__B1_P0C6B5--1tej__A1_P0C6B4,14,1,3,4,0.8379445216156648,78.125,True,0.42916854317861625
1tej__B1_P0C6B5--1tej__A1_P0C6B4,15,1,0,4,0.8486892483150491,78.125,True,0.43071057378957445
1tej__B1_P0C6B5--1tej__A1_P0C6B4,16,1,2,4,0.8499185820561692,77.875,True,0.4214457969259399
1tej__B1_P0C6B5--1tej__A1_P0C6B4,17,3,2,4,0.8418066344116825,76.0625,True,0.40619174195897095
1tej__B1_P0C6B5--1tej__A1_P0C6B4,18,3,1,4,0.8439656969462711,75.8125,True,0.4284896574616651
1tej__B1_P0C6B5--1tej__A1_P0C6B4,19,3,0,4,0.8472099787803402,75.75,True,0.4233787639682825
1tej__B1_P0C6B5--1tej__A1_P0C6B4,20,3,3,4,0.8424716436069373,75.3125,True,0.3906996477366163
1tf0__A1_P02768--1tf0__B1_Q51911,1,5,1,0,0.8599519092712029,94.875,True,0.6155229293739573
1tf0__A1_P02768--1tf0__B1_Q51911,2,5,3,0,0.8597976550473138,94.75,True,0.563179989910331
1tf0__A1_P02768--1tf0__B1_Q51911,3,5,2,0,0.8619076420290083,94.6875,True,0.5652364690822177
1tf0__A1_P02768--1tf0__B1_Q51911,4,1,0,0,0.878346425605636,94.625,True,0.6152112138646476
1tf0__A1_P02768--1tf0__B1_Q51911,5,2,0,0,0.8673733946863798,94.625,True,0.5726885637040235
1tf0__A1_P02768--1tf0__B1_Q51911,6,5,0,0,0.8615057618651504,94.625,True,0.5570654716497092
1tf0__A1_P02768--1tf0__B1_Q51911,7,2,1,0,0.8699854506573937,94.4375,True,0.5733385760131335
1tf0__A1_P02768--1tf0__B1_Q51911,8,1,1,0,0.8692312216158894,94.3125,True,0.5698418962643276
1tf0__A1_P02768--1tf0__B1_Q51911,9,4,1,0,0.8570694332725827,94.3125,True,0.49248673474194987
1tf0__A1_P02768--1tf0__B1_Q51911,10,3,1,0,0.8670142596479747,94.25,True,0.530804793512909
1tf0__A1_P02768--1tf0__B1_Q51911,11,1,2,0,0.8679710465609783,94.125,True,0.5284602838112579
1tf0__A1_P02768--1tf0__B1_Q51911,12,4,0,0,0.856565778966598,94.125,True,0.45234117031722876
1tf0__A1_P02768--1tf0__B1_Q51911,13,3,3,0,0.8661155564764824,94.125,True,0.4901048994106309
1tf0__A1_P02768--1tf0__B1_Q51911,14,4,3,0,0.8538490177586091,94.0625,True,0.4289312799323394
1tf0__A1_P02768--1tf0__B1_Q51911,15,2,2,0,0.8695660060849707,93.9375,True,0.466097828112555
1tf0__A1_P02768--1tf0__B1_Q51911,16,3,2,0,0.861018353515416,93.9375,True,0.44947277884861375
1tf0__A1_P02768--1tf0__B1_Q51911,17,3,0,0,0.8615590860061758,93.9375,True,0.45842017296882376
1tf0__A1_P02768--1tf0__B1_Q51911,18,4,2,0,0.8565467895573168,93.875,True,0.4115850316313139
1tf0__A1_P02768--1tf0__B1_Q51911,19,1,3,0,0.8736590597183822,93.6875,True,0.4390371779856875
1tf0__A1_P02768--1tf0__B1_Q51911,20,2,3,0,0.8646561568487305,93.4375,True,0.3887122104636252
1tj7__A1_P11447--1tj7__B1_P11447,1,4,3,2,0.0251540870247101,87.625,False,0.6230287144243065
1tj7__A1_P11447--1tj7__B1_P11447,2,4,0,2,0.0208539560536907,87.5,False,0.6115736109422036
1tj7__A1_P11447--1tj7__B1_P11447,3,4,2,2,0.0251507012137512,87.0,False,0.5999939038543413
1tj7__A1_P11447--1tj7__B1_P11447,4,4,1,2,0.0251562571857713,86.25,False,0.5840120149724363
1tj7__A1_P11447--1tj7__B1_P11447,5,5,3,2,0.009008039331964,84.6875,False,0.5808194979083634
1tj7__A1_P11447--1tj7__B1_P11447,6,5,0,2,0.0090176225573507,84.375,False,0.5646274138961219
1tj7__A1_P11447--1tj7__B1_P11447,7,1,3,2,0.0251521192498786,84.125,False,0.550983915609904
1tj7__A1_P11447--1tj7__B1_P11447,8,1,1,2,0.0251549848921585,83.0,False,0.5310238949960749
1tj7__A1_P11447--1tj7__B1_P11447,9,5,2,2,0.0090084163185668,82.9375,False,0.5382284633030144
1tj7__A1_P11447--1tj7__B1_P11447,10,1,2,2,0.0208703022177642,82.5625,False,0.5103706366734403
1tj7__A1_P11447--1tj7__B1_P11447,11,2,1,2,0.0208507141378404,80.9375,False,0.5015962461027208
1tj7__A1_P11447--1tj7__B1_P11447,12,1,0,2,0.0229949461132906,80.625,False,0.4877958625600333
1tj7__A1_P11447--1tj7__B1_P11447,13,2,3,2,0.0208063613561845,80.375,False,0.48225816464075544
1tj7__A1_P11447--1tj7__B1_P11447,14,5,1,2,0.6860411335468531,79.375,True,0.47655558897024125
1tj7__A1_P11447--1tj7__B1_P11447,15,2,2,2,0.0251747335608558,76.1875,False,0.4471367317411153
1tj7__A1_P11447--1tj7__B1_P11447,16,3,3,2,0.0090186355932331,75.8125,False,0.4521554983955722
1tj7__A1_P11447--1tj7__B1_P11447,17,3,0,2,0.0090243376168029,75.4375,False,0.42732156137878197
1tj7__A1_P11447--1tj7__B1_P11447,18,3,2,2,0.0090152863298344,75.3125,False,0.4282611327486398
1tj7__A1_P11447--1tj7__B1_P11447,19,3,1,2,0.0090194805976182,74.75,False,0.41008686112435144
1tj7__A1_P11447--1tj7__B1_P11447,20,2,0,2,0.6695871721036664,55.3125,True,0.3967744266854328
1ujw__A1_P06129--1ujw__B1_P00646,1,5,0,1,0.8470985296867936,90.25,True,0.6184891830736908
1ujw__A1_P06129--1ujw__B1_P00646,2,5,1,1,0.8448851805274148,90.0625,True,0.6016778529803659
1ujw__A1_P06129--1ujw__B1_P00646,3,4,0,1,0.8465662736039873,89.8125,True,0.5940129435361868
1ujw__A1_P06129--1ujw__B1_P00646,4,4,1,1,0.8416270919006975,89.375,True,0.5731644295104832
1ujw__A1_P06129--1ujw__B1_P00646,5,5,2,1,0.8425490338372024,89.25,True,0.5437564980146493
1ujw__A1_P06129--1ujw__B1_P00646,6,4,3,1,0.8312787751361187,89.1875,True,0.5375385754918762
1ujw__A1_P06129--1ujw__B1_P00646,7,1,0,1,0.8412537664290715,89.0,True,0.6003684091615115
1ujw__A1_P06129--1ujw__B1_P00646,8,5,3,1,0.8293413016808043,88.75,True,0.5442402043158784
1ujw__A1_P06129--1ujw__B1_P00646,9,2,3,1,0.828869537328694,87.9375,True,0.48215147567051014
1ujw__A1_P06129--1ujw__B1_P00646,10,2,0,1,0.8425950726267543,87.9375,True,0.48877190315701224
1ujw__A1_P06129--1ujw__B1_P00646,11,4,2,1,0.7555870596681965,87.75,True,0.4614032131808928
1ujw__A1_P06129--1ujw__B1_P00646,12,3,2,1,0.8353195234643973,87.6875,True,0.4804783296445593
1ujw__A1_P06129--1ujw__B1_P00646,13,1,3,1,0.8162230655649617,87.5,True,0.49300546308264076
1ujw__A1_P06129--1ujw__B1_P00646,14,1,1,1,0.81449598980962,87.25,True,0.521707815350087
1ujw__A1_P06129--1ujw__B1_P00646,15,3,0,1,0.7776617607530488,86.8125,True,0.45713621912374497
1ujw__A1_P06129--1ujw__B1_P00646,16,1,2,1,0.8034408114999095,86.625,True,0.4923445791140303
1ujw__A1_P06129--1ujw__B1_P00646,17,3,3,1,0.8268415236484467,86.25,True,0.43494869572525957
1ujw__A1_P06129--1ujw__B1_P00646,18,2,2,1,0.8079378629848417,85.8125,True,0.4043840683833311
1ujw__A1_P06129--1ujw__B1_P00646,19,2,1,1,0.8105196139056862,85.75,True,0.4182728307836854
1ujw__A1_P06129--1ujw__B1_P00646,20,3,1,1,0.7181760705805885,84.4375,True,0.39202819966121316
1v5v__A1_O58888--1v5v__B1_O58888,1,1,1,4,0.801073856130179,91.3125,True,0.6287323427945517
1v5v__A1_O58888--1v5v__B1_O58888,2,1,0,4,0.393049161517741,85.8125,True,0.6107509071661881
1v5v__A1_O58888--1v5v__B1_O58888,3,3,2,4,0.5158549693070005,85.5625,True,0.5783806024296687
1v5v__A1_O58888--1v5v__B1_O58888,4,3,1,4,0.5639463777930067,84.6875,True,0.5926445120586147
1v5v__A1_O58888--1v5v__B1_O58888,5,1,2,4,0.4228907538309499,83.5,True,0.5588947863858115
1v5v__A1_O58888--1v5v__B1_O58888,6,3,0,4,0.4418818756744007,83.0625,True,0.525159956381704
1v5v__A1_O58888--1v5v__B1_O58888,7,3,3,4,0.5047275113412993,82.6875,True,0.5350626457328399
1v5v__A1_O58888--1v5v__B1_O58888,8,2,3,4,0.3801047191291815,82.6875,True,0.5237672718202893
1v5v__A1_O58888--1v5v__B1_O58888,9,2,2,4,0.4154197519603111,82.625,True,0.5401473386468287
1v5v__A1_O58888--1v5v__B1_O58888,10,5,3,4,0.54755190611391,82.375,True,0.5270855942356524
1v5v__A1_O58888--1v5v__B1_O58888,11,1,3,4,0.4231486109881459,82.3125,True,0.5181737090448421
1v5v__A1_O58888--1v5v__B1_O58888,12,5,2,4,0.5033511695634126,80.9375,True,0.4679310351379124
1v5v__A1_O58888--1v5v__B1_O58888,13,5,1,4,0.5106843309315238,80.4375,True,0.46558388515780863
1v5v__A1_O58888--1v5v__B1_O58888,14,4,0,4,0.4409907757959765,80.0625,True,0.5220423614568924
1v5v__A1_O58888--1v5v__B1_O58888,15,2,1,4,0.4706911751439149,79.875,True,0.442047495657333
1v5v__A1_O58888--1v5v__B1_O58888,16,2,0,4,0.4787922883310156,78.625,True,0.4235690454244588
1v5v__A1_O58888--1v5v__B1_O58888,17,5,0,4,0.3667985524911549,78.5,True,0.40503840651866363
1v5v__A1_O58888--1v5v__B1_O58888,18,4,2,4,0.4288161958336614,77.1875,True,0.44529318757979724
1v5v__A1_O58888--1v5v__B1_O58888,19,4,1,4,0.3472495330344982,76.25,True,0.3859310011247854
1v5v__A1_O58888--1v5v__B1_O58888,20,4,3,4,0.4298241911823043,72.0,True,0.3826901935432981
1vc1__A1_Q9X1F5--1vc1__B1_Q9X1F5,1,5,3,3,0.906277161243982,87.75,True,0.6238507407359268
1vc1__A1_Q9X1F5--1vc1__B1_Q9X1F5,2,5,0,3,0.904892964286588,87.5625,True,0.6018536546435159
1vc1__A1_Q9X1F5--1vc1__B1_Q9X1F5,3,5,1,3,0.9045658793979374,87.5,True,0.6102927749346544
1vc1__A1_Q9X1F5--1vc1__B1_Q9X1F5,4,5,2,3,0.9100898872844142,86.5625,True,0.5880264095818216
1vc1__A1_Q9X1F5--1vc1__B1_Q9X1F5,5,3,1,3,0.8262657534126531,86.375,True,0.575853681287441
1vc1__A1_Q9X1F5--1vc1__B1_Q9X1F5,6,3,2,3,0.8805209609277688,85.3125,True,0.5597829250921583
1vc1__A1_Q9X1F5--1vc1__B1_Q9X1F5,7,2,3,3,0.9074020812607224,85.25,True,0.5550649006299851
1vc1__A1_Q9X1F5--1vc1__B1_Q9X1F5,8,2,0,3,0.9152174632106728,83.625,True,0.5388372647834183
1vc1__A1_Q9X1F5--1vc1__B1_Q9X1F5,9,2,2,3,0.9174139633596148,83.3125,True,0.5197803782879364
1vc1__A1_Q9X1F5--1vc1__B1_Q9X1F5,10,3,3,3,0.8668502284777663,82.8125,True,0.5156284224072027
1vc1__A1_Q9X1F5--1vc1__B1_Q9X1F5,11,2,1,3,0.9160109354201862,82.6875,True,0.506266165852604
1vc1__A1_Q9X1F5--1vc1__B1_Q9X1F5,12,4,0,3,0.8734283101294859,79.375,True,0.48887998982975284
1vc1__A1_Q9X1F5--1vc1__B1_Q9X1F5,13,1,1,3,0.8846734755345135,78.375,True,0.4688180456614991
1vc1__A1_Q9X1F5--1vc1__B1_Q9X1F5,14,1,0,3,0.8474776768293412,77.875,True,0.46463615468474945
1vc1__A1_Q9X1F5--1vc1__B1_Q9X1F5,15,4,2,3,0.9079442564808572,77.375,True,0.4583206275845402
1vc1__A1_Q9X1F5--1vc1__B1_Q9X1F5,16,4,3,3,0.9286237645090332,77.3125,True,0.4391438617213177
1vc1__A1_Q9X1F5--1vc1__B1_Q9X1F5,17,1,2,3,0.8117413077057772,74.3125,True,0.4268597684271583
1vc1__A1_Q9X1F5--1vc1__B1_Q9X1F5,18,1,3,3,0.7441645302217884,72.6875,True,0.4146652421780507
1vc1__A1_Q9X1F5--1vc1__B1_Q9X1F5,19,4,1,3,0.8225372912795373,62.8125,True,0.40257439134918865
1vc1__A1_Q9X1F5--1vc1__B1_Q9X1F5,20,3,0,3,0.0734336730823427,51.125,False,0.39060082847309135
1vf6__A1_Q8NI35--1vf6__C1_Q9JLB2,1,5,0,3,0.8263850762211051,82.0,True,0.6238507407359268
1vf6__A1_Q8NI35--1vf6__C1_Q9JLB2,2,5,2,3,0.8161533194964967,81.8125,True,0.6120381512938262
1vf6__A1_Q8NI35--1vf6__C1_Q9JLB2,3,5,1,3,0.8307405089663762,81.6875,True,0.5937254445175592
1vf6__A1_Q8NI35--1vf6__C1_Q9JLB2,4,2,1,3,0.8361459747960417,81.375,True,0.5743482862645989
1vf6__A1_Q8NI35--1vf6__C1_Q9JLB2,5,5,3,3,0.828881227476976,81.3125,True,0.5666772365840803
1vf6__A1_Q8NI35--1vf6__C1_Q9JLB2,6,2,3,3,0.8394749390075278,81.3125,True,0.5721491598473359
1vf6__A1_Q8NI35--1vf6__C1_Q9JLB2,7,2,0,3,0.8409241363087233,81.125,True,0.5618166092290613
1vf6__A1_Q8NI35--1vf6__C1_Q9JLB2,8,2,2,3,0.8374885931217154,80.875,True,0.5388372647834183
1vf6__A1_Q8NI35--1vf6__C1_Q9JLB2,9,1,3,3,0.7967667509185646,80.5,True,0.5336483416858606
1vf6__A1_Q8NI35--1vf6__C1_Q9JLB2,10,1,1,3,0.794985177228531,80.25,True,0.5041669853380275
1vf6__A1_Q8NI35--1vf6__C1_Q9JLB2,11,4,1,3,0.8110797395241601,80.1875,True,0.4862507899623258
1vf6__A1_Q8NI35--1vf6__C1_Q9JLB2,12,1,0,3,0.7956832805344963,79.875,True,0.4735975186278306
1vf6__A1_Q8NI35--1vf6__C1_Q9JLB2,13,4,3,3,0.7911617583828034,79.75,True,0.4832206337287541
1vf6__A1_Q8NI35--1vf6__C1_Q9JLB2,14,3,1,3,0.8252410737000074,79.6875,True,0.42195264836428753
1vf6__A1_Q8NI35--1vf6__C1_Q9JLB2,15,1,2,3,0.7948124596568853,79.5625,True,0.4570699442361439
1vf6__A1_Q8NI35--1vf6__C1_Q9JLB2,16,4,0,3,0.805729314486137,79.5625,True,0.46378839880607436
1vf6__A1_Q8NI35--1vf6__C1_Q9JLB2,17,3,3,3,0.8225087726174348,79.5,True,0.4150268897737355
1vf6__A1_Q8NI35--1vf6__C1_Q9JLB2,18,4,2,3,0.7967850123040877,79.4375,True,0.4468355120989491
1vf6__A1_Q8NI35--1vf6__C1_Q9JLB2,19,3,0,3,0.8315616770152593,79.125,True,0.41879280077129144
1vf6__A1_Q8NI35--1vf6__C1_Q9JLB2,20,3,2,3,0.8227446202116009,78.875,True,0.4013727710049431
1vp7__B1_Q7VV85--1vp7__A1_Q7VV85,1,5,2,0,0.8154258714859747,86.1875,True,0.5676609117389357
1vp7__B1_Q7VV85--1vp7__A1_Q7VV85,2,3,2,0,0.8811847478639644,86.1875,True,0.583987148746524
1vp7__B1_Q7VV85--1vp7__A1_Q7VV85,3,2,2,0,0.804842340927061,86.1875,True,0.60322572076768
1vp7__B1_Q7VV85--1vp7__A1_Q7VV85,4,1,0,0,0.8059917716172399,86.0625,True,0.603796072922732
1vp7__B1_Q7VV85--1vp7__A1_Q7VV85,5,2,0,0,0.8236004966573812,86.0,True,0.5245109978541338
1vp7__B1_Q7VV85--1vp7__A1_Q7VV85,6,2,3,0,0.8078975209402827,86.0,True,0.5571959009821946
1vp7__B1_Q7VV85--1vp7__A1_Q7VV85,7,1,3,0,0.8155878903059247,86.0,True,0.5838937449068025
1vp7__B1_Q7VV85--1vp7__A1_Q7VV85,8,3,0,0,0.8786657171447398,86.0,True,0.5482053271961927
1vp7__B1_Q7VV85--1vp7__A1_Q7VV85,9,1,2,0,0.8015890744669214,85.875,True,0.5757695121808117
1vp7__B1_Q7VV85--1vp7__A1_Q7VV85,10,5,3,0,0.8186900096267707,85.75,True,0.5040547497742759
1vp7__B1_Q7VV85--1vp7__A1_Q7VV85,11,3,1,0,0.8830452904683503,85.625,True,0.4750530266691627
1vp7__B1_Q7VV85--1vp7__A1_Q7VV85,12,2,1,0,0.8103458485123332,85.625,True,0.44931454398543447
1vp7__B1_Q7VV85--1vp7__A1_Q7VV85,13,1,1,0,0.8069957456887084,85.625,True,0.48768893119712936
1vp7__B1_Q7VV85--1vp7__A1_Q7VV85,14,5,1,0,0.8690312443571924,85.625,True,0.4903087033577344
1vp7__B1_Q7VV85--1vp7__A1_Q7VV85,15,5,0,0,0.8683995846748896,85.5625,True,0.507635432668303
1vp7__B1_Q7VV85--1vp7__A1_Q7VV85,16,4,0,0,0.9031419613459288,85.5625,True,0.4375611346779994
1vp7__B1_Q7VV85--1vp7__A1_Q7VV85,17,3,3,0,0.8882941556340859,85.5625,True,0.4327675851256913
1vp7__B1_Q7VV85--1vp7__A1_Q7VV85,18,4,1,0,0.8985198784300148,85.375,True,0.41528457842422656
1vp7__B1_Q7VV85--1vp7__A1_Q7VV85,19,4,2,0,0.9045460734651992,85.375,True,0.4230395325855445
1vp7__B1_Q7VV85--1vp7__A1_Q7VV85,20,4,3,0,0.903684183172787,85.3125,True,0.3980293283847461
1x3w__A1_Q02890--1x3w__B1_P32628,1,1,0,0,0.5632389870291314,89.0,True,0.6267540871816951
1x3w__A1_Q02890--1x3w__B1_P32628,2,1,2,0,0.5719596959437975,88.875,True,0.618915790333549
1x3w__A1_Q02890--1x3w__B1_P32628,3,2,3,0,0.5739487689567427,88.1875,True,0.6088842514888654
1x3w__A1_Q02890--1x3w__B1_P32628,4,2,0,0,0.57447096522874,86.5,True,0.5930571037307205
1x3w__A1_Q02890--1x3w__B1_P32628,5,4,2,0,0.374441155879198,49.75,True,0.5802853814554461
1x3w__A1_Q02890--1x3w__B1_P32628,6,4,1,0,0.2181893754447272,44.8125,False,0.49428290544528547
1x3w__A1_Q02890--1x3w__B1_P32628,7,3,2,0,0.3375363800504722,44.03125,True,0.4822098905169772
1x3w__A1_Q02890--1x3w__B1_P32628,8,3,1,0,0.3886215033619882,43.65625,True,0.5110163400024418
1x3w__A1_Q02890--1x3w__B1_P32628,9,4,3,0,0.3478620023305903,43.625,True,0.5159614782437688
1x3w__A1_Q02890--1x3w__B1_P32628,10,4,0,0,0.2771493541409133,43.5625,True,0.4928097561346291
1x3w__A1_Q02890--1x3w__B1_P32628,11,3,0,0,0.1761566167961823,42.75,False,0.4185223784075041
1x3w__A1_Q02890--1x3w__B1_P32628,12,5,0,0,0.173147588557093,42.71875,False,0.5123658600187937
1x3w__A1_Q02890--1x3w__B1_P32628,13,3,3,0,0.155600651115355,42.5625,False,0.4691169742158232
1x3w__A1_Q02890--1x3w__B1_P32628,14,1,1,0,0.3455722304629909,42.40625,True,0.515522214882026
1x3w__A1_Q02890--1x3w__B1_P32628,15,5,1,0,0.3002960393400556,42.34375,True,0.5202464183316712
1x3w__A1_Q02890--1x3w__B1_P32628,16,1,3,0,0.312265015325795,41.90625,True,0.4923347665538526
1x3w__A1_Q02890--1x3w__B1_P32628,17,5,3,0,0.2613799581183247,41.875,True,0.4903979095204229
1x3w__A1_Q02890--1x3w__B1_P32628,18,2,1,0,0.2479102401921435,40.90625,True,0.40839690778341836
1x3w__A1_Q02890--1x3w__B1_P32628,19,2,2,0,0.1485090499541847,40.5,False,0.3860326899822992
1x3w__A1_Q02890--1x3w__B1_P32628,20,5,2,0,0.2071884900674674,40.34375,False,0.4297022217997278
1xsv__A1_P67248--1xsv__B1_P67248,1,1,1,4,0.774596053778201,67.6875,True,0.6247820662692299
1xsv__A1_P67248--1xsv__B1_P67248,2,1,0,4,0.7811763271305933,67.375,True,0.6088271214893904
1xsv__A1_P67248--1xsv__B1_P67248,3,1,2,4,0.7565229835913433,66.875,True,0.6025419605317363
1xsv__A1_P67248--1xsv__B1_P67248,4,5,2,4,0.7302009912020883,65.6875,True,0.6009264237101413
1xsv__A1_P67248--1xsv__B1_P67248,5,5,1,4,0.7406145610718881,65.6875,True,0.5783931151469839
1xsv__A1_P67248--1xsv__B1_P67248,6,1,3,4,0.7216499294640698,64.875,True,0.5565330347341904
1xsv__A1_P67248--1xsv__B1_P67248,7,5,3,4,0.7360175014311489,64.5625,True,0.5548428988654386
1xsv__A1_P67248--1xsv__B1_P67248,8,5,0,4,0.7371060154471826,62.875,True,0.541705635794795
1xsv__A1_P67248--1xsv__B1_P67248,9,4,3,4,0.7682763252795127,57.375,True,0.5230486869002715
1xsv__A1_P67248--1xsv__B1_P67248,10,2,3,4,0.6892630910826986,56.0625,True,0.4974255333461656
1xsv__A1_P67248--1xsv__B1_P67248,11,4,2,4,0.7700310688737434,55.34375,True,0.5089382811336354
1xsv__A1_P67248--1xsv__B1_P67248,12,2,2,4,0.6749906107874099,51.5,True,0.4676497933658327
1xsv__A1_P67248--1xsv__B1_P67248,13,4,1,4,0.7639495489660105,50.8125,True,0.4873448974759915
1xsv__A1_P67248--1xsv__B1_P67248,14,4,0,4,0.7609571125723478,48.40625,True,0.4588601442938293
1xsv__A1_P67248--1xsv__B1_P67248,15,2,0,4,0.6709238163764812,45.90625,True,0.4415633500635223
1xsv__A1_P67248--1xsv__B1_P67248,16,2,1,4,0.6695321230298372,44.1875,True,0.43094306038990393
1xsv__A1_P67248--1xsv__B1_P67248,17,3,3,4,0.7533785983212038,35.96875,True,0.415808794897507
1xsv__A1_P67248--1xsv__B1_P67248,18,3,1,4,0.7397362977766958,34.21875,True,0.4007473925986723
1xsv__A1_P67248--1xsv__B1_P67248,19,3,0,4,0.7354783333077153,32.34375,True,0.38264786446856364
1xsv__A1_P67248--1xsv__B1_P67248,20,3,2,4,0.7365513511759431,32.21875,True,0.3941282998096056
1yt5__A1_Q9X255--1yt5__D1_Q9X255,1,1,1,4,0.0121181521907579,90.375,False,0.6287323427945517
1yt5__A1_Q9X255--1yt5__D1_Q9X255,2,5,1,4,0.0367993971016604,89.1875,False,0.616094207551083
1yt5__A1_Q9X255--1yt5__D1_Q9X255,3,5,2,4,0.0491355416994905,88.25,False,0.5791706962575733
1yt5__A1_Q9X255--1yt5__D1_Q9X255,4,1,0,4,0.0491845054543362,88.0,False,0.6017778712400705
1yt5__A1_Q9X255--1yt5__D1_Q9X255,5,5,0,4,0.0491255855299257,87.9375,False,0.5900281038350769
1yt5__A1_Q9X255--1yt5__D1_Q9X255,6,5,3,4,0.0429408755952775,87.125,False,0.5518027949963518
1yt5__A1_Q9X255--1yt5__D1_Q9X255,7,1,2,4,0.0429301849959673,87.0,False,0.5631683596355973
1yt5__A1_Q9X255--1yt5__D1_Q9X255,8,2,1,4,0.0245130795144116,85.625,False,0.5375105261564697
1yt5__A1_Q9X255--1yt5__D1_Q9X255,9,1,3,4,0.0430339140463517,83.8125,False,0.5214788924877655
1yt5__A1_Q9X255--1yt5__D1_Q9X255,10,2,2,4,0.0369891955368145,82.8125,False,0.4982096664224151
1yt5__A1_Q9X255--1yt5__D1_Q9X255,11,2,0,4,0.0369258792655075,82.8125,False,0.5123695694514385
1yt5__A1_Q9X255--1yt5__D1_Q9X255,12,2,3,4,0.0246481166674029,78.1875,False,0.4838071096341737
1yt5__A1_Q9X255--1yt5__D1_Q9X255,13,4,1,4,0.0371521544564662,68.625,False,0.47039120486221897
1yt5__A1_Q9X255--1yt5__D1_Q9X255,14,3,2,4,0.0492520305108914,66.1875,False,0.4570179475841675
1yt5__A1_Q9X255--1yt5__D1_Q9X255,15,3,3,4,0.0367718222708232,64.25,False,0.4437063591061072
1yt5__A1_Q9X255--1yt5__D1_Q9X255,16,4,2,4,0.0496822107032377,60.59375,False,0.43097174044319847
1yt5__A1_Q9X255--1yt5__D1_Q9X255,17,4,3,4,0.0496455620950173,60.125,False,0.4178350062367308
1yt5__A1_Q9X255--1yt5__D1_Q9X255,18,3,0,4,0.0371262089989975,57.25,False,0.38881917692253
1yt5__A1_Q9X255--1yt5__D1_Q9X255,19,3,1,4,0.0370868390147455,56.75,False,0.4049741757721246
1yt5__A1_Q9X255--1yt5__D1_Q9X255,20,4,0,4,0.0497224295148977,55.375,False,0.3797176012652412
1z77__A1_Q9X0C0--1z77__A2_Q9X0C0,1,5,2,4,0.2755111913881322,67.1875,True,0.6209876410925594
1z77__A1_Q9X0C0--1z77__A2_Q9X0C0,2,1,2,4,0.0819532992579619,64.3125,False,0.6238783377762147
1z77__A1_Q9X0C0--1z77__A2_Q9X0C0,3,1,0,4,0.0746114066526959,58.125,False,0.5992488991651403
1z77__A1_Q9X0C0--1z77__A2_Q9X0C0,4,1,3,4,0.0711724669767923,55.09375,False,0.5864453461144836
1z77__A1_Q9X0C0--1z77__A2_Q9X0C0,5,1,1,4,0.0791109624823976,52.3125,False,0.5819959093591105
1z77__A1_Q9X0C0--1z77__A2_Q9X0C0,6,5,1,4,0.2445252155186413,44.90625,True,0.5430172162343279
1z77__A1_Q9X0C0--1z77__A2_Q9X0C0,7,5,0,4,0.1974940795360764,43.59375,False,0.5513507185350075
1z77__A1_Q9X0C0--1z77__A2_Q9X0C0,8,2,2,4,0.1547574008537015,42.03125,False,0.5549494872134402
1z77__A1_Q9X0C0--1z77__A2_Q9X0C0,9,4,1,4,0.0281810384554918,37.71875,False,0.46366653360261323
1z77__A1_Q9X0C0--1z77__A2_Q9X0C0,10,4,0,4,0.0681143603304449,36.75,False,0.4979557872746335
1z77__A1_Q9X0C0--1z77__A2_Q9X0C0,11,2,1,4,0.1918604255983013,36.125,False,0.5210013153965436
1z77__A1_Q9X0C0--1z77__A2_Q9X0C0,12,2,0,4,0.0703785774468475,35.90625,False,0.5048299634999895
1z77__A1_Q9X0C0--1z77__A2_Q9X0C0,13,4,2,4,0.2807799933823305,34.5625,True,0.45119878872193675
1z77__A1_Q9X0C0--1z77__A2_Q9X0C0,14,4,3,4,0.3370923416172402,33.03125,True,0.4621439681407077
1z77__A1_Q9X0C0--1z77__A2_Q9X0C0,15,3,1,4,0.1732005014585178,31.71875,False,0.44419959973507217
1z77__A1_Q9X0C0--1z77__A2_Q9X0C0,16,2,3,4,0.2347808383715066,30.96875,True,0.44574581571943517
1z77__A1_Q9X0C0--1z77__A2_Q9X0C0,17,3,2,4,0.0559034502659016,30.328125,False,0.43754043199272785
1z77__A1_Q9X0C0--1z77__A2_Q9X0C0,18,3,0,4,0.0804194268415853,29.09375,False,0.4173508943103044
1z77__A1_Q9X0C0--1z77__A2_Q9X0C0,19,3,3,4,0.0655349685587387,26.921875,False,0.39219450992494637
1z77__A1_Q9X0C0--1z77__A2_Q9X0C0,20,5,3,4,0.0888729553208065,21.734375,False,0.37722537311034987
1zop__A1_P20701--1zop__B1_P20701,1,4,0,1,0.0077177553906739,71.125,False,0.5941496422199675
1zop__A1_P20701--1zop__B1_P20701,2,4,1,1,0.0075852481108492,70.5625,False,0.6003937747645698
1zop__A1_P20701--1zop__B1_P20701,3,4,3,1,0.0073651017819236,68.8125,False,0.5882099146162068
1zop__A1_P20701--1zop__B1_P20701,4,4,2,1,0.0074854741399511,68.1875,False,0.5944830602421503
1zop__A1_P20701--1zop__B1_P20701,5,1,0,1,0.0055501545403214,43.84375,False,0.6007255102836289
1zop__A1_P20701--1zop__B1_P20701,6,1,1,1,0.0056069306404471,39.09375,False,0.5874464139420921
1zop__A1_P20701--1zop__B1_P20701,7,1,2,1,0.0056545840262189,36.625,False,0.5522973786530511
1zop__A1_P20701--1zop__B1_P20701,8,1,3,1,0.0056637506188141,32.84375,False,0.5318773727669457
1zop__A1_P20701--1zop__B1_P20701,9,3,0,1,0.0062189857174072,23.15625,False,0.4655504185727865
1zop__A1_P20701--1zop__B1_P20701,10,3,2,1,0.0060724609549085,22.40625,False,0.48921151670470225
1zop__A1_P20701--1zop__B1_P20701,11,5,0,1,0.1264248302094892,21.921875,False,0.4781969131689026
1zop__A1_P20701--1zop__B1_P20701,12,5,1,1,0.1310913163610651,21.046875,False,0.4900597526701467
1zop__A1_P20701--1zop__B1_P20701,13,3,3,1,0.0061183840059077,20.96875,False,0.44809880430701626
1zop__A1_P20701--1zop__B1_P20701,14,5,3,1,0.1303942208964652,20.96875,False,0.47889225115508316
1zop__A1_P20701--1zop__B1_P20701,15,5,2,1,0.1055412610401873,20.1875,False,0.4518398787430677
1zop__A1_P20701--1zop__B1_P20701,16,2,2,1,0.006175786105974,20.15625,False,0.44353164426313774
1zop__A1_P20701--1zop__B1_P20701,17,3,1,1,0.0067729483793499,19.859375,False,0.43329754169779433
1zop__A1_P20701--1zop__B1_P20701,18,2,0,1,0.0724482555165129,19.65625,False,0.4498059934566793
1zop__A1_P20701--1zop__B1_P20701,19,2,3,1,0.0063065996045614,19.0625,False,0.43519987142780836
1zop__A1_P20701--1zop__B1_P20701,20,2,1,1,0.015723475527695,16.703125,False,0.42450886537595145
1zoq__A1_Q14653--1zoq__B1_Q92793,1,4,1,4,0.732800017010101,88.3125,True,0.6203694301876439
1zoq__A1_Q14653--1zoq__B1_Q92793,2,4,0,4,0.7325474612599692,88.0,True,0.6033528536330592
1zoq__A1_Q14653--1zoq__B1_Q92793,3,4,2,4,0.733863827671177,87.875,True,0.6213032701346762
1zoq__A1_Q14653--1zoq__B1_Q92793,4,3,3,4,0.7451890814482741,87.8125,True,0.5502882128917236
1zoq__A1_Q14653--1zoq__B1_Q92793,5,2,3,4,0.7121428961569617,87.625,True,0.4699150937099592
1zoq__A1_Q14653--1zoq__B1_Q92793,6,3,1,4,0.7481723326935432,87.3125,True,0.4645004151999439
1zoq__A1_Q14653--1zoq__B1_Q92793,7,2,2,4,0.7322237536299885,87.1875,True,0.513417087610312
1zoq__A1_Q14653--1zoq__B1_Q92793,8,3,0,4,0.7468420314814218,87.1875,True,0.46655299129199157
1zoq__A1_Q14653--1zoq__B1_Q92793,9,5,0,4,0.7242380626743904,86.875,True,0.5491769783636168
1zoq__A1_Q14653--1zoq__B1_Q92793,10,3,2,4,0.7448639179784395,86.875,True,0.5249130552352956
1zoq__A1_Q14653--1zoq__B1_Q92793,11,2,1,4,0.7601945185496537,86.875,True,0.5411734759897039
1zoq__A1_Q14653--1zoq__B1_Q92793,12,5,2,4,0.6834846095607868,86.8125,True,0.45071085992305976
1zoq__A1_Q14653--1zoq__B1_Q92793,13,4,3,4,0.728715429607672,86.8125,True,0.5538285800145194
1zoq__A1_Q14653--1zoq__B1_Q92793,14,5,3,4,0.7201311435996708,86.5625,True,0.47820896949477215
1zoq__A1_Q14653--1zoq__B1_Q92793,15,2,0,4,0.695032504026632,86.25,True,0.43278406579076695
1zoq__A1_Q14653--1zoq__B1_Q92793,16,5,1,4,0.7079987280382177,86.1875,True,0.5376934623318006
1zoq__A1_Q14653--1zoq__B1_Q92793,17,1,3,4,0.7271512292224979,85.1875,True,0.44871440556828945
1zoq__A1_Q14653--1zoq__B1_Q92793,18,1,0,4,0.6911700543408394,85.1875,True,0.38462222701323584
1zoq__A1_Q14653--1zoq__B1_Q92793,19,1,1,4,0.7306677742653666,85.125,True,0.47056764135996737
1zoq__A1_Q14653--1zoq__B1_Q92793,20,1,2,4,0.722144809875771,84.75,True,0.39482164974545925
1zp6__A1_A9CEJ3--1zp6__A2_A9CEJ3,1,3,3,3,0.8207619958199516,89.1875,True,0.6060577348503818
1zp6__A1_A9CEJ3--1zp6__A2_A9CEJ3,2,4,2,3,0.8110724707103634,88.8125,True,0.6063101092373501
1zp6__A1_A9CEJ3--1zp6__A2_A9CEJ3,3,3,2,3,0.8373195434728302,88.8125,True,0.559921294291185
1zp6__A1_A9CEJ3--1zp6__A2_A9CEJ3,4,4,0,3,0.8283388553539944,88.75,True,0.5991498191973167
1zp6__A1_A9CEJ3--1zp6__A2_A9CEJ3,5,4,3,3,0.8259186285881591,88.625,True,0.578705614022026
1zp6__A1_A9CEJ3--1zp6__A2_A9CEJ3,6,3,1,3,0.8529993598674261,88.5625,True,0.5611455346169266
1zp6__A1_A9CEJ3--1zp6__A2_A9CEJ3,7,1,1,3,0.8269194835680628,88.5625,True,0.5316533916332844
1zp6__A1_A9CEJ3--1zp6__A2_A9CEJ3,8,5,1,3,0.8423597439264118,88.4375,True,0.5607270899734943
1zp6__A1_A9CEJ3--1zp6__A2_A9CEJ3,9,1,3,3,0.8218669218648617,88.375,True,0.5140925694532352
1zp6__A1_A9CEJ3--1zp6__A2_A9CEJ3,10,2,1,3,0.8513361261164304,88.25,True,0.507417782859148
1zp6__A1_A9CEJ3--1zp6__A2_A9CEJ3,11,3,0,3,0.8218301707551486,88.1875,True,0.5223161802707591
1zp6__A1_A9CEJ3--1zp6__A2_A9CEJ3,12,4,1,3,0.834043282468194,88.0,True,0.5242010517682691
1zp6__A1_A9CEJ3--1zp6__A2_A9CEJ3,13,5,3,3,0.8227125359060722,87.875,True,0.49057672505687455
1zp6__A1_A9CEJ3--1zp6__A2_A9CEJ3,14,1,2,3,0.8185811019156826,87.0,True,0.4635934208243409
1zp6__A1_A9CEJ3--1zp6__A2_A9CEJ3,15,5,0,3,0.8369272545435904,86.4375,True,0.44528497516360127
1zp6__A1_A9CEJ3--1zp6__A2_A9CEJ3,16,5,2,3,0.820930346769886,86.3125,True,0.4456715636440022
1zp6__A1_A9CEJ3--1zp6__A2_A9CEJ3,17,1,0,3,0.8435388152612183,84.875,True,0.4194479812726904
1zp6__A1_A9CEJ3--1zp6__A2_A9CEJ3,18,2,0,3,0.8322063922075146,84.1875,True,0.4079378484946387
1zp6__A1_A9CEJ3--1zp6__A2_A9CEJ3,19,2,3,3,0.846540191302144,84.125,True,0.4166355078663156
1zp6__A1_A9CEJ3--1zp6__A2_A9CEJ3,20,2,2,3,0.842192296069351,80.8125,True,0.39060082847309135
2a1j__B1_P07992--2a1j__A1_Q92889,1,5,1,2,0.8259670552008265,86.4375,True,0.6230287144243065
2a1j__B1_P07992--2a1j__A1_Q92889,2,5,3,2,0.7971188949244059,86.125,True,0.574772934572902
2a1j__B1_P07992--2a1j__A1_Q92889,3,5,0,2,0.7905836396764788,86.0625,True,0.5736633124596066
2a1j__B1_P07992--2a1j__A1_Q92889,4,5,2,2,0.8215682151562725,85.875,True,0.5613935719608915
2a1j__B1_P07992--2a1j__A1_Q92889,5,4,1,2,0.7817750432102447,85.125,True,0.5765083010473344
2a1j__B1_P07992--2a1j__A1_Q92889,6,4,3,2,0.7732279781005404,85.0,True,0.5805750935917747
2a1j__B1_P07992--2a1j__A1_Q92889,7,4,0,2,0.7794580038813855,84.875,True,0.571106145495974
2a1j__B1_P07992--2a1j__A1_Q92889,8,4,2,2,0.7836482548242136,84.4375,True,0.5477342174538109
2a1j__B1_P07992--2a1j__A1_Q92889,9,3,1,2,0.8535394394738938,83.0625,True,0.5482096920775252
2a1j__B1_P07992--2a1j__A1_Q92889,10,3,2,2,0.8552285743857045,82.6875,True,0.5259108424088755
2a1j__B1_P07992--2a1j__A1_Q92889,11,3,0,2,0.8529600201966728,82.6875,True,0.5258624288004413
2a1j__B1_P07992--2a1j__A1_Q92889,12,2,1,2,0.803964048022756,82.3125,True,0.48442493526128194
2a1j__B1_P07992--2a1j__A1_Q92889,13,2,2,2,0.8389553269294933,81.875,True,0.4818116599842348
2a1j__B1_P07992--2a1j__A1_Q92889,14,2,3,2,0.8114535259458336,81.5,True,0.4631734672011357
2a1j__B1_P07992--2a1j__A1_Q92889,15,2,0,2,0.8053597183161324,81.3125,True,0.4467655533127013
2a1j__B1_P07992--2a1j__A1_Q92889,16,3,3,2,0.8536588484158071,81.25,True,0.4642035858434522
2a1j__B1_P07992--2a1j__A1_Q92889,17,1,3,2,0.751821045685323,80.875,True,0.4187374324786019
2a1j__B1_P07992--2a1j__A1_Q92889,18,1,1,2,0.7532905171428143,80.75,True,0.429894870181414
2a1j__B1_P07992--2a1j__A1_Q92889,19,1,0,2,0.776375164733529,80.6875,True,0.4126055256590243
2a1j__B1_P07992--2a1j__A1_Q92889,20,1,2,2,0.7894008978030929,79.375,True,0.39620612330522276
2a3l__A1_O80452--2a3l__A2_O80452,1,4,0,0,0.2258004733289797,88.375,False,0.6274522140147676
2a3l__A1_O80452--2a3l__A2_O80452,2,4,1,0,0.227408817512064,87.6875,False,0.6150593026740481
2a3l__A1_O80452--2a3l__A2_O80452,3,4,3,0,0.2228196639287334,86.4375,False,0.6042773661188363
2a3l__A1_O80452--2a3l__A2_O80452,4,4,2,0,0.2147407780453557,86.25,False,0.5808508461961978
2a3l__A1_O80452--2a3l__A2_O80452,5,5,1,0,0.2188620618190728,85.0625,False,0.5907175559082615
2a3l__A1_O80452--2a3l__A2_O80452,6,5,0,0,0.2081326426671301,84.375,False,0.5739389183091379
2a3l__A1_O80452--2a3l__A2_O80452,7,5,3,0,0.2042249688145332,83.8125,False,0.5577248244692701
2a3l__A1_O80452--2a3l__A2_O80452,8,1,0,0,0.2463812466805072,83.4375,True,0.5342008937326806
2a3l__A1_O80452--2a3l__A2_O80452,9,2,2,0,0.2212486246017556,83.0,False,0.5205557972829443
2a3l__A1_O80452--2a3l__A2_O80452,10,5,2,0,0.2076749943826291,82.9375,False,0.4899280972436798
2a3l__A1_O80452--2a3l__A2_O80452,11,2,0,0,0.2345104233602161,82.8125,True,0.49531822562699274
2a3l__A1_O80452--2a3l__A2_O80452,12,2,1,0,0.2196223894912078,82.6875,False,0.49010698051159957
2a3l__A1_O80452--2a3l__A2_O80452,13,2,3,0,0.2333520794770359,82.6875,True,0.5077967227966425
2a3l__A1_O80452--2a3l__A2_O80452,14,1,3,0,0.2431234518146741,82.5,True,0.46589465598487984
2a3l__A1_O80452--2a3l__A2_O80452,15,1,1,0,0.2474822162326518,82.5,True,0.4594218204912407
2a3l__A1_O80452--2a3l__A2_O80452,16,1,2,0,0.2638780472604985,82.3125,True,0.4364811034221464
2a3l__A1_O80452--2a3l__A2_O80452,17,3,1,0,0.1944327014566021,75.3125,False,0.412282566277178
2a3l__A1_O80452--2a3l__A2_O80452,18,3,0,0,0.1910192474303293,75.3125,False,0.42204290751194273
2a3l__A1_O80452--2a3l__A2_O80452,19,3,3,0,0.1852268076517376,73.6875,False,0.39807937011198197
2a3l__A1_O80452--2a3l__A2_O80452,20,3,2,0,0.1878744231945719,72.9375,False,0.3855286050603503
2apo__A1_Q57612--2apo__B1_P81303,1,4,0,1,0.769453718653959,90.4375,True,0.6244873582878557
2apo__A1_Q57612--2apo__B1_P81303,2,4,1,1,0.7696087328691347,90.25,True,0.6043291521251026
2apo__A1_Q57612--2apo__B1_P81303,3,5,2,1,0.7868052095204802,90.1875,True,0.6080417963341094
2apo__A1_Q57612--2apo__B1_P81303,4,5,0,1,0.7900513427216252,89.8125,True,0.5733652389322562
2apo__A1_Q57612--2apo__B1_P81303,5,5,1,1,0.7898234001788597,89.75,True,0.5616434302768373
2apo__A1_Q57612--2apo__B1_P81303,6,4,3,1,0.7657368786140948,89.75,True,0.5790934780988853
2apo__A1_Q57612--2apo__B1_P81303,7,4,2,1,0.7756607175866042,89.6875,True,0.5617305864133635
2apo__A1_Q57612--2apo__B1_P81303,8,5,3,1,0.7753329021816243,89.4375,True,0.5429366623679268
2apo__A1_Q57612--2apo__B1_P81303,9,1,0,1,0.7668294969752983,89.1875,True,0.5109984944806243
2apo__A1_Q57612--2apo__B1_P81303,10,1,2,1,0.7664605443820011,88.625,True,0.46470346556079967
2apo__A1_Q57612--2apo__B1_P81303,11,3,3,1,0.7779631874734748,88.375,True,0.4916268028944311
2apo__A1_Q57612--2apo__B1_P81303,12,1,1,1,0.7610330138890665,88.125,True,0.4312280522297302
2apo__A1_Q57612--2apo__B1_P81303,13,3,0,1,0.781642738863034,88.0,True,0.47690688174753354
2apo__A1_Q57612--2apo__B1_P81303,14,1,3,1,0.7700688183142478,87.875,True,0.41237583432152214
2apo__A1_Q57612--2apo__B1_P81303,15,3,1,1,0.7881703587049141,87.875,True,0.4556904785479367
2apo__A1_Q57612--2apo__B1_P81303,16,3,2,1,0.781642963158931,87.75,True,0.4823256938957865
2apo__A1_Q57612--2apo__B1_P81303,17,2,0,1,0.7730271695826482,86.9375,True,0.479441992641864
2apo__A1_Q57612--2apo__B1_P81303,18,2,2,1,0.7779051782343194,86.75,True,0.4537902915438896
2apo__A1_Q57612--2apo__B1_P81303,19,2,1,1,0.7790004248998271,86.5625,True,0.4054548259610878
2apo__A1_Q57612--2apo__B1_P81303,20,2,3,1,0.7710908427726375,86.375,True,0.4182548653859354
2aye__B1_Q84294--2aye__A1_Q84294,1,1,1,4,0.6557737066857915,86.1875,True,0.6247820662692299
2aye__B1_Q84294--2aye__A1_Q84294,2,1,0,4,0.6563798596074739,85.6875,True,0.6040438153273391
2aye__B1_Q84294--2aye__A1_Q84294,3,5,1,4,0.6567587024763852,85.4375,True,0.5657284547625626
2aye__B1_Q84294--2aye__A1_Q84294,4,1,3,4,0.657449457444788,85.3125,True,0.5837394117822904
2aye__B1_Q84294--2aye__A1_Q84294,5,5,3,4,0.6578191148268767,85.0,True,0.5527429800221131
2aye__B1_Q84294--2aye__A1_Q84294,6,1,2,4,0.6581942836045965,85.0,True,0.5760012602848174
2aye__B1_Q84294--2aye__A1_Q84294,7,5,0,4,0.6568715578056344,84.9375,True,0.536545416680582
2aye__B1_Q84294--2aye__A1_Q84294,8,2,3,4,0.5908059169952011,84.375,True,0.5552164610693888
2aye__B1_Q84294--2aye__A1_Q84294,9,5,2,4,0.6616240814768052,84.1875,True,0.4858478577404905
2aye__B1_Q84294--2aye__A1_Q84294,10,2,0,4,0.5741575143702348,84.1875,True,0.5403409708685029
2aye__B1_Q84294--2aye__A1_Q84294,11,2,2,4,0.5745392638181408,84.125,True,0.5450793306452707
2aye__B1_Q84294--2aye__A1_Q84294,12,2,1,4,0.5991208697540883,84.125,True,0.5162069114674107
2aye__B1_Q84294--2aye__A1_Q84294,13,4,1,4,0.6452224682063087,72.375,True,0.47039120486221897
2aye__B1_Q84294--2aye__A1_Q84294,14,4,0,4,0.6349931733243257,62.3125,True,0.4570179475841675
2aye__B1_Q84294--2aye__A1_Q84294,15,4,3,4,0.635099256528661,60.625,True,0.4437063591061072
2aye__B1_Q84294--2aye__A1_Q84294,16,4,2,4,0.6475324029050866,57.15625,True,0.4304751085074142
2aye__B1_Q84294--2aye__A1_Q84294,17,3,2,4,0.6563346181518562,47.84375,True,0.41679312122929596
2aye__B1_Q84294--2aye__A1_Q84294,18,3,1,4,0.6608629206771115,47.59375,True,0.40459802660914906
2aye__B1_Q84294--2aye__A1_Q84294,19,3,3,4,0.6238768662361341,45.75,True,0.37934995511754693
2aye__B1_Q84294--2aye__A1_Q84294,20,3,0,4,0.6188173010241377,45.6875,True,0.3910630536586742
2b11__A1_P00431--2b11__B1_P00044,1,5,2,1,0.8752306944692506,86.8125,True,0.6244873582878557
2b11__A1_P00431--2b11__B1_P00044,2,2,0,1,0.8463382614313661,85.9375,True,0.6095339878217959
2b11__A1_P00431--2b11__B1_P00044,3,3,2,1,0.8921201049251133,85.3125,True,0.6035589329603815
2b11__A1_P00431--2b11__B1_P00044,4,3,0,1,0.9155282352975442,83.875,True,0.5783058117978004
2b11__A1_P00431--2b11__B1_P00044,5,3,3,1,0.8928576427612782,83.75,True,0.5784182210714492
2b11__A1_P00431--2b11__B1_P00044,6,5,0,1,0.8778152973104808,83.5625,True,0.5713545223246688
2b11__A1_P00431--2b11__B1_P00044,7,1,0,1,0.8976973265748639,82.5,True,0.5493002582280646
2b11__A1_P00431--2b11__B1_P00044,8,1,3,1,0.9055500879709548,82.3125,True,0.5351086037018299
2b11__A1_P00431--2b11__B1_P00044,9,5,3,1,0.8878512684624926,82.1875,True,0.5159391960126597
2b11__A1_P00431--2b11__B1_P00044,10,1,2,1,0.8998855109505707,81.75,True,0.5236217294142719
2b11__A1_P00431--2b11__B1_P00044,11,3,1,1,0.8870258532321644,81.75,True,0.48398442653794255
2b11__A1_P00431--2b11__B1_P00044,12,2,2,1,0.8839077651386008,81.75,True,0.49879001466448547
2b11__A1_P00431--2b11__B1_P00044,13,4,0,1,0.8944544471799659,81.0625,True,0.48214326112276035
2b11__A1_P00431--2b11__B1_P00044,14,2,3,1,0.8808179308628278,80.1875,True,0.46802271801098944
2b11__A1_P00431--2b11__B1_P00044,15,1,1,1,0.8977713473563452,78.9375,True,0.4404458148634697
2b11__A1_P00431--2b11__B1_P00044,16,4,2,1,0.8893214344797035,78.9375,True,0.4433278140427706
2b11__A1_P00431--2b11__B1_P00044,17,2,1,1,0.9021824346859588,78.5,True,0.4301643704378074
2b11__A1_P00431--2b11__B1_P00044,18,5,1,1,0.889948577130792,73.875,True,0.41326795100118985
2b11__A1_P00431--2b11__B1_P00044,19,4,1,1,0.7909788282654042,49.34375,True,0.4010701792351008
2b11__A1_P00431--2b11__B1_P00044,20,4,3,1,0.7614746925234711,47.46875,True,0.38899374084502214
2b42__A1_Q8H0K8--2b42__B1_P18429,1,5,0,0,0.8730729438811732,92.25,True,0.6305637859732365
2b42__A1_Q8H0K8--2b42__B1_P18429,2,5,2,0,0.8737667264432823,91.9375,True,0.6030588070357341
2b42__A1_Q8H0K8--2b42__B1_P18429,3,4,3,0,0.8632214539713088,91.625,True,0.6088904645679543
2b42__A1_Q8H0K8--2b42__B1_P18429,4,4,2,0,0.8771720733692207,91.4375,True,0.5890781365167644
2b42__A1_Q8H0K8--2b42__B1_P18429,5,5,3,0,0.8599208145873715,91.3125,True,0.5729968402195921
2b42__A1_Q8H0K8--2b42__B1_P18429,6,2,3,0,0.8986795712778811,91.25,True,0.5696263684176165
2b42__A1_Q8H0K8--2b42__B1_P18429,7,1,2,0,0.8499520995391118,91.0625,True,0.5359089112716855
2b42__A1_Q8H0K8--2b42__B1_P18429,8,4,1,0,0.8643491409502575,91.0625,True,0.5077607646760758
2b42__A1_Q8H0K8--2b42__B1_P18429,9,5,1,0,0.8646364870311057,91.0,True,0.5408435679060944
2b42__A1_Q8H0K8--2b42__B1_P18429,10,2,1,0,0.904957611697334,90.9375,True,0.5374791000413054
2b42__A1_Q8H0K8--2b42__B1_P18429,11,1,0,0,0.8524804195577341,90.5625,True,0.5130740215617671
2b42__A1_Q8H0K8--2b42__B1_P18429,12,1,1,0,0.8514375215483501,90.375,True,0.4993349619721475
2b42__A1_Q8H0K8--2b42__B1_P18429,13,2,0,0,0.911483933820028,90.375,True,0.49329876276726
2b42__A1_Q8H0K8--2b42__B1_P18429,14,4,0,0,0.8677844209755156,89.8125,True,0.4558927817360437
2b42__A1_Q8H0K8--2b42__B1_P18429,15,3,2,0,0.8544877518489987,89.5625,True,0.4561121112420934
2b42__A1_Q8H0K8--2b42__B1_P18429,16,3,3,0,0.8370951246666051,88.3125,True,0.4364811034221464
2b42__A1_Q8H0K8--2b42__B1_P18429,17,3,0,0,0.372459666377487,36.21875,True,0.42357159582230297
2b42__A1_Q8H0K8--2b42__B1_P18429,18,1,3,0,0.4671149346938855,34.6875,True,0.4107592725493643
2b42__A1_Q8H0K8--2b42__B1_P18429,19,3,1,0,0.0679458879436697,32.9375,False,0.39807937011198197
2b42__A1_Q8H0K8--2b42__B1_P18429,20,2,2,0,0.1130484796032811,31.546875,False,0.38553478561776405
2b5u__A1_P00646--2b5u__B1_P02984,1,1,2,0,0.8462231841684501,86.0625,True,0.5763085908428881
2b5u__A1_P00646--2b5u__B1_P02984,2,1,1,0,0.5252271688243121,85.4375,True,0.6321694407297479
2b5u__A1_P00646--2b5u__B1_P02984,3,4,0,0,0.3530127394788023,85.125,True,0.5529847885894026
2b5u__A1_P00646--2b5u__B1_P02984,4,3,3,0,0.2157698284398852,84.9375,False,0.5550050175137663
2b5u__A1_P00646--2b5u__B1_P02984,5,3,0,0,0.225878639852664,84.875,False,0.5577766371664596
2b5u__A1_P00646--2b5u__B1_P02984,6,1,3,0,0.4402000643215039,84.875,True,0.5668170124200247
2b5u__A1_P00646--2b5u__B1_P02984,7,5,2,0,0.2991669730507039,84.875,True,0.5295483651941761
2b5u__A1_P00646--2b5u__B1_P02984,8,4,1,0,0.5335302440750425,84.875,True,0.5233448031992997
2b5u__A1_P00646--2b5u__B1_P02984,9,1,0,0,0.5873041980577413,84.8125,True,0.5720709396708732
2b5u__A1_P00646--2b5u__B1_P02984,10,3,2,0,0.2730889108867544,84.8125,True,0.558870266562517
2b5u__A1_P00646--2b5u__B1_P02984,11,3,1,0,0.229970272068776,84.75,False,0.5218324043343985
2b5u__A1_P00646--2b5u__B1_P02984,12,4,3,0,0.5306194289899409,84.75,True,0.5089089464924026
2b5u__A1_P00646--2b5u__B1_P02984,13,5,1,0,0.2972181786583551,84.625,True,0.4946055719880758
2b5u__A1_P00646--2b5u__B1_P02984,14,4,2,0,0.3620935479125,84.5625,True,0.5128804383631553
2b5u__A1_P00646--2b5u__B1_P02984,15,5,0,0,0.2628812531702432,84.4375,True,0.4537077071142969
2b5u__A1_P00646--2b5u__B1_P02984,16,5,3,0,0.2300646046101868,83.6875,True,0.4274527466124827
2b5u__A1_P00646--2b5u__B1_P02984,17,2,0,0,0.3195451971984511,83.0625,True,0.4147211735152447
2b5u__A1_P00646--2b5u__B1_P02984,18,2,3,0,0.305416742638968,82.875,True,0.4141240200911755
2b5u__A1_P00646--2b5u__B1_P02984,19,2,1,0,0.3749917239732173,82.6875,True,0.401938550107782
2b5u__A1_P00646--2b5u__B1_P02984,20,2,2,0,0.3183814418073702,82.625,True,0.39560235655150644
2c08__A1_O35179--2c08__A2_O35179,1,5,2,3,0.1655899153597492,44.46875,False,0.6092922061085702
2c08__A1_O35179--2c08__A2_O35179,2,3,0,3,0.2108992534599997,43.0625,False,0.6028303484121387
2c08__A1_O35179--2c08__A2_O35179,3,3,3,3,0.1828714796822167,42.9375,False,0.5977940274269151
2c08__A1_O35179--2c08__A2_O35179,4,5,3,3,0.4680408567444896,40.90625,True,0.5498381806612613
2c08__A1_O35179--2c08__A2_O35179,5,3,1,3,0.4638374087190136,40.4375,True,0.5535648007472775
2c08__A1_O35179--2c08__A2_O35179,6,4,2,3,0.1928141643255828,39.9375,False,0.5549971144154929
2c08__A1_O35179--2c08__A2_O35179,7,1,2,3,0.3901458387092705,39.59375,True,0.4952102919562624
2c08__A1_O35179--2c08__A2_O35179,8,5,1,3,0.4865653768345517,39.5625,True,0.5492835649187298
2c08__A1_O35179--2c08__A2_O35179,9,5,0,3,0.5187875658501762,39.53125,True,0.5242946063044908
2c08__A1_O35179--2c08__A2_O35179,10,3,2,3,0.1861087926804998,39.46875,False,0.5319105446670219
2c08__A1_O35179--2c08__A2_O35179,11,4,3,3,0.1966574221474419,38.78125,False,0.49831944021693936
2c08__A1_O35179--2c08__A2_O35179,12,1,3,3,0.4299955166086602,38.71875,True,0.4758266829361142
2c08__A1_O35179--2c08__A2_O35179,13,1,0,3,0.4531848202614914,38.5,True,0.48346795628171724
2c08__A1_O35179--2c08__A2_O35179,14,4,1,3,0.1803389136380434,38.28125,False,0.4920333728663581
2c08__A1_O35179--2c08__A2_O35179,15,4,0,3,0.1807965726180092,37.40625,False,0.4719398114949428
2c08__A1_O35179--2c08__A2_O35179,16,2,3,3,0.1530054065239643,37.40625,False,0.46561433028726323
2c08__A1_O35179--2c08__A2_O35179,17,1,1,3,0.3998884711056614,36.75,True,0.43516600285444634
2c08__A1_O35179--2c08__A2_O35179,18,2,2,3,0.169351274560861,35.90625,False,0.43154333653010596
2c08__A1_O35179--2c08__A2_O35179,19,2,0,3,0.1516052176910138,35.5625,False,0.436469645639859
2c08__A1_O35179--2c08__A2_O35179,20,2,1,3,0.4135750132897136,33.09375,True,0.39109992084455864
2cuy__A1_Q5SL77--2cuy__B1_Q5SL77,1,4,0,2,0.5517743394892677,82.0625,True,0.6230287144243065
2cuy__A1_Q5SL77--2cuy__B1_Q5SL77,2,4,2,2,0.5349569596125714,79.9375,True,0.6115736109422036
2cuy__A1_Q5SL77--2cuy__B1_Q5SL77,3,4,1,2,0.5109454708803427,73.4375,True,0.5999939038543413
2cuy__A1_Q5SL77--2cuy__B1_Q5SL77,4,4,3,2,0.5121049114133521,73.0625,True,0.588301374160422
2cuy__A1_Q5SL77--2cuy__B1_Q5SL77,5,2,3,2,0.032452468395602,35.625,False,0.5722172231758909
2cuy__A1_Q5SL77--2cuy__B1_Q5SL77,6,2,0,2,0.0340396458674138,35.4375,False,0.5597225711429525
2cuy__A1_Q5SL77--2cuy__B1_Q5SL77,7,2,1,2,0.0332709104418141,33.875,False,0.5427669139218623
2cuy__A1_Q5SL77--2cuy__B1_Q5SL77,8,3,1,2,0.0344577189455092,32.40625,False,0.5537235375161352
2cuy__A1_Q5SL77--2cuy__B1_Q5SL77,9,3,0,2,0.0405324795399159,32.28125,False,0.5465737677355189
2cuy__A1_Q5SL77--2cuy__B1_Q5SL77,10,2,2,2,0.0328745180773483,32.21875,False,0.5135594323759479
2cuy__A1_Q5SL77--2cuy__B1_Q5SL77,11,3,3,2,0.0385396541958032,30.546875,False,0.5141042211822292
2cuy__A1_Q5SL77--2cuy__B1_Q5SL77,12,5,1,2,0.0335710296262251,29.390625,False,0.48592268563756963
2cuy__A1_Q5SL77--2cuy__B1_Q5SL77,13,5,3,2,0.0350236392466608,28.90625,False,0.47763780432564684
2cuy__A1_Q5SL77--2cuy__B1_Q5SL77,14,5,2,2,0.0337460391679735,28.8125,False,0.46056755289929296
2cuy__A1_Q5SL77--2cuy__B1_Q5SL77,15,3,2,2,0.040986753205235,28.359375,False,0.467706686673697
2cuy__A1_Q5SL77--2cuy__B1_Q5SL77,16,5,0,2,0.0333178608539209,27.578125,False,0.43324267370771924
2cuy__A1_Q5SL77--2cuy__B1_Q5SL77,17,1,3,2,0.0310513120381107,27.28125,False,0.4359510482285853
2cuy__A1_Q5SL77--2cuy__B1_Q5SL77,18,1,1,2,0.0309911149459016,26.21875,False,0.4170240834520916
2cuy__A1_Q5SL77--2cuy__B1_Q5SL77,19,1,0,2,0.0298551551344848,25.6875,False,0.40897935919790473
2cuy__A1_Q5SL77--2cuy__B1_Q5SL77,20,1,2,2,0.0297864761693071,24.28125,False,0.3925190412999556
2d1g__A1_A0Q436--2d1g__B1_A0Q436,1,4,1,3,0.9200916395514568,93.9375,True,0.6238507407359268
2d1g__A1_A0Q436--2d1g__B1_A0Q436,2,4,0,3,0.9140482636000206,93.6875,True,0.6025721916043548
2d1g__A1_A0Q436--2d1g__B1_A0Q436,3,5,0,3,0.9043652154618989,93.5625,True,0.5841162832485767
2d1g__A1_A0Q436--2d1g__B1_A0Q436,4,1,2,3,0.9271184958777924,93.375,True,0.5868785289998687
2d1g__A1_A0Q436--2d1g__B1_A0Q436,5,1,3,3,0.92707074048866,93.375,True,0.5999039501870711
2d1g__A1_A0Q436--2d1g__B1_A0Q436,6,5,3,3,0.9047450626034562,93.25,True,0.5058228578854804
2d1g__A1_A0Q436--2d1g__B1_A0Q436,7,1,1,3,0.9087989484408884,93.25,True,0.5512842235119306
2d1g__A1_A0Q436--2d1g__B1_A0Q436,8,5,2,3,0.8906123590349191,93.1875,True,0.5057667066753705
2d1g__A1_A0Q436--2d1g__B1_A0Q436,9,2,1,3,0.9224557967694031,93.0,True,0.5312340168637584
2d1g__A1_A0Q436--2d1g__B1_A0Q436,10,1,0,3,0.9128957104949492,93.0,True,0.5318308671940084
2d1g__A1_A0Q436--2d1g__B1_A0Q436,11,2,2,3,0.9218379705045874,93.0,True,0.519966734701982
2d1g__A1_A0Q436--2d1g__B1_A0Q436,12,2,0,3,0.9148115985095874,92.9375,True,0.52252644037725
2d1g__A1_A0Q436--2d1g__B1_A0Q436,13,4,3,3,0.9301407042774712,92.875,True,0.4702813119660888
2d1g__A1_A0Q436--2d1g__B1_A0Q436,14,3,1,3,0.0204611458959906,92.875,False,0.44923430510470586
2d1g__A1_A0Q436--2d1g__B1_A0Q436,15,2,3,3,0.913324967702016,92.875,True,0.4838582086142814
2d1g__A1_A0Q436--2d1g__B1_A0Q436,16,3,2,3,0.0262556792465996,92.6875,False,0.4349283466498289
2d1g__A1_A0Q436--2d1g__B1_A0Q436,17,3,3,3,0.0262597139512986,92.5625,False,0.4194479812726904
2d1g__A1_A0Q436--2d1g__B1_A0Q436,18,5,1,3,0.874851604136687,92.4375,True,0.42653060662479936
2d1g__A1_A0Q436--2d1g__B1_A0Q436,19,4,2,3,0.0194433955987083,91.6875,False,0.40939158107999196
2d1g__A1_A0Q436--2d1g__B1_A0Q436,20,3,0,3,0.0255684677248104,59.75,False,0.39060082847309135
2dcu__A1_Q8U082--2dcu__B1_Q8U3I5,1,4,0,4,0.6026008679888563,80.3125,True,0.6418892652667739
2dcu__A1_Q8U082--2dcu__B1_Q8U3I5,2,4,2,4,0.5244666537021143,78.3125,True,0.6277989089359003
2dcu__A1_Q8U082--2dcu__B1_Q8U3I5,3,3,2,4,0.200250526972082,76.625,False,0.5626019461116395
2dcu__A1_Q8U082--2dcu__B1_Q8U3I5,4,4,3,4,0.4805070855267973,76.5625,True,0.5738148942728456
2dcu__A1_Q8U082--2dcu__B1_Q8U3I5,5,3,3,4,0.2023054884118262,76.375,False,0.5588311825810706
2dcu__A1_Q8U082--2dcu__B1_Q8U3I5,6,1,0,4,0.2045259430071933,76.125,False,0.5385641491103841
2dcu__A1_Q8U082--2dcu__B1_Q8U3I5,7,3,1,4,0.196817233025163,76.0625,False,0.546422601852045
2dcu__A1_Q8U082--2dcu__B1_Q8U3I5,8,3,0,4,0.2207024279894157,75.75,False,0.558382461598399
2dcu__A1_Q8U082--2dcu__B1_Q8U3I5,9,5,2,4,0.1767221386829369,75.6875,False,0.4986578776148287
2dcu__A1_Q8U082--2dcu__B1_Q8U3I5,10,5,0,4,0.2042553722410386,75.5625,False,0.49376441682559663
2dcu__A1_Q8U082--2dcu__B1_Q8U3I5,11,4,1,4,0.5206229505942305,75.3125,True,0.5607426915327598
2dcu__A1_Q8U082--2dcu__B1_Q8U3I5,12,5,3,4,0.1769133913967658,74.75,False,0.4602785793621215
2dcu__A1_Q8U082--2dcu__B1_Q8U3I5,13,5,1,4,0.1774858042224754,73.8125,False,0.435134570894272
2dcu__A1_Q8U082--2dcu__B1_Q8U3I5,14,1,3,4,0.1784479943761844,73.6875,False,0.43200568991086735
2dcu__A1_Q8U082--2dcu__B1_Q8U3I5,15,2,3,4,0.1782729430685186,73.3125,False,0.48601262091352143
2dcu__A1_Q8U082--2dcu__B1_Q8U3I5,16,1,1,4,0.1790906648212063,72.5,False,0.3929632959476155
2dcu__A1_Q8U082--2dcu__B1_Q8U3I5,17,2,0,4,0.2049181555812239,72.125,False,0.45398190499164975
2dcu__A1_Q8U082--2dcu__B1_Q8U3I5,18,1,2,4,0.1788617142638203,72.0,False,0.39194999115929813
2dcu__A1_Q8U082--2dcu__B1_Q8U3I5,19,2,2,4,0.1806598357232007,72.0,False,0.4272215030574001
2dcu__A1_Q8U082--2dcu__B1_Q8U3I5,20,2,1,4,0.1814363980902998,71.375,False,0.43484458863660846
2dm9__A1_O57724--2dm9__B1_O57724,1,2,0,1,0.587009785128806,86.1875,True,0.6244873582878557
2dm9__A1_O57724--2dm9__B1_O57724,2,1,0,1,0.6121600048827177,84.25,True,0.5968162182861615
2dm9__A1_O57724--2dm9__B1_O57724,3,1,1,1,0.6416364978529708,84.1875,True,0.6049952057805636
2dm9__A1_O57724--2dm9__B1_O57724,4,4,1,1,0.6333022111660518,82.5625,True,0.5696775704434103
2dm9__A1_O57724--2dm9__B1_O57724,5,1,3,1,0.6072533451912864,82.0625,True,0.5314542350543945
2dm9__A1_O57724--2dm9__B1_O57724,6,3,3,1,0.4380823103739478,81.0,True,0.5799739308289606
2dm9__A1_O57724--2dm9__B1_O57724,7,3,1,1,0.4403913933745891,80.1875,True,0.5784182653657102
2dm9__A1_O57724--2dm9__B1_O57724,8,2,1,1,0.4043803589972066,79.8125,True,0.5216423862338606
2dm9__A1_O57724--2dm9__B1_O57724,9,3,0,1,0.464386081832004,79.75,True,0.5346486810890682
2dm9__A1_O57724--2dm9__B1_O57724,10,2,3,1,0.4153672674201678,79.375,True,0.49431333407782935
2dm9__A1_O57724--2dm9__B1_O57724,11,5,0,1,0.4473962142384376,79.375,True,0.5137326331862982
2dm9__A1_O57724--2dm9__B1_O57724,12,3,2,1,0.4600751030435347,78.6875,True,0.48426353652115633
2dm9__A1_O57724--2dm9__B1_O57724,13,5,2,1,0.4475945151134913,78.0625,True,0.46454799691828225
2dm9__A1_O57724--2dm9__B1_O57724,14,1,2,1,0.4924596169016276,78.0,True,0.5045877374476866
2dm9__A1_O57724--2dm9__B1_O57724,15,5,3,1,0.668141141964421,76.375,True,0.44451102428145417
2dm9__A1_O57724--2dm9__B1_O57724,16,2,2,1,0.4082306238485007,76.0625,True,0.46335598575557035
2dm9__A1_O57724--2dm9__B1_O57724,17,5,1,1,0.6140760150540008,72.375,True,0.4131561831708081
2dm9__A1_O57724--2dm9__B1_O57724,18,4,0,1,0.3838355456955065,66.1875,True,0.41946412022697704
2dm9__A1_O57724--2dm9__B1_O57724,19,4,2,1,0.3767798638344488,63.21875,True,0.407210392148902
2dm9__A1_O57724--2dm9__B1_O57724,20,4,3,1,0.3848958478274539,50.40625,True,0.38899374084502214
2ec2__A1_Q974H8--2ec2__C1_Q974H8,1,5,1,3,0.8384541069439617,91.375,True,0.6238507407359268
2ec2__A1_Q974H8--2ec2__C1_Q974H8,2,1,2,3,0.3670494516654701,91.3125,True,0.5927194045446904
2ec2__A1_Q974H8--2ec2__C1_Q974H8,3,5,0,3,0.8392598453979127,91.25,True,0.6101086403725342
2ec2__A1_Q974H8--2ec2__C1_Q974H8,4,5,3,3,0.8433432936131403,91.0625,True,0.591952609164974
2ec2__A1_Q974H8--2ec2__C1_Q974H8,5,1,1,3,0.8303027780716422,90.375,True,0.5599237344477712
2ec2__A1_Q974H8--2ec2__C1_Q974H8,6,3,3,3,0.8347095384815663,90.0625,True,0.5535729237850101
2ec2__A1_Q974H8--2ec2__C1_Q974H8,7,1,0,3,0.804258954225013,89.9375,True,0.5344222465413186
2ec2__A1_Q974H8--2ec2__C1_Q974H8,8,2,0,3,0.2143975243596086,89.5625,False,0.5547884266148827
2ec2__A1_Q974H8--2ec2__C1_Q974H8,9,3,2,3,0.8362811099753192,89.4375,True,0.5134320090300208
2ec2__A1_Q974H8--2ec2__C1_Q974H8,10,3,0,3,0.8331313496806496,89.25,True,0.500788871481057
2ec2__A1_Q974H8--2ec2__C1_Q974H8,11,4,1,3,0.8311837109677082,89.0625,True,0.5030748967866954
2ec2__A1_Q974H8--2ec2__C1_Q974H8,12,3,1,3,0.8341823301046888,88.8125,True,0.4725945528595138
2ec2__A1_Q974H8--2ec2__C1_Q974H8,13,2,2,3,0.2147627477123451,88.3125,False,0.5052158304778874
2ec2__A1_Q974H8--2ec2__C1_Q974H8,14,2,1,3,0.2147032693337099,88.1875,False,0.49375510289071045
2ec2__A1_Q974H8--2ec2__C1_Q974H8,15,5,2,3,0.3744055724327902,86.875,True,0.4359173815830815
2ec2__A1_Q974H8--2ec2__C1_Q974H8,16,2,3,3,0.2150292867542003,86.3125,False,0.44711972135640937
2ec2__A1_Q974H8--2ec2__C1_Q974H8,17,4,0,3,0.2075270138656061,85.875,False,0.4392173499587559
2ec2__A1_Q974H8--2ec2__C1_Q974H8,18,1,3,3,0.3596122446288015,85.625,True,0.40544721070849915
2ec2__A1_Q974H8--2ec2__C1_Q974H8,19,4,2,3,0.2144919431324696,84.6875,False,0.41099091419343514
2ec2__A1_Q974H8--2ec2__C1_Q974H8,20,4,3,3,0.2143092764214423,84.375,False,0.400892172491881
2ei5__A1_Q5SM82--2ei5__B1_Q5SM82,1,4,3,2,0.5960316391939556,67.0625,True,0.6230287144243065
2ei5__A1_Q5SM82--2ei5__B1_Q5SM82,2,3,1,2,0.5371281757729203,58.71875,True,0.6115736109422036
2ei5__A1_Q5SM82--2ei5__B1_Q5SM82,3,3,3,2,0.5412084190838189,58.28125,True,0.595742655052493
2ei5__A1_Q5SM82--2ei5__B1_Q5SM82,4,3,2,2,0.4926833552450604,58.0,True,0.5732341348866564
2ei5__A1_Q5SM82--2ei5__B1_Q5SM82,5,5,2,2,0.2976492706960472,57.25,True,0.5494943177310164
2ei5__A1_Q5SM82--2ei5__B1_Q5SM82,6,5,3,2,0.3685838379457951,57.1875,True,0.5096420022948099
2ei5__A1_Q5SM82--2ei5__B1_Q5SM82,7,1,3,2,0.5444482282733024,56.75,True,0.5378441322227182
2ei5__A1_Q5SM82--2ei5__B1_Q5SM82,8,4,2,2,0.5883265117221298,56.71875,True,0.5085077701825552
2ei5__A1_Q5SM82--2ei5__B1_Q5SM82,9,3,0,2,0.4189401396642234,56.625,True,0.4718382776399375
2ei5__A1_Q5SM82--2ei5__B1_Q5SM82,10,1,1,2,0.2945697620108597,56.21875,True,0.5476737015239207
2ei5__A1_Q5SM82--2ei5__B1_Q5SM82,11,5,0,2,0.4075485001544033,55.4375,True,0.4930871347123759
2ei5__A1_Q5SM82--2ei5__B1_Q5SM82,12,1,2,2,0.3109373166513072,55.34375,True,0.5103659616981624
2ei5__A1_Q5SM82--2ei5__B1_Q5SM82,13,5,1,2,0.2392084524357085,55.1875,True,0.5051026117648523
2ei5__A1_Q5SM82--2ei5__B1_Q5SM82,14,2,1,2,0.2138777096152512,54.875,False,0.5145094939630751
2ei5__A1_Q5SM82--2ei5__B1_Q5SM82,15,2,0,2,0.3043122170727932,54.6875,True,0.4734124238908324
2ei5__A1_Q5SM82--2ei5__B1_Q5SM82,16,2,2,2,0.3256809998383096,54.375,True,0.4625222609780008
2ei5__A1_Q5SM82--2ei5__B1_Q5SM82,17,4,0,2,0.3620802743875115,53.46875,True,0.43808445774895394
2ei5__A1_Q5SM82--2ei5__B1_Q5SM82,18,1,0,2,0.2714824215852157,53.0625,True,0.452311336729327
2ei5__A1_Q5SM82--2ei5__B1_Q5SM82,19,2,3,2,0.3011486466425394,52.1875,True,0.4213135209743299
2ei5__A1_Q5SM82--2ei5__B1_Q5SM82,20,4,1,2,0.211484645878634,47.96875,False,0.4052690113936312
2eiu__E1_O67549--2eiu__A1_O67549,1,5,3,0,0.9351136977355158,91.1875,True,0.6215659654190135
2eiu__E1_O67549--2eiu__A1_O67549,2,5,1,0,0.9304930528609456,91.0,True,0.6016765411608138
2eiu__E1_O67549--2eiu__A1_O67549,3,4,2,0,0.9194418387685304,90.9375,True,0.5231728349196457
2eiu__E1_O67549--2eiu__A1_O67549,4,4,3,0,0.9225105571266704,90.875,True,0.5591577528239746
2eiu__E1_O67549--2eiu__A1_O67549,5,4,0,0,0.9273785473969912,90.8125,True,0.5278142138273437
2eiu__E1_O67549--2eiu__A1_O67549,6,4,1,0,0.923793110856537,90.75,True,0.5438282228453912
2eiu__E1_O67549--2eiu__A1_O67549,7,3,0,0,0.9292108926095344,90.625,True,0.5684104565259084
2eiu__E1_O67549--2eiu__A1_O67549,8,2,3,0,0.933093874737969,90.375,True,0.6119026826905195
2eiu__E1_O67549--2eiu__A1_O67549,9,2,2,0,0.9272435247170552,90.0,True,0.5726066272635729
2eiu__E1_O67549--2eiu__A1_O67549,10,2,0,0,0.9157292439442408,89.6875,True,0.548693331564723
2eiu__E1_O67549--2eiu__A1_O67549,11,3,2,0,0.9273849043023312,89.0625,True,0.4929225108379998
2eiu__E1_O67549--2eiu__A1_O67549,12,2,1,0,0.9164686393726604,88.6875,True,0.5422338527485282
2eiu__E1_O67549--2eiu__A1_O67549,13,1,3,0,0.9220800244430516,86.4375,True,0.48564511430291646
2eiu__E1_O67549--2eiu__A1_O67549,14,1,0,0,0.921372415511902,83.375,True,0.4559201781366403
2eiu__E1_O67549--2eiu__A1_O67549,15,1,2,0,0.9214842630907784,80.875,True,0.4282125728777399
2eiu__E1_O67549--2eiu__A1_O67549,16,5,2,0,0.2626041853116481,80.5,True,0.4489509124256234
2eiu__E1_O67549--2eiu__A1_O67549,17,5,0,0,0.2623572649086543,78.4375,True,0.4376186093039666
2eiu__E1_O67549--2eiu__A1_O67549,18,3,3,0,0.2621242220219653,78.375,True,0.41129321784993816
2eiu__E1_O67549--2eiu__A1_O67549,19,3,1,0,0.2639534189558166,77.0625,True,0.40200240827422684
2eiu__E1_O67549--2eiu__A1_O67549,20,1,1,0,0.9171729102180324,76.6875,True,0.3855286050603503
2fzt__B1_Q9WZF7--2fzt__A1_Q9WZF7,1,4,0,4,0.0312416171671351,82.125,False,0.6161880229366474
2fzt__B1_Q9WZF7--2fzt__A1_Q9WZF7,2,4,2,4,0.8818937695804032,81.6875,True,0.6207217269289187
2fzt__B1_Q9WZF7--2fzt__A1_Q9WZF7,3,5,3,4,0.880781272822211,80.3125,True,0.5873795309083232
2fzt__B1_Q9WZF7--2fzt__A1_Q9WZF7,4,2,3,4,0.8913332205910264,80.125,True,0.5974693170885207
2fzt__B1_Q9WZF7--2fzt__A1_Q9WZF7,5,4,3,4,0.3033758991556081,79.5,True,0.5906010684199058
2fzt__B1_Q9WZF7--2fzt__A1_Q9WZF7,6,5,1,4,0.8838330315984138,79.3125,True,0.5655609724167241
2fzt__B1_Q9WZF7--2fzt__A1_Q9WZF7,7,5,2,4,0.8769603526928099,78.9375,True,0.5532481479916016
2fzt__B1_Q9WZF7--2fzt__A1_Q9WZF7,8,1,2,4,0.3161186661594855,67.25,True,0.5375105261564697
2fzt__B1_Q9WZF7--2fzt__A1_Q9WZF7,9,1,1,4,0.2713270809026744,47.15625,True,0.524117483403783
2fzt__B1_Q9WZF7--2fzt__A1_Q9WZF7,10,4,1,4,0.2867237921176593,40.09375,True,0.5072579203992998
2fzt__B1_Q9WZF7--2fzt__A1_Q9WZF7,11,1,0,4,0.2647422971026389,34.34375,True,0.5006792277385597
2fzt__B1_Q9WZF7--2fzt__A1_Q9WZF7,12,3,3,4,0.28261841803248,32.84375,True,0.47499748297623945
2fzt__B1_Q9WZF7--2fzt__A1_Q9WZF7,13,1,3,4,0.0304645258366975,30.96875,False,0.4624497656718874
2fzt__B1_Q9WZF7--2fzt__A1_Q9WZF7,14,5,0,4,0.2419507581884476,30.03125,True,0.4491108252078424
2fzt__B1_Q9WZF7--2fzt__A1_Q9WZF7,15,3,1,4,0.0691739495641406,29.53125,False,0.4682893112153377
2fzt__B1_Q9WZF7--2fzt__A1_Q9WZF7,16,2,0,4,0.02089961054062,24.78125,False,0.4304751085074142
2fzt__B1_Q9WZF7--2fzt__A1_Q9WZF7,17,2,1,4,0.021233142217194,20.859375,False,0.40777772862363515
2fzt__B1_Q9WZF7--2fzt__A1_Q9WZF7,18,2,2,4,0.0452104426355899,20.28125,False,0.3966364768384311
2fzt__B1_Q9WZF7--2fzt__A1_Q9WZF7,19,3,0,4,0.0624063605389248,19.4375,False,0.38012063350915304
2fzt__B1_Q9WZF7--2fzt__A1_Q9WZF7,20,3,2,4,0.0677564537671199,19.078125,False,0.40715158798295115
2ga9__B1_P23371--2ga9__A1_P07617,1,5,2,4,0.771090695564289,74.875,True,0.6287323427945517
2ga9__B1_P23371--2ga9__A1_P07617,2,5,3,4,0.7581668292420399,73.4375,True,0.616094207551083
2ga9__B1_P23371--2ga9__A1_P07617,3,4,2,4,0.7765123506807563,72.9375,True,0.6032973066517374
2ga9__B1_P23371--2ga9__A1_P07617,4,4,0,4,0.7727627532075644,72.0625,True,0.5893208677649234
2ga9__B1_P23371--2ga9__A1_P07617,5,5,0,4,0.7433954861665094,71.6875,True,0.5661160064057092
2ga9__B1_P23371--2ga9__A1_P07617,6,3,2,4,0.7764113005333401,71.0,True,0.5760748764292908
2ga9__B1_P23371--2ga9__A1_P07617,7,4,3,4,0.7641329201295871,70.0,True,0.5505701461322374
2ga9__B1_P23371--2ga9__A1_P07617,8,4,1,4,0.7622807253577544,69.5,True,0.5330289278530012
2ga9__B1_P23371--2ga9__A1_P07617,9,5,1,4,0.7407691738199613,69.375,True,0.5291719132071423
2ga9__B1_P23371--2ga9__A1_P07617,10,1,0,4,0.2203467202313569,66.6875,False,0.4530103307133966
2ga9__B1_P23371--2ga9__A1_P07617,11,2,0,4,0.7273593916540406,64.9375,True,0.49540281616007337
2ga9__B1_P23371--2ga9__A1_P07617,12,1,1,4,0.21642296245528,64.25,False,0.4404983905184893
2ga9__B1_P23371--2ga9__A1_P07617,13,2,2,4,0.7415251372239479,64.0625,True,0.48998655827478343
2ga9__B1_P23371--2ga9__A1_P07617,14,3,3,4,0.7173780989031212,63.71875,True,0.4736037694918571
2ga9__B1_P23371--2ga9__A1_P07617,15,3,1,4,0.690453037718441,63.03125,True,0.4434596566585603
2ga9__B1_P23371--2ga9__A1_P07617,16,1,2,4,0.2120080293538945,62.28125,False,0.3989089517086259
2ga9__B1_P23371--2ga9__A1_P07617,17,1,3,4,0.2144977227690525,62.03125,False,0.41068288772967554
2ga9__B1_P23371--2ga9__A1_P07617,18,2,1,4,0.7020942504724615,60.3125,True,0.44282319062919245
2ga9__B1_P23371--2ga9__A1_P07617,19,3,0,4,0.6854076090743234,58.375,True,0.41092370105386034
2ga9__B1_P23371--2ga9__A1_P07617,20,2,3,4,0.6826302805688039,57.4375,True,0.42371756477924244
2gbo__A1_Q831P3--2gbo__B1_Q831P3,1,3,0,3,0.1903938234668919,59.9375,False,0.6071833600871002
2gbo__A1_Q831P3--2gbo__B1_Q831P3,2,3,2,3,0.1904508027574558,58.46875,False,0.5927893624009534
2gbo__A1_Q831P3--2gbo__B1_Q831P3,3,2,2,3,0.0182061126836158,51.8125,False,0.6069875158637712
2gbo__A1_Q831P3--2gbo__B1_Q831P3,4,2,1,3,0.018371708613994,49.65625,False,0.5821977278461384
2gbo__A1_Q831P3--2gbo__B1_Q831P3,5,2,3,3,0.0183745188904404,49.25,False,0.5813643457689476
2gbo__A1_Q831P3--2gbo__B1_Q831P3,6,2,0,3,0.0185291403837705,49.03125,False,0.5618444942098292
2gbo__A1_Q831P3--2gbo__B1_Q831P3,7,3,3,3,0.0183751343073154,48.84375,False,0.5482004739348213
2gbo__A1_Q831P3--2gbo__B1_Q831P3,8,3,1,3,0.018080349613231,48.09375,False,0.5216756748538475
2gbo__A1_Q831P3--2gbo__B1_Q831P3,9,1,2,3,0.1731443641459766,47.53125,False,0.5592050892674094
2gbo__A1_Q831P3--2gbo__B1_Q831P3,10,1,0,3,0.1732786775722572,45.1875,False,0.5271014634146308
2gbo__A1_Q831P3--2gbo__B1_Q831P3,11,1,1,3,0.1732890505340327,43.5625,False,0.5080024201971457
2gbo__A1_Q831P3--2gbo__B1_Q831P3,12,1,3,3,0.1732912622951321,42.75,False,0.4894603251285147
2gbo__A1_Q831P3--2gbo__B1_Q831P3,13,5,2,3,0.1871504372189301,36.5,False,0.46953292071992053
2gbo__A1_Q831P3--2gbo__B1_Q831P3,14,5,1,3,0.186800926353393,36.0,False,0.46724643624914797
2gbo__A1_Q831P3--2gbo__B1_Q831P3,15,5,0,3,0.1910438200476398,35.34375,False,0.44166131742248066
2gbo__A1_Q831P3--2gbo__B1_Q831P3,16,5,3,3,0.1793174423935219,35.1875,False,0.4518984976394177
2gbo__A1_Q831P3--2gbo__B1_Q831P3,17,4,2,3,0.1846686405212114,29.421875,False,0.4267257104601333
2gbo__A1_Q831P3--2gbo__B1_Q831P3,18,4,3,3,0.1956763172693149,28.6875,False,0.4132714985589387
2gbo__A1_Q831P3--2gbo__B1_Q831P3,19,4,0,3,0.1961202994301932,27.84375,False,0.3989940358497885
2gbo__A1_Q831P3--2gbo__B1_Q831P3,20,4,1,3,0.1808130669038001,26.1875,False,0.39565901831435063
2gd9__A1_P37508--2gd9__B1_P37508,1,1,3,1,0.6030592334830186,69.0,True,0.6191562275275263
2gd9__A1_P37508--2gd9__B1_P37508,2,4,1,1,0.2002995643547508,65.8125,False,0.5546623681605252
2gd9__A1_P37508--2gd9__B1_P37508,3,4,2,1,0.2005479660535872,65.6875,False,0.5494140499364353
2gd9__A1_P37508--2gd9__B1_P37508,4,4,3,1,0.2008054441755918,65.25,False,0.5188445877747468
2gd9__A1_P37508--2gd9__B1_P37508,5,4,0,1,0.2009523879787637,65.125,False,0.5196510443108796
2gd9__A1_P37508--2gd9__B1_P37508,6,2,3,1,0.7673718552021591,64.5625,True,0.5959765507134551
2gd9__A1_P37508--2gd9__B1_P37508,7,5,0,1,0.8247056229126403,64.5625,True,0.5559906315236204
2gd9__A1_P37508--2gd9__B1_P37508,8,5,1,1,0.8338364954896004,63.875,True,0.5676756127304808
2gd9__A1_P37508--2gd9__B1_P37508,9,5,2,1,0.8237894271921408,63.09375,True,0.5481568748273105
2gd9__A1_P37508--2gd9__B1_P37508,10,2,0,1,0.197714101517667,61.9375,False,0.5361944686741272
2gd9__A1_P37508--2gd9__B1_P37508,11,1,2,1,0.1996799475250785,61.21875,False,0.5221544867360824
2gd9__A1_P37508--2gd9__B1_P37508,12,2,2,1,0.2064698462223905,60.96875,False,0.4746435909322577
2gd9__A1_P37508--2gd9__B1_P37508,13,3,0,1,0.2168968057115941,60.15625,False,0.43991758795887476
2gd9__A1_P37508--2gd9__B1_P37508,14,3,2,1,0.2131441423863195,59.9375,False,0.47343732800798183
2gd9__A1_P37508--2gd9__B1_P37508,15,3,1,1,0.2183747567337501,59.84375,False,0.4344426603607647
2gd9__A1_P37508--2gd9__B1_P37508,16,2,1,1,0.2054608242774155,59.125,False,0.43446784630989144
2gd9__A1_P37508--2gd9__B1_P37508,17,5,3,1,0.824212217974914,58.875,True,0.42428534833389475
2gd9__A1_P37508--2gd9__B1_P37508,18,1,0,1,0.1969221329317309,58.875,False,0.5009352571424923
2gd9__A1_P37508--2gd9__B1_P37508,19,3,3,1,0.2066846884130321,57.5,False,0.42725085958046705
2gd9__A1_P37508--2gd9__B1_P37508,20,1,1,1,0.1981053715685317,55.3125,False,0.4431086124154034
2gsk__A1_P06129--2gsk__B1_P02929,1,2,0,3,0.0060780569961632,55.8125,False,0.6205207000711507
2gsk__A1_P06129--2gsk__B1_P02929,2,2,3,3,0.0060256586046083,55.0,False,0.6154881017458116
2gsk__A1_P06129--2gsk__B1_P02929,3,2,2,3,0.0061026640473354,54.0,False,0.5907171485780103
2gsk__A1_P06129--2gsk__B1_P02929,4,5,1,3,0.0061568923028324,53.09375,False,0.5919301401112119
2gsk__A1_P06129--2gsk__B1_P02929,5,3,3,3,0.0061472091786673,52.96875,False,0.5299455301249465
2gsk__A1_P06129--2gsk__B1_P02929,6,3,1,3,0.0062138377677316,52.46875,False,0.5489326470575931
2gsk__A1_P06129--2gsk__B1_P02929,7,5,3,3,0.0062064927525888,52.28125,False,0.5541416038640785
2gsk__A1_P06129--2gsk__B1_P02929,8,4,1,3,0.0061426892177185,52.09375,False,0.5119211186262654
2gsk__A1_P06129--2gsk__B1_P02929,9,3,2,3,0.0061198328780388,52.0625,False,0.4985351500562547
2gsk__A1_P06129--2gsk__B1_P02929,10,2,1,3,0.0060626536720525,52.0625,False,0.5015061915074527
2gsk__A1_P06129--2gsk__B1_P02929,11,4,3,3,0.0061153847457719,51.96875,False,0.5136961086042084
2gsk__A1_P06129--2gsk__B1_P02929,12,4,0,3,0.0060624350618284,51.65625,False,0.4829465758802212
2gsk__A1_P06129--2gsk__B1_P02929,13,3,0,3,0.0062524187827012,51.5,False,0.5005222712114294
2gsk__A1_P06129--2gsk__B1_P02929,14,4,2,3,0.0062087622823285,50.90625,False,0.45156379219649273
2gsk__A1_P06129--2gsk__B1_P02929,15,5,2,3,0.0061645591386423,50.875,False,0.49329516538492985
2gsk__A1_P06129--2gsk__B1_P02929,16,5,0,3,0.0061411909446128,50.0,False,0.5100453489979436
2gsk__A1_P06129--2gsk__B1_P02929,17,1,3,3,0.006172129771418,47.125,False,0.42637465197655783
2gsk__A1_P06129--2gsk__B1_P02929,18,1,1,3,0.006186155173891,43.5625,False,0.4145047997618593
2gsk__A1_P06129--2gsk__B1_P02929,19,1,2,3,0.0062426587966934,42.4375,False,0.4027333922906036
2gsk__A1_P06129--2gsk__B1_P02929,20,1,0,3,0.0063578063680756,37.625,False,0.39107299166338666
2gsm__A1_P33517--2gsm__B1_Q03736,1,5,0,1,0.9444535681587684,95.3125,True,0.5901006866207674
2gsm__A1_P33517--2gsm__B1_Q03736,2,5,3,1,0.9441612330258266,95.25,True,0.5810055766762232
2gsm__A1_P33517--2gsm__B1_Q03736,3,5,2,1,0.9450918692789616,95.25,True,0.5843053750591691
2gsm__A1_P33517--2gsm__B1_Q03736,4,5,1,1,0.9452638438131928,95.25,True,0.5890113280336844
2gsm__A1_P33517--2gsm__B1_Q03736,5,2,3,1,0.9432689078464876,95.125,True,0.5269807659248427
2gsm__A1_P33517--2gsm__B1_Q03736,6,2,2,1,0.9418820895697286,95.125,True,0.5381801708756203
2gsm__A1_P33517--2gsm__B1_Q03736,7,2,1,1,0.9467430275621602,95.125,True,0.550984702582753
2gsm__A1_P33517--2gsm__B1_Q03736,8,2,0,1,0.9438571202740514,95.125,True,0.5413885829579403
2gsm__A1_P33517--2gsm__B1_Q03736,9,4,2,1,0.946041493156898,95.0625,True,0.5392668202791367
2gsm__A1_P33517--2gsm__B1_Q03736,10,3,2,1,0.946475789706259,95.0625,True,0.4170387689545261
2gsm__A1_P33517--2gsm__B1_Q03736,11,1,2,1,0.9430283529569148,95.0625,True,0.443019617822523
2gsm__A1_P33517--2gsm__B1_Q03736,12,3,1,1,0.9419011892234208,95.0625,True,0.4409336022311303
2gsm__A1_P33517--2gsm__B1_Q03736,13,1,1,1,0.9435267866832726,95.0625,True,0.5002341927715103
2gsm__A1_P33517--2gsm__B1_Q03736,14,3,0,1,0.9443403105517312,95.0625,True,0.4269613297700815
2gsm__A1_P33517--2gsm__B1_Q03736,15,1,0,1,0.9435290122300074,95.0625,True,0.4687865993344965
2gsm__A1_P33517--2gsm__B1_Q03736,16,1,3,1,0.942072206239504,95.0,True,0.4584267857553834
2gsm__A1_P33517--2gsm__B1_Q03736,17,3,3,1,0.9416913070446102,95.0,True,0.429656483250717
2gsm__A1_P33517--2gsm__B1_Q03736,18,4,0,1,0.9442018355029184,95.0,True,0.5159471872632932
2gsm__A1_P33517--2gsm__B1_Q03736,19,4,3,1,0.9439634040094048,94.9375,True,0.5182776197689521
2gsm__A1_P33517--2gsm__B1_Q03736,20,4,1,1,0.9454786728729506,94.9375,True,0.48071920580890887
2h1e__A1_P32657--2h1e__B1_P32657,1,4,3,4,0.0190596038103228,20.109375,False,0.5696375615637248
2h1e__A1_P32657--2h1e__B1_P32657,2,1,2,4,0.0133772804432105,18.828125,False,0.5368550221158387
2h1e__A1_P32657--2h1e__B1_P32657,3,4,1,4,0.0405353443015661,18.8125,False,0.5001740359918663
2h1e__A1_P32657--2h1e__B1_P32657,4,2,0,4,0.0141840711648659,18.625,False,0.6163553959761837
2h1e__A1_P32657--2h1e__B1_P32657,5,3,1,4,0.0122517666794492,18.359375,False,0.5913478319650638
2h1e__A1_P32657--2h1e__B1_P32657,6,1,1,4,0.0128313542694328,18.1875,False,0.4975261037163843
2h1e__A1_P32657--2h1e__B1_P32657,7,4,0,4,0.0293931519319003,18.15625,False,0.4809397569238198
2h1e__A1_P32657--2h1e__B1_P32657,8,4,2,4,0.0351189189482546,18.03125,False,0.46361083280275345
2h1e__A1_P32657--2h1e__B1_P32657,9,3,2,4,0.0123957307780336,17.96875,False,0.5629327768936861
2h1e__A1_P32657--2h1e__B1_P32657,10,2,1,4,0.0122879026790817,17.484375,False,0.6041376528257008
2h1e__A1_P32657--2h1e__B1_P32657,11,2,2,4,0.0128320969245995,17.4375,False,0.5541146298840863
2h1e__A1_P32657--2h1e__B1_P32657,12,2,3,4,0.0126915946356213,17.3125,False,0.579362993168392
2h1e__A1_P32657--2h1e__B1_P32657,13,3,0,4,0.0121610180553892,17.046875,False,0.4920797278188414
2h1e__A1_P32657--2h1e__B1_P32657,14,3,3,4,0.0123167525942555,16.96875,False,0.4790205049132417
2h1e__A1_P32657--2h1e__B1_P32657,15,1,3,4,0.0125255223802313,16.734375,False,0.45331715221531677
2h1e__A1_P32657--2h1e__B1_P32657,16,1,0,4,0.012775155783133,16.609375,False,0.4363274788107943
2h1e__A1_P32657--2h1e__B1_P32657,17,5,3,4,0.0115895723338763,16.40625,False,0.4194859578957012
2h1e__A1_P32657--2h1e__B1_P32657,18,5,0,4,0.0113649406157861,16.3125,False,0.4431253742937467
2h1e__A1_P32657--2h1e__B1_P32657,19,5,1,4,0.0106842775396703,16.21875,False,0.41387951856444516
2h1e__A1_P32657--2h1e__B1_P32657,20,5,2,4,0.011304789515931,15.7421875,False,0.38323096282533575
2h46__A1_P62993--2h46__A2_P62993,1,1,0,2,0.0234015355894955,42.46875,False,0.6230287144243065
2h46__A1_P62993--2h46__A2_P62993,2,1,3,2,0.0232594506491052,41.96875,False,0.6115736109422036
2h46__A1_P62993--2h46__A2_P62993,3,1,2,2,0.023285801036043,40.875,False,0.5999939038543413
2h46__A1_P62993--2h46__A2_P62993,4,1,1,2,0.0234643969865522,38.625,False,0.588301374160422
2h46__A1_P62993--2h46__A2_P62993,5,3,0,2,0.0239653569529557,26.0,False,0.5679454627633217
2h46__A1_P62993--2h46__A2_P62993,6,2,0,2,0.0153603966936193,25.484375,False,0.5759621924990566
2h46__A1_P62993--2h46__A2_P62993,7,3,1,2,0.0239430844111473,24.875,False,0.5060224085188277
2h46__A1_P62993--2h46__A2_P62993,8,3,3,2,0.0242399944338161,24.609375,False,0.5269083075638631
2h46__A1_P62993--2h46__A2_P62993,9,3,2,2,0.0240494140493067,24.359375,False,0.5229794351473408
2h46__A1_P62993--2h46__A2_P62993,10,4,0,2,0.0169703611151724,24.1875,False,0.5530219707597843
2h46__A1_P62993--2h46__A2_P62993,11,4,1,2,0.0218090747739206,24.046875,False,0.5283497464640567
2h46__A1_P62993--2h46__A2_P62993,12,4,3,2,0.0174230337790577,23.484375,False,0.511240908591609
2h46__A1_P62993--2h46__A2_P62993,13,2,2,2,0.0153495467620002,21.953125,False,0.46995461336845823
2h46__A1_P62993--2h46__A2_P62993,14,4,2,2,0.0229219286163125,21.71875,False,0.4769927363681244
2h46__A1_P62993--2h46__A2_P62993,15,2,3,2,0.0160909908790599,21.5625,False,0.45730585572008114
2h46__A1_P62993--2h46__A2_P62993,16,5,0,2,0.0183444537809534,19.34375,False,0.4419460019261738
2h46__A1_P62993--2h46__A2_P62993,17,5,2,2,0.0240201580669129,18.734375,False,0.4294403280207838
2h46__A1_P62993--2h46__A2_P62993,18,2,1,2,0.0152877644069031,17.578125,False,0.3999966091982888
2h46__A1_P62993--2h46__A2_P62993,19,5,1,2,0.0244430811461327,17.15625,False,0.4025839474209323
2h46__A1_P62993--2h46__A2_P62993,20,5,3,2,0.019670375868785,16.859375,False,0.4115849437672521
2h7z__B1_A0S865--2h7z__A1_A0S864,1,3,3,3,0.8281237566718179,72.3125,True,0.6238507407359268
2h7z__B1_A0S865--2h7z__A1_A0S864,2,5,1,3,0.8300644811801693,70.375,True,0.6081772903918022
2h7z__B1_A0S865--2h7z__A1_A0S864,3,3,1,3,0.8404273731209561,69.75,True,0.589991762100858
2h7z__B1_A0S865--2h7z__A1_A0S864,4,2,1,3,0.7745748587750031,69.6875,True,0.602037522350318
2h7z__B1_A0S865--2h7z__A1_A0S864,5,5,3,3,0.8349983110626376,67.6875,True,0.5700854781805434
2h7z__B1_A0S865--2h7z__A1_A0S864,6,2,3,3,0.7729163491749106,67.6875,True,0.5693777455460671
2h7z__B1_A0S865--2h7z__A1_A0S864,7,3,0,3,0.8254624186863478,66.625,True,0.5512444665278073
2h7z__B1_A0S865--2h7z__A1_A0S864,8,4,2,3,0.8395964190788864,65.25,True,0.5166597871126509
2h7z__B1_A0S865--2h7z__A1_A0S864,9,4,3,3,0.8282069876444599,65.0625,True,0.4985267254094024
2h7z__B1_A0S865--2h7z__A1_A0S864,10,5,0,3,0.8414455275114116,64.625,True,0.5038201150020143
2h7z__B1_A0S865--2h7z__A1_A0S864,11,4,1,3,0.7985632311621558,64.3125,True,0.48238046627992465
2h7z__B1_A0S865--2h7z__A1_A0S864,12,2,2,3,0.7929997634783055,64.25,True,0.4900809471590765
2h7z__B1_A0S865--2h7z__A1_A0S864,13,1,3,3,0.8206961550124361,64.125,True,0.5065800646565407
2h7z__B1_A0S865--2h7z__A1_A0S864,14,1,2,3,0.8224253945848221,63.59375,True,0.48235703078734604
2h7z__B1_A0S865--2h7z__A1_A0S864,15,1,0,3,0.8204760013046629,63.03125,True,0.4665824335181958
2h7z__B1_A0S865--2h7z__A1_A0S864,16,3,2,3,0.8393947879186183,62.6875,True,0.4286575773723094
2h7z__B1_A0S865--2h7z__A1_A0S864,17,1,1,3,0.8259904482516144,62.625,True,0.45129383617864954
2h7z__B1_A0S865--2h7z__A1_A0S864,18,2,0,3,0.7954567545874385,60.75,True,0.4146652421780507
2h7z__B1_A0S865--2h7z__A1_A0S864,19,5,2,3,0.8166225153927709,59.0625,True,0.40257439134918865
2h7z__B1_A0S865--2h7z__A1_A0S864,20,4,0,3,0.5235547683572834,55.4375,True,0.39060082847309135
2hn1__A1_O29472--2hn1__A2_O29472,1,5,3,0,0.7409718908518798,60.15625,True,0.618015010971471
2hn1__A1_O29472--2hn1__A2_O29472,2,5,1,0,0.7403444900996202,59.46875,True,0.5965906467066449
2hn1__A1_O29472--2hn1__A2_O29472,3,5,2,0,0.7303558012090093,58.8125,True,0.5954360118762873
2hn1__A1_O29472--2hn1__A2_O29472,4,2,0,0,0.6470666864751141,58.5625,True,0.5924839549541809
2hn1__A1_O29472--2hn1__A2_O29472,5,5,0,0,0.7436745899089049,58.375,True,0.5537620061294036
2hn1__A1_O29472--2hn1__A2_O29472,6,2,2,0,0.6549935247611872,58.0,True,0.5902264717895445
2hn1__A1_O29472--2hn1__A2_O29472,7,1,0,0,0.6511109496345514,57.125,True,0.5403873761232094
2hn1__A1_O29472--2hn1__A2_O29472,8,3,2,0,0.7506127942280925,57.125,True,0.5501631857049841
2hn1__A1_O29472--2hn1__A2_O29472,9,1,3,0,0.6517029730800483,56.40625,True,0.517465553879956
2hn1__A1_O29472--2hn1__A2_O29472,10,1,2,0,0.6206489291238678,56.25,True,0.4958098059516172
2hn1__A1_O29472--2hn1__A2_O29472,11,1,1,0,0.642943558355178,56.21875,True,0.50791661212313
2hn1__A1_O29472--2hn1__A2_O29472,12,2,1,0,0.642429722483703,55.78125,True,0.5223399051917401
2hn1__A1_O29472--2hn1__A2_O29472,13,2,3,0,0.6454111991199579,55.75,True,0.5225895738558448
2hn1__A1_O29472--2hn1__A2_O29472,14,3,0,0,0.1665927613694552,30.0,False,0.4375694150671465
2hn1__A1_O29472--2hn1__A2_O29472,15,4,0,0,0.1552953495877817,29.828125,False,0.4581255967762462
2hn1__A1_O29472--2hn1__A2_O29472,16,3,1,0,0.1616382476263252,29.03125,False,0.4175976365430794
2hn1__A1_O29472--2hn1__A2_O29472,17,4,2,0,0.1537941532334976,28.921875,False,0.4330355880840902
2hn1__A1_O29472--2hn1__A2_O29472,18,3,3,0,0.0810583203586981,28.734375,False,0.409346423033924
2hn1__A1_O29472--2hn1__A2_O29472,19,4,1,0,0.1568870505486617,28.203125,False,0.4023487566792228
2hn1__A1_O29472--2hn1__A2_O29472,20,4,3,0,0.1605177144385907,28.125,False,0.40769531437501894
2huk__A1_P00720--2huk__A2_P00720,1,1,3,2,0.0137138716130072,22.265625,False,0.6283129380909666
2huk__A1_P00720--2huk__A2_P00720,2,1,0,2,0.0139807922044904,20.53125,False,0.6163582376301746
2huk__A1_P00720--2huk__A2_P00720,3,1,2,2,0.0157599635138513,20.0625,False,0.6042612107933625
2huk__A1_P00720--2huk__A2_P00720,4,1,1,2,0.0140527155024602,19.734375,False,0.5920352158635963
2huk__A1_P00720--2huk__A2_P00720,5,5,0,2,0.2806967684285141,19.203125,True,0.5769610967222999
2huk__A1_P00720--2huk__A2_P00720,6,4,0,2,0.0726043306612442,18.3125,False,0.47361457728820533
2huk__A1_P00720--2huk__A2_P00720,7,4,3,2,0.1207333400288254,18.09375,False,0.4352601045398822
2huk__A1_P00720--2huk__A2_P00720,8,2,1,2,0.0099885529084242,17.640625,False,0.516371353919816
2huk__A1_P00720--2huk__A2_P00720,9,4,2,2,0.0716397703569381,17.53125,False,0.459777248392381
2huk__A1_P00720--2huk__A2_P00720,10,3,1,2,0.0095946407352378,17.359375,False,0.540954251656379
2huk__A1_P00720--2huk__A2_P00720,11,3,0,2,0.0093736222712401,17.21875,False,0.5161986514799682
2huk__A1_P00720--2huk__A2_P00720,12,5,3,2,0.0064826628530415,17.21875,False,0.5435184607968123
2huk__A1_P00720--2huk__A2_P00720,13,2,3,2,0.0093557571389788,17.0,False,0.4914265300792085
2huk__A1_P00720--2huk__A2_P00720,14,3,3,2,0.009559897650974,16.859375,False,0.48403567855211355
2huk__A1_P00720--2huk__A2_P00720,15,3,2,2,0.0092266726861594,16.625,False,0.47575319572175007
2huk__A1_P00720--2huk__A2_P00720,16,4,1,2,0.0221561724273043,16.3125,False,0.4235273394634404
2huk__A1_P00720--2huk__A2_P00720,17,2,0,2,0.0088622329855299,16.140625,False,0.4565595096419158
2huk__A1_P00720--2huk__A2_P00720,18,5,1,2,0.0143741265869412,15.703125,False,0.4843444352807967
2huk__A1_P00720--2huk__A2_P00720,19,5,2,2,0.0151372040414218,15.1953125,False,0.45899812589650685
2huk__A1_P00720--2huk__A2_P00720,20,2,2,2,0.0676092220677044,14.8046875,False,0.4238456900304601
2j67__A1_Q9BXR5--2j67__B1_Q9BXR5,1,3,2,0,0.6860780458319903,65.75,True,0.6305637859732365
2j67__A1_Q9BXR5--2j67__B1_Q9BXR5,2,3,1,0,0.6887521511132254,62.4375,True,0.6182114004128612
2j67__A1_Q9BXR5--2j67__B1_Q9BXR5,3,4,3,0,0.0502753965881744,58.4375,False,0.6057042621715292
2j67__A1_Q9BXR5--2j67__B1_Q9BXR5,4,2,0,0,0.3827925524239946,37.5625,True,0.595545927020197
2j67__A1_Q9BXR5--2j67__B1_Q9BXR5,5,1,0,0,0.3697673868868675,34.59375,True,0.5292076574326201
2j67__A1_Q9BXR5--2j67__B1_Q9BXR5,6,2,1,0,0.3249403387820959,33.25,True,0.5694106995532431
2j67__A1_Q9BXR5--2j67__B1_Q9BXR5,7,1,3,0,0.304132604291278,33.1875,True,0.5535059322531105
2j67__A1_Q9BXR5--2j67__B1_Q9BXR5,8,1,1,0,0.2572646864177312,33.09375,True,0.5349939081914125
2j67__A1_Q9BXR5--2j67__B1_Q9BXR5,9,1,2,0,0.2281879614851636,32.78125,False,0.5320780249198682
2j67__A1_Q9BXR5--2j67__B1_Q9BXR5,10,2,3,0,0.4977672667341541,32.5625,True,0.48478127367795887
2j67__A1_Q9BXR5--2j67__B1_Q9BXR5,11,3,0,0,0.1505700764207933,31.203125,False,0.5228060041498056
2j67__A1_Q9BXR5--2j67__B1_Q9BXR5,12,3,3,0,0.1184018117386275,31.015625,False,0.5080889091805177
2j67__A1_Q9BXR5--2j67__B1_Q9BXR5,13,4,0,0,0.1124659388307311,30.5625,False,0.5157609768035206
2j67__A1_Q9BXR5--2j67__B1_Q9BXR5,14,2,2,0,0.3817648037695969,26.734375,True,0.45667075820305614
2j67__A1_Q9BXR5--2j67__B1_Q9BXR5,15,5,3,0,0.0706972120730007,26.46875,False,0.44401835178458077
2j67__A1_Q9BXR5--2j67__B1_Q9BXR5,16,5,1,0,0.0700947327441042,25.21875,False,0.4271735393525311
2j67__A1_Q9BXR5--2j67__B1_Q9BXR5,17,4,2,0,0.074488814220751,24.765625,False,0.4270428206465142
2j67__A1_Q9BXR5--2j67__B1_Q9BXR5,18,5,0,0,0.0703484069823763,24.5,False,0.40807390437098545
2j67__A1_Q9BXR5--2j67__B1_Q9BXR5,19,5,2,0,0.1127786599097745,24.25,False,0.40164675255362015
2j67__A1_Q9BXR5--2j67__B1_Q9BXR5,20,4,1,0,0.0845608868245298,23.203125,False,0.4019797744043693
2j68__A1_B2IZD3--2j68__A2_B2IZD3,1,1,1,2,0.1802799182883413,49.375,False,0.5878814042027436
2j68__A1_B2IZD3--2j68__A2_B2IZD3,2,2,1,2,0.1461759820684515,47.34375,False,0.6089912821711336
2j68__A1_B2IZD3--2j68__A2_B2IZD3,3,1,0,2,0.1685429331121428,47.125,False,0.5683419582377993
2j68__A1_B2IZD3--2j68__A2_B2IZD3,4,1,2,2,0.18237244214247,46.6875,False,0.5748648485450096
2j68__A1_B2IZD3--2j68__A2_B2IZD3,5,1,3,2,0.1599562220134725,45.53125,False,0.5352835495851749
2j68__A1_B2IZD3--2j68__A2_B2IZD3,6,2,0,2,0.1339587774864988,45.03125,False,0.5584675139427002
2j68__A1_B2IZD3--2j68__A2_B2IZD3,7,5,2,2,0.2444343525827773,43.9375,True,0.5355741950204398
2j68__A1_B2IZD3--2j68__A2_B2IZD3,8,5,3,2,0.2388504812498461,43.78125,True,0.5218302479703624
2j68__A1_B2IZD3--2j68__A2_B2IZD3,9,5,0,2,0.2141611475956148,41.3125,False,0.4651672090126702
2j68__A1_B2IZD3--2j68__A2_B2IZD3,10,4,1,2,0.1549503058642623,41.25,False,0.53066377700791
2j68__A1_B2IZD3--2j68__A2_B2IZD3,11,4,2,2,0.1482668531248401,41.25,False,0.5333450149717786
2j68__A1_B2IZD3--2j68__A2_B2IZD3,12,5,1,2,0.2025229335528872,40.59375,False,0.4639438457216583
2j68__A1_B2IZD3--2j68__A2_B2IZD3,13,2,3,2,0.1417756583155461,40.5,False,0.49213405365893614
2j68__A1_B2IZD3--2j68__A2_B2IZD3,14,4,3,2,0.1693044326990015,40.15625,False,0.4748359763082995
2j68__A1_B2IZD3--2j68__A2_B2IZD3,15,4,0,2,0.1504245524119023,40.03125,False,0.5029572862655999
2j68__A1_B2IZD3--2j68__A2_B2IZD3,16,2,2,2,0.0687649305219487,39.09375,False,0.49133725020423513
2j68__A1_B2IZD3--2j68__A2_B2IZD3,17,3,0,2,0.0913150072241908,34.3125,False,0.467182755812706
2j68__A1_B2IZD3--2j68__A2_B2IZD3,18,3,1,2,0.096264317271108,33.5,False,0.4026915065296508
2j68__A1_B2IZD3--2j68__A2_B2IZD3,19,3,3,2,0.0908469366337618,32.5625,False,0.4052845018476214
2j68__A1_B2IZD3--2j68__A2_B2IZD3,20,3,2,2,0.0654186970672342,32.4375,False,0.48639382128459024
2j6g__A1_Q6T3W5--2j6g__A2_Q6T3W5,1,5,3,4,0.0498208372700835,67.875,False,0.6053153150294613
2j6g__A1_Q6T3W5--2j6g__A2_Q6T3W5,2,5,0,4,0.049630109032917,67.1875,False,0.6128412831434025
2j6g__A1_Q6T3W5--2j6g__A2_Q6T3W5,3,5,2,4,0.0498026675807683,66.4375,False,0.5867035156260705
2j6g__A1_Q6T3W5--2j6g__A2_Q6T3W5,4,4,2,4,0.049770755181308,66.1875,False,0.5661900462379654
2j6g__A1_Q6T3W5--2j6g__A2_Q6T3W5,5,4,0,4,0.0503882196890822,62.71875,False,0.49995974924218256
2j6g__A1_Q6T3W5--2j6g__A2_Q6T3W5,6,2,1,4,0.165418318851407,60.84375,False,0.6058276401213287
2j6g__A1_Q6T3W5--2j6g__A2_Q6T3W5,7,3,1,4,0.0500313071734739,60.75,False,0.4790558498478924
2j6g__A1_Q6T3W5--2j6g__A2_Q6T3W5,8,2,3,4,0.1655179313455667,58.53125,False,0.5856818579633298
2j6g__A1_Q6T3W5--2j6g__A2_Q6T3W5,9,2,2,4,0.1697550923311536,56.75,False,0.5611813636862572
2j6g__A1_Q6T3W5--2j6g__A2_Q6T3W5,10,1,3,4,0.1279330398082085,52.96875,False,0.4955025927440141
2j6g__A1_Q6T3W5--2j6g__A2_Q6T3W5,11,1,1,4,0.1264122229342011,52.4375,False,0.5003259816585616
2j6g__A1_Q6T3W5--2j6g__A2_Q6T3W5,12,3,2,4,0.057817806970548,52.3125,False,0.4002025155411022
2j6g__A1_Q6T3W5--2j6g__A2_Q6T3W5,13,3,0,4,0.1175504046488553,51.84375,False,0.4281791538583059
2j6g__A1_Q6T3W5--2j6g__A2_Q6T3W5,14,3,3,4,0.1016202667081087,51.75,False,0.4297642170136201
2j6g__A1_Q6T3W5--2j6g__A2_Q6T3W5,15,1,2,4,0.1312698785280767,51.6875,False,0.49667441173917654
2j6g__A1_Q6T3W5--2j6g__A2_Q6T3W5,16,1,0,4,0.1203033457540838,51.21875,False,0.46654469612444216
2j6g__A1_Q6T3W5--2j6g__A2_Q6T3W5,17,2,0,4,0.150230663980866,50.875,False,0.5208263336656562
2j6g__A1_Q6T3W5--2j6g__A2_Q6T3W5,18,5,1,4,0.1245521547232565,49.9375,False,0.4442638501599182
2j6g__A1_Q6T3W5--2j6g__A2_Q6T3W5,19,4,3,4,0.0596215503587674,49.71875,False,0.38525931991869045
2j6g__A1_Q6T3W5--2j6g__A2_Q6T3W5,20,4,1,4,0.1112898591147615,49.40625,False,0.40721464775067123
2ntx__A1_Q9LV40--2ntx__B1_Q9LV40,1,2,3,1,0.5789012712043528,77.25,True,0.6244873582878557
2ntx__A1_Q9LV40--2ntx__B1_Q9LV40,2,4,1,1,0.5775887467544987,75.9375,True,0.5989760924891222
2ntx__A1_Q9LV40--2ntx__B1_Q9LV40,3,3,1,1,0.5967982500233026,74.9375,True,0.6069405518289407
2ntx__A1_Q9LV40--2ntx__B1_Q9LV40,4,5,3,1,0.5926097861854693,73.5,True,0.592856503093883
2ntx__A1_Q9LV40--2ntx__B1_Q9LV40,5,4,2,1,0.5851919375602813,72.3125,True,0.5648293734008359
2ntx__A1_Q9LV40--2ntx__B1_Q9LV40,6,3,3,1,0.6290234732905832,70.875,True,0.5516165135769907
2ntx__A1_Q9LV40--2ntx__B1_Q9LV40,7,5,1,1,0.5944757864095959,70.25,True,0.5583911084941119
2ntx__A1_Q9LV40--2ntx__B1_Q9LV40,8,2,2,1,0.5878121595835356,69.75,True,0.5317483376951141
2ntx__A1_Q9LV40--2ntx__B1_Q9LV40,9,4,3,1,0.5558936386083558,68.6875,True,0.5217743176809251
2ntx__A1_Q9LV40--2ntx__B1_Q9LV40,10,2,1,1,0.4869799566704076,67.5,True,0.5268880242635606
2ntx__A1_Q9LV40--2ntx__B1_Q9LV40,11,5,0,1,0.6241580076535468,63.46875,True,0.5177070611008016
2ntx__A1_Q9LV40--2ntx__B1_Q9LV40,12,2,0,1,0.5606071705489476,55.625,True,0.4881880947178084
2ntx__A1_Q9LV40--2ntx__B1_Q9LV40,13,3,0,1,0.5253369571392126,49.8125,True,0.4653055830956963
2ntx__A1_Q9LV40--2ntx__B1_Q9LV40,14,1,1,1,0.5949591976303026,48.40625,True,0.4608464344886882
2ntx__A1_Q9LV40--2ntx__B1_Q9LV40,15,3,2,1,0.6151444870304729,48.125,True,0.46055302172152435
2ntx__A1_Q9LV40--2ntx__B1_Q9LV40,16,1,3,1,0.4593762230692111,43.125,True,0.43908753536257805
2ntx__A1_Q9LV40--2ntx__B1_Q9LV40,17,4,0,1,0.4349881087428648,38.0625,True,0.4189058020162525
2ntx__A1_Q9LV40--2ntx__B1_Q9LV40,18,1,0,1,0.4656167730141695,37.625,True,0.42101520172320783
2ntx__A1_Q9LV40--2ntx__B1_Q9LV40,19,5,2,1,0.3698630619695309,32.09375,True,0.4010701792351008
2ntx__A1_Q9LV40--2ntx__B1_Q9LV40,20,1,2,1,0.2341540138740348,29.609375,True,0.38899374084502214
2o96__B1_P51665--2o96__A1_P51665,1,4,0,4,0.6963134947929509,89.5625,True,0.6164162416878852
2o96__B1_P51665--2o96__A1_P51665,2,4,3,4,0.6050102137340457,89.5625,True,0.6284144154872358
2o96__B1_P51665--2o96__A1_P51665,3,2,3,4,0.6857546538629881,88.625,True,0.5992488991651403
2o96__B1_P51665--2o96__A1_P51665,4,3,3,4,0.655882410269161,87.0,True,0.5944349037919061
2o96__B1_P51665--2o96__A1_P51665,5,4,1,4,0.6120351387122623,83.3125,True,0.5772912800926199
2o96__B1_P51665--2o96__A1_P51665,6,1,2,4,0.0477887336483656,65.375,False,0.5641160437747489
2o96__B1_P51665--2o96__A1_P51665,7,1,1,4,0.0541475399405219,63.4375,False,0.5508496549721202
2o96__B1_P51665--2o96__A1_P51665,8,3,2,4,0.0468774177096451,59.875,False,0.530926751643179
2o96__B1_P51665--2o96__A1_P51665,9,5,1,4,0.0399232214082188,59.25,False,0.5231878242277703
2o96__B1_P51665--2o96__A1_P51665,10,1,3,4,0.0477700289237519,59.1875,False,0.5182298046772388
2o96__B1_P51665--2o96__A1_P51665,11,3,0,4,0.047923699003501,57.1875,False,0.4974703279901741
2o96__B1_P51665--2o96__A1_P51665,12,5,2,4,0.039303191851639,57.03125,False,0.4753781229203275
2o96__B1_P51665--2o96__A1_P51665,13,5,0,4,0.0414384859818977,56.1875,False,0.47516343369978614
2o96__B1_P51665--2o96__A1_P51665,14,5,3,4,0.0410635918267112,54.5,False,0.4604273984613307
2o96__B1_P51665--2o96__A1_P51665,15,3,1,4,0.05362473602358,47.375,False,0.4326912289179944
2o96__B1_P51665--2o96__A1_P51665,16,1,0,4,0.0511637182791003,46.90625,False,0.44303421601811094
2o96__B1_P51665--2o96__A1_P51665,17,4,2,4,0.0529683125110722,40.28125,False,0.41553890065599214
2o96__B1_P51665--2o96__A1_P51665,18,2,2,4,0.041786660844733,39.8125,False,0.4076373914660747
2o96__B1_P51665--2o96__A1_P51665,19,2,1,4,0.0409855011677777,37.75,False,0.3851835574518058
2o96__B1_P51665--2o96__A1_P51665,20,2,0,4,0.0427221940396564,36.8125,False,0.38194512247122486
2oo9__A1_P22681--2oo9__B1_P22681,1,2,2,4,0.0841846757526277,73.0625,False,0.6287323427945517
2oo9__A1_P22681--2oo9__B1_P22681,2,4,1,4,0.1097410346073493,22.484375,False,0.5952595249497856
2oo9__A1_P22681--2oo9__B1_P22681,3,4,3,4,0.1106020477321761,22.09375,False,0.5646848669666563
2oo9__A1_P22681--2oo9__B1_P22681,4,4,0,4,0.1270260766399393,20.609375,False,0.5375996775579291
2oo9__A1_P22681--2oo9__B1_P22681,5,4,2,4,0.1240206648989213,20.09375,False,0.5334776565160203
2oo9__A1_P22681--2oo9__B1_P22681,6,5,3,4,0.1247989712724539,20.03125,False,0.5379966451223732
2oo9__A1_P22681--2oo9__B1_P22681,7,5,1,4,0.1773836398274348,19.296875,False,0.5303258055769864
2oo9__A1_P22681--2oo9__B1_P22681,8,5,2,4,0.1382428203718756,18.921875,False,0.5266463370451139
2oo9__A1_P22681--2oo9__B1_P22681,9,1,1,4,0.1127342561568531,18.921875,False,0.41414392322169225
2oo9__A1_P22681--2oo9__B1_P22681,10,5,0,4,0.1368341801098575,18.375,False,0.5292549770122038
2oo9__A1_P22681--2oo9__B1_P22681,11,3,3,4,0.1632269699937268,18.015625,False,0.47703268769139634
2oo9__A1_P22681--2oo9__B1_P22681,12,3,1,4,0.1754757313644603,17.96875,False,0.48996886688604885
2oo9__A1_P22681--2oo9__B1_P22681,13,2,0,4,0.032635553682612,17.828125,False,0.5878623043757016
2oo9__A1_P22681--2oo9__B1_P22681,14,3,0,4,0.1132296103826044,17.8125,False,0.4799524492859695
2oo9__A1_P22681--2oo9__B1_P22681,15,3,2,4,0.114654026932571,17.328125,False,0.47781950435910064
2oo9__A1_P22681--2oo9__B1_P22681,16,1,3,4,0.0805057057284266,16.375,False,0.41757883493765857
2oo9__A1_P22681--2oo9__B1_P22681,17,1,0,4,0.1464992043952094,15.21875,False,0.42445636877647785
2oo9__A1_P22681--2oo9__B1_P22681,18,1,2,4,0.1752775511369992,15.15625,False,0.4132419772050328
2oo9__A1_P22681--2oo9__B1_P22681,19,2,3,4,0.0466213885444778,13.09375,False,0.51719096284986
2oo9__A1_P22681--2oo9__B1_P22681,20,2,1,4,0.1085420478283226,12.8828125,False,0.3951356906348339
2p09__A1_UNDEFINED--2p09__A2_UNDEFINED,1,5,0,4,0.0253604512405473,16.140625,False,0.6209071483528797
2p09__A1_UNDEFINED--2p09__A2_UNDEFINED,2,2,1,4,0.0372737938342161,13.8515625,False,0.5300122581996521
2p09__A1_UNDEFINED--2p09__A2_UNDEFINED,3,5,2,4,0.0577662452357839,13.828125,False,0.5991276788633807
2p09__A1_UNDEFINED--2p09__A2_UNDEFINED,4,4,0,4,0.0276151845093954,12.6875,False,0.5654593841735109
2p09__A1_UNDEFINED--2p09__A2_UNDEFINED,5,1,0,4,0.0308248348965228,12.3125,False,0.578778275826408
2p09__A1_UNDEFINED--2p09__A2_UNDEFINED,6,3,3,4,0.0298441348953723,12.1796875,False,0.551501763734895
2p09__A1_UNDEFINED--2p09__A2_UNDEFINED,7,5,1,4,0.052081230965971,11.78125,False,0.5526052270385844
2p09__A1_UNDEFINED--2p09__A2_UNDEFINED,8,5,3,4,0.0341345210584911,11.625,False,0.5095197697312931
2p09__A1_UNDEFINED--2p09__A2_UNDEFINED,9,2,2,4,0.0524805082922966,11.515625,False,0.5634100559347177
2p09__A1_UNDEFINED--2p09__A2_UNDEFINED,10,2,0,4,0.0342287096323461,11.234375,False,0.47380032294107816
2p09__A1_UNDEFINED--2p09__A2_UNDEFINED,11,2,3,4,0.0276256256488981,11.1171875,False,0.5454780218948575
2p09__A1_UNDEFINED--2p09__A2_UNDEFINED,12,4,3,4,0.0302047062625797,10.6015625,False,0.5066137775276331
2p09__A1_UNDEFINED--2p09__A2_UNDEFINED,13,1,3,4,0.0320059604929642,10.125,False,0.46454375380274676
2p09__A1_UNDEFINED--2p09__A2_UNDEFINED,14,3,1,4,0.0422533800283671,9.59375,False,0.4247885251670198
2p09__A1_UNDEFINED--2p09__A2_UNDEFINED,15,1,1,4,0.0333258141347984,9.546875,False,0.4715622336490181
2p09__A1_UNDEFINED--2p09__A2_UNDEFINED,16,1,2,4,0.0278924552707792,9.3046875,False,0.4679198234699873
2p09__A1_UNDEFINED--2p09__A2_UNDEFINED,17,4,2,4,0.0500284654879715,9.1875,False,0.44457111926447107
2p09__A1_UNDEFINED--2p09__A2_UNDEFINED,18,3,0,4,0.0835606806609947,9.140625,False,0.393399892538801
2p09__A1_UNDEFINED--2p09__A2_UNDEFINED,19,4,1,4,0.0285474340584082,8.5390625,False,0.3896166420770138
2p09__A1_UNDEFINED--2p09__A2_UNDEFINED,20,3,2,4,0.0186277728429617,8.46875,False,0.42510093405538807
2pyu__A1_P52061--2pyu__A2_P52061,1,4,0,1,0.4076441283125315,87.0625,True,0.6122106476977511
2pyu__A1_P52061--2pyu__A2_P52061,2,4,3,1,0.4036663454835574,87.0625,True,0.6043734339179792
2pyu__A1_P52061--2pyu__A2_P52061,3,3,3,1,0.3803558764245874,86.875,True,0.6019242007130261
2pyu__A1_P52061--2pyu__A2_P52061,4,4,2,1,0.4129012310401552,86.8125,True,0.5830724210287817
2pyu__A1_P52061--2pyu__A2_P52061,5,4,1,1,0.4195618673164995,86.6875,True,0.5714192431788074
2pyu__A1_P52061--2pyu__A2_P52061,6,3,0,1,0.3793926108710972,86.625,True,0.5797972515923601
2pyu__A1_P52061--2pyu__A2_P52061,7,3,1,1,0.377496386228059,86.5625,True,0.5647368609575669
2pyu__A1_P52061--2pyu__A2_P52061,8,3,2,1,0.3905828840477504,86.125,True,0.5386446122705998
2pyu__A1_P52061--2pyu__A2_P52061,9,2,1,1,0.412293799219126,85.6875,True,0.5226070868126749
2pyu__A1_P52061--2pyu__A2_P52061,10,5,3,1,0.4404453418619421,85.625,True,0.5130786877460614
2pyu__A1_P52061--2pyu__A2_P52061,11,5,0,1,0.4530955491007961,85.625,True,0.5046572853896972
2pyu__A1_P52061--2pyu__A2_P52061,12,2,2,1,0.4221441605419815,85.125,True,0.4881880947178084
2pyu__A1_P52061--2pyu__A2_P52061,13,2,0,1,0.4164199865875619,85.0625,True,0.4653055830956963
2pyu__A1_P52061--2pyu__A2_P52061,14,1,1,1,0.3940830283754219,84.9375,True,0.473431244220871
2pyu__A1_P52061--2pyu__A2_P52061,15,1,3,1,0.4058741869799983,84.875,True,0.45026287478537247
2pyu__A1_P52061--2pyu__A2_P52061,16,1,2,1,0.4058235848453462,84.375,True,0.43722166714539945
2pyu__A1_P52061--2pyu__A2_P52061,17,1,0,1,0.3854196498147482,84.1875,True,0.41748821646152906
2pyu__A1_P52061--2pyu__A2_P52061,18,2,3,1,0.4171385261137125,84.1875,True,0.41111441813330685
2pyu__A1_P52061--2pyu__A2_P52061,19,5,2,1,0.4520367434688895,83.9375,True,0.41085026389774015
2pyu__A1_P52061--2pyu__A2_P52061,20,5,1,1,0.4520667559437035,83.3125,True,0.3900719388940591
2q1k__A1_Q1EHA4--2q1k__B1_Q1EHA4,1,5,0,0,0.5814439604738205,27.375,True,0.6274522140147676
2q1k__A1_Q1EHA4--2q1k__B1_Q1EHA4,2,5,1,0,0.4945143250722399,23.578125,True,0.6168011311388805
2q1k__A1_Q1EHA4--2q1k__B1_Q1EHA4,3,5,2,0,0.4717472093892385,23.203125,True,0.5943311121064159
2q1k__A1_Q1EHA4--2q1k__B1_Q1EHA4,4,1,1,0,0.2930925949006734,21.0,True,0.5864071430084352
2q1k__A1_Q1EHA4--2q1k__B1_Q1EHA4,5,1,3,0,0.2951084537298267,19.546875,True,0.5718113918808209
2q1k__A1_Q1EHA4--2q1k__B1_Q1EHA4,6,4,0,0,0.5434251028835557,19.53125,True,0.5539933739827819
2q1k__A1_Q1EHA4--2q1k__B1_Q1EHA4,7,2,1,0,0.3763969184513336,19.453125,True,0.553342577586037
2q1k__A1_Q1EHA4--2q1k__B1_Q1EHA4,8,2,3,0,0.4097953289146483,18.5625,True,0.5411179177802624
2q1k__A1_Q1EHA4--2q1k__B1_Q1EHA4,9,1,0,0,0.3708191174746354,18.125,True,0.5369782581662091
2q1k__A1_Q1EHA4--2q1k__B1_Q1EHA4,10,5,3,0,0.3755092111019816,18.109375,True,0.5147110418962729
2q1k__A1_Q1EHA4--2q1k__B1_Q1EHA4,11,4,2,0,0.4869587558501201,17.90625,True,0.4856865624292505
2q1k__A1_Q1EHA4--2q1k__B1_Q1EHA4,12,4,1,0,0.4235500773491054,17.515625,True,0.4654021041373489
2q1k__A1_Q1EHA4--2q1k__B1_Q1EHA4,13,4,3,0,0.5161001586170864,16.5625,True,0.4687762706326174
2q1k__A1_Q1EHA4--2q1k__B1_Q1EHA4,14,1,2,0,0.2203256307422129,15.8125,False,0.4990360050046901
2q1k__A1_Q1EHA4--2q1k__B1_Q1EHA4,15,2,2,0,0.2156043415431718,15.34375,False,0.46584223051957346
2q1k__A1_Q1EHA4--2q1k__B1_Q1EHA4,16,2,0,0,0.3268206621952763,15.140625,True,0.4297603285687683
2q1k__A1_Q1EHA4--2q1k__B1_Q1EHA4,17,3,2,0,0.3450056081602016,14.7109375,True,0.4315640525101394
2q1k__A1_Q1EHA4--2q1k__B1_Q1EHA4,18,3,3,0,0.0871050704239417,13.3828125,False,0.4089542404506619
2q1k__A1_Q1EHA4--2q1k__B1_Q1EHA4,19,3,0,0,0.0447438819786069,12.96875,False,0.41242988445721945
2q1k__A1_Q1EHA4--2q1k__B1_Q1EHA4,20,3,1,0,0.0534617143313404,12.125,False,0.40289649718159676
2qko__B1_Q0S912--2qko__A1_Q0S912,1,3,2,0,0.1608734091042163,76.375,False,0.6284749626152096
2qko__B1_Q0S912--2qko__A1_Q0S912,2,5,2,0,0.5274122863055469,74.25,True,0.618915790333549
2qko__B1_Q0S912--2qko__A1_Q0S912,3,5,1,0,0.5341077180619321,73.5,True,0.6064170365668018
2qko__B1_Q0S912--2qko__A1_Q0S912,4,5,3,0,0.5324780371044128,72.6875,True,0.5937774076120305
2qko__B1_Q0S912--2qko__A1_Q0S912,5,5,0,0,0.541982111119558,69.375,True,0.5802853814554461
2qko__B1_Q0S912--2qko__A1_Q0S912,6,2,3,0,0.1668892605356658,66.9375,False,0.569943541881073
2qko__B1_Q0S912--2qko__A1_Q0S912,7,3,0,0,0.5902864388780859,65.0625,True,0.5378480482874193
2qko__B1_Q0S912--2qko__A1_Q0S912,8,2,2,0,0.1685347728828743,65.0,False,0.5475151898045929
2qko__B1_Q0S912--2qko__A1_Q0S912,9,3,1,0,0.1703413539497436,64.9375,False,0.5288133345639867
2qko__B1_Q0S912--2qko__A1_Q0S912,10,2,1,0,0.1696712897944744,63.125,False,0.522562854395475
2qko__B1_Q0S912--2qko__A1_Q0S912,11,3,3,0,0.5451956852315835,60.59375,True,0.5045510313120918
2qko__B1_Q0S912--2qko__A1_Q0S912,12,2,0,0,0.578039428253397,58.84375,True,0.48548595067496425
2qko__B1_Q0S912--2qko__A1_Q0S912,13,1,0,0,0.1712376500331252,54.5,False,0.47229988567417563
2qko__B1_Q0S912--2qko__A1_Q0S912,14,1,1,0,0.1634979397436501,54.125,False,0.46332696453055655
2qko__B1_Q0S912--2qko__A1_Q0S912,15,1,2,0,0.1644805451213252,51.40625,False,0.44618006512476227
2qko__B1_Q0S912--2qko__A1_Q0S912,16,4,0,0,0.2107395490896619,36.03125,False,0.4392146993937913
2qko__B1_Q0S912--2qko__A1_Q0S912,17,4,1,0,0.0864379669975773,34.03125,False,0.4157723917913113
2qko__B1_Q0S912--2qko__A1_Q0S912,18,4,2,0,0.0795873948689795,33.53125,False,0.4092930171232484
2qko__B1_Q0S912--2qko__A1_Q0S912,19,1,3,0,0.5372202902635537,33.0625,True,0.411001498404792
2qko__B1_Q0S912--2qko__A1_Q0S912,20,4,3,0,0.0611042722551106,28.375,False,0.38553478561776405
2qpv__A1_Q7CZ16--2qpv__B1_Q7CZ16,1,5,2,0,0.0097371829607608,87.3125,False,0.6305637859732365
2qpv__A1_Q7CZ16--2qpv__B1_Q7CZ16,2,5,3,0,0.0097659605508792,87.0,False,0.6182114004128612
2qpv__A1_Q7CZ16--2qpv__B1_Q7CZ16,3,5,1,0,0.0097455484300204,86.875,False,0.6057042621715292
2qpv__A1_Q7CZ16--2qpv__B1_Q7CZ16,4,5,0,0,0.0097461456680988,86.6875,False,0.5930571037307205
2qpv__A1_Q7CZ16--2qpv__B1_Q7CZ16,5,4,0,0,0.0097501793855464,86.25,False,0.5802853814554461
2qpv__A1_Q7CZ16--2qpv__B1_Q7CZ16,6,4,3,0,0.0097429974261603,85.5625,False,0.5592052351483737
2qpv__A1_Q7CZ16--2qpv__B1_Q7CZ16,7,4,2,0,0.0096902580795821,85.0,False,0.5577248244692701
2qpv__A1_Q7CZ16--2qpv__B1_Q7CZ16,8,1,0,0,0.0097827140209448,84.8125,False,0.5325278711452116
2qpv__A1_Q7CZ16--2qpv__B1_Q7CZ16,9,2,0,0,0.0097615778313525,84.8125,False,0.5184672258504205
2qpv__A1_Q7CZ16--2qpv__B1_Q7CZ16,10,3,0,0,0.0097161235784996,84.75,False,0.5228030004274397
2qpv__A1_Q7CZ16--2qpv__B1_Q7CZ16,11,1,3,0,0.0097663653857287,84.6875,False,0.48754664701080086
2qpv__A1_Q7CZ16--2qpv__B1_Q7CZ16,12,2,3,0,0.0097353344715395,84.6875,False,0.4884693613604615
2qpv__A1_Q7CZ16--2qpv__B1_Q7CZ16,13,2,2,0,0.0097704394088951,84.5625,False,0.47162045970233785
2qpv__A1_Q7CZ16--2qpv__B1_Q7CZ16,14,4,1,0,0.0097095904342031,84.5,False,0.47067890318450906
2qpv__A1_Q7CZ16--2qpv__B1_Q7CZ16,15,1,2,0,0.0097753071445291,84.3125,False,0.4509616387061865
2qpv__A1_Q7CZ16--2qpv__B1_Q7CZ16,16,1,1,0,0.0097596336111963,84.125,False,0.43795028038025563
2qpv__A1_Q7CZ16--2qpv__B1_Q7CZ16,17,3,2,0,0.0097146485036429,83.875,False,0.4297545011231271
2qpv__A1_Q7CZ16--2qpv__B1_Q7CZ16,18,3,1,0,0.0097370950600656,83.5,False,0.4179613432895835
2qpv__A1_Q7CZ16--2qpv__B1_Q7CZ16,19,3,3,0,0.0097526475887695,83.3125,False,0.40519942986041363
2qpv__A1_Q7CZ16--2qpv__B1_Q7CZ16,20,2,1,0,0.0097152252720428,83.25,False,0.38798922844882766
2r17__C1_Q96QK1--2r17__A1_Q9UBQ0,1,2,3,1,0.7553942881300472,91.4375,True,0.6207961192010873
2r17__C1_Q96QK1--2r17__A1_Q9UBQ0,2,2,2,1,0.7490386608755691,91.1875,True,0.6091595213978314
2r17__C1_Q96QK1--2r17__A1_Q9UBQ0,3,2,0,1,0.7576520187512864,91.125,True,0.6076869220749976
2r17__C1_Q96QK1--2r17__A1_Q9UBQ0,4,4,3,1,0.7337973452514667,90.875,True,0.5759169656704254
2r17__C1_Q96QK1--2r17__A1_Q9UBQ0,5,5,3,1,0.7742229058215845,90.8125,True,0.5453924020817104
2r17__C1_Q96QK1--2r17__A1_Q9UBQ0,6,2,1,1,0.7593236131700416,90.75,True,0.5745839500950463
2r17__C1_Q96QK1--2r17__A1_Q9UBQ0,7,5,0,1,0.764004349227987,90.6875,True,0.5199875412613792
2r17__C1_Q96QK1--2r17__A1_Q9UBQ0,8,3,2,1,0.757715053620232,90.5625,True,0.5246378075671677
2r17__C1_Q96QK1--2r17__A1_Q9UBQ0,9,5,1,1,0.7553584324712627,90.5,True,0.4736683264108208
2r17__C1_Q96QK1--2r17__A1_Q9UBQ0,10,5,2,1,0.7564498022710806,90.3125,True,0.45381385311861566
2r17__C1_Q96QK1--2r17__A1_Q9UBQ0,11,4,0,1,0.7498355212070885,90.3125,True,0.49721411038622776
2r17__C1_Q96QK1--2r17__A1_Q9UBQ0,12,1,3,1,0.7389026736798844,90.25,True,0.5385206249814971
2r17__C1_Q96QK1--2r17__A1_Q9UBQ0,13,1,0,1,0.7242826368361636,90.125,True,0.5131263547396909
2r17__C1_Q96QK1--2r17__A1_Q9UBQ0,14,1,2,1,0.728738109694559,90.0625,True,0.5111276668291403
2r17__C1_Q96QK1--2r17__A1_Q9UBQ0,15,4,1,1,0.7494610714020599,90.0625,True,0.46208903582224464
2r17__C1_Q96QK1--2r17__A1_Q9UBQ0,16,3,1,1,0.7644885188535189,89.9375,True,0.42118071539347623
2r17__C1_Q96QK1--2r17__A1_Q9UBQ0,17,3,3,1,0.7759470897904396,89.9375,True,0.46723821119594183
2r17__C1_Q96QK1--2r17__A1_Q9UBQ0,18,4,2,1,0.7400400770745471,89.5,True,0.42162476000950244
2r17__C1_Q96QK1--2r17__A1_Q9UBQ0,19,1,1,1,0.7377903144824692,89.1875,True,0.41149663181983454
2r17__C1_Q96QK1--2r17__A1_Q9UBQ0,20,3,0,1,0.7464962393180109,89.1875,True,0.39048785075998604
2r1f__A1_P28306--2r1f__B1_P28306,1,3,2,0,0.0138290556113118,59.0625,False,0.6148161711092777
2r1f__A1_P28306--2r1f__B1_P28306,2,3,0,0,0.0137026504577828,55.8125,False,0.6276527720990237
2r1f__A1_P28306--2r1f__B1_P28306,3,5,0,0,0.0138125767390335,46.40625,False,0.5928155732153787
2r1f__A1_P28306--2r1f__B1_P28306,4,1,3,0,0.3886154019849757,45.53125,True,0.5933204120421093
2r1f__A1_P28306--2r1f__B1_P28306,5,5,2,0,0.0140238723648413,44.03125,False,0.573484325451249
2r1f__A1_P28306--2r1f__B1_P28306,6,5,1,0,0.0139679231280351,42.71875,False,0.5508605255068357
2r1f__A1_P28306--2r1f__B1_P28306,7,1,0,0,0.3725145591466836,40.8125,True,0.5760240843258279
2r1f__A1_P28306--2r1f__B1_P28306,8,1,2,0,0.3794718483141744,30.828125,True,0.5513651095951223
2r1f__A1_P28306--2r1f__B1_P28306,9,1,1,0,0.3463368956417267,24.40625,True,0.5182980244344871
2r1f__A1_P28306--2r1f__B1_P28306,10,5,3,0,0.0314580964254387,23.234375,False,0.4949595992679591
2r1f__A1_P28306--2r1f__B1_P28306,11,4,0,0,0.0076766513072745,21.390625,False,0.49907889214161816
2r1f__A1_P28306--2r1f__B1_P28306,12,4,2,0,0.0234933432983983,21.078125,False,0.4533213251529658
2r1f__A1_P28306--2r1f__B1_P28306,13,4,3,0,0.0670702408221219,20.953125,False,0.44539668544577976
2r1f__A1_P28306--2r1f__B1_P28306,14,3,3,0,0.0760478163257782,19.78125,False,0.46116663562302773
2r1f__A1_P28306--2r1f__B1_P28306,15,3,1,0,0.0117301277258822,19.59375,False,0.4763633676587862
2r1f__A1_P28306--2r1f__B1_P28306,16,2,1,0,0.1104561092168324,19.234375,False,0.43341193400294004
2r1f__A1_P28306--2r1f__B1_P28306,17,4,1,0,0.0410480329770573,19.15625,False,0.41147649733364194
2r1f__A1_P28306--2r1f__B1_P28306,18,2,3,0,0.0180626746431994,18.609375,False,0.4370245744063594
2r1f__A1_P28306--2r1f__B1_P28306,19,2,0,0,0.0223640240818419,18.453125,False,0.4275874442138862
2r1f__A1_P28306--2r1f__B1_P28306,20,2,2,0,0.0960175134334333,18.421875,False,0.42729486470716516
2r7a__A1_O70018--2r7a__C1_O70018,1,4,1,2,0.1070391541449517,59.6875,False,0.6230287144243065
2r7a__A1_O70018--2r7a__C1_O70018,2,4,2,2,0.1125497004993629,52.8125,False,0.6134877369500856
2r7a__A1_O70018--2r7a__C1_O70018,3,4,3,2,0.098708060093,51.9375,False,0.607390121790144
2r7a__A1_O70018--2r7a__C1_O70018,4,4,0,2,0.0814705023274148,51.125,False,0.5946236784049779
2r7a__A1_O70018--2r7a__C1_O70018,5,3,1,2,0.030864258861692,44.125,False,0.5691191394030938
2r7a__A1_O70018--2r7a__C1_O70018,6,3,3,2,0.0363822273499989,42.53125,False,0.5560178971722146
2r7a__A1_O70018--2r7a__C1_O70018,7,3,2,2,0.0699949411752384,35.71875,False,0.5488844313036384
2r7a__A1_O70018--2r7a__C1_O70018,8,3,0,2,0.0424350365405083,34.09375,False,0.5444542068390346
2r7a__A1_O70018--2r7a__C1_O70018,9,5,1,2,0.0336129962705581,31.09375,False,0.5296425143264393
2r7a__A1_O70018--2r7a__C1_O70018,10,5,2,2,0.0596331303121107,31.046875,False,0.521368204833114
2r7a__A1_O70018--2r7a__C1_O70018,11,5,0,2,0.0332429957063831,29.890625,False,0.504243744079107
2r7a__A1_O70018--2r7a__C1_O70018,12,5,3,2,0.0378444127814862,28.75,False,0.49594784670728204
2r7a__A1_O70018--2r7a__C1_O70018,13,2,1,2,0.0500869923283992,26.65625,False,0.48102980964794634
2r7a__A1_O70018--2r7a__C1_O70018,14,1,3,2,0.0516067844804887,25.0625,False,0.4683463536606801
2r7a__A1_O70018--2r7a__C1_O70018,15,1,1,2,0.0446820913676737,23.25,False,0.43828421286763947
2r7a__A1_O70018--2r7a__C1_O70018,16,1,2,2,0.0291403836394436,22.140625,False,0.4118465002468697
2r7a__A1_O70018--2r7a__C1_O70018,17,2,3,2,0.0241241640110607,21.828125,False,0.44359357977560754
2r7a__A1_O70018--2r7a__C1_O70018,18,1,0,2,0.0170469598873214,21.453125,False,0.42039365997414574
2r7a__A1_O70018--2r7a__C1_O70018,19,2,0,2,0.018676750151124,21.109375,False,0.41969393120089993
2r7a__A1_O70018--2r7a__C1_O70018,20,2,2,2,0.021455111774549,20.75,False,0.4127357927788959
2r9a__A1_Q9H9Q4--2r9a__B1_Q9H9Q4,1,1,3,4,0.2073079940899882,50.15625,False,0.6241433788991285
2r9a__A1_Q9H9Q4--2r9a__B1_Q9H9Q4,2,1,1,4,0.2568450327817093,50.0625,True,0.5385448518170841
2r9a__A1_Q9H9Q4--2r9a__B1_Q9H9Q4,3,1,0,4,0.2129215883583936,49.96875,False,0.6194385151312181
2r9a__A1_Q9H9Q4--2r9a__B1_Q9H9Q4,4,3,3,4,0.2027770332412349,44.15625,False,0.584644328837753
2r9a__A1_Q9H9Q4--2r9a__B1_Q9H9Q4,5,1,2,4,0.2527073106396156,44.0,True,0.5146672654371179
2r9a__A1_Q9H9Q4--2r9a__B1_Q9H9Q4,6,3,0,4,0.1975060599502103,42.59375,False,0.5660985571346566
2r9a__A1_Q9H9Q4--2r9a__B1_Q9H9Q4,7,3,2,4,0.1889112033461877,42.5625,False,0.5609298586124964
2r9a__A1_Q9H9Q4--2r9a__B1_Q9H9Q4,8,3,1,4,0.1940539080454519,41.53125,False,0.5302920744511924
2r9a__A1_Q9H9Q4--2r9a__B1_Q9H9Q4,9,4,0,4,0.3220032295913913,39.9375,True,0.5531777010718212
2r9a__A1_Q9H9Q4--2r9a__B1_Q9H9Q4,10,2,2,4,0.2736603047375309,39.4375,True,0.4983313161034203
2r9a__A1_Q9H9Q4--2r9a__B1_Q9H9Q4,11,4,2,4,0.2981577729084947,39.09375,True,0.4529745767401438
2r9a__A1_Q9H9Q4--2r9a__B1_Q9H9Q4,12,5,1,4,0.2785595035132553,38.53125,True,0.45644003511104286
2r9a__A1_Q9H9Q4--2r9a__B1_Q9H9Q4,13,2,1,4,0.2846275074352927,38.40625,True,0.4844801317334063
2r9a__A1_Q9H9Q4--2r9a__B1_Q9H9Q4,14,4,1,4,0.3186385394093231,38.25,True,0.4572923092366011
2r9a__A1_Q9H9Q4--2r9a__B1_Q9H9Q4,15,5,0,4,0.2063216467069587,38.125,False,0.4722524030155806
2r9a__A1_Q9H9Q4--2r9a__B1_Q9H9Q4,16,5,2,4,0.2984581627426035,37.875,True,0.4336732973935347
2r9a__A1_Q9H9Q4--2r9a__B1_Q9H9Q4,17,5,3,4,0.1942701760493743,37.75,False,0.45728526644848366
2r9a__A1_Q9H9Q4--2r9a__B1_Q9H9Q4,18,4,3,4,0.2876311967412371,37.4375,True,0.4346274039563612
2r9a__A1_Q9H9Q4--2r9a__B1_Q9H9Q4,19,2,3,4,0.284040206257024,36.8125,True,0.4436415396460332
2r9a__A1_Q9H9Q4--2r9a__B1_Q9H9Q4,20,2,0,4,0.2756393753869346,33.8125,True,0.392795114956892
2raf__B1_F9URQ8--2raf__A1_F9URQ8,1,4,1,1,0.6602259052884388,82.875,True,0.6244873582878557
2raf__B1_F9URQ8--2raf__A1_F9URQ8,2,4,0,1,0.634856120439785,81.3125,True,0.6125640603930859
2raf__B1_F9URQ8--2raf__A1_F9URQ8,3,4,2,1,0.458064279727188,78.5625,True,0.5545431479720583
2raf__B1_F9URQ8--2raf__A1_F9URQ8,4,5,1,1,0.5352504649677751,77.5,True,0.5868224331728116
2raf__B1_F9URQ8--2raf__A1_F9URQ8,5,5,3,1,0.5109641271887834,77.4375,True,0.5565946207875853
2raf__B1_F9URQ8--2raf__A1_F9URQ8,6,5,0,1,0.5482917080605559,76.6875,True,0.546811610784627
2raf__B1_F9URQ8--2raf__A1_F9URQ8,7,3,3,1,0.5725699484914082,76.375,True,0.5436253942802094
2raf__B1_F9URQ8--2raf__A1_F9URQ8,8,3,2,1,0.5877556058897294,76.25,True,0.5528393968237368
2raf__B1_F9URQ8--2raf__A1_F9URQ8,9,4,3,1,0.6604585985987964,76.125,True,0.562480217366302
2raf__B1_F9URQ8--2raf__A1_F9URQ8,10,3,1,1,0.5925299322118974,76.0625,True,0.5241012650311097
2raf__B1_F9URQ8--2raf__A1_F9URQ8,11,5,2,1,0.515996458485405,74.3125,True,0.4968923630756167
2raf__B1_F9URQ8--2raf__A1_F9URQ8,12,3,0,1,0.5842576050516644,67.75,True,0.5031347594694667
2raf__B1_F9URQ8--2raf__A1_F9URQ8,13,2,0,1,0.6253908416947769,67.25,True,0.47633094736511167
2raf__B1_F9URQ8--2raf__A1_F9URQ8,14,2,1,1,0.6362697569184567,64.8125,True,0.47864116807966306
2raf__B1_F9URQ8--2raf__A1_F9URQ8,15,2,3,1,0.6397590211792153,64.4375,True,0.45433907066559553
2raf__B1_F9URQ8--2raf__A1_F9URQ8,16,2,2,1,0.5266396554719022,56.40625,True,0.43797114032101736
2raf__B1_F9URQ8--2raf__A1_F9URQ8,17,1,3,1,0.6444712357678294,38.59375,True,0.42557309831300555
2raf__B1_F9URQ8--2raf__A1_F9URQ8,18,1,0,1,0.0383728052305352,24.234375,False,0.41326795100118985
2raf__B1_F9URQ8--2raf__A1_F9URQ8,19,1,2,1,0.0162182861449746,24.109375,False,0.3969377616018498
2raf__B1_F9URQ8--2raf__A1_F9URQ8,20,1,1,1,0.0678315492906828,23.9375,False,0.3930973641686174
2rax__A1_O15392--2rax__B1_Q53HL2,1,2,2,3,0.8608227888208647,82.3125,True,0.6073120267776317
2rax__A1_O15392--2rax__B1_Q53HL2,2,4,3,3,0.8726463894250883,82.0,True,0.5841764796795295
2rax__A1_O15392--2rax__B1_Q53HL2,3,2,3,3,0.8648398754470419,81.9375,True,0.5711496549719892
2rax__A1_O15392--2rax__B1_Q53HL2,4,5,3,3,0.8670436753840692,81.8125,True,0.49466208170204584
2rax__A1_O15392--2rax__B1_Q53HL2,5,5,2,3,0.8660002679855285,81.8125,True,0.5247866184074209
2rax__A1_O15392--2rax__B1_Q53HL2,6,4,1,3,0.8716278855939996,81.75,True,0.4916593691467175
2rax__A1_O15392--2rax__B1_Q53HL2,7,4,2,3,0.8739968937861274,81.6875,True,0.5025919313007443
2rax__A1_O15392--2rax__B1_Q53HL2,8,1,2,3,0.8549618151870301,81.625,True,0.5049554805539567
2rax__A1_O15392--2rax__B1_Q53HL2,9,4,0,3,0.8766625705286023,81.5625,True,0.5210019568573262
2rax__A1_O15392--2rax__B1_Q53HL2,10,2,1,3,0.857878138373513,81.5625,True,0.5145068520222237
2rax__A1_O15392--2rax__B1_Q53HL2,11,5,0,3,0.8704669959660839,81.5,True,0.4674805079878519
2rax__A1_O15392--2rax__B1_Q53HL2,12,3,1,3,0.8771897137201613,81.4375,True,0.551580760568715
2rax__A1_O15392--2rax__B1_Q53HL2,13,5,1,3,0.8729228558934011,81.3125,True,0.42168909733909266
2rax__A1_O15392--2rax__B1_Q53HL2,14,3,2,3,0.8696024681411588,81.3125,True,0.5680089309343141
2rax__A1_O15392--2rax__B1_Q53HL2,15,3,3,3,0.8722911479564006,81.1875,True,0.5630705584573472
2rax__A1_O15392--2rax__B1_Q53HL2,16,3,0,3,0.8822755129055252,81.1875,True,0.542995401459329
2rax__A1_O15392--2rax__B1_Q53HL2,17,1,1,3,0.8656667264882624,81.0625,True,0.4592659106711843
2rax__A1_O15392--2rax__B1_Q53HL2,18,1,3,3,0.8563788895830028,80.625,True,0.4100055315471753
2rax__A1_O15392--2rax__B1_Q53HL2,19,1,0,3,0.8677546586387161,80.625,True,0.4513083658461956
2rax__A1_O15392--2rax__B1_Q53HL2,20,2,0,3,0.8679045157220258,80.4375,True,0.3998626860692591
2uxe__A1_Q49PX0--2uxe__C1_Q49PX0,1,4,3,0,0.0639503937922121,12.59375,False,0.6231099459496868
2uxe__A1_Q49PX0--2uxe__C1_Q49PX0,2,4,0,0,0.0933701843878026,12.34375,False,0.5548310801230275
2uxe__A1_Q49PX0--2uxe__C1_Q49PX0,3,4,1,0,0.0483972800124095,12.328125,False,0.5445921169129416
2uxe__A1_Q49PX0--2uxe__C1_Q49PX0,4,5,2,0,0.0574751657681354,12.03125,False,0.5881392658864845
2uxe__A1_Q49PX0--2uxe__C1_Q49PX0,5,1,1,0,0.0753462126530092,11.375,False,0.5690948804759055
2uxe__A1_Q49PX0--2uxe__C1_Q49PX0,6,3,1,0,0.0435821333989312,11.1796875,False,0.5222619014313665
2uxe__A1_Q49PX0--2uxe__C1_Q49PX0,7,3,3,0,0.0162266803290777,10.8203125,False,0.5463323037951575
2uxe__A1_Q49PX0--2uxe__C1_Q49PX0,8,3,0,0,0.0510445922127228,10.8046875,False,0.5427706224464531
2uxe__A1_Q49PX0--2uxe__C1_Q49PX0,9,5,0,0,0.0264308974110859,10.375,False,0.5369112112084747
2uxe__A1_Q49PX0--2uxe__C1_Q49PX0,10,2,3,0,0.0322694253304975,10.2109375,False,0.548496395606679
2uxe__A1_Q49PX0--2uxe__C1_Q49PX0,11,1,2,0,0.0652416927043107,10.1796875,False,0.5437060039721959
2uxe__A1_Q49PX0--2uxe__C1_Q49PX0,12,4,2,0,0.0526299871375223,10.125,False,0.45144910348991807
2uxe__A1_Q49PX0--2uxe__C1_Q49PX0,13,2,2,0,0.014334611579942,9.8203125,False,0.5171466580776686
2uxe__A1_Q49PX0--2uxe__C1_Q49PX0,14,2,1,0,0.0129177496009503,9.8046875,False,0.4661793831128821
2uxe__A1_Q49PX0--2uxe__C1_Q49PX0,15,1,0,0,0.0852091367316363,9.765625,False,0.4492939937098859
2uxe__A1_Q49PX0--2uxe__C1_Q49PX0,16,5,3,0,0.0339856144330076,9.671875,False,0.42244229449773907
2uxe__A1_Q49PX0--2uxe__C1_Q49PX0,17,3,2,0,0.0593836731524656,9.6484375,False,0.44068274971507587
2uxe__A1_Q49PX0--2uxe__C1_Q49PX0,18,2,0,0,0.0135477307780255,9.4609375,False,0.463159913057798
2uxe__A1_Q49PX0--2uxe__C1_Q49PX0,19,5,1,0,0.0319749641813409,8.96875,False,0.41425237850532376
2uxe__A1_Q49PX0--2uxe__C1_Q49PX0,20,1,3,0,0.0684937822646756,8.8671875,False,0.4242828698252832
2uzx__B1_P08581--2uzx__A1_P0DQD2,1,2,0,4,0.5928089276253022,75.3125,True,0.6199786594352252
2uzx__B1_P08581--2uzx__A1_P0DQD2,2,2,3,4,0.5621273070646414,74.6875,True,0.6248832301377372
2uzx__B1_P08581--2uzx__A1_P0DQD2,3,2,2,4,0.4177425220856161,51.75,True,0.6022713936272046
2uzx__B1_P08581--2uzx__A1_P0DQD2,4,2,1,4,0.3838478285764486,47.90625,True,0.5913932597880293
2uzx__B1_P08581--2uzx__A1_P0DQD2,5,5,0,4,0.048371215305507,31.03125,False,0.540557662428368
2uzx__B1_P08581--2uzx__A1_P0DQD2,6,5,2,4,0.0445349469268148,30.59375,False,0.5643866245889129
2uzx__B1_P08581--2uzx__A1_P0DQD2,7,5,1,4,0.0350160935921201,30.125,False,0.5656122434024787
2uzx__B1_P08581--2uzx__A1_P0DQD2,8,1,2,4,0.0249273698086744,28.453125,False,0.44494140125694
2uzx__B1_P08581--2uzx__A1_P0DQD2,9,3,0,4,0.0409108232930383,28.109375,False,0.5403290352655343
2uzx__B1_P08581--2uzx__A1_P0DQD2,10,3,1,4,0.0429033033916074,28.015625,False,0.5327905755457328
2uzx__B1_P08581--2uzx__A1_P0DQD2,11,5,3,4,0.074982981067739,27.96875,False,0.5085544854463296
2uzx__B1_P08581--2uzx__A1_P0DQD2,12,1,1,4,0.0282267445780362,27.3125,False,0.45423728132918545
2uzx__B1_P08581--2uzx__A1_P0DQD2,13,3,3,4,0.0460614168729429,27.046875,False,0.49124026234662804
2uzx__B1_P08581--2uzx__A1_P0DQD2,14,3,2,4,0.0441727306484573,26.9375,False,0.48038099588007155
2uzx__B1_P08581--2uzx__A1_P0DQD2,15,1,3,4,0.0287810868800486,26.21875,False,0.4197267510445767
2uzx__B1_P08581--2uzx__A1_P0DQD2,16,1,0,4,0.0212190461719156,26.015625,False,0.45750615643785136
2uzx__B1_P08581--2uzx__A1_P0DQD2,17,4,3,4,0.0370201418690799,25.90625,False,0.40953136757257
2uzx__B1_P08581--2uzx__A1_P0DQD2,18,4,0,4,0.0362648956694899,25.78125,False,0.4139921300075395
2uzx__B1_P08581--2uzx__A1_P0DQD2,19,4,1,4,0.0382177332250127,25.6875,False,0.3931932130728631
2uzx__B1_P08581--2uzx__A1_P0DQD2,20,4,2,4,0.031487070788264,25.65625,False,0.42070176323661873
2vcg__D1_Q70I53--2vcg__A1_Q70I53,1,5,1,1,0.8884685571281515,85.375,True,0.6214929160263086
2vcg__D1_Q70I53--2vcg__A1_Q70I53,2,5,0,1,0.8821623136838189,85.1875,True,0.6155854486029613
2vcg__D1_Q70I53--2vcg__A1_Q70I53,3,5,3,1,0.8859569274536075,84.75,True,0.6005043635206955
2vcg__D1_Q70I53--2vcg__A1_Q70I53,4,4,3,1,0.8827416373080123,83.625,True,0.5883215631985332
2vcg__D1_Q70I53--2vcg__A1_Q70I53,5,4,2,1,0.890076450270919,81.75,True,0.5690686487138591
2vcg__D1_Q70I53--2vcg__A1_Q70I53,6,4,1,1,0.8923637949714079,81.3125,True,0.5667316214225864
2vcg__D1_Q70I53--2vcg__A1_Q70I53,7,5,2,1,0.8989015345807903,81.3125,True,0.5550995527810022
2vcg__D1_Q70I53--2vcg__A1_Q70I53,8,4,0,1,0.8916789966785896,78.875,True,0.5386446122705998
2vcg__D1_Q70I53--2vcg__A1_Q70I53,9,2,0,1,0.9004718109363821,76.375,True,0.5260642059210914
2vcg__D1_Q70I53--2vcg__A1_Q70I53,10,2,3,1,0.8988560287765367,74.875,True,0.5149382041059236
2vcg__D1_Q70I53--2vcg__A1_Q70I53,11,2,2,1,0.8973053952535817,71.125,True,0.5037973759901719
2vcg__D1_Q70I53--2vcg__A1_Q70I53,12,2,1,1,0.9012672658851713,70.4375,True,0.49116438336233526
2vcg__D1_Q70I53--2vcg__A1_Q70I53,13,3,3,1,0.8607005640361199,59.875,True,0.47313312949504743
2vcg__D1_Q70I53--2vcg__A1_Q70I53,14,3,1,1,0.8804941043442355,59.625,True,0.4637430090989772
2vcg__D1_Q70I53--2vcg__A1_Q70I53,15,1,1,1,0.8872917936447376,58.0,True,0.44748967998833605
2vcg__D1_Q70I53--2vcg__A1_Q70I53,16,1,3,1,0.8754368457306042,57.6875,True,0.43374217581890157
2vcg__D1_Q70I53--2vcg__A1_Q70I53,17,1,2,1,0.8798782596434572,57.125,True,0.42173712808882835
2vcg__D1_Q70I53--2vcg__A1_Q70I53,18,3,2,1,0.8602886633811938,56.65625,True,0.42255976453798205
2vcg__D1_Q70I53--2vcg__A1_Q70I53,19,1,0,1,0.8713638586714431,56.03125,True,0.39586100554639503
2vcg__D1_Q70I53--2vcg__A1_Q70I53,20,3,0,1,0.85221575055622,52.8125,True,0.3902676190550877
2vlo__B1_P09883--2vlo__A1_P13479,1,4,0,3,0.8811099839542577,90.5,True,0.6135665211393102
2vlo__B1_P09883--2vlo__A1_P13479,2,4,1,3,0.8930967658564134,90.5,True,0.6151751571508536
2vlo__B1_P09883--2vlo__A1_P13479,3,4,2,3,0.88161969761063,90.375,True,0.6073568042471262
2vlo__B1_P09883--2vlo__A1_P13479,4,4,3,3,0.8786487731016549,90.0625,True,0.5619451746239039
2vlo__B1_P09883--2vlo__A1_P13479,5,1,0,3,0.8916198017939833,89.875,True,0.5706010421773111
2vlo__B1_P09883--2vlo__A1_P13479,6,1,2,3,0.8926543417255378,89.75,True,0.579161257507114
2vlo__B1_P09883--2vlo__A1_P13479,7,2,2,3,0.8844105914150501,89.6875,True,0.5444945042110604
2vlo__B1_P09883--2vlo__A1_P13479,8,5,3,3,0.899842499213567,89.6875,True,0.5092270193099583
2vlo__B1_P09883--2vlo__A1_P13479,9,3,2,3,0.9185517764748724,89.6875,True,0.49434208985461237
2vlo__B1_P09883--2vlo__A1_P13479,10,5,2,3,0.8991605974732826,89.6875,True,0.5391668009915761
2vlo__B1_P09883--2vlo__A1_P13479,11,1,1,3,0.8965042278260813,89.5625,True,0.5087885042016869
2vlo__B1_P09883--2vlo__A1_P13479,12,3,0,3,0.9149851793296616,89.5,True,0.4343797535718236
2vlo__B1_P09883--2vlo__A1_P13479,13,1,3,3,0.895071369754732,89.4375,True,0.49966592481147026
2vlo__B1_P09883--2vlo__A1_P13479,14,3,1,3,0.9107900725000416,89.4375,True,0.42956361123332154
2vlo__B1_P09883--2vlo__A1_P13479,15,5,1,3,0.8943689679772037,89.4375,True,0.4526382079488161
2vlo__B1_P09883--2vlo__A1_P13479,16,5,0,3,0.8959789542280695,89.375,True,0.44053537828977696
2vlo__B1_P09883--2vlo__A1_P13479,17,2,3,3,0.8839085743775631,89.3125,True,0.43322059483883474
2vlo__B1_P09883--2vlo__A1_P13479,18,2,1,3,0.8775839894946159,89.3125,True,0.4485561896998698
2vlo__B1_P09883--2vlo__A1_P13479,19,3,3,3,0.919999651075563,89.3125,True,0.4047554426293918
2vlo__B1_P09883--2vlo__A1_P13479,20,2,0,3,0.8795088577629165,89.3125,True,0.4613372921414916
2w2d__A1_P0DPI1--2w2d__B1_P0DPI1,1,3,2,1,0.2993123699637441,75.75,True,0.6159823705269154
2w2d__A1_P0DPI1--2w2d__B1_P0DPI1,2,1,1,1,0.3768109227502039,74.375,True,0.6153868983432558
2w2d__A1_P0DPI1--2w2d__B1_P0DPI1,3,1,2,1,0.6088467608864075,72.4375,True,0.6039807008951279
2w2d__A1_P0DPI1--2w2d__B1_P0DPI1,4,4,2,1,0.570178437588834,72.375,True,0.594516245633728
2w2d__A1_P0DPI1--2w2d__B1_P0DPI1,5,1,0,1,0.1456758595620122,69.4375,False,0.5502107561069238
2w2d__A1_P0DPI1--2w2d__B1_P0DPI1,6,4,0,1,0.2851770255473281,69.1875,True,0.5797338117098404
2w2d__A1_P0DPI1--2w2d__B1_P0DPI1,7,4,1,1,0.237898446214214,68.8125,True,0.5604448230438355
2w2d__A1_P0DPI1--2w2d__B1_P0DPI1,8,1,3,1,0.2479508977126354,67.625,True,0.539327039936897
2w2d__A1_P0DPI1--2w2d__B1_P0DPI1,9,5,0,1,0.2144540973615108,67.3125,False,0.4945310187138307
2w2d__A1_P0DPI1--2w2d__B1_P0DPI1,10,2,0,1,0.2112185491211521,66.875,False,0.5179597711134611
2w2d__A1_P0DPI1--2w2d__B1_P0DPI1,11,3,0,1,0.1762945614338606,66.1875,False,0.5156591162498472
2w2d__A1_P0DPI1--2w2d__B1_P0DPI1,12,2,2,1,0.3814196211177149,64.8125,True,0.4841332798925173
2w2d__A1_P0DPI1--2w2d__B1_P0DPI1,13,4,3,1,0.1558595015928792,64.625,False,0.45184941288755387
2w2d__A1_P0DPI1--2w2d__B1_P0DPI1,14,3,3,1,0.1904203722733617,64.375,False,0.4702356044905634
2w2d__A1_P0DPI1--2w2d__B1_P0DPI1,15,2,3,1,0.1458409509320615,64.0625,False,0.4338475514004588
2w2d__A1_P0DPI1--2w2d__B1_P0DPI1,16,2,1,1,0.2485607811224135,63.375,True,0.4424703179870707
2w2d__A1_P0DPI1--2w2d__B1_P0DPI1,17,5,2,1,0.1742613518980164,63.15625,False,0.42645291160749277
2w2d__A1_P0DPI1--2w2d__B1_P0DPI1,18,5,1,1,0.1898658288816439,60.90625,False,0.40873604023089416
2w2d__A1_P0DPI1--2w2d__B1_P0DPI1,19,3,1,1,0.1934393023278247,39.90625,False,0.4445986963065364
2w2d__A1_P0DPI1--2w2d__B1_P0DPI1,20,5,3,1,0.0134627709115166,21.9375,False,0.38899374084502214
2wk4__B1_Q69014--2wk4__A1_Q69014,1,3,1,1,0.1855191729342689,32.6875,False,0.6176789953070018
2wk4__B1_Q69014--2wk4__A1_Q69014,2,3,3,1,0.1302960879893902,28.34375,False,0.5846629603506298
2wk4__B1_Q69014--2wk4__A1_Q69014,3,5,1,1,0.0508230293247037,27.765625,False,0.5924036655575945
2wk4__B1_Q69014--2wk4__A1_Q69014,4,3,0,1,0.0740773346414993,27.5,False,0.5575571609135852
2wk4__B1_Q69014--2wk4__A1_Q69014,5,4,3,1,0.0812526149877014,27.3125,False,0.5893664926355554
2wk4__B1_Q69014--2wk4__A1_Q69014,6,3,2,1,0.075812961568909,27.046875,False,0.5207929498006775
2wk4__B1_Q69014--2wk4__A1_Q69014,7,4,0,1,0.0368065373094622,26.828125,False,0.5803749353668097
2wk4__B1_Q69014--2wk4__A1_Q69014,8,5,2,1,0.0382012874230146,26.34375,False,0.5387046989668065
2wk4__B1_Q69014--2wk4__A1_Q69014,9,5,0,1,0.0476357223272605,26.15625,False,0.5190452969104237
2wk4__B1_Q69014--2wk4__A1_Q69014,10,2,1,1,0.0825632847059821,25.4375,False,0.5095377835114383
2wk4__B1_Q69014--2wk4__A1_Q69014,11,5,3,1,0.0477477548955623,25.4375,False,0.48561494206354816
2wk4__B1_Q69014--2wk4__A1_Q69014,12,2,3,1,0.0554302653288947,24.953125,False,0.4763393761187058
2wk4__B1_Q69014--2wk4__A1_Q69014,13,4,2,1,0.0133859778135703,24.90625,False,0.45523361071848917
2wk4__B1_Q69014--2wk4__A1_Q69014,14,2,2,1,0.0749600074385594,24.84375,False,0.4510270972363247
2wk4__B1_Q69014--2wk4__A1_Q69014,15,2,0,1,0.055441910789708,24.8125,False,0.4714151553522199
2wk4__B1_Q69014--2wk4__A1_Q69014,16,4,1,1,0.0156241216826322,24.734375,False,0.5188683120497175
2wk4__B1_Q69014--2wk4__A1_Q69014,17,1,1,1,0.0502247092139617,23.34375,False,0.4392991628071238
2wk4__B1_Q69014--2wk4__A1_Q69014,18,1,3,1,0.0174087426237946,23.328125,False,0.4214957958266261
2wk4__B1_Q69014--2wk4__A1_Q69014,19,1,0,1,0.0347764367605653,22.984375,False,0.40540888385412877
2wk4__B1_Q69014--2wk4__A1_Q69014,20,1,2,1,0.0338221389639485,22.96875,False,0.4053221312797839
2wmp__A1_Q1R2W9--2wmp__B1_Q47445,1,3,3,4,0.7911419155865644,91.8125,True,0.6088989081082066
2wmp__A1_Q1R2W9--2wmp__B1_Q47445,2,3,2,4,0.7990591126434156,91.75,True,0.6176831500201712
2wmp__A1_Q1R2W9--2wmp__B1_Q47445,3,3,1,4,0.7883116944660674,91.75,True,0.5910002176721726
2wmp__A1_Q1R2W9--2wmp__B1_Q47445,4,3,0,4,0.7857807253228484,91.5625,True,0.5698764546259459
2wmp__A1_Q1R2W9--2wmp__B1_Q47445,5,5,0,4,0.8136599012600674,91.5,True,0.6004038261549509
2wmp__A1_Q1R2W9--2wmp__B1_Q47445,6,5,3,4,0.8185137149042446,91.25,True,0.5755960630116246
2wmp__A1_Q1R2W9--2wmp__B1_Q47445,7,4,3,4,0.8046847575406014,91.1875,True,0.5373795689943724
2wmp__A1_Q1R2W9--2wmp__B1_Q47445,8,5,1,4,0.81719884353287,91.1875,True,0.5411855475604906
2wmp__A1_Q1R2W9--2wmp__B1_Q47445,9,2,2,4,0.8304349333518307,91.125,True,0.5224514993386968
2wmp__A1_Q1R2W9--2wmp__B1_Q47445,10,5,2,4,0.8224683597104371,90.9375,True,0.5149074285369057
2wmp__A1_Q1R2W9--2wmp__B1_Q47445,11,4,1,4,0.8042935598835106,90.875,True,0.4807121261423683
2wmp__A1_Q1R2W9--2wmp__B1_Q47445,12,4,0,4,0.8036810767501223,90.8125,True,0.4881417954193029
2wmp__A1_Q1R2W9--2wmp__B1_Q47445,13,2,0,4,0.8230348184520754,90.6875,True,0.47413559392023713
2wmp__A1_Q1R2W9--2wmp__B1_Q47445,14,2,1,4,0.8339810174618831,90.625,True,0.4506100342271393
2wmp__A1_Q1R2W9--2wmp__B1_Q47445,15,2,3,4,0.8290868030826412,90.5625,True,0.4403196843592456
2wmp__A1_Q1R2W9--2wmp__B1_Q47445,16,4,2,4,0.7994670941582771,90.4375,True,0.47222006087275864
2wmp__A1_Q1R2W9--2wmp__B1_Q47445,17,1,3,4,0.7998214878784555,90.0,True,0.4183846827434772
2wmp__A1_Q1R2W9--2wmp__B1_Q47445,18,1,0,4,0.7795974295286822,88.25,True,0.39659623321514836
2wmp__A1_Q1R2W9--2wmp__B1_Q47445,19,1,1,4,0.7666113986137271,88.125,True,0.38835064517331663
2wmp__A1_Q1R2W9--2wmp__B1_Q47445,20,1,2,4,0.7643314022225823,87.9375,True,0.38939932568216384
2wuz__A1_Q7Z1V1--2wuz__B1_Q7Z1V1,1,5,0,3,0.0671304879713131,29.109375,False,0.6208988066387975
2wuz__A1_Q7Z1V1--2wuz__B1_Q7Z1V1,2,5,3,3,0.041724205790748,27.703125,False,0.596045628781746
2wuz__A1_Q7Z1V1--2wuz__B1_Q7Z1V1,3,5,1,3,0.0330006187375906,27.515625,False,0.584482752355214
2wuz__A1_Q7Z1V1--2wuz__B1_Q7Z1V1,4,5,2,3,0.0422023755454582,27.359375,False,0.6023295344725488
2wuz__A1_Q7Z1V1--2wuz__B1_Q7Z1V1,5,3,1,3,0.0417201924388666,26.625,False,0.5488706105120315
2wuz__A1_Q7Z1V1--2wuz__B1_Q7Z1V1,6,3,2,3,0.0281490144842161,26.453125,False,0.5688482503295241
2wuz__A1_Q7Z1V1--2wuz__B1_Q7Z1V1,7,3,0,3,0.0419413071005294,26.15625,False,0.5668559541094694
2wuz__A1_Q7Z1V1--2wuz__B1_Q7Z1V1,8,3,3,3,0.0421121001920963,25.984375,False,0.5362587705840354
2wuz__A1_Q7Z1V1--2wuz__B1_Q7Z1V1,9,4,2,3,0.0787462228514543,25.046875,False,0.5333795663905193
2wuz__A1_Q7Z1V1--2wuz__B1_Q7Z1V1,10,4,0,3,0.0916051336133335,24.953125,False,0.5137281887731882
2wuz__A1_Q7Z1V1--2wuz__B1_Q7Z1V1,11,4,3,3,0.0664850555578435,24.75,False,0.4905015407828053
2wuz__A1_Q7Z1V1--2wuz__B1_Q7Z1V1,12,4,1,3,0.039450391667807,24.40625,False,0.4646976297065433
2wuz__A1_Q7Z1V1--2wuz__B1_Q7Z1V1,13,1,0,3,0.1330547206394603,23.453125,False,0.4789743114857796
2wuz__A1_Q7Z1V1--2wuz__B1_Q7Z1V1,14,1,2,3,0.1188696851877124,23.25,False,0.47035147803641253
2wuz__A1_Q7Z1V1--2wuz__B1_Q7Z1V1,15,1,3,3,0.1269282050898818,23.09375,False,0.46174630627903523
2wuz__A1_Q7Z1V1--2wuz__B1_Q7Z1V1,16,1,1,3,0.1279814672247191,22.984375,False,0.4531638689013841
2wuz__A1_Q7Z1V1--2wuz__B1_Q7Z1V1,17,2,3,3,0.0384727524288498,20.671875,False,0.415612217166067
2wuz__A1_Q7Z1V1--2wuz__B1_Q7Z1V1,18,2,0,3,0.0152762579544738,20.328125,False,0.423962514345414
2wuz__A1_Q7Z1V1--2wuz__B1_Q7Z1V1,19,2,1,3,0.0359839294277383,20.15625,False,0.39891832724401494
2wuz__A1_Q7Z1V1--2wuz__B1_Q7Z1V1,20,2,2,3,0.0147955344485018,19.9375,False,0.42000201727278874
2wwx__B1_Q5ZSQ3--2wwx__A1_P62820,1,4,2,4,0.0390408075124953,25.046875,False,0.6062599974825924
2wwx__B1_Q5ZSQ3--2wwx__A1_P62820,2,4,0,4,0.038354681977568,25.0,False,0.6037666226643055
2wwx__B1_Q5ZSQ3--2wwx__A1_P62820,3,3,3,4,0.0316570042974989,24.875,False,0.5951798735810608
2wwx__B1_Q5ZSQ3--2wwx__A1_P62820,4,3,0,4,0.0343412141444268,24.78125,False,0.5968218324659712
2wwx__B1_Q5ZSQ3--2wwx__A1_P62820,5,4,1,4,0.0363827643578954,24.671875,False,0.5900535598580786
2wwx__B1_Q5ZSQ3--2wwx__A1_P62820,6,1,3,4,0.3079211241153026,24.390625,True,0.5314961623397759
2wwx__B1_Q5ZSQ3--2wwx__A1_P62820,7,1,2,4,0.2180705328553063,24.21875,False,0.4893753689794009
2wwx__B1_Q5ZSQ3--2wwx__A1_P62820,8,3,2,4,0.0340663104124489,24.15625,False,0.5200039695861902
2wwx__B1_Q5ZSQ3--2wwx__A1_P62820,9,5,1,4,0.0336049885587504,24.125,False,0.49083079059074597
2wwx__B1_Q5ZSQ3--2wwx__A1_P62820,10,4,3,4,0.0330642467667153,24.125,False,0.542310173372223
2wwx__B1_Q5ZSQ3--2wwx__A1_P62820,11,3,1,4,0.0336202001167425,24.09375,False,0.5577919734646462
2wwx__B1_Q5ZSQ3--2wwx__A1_P62820,12,2,2,4,0.2145137477188508,24.03125,False,0.4733138188940435
2wwx__B1_Q5ZSQ3--2wwx__A1_P62820,13,5,2,4,0.2224577520092176,23.921875,False,0.4698684906056569
2wwx__B1_Q5ZSQ3--2wwx__A1_P62820,14,1,0,4,0.2244849410422678,23.90625,False,0.45221155436312327
2wwx__B1_Q5ZSQ3--2wwx__A1_P62820,15,2,1,4,0.2485132441298239,23.671875,True,0.44532355219223946
2wwx__B1_Q5ZSQ3--2wwx__A1_P62820,16,2,3,4,0.0411134951749728,23.640625,False,0.46540341322936857
2wwx__B1_Q5ZSQ3--2wwx__A1_P62820,17,2,0,4,0.221424750066905,23.59375,False,0.44153365291446567
2wwx__B1_Q5ZSQ3--2wwx__A1_P62820,18,5,0,4,0.3096495848765309,23.0625,True,0.42482166298162183
2wwx__B1_Q5ZSQ3--2wwx__A1_P62820,19,1,1,4,0.0239797085308384,22.453125,False,0.3897087823012959
2wwx__B1_Q5ZSQ3--2wwx__A1_P62820,20,5,3,4,0.1651646989135533,21.96875,False,0.3912445617675556
2x5f__A1_UNDEFINED--2x5f__B1_UNDEFINED,1,1,1,0,0.1398278224570319,95.5625,False,0.6305637859732365
2x5f__A1_UNDEFINED--2x5f__B1_UNDEFINED,2,1,3,0,0.1388721273934966,95.4375,False,0.6248120445111951
2x5f__A1_UNDEFINED--2x5f__B1_UNDEFINED,3,1,2,0,0.1389298586207985,95.375,False,0.6186964524877299
2x5f__A1_UNDEFINED--2x5f__B1_UNDEFINED,4,1,0,0,0.1391759233804894,95.125,False,0.6177723661800776
2x5f__A1_UNDEFINED--2x5f__B1_UNDEFINED,5,3,0,0,0.1403158845579954,95.0,False,0.6052600289559993
2x5f__A1_UNDEFINED--2x5f__B1_UNDEFINED,6,3,3,0,0.1393581523468338,94.25,False,0.5698795929478213
2x5f__A1_UNDEFINED--2x5f__B1_UNDEFINED,7,3,2,0,0.1404229403666055,93.4375,False,0.5518108402512152
2x5f__A1_UNDEFINED--2x5f__B1_UNDEFINED,8,2,0,0,0.1397555941032107,93.1875,False,0.5361982615748125
2x5f__A1_UNDEFINED--2x5f__B1_UNDEFINED,9,3,1,0,0.1433487865288417,93.0625,False,0.4949133586882758
2x5f__A1_UNDEFINED--2x5f__B1_UNDEFINED,10,5,3,0,0.1415289724088921,92.9375,False,0.5066305435571528
2x5f__A1_UNDEFINED--2x5f__B1_UNDEFINED,11,5,0,0,0.1415188970269471,92.8125,False,0.4900607484098451
2x5f__A1_UNDEFINED--2x5f__B1_UNDEFINED,12,2,3,0,0.1400350343447547,92.6875,False,0.5003312154234574
2x5f__A1_UNDEFINED--2x5f__B1_UNDEFINED,13,4,1,0,0.1395743019310274,92.5625,False,0.46049163609046473
2x5f__A1_UNDEFINED--2x5f__B1_UNDEFINED,14,2,1,0,0.1402440288318519,92.5,False,0.4561699281698291
2x5f__A1_UNDEFINED--2x5f__B1_UNDEFINED,15,4,3,0,0.140628878393077,92.4375,False,0.4390141295064335
2x5f__A1_UNDEFINED--2x5f__B1_UNDEFINED,16,5,2,0,0.1418288762586335,92.3125,False,0.4296367148940768
2x5f__A1_UNDEFINED--2x5f__B1_UNDEFINED,17,5,1,0,0.1391088539616383,92.25,False,0.4248503084336703
2x5f__A1_UNDEFINED--2x5f__B1_UNDEFINED,18,4,2,0,0.139875109122184,92.0625,False,0.4187385851066899
2x5f__A1_UNDEFINED--2x5f__B1_UNDEFINED,19,4,0,0,0.1397625206540072,91.4375,False,0.3963571801521641
2x5f__A1_UNDEFINED--2x5f__B1_UNDEFINED,20,2,2,0,0.1396356664971572,91.1875,False,0.3919053381068403
2xcu__A1_O66663--2xcu__C1_O66663,1,5,1,1,0.45063490265094,52.53125,True,0.6244873582878557
2xcu__A1_O66663--2xcu__C1_O66663,2,5,3,1,0.4927981060067179,50.8125,True,0.6125640603930859
2xcu__A1_O66663--2xcu__C1_O66663,3,5,0,1,0.4519914477319133,48.34375,True,0.5912238710578351
2xcu__A1_O66663--2xcu__C1_O66663,4,3,0,1,0.3960591783129144,37.46875,True,0.5829597830598172
2xcu__A1_O66663--2xcu__C1_O66663,5,3,1,1,0.4049389552933253,34.125,True,0.5597910822077601
2xcu__A1_O66663--2xcu__C1_O66663,6,3,3,1,0.3818385544830829,33.84375,True,0.5558272743556164
2xcu__A1_O66663--2xcu__C1_O66663,7,3,2,1,0.377412184252688,33.75,True,0.550302258187503
2xcu__A1_O66663--2xcu__C1_O66663,8,5,2,1,0.3897741389255117,33.71875,True,0.5318791125442958
2xcu__A1_O66663--2xcu__C1_O66663,9,1,2,1,0.1613777204464161,28.828125,False,0.5336552775708081
2xcu__A1_O66663--2xcu__C1_O66663,10,2,0,1,0.055978193175436,27.859375,False,0.5015918565413722
2xcu__A1_O66663--2xcu__C1_O66663,11,1,1,1,0.1509638719214233,27.765625,False,0.48944813664783493
2xcu__A1_O66663--2xcu__C1_O66663,12,1,3,1,0.1535271298054768,27.53125,False,0.49857156242921025
2xcu__A1_O66663--2xcu__C1_O66663,13,1,0,1,0.1345527682819513,27.34375,False,0.4610227190442881
2xcu__A1_O66663--2xcu__C1_O66663,14,2,2,1,0.0530212100517605,27.3125,False,0.491986997062553
2xcu__A1_O66663--2xcu__C1_O66663,15,2,3,1,0.0930254530530941,26.265625,False,0.45569823600929527
2xcu__A1_O66663--2xcu__C1_O66663,16,2,1,1,0.1626668891386891,26.0,False,0.4485595654079461
2xcu__A1_O66663--2xcu__C1_O66663,17,4,0,1,0.0096263673535294,25.296875,False,0.4279310269292447
2xcu__A1_O66663--2xcu__C1_O66663,18,4,1,1,0.0102882312285043,24.71875,False,0.4125343298343176
2xcu__A1_O66663--2xcu__C1_O66663,19,4,2,1,0.0113261298273571,24.015625,False,0.40936101972076283
2xcu__A1_O66663--2xcu__C1_O66663,20,4,3,1,0.012330345254376,23.828125,False,0.4002772794014368
2xf1__A1_Q8I467--2xf1__A2_Q8I467,1,5,3,3,0.0141696722278695,82.625,False,0.6195718582277505
2xf1__A1_Q8I467--2xf1__A2_Q8I467,2,5,0,3,0.0143151469161379,82.625,False,0.6163492995438679
2xf1__A1_Q8I467--2xf1__A2_Q8I467,3,5,2,3,0.0133887681130466,74.25,False,0.5999608857352533
2xf1__A1_Q8I467--2xf1__A2_Q8I467,4,2,3,3,0.0103350109941129,71.8125,False,0.549134480641315
2xf1__A1_Q8I467--2xf1__A2_Q8I467,5,4,2,3,0.1711888438629572,71.375,False,0.5865666956316472
2xf1__A1_Q8I467--2xf1__A2_Q8I467,6,2,0,3,0.012744492667337,67.0625,False,0.5667923988870706
2xf1__A1_Q8I467--2xf1__A2_Q8I467,7,4,3,3,0.2029158535043161,65.9375,False,0.555582551095574
2xf1__A1_Q8I467--2xf1__A2_Q8I467,8,4,1,3,0.2023197846755449,64.875,False,0.5426756955215062
2xf1__A1_Q8I467--2xf1__A2_Q8I467,9,1,1,3,0.1974187042760838,62.09375,False,0.5034389249643682
2xf1__A1_Q8I467--2xf1__A2_Q8I467,10,3,0,3,0.2554071677735563,61.59375,True,0.5212817587086598
2xf1__A1_Q8I467--2xf1__A2_Q8I467,11,1,2,3,0.1810736953115628,60.875,False,0.48974005524866415
2xf1__A1_Q8I467--2xf1__A2_Q8I467,12,5,1,3,0.2401066970336674,60.75,True,0.4964694695628573
2xf1__A1_Q8I467--2xf1__A2_Q8I467,13,3,2,3,0.2542564064529706,58.375,True,0.4790583433993112
2xf1__A1_Q8I467--2xf1__A2_Q8I467,14,3,3,3,0.2623622658292983,58.09375,True,0.47683113891869877
2xf1__A1_Q8I467--2xf1__A2_Q8I467,15,4,0,3,0.0119498863803611,57.78125,False,0.444633597081554
2xf1__A1_Q8I467--2xf1__A2_Q8I467,16,1,0,3,0.1943213499805839,55.0,False,0.44852766562307567
2xf1__A1_Q8I467--2xf1__A2_Q8I467,17,3,1,3,0.2221529445983683,51.71875,False,0.4452675830464398
2xf1__A1_Q8I467--2xf1__A2_Q8I467,18,1,3,3,0.2048187743240591,38.75,False,0.4146652421780507
2xf1__A1_Q8I467--2xf1__A2_Q8I467,19,2,1,3,0.0130735385121938,25.1875,False,0.40241541088714383
2xf1__A1_Q8I467--2xf1__A2_Q8I467,20,2,2,3,0.0279430265490704,19.015625,False,0.3907581934829763
2xgg__B1_UNDEFINED--2xgg__A1_UNDEFINED,1,3,1,3,0.0378417677234843,75.9375,False,0.6200344542464834
2xgg__B1_UNDEFINED--2xgg__A1_UNDEFINED,2,3,3,3,0.0378864705474793,75.125,False,0.6158849964158583
2xgg__B1_UNDEFINED--2xgg__A1_UNDEFINED,3,3,0,3,0.0377958134125438,72.625,False,0.6000923977774686
2xgg__B1_UNDEFINED--2xgg__A1_UNDEFINED,4,2,0,3,0.0378448394828987,70.25,False,0.5880264095818216
2xgg__B1_UNDEFINED--2xgg__A1_UNDEFINED,5,2,2,3,0.0377825947198179,64.8125,False,0.5626557399246633
2xgg__B1_UNDEFINED--2xgg__A1_UNDEFINED,6,2,1,3,0.0378052769665171,64.5,False,0.5631438544848429
2xgg__B1_UNDEFINED--2xgg__A1_UNDEFINED,7,3,2,3,0.0377415120331988,63.5,False,0.5539973470417422
2xgg__B1_UNDEFINED--2xgg__A1_UNDEFINED,8,4,0,3,0.7227922987236667,63.03125,True,0.5279551578365844
2xgg__B1_UNDEFINED--2xgg__A1_UNDEFINED,9,5,1,3,0.0377219077906485,58.375,False,0.5149464458518854
2xgg__B1_UNDEFINED--2xgg__A1_UNDEFINED,10,5,3,3,0.0378986160731144,57.90625,False,0.5327032492623899
2xgg__B1_UNDEFINED--2xgg__A1_UNDEFINED,11,2,3,3,0.0375065637983087,52.625,False,0.5045904651690626
2xgg__B1_UNDEFINED--2xgg__A1_UNDEFINED,12,5,0,3,0.0383823070610461,49.125,False,0.5003335357063754
2xgg__B1_UNDEFINED--2xgg__A1_UNDEFINED,13,1,0,3,0.0379815019625951,44.4375,False,0.472532337903658
2xgg__B1_UNDEFINED--2xgg__A1_UNDEFINED,14,5,2,3,0.0388363869992256,43.40625,False,0.4644757009415344
2xgg__B1_UNDEFINED--2xgg__A1_UNDEFINED,15,4,3,3,0.6892880952259149,43.15625,True,0.4431192088357123
2xgg__B1_UNDEFINED--2xgg__A1_UNDEFINED,16,1,2,3,0.0379755095351459,41.84375,False,0.4324471359768723
2xgg__B1_UNDEFINED--2xgg__A1_UNDEFINED,17,1,1,3,0.0381624194623457,41.375,False,0.4411427791409516
2xgg__B1_UNDEFINED--2xgg__A1_UNDEFINED,18,1,3,3,0.615467584890724,37.53125,True,0.4170803355220669
2xgg__B1_UNDEFINED--2xgg__A1_UNDEFINED,19,4,2,3,0.3917158956645463,34.1875,True,0.3991796883021885
2xgg__B1_UNDEFINED--2xgg__A1_UNDEFINED,20,4,1,3,0.301008743535093,31.921875,True,0.3954729104589353
2xr7__A1_Q589Y0--2xr7__A2_Q589Y0,1,4,1,2,0.0040351362861566,81.3125,False,0.6230287144243065
2xr7__A1_Q589Y0--2xr7__A2_Q589Y0,2,1,1,2,0.3855096062396286,72.625,True,0.6115736109422036
2xr7__A1_Q589Y0--2xr7__A2_Q589Y0,3,1,2,2,0.3674696595244499,69.9375,True,0.5999939038543413
2xr7__A1_Q589Y0--2xr7__A2_Q589Y0,4,1,3,2,0.3747114241531441,67.9375,True,0.588301374160422
2xr7__A1_Q589Y0--2xr7__A2_Q589Y0,5,2,3,2,0.0039978532513763,53.75,False,0.5808511256808185
2xr7__A1_Q589Y0--2xr7__A2_Q589Y0,6,4,0,2,0.0027825853225991,37.125,False,0.5684184523659047
2xr7__A1_Q589Y0--2xr7__A2_Q589Y0,7,3,3,2,0.0027370340986028,26.203125,False,0.5531303667314208
2xr7__A1_Q589Y0--2xr7__A2_Q589Y0,8,1,0,2,0.0347077188886109,26.1875,False,0.5285052503267555
2xr7__A1_Q589Y0--2xr7__A2_Q589Y0,9,3,2,2,0.0027098636776673,24.734375,False,0.5350631401943762
2xr7__A1_Q589Y0--2xr7__A2_Q589Y0,10,3,0,2,0.0027103510089388,24.109375,False,0.5223890699520387
2xr7__A1_Q589Y0--2xr7__A2_Q589Y0,11,4,2,2,0.0031848600455568,23.890625,False,0.5047297615245976
2xr7__A1_Q589Y0--2xr7__A2_Q589Y0,12,4,3,2,0.003433934050082,23.859375,False,0.5019279866102909
2xr7__A1_Q589Y0--2xr7__A2_Q589Y0,13,2,2,2,0.019790923925228,22.78125,False,0.46448410310960964
2xr7__A1_Q589Y0--2xr7__A2_Q589Y0,14,2,1,2,0.0254071905328836,22.734375,False,0.4535156340115572
2xr7__A1_Q589Y0--2xr7__A2_Q589Y0,15,5,3,2,0.0050483698381416,21.609375,False,0.4500826683623279
2xr7__A1_Q589Y0--2xr7__A2_Q589Y0,16,5,0,2,0.0052788274771615,21.4375,False,0.44188360107443475
2xr7__A1_Q589Y0--2xr7__A2_Q589Y0,17,5,2,2,0.0052834859387163,21.171875,False,0.42563803888189095
2xr7__A1_Q589Y0--2xr7__A2_Q589Y0,18,3,1,2,0.0045973208541597,21.09375,False,0.41221127302206906
2xr7__A1_Q589Y0--2xr7__A2_Q589Y0,19,5,1,2,0.0059687265470513,20.9375,False,0.42022916638667573
2xr7__A1_Q589Y0--2xr7__A2_Q589Y0,20,2,0,2,0.0071206128810518,20.5,False,0.41808484789895706
2xuv__B1_P0AET2--2xuv__A1_P0AET2,1,1,0,3,0.0291494860720318,21.96875,False,0.6218680185773636
2xuv__B1_P0AET2--2xuv__A1_P0AET2,2,3,0,3,0.1057673216549296,21.90625,False,0.5811041777465131
2xuv__B1_P0AET2--2xuv__A1_P0AET2,3,3,3,3,0.0655072043339002,19.90625,False,0.5644420192441487
2xuv__B1_P0AET2--2xuv__A1_P0AET2,4,1,1,3,0.041998000844261,19.09375,False,0.5972237892407842
2xuv__B1_P0AET2--2xuv__A1_P0AET2,5,1,3,3,0.0419634791708234,18.890625,False,0.5938446120537982
2xuv__B1_P0AET2--2xuv__A1_P0AET2,6,1,2,3,0.0406994339270914,18.6875,False,0.588107158000717
2xuv__B1_P0AET2--2xuv__A1_P0AET2,7,5,0,3,0.0493230501812989,18.59375,False,0.5427578694789883
2xuv__B1_P0AET2--2xuv__A1_P0AET2,8,2,0,3,0.0311369240175661,16.625,False,0.5559532124270014
2xuv__B1_P0AET2--2xuv__A1_P0AET2,9,5,1,3,0.0780460055336935,16.0625,False,0.49919366278295857
2xuv__B1_P0AET2--2xuv__A1_P0AET2,10,5,2,3,0.0641248668714032,15.109375,False,0.4679713106856544
2xuv__B1_P0AET2--2xuv__A1_P0AET2,11,3,1,3,0.0790961639118508,14.7421875,False,0.4816860031562831
2xuv__B1_P0AET2--2xuv__A1_P0AET2,12,4,3,3,0.0511641296425966,13.375,False,0.4901945948547141
2xuv__B1_P0AET2--2xuv__A1_P0AET2,13,2,3,3,0.0269593652558154,12.7578125,False,0.4965385828638615
2xuv__B1_P0AET2--2xuv__A1_P0AET2,14,4,1,3,0.0387348762835466,12.5625,False,0.45775610038630665
2xuv__B1_P0AET2--2xuv__A1_P0AET2,15,2,2,3,0.0380922506508005,12.5390625,False,0.4514270822332345
2xuv__B1_P0AET2--2xuv__A1_P0AET2,16,2,1,3,0.0282987875594947,12.4609375,False,0.4284332910405149
2xuv__B1_P0AET2--2xuv__A1_P0AET2,17,4,2,3,0.0419509363288316,12.2890625,False,0.5072729680897309
2xuv__B1_P0AET2--2xuv__A1_P0AET2,18,3,2,3,0.0798385489525406,11.71875,False,0.4109811843637542
2xuv__B1_P0AET2--2xuv__A1_P0AET2,19,4,0,3,0.0625616087885005,11.546875,False,0.4207191742378549
2xuv__B1_P0AET2--2xuv__A1_P0AET2,20,5,3,3,0.0437671547649048,10.140625,False,0.3922843387890242
2y6b__A1_Q43758--2y6b__A2_Q43758,1,1,0,1,0.0051661456330997,94.75,False,0.6244873582878557
2y6b__A1_Q43758--2y6b__A2_Q43758,2,1,2,1,0.0051620710982665,94.5625,False,0.6099551204823617
2y6b__A1_Q43758--2y6b__A2_Q43758,3,3,0,1,0.0051602046880274,94.5625,False,0.5830022490407841
2y6b__A1_Q43758--2y6b__A2_Q43758,4,3,2,1,0.0051601659507582,94.5,False,0.5461568316310769
2y6b__A1_Q43758--2y6b__A2_Q43758,5,3,1,1,0.0051607387238299,94.4375,False,0.5344147532257182
2y6b__A1_Q43758--2y6b__A2_Q43758,6,3,3,1,0.0051602968972309,94.375,False,0.5154557311002221
2y6b__A1_Q43758--2y6b__A2_Q43758,7,1,3,1,0.0051616412130538,94.375,False,0.5708950868701219
2y6b__A1_Q43758--2y6b__A2_Q43758,8,1,1,1,0.0051602319785223,94.375,False,0.5862326157326134
2y6b__A1_Q43758--2y6b__A2_Q43758,9,4,2,1,0.0051685576456257,94.3125,False,0.5241732138380233
2y6b__A1_Q43758--2y6b__A2_Q43758,10,4,0,1,0.0051623500342098,94.3125,False,0.5455599630872937
2y6b__A1_Q43758--2y6b__A2_Q43758,11,2,2,1,0.0051731876526365,94.125,False,0.516887610483542
2y6b__A1_Q43758--2y6b__A2_Q43758,12,2,0,1,0.0051763272673464,94.125,False,0.5006596994633782
2y6b__A1_Q43758--2y6b__A2_Q43758,13,4,1,1,0.0051616930183881,94.125,False,0.48219292449756695
2y6b__A1_Q43758--2y6b__A2_Q43758,14,2,1,1,0.0051716951727878,94.0,False,0.4683641688786968
2y6b__A1_Q43758--2y6b__A2_Q43758,15,2,3,1,0.0051741480665656,93.875,False,0.4477670536343893
2y6b__A1_Q43758--2y6b__A2_Q43758,16,5,2,1,0.0051689906682163,93.875,False,0.43159586064012234
2y6b__A1_Q43758--2y6b__A2_Q43758,17,4,3,1,0.0051541944420775,93.8125,False,0.4425379679613798
2y6b__A1_Q43758--2y6b__A2_Q43758,18,5,0,1,0.0051705450124563,93.75,False,0.4108965608814613
2y6b__A1_Q43758--2y6b__A2_Q43758,19,5,1,1,0.0051632511835978,93.625,False,0.41029153203053326
2y6b__A1_Q43758--2y6b__A2_Q43758,20,5,3,1,0.0051661936280087,93.375,False,0.38899374084502214
2y9y__B1_P43596--2y9y__A1_P38144,1,5,3,1,0.5177558234543114,90.0,True,0.595947936314218
2y9y__B1_P43596--2y9y__A1_P38144,2,1,3,1,0.5900645561981019,90.0,True,0.618660336660431
2y9y__B1_P43596--2y9y__A1_P38144,3,1,2,1,0.5585713709557603,89.875,True,0.5958081289418747
2y9y__B1_P43596--2y9y__A1_P38144,4,5,2,1,0.5187882887121825,89.875,True,0.5815173554735488
2y9y__B1_P43596--2y9y__A1_P38144,5,5,1,1,0.5378710590191617,89.75,True,0.5139082206576282
2y9y__B1_P43596--2y9y__A1_P38144,6,1,1,1,0.5672383774011512,89.625,True,0.5397793504123911
2y9y__B1_P43596--2y9y__A1_P38144,7,2,3,1,0.6000696857856065,89.5,True,0.5970151162132933
2y9y__B1_P43596--2y9y__A1_P38144,8,4,3,1,0.5424922870145134,89.375,True,0.5314863840790803
2y9y__B1_P43596--2y9y__A1_P38144,9,1,0,1,0.5717686639013201,89.375,True,0.5509309860395947
2y9y__B1_P43596--2y9y__A1_P38144,10,2,2,1,0.6196919193079337,89.3125,True,0.4762359058856759
2y9y__B1_P43596--2y9y__A1_P38144,11,2,1,1,0.591625871989583,89.3125,True,0.4552126472748591
2y9y__B1_P43596--2y9y__A1_P38144,12,2,0,1,0.6035499329603368,89.25,True,0.4742537795164974
2y9y__B1_P43596--2y9y__A1_P38144,13,3,2,1,0.5602610057663108,89.1875,True,0.4686579754315647
2y9y__B1_P43596--2y9y__A1_P38144,14,4,0,1,0.5456331933241961,89.1875,True,0.48987435824404346
2y9y__B1_P43596--2y9y__A1_P38144,15,4,1,1,0.5418878397125698,89.125,True,0.4596021631845589
2y9y__B1_P43596--2y9y__A1_P38144,16,5,0,1,0.510592351376525,89.0625,True,0.4870653190591189
2y9y__B1_P43596--2y9y__A1_P38144,17,3,1,1,0.5600807597577613,89.0,True,0.4213974106381496
2y9y__B1_P43596--2y9y__A1_P38144,18,3,0,1,0.5504924996876226,88.8125,True,0.4302197931998122
2y9y__B1_P43596--2y9y__A1_P38144,19,4,2,1,0.5440517688806422,88.5,True,0.42358669683998257
2y9y__B1_P43596--2y9y__A1_P38144,20,3,3,1,0.5555903995878002,87.9375,True,0.42711806265296026
2yaj__A1_Q38HX4--2yaj__B1_Q38HX3,1,5,0,4,0.9007527105821036,96.3125,True,0.6006392390338917
2yaj__A1_Q38HX4--2yaj__B1_Q38HX3,2,4,0,4,0.9011212420938935,96.25,True,0.5938827247158598
2yaj__A1_Q38HX4--2yaj__B1_Q38HX3,3,4,3,4,0.9019613732669955,96.1875,True,0.5375771468585504
2yaj__A1_Q38HX4--2yaj__B1_Q38HX3,4,4,1,4,0.9003372529381272,96.1875,True,0.4984280870447014
2yaj__A1_Q38HX4--2yaj__B1_Q38HX3,5,5,2,4,0.8839425206782786,96.1875,True,0.5081155143791175
2yaj__A1_Q38HX4--2yaj__B1_Q38HX3,6,4,2,4,0.9030415428701613,96.1875,True,0.5695985903295283
2yaj__A1_Q38HX4--2yaj__B1_Q38HX3,7,5,3,4,0.9026943826706466,96.125,True,0.4972419552109927
2yaj__A1_Q38HX4--2yaj__B1_Q38HX3,8,5,1,4,0.9030422489540916,96.125,True,0.4670007464872012
2yaj__A1_Q38HX4--2yaj__B1_Q38HX3,9,3,0,4,0.8932370302994626,96.0625,True,0.46977837956091545
2yaj__A1_Q38HX4--2yaj__B1_Q38HX3,10,1,0,4,0.8944131246836532,96.0625,True,0.5470022185265443
2yaj__A1_Q38HX4--2yaj__B1_Q38HX3,11,1,2,4,0.8917604067168666,96.0,True,0.5124305069302257
2yaj__A1_Q38HX4--2yaj__B1_Q38HX3,12,3,2,4,0.8991913929760393,96.0,True,0.4577298873869811
2yaj__A1_Q38HX4--2yaj__B1_Q38HX3,13,1,3,4,0.8922633317122148,96.0,True,0.47583087966711907
2yaj__A1_Q38HX4--2yaj__B1_Q38HX3,14,1,1,4,0.8956188036493687,96.0,True,0.5439634704999847
2yaj__A1_Q38HX4--2yaj__B1_Q38HX3,15,2,0,4,0.8898807569705465,96.0,True,0.554282882073707
2yaj__A1_Q38HX4--2yaj__B1_Q38HX3,16,3,1,4,0.895624228468396,95.9375,True,0.4257717598990824
2yaj__A1_Q38HX4--2yaj__B1_Q38HX3,17,2,3,4,0.8860749852666636,95.9375,True,0.4905022229407101
2yaj__A1_Q38HX4--2yaj__B1_Q38HX3,18,3,3,4,0.8962051352354043,95.9375,True,0.4176053607193715
2yaj__A1_Q38HX4--2yaj__B1_Q38HX3,19,2,2,4,0.8826516488481725,95.875,True,0.4718324917460401
2yaj__A1_Q38HX4--2yaj__B1_Q38HX3,20,2,1,4,0.882562891773179,95.875,True,0.4385050148261032
2yin__B1_Q92608--2yin__D1_P63000,1,4,2,2,0.8843936849308087,92.3125,True,0.6011919377904293
2yin__B1_Q92608--2yin__D1_P63000,2,5,3,2,0.8660989015618044,92.0625,True,0.6071768194750169
2yin__B1_Q92608--2yin__D1_P63000,3,4,1,2,0.8909055857069657,92.0625,True,0.5662897592200824
2yin__B1_Q92608--2yin__D1_P63000,4,4,3,2,0.8807297344036006,92.0625,True,0.5658826192217156
2yin__B1_Q92608--2yin__D1_P63000,5,5,1,2,0.8728273663649113,92.0625,True,0.6099048879447512
2yin__B1_Q92608--2yin__D1_P63000,6,5,2,2,0.8665511027352403,91.5,True,0.5872651305010667
2yin__B1_Q92608--2yin__D1_P63000,7,3,3,2,0.8719136857899367,91.3125,True,0.4882067873342098
2yin__B1_Q92608--2yin__D1_P63000,8,1,3,2,0.8743884514257058,91.1875,True,0.5375453345437042
2yin__B1_Q92608--2yin__D1_P63000,9,1,1,2,0.8686110595948872,91.0,True,0.5219137590334475
2yin__B1_Q92608--2yin__D1_P63000,10,1,0,2,0.8737563493440468,91.0,True,0.503999534531904
2yin__B1_Q92608--2yin__D1_P63000,11,3,1,2,0.8729900891916613,90.875,True,0.5524550006390494
2yin__B1_Q92608--2yin__D1_P63000,12,3,2,2,0.8689603138253389,90.8125,True,0.5423962811220497
2yin__B1_Q92608--2yin__D1_P63000,13,1,2,2,0.877156445869689,90.6875,True,0.5055690282313822
2yin__B1_Q92608--2yin__D1_P63000,14,4,0,2,0.8792545239355478,90.5625,True,0.4498347858194118
2yin__B1_Q92608--2yin__D1_P63000,15,2,1,2,0.8738175047483234,90.4375,True,0.46038793931798305
2yin__B1_Q92608--2yin__D1_P63000,16,2,2,2,0.870959083133147,90.25,True,0.4483664907138405
2yin__B1_Q92608--2yin__D1_P63000,17,2,3,2,0.8723623535439287,89.75,True,0.4320609440119164
2yin__B1_Q92608--2yin__D1_P63000,18,2,0,2,0.8668809960931888,89.375,True,0.42020317268152635
2yin__B1_Q92608--2yin__D1_P63000,19,5,0,2,0.4333921529315236,60.125,True,0.40843679715024056
2yin__B1_Q92608--2yin__D1_P63000,20,3,0,2,0.4135281253072677,57.65625,True,0.3967744266854328
2yip__A1_P81860--2yip__B1_P81860,1,3,2,2,0.2157851557074656,82.9375,False,0.6188667664420363
2yip__A1_P81860--2yip__B1_P81860,2,4,3,2,0.2667932870552733,82.625,True,0.6059074585008525
2yip__A1_P81860--2yip__B1_P81860,3,4,1,2,0.2612035834922384,82.375,True,0.5983547745213178
2yip__A1_P81860--2yip__B1_P81860,4,2,2,2,0.2515730478690239,81.625,True,0.5999473007334741
2yip__A1_P81860--2yip__B1_P81860,5,4,2,2,0.2673368164172418,80.0625,True,0.565297182020636
2yip__A1_P81860--2yip__B1_P81860,6,3,0,2,0.2637914141994442,79.0,True,0.5716939161876103
2yip__A1_P81860--2yip__B1_P81860,7,3,3,2,0.2574400163078297,76.5625,True,0.5568622047222669
2yip__A1_P81860--2yip__B1_P81860,8,4,0,2,0.2603530032152554,73.75,True,0.5374416322866078
2yip__A1_P81860--2yip__B1_P81860,9,3,1,2,0.2133042162254792,72.4375,False,0.5241824863616171
2yip__A1_P81860--2yip__B1_P81860,10,2,3,2,0.2806412289515035,71.3125,True,0.5241340559578611
2yip__A1_P81860--2yip__B1_P81860,11,5,0,2,0.2537872034013497,64.5625,True,0.5011428957383546
2yip__A1_P81860--2yip__B1_P81860,12,5,2,2,0.250426659912653,63.59375,True,0.48234557348147217
2yip__A1_P81860--2yip__B1_P81860,13,1,1,2,0.2489548704958127,62.0,True,0.476812150920761
2yip__A1_P81860--2yip__B1_P81860,14,5,3,2,0.2420746234572804,61.96875,True,0.47459669738820837
2yip__A1_P81860--2yip__B1_P81860,15,1,2,2,0.2569105370757768,57.65625,True,0.4658521737838402
2yip__A1_P81860--2yip__B1_P81860,16,5,1,2,0.2489119489992511,44.6875,True,0.44399708896350104
2yip__A1_P81860--2yip__B1_P81860,17,2,0,2,0.0449432841730269,27.671875,False,0.430386970039134
2yip__A1_P81860--2yip__B1_P81860,18,2,1,2,0.0571174379510362,26.59375,False,0.41326613734595224
2yip__A1_P81860--2yip__B1_P81860,19,1,0,2,0.1938017253398815,26.046875,False,0.4170084589217622
2yip__A1_P81860--2yip__B1_P81860,20,1,3,2,0.1324414140767747,23.09375,False,0.3967744266854328
2ynw__B1_Q704V1--2ynw__A1_Q704V1,1,2,3,4,0.3661155933876656,23.34375,True,0.5963151634484952
2ynw__B1_Q704V1--2ynw__A1_Q704V1,2,5,0,4,0.3306469560709625,22.984375,True,0.6255861130217857
2ynw__B1_Q704V1--2ynw__A1_Q704V1,3,5,3,4,0.2673588008216259,22.296875,True,0.6053092883403319
2ynw__B1_Q704V1--2ynw__A1_Q704V1,4,5,2,4,0.2781526196385332,21.46875,True,0.5926634764066445
2ynw__B1_Q704V1--2ynw__A1_Q704V1,5,2,1,4,0.2695493310099964,21.296875,True,0.5526078164181417
2ynw__B1_Q704V1--2ynw__A1_Q704V1,6,2,0,4,0.164932041907785,21.265625,False,0.5236008034844277
2ynw__B1_Q704V1--2ynw__A1_Q704V1,7,5,1,4,0.0874851023363269,20.65625,False,0.5601162143838582
2ynw__B1_Q704V1--2ynw__A1_Q704V1,8,2,2,4,0.2895645845447411,20.5,True,0.5136527612618782
2ynw__B1_Q704V1--2ynw__A1_Q704V1,9,3,2,4,0.067736002592811,20.3125,False,0.4899409377163528
2ynw__B1_Q704V1--2ynw__A1_Q704V1,10,3,3,4,0.0787448866130315,20.125,False,0.4833904963830622
2ynw__B1_Q704V1--2ynw__A1_Q704V1,11,3,0,4,0.0394843102630784,19.796875,False,0.44339154432627603
2ynw__B1_Q704V1--2ynw__A1_Q704V1,12,1,1,4,0.0108438781228671,19.4375,False,0.5200065799949799
2ynw__B1_Q704V1--2ynw__A1_Q704V1,13,3,1,4,0.0485781769897826,19.125,False,0.4155296356119665
2ynw__B1_Q704V1--2ynw__A1_Q704V1,14,1,3,4,0.0136352589975734,19.09375,False,0.49149063359441886
2ynw__B1_Q704V1--2ynw__A1_Q704V1,15,4,3,4,0.0096740649867782,18.84375,False,0.5296489418549062
2ynw__B1_Q704V1--2ynw__A1_Q704V1,16,1,0,4,0.0158525764863175,18.765625,False,0.4389855611939299
2ynw__B1_Q704V1--2ynw__A1_Q704V1,17,4,0,4,0.0271983018416611,18.625,False,0.43936246254307654
2ynw__B1_Q704V1--2ynw__A1_Q704V1,18,1,2,4,0.1313488665552086,18.328125,False,0.4291325545626841
2ynw__B1_Q704V1--2ynw__A1_Q704V1,19,4,2,4,0.0117024179120198,17.96875,False,0.4428150827204724
2ynw__B1_Q704V1--2ynw__A1_Q704V1,20,4,1,4,0.137709377767827,17.03125,False,0.38323096282533575
2yor__A1_B9W4V6--2yor__B1_B9W4V6,1,5,1,1,0.0067649648430569,47.1875,False,0.614333485508021
2yor__A1_B9W4V6--2yor__B1_B9W4V6,2,5,2,1,0.0067120391824011,44.0625,False,0.6065807670574144
2yor__A1_B9W4V6--2yor__B1_B9W4V6,3,4,2,1,0.006676214237928,43.125,False,0.5951920772723666
2yor__A1_B9W4V6--2yor__B1_B9W4V6,4,5,0,1,0.005880570090396,25.453125,False,0.5836999690130495
2yor__A1_B9W4V6--2yor__B1_B9W4V6,5,5,3,1,0.0065998377242153,23.4375,False,0.5721161520458247
2yor__A1_B9W4V6--2yor__B1_B9W4V6,6,2,0,1,0.052741987844567,22.234375,False,0.5292958454640883
2yor__A1_B9W4V6--2yor__B1_B9W4V6,7,2,1,1,0.078331973940238,21.9375,False,0.5213713158825548
2yor__A1_B9W4V6--2yor__B1_B9W4V6,8,3,0,1,0.0224345146585838,21.796875,False,0.5447397426477303
2yor__A1_B9W4V6--2yor__B1_B9W4V6,9,2,2,1,0.0678172534764409,21.703125,False,0.5290268363775665
2yor__A1_B9W4V6--2yor__B1_B9W4V6,10,2,3,1,0.0944093026652194,21.453125,False,0.521101875570148
2yor__A1_B9W4V6--2yor__B1_B9W4V6,11,3,2,1,0.0063348918169708,20.890625,False,0.513166279163197
2yor__A1_B9W4V6--2yor__B1_B9W4V6,12,4,1,1,0.0057268182455207,20.1875,False,0.47848486269310603
2yor__A1_B9W4V6--2yor__B1_B9W4V6,13,4,0,1,0.0056094050227107,19.90625,False,0.47535060444458865
2yor__A1_B9W4V6--2yor__B1_B9W4V6,14,3,1,1,0.0356410439836605,19.84375,False,0.46104367073595787
2yor__A1_B9W4V6--2yor__B1_B9W4V6,15,4,3,1,0.005679609931428,19.546875,False,0.4642592668547762
2yor__A1_B9W4V6--2yor__B1_B9W4V6,16,3,3,1,0.0368175598747675,19.328125,False,0.4101397582384245
2yor__A1_B9W4V6--2yor__B1_B9W4V6,17,1,2,1,0.0059896220949162,19.3125,False,0.44849139957198153
2yor__A1_B9W4V6--2yor__B1_B9W4V6,18,1,0,1,0.142913986603958,19.25,False,0.4343691878305498
2yor__A1_B9W4V6--2yor__B1_B9W4V6,19,1,3,1,0.0065747567705413,19.1875,False,0.4390963623451548
2yor__A1_B9W4V6--2yor__B1_B9W4V6,20,1,1,1,0.0071232201746224,18.78125,False,0.39795007739321564
2ypr__A1_Q99581--2ypr__B1_Q99581,1,1,0,1,0.8958408418298874,88.0625,True,0.6244873582878557
2ypr__A1_Q99581--2ypr__B1_Q99581,2,1,2,1,0.8942067051296725,86.9375,True,0.6125640603930859
2ypr__A1_Q99581--2ypr__B1_Q99581,3,1,3,1,0.8976493490406895,85.0625,True,0.6005043635206955
2ypr__A1_Q99581--2ypr__B1_Q99581,4,1,1,1,0.8895629477493507,75.0625,True,0.5883215631985332
2ypr__A1_Q99581--2ypr__B1_Q99581,5,2,3,1,0.7466032763002984,50.25,True,0.5466934887095964
2ypr__A1_Q99581--2ypr__B1_Q99581,6,3,1,1,0.0968166861539407,48.0625,False,0.5660071903530761
2ypr__A1_Q99581--2ypr__B1_Q99581,7,3,3,1,0.0944951777185203,46.53125,False,0.5565628916800994
2ypr__A1_Q99581--2ypr__B1_Q99581,8,3,2,1,0.09672873145441,45.90625,False,0.5440575040557956
2ypr__A1_Q99581--2ypr__B1_Q99581,9,3,0,1,0.0975480031118539,45.40625,False,0.5314963178936909
2ypr__A1_Q99581--2ypr__B1_Q99581,10,2,2,1,0.0978596494055726,38.875,False,0.5131686468928793
2ypr__A1_Q99581--2ypr__B1_Q99581,11,4,0,1,0.121655877202857,38.8125,False,0.5005377072568639
2ypr__A1_Q99581--2ypr__B1_Q99581,12,5,1,1,0.2230136277272757,38.65625,False,0.4726278292046265
2ypr__A1_Q99581--2ypr__B1_Q99581,13,4,1,1,0.1958157050295578,37.3125,False,0.4833905452150496
2ypr__A1_Q99581--2ypr__B1_Q99581,14,4,2,1,0.104033360984968,37.3125,False,0.4811489122500699
2ypr__A1_Q99581--2ypr__B1_Q99581,15,5,3,1,0.2254008468221359,35.65625,False,0.4413860311436988
2ypr__A1_Q99581--2ypr__B1_Q99581,16,2,1,1,0.3551191467644876,34.21875,True,0.44700149200473654
2ypr__A1_Q99581--2ypr__B1_Q99581,17,5,2,1,0.195509519384856,32.65625,False,0.4224799841615138
2ypr__A1_Q99581--2ypr__B1_Q99581,18,2,0,1,0.199937495412558,32.21875,False,0.41560241207320564
2ypr__A1_Q99581--2ypr__B1_Q99581,19,4,3,1,0.2160294960550719,30.9375,False,0.4025341118004527
2ypr__A1_Q99581--2ypr__B1_Q99581,20,5,0,1,0.202485382720351,29.890625,False,0.3893637609543214
2yq2__A1_Q01499--2yq2__B1_Q01499,1,3,0,4,0.3613568303261165,60.46875,True,0.6287323427945517
2yq2__A1_Q01499--2yq2__B1_Q01499,2,4,0,4,0.3285520265547484,55.03125,True,0.5760774663144732
2yq2__A1_Q01499--2yq2__B1_Q01499,3,4,2,4,0.3254124733529758,52.53125,True,0.5094063872811958
2yq2__A1_Q01499--2yq2__B1_Q01499,4,4,1,4,0.1327166917431079,49.71875,False,0.4622418807862519
2yq2__A1_Q01499--2yq2__B1_Q01499,5,3,3,4,0.0813108746061126,44.78125,False,0.5719871079819228
2yq2__A1_Q01499--2yq2__B1_Q01499,6,1,1,4,0.0683786222343637,43.375,False,0.5872373883366597
2yq2__A1_Q01499--2yq2__B1_Q01499,7,1,0,4,0.0744837931255165,43.25,False,0.6110460730808863
2yq2__A1_Q01499--2yq2__B1_Q01499,8,1,2,4,0.0760510201351989,42.40625,False,0.582071153613978
2yq2__A1_Q01499--2yq2__B1_Q01499,9,1,3,4,0.0665651466738827,40.78125,False,0.5640619581959624
2yq2__A1_Q01499--2yq2__B1_Q01499,10,5,2,4,0.0693989453981096,39.53125,False,0.5129367636839975
2yq2__A1_Q01499--2yq2__B1_Q01499,11,5,0,4,0.0734203632632558,39.0,False,0.4944553257362868
2yq2__A1_Q01499--2yq2__B1_Q01499,12,2,3,4,0.0783678210726883,38.21875,False,0.5162681640501853
2yq2__A1_Q01499--2yq2__B1_Q01499,13,2,1,4,0.0707372529158887,38.125,False,0.4954537450307269
2yq2__A1_Q01499--2yq2__B1_Q01499,14,4,3,4,0.082550352981175,37.375,False,0.4817837629240811
2yq2__A1_Q01499--2yq2__B1_Q01499,15,5,3,4,0.0841388045410986,36.8125,False,0.4621516594574541
2yq2__A1_Q01499--2yq2__B1_Q01499,16,2,0,4,0.079821672929332,31.46875,False,0.4180048279088774
2yq2__A1_Q01499--2yq2__B1_Q01499,17,5,1,4,0.0741556630120344,30.921875,False,0.4298075226997897
2yq2__A1_Q01499--2yq2__B1_Q01499,18,3,2,4,0.0559881806753884,28.53125,False,0.402022449956686
2yq2__A1_Q01499--2yq2__B1_Q01499,19,3,1,4,0.0582063211596084,27.59375,False,0.3937254364317913
2yq2__A1_Q01499--2yq2__B1_Q01499,20,2,2,4,0.0500182840969871,23.109375,False,0.37870893344362017
2yx8__A1_O60894--2yx8__A2_O60894,1,2,2,2,0.0410312793502997,40.1875,False,0.6230287144243065
2yx8__A1_O60894--2yx8__A2_O60894,2,5,0,2,0.0353394770785887,39.21875,False,0.6063403890614243
2yx8__A1_O60894--2yx8__A2_O60894,3,4,1,2,0.0340528692219577,31.9375,False,0.591013181136308
2yx8__A1_O60894--2yx8__A2_O60894,4,2,1,2,0.341038775369597,27.953125,True,0.6025756959501424
2yx8__A1_O60894--2yx8__A2_O60894,5,1,1,2,0.0320369211136339,25.765625,False,0.5375428343446426
2yx8__A1_O60894--2yx8__A2_O60894,6,3,0,2,0.0272219357661513,19.0625,False,0.48082633790403156
2yx8__A1_O60894--2yx8__A2_O60894,7,2,3,2,0.3076765110941432,17.171875,True,0.5383754019209736
2yx8__A1_O60894--2yx8__A2_O60894,8,2,0,2,0.275173172592715,16.859375,True,0.5574344637297982
2yx8__A1_O60894--2yx8__A2_O60894,9,1,0,2,0.0146457416856868,13.6328125,False,0.5465194271204931
2yx8__A1_O60894--2yx8__A2_O60894,10,5,3,2,0.0142780338371221,12.8671875,False,0.4425754542029882
2yx8__A1_O60894--2yx8__A2_O60894,11,1,2,2,0.0146120740969532,12.859375,False,0.4980610037749498
2yx8__A1_O60894--2yx8__A2_O60894,12,5,1,2,0.0168168597632619,12.828125,False,0.4492370560738364
2yx8__A1_O60894--2yx8__A2_O60894,13,4,3,2,0.0198362959643004,12.7109375,False,0.47879893365593046
2yx8__A1_O60894--2yx8__A2_O60894,14,5,2,2,0.0184799943514035,12.671875,False,0.46372357467693553
2yx8__A1_O60894--2yx8__A2_O60894,15,4,0,2,0.0176791641425168,12.6328125,False,0.48500298707317446
2yx8__A1_O60894--2yx8__A2_O60894,16,4,2,2,0.0178016392413329,12.5390625,False,0.4911484311842027
2yx8__A1_O60894--2yx8__A2_O60894,17,1,3,2,0.0152971015011847,12.4921875,False,0.4995068489774237
2yx8__A1_O60894--2yx8__A2_O60894,18,3,3,2,0.0165117435814795,12.4375,False,0.4519656821368321
2yx8__A1_O60894--2yx8__A2_O60894,19,3,1,2,0.0363894420442905,12.2421875,False,0.42227239397154215
2yx8__A1_O60894--2yx8__A2_O60894,20,3,2,2,0.0192410564911104,12.03125,False,0.4371774050434285
2z1b__A1_P10518--2z1b__A2_P10518,1,5,2,0,0.0199707040119806,89.5,False,0.6305637859732365
2z1b__A1_P10518--2z1b__A2_P10518,2,5,1,0,0.0200127572814051,89.375,False,0.6182114004128612
2z1b__A1_P10518--2z1b__A2_P10518,3,5,3,0,0.0200218552773726,87.6875,False,0.6032238146900479
2z1b__A1_P10518--2z1b__A2_P10518,4,5,0,0,0.0199932909535497,87.3125,False,0.5923426994695645
2z1b__A1_P10518--2z1b__A2_P10518,5,4,3,0,0.0230982920856562,85.4375,False,0.5784782761688282
2z1b__A1_P10518--2z1b__A2_P10518,6,4,2,0,0.020046461471953,85.0,False,0.5552495072475666
2z1b__A1_P10518--2z1b__A2_P10518,7,4,0,0,0.0201386615337267,85.0,False,0.5684139031961999
2z1b__A1_P10518--2z1b__A2_P10518,8,4,1,0,0.0200232620616969,84.375,False,0.5446955346942114
2z1b__A1_P10518--2z1b__A2_P10518,9,3,2,0,0.0140004602519262,82.1875,False,0.5308548239203897
2z1b__A1_P10518--2z1b__A2_P10518,10,3,0,0,0.0200740829065524,82.0625,False,0.5118160716719812
2z1b__A1_P10518--2z1b__A2_P10518,11,2,3,0,0.0261082235101654,80.875,False,0.49450868620817984
2z1b__A1_P10518--2z1b__A2_P10518,12,2,1,0,0.0200755525717379,80.8125,False,0.49958485834623906
2z1b__A1_P10518--2z1b__A2_P10518,13,3,1,0,0.0140353015521467,80.625,False,0.47566641526238346
2z1b__A1_P10518--2z1b__A2_P10518,14,1,0,0,0.0129286542706266,79.5,False,0.4433966765184884
2z1b__A1_P10518--2z1b__A2_P10518,15,3,3,0,0.0139630144687156,79.3125,False,0.45943629089812554
2z1b__A1_P10518--2z1b__A2_P10518,16,2,0,0,0.0201841739637848,78.1875,False,0.44564800365027907
2z1b__A1_P10518--2z1b__A2_P10518,17,2,2,0,0.0200586205627789,77.75,False,0.4210469169220407
2z1b__A1_P10518--2z1b__A2_P10518,18,1,1,0,0.0141924852734568,77.0,False,0.4107655871983613
2z1b__A1_P10518--2z1b__A2_P10518,19,1,3,0,0.0201054189242063,75.25,False,0.3980731187331781
2z1b__A1_P10518--2z1b__A2_P10518,20,1,2,0,0.0261322592435964,75.0625,False,0.38553478561776405
2zae__A1_O59425--2zae__B1_O59248,1,2,0,2,0.7973690882559433,86.75,True,0.6230287144243065
2zae__A1_O59425--2zae__B1_O59248,2,2,1,2,0.779371068224914,86.0625,True,0.6115736109422036
2zae__A1_O59425--2zae__B1_O59248,3,1,1,2,0.7683982515016062,83.5625,True,0.5999939038543413
2zae__A1_O59425--2zae__B1_O59248,4,3,2,2,0.8050122985447592,81.1875,True,0.5862453479411575
2zae__A1_O59425--2zae__B1_O59248,5,3,1,2,0.8152789462893592,81.125,True,0.5785779308135566
2zae__A1_O59425--2zae__B1_O59248,6,2,2,2,0.4583542062758628,78.6875,True,0.5500403321326995
2zae__A1_O59425--2zae__B1_O59248,7,3,0,2,0.7833964495873934,77.9375,True,0.5774206868015218
2zae__A1_O59425--2zae__B1_O59248,8,4,1,2,0.4726772707380117,77.9375,True,0.5142393799123921
2zae__A1_O59425--2zae__B1_O59248,9,5,0,2,0.4564583767929684,77.625,True,0.521718903261746
2zae__A1_O59425--2zae__B1_O59248,10,1,3,2,0.4587679727811708,77.5625,True,0.5092640047979878
2zae__A1_O59425--2zae__B1_O59248,11,4,0,2,0.4928571651534996,77.375,True,0.4866745003761938
2zae__A1_O59425--2zae__B1_O59248,12,2,3,2,0.470273560554843,77.3125,True,0.4968752312668295
2zae__A1_O59425--2zae__B1_O59248,13,5,1,2,0.436748338565208,77.1875,True,0.48603268535606176
2zae__A1_O59425--2zae__B1_O59248,14,4,3,2,0.4837282444311342,76.875,True,0.461363610545854
2zae__A1_O59425--2zae__B1_O59248,15,1,2,2,0.4408782489592933,76.25,True,0.47606438138370827
2zae__A1_O59425--2zae__B1_O59248,16,5,3,2,0.4715297227681828,75.75,True,0.4372973077090641
2zae__A1_O59425--2zae__B1_O59248,17,4,2,2,0.5065640046400842,74.0,True,0.43513451823111243
2zae__A1_O59425--2zae__B1_O59248,18,5,2,2,0.4566715725850781,73.75,True,0.45003326615449113
2zae__A1_O59425--2zae__B1_O59248,19,3,3,2,0.6563993974412484,72.5,True,0.4058160681097207
2zae__A1_O59425--2zae__B1_O59248,20,1,0,2,0.4597617754395913,69.25,True,0.3967744266854328
2zcm__B1_Q5HKQ1--2zcm__A1_Q5HKQ1,1,1,1,4,0.5181718853140552,74.3125,True,0.6287323427945517
2zcm__B1_Q5HKQ1--2zcm__A1_Q5HKQ1,2,1,2,4,0.613272874298958,69.6875,True,0.6039489394569829
2zcm__B1_Q5HKQ1--2zcm__A1_Q5HKQ1,3,1,0,4,0.6381657624008806,69.25,True,0.6154498340139622
2zcm__B1_Q5HKQ1--2zcm__A1_Q5HKQ1,4,2,2,4,0.0941603051026904,64.5,False,0.590357464945786
2zcm__B1_Q5HKQ1--2zcm__A1_Q5HKQ1,5,5,0,4,0.3891301247051448,63.3125,True,0.5525743397553967
2zcm__B1_Q5HKQ1--2zcm__A1_Q5HKQ1,6,2,3,4,0.5608689483683674,59.875,True,0.5754096237236886
2zcm__B1_Q5HKQ1--2zcm__A1_Q5HKQ1,7,3,3,4,0.33471087124189,59.65625,True,0.5559753569630697
2zcm__B1_Q5HKQ1--2zcm__A1_Q5HKQ1,8,3,0,4,0.0295271646007393,56.875,False,0.5264690214876948
2zcm__B1_Q5HKQ1--2zcm__A1_Q5HKQ1,9,4,1,4,0.3995818843133671,55.96875,True,0.4965289113131157
2zcm__B1_Q5HKQ1--2zcm__A1_Q5HKQ1,10,4,0,4,0.3645306552542295,53.84375,True,0.5217648754396298
2zcm__B1_Q5HKQ1--2zcm__A1_Q5HKQ1,11,5,1,4,0.0616312706315426,53.40625,False,0.4905603985204857
2zcm__B1_Q5HKQ1--2zcm__A1_Q5HKQ1,12,1,3,4,0.3915154874192075,52.21875,True,0.46479485729466724
2zcm__B1_Q5HKQ1--2zcm__A1_Q5HKQ1,13,3,2,4,0.0416055885529054,51.59375,False,0.5236981406721828
2zcm__B1_Q5HKQ1--2zcm__A1_Q5HKQ1,14,4,3,4,0.0748515625520423,48.3125,False,0.4502114255247153
2zcm__B1_Q5HKQ1--2zcm__A1_Q5HKQ1,15,2,0,4,0.0354230927996947,40.875,False,0.4491863779096619
2zcm__B1_Q5HKQ1--2zcm__A1_Q5HKQ1,16,4,2,4,0.353249749506068,40.0,True,0.41745529225984374
2zcm__B1_Q5HKQ1--2zcm__A1_Q5HKQ1,17,2,1,4,0.0456224140870658,37.875,False,0.4394054644132519
2zcm__B1_Q5HKQ1--2zcm__A1_Q5HKQ1,18,3,1,4,0.0426589390489769,34.09375,False,0.4043259238105572
2zcm__B1_Q5HKQ1--2zcm__A1_Q5HKQ1,19,5,2,4,0.0541706771453479,28.171875,False,0.38651343597983917
2zcm__B1_Q5HKQ1--2zcm__A1_Q5HKQ1,20,5,3,4,0.0502295154897005,27.875,False,0.3841352263719524
2zix__A1_Q96NY9--2zix__B1_Q96AY2,1,1,0,2,0.4372363313077486,82.9375,True,0.6213444024058953
2zix__A1_Q96NY9--2zix__B1_Q96AY2,2,1,1,2,0.4306379719685337,81.625,True,0.5990627017911857
2zix__A1_Q96NY9--2zix__B1_Q96AY2,3,1,2,2,0.4365818717442336,81.3125,True,0.5885826656282086
2zix__A1_Q96NY9--2zix__B1_Q96AY2,4,5,3,2,0.4371625113344793,81.3125,True,0.5888788972084831
2zix__A1_Q96NY9--2zix__B1_Q96AY2,5,5,2,2,0.4368915493218061,80.0,True,0.5971489777928399
2zix__A1_Q96NY9--2zix__B1_Q96AY2,6,5,0,2,0.4265725304068408,79.9375,True,0.5746988418146459
2zix__A1_Q96NY9--2zix__B1_Q96AY2,7,1,3,2,0.4360962233352906,79.8125,True,0.5543941410774267
2zix__A1_Q96NY9--2zix__B1_Q96AY2,8,5,1,2,0.4277678209337167,79.6875,True,0.5558830919665869
2zix__A1_Q96NY9--2zix__B1_Q96AY2,9,3,2,2,0.4708145188628928,78.25,True,0.5306939726228399
2zix__A1_Q96NY9--2zix__B1_Q96AY2,10,3,1,2,0.4705771455407491,77.9375,True,0.5231736818928003
2zix__A1_Q96NY9--2zix__B1_Q96AY2,11,4,0,2,0.4334447797887976,77.0625,True,0.5136672875206361
2zix__A1_Q96NY9--2zix__B1_Q96AY2,12,3,3,2,0.4674036143713594,76.625,True,0.47767511735597934
2zix__A1_Q96NY9--2zix__B1_Q96AY2,13,2,0,2,0.4057945261872149,75.9375,True,0.47169743074692805
2zix__A1_Q96NY9--2zix__B1_Q96AY2,14,2,2,2,0.4274032792436746,75.5,True,0.45371933557399946
2zix__A1_Q96NY9--2zix__B1_Q96AY2,15,4,1,2,0.4324704394763914,75.5,True,0.46599761025730996
2zix__A1_Q96NY9--2zix__B1_Q96AY2,16,2,1,2,0.435506776290058,75.4375,True,0.4510034042063951
2zix__A1_Q96NY9--2zix__B1_Q96AY2,17,4,2,2,0.4465507581560829,74.0625,True,0.42269762770075725
2zix__A1_Q96NY9--2zix__B1_Q96AY2,18,2,3,2,0.4399391872135513,74.0625,True,0.40773714242843195
2zix__A1_Q96NY9--2zix__B1_Q96AY2,19,3,0,2,0.3948334610592562,73.875,True,0.41694529651760337
2zix__A1_Q96NY9--2zix__B1_Q96AY2,20,4,3,2,0.4461011515497525,73.4375,True,0.3903959416509898
2zjs__A1_Q5SHQ8--2zjs__B1_P38383,1,4,1,2,0.7105339961219618,87.8125,True,0.6230287144243065
2zjs__A1_Q5SHQ8--2zjs__B1_P38383,2,4,0,2,0.7087044410601141,87.625,True,0.6057361222696558
2zjs__A1_Q5SHQ8--2zjs__B1_P38383,3,4,2,2,0.7090215383586375,87.5,True,0.6016307974347904
2zjs__A1_Q5SHQ8--2zjs__B1_P38383,4,4,3,2,0.7088629791771609,87.4375,True,0.5925773597945708
2zjs__A1_Q5SHQ8--2zjs__B1_P38383,5,3,0,2,0.6999907876641952,86.125,True,0.5669755198145682
2zjs__A1_Q5SHQ8--2zjs__B1_P38383,6,3,1,2,0.6993524962337793,86.0625,True,0.5608607991959803
2zjs__A1_Q5SHQ8--2zjs__B1_P38383,7,5,1,2,0.7028117315157019,85.875,True,0.518006029676766
2zjs__A1_Q5SHQ8--2zjs__B1_P38383,8,5,3,2,0.694052032409412,85.6875,True,0.4472262784112393
2zjs__A1_Q5SHQ8--2zjs__B1_P38383,9,3,2,2,0.6979711913208148,85.6875,True,0.4869194805710224
2zjs__A1_Q5SHQ8--2zjs__B1_P38383,10,3,3,2,0.6984157042357017,85.6875,True,0.5280973458539563
2zjs__A1_Q5SHQ8--2zjs__B1_P38383,11,5,0,2,0.6970675285641231,85.625,True,0.4486438361562161
2zjs__A1_Q5SHQ8--2zjs__B1_P38383,12,2,3,2,0.7042172961362484,85.625,True,0.5397990697583336
2zjs__A1_Q5SHQ8--2zjs__B1_P38383,13,1,1,2,0.6960356460097316,85.5625,True,0.5183902791756242
2zjs__A1_Q5SHQ8--2zjs__B1_P38383,14,2,2,2,0.7010668459516038,85.375,True,0.5102030927492339
2zjs__A1_Q5SHQ8--2zjs__B1_P38383,15,2,0,2,0.7062747691347173,85.375,True,0.4968418605022702
2zjs__A1_Q5SHQ8--2zjs__B1_P38383,16,1,2,2,0.6964388525460844,85.3125,True,0.47322650603092414
2zjs__A1_Q5SHQ8--2zjs__B1_P38383,17,5,2,2,0.7019150095380221,85.3125,True,0.4313033526952237
2zjs__A1_Q5SHQ8--2zjs__B1_P38383,18,2,1,2,0.7015620427107468,84.9375,True,0.43477071627131125
2zjs__A1_Q5SHQ8--2zjs__B1_P38383,19,1,3,2,0.6996579690226395,84.875,True,0.408015461339087
2zjs__A1_Q5SHQ8--2zjs__B1_P38383,20,1,0,2,0.699204635197814,84.875,True,0.41214511386109876
3a7m__B1_P0A1N2--3a7m__A1_P0A1N2,1,4,2,2,0.0351376732208971,74.5625,False,0.6230287144243065
3a7m__B1_P0A1N2--3a7m__A1_P0A1N2,2,4,1,2,0.0351329581489597,74.0625,False,0.6063403890614243
3a7m__B1_P0A1N2--3a7m__A1_P0A1N2,3,4,0,2,0.0351674998771909,73.875,False,0.5947080596649367
3a7m__B1_P0A1N2--3a7m__A1_P0A1N2,4,4,3,2,0.0351358260743431,73.1875,False,0.5776159705065815
3a7m__B1_P0A1N2--3a7m__A1_P0A1N2,5,1,2,2,0.3400801515488538,69.875,True,0.5957092838180628
3a7m__B1_P0A1N2--3a7m__A1_P0A1N2,6,2,2,2,0.3613722062879346,69.5,True,0.5654038432715633
3a7m__B1_P0A1N2--3a7m__A1_P0A1N2,7,1,1,2,0.3458785694199706,69.0625,True,0.5569362239647156
3a7m__B1_P0A1N2--3a7m__A1_P0A1N2,8,1,3,2,0.3476084435189924,64.4375,True,0.5247359337802817
3a7m__B1_P0A1N2--3a7m__A1_P0A1N2,9,5,0,2,0.0352648264060499,64.25,False,0.5226450751898137
3a7m__B1_P0A1N2--3a7m__A1_P0A1N2,10,2,1,2,0.3426789824227451,63.21875,True,0.5214612582039913
3a7m__B1_P0A1N2--3a7m__A1_P0A1N2,11,1,0,2,0.3369565784253363,62.90625,True,0.5049306603501249
3a7m__B1_P0A1N2--3a7m__A1_P0A1N2,12,5,3,2,0.0233263160194599,59.53125,False,0.514277422360241
3a7m__B1_P0A1N2--3a7m__A1_P0A1N2,13,5,2,2,0.0233626603931273,56.0,False,0.4851782054023283
3a7m__B1_P0A1N2--3a7m__A1_P0A1N2,14,5,1,2,0.0235624540805294,50.25,False,0.44474689357134767
3a7m__B1_P0A1N2--3a7m__A1_P0A1N2,15,3,3,2,0.0317900749439664,47.15625,False,0.4488630872752457
3a7m__B1_P0A1N2--3a7m__A1_P0A1N2,16,2,3,2,0.33077520801005,43.125,True,0.4483060553152276
3a7m__B1_P0A1N2--3a7m__A1_P0A1N2,17,3,2,2,0.0179386017592851,41.53125,False,0.44462196406280985
3a7m__B1_P0A1N2--3a7m__A1_P0A1N2,18,3,1,2,0.0195703876227286,34.34375,False,0.40909538286209113
3a7m__B1_P0A1N2--3a7m__A1_P0A1N2,19,2,0,2,0.0221009754402126,33.8125,False,0.41747509953436995
3a7m__B1_P0A1N2--3a7m__A1_P0A1N2,20,3,0,2,0.019025412260751,29.875,False,0.39880644589902986
3a98__B1_Q92556--3a98__A1_Q92608,1,4,0,4,0.6250539174745133,80.6875,True,0.6238783377762147
3a98__B1_Q92556--3a98__A1_Q92608,2,4,1,4,0.7110069364039727,80.5625,True,0.6209876410925594
3a98__B1_Q92556--3a98__A1_Q92608,3,5,2,4,0.6878603218552088,79.0625,True,0.589289896016842
3a98__B1_Q92556--3a98__A1_Q92608,4,5,1,4,0.691920907831605,78.75,True,0.5926445120586147
3a98__B1_Q92556--3a98__A1_Q92608,5,4,3,4,0.7302172027650787,78.625,True,0.5918053253109204
3a98__B1_Q92556--3a98__A1_Q92608,6,1,2,4,0.7105607166785841,77.375,True,0.5587267242555923
3a98__B1_Q92556--3a98__A1_Q92608,7,2,2,4,0.6958311947131546,77.0625,True,0.5313464294218574
3a98__B1_Q92556--3a98__A1_Q92608,8,5,3,4,0.701441860617399,77.0625,True,0.5021515095877781
3a98__B1_Q92556--3a98__A1_Q92608,9,5,0,4,0.6884966243284728,76.75,True,0.5370202533635261
3a98__B1_Q92556--3a98__A1_Q92608,10,2,3,4,0.7034220539489765,76.5,True,0.49732929407417187
3a98__B1_Q92556--3a98__A1_Q92608,11,2,0,4,0.7134232396513985,75.9375,True,0.5029538683518415
3a98__B1_Q92556--3a98__A1_Q92608,12,4,2,4,0.6527784371692016,75.8125,True,0.5296738700875643
3a98__B1_Q92556--3a98__A1_Q92608,13,1,1,4,0.6872856960207209,75.125,True,0.44802336374021845
3a98__B1_Q92556--3a98__A1_Q92608,14,2,1,4,0.6937608219890851,74.8125,True,0.47031150910352165
3a98__B1_Q92556--3a98__A1_Q92608,15,1,0,4,0.6765204633088793,73.1875,True,0.45109477348349386
3a98__B1_Q92556--3a98__A1_Q92608,16,1,3,4,0.7244234664664232,72.0,True,0.4385933177765634
3a98__B1_Q92556--3a98__A1_Q92608,17,3,0,4,0.6574130998332399,63.25,True,0.4173424096814983
3a98__B1_Q92556--3a98__A1_Q92608,18,3,2,4,0.6894295020799944,62.8125,True,0.4043259238105572
3a98__B1_Q92556--3a98__A1_Q92608,19,3,1,4,0.6814367219092358,59.25,True,0.3914426683468919
3a98__B1_Q92556--3a98__A1_Q92608,20,3,3,4,0.6678616287905457,57.3125,True,0.37870893344362017
3aon__A1_P43435--3aon__B1_P43455,1,4,0,0,0.6391050819746291,84.375,True,0.6179751824484512
3aon__A1_P43435--3aon__B1_P43455,2,4,1,0,0.6230126895168374,84.125,True,0.6245251635429254
3aon__A1_P43435--3aon__B1_P43455,3,4,2,0,0.5878386934113596,82.9375,True,0.5633910719195785
3aon__A1_P43435--3aon__B1_P43455,4,4,3,0,0.6325962671067252,82.375,True,0.5834502251070898
3aon__A1_P43435--3aon__B1_P43455,5,5,3,0,0.6246461893699485,80.6875,True,0.5500073408571307
3aon__A1_P43435--3aon__B1_P43455,6,3,1,0,0.618625663013577,80.3125,True,0.5721723220297378
3aon__A1_P43435--3aon__B1_P43455,7,3,0,0,0.6181536089392591,79.75,True,0.5431416029291202
3aon__A1_P43435--3aon__B1_P43455,8,5,2,0,0.639828368651456,79.75,True,0.49470632364408984
3aon__A1_P43435--3aon__B1_P43455,9,3,2,0,0.6235460698396362,79.6875,True,0.5342116894492992
3aon__A1_P43435--3aon__B1_P43455,10,2,2,0,0.6170034668391498,79.25,True,0.5666801264536301
3aon__A1_P43435--3aon__B1_P43455,11,3,3,0,0.6060312104912433,78.6875,True,0.48408591434506437
3aon__A1_P43435--3aon__B1_P43455,12,1,3,0,0.5043878338053708,78.625,True,0.5283252310375434
3aon__A1_P43435--3aon__B1_P43455,13,5,0,0,0.4400347605306975,78.375,True,0.4594371381572259
3aon__A1_P43435--3aon__B1_P43455,14,2,1,0,0.6151081080646189,77.625,True,0.4809342918923565
3aon__A1_P43435--3aon__B1_P43455,15,5,1,0,0.5777021195703633,77.5,True,0.4355971800435594
3aon__A1_P43435--3aon__B1_P43455,16,2,3,0,0.6130037998831952,77.125,True,0.4878446219057724
3aon__A1_P43435--3aon__B1_P43455,17,1,0,0,0.5345849581818931,76.125,True,0.43711919811085204
3aon__A1_P43435--3aon__B1_P43455,18,1,2,0,0.5294449196360461,75.1875,True,0.4194556617572391
3aon__A1_P43435--3aon__B1_P43455,19,2,0,0,0.5946411275502795,74.5,True,0.39380290113678706
3aon__A1_P43435--3aon__B1_P43455,20,1,1,0,0.5300227896870778,74.0,True,0.3919053381068403
3axj__B1_Q9VF77--3axj__A1_Q7JVK6,1,1,2,1,0.7396338531998136,85.8125,True,0.6147753538880453
3axj__B1_Q9VF77--3axj__A1_Q7JVK6,2,1,1,1,0.743436316085858,85.75,True,0.6222975632201196
3axj__B1_Q9VF77--3axj__A1_Q7JVK6,3,1,0,1,0.7526153883864817,85.625,True,0.5959965591629252
3axj__B1_Q9VF77--3axj__A1_Q7JVK6,4,1,3,1,0.7348872738380209,85.4375,True,0.592856503093883
3axj__B1_Q9VF77--3axj__A1_Q7JVK6,5,2,0,1,0.7260316946971748,84.0,True,0.5496855370298428
3axj__B1_Q9VF77--3axj__A1_Q7JVK6,6,2,1,1,0.7395004041495258,83.9375,True,0.5706498517190777
3axj__B1_Q9VF77--3axj__A1_Q7JVK6,7,2,2,1,0.6806530731320852,83.4375,True,0.5480241552747053
3axj__B1_Q9VF77--3axj__A1_Q7JVK6,8,4,2,1,0.7467536923667449,83.0,True,0.5425462606044492
3axj__B1_Q9VF77--3axj__A1_Q7JVK6,9,2,3,1,0.737808593362113,82.9375,True,0.5095742649691625
3axj__B1_Q9VF77--3axj__A1_Q7JVK6,10,5,2,1,0.7198102988025911,82.875,True,0.5150381087944453
3axj__B1_Q9VF77--3axj__A1_Q7JVK6,11,4,0,1,0.7272092898742191,82.875,True,0.5218207804035256
3axj__B1_Q9VF77--3axj__A1_Q7JVK6,12,4,1,1,0.7372790562036111,82.75,True,0.4596582290487785
3axj__B1_Q9VF77--3axj__A1_Q7JVK6,13,5,1,1,0.7274065734524217,82.5625,True,0.47351879597832014
3axj__B1_Q9VF77--3axj__A1_Q7JVK6,14,3,0,1,0.7291226584718604,82.5,True,0.4335405302560891
3axj__B1_Q9VF77--3axj__A1_Q7JVK6,15,5,0,1,0.7276587604884334,82.4375,True,0.45922160023789527
3axj__B1_Q9VF77--3axj__A1_Q7JVK6,16,5,3,1,0.7451711271367302,82.4375,True,0.44368450589836517
3axj__B1_Q9VF77--3axj__A1_Q7JVK6,17,4,3,1,0.7376517401884387,82.375,True,0.4562425404857849
3axj__B1_Q9VF77--3axj__A1_Q7JVK6,18,3,1,1,0.6876678874898965,81.375,True,0.403782056181455
3axj__B1_Q9VF77--3axj__A1_Q7JVK6,19,3,2,1,0.68822526593246,81.3125,True,0.42271429180580133
3axj__B1_Q9VF77--3axj__A1_Q7JVK6,20,3,3,1,0.6564548427897479,80.875,True,0.4033128028932295
3b42__B1_Q74EM7--3b42__A1_Q74EM7,1,1,3,4,0.0447166376461056,77.625,False,0.6175773547143699
3b42__B1_Q74EM7--3b42__A1_Q74EM7,2,1,2,4,0.0447603887544794,77.3125,False,0.618326102073154
3b42__B1_Q74EM7--3b42__A1_Q74EM7,3,1,0,4,0.0448721294991523,76.875,False,0.5944349037919061
3b42__B1_Q74EM7--3b42__A1_Q74EM7,4,1,1,4,0.0448819083969509,76.875,False,0.6083529638955695
3b42__B1_Q74EM7--3b42__A1_Q74EM7,5,4,3,4,0.5497553030829033,59.71875,True,0.5647856077407478
3b42__B1_Q74EM7--3b42__A1_Q74EM7,6,2,2,4,0.5298995561360973,57.1875,True,0.5111531351666839
3b42__B1_Q74EM7--3b42__A1_Q74EM7,7,4,0,4,0.5506947680557536,56.0,True,0.5505701461322374
3b42__B1_Q74EM7--3b42__A1_Q74EM7,8,4,1,4,0.5201854856816178,52.3125,True,0.4997546612217273
3b42__B1_Q74EM7--3b42__A1_Q74EM7,9,2,3,4,0.5034350119178287,50.4375,True,0.4629108772657103
3b42__B1_Q74EM7--3b42__A1_Q74EM7,10,2,1,4,0.5709538095865857,49.71875,True,0.46149009237391175
3b42__B1_Q74EM7--3b42__A1_Q74EM7,11,2,0,4,0.5641077052185679,44.65625,True,0.4233325513482331
3b42__B1_Q74EM7--3b42__A1_Q74EM7,12,3,0,4,0.0485028662669275,43.0,False,0.5435898106606174
3b42__B1_Q74EM7--3b42__A1_Q74EM7,13,3,3,4,0.0505000593717977,37.8125,False,0.5158728396121703
3b42__B1_Q74EM7--3b42__A1_Q74EM7,14,3,1,4,0.0533033924097435,35.40625,False,0.5003539852628733
3b42__B1_Q74EM7--3b42__A1_Q74EM7,15,5,0,4,0.0502494148023423,34.4375,False,0.48263133397272995
3b42__B1_Q74EM7--3b42__A1_Q74EM7,16,5,1,4,0.0504507265469937,33.6875,False,0.4685401567726215
3b42__B1_Q74EM7--3b42__A1_Q74EM7,17,3,2,4,0.0538511657096088,33.34375,False,0.4444108359018058
3b42__B1_Q74EM7--3b42__A1_Q74EM7,18,5,3,4,0.0511369843645179,26.78125,False,0.42683419882526996
3b42__B1_Q74EM7--3b42__A1_Q74EM7,19,5,2,4,0.0469632454082959,23.4375,False,0.3981743262011251
3b42__B1_Q74EM7--3b42__A1_Q74EM7,20,4,2,4,0.0604426047275928,22.421875,False,0.3833934560245381
3b4y__A1_P9WNE1--3b4y__B1_P9WNE1,1,3,3,4,0.906790973399792,94.0625,True,0.562447938455383
3b4y__A1_P9WNE1--3b4y__B1_P9WNE1,2,5,0,4,0.7920760286671115,94.0625,True,0.6245487193407313
3b4y__A1_P9WNE1--3b4y__B1_P9WNE1,3,4,3,4,0.8065185827715696,94.0,True,0.5857012563029627
3b4y__A1_P9WNE1--3b4y__B1_P9WNE1,4,5,1,4,0.8943331810515763,93.9375,True,0.5855854922431707
3b4y__A1_P9WNE1--3b4y__B1_P9WNE1,5,4,2,4,0.8315050544520025,93.9375,True,0.5431960887618354
3b4y__A1_P9WNE1--3b4y__B1_P9WNE1,6,3,1,4,0.9102741876685988,93.875,True,0.511318120036925
3b4y__A1_P9WNE1--3b4y__B1_P9WNE1,7,5,3,4,0.9083500395237616,93.875,True,0.5332968794450811
3b4y__A1_P9WNE1--3b4y__B1_P9WNE1,8,1,3,4,0.8093688722373237,93.875,True,0.5573391228646366
3b4y__A1_P9WNE1--3b4y__B1_P9WNE1,9,3,2,4,0.9171971552896656,93.8125,True,0.48139742170374367
3b4y__A1_P9WNE1--3b4y__B1_P9WNE1,10,1,2,4,0.8138948277804928,93.8125,True,0.48146795932167435
3b4y__A1_P9WNE1--3b4y__B1_P9WNE1,11,4,1,4,0.8120796777867776,93.8125,True,0.49771880145033986
3b4y__A1_P9WNE1--3b4y__B1_P9WNE1,12,3,0,4,0.912568397465793,93.8125,True,0.532534836184786
3b4y__A1_P9WNE1--3b4y__B1_P9WNE1,13,4,0,4,0.8037522957962989,93.75,True,0.49122242910624897
3b4y__A1_P9WNE1--3b4y__B1_P9WNE1,14,1,0,4,0.8044474758910288,93.75,True,0.4870336443541389
3b4y__A1_P9WNE1--3b4y__B1_P9WNE1,15,5,2,4,0.8992830426215042,93.6875,True,0.44792604865353697
3b4y__A1_P9WNE1--3b4y__B1_P9WNE1,16,1,1,4,0.8057338184045063,93.6875,True,0.46529418830201935
3b4y__A1_P9WNE1--3b4y__B1_P9WNE1,17,2,1,4,0.789004559061491,93.5,True,0.44166251969760223
3b4y__A1_P9WNE1--3b4y__B1_P9WNE1,18,2,2,4,0.7994587801419453,93.375,True,0.4137742333970021
3b4y__A1_P9WNE1--3b4y__B1_P9WNE1,19,2,3,4,0.8023309754797251,93.375,True,0.427653005032585
3b4y__A1_P9WNE1--3b4y__B1_P9WNE1,20,2,0,4,0.8093569196076622,93.3125,True,0.4061314134833466
3cam__A1_Q9JZZ4--3cam__B1_Q9JZZ4,1,3,0,1,0.3894621841887382,58.1875,True,0.575166195335533
3cam__A1_Q9JZZ4--3cam__B1_Q9JZZ4,2,3,1,1,0.3806076966405634,57.96875,True,0.5714912001526479
3cam__A1_Q9JZZ4--3cam__B1_Q9JZZ4,3,2,2,1,0.4724671012608128,57.96875,True,0.5955061149202038
3cam__A1_Q9JZZ4--3cam__B1_Q9JZZ4,4,2,0,1,0.422343414526969,57.6875,True,0.5520160619735753
3cam__A1_Q9JZZ4--3cam__B1_Q9JZZ4,5,1,2,1,0.4103873991760302,57.65625,True,0.5901068913704339
3cam__A1_Q9JZZ4--3cam__B1_Q9JZZ4,6,1,0,1,0.4074550524693239,57.375,True,0.5757819684782643
3cam__A1_Q9JZZ4--3cam__B1_Q9JZZ4,7,5,2,1,0.4311141669879645,57.0,True,0.5652073159091288
3cam__A1_Q9JZZ4--3cam__B1_Q9JZZ4,8,3,3,1,0.4424520596762207,56.90625,True,0.532980636472481
3cam__A1_Q9JZZ4--3cam__B1_Q9JZZ4,9,4,2,1,0.4268375730714198,56.28125,True,0.558639010621243
3cam__A1_Q9JZZ4--3cam__B1_Q9JZZ4,10,5,3,1,0.4296019538952444,55.875,True,0.5235713590791575
3cam__A1_Q9JZZ4--3cam__B1_Q9JZZ4,11,5,1,1,0.436565063460663,55.75,True,0.4915100783461148
3cam__A1_Q9JZZ4--3cam__B1_Q9JZZ4,12,3,2,1,0.4638977339206684,55.28125,True,0.48094716235597207
3cam__A1_Q9JZZ4--3cam__B1_Q9JZZ4,13,4,0,1,0.4178629546862793,55.25,True,0.5113590268495243
3cam__A1_Q9JZZ4--3cam__B1_Q9JZZ4,14,4,3,1,0.4354549019814175,55.0625,True,0.4677026721298775
3cam__A1_Q9JZZ4--3cam__B1_Q9JZZ4,15,1,1,1,0.4875366477522447,54.84375,True,0.46984613843001244
3cam__A1_Q9JZZ4--3cam__B1_Q9JZZ4,16,4,1,1,0.4377897352235961,54.8125,True,0.45318462515103664
3cam__A1_Q9JZZ4--3cam__B1_Q9JZZ4,17,5,0,1,0.4550700325634495,54.15625,True,0.4244816161246549
3cam__A1_Q9JZZ4--3cam__B1_Q9JZZ4,18,1,3,1,0.4063928702004369,52.84375,True,0.41024958992209287
3cam__A1_Q9JZZ4--3cam__B1_Q9JZZ4,19,2,1,1,0.4327429393824442,51.9375,True,0.4041325466993279
3cam__A1_Q9JZZ4--3cam__B1_Q9JZZ4,20,2,3,1,0.4251726781948641,47.5,True,0.38899374084502214
3cbk__A1_P07858--3cbk__B1_Q966X9,1,4,2,3,0.7470958969330256,90.8125,True,0.6052711205371746
3cbk__A1_P07858--3cbk__B1_Q966X9,2,4,3,3,0.7116633135467912,90.6875,True,0.5869894884991447
3cbk__A1_P07858--3cbk__B1_Q966X9,3,4,1,3,0.7550044822825637,90.6875,True,0.608608656464785
3cbk__A1_P07858--3cbk__B1_Q966X9,4,1,1,3,0.762331261436984,90.5625,True,0.6183543930516301
3cbk__A1_P07858--3cbk__B1_Q966X9,5,4,0,3,0.7132983095631306,90.375,True,0.5451553083496314
3cbk__A1_P07858--3cbk__B1_Q966X9,6,2,2,3,0.7313127556050644,90.25,True,0.5729614065009029
3cbk__A1_P07858--3cbk__B1_Q966X9,7,3,1,3,0.7452153074138078,90.1875,True,0.5574551625423515
3cbk__A1_P07858--3cbk__B1_Q966X9,8,1,2,3,0.7224907680865907,90.0,True,0.5590737911557863
3cbk__A1_P07858--3cbk__B1_Q966X9,9,3,3,3,0.6880194579545892,89.75,True,0.4688694131976793
3cbk__A1_P07858--3cbk__B1_Q966X9,10,3,2,3,0.7412214826708268,89.6875,True,0.498035311313155
3cbk__A1_P07858--3cbk__B1_Q966X9,11,1,3,3,0.713036527825282,89.625,True,0.5130376590297374
3cbk__A1_P07858--3cbk__B1_Q966X9,12,2,1,3,0.7322788265978195,89.625,True,0.47555963954048613
3cbk__A1_P07858--3cbk__B1_Q966X9,13,1,0,3,0.7624464462641058,89.5625,True,0.5102273653873378
3cbk__A1_P07858--3cbk__B1_Q966X9,14,2,0,3,0.6873726263027482,89.4375,True,0.46697367953459606
3cbk__A1_P07858--3cbk__B1_Q966X9,15,3,0,3,0.6942707819155766,89.375,True,0.4427313952882962
3cbk__A1_P07858--3cbk__B1_Q966X9,16,5,2,3,0.6789632510600208,89.3125,True,0.41987573273949835
3cbk__A1_P07858--3cbk__B1_Q966X9,17,2,3,3,0.6817830758276372,89.3125,True,0.42905284294430657
3cbk__A1_P07858--3cbk__B1_Q966X9,18,5,0,3,0.6907575010385237,89.25,True,0.46586845673928234
3cbk__A1_P07858--3cbk__B1_Q966X9,19,5,3,3,0.6617882542699611,89.1875,True,0.39133582645812565
3cbk__A1_P07858--3cbk__B1_Q966X9,20,5,1,3,0.7350657215943829,89.125,True,0.4139044389963663
3cnu__A1_O28738--3cnu__A2_O28738,1,5,3,4,0.7346152476683162,78.125,True,0.6287323427945517
3cnu__A1_O28738--3cnu__A2_O28738,2,4,2,4,0.6361247196040476,68.4375,True,0.616094207551083
3cnu__A1_O28738--3cnu__A2_O28738,3,5,1,4,0.6486766063878503,65.75,True,0.5910159437650581
3cnu__A1_O28738--3cnu__A2_O28738,4,4,3,4,0.6789057551702934,65.5,True,0.6026453070943162
3cnu__A1_O28738--3cnu__A2_O28738,5,4,0,4,0.6365781811376778,56.0,True,0.5772912800926199
3cnu__A1_O28738--3cnu__A2_O28738,6,3,3,4,0.3224021806281225,40.1875,True,0.5545638655719384
3cnu__A1_O28738--3cnu__A2_O28738,7,5,2,4,0.1810226543380975,39.96875,False,0.5074391623784501
3cnu__A1_O28738--3cnu__A2_O28738,8,5,0,4,0.5208097348137857,36.875,True,0.5329884143921865
3cnu__A1_O28738--3cnu__A2_O28738,9,4,1,4,0.5510259721443487,34.46875,True,0.5310028011954452
3cnu__A1_O28738--3cnu__A2_O28738,10,3,1,4,0.0906663062277924,33.78125,False,0.49240838293492994
3cnu__A1_O28738--3cnu__A2_O28738,11,1,2,4,0.0897266600351967,29.875,False,0.4896609740605709
3cnu__A1_O28738--3cnu__A2_O28738,12,3,0,4,0.1990952547850397,29.703125,False,0.5013519412395934
3cnu__A1_O28738--3cnu__A2_O28738,13,3,2,4,0.1332580288899938,29.109375,False,0.4894861039965327
3cnu__A1_O28738--3cnu__A2_O28738,14,1,1,4,0.071382827674247,27.890625,False,0.4397255700023191
3cnu__A1_O28738--3cnu__A2_O28738,15,1,3,4,0.0609888508107556,26.625,False,0.4284913686334269
3cnu__A1_O28738--3cnu__A2_O28738,16,2,3,4,0.1114571785030409,26.46875,False,0.4539768597276476
3cnu__A1_O28738--3cnu__A2_O28738,17,1,0,4,0.0639883117827754,26.09375,False,0.40013386157363173
3cnu__A1_O28738--3cnu__A2_O28738,18,2,0,4,0.074155931624155,25.5,False,0.43609198591085263
3cnu__A1_O28738--3cnu__A2_O28738,19,2,2,4,0.0760777552345172,24.328125,False,0.4067869140201939
3cnu__A1_O28738--3cnu__A2_O28738,20,2,1,4,0.0794426533383088,24.03125,False,0.39620154355914716
3co5__A1_Q5F5Q1--3co5__B1_Q5F5Q1,1,5,3,1,0.0112997247150476,78.625,False,0.621947570982089
3co5__A1_Q5F5Q1--3co5__B1_Q5F5Q1,2,3,1,1,0.0111717102322952,78.5625,False,0.6151278771287898
3co5__A1_Q5F5Q1--3co5__B1_Q5F5Q1,3,2,3,1,0.0117093308115669,69.5,False,0.5979068097299904
3co5__A1_Q5F5Q1--3co5__B1_Q5F5Q1,4,1,2,1,0.2891837409268331,66.9375,True,0.5583412688327539
3co5__A1_Q5F5Q1--3co5__B1_Q5F5Q1,5,4,3,1,0.0232912573742185,61.28125,False,0.5822443789652042
3co5__A1_Q5F5Q1--3co5__B1_Q5F5Q1,6,2,2,1,0.0110205535154194,54.5625,False,0.5775876320473169
3co5__A1_Q5F5Q1--3co5__B1_Q5F5Q1,7,4,1,1,0.0246260390534953,37.1875,False,0.5458188553680293
3co5__A1_Q5F5Q1--3co5__B1_Q5F5Q1,8,1,3,1,0.0123184502448471,34.15625,False,0.5492361299076146
3co5__A1_Q5F5Q1--3co5__B1_Q5F5Q1,9,3,0,1,0.0168497136906123,27.71875,False,0.5031994685358727
3co5__A1_Q5F5Q1--3co5__B1_Q5F5Q1,10,3,2,1,0.0181142878382344,27.5,False,0.4886037212105855
3co5__A1_Q5F5Q1--3co5__B1_Q5F5Q1,11,4,0,1,0.0174059259734113,27.328125,False,0.5201167760706279
3co5__A1_Q5F5Q1--3co5__B1_Q5F5Q1,12,3,3,1,0.0176383272440206,27.3125,False,0.519843316660494
3co5__A1_Q5F5Q1--3co5__B1_Q5F5Q1,13,4,2,1,0.0248825932757673,26.40625,False,0.4798106713117238
3co5__A1_Q5F5Q1--3co5__B1_Q5F5Q1,14,5,0,1,0.0232302686809376,25.28125,False,0.45291460293709435
3co5__A1_Q5F5Q1--3co5__B1_Q5F5Q1,15,2,0,1,0.016588831710826,24.625,False,0.4548826080781195
3co5__A1_Q5F5Q1--3co5__B1_Q5F5Q1,16,5,2,1,0.0238158854577081,23.171875,False,0.4278382244355753
3co5__A1_Q5F5Q1--3co5__B1_Q5F5Q1,17,5,1,1,0.0210304935531474,22.875,False,0.423182026208388
3co5__A1_Q5F5Q1--3co5__B1_Q5F5Q1,18,2,1,1,0.0229298805701005,22.640625,False,0.42031413499346926
3co5__A1_Q5F5Q1--3co5__B1_Q5F5Q1,19,1,0,1,0.0316394550358828,21.171875,False,0.3952507943154281
3co5__A1_Q5F5Q1--3co5__B1_Q5F5Q1,20,1,1,1,0.0327904719587259,21.015625,False,0.4055213041238237
3ct4__A1_Q9CIV8--3ct4__A2_Q9CIV8,1,4,0,0,0.006451370471711,95.5625,False,0.6329712477370124
3ct4__A1_Q9CIV8--3ct4__A2_Q9CIV8,2,4,3,0,0.0064533118316262,95.375,False,0.5790298887962213
3ct4__A1_Q9CIV8--3ct4__A2_Q9CIV8,3,4,2,0,0.0064429884613828,95.375,False,0.5813989882774665
3ct4__A1_Q9CIV8--3ct4__A2_Q9CIV8,4,3,0,0,0.0064350791320587,95.3125,False,0.6017277237429233
3ct4__A1_Q9CIV8--3ct4__A2_Q9CIV8,5,2,1,0,0.0064300178066633,95.3125,False,0.5899683697388528
3ct4__A1_Q9CIV8--3ct4__A2_Q9CIV8,6,2,3,0,0.0064455346992412,95.25,False,0.5819950854704843
3ct4__A1_Q9CIV8--3ct4__A2_Q9CIV8,7,3,2,0,0.0064457511903605,95.25,False,0.546496982810273
3ct4__A1_Q9CIV8--3ct4__A2_Q9CIV8,8,5,1,0,0.0064124440563548,95.1875,False,0.5320259365899811
3ct4__A1_Q9CIV8--3ct4__A2_Q9CIV8,9,2,2,0,0.0064283263568522,95.1875,False,0.542061590500309
3ct4__A1_Q9CIV8--3ct4__A2_Q9CIV8,10,5,3,0,0.0064283417992209,95.125,False,0.5331420408496387
3ct4__A1_Q9CIV8--3ct4__A2_Q9CIV8,11,1,2,0,0.0064450206750589,94.9375,False,0.49150903535737067
3ct4__A1_Q9CIV8--3ct4__A2_Q9CIV8,12,2,0,0,0.0064536782917347,94.9375,False,0.4964201682926551
3ct4__A1_Q9CIV8--3ct4__A2_Q9CIV8,13,1,0,0,0.0064519100158813,94.9375,False,0.46930164643341965
3ct4__A1_Q9CIV8--3ct4__A2_Q9CIV8,14,3,1,0,0.0064396727229587,94.875,False,0.4714828180730207
3ct4__A1_Q9CIV8--3ct4__A2_Q9CIV8,15,5,2,0,0.0064308211273013,94.8125,False,0.45370169788272496
3ct4__A1_Q9CIV8--3ct4__A2_Q9CIV8,16,1,1,0,0.0064577236365809,94.75,False,0.4375725108241742
3ct4__A1_Q9CIV8--3ct4__A2_Q9CIV8,17,1,3,0,0.0064527041529293,94.6875,False,0.4203129849216614
3ct4__A1_Q9CIV8--3ct4__A2_Q9CIV8,18,3,3,0,0.0064529220537521,94.4375,False,0.396865861219014
3ct4__A1_Q9CIV8--3ct4__A2_Q9CIV8,19,5,0,0,0.0064753826142937,94.1875,False,0.40361778555704364
3ct4__A1_Q9CIV8--3ct4__A2_Q9CIV8,20,4,1,0,0.006393968045187,92.8125,False,0.4064948745100154
3ctv__A1_O28011--3ctv__A2_O28011,1,4,3,4,0.0452558188520313,82.0,False,0.627731618874356
3ctv__A1_O28011--3ctv__A2_O28011,2,5,3,4,0.0456852806681871,81.375,False,0.6178523545705155
3ctv__A1_O28011--3ctv__A2_O28011,3,4,2,4,0.0459230610617514,79.75,False,0.6024859435346253
3ctv__A1_O28011--3ctv__A2_O28011,4,5,1,4,0.0466990612538207,79.5625,False,0.5911202535833516
3ctv__A1_O28011--3ctv__A2_O28011,5,3,3,4,0.047965396084094,75.75,False,0.5702371324188219
3ctv__A1_O28011--3ctv__A2_O28011,6,4,0,4,0.046259769957926,74.1875,False,0.5560155374237405
3ctv__A1_O28011--3ctv__A2_O28011,7,2,1,4,0.0523067877953421,73.5,False,0.5427024641911786
3ctv__A1_O28011--3ctv__A2_O28011,8,1,1,4,0.0339824054048624,70.9375,False,0.5337331593542888
3ctv__A1_O28011--3ctv__A2_O28011,9,1,3,4,0.0427535662812734,70.875,False,0.5330958321079573
3ctv__A1_O28011--3ctv__A2_O28011,10,1,2,4,0.0412156581513294,69.0625,False,0.4871022667153173
3ctv__A1_O28011--3ctv__A2_O28011,11,1,0,4,0.0452425034631908,68.0,False,0.497246395577644
3ctv__A1_O28011--3ctv__A2_O28011,12,3,0,4,0.1599679094256976,60.1875,False,0.4673280548727784
3ctv__A1_O28011--3ctv__A2_O28011,13,3,2,4,0.1717059243158255,59.84375,False,0.4786295545536955
3ctv__A1_O28011--3ctv__A2_O28011,14,5,0,4,0.6388921968046356,54.59375,True,0.5064712694270915
3ctv__A1_O28011--3ctv__A2_O28011,15,5,2,4,0.6438220004092705,37.46875,True,0.4303693088172267
3ctv__A1_O28011--3ctv__A2_O28011,16,3,1,4,0.5788280190369172,36.25,True,0.4152165778924563
3ctv__A1_O28011--3ctv__A2_O28011,17,2,2,4,0.4333976108448547,27.40625,True,0.4418050324336278
3ctv__A1_O28011--3ctv__A2_O28011,18,2,3,4,0.0630615336937523,26.515625,False,0.3860068183050634
3ctv__A1_O28011--3ctv__A2_O28011,19,4,1,4,0.3848036725983894,26.484375,True,0.38691918194238256
3ctv__A1_O28011--3ctv__A2_O28011,20,2,0,4,0.4184299830989963,25.71875,True,0.4055337214091045
3cwf__A1_P23545--3cwf__B1_P23545,1,1,3,3,0.1369285312703626,87.75,False,0.6238507407359268
3cwf__A1_P23545--3cwf__B1_P23545,2,1,0,3,0.2111870827423562,86.5625,False,0.6120381512938262
3cwf__A1_P23545--3cwf__B1_P23545,3,1,2,3,0.2091947831246957,85.375,False,0.5969130031648204
3cwf__A1_P23545--3cwf__B1_P23545,4,3,2,3,0.1987226686985819,85.25,False,0.5912278971156125
3cwf__A1_P23545--3cwf__B1_P23545,5,4,3,3,0.1679990326602796,79.125,False,0.5718846086575426
3cwf__A1_P23545--3cwf__B1_P23545,6,3,3,3,0.2018335045986859,77.625,False,0.5597829250921583
3cwf__A1_P23545--3cwf__B1_P23545,7,5,1,3,0.206639043798567,75.5625,False,0.5590696806391725
3cwf__A1_P23545--3cwf__B1_P23545,8,3,0,3,0.2005819246952947,72.0,False,0.5284053386801968
3cwf__A1_P23545--3cwf__B1_P23545,9,4,1,3,0.1842317855965659,71.9375,False,0.5368192083858149
3cwf__A1_P23545--3cwf__B1_P23545,10,4,2,3,0.1901236735771186,58.0625,False,0.5133696510013218
3cwf__A1_P23545--3cwf__B1_P23545,11,4,0,3,0.1887511991790507,51.71875,False,0.5019115878964693
3cwf__A1_P23545--3cwf__B1_P23545,12,1,1,3,0.0883077608201376,38.28125,False,0.48887998982975284
3cwf__A1_P23545--3cwf__B1_P23545,13,2,3,3,0.2036700476788976,33.96875,False,0.47667602507105755
3cwf__A1_P23545--3cwf__B1_P23545,14,2,2,3,0.5145490853556268,32.0,True,0.4424147455070518
3cwf__A1_P23545--3cwf__B1_P23545,15,2,1,3,0.1292079091844788,31.703125,False,0.4617113009765418
3cwf__A1_P23545--3cwf__B1_P23545,16,5,0,3,0.2157197201572109,31.171875,False,0.4350156573804411
3cwf__A1_P23545--3cwf__B1_P23545,17,5,3,3,0.0973226636531574,30.671875,False,0.4346294007640142
3cwf__A1_P23545--3cwf__B1_P23545,18,3,1,3,0.2250202056403404,29.203125,False,0.4008108604887515
3cwf__A1_P23545--3cwf__B1_P23545,19,2,0,3,0.2139853238881617,28.734375,False,0.4198862896237895
3cwf__A1_P23545--3cwf__B1_P23545,20,5,2,3,0.2309396586793791,26.140625,True,0.394286125399004
3d0t__D1_Q91YN9--3d0t__C1_Q91YN9,1,4,0,3,0.2009982890663297,57.25,False,0.6207408561199602
3d0t__D1_Q91YN9--3d0t__C1_Q91YN9,2,4,1,3,0.2008835511836199,56.9375,False,0.6151751571508536
3d0t__D1_Q91YN9--3d0t__C1_Q91YN9,3,4,3,3,0.2018282392018636,56.1875,False,0.6000923977774686
3d0t__D1_Q91YN9--3d0t__C1_Q91YN9,4,4,2,3,0.2006372713048288,55.15625,False,0.5880264095818216
3d0t__D1_Q91YN9--3d0t__C1_Q91YN9,5,5,3,3,0.2016458579720017,51.40625,False,0.5695675450962256
3d0t__D1_Q91YN9--3d0t__C1_Q91YN9,6,5,2,3,0.2016108151583051,50.59375,False,0.557260059635151
3d0t__D1_Q91YN9--3d0t__C1_Q91YN9,7,5,1,3,0.2038062905727905,47.8125,False,0.5408540489689021
3d0t__D1_Q91YN9--3d0t__C1_Q91YN9,8,1,0,3,0.2010179616159652,47.0625,False,0.5364863075984942
3d0t__D1_Q91YN9--3d0t__C1_Q91YN9,9,1,2,3,0.1905487928451267,46.75,False,0.5199736083424993
3d0t__D1_Q91YN9--3d0t__C1_Q91YN9,10,5,0,3,0.7396956498266732,45.78125,True,0.5243613723010326
3d0t__D1_Q91YN9--3d0t__C1_Q91YN9,11,3,0,3,0.2024049984975617,45.1875,False,0.5074743114833846
3d0t__D1_Q91YN9--3d0t__C1_Q91YN9,12,3,2,3,0.2022988433943239,44.5,False,0.4924123326348073
3d0t__D1_Q91YN9--3d0t__C1_Q91YN9,13,3,3,3,0.1994095754056062,43.96875,False,0.4801064185734046
3d0t__D1_Q91YN9--3d0t__C1_Q91YN9,14,3,1,3,0.2017691386364599,42.875,False,0.46763186655604655
3d0t__D1_Q91YN9--3d0t__C1_Q91YN9,15,1,3,3,0.1913845755681202,42.3125,False,0.4546217630056654
3d0t__D1_Q91YN9--3d0t__C1_Q91YN9,16,1,1,3,0.1875756380875355,39.84375,False,0.44281904491677526
3d0t__D1_Q91YN9--3d0t__C1_Q91YN9,17,2,0,3,0.5043712805609315,35.5625,True,0.42723860053256096
3d0t__D1_Q91YN9--3d0t__C1_Q91YN9,18,2,1,3,0.1823726653454475,17.703125,False,0.4146652421780507
3d0t__D1_Q91YN9--3d0t__C1_Q91YN9,19,2,3,3,0.2159320931633798,16.84375,False,0.39997053509399766
3d0t__D1_Q91YN9--3d0t__C1_Q91YN9,20,2,2,3,0.2072617384448308,16.25,False,0.39060082847309135
3d3r__A1_Q8EF93--3d3r__B1_Q8EF93,1,1,3,0,0.408169608079374,69.0,True,0.5867932561878706
3d3r__A1_Q8EF93--3d3r__B1_Q8EF93,2,1,0,0,0.414362391088058,68.875,True,0.602403095242378
3d3r__A1_Q8EF93--3d3r__B1_Q8EF93,3,1,2,0,0.4076511133142195,67.5625,True,0.5709126602020577
3d3r__A1_Q8EF93--3d3r__B1_Q8EF93,4,2,3,0,0.417583782065243,65.9375,True,0.5757844623226771
3d3r__A1_Q8EF93--3d3r__B1_Q8EF93,5,2,2,0,0.4117005982339615,65.8125,True,0.5500680194518859
3d3r__A1_Q8EF93--3d3r__B1_Q8EF93,6,2,1,0,0.4253785369417064,64.875,True,0.5547945726440267
3d3r__A1_Q8EF93--3d3r__B1_Q8EF93,7,1,1,0,0.4104408917811546,64.75,True,0.5511761480327069
3d3r__A1_Q8EF93--3d3r__B1_Q8EF93,8,3,3,0,0.3853085875028831,64.625,True,0.5036107028401088
3d3r__A1_Q8EF93--3d3r__B1_Q8EF93,9,4,3,0,0.3997243510448223,64.625,True,0.5603977829969405
3d3r__A1_Q8EF93--3d3r__B1_Q8EF93,10,3,0,0,0.4018197425099248,64.4375,True,0.49634719493685536
3d3r__A1_Q8EF93--3d3r__B1_Q8EF93,11,4,2,0,0.4041091281616307,64.125,True,0.5341113497037738
3d3r__A1_Q8EF93--3d3r__B1_Q8EF93,12,3,1,0,0.3904123745345718,64.0,True,0.4832957452844786
3d3r__A1_Q8EF93--3d3r__B1_Q8EF93,13,4,0,0,0.4083263021339989,63.65625,True,0.5237378497910474
3d3r__A1_Q8EF93--3d3r__B1_Q8EF93,14,3,2,0,0.3937994040971138,63.5,True,0.4459789665905352
3d3r__A1_Q8EF93--3d3r__B1_Q8EF93,15,4,1,0,0.4043149707018965,63.34375,True,0.499760813702739
3d3r__A1_Q8EF93--3d3r__B1_Q8EF93,16,5,1,0,0.4052070852164534,62.09375,True,0.445612770210317
3d3r__A1_Q8EF93--3d3r__B1_Q8EF93,17,5,3,0,0.3950603564963089,61.34375,True,0.44138578508078175
3d3r__A1_Q8EF93--3d3r__B1_Q8EF93,18,5,0,0,0.4039079961337219,60.96875,True,0.4375439327616185
3d3r__A1_Q8EF93--3d3r__B1_Q8EF93,19,5,2,0,0.4085555603333841,60.28125,True,0.42137224408479546
3d3r__A1_Q8EF93--3d3r__B1_Q8EF93,20,2,0,0,0.4459522444751891,51.03125,True,0.3855286050603503
3d8h__B1_Q5CXZ9--3d8h__A1_Q5CXZ9,1,4,1,4,0.7796786247873229,90.125,True,0.6247820662692299
3d8h__B1_Q5CXZ9--3d8h__A1_Q5CXZ9,2,4,2,4,0.734144414136043,89.875,True,0.6200803308606535
3d8h__B1_Q5CXZ9--3d8h__A1_Q5CXZ9,3,4,3,4,0.7459203395523696,89.5625,True,0.6032973066517374
3d8h__B1_Q5CXZ9--3d8h__A1_Q5CXZ9,4,4,0,4,0.7114517282609855,89.375,True,0.590357464945786
3d8h__B1_Q5CXZ9--3d8h__A1_Q5CXZ9,5,1,1,4,0.7590024852595514,87.5,True,0.5772912800926199
3d8h__B1_Q5CXZ9--3d8h__A1_Q5CXZ9,6,1,0,4,0.8142210494287729,86.25,True,0.5641160437747489
3d8h__B1_Q5CXZ9--3d8h__A1_Q5CXZ9,7,5,1,4,0.7869855174099761,84.4375,True,0.5508496549721202
3d8h__B1_Q5CXZ9--3d8h__A1_Q5CXZ9,8,5,2,4,0.7821134747701062,83.4375,True,0.5375105261564697
3d8h__B1_Q5CXZ9--3d8h__A1_Q5CXZ9,9,1,3,4,0.7728672236682907,83.25,True,0.5199040630737357
3d8h__B1_Q5CXZ9--3d8h__A1_Q5CXZ9,10,1,2,4,0.7657165050333518,81.9375,True,0.5072579203992998
3d8h__B1_Q5CXZ9--3d8h__A1_Q5CXZ9,11,3,2,4,0.8077912627693115,81.125,True,0.4952293756569838
3d8h__B1_Q5CXZ9--3d8h__A1_Q5CXZ9,12,5,3,4,0.756176887253671,81.125,True,0.4934734393911033
3d8h__B1_Q5CXZ9--3d8h__A1_Q5CXZ9,13,3,1,4,0.8273635712409888,76.375,True,0.47039120486221897
3d8h__B1_Q5CXZ9--3d8h__A1_Q5CXZ9,14,5,0,4,0.7726598112619785,75.4375,True,0.4570179475841675
3d8h__B1_Q5CXZ9--3d8h__A1_Q5CXZ9,15,2,0,4,0.7386070682877115,65.875,True,0.4437063591061072
3d8h__B1_Q5CXZ9--3d8h__A1_Q5CXZ9,16,3,3,4,0.8407829001378956,64.625,True,0.4320228133571302
3d8h__B1_Q5CXZ9--3d8h__A1_Q5CXZ9,17,3,0,4,0.844637436152793,63.21875,True,0.41887762510089277
3d8h__B1_Q5CXZ9--3d8h__A1_Q5CXZ9,18,2,2,4,0.7872613667653251,57.46875,True,0.3987517168513573
3d8h__B1_Q5CXZ9--3d8h__A1_Q5CXZ9,19,2,1,4,0.8227119484301092,51.46875,True,0.39571472133496255
3d8h__B1_Q5CXZ9--3d8h__A1_Q5CXZ9,20,2,3,4,0.8368857127361168,49.59375,True,0.3769874916163775
3dal__A1_O75626--3dal__B2_O75626,1,4,2,2,0.006824591580468,82.875,False,0.6217116763174004
3dal__A1_O75626--3dal__B2_O75626,2,4,1,2,0.0068081957867622,82.75,False,0.608243240869675
3dal__A1_O75626--3dal__B2_O75626,3,4,0,2,0.0068500811614473,82.5625,False,0.6046889892662966
3dal__A1_O75626--3dal__B2_O75626,4,4,3,2,0.0068484789413019,79.9375,False,0.588301374160422
3dal__A1_O75626--3dal__B2_O75626,5,2,2,2,0.0068214602721888,78.25,False,0.5765083010473344
3dal__A1_O75626--3dal__B2_O75626,6,5,0,2,0.0069642650699368,76.375,False,0.5602757621691186
3dal__A1_O75626--3dal__B2_O75626,7,5,1,2,0.0068249977724242,73.5625,False,0.5466053987031869
3dal__A1_O75626--3dal__B2_O75626,8,2,3,2,0.0067699054053342,72.8125,False,0.546735085940177
3dal__A1_O75626--3dal__B2_O75626,9,2,0,2,0.0069147222746859,70.9375,False,0.530882662356651
3dal__A1_O75626--3dal__B2_O75626,10,5,3,2,0.0067427481119929,68.4375,False,0.5097771279425473
3dal__A1_O75626--3dal__B2_O75626,11,5,2,2,0.0068307478078154,66.0,False,0.49413406695987977
3dal__A1_O75626--3dal__B2_O75626,12,1,0,2,0.0069815180869368,65.875,False,0.5007890474720328
3dal__A1_O75626--3dal__B2_O75626,13,1,2,2,0.0070644190622977,63.9375,False,0.4564919964092284
3dal__A1_O75626--3dal__B2_O75626,14,3,3,2,0.0067498796246008,63.625,False,0.460322929197744
3dal__A1_O75626--3dal__B2_O75626,15,3,0,2,0.0068138512716006,63.3125,False,0.44899253376215825
3dal__A1_O75626--3dal__B2_O75626,16,1,1,2,0.0069447308865426,62.5625,False,0.4456179473616002
3dal__A1_O75626--3dal__B2_O75626,17,1,3,2,0.006930692700382,61.5,False,0.43901719459443983
3dal__A1_O75626--3dal__B2_O75626,18,2,1,2,0.0069322683591582,61.4375,False,0.46271739692296204
3dal__A1_O75626--3dal__B2_O75626,19,3,1,2,0.0068866070999111,56.375,False,0.4058160681097207
3dal__A1_O75626--3dal__B2_O75626,20,3,2,2,0.0068954840001002,53.25,False,0.3967744266854328
3dsl__A1_O93523--3dsl__B1_O93523,1,2,2,1,0.0100995192020225,47.28125,False,0.6207961192010873
3dsl__A1_O93523--3dsl__B1_O93523,2,2,0,1,0.0100515509330238,45.84375,False,0.5996831550482224
3dsl__A1_O93523--3dsl__B1_O93523,3,2,3,1,0.0105046112684662,42.8125,False,0.5843993944563236
3dsl__A1_O93523--3dsl__B1_O93523,4,3,0,1,0.1751612622594539,35.0625,False,0.5816881987872767
3dsl__A1_O93523--3dsl__B1_O93523,5,3,1,1,0.1983446203759078,34.53125,False,0.6045629447672525
3dsl__A1_O93523--3dsl__B1_O93523,6,3,3,1,0.1936255654209911,31.171875,False,0.5591436322768801
3dsl__A1_O93523--3dsl__B1_O93523,7,4,1,1,0.0165536438011483,22.953125,False,0.5375693445921408
3dsl__A1_O93523--3dsl__B1_O93523,8,5,3,1,0.0176281467537143,22.90625,False,0.4776389600217281
3dsl__A1_O93523--3dsl__B1_O93523,9,5,1,1,0.017358589650594,22.8125,False,0.49190081743907244
3dsl__A1_O93523--3dsl__B1_O93523,10,5,2,1,0.0177821539567539,22.578125,False,0.47123757876458944
3dsl__A1_O93523--3dsl__B1_O93523,11,3,2,1,0.1029432288657276,22.375,False,0.5360995721890106
3dsl__A1_O93523--3dsl__B1_O93523,12,4,2,1,0.0133653070407124,22.328125,False,0.5151602045808221
3dsl__A1_O93523--3dsl__B1_O93523,13,2,1,1,0.0584609623296675,22.21875,False,0.4594530542266319
3dsl__A1_O93523--3dsl__B1_O93523,14,1,2,1,0.0136543272981684,21.796875,False,0.4684102822039105
3dsl__A1_O93523--3dsl__B1_O93523,15,5,0,1,0.017407104949157,21.375,False,0.43671564368534804
3dsl__A1_O93523--3dsl__B1_O93523,16,1,0,1,0.0136230788906868,21.25,False,0.4463111322404725
3dsl__A1_O93523--3dsl__B1_O93523,17,4,3,1,0.017397068602535,21.234375,False,0.4691041829896654
3dsl__A1_O93523--3dsl__B1_O93523,18,4,0,1,0.0158806230045554,21.15625,False,0.47803689868878907
3dsl__A1_O93523--3dsl__B1_O93523,19,1,3,1,0.0166900267277455,20.53125,False,0.396301555062163
3dsl__A1_O93523--3dsl__B1_O93523,20,1,1,1,0.0160380021307879,20.390625,False,0.4046871843315483
3e0j__G1_P49005--3e0j__H1_Q15054,1,5,3,3,0.8161121430949115,94.375,True,0.6200328588292937
3e0j__G1_P49005--3e0j__H1_Q15054,2,3,2,3,0.8206054900053381,94.375,True,0.572077449327248
3e0j__G1_P49005--3e0j__H1_Q15054,3,3,0,3,0.8190253395196067,94.3125,True,0.5865683378710869
3e0j__G1_P49005--3e0j__H1_Q15054,4,5,1,3,0.8216819839138537,94.3125,True,0.592782067880702
3e0j__G1_P49005--3e0j__H1_Q15054,5,3,3,3,0.8274801107969676,94.3125,True,0.5702727744105689
3e0j__G1_P49005--3e0j__H1_Q15054,6,5,2,3,0.7846034449380103,94.25,True,0.6033285206581518
3e0j__G1_P49005--3e0j__H1_Q15054,7,3,1,3,0.8185786611531122,94.25,True,0.5378300748265871
3e0j__G1_P49005--3e0j__H1_Q15054,8,5,0,3,0.8050270388789494,94.1875,True,0.5493709471932162
3e0j__G1_P49005--3e0j__H1_Q15054,9,4,2,3,0.8384672857293687,93.8125,True,0.5025018795045123
3e0j__G1_P49005--3e0j__H1_Q15054,10,2,3,3,0.7948726495810986,93.8125,True,0.5047343320340643
3e0j__G1_P49005--3e0j__H1_Q15054,11,4,3,3,0.8470577951683897,93.75,True,0.5393710223124388
3e0j__G1_P49005--3e0j__H1_Q15054,12,4,1,3,0.843458743952968,93.625,True,0.4750383191167255
3e0j__G1_P49005--3e0j__H1_Q15054,13,1,3,3,0.8046136484281773,93.5625,True,0.4751736196284261
3e0j__G1_P49005--3e0j__H1_Q15054,14,2,2,3,0.8058159798448381,93.5625,True,0.45404948938328415
3e0j__G1_P49005--3e0j__H1_Q15054,15,1,2,3,0.7985498015453567,93.5625,True,0.45523481176606206
3e0j__G1_P49005--3e0j__H1_Q15054,16,2,1,3,0.8195832782512181,93.5,True,0.4314527576154845
3e0j__G1_P49005--3e0j__H1_Q15054,17,4,0,3,0.8367023148686076,93.5,True,0.4120430526763134
3e0j__G1_P49005--3e0j__H1_Q15054,18,2,0,3,0.8006439963458442,93.5,True,0.41664822567723797
3e0j__G1_P49005--3e0j__H1_Q15054,19,1,0,3,0.8075799602270971,93.5,True,0.4477694540956223
3e0j__G1_P49005--3e0j__H1_Q15054,20,1,1,3,0.8089780304820268,93.1875,True,0.40326895395320955
3e0y__A1_Q74E48--3e0y__B1_Q74E48,1,3,1,4,0.3126453899573803,78.5,True,0.6294685235595583
3e0y__A1_Q74E48--3e0y__B1_Q74E48,2,1,0,4,0.3126451556788562,75.625,True,0.6153476921044602
3e0y__A1_Q74E48--3e0y__B1_Q74E48,3,1,3,4,0.3120852271785016,74.3125,True,0.6032973066517374
3e0y__A1_Q74E48--3e0y__B1_Q74E48,4,1,2,4,0.3138441824034257,72.25,True,0.590357464945786
3e0y__A1_Q74E48--3e0y__B1_Q74E48,5,5,0,4,0.3131136604264007,61.40625,True,0.5772912800926199
3e0y__A1_Q74E48--3e0y__B1_Q74E48,6,1,1,4,0.3176077948208345,44.8125,True,0.5543371297730642
3e0y__A1_Q74E48--3e0y__B1_Q74E48,7,4,3,4,0.0794705906296777,44.3125,False,0.5177112949622249
3e0y__A1_Q74E48--3e0y__B1_Q74E48,8,3,2,4,0.242244858862166,44.1875,True,0.5433701966448511
3e0y__A1_Q74E48--3e0y__B1_Q74E48,9,3,0,4,0.4114371043127655,41.75,True,0.5375192000467597
3e0y__A1_Q74E48--3e0y__B1_Q74E48,10,4,0,4,0.0793325942621529,41.15625,False,0.49358119830782293
3e0y__A1_Q74E48--3e0y__B1_Q74E48,11,5,2,4,0.282712867745702,39.5,True,0.500620752755923
3e0y__A1_Q74E48--3e0y__B1_Q74E48,12,3,3,4,0.3746829932449114,39.0625,True,0.49961677131459237
3e0y__A1_Q74E48--3e0y__B1_Q74E48,13,4,2,4,0.0873626277847415,36.34375,False,0.4612607740958154
3e0y__A1_Q74E48--3e0y__B1_Q74E48,14,5,3,4,0.2540221643824702,33.59375,True,0.4678241513281758
3e0y__A1_Q74E48--3e0y__B1_Q74E48,15,4,1,4,0.0925700035547838,30.109375,False,0.46363106675104776
3e0y__A1_Q74E48--3e0y__B1_Q74E48,16,2,3,4,0.1718871940739861,25.203125,False,0.42992128908929805
3e0y__A1_Q74E48--3e0y__B1_Q74E48,17,2,2,4,0.1558497262265351,19.90625,False,0.4170677397253989
3e0y__A1_Q74E48--3e0y__B1_Q74E48,18,2,1,4,0.0076056256675404,17.8125,False,0.4043259238105572
3e0y__A1_Q74E48--3e0y__B1_Q74E48,19,2,0,4,0.067748152534428,17.09375,False,0.3818730386436291
3e0y__A1_Q74E48--3e0y__B1_Q74E48,20,5,1,4,0.0072384411682501,16.421875,False,0.3890542981847311
3e7l__A1_O66551--3e7l__B1_O66551,1,1,1,1,0.9537954583455112,87.875,True,0.6174187390145166
3e7l__A1_O66551--3e7l__B1_O66551,2,1,2,1,0.9511716462206694,87.8125,True,0.5974879555820426
3e7l__A1_O66551--3e7l__B1_O66551,3,1,0,1,0.9504647692283829,87.625,True,0.5859912183168887
3e7l__A1_O66551--3e7l__B1_O66551,4,1,3,1,0.9501909474923264,87.5,True,0.5440589651180365
3e7l__A1_O66551--3e7l__B1_O66551,5,3,2,1,0.9363829116236572,87.5,True,0.4857625332838998
3e7l__A1_O66551--3e7l__B1_O66551,6,4,0,1,0.9304483630407372,87.4375,True,0.5082993302956477
3e7l__A1_O66551--3e7l__B1_O66551,7,2,3,1,0.9258595998818752,87.4375,True,0.5979755142907123
3e7l__A1_O66551--3e7l__B1_O66551,8,4,1,1,0.9291982982076352,87.4375,True,0.531588752743325
3e7l__A1_O66551--3e7l__B1_O66551,9,2,1,1,0.9293205741984212,87.4375,True,0.5799491992997541
3e7l__A1_O66551--3e7l__B1_O66551,10,4,3,1,0.9320591618331432,87.375,True,0.5028285966989241
3e7l__A1_O66551--3e7l__B1_O66551,11,2,0,1,0.9315321962088892,87.3125,True,0.5543094933202193
3e7l__A1_O66551--3e7l__B1_O66551,12,4,2,1,0.924114434389872,87.3125,True,0.4740286876581689
3e7l__A1_O66551--3e7l__B1_O66551,13,2,2,1,0.931514144586814,87.3125,True,0.5379323525851933
3e7l__A1_O66551--3e7l__B1_O66551,14,3,1,1,0.9377200159624528,87.3125,True,0.4813620075541442
3e7l__A1_O66551--3e7l__B1_O66551,15,3,0,1,0.9432644557798048,87.1875,True,0.4672353422557694
3e7l__A1_O66551--3e7l__B1_O66551,16,3,3,1,0.929629876046296,87.125,True,0.4457642883955426
3e7l__A1_O66551--3e7l__B1_O66551,17,5,3,1,0.9414644649488754,86.9375,True,0.42557309831300555
3e7l__A1_O66551--3e7l__B1_O66551,18,5,2,1,0.941597922456686,86.8125,True,0.4016748510150418
3e7l__A1_O66551--3e7l__B1_O66551,19,5,1,1,0.940276517612494,86.8125,True,0.40377807050311204
3e7l__A1_O66551--3e7l__B1_O66551,20,5,0,1,0.9402022523743055,86.6875,True,0.397765311052487
3evi__A1_Q8N4E4--3evi__B1_Q8N4E4,1,2,3,3,0.6600450517552744,82.125,True,0.6238507407359268
3evi__A1_Q8N4E4--3evi__B1_Q8N4E4,2,2,1,3,0.6449662501940526,80.5625,True,0.6120381512938262
3evi__A1_Q8N4E4--3evi__B1_Q8N4E4,3,5,2,3,0.538246727715809,67.0625,True,0.5966956596996388
3evi__A1_Q8N4E4--3evi__B1_Q8N4E4,4,2,2,3,0.5955216295995734,66.125,True,0.5914461696665964
3evi__A1_Q8N4E4--3evi__B1_Q8N4E4,5,4,1,3,0.5515471759632685,65.3125,True,0.575853681287441
3evi__A1_Q8N4E4--3evi__B1_Q8N4E4,6,3,2,3,0.5243690298628094,64.75,True,0.5635882164831051
3evi__A1_Q8N4E4--3evi__B1_Q8N4E4,7,2,0,3,0.5594903185752509,63.96875,True,0.5512444665278073
3evi__A1_Q8N4E4--3evi__B1_Q8N4E4,8,3,3,3,0.5571303693086934,60.65625,True,0.5388372647834183
3evi__A1_Q8N4E4--3evi__B1_Q8N4E4,9,3,0,3,0.5594661172515144,59.84375,True,0.5263817569267603
3evi__A1_Q8N4E4--3evi__B1_Q8N4E4,10,5,1,3,0.5438203398084253,58.6875,True,0.5138933280181247
3evi__A1_Q8N4E4--3evi__B1_Q8N4E4,11,4,2,3,0.5575868254005364,58.0625,True,0.5013875270606346
3evi__A1_Q8N4E4--3evi__B1_Q8N4E4,12,3,1,3,0.5593683315242153,56.4375,True,0.48887998982975284
3evi__A1_Q8N4E4--3evi__B1_Q8N4E4,13,4,3,3,0.5951320996571914,49.5625,True,0.4763863607834589
3evi__A1_Q8N4E4--3evi__B1_Q8N4E4,14,4,0,3,0.5695134774370572,43.8125,True,0.46392221488029545
3evi__A1_Q8N4E4--3evi__B1_Q8N4E4,15,1,3,3,0.0103596189432512,24.015625,False,0.447187835710963
3evi__A1_Q8N4E4--3evi__B1_Q8N4E4,16,1,2,3,0.0102339728339046,23.96875,False,0.4421388361993254
3evi__A1_Q8N4E4--3evi__B1_Q8N4E4,17,1,1,3,0.0103473481021279,23.203125,False,0.4232440356854744
3evi__A1_Q8N4E4--3evi__B1_Q8N4E4,18,1,0,3,0.010171802829307,22.5,False,0.4113988312209874
3evi__A1_Q8N4E4--3evi__B1_Q8N4E4,19,5,0,3,0.0558167388649202,21.453125,False,0.40987118139577905
3evi__A1_Q8N4E4--3evi__B1_Q8N4E4,20,5,3,3,0.0536980168301477,19.59375,False,0.3913878805280808
3ezu__A1_Q74FR4--3ezu__A2_Q74FR4,1,5,2,2,0.023958157374606,60.71875,False,0.5863393503015164
3ezu__A1_Q74FR4--3ezu__A2_Q74FR4,2,2,0,2,0.0204043177908984,60.5625,False,0.5440052792706591
3ezu__A1_Q74FR4--3ezu__A2_Q74FR4,3,4,3,2,0.0205429111574598,60.25,False,0.5690766579445545
3ezu__A1_Q74FR4--3ezu__A2_Q74FR4,4,2,2,2,0.0194149929267517,60.03125,False,0.5905626592838594
3ezu__A1_Q74FR4--3ezu__A2_Q74FR4,5,3,1,2,0.0226090945683597,59.875,False,0.5631442951436363
3ezu__A1_Q74FR4--3ezu__A2_Q74FR4,6,3,2,2,0.0225051979683113,59.59375,False,0.5519956606916874
3ezu__A1_Q74FR4--3ezu__A2_Q74FR4,7,3,0,2,0.0264837064291417,59.53125,False,0.5253189932305533
3ezu__A1_Q74FR4--3ezu__A2_Q74FR4,8,5,1,2,0.0189937484273872,59.4375,False,0.5625050872496521
3ezu__A1_Q74FR4--3ezu__A2_Q74FR4,9,4,0,2,0.0200147879450383,59.40625,False,0.49764286805931596
3ezu__A1_Q74FR4--3ezu__A2_Q74FR4,10,5,3,2,0.0185772692755358,59.3125,False,0.5554880453938429
3ezu__A1_Q74FR4--3ezu__A2_Q74FR4,11,3,3,2,0.0255228616036807,59.125,False,0.44990946859640285
3ezu__A1_Q74FR4--3ezu__A2_Q74FR4,12,5,0,2,0.0233162126913467,59.09375,False,0.5010559515970573
3ezu__A1_Q74FR4--3ezu__A2_Q74FR4,13,2,3,2,0.0207290983909459,59.0625,False,0.4445051037826021
3ezu__A1_Q74FR4--3ezu__A2_Q74FR4,14,2,1,2,0.0281836516544579,59.0,False,0.5119666813148172
3ezu__A1_Q74FR4--3ezu__A2_Q74FR4,15,1,0,2,0.0205100043698953,58.65625,False,0.4650688851969077
3ezu__A1_Q74FR4--3ezu__A2_Q74FR4,16,4,2,2,0.030814810391238,58.5,False,0.487185757979617
3ezu__A1_Q74FR4--3ezu__A2_Q74FR4,17,4,1,2,0.0467059450024693,58.28125,False,0.47393701798971627
3ezu__A1_Q74FR4--3ezu__A2_Q74FR4,18,1,2,2,0.0189561025995311,57.625,False,0.4599805099430701
3ezu__A1_Q74FR4--3ezu__A2_Q74FR4,19,1,1,2,0.0412797709364268,57.375,False,0.44015188183816945
3ezu__A1_Q74FR4--3ezu__A2_Q74FR4,20,1,3,2,0.0185359011218535,55.28125,False,0.4267447134416968
3f2u__A1_P83916--3f2u__A2_P83916,1,1,2,2,0.0414083138462204,45.375,False,0.6230287144243065
3f2u__A1_P83916--3f2u__A2_P83916,2,1,0,2,0.0415804254062011,42.25,False,0.6056862649340801
3f2u__A1_P83916--3f2u__A2_P83916,3,1,1,2,0.0407552433330606,41.375,False,0.5960915151854785
3f2u__A1_P83916--3f2u__A2_P83916,4,1,3,2,0.0412486664375579,39.625,False,0.5796081620369317
3f2u__A1_P83916--3f2u__A2_P83916,5,3,1,2,0.7291523003221924,37.59375,True,0.5755296029272307
3f2u__A1_P83916--3f2u__A2_P83916,6,3,0,2,0.6953067624853664,37.25,True,0.5558242252209576
3f2u__A1_P83916--3f2u__A2_P83916,7,3,2,2,0.7450044067174125,37.125,True,0.563453332067564
3f2u__A1_P83916--3f2u__A2_P83916,8,3,3,2,0.7029636119094308,35.46875,True,0.5347801804780298
3f2u__A1_P83916--3f2u__A2_P83916,9,4,1,2,0.5956287190010531,35.125,True,0.5525248785177735
3f2u__A1_P83916--3f2u__A2_P83916,10,4,0,2,0.6081662063858352,33.03125,True,0.5142848183837315
3f2u__A1_P83916--3f2u__A2_P83916,11,4,3,2,0.6281484649760247,30.875,True,0.496722297635375
3f2u__A1_P83916--3f2u__A2_P83916,12,5,3,2,0.6590555980965837,28.046875,True,0.49339023399585535
3f2u__A1_P83916--3f2u__A2_P83916,13,5,2,2,0.61668881699732,27.765625,True,0.48885924785743556
3f2u__A1_P83916--3f2u__A2_P83916,14,5,0,2,0.5708758647403557,21.125,True,0.4633650141229613
3f2u__A1_P83916--3f2u__A2_P83916,15,5,1,2,0.5478798525090305,21.0,True,0.45343224835934737
3f2u__A1_P83916--3f2u__A2_P83916,16,4,2,2,0.6801284737746031,18.984375,True,0.42125772755065066
3f2u__A1_P83916--3f2u__A2_P83916,17,2,2,2,0.04656885247449,17.0,False,0.4404278859670436
3f2u__A1_P83916--3f2u__A2_P83916,18,2,0,2,0.0477425588727669,16.765625,False,0.4257692169452809
3f2u__A1_P83916--3f2u__A2_P83916,19,2,3,2,0.0502643419793227,15.09375,False,0.41767665868448656
3f2u__A1_P83916--3f2u__A2_P83916,20,2,1,2,0.0479113096548227,14.3203125,False,0.4032295555824706
3f6t__B1_Q5FIG7--3f6t__A1_Q5FIG7,1,1,1,2,0.4862245037733374,93.8125,True,0.6114492911168691
3f6t__B1_Q5FIG7--3f6t__A1_Q5FIG7,2,1,3,2,0.4857510394392889,93.6875,True,0.590375698008044
3f6t__B1_Q5FIG7--3f6t__A1_Q5FIG7,3,1,0,2,0.4978880019033423,93.5,True,0.5924510116635315
3f6t__B1_Q5FIG7--3f6t__A1_Q5FIG7,4,5,0,2,0.4960251578440546,93.4375,True,0.5935505630700959
3f6t__B1_Q5FIG7--3f6t__A1_Q5FIG7,5,5,3,2,0.4960875810289864,93.375,True,0.5854148175169241
3f6t__B1_Q5FIG7--3f6t__A1_Q5FIG7,6,2,0,2,0.4779108072751554,93.3125,True,0.5495542533309257
3f6t__B1_Q5FIG7--3f6t__A1_Q5FIG7,7,3,0,2,0.4952538880261177,93.25,True,0.5289606342653522
3f6t__B1_Q5FIG7--3f6t__A1_Q5FIG7,8,5,1,2,0.4984859148606076,93.25,True,0.5652537255908017
3f6t__B1_Q5FIG7--3f6t__A1_Q5FIG7,9,3,1,2,0.4869713263027996,93.125,True,0.5100437289619846
3f6t__B1_Q5FIG7--3f6t__A1_Q5FIG7,10,5,2,2,0.4940961131507215,93.0625,True,0.5227783812437807
3f6t__B1_Q5FIG7--3f6t__A1_Q5FIG7,11,4,3,2,0.4947974154854996,93.0625,True,0.5276789919539803
3f6t__B1_Q5FIG7--3f6t__A1_Q5FIG7,12,2,2,2,0.4809329771341676,92.875,True,0.4554310592255478
3f6t__B1_Q5FIG7--3f6t__A1_Q5FIG7,13,1,2,2,0.5016241779481455,92.875,True,0.4696851389764879
3f6t__B1_Q5FIG7--3f6t__A1_Q5FIG7,14,4,1,2,0.4960941316550185,92.75,True,0.4548683207454319
3f6t__B1_Q5FIG7--3f6t__A1_Q5FIG7,15,4,2,2,0.4984547646167299,92.6875,True,0.4595534165769048
3f6t__B1_Q5FIG7--3f6t__A1_Q5FIG7,16,3,2,2,0.4903932760182499,92.6875,True,0.4353278110711854
3f6t__B1_Q5FIG7--3f6t__A1_Q5FIG7,17,3,3,2,0.4942758785191157,92.625,True,0.4498975400439439
3f6t__B1_Q5FIG7--3f6t__A1_Q5FIG7,18,4,0,2,0.4925074348862825,92.5,True,0.4275518149736427
3f6t__B1_Q5FIG7--3f6t__A1_Q5FIG7,19,2,1,2,0.4942241836857233,92.3125,True,0.4393351603298283
3f6t__B1_Q5FIG7--3f6t__A1_Q5FIG7,20,2,3,2,0.489110931320084,92.125,True,0.4351129890483339
3f7c__A1_A1TZ69--3f7c__A2_A1TZ69,1,3,2,4,0.0557675937168912,70.4375,False,0.6262601775689696
3f7c__A1_A1TZ69--3f7c__A2_A1TZ69,2,4,2,4,0.3011404892396749,66.5625,True,0.6110745939815649
3f7c__A1_A1TZ69--3f7c__A2_A1TZ69,3,3,3,4,0.3033321458640163,65.125,True,0.6029879513764754
3f7c__A1_A1TZ69--3f7c__A2_A1TZ69,4,4,1,4,0.3010170857365126,62.09375,True,0.5823440194876852
3f7c__A1_A1TZ69--3f7c__A2_A1TZ69,5,2,0,4,0.2174000901753026,52.875,False,0.4953159892537169
3f7c__A1_A1TZ69--3f7c__A2_A1TZ69,6,1,3,4,0.2294514915412587,51.6875,False,0.5032180403569064
3f7c__A1_A1TZ69--3f7c__A2_A1TZ69,7,1,2,4,0.2311034725226546,51.46875,True,0.48977458778174227
3f7c__A1_A1TZ69--3f7c__A2_A1TZ69,8,2,3,4,0.2241436906993474,50.96875,False,0.5114048575803392
3f7c__A1_A1TZ69--3f7c__A2_A1TZ69,9,1,0,4,0.2284488650289784,49.15625,False,0.46530086315385016
3f7c__A1_A1TZ69--3f7c__A2_A1TZ69,10,1,1,4,0.2330836132743575,48.96875,True,0.4540722620229459
3f7c__A1_A1TZ69--3f7c__A2_A1TZ69,11,3,0,4,0.0582473281609733,43.4375,False,0.5629899637555771
3f7c__A1_A1TZ69--3f7c__A2_A1TZ69,12,3,1,4,0.0592239343457107,41.09375,False,0.5333120567248101
3f7c__A1_A1TZ69--3f7c__A2_A1TZ69,13,4,3,4,0.0533313988149059,29.875,False,0.49771398745022777
3f7c__A1_A1TZ69--3f7c__A2_A1TZ69,14,4,0,4,0.0399288400758998,28.40625,False,0.5134867394966949
3f7c__A1_A1TZ69--3f7c__A2_A1TZ69,15,5,0,4,0.0303365440647463,25.4375,False,0.4918849620934884
3f7c__A1_A1TZ69--3f7c__A2_A1TZ69,16,5,2,4,0.0340204328771896,24.140625,False,0.3836975948532023
3f7c__A1_A1TZ69--3f7c__A2_A1TZ69,17,2,2,4,0.0336160473747702,23.59375,False,0.4902093649325695
3f7c__A1_A1TZ69--3f7c__A2_A1TZ69,18,5,1,4,0.0379853819576383,23.328125,False,0.3908914679449134
3f7c__A1_A1TZ69--3f7c__A2_A1TZ69,19,5,3,4,0.0327138106036742,22.875,False,0.4035623388975208
3f7c__A1_A1TZ69--3f7c__A2_A1TZ69,20,2,1,4,0.0756355450069133,22.578125,False,0.4679654144591043
3f8u__A1_P30101--3f8u__B1_O15533,1,4,0,3,0.4296435508995711,68.8125,True,0.6171943052999305
3f8u__A1_P30101--3f8u__B1_O15533,2,4,2,3,0.4082941221564298,66.4375,True,0.6120381512938262
3f8u__A1_P30101--3f8u__B1_O15533,3,4,3,3,0.3749122788757635,65.75,True,0.6068567857970848
3f8u__A1_P30101--3f8u__B1_O15533,4,3,0,3,0.2138776858954349,61.65625,False,0.5752232551199967
3f8u__A1_P30101--3f8u__B1_O15533,5,4,1,3,0.5161260485130187,61.59375,True,0.5817896611699593
3f8u__A1_P30101--3f8u__B1_O15533,6,1,2,3,0.5389972167489261,52.3125,True,0.5605537448416872
3f8u__A1_P30101--3f8u__B1_O15533,7,3,2,3,0.0096684640919302,45.78125,False,0.5612648050097511
3f8u__A1_P30101--3f8u__B1_O15533,8,3,1,3,0.0089043039461057,30.46875,False,0.5368654488199451
3f8u__A1_P30101--3f8u__B1_O15533,9,1,0,3,0.0086170955052102,26.265625,False,0.5229706484840365
3f8u__A1_P30101--3f8u__B1_O15533,10,1,1,3,0.0102366896115572,25.90625,False,0.5077253919574125
3f8u__A1_P30101--3f8u__B1_O15533,11,3,3,3,0.0076313038453491,23.953125,False,0.48716761127470715
3f8u__A1_P30101--3f8u__B1_O15533,12,2,3,3,0.0572766753869947,23.109375,False,0.439980470886144
3f8u__A1_P30101--3f8u__B1_O15533,13,5,0,3,0.0073211329743816,22.09375,False,0.4793581672633248
3f8u__A1_P30101--3f8u__B1_O15533,14,2,0,3,0.0512843598271248,21.953125,False,0.4560424303283769
3f8u__A1_P30101--3f8u__B1_O15533,15,2,2,3,0.0382072139876046,21.875,False,0.4228320468313533
3f8u__A1_P30101--3f8u__B1_O15533,16,1,3,3,0.0093419434044422,21.734375,False,0.43081409466015835
3f8u__A1_P30101--3f8u__B1_O15533,17,5,1,3,0.0070826254408861,21.640625,False,0.4590635860964497
3f8u__A1_P30101--3f8u__B1_O15533,18,2,1,3,0.0790812429065468,21.625,False,0.4170830315918134
3f8u__A1_P30101--3f8u__B1_O15533,19,5,3,3,0.00779026017755,21.546875,False,0.43838745062092693
3f8u__A1_P30101--3f8u__B1_O15533,20,5,2,3,0.0176279374481974,21.3125,False,0.43483771148595834
3ffm__A1_O95257--3ffm__A2_O95257,1,1,1,1,0.0388523219252019,65.4375,False,0.6170908437741984
3ffm__A1_O95257--3ffm__A2_O95257,2,1,3,1,0.0267016052770403,64.6875,False,0.6013209947877509
3ffm__A1_O95257--3ffm__A2_O95257,3,1,0,1,0.0265075802381057,61.125,False,0.5891460594657943
3ffm__A1_O95257--3ffm__A2_O95257,4,1,2,1,0.027400455076342,53.28125,False,0.5774059604342615
3ffm__A1_O95257--3ffm__A2_O95257,5,5,1,1,0.0576224140363094,45.6875,False,0.5909387184381736
3ffm__A1_O95257--3ffm__A2_O95257,6,5,2,1,0.0551409805797876,44.40625,False,0.5717190992908951
3ffm__A1_O95257--3ffm__A2_O95257,7,5,0,1,0.0573347188527374,39.78125,False,0.5699730759509827
3ffm__A1_O95257--3ffm__A2_O95257,8,3,1,1,0.0401892629471433,38.375,False,0.4965218706521785
3ffm__A1_O95257--3ffm__A2_O95257,9,4,3,1,0.0815626299291836,34.84375,False,0.5299794086779908
3ffm__A1_O95257--3ffm__A2_O95257,10,4,0,1,0.0944168947587298,34.0625,False,0.4994017646315783
3ffm__A1_O95257--3ffm__A2_O95257,11,5,3,1,0.054448510052092,33.90625,False,0.5016233683741221
3ffm__A1_O95257--3ffm__A2_O95257,12,4,2,1,0.0784168094488179,33.46875,False,0.4973691357521825
3ffm__A1_O95257--3ffm__A2_O95257,13,4,1,1,0.0811746170408641,32.65625,False,0.48343004008317314
3ffm__A1_O95257--3ffm__A2_O95257,14,3,2,1,0.0624700150941338,32.21875,False,0.4769587717468735
3ffm__A1_O95257--3ffm__A2_O95257,15,3,0,1,0.039853871303537,31.796875,False,0.4367689317485263
3ffm__A1_O95257--3ffm__A2_O95257,16,3,3,1,0.0606441147663303,26.90625,False,0.4442323423669354
3ffm__A1_O95257--3ffm__A2_O95257,17,2,3,1,0.0783998571203815,25.75,False,0.4283240590192289
3ffm__A1_O95257--3ffm__A2_O95257,18,2,0,1,0.1023314014974614,25.359375,False,0.42512122955231524
3ffm__A1_O95257--3ffm__A2_O95257,19,2,1,1,0.0804782905247599,23.078125,False,0.40667732616718666
3ffm__A1_O95257--3ffm__A2_O95257,20,2,2,1,0.086216191148683,23.046875,False,0.39580489533709284
3fkq__A1_D0VX10--3fkq__A2_D0VX10,1,3,3,4,0.4764608817313696,63.78125,True,0.6287323427945517
3fkq__A1_D0VX10--3fkq__A2_D0VX10,2,3,1,4,0.4818272005418482,63.40625,True,0.5921240269268561
3fkq__A1_D0VX10--3fkq__A2_D0VX10,3,3,0,4,0.465153695574116,63.34375,True,0.5996081458344176
3fkq__A1_D0VX10--3fkq__A2_D0VX10,4,4,2,4,0.4316932964363678,63.34375,True,0.570036473020616
3fkq__A1_D0VX10--3fkq__A2_D0VX10,5,3,2,4,0.4675324377446949,63.28125,True,0.5899394474485633
3fkq__A1_D0VX10--3fkq__A2_D0VX10,6,2,1,4,0.4386023308549176,62.4375,True,0.546914836116617
3fkq__A1_D0VX10--3fkq__A2_D0VX10,7,2,2,4,0.4533092680571999,62.4375,True,0.5377538496399367
3fkq__A1_D0VX10--3fkq__A2_D0VX10,8,4,0,4,0.4601487841747643,62.1875,True,0.5089158614610458
3fkq__A1_D0VX10--3fkq__A2_D0VX10,9,5,3,4,0.4566763491861829,62.15625,True,0.5304969646382884
3fkq__A1_D0VX10--3fkq__A2_D0VX10,10,4,3,4,0.4339775200284968,62.09375,True,0.4977847024572882
3fkq__A1_D0VX10--3fkq__A2_D0VX10,11,5,1,4,0.4418055863695194,61.8125,True,0.516869728604535
3fkq__A1_D0VX10--3fkq__A2_D0VX10,12,5,2,4,0.4306859412017263,61.71875,True,0.5086824541215393
3fkq__A1_D0VX10--3fkq__A2_D0VX10,13,4,1,4,0.4330568003947081,61.5625,True,0.4758513791402063
3fkq__A1_D0VX10--3fkq__A2_D0VX10,14,5,0,4,0.4311092199891551,61.5,True,0.4939929883233129
3fkq__A1_D0VX10--3fkq__A2_D0VX10,15,2,3,4,0.4146071596503746,60.90625,True,0.4573023629959234
3fkq__A1_D0VX10--3fkq__A2_D0VX10,16,2,0,4,0.4398217190684223,60.84375,True,0.4321901150944036
3fkq__A1_D0VX10--3fkq__A2_D0VX10,17,1,1,4,0.4654041134057818,58.71875,True,0.4173424096814983
3fkq__A1_D0VX10--3fkq__A2_D0VX10,18,1,0,4,0.4411518450270817,57.65625,True,0.4040538798226352
3fkq__A1_D0VX10--3fkq__A2_D0VX10,19,1,2,4,0.4479189313874391,57.34375,True,0.3908493372361549
3fkq__A1_D0VX10--3fkq__A2_D0VX10,20,1,3,4,0.3866090774798924,57.34375,True,0.3795613016398534
3fn7__A1_Q99ZN4--3fn7__A2_Q99ZN4,1,3,2,4,0.3596853743364232,45.90625,True,0.6247820662692299
3fn7__A1_Q99ZN4--3fn7__A2_Q99ZN4,2,3,1,4,0.3415067258460735,45.40625,True,0.6040438153273391
3fn7__A1_Q99ZN4--3fn7__A2_Q99ZN4,3,3,3,4,0.3394283495318403,44.6875,True,0.6020309974828927
3fn7__A1_Q99ZN4--3fn7__A2_Q99ZN4,4,3,0,4,0.3620243207739573,44.03125,True,0.58139806690714
3fn7__A1_Q99ZN4--3fn7__A2_Q99ZN4,5,2,1,4,0.2546991311611358,39.03125,True,0.5921029279969475
3fn7__A1_Q99ZN4--3fn7__A2_Q99ZN4,6,2,2,4,0.2376721081546467,38.46875,True,0.576779173978766
3fn7__A1_Q99ZN4--3fn7__A2_Q99ZN4,7,5,0,4,0.059553863534844,36.09375,False,0.5031938390890891
3fn7__A1_Q99ZN4--3fn7__A2_Q99ZN4,8,5,2,4,0.2271811660532414,35.4375,False,0.5224986821211867
3fn7__A1_Q99ZN4--3fn7__A2_Q99ZN4,9,5,3,4,0.3141338488142753,33.6875,True,0.4856916650429851
3fn7__A1_Q99ZN4--3fn7__A2_Q99ZN4,10,2,0,4,0.2005528080148026,33.40625,False,0.5519992111592857
3fn7__A1_Q99ZN4--3fn7__A2_Q99ZN4,11,5,1,4,0.2968177473155555,32.90625,True,0.4722353519992332
3fn7__A1_Q99ZN4--3fn7__A2_Q99ZN4,12,2,3,4,0.3058639803905652,31.046875,True,0.47004283350943915
3fn7__A1_Q99ZN4--3fn7__A2_Q99ZN4,13,1,3,4,0.2740788870084799,29.796875,True,0.5114515956871164
3fn7__A1_Q99ZN4--3fn7__A2_Q99ZN4,14,1,1,4,0.2312849188342287,28.046875,True,0.4774701709957724
3fn7__A1_Q99ZN4--3fn7__A2_Q99ZN4,15,1,2,4,0.2343478041479002,26.859375,True,0.46015543390695135
3fn7__A1_Q99ZN4--3fn7__A2_Q99ZN4,16,1,0,4,0.2635128586099917,25.125,True,0.4471068989351236
3fn7__A1_Q99ZN4--3fn7__A2_Q99ZN4,17,4,2,4,0.0179744624277331,21.84375,False,0.39758697744283567
3fn7__A1_Q99ZN4--3fn7__A2_Q99ZN4,18,4,1,4,0.0183143359055912,21.8125,False,0.40080800104661923
3fn7__A1_Q99ZN4--3fn7__A2_Q99ZN4,19,4,0,4,0.015085985000106,21.8125,False,0.41629294243179105
3fn7__A1_Q99ZN4--3fn7__A2_Q99ZN4,20,4,3,4,0.0194667565892337,20.5,False,0.37977269386038687
3fx0__B1_Q9Y6K9--3fx0__A1_Q9Y6K9,1,5,0,2,0.7096777121268296,73.0625,True,0.6230287144243065
3fx0__B1_Q9Y6K9--3fx0__A1_Q9Y6K9,2,5,1,2,0.7107037939086173,72.875,True,0.608222164176612
3fx0__B1_Q9Y6K9--3fx0__A1_Q9Y6K9,3,5,2,2,0.7124874259336061,72.875,True,0.5948762673194985
3fx0__B1_Q9Y6K9--3fx0__A1_Q9Y6K9,4,5,3,2,0.7161961205796032,72.75,True,0.588301374160422
3fx0__B1_Q9Y6K9--3fx0__A1_Q9Y6K9,5,1,1,2,0.7275872437237213,72.625,True,0.5661758897217064
3fx0__B1_Q9Y6K9--3fx0__A1_Q9Y6K9,6,1,0,2,0.723569856291341,72.5625,True,0.5629489271095939
3fx0__B1_Q9Y6K9--3fx0__A1_Q9Y6K9,7,1,3,2,0.7313862039031975,71.875,True,0.5422196593253629
3fx0__B1_Q9Y6K9--3fx0__A1_Q9Y6K9,8,1,2,2,0.7259867570153222,71.5625,True,0.529465137495895
3fx0__B1_Q9Y6K9--3fx0__A1_Q9Y6K9,9,2,0,2,0.7278361822967209,70.75,True,0.533250835489516
3fx0__B1_Q9Y6K9--3fx0__A1_Q9Y6K9,10,4,1,2,0.7155476004000496,70.625,True,0.507552781303053
3fx0__B1_Q9Y6K9--3fx0__A1_Q9Y6K9,11,4,0,2,0.7111333557243512,70.625,True,0.5184847470055521
3fx0__B1_Q9Y6K9--3fx0__A1_Q9Y6K9,12,2,2,2,0.7278621997324715,69.875,True,0.5071227615239441
3fx0__B1_Q9Y6K9--3fx0__A1_Q9Y6K9,13,2,3,2,0.7277875894618662,69.8125,True,0.48417433345977456
3fx0__B1_Q9Y6K9--3fx0__A1_Q9Y6K9,14,2,1,2,0.7304889134458397,69.5625,True,0.4766596493787775
3fx0__B1_Q9Y6K9--3fx0__A1_Q9Y6K9,15,4,2,2,0.7118198145322071,69.4375,True,0.4570636474779359
3fx0__B1_Q9Y6K9--3fx0__A1_Q9Y6K9,16,4,3,2,0.7173207772627567,69.1875,True,0.4483664907138405
3fx0__B1_Q9Y6K9--3fx0__A1_Q9Y6K9,17,3,0,2,0.7000482460692817,67.375,True,0.4320609440119164
3fx0__B1_Q9Y6K9--3fx0__A1_Q9Y6K9,18,3,1,2,0.6978953189294987,66.5625,True,0.42020317268152635
3fx0__B1_Q9Y6K9--3fx0__A1_Q9Y6K9,19,3,3,2,0.6945267416804187,66.25,True,0.40843679715024056
3fx0__B1_Q9Y6K9--3fx0__A1_Q9Y6K9,20,3,2,2,0.6970885958781997,66.125,True,0.3967744266854328
3gb8__A1_O14980--3gb8__B1_O95149,1,3,1,2,0.7200700079007746,86.125,True,0.6230287144243065
3gb8__A1_O14980--3gb8__B1_O95149,2,5,0,2,0.4238226279451398,78.75,True,0.6519569781799839
3gb8__A1_O14980--3gb8__B1_O95149,3,5,1,2,0.1774677180791114,73.9375,False,0.5693930160442375
3gb8__A1_O14980--3gb8__B1_O95149,4,1,3,2,0.6475330878618707,73.125,True,0.6368794127753069
3gb8__A1_O14980--3gb8__B1_O95149,5,5,2,2,0.1985571424682887,71.125,False,0.49154898932938546
3gb8__A1_O14980--3gb8__B1_O95149,6,1,2,2,0.5172077611006283,70.4375,True,0.5711000003929034
3gb8__A1_O14980--3gb8__B1_O95149,7,5,3,2,0.191564747785924,69.8125,False,0.49005532634940707
3gb8__A1_O14980--3gb8__B1_O95149,8,1,1,2,0.5362302326935694,69.25,True,0.5758132355713462
3gb8__A1_O14980--3gb8__B1_O95149,9,4,1,2,0.1996237339144581,69.125,False,0.5171858706135348
3gb8__A1_O14980--3gb8__B1_O95149,10,3,2,2,0.3745727047123584,68.8125,True,0.51019052027729
3gb8__A1_O14980--3gb8__B1_O95149,11,1,0,2,0.4168760318873737,68.5625,True,0.5510739036327937
3gb8__A1_O14980--3gb8__B1_O95149,12,4,2,2,0.5897970990341389,68.0,True,0.5151152082593723
3gb8__A1_O14980--3gb8__B1_O95149,13,3,0,2,0.2248035122569495,67.5625,False,0.5209645901159814
3gb8__A1_O14980--3gb8__B1_O95149,14,4,3,2,0.2561542408376407,66.75,True,0.44264368712679925
3gb8__A1_O14980--3gb8__B1_O95149,15,4,0,2,0.1809092384512746,66.375,False,0.4008712332490302
3gb8__A1_O14980--3gb8__B1_O95149,16,3,3,2,0.1691043320740309,64.1875,False,0.4316636516885304
3gb8__A1_O14980--3gb8__B1_O95149,17,2,3,2,0.1730520772041102,63.625,False,0.4398036660606205
3gb8__A1_O14980--3gb8__B1_O95149,18,2,2,2,0.1645206005137779,62.96875,False,0.40969806133536074
3gb8__A1_O14980--3gb8__B1_O95149,19,2,0,2,0.4050848760975052,61.65625,True,0.447912835280234
3gb8__A1_O14980--3gb8__B1_O95149,20,2,1,2,0.1630029238004008,60.875,False,0.4037255756276677
3h8i__A1_Q7ZAG8--3h8i__B1_Q7ZAG8,1,1,0,1,0.0326334465885248,44.0,False,0.6241222729573469
3h8i__A1_Q7ZAG8--3h8i__B1_Q7ZAG8,2,4,0,1,0.0340335017767116,43.4375,False,0.6037843002470458
3h8i__A1_Q7ZAG8--3h8i__B1_Q7ZAG8,3,4,3,1,0.0336258708644445,41.96875,False,0.572429634989736
3h8i__A1_Q7ZAG8--3h8i__B1_Q7ZAG8,4,1,3,1,0.0212075054992453,40.875,False,0.6023414891686162
3h8i__A1_Q7ZAG8--3h8i__B1_Q7ZAG8,5,4,2,1,0.0392260985073691,39.6875,False,0.5340758815200054
3h8i__A1_Q7ZAG8--3h8i__B1_Q7ZAG8,6,3,1,1,0.128010889253257,39.59375,False,0.5326123559469563
3h8i__A1_Q7ZAG8--3h8i__B1_Q7ZAG8,7,1,2,1,0.0687740264506918,37.5,False,0.5712154539809423
3h8i__A1_Q7ZAG8--3h8i__B1_Q7ZAG8,8,5,3,1,0.0859841553724081,35.375,False,0.5441426956331573
3h8i__A1_Q7ZAG8--3h8i__B1_Q7ZAG8,9,4,1,1,0.044181332129562,34.59375,False,0.4791525446316634
3h8i__A1_Q7ZAG8--3h8i__B1_Q7ZAG8,10,2,2,1,0.0865224087016895,33.375,False,0.5208972590981054
3h8i__A1_Q7ZAG8--3h8i__B1_Q7ZAG8,11,3,3,1,0.085128518638546,33.28125,False,0.49157420315600414
3h8i__A1_Q7ZAG8--3h8i__B1_Q7ZAG8,12,3,0,1,0.2635506583469735,32.96875,True,0.505341398121809
3h8i__A1_Q7ZAG8--3h8i__B1_Q7ZAG8,13,2,1,1,0.1036489919103302,32.90625,False,0.502315202773961
3h8i__A1_Q7ZAG8--3h8i__B1_Q7ZAG8,14,2,3,1,0.1704660383576665,31.140625,False,0.4667002812888196
3h8i__A1_Q7ZAG8--3h8i__B1_Q7ZAG8,15,5,0,1,0.0998094932760853,30.921875,False,0.41917883374129744
3h8i__A1_Q7ZAG8--3h8i__B1_Q7ZAG8,16,5,2,1,0.0934462208417394,30.890625,False,0.4392792251018537
3h8i__A1_Q7ZAG8--3h8i__B1_Q7ZAG8,17,3,2,1,0.2755170095943864,30.671875,True,0.468481140245547
3h8i__A1_Q7ZAG8--3h8i__B1_Q7ZAG8,18,2,0,1,0.0924840618584514,30.640625,False,0.42868542456069453
3h8i__A1_Q7ZAG8--3h8i__B1_Q7ZAG8,19,1,1,1,0.0292677863057711,29.9375,False,0.4271735668186842
3h8i__A1_Q7ZAG8--3h8i__B1_Q7ZAG8,20,5,1,1,0.0972632940365511,29.5,False,0.4056384815959934
3hkl__B1_Q62838--3hkl__A1_Q62838,1,4,2,3,0.008204245910455,50.0625,False,0.6235404393476285
3hkl__B1_Q62838--3hkl__A1_Q62838,2,1,3,3,0.0379889438721098,40.4375,False,0.6056207562966353
3hkl__B1_Q62838--3hkl__A1_Q62838,3,3,1,3,0.0085879773176011,34.625,False,0.6036647700928781
3hkl__B1_Q62838--3hkl__A1_Q62838,4,3,2,3,0.0084859578050642,34.34375,False,0.5912590942157537
3hkl__B1_Q62838--3hkl__A1_Q62838,5,1,2,3,0.0434467711652029,31.765625,False,0.5545011477898392
3hkl__B1_Q62838--3hkl__A1_Q62838,6,1,1,3,0.0394597137747814,31.203125,False,0.5401720983629676
3hkl__B1_Q62838--3hkl__A1_Q62838,7,5,1,3,0.0084806585910445,28.078125,False,0.5588788371676825
3hkl__B1_Q62838--3hkl__A1_Q62838,8,5,2,3,0.0084033130682995,26.828125,False,0.546509065910924
3hkl__B1_Q62838--3hkl__A1_Q62838,9,3,3,3,0.0086468082591915,25.9375,False,0.5282228425453308
3hkl__B1_Q62838--3hkl__A1_Q62838,10,4,3,3,0.0093917804904675,25.296875,False,0.503648133170188
3hkl__B1_Q62838--3hkl__A1_Q62838,11,1,0,3,0.0370985324495078,25.1875,False,0.453301738555982
3hkl__B1_Q62838--3hkl__A1_Q62838,12,5,3,3,0.0090951649084438,25.03125,False,0.4876611864049899
3hkl__B1_Q62838--3hkl__A1_Q62838,13,3,0,3,0.0089613614062084,24.6875,False,0.5105075183625175
3hkl__B1_Q62838--3hkl__A1_Q62838,14,4,1,3,0.0085378704817099,23.359375,False,0.48805262575799613
3hkl__B1_Q62838--3hkl__A1_Q62838,15,5,0,3,0.0087452312041057,23.328125,False,0.46583975285136825
3hkl__B1_Q62838--3hkl__A1_Q62838,16,2,2,3,0.0098092301140706,22.90625,False,0.4369277945515009
3hkl__B1_Q62838--3hkl__A1_Q62838,17,2,1,3,0.0097473747108446,22.296875,False,0.43363898515538024
3hkl__B1_Q62838--3hkl__A1_Q62838,18,2,3,3,0.0090182083675962,20.453125,False,0.4071580248722757
3hkl__B1_Q62838--3hkl__A1_Q62838,19,2,0,3,0.0097527429315153,20.234375,False,0.4064683478641358
3hkl__B1_Q62838--3hkl__A1_Q62838,20,4,0,3,0.009840382899198,18.1875,False,0.40407612299265694
3i26__A1_P0C0V9--3i26__B1_P0C0V9,1,4,1,2,0.0267647281339286,39.875,False,0.6255753350005335
3i26__A1_P0C0V9--3i26__B1_P0C0V9,2,1,3,2,0.0084697969665879,25.015625,False,0.5825845711521885
3i26__A1_P0C0V9--3i26__B1_P0C0V9,3,4,3,2,0.0222153846972062,24.5,False,0.6116085878356204
3i26__A1_P0C0V9--3i26__B1_P0C0V9,4,1,2,2,0.0067362588886283,24.1875,False,0.5259911882026295
3i26__A1_P0C0V9--3i26__B1_P0C0V9,5,5,1,2,0.0254184930727832,23.84375,False,0.5834195131762421
3i26__A1_P0C0V9--3i26__B1_P0C0V9,6,5,0,2,0.0594727178339347,22.84375,False,0.5835737296882778
3i26__A1_P0C0V9--3i26__B1_P0C0V9,7,4,0,2,0.0077616610658962,22.65625,False,0.5102584154889027
3i26__A1_P0C0V9--3i26__B1_P0C0V9,8,5,3,2,0.1039135820818848,22.578125,False,0.4988527970706597
3i26__A1_P0C0V9--3i26__B1_P0C0V9,9,2,3,2,0.0621652133209668,22.5625,False,0.5578080278845524
3i26__A1_P0C0V9--3i26__B1_P0C0V9,10,4,2,2,0.0636616711988879,22.515625,False,0.48843972245271167
3i26__A1_P0C0V9--3i26__B1_P0C0V9,11,1,1,2,0.0338532530852587,22.1875,False,0.4821585658237375
3i26__A1_P0C0V9--3i26__B1_P0C0V9,12,2,0,2,0.0533768686283977,22.078125,False,0.4621576951331648
3i26__A1_P0C0V9--3i26__B1_P0C0V9,13,2,2,2,0.0820987163763566,21.8125,False,0.5292074391954568
3i26__A1_P0C0V9--3i26__B1_P0C0V9,14,5,2,2,0.0602132742716257,21.59375,False,0.5237371290518297
3i26__A1_P0C0V9--3i26__B1_P0C0V9,15,3,0,2,0.0513620739505585,21.40625,False,0.4505299667309989
3i26__A1_P0C0V9--3i26__B1_P0C0V9,16,3,1,2,0.0327074384797518,21.171875,False,0.45936197606802454
3i26__A1_P0C0V9--3i26__B1_P0C0V9,17,1,0,2,0.0416042088479651,21.140625,False,0.45170036105427835
3i26__A1_P0C0V9--3i26__B1_P0C0V9,18,2,1,2,0.0766448696155257,20.921875,False,0.423954898497215
3i26__A1_P0C0V9--3i26__B1_P0C0V9,19,3,3,2,0.0404898747166313,20.8125,False,0.4515917550395371
3i26__A1_P0C0V9--3i26__B1_P0C0V9,20,3,2,2,0.0475742456135374,20.3125,False,0.40144413796648326
3jsb__A1_P14240--3jsb__A2_P14240,1,5,0,0,0.0217433755425049,24.171875,False,0.6305060463137707
3jsb__A1_P14240--3jsb__A2_P14240,2,3,2,0,0.022088875962404,23.0625,False,0.6181590574447718
3jsb__A1_P14240--3jsb__A2_P14240,3,5,1,0,0.0208311649883352,19.65625,False,0.6056575294548888
3jsb__A1_P14240--3jsb__A2_P14240,4,3,1,0,0.023482502381445,19.0625,False,0.591406114111602
3jsb__A1_P14240--3jsb__A2_P14240,5,3,3,0,0.02191968346173,18.375,False,0.5788349534455152
3jsb__A1_P14240--3jsb__A2_P14240,6,4,3,0,0.0083800197741436,18.328125,False,0.5224934127052367
3jsb__A1_P14240--3jsb__A2_P14240,7,5,2,0,0.0178523645176341,18.234375,False,0.5610303806618036
3jsb__A1_P14240--3jsb__A2_P14240,8,3,0,0,0.0244568340470346,17.578125,False,0.5480051222175851
3jsb__A1_P14240--3jsb__A2_P14240,9,5,3,0,0.0197579393632227,17.5,False,0.5349137685080025
3jsb__A1_P14240--3jsb__A2_P14240,10,2,1,0,0.029415688149115,17.375,False,0.5050569517126245
3jsb__A1_P14240--3jsb__A2_P14240,11,4,0,0,0.0103969282129956,17.1875,False,0.4970222711019876
3jsb__A1_P14240--3jsb__A2_P14240,12,1,1,0,0.039489401419763,17.109375,False,0.4654128987011784
3jsb__A1_P14240--3jsb__A2_P14240,13,2,3,0,0.0278743389864168,17.109375,False,0.4856614069023233
3jsb__A1_P14240--3jsb__A2_P14240,14,2,0,0,0.0289096475435132,17.0625,False,0.4708620965111975
3jsb__A1_P14240--3jsb__A2_P14240,15,4,1,0,0.0118275558721696,16.84375,False,0.47007544566576276
3jsb__A1_P14240--3jsb__A2_P14240,16,2,2,0,0.0284711227765344,16.828125,False,0.44114738432711165
3jsb__A1_P14240--3jsb__A2_P14240,17,1,0,0,0.0758956117365429,16.796875,False,0.4316031508019356
3jsb__A1_P14240--3jsb__A2_P14240,18,1,2,0,0.0757310411679682,16.71875,False,0.4009822122276745
3jsb__A1_P14240--3jsb__A2_P14240,19,1,3,0,0.0226186854391424,16.5625,False,0.4029348392979806
3jsb__A1_P14240--3jsb__A2_P14240,20,4,2,0,0.0099341494890017,16.453125,False,0.40482782239790105
3jtz__A1_Q9Z3B4--3jtz__A2_Q9Z3B4,1,4,1,0,0.8967332496827279,89.3125,True,0.6281437158001192
3jtz__A1_Q9Z3B4--3jtz__A2_Q9Z3B4,2,4,0,0,0.8801752779836326,89.25,True,0.6175126752929536
3jtz__A1_Q9Z3B4--3jtz__A2_Q9Z3B4,3,4,2,0,0.8908281413627915,89.0625,True,0.6088842514888654
3jtz__A1_Q9Z3B4--3jtz__A2_Q9Z3B4,4,5,0,0,0.8803064077900672,88.875,True,0.5850650713766172
3jtz__A1_Q9Z3B4--3jtz__A2_Q9Z3B4,5,5,3,0,0.8736802489240442,88.8125,True,0.5933082746683427
3jtz__A1_Q9Z3B4--3jtz__A2_Q9Z3B4,6,4,3,0,0.8995804589290678,88.8125,True,0.5623180324278992
3jtz__A1_Q9Z3B4--3jtz__A2_Q9Z3B4,7,5,1,0,0.8720501020863874,88.5625,True,0.5544332660190202
3jtz__A1_Q9Z3B4--3jtz__A2_Q9Z3B4,8,5,2,0,0.8847798547846605,88.0625,True,0.5413867443058609
3jtz__A1_Q9Z3B4--3jtz__A2_Q9Z3B4,9,3,0,0,0.8839155518328488,85.6875,True,0.5249591872184061
3jtz__A1_Q9Z3B4--3jtz__A2_Q9Z3B4,10,3,3,0,0.8731576320265871,85.5,True,0.5184703505770696
3jtz__A1_Q9Z3B4--3jtz__A2_Q9Z3B4,11,1,2,0,0.2230512564824552,77.0,False,0.5019770440198479
3jtz__A1_Q9Z3B4--3jtz__A2_Q9Z3B4,12,1,0,0,0.2247678745781837,74.5625,False,0.48881072268234976
3jtz__A1_Q9Z3B4--3jtz__A2_Q9Z3B4,13,1,3,0,0.2181229756268925,73.625,False,0.4756599083050333
3jtz__A1_Q9Z3B4--3jtz__A2_Q9Z3B4,14,1,1,0,0.2218340966638962,68.375,False,0.46254276326441346
3jtz__A1_Q9Z3B4--3jtz__A2_Q9Z3B4,15,3,1,0,0.2272949294413292,39.65625,False,0.449477264053006
3jtz__A1_Q9Z3B4--3jtz__A2_Q9Z3B4,16,3,2,0,0.3630010693476464,26.578125,True,0.4364811034221464
3jtz__A1_Q9Z3B4--3jtz__A2_Q9Z3B4,17,2,3,0,0.0300063644601275,20.40625,False,0.4040762195186408
3jtz__A1_Q9Z3B4--3jtz__A2_Q9Z3B4,18,2,2,0,0.0346121782807449,20.28125,False,0.4140140129151333
3jtz__A1_Q9Z3B4--3jtz__A2_Q9Z3B4,19,2,0,0,0.0480609174469819,20.1875,False,0.4142222026628606
3jtz__A1_Q9Z3B4--3jtz__A2_Q9Z3B4,20,2,1,0,0.0328744553568689,20.015625,False,0.385537875910314
3k7v__A1_P30153--3k7v__B1_P67775,1,3,0,2,0.6058683779459383,90.625,True,0.634660073196272
3k7v__A1_P30153--3k7v__B1_P67775,2,3,3,2,0.6031977773279308,89.8125,True,0.620709727953353
3k7v__A1_P30153--3k7v__B1_P67775,3,1,3,2,0.6213713822481568,88.8125,True,0.5753016404795521
3k7v__A1_P30153--3k7v__B1_P67775,4,5,0,2,0.6222630543969808,88.75,True,0.5945272112680925
3k7v__A1_P30153--3k7v__B1_P67775,5,3,2,2,0.6010133602228377,87.8125,True,0.5756731701260277
3k7v__A1_P30153--3k7v__B1_P67775,6,3,1,2,0.5940181408312349,87.625,True,0.5581719769463671
3k7v__A1_P30153--3k7v__B1_P67775,7,1,0,2,0.6172729748002616,87.5625,True,0.524931226008228
3k7v__A1_P30153--3k7v__B1_P67775,8,2,3,2,0.6077832773796535,87.5,True,0.5643183233862147
3k7v__A1_P30153--3k7v__B1_P67775,9,5,1,2,0.6289194854629154,87.1875,True,0.5420114690252716
3k7v__A1_P30153--3k7v__B1_P67775,10,1,2,2,0.62219030666149,86.875,True,0.5343151547057877
3k7v__A1_P30153--3k7v__B1_P67775,11,4,0,2,0.6273852301623587,86.625,True,0.5409583213224213
3k7v__A1_P30153--3k7v__B1_P67775,12,1,1,2,0.6101198692571655,85.4375,True,0.4546214332146151
3k7v__A1_P30153--3k7v__B1_P67775,13,4,2,2,0.628432795049504,84.75,True,0.4735912751835273
3k7v__A1_P30153--3k7v__B1_P67775,14,5,3,2,0.6450758211904005,84.125,True,0.4492429003342225
3k7v__A1_P30153--3k7v__B1_P67775,15,2,0,2,0.5987376594406891,83.1875,True,0.44661863641228366
3k7v__A1_P30153--3k7v__B1_P67775,16,2,1,2,0.6165007336859387,82.6875,True,0.4370319171226537
3k7v__A1_P30153--3k7v__B1_P67775,17,5,2,2,0.6308162387920694,82.625,True,0.426202816998494
3k7v__A1_P30153--3k7v__B1_P67775,18,4,3,2,0.6151801745578696,82.5625,True,0.43495410988596733
3k7v__A1_P30153--3k7v__B1_P67775,19,4,1,2,0.6084406792537279,80.0625,True,0.40313774086654425
3k7v__A1_P30153--3k7v__B1_P67775,20,2,2,2,0.6029874899331036,79.6875,True,0.4126567886692302
3lbx__B1_P11277--3lbx__A1_P02549,1,5,1,0,0.695489232318411,83.6875,True,0.6305637859732365
3lbx__B1_P11277--3lbx__A1_P02549,2,5,3,0,0.6956578017184446,83.625,True,0.6182114004128612
3lbx__B1_P11277--3lbx__A1_P02549,3,5,2,0,0.6965729427511236,83.0625,True,0.6081730581998588
3lbx__B1_P11277--3lbx__A1_P02549,4,5,0,0,0.6973565024166871,82.8125,True,0.5973182439506292
3lbx__B1_P11277--3lbx__A1_P02549,5,4,1,0,0.701857125427516,82.6875,True,0.5810186717636123
3lbx__B1_P11277--3lbx__A1_P02549,6,4,2,0,0.7008995220961006,82.4375,True,0.563329462635593
3lbx__B1_P11277--3lbx__A1_P02549,7,4,3,0,0.701562878455353,82.3125,True,0.5467758328095481
3lbx__B1_P11277--3lbx__A1_P02549,8,4,0,0,0.7008595367463872,82.3125,True,0.545477657455214
3lbx__B1_P11277--3lbx__A1_P02549,9,3,3,0,0.6913538444211111,82.0625,True,0.5149749556802218
3lbx__B1_P11277--3lbx__A1_P02549,10,3,2,0,0.6938518846045182,81.5,True,0.5058210458747322
3lbx__B1_P11277--3lbx__A1_P02549,11,2,1,0,0.6811906281463168,81.4375,True,0.5079457374160821
3lbx__B1_P11277--3lbx__A1_P02549,12,3,0,0,0.686458579720456,81.375,True,0.49651814074894046
3lbx__B1_P11277--3lbx__A1_P02549,13,2,3,0,0.6846951630114514,81.3125,True,0.47647768866061696
3lbx__B1_P11277--3lbx__A1_P02549,14,1,1,0,0.6668592473588211,80.8125,True,0.4518332387093714
3lbx__B1_P11277--3lbx__A1_P02549,15,2,2,0,0.6921323173869625,80.75,True,0.46497697083455514
3lbx__B1_P11277--3lbx__A1_P02549,16,2,0,0,0.6859879117927875,80.3125,True,0.44231470738745143
3lbx__B1_P11277--3lbx__A1_P02549,17,1,0,0,0.6746221331504656,80.0,True,0.42537037980330655
3lbx__B1_P11277--3lbx__A1_P02549,18,1,2,0,0.6712042927390433,79.625,True,0.4109732890811953
3lbx__B1_P11277--3lbx__A1_P02549,19,1,3,0,0.6989812955039847,79.0,True,0.3936383465163637
3lbx__B1_P11277--3lbx__A1_P02549,20,3,1,0,0.6726582441029479,74.9375,True,0.3855286050603503
3lcb__A1_Q8X607--3lcb__D2_P08200,1,4,1,2,0.774296384896862,80.8125,True,0.6159308655277576
3lcb__A1_Q8X607--3lcb__D2_P08200,2,1,1,2,0.8013913066191903,80.6875,True,0.6040590909459842
3lcb__A1_Q8X607--3lcb__D2_P08200,3,4,0,2,0.7679533473063285,79.9375,True,0.6094733526548468
3lcb__A1_Q8X607--3lcb__D2_P08200,4,4,2,2,0.7777747774249743,79.6875,True,0.5840120149724363
3lcb__A1_Q8X607--3lcb__D2_P08200,5,1,3,2,0.779281300548854,78.9375,True,0.5523443138780486
3lcb__A1_Q8X607--3lcb__D2_P08200,6,1,2,2,0.7827581890448142,78.875,True,0.5532807890209114
3lcb__A1_Q8X607--3lcb__D2_P08200,7,4,3,2,0.7864806133365202,78.875,True,0.5713943144855834
3lcb__A1_Q8X607--3lcb__D2_P08200,8,1,0,2,0.7738629074859854,78.75,True,0.5617841699404758
3lcb__A1_Q8X607--3lcb__D2_P08200,9,5,1,2,0.7847115702397794,78.625,True,0.5401177055660689
3lcb__A1_Q8X607--3lcb__D2_P08200,10,5,3,2,0.7764460730440653,77.9375,True,0.49546946938073944
3lcb__A1_Q8X607--3lcb__D2_P08200,11,2,2,2,0.7571976414828855,77.875,True,0.4775918413368412
3lcb__A1_Q8X607--3lcb__D2_P08200,12,5,0,2,0.7741231389153431,77.8125,True,0.5141605926281858
3lcb__A1_Q8X607--3lcb__D2_P08200,13,5,2,2,0.7707087658881949,77.125,True,0.4789688939470547
3lcb__A1_Q8X607--3lcb__D2_P08200,14,2,1,2,0.7754599708727715,76.75,True,0.4671076205347613
3lcb__A1_Q8X607--3lcb__D2_P08200,15,2,3,2,0.7735885264308452,76.0,True,0.43220681230148744
3lcb__A1_Q8X607--3lcb__D2_P08200,16,2,0,2,0.7524813580670117,75.8125,True,0.42458913957435174
3lcb__A1_Q8X607--3lcb__D2_P08200,17,3,1,2,0.7606665857009868,75.0625,True,0.4537474720479863
3lcb__A1_Q8X607--3lcb__D2_P08200,18,3,3,2,0.761246289555516,74.9375,True,0.4417574669579664
3lcb__A1_Q8X607--3lcb__D2_P08200,19,3,2,2,0.7541659711074344,73.5,True,0.41375722172452145
3lcb__A1_Q8X607--3lcb__D2_P08200,20,3,0,2,0.7524429140963896,72.5625,True,0.4126567886692302
3lf6__B1_UNDEFINED--3lf6__A1_UNDEFINED,1,1,3,4,0.0605858682294215,85.5625,False,0.6287323427945517
3lf6__B1_UNDEFINED--3lf6__A1_UNDEFINED,2,2,1,4,0.060642874413449,84.375,False,0.616094207551083
3lf6__B1_UNDEFINED--3lf6__A1_UNDEFINED,3,2,0,4,0.0609048371247647,84.0,False,0.6032973066517374
3lf6__B1_UNDEFINED--3lf6__A1_UNDEFINED,4,2,3,4,0.0608976297184778,83.8125,False,0.590357464945786
3lf6__B1_UNDEFINED--3lf6__A1_UNDEFINED,5,1,1,4,0.0587161909016705,82.8125,False,0.5739369431892002
3lf6__B1_UNDEFINED--3lf6__A1_UNDEFINED,6,1,2,4,0.0614881396311556,81.75,False,0.565768490223843
3lf6__B1_UNDEFINED--3lf6__A1_UNDEFINED,7,4,3,4,0.0593995547949254,81.6875,False,0.5457837882323991
3lf6__B1_UNDEFINED--3lf6__A1_UNDEFINED,8,4,2,4,0.0594012748516172,81.0625,False,0.5272555108516562
3lf6__B1_UNDEFINED--3lf6__A1_UNDEFINED,9,4,0,4,0.0594001660583656,80.8125,False,0.5206915291855908
3lf6__B1_UNDEFINED--3lf6__A1_UNDEFINED,10,4,1,4,0.0594144619653283,80.0625,False,0.4914363993669665
3lf6__B1_UNDEFINED--3lf6__A1_UNDEFINED,11,2,2,4,0.0618301921322984,79.5,False,0.5200158784882493
3lf6__B1_UNDEFINED--3lf6__A1_UNDEFINED,12,1,0,4,0.0621227272433794,78.9375,False,0.5008741220903934
3lf6__B1_UNDEFINED--3lf6__A1_UNDEFINED,13,5,1,4,0.6513339367287345,75.625,True,0.47039120486221897
3lf6__B1_UNDEFINED--3lf6__A1_UNDEFINED,14,5,0,4,0.6713623416325408,74.625,True,0.4570179475841675
3lf6__B1_UNDEFINED--3lf6__A1_UNDEFINED,15,5,2,4,0.658980531116545,71.5,True,0.4437063591061072
3lf6__B1_UNDEFINED--3lf6__A1_UNDEFINED,16,5,3,4,0.6391622977468571,71.0,True,0.4304751085074142
3lf6__B1_UNDEFINED--3lf6__A1_UNDEFINED,17,3,2,4,0.5742387773695,70.5625,True,0.4173424096814983
3lf6__B1_UNDEFINED--3lf6__A1_UNDEFINED,18,3,3,4,0.5750688712743594,69.1875,True,0.4043259238105572
3lf6__B1_UNDEFINED--3lf6__A1_UNDEFINED,19,3,1,4,0.5714890052309237,66.6875,True,0.3914426683468919
3lf6__B1_UNDEFINED--3lf6__A1_UNDEFINED,20,3,0,4,0.5694035635279393,65.1875,True,0.37870893344362017
3m7p__A1_P02751--3m7p__A2_P02751,1,2,0,0,0.0100457645835616,23.03125,False,0.5529703858065156
3m7p__A1_P02751--3m7p__A2_P02751,2,1,1,0,0.0083087668336601,21.71875,False,0.5573612905748725
3m7p__A1_P02751--3m7p__A2_P02751,3,1,2,0,0.0079748749170065,20.90625,False,0.48747030815666814
3m7p__A1_P02751--3m7p__A2_P02751,4,4,1,0,0.008027176653544,20.703125,False,0.5700968029294115
3m7p__A1_P02751--3m7p__A2_P02751,5,1,0,0,0.00947061218738,20.546875,False,0.5845331959726044
3m7p__A1_P02751--3m7p__A2_P02751,6,5,0,0,0.0080639090306685,20.546875,False,0.5490177196127751
3m7p__A1_P02751--3m7p__A2_P02751,7,4,3,0,0.0111136186970531,20.046875,False,0.5478372711226613
3m7p__A1_P02751--3m7p__A2_P02751,8,5,3,0,0.0087968836757029,19.765625,False,0.5892271386003267
3m7p__A1_P02751--3m7p__A2_P02751,9,4,2,0,0.0105852034099622,19.65625,False,0.5472485568255426
3m7p__A1_P02751--3m7p__A2_P02751,10,5,1,0,0.0099810545113719,19.078125,False,0.5704611922177507
3m7p__A1_P02751--3m7p__A2_P02751,11,4,0,0,0.0102182957404406,18.609375,False,0.525840217131012
3m7p__A1_P02751--3m7p__A2_P02751,12,2,1,0,0.0106789263747316,18.328125,False,0.4909304324065938
3m7p__A1_P02751--3m7p__A2_P02751,13,1,3,0,0.0081866130064341,17.9375,False,0.4802360656815674
3m7p__A1_P02751--3m7p__A2_P02751,14,3,1,0,0.008887983103476,17.75,False,0.44468821588293417
3m7p__A1_P02751--3m7p__A2_P02751,15,3,3,0,0.0088030517402202,17.75,False,0.49022262418518975
3m7p__A1_P02751--3m7p__A2_P02751,16,2,3,0,0.0083233544455894,17.703125,False,0.433017283343022
3m7p__A1_P02751--3m7p__A2_P02751,17,3,2,0,0.0093488898894861,17.1875,False,0.43611328401142113
3m7p__A1_P02751--3m7p__A2_P02751,18,2,2,0,0.0083058652218373,16.796875,False,0.46781054714532677
3m7p__A1_P02751--3m7p__A2_P02751,19,3,0,0,0.0104003562796135,16.40625,False,0.3989649798462606
3m7p__A1_P02751--3m7p__A2_P02751,20,5,2,0,0.0087813232972093,16.3125,False,0.4461935153328115
3mca__A1_O74774--3mca__B1_Q9USL5,1,4,2,0,0.5464294672961154,60.75,True,0.6546318899539905
3mca__A1_O74774--3mca__B1_Q9USL5,2,5,1,0,0.0709576079359438,56.03125,False,0.6111143192904973
3mca__A1_O74774--3mca__B1_Q9USL5,3,4,0,0,0.0975513889179878,55.4375,False,0.5904031060362633
3mca__A1_O74774--3mca__B1_Q9USL5,4,5,0,0,0.065812355897517,54.71875,False,0.5865235745185619
3mca__A1_O74774--3mca__B1_Q9USL5,5,5,3,0,0.0635050085353793,53.875,False,0.5514509063980816
3mca__A1_O74774--3mca__B1_Q9USL5,6,4,3,0,0.0765045800951229,53.375,False,0.6154761321218922
3mca__A1_O74774--3mca__B1_Q9USL5,7,3,3,0,0.0713165406440714,52.96875,False,0.5885612830098097
3mca__A1_O74774--3mca__B1_Q9USL5,8,1,0,0,0.1571694045916719,52.5,False,0.4835288039532436
3mca__A1_O74774--3mca__B1_Q9USL5,9,1,3,0,0.0640830323911781,52.1875,False,0.5167226067335486
3mca__A1_O74774--3mca__B1_Q9USL5,10,1,1,0,0.0762951699722745,52.15625,False,0.5038196264276307
3mca__A1_O74774--3mca__B1_Q9USL5,11,2,3,0,0.0672833081155556,51.28125,False,0.475522515503972
3mca__A1_O74774--3mca__B1_Q9USL5,12,3,0,0,0.072159653194481,51.03125,False,0.5351545936809241
3mca__A1_O74774--3mca__B1_Q9USL5,13,1,2,0,0.089355647937822,50.125,False,0.42891356653139906
3mca__A1_O74774--3mca__B1_Q9USL5,14,5,2,0,0.0807078298728932,49.53125,False,0.4967160930905046
3mca__A1_O74774--3mca__B1_Q9USL5,15,2,2,0,0.0959694936700464,48.1875,False,0.4529872364104818
3mca__A1_O74774--3mca__B1_Q9USL5,16,2,0,0,0.1331651184635053,48.125,False,0.4317123030989222
3mca__A1_O74774--3mca__B1_Q9USL5,17,2,1,0,0.0969221265319437,47.875,False,0.4437587960254361
3mca__A1_O74774--3mca__B1_Q9USL5,18,4,1,0,0.2187391140115853,46.1875,False,0.40432035033235947
3mca__A1_O74774--3mca__B1_Q9USL5,19,3,1,0,0.0826185294620616,45.25,False,0.3980451970873846
3mca__A1_O74774--3mca__B1_Q9USL5,20,3,2,0,0.0714088934692145,44.8125,False,0.395087581600945
3mlf__A1_UNDEFINED--3mlf__B1_UNDEFINED,1,5,3,3,0.5002940342760246,77.5,True,0.6205281928449286
3mlf__A1_UNDEFINED--3mlf__B1_UNDEFINED,2,5,0,3,0.5162007955800348,76.0625,True,0.6153889609674681
3mlf__A1_UNDEFINED--3mlf__B1_UNDEFINED,3,5,2,3,0.516504762009152,75.1875,True,0.6000923977774686
3mlf__A1_UNDEFINED--3mlf__B1_UNDEFINED,4,3,0,3,0.4868943058746398,51.8125,True,0.5880264095818216
3mlf__A1_UNDEFINED--3mlf__B1_UNDEFINED,5,5,1,3,0.3105848501451125,30.21875,True,0.5755307254795949
3mlf__A1_UNDEFINED--3mlf__B1_UNDEFINED,6,3,2,3,0.2929545505699862,28.78125,True,0.5569495428255393
3mlf__A1_UNDEFINED--3mlf__B1_UNDEFINED,7,2,1,3,0.1121652022716521,24.59375,False,0.539496567731363
3mlf__A1_UNDEFINED--3mlf__B1_UNDEFINED,8,2,0,3,0.1125399339790056,22.328125,False,0.5273727889635245
3mlf__A1_UNDEFINED--3mlf__B1_UNDEFINED,9,4,1,3,0.0992899620854501,20.25,False,0.5363191606578834
3mlf__A1_UNDEFINED--3mlf__B1_UNDEFINED,10,3,1,3,0.1053733273894179,18.734375,False,0.5098058827707248
3mlf__A1_UNDEFINED--3mlf__B1_UNDEFINED,11,1,2,3,0.161016754701962,18.0625,False,0.4559447953582541
3mlf__A1_UNDEFINED--3mlf__B1_UNDEFINED,12,4,3,3,0.1088198432023371,14.1875,False,0.48838445014420007
3mlf__A1_UNDEFINED--3mlf__B1_UNDEFINED,13,4,0,3,0.0630190404608536,13.4765625,False,0.5018022336647628
3mlf__A1_UNDEFINED--3mlf__B1_UNDEFINED,14,4,2,3,0.0743391745995302,12.765625,False,0.4746472157614435
3mlf__A1_UNDEFINED--3mlf__B1_UNDEFINED,15,3,3,3,0.1082477708886791,12.2734375,False,0.4560934896377812
3mlf__A1_UNDEFINED--3mlf__B1_UNDEFINED,16,2,2,3,0.022632014694704,12.0234375,False,0.44500207185017054
3mlf__A1_UNDEFINED--3mlf__B1_UNDEFINED,17,2,3,3,0.0341897911113972,11.21875,False,0.4240942550133457
3mlf__A1_UNDEFINED--3mlf__B1_UNDEFINED,18,1,1,3,0.0398762508714463,10.4140625,False,0.41954817732748295
3mlf__A1_UNDEFINED--3mlf__B1_UNDEFINED,19,1,3,3,0.0264914856951531,10.078125,False,0.41158837663978404
3mlf__A1_UNDEFINED--3mlf__B1_UNDEFINED,20,1,0,3,0.04800497000789,9.9609375,False,0.4023706897950699
3mxn__A1_Q9H9A7--3mxn__B1_Q96E14,1,5,1,3,0.7846595514823321,91.75,True,0.5871033974687874
3mxn__A1_Q9H9A7--3mxn__B1_Q96E14,2,5,2,3,0.8188177599000652,91.625,True,0.5549800441184709
3mxn__A1_Q9H9A7--3mxn__B1_Q96E14,3,5,3,3,0.8174516350060181,91.625,True,0.5789362447297278
3mxn__A1_Q9H9A7--3mxn__B1_Q96E14,4,3,1,3,0.820578633859469,91.4375,True,0.5915963654005838
3mxn__A1_Q9H9A7--3mxn__B1_Q96E14,5,3,2,3,0.8268281013296016,91.4375,True,0.5745987746366463
3mxn__A1_Q9H9A7--3mxn__B1_Q96E14,6,5,0,3,0.8176124214444287,91.4375,True,0.5439733144254681
3mxn__A1_Q9H9A7--3mxn__B1_Q96E14,7,3,0,3,0.8299330850901555,91.375,True,0.5539874336095406
3mxn__A1_Q9H9A7--3mxn__B1_Q96E14,8,3,3,3,0.8233594929801676,91.3125,True,0.5473413798214852
3mxn__A1_Q9H9A7--3mxn__B1_Q96E14,9,1,2,3,0.8064457863397049,91.3125,True,0.5199340453050876
3mxn__A1_Q9H9A7--3mxn__B1_Q96E14,10,4,1,3,0.8123141713846872,91.25,True,0.5128078362360675
3mxn__A1_Q9H9A7--3mxn__B1_Q96E14,11,4,2,3,0.815919074573127,91.25,True,0.48434772028033835
3mxn__A1_Q9H9A7--3mxn__B1_Q96E14,12,4,0,3,0.8098152318554525,91.125,True,0.4910895658372011
3mxn__A1_Q9H9A7--3mxn__B1_Q96E14,13,1,0,3,0.8112654787485534,91.125,True,0.5088438138535333
3mxn__A1_Q9H9A7--3mxn__B1_Q96E14,14,1,3,3,0.8076467839026659,91.125,True,0.46119887551496
3mxn__A1_Q9H9A7--3mxn__B1_Q96E14,15,4,3,3,0.8188210289883217,91.125,True,0.4898212795880792
3mxn__A1_Q9H9A7--3mxn__B1_Q96E14,16,1,1,3,0.812154267975813,91.0625,True,0.4391438617213177
3mxn__A1_Q9H9A7--3mxn__B1_Q96E14,17,2,2,3,0.8098656312833595,90.875,True,0.48451996538163117
3mxn__A1_Q9H9A7--3mxn__B1_Q96E14,18,2,3,3,0.8197325560309691,90.4375,True,0.4224239496855123
3mxn__A1_Q9H9A7--3mxn__B1_Q96E14,19,2,1,3,0.7885934418867744,90.375,True,0.4055428843643767
3mxn__A1_Q9H9A7--3mxn__B1_Q96E14,20,2,0,3,0.8043791092461556,90.125,True,0.400305897145281
3n4i__A1_P0AD64--3n4i__B1_P35804,1,5,3,2,0.7135625553350368,93.0,True,0.6214244186604208
3n4i__A1_P0AD64--3n4i__B1_P35804,2,5,1,2,0.6865747980882024,92.75,True,0.6099510852321027
3n4i__A1_P0AD64--3n4i__B1_P35804,3,5,2,2,0.6243628899027205,92.6875,True,0.6032654217883381
3n4i__A1_P0AD64--3n4i__B1_P35804,4,3,3,2,0.690339880524764,92.5,True,0.588301374160422
3n4i__A1_P0AD64--3n4i__B1_P35804,5,5,0,2,0.7256516484907606,92.3125,True,0.5611401307078099
3n4i__A1_P0AD64--3n4i__B1_P35804,6,4,1,2,0.7219036120799722,92.0625,True,0.5559148245320533
3n4i__A1_P0AD64--3n4i__B1_P35804,7,4,2,2,0.7270856695236748,91.8125,True,0.5528168759474419
3n4i__A1_P0AD64--3n4i__B1_P35804,8,3,1,2,0.7015812192005239,91.75,True,0.5505581316077073
3n4i__A1_P0AD64--3n4i__B1_P35804,9,3,2,2,0.7128601252045131,91.625,True,0.534102144733628
3n4i__A1_P0AD64--3n4i__B1_P35804,10,4,3,2,0.7275289743195903,91.125,True,0.5037980631548825
3n4i__A1_P0AD64--3n4i__B1_P35804,11,3,0,2,0.722070582903128,91.0625,True,0.5153658400799033
3n4i__A1_P0AD64--3n4i__B1_P35804,12,1,0,2,0.7317082163745687,90.5,True,0.49837997171833875
3n4i__A1_P0AD64--3n4i__B1_P35804,13,4,0,2,0.7329147407800068,89.8125,True,0.4625179358555185
3n4i__A1_P0AD64--3n4i__B1_P35804,14,1,3,2,0.6945777240862538,88.8125,True,0.4636506827434789
3n4i__A1_P0AD64--3n4i__B1_P35804,15,1,2,2,0.7253873395766903,88.6875,True,0.4516153409925458
3n4i__A1_P0AD64--3n4i__B1_P35804,16,1,1,2,0.7322199276180417,87.8125,True,0.4478918696664682
3n4i__A1_P0AD64--3n4i__B1_P35804,17,2,3,2,0.7171849140368113,87.625,True,0.45873586763534935
3n4i__A1_P0AD64--3n4i__B1_P35804,18,2,1,2,0.0589010778652914,30.3125,False,0.41974855485693335
3n4i__A1_P0AD64--3n4i__B1_P35804,19,2,2,2,0.0587085208305376,28.3125,False,0.41048789985542333
3n4i__A1_P0AD64--3n4i__B1_P35804,20,2,0,2,0.0593717881340503,28.09375,False,0.39519194420713877
3n7e__A1_Q58AD3--3n7e__B1_Q58AD3,1,1,0,1,0.0957793563570699,72.1875,False,0.6244873582878557
3n7e__A1_Q58AD3--3n7e__B1_Q58AD3,2,1,2,1,0.0936181358605102,70.6875,False,0.6125640603930859
3n7e__A1_Q58AD3--3n7e__B1_Q58AD3,3,1,3,1,0.0945515053209254,69.875,False,0.6005043635206955
3n7e__A1_Q58AD3--3n7e__B1_Q58AD3,4,2,2,1,0.09893670235528,53.8125,False,0.5634159662678639
3n7e__A1_Q58AD3--3n7e__B1_Q58AD3,5,5,3,1,0.0376958091579524,31.484375,False,0.581141110474463
3n7e__A1_Q58AD3--3n7e__B1_Q58AD3,6,5,2,1,0.036108844720231,30.40625,False,0.5687918369051562
3n7e__A1_Q58AD3--3n7e__B1_Q58AD3,7,5,1,1,0.0374525817890054,29.25,False,0.5563564186719321
3n7e__A1_Q58AD3--3n7e__B1_Q58AD3,8,5,0,1,0.0412681089682534,27.4375,False,0.5404735885586435
3n7e__A1_Q58AD3--3n7e__B1_Q58AD3,9,3,3,1,0.1012320044792887,26.390625,False,0.5305837380649358
3n7e__A1_Q58AD3--3n7e__B1_Q58AD3,10,3,1,1,0.0783235688422402,25.359375,False,0.5074761123120325
3n7e__A1_Q58AD3--3n7e__B1_Q58AD3,11,3,0,1,0.458831034053831,24.671875,True,0.5055085508439687
3n7e__A1_Q58AD3--3n7e__B1_Q58AD3,12,3,2,1,0.3787625754496761,23.78125,True,0.49287527048647994
3n7e__A1_Q58AD3--3n7e__B1_Q58AD3,13,2,3,1,0.0876410532102429,22.953125,False,0.475571376291328
3n7e__A1_Q58AD3--3n7e__B1_Q58AD3,14,4,1,1,0.0710002279078078,16.703125,False,0.45486578278023004
3n7e__A1_Q58AD3--3n7e__B1_Q58AD3,15,2,0,1,0.051560565595383,16.125,False,0.44070324410213085
3n7e__A1_Q58AD3--3n7e__B1_Q58AD3,16,1,1,1,0.0751658345261472,15.9921875,False,0.44971840614641423
3n7e__A1_Q58AD3--3n7e__B1_Q58AD3,17,2,1,1,0.0275574806315888,15.9296875,False,0.42088226751942576
3n7e__A1_Q58AD3--3n7e__B1_Q58AD3,18,4,0,1,0.0222588175813452,14.546875,False,0.42020588195990427
3n7e__A1_Q58AD3--3n7e__B1_Q58AD3,19,4,3,1,0.0181772919196672,14.390625,False,0.4006464076721325
3n7e__A1_Q58AD3--3n7e__B1_Q58AD3,20,4,2,1,0.0225696722901857,14.296875,False,0.39303968056333105
3n9y__A1_P05108--3n9y__C1_P10109,1,1,3,4,0.7691303787940557,90.5,True,0.5794936223044064
3n9y__A1_P05108--3n9y__C1_P10109,2,5,0,4,0.8003975332976804,90.3125,True,0.6201737726883609
3n9y__A1_P05108--3n9y__C1_P10109,3,5,3,4,0.7993155291128858,90.1875,True,0.6148050551306015
3n9y__A1_P05108--3n9y__C1_P10109,4,1,1,4,0.7664234421580952,90.1875,True,0.49969303839041584
3n9y__A1_P05108--3n9y__C1_P10109,5,3,2,4,0.8221636145331885,90.125,True,0.6001138577895615
3n9y__A1_P05108--3n9y__C1_P10109,6,1,0,4,0.7533984541193247,89.75,True,0.47548322858182573
3n9y__A1_P05108--3n9y__C1_P10109,7,5,2,4,0.793288730799207,89.75,True,0.5648676677557303
3n9y__A1_P05108--3n9y__C1_P10109,8,5,1,4,0.7788804482299342,89.6875,True,0.5686226840102242
3n9y__A1_P05108--3n9y__C1_P10109,9,2,0,4,0.7289927468131777,89.625,True,0.5378000116591872
3n9y__A1_P05108--3n9y__C1_P10109,10,2,2,4,0.7512070392233491,89.1875,True,0.4481919479616136
3n9y__A1_P05108--3n9y__C1_P10109,11,4,2,4,0.7424138491683273,88.875,True,0.5147907750498903
3n9y__A1_P05108--3n9y__C1_P10109,12,4,1,4,0.7558472964202491,88.875,True,0.5594775796441258
3n9y__A1_P05108--3n9y__C1_P10109,13,3,3,4,0.8370145293421464,88.875,True,0.48022924931560956
3n9y__A1_P05108--3n9y__C1_P10109,14,4,0,4,0.7635304397778975,88.75,True,0.5045708665783082
3n9y__A1_P05108--3n9y__C1_P10109,15,1,2,4,0.7545260000458421,88.6875,True,0.4240696381893474
3n9y__A1_P05108--3n9y__C1_P10109,16,2,1,4,0.7744806841203519,88.125,True,0.39975262724561234
3n9y__A1_P05108--3n9y__C1_P10109,17,3,1,4,0.6472641694297455,88.0625,True,0.4687659049972716
3n9y__A1_P05108--3n9y__C1_P10109,18,3,0,4,0.8091703888695062,87.8125,True,0.41487312039822993
3n9y__A1_P05108--3n9y__C1_P10109,19,2,3,4,0.7602343448082257,87.6875,True,0.3836008694193272
3n9y__A1_P05108--3n9y__C1_P10109,20,4,3,4,0.8284373776100145,87.5,True,0.41828158636997476
3nbe__A1_B2ZRS9--3nbe__B1_B2ZRS9,1,5,1,4,0.9395948959206104,90.875,True,0.6032150348260759
3nbe__A1_B2ZRS9--3nbe__B1_B2ZRS9,2,5,2,4,0.9408476379972256,90.875,True,0.6054738569084572
3nbe__A1_B2ZRS9--3nbe__B1_B2ZRS9,3,4,0,4,0.9515918462276688,90.8125,True,0.5873627261122266
3nbe__A1_B2ZRS9--3nbe__B1_B2ZRS9,4,1,0,4,0.9559388240015766,90.8125,True,0.6101032408454116
3nbe__A1_B2ZRS9--3nbe__B1_B2ZRS9,5,1,3,4,0.9446819379098104,90.6875,True,0.6004423832366549
3nbe__A1_B2ZRS9--3nbe__B1_B2ZRS9,6,4,3,4,0.9470599017310928,90.625,True,0.5497214012240789
3nbe__A1_B2ZRS9--3nbe__B1_B2ZRS9,7,4,2,4,0.945346684089184,90.4375,True,0.5262219637502029
3nbe__A1_B2ZRS9--3nbe__B1_B2ZRS9,8,5,0,4,0.9291394585352084,90.0625,True,0.5456222711825344
3nbe__A1_B2ZRS9--3nbe__B1_B2ZRS9,9,2,2,4,0.9378955227807724,89.9375,True,0.5375019635160048
3nbe__A1_B2ZRS9--3nbe__B1_B2ZRS9,10,5,3,4,0.9267065922702064,89.9375,True,0.5380083360569445
3nbe__A1_B2ZRS9--3nbe__B1_B2ZRS9,11,1,1,4,0.8692755730019659,89.875,True,0.4909464640445516
3nbe__A1_B2ZRS9--3nbe__B1_B2ZRS9,12,4,1,4,0.946703840283139,89.75,True,0.48644885846494157
3nbe__A1_B2ZRS9--3nbe__B1_B2ZRS9,13,1,2,4,0.8847105136753456,89.625,True,0.466186584532999
3nbe__A1_B2ZRS9--3nbe__B1_B2ZRS9,14,2,3,4,0.938898368653541,88.9375,True,0.46541019134727
3nbe__A1_B2ZRS9--3nbe__B1_B2ZRS9,15,3,1,4,0.1127795550831499,79.6875,False,0.43600786928206947
3nbe__A1_B2ZRS9--3nbe__B1_B2ZRS9,16,3,0,4,0.1128868474175764,79.6875,False,0.4381518011716829
3nbe__A1_B2ZRS9--3nbe__B1_B2ZRS9,17,3,2,4,0.1124554055182962,78.75,False,0.4163008746294608
3nbe__A1_B2ZRS9--3nbe__B1_B2ZRS9,18,3,3,4,0.1127699255874895,78.625,False,0.40535830504987386
3nbe__A1_B2ZRS9--3nbe__B1_B2ZRS9,19,2,1,4,0.0815781396454766,35.9375,False,0.3914426683468919
3nbe__A1_B2ZRS9--3nbe__B1_B2ZRS9,20,2,0,4,0.0994361736749301,33.15625,False,0.37870893344362017
3nbf__A1_Q72GF3--3nbf__B1_Q72GF3,1,3,0,4,0.6055948510159368,82.625,True,0.6287323427945517
3nbf__A1_Q72GF3--3nbf__B1_Q72GF3,2,3,3,4,0.6151092027689042,82.25,True,0.616094207551083
3nbf__A1_Q72GF3--3nbf__B1_Q72GF3,3,3,2,4,0.6155265338529654,81.75,True,0.6032973066517374
3nbf__A1_Q72GF3--3nbf__B1_Q72GF3,4,3,1,4,0.6347773070078785,81.125,True,0.590357464945786
3nbf__A1_Q72GF3--3nbf__B1_Q72GF3,5,4,2,4,0.6189528229504236,77.25,True,0.5772912800926199
3nbf__A1_Q72GF3--3nbf__B1_Q72GF3,6,4,3,4,0.6196720561214883,76.75,True,0.5641160437747489
3nbf__A1_Q72GF3--3nbf__B1_Q72GF3,7,4,0,4,0.4279229627294801,24.8125,True,0.5406571511063362
3nbf__A1_Q72GF3--3nbf__B1_Q72GF3,8,1,2,4,0.3076621043126881,23.484375,True,0.5380648793161342
3nbf__A1_Q72GF3--3nbf__B1_Q72GF3,9,1,0,4,0.2687120384231027,22.90625,True,0.5291646481919724
3nbf__A1_Q72GF3--3nbf__B1_Q72GF3,10,5,1,4,0.1191835668057753,21.3125,False,0.4929084357101507
3nbf__A1_Q72GF3--3nbf__B1_Q72GF3,11,2,3,4,0.0292014583935946,20.515625,False,0.46270558124649874
3nbf__A1_Q72GF3--3nbf__B1_Q72GF3,12,2,0,4,0.0305946908500997,20.5,False,0.4551777075168362
3nbf__A1_Q72GF3--3nbf__B1_Q72GF3,13,2,2,4,0.0312767875157796,20.40625,False,0.47025049551825754
3nbf__A1_Q72GF3--3nbf__B1_Q72GF3,14,4,1,4,0.0065766744689402,20.171875,False,0.4895051153719614
3nbf__A1_Q72GF3--3nbf__B1_Q72GF3,15,1,1,4,0.1958603598218029,20.015625,False,0.4890992957642597
3nbf__A1_Q72GF3--3nbf__B1_Q72GF3,16,2,1,4,0.075851328635776,20.0,False,0.428453937976168
3nbf__A1_Q72GF3--3nbf__B1_Q72GF3,17,1,3,4,0.1446978985252578,18.796875,False,0.4223292428506768
3nbf__A1_Q72GF3--3nbf__B1_Q72GF3,18,5,2,4,0.0159483448714669,18.6875,False,0.3974355289743849
3nbf__A1_Q72GF3--3nbf__B1_Q72GF3,19,5,0,4,0.1077857533933969,18.5625,False,0.39493953769976525
3nbf__A1_Q72GF3--3nbf__B1_Q72GF3,20,5,3,4,0.0857955714597952,18.375,False,0.3864262967147672
3njc__A1_P42955--3njc__B1_P42955,1,5,0,4,0.2275219995305719,83.5625,False,0.5932330251080025
3njc__A1_P42955--3njc__B1_P42955,2,5,1,4,0.226873470950718,83.4375,False,0.6124080153217565
3njc__A1_P42955--3njc__B1_P42955,3,5,3,4,0.2273417789109873,83.125,False,0.5723565282100763
3njc__A1_P42955--3njc__B1_P42955,4,3,1,4,0.2266366861050855,82.0625,False,0.6022710694940029
3njc__A1_P42955--3njc__B1_P42955,5,5,2,4,0.2269990387952732,82.0625,False,0.5397630870455273
3njc__A1_P42955--3njc__B1_P42955,6,3,2,4,0.2210180758838065,80.9375,False,0.5668199541489496
3njc__A1_P42955--3njc__B1_P42955,7,3,0,4,0.2244979845262833,80.3125,False,0.5573062424145597
3njc__A1_P42955--3njc__B1_P42955,8,3,3,4,0.227049640271659,80.3125,False,0.5698631521896788
3njc__A1_P42955--3njc__B1_P42955,9,4,1,4,0.2241838998751649,78.0,False,0.5420383183637479
3njc__A1_P42955--3njc__B1_P42955,10,4,0,4,0.226243890602007,77.25,False,0.5250151705587915
3njc__A1_P42955--3njc__B1_P42955,11,4,2,4,0.2273994886134734,76.875,False,0.507933685313125
3njc__A1_P42955--3njc__B1_P42955,12,1,1,4,0.2226362691359624,74.625,False,0.4562178047981355
3njc__A1_P42955--3njc__B1_P42955,13,2,3,4,0.2207074535468209,74.375,False,0.4625660582672901
3njc__A1_P42955--3njc__B1_P42955,14,2,1,4,0.2231855440962729,74.1875,False,0.4514817066722364
3njc__A1_P42955--3njc__B1_P42955,15,1,0,4,0.2228060029578995,73.75,False,0.426941409212082
3njc__A1_P42955--3njc__B1_P42955,16,2,2,4,0.2192483770232018,72.6875,False,0.4363391033306289
3njc__A1_P42955--3njc__B1_P42955,17,1,2,4,0.2240441816747726,72.4375,False,0.4346413933502525
3njc__A1_P42955--3njc__B1_P42955,18,2,0,4,0.2204114401761915,72.25,False,0.44172564294042516
3njc__A1_P42955--3njc__B1_P42955,19,1,3,4,0.2285711249382801,72.0625,False,0.40325608728429346
3njc__A1_P42955--3njc__B1_P42955,20,4,3,4,0.2339948868658261,72.0,True,0.37653936103909946
3nk4__A1_P79762--3nk4__B1_P79762,1,5,1,3,0.1675244445969802,29.765625,False,0.6109164968769933
3nk4__A1_P79762--3nk4__B1_P79762,2,2,3,3,0.1205552094065343,29.09375,False,0.51886052895479
3nk4__A1_P79762--3nk4__B1_P79762,3,2,0,3,0.1255675261988499,28.859375,False,0.5819199603422871
3nk4__A1_P79762--3nk4__B1_P79762,4,2,2,3,0.1069089784144438,28.25,False,0.5612692032664425
3nk4__A1_P79762--3nk4__B1_P79762,5,2,1,3,0.0877896957595827,27.5,False,0.5198852326063153
3nk4__A1_P79762--3nk4__B1_P79762,6,5,0,3,0.1697040897579865,27.4375,False,0.5651831221465997
3nk4__A1_P79762--3nk4__B1_P79762,7,1,0,3,0.0992947443369732,26.765625,False,0.4504488978902811
3nk4__A1_P79762--3nk4__B1_P79762,8,1,2,3,0.088157078301598,26.71875,False,0.43753174586156746
3nk4__A1_P79762--3nk4__B1_P79762,9,3,3,3,0.1517298834856921,26.65625,False,0.5338151744350959
3nk4__A1_P79762--3nk4__B1_P79762,10,3,2,3,0.0961693566604579,26.3125,False,0.46801763088160675
3nk4__A1_P79762--3nk4__B1_P79762,11,1,1,3,0.0885227745659666,26.0625,False,0.48404461458668696
3nk4__A1_P79762--3nk4__B1_P79762,12,1,3,3,0.0835570159009091,25.90625,False,0.5058411813922493
3nk4__A1_P79762--3nk4__B1_P79762,13,5,2,3,0.0673940413834004,24.828125,False,0.5328570067150354
3nk4__A1_P79762--3nk4__B1_P79762,14,3,0,3,0.0631683124440679,20.25,False,0.4234146726219503
3nk4__A1_P79762--3nk4__B1_P79762,15,4,1,3,0.0076341667217711,18.703125,False,0.5503272509767193
3nk4__A1_P79762--3nk4__B1_P79762,16,4,0,3,0.0107962039702872,18.46875,False,0.5285906343407463
3nk4__A1_P79762--3nk4__B1_P79762,17,4,3,3,0.0203552902743511,17.671875,False,0.45611285574224764
3nk4__A1_P79762--3nk4__B1_P79762,18,4,2,3,0.0311056451696766,17.625,False,0.45015089272453424
3nk4__A1_P79762--3nk4__B1_P79762,19,5,3,3,0.0218867706827818,17.390625,False,0.5132044892548443
3nk4__A1_P79762--3nk4__B1_P79762,20,3,1,3,0.014994862702091,16.75,False,0.4583500374109994
3nnf__A1_Q6DNF2--3nnf__A2_Q6DNF2,1,5,1,3,0.8508492998666316,79.8125,True,0.6238507407359268
3nnf__A1_Q6DNF2--3nnf__A2_Q6DNF2,2,4,2,3,0.7539524684134974,76.8125,True,0.6120381512938262
3nnf__A1_Q6DNF2--3nnf__A2_Q6DNF2,3,3,3,3,0.8220197613154748,75.1875,True,0.5937254445175592
3nnf__A1_Q6DNF2--3nnf__A2_Q6DNF2,4,1,2,3,0.6462915053041917,72.375,True,0.5905027883407334
3nnf__A1_Q6DNF2--3nnf__A2_Q6DNF2,5,1,3,3,0.5265089327516596,69.6875,True,0.5664237291761409
3nnf__A1_Q6DNF2--3nnf__A2_Q6DNF2,6,5,2,3,0.6080485881354218,69.5625,True,0.5631438544848429
3nnf__A1_Q6DNF2--3nnf__A2_Q6DNF2,7,3,2,3,0.5480283387740418,65.25,True,0.5432017155660699
3nnf__A1_Q6DNF2--3nnf__A2_Q6DNF2,8,4,3,3,0.5972226745469776,63.6875,True,0.5271031514284023
3nnf__A1_Q6DNF2--3nnf__A2_Q6DNF2,9,4,1,3,0.4963510485456094,63.0,True,0.5221405950488373
3nnf__A1_Q6DNF2--3nnf__A2_Q6DNF2,10,3,1,3,0.4432199385716457,61.03125,True,0.5358912306720833
3nnf__A1_Q6DNF2--3nnf__A2_Q6DNF2,11,2,3,3,0.4144179069406093,59.375,True,0.5176108858165716
3nnf__A1_Q6DNF2--3nnf__A2_Q6DNF2,12,3,0,3,0.5062688642890276,57.5625,True,0.46691902382234013
3nnf__A1_Q6DNF2--3nnf__A2_Q6DNF2,13,4,0,3,0.538863712908749,57.5,True,0.4819440758138796
3nnf__A1_Q6DNF2--3nnf__A2_Q6DNF2,14,1,1,3,0.4272782104892915,56.34375,True,0.4782170261732338
3nnf__A1_Q6DNF2--3nnf__A2_Q6DNF2,15,5,3,3,0.4752141589799545,52.71875,True,0.4421783126092542
3nnf__A1_Q6DNF2--3nnf__A2_Q6DNF2,16,5,0,3,0.4570831931480457,51.78125,True,0.4342131738270848
3nnf__A1_Q6DNF2--3nnf__A2_Q6DNF2,17,2,0,3,0.3238343856320043,51.40625,True,0.4236259385210318
3nnf__A1_Q6DNF2--3nnf__A2_Q6DNF2,18,1,0,3,0.3822525344489442,51.09375,True,0.43424521639564084
3nnf__A1_Q6DNF2--3nnf__A2_Q6DNF2,19,2,2,3,0.4280286496857886,49.75,True,0.3960415428137066
3nnf__A1_Q6DNF2--3nnf__A2_Q6DNF2,20,2,1,3,0.4202490540510048,49.25,True,0.3969176141891865
3o47__A1_P84077--3o47__A2_P84077,1,4,2,2,0.0222068951729669,20.015625,False,0.5687101502492035
3o47__A1_P84077--3o47__A2_P84077,2,4,0,2,0.0135867702871247,19.5625,False,0.5556926326176161
3o47__A1_P84077--3o47__A2_P84077,3,3,1,2,0.0123056370004202,19.40625,False,0.6240098826633113
3o47__A1_P84077--3o47__A2_P84077,4,4,1,2,0.0118829402260772,18.6875,False,0.5502727360291324
3o47__A1_P84077--3o47__A2_P84077,5,5,2,2,0.0166070634292345,18.640625,False,0.47751971736791227
3o47__A1_P84077--3o47__A2_P84077,6,5,1,2,0.014479102588238,18.203125,False,0.5064345566604901
3o47__A1_P84077--3o47__A2_P84077,7,3,3,2,0.0135014172644085,18.015625,False,0.514808032441781
3o47__A1_P84077--3o47__A2_P84077,8,3,2,2,0.0110065355959421,17.984375,False,0.554804254496191
3o47__A1_P84077--3o47__A2_P84077,9,5,0,2,0.010872174477415,17.953125,False,0.5458093939993297
3o47__A1_P84077--3o47__A2_P84077,10,2,3,2,0.0173350063366509,17.9375,False,0.47638012075026387
3o47__A1_P84077--3o47__A2_P84077,11,3,0,2,0.0099647603979674,17.9375,False,0.5753666921313237
3o47__A1_P84077--3o47__A2_P84077,12,2,2,2,0.0196579849719823,17.921875,False,0.5075331928637501
3o47__A1_P84077--3o47__A2_P84077,13,5,3,2,0.0175420903294685,17.84375,False,0.48836104608583786
3o47__A1_P84077--3o47__A2_P84077,14,1,3,2,0.0110906710582383,17.8125,False,0.5065791509158039
3o47__A1_P84077--3o47__A2_P84077,15,1,1,2,0.0113342936931822,17.75,False,0.49273495678247053
3o47__A1_P84077--3o47__A2_P84077,16,2,0,2,0.0412401385532801,17.515625,False,0.4888777172302855
3o47__A1_P84077--3o47__A2_P84077,17,4,3,2,0.0156378341353298,17.46875,False,0.4570189749487215
3o47__A1_P84077--3o47__A2_P84077,18,2,1,2,0.020575639089296,17.28125,False,0.43742958060961257
3o47__A1_P84077--3o47__A2_P84077,19,1,2,2,0.0108247782215854,17.125,False,0.4475010830044812
3o47__A1_P84077--3o47__A2_P84077,20,1,0,2,0.0140309425003508,16.921875,False,0.4296294452501957
3ph0__A1_Q1EHA4--3ph0__B1_Q1EHA2,1,5,1,0,0.2259660211714962,85.25,False,0.624290477922785
3ph0__A1_Q1EHA4--3ph0__B1_Q1EHA2,2,5,0,0,0.2259082614272336,84.625,False,0.6118574525277372
3ph0__A1_Q1EHA4--3ph0__B1_Q1EHA2,3,5,2,0,0.2259276410359299,84.0625,False,0.5880764163685536
3ph0__A1_Q1EHA4--3ph0__B1_Q1EHA2,4,5,3,0,0.2260146096788735,84.0625,False,0.5977781507972417
3ph0__A1_Q1EHA4--3ph0__B1_Q1EHA2,5,4,0,0,0.220799129935547,82.8125,False,0.5737290774197383
3ph0__A1_Q1EHA4--3ph0__B1_Q1EHA2,6,4,2,0,0.226368718449528,82.75,False,0.557506718463028
3ph0__A1_Q1EHA4--3ph0__B1_Q1EHA2,7,4,3,0,0.226494411234772,82.5625,False,0.5510951894203278
3ph0__A1_Q1EHA4--3ph0__B1_Q1EHA2,8,4,1,0,0.2152348501907051,81.0625,False,0.5347100259214814
3ph0__A1_Q1EHA4--3ph0__B1_Q1EHA2,9,1,1,0,0.8132205190217681,80.5,True,0.5812853611396391
3ph0__A1_Q1EHA4--3ph0__B1_Q1EHA2,10,1,0,0,0.8106113998605106,64.0625,True,0.5151406240887803
3ph0__A1_Q1EHA4--3ph0__B1_Q1EHA2,11,1,3,0,0.8162785767261832,59.09375,True,0.5019770440198479
3ph0__A1_Q1EHA4--3ph0__B1_Q1EHA2,12,1,2,0,0.8155724625411199,49.09375,True,0.491396850911048
3ph0__A1_Q1EHA4--3ph0__B1_Q1EHA2,13,2,3,0,0.7822082538110365,46.96875,True,0.4730795647089532
3ph0__A1_Q1EHA4--3ph0__B1_Q1EHA2,14,3,0,0,0.6884281744658907,30.484375,True,0.4625233059069502
3ph0__A1_Q1EHA4--3ph0__B1_Q1EHA2,15,3,3,0,0.7593941425420893,21.796875,True,0.4494643524575673
3ph0__A1_Q1EHA4--3ph0__B1_Q1EHA2,16,2,0,0,0.3134120048096345,18.140625,True,0.4315615489506218
3ph0__A1_Q1EHA4--3ph0__B1_Q1EHA2,17,3,1,0,0.4303798345243059,16.78125,True,0.41375396167392303
3ph0__A1_Q1EHA4--3ph0__B1_Q1EHA2,18,2,2,0,0.6388590035061354,16.390625,True,0.41081273672531343
3ph0__A1_Q1EHA4--3ph0__B1_Q1EHA2,19,3,2,0,0.511393807252547,16.078125,True,0.4093666492189677
3ph0__A1_Q1EHA4--3ph0__B1_Q1EHA2,20,2,1,0,0.2903235007408009,14.6875,True,0.38871076434711205
3qsg__A1_C8WX00--3qsg__A2_C8WX00,1,1,3,0,0.5118393935769322,79.0,True,0.6159488416370493
3qsg__A1_C8WX00--3qsg__A2_C8WX00,2,1,0,0,0.4999121024845498,78.1875,True,0.603415131679514
3qsg__A1_C8WX00--3qsg__A2_C8WX00,3,1,2,0,0.5171499960785942,76.625,True,0.5882335787774593
3qsg__A1_C8WX00--3qsg__A2_C8WX00,4,1,1,0,0.4966195882764718,75.0625,True,0.5728694627929775
3qsg__A1_C8WX00--3qsg__A2_C8WX00,5,3,0,0,0.4558817519103909,70.4375,True,0.5719494853052781
3qsg__A1_C8WX00--3qsg__A2_C8WX00,6,2,3,0,0.32402200408083,69.25,True,0.5786164819966784
3qsg__A1_C8WX00--3qsg__A2_C8WX00,7,4,1,0,0.1740865772279183,68.6875,False,0.5319578304635937
3qsg__A1_C8WX00--3qsg__A2_C8WX00,8,5,0,0,0.3098829659709221,68.1875,True,0.5531554688089718
3qsg__A1_C8WX00--3qsg__A2_C8WX00,9,2,1,0,0.3321538507992163,67.875,True,0.534553109242203
3qsg__A1_C8WX00--3qsg__A2_C8WX00,10,2,2,0,0.3156020418168317,67.8125,True,0.5306752231533265
3qsg__A1_C8WX00--3qsg__A2_C8WX00,11,3,1,0,0.4415843422423526,67.5625,True,0.5204904101299176
3qsg__A1_C8WX00--3qsg__A2_C8WX00,12,5,3,0,0.3291321734018216,67.3125,True,0.4999459789023467
3qsg__A1_C8WX00--3qsg__A2_C8WX00,13,4,2,0,0.1737871968828644,66.875,False,0.4689874168974571
3qsg__A1_C8WX00--3qsg__A2_C8WX00,14,4,0,0,0.1695376490713175,66.25,False,0.4518491772651855
3qsg__A1_C8WX00--3qsg__A2_C8WX00,15,4,3,0,0.3139771074913633,65.8125,True,0.4454166956474649
3qsg__A1_C8WX00--3qsg__A2_C8WX00,16,5,1,0,0.305332250498965,65.4375,True,0.4507572591505267
3qsg__A1_C8WX00--3qsg__A2_C8WX00,17,5,2,0,0.2970848733991728,65.1875,True,0.4601733907337615
3qsg__A1_C8WX00--3qsg__A2_C8WX00,18,3,3,0,0.2996569632846469,62.15625,True,0.403244673038469
3qsg__A1_C8WX00--3qsg__A2_C8WX00,19,2,0,0,0.3228436941103819,61.875,True,0.4008332458518825
3qsg__A1_C8WX00--3qsg__A2_C8WX00,20,3,2,0,0.3014660518930462,61.53125,True,0.3867405111219979
3qty__A1_Q5NGF2--3qty__B1_Q5NGF2,1,5,1,0,0.660866438974325,86.0625,True,0.6260159342961809
3qty__A1_Q5NGF2--3qty__B1_Q5NGF2,2,5,0,0,0.6448777240976127,86.0,True,0.6125662185813379
3qty__A1_Q5NGF2--3qty__B1_Q5NGF2,3,5,2,0,0.6794056846958334,85.875,True,0.612843715444331
3qty__A1_Q5NGF2--3qty__B1_Q5NGF2,4,5,3,0,0.668075711529104,85.3125,True,0.5962711052160056
3qty__A1_Q5NGF2--3qty__B1_Q5NGF2,5,1,0,0,0.6649430860729839,84.625,True,0.5770343922878121
3qty__A1_Q5NGF2--3qty__B1_Q5NGF2,6,1,3,0,0.6591121044096205,83.625,True,0.5383543196113494
3qty__A1_Q5NGF2--3qty__B1_Q5NGF2,7,2,0,0,0.6739127896591475,83.625,True,0.5619735063601756
3qty__A1_Q5NGF2--3qty__B1_Q5NGF2,8,1,2,0,0.6737751220726579,83.5,True,0.535847467396916
3qty__A1_Q5NGF2--3qty__B1_Q5NGF2,9,2,3,0,0.6890240198656769,83.4375,True,0.5425633525158147
3qty__A1_Q5NGF2--3qty__B1_Q5NGF2,10,1,1,0,0.6524069891477352,83.375,True,0.5097883045154845
3qty__A1_Q5NGF2--3qty__B1_Q5NGF2,11,2,2,0,0.6745561214906489,82.8125,True,0.5150916014401099
3qty__A1_Q5NGF2--3qty__B1_Q5NGF2,12,2,1,0,0.6689643017259859,82.8125,True,0.4870849273826782
3qty__A1_Q5NGF2--3qty__B1_Q5NGF2,13,4,0,0,0.6549210129782974,82.8125,True,0.4947181466255239
3qty__A1_Q5NGF2--3qty__B1_Q5NGF2,14,4,1,0,0.6602372968747529,82.5,True,0.4574340520545771
3qty__A1_Q5NGF2--3qty__B1_Q5NGF2,15,3,2,0,0.6971975796129181,82.25,True,0.44161358035853676
3qty__A1_Q5NGF2--3qty__B1_Q5NGF2,16,3,0,0,0.687228191079493,82.25,True,0.43701726717072314
3qty__A1_Q5NGF2--3qty__B1_Q5NGF2,17,3,3,0,0.689174787431687,82.1875,True,0.4138294803867942
3qty__A1_Q5NGF2--3qty__B1_Q5NGF2,18,3,1,0,0.6689661252920757,81.875,True,0.407554740361983
3qty__A1_Q5NGF2--3qty__B1_Q5NGF2,19,4,3,0,0.6281478303845386,81.5625,True,0.4048701974958407
3qty__A1_Q5NGF2--3qty__B1_Q5NGF2,20,4,2,0,0.6726434222755887,80.375,True,0.39504726179560234
3rg2__A1_P10378--3rg2__B1_P10378,1,1,2,2,0.2599284032640274,51.15625,True,0.6073859878981558
3rg2__A1_P10378--3rg2__B1_P10378,2,1,3,2,0.2612179367302474,51.125,True,0.6152036782735352
3rg2__A1_P10378--3rg2__B1_P10378,3,1,1,2,0.2629129006848332,50.84375,True,0.591013181136308
3rg2__A1_P10378--3rg2__B1_P10378,4,5,1,2,0.1543584256146664,50.28125,False,0.594125474963165
3rg2__A1_P10378--3rg2__B1_P10378,5,1,0,2,0.241109110859084,49.03125,True,0.585622026803197
3rg2__A1_P10378--3rg2__B1_P10378,6,3,2,2,0.173675910883489,36.9375,False,0.573041535975274
3rg2__A1_P10378--3rg2__B1_P10378,7,2,2,2,0.1391206540570677,25.671875,False,0.5030356793629567
3rg2__A1_P10378--3rg2__B1_P10378,8,4,1,2,0.1784792035047604,25.40625,False,0.4954030344651921
3rg2__A1_P10378--3rg2__B1_P10378,9,2,1,2,0.0100345056951434,24.140625,False,0.5022627936146474
3rg2__A1_P10378--3rg2__B1_P10378,10,4,0,2,0.1515341736875885,23.875,False,0.5078912831614913
3rg2__A1_P10378--3rg2__B1_P10378,11,2,0,2,0.1032340630520767,23.8125,False,0.46375758088310726
3rg2__A1_P10378--3rg2__B1_P10378,12,2,3,2,0.0114047366852585,23.734375,False,0.4712572499452899
3rg2__A1_P10378--3rg2__B1_P10378,13,4,2,2,0.1553570403159837,23.71875,False,0.47257120390380086
3rg2__A1_P10378--3rg2__B1_P10378,14,3,3,2,0.0072474110695177,23.6875,False,0.47876991747379305
3rg2__A1_P10378--3rg2__B1_P10378,15,3,1,2,0.1003663272872031,23.421875,False,0.4538099591904627
3rg2__A1_P10378--3rg2__B1_P10378,16,5,2,2,0.0113060522583178,23.265625,False,0.46556667198162766
3rg2__A1_P10378--3rg2__B1_P10378,17,4,3,2,0.1826474123981644,23.09375,False,0.44779155206553883
3rg2__A1_P10378--3rg2__B1_P10378,18,5,3,2,0.1255345527232173,22.625,False,0.4968289739614399
3rg2__A1_P10378--3rg2__B1_P10378,19,3,0,2,0.0510629725735724,22.578125,False,0.40028164212331435
3rg2__A1_P10378--3rg2__B1_P10378,20,5,0,2,0.0901434491505934,22.484375,False,0.4776689773531263
3sy3__A1_A0A6L8P3N5--3sy3__B1_A0A6L8P3N5,1,1,2,3,0.1400102743750942,51.5,False,0.6238507407359268
3sy3__A1_A0A6L8P3N5--3sy3__B1_A0A6L8P3N5,2,1,1,3,0.1466252329143298,51.4375,False,0.6083617515704027
3sy3__A1_A0A6L8P3N5--3sy3__B1_A0A6L8P3N5,3,1,0,3,0.1424714984417067,51.09375,False,0.6037958686026762
3sy3__A1_A0A6L8P3N5--3sy3__B1_A0A6L8P3N5,4,1,3,3,0.1372126458662837,47.53125,False,0.5880264095818216
3sy3__A1_A0A6L8P3N5--3sy3__B1_A0A6L8P3N5,5,5,1,3,0.192061736244044,28.96875,False,0.5734299521195764
3sy3__A1_A0A6L8P3N5--3sy3__B1_A0A6L8P3N5,6,5,3,3,0.2558409641565545,24.359375,True,0.5614733731403261
3sy3__A1_A0A6L8P3N5--3sy3__B1_A0A6L8P3N5,7,5,2,3,0.1212020730196884,20.71875,False,0.5222269294995552
3sy3__A1_A0A6L8P3N5--3sy3__B1_A0A6L8P3N5,8,5,0,3,0.3082764484642711,20.578125,True,0.5408704678654586
3sy3__A1_A0A6L8P3N5--3sy3__B1_A0A6L8P3N5,9,3,0,3,0.1545330136195786,20.453125,False,0.5419155573720561
3sy3__A1_A0A6L8P3N5--3sy3__B1_A0A6L8P3N5,10,4,3,3,0.0167538556644095,19.375,False,0.4672206016510976
3sy3__A1_A0A6L8P3N5--3sy3__B1_A0A6L8P3N5,11,3,1,3,0.1152426924687953,19.203125,False,0.507506743487669
3sy3__A1_A0A6L8P3N5--3sy3__B1_A0A6L8P3N5,12,3,2,3,0.1349400757760166,18.984375,False,0.4768135681370151
3sy3__A1_A0A6L8P3N5--3sy3__B1_A0A6L8P3N5,13,4,2,3,0.0199624707671515,18.96875,False,0.466845550672618
3sy3__A1_A0A6L8P3N5--3sy3__B1_A0A6L8P3N5,14,4,1,3,0.0214827831645903,18.75,False,0.4562341947637211
3sy3__A1_A0A6L8P3N5--3sy3__B1_A0A6L8P3N5,15,2,2,3,0.102507137316036,18.5,False,0.4464810877267897
3sy3__A1_A0A6L8P3N5--3sy3__B1_A0A6L8P3N5,16,3,3,3,0.2092508808553153,18.125,False,0.4517272827775533
3sy3__A1_A0A6L8P3N5--3sy3__B1_A0A6L8P3N5,17,2,1,3,0.0882332712956639,17.984375,False,0.4476348980301407
3sy3__A1_A0A6L8P3N5--3sy3__B1_A0A6L8P3N5,18,2,0,3,0.0583790075942667,17.90625,False,0.4136935577153385
3sy3__A1_A0A6L8P3N5--3sy3__B1_A0A6L8P3N5,19,2,3,3,0.0518527779400364,17.75,False,0.4161029635486383
3sy3__A1_A0A6L8P3N5--3sy3__B1_A0A6L8P3N5,20,4,0,3,0.0136553585456123,17.53125,False,0.4335887141690158
3tbi__B1_P0A8V2--3tbi__A1_P13338,1,4,3,2,0.7209228482762683,86.0625,True,0.5968939927133381
3tbi__B1_P0A8V2--3tbi__A1_P13338,2,4,1,2,0.7060587573377187,86.0,True,0.5670975958526613
3tbi__B1_P0A8V2--3tbi__A1_P13338,3,1,1,2,0.7402176671888512,85.5625,True,0.49917461945957536
3tbi__B1_P0A8V2--3tbi__A1_P13338,4,1,3,2,0.744303832890699,85.5,True,0.6073359847554922
3tbi__B1_P0A8V2--3tbi__A1_P13338,5,4,0,2,0.7179609340331053,85.4375,True,0.5328772161681408
3tbi__B1_P0A8V2--3tbi__A1_P13338,6,4,2,2,0.6965080362766535,85.4375,True,0.5452600151888194
3tbi__B1_P0A8V2--3tbi__A1_P13338,7,1,0,2,0.7210809179383667,85.25,True,0.5902994210946713
3tbi__B1_P0A8V2--3tbi__A1_P13338,8,5,3,2,0.7510159834235899,84.8125,True,0.5160963081703396
3tbi__B1_P0A8V2--3tbi__A1_P13338,9,1,2,2,0.7155096832834742,84.4375,True,0.5240826728123007
3tbi__B1_P0A8V2--3tbi__A1_P13338,10,3,2,2,0.695454759525093,84.375,True,0.5000295877359958
3tbi__B1_P0A8V2--3tbi__A1_P13338,11,3,3,2,0.6947961688965335,84.25,True,0.5136631560382531
3tbi__B1_P0A8V2--3tbi__A1_P13338,12,5,1,2,0.7190771682725159,84.25,True,0.49782529644201734
3tbi__B1_P0A8V2--3tbi__A1_P13338,13,3,1,2,0.7008706346829362,83.8125,True,0.4762725764267363
3tbi__B1_P0A8V2--3tbi__A1_P13338,14,5,0,2,0.699090167476815,83.8125,True,0.46987638401194615
3tbi__B1_P0A8V2--3tbi__A1_P13338,15,3,0,2,0.6852344451544639,83.8125,True,0.46760739455585704
3tbi__B1_P0A8V2--3tbi__A1_P13338,16,2,3,2,0.7316642725591724,83.625,True,0.5052377561995135
3tbi__B1_P0A8V2--3tbi__A1_P13338,17,2,1,2,0.6921570486646379,83.3125,True,0.5236054387455592
3tbi__B1_P0A8V2--3tbi__A1_P13338,18,2,2,2,0.6978957363632946,83.0,True,0.4465863065680419
3tbi__B1_P0A8V2--3tbi__A1_P13338,19,5,2,2,0.7066660977311064,78.3125,True,0.4298670436386099
3tbi__B1_P0A8V2--3tbi__A1_P13338,20,2,0,2,0.6947511416381354,77.0,True,0.3967744266854328
3teq__C1_Q13586--3teq__A1_Q13586,1,4,2,1,0.8955632320961543,83.4375,True,0.6167190674433655
3teq__C1_Q13586--3teq__A1_Q13586,2,4,0,1,0.8953583790013854,83.375,True,0.6203647251000592
3teq__C1_Q13586--3teq__A1_Q13586,3,4,1,1,0.9043071664497218,83.1875,True,0.6005043635206955
3teq__C1_Q13586--3teq__A1_Q13586,4,4,3,1,0.9026542335041172,82.9375,True,0.5883215631985332
3teq__C1_Q13586--3teq__A1_Q13586,5,1,0,1,0.165667121203641,81.75,False,0.5469257930377294
3teq__C1_Q13586--3teq__A1_Q13586,6,1,1,1,0.1657121417317836,80.8125,False,0.5254028383176469
3teq__C1_Q13586--3teq__A1_Q13586,7,5,2,1,0.1450967073074217,80.6875,False,0.5459473239017313
3teq__C1_Q13586--3teq__A1_Q13586,8,5,0,1,0.1449883928274927,80.4375,False,0.5380375101179716
3teq__C1_Q13586--3teq__A1_Q13586,9,1,2,1,0.1658158854271912,80.3125,False,0.4794197113141908
3teq__C1_Q13586--3teq__A1_Q13586,10,3,2,1,0.1520366908343476,80.25,False,0.5213184437117689
3teq__C1_Q13586--3teq__A1_Q13586,11,5,3,1,0.1519475172784935,80.1875,False,0.5214015529179913
3teq__C1_Q13586--3teq__A1_Q13586,12,5,1,1,0.1518887066186804,80.125,False,0.4937660033034594
3teq__C1_Q13586--3teq__A1_Q13586,13,1,3,1,0.1659614221485318,80.0,False,0.45022324323006446
3teq__C1_Q13586--3teq__A1_Q13586,14,3,1,1,0.1521068243293178,79.8125,False,0.46432871013731847
3teq__C1_Q13586--3teq__A1_Q13586,15,3,0,1,0.1518841358606175,79.8125,False,0.4921300330734668
3teq__C1_Q13586--3teq__A1_Q13586,16,2,0,1,0.14532634646223,79.5,False,0.435396888384646
3teq__C1_Q13586--3teq__A1_Q13586,17,3,3,1,0.1519849014622668,79.375,False,0.43944633199931377
3teq__C1_Q13586--3teq__A1_Q13586,18,2,1,1,0.1452109924267368,78.5625,False,0.404577806615342
3teq__C1_Q13586--3teq__A1_Q13586,19,2,3,1,0.1454099201946831,78.5,False,0.4277667566862349
3teq__C1_Q13586--3teq__A1_Q13586,20,2,2,1,0.145518474936191,77.8125,False,0.4265526382566477
3thf__A1_A1Z9P3--3thf__B1_A1Z9P3,1,1,2,0,0.6890509467421393,76.0625,True,0.6305637859732365
3thf__A1_A1Z9P3--3thf__B1_A1Z9P3,2,1,0,0,0.7515894128641415,75.5625,True,0.6182114004128612
3thf__A1_A1Z9P3--3thf__B1_A1Z9P3,3,3,2,0,0.6950700539852884,68.3125,True,0.6057042621715292
3thf__A1_A1Z9P3--3thf__B1_A1Z9P3,4,3,1,0,0.7099718766281086,67.375,True,0.5930571037307205
3thf__A1_A1Z9P3--3thf__B1_A1Z9P3,5,4,2,0,0.0086316959001751,24.390625,False,0.5671943596040461
3thf__A1_A1Z9P3--3thf__B1_A1Z9P3,6,5,2,0,0.0158620548016828,19.96875,False,0.567574193078027
3thf__A1_A1Z9P3--3thf__B1_A1Z9P3,7,2,1,0,0.037826470772541,19.5,False,0.49068435421212087
3thf__A1_A1Z9P3--3thf__B1_A1Z9P3,8,5,1,0,0.0245306542094473,19.359375,False,0.4745511546328
3thf__A1_A1Z9P3--3thf__B1_A1Z9P3,9,3,3,0,0.0147539827530686,19.3125,False,0.49982930361168226
3thf__A1_A1Z9P3--3thf__B1_A1Z9P3,10,1,1,0,0.0126861102297142,18.28125,False,0.5186261710321663
3thf__A1_A1Z9P3--3thf__B1_A1Z9P3,11,5,3,0,0.0136157883064773,18.015625,False,0.49765276427531113
3thf__A1_A1Z9P3--3thf__B1_A1Z9P3,12,3,0,0,0.0166645410654818,17.9375,False,0.4956450538249674
3thf__A1_A1Z9P3--3thf__B1_A1Z9P3,13,2,3,0,0.0349546723251845,17.453125,False,0.4355765558049746
3thf__A1_A1Z9P3--3thf__B1_A1Z9P3,14,4,1,0,0.0191985975901697,17.375,False,0.5136347439677855
3thf__A1_A1Z9P3--3thf__B1_A1Z9P3,15,2,0,0,0.0203782622564205,17.375,False,0.4561008932588511
3thf__A1_A1Z9P3--3thf__B1_A1Z9P3,16,5,0,0,0.0280719832900791,17.171875,False,0.42991420101871186
3thf__A1_A1Z9P3--3thf__B1_A1Z9P3,17,4,3,0,0.012359956403004,17.09375,False,0.46884855320903795
3thf__A1_A1Z9P3--3thf__B1_A1Z9P3,18,4,0,0,0.0118151681957335,16.90625,False,0.47068091970221876
3thf__A1_A1Z9P3--3thf__B1_A1Z9P3,19,1,3,0,0.0094207276769993,16.890625,False,0.42852888487159446
3thf__A1_A1Z9P3--3thf__B1_A1Z9P3,20,2,2,0,0.0586454378271012,16.578125,False,0.4025094908582953
3toj__B1_Q9UBL3--3toj__A1_Q9UBL3,1,1,1,2,0.1410795601565083,61.5,False,0.6281150207677799
3toj__B1_Q9UBL3--3toj__A1_Q9UBL3,2,1,3,2,0.1375644968840705,58.71875,False,0.6167193930983047
3toj__B1_Q9UBL3--3toj__A1_Q9UBL3,3,1,2,2,0.3711165766853705,48.53125,True,0.6056777800802224
3toj__B1_Q9UBL3--3toj__A1_Q9UBL3,4,2,0,2,0.2821718621899126,48.1875,True,0.5764401930223028
3toj__B1_Q9UBL3--3toj__A1_Q9UBL3,5,3,0,2,0.3434079335423097,47.53125,True,0.5527969106922793
3toj__B1_Q9UBL3--3toj__A1_Q9UBL3,6,2,3,2,0.1396527723961912,47.1875,False,0.5581588129401771
3toj__B1_Q9UBL3--3toj__A1_Q9UBL3,7,1,0,2,0.3838283607872171,47.0,True,0.5845080805105327
3toj__B1_Q9UBL3--3toj__A1_Q9UBL3,8,3,2,2,0.3489039705892335,46.375,True,0.5343194524124061
3toj__B1_Q9UBL3--3toj__A1_Q9UBL3,9,2,1,2,0.2741538553266795,41.5625,True,0.5087282171257821
3toj__B1_Q9UBL3--3toj__A1_Q9UBL3,10,2,2,2,0.1827388911115224,28.015625,False,0.47528147612253785
3toj__B1_Q9UBL3--3toj__A1_Q9UBL3,11,5,0,2,0.0285508745451897,21.109375,False,0.5155872860444279
3toj__B1_Q9UBL3--3toj__A1_Q9UBL3,12,5,1,2,0.0263340377296999,20.59375,False,0.49624470351368377
3toj__B1_Q9UBL3--3toj__A1_Q9UBL3,13,5,3,2,0.053549789091262,18.203125,False,0.48795087812623594
3toj__B1_Q9UBL3--3toj__A1_Q9UBL3,14,3,3,2,0.0062893812741078,18.109375,False,0.48079869339240516
3toj__B1_Q9UBL3--3toj__A1_Q9UBL3,15,5,2,2,0.0333087132980147,17.6875,False,0.4418134514178774
3toj__B1_Q9UBL3--3toj__A1_Q9UBL3,16,4,0,2,0.0241890498348859,17.46875,False,0.45867089250751103
3toj__B1_Q9UBL3--3toj__A1_Q9UBL3,17,4,2,2,0.0114125362300298,16.25,False,0.43089574721909907
3toj__B1_Q9UBL3--3toj__A1_Q9UBL3,18,4,3,2,0.0072755643416748,16.140625,False,0.435191546471481
3toj__B1_Q9UBL3--3toj__A1_Q9UBL3,19,3,1,2,0.0066318601396856,16.125,False,0.4120892332303806
3toj__B1_Q9UBL3--3toj__A1_Q9UBL3,20,4,1,2,0.0101515921630066,15.9453125,False,0.40344314708289125
3u3q__A1_O75509--3u3q__A2_O75509,1,2,0,2,0.4820925216378145,36.25,True,0.6039233039989437
3u3q__A1_O75509--3u3q__A2_O75509,2,2,1,2,0.0906760000117209,29.171875,False,0.6176411165854577
3u3q__A1_O75509--3u3q__A2_O75509,3,2,2,2,0.099274961793063,26.828125,False,0.6013272498568258
3u3q__A1_O75509--3u3q__A2_O75509,4,2,3,2,0.3138663471162635,25.65625,True,0.5976051969104772
3u3q__A1_O75509--3u3q__A2_O75509,5,1,0,2,0.147973027927471,20.1875,False,0.5796515860502128
3u3q__A1_O75509--3u3q__A2_O75509,6,4,2,2,0.0275122082711131,20.140625,False,0.5525436930324111
3u3q__A1_O75509--3u3q__A2_O75509,7,3,0,2,0.0331518231607191,18.34375,False,0.528674389837039
3u3q__A1_O75509--3u3q__A2_O75509,8,1,3,2,0.0860355061297298,18.109375,False,0.5278213742691762
3u3q__A1_O75509--3u3q__A2_O75509,9,3,2,2,0.0342484108361526,18.09375,False,0.5046732346312087
3u3q__A1_O75509--3u3q__A2_O75509,10,5,1,2,0.0914759242399248,17.9375,False,0.5455605324655937
3u3q__A1_O75509--3u3q__A2_O75509,11,3,3,2,0.0351676711348204,17.578125,False,0.4921750619731226
3u3q__A1_O75509--3u3q__A2_O75509,12,4,1,2,0.0329404855100309,17.5,False,0.45858633782942715
3u3q__A1_O75509--3u3q__A2_O75509,13,5,0,2,0.050184007637679,17.3125,False,0.47012369839032037
3u3q__A1_O75509--3u3q__A2_O75509,14,4,0,2,0.0323417260249061,17.078125,False,0.4328738929243823
3u3q__A1_O75509--3u3q__A2_O75509,15,5,3,2,0.3514382268831481,17.078125,True,0.4850364714109041
3u3q__A1_O75509--3u3q__A2_O75509,16,4,3,2,0.0349336767402538,16.890625,False,0.4581062660366315
3u3q__A1_O75509--3u3q__A2_O75509,17,3,1,2,0.0356015463171414,16.796875,False,0.42038632543305804
3u3q__A1_O75509--3u3q__A2_O75509,18,1,1,2,0.0641777778561683,16.796875,False,0.4736941549335318
3u3q__A1_O75509--3u3q__A2_O75509,19,5,2,2,0.2230363847943179,16.53125,False,0.4437277161912765
3u3q__A1_O75509--3u3q__A2_O75509,20,1,2,2,0.2254767610672601,16.390625,False,0.4096707480019555
3u73__A1_Q03405--3u73__B1_P00749,1,5,2,4,0.1966776094857323,65.5625,False,0.6085745704288826
3u73__A1_Q03405--3u73__B1_P00749,2,5,1,4,0.2001532918945409,65.25,False,0.5567692686912089
3u73__A1_Q03405--3u73__B1_P00749,3,4,2,4,0.2142448850739639,64.3125,False,0.5587293389417706
3u73__A1_Q03405--3u73__B1_P00749,4,4,3,4,0.209057526298504,63.9375,False,0.5376330864271904
3u73__A1_Q03405--3u73__B1_P00749,5,1,0,4,0.202702499247951,63.90625,False,0.5125680366220032
3u73__A1_Q03405--3u73__B1_P00749,6,2,1,4,0.2114663036469565,63.1875,False,0.47442203717527803
3u73__A1_Q03405--3u73__B1_P00749,7,4,1,4,0.2174418000329235,63.15625,False,0.5085420524564228
3u73__A1_Q03405--3u73__B1_P00749,8,4,0,4,0.2224304803362251,62.34375,False,0.48802339602054917
3u73__A1_Q03405--3u73__B1_P00749,9,5,3,4,0.2103783714179532,59.25,False,0.5484235392070829
3u73__A1_Q03405--3u73__B1_P00749,10,1,1,4,0.2928888003055914,59.0,True,0.4441149823122808
3u73__A1_Q03405--3u73__B1_P00749,11,1,2,4,0.2945917649248702,58.53125,True,0.43264934490541085
3u73__A1_Q03405--3u73__B1_P00749,12,3,3,4,0.204203813623307,57.03125,False,0.5415256104724516
3u73__A1_Q03405--3u73__B1_P00749,13,5,0,4,0.2190368357315158,54.03125,False,0.5031140890953729
3u73__A1_Q03405--3u73__B1_P00749,14,1,3,4,0.2251942931356685,53.0625,False,0.4485519131623826
3u73__A1_Q03405--3u73__B1_P00749,15,3,0,4,0.2026964961603406,48.5625,False,0.4361224644057404
3u73__A1_Q03405--3u73__B1_P00749,16,2,0,4,0.1902120215268521,37.90625,False,0.5531553824840176
3u73__A1_Q03405--3u73__B1_P00749,17,2,2,4,0.153332127310532,33.125,False,0.5401081350662057
3u73__A1_Q03405--3u73__B1_P00749,18,2,3,4,0.1606377905031959,28.65625,False,0.5187631664988056
3u73__A1_Q03405--3u73__B1_P00749,19,3,1,4,0.1323432021759334,24.234375,False,0.4890911931628931
3u73__A1_Q03405--3u73__B1_P00749,20,3,2,4,0.0585201280045492,22.625,False,0.37924066853771793
3ua3__A1_P46580--3ua3__B1_P46580,1,2,2,4,0.0377440255739999,79.1875,False,0.6287323427945517
3ua3__A1_P46580--3ua3__B1_P46580,2,1,0,4,0.0343409797826511,75.375,False,0.616094207551083
3ua3__A1_P46580--3ua3__B1_P46580,3,5,0,4,0.030967932107935,73.5,False,0.5752683811866034
3ua3__A1_P46580--3ua3__B1_P46580,4,4,2,4,0.0377576556750334,73.375,False,0.5936740482754215
3ua3__A1_P46580--3ua3__B1_P46580,5,1,2,4,0.034317501608709,73.375,False,0.5956061591864623
3ua3__A1_P46580--3ua3__B1_P46580,6,5,1,4,0.0309748794729077,72.75,False,0.5706416464062521
3ua3__A1_P46580--3ua3__B1_P46580,7,5,2,4,0.0343857621763632,69.0,False,0.5467590246564993
3ua3__A1_P46580--3ua3__B1_P46580,8,1,3,4,0.0411288082979109,68.8125,False,0.5357921796100411
3ua3__A1_P46580--3ua3__B1_P46580,9,1,1,4,0.0343430939187755,68.3125,False,0.5293950837399654
3ua3__A1_P46580--3ua3__B1_P46580,10,2,3,4,0.0411003606951363,67.875,False,0.5024719560155897
3ua3__A1_P46580--3ua3__B1_P46580,11,5,3,4,0.0343579262176117,66.0625,False,0.4781952672061491
3ua3__A1_P46580--3ua3__B1_P46580,12,3,2,4,0.03775882508613,65.9375,False,0.48885437501122275
3ua3__A1_P46580--3ua3__B1_P46580,13,4,0,4,0.0410912544837205,64.875,False,0.4690020427633459
3ua3__A1_P46580--3ua3__B1_P46580,14,4,3,4,0.5349389117908868,64.1875,True,0.45549287082053935
3ua3__A1_P46580--3ua3__B1_P46580,15,3,0,4,0.0410834607626414,62.21875,False,0.434611304380488
3ua3__A1_P46580--3ua3__B1_P46580,16,4,1,4,0.0343734276859141,61.625,False,0.4566487636934958
3ua3__A1_P46580--3ua3__B1_P46580,17,3,3,4,0.0343463940148964,58.375,False,0.4129680931897752
3ua3__A1_P46580--3ua3__B1_P46580,18,2,1,4,0.0378065016106206,58.09375,False,0.4168584598152317
3ua3__A1_P46580--3ua3__B1_P46580,19,3,1,4,0.0411104085372783,56.6875,False,0.3881765487273637
3ua3__A1_P46580--3ua3__B1_P46580,20,2,0,4,0.0310787745504602,51.875,False,0.38194512247122486
3up1__A1_P16871--3up1__B1_P16871,1,1,2,2,0.5920188744986378,76.875,True,0.6230287144243065
3up1__A1_P16871--3up1__B1_P16871,2,2,0,2,0.6163902759015762,70.125,True,0.6089601328215722
3up1__A1_P16871--3up1__B1_P16871,3,2,2,2,0.6238788320239971,70.0,True,0.5989568381077479
3up1__A1_P16871--3up1__B1_P16871,4,1,3,2,0.4720207738885841,67.1875,True,0.5920038392323527
3up1__A1_P16871--3up1__B1_P16871,5,1,0,2,0.5118002826457961,63.1875,True,0.5765083010473344
3up1__A1_P16871--3up1__B1_P16871,6,3,0,2,0.6337404001181031,62.03125,True,0.5608285806434112
3up1__A1_P16871--3up1__B1_P16871,7,2,3,2,0.6000776431999045,61.53125,True,0.5591635092365802
3up1__A1_P16871--3up1__B1_P16871,8,1,1,2,0.4862612266283779,56.875,True,0.5379574425303656
3up1__A1_P16871--3up1__B1_P16871,9,5,0,2,0.6554324207752092,43.90625,True,0.528590792865769
3up1__A1_P16871--3up1__B1_P16871,10,5,3,2,0.3511856652349761,40.9375,True,0.5164930445120742
3up1__A1_P16871--3up1__B1_P16871,11,3,2,2,0.430173484975936,39.3125,True,0.5043759333984783
3up1__A1_P16871--3up1__B1_P16871,12,5,1,2,0.5561554279208863,36.75,True,0.4922536797598594
3up1__A1_P16871--3up1__B1_P16871,13,5,2,2,0.5430745281561453,30.578125,True,0.48014052798252627
3up1__A1_P16871--3up1__B1_P16871,14,3,3,2,0.5198640313609598,29.21875,True,0.46982505268980956
3up1__A1_P16871--3up1__B1_P16871,15,4,2,2,0.3867779337223229,26.078125,True,0.448414517249694
3up1__A1_P16871--3up1__B1_P16871,16,4,0,2,0.5528592077425093,25.71875,True,0.43916359538752126
3up1__A1_P16871--3up1__B1_P16871,17,4,1,2,0.4149797746761264,25.625,True,0.4461828920929858
3up1__A1_P16871--3up1__B1_P16871,18,4,3,2,0.4063670743657143,22.09375,True,0.419624655657393
3up1__A1_P16871--3up1__B1_P16871,19,3,1,2,0.1548122981180398,19.609375,False,0.407289621730165
3up1__A1_P16871--3up1__B1_P16871,20,2,1,2,0.0147997015528809,17.140625,False,0.39507035828712067
3ups__A1_Q5NLX3--3ups__A2_Q5NLX3,1,2,0,3,0.5998635009245178,82.9375,True,0.6238507407359268
3ups__A1_Q5NLX3--3ups__A2_Q5NLX3,2,2,2,3,0.5868313679702553,80.125,True,0.6120381512938262
3ups__A1_Q5NLX3--3ups__A2_Q5NLX3,3,2,3,3,0.6017262533176708,79.8125,True,0.6000923977774686
3ups__A1_Q5NLX3--3ups__A2_Q5NLX3,4,2,1,3,0.5801793551114437,78.625,True,0.5880264095818216
3ups__A1_Q5NLX3--3ups__A2_Q5NLX3,5,1,0,3,0.0538960131365363,58.3125,False,0.5567485903986442
3ups__A1_Q5NLX3--3ups__A2_Q5NLX3,6,1,3,3,0.0473532440928596,55.25,False,0.5382617913077881
3ups__A1_Q5NLX3--3ups__A2_Q5NLX3,7,3,1,3,0.0307883070146487,52.59375,False,0.5454656662186047
3ups__A1_Q5NLX3--3ups__A2_Q5NLX3,8,3,3,3,0.0316074851993593,52.4375,False,0.5328976380020817
3ups__A1_Q5NLX3--3ups__A2_Q5NLX3,9,1,2,3,0.043463743990944,51.875,False,0.5069620930018279
3ups__A1_Q5NLX3--3ups__A2_Q5NLX3,10,1,1,3,0.04504072612336,50.09375,False,0.5138833053632456
3ups__A1_Q5NLX3--3ups__A2_Q5NLX3,11,4,2,3,0.2954720573370447,49.0625,True,0.5252142977602344
3ups__A1_Q5NLX3--3ups__A2_Q5NLX3,12,4,1,3,0.0276281080791631,48.46875,False,0.4916907439526992
3ups__A1_Q5NLX3--3ups__A2_Q5NLX3,13,3,2,3,0.0350918987133204,46.84375,False,0.46555250046976265
3ups__A1_Q5NLX3--3ups__A2_Q5NLX3,14,3,0,3,0.0200151750261843,43.875,False,0.45175451456218085
3ups__A1_Q5NLX3--3ups__A2_Q5NLX3,15,4,0,3,0.2354486701861768,43.5,True,0.5004104904911981
3ups__A1_Q5NLX3--3ups__A2_Q5NLX3,16,5,0,3,0.1066707573539638,40.625,False,0.44295425219750906
3ups__A1_Q5NLX3--3ups__A2_Q5NLX3,17,5,2,3,0.0973031813778221,34.59375,False,0.4200765183426184
3ups__A1_Q5NLX3--3ups__A2_Q5NLX3,18,5,3,3,0.2584802953790403,33.625,True,0.4374111552285272
3ups__A1_Q5NLX3--3ups__A2_Q5NLX3,19,5,1,3,0.1034813558145444,32.53125,False,0.40597845648583814
3ups__A1_Q5NLX3--3ups__A2_Q5NLX3,20,4,3,3,0.0515362558311123,19.359375,False,0.39060082847309135
3v69__A1_Q9CWU5--3v69__B1_Q9CWU5,1,2,1,3,0.1887952897595575,88.25,False,0.6140634329568045
3v69__A1_Q9CWU5--3v69__B1_Q9CWU5,2,4,0,3,0.1911736875444077,88.0,False,0.6180210152888648
3v69__A1_Q9CWU5--3v69__B1_Q9CWU5,3,2,2,3,0.1884635474345307,87.25,False,0.6039810493302337
3v69__A1_Q9CWU5--3v69__B1_Q9CWU5,4,2,3,3,0.1831910199494572,85.0625,False,0.5880264095818216
3v69__A1_Q9CWU5--3v69__B1_Q9CWU5,5,1,2,3,0.1481145825060097,50.21875,False,0.5720741337107271
3v69__A1_Q9CWU5--3v69__B1_Q9CWU5,6,2,0,3,0.522091032999186,48.125,True,0.5673860352965647
3v69__A1_Q9CWU5--3v69__B1_Q9CWU5,7,4,1,3,0.1860615958796273,42.3125,False,0.5502071215755477
3v69__A1_Q9CWU5--3v69__B1_Q9CWU5,8,1,0,3,0.176113867898645,37.96875,False,0.4863815120385337
3v69__A1_Q9CWU5--3v69__B1_Q9CWU5,9,4,3,3,0.1747584383808091,37.9375,False,0.5117297741541206
3v69__A1_Q9CWU5--3v69__B1_Q9CWU5,10,4,2,3,0.2826237807192526,37.46875,True,0.49930300601035327
3v69__A1_Q9CWU5--3v69__B1_Q9CWU5,11,5,3,3,0.6808653368692198,37.3125,True,0.510786163826837
3v69__A1_Q9CWU5--3v69__B1_Q9CWU5,12,5,1,3,0.5806740950067311,36.90625,True,0.4928415658399969
3v69__A1_Q9CWU5--3v69__B1_Q9CWU5,13,1,3,3,0.2638892788909437,36.53125,True,0.49948898697510075
3v69__A1_Q9CWU5--3v69__B1_Q9CWU5,14,5,2,3,0.6669421344339491,34.90625,True,0.47269626350240995
3v69__A1_Q9CWU5--3v69__B1_Q9CWU5,15,1,1,3,0.1592201825625204,34.125,False,0.47749498112576044
3v69__A1_Q9CWU5--3v69__B1_Q9CWU5,16,5,0,3,0.657573514003141,32.46875,True,0.43753201283150667
3v69__A1_Q9CWU5--3v69__B1_Q9CWU5,17,3,3,3,0.3783918274916433,29.90625,True,0.4095022007115187
3v69__A1_Q9CWU5--3v69__B1_Q9CWU5,18,3,0,3,0.4938327617330036,29.78125,True,0.43296004661143545
3v69__A1_Q9CWU5--3v69__B1_Q9CWU5,19,3,2,3,0.4476274436959078,24.90625,True,0.41091301244777795
3v69__A1_Q9CWU5--3v69__B1_Q9CWU5,20,3,1,3,0.4285382485069073,23.484375,True,0.39397041418085876
3vcb__A1_P0C6X9--3vcb__B1_P0C6X9,1,1,2,1,0.203682809167027,75.75,False,0.6151278771287898
3vcb__A1_P0C6X9--3vcb__B1_P0C6X9,2,1,3,1,0.2295653120028392,71.625,False,0.5630496784810566
3vcb__A1_P0C6X9--3vcb__B1_P0C6X9,3,2,0,1,0.4351499556319713,64.0,True,0.6194010749868992
3vcb__A1_P0C6X9--3vcb__B1_P0C6X9,4,1,1,1,0.1454795545675735,52.625,False,0.5967539313307357
3vcb__A1_P0C6X9--3vcb__B1_P0C6X9,5,3,2,1,0.1643860138868933,52.375,False,0.5875837885534594
3vcb__A1_P0C6X9--3vcb__B1_P0C6X9,6,3,0,1,0.4561387448892202,49.21875,True,0.5663728636529994
3vcb__A1_P0C6X9--3vcb__B1_P0C6X9,7,1,0,1,0.1603674726884195,46.90625,False,0.5495073561092938
3vcb__A1_P0C6X9--3vcb__B1_P0C6X9,8,2,2,1,0.5999882714605381,43.03125,True,0.5583400731029683
3vcb__A1_P0C6X9--3vcb__B1_P0C6X9,9,5,2,1,0.3791503182767773,40.875,True,0.5193314037342796
3vcb__A1_P0C6X9--3vcb__B1_P0C6X9,10,3,3,1,0.3659376076473557,32.21875,True,0.4879577461818234
3vcb__A1_P0C6X9--3vcb__B1_P0C6X9,11,2,1,1,0.0911690111759601,29.015625,False,0.4970975712574827
3vcb__A1_P0C6X9--3vcb__B1_P0C6X9,12,4,2,1,0.0322310276256388,27.78125,False,0.490565174228917
3vcb__A1_P0C6X9--3vcb__B1_P0C6X9,13,5,0,1,0.1809539453275906,27.484375,False,0.4659066585462097
3vcb__A1_P0C6X9--3vcb__B1_P0C6X9,14,5,1,1,0.0548163977596231,27.21875,False,0.4793931107522153
3vcb__A1_P0C6X9--3vcb__B1_P0C6X9,15,2,3,1,0.3984333530201716,25.046875,True,0.46567821780691954
3vcb__A1_P0C6X9--3vcb__B1_P0C6X9,16,4,1,1,0.0777802565885752,20.609375,False,0.44368923561755363
3vcb__A1_P0C6X9--3vcb__B1_P0C6X9,17,4,0,1,0.0104855586667885,17.734375,False,0.4257550828586491
3vcb__A1_P0C6X9--3vcb__B1_P0C6X9,18,3,1,1,0.1075092851412365,17.21875,False,0.40801416988732964
3vcb__A1_P0C6X9--3vcb__B1_P0C6X9,19,5,3,1,0.015524816858235,16.140625,False,0.40696418149337155
3vcb__A1_P0C6X9--3vcb__B1_P0C6X9,20,4,3,1,0.0102536948398626,14.8359375,False,0.39321727640262444
3vyr__B1_Q5JII1--3vyr__A1_Q5JII0,1,5,1,1,0.6051317911866828,89.125,True,0.5615410800802858
3vyr__B1_Q5JII1--3vyr__A1_Q5JII0,2,5,0,1,0.5821024342478011,89.125,True,0.48350170324764763
3vyr__B1_Q5JII1--3vyr__A1_Q5JII0,3,5,3,1,0.581941990963205,89.0625,True,0.47966479890829006
3vyr__B1_Q5JII1--3vyr__A1_Q5JII0,4,4,1,1,0.5833068794317072,88.8125,True,0.44359582185484464
3vyr__B1_Q5JII1--3vyr__A1_Q5JII0,5,5,2,1,0.6005535002000121,88.8125,True,0.5374878707864877
3vyr__B1_Q5JII1--3vyr__A1_Q5JII0,6,3,2,1,0.5931553357204877,88.8125,True,0.4759524587623256
3vyr__B1_Q5JII1--3vyr__A1_Q5JII0,7,4,3,1,0.5862911636599569,88.8125,True,0.467018469661389
3vyr__B1_Q5JII1--3vyr__A1_Q5JII0,8,3,0,1,0.597369423836878,88.8125,True,0.47672039049165466
3vyr__B1_Q5JII1--3vyr__A1_Q5JII0,9,3,1,1,0.6093359695728681,88.75,True,0.5548303054862519
3vyr__B1_Q5JII1--3vyr__A1_Q5JII0,10,4,2,1,0.5877682117566544,88.6875,True,0.4501733847315161
3vyr__B1_Q5JII1--3vyr__A1_Q5JII0,11,2,0,1,0.5925542048631524,88.6875,True,0.5654007433663122
3vyr__B1_Q5JII1--3vyr__A1_Q5JII0,12,4,0,1,0.5795929649871057,88.625,True,0.4254965978362265
3vyr__B1_Q5JII1--3vyr__A1_Q5JII0,13,2,2,1,0.5801403874892066,88.5625,True,0.5949749685375886
3vyr__B1_Q5JII1--3vyr__A1_Q5JII0,14,3,3,1,0.6000404414138657,88.375,True,0.45051150173700466
3vyr__B1_Q5JII1--3vyr__A1_Q5JII0,15,2,3,1,0.5996426773146297,88.375,True,0.5806855447210589
3vyr__B1_Q5JII1--3vyr__A1_Q5JII0,16,2,1,1,0.6017691058166701,88.3125,True,0.5753048181274327
3vyr__B1_Q5JII1--3vyr__A1_Q5JII0,17,1,3,1,0.5983080907398709,87.8125,True,0.533793935577389
3vyr__B1_Q5JII1--3vyr__A1_Q5JII0,18,1,0,1,0.5893499739583725,87.75,True,0.4903231837077735
3vyr__B1_Q5JII1--3vyr__A1_Q5JII0,19,1,2,1,0.5913005679304666,87.5,True,0.5063288799405733
3vyr__B1_Q5JII1--3vyr__A1_Q5JII0,20,1,1,1,0.600507177016918,87.375,True,0.4871733950654982
3w0l__B1_Q91754--3w0l__A1_Q91753,1,4,2,2,0.3017693726987984,71.9375,True,0.6230287144243065
3w0l__B1_Q91754--3w0l__A1_Q91753,2,4,3,2,0.3242887603787446,64.25,True,0.6115736109422036
3w0l__B1_Q91754--3w0l__A1_Q91753,3,1,2,2,0.2534332164036023,61.84375,True,0.5999939038543413
3w0l__B1_Q91754--3w0l__A1_Q91753,4,3,0,2,0.3546567821465576,57.375,True,0.588301374160422
3w0l__B1_Q91754--3w0l__A1_Q91753,5,4,0,2,0.1566993099501905,54.5,False,0.5721854237558215
3w0l__B1_Q91754--3w0l__A1_Q91753,6,3,2,2,0.2871804327528491,51.21875,True,0.5689691312741046
3w0l__B1_Q91754--3w0l__A1_Q91753,7,4,1,2,0.3118636186928921,46.1875,True,0.5526718400864198
3w0l__B1_Q91754--3w0l__A1_Q91753,8,3,1,2,0.2273179770914772,35.65625,False,0.5398024562727479
3w0l__B1_Q91754--3w0l__A1_Q91753,9,1,0,2,0.1708618862211188,34.6875,False,0.535949273481706
3w0l__B1_Q91754--3w0l__A1_Q91753,10,1,3,2,0.1977218995349622,33.40625,False,0.49683409122848216
3w0l__B1_Q91754--3w0l__A1_Q91753,11,1,1,2,0.1318969883489407,32.5625,False,0.48418584477935855
3w0l__B1_Q91754--3w0l__A1_Q91753,12,5,0,2,0.0183419983411165,31.875,False,0.5132671018089038
3w0l__B1_Q91754--3w0l__A1_Q91753,13,5,2,2,0.0196761577896128,31.390625,False,0.4939228104274619
3w0l__B1_Q91754--3w0l__A1_Q91753,14,5,1,2,0.1389885764355659,31.0625,False,0.4504873012081137
3w0l__B1_Q91754--3w0l__A1_Q91753,15,5,3,2,0.0203491830937137,30.359375,False,0.47073285909422224
3w0l__B1_Q91754--3w0l__A1_Q91753,16,2,2,2,0.0947799228015996,29.515625,False,0.44500731126125265
3w0l__B1_Q91754--3w0l__A1_Q91753,17,2,3,2,0.0467145777993702,28.140625,False,0.4206192630470123
3w0l__B1_Q91754--3w0l__A1_Q91753,18,3,3,2,0.0542028300535698,27.5,False,0.42330766395674263
3w0l__B1_Q91754--3w0l__A1_Q91753,19,2,0,2,0.0385535282247818,27.484375,False,0.41191960237925673
3w0l__B1_Q91754--3w0l__A1_Q91753,20,2,1,2,0.0572810249636692,27.125,False,0.40183907951145903
3w2v__A1_Q8U1S6--3w2v__B1_Q8U1S7,1,1,0,1,0.6607335763000981,87.1875,True,0.6170908437741984
3w2v__A1_Q8U1S6--3w2v__B1_Q8U1S7,2,2,1,1,0.6487088858561937,87.0,True,0.6107637087957484
3w2v__A1_Q8U1S6--3w2v__B1_Q8U1S7,3,1,3,1,0.6781194704038079,86.625,True,0.5898829900153292
3w2v__A1_Q8U1S6--3w2v__B1_Q8U1S7,4,1,1,1,0.6637483088730035,86.1875,True,0.5238278615352897
3w2v__A1_Q8U1S6--3w2v__B1_Q8U1S7,5,2,0,1,0.6684246404891079,86.1875,True,0.5933040105531034
3w2v__A1_Q8U1S6--3w2v__B1_Q8U1S7,6,1,2,1,0.662205170455671,86.0625,True,0.5285515834241282
3w2v__A1_Q8U1S6--3w2v__B1_Q8U1S7,7,5,0,1,0.6442015095688751,86.0,True,0.4954796427759089
3w2v__A1_Q8U1S6--3w2v__B1_Q8U1S7,8,3,3,1,0.6663647258233474,85.75,True,0.5012963705757728
3w2v__A1_Q8U1S6--3w2v__B1_Q8U1S7,9,3,0,1,0.6537597036609332,85.6875,True,0.465562982918113
3w2v__A1_Q8U1S6--3w2v__B1_Q8U1S7,10,3,2,1,0.646365708267211,85.5,True,0.5013903151684187
3w2v__A1_Q8U1S6--3w2v__B1_Q8U1S7,11,2,3,1,0.6614704217949335,85.4375,True,0.5597554095043558
3w2v__A1_Q8U1S6--3w2v__B1_Q8U1S7,12,3,1,1,0.6490074176933435,85.3125,True,0.44641977449991416
3w2v__A1_Q8U1S6--3w2v__B1_Q8U1S7,13,2,2,1,0.6531926044973323,85.1875,True,0.5433046735046001
3w2v__A1_Q8U1S6--3w2v__B1_Q8U1S7,14,5,2,1,0.588241861174979,84.875,True,0.4822500874428094
3w2v__A1_Q8U1S6--3w2v__B1_Q8U1S7,15,5,3,1,0.6831078865996015,84.6875,True,0.4774621003492365
3w2v__A1_Q8U1S6--3w2v__B1_Q8U1S7,16,4,2,1,0.6434093533557874,84.6875,True,0.4871335772999953
3w2v__A1_Q8U1S6--3w2v__B1_Q8U1S7,17,5,1,1,0.6460243446973166,84.5625,True,0.430416331799764
3w2v__A1_Q8U1S6--3w2v__B1_Q8U1S7,18,4,3,1,0.6343884356743544,84.4375,True,0.4747357023926548
3w2v__A1_Q8U1S6--3w2v__B1_Q8U1S7,19,4,1,1,0.5974212321795886,83.1875,True,0.4199389842554185
3w2v__A1_Q8U1S6--3w2v__B1_Q8U1S7,20,4,0,1,0.5770032530893471,82.5,True,0.3907967131317902
3wry__C1_P03587--3wry__A1_A7M6E7,1,3,3,0,0.0112427896870678,22.828125,False,0.6275948461722427
3wry__C1_P03587--3wry__A1_A7M6E7,2,1,1,0,0.009799915938901,22.28125,False,0.5678768665163665
3wry__C1_P03587--3wry__A1_A7M6E7,3,2,0,0,0.0058760311404995,21.78125,False,0.5602264800050439
3wry__C1_P03587--3wry__A1_A7M6E7,4,1,3,0,0.0088905211328077,21.765625,False,0.6045148022356734
3wry__C1_P03587--3wry__A1_A7M6E7,5,1,2,0,0.009072383426827,21.5,False,0.5652760457848658
3wry__C1_P03587--3wry__A1_A7M6E7,6,1,0,0,0.0135726400297227,21.40625,False,0.5525926736999458
3wry__C1_P03587--3wry__A1_A7M6E7,7,3,2,0,0.0114029557313463,21.046875,False,0.5476671929565227
3wry__C1_P03587--3wry__A1_A7M6E7,8,2,1,0,0.005803896544697,21.0,False,0.5455268491362737
3wry__C1_P03587--3wry__A1_A7M6E7,9,2,2,0,0.005864236172738,20.859375,False,0.49178711019936716
3wry__C1_P03587--3wry__A1_A7M6E7,10,4,3,0,0.0137253588674105,20.71875,False,0.5372120541337532
3wry__C1_P03587--3wry__A1_A7M6E7,11,2,3,0,0.0055255698193562,20.671875,False,0.5162474102009528
3wry__C1_P03587--3wry__A1_A7M6E7,12,4,0,0,0.0131478394041125,20.625,False,0.5129167965961661
3wry__C1_P03587--3wry__A1_A7M6E7,13,4,2,0,0.0122834878007518,20.546875,False,0.5030914588604262
3wry__C1_P03587--3wry__A1_A7M6E7,14,4,1,0,0.0077609392682469,20.25,False,0.49070098124197004
3wry__C1_P03587--3wry__A1_A7M6E7,15,3,1,0,0.00879795358938,19.65625,False,0.45772635096363884
3wry__C1_P03587--3wry__A1_A7M6E7,16,5,0,0,0.0069282885178532,19.25,False,0.44005188487392444
3wry__C1_P03587--3wry__A1_A7M6E7,17,3,0,0,0.0113619841183572,19.140625,False,0.4418237259733902
3wry__C1_P03587--3wry__A1_A7M6E7,18,5,3,0,0.0062062803554448,19.046875,False,0.4103159817733445
3wry__C1_P03587--3wry__A1_A7M6E7,19,5,1,0,0.0060584818816015,18.734375,False,0.40297542788158947
3wry__C1_P03587--3wry__A1_A7M6E7,20,5,2,0,0.0073999388928597,18.6875,False,0.39355448306694496
3wvb__A1_Q58649--3wvb__B1_Q58649,1,3,1,2,0.859341560001218,93.5,True,0.5989465596011941
3wvb__A1_Q58649--3wvb__B1_Q58649,2,3,0,2,0.859044681648028,93.375,True,0.56971678454286
3wvb__A1_Q58649--3wvb__B1_Q58649,3,4,0,2,0.8483322428201929,93.375,True,0.5980111875316523
3wvb__A1_Q58649--3wvb__B1_Q58649,4,1,1,2,0.8478364337544436,93.375,True,0.5755211484779501
3wvb__A1_Q58649--3wvb__B1_Q58649,5,1,0,2,0.8062265891182124,93.25,True,0.5363426618957238
3wvb__A1_Q58649--3wvb__B1_Q58649,6,3,3,2,0.8787904706688824,93.25,True,0.55678062975046
3wvb__A1_Q58649--3wvb__B1_Q58649,7,1,3,2,0.8027290976662279,93.25,True,0.5516635314025359
3wvb__A1_Q58649--3wvb__B1_Q58649,8,4,2,2,0.8508630582810862,93.25,True,0.5598695294089365
3wvb__A1_Q58649--3wvb__B1_Q58649,9,5,0,2,0.8191858116696437,93.1875,True,0.5369921625917102
3wvb__A1_Q58649--3wvb__B1_Q58649,10,4,1,2,0.8394847408696599,93.0625,True,0.5428004279906808
3wvb__A1_Q58649--3wvb__B1_Q58649,11,5,1,2,0.8090122090643627,93.0,True,0.48764083557176496
3wvb__A1_Q58649--3wvb__B1_Q58649,12,1,2,2,0.8010602391911125,92.9375,True,0.4752533962759424
3wvb__A1_Q58649--3wvb__B1_Q58649,13,2,1,2,0.8329103045471541,92.9375,True,0.4489558828499933
3wvb__A1_Q58649--3wvb__B1_Q58649,14,2,0,2,0.840910290568604,92.9375,True,0.4660956183243159
3wvb__A1_Q58649--3wvb__B1_Q58649,15,4,3,2,0.8456407627753375,92.875,True,0.48314112157283995
3wvb__A1_Q58649--3wvb__B1_Q58649,16,3,2,2,0.862077216087434,92.875,True,0.4723947490910166
3wvb__A1_Q58649--3wvb__B1_Q58649,17,5,2,2,0.7842405635591296,92.75,True,0.46460563359017026
3wvb__A1_Q58649--3wvb__B1_Q58649,18,2,3,2,0.8142234217313784,92.75,True,0.4332174793299842
3wvb__A1_Q58649--3wvb__B1_Q58649,19,5,3,2,0.7903870801262093,92.625,True,0.4511351056001946
3wvb__A1_Q58649--3wvb__B1_Q58649,20,2,2,2,0.8163651763806271,92.5,True,0.397442993450612
3wxm__A1_Q9YAV0--3wxm__B1_Q9YAZ5,1,3,1,2,0.7560544052286425,86.625,True,0.6230287144243065
3wxm__A1_Q9YAV0--3wxm__B1_Q9YAZ5,2,3,0,2,0.7619000680642061,85.75,True,0.6052777009173361
3wxm__A1_Q9YAV0--3wxm__B1_Q9YAZ5,3,5,0,2,0.7643368831362815,85.75,True,0.6089079190623623
3wxm__A1_Q9YAV0--3wxm__B1_Q9YAZ5,4,3,2,2,0.7545057873253368,85.0,True,0.5795824009507444
3wxm__A1_Q9YAV0--3wxm__B1_Q9YAZ5,5,4,1,2,0.7738269229430556,84.8125,True,0.5716939161876103
3wxm__A1_Q9YAV0--3wxm__B1_Q9YAZ5,6,5,3,2,0.7769042962257866,84.75,True,0.5712663452051678
3wxm__A1_Q9YAV0--3wxm__B1_Q9YAZ5,7,3,3,2,0.7555340990092007,84.6875,True,0.5586798384631001
3wxm__A1_Q9YAV0--3wxm__B1_Q9YAZ5,8,4,3,2,0.7799321206872486,83.5,True,0.5358483593600876
3wxm__A1_Q9YAV0--3wxm__B1_Q9YAZ5,9,5,2,2,0.7721653287848044,83.4375,True,0.5313994094614708
3wxm__A1_Q9YAV0--3wxm__B1_Q9YAZ5,10,5,1,2,0.7485119782664581,82.4375,True,0.5181972486069955
3wxm__A1_Q9YAV0--3wxm__B1_Q9YAZ5,11,4,2,2,0.7575300241149634,81.9375,True,0.5030188144708659
3wxm__A1_Q9YAV0--3wxm__B1_Q9YAZ5,12,4,0,2,0.7916055360065336,81.375,True,0.486761972859856
3wxm__A1_Q9YAV0--3wxm__B1_Q9YAZ5,13,2,3,2,0.812715681361131,81.0,True,0.48562821615944
3wxm__A1_Q9YAV0--3wxm__B1_Q9YAZ5,14,2,1,2,0.7773993979574741,79.3125,True,0.4680506797171312
3wxm__A1_Q9YAV0--3wxm__B1_Q9YAZ5,15,2,0,2,0.8032852677476643,78.8125,True,0.4559982274173465
3wxm__A1_Q9YAV0--3wxm__B1_Q9YAZ5,16,2,2,2,0.8016633648568413,77.125,True,0.44399708896350104
3wxm__A1_Q9YAV0--3wxm__B1_Q9YAZ5,17,1,1,2,0.2899366149990756,70.875,True,0.4266764569426737
3wxm__A1_Q9YAV0--3wxm__B1_Q9YAZ5,18,1,3,2,0.2905020915128226,69.1875,True,0.42556660653512196
3wxm__A1_Q9YAV0--3wxm__B1_Q9YAZ5,19,1,0,2,0.4461783170395497,60.59375,True,0.40843679715024056
3wxm__A1_Q9YAV0--3wxm__B1_Q9YAZ5,20,1,2,2,0.2327678323004319,53.03125,True,0.3967744266854328
3x0e__A1_P60033--3x0e__B1_P60033,1,1,3,0,0.8674119512034433,81.125,True,0.6305637859732365
3x0e__A1_P60033--3x0e__B1_P60033,2,5,3,0,0.1632056508108874,34.09375,False,0.5823174659253689
3x0e__A1_P60033--3x0e__B1_P60033,3,2,1,0,0.1980291807474498,33.96875,False,0.5825661766128548
3x0e__A1_P60033--3x0e__B1_P60033,4,2,0,0,0.1600204226304082,33.625,False,0.5883832984160544
3x0e__A1_P60033--3x0e__B1_P60033,5,2,2,0,0.1926518600066576,33.34375,False,0.572106384767771
3x0e__A1_P60033--3x0e__B1_P60033,6,5,1,0,0.2045989813867109,32.75,False,0.5243141474325769
3x0e__A1_P60033--3x0e__B1_P60033,7,5,0,0,0.2212741534313584,32.09375,False,0.5498851845371667
3x0e__A1_P60033--3x0e__B1_P60033,8,4,3,0,0.2450320474525702,31.28125,True,0.5587489455464023
3x0e__A1_P60033--3x0e__B1_P60033,9,5,2,0,0.1921799254351775,31.25,False,0.5240793450568171
3x0e__A1_P60033--3x0e__B1_P60033,10,4,2,0,0.2774764425870822,31.03125,True,0.5603305511046661
3x0e__A1_P60033--3x0e__B1_P60033,11,3,3,0,0.0545057847069004,30.71875,False,0.4772002651816545
3x0e__A1_P60033--3x0e__B1_P60033,12,2,3,0,0.1722252603848259,30.0625,False,0.48266664336621834
3x0e__A1_P60033--3x0e__B1_P60033,13,4,1,0,0.2626826345893183,30.046875,True,0.4994236399809729
3x0e__A1_P60033--3x0e__B1_P60033,14,1,0,0,0.1361905558104075,29.875,False,0.43806734193084457
3x0e__A1_P60033--3x0e__B1_P60033,15,1,2,0,0.2300288705333034,29.484375,True,0.43949130593821323
3x0e__A1_P60033--3x0e__B1_P60033,16,3,0,0,0.1571142553690161,29.359375,False,0.4504668413952132
3x0e__A1_P60033--3x0e__B1_P60033,17,3,1,0,0.1773090405728424,28.921875,False,0.40872424047740064
3x0e__A1_P60033--3x0e__B1_P60033,18,4,0,0,0.216725987276381,28.921875,False,0.4788210806456536
3x0e__A1_P60033--3x0e__B1_P60033,19,3,2,0,0.1756540891445458,28.15625,False,0.42990037311530155
3x0e__A1_P60033--3x0e__B1_P60033,20,1,1,0,0.1376600364922644,27.203125,False,0.39045557730149777
3x15__A1_O67504--3x15__C1_O67504,1,5,1,2,0.5028307175276011,71.6875,True,0.6086427745209575
3x15__A1_O67504--3x15__C1_O67504,2,5,0,2,0.5114307309533503,69.4375,True,0.6137568352082878
3x15__A1_O67504--3x15__C1_O67504,3,5,3,2,0.506150270471221,69.0625,True,0.6062568261929214
3x15__A1_O67504--3x15__C1_O67504,4,5,2,2,0.5009104107415449,69.0,True,0.5944507199663591
3x15__A1_O67504--3x15__C1_O67504,5,4,2,2,0.0259712524270153,42.1875,False,0.5765083010473344
3x15__A1_O67504--3x15__C1_O67504,6,4,1,2,0.0257510889891612,30.078125,False,0.5646274138961219
3x15__A1_O67504--3x15__C1_O67504,7,1,2,2,0.0247754456280913,22.953125,False,0.5356455247211801
3x15__A1_O67504--3x15__C1_O67504,8,4,0,2,0.0224929324094903,22.953125,False,0.5048794839181984
3x15__A1_O67504--3x15__C1_O67504,9,1,1,2,0.0250479898910948,22.84375,False,0.5312530919081896
3x15__A1_O67504--3x15__C1_O67504,10,1,0,2,0.0247359263506437,22.828125,False,0.5454487542622432
3x15__A1_O67504--3x15__C1_O67504,11,4,3,2,0.0236788668602534,22.03125,False,0.47827668678021196
3x15__A1_O67504--3x15__C1_O67504,12,1,3,2,0.0252543634397053,21.859375,False,0.4942174769763786
3x15__A1_O67504--3x15__C1_O67504,13,3,3,2,0.0259308556463996,20.875,False,0.4915426284352077
3x15__A1_O67504--3x15__C1_O67504,14,3,0,2,0.0225368925527413,20.546875,False,0.47656868383865353
3x15__A1_O67504--3x15__C1_O67504,15,3,2,2,0.0251709256576252,20.484375,False,0.4858785108686751
3x15__A1_O67504--3x15__C1_O67504,16,3,1,2,0.0227796973636239,20.375,False,0.45127317988509635
3x15__A1_O67504--3x15__C1_O67504,17,2,3,2,0.0249081064263173,18.109375,False,0.43002235077378187
3x15__A1_O67504--3x15__C1_O67504,18,2,1,2,0.0250221591593868,17.96875,False,0.40798870669744963
3x15__A1_O67504--3x15__C1_O67504,19,2,2,2,0.0252089935070413,17.9375,False,0.41487832605469527
3x15__A1_O67504--3x15__C1_O67504,20,2,0,2,0.0255129537364478,17.4375,False,0.3930854990913411
3zr4__A1_Q9X0C6--3zr4__B1_Q9X0C8,1,5,3,4,0.8145047547942904,90.4375,True,0.5807886424316049
3zr4__A1_Q9X0C6--3zr4__B1_Q9X0C8,2,5,2,4,0.8158701723475166,90.4375,True,0.5791508368882905
3zr4__A1_Q9X0C6--3zr4__B1_Q9X0C8,3,5,0,4,0.8108179770051008,90.25,True,0.5703244114947275
3zr4__A1_Q9X0C6--3zr4__B1_Q9X0C8,4,1,0,4,0.7804071669758645,90.1875,True,0.6238114552490752
3zr4__A1_Q9X0C6--3zr4__B1_Q9X0C8,5,1,2,4,0.7895589096957671,90.0625,True,0.602119745134328
3zr4__A1_Q9X0C6--3zr4__B1_Q9X0C8,6,1,1,4,0.7771225670289718,90.0625,True,0.6037293245611299
3zr4__A1_Q9X0C6--3zr4__B1_Q9X0C8,7,1,3,4,0.781881678729127,89.9375,True,0.5703604310010805
3zr4__A1_Q9X0C6--3zr4__B1_Q9X0C8,8,3,2,4,0.8082802407091106,89.875,True,0.5161194349413513
3zr4__A1_Q9X0C6--3zr4__B1_Q9X0C8,9,5,1,4,0.8078798660008283,89.875,True,0.5342689901744941
3zr4__A1_Q9X0C6--3zr4__B1_Q9X0C8,10,4,2,4,0.8119747764878308,89.75,True,0.4987235559123006
3zr4__A1_Q9X0C6--3zr4__B1_Q9X0C8,11,4,1,4,0.8278733243096171,89.25,True,0.496457660842788
3zr4__A1_Q9X0C6--3zr4__B1_Q9X0C8,12,3,0,4,0.8032990815281406,88.9375,True,0.4796826358164259
3zr4__A1_Q9X0C6--3zr4__B1_Q9X0C8,13,4,3,4,0.8142896951836552,88.875,True,0.4394319492496135
3zr4__A1_Q9X0C6--3zr4__B1_Q9X0C8,14,4,0,4,0.8184607484312609,88.8125,True,0.4598160021628131
3zr4__A1_Q9X0C6--3zr4__B1_Q9X0C8,15,3,3,4,0.8058115073607794,88.75,True,0.42916115259649995
3zr4__A1_Q9X0C6--3zr4__B1_Q9X0C8,16,3,1,4,0.8051198065687833,88.5625,True,0.4332499366348439
3zr4__A1_Q9X0C6--3zr4__B1_Q9X0C8,17,2,1,4,0.7530223683303395,88.5,True,0.4695516699611004
3zr4__A1_Q9X0C6--3zr4__B1_Q9X0C8,18,2,0,4,0.7899086186560442,87.875,True,0.4043259238105572
3zr4__A1_Q9X0C6--3zr4__B1_Q9X0C8,19,2,3,4,0.7490719588040197,87.5625,True,0.39866498573846954
3zr4__A1_Q9X0C6--3zr4__B1_Q9X0C8,20,2,2,4,0.765402417224661,87.5,True,0.38752992485129445
3zyl__A1_O55012--3zyl__B1_O55012,1,5,2,1,0.8210910147697051,71.625,True,0.6244873582878557
3zyl__A1_O55012--3zyl__B1_O55012,2,5,3,1,0.7962745767357226,66.25,True,0.6125640603930859
3zyl__A1_O55012--3zyl__B1_O55012,3,5,1,1,0.8198903736380151,62.03125,True,0.6005043635206955
3zyl__A1_O55012--3zyl__B1_O55012,4,1,0,1,0.157952389784103,50.03125,False,0.5829849263608711
3zyl__A1_O55012--3zyl__B1_O55012,5,5,0,1,0.0410036009754322,50.0,False,0.58211576911751
3zyl__A1_O55012--3zyl__B1_O55012,6,2,0,1,0.1448368224575817,39.75,False,0.5435657871633643
3zyl__A1_O55012--3zyl__B1_O55012,7,4,0,1,0.0449305172517388,39.0,False,0.554691486900694
3zyl__A1_O55012--3zyl__B1_O55012,8,2,1,1,0.162779925608346,36.15625,False,0.5100940250746933
3zyl__A1_O55012--3zyl__B1_O55012,9,4,1,1,0.1897874360627372,35.8125,False,0.5135405318356797
3zyl__A1_O55012--3zyl__B1_O55012,10,3,0,1,0.2957438004102157,34.9375,True,0.5139433441241593
3zyl__A1_O55012--3zyl__B1_O55012,11,2,2,1,0.1445586723237998,34.09375,False,0.4776188402402142
3zyl__A1_O55012--3zyl__B1_O55012,12,1,3,1,0.1603359529006985,33.53125,False,0.44832351418194405
3zyl__A1_O55012--3zyl__B1_O55012,13,1,2,1,0.0421581975034862,33.4375,False,0.5059392360567759
3zyl__A1_O55012--3zyl__B1_O55012,14,3,3,1,0.3107499229736993,32.15625,True,0.46984335744406514
3zyl__A1_O55012--3zyl__B1_O55012,15,3,1,1,0.2458734060430322,31.53125,True,0.4405570870531972
3zyl__A1_O55012--3zyl__B1_O55012,16,1,1,1,0.1576521657516636,31.46875,False,0.4273656477055121
3zyl__A1_O55012--3zyl__B1_O55012,17,4,2,1,0.4584794685975824,30.609375,True,0.4483230331152779
3zyl__A1_O55012--3zyl__B1_O55012,18,4,3,1,0.1925404452746578,30.375,False,0.4678831775926541
3zyl__A1_O55012--3zyl__B1_O55012,19,2,3,1,0.0525812397270096,29.75,False,0.41900363847314015
3zyl__A1_O55012--3zyl__B1_O55012,20,3,2,1,0.2295046034151307,28.46875,False,0.39507102408976097
4a1f__A1_O25916--4a1f__B1_O25916,1,5,0,4,0.0093942163005769,61.28125,False,0.5168379194274464
4a1f__A1_O25916--4a1f__B1_O25916,2,5,3,4,0.0181610083997867,61.03125,False,0.5810563142861398
4a1f__A1_O25916--4a1f__B1_O25916,3,2,0,4,0.0088798639079548,60.625,False,0.6080948824495012
4a1f__A1_O25916--4a1f__B1_O25916,4,5,1,4,0.0175912546898024,60.625,False,0.563852318889731
4a1f__A1_O25916--4a1f__B1_O25916,5,5,2,4,0.0178797773548551,59.9375,False,0.5577951718327924
4a1f__A1_O25916--4a1f__B1_O25916,6,1,1,4,0.0099615820072158,58.46875,False,0.5736879877448684
4a1f__A1_O25916--4a1f__B1_O25916,7,4,3,4,0.0094018594503256,58.34375,False,0.49069875285247105
4a1f__A1_O25916--4a1f__B1_O25916,8,1,3,4,0.0107556238313769,57.46875,False,0.44360437384597806
4a1f__A1_O25916--4a1f__B1_O25916,9,3,0,4,0.0095295190043832,57.4375,False,0.4817730873997808
4a1f__A1_O25916--4a1f__B1_O25916,10,4,2,4,0.0092532831467217,56.78125,False,0.46756968361080814
4a1f__A1_O25916--4a1f__B1_O25916,11,3,1,4,0.0084154687826056,56.0,False,0.4167346833572109
4a1f__A1_O25916--4a1f__B1_O25916,12,4,0,4,0.009751188259144,55.3125,False,0.5139758142817673
4a1f__A1_O25916--4a1f__B1_O25916,13,3,2,4,0.0082669461677606,55.0,False,0.43453233871613106
4a1f__A1_O25916--4a1f__B1_O25916,14,3,3,4,0.0080056022687503,54.4375,False,0.4196434086111248
4a1f__A1_O25916--4a1f__B1_O25916,15,2,3,4,0.0101680700414493,51.90625,False,0.4759948097957467
4a1f__A1_O25916--4a1f__B1_O25916,16,2,1,4,0.0092114049220089,51.84375,False,0.5054160827112375
4a1f__A1_O25916--4a1f__B1_O25916,17,4,1,4,0.0099136587641787,51.1875,False,0.43855917279168694
4a1f__A1_O25916--4a1f__B1_O25916,18,1,0,4,0.0110970007240378,48.0625,False,0.42007278639888035
4a1f__A1_O25916--4a1f__B1_O25916,19,2,2,4,0.0091608546882104,47.1875,False,0.5983755741747177
4a1f__A1_O25916--4a1f__B1_O25916,20,1,2,4,0.010024535545994,43.21875,False,0.5689261349242626
4af9__A1_Q6VBJ0--4af9__A2_Q6VBJ0,1,1,1,4,0.1797328420873722,81.3125,False,0.6287323427945517
4af9__A1_Q6VBJ0--4af9__A2_Q6VBJ0,2,4,1,4,0.1773706047209265,80.875,False,0.6090016743527802
4af9__A1_Q6VBJ0--4af9__A2_Q6VBJ0,3,1,2,4,0.1784532478490891,80.6875,False,0.6104271227020868
4af9__A1_Q6VBJ0--4af9__A2_Q6VBJ0,4,1,0,4,0.1756501607003595,79.25,False,0.590357464945786
4af9__A1_Q6VBJ0--4af9__A2_Q6VBJ0,5,4,2,4,0.1775189939610211,78.6875,False,0.5610891722174446
4af9__A1_Q6VBJ0--4af9__A2_Q6VBJ0,6,4,3,4,0.1870901169278882,78.3125,False,0.5644338089912735
4af9__A1_Q6VBJ0--4af9__A2_Q6VBJ0,7,2,3,4,0.1720230922779834,77.875,False,0.5634462459286901
4af9__A1_Q6VBJ0--4af9__A2_Q6VBJ0,8,2,1,4,0.1505743721039768,77.5625,False,0.5409222549934437
4af9__A1_Q6VBJ0--4af9__A2_Q6VBJ0,9,2,2,4,0.1779631337518432,74.125,False,0.5076156139686526
4af9__A1_Q6VBJ0--4af9__A2_Q6VBJ0,10,5,2,4,0.1848745750782617,73.6875,False,0.5189422259795071
4af9__A1_Q6VBJ0--4af9__A2_Q6VBJ0,11,5,3,4,0.1847569371084707,73.625,False,0.5055061504440004
4af9__A1_Q6VBJ0--4af9__A2_Q6VBJ0,12,4,0,4,0.1869814072163207,70.5625,False,0.48037866592412326
4af9__A1_Q6VBJ0--4af9__A2_Q6VBJ0,13,2,0,4,0.1776706315496009,69.5,False,0.46558388515780863
4af9__A1_Q6VBJ0--4af9__A2_Q6VBJ0,14,5,1,4,0.1858376304569934,68.25,False,0.46522782510640714
4af9__A1_Q6VBJ0--4af9__A2_Q6VBJ0,15,5,0,4,0.1985796320221063,55.90625,False,0.4437063591061072
4af9__A1_Q6VBJ0--4af9__A2_Q6VBJ0,16,3,1,4,0.2180713512378247,47.9375,False,0.4304751085074142
4af9__A1_Q6VBJ0--4af9__A2_Q6VBJ0,17,3,3,4,0.258595173263533,39.40625,True,0.4173424096814983
4af9__A1_Q6VBJ0--4af9__A2_Q6VBJ0,18,3,0,4,0.3038677127223277,31.59375,True,0.4040538798226352
4af9__A1_Q6VBJ0--4af9__A2_Q6VBJ0,19,1,3,4,0.210737784594144,30.578125,False,0.3874274999128554
4af9__A1_Q6VBJ0--4af9__A2_Q6VBJ0,20,3,2,4,0.2653498203193252,29.75,True,0.38295709678377193
4aj7__A1_B1PWB9--4aj7__B1_B1PWB9,1,1,1,4,0.147105688486684,50.875,False,0.6131807786906134
4aj7__A1_B1PWB9--4aj7__B1_B1PWB9,2,5,1,4,0.1247087826336628,50.5625,False,0.6186310647123039
4aj7__A1_B1PWB9--4aj7__B1_B1PWB9,3,3,1,4,0.1298072284320689,49.84375,False,0.6154498340139622
4aj7__A1_B1PWB9--4aj7__B1_B1PWB9,4,1,0,4,0.4832704542279801,46.8125,True,0.5800446212779238
4aj7__A1_B1PWB9--4aj7__B1_B1PWB9,5,4,3,4,0.2080105064686438,46.75,False,0.582488562293052
4aj7__A1_B1PWB9--4aj7__B1_B1PWB9,6,1,2,4,0.1699580944100921,46.0,False,0.5719059235270294
4aj7__A1_B1PWB9--4aj7__B1_B1PWB9,7,3,0,4,0.1110882497061763,41.46875,False,0.5466682004776942
4aj7__A1_B1PWB9--4aj7__B1_B1PWB9,8,3,2,4,0.1177469420515201,40.96875,False,0.5401386718778504
4aj7__A1_B1PWB9--4aj7__B1_B1PWB9,9,4,1,4,0.2631898933597822,40.78125,True,0.5238357190758605
4aj7__A1_B1PWB9--4aj7__B1_B1PWB9,10,5,0,4,0.1074896664781184,39.21875,False,0.5069755638729991
4aj7__A1_B1PWB9--4aj7__B1_B1PWB9,11,3,3,4,0.1119881154339653,39.09375,False,0.5020328106174412
4aj7__A1_B1PWB9--4aj7__B1_B1PWB9,12,5,2,4,0.1089398354957377,38.0,False,0.4821729971253826
4aj7__A1_B1PWB9--4aj7__B1_B1PWB9,13,1,3,4,0.3817128635906445,36.9375,True,0.4616655417724178
4aj7__A1_B1PWB9--4aj7__B1_B1PWB9,14,4,2,4,0.2075344247945083,36.34375,False,0.46550888399473006
4aj7__A1_B1PWB9--4aj7__B1_B1PWB9,15,4,0,4,0.1792658168772827,34.90625,False,0.4447642143926787
4aj7__A1_B1PWB9--4aj7__B1_B1PWB9,16,5,3,4,0.1039783656726821,33.0,False,0.42627833674764803
4aj7__A1_B1PWB9--4aj7__B1_B1PWB9,17,2,1,4,0.2532958196902073,31.609375,True,0.4140072041697568
4aj7__A1_B1PWB9--4aj7__B1_B1PWB9,18,2,3,4,0.2293273492923573,31.09375,False,0.40970827309915353
4aj7__A1_B1PWB9--4aj7__B1_B1PWB9,19,2,2,4,0.2037061988213963,29.28125,False,0.39246382756611164
4aj7__A1_B1PWB9--4aj7__B1_B1PWB9,20,2,0,4,0.2219244013782386,27.828125,False,0.3797176012652412
4at7__A1_Q9CXY6--4at7__B1_Q9Z1X4,1,5,3,3,0.4390683997246917,92.8125,True,0.5970464734338973
4at7__A1_Q9CXY6--4at7__B1_Q9Z1X4,2,1,2,3,0.4611088778379711,92.75,True,0.6213530827430533
4at7__A1_Q9CXY6--4at7__B1_Q9Z1X4,3,1,0,3,0.4558337943323731,92.75,True,0.6110738308292185
4at7__A1_Q9CXY6--4at7__B1_Q9Z1X4,4,4,3,3,0.4333660771215221,92.6875,True,0.5295828775680435
4at7__A1_Q9CXY6--4at7__B1_Q9Z1X4,5,5,2,3,0.4457990343442974,92.6875,True,0.5429520526812555
4at7__A1_Q9CXY6--4at7__B1_Q9Z1X4,6,1,3,3,0.4514545531129593,92.6875,True,0.5870113813460686
4at7__A1_Q9CXY6--4at7__B1_Q9Z1X4,7,4,1,3,0.4391072478315747,92.625,True,0.4799081792803406
4at7__A1_Q9CXY6--4at7__B1_Q9Z1X4,8,5,0,3,0.4471276088605274,92.625,True,0.5249003727273618
4at7__A1_Q9CXY6--4at7__B1_Q9Z1X4,9,5,1,3,0.4366464379011583,92.625,True,0.520941335919478
4at7__A1_Q9CXY6--4at7__B1_Q9Z1X4,10,3,2,3,0.4373312075793613,92.625,True,0.4691185758621264
4at7__A1_Q9CXY6--4at7__B1_Q9Z1X4,11,1,1,3,0.4509785897268172,92.5625,True,0.5405447715769377
4at7__A1_Q9CXY6--4at7__B1_Q9Z1X4,12,4,2,3,0.4370780935183406,92.5625,True,0.48342839550287164
4at7__A1_Q9CXY6--4at7__B1_Q9Z1X4,13,4,0,3,0.4341256215506066,92.5625,True,0.5014208215297895
4at7__A1_Q9CXY6--4at7__B1_Q9Z1X4,14,2,2,3,0.4540319983412419,92.5,True,0.48071564558164986
4at7__A1_Q9CXY6--4at7__B1_Q9Z1X4,15,3,0,3,0.4424084853535188,92.5,True,0.4198726503078063
4at7__A1_Q9CXY6--4at7__B1_Q9Z1X4,16,2,1,3,0.4740850810323976,92.4375,True,0.4844365413746275
4at7__A1_Q9CXY6--4at7__B1_Q9Z1X4,17,2,3,3,0.4534014354323627,92.4375,True,0.452299242060357
4at7__A1_Q9CXY6--4at7__B1_Q9Z1X4,18,3,3,3,0.4379812282447952,92.375,True,0.4028603752249738
4at7__A1_Q9CXY6--4at7__B1_Q9Z1X4,19,3,1,3,0.4430912381011208,92.375,True,0.459478014157141
4at7__A1_Q9CXY6--4at7__B1_Q9Z1X4,20,2,0,3,0.4651682815633111,92.3125,True,0.4396891411210583
4ayn__A1_C6KHT4--4ayn__B1_C6KHT4,1,2,3,4,0.062907243225013,38.625,False,0.6287323427945517
4ayn__A1_C6KHT4--4ayn__B1_C6KHT4,2,2,2,4,0.0588985398280982,38.125,False,0.6175855953146634
4ayn__A1_C6KHT4--4ayn__B1_C6KHT4,3,2,1,4,0.0584648945209305,36.375,False,0.5909332787966686
4ayn__A1_C6KHT4--4ayn__B1_C6KHT4,4,2,0,4,0.060425611453992,34.78125,False,0.5680872990597926
4ayn__A1_C6KHT4--4ayn__B1_C6KHT4,5,3,1,4,0.1649824217791204,34.09375,False,0.5792602007299396
4ayn__A1_C6KHT4--4ayn__B1_C6KHT4,6,5,3,4,0.1259057262042855,33.78125,False,0.5308721166611184
4ayn__A1_C6KHT4--4ayn__B1_C6KHT4,7,4,1,4,0.1479054231358456,33.65625,False,0.5125365932811092
4ayn__A1_C6KHT4--4ayn__B1_C6KHT4,8,4,2,4,0.0430968839588199,33.375,False,0.4988612214793002
4ayn__A1_C6KHT4--4ayn__B1_C6KHT4,9,5,1,4,0.0621606281083362,33.3125,False,0.5463557337994481
4ayn__A1_C6KHT4--4ayn__B1_C6KHT4,10,5,0,4,0.1864297312542964,33.0,False,0.5158294131214891
4ayn__A1_C6KHT4--4ayn__B1_C6KHT4,11,3,0,4,0.2313338790437963,32.65625,True,0.5150802157612904
4ayn__A1_C6KHT4--4ayn__B1_C6KHT4,12,5,2,4,0.128673631733048,32.4375,False,0.4706986637740629
4ayn__A1_C6KHT4--4ayn__B1_C6KHT4,13,4,0,4,0.0539387361992919,32.4375,False,0.44499610841298554
4ayn__A1_C6KHT4--4ayn__B1_C6KHT4,14,3,2,4,0.1224931858752127,32.375,False,0.49215357366557677
4ayn__A1_C6KHT4--4ayn__B1_C6KHT4,15,4,3,4,0.1326921473922093,32.34375,False,0.4765170720408813
4ayn__A1_C6KHT4--4ayn__B1_C6KHT4,16,1,2,4,0.0537783187266029,31.671875,False,0.407005456503117
4ayn__A1_C6KHT4--4ayn__B1_C6KHT4,17,3,3,4,0.0457592005434409,30.96875,False,0.4575179696054714
4ayn__A1_C6KHT4--4ayn__B1_C6KHT4,18,1,1,4,0.0542963045393616,30.90625,False,0.38973962302786974
4ayn__A1_C6KHT4--4ayn__B1_C6KHT4,19,1,0,4,0.0527505172392655,30.5,False,0.43437386898737634
4ayn__A1_C6KHT4--4ayn__B1_C6KHT4,20,1,3,4,0.0519508499824435,29.59375,False,0.3997961626353593
4bi8__B1_S4S1W1--4bi8__A1_S4S1W3,1,2,2,2,0.948938341533374,92.375,True,0.6230287144243065
4bi8__B1_S4S1W1--4bi8__A1_S4S1W3,2,2,3,2,0.9363421145456828,92.25,True,0.6115736109422036
4bi8__B1_S4S1W1--4bi8__A1_S4S1W3,3,2,0,2,0.941313501433296,91.9375,True,0.5798799280679862
4bi8__B1_S4S1W1--4bi8__A1_S4S1W3,4,2,1,2,0.948215772694494,91.875,True,0.5829469095651404
4bi8__B1_S4S1W1--4bi8__A1_S4S1W3,5,4,3,2,0.9217913085229874,91.875,True,0.5475746466672113
4bi8__B1_S4S1W1--4bi8__A1_S4S1W3,6,5,3,2,0.9291502431494328,91.75,True,0.5472911726959683
4bi8__B1_S4S1W1--4bi8__A1_S4S1W3,7,1,2,2,0.9132388474911822,91.75,True,0.5440863858666026
4bi8__B1_S4S1W1--4bi8__A1_S4S1W3,8,1,0,2,0.9013908193919574,91.75,True,0.5314912402853966
4bi8__B1_S4S1W1--4bi8__A1_S4S1W3,9,4,1,2,0.9154619331673948,91.6875,True,0.5538406757398363
4bi8__B1_S4S1W1--4bi8__A1_S4S1W3,10,1,3,2,0.9163042627295478,91.625,True,0.5158936521850206
4bi8__B1_S4S1W1--4bi8__A1_S4S1W3,11,1,1,2,0.8998570943949801,91.5,True,0.4700548776681216
4bi8__B1_S4S1W1--4bi8__A1_S4S1W3,12,4,2,2,0.9146619170273323,91.375,True,0.49727375573248084
4bi8__B1_S4S1W1--4bi8__A1_S4S1W3,13,3,3,2,0.9383276521469326,91.375,True,0.5030516393405615
4bi8__B1_S4S1W1--4bi8__A1_S4S1W3,14,5,2,2,0.9133984395240446,91.3125,True,0.4959862686769036
4bi8__B1_S4S1W1--4bi8__A1_S4S1W3,15,4,0,2,0.9059700343297308,91.25,True,0.44889544824823324
4bi8__B1_S4S1W1--4bi8__A1_S4S1W3,16,5,1,2,0.9136807356331164,91.1875,True,0.46339437497085784
4bi8__B1_S4S1W1--4bi8__A1_S4S1W3,17,3,0,2,0.9297237420904318,91.125,True,0.44544553912030777
4bi8__B1_S4S1W1--4bi8__A1_S4S1W3,18,3,1,2,0.9323601365876965,91.0,True,0.4191573412121026
4bi8__B1_S4S1W1--4bi8__A1_S4S1W3,19,5,0,2,0.9137189334149703,90.875,True,0.42340881823053433
4bi8__B1_S4S1W1--4bi8__A1_S4S1W3,20,3,2,2,0.927984361079178,90.4375,True,0.4010142850970486
4bjn__A1_Q2MV52--4bjn__B1_Q2MV52,1,3,0,0,0.7970177171725612,86.5,True,0.6305637859732365
4bjn__A1_Q2MV52--4bjn__B1_Q2MV52,2,1,0,0,0.5984603738319204,84.5625,True,0.6182114004128612
4bjn__A1_Q2MV52--4bjn__B1_Q2MV52,3,4,3,0,0.539908547035695,82.875,True,0.6081730581998588
4bjn__A1_Q2MV52--4bjn__B1_Q2MV52,4,1,1,0,0.0579968060732523,81.125,False,0.5905571860047074
4bjn__A1_Q2MV52--4bjn__B1_Q2MV52,5,5,2,0,0.0575741512331811,73.9375,False,0.5802853814554461
4bjn__A1_Q2MV52--4bjn__B1_Q2MV52,6,3,2,0,0.0573654433227435,73.4375,False,0.5648569139490001
4bjn__A1_Q2MV52--4bjn__B1_Q2MV52,7,4,0,0,0.1361833025213912,71.4375,False,0.5470611180934043
4bjn__A1_Q2MV52--4bjn__B1_Q2MV52,8,4,2,0,0.0638489560612922,68.1875,False,0.5539012234921081
4bjn__A1_Q2MV52--4bjn__B1_Q2MV52,9,5,0,0,0.0559285569672447,62.78125,False,0.5089734648788046
4bjn__A1_Q2MV52--4bjn__B1_Q2MV52,10,4,1,0,0.2136322832965138,60.3125,False,0.5210955533316347
4bjn__A1_Q2MV52--4bjn__B1_Q2MV52,11,5,1,0,0.137782718087246,57.03125,False,0.4818930703722473
4bjn__A1_Q2MV52--4bjn__B1_Q2MV52,12,5,3,0,0.0574026223995459,56.84375,False,0.5096459201464355
4bjn__A1_Q2MV52--4bjn__B1_Q2MV52,13,3,3,0,0.0595261263357425,50.90625,False,0.4856872570827517
4bjn__A1_Q2MV52--4bjn__B1_Q2MV52,14,2,0,0,0.0597287009654541,33.09375,False,0.4530748263596845
4bjn__A1_Q2MV52--4bjn__B1_Q2MV52,15,1,2,0,0.0863314641329644,32.3125,False,0.45428761060291517
4bjn__A1_Q2MV52--4bjn__B1_Q2MV52,16,1,3,0,0.1479931128514053,31.484375,False,0.4256119231083134
4bjn__A1_Q2MV52--4bjn__B1_Q2MV52,17,2,3,0,0.0892829366294831,31.203125,False,0.4306323423434816
4bjn__A1_Q2MV52--4bjn__B1_Q2MV52,18,3,1,0,0.3750047192350063,29.59375,True,0.4114946821478822
4bjn__A1_Q2MV52--4bjn__B1_Q2MV52,19,2,1,0,0.198004230759905,27.421875,False,0.40181720324267667
4bjn__A1_Q2MV52--4bjn__B1_Q2MV52,20,2,2,0,0.0474710475038571,25.140625,False,0.38923099764302305
4bou__A1_Q5T2D3--4bou__A2_Q5T2D3,1,1,1,1,0.6316043515605312,51.4375,True,0.6244873582878557
4bou__A1_Q5T2D3--4bou__A2_Q5T2D3,2,1,2,1,0.6111754299493977,48.34375,True,0.6091835378095328
4bou__A1_Q5T2D3--4bou__A2_Q5T2D3,3,1,3,1,0.5901954279567432,44.75,True,0.6039111472615639
4bou__A1_Q5T2D3--4bou__A2_Q5T2D3,4,1,0,1,0.5938914143466661,43.125,True,0.5883215631985332
4bou__A1_Q5T2D3--4bou__A2_Q5T2D3,5,2,2,1,0.5623851943159015,41.625,True,0.5760295448860158
4bou__A1_Q5T2D3--4bou__A2_Q5T2D3,6,4,3,1,0.6691719527019355,37.90625,True,0.5636427251079057
4bou__A1_Q5T2D3--4bou__A2_Q5T2D3,7,2,1,1,0.584846607935457,37.375,True,0.5461628968807438
4bou__A1_Q5T2D3--4bou__A2_Q5T2D3,8,5,3,1,0.4423131563663728,34.34375,True,0.543671362387171
4bou__A1_Q5T2D3--4bou__A2_Q5T2D3,9,4,2,1,0.1094865195697821,27.875,False,0.5260642059210914
4bou__A1_Q5T2D3--4bou__A2_Q5T2D3,10,2,3,1,0.5130538104183626,26.171875,True,0.47520568010067726
4bou__A1_Q5T2D3--4bou__A2_Q5T2D3,11,5,2,1,0.3311297637587546,26.0625,True,0.4981467565870458
4bou__A1_Q5T2D3--4bou__A2_Q5T2D3,12,4,1,1,0.2698297174104658,26.03125,True,0.4967901893806036
4bou__A1_Q5T2D3--4bou__A2_Q5T2D3,13,5,0,1,0.5344572098377679,25.421875,True,0.48078552163614513
4bou__A1_Q5T2D3--4bou__A2_Q5T2D3,14,4,0,1,0.1943984783708524,24.328125,False,0.4763956050312292
4bou__A1_Q5T2D3--4bou__A2_Q5T2D3,15,2,0,1,0.5094501144402837,23.171875,True,0.44692923381089295
4bou__A1_Q5T2D3--4bou__A2_Q5T2D3,16,5,1,1,0.0947886074434714,21.0625,False,0.4429604308319658
4bou__A1_Q5T2D3--4bou__A2_Q5T2D3,17,3,2,1,0.2000638969264797,18.75,False,0.4255057080233516
4bou__A1_Q5T2D3--4bou__A2_Q5T2D3,18,3,3,1,0.1668091050444423,18.21875,False,0.41013371199316945
4bou__A1_Q5T2D3--4bou__A2_Q5T2D3,19,3,1,1,0.1965866571236752,17.5625,False,0.4100466456153508
4bou__A1_Q5T2D3--4bou__A2_Q5T2D3,20,3,0,1,0.1015228879070849,17.34375,False,0.39484928706346223
4bry__A1_O75496--4bry__B1_D6RGH6,1,1,0,1,0.6173584304476837,78.125,True,0.600818890953858
4bry__A1_O75496--4bry__B1_D6RGH6,2,1,2,1,0.6102650710437167,78.0625,True,0.6107876896155554
4bry__A1_O75496--4bry__B1_D6RGH6,3,1,1,1,0.6185088840063456,78.0,True,0.5899747346214342
4bry__A1_O75496--4bry__B1_D6RGH6,4,1,3,1,0.6089080430441983,78.0,True,0.6031797588090998
4bry__A1_O75496--4bry__B1_D6RGH6,5,2,0,1,0.6395805496333357,77.6875,True,0.5733859091172485
4bry__A1_O75496--4bry__B1_D6RGH6,6,2,2,1,0.625069349378634,77.6875,True,0.5842657310319177
4bry__A1_O75496--4bry__B1_D6RGH6,7,2,1,1,0.6336807799129011,77.375,True,0.535474804325908
4bry__A1_O75496--4bry__B1_D6RGH6,8,2,3,1,0.62946634733542,77.3125,True,0.5387550250151641
4bry__A1_O75496--4bry__B1_D6RGH6,9,4,2,1,0.6107222852870299,76.3125,True,0.5381683268045875
4bry__A1_O75496--4bry__B1_D6RGH6,10,4,0,1,0.6221361255457708,76.0625,True,0.5220390877775477
4bry__A1_O75496--4bry__B1_D6RGH6,11,4,3,1,0.617516843158261,75.9375,True,0.49763673236997286
4bry__A1_O75496--4bry__B1_D6RGH6,12,4,1,1,0.6231197557589635,75.75,True,0.4928583331687206
4bry__A1_O75496--4bry__B1_D6RGH6,13,5,2,1,0.6034107365050199,74.9375,True,0.4740863670602001
4bry__A1_O75496--4bry__B1_D6RGH6,14,5,0,1,0.603494606594177,74.4375,True,0.46187548108214466
4bry__A1_O75496--4bry__B1_D6RGH6,15,5,3,1,0.5975499549659236,73.75,True,0.44656126026450527
4bry__A1_O75496--4bry__B1_D6RGH6,16,5,1,1,0.5989319944180497,73.4375,True,0.4418419454754785
4bry__A1_O75496--4bry__B1_D6RGH6,17,3,2,1,0.65393620457846,72.0,True,0.42557309831300555
4bry__A1_O75496--4bry__B1_D6RGH6,18,3,0,1,0.6532572361615929,71.6875,True,0.4101800064213188
4bry__A1_O75496--4bry__B1_D6RGH6,19,3,1,1,0.6499693959459352,71.4375,True,0.4041365335049541
4bry__A1_O75496--4bry__B1_D6RGH6,20,3,3,1,0.6505541785701124,70.9375,True,0.38899374084502214
4bvx__A1_P56192--4bvx__B1_O43324,1,2,0,1,0.8272723131457278,94.0625,True,0.6218469664175358
4bvx__A1_P56192--4bvx__B1_O43324,2,2,3,1,0.8298925123087927,94.0,True,0.5748019576127109
4bvx__A1_P56192--4bvx__B1_O43324,3,2,1,1,0.8317515312909025,94.0,True,0.6038597908428516
4bvx__A1_P56192--4bvx__B1_O43324,4,5,3,1,0.8277060569448534,93.875,True,0.5523990071791764
4bvx__A1_P56192--4bvx__B1_O43324,5,5,2,1,0.8296438150215327,93.875,True,0.5249696961626014
4bvx__A1_P56192--4bvx__B1_O43324,6,5,1,1,0.8281187881643469,93.875,True,0.5736643002598149
4bvx__A1_P56192--4bvx__B1_O43324,7,2,2,1,0.8250929387726265,93.8125,True,0.5097852645821971
4bvx__A1_P56192--4bvx__B1_O43324,8,1,1,1,0.8347242678559471,93.8125,True,0.5700799360732405
4bvx__A1_P56192--4bvx__B1_O43324,9,5,0,1,0.8234121398767087,93.75,True,0.5084708390796266
4bvx__A1_P56192--4bvx__B1_O43324,10,1,2,1,0.8167852912117208,93.6875,True,0.4970956383029492
4bvx__A1_P56192--4bvx__B1_O43324,11,1,3,1,0.8306464308702021,93.6875,True,0.5298614701343015
4bvx__A1_P56192--4bvx__B1_O43324,12,1,0,1,0.824482218671418,93.6875,True,0.47494596554083174
4bvx__A1_P56192--4bvx__B1_O43324,13,4,2,1,0.8552904652986227,93.625,True,0.5046854662744532
4bvx__A1_P56192--4bvx__B1_O43324,14,4,1,1,0.8562147401948002,93.625,True,0.4840489708555694
4bvx__A1_P56192--4bvx__B1_O43324,15,3,0,1,0.8501407161012638,93.625,True,0.47807089926686036
4bvx__A1_P56192--4bvx__B1_O43324,16,3,3,1,0.8546783646469209,93.625,True,0.4627584550584342
4bvx__A1_P56192--4bvx__B1_O43324,17,3,2,1,0.8497545340863706,93.5625,True,0.4271948368630582
4bvx__A1_P56192--4bvx__B1_O43324,18,4,3,1,0.8479024617125527,93.5625,True,0.4409249317536303
4bvx__A1_P56192--4bvx__B1_O43324,19,3,1,1,0.8502715495221612,93.5625,True,0.4070101076472765
4bvx__A1_P56192--4bvx__B1_O43324,20,4,0,1,0.859616674809864,93.5,True,0.3940391739651913
4cbv__D1_Q79CK7--4cbv__C1_Q79CK7,1,4,2,0,0.1973919029482123,57.59375,False,0.5845045608368711
4cbv__D1_Q79CK7--4cbv__C1_Q79CK7,2,3,1,0,0.1938058720981028,56.8125,False,0.5539471412805846
4cbv__D1_Q79CK7--4cbv__C1_Q79CK7,3,1,3,0,0.2009604689891492,56.75,False,0.5378078722521865
4cbv__D1_Q79CK7--4cbv__C1_Q79CK7,4,5,1,0,0.2170468204068968,56.6875,False,0.6054351538737547
4cbv__D1_Q79CK7--4cbv__C1_Q79CK7,5,1,1,0,0.1903332596473854,56.6875,False,0.5431707980526597
4cbv__D1_Q79CK7--4cbv__C1_Q79CK7,6,1,2,0,0.2081605014697869,56.3125,False,0.4457827858029499
4cbv__D1_Q79CK7--4cbv__C1_Q79CK7,7,1,0,0,0.1949367692964835,56.3125,False,0.46523373714250565
4cbv__D1_Q79CK7--4cbv__C1_Q79CK7,8,2,1,0,0.1944129433281503,56.21875,False,0.5463746595007273
4cbv__D1_Q79CK7--4cbv__C1_Q79CK7,9,4,0,0,0.2031031922108632,56.15625,False,0.5517606109055291
4cbv__D1_Q79CK7--4cbv__C1_Q79CK7,10,4,1,0,0.2014742801452794,56.125,False,0.535492468775259
4cbv__D1_Q79CK7--4cbv__C1_Q79CK7,11,3,2,0,0.1916246019002472,56.03125,False,0.5118206006159967
4cbv__D1_Q79CK7--4cbv__C1_Q79CK7,12,5,3,0,0.204558791724975,55.84375,False,0.5444964279203537
4cbv__D1_Q79CK7--4cbv__C1_Q79CK7,13,4,3,0,0.1966585748310304,55.8125,False,0.501716438416852
4cbv__D1_Q79CK7--4cbv__C1_Q79CK7,14,2,3,0,0.1953398702247256,55.65625,False,0.49840316755665837
4cbv__D1_Q79CK7--4cbv__C1_Q79CK7,15,2,2,0,0.2047522097778202,55.5,False,0.4894444133826649
4cbv__D1_Q79CK7--4cbv__C1_Q79CK7,16,2,0,0,0.2038769963982232,55.34375,False,0.4866780982855288
4cbv__D1_Q79CK7--4cbv__C1_Q79CK7,17,5,0,0,0.2208461498513912,55.3125,False,0.4672883529915286
4cbv__D1_Q79CK7--4cbv__C1_Q79CK7,18,3,0,0,0.1999605560937253,55.21875,False,0.44670555581987925
4cbv__D1_Q79CK7--4cbv__C1_Q79CK7,19,5,2,0,0.2083558039082308,54.46875,False,0.427911273220656
4cbv__D1_Q79CK7--4cbv__C1_Q79CK7,20,3,3,0,0.184147905513486,54.125,False,0.425522816611661
4cfg__A1_Q14258--4cfg__B1_Q14258,1,1,0,2,0.5715059669686148,62.46875,True,0.6154558395453879
4cfg__A1_Q14258--4cfg__B1_Q14258,2,1,2,2,0.5773649532108361,62.4375,True,0.5857970170352234
4cfg__A1_Q14258--4cfg__B1_Q14258,3,1,3,2,0.5724483530783558,62.375,True,0.6013380690626668
4cfg__A1_Q14258--4cfg__B1_Q14258,4,3,2,2,0.5825852591945603,61.875,True,0.593091659503064
4cfg__A1_Q14258--4cfg__B1_Q14258,5,1,1,2,0.588422894744244,61.6875,True,0.5754140147033405
4cfg__A1_Q14258--4cfg__B1_Q14258,6,4,2,2,0.5935962169955479,61.21875,True,0.5543418887425969
4cfg__A1_Q14258--4cfg__B1_Q14258,7,5,3,2,0.6066960352980458,61.0,True,0.5477142265459106
4cfg__A1_Q14258--4cfg__B1_Q14258,8,3,3,2,0.5707949259813403,60.3125,True,0.5571341651458599
4cfg__A1_Q14258--4cfg__B1_Q14258,9,5,2,2,0.5979112385070794,60.09375,True,0.5273638545493822
4cfg__A1_Q14258--4cfg__B1_Q14258,10,5,0,2,0.6034652927500428,59.90625,True,0.5405723975259918
4cfg__A1_Q14258--4cfg__B1_Q14258,11,2,1,2,0.5912799719020737,58.71875,True,0.4895623013822022
4cfg__A1_Q14258--4cfg__B1_Q14258,12,5,1,2,0.6145842056202736,58.09375,True,0.5070678494217006
4cfg__A1_Q14258--4cfg__B1_Q14258,13,2,0,2,0.6021002824952952,57.21875,True,0.48510990094896383
4cfg__A1_Q14258--4cfg__B1_Q14258,14,2,3,2,0.6076537621164729,56.9375,True,0.46822932221709285
4cfg__A1_Q14258--4cfg__B1_Q14258,15,4,1,2,0.5679431368990088,55.8125,True,0.4514376560605582
4cfg__A1_Q14258--4cfg__B1_Q14258,16,2,2,2,0.3094978430364052,54.8125,True,0.4293468389436955
4cfg__A1_Q14258--4cfg__B1_Q14258,17,4,0,2,0.568972278535637,52.8125,True,0.4331149638809991
4cfg__A1_Q14258--4cfg__B1_Q14258,18,4,3,2,0.4449513920538698,52.625,True,0.4169448412792268
4cfg__A1_Q14258--4cfg__B1_Q14258,19,3,1,2,0.2056371194762817,51.5625,False,0.4256305793654736
4cfg__A1_Q14258--4cfg__B1_Q14258,20,3,0,2,0.2278929532970219,49.15625,False,0.4010142850970486
4dex__A1_P54288--4dex__B1_Q02294,1,4,3,3,0.5871983079484837,87.5,True,0.5882935041063233
4dex__A1_P54288--4dex__B1_Q02294,2,3,2,3,0.5820751923637181,87.375,True,0.59384891141002
4dex__A1_P54288--4dex__B1_Q02294,3,4,1,3,0.5949289803162042,87.375,True,0.5851687643774424
4dex__A1_P54288--4dex__B1_Q02294,4,3,0,3,0.5798992389533851,87.25,True,0.5702276422320318
4dex__A1_P54288--4dex__B1_Q02294,5,5,3,3,0.5688228715081552,86.9375,True,0.5726703018314198
4dex__A1_P54288--4dex__B1_Q02294,6,5,2,3,0.571424164790879,86.75,True,0.5296144671639927
4dex__A1_P54288--4dex__B1_Q02294,7,4,2,3,0.597005875470114,86.5625,True,0.5881481000713049
4dex__A1_P54288--4dex__B1_Q02294,8,4,0,3,0.5888588650974503,86.375,True,0.5232065920048349
4dex__A1_P54288--4dex__B1_Q02294,9,3,3,3,0.5793861084536699,86.3125,True,0.5154499680478276
4dex__A1_P54288--4dex__B1_Q02294,10,5,1,3,0.5719952313870266,86.25,True,0.552236159055402
4dex__A1_P54288--4dex__B1_Q02294,11,5,0,3,0.5736726536828592,86.0,True,0.5056326094430704
4dex__A1_P54288--4dex__B1_Q02294,12,3,1,3,0.5754309693410041,84.9375,True,0.5214297698610106
4dex__A1_P54288--4dex__B1_Q02294,13,2,2,3,0.5966937943600695,83.4375,True,0.46247346569644465
4dex__A1_P54288--4dex__B1_Q02294,14,2,3,3,0.5893051673602723,82.625,True,0.4704451620664319
4dex__A1_P54288--4dex__B1_Q02294,15,2,1,3,0.5917425624657057,81.8125,True,0.4437060800067774
4dex__A1_P54288--4dex__B1_Q02294,16,2,0,3,0.5920640259981497,81.625,True,0.45452786574847037
4dex__A1_P54288--4dex__B1_Q02294,17,1,3,3,0.5979570466627643,80.9375,True,0.4429613019674784
4dex__A1_P54288--4dex__B1_Q02294,18,1,0,3,0.5872989633463869,80.625,True,0.420118988573662
4dex__A1_P54288--4dex__B1_Q02294,19,1,1,3,0.6041964757263786,80.375,True,0.4207518663939954
4dex__A1_P54288--4dex__B1_Q02294,20,1,2,3,0.5894376571990948,78.6875,True,0.39073127273246866
4dri__A1_Q13451--4dri__B1_P42345,1,4,1,0,0.084593752714466,27.546875,False,0.6257407729716505
4dri__A1_Q13451--4dri__B1_P42345,2,1,0,0,0.0206039735562416,27.515625,False,0.5984150144872269
4dri__A1_Q13451--4dri__B1_P42345,3,4,2,0,0.1638789271125905,26.390625,False,0.5965790952836947
4dri__A1_Q13451--4dri__B1_P42345,4,4,3,0,0.2160361890956633,26.234375,False,0.5386103322135251
4dri__A1_Q13451--4dri__B1_P42345,5,4,0,0,0.07843580074597,26.109375,False,0.571849618965725
4dri__A1_Q13451--4dri__B1_P42345,6,2,0,0,0.0205310746336907,25.46875,False,0.5784235081575508
4dri__A1_Q13451--4dri__B1_P42345,7,1,1,0,0.0246513114209614,23.28125,False,0.5356835715961866
4dri__A1_Q13451--4dri__B1_P42345,8,1,3,0,0.0256969544161866,23.03125,False,0.5142029006242471
4dri__A1_Q13451--4dri__B1_P42345,9,2,3,0,0.0168047877682925,22.578125,False,0.4559463723806126
4dri__A1_Q13451--4dri__B1_P42345,10,1,2,0,0.0263926462683779,22.46875,False,0.5079680757737651
4dri__A1_Q13451--4dri__B1_P42345,11,3,2,0,0.2481883155559831,22.359375,True,0.5167216797041171
4dri__A1_Q13451--4dri__B1_P42345,12,3,3,0,0.0458516755432447,22.3125,False,0.5069836458158068
4dri__A1_Q13451--4dri__B1_P42345,13,3,1,0,0.080978140923582,22.1875,False,0.510660671251607
4dri__A1_Q13451--4dri__B1_P42345,14,2,1,0,0.0605831975597705,21.953125,False,0.46350629347558747
4dri__A1_Q13451--4dri__B1_P42345,15,3,0,0,0.0745111831027027,21.9375,False,0.5075005609288682
4dri__A1_Q13451--4dri__B1_P42345,16,2,2,0,0.055089223273955,21.296875,False,0.4083368327369143
4dri__A1_Q13451--4dri__B1_P42345,17,5,2,0,0.0539733752374576,20.609375,False,0.4512890377581377
4dri__A1_Q13451--4dri__B1_P42345,18,5,3,0,0.0566209803366359,20.234375,False,0.42516265672404097
4dri__A1_Q13451--4dri__B1_P42345,19,5,0,0,0.0762054551132085,19.453125,False,0.43841680488661666
4dri__A1_Q13451--4dri__B1_P42345,20,5,1,0,0.0780189263553094,19.375,False,0.4157105329939494
4e6w__B1_A0A0H2V8D3--4e6w__A1_A0A0H2V8D3,1,3,0,2,0.0535746168619866,69.4375,False,0.6230287144243065
4e6w__B1_A0A0H2V8D3--4e6w__A1_A0A0H2V8D3,2,3,3,2,0.089458661781608,58.03125,False,0.6115736109422036
4e6w__B1_A0A0H2V8D3--4e6w__A1_A0A0H2V8D3,3,4,0,2,0.0107525601522804,52.5,False,0.5946704827010498
4e6w__B1_A0A0H2V8D3--4e6w__A1_A0A0H2V8D3,4,3,2,2,0.0641005431599518,50.90625,False,0.5920038392323527
4e6w__B1_A0A0H2V8D3--4e6w__A1_A0A0H2V8D3,5,3,1,2,0.059342057149223,48.125,False,0.5781737335475418
4e6w__B1_A0A0H2V8D3--4e6w__A1_A0A0H2V8D3,6,5,2,2,0.1323662733850535,39.5625,False,0.5646274138961219
4e6w__B1_A0A0H2V8D3--4e6w__A1_A0A0H2V8D3,7,5,0,2,0.1392277017885748,36.5625,False,0.5522104032746631
4e6w__B1_A0A0H2V8D3--4e6w__A1_A0A0H2V8D3,8,5,1,2,0.1591375739320595,35.46875,False,0.5356699060288934
4e6w__B1_A0A0H2V8D3--4e6w__A1_A0A0H2V8D3,9,5,3,2,0.1215423268874452,34.9375,False,0.5340501969357542
4e6w__B1_A0A0H2V8D3--4e6w__A1_A0A0H2V8D3,10,2,3,2,0.0570634058381983,31.984375,False,0.5194579478524617
4e6w__B1_A0A0H2V8D3--4e6w__A1_A0A0H2V8D3,11,1,1,2,0.0621923004030852,30.296875,False,0.48023746302139
4e6w__B1_A0A0H2V8D3--4e6w__A1_A0A0H2V8D3,12,2,1,2,0.0613240337585476,30.140625,False,0.4984549613410859
4e6w__B1_A0A0H2V8D3--4e6w__A1_A0A0H2V8D3,13,1,3,2,0.0596266631537163,29.78125,False,0.4626312624871022
4e6w__B1_A0A0H2V8D3--4e6w__A1_A0A0H2V8D3,14,1,2,2,0.0406218890069463,29.390625,False,0.45213877530725266
4e6w__B1_A0A0H2V8D3--4e6w__A1_A0A0H2V8D3,15,2,2,2,0.0653647455093496,29.265625,False,0.46918514840222003
4e6w__B1_A0A0H2V8D3--4e6w__A1_A0A0H2V8D3,16,2,0,2,0.1119740366961479,28.140625,False,0.45653926279902923
4e6w__B1_A0A0H2V8D3--4e6w__A1_A0A0H2V8D3,17,4,1,2,0.0678448480865134,27.859375,False,0.4439491547521874
4e6w__B1_A0A0H2V8D3--4e6w__A1_A0A0H2V8D3,18,1,0,2,0.0448447258005702,27.578125,False,0.4098877140607339
4e6w__B1_A0A0H2V8D3--4e6w__A1_A0A0H2V8D3,19,4,3,2,0.0334585657189885,25.171875,False,0.42330977988030083
4e6w__B1_A0A0H2V8D3--4e6w__A1_A0A0H2V8D3,20,4,2,2,0.0237991802349381,23.34375,False,0.40241007772093845
4emo__D1_Q9H0F6--4emo__A1_Q9H0F6,1,3,3,1,0.1510200350473439,45.1875,False,0.6244873582878557
4emo__D1_Q9H0F6--4emo__A1_Q9H0F6,2,4,3,1,0.1701107948875545,40.28125,False,0.6132704870522737
4emo__D1_Q9H0F6--4emo__A1_Q9H0F6,3,2,1,1,0.1913834158946275,37.03125,False,0.6001471526720148
4emo__D1_Q9H0F6--4emo__A1_Q9H0F6,4,1,3,1,0.0138228641453585,35.3125,False,0.5841497382647179
4emo__D1_Q9H0F6--4emo__A1_Q9H0F6,5,2,3,1,0.3447364544178326,33.53125,True,0.5320953670657947
4emo__D1_Q9H0F6--4emo__A1_Q9H0F6,6,5,2,1,0.3532036091167582,32.875,True,0.5302395115808368
4emo__D1_Q9H0F6--4emo__A1_Q9H0F6,7,5,0,1,0.1231558601312966,32.875,False,0.5478128355242028
4emo__D1_Q9H0F6--4emo__A1_Q9H0F6,8,5,1,1,0.1273861188222833,32.65625,False,0.5020181111930869
4emo__D1_Q9H0F6--4emo__A1_Q9H0F6,9,3,1,1,0.106225142368595,32.40625,False,0.571492159250847
4emo__D1_Q9H0F6--4emo__A1_Q9H0F6,10,1,1,1,0.0141646232145122,31.859375,False,0.547743109528645
4emo__D1_Q9H0F6--4emo__A1_Q9H0F6,11,4,1,1,0.1009034801647435,31.78125,False,0.48890684493089237
4emo__D1_Q9H0F6--4emo__A1_Q9H0F6,12,3,0,1,0.1418872318626247,31.15625,False,0.5234380013321945
4emo__D1_Q9H0F6--4emo__A1_Q9H0F6,13,2,0,1,0.3719723547368179,30.28125,True,0.4517062862014139
4emo__D1_Q9H0F6--4emo__A1_Q9H0F6,14,1,0,1,0.014150651529659,30.234375,False,0.48183863284337974
4emo__D1_Q9H0F6--4emo__A1_Q9H0F6,15,5,3,1,0.1317057693669004,29.3125,False,0.45344754688001404
4emo__D1_Q9H0F6--4emo__A1_Q9H0F6,16,2,2,1,0.3372857686994528,28.203125,True,0.42876019603239607
4emo__D1_Q9H0F6--4emo__A1_Q9H0F6,17,1,2,1,0.0145657144690317,27.390625,False,0.44451106913343746
4emo__D1_Q9H0F6--4emo__A1_Q9H0F6,18,3,2,1,0.1449262129353822,25.609375,False,0.42368880544742266
4emo__D1_Q9H0F6--4emo__A1_Q9H0F6,19,4,0,1,0.1134898881130715,19.78125,False,0.40070447064464365
4emo__D1_Q9H0F6--4emo__A1_Q9H0F6,20,4,2,1,0.1587855451218095,18.0625,False,0.3893557053243922
4eog__A1_UNDEFINED--4eog__A2_UNDEFINED,1,3,2,0,0.6403107115674226,89.375,True,0.6298483841614618
4eog__A1_UNDEFINED--4eog__A2_UNDEFINED,2,4,3,0,0.6348892991971072,89.0,True,0.607974779522384
4eog__A1_UNDEFINED--4eog__A2_UNDEFINED,3,3,3,0,0.6388894836145098,88.8125,True,0.6135318167811994
4eog__A1_UNDEFINED--4eog__A2_UNDEFINED,4,1,3,0,0.6328866218876169,88.4375,True,0.5923363995155171
4eog__A1_UNDEFINED--4eog__A2_UNDEFINED,5,4,1,0,0.642152830263483,88.3125,True,0.5686804279908733
4eog__A1_UNDEFINED--4eog__A2_UNDEFINED,6,2,2,0,0.6400483150404113,88.25,True,0.5364449365245709
4eog__A1_UNDEFINED--4eog__A2_UNDEFINED,7,1,1,0,0.6433766661417467,88.25,True,0.5561756599106057
4eog__A1_UNDEFINED--4eog__A2_UNDEFINED,8,2,0,0,0.6272784391625782,88.1875,True,0.5428977791594413
4eog__A1_UNDEFINED--4eog__A2_UNDEFINED,9,3,0,0,0.648088119270419,88.1875,True,0.546872511934354
4eog__A1_UNDEFINED--4eog__A2_UNDEFINED,10,4,2,0,0.6345824760404009,88.125,True,0.4945428156574597
4eog__A1_UNDEFINED--4eog__A2_UNDEFINED,11,1,2,0,0.6295007359760202,88.125,True,0.5368353580186519
4eog__A1_UNDEFINED--4eog__A2_UNDEFINED,12,3,1,0,0.6360386321873122,88.125,True,0.4801181133740482
4eog__A1_UNDEFINED--4eog__A2_UNDEFINED,13,1,0,0,0.6470293284581919,87.75,True,0.46203179222462976
4eog__A1_UNDEFINED--4eog__A2_UNDEFINED,14,2,1,0,0.6361202447889999,87.5625,True,0.4817352558941262
4eog__A1_UNDEFINED--4eog__A2_UNDEFINED,15,2,3,0,0.6295678054295821,87.375,True,0.4447051241379805
4eog__A1_UNDEFINED--4eog__A2_UNDEFINED,16,4,0,0,0.6369599587767159,87.25,True,0.4276981632331824
4eog__A1_UNDEFINED--4eog__A2_UNDEFINED,17,5,3,0,0.6366753919217203,87.1875,True,0.4454679074125871
4eog__A1_UNDEFINED--4eog__A2_UNDEFINED,18,5,1,0,0.6402205557262465,86.875,True,0.4157636744473723
4eog__A1_UNDEFINED--4eog__A2_UNDEFINED,19,5,2,0,0.6382538929918032,86.8125,True,0.40844380454910395
4eog__A1_UNDEFINED--4eog__A2_UNDEFINED,20,5,0,0,0.6394084174123655,86.625,True,0.3757700682925677
4fmm__B1_P53860--4fmm__A1_P53860,1,4,3,4,0.7108223628693366,83.5,True,0.6209876410925594
4fmm__B1_P53860--4fmm__A1_P53860,2,4,1,4,0.7029654169653922,82.8125,True,0.6238783377762147
4fmm__B1_P53860--4fmm__A1_P53860,3,1,1,4,0.6639503443062151,77.1875,True,0.5788133478984476
4fmm__B1_P53860--4fmm__A1_P53860,4,3,3,4,0.1703444318397655,73.875,False,0.5864453461144836
4fmm__B1_P53860--4fmm__A1_P53860,5,2,2,4,0.6818050229515794,73.8125,True,0.564645438853252
4fmm__B1_P53860--4fmm__A1_P53860,6,3,2,4,0.2606195091234689,73.3125,True,0.5617918070144617
4fmm__B1_P53860--4fmm__A1_P53860,7,3,0,4,0.1687241474642868,72.75,False,0.5577248687333488
4fmm__B1_P53860--4fmm__A1_P53860,8,3,1,4,0.1563978807234007,72.75,False,0.5505459700192317
4fmm__B1_P53860--4fmm__A1_P53860,9,2,3,4,0.6887195331997765,70.625,True,0.5082616600806777
4fmm__B1_P53860--4fmm__A1_P53860,10,2,0,4,0.6749786276654834,69.6875,True,0.4937466353210936
4fmm__B1_P53860--4fmm__A1_P53860,11,5,2,4,0.1814513313221285,69.375,False,0.5134080906388974
4fmm__B1_P53860--4fmm__A1_P53860,12,5,1,4,0.1462241132539101,69.0625,False,0.48541778181649214
4fmm__B1_P53860--4fmm__A1_P53860,13,1,2,4,0.6421697451619272,68.375,True,0.49138142657470807
4fmm__B1_P53860--4fmm__A1_P53860,14,1,0,4,0.6546590433252096,66.375,True,0.4573386822214764
4fmm__B1_P53860--4fmm__A1_P53860,15,5,3,4,0.1655842636599439,65.125,False,0.4583659244355956
4fmm__B1_P53860--4fmm__A1_P53860,16,4,2,4,0.5731406249683665,64.25,True,0.4257477886603849
4fmm__B1_P53860--4fmm__A1_P53860,17,1,3,4,0.5944954130278556,63.5625,True,0.4253979433270874
4fmm__B1_P53860--4fmm__A1_P53860,18,5,0,4,0.4314537747759736,58.125,True,0.4043259238105572
4fmm__B1_P53860--4fmm__A1_P53860,19,2,1,4,0.6711704723907644,53.90625,True,0.3911736002620764
4fmm__B1_P53860--4fmm__A1_P53860,20,4,0,4,0.6438651662675033,51.9375,True,0.3789747646421228
4fqb__B1_Q9I2Q0--4fqb__A1_Q9I2Q1,1,5,3,0,0.8773504640432751,92.1875,True,0.6266793907123351
4fqb__B1_Q9I2Q0--4fqb__A1_Q9I2Q1,2,4,0,0,0.8986503105095643,92.125,True,0.5777646916520394
4fqb__B1_Q9I2Q0--4fqb__A1_Q9I2Q1,3,4,2,0,0.912947743180752,92.125,True,0.5730315568501136
4fqb__B1_Q9I2Q0--4fqb__A1_Q9I2Q1,4,4,1,0,0.8947734748973586,91.875,True,0.5080839920031694
4fqb__B1_Q9I2Q0--4fqb__A1_Q9I2Q1,5,5,2,0,0.8797402106320593,91.875,True,0.5568697171575355
4fqb__B1_Q9I2Q0--4fqb__A1_Q9I2Q1,6,5,0,0,0.9035883744278164,91.875,True,0.5719935333595851
4fqb__B1_Q9I2Q0--4fqb__A1_Q9I2Q1,7,3,3,0,0.8815053577516206,91.8125,True,0.5266512134546671
4fqb__B1_Q9I2Q0--4fqb__A1_Q9I2Q1,8,3,0,0,0.8815836237824323,91.75,True,0.519124769349634
4fqb__B1_Q9I2Q0--4fqb__A1_Q9I2Q1,9,1,1,0,0.8875400589834775,91.75,True,0.5463763155861315
4fqb__B1_Q9I2Q0--4fqb__A1_Q9I2Q1,10,2,1,0,0.860889117036054,91.75,True,0.5112005721819389
4fqb__B1_Q9I2Q0--4fqb__A1_Q9I2Q1,11,5,1,0,0.8799315284687391,91.75,True,0.523555780095564
4fqb__B1_Q9I2Q0--4fqb__A1_Q9I2Q1,12,4,3,0,0.8876001363159579,91.6875,True,0.46478883883084066
4fqb__B1_Q9I2Q0--4fqb__A1_Q9I2Q1,13,3,2,0,0.8757432004894761,91.6875,True,0.4630316919449589
4fqb__B1_Q9I2Q0--4fqb__A1_Q9I2Q1,14,3,1,0,0.8859867155230612,91.625,True,0.462373697923552
4fqb__B1_Q9I2Q0--4fqb__A1_Q9I2Q1,15,1,0,0,0.886300154278965,91.625,True,0.49966533311672806
4fqb__B1_Q9I2Q0--4fqb__A1_Q9I2Q1,16,1,2,0,0.8877862874869646,91.4375,True,0.4998497472152819
4fqb__B1_Q9I2Q0--4fqb__A1_Q9I2Q1,17,2,3,0,0.8585968996449401,91.375,True,0.45068319616308067
4fqb__B1_Q9I2Q0--4fqb__A1_Q9I2Q1,18,2,0,0,0.8451817923938166,91.375,True,0.4212389605818559
4fqb__B1_Q9I2Q0--4fqb__A1_Q9I2Q1,19,1,3,0,0.9002135553196116,91.3125,True,0.48090386411885183
4fqb__B1_Q9I2Q0--4fqb__A1_Q9I2Q1,20,2,2,0,0.8355078845138605,91.0625,True,0.3855286050603503
4fup__A1_Q5HKE8--4fup__A2_Q5HKE8,1,2,2,0,0.028325479078198,67.1875,False,0.6305637859732365
4fup__A1_Q5HKE8--4fup__A2_Q5HKE8,2,2,0,0,0.0284338279235231,65.4375,False,0.6182114004128612
4fup__A1_Q5HKE8--4fup__A2_Q5HKE8,3,2,1,0,0.5122395689502383,47.59375,True,0.6057042621715292
4fup__A1_Q5HKE8--4fup__A2_Q5HKE8,4,3,3,0,0.0261313910978183,39.5,False,0.5865311658365099
4fup__A1_Q5HKE8--4fup__A2_Q5HKE8,5,3,0,0,0.0259402748499413,39.1875,False,0.5802582693846039
4fup__A1_Q5HKE8--4fup__A2_Q5HKE8,6,2,3,0,0.5484450783062759,37.3125,True,0.5673766026798998
4fup__A1_Q5HKE8--4fup__A2_Q5HKE8,7,3,1,0,0.0263577418076591,35.9375,False,0.5610175301538936
4fup__A1_Q5HKE8--4fup__A2_Q5HKE8,8,3,2,0,0.0267140085726954,31.921875,False,0.5413575944161626
4fup__A1_Q5HKE8--4fup__A2_Q5HKE8,9,1,2,0,0.3107370598823281,22.984375,True,0.5282604744007745
4fup__A1_Q5HKE8--4fup__A2_Q5HKE8,10,1,1,0,0.3443054385033139,22.75,True,0.5151243330001576
4fup__A1_Q5HKE8--4fup__A2_Q5HKE8,11,1,3,0,0.2980107030280998,20.78125,True,0.4935916824006283
4fup__A1_Q5HKE8--4fup__A2_Q5HKE8,12,1,0,0,0.3045541537811195,20.390625,True,0.46539991632545796
4fup__A1_Q5HKE8--4fup__A2_Q5HKE8,13,4,3,0,0.0318524931286289,19.03125,False,0.49406282529315804
4fup__A1_Q5HKE8--4fup__A2_Q5HKE8,14,4,1,0,0.0323645458116033,18.828125,False,0.46591088617838605
4fup__A1_Q5HKE8--4fup__A2_Q5HKE8,15,4,0,0,0.0262768588231646,17.265625,False,0.4594524896447161
4fup__A1_Q5HKE8--4fup__A2_Q5HKE8,16,4,2,0,0.0297599696011355,16.296875,False,0.43016587161722175
4fup__A1_Q5HKE8--4fup__A2_Q5HKE8,17,5,2,0,0.0289756364687663,16.09375,False,0.42009778616043014
4fup__A1_Q5HKE8--4fup__A2_Q5HKE8,18,5,3,0,0.0154026280723161,15.9765625,False,0.42055703630995767
4fup__A1_Q5HKE8--4fup__A2_Q5HKE8,19,5,0,0,0.0501978490096515,15.4765625,False,0.39652354325945544
4fup__A1_Q5HKE8--4fup__A2_Q5HKE8,20,5,1,0,0.0545369867911372,15.125,False,0.3871556207339467
4g2u__A1_Q8T8F4--4g2u__B1_Q8T8F4,1,3,2,3,0.9506203179157516,85.6875,True,0.6205281928449286
4g2u__A1_Q8T8F4--4g2u__B1_Q8T8F4,2,1,1,3,0.9528610550302398,85.5625,True,0.584583880356022
4g2u__A1_Q8T8F4--4g2u__B1_Q8T8F4,3,1,3,3,0.9523056081922469,85.5,True,0.5788475728417478
4g2u__A1_Q8T8F4--4g2u__B1_Q8T8F4,4,2,1,3,0.9590442523190572,85.1875,True,0.5992661369865572
4g2u__A1_Q8T8F4--4g2u__B1_Q8T8F4,5,1,2,3,0.9567340772811176,84.9375,True,0.5515250614124896
4g2u__A1_Q8T8F4--4g2u__B1_Q8T8F4,6,4,1,3,0.9436384248689708,84.25,True,0.5370350253507519
4g2u__A1_Q8T8F4--4g2u__B1_Q8T8F4,7,5,1,3,0.9563436056489224,84.0,True,0.5657013583400062
4g2u__A1_Q8T8F4--4g2u__B1_Q8T8F4,8,1,0,3,0.9438109732343234,83.75,True,0.5390977065177902
4g2u__A1_Q8T8F4--4g2u__B1_Q8T8F4,9,5,0,3,0.948240404256912,83.375,True,0.5414571675937552
4g2u__A1_Q8T8F4--4g2u__B1_Q8T8F4,10,5,3,3,0.9596709460629236,83.25,True,0.528299264909758
4g2u__A1_Q8T8F4--4g2u__B1_Q8T8F4,11,5,2,3,0.9520943141431812,83.125,True,0.5225737397239789
4g2u__A1_Q8T8F4--4g2u__B1_Q8T8F4,12,4,2,3,0.9500160569294952,82.625,True,0.5100783558421019
4g2u__A1_Q8T8F4--4g2u__B1_Q8T8F4,13,4,0,3,0.9419476329810736,79.125,True,0.48344202641419864
4g2u__A1_Q8T8F4--4g2u__B1_Q8T8F4,14,4,3,3,0.920199744231332,60.34375,True,0.463400916422526
4g2u__A1_Q8T8F4--4g2u__B1_Q8T8F4,15,2,2,3,0.0793511679785062,40.40625,False,0.4522139300275158
4g2u__A1_Q8T8F4--4g2u__B1_Q8T8F4,16,2,0,3,0.075125019484349,36.9375,False,0.4389532018134368
4g2u__A1_Q8T8F4--4g2u__B1_Q8T8F4,17,2,3,3,0.0971307601152082,29.734375,False,0.42637465197655783
4g2u__A1_Q8T8F4--4g2u__B1_Q8T8F4,18,3,0,3,0.0083191641798598,20.0,False,0.40936888171714986
4g2u__A1_Q8T8F4--4g2u__B1_Q8T8F4,19,3,3,3,0.0214837274080961,19.046875,False,0.40103463119828087
4g2u__A1_Q8T8F4--4g2u__B1_Q8T8F4,20,3,1,3,0.0161719604783028,18.03125,False,0.3978251103586015
4g3k__A1_O66591--4g3k__B1_O66591,1,3,1,4,0.8801479086454286,88.0,True,0.6294685235595583
4g3k__A1_O66591--4g3k__B1_O66591,2,4,1,4,0.8503859878398766,87.8125,True,0.607323294474756
4g3k__A1_O66591--4g3k__B1_O66591,3,3,3,4,0.8776511264741739,87.5625,True,0.6040521605833293
4g3k__A1_O66591--4g3k__B1_O66591,4,3,0,4,0.8744319598562368,87.375,True,0.597740968872611
4g3k__A1_O66591--4g3k__B1_O66591,5,3,2,4,0.8755297123065935,87.0625,True,0.5772912800926199
4g3k__A1_O66591--4g3k__B1_O66591,6,1,3,4,0.8546821205074199,86.1875,True,0.5454128613769514
4g3k__A1_O66591--4g3k__B1_O66591,7,5,1,4,0.8803937394303634,86.0,True,0.5587071895541268
4g3k__A1_O66591--4g3k__B1_O66591,8,5,0,4,0.8782683520578529,86.0,True,0.5394702189935381
4g3k__A1_O66591--4g3k__B1_O66591,9,5,3,4,0.8781445610058944,85.8125,True,0.5169409011251146
4g3k__A1_O66591--4g3k__B1_O66591,10,5,2,4,0.8784287060839878,85.8125,True,0.526862307318082
4g3k__A1_O66591--4g3k__B1_O66591,11,1,0,4,0.8585097729012025,84.875,True,0.497246395577644
4g3k__A1_O66591--4g3k__B1_O66591,12,1,2,4,0.8583018514952498,84.5625,True,0.4838071096341737
4g3k__A1_O66591--4g3k__B1_O66591,13,1,1,4,0.869245689061179,83.375,True,0.466186584532999
4g3k__A1_O66591--4g3k__B1_O66591,14,2,1,4,0.8605275951933877,83.0625,True,0.461211321049072
4g3k__A1_O66591--4g3k__B1_O66591,15,2,0,4,0.8633350844187252,81.75,True,0.4395423027373364
4g3k__A1_O66591--4g3k__B1_O66591,16,2,2,4,0.8659242892535036,81.625,True,0.4305649631936656
4g3k__A1_O66591--4g3k__B1_O66591,17,2,3,4,0.8688673514915703,81.125,True,0.40933075168214145
4g3k__A1_O66591--4g3k__B1_O66591,18,4,2,4,0.2026343652209778,79.5625,False,0.4163166838850503
4g3k__A1_O66591--4g3k__B1_O66591,19,4,0,4,0.2032023414659548,75.8125,False,0.3914426683468919
4g3k__A1_O66591--4g3k__B1_O66591,20,4,3,4,0.2019040491817319,66.125,False,0.37870893344362017
4g94__B1_Q4Z9Y5--4g94__A1_P0A0J0,1,2,3,0,0.8319548107929933,91.875,True,0.6305637859732365
4g94__B1_Q4Z9Y5--4g94__A1_P0A0J0,2,2,0,0,0.8332472920913442,91.5625,True,0.6182114004128612
4g94__B1_Q4Z9Y5--4g94__A1_P0A0J0,3,1,3,0,0.8666249952273555,91.0625,True,0.5752249234609682
4g94__B1_Q4Z9Y5--4g94__A1_P0A0J0,4,1,1,0,0.8338435656593063,90.75,True,0.5582603457036086
4g94__B1_Q4Z9Y5--4g94__A1_P0A0J0,5,4,3,0,0.8959552174851572,90.6875,True,0.5842611007926735
4g94__B1_Q4Z9Y5--4g94__A1_P0A0J0,6,2,2,0,0.8934451917038454,90.375,True,0.57089175191147
4g94__B1_Q4Z9Y5--4g94__A1_P0A0J0,7,1,0,0,0.8658348628305386,90.3125,True,0.5091229590903389
4g94__B1_Q4Z9Y5--4g94__A1_P0A0J0,8,4,2,0,0.9000779956687391,90.25,True,0.5605130399409962
4g94__B1_Q4Z9Y5--4g94__A1_P0A0J0,9,4,1,0,0.8955901942765019,90.0625,True,0.5149037092754959
4g94__B1_Q4Z9Y5--4g94__A1_P0A0J0,10,1,2,0,0.8934563002996573,90.0,True,0.4947572079586034
4g94__B1_Q4Z9Y5--4g94__A1_P0A0J0,11,2,1,0,0.8924005263477155,89.9375,True,0.5353908754084075
4g94__B1_Q4Z9Y5--4g94__A1_P0A0J0,12,4,0,0,0.8933407241343477,89.5625,True,0.47414037983768
4g94__B1_Q4Z9Y5--4g94__A1_P0A0J0,13,3,3,0,0.9001945809987794,89.5625,True,0.49880784917369575
4g94__B1_Q4Z9Y5--4g94__A1_P0A0J0,14,3,2,0,0.8563742800248018,89.5,True,0.464973682837277
4g94__B1_Q4Z9Y5--4g94__A1_P0A0J0,15,3,1,0,0.8490664858908731,89.375,True,0.4612315752888373
4g94__B1_Q4Z9Y5--4g94__A1_P0A0J0,16,3,0,0,0.9102846501976668,89.25,True,0.4330626725443656
4g94__B1_Q4Z9Y5--4g94__A1_P0A0J0,17,5,3,0,0.8762801573289066,89.1875,True,0.45093439413425435
4g94__B1_Q4Z9Y5--4g94__A1_P0A0J0,18,5,2,0,0.8824118340245456,89.125,True,0.4294770980452261
4g94__B1_Q4Z9Y5--4g94__A1_P0A0J0,19,5,1,0,0.8809825061230204,89.0,True,0.40956021509277446
4g94__B1_Q4Z9Y5--4g94__A1_P0A0J0,20,5,0,0,0.8787257209192466,88.875,True,0.3929462085061074
4ghw__A1_O59952--4ghw__B1_O59952,1,5,1,2,0.1901957711546504,48.59375,False,0.6230287144243065
4ghw__A1_O59952--4ghw__B1_O59952,2,5,0,2,0.2050760613837592,46.40625,False,0.6115736109422036
4ghw__A1_O59952--4ghw__B1_O59952,3,5,2,2,0.0518505559429405,44.34375,False,0.595742655052493
4ghw__A1_O59952--4ghw__B1_O59952,4,5,3,2,0.227678323019249,42.40625,False,0.5925773597945708
4ghw__A1_O59952--4ghw__B1_O59952,5,2,3,2,0.2141379372788235,33.65625,False,0.5565860094595962
4ghw__A1_O59952--4ghw__B1_O59952,6,2,0,2,0.2112757031697509,33.53125,False,0.5633566954837175
4ghw__A1_O59952--4ghw__B1_O59952,7,3,0,2,0.2583631848566923,32.875,True,0.5581369991696292
4ghw__A1_O59952--4ghw__B1_O59952,8,2,2,2,0.1796770852784889,32.5625,False,0.5344736268830339
4ghw__A1_O59952--4ghw__B1_O59952,9,3,1,2,0.2792563151318901,32.21875,True,0.535800064830637
4ghw__A1_O59952--4ghw__B1_O59952,10,3,2,2,0.2564543947420619,31.90625,True,0.5226625884141679
4ghw__A1_O59952--4ghw__B1_O59952,11,3,3,2,0.1855194062227615,31.046875,False,0.5159263376405007
4ghw__A1_O59952--4ghw__B1_O59952,12,4,2,2,0.0559340346801186,30.734375,False,0.4905054285211253
4ghw__A1_O59952--4ghw__B1_O59952,13,2,1,2,0.2200569417056976,30.625,False,0.4812513785046156
4ghw__A1_O59952--4ghw__B1_O59952,14,1,1,2,0.160907994159678,29.765625,False,0.4509567907213092
4ghw__A1_O59952--4ghw__B1_O59952,15,4,0,2,0.053871072060458,29.296875,False,0.4552214670668499
4ghw__A1_O59952--4ghw__B1_O59952,16,4,1,2,0.0490490737685097,29.15625,False,0.4480665954590551
4ghw__A1_O59952--4ghw__B1_O59952,17,4,3,2,0.0466128534171045,28.9375,False,0.44807494327327335
4ghw__A1_O59952--4ghw__B1_O59952,18,1,0,2,0.2041867716190123,27.90625,False,0.40971075703523
4ghw__A1_O59952--4ghw__B1_O59952,19,1,3,2,0.1603998409088062,27.3125,False,0.41660899224434944
4ghw__A1_O59952--4ghw__B1_O59952,20,1,2,2,0.1905484578831645,26.140625,False,0.3947865934110516
4git__A1_Q84FG5--4git__B1_Q84FG5,1,4,0,0,0.9157959770704784,84.5,True,0.6274324953478411
4git__A1_Q84FG5--4git__B1_Q84FG5,2,4,2,0,0.917071714042551,84.5,True,0.6213734233052666
4git__A1_Q84FG5--4git__B1_Q84FG5,3,4,3,0,0.9173575715363466,83.5625,True,0.5930144645793299
4git__A1_Q84FG5--4git__B1_Q84FG5,4,4,1,0,0.9170884734437652,83.5625,True,0.5942778542847031
4git__A1_Q84FG5--4git__B1_Q84FG5,5,2,2,0,0.9258582373290096,83.5,True,0.5655124636071772
4git__A1_Q84FG5--4git__B1_Q84FG5,6,2,1,0,0.925536846545552,83.1875,True,0.5639256010899563
4git__A1_Q84FG5--4git__B1_Q84FG5,7,2,3,0,0.9255577471800126,83.125,True,0.5484120523350298
4git__A1_Q84FG5--4git__B1_Q84FG5,8,1,3,0,0.923464687934862,82.4375,True,0.5454084453549733
4git__A1_Q84FG5--4git__B1_Q84FG5,9,2,0,0,0.9255100564605114,82.375,True,0.526822576597538
4git__A1_Q84FG5--4git__B1_Q84FG5,10,1,0,0,0.9229797206104025,82.0625,True,0.5225433269770308
4git__A1_Q84FG5--4git__B1_Q84FG5,11,1,2,0,0.9234689807698911,82.0,True,0.5186359410626082
4git__A1_Q84FG5--4git__B1_Q84FG5,12,1,1,0,0.9211245327356165,81.375,True,0.49880937065709563
4git__A1_Q84FG5--4git__B1_Q84FG5,13,5,1,0,0.915728545937844,69.1875,True,0.4756599083050333
4git__A1_Q84FG5--4git__B1_Q84FG5,14,5,2,0,0.9156816478555084,68.8125,True,0.46254276326441346
4git__A1_Q84FG5--4git__B1_Q84FG5,15,5,3,0,0.9145514418622608,68.125,True,0.449477264053006
4git__A1_Q84FG5--4git__B1_Q84FG5,16,3,3,0,0.9195093150189512,67.0625,True,0.43647468628558345
4git__A1_Q84FG5--4git__B1_Q84FG5,17,5,0,0,0.9143932462731468,66.125,True,0.4235779658473364
4git__A1_Q84FG5--4git__B1_Q84FG5,18,3,1,0,0.9188472029942072,66.0625,True,0.4107655871983613
4git__A1_Q84FG5--4git__B1_Q84FG5,19,3,0,0,0.9184768084438236,65.4375,True,0.39807937011198197
4git__A1_Q84FG5--4git__B1_Q84FG5,20,3,2,0,0.9165164373319686,63.375,True,0.3855286050603503
4giz__A1_P0AEX9--4giz__C1_P03126,1,3,1,0,0.4053769370334414,88.125,True,0.6284267914538705
4giz__A1_P0AEX9--4giz__C1_P03126,2,5,1,0,0.5826161888858671,88.0625,True,0.624193082709295
4giz__A1_P0AEX9--4giz__C1_P03126,3,5,2,0,0.5903359592195884,88.0625,True,0.6273257005735245
4giz__A1_P0AEX9--4giz__C1_P03126,4,3,2,0,0.5707052564904185,88.0,True,0.6228401598623693
4giz__A1_P0AEX9--4giz__C1_P03126,5,2,2,0,0.5843929937540213,87.9375,True,0.5467078639816104
4giz__A1_P0AEX9--4giz__C1_P03126,6,5,0,0,0.5759117885305036,87.8125,True,0.5847999322993344
4giz__A1_P0AEX9--4giz__C1_P03126,7,5,3,0,0.5950775066873976,87.8125,True,0.6054690004634898
4giz__A1_P0AEX9--4giz__C1_P03126,8,2,1,0,0.5833176663390259,87.5,True,0.4583930831183535
4giz__A1_P0AEX9--4giz__C1_P03126,9,1,1,0,0.5160163857973522,87.4375,True,0.4962040960907682
4giz__A1_P0AEX9--4giz__C1_P03126,10,2,3,0,0.6061852760101248,87.3125,True,0.4355562933253488
4giz__A1_P0AEX9--4giz__C1_P03126,11,2,0,0,0.5859516972583366,87.3125,True,0.4956863255385353
4giz__A1_P0AEX9--4giz__C1_P03126,12,4,0,0,0.5903870457489399,87.125,True,0.554854485295311
4giz__A1_P0AEX9--4giz__C1_P03126,13,1,2,0,0.5450519516529532,87.0625,True,0.4623338271215938
4giz__A1_P0AEX9--4giz__C1_P03126,14,1,0,0,0.5329075236943774,87.0,True,0.45183113270423914
4giz__A1_P0AEX9--4giz__C1_P03126,15,4,1,0,0.6241557230153195,86.6875,True,0.44791927974575924
4giz__A1_P0AEX9--4giz__C1_P03126,16,4,2,0,0.6158092209998829,86.4375,True,0.4757869109458209
4giz__A1_P0AEX9--4giz__C1_P03126,17,1,3,0,0.539636466450312,86.4375,True,0.37093226459203704
4giz__A1_P0AEX9--4giz__C1_P03126,18,3,0,0,0.5745628013458383,86.4375,True,0.42426130028821035
4giz__A1_P0AEX9--4giz__C1_P03126,19,4,3,0,0.6186173875749376,86.1875,True,0.42595638678561115
4giz__A1_P0AEX9--4giz__C1_P03126,20,3,3,0,0.5814241678112406,85.6875,True,0.42354231121256636
4gof__A1_O43765--4gof__B1_O43765,1,3,3,4,0.4147329133970719,79.5625,True,0.6107465754530156
4gof__A1_O43765--4gof__B1_O43765,2,5,3,4,0.4295961587893575,79.375,True,0.6167805267879215
4gof__A1_O43765--4gof__B1_O43765,3,5,2,4,0.418671200325186,79.3125,True,0.6037215692826301
4gof__A1_O43765--4gof__B1_O43765,4,5,1,4,0.4242530991381357,79.3125,True,0.5773434099377404
4gof__A1_O43765--4gof__B1_O43765,5,2,1,4,0.4063726418156119,79.25,True,0.5449697031940176
4gof__A1_O43765--4gof__B1_O43765,6,3,2,4,0.4254520976257589,79.1875,True,0.5677012388090674
4gof__A1_O43765--4gof__B1_O43765,7,5,0,4,0.4186674457536402,79.1875,True,0.5709859772218995
4gof__A1_O43765--4gof__B1_O43765,8,2,3,4,0.4315002350552354,78.9375,True,0.5040541523176221
4gof__A1_O43765--4gof__B1_O43765,9,2,2,4,0.4216389886200137,78.9375,True,0.4776624932771171
4gof__A1_O43765--4gof__B1_O43765,10,3,0,4,0.4134779894355103,78.9375,True,0.5325435222372622
4gof__A1_O43765--4gof__B1_O43765,11,2,0,4,0.4207988866679637,78.875,True,0.46979845806832865
4gof__A1_O43765--4gof__B1_O43765,12,4,0,4,0.5720206392465779,78.8125,True,0.5028725724916029
4gof__A1_O43765--4gof__B1_O43765,13,4,2,4,0.574612337795506,78.6875,True,0.5038148523871088
4gof__A1_O43765--4gof__B1_O43765,14,4,3,4,0.5650235863686972,78.6875,True,0.48957864179912297
4gof__A1_O43765--4gof__B1_O43765,15,4,1,4,0.5460818249464189,78.625,True,0.47712066240421724
4gof__A1_O43765--4gof__B1_O43765,16,1,3,4,0.4340204102486074,78.25,True,0.4245719487753501
4gof__A1_O43765--4gof__B1_O43765,17,1,2,4,0.43854751168066,78.125,True,0.4037558838204375
4gof__A1_O43765--4gof__B1_O43765,18,3,1,4,0.408569560935507,78.125,True,0.41736955903376544
4gof__A1_O43765--4gof__B1_O43765,19,1,0,4,0.4416535157729759,78.125,True,0.40113551803130737
4gof__A1_O43765--4gof__B1_O43765,20,1,1,4,0.4414268222623713,77.8125,True,0.3817932552048558
4har__A1_P08563--4har__B1_P08563,1,3,1,2,0.4208076332640856,89.875,True,0.6230287144243065
4har__A1_P08563--4har__B1_P08563,2,4,2,2,0.4066454767376503,89.625,True,0.6115736109422036
4har__A1_P08563--4har__B1_P08563,3,3,3,2,0.4258501300326172,88.8125,True,0.5999939038543413
4har__A1_P08563--4har__B1_P08563,4,5,0,2,0.4126154968249922,87.625,True,0.5888448150069667
4har__A1_P08563--4har__B1_P08563,5,4,3,2,0.4181739415644315,87.5625,True,0.5762631119173207
4har__A1_P08563--4har__B1_P08563,6,5,1,2,0.413167012369403,87.3125,True,0.555505589835476
4har__A1_P08563--4har__B1_P08563,7,5,2,2,0.415425732225775,87.25,True,0.5591312640425956
4har__A1_P08563--4har__B1_P08563,8,5,3,2,0.4209260407223493,87.1875,True,0.5430425902027283
4har__A1_P08563--4har__B1_P08563,9,4,1,2,0.4273847899309829,85.6875,True,0.526889787464013
4har__A1_P08563--4har__B1_P08563,10,1,3,2,0.4212047934791043,85.5,True,0.5181972486069955
4har__A1_P08563--4har__B1_P08563,11,1,0,2,0.4374546737580618,84.875,True,0.5016289485885467
4har__A1_P08563--4har__B1_P08563,12,4,0,2,0.4145276458322257,84.8125,True,0.4800425593122253
4har__A1_P08563--4har__B1_P08563,13,1,1,2,0.4305671769240507,84.5,True,0.47402656934331105
4har__A1_P08563--4har__B1_P08563,14,3,2,2,0.4256565428791699,84.1875,True,0.47145069446180776
4har__A1_P08563--4har__B1_P08563,15,3,0,2,0.4542990499414983,83.5625,True,0.4588710061798104
4har__A1_P08563--4har__B1_P08563,16,2,0,2,0.4397203262300518,83.5,True,0.45653926279902923
4har__A1_P08563--4har__B1_P08563,17,1,2,2,0.4359683988863295,83.25,True,0.43414361684152636
4har__A1_P08563--4har__B1_P08563,18,2,1,2,0.4353136342172028,82.75,True,0.42020317268152635
4har__A1_P08563--4har__B1_P08563,19,2,3,2,0.4335177895763422,82.625,True,0.40843679715024056
4har__A1_P08563--4har__B1_P08563,20,2,2,2,0.4318700130539046,81.4375,True,0.3967744266854328
4hg6__A1_Q3J125--4hg6__B1_Q3J126,1,1,2,2,0.3857667217359184,85.1875,True,0.5925945292111493
4hg6__A1_Q3J125--4hg6__B1_Q3J126,2,2,2,2,0.4177159896282829,84.9375,True,0.5657819683179268
4hg6__A1_Q3J125--4hg6__B1_Q3J126,3,4,3,2,0.390658278049585,84.9375,True,0.5777191584320416
4hg6__A1_Q3J125--4hg6__B1_Q3J126,4,4,1,2,0.3836652340712654,84.875,True,0.5614333126470307
4hg6__A1_Q3J125--4hg6__B1_Q3J126,5,2,3,2,0.4190216147403642,84.75,True,0.5395719151818196
4hg6__A1_Q3J125--4hg6__B1_Q3J126,6,1,0,2,0.3879562399040757,84.6875,True,0.5631718790327023
4hg6__A1_Q3J125--4hg6__B1_Q3J126,7,1,3,2,0.3854242336281281,84.5625,True,0.5519581379297318
4hg6__A1_Q3J125--4hg6__B1_Q3J126,8,4,2,2,0.3833434328429148,84.5,True,0.5421246117713456
4hg6__A1_Q3J125--4hg6__B1_Q3J126,9,2,0,2,0.4106912132083569,84.4375,True,0.491886952536303
4hg6__A1_Q3J125--4hg6__B1_Q3J126,10,2,1,2,0.4076764130625088,84.4375,True,0.5030311370045164
4hg6__A1_Q3J125--4hg6__B1_Q3J126,11,1,1,2,0.3866226353441446,84.3125,True,0.5248084539415833
4hg6__A1_Q3J125--4hg6__B1_Q3J126,12,4,0,2,0.3937963508543982,84.125,True,0.533463763143231
4hg6__A1_Q3J125--4hg6__B1_Q3J126,13,3,3,2,0.3770860837695735,83.9375,True,0.5156688998786165
4hg6__A1_Q3J125--4hg6__B1_Q3J126,14,3,1,2,0.3791140378121677,83.875,True,0.49926592022409877
4hg6__A1_Q3J125--4hg6__B1_Q3J126,15,3,0,2,0.3815892519356321,83.3125,True,0.5015438108682573
4hg6__A1_Q3J125--4hg6__B1_Q3J126,16,3,2,2,0.3783140070181325,83.1875,True,0.46572627270748945
4hg6__A1_Q3J125--4hg6__B1_Q3J126,17,5,1,2,0.3840422421084331,81.625,True,0.43584701835380607
4hg6__A1_Q3J125--4hg6__B1_Q3J126,18,5,3,2,0.3817712166332317,81.3125,True,0.42723589421194286
4hg6__A1_Q3J125--4hg6__B1_Q3J126,19,5,2,2,0.3832201083668442,81.0,True,0.40313774086654425
4hg6__A1_Q3J125--4hg6__B1_Q3J126,20,5,0,2,0.3888967626387593,80.6875,True,0.4126567886692302
4hj1__A1_P03518--4hj1__B1_P03518,1,4,2,0,0.0035151538857912,29.859375,False,0.6226671956305702
4hj1__A1_P03518--4hj1__B1_P03518,2,4,1,0,0.0034668302572091,29.125,False,0.6260353148137436
4hj1__A1_P03518--4hj1__B1_P03518,3,2,3,0,0.0035427861444207,28.3125,False,0.5992706112561946
4hj1__A1_P03518--4hj1__B1_P03518,4,4,0,0,0.003507386980475,25.96875,False,0.5946242420939537
4hj1__A1_P03518--4hj1__B1_P03518,5,5,2,0,0.0036184287047712,25.484375,False,0.5704361273127038
4hj1__A1_P03518--4hj1__B1_P03518,6,4,3,0,0.0034177782936305,24.828125,False,0.5760001259940503
4hj1__A1_P03518--4hj1__B1_P03518,7,1,3,0,0.0035532900101747,24.671875,False,0.5175680110197688
4hj1__A1_P03518--4hj1__B1_P03518,8,5,0,0,0.0035908643074182,24.625,False,0.5349767256368846
4hj1__A1_P03518--4hj1__B1_P03518,9,5,3,0,0.0035907524492797,24.609375,False,0.5344448206295997
4hj1__A1_P03518--4hj1__B1_P03518,10,5,1,0,0.0035325971405094,24.609375,False,0.5268256537055893
4hj1__A1_P03518--4hj1__B1_P03518,11,1,1,0,0.0034592287785452,24.484375,False,0.5171220103615309
4hj1__A1_P03518--4hj1__B1_P03518,12,1,2,0,0.0035231070609716,24.28125,False,0.5004859042263297
4hj1__A1_P03518--4hj1__B1_P03518,13,2,1,0,0.0034428114797173,23.46875,False,0.47401364364781357
4hj1__A1_P03518--4hj1__B1_P03518,14,2,2,0,0.0034646973795142,23.046875,False,0.4642232808512757
4hj1__A1_P03518--4hj1__B1_P03518,15,1,0,0,0.0035036862539082,22.4375,False,0.4363260957002355
4hj1__A1_P03518--4hj1__B1_P03518,16,2,0,0,0.0035108067240047,22.140625,False,0.43817773574262764
4hj1__A1_P03518--4hj1__B1_P03518,17,3,3,0,0.0848342573666594,19.921875,False,0.4171152209629094
4hj1__A1_P03518--4hj1__B1_P03518,18,3,1,0,0.0040170207125511,18.6875,False,0.39792691173422023
4hj1__A1_P03518--4hj1__B1_P03518,19,3,0,0,0.0075778767733405,17.921875,False,0.42236347287750325
4hj1__A1_P03518--4hj1__B1_P03518,20,3,2,0,0.0053415735719804,17.765625,False,0.39670100290418947
4hme__A1_B1VBB0--4hme__A2_B1VBB0,1,2,0,2,0.4880846019797027,83.1875,True,0.6146872863017085
4hme__A1_B1VBB0--4hme__A2_B1VBB0,2,4,0,2,0.5260894523443271,78.9375,True,0.6157657533203703
4hme__A1_B1VBB0--4hme__A2_B1VBB0,3,4,1,2,0.5437367495462156,78.375,True,0.6042301458816163
4hme__A1_B1VBB0--4hme__A2_B1VBB0,4,1,2,2,0.5163775248359417,67.625,True,0.588301374160422
4hme__A1_B1VBB0--4hme__A2_B1VBB0,5,1,3,2,0.0417801164140708,22.25,False,0.5476753666651217
4hme__A1_B1VBB0--4hme__A2_B1VBB0,6,1,0,2,0.0407575708570016,21.9375,False,0.5679454627633217
4hme__A1_B1VBB0--4hme__A2_B1VBB0,7,1,1,2,0.0218311477101926,21.453125,False,0.5373080170141105
4hme__A1_B1VBB0--4hme__A2_B1VBB0,8,2,1,2,0.055699142665388,21.09375,False,0.5454382361273951
4hme__A1_B1VBB0--4hme__A2_B1VBB0,9,3,2,2,0.013888929425828,19.984375,False,0.5043659102307836
4hme__A1_B1VBB0--4hme__A2_B1VBB0,10,3,1,2,0.0132320362064423,19.90625,False,0.5323369362331046
4hme__A1_B1VBB0--4hme__A2_B1VBB0,11,2,2,2,0.0168090343635256,19.53125,False,0.49415206441641635
4hme__A1_B1VBB0--4hme__A2_B1VBB0,12,3,0,2,0.0416309279163476,19.375,False,0.46180646192221775
4hme__A1_B1VBB0--4hme__A2_B1VBB0,13,3,3,2,0.0122051681271056,19.34375,False,0.46567829308843667
4hme__A1_B1VBB0--4hme__A2_B1VBB0,14,4,2,2,0.0242255632492899,19.3125,False,0.44848058509382865
4hme__A1_B1VBB0--4hme__A2_B1VBB0,15,2,3,2,0.0220491413754349,19.203125,False,0.46864987596799534
4hme__A1_B1VBB0--4hme__A2_B1VBB0,16,4,3,2,0.0154944469562635,18.828125,False,0.4106963967716407
4hme__A1_B1VBB0--4hme__A2_B1VBB0,17,5,1,2,0.0230295608686747,18.671875,False,0.43377823862826886
4hme__A1_B1VBB0--4hme__A2_B1VBB0,18,5,3,2,0.0161555468058694,18.65625,False,0.47134926885597034
4hme__A1_B1VBB0--4hme__A2_B1VBB0,19,5,0,2,0.0083150871331921,18.578125,False,0.44449533515307005
4hme__A1_B1VBB0--4hme__A2_B1VBB0,20,5,2,2,0.0379290860852111,17.390625,False,0.44628226264849175
4ip3__A1_Q8VSD5--4ip3__B1_P61088,1,4,0,1,0.6119264049097262,88.875,True,0.6244873582878557
4ip3__A1_Q8VSD5--4ip3__B1_P61088,2,3,2,1,0.571684751676512,87.1875,True,0.6118410669990447
4ip3__A1_Q8VSD5--4ip3__B1_P61088,3,4,1,1,0.5964460763565373,87.0,True,0.5650020111907077
4ip3__A1_Q8VSD5--4ip3__B1_P61088,4,4,2,1,0.5456739706486665,86.5625,True,0.5558958942466595
4ip3__A1_Q8VSD5--4ip3__B1_P61088,5,5,2,1,0.5711407139903767,86.0,True,0.5470621999367157
4ip3__A1_Q8VSD5--4ip3__B1_P61088,6,3,1,1,0.5918332152919805,85.9375,True,0.5796112138585363
4ip3__A1_Q8VSD5--4ip3__B1_P61088,7,5,1,1,0.5806206219397905,84.75,True,0.5687959420614441
4ip3__A1_Q8VSD5--4ip3__B1_P61088,8,3,3,1,0.5431024314106311,84.6875,True,0.5017059380049685
4ip3__A1_Q8VSD5--4ip3__B1_P61088,9,5,0,1,0.5964026407854157,84.5625,True,0.48528083478066175
4ip3__A1_Q8VSD5--4ip3__B1_P61088,10,3,0,1,0.623184770304421,84.0625,True,0.5266833976168177
4ip3__A1_Q8VSD5--4ip3__B1_P61088,11,5,3,1,0.5780311007396494,83.6875,True,0.4636114808845035
4ip3__A1_Q8VSD5--4ip3__B1_P61088,12,1,2,1,0.5864313938787655,83.25,True,0.5591119932284546
4ip3__A1_Q8VSD5--4ip3__B1_P61088,13,1,3,1,0.5814446848305495,83.0,True,0.5014436334103395
4ip3__A1_Q8VSD5--4ip3__B1_P61088,14,1,0,1,0.6013899158646235,82.875,True,0.5080534752485906
4ip3__A1_Q8VSD5--4ip3__B1_P61088,15,4,3,1,0.5112356943948712,82.375,True,0.4497019728505374
4ip3__A1_Q8VSD5--4ip3__B1_P61088,16,1,1,1,0.5938460819646586,82.3125,True,0.4637262026261844
4ip3__A1_Q8VSD5--4ip3__B1_P61088,17,2,3,1,0.504759732101447,75.8125,True,0.42557309831300555
4ip3__A1_Q8VSD5--4ip3__B1_P61088,18,2,1,1,0.5435588361538753,73.375,True,0.41326795100118985
4ip3__A1_Q8VSD5--4ip3__B1_P61088,19,2,0,1,0.4824762348643198,69.6875,True,0.4010701792351008
4ip3__A1_Q8VSD5--4ip3__B1_P61088,20,2,2,1,0.4829359980008132,65.375,True,0.38899374084502214
4iu2__B1_A0AEF5--4iu2__A1_A0AEF6,1,1,2,2,0.0276052766435953,60.9375,False,0.6025927265932939
4iu2__B1_A0AEF5--4iu2__A1_A0AEF6,2,3,1,2,0.0274892115570081,60.3125,False,0.6174501191942999
4iu2__B1_A0AEF5--4iu2__A1_A0AEF6,3,2,1,2,0.0276394877351414,59.75,False,0.6073438014140333
4iu2__B1_A0AEF5--4iu2__A1_A0AEF6,4,2,0,2,0.0276556631579025,59.1875,False,0.591518845949477
4iu2__B1_A0AEF5--4iu2__A1_A0AEF6,5,1,1,2,0.0274887047619279,59.1875,False,0.5807300427956639
4iu2__B1_A0AEF5--4iu2__A1_A0AEF6,6,5,0,2,0.027534948423193,54.6875,False,0.5526718400864198
4iu2__B1_A0AEF5--4iu2__A1_A0AEF6,7,1,0,2,0.66739305827112,54.65625,True,0.540650743866582
4iu2__B1_A0AEF5--4iu2__A1_A0AEF6,8,5,3,2,0.6513355670381086,54.0,True,0.5614499354699994
4iu2__B1_A0AEF5--4iu2__A1_A0AEF6,9,3,2,2,0.0277782133989632,52.4375,False,0.5292961362282317
4iu2__B1_A0AEF5--4iu2__A1_A0AEF6,10,1,3,2,0.0279743848155531,52.28125,False,0.5207937121308275
4iu2__B1_A0AEF5--4iu2__A1_A0AEF6,11,2,2,2,0.0279780236151477,48.75,False,0.5031885022602238
4iu2__B1_A0AEF5--4iu2__A1_A0AEF6,12,4,2,2,0.0281023375386737,46.1875,False,0.479511454715508
4iu2__B1_A0AEF5--4iu2__A1_A0AEF6,13,2,3,2,0.0281869849128197,45.46875,False,0.4861138846234796
4iu2__B1_A0AEF5--4iu2__A1_A0AEF6,14,4,3,2,0.0280929038564266,45.03125,False,0.47080690820446713
4iu2__B1_A0AEF5--4iu2__A1_A0AEF6,15,4,0,2,0.0281659549440556,45.0,False,0.4576917741985951
4iu2__B1_A0AEF5--4iu2__A1_A0AEF6,16,4,1,2,0.6238618642060251,43.875,True,0.4394047624383288
4iu2__B1_A0AEF5--4iu2__A1_A0AEF6,17,5,1,2,0.0282245244969117,42.96875,False,0.42772723393067075
4iu2__B1_A0AEF5--4iu2__A1_A0AEF6,18,5,2,2,0.0285579143431911,39.90625,False,0.4168812417239849
4iu2__B1_A0AEF5--4iu2__A1_A0AEF6,19,3,3,2,0.6777874496590294,39.15625,True,0.4119666557417595
4iu2__B1_A0AEF5--4iu2__A1_A0AEF6,20,3,0,2,0.6244627706831989,36.65625,True,0.40691508074779975
4jnh__B1_P14349--4jnh__A1_P14349,1,2,1,0,0.4888419001555908,53.15625,True,0.6305637859732365
4jnh__B1_P14349--4jnh__A1_P14349,2,4,2,0,0.4444233735529669,49.15625,True,0.612587682586238
4jnh__B1_P14349--4jnh__A1_P14349,3,4,0,0,0.3989456125006183,38.75,True,0.6049972725740207
4jnh__B1_P14349--4jnh__A1_P14349,4,4,3,0,0.2895979207689134,37.8125,True,0.596995863043466
4jnh__B1_P14349--4jnh__A1_P14349,5,4,1,0,0.3226150885458913,29.578125,True,0.5697046422047978
4jnh__B1_P14349--4jnh__A1_P14349,6,5,1,0,0.3527446467102792,23.40625,True,0.5361806432637184
4jnh__B1_P14349--4jnh__A1_P14349,7,1,3,0,0.1629884745068217,21.171875,False,0.5640248530640393
4jnh__B1_P14349--4jnh__A1_P14349,8,3,3,0,0.1347170342070913,21.125,False,0.49181565974432506
4jnh__B1_P14349--4jnh__A1_P14349,9,2,0,0,0.1099553576581633,20.5625,False,0.5432038585987176
4jnh__B1_P14349--4jnh__A1_P14349,10,1,1,0,0.2202328553734136,20.265625,False,0.44734192502039616
4jnh__B1_P14349--4jnh__A1_P14349,11,1,0,0,0.2782204419842972,19.9375,True,0.5026276843550318
4jnh__B1_P14349--4jnh__A1_P14349,12,3,2,0,0.0236310756351365,19.859375,False,0.5079683419032366
4jnh__B1_P14349--4jnh__A1_P14349,13,1,2,0,0.1323197392432169,19.203125,False,0.49190357929270484
4jnh__B1_P14349--4jnh__A1_P14349,14,2,3,0,0.2988217150021988,19.15625,True,0.4815696603763668
4jnh__B1_P14349--4jnh__A1_P14349,15,2,2,0,0.1914729215373067,18.734375,False,0.4338754150895276
4jnh__B1_P14349--4jnh__A1_P14349,16,5,0,0,0.3128456949915418,18.40625,True,0.4758555196554527
4jnh__B1_P14349--4jnh__A1_P14349,17,3,1,0,0.026160198691136,18.375,False,0.4440625203173244
4jnh__B1_P14349--4jnh__A1_P14349,18,3,0,0,0.1305625763885121,17.609375,False,0.4084425034135202
4jnh__B1_P14349--4jnh__A1_P14349,19,5,2,0,0.0250757100022609,17.203125,False,0.4348015914095069
4jnh__B1_P14349--4jnh__A1_P14349,20,5,3,0,0.036886817295663,16.8125,False,0.3880263995707908
4k5a__A1_Q1RMX3--4k5a__B1_UNDEFINED,1,3,0,3,0.6443388032278526,69.125,True,0.6238507407359268
4k5a__A1_Q1RMX3--4k5a__B1_UNDEFINED,2,5,2,3,0.5622105558754217,68.75,True,0.6051740051357802
4k5a__A1_Q1RMX3--4k5a__B1_UNDEFINED,3,5,3,3,0.5607405501170308,68.5625,True,0.5666472013233296
4k5a__A1_Q1RMX3--4k5a__B1_UNDEFINED,4,3,2,3,0.6504681767723354,68.25,True,0.5988632548207135
4k5a__A1_Q1RMX3--4k5a__B1_UNDEFINED,5,1,0,3,0.655671317572076,67.75,True,0.5755307254795949
4k5a__A1_Q1RMX3--4k5a__B1_UNDEFINED,6,1,1,3,0.6230409607989128,67.5625,True,0.5611523162683232
4k5a__A1_Q1RMX3--4k5a__B1_UNDEFINED,7,3,3,3,0.6489843464160652,67.5,True,0.5700232974718082
4k5a__A1_Q1RMX3--4k5a__B1_UNDEFINED,8,1,3,3,0.6364984234987514,67.125,True,0.5237485566177127
4k5a__A1_Q1RMX3--4k5a__B1_UNDEFINED,9,4,1,3,0.6139680448710635,67.0625,True,0.5199403666534378
4k5a__A1_Q1RMX3--4k5a__B1_UNDEFINED,10,1,2,3,0.6242971334675068,66.625,True,0.5314024052460873
4k5a__A1_Q1RMX3--4k5a__B1_UNDEFINED,11,5,1,3,0.5645160321754099,65.5625,True,0.48704660702256536
4k5a__A1_Q1RMX3--4k5a__B1_UNDEFINED,12,5,0,3,0.5593659990931363,65.3125,True,0.510674616601754
4k5a__A1_Q1RMX3--4k5a__B1_UNDEFINED,13,3,1,3,0.6760137549288946,65.0,True,0.48710941565495114
4k5a__A1_Q1RMX3--4k5a__B1_UNDEFINED,14,4,3,3,0.6233160102032623,64.1875,True,0.4482023349053847
4k5a__A1_Q1RMX3--4k5a__B1_UNDEFINED,15,2,3,3,0.6387953928391782,64.0625,True,0.43495597395854724
4k5a__A1_Q1RMX3--4k5a__B1_UNDEFINED,16,2,2,3,0.5786569903552343,63.96875,True,0.4500439238080915
4k5a__A1_Q1RMX3--4k5a__B1_UNDEFINED,17,4,2,3,0.6362862640561592,63.9375,True,0.4442719281434201
4k5a__A1_Q1RMX3--4k5a__B1_UNDEFINED,18,2,0,3,0.5737358224503387,63.71875,True,0.4184216923810347
4k5a__A1_Q1RMX3--4k5a__B1_UNDEFINED,19,2,1,3,0.583563235398353,62.28125,True,0.3928503531316226
4k5a__A1_Q1RMX3--4k5a__B1_UNDEFINED,20,4,0,3,0.6223141880512764,62.21875,True,0.400305897145281
4k8w__A1_Q8RP52--4k8w__A2_Q8RP52,1,4,3,1,0.5262152136621386,86.0625,True,0.6244873582878557
4k8w__A1_Q8RP52--4k8w__A2_Q8RP52,2,2,2,1,0.0983818424252143,70.6875,False,0.5942607912227272
4k8w__A1_Q8RP52--4k8w__A2_Q8RP52,3,4,2,1,0.3638717491966118,68.125,True,0.5990828351836395
4k8w__A1_Q8RP52--4k8w__A2_Q8RP52,4,2,3,1,0.0942438022708254,64.6875,False,0.5720341641644721
4k8w__A1_Q8RP52--4k8w__A2_Q8RP52,5,1,3,1,0.1343772313194026,64.5,False,0.5922325443684261
4k8w__A1_Q8RP52--4k8w__A2_Q8RP52,6,4,0,1,0.3149200456404455,61.75,True,0.5776287757812824
4k8w__A1_Q8RP52--4k8w__A2_Q8RP52,7,2,0,1,0.1700223213597326,51.15625,False,0.544860255234698
4k8w__A1_Q8RP52--4k8w__A2_Q8RP52,8,4,1,1,0.2056567645060663,50.9375,False,0.5377217135526129
4k8w__A1_Q8RP52--4k8w__A2_Q8RP52,9,5,2,1,0.0803189575704954,49.5625,False,0.5303502498474928
4k8w__A1_Q8RP52--4k8w__A2_Q8RP52,10,2,1,1,0.1739268455031153,48.71875,False,0.5188950893358866
4k8w__A1_Q8RP52--4k8w__A2_Q8RP52,11,1,2,1,0.1580182296679843,46.84375,False,0.5047472985920982
4k8w__A1_Q8RP52--4k8w__A2_Q8RP52,12,5,0,1,0.0571973927490292,40.5,False,0.47414231093446185
4k8w__A1_Q8RP52--4k8w__A2_Q8RP52,13,5,3,1,0.0753753200201384,36.96875,False,0.45281504205780765
4k8w__A1_Q8RP52--4k8w__A2_Q8RP52,14,3,2,1,0.2005752320097802,33.5,False,0.4645004213232428
4k8w__A1_Q8RP52--4k8w__A2_Q8RP52,15,3,3,1,0.1712440324394693,32.59375,False,0.46345997295692504
4k8w__A1_Q8RP52--4k8w__A2_Q8RP52,16,1,0,1,0.1687560771820106,29.484375,False,0.4199670906355295
4k8w__A1_Q8RP52--4k8w__A2_Q8RP52,17,5,1,1,0.0434924681479715,29.15625,False,0.4367916498422984
4k8w__A1_Q8RP52--4k8w__A2_Q8RP52,18,1,1,1,0.3597209819143956,28.78125,True,0.4418979543133418
4k8w__A1_Q8RP52--4k8w__A2_Q8RP52,19,3,0,1,0.1802139355835795,23.953125,False,0.39387787995292717
4k8w__A1_Q8RP52--4k8w__A2_Q8RP52,20,3,1,1,0.1621758822504099,23.90625,False,0.39615514535188506
4kk1__A1_Q09778--4kk1__B1_Q09778,1,4,3,1,0.0193862138413704,59.34375,False,0.6244873582878557
4kk1__A1_Q09778--4kk1__B1_Q09778,2,4,2,1,0.019450858923769,52.375,False,0.5918806753983709
4kk1__A1_Q09778--4kk1__B1_Q09778,3,2,0,1,0.0196239463893595,49.0,False,0.5882099146162068
4kk1__A1_Q09778--4kk1__B1_Q09778,4,2,2,1,0.0194168087245655,48.65625,False,0.5850514740080169
4kk1__A1_Q09778--4kk1__B1_Q09778,5,2,3,1,0.0196377831146855,47.71875,False,0.5607536541345761
4kk1__A1_Q09778--4kk1__B1_Q09778,6,4,0,1,0.0194932829980244,46.5,False,0.5655739465127372
4kk1__A1_Q09778--4kk1__B1_Q09778,7,2,1,1,0.0196147603312719,46.125,False,0.5387813647357954
4kk1__A1_Q09778--4kk1__B1_Q09778,8,4,1,1,0.0193959155612893,43.1875,False,0.5425026715475968
4kk1__A1_Q09778--4kk1__B1_Q09778,9,1,3,1,0.027639700930236,42.0,False,0.538788129205491
4kk1__A1_Q09778--4kk1__B1_Q09778,10,1,2,1,0.0276442098041711,39.875,False,0.5429826640648042
4kk1__A1_Q09778--4kk1__B1_Q09778,11,5,0,1,0.0197393770965935,38.65625,False,0.488605919677321
4kk1__A1_Q09778--4kk1__B1_Q09778,12,1,1,1,0.0402461678942623,38.40625,False,0.4988917782429831
4kk1__A1_Q09778--4kk1__B1_Q09778,13,5,3,1,0.0281014688198326,36.5,False,0.4654596194104213
4kk1__A1_Q09778--4kk1__B1_Q09778,14,5,1,1,0.0282026751489255,36.21875,False,0.46409034476191036
4kk1__A1_Q09778--4kk1__B1_Q09778,15,1,0,1,0.0446430093034657,35.78125,False,0.46983750709382094
4kk1__A1_Q09778--4kk1__B1_Q09778,16,3,0,1,0.036157432138508,33.375,False,0.4381543825953245
4kk1__A1_Q09778--4kk1__B1_Q09778,17,3,1,1,0.0360522311080423,31.90625,False,0.4264997963452533
4kk1__A1_Q09778--4kk1__B1_Q09778,18,3,2,1,0.0401690963476361,31.703125,False,0.4118346360051836
4kk1__A1_Q09778--4kk1__B1_Q09778,19,5,2,1,0.0364268737826188,30.890625,False,0.4027334331202269
4kk1__A1_Q09778--4kk1__B1_Q09778,20,3,3,1,0.0442794574310912,29.625,False,0.3958211005394085
4kun__A1_UNDEFINED--4kun__B1_UNDEFINED,1,2,2,3,0.2816439575412967,86.6875,True,0.6238507407359268
4kun__A1_UNDEFINED--4kun__B1_UNDEFINED,2,2,0,3,0.2840932947062117,85.3125,True,0.6120381512938262
4kun__A1_UNDEFINED--4kun__B1_UNDEFINED,3,4,1,3,0.7605846224731924,81.0,True,0.6000923977774686
4kun__A1_UNDEFINED--4kun__B1_UNDEFINED,4,5,3,3,0.7522947017003824,79.5625,True,0.5808397846405593
4kun__A1_UNDEFINED--4kun__B1_UNDEFINED,5,4,3,3,0.7548433399370303,79.4375,True,0.5763971235199331
4kun__A1_UNDEFINED--4kun__B1_UNDEFINED,6,5,0,3,0.7484130618160071,79.1875,True,0.5598861483410449
4kun__A1_UNDEFINED--4kun__B1_UNDEFINED,7,4,2,3,0.7489993628912348,78.6875,True,0.5582268415485876
4kun__A1_UNDEFINED--4kun__B1_UNDEFINED,8,4,0,3,0.7340122798329084,78.625,True,0.5418272009303999
4kun__A1_UNDEFINED--4kun__B1_UNDEFINED,9,5,2,3,0.7294108008857171,78.3125,True,0.5269043354276763
4kun__A1_UNDEFINED--4kun__B1_UNDEFINED,10,5,1,3,0.8363534932275748,77.6875,True,0.5140867124169641
4kun__A1_UNDEFINED--4kun__B1_UNDEFINED,11,3,2,3,0.7831235755612616,77.5625,True,0.5011939924356477
4kun__A1_UNDEFINED--4kun__B1_UNDEFINED,12,3,3,3,0.7980120648392135,76.0,True,0.48887998982975284
4kun__A1_UNDEFINED--4kun__B1_UNDEFINED,13,3,0,3,0.7597144042846334,74.75,True,0.4763863607834589
4kun__A1_UNDEFINED--4kun__B1_UNDEFINED,14,3,1,3,0.8070577707630558,74.0625,True,0.46392221488029545
4kun__A1_UNDEFINED--4kun__B1_UNDEFINED,15,1,3,3,0.7712085846352291,71.4375,True,0.4515029801341562
4kun__A1_UNDEFINED--4kun__B1_UNDEFINED,16,1,0,3,0.7388556141112245,70.3125,True,0.4356656634814714
4kun__A1_UNDEFINED--4kun__B1_UNDEFINED,17,1,2,3,0.7314754506693708,69.5625,True,0.43032127171528367
4kun__A1_UNDEFINED--4kun__B1_UNDEFINED,18,1,1,3,0.7614693978670334,67.25,True,0.4146652421780507
4kun__A1_UNDEFINED--4kun__B1_UNDEFINED,19,2,1,3,0.7402379908853528,60.375,True,0.40257439134918865
4kun__A1_UNDEFINED--4kun__B1_UNDEFINED,20,2,3,3,0.7236768971447874,56.03125,True,0.39060082847309135
4l4x__A1_Q93NX9--4l4x__A2_Q93NX9,1,5,0,0,0.0768369340453875,68.1875,False,0.6236173328536279
4l4x__A1_Q93NX9--4l4x__A2_Q93NX9,2,1,1,0,0.0622877375637178,62.53125,False,0.611863648483517
4l4x__A1_Q93NX9--4l4x__A2_Q93NX9,3,2,1,0,0.0378894840162784,62.21875,False,0.618413907831894
4l4x__A1_Q93NX9--4l4x__A2_Q93NX9,4,2,3,0,0.0376892425977578,61.65625,False,0.5937774076120305
4l4x__A1_Q93NX9--4l4x__A2_Q93NX9,5,1,0,0,0.0778109877160642,61.09375,False,0.5828037098005934
4l4x__A1_Q93NX9--4l4x__A2_Q93NX9,6,1,2,0,0.0780441545101042,60.46875,False,0.5582559436116697
4l4x__A1_Q93NX9--4l4x__A2_Q93NX9,7,2,2,0,0.0371487079169684,60.15625,False,0.5603175061902359
4l4x__A1_Q93NX9--4l4x__A2_Q93NX9,8,1,3,0,0.0537846636974245,54.9375,False,0.5421278957723652
4l4x__A1_Q93NX9--4l4x__A2_Q93NX9,9,3,1,0,0.0986883383816717,28.90625,False,0.5148275566487699
4l4x__A1_Q93NX9--4l4x__A2_Q93NX9,10,3,3,0,0.0710614848685511,28.828125,False,0.5184703505770696
4l4x__A1_Q93NX9--4l4x__A2_Q93NX9,11,5,3,0,0.2490743172930863,27.859375,True,0.4566717448063703
4l4x__A1_Q93NX9--4l4x__A2_Q93NX9,12,3,0,0,0.1012224266622181,27.65625,False,0.4822519481084049
4l4x__A1_Q93NX9--4l4x__A2_Q93NX9,13,3,2,0,0.1058385294226383,27.578125,False,0.468032044430584
4l4x__A1_Q93NX9--4l4x__A2_Q93NX9,14,2,0,0,0.1645782188449719,27.5625,False,0.4414482484871867
4l4x__A1_Q93NX9--4l4x__A2_Q93NX9,15,4,1,0,0.1315283971327777,26.75,False,0.43415858358696996
4l4x__A1_Q93NX9--4l4x__A2_Q93NX9,16,5,2,0,0.1787802916103423,26.40625,False,0.42954958120932973
4l4x__A1_Q93NX9--4l4x__A2_Q93NX9,17,4,3,0,0.0809381171197715,26.359375,False,0.4254022656208213
4l4x__A1_Q93NX9--4l4x__A2_Q93NX9,18,4,0,0,0.0742079492576591,26.1875,False,0.44745043729625195
4l4x__A1_Q93NX9--4l4x__A2_Q93NX9,19,4,2,0,0.0794437217133219,25.9375,False,0.43263913118897124
4l4x__A1_Q93NX9--4l4x__A2_Q93NX9,20,5,1,0,0.1248042364473218,24.8125,False,0.4228216536883382
4l9i__A1_P28327--4l9i__B1_P28327,1,4,3,4,0.0622548013796975,73.75,False,0.5814046441047959
4l9i__A1_P28327--4l9i__B1_P28327,2,4,1,4,0.0628522653114012,72.375,False,0.56091530771993
4l9i__A1_P28327--4l9i__B1_P28327,3,4,2,4,0.0641735616918375,72.375,False,0.5906148971007404
4l9i__A1_P28327--4l9i__B1_P28327,4,1,1,4,0.0612841281168676,64.75,False,0.5087598787146048
4l9i__A1_P28327--4l9i__B1_P28327,5,3,2,4,0.063421110993908,57.53125,False,0.5283255128840122
4l9i__A1_P28327--4l9i__B1_P28327,6,3,0,4,0.0635087195595073,54.75,False,0.5048987312603814
4l9i__A1_P28327--4l9i__B1_P28327,7,3,1,4,0.0636317896222407,54.6875,False,0.4784514249648634
4l9i__A1_P28327--4l9i__B1_P28327,8,5,1,4,0.0081448021890042,28.953125,False,0.5865844777733936
4l9i__A1_P28327--4l9i__B1_P28327,9,5,3,4,0.0082250978167293,28.859375,False,0.5738508115246895
4l9i__A1_P28327--4l9i__B1_P28327,10,5,2,4,0.0083381869138536,28.703125,False,0.5749802897234388
4l9i__A1_P28327--4l9i__B1_P28327,11,1,2,4,0.0082951189497048,28.46875,False,0.5334275896039717
4l9i__A1_P28327--4l9i__B1_P28327,12,4,0,4,0.0148505441269542,27.953125,False,0.5246997704838938
4l9i__A1_P28327--4l9i__B1_P28327,13,1,3,4,0.0081202661914606,27.296875,False,0.4927438202399423
4l9i__A1_P28327--4l9i__B1_P28327,14,5,0,4,0.0078901093854088,26.84375,False,0.5374223502106517
4l9i__A1_P28327--4l9i__B1_P28327,15,1,0,4,0.0065771049997495,25.21875,False,0.4012851948724314
4l9i__A1_P28327--4l9i__B1_P28327,16,2,1,4,0.0044020218203042,24.875,False,0.4009831049629877
4l9i__A1_P28327--4l9i__B1_P28327,17,2,2,4,0.0042163470361575,24.40625,False,0.4398878012741292
4l9i__A1_P28327--4l9i__B1_P28327,18,2,0,4,0.0045240718037207,24.28125,False,0.40015315342034735
4l9i__A1_P28327--4l9i__B1_P28327,19,2,3,4,0.0044294201289261,24.09375,False,0.4147910689486008
4l9i__A1_P28327--4l9i__B1_P28327,20,3,3,4,0.0049010312595226,23.703125,False,0.4463349056844402
4lo8__A1_Q8KHU9--4lo8__B1_Q45878,1,4,1,3,0.445963029444939,72.75,True,0.6190462323412945
4lo8__A1_Q8KHU9--4lo8__B1_Q45878,2,1,0,3,0.3821761316925942,69.5625,True,0.5826855842466634
4lo8__A1_Q8KHU9--4lo8__B1_Q45878,3,2,3,3,0.3162140805419244,68.5625,True,0.5838931239296957
4lo8__A1_Q8KHU9--4lo8__B1_Q45878,4,1,3,3,0.5093388367062963,67.25,True,0.5862783397464216
4lo8__A1_Q8KHU9--4lo8__B1_Q45878,5,3,2,3,0.2494106190364758,66.5,True,0.5629333057320826
4lo8__A1_Q8KHU9--4lo8__B1_Q45878,6,4,2,3,0.2411055569742476,66.3125,True,0.5520528810686189
4lo8__A1_Q8KHU9--4lo8__B1_Q45878,7,5,0,3,0.3626205266042659,65.1875,True,0.5772024476221372
4lo8__A1_Q8KHU9--4lo8__B1_Q45878,8,2,0,3,0.3717084040767271,62.0,True,0.5686762484160712
4lo8__A1_Q8KHU9--4lo8__B1_Q45878,9,3,3,3,0.1834392431803803,61.0625,False,0.5317294863176872
4lo8__A1_Q8KHU9--4lo8__B1_Q45878,10,3,0,3,0.2185982710980598,59.0,False,0.5010687396119424
4lo8__A1_Q8KHU9--4lo8__B1_Q45878,11,3,1,3,0.3042416116046327,58.28125,True,0.5060455832153354
4lo8__A1_Q8KHU9--4lo8__B1_Q45878,12,4,3,3,0.2339581175237667,58.125,True,0.4925451286290389
4lo8__A1_Q8KHU9--4lo8__B1_Q45878,13,1,2,3,0.2501442410679194,55.9375,True,0.49797333929640675
4lo8__A1_Q8KHU9--4lo8__B1_Q45878,14,5,3,3,0.2990032462552974,48.84375,True,0.46392221488029545
4lo8__A1_Q8KHU9--4lo8__B1_Q45878,15,1,1,3,0.1692777573593845,29.03125,False,0.45068455934568596
4lo8__A1_Q8KHU9--4lo8__B1_Q45878,16,4,0,3,0.0085005338254035,18.796875,False,0.4317071726605285
4lo8__A1_Q8KHU9--4lo8__B1_Q45878,17,5,2,3,0.010985285697936,17.734375,False,0.4172370099309664
4lo8__A1_Q8KHU9--4lo8__B1_Q45878,18,2,2,3,0.0147486589428078,16.59375,False,0.4096885907353337
4lo8__A1_Q8KHU9--4lo8__B1_Q45878,19,2,1,3,0.0153329447264472,16.546875,False,0.4227307491579149
4lo8__A1_Q8KHU9--4lo8__B1_Q45878,20,5,1,3,0.0086764932618665,16.140625,False,0.3930725950314642
4lp7__C1_Q91F56--4lp7__A1_Q91F56,1,5,2,1,0.0838438891847362,21.375,False,0.6139622019672428
4lp7__C1_Q91F56--4lp7__A1_Q91F56,2,4,0,1,0.0871244786785221,18.453125,False,0.5703043972308992
4lp7__C1_Q91F56--4lp7__A1_Q91F56,3,3,0,1,0.0808146366454893,18.125,False,0.6003899113059813
4lp7__C1_Q91F56--4lp7__A1_Q91F56,4,2,2,1,0.257657477916604,17.90625,True,0.5927413457871372
4lp7__C1_Q91F56--4lp7__A1_Q91F56,5,4,1,1,0.0332673597703019,17.796875,False,0.498054171944398
4lp7__C1_Q91F56--4lp7__A1_Q91F56,6,3,2,1,0.0346767316345603,17.640625,False,0.5213651806872072
4lp7__C1_Q91F56--4lp7__A1_Q91F56,7,4,3,1,0.0299823284224035,17.546875,False,0.5028582624039784
4lp7__C1_Q91F56--4lp7__A1_Q91F56,8,1,3,1,0.0916240324664885,17.265625,False,0.544524688668856
4lp7__C1_Q91F56--4lp7__A1_Q91F56,9,2,0,1,0.0932664511743055,16.578125,False,0.4994474039759675
4lp7__C1_Q91F56--4lp7__A1_Q91F56,10,3,1,1,0.0311487739561473,16.5625,False,0.4929246327136544
4lp7__C1_Q91F56--4lp7__A1_Q91F56,11,4,2,1,0.0717265964566661,16.53125,False,0.519951172694314
4lp7__C1_Q91F56--4lp7__A1_Q91F56,12,5,3,1,0.0632244717215499,16.46875,False,0.5217910795150662
4lp7__C1_Q91F56--4lp7__A1_Q91F56,13,2,3,1,0.133794163667504,16.40625,False,0.5422184946217226
4lp7__C1_Q91F56--4lp7__A1_Q91F56,14,1,2,1,0.06177640382139,15.890625,False,0.48208709180168985
4lp7__C1_Q91F56--4lp7__A1_Q91F56,15,2,1,1,0.0188634804133,15.8671875,False,0.4605890986146048
4lp7__C1_Q91F56--4lp7__A1_Q91F56,16,5,1,1,0.1135777950980808,15.7578125,False,0.4406669839208328
4lp7__C1_Q91F56--4lp7__A1_Q91F56,17,1,0,1,0.0528737007655672,15.578125,False,0.4475750557676369
4lp7__C1_Q91F56--4lp7__A1_Q91F56,18,1,1,1,0.1158133594050698,15.140625,False,0.46785047562138743
4lp7__C1_Q91F56--4lp7__A1_Q91F56,19,3,3,1,0.0348456345813869,15.1171875,False,0.42503597996845727
4lp7__C1_Q91F56--4lp7__A1_Q91F56,20,5,0,1,0.0276775165738077,13.9375,False,0.39589157600269664
4lrq__C1_A0A0H3ALA8--4lrq__A1_A0A0H3ALA8,1,3,3,3,0.0780186338848186,70.875,False,0.6238507407359268
4lrq__C1_A0A0H3ALA8--4lrq__A1_A0A0H3ALA8,2,3,2,3,0.0780638656550949,64.875,False,0.6120381512938262
4lrq__C1_A0A0H3ALA8--4lrq__A1_A0A0H3ALA8,3,2,3,3,0.0615859303478687,62.5,False,0.6000923977774686
4lrq__C1_A0A0H3ALA8--4lrq__A1_A0A0H3ALA8,4,3,0,3,0.060525364755908,59.75,False,0.5880264095818216
4lrq__C1_A0A0H3ALA8--4lrq__A1_A0A0H3ALA8,5,2,2,3,0.06175272355292,58.9375,False,0.575853681287441
4lrq__C1_A0A0H3ALA8--4lrq__A1_A0A0H3ALA8,6,5,2,3,0.0775526466084633,58.46875,False,0.5567428042080862
4lrq__C1_A0A0H3ALA8--4lrq__A1_A0A0H3ALA8,7,5,3,3,0.0596626428187212,58.21875,False,0.5581073955057805
4lrq__C1_A0A0H3ALA8--4lrq__A1_A0A0H3ALA8,8,5,1,3,0.0601243496074024,57.625,False,0.5388372647834183
4lrq__C1_A0A0H3ALA8--4lrq__A1_A0A0H3ALA8,9,5,0,3,0.0596336421344988,51.40625,False,0.5258591206221529
4lrq__C1_A0A0H3ALA8--4lrq__A1_A0A0H3ALA8,10,2,0,3,0.0627432256805153,48.625,False,0.5144169745325666
4lrq__C1_A0A0H3ALA8--4lrq__A1_A0A0H3ALA8,11,3,1,3,0.0613722715760446,39.71875,False,0.49752342600535876
4lrq__C1_A0A0H3ALA8--4lrq__A1_A0A0H3ALA8,12,2,1,3,0.0637091204902257,37.5,False,0.4927427904542626
4lrq__C1_A0A0H3ALA8--4lrq__A1_A0A0H3ALA8,13,1,1,3,0.0930944060567343,32.5,False,0.47523221188293346
4lrq__C1_A0A0H3ALA8--4lrq__A1_A0A0H3ALA8,14,1,0,3,0.0929115770293749,32.40625,False,0.4563034565390352
4lrq__C1_A0A0H3ALA8--4lrq__A1_A0A0H3ALA8,15,1,2,3,0.0902098621636667,32.1875,False,0.4577962755113111
4lrq__C1_A0A0H3ALA8--4lrq__A1_A0A0H3ALA8,16,1,3,3,0.0961803213082563,30.140625,False,0.43898105116228414
4lrq__C1_A0A0H3ALA8--4lrq__A1_A0A0H3ALA8,17,4,0,3,0.1973645090387512,24.5,False,0.4270215052332721
4lrq__C1_A0A0H3ALA8--4lrq__A1_A0A0H3ALA8,18,4,2,3,0.1926072554029829,24.25,False,0.4151466779143085
4lrq__C1_A0A0H3ALA8--4lrq__A1_A0A0H3ALA8,19,4,3,3,0.1722645265601153,24.078125,False,0.40166996030741514
4lrq__C1_A0A0H3ALA8--4lrq__A1_A0A0H3ALA8,20,4,1,3,0.1840558274391031,23.6875,False,0.3933880538030041
4luq__A1_Q9HYC5--4luq__C1_Q9HYC4,1,2,2,1,0.0068850428237788,91.25,False,0.6053026910275177
4luq__A1_Q9HYC5--4luq__C1_Q9HYC4,2,2,0,1,0.0069036597642748,91.125,False,0.5796276365375025
4luq__A1_Q9HYC5--4luq__C1_Q9HYC4,3,1,0,1,0.0069527981273994,90.8125,False,0.6142484494881726
4luq__A1_Q9HYC5--4luq__C1_Q9HYC4,4,2,1,1,0.0069172793293179,90.6875,False,0.5502106974962049
4luq__A1_Q9HYC5--4luq__C1_Q9HYC4,5,2,3,1,0.006899332974768,90.5625,False,0.5577557761342626
4luq__A1_Q9HYC5--4luq__C1_Q9HYC4,6,4,0,1,0.0068445532418714,90.25,False,0.5410300775327761
4luq__A1_Q9HYC5--4luq__C1_Q9HYC4,7,1,1,1,0.0069620057467137,90.1875,False,0.5472488451491342
4luq__A1_Q9HYC5--4luq__C1_Q9HYC4,8,1,2,1,0.0069491739361985,90.125,False,0.5902933028429714
4luq__A1_Q9HYC5--4luq__C1_Q9HYC4,9,3,0,1,0.0069456625354498,90.0625,False,0.5171461832798238
4luq__A1_Q9HYC5--4luq__C1_Q9HYC4,10,5,2,1,0.0069434653543601,90.0,False,0.4801557159454296
4luq__A1_Q9HYC5--4luq__C1_Q9HYC4,11,3,2,1,0.0069135102736265,89.9375,False,0.5177316490720643
4luq__A1_Q9HYC5--4luq__C1_Q9HYC4,12,4,2,1,0.0069025537648538,89.875,False,0.5048958063663536
4luq__A1_Q9HYC5--4luq__C1_Q9HYC4,13,5,0,1,0.0069521984181794,89.75,False,0.4888312792415262
4luq__A1_Q9HYC5--4luq__C1_Q9HYC4,14,4,3,1,0.0068781379883572,89.6875,False,0.4438883693451907
4luq__A1_Q9HYC5--4luq__C1_Q9HYC4,15,3,3,1,0.0069402059588418,89.5,False,0.4546594642560347
4luq__A1_Q9HYC5--4luq__C1_Q9HYC4,16,4,1,1,0.0069175707856885,89.4375,False,0.41877432805148923
4luq__A1_Q9HYC5--4luq__C1_Q9HYC4,17,1,3,1,0.0069696182288444,89.0,False,0.5043052455791172
4luq__A1_Q9HYC5--4luq__C1_Q9HYC4,18,3,1,1,0.0069200829926667,88.6875,False,0.43136445864047684
4luq__A1_Q9HYC5--4luq__C1_Q9HYC4,19,5,3,1,0.0069522737809939,88.5625,False,0.403757771625246
4luq__A1_Q9HYC5--4luq__C1_Q9HYC4,20,5,1,1,0.0069386253043339,88.3125,False,0.3900719388940591
4mgy__A1_Q9EQZ6--4mgy__B1_P61224,1,5,2,1,0.6082775803829716,88.4375,True,0.5823073384129769
4mgy__A1_Q9EQZ6--4mgy__B1_P61224,2,1,3,1,0.5831084069749333,88.1875,True,0.5833687944831465
4mgy__A1_Q9EQZ6--4mgy__B1_P61224,3,2,2,1,0.7614040298057253,88.1875,True,0.5755095062325173
4mgy__A1_Q9EQZ6--4mgy__B1_P61224,4,4,3,1,0.6008567972326295,88.0625,True,0.5662928926514833
4mgy__A1_Q9EQZ6--4mgy__B1_P61224,5,2,1,1,0.7453818714224439,87.4375,True,0.5442930451913832
4mgy__A1_Q9EQZ6--4mgy__B1_P61224,6,4,0,1,0.6046148135513201,87.3125,True,0.5159176176880071
4mgy__A1_Q9EQZ6--4mgy__B1_P61224,7,5,3,1,0.5242029300813424,86.8125,True,0.5690038925011063
4mgy__A1_Q9EQZ6--4mgy__B1_P61224,8,4,2,1,0.6105324630212454,86.5625,True,0.4839389649619387
4mgy__A1_Q9EQZ6--4mgy__B1_P61224,9,1,2,1,0.5542773962782798,86.25,True,0.5120583782629198
4mgy__A1_Q9EQZ6--4mgy__B1_P61224,10,2,3,1,0.4488277135101798,85.8125,True,0.5265715267022223
4mgy__A1_Q9EQZ6--4mgy__B1_P61224,11,4,1,1,0.523910705333885,85.4375,True,0.5084367599113969
4mgy__A1_Q9EQZ6--4mgy__B1_P61224,12,5,1,1,0.5351177266716709,85.4375,True,0.5415840564903264
4mgy__A1_Q9EQZ6--4mgy__B1_P61224,13,1,1,1,0.5856869346317906,85.0,True,0.482858935316625
4mgy__A1_Q9EQZ6--4mgy__B1_P61224,14,3,1,1,0.4438493205423213,84.5625,True,0.48133649301580095
4mgy__A1_Q9EQZ6--4mgy__B1_P61224,15,1,0,1,0.4281047097854562,83.375,True,0.46792920334340365
4mgy__A1_Q9EQZ6--4mgy__B1_P61224,16,3,0,1,0.5529432257009192,82.75,True,0.4472916715023988
4mgy__A1_Q9EQZ6--4mgy__B1_P61224,17,3,2,1,0.6092139405897926,82.5625,True,0.4655181453486182
4mgy__A1_Q9EQZ6--4mgy__B1_P61224,18,3,3,1,0.5801649791715139,82.25,True,0.4291287645219663
4mgy__A1_Q9EQZ6--4mgy__B1_P61224,19,5,0,1,0.5177107941752738,79.75,True,0.46355885427568216
4mgy__A1_Q9EQZ6--4mgy__B1_P61224,20,2,0,1,0.4357069969510493,77.6875,True,0.39507102408976097
4muc__B1_Q03591--4muc__A1_Q03591,1,2,2,4,0.3050739807925627,41.84375,True,0.6287323427945517
4muc__B1_Q03591--4muc__A1_Q03591,2,1,1,4,0.0711303998774767,25.09375,False,0.6069334517789445
4muc__B1_Q03591--4muc__A1_Q03591,3,1,2,4,0.1429161078182543,23.078125,False,0.5732255792195798
4muc__B1_Q03591--4muc__A1_Q03591,4,1,0,4,0.1697853435023741,22.46875,False,0.5765077920320939
4muc__B1_Q03591--4muc__A1_Q03591,5,5,1,4,0.1002025778913486,22.1875,False,0.5756636769259742
4muc__B1_Q03591--4muc__A1_Q03591,6,2,3,4,0.0824270613740466,19.90625,False,0.5464326178182684
4muc__B1_Q03591--4muc__A1_Q03591,7,2,0,4,0.1483927765498464,19.53125,False,0.5145860696374687
4muc__B1_Q03591--4muc__A1_Q03591,8,2,1,4,0.2096063362267578,19.15625,False,0.522154821130652
4muc__B1_Q03591--4muc__A1_Q03591,9,4,2,4,0.0251720901903365,18.78125,False,0.524495886179805
4muc__B1_Q03591--4muc__A1_Q03591,10,4,1,4,0.0267030757551906,18.65625,False,0.5442767419067467
4muc__B1_Q03591--4muc__A1_Q03591,11,4,0,4,0.0215188402289362,18.390625,False,0.5311899648515208
4muc__B1_Q03591--4muc__A1_Q03591,12,4,3,4,0.0719776491188269,18.359375,False,0.4969599110007691
4muc__B1_Q03591--4muc__A1_Q03591,13,1,3,4,0.1003234407617593,17.609375,False,0.45473673055784647
4muc__B1_Q03591--4muc__A1_Q03591,14,3,2,4,0.0283262703092545,17.40625,False,0.4587966178007326
4muc__B1_Q03591--4muc__A1_Q03591,15,5,2,4,0.0294190496645619,17.09375,False,0.4741985430611385
4muc__B1_Q03591--4muc__A1_Q03591,16,5,3,4,0.0462667449904519,16.3125,False,0.43621600018552553
4muc__B1_Q03591--4muc__A1_Q03591,17,5,0,4,0.0513224823047364,16.171875,False,0.4150914350346063
4muc__B1_Q03591--4muc__A1_Q03591,18,3,0,4,0.0503643721294724,15.9296875,False,0.402720893729895
4muc__B1_Q03591--4muc__A1_Q03591,19,3,3,4,0.0245431761934668,15.9140625,False,0.38611382680352707
4muc__B1_Q03591--4muc__A1_Q03591,20,3,1,4,0.0340142655523406,15.890625,False,0.40937546582122
4mxe__A1_Q5FWF5--4mxe__B1_Q5FWF5,1,3,0,2,0.2689491583438005,79.25,True,0.6230287144243065
4mxe__A1_Q5FWF5--4mxe__B1_Q5FWF5,2,1,3,2,0.1996516466649958,78.8125,False,0.6141496907945759
4mxe__A1_Q5FWF5--4mxe__B1_Q5FWF5,3,1,0,2,0.1876821097008131,78.0625,False,0.597322345592933
4mxe__A1_Q5FWF5--4mxe__B1_Q5FWF5,4,1,1,2,0.212778980206593,77.9375,False,0.5860334828859726
4mxe__A1_Q5FWF5--4mxe__B1_Q5FWF5,5,1,2,2,0.1907790528934075,77.0625,False,0.5840377147458942
4mxe__A1_Q5FWF5--4mxe__B1_Q5FWF5,6,4,1,2,0.2556165889960547,75.9375,True,0.5603786230687522
4mxe__A1_Q5FWF5--4mxe__B1_Q5FWF5,7,4,0,2,0.2661123067338271,74.9375,True,0.5516746882858173
4mxe__A1_Q5FWF5--4mxe__B1_Q5FWF5,8,4,2,2,0.2753295748092045,73.75,True,0.5278130608574171
4mxe__A1_Q5FWF5--4mxe__B1_Q5FWF5,9,2,1,2,0.226503217677637,73.1875,False,0.535696217978407
4mxe__A1_Q5FWF5--4mxe__B1_Q5FWF5,10,4,3,2,0.229665540990597,72.875,False,0.518018113073092
4mxe__A1_Q5FWF5--4mxe__B1_Q5FWF5,11,2,3,2,0.2164307075286159,72.0,False,0.5015741334845507
4mxe__A1_Q5FWF5--4mxe__B1_Q5FWF5,12,3,1,2,0.21946898807004,71.0,False,0.4938023784881235
4mxe__A1_Q5FWF5--4mxe__B1_Q5FWF5,13,5,0,2,0.1866444390957374,64.75,False,0.45825078140995634
4mxe__A1_Q5FWF5--4mxe__B1_Q5FWF5,14,3,2,2,0.2491356312488468,64.25,True,0.48409021255858875
4mxe__A1_Q5FWF5--4mxe__B1_Q5FWF5,15,5,2,2,0.1562547668357092,61.25,False,0.42778492456041506
4mxe__A1_Q5FWF5--4mxe__B1_Q5FWF5,16,2,2,2,0.2714973093205989,60.65625,True,0.4510315113142687
4mxe__A1_Q5FWF5--4mxe__B1_Q5FWF5,17,2,0,2,0.2260832450718011,60.40625,False,0.436879291773809
4mxe__A1_Q5FWF5--4mxe__B1_Q5FWF5,18,5,1,2,0.2377124504963149,59.5625,True,0.41112607986565436
4mxe__A1_Q5FWF5--4mxe__B1_Q5FWF5,19,5,3,2,0.0752380356537555,59.40625,False,0.4126605466542679
4mxe__A1_Q5FWF5--4mxe__B1_Q5FWF5,20,3,3,2,0.2292322204181336,58.0,False,0.4287230619655886
4n1j__B1_Q86W24--4n1j__A1_Q86W24,1,4,0,0,0.126247796600908,26.125,False,0.6305637859732365
4n1j__B1_Q86W24--4n1j__A1_Q86W24,2,4,1,0,0.1513472190299051,24.25,False,0.5984266617557681
4n1j__B1_Q86W24--4n1j__A1_Q86W24,3,2,1,0,0.1416445407133925,20.78125,False,0.5992770861631005
4n1j__B1_Q86W24--4n1j__A1_Q86W24,4,2,2,0,0.209689092546584,20.09375,False,0.5669266969701718
4n1j__B1_Q86W24--4n1j__A1_Q86W24,5,5,2,0,0.2022455926466098,19.5,False,0.5781892165881074
4n1j__B1_Q86W24--4n1j__A1_Q86W24,6,5,3,0,0.1546993437731536,17.328125,False,0.503104460174962
4n1j__B1_Q86W24--4n1j__A1_Q86W24,7,1,2,0,0.067809655549122,17.234375,False,0.5434432320006422
4n1j__B1_Q86W24--4n1j__A1_Q86W24,8,1,1,0,0.0668308010042735,17.046875,False,0.5070142029603081
4n1j__B1_Q86W24--4n1j__A1_Q86W24,9,2,3,0,0.1453381305163596,16.890625,False,0.4365144794310887
4n1j__B1_Q86W24--4n1j__A1_Q86W24,10,2,0,0,0.1338812530404199,16.84375,False,0.44759962512652013
4n1j__B1_Q86W24--4n1j__A1_Q86W24,11,5,0,0,0.1913097861885551,16.828125,False,0.4803393104653405
4n1j__B1_Q86W24--4n1j__A1_Q86W24,12,1,3,0,0.100396177976948,16.46875,False,0.4906296530401886
4n1j__B1_Q86W24--4n1j__A1_Q86W24,13,3,3,0,0.1138824089761239,16.421875,False,0.4876175456746296
4n1j__B1_Q86W24--4n1j__A1_Q86W24,14,5,1,0,0.0885001541010796,16.21875,False,0.5478544000732704
4n1j__B1_Q86W24--4n1j__A1_Q86W24,15,4,2,0,0.157357298680557,15.984375,False,0.5400527767026048
4n1j__B1_Q86W24--4n1j__A1_Q86W24,16,3,0,0,0.1989794879621636,15.84375,False,0.45960767666843455
4n1j__B1_Q86W24--4n1j__A1_Q86W24,17,4,3,0,0.1017772061594045,15.4765625,False,0.5017649220508044
4n1j__B1_Q86W24--4n1j__A1_Q86W24,18,3,1,0,0.0936116607900282,15.1171875,False,0.4223967418513638
4n1j__B1_Q86W24--4n1j__A1_Q86W24,19,3,2,0,0.1111174768571608,14.1171875,False,0.4127948253718641
4n1j__B1_Q86W24--4n1j__A1_Q86W24,20,1,0,0,0.0649457574438652,14.0,False,0.41304373530108823
4n1k__B1_Q86W24--4n1k__A1_Q86W24,1,4,1,1,0.0216514610931053,42.90625,False,0.6244873582878557
4n1k__B1_Q86W24--4n1k__A1_Q86W24,2,2,1,1,0.2668381260172673,34.78125,True,0.6081035280352934
4n1k__B1_Q86W24--4n1k__A1_Q86W24,3,4,0,1,0.0295181486941555,30.125,False,0.6049952057805636
4n1k__B1_Q86W24--4n1k__A1_Q86W24,4,3,1,1,0.0906133865991057,27.125,False,0.5560777214070833
4n1k__B1_Q86W24--4n1k__A1_Q86W24,5,3,3,1,0.0938721635866845,25.390625,False,0.5567405330275608
4n1k__B1_Q86W24--4n1k__A1_Q86W24,6,3,2,1,0.0917093376243132,24.9375,False,0.5340392681028194
4n1k__B1_Q86W24--4n1k__A1_Q86W24,7,2,0,1,0.0721335305493586,23.484375,False,0.5379391821405762
4n1k__B1_Q86W24--4n1k__A1_Q86W24,8,2,2,1,0.0660532575889134,22.171875,False,0.5381845359052315
4n1k__B1_Q86W24--4n1k__A1_Q86W24,9,3,0,1,0.0655351420321041,21.984375,False,0.4950566781191061
4n1k__B1_Q86W24--4n1k__A1_Q86W24,10,1,0,1,0.1732994701115032,19.875,False,0.45379940609716307
4n1k__B1_Q86W24--4n1k__A1_Q86W24,11,1,2,1,0.1081885833908715,19.828125,False,0.5132957479994219
4n1k__B1_Q86W24--4n1k__A1_Q86W24,12,4,3,1,0.1590701130012638,19.625,False,0.4834939059180171
4n1k__B1_Q86W24--4n1k__A1_Q86W24,13,1,1,1,0.0909846035547549,19.59375,False,0.4541001556879145
4n1k__B1_Q86W24--4n1k__A1_Q86W24,14,5,1,1,0.1689118332709612,19.546875,False,0.48989457822098986
4n1k__B1_Q86W24--4n1k__A1_Q86W24,15,5,3,1,0.4074847396420811,19.5,True,0.5179223562101557
4n1k__B1_Q86W24--4n1k__A1_Q86W24,16,4,2,1,0.0654105202799133,19.015625,False,0.46540559961759875
4n1k__B1_Q86W24--4n1k__A1_Q86W24,17,1,3,1,0.0666128732306766,18.5625,False,0.4625156145796139
4n1k__B1_Q86W24--4n1k__A1_Q86W24,18,2,3,1,0.0681234487839128,18.234375,False,0.4450277733685375
4n1k__B1_Q86W24--4n1k__A1_Q86W24,19,5,0,1,0.0830271770622855,16.78125,False,0.4011246903727077
4n1k__B1_Q86W24--4n1k__A1_Q86W24,20,5,2,1,0.0466012675307461,14.7265625,False,0.3972704695293946
4n6j__A1_Q13033--4n6j__B1_Q13033,1,4,1,2,0.0304486863605663,55.5,False,0.6230287144243065
4n6j__A1_Q13033--4n6j__B1_Q13033,2,4,3,2,0.0304277511092824,53.65625,False,0.6115736109422036
4n6j__A1_Q13033--4n6j__B1_Q13033,3,4,2,2,0.0299855222361991,45.8125,False,0.5999939038543413
4n6j__A1_Q13033--4n6j__B1_Q13033,4,2,3,2,0.0294285723962612,41.875,False,0.5569703999137865
4n6j__A1_Q13033--4n6j__B1_Q13033,5,5,3,2,0.0351100143980053,41.59375,False,0.5567739973617727
4n6j__A1_Q13033--4n6j__B1_Q13033,6,4,0,2,0.0302789876755462,41.53125,False,0.5637096448584158
4n6j__A1_Q13033--4n6j__B1_Q13033,7,3,1,2,0.0350270055379653,40.59375,False,0.5786459463566953
4n6j__A1_Q13033--4n6j__B1_Q13033,8,2,2,2,0.0346594498007066,40.0625,False,0.515716396819486
4n6j__A1_Q13033--4n6j__B1_Q13033,9,3,2,2,0.0394630102558978,39.84375,False,0.5446583898641114
4n6j__A1_Q13033--4n6j__B1_Q13033,10,3,3,2,0.0349066036816484,39.6875,False,0.5424283047709019
4n6j__A1_Q13033--4n6j__B1_Q13033,11,2,1,2,0.0347410299804765,39.25,False,0.48924699427519486
4n6j__A1_Q13033--4n6j__B1_Q13033,12,1,0,2,0.0242234893535613,39.1875,False,0.49713962007416035
4n6j__A1_Q13033--4n6j__B1_Q13033,13,2,0,2,0.0348535292154882,38.96875,False,0.47773084300485275
4n6j__A1_Q13033--4n6j__B1_Q13033,14,1,2,2,0.0240480917465408,36.34375,False,0.46273507715424655
4n6j__A1_Q13033--4n6j__B1_Q13033,15,5,0,2,0.0348341550643448,36.15625,False,0.4392114210263036
4n6j__A1_Q13033--4n6j__B1_Q13033,16,5,2,2,0.0346523820394898,35.96875,False,0.4483602856684219
4n6j__A1_Q13033--4n6j__B1_Q13033,17,1,3,2,0.0292694604468011,35.78125,False,0.44498334091982167
4n6j__A1_Q13033--4n6j__B1_Q13033,18,3,0,2,0.0296888374824827,35.0,False,0.43528296894074514
4n6j__A1_Q13033--4n6j__B1_Q13033,19,1,1,2,0.0243211553366257,33.96875,False,0.4195773670750097
4n6j__A1_Q13033--4n6j__B1_Q13033,20,5,1,2,0.0349412509575939,31.828125,False,0.3967744266854328
4nc4__A1_Q9FN03--4nc4__B1_Q9FN03,1,4,0,3,0.8160390604903479,93.75,True,0.6238507407359268
4nc4__A1_Q9FN03--4nc4__B1_Q9FN03,2,3,2,3,0.8203072962899416,93.625,True,0.6120381512938262
4nc4__A1_Q9FN03--4nc4__B1_Q9FN03,3,3,0,3,0.8073655502603115,93.25,True,0.6000923977774686
4nc4__A1_Q9FN03--4nc4__B1_Q9FN03,4,3,1,3,0.8025225277140695,92.375,True,0.5880264095818216
4nc4__A1_Q9FN03--4nc4__B1_Q9FN03,5,3,3,3,0.8057554798754998,91.9375,True,0.575853681287441
4nc4__A1_Q9FN03--4nc4__B1_Q9FN03,6,5,3,3,0.0052550741083961,27.859375,False,0.5480153166056063
4nc4__A1_Q9FN03--4nc4__B1_Q9FN03,7,5,2,3,0.0053313534715243,27.828125,False,0.5460035839913121
4nc4__A1_Q9FN03--4nc4__B1_Q9FN03,8,5,1,3,0.0053323789084205,27.71875,False,0.5341278751785385
4nc4__A1_Q9FN03--4nc4__B1_Q9FN03,9,2,0,3,0.0062768751772379,27.546875,False,0.5430571703740922
4nc4__A1_Q9FN03--4nc4__B1_Q9FN03,10,5,0,3,0.00584435863172,27.140625,False,0.5146679005817816
4nc4__A1_Q9FN03--4nc4__B1_Q9FN03,11,1,0,3,0.0055455589985134,24.0625,False,0.4903526918395576
4nc4__A1_Q9FN03--4nc4__B1_Q9FN03,12,1,2,3,0.0056502586497184,23.890625,False,0.4751112586158539
4nc4__A1_Q9FN03--4nc4__B1_Q9FN03,13,1,1,3,0.0056203636898082,23.78125,False,0.48013863936880347
4nc4__A1_Q9FN03--4nc4__B1_Q9FN03,14,2,2,3,0.0064484383664345,23.71875,False,0.4772110751507427
4nc4__A1_Q9FN03--4nc4__B1_Q9FN03,15,1,3,3,0.0054811442792829,23.3125,False,0.4591694066242526
4nc4__A1_Q9FN03--4nc4__B1_Q9FN03,16,2,3,3,0.0063180023843287,22.1875,False,0.4318761743356337
4nc4__A1_Q9FN03--4nc4__B1_Q9FN03,17,2,1,3,0.0054458716452829,22.15625,False,0.43638244532438086
4nc4__A1_Q9FN03--4nc4__B1_Q9FN03,18,4,1,3,0.0060506488902212,21.921875,False,0.4145544275394989
4nc4__A1_Q9FN03--4nc4__B1_Q9FN03,19,4,3,3,0.0060822466098393,20.328125,False,0.4010837510120357
4nc4__A1_Q9FN03--4nc4__B1_Q9FN03,20,4,2,3,0.0063615023549117,19.890625,False,0.397874098192838
4ndj__A1_U6GSR1--4ndj__A2_U6GSR1,1,5,0,2,0.0154801976447282,22.953125,False,0.6179916856804518
4ndj__A1_U6GSR1--4ndj__A2_U6GSR1,2,5,3,2,0.0137499335836493,22.140625,False,0.5658242735232397
4ndj__A1_U6GSR1--4ndj__A2_U6GSR1,3,2,0,2,0.0171193655394913,21.8125,False,0.5915695112390913
4ndj__A1_U6GSR1--4ndj__A2_U6GSR1,4,2,2,2,0.0181636764864857,21.40625,False,0.564669551082202
4ndj__A1_U6GSR1--4ndj__A2_U6GSR1,5,2,3,2,0.0164887175723757,21.390625,False,0.5522979948917811
4ndj__A1_U6GSR1--4ndj__A2_U6GSR1,6,5,1,2,0.01115264338282,19.828125,False,0.5870163814491007
4ndj__A1_U6GSR1--4ndj__A2_U6GSR1,7,4,3,2,0.0108304289500338,19.609375,False,0.5302401564268848
4ndj__A1_U6GSR1--4ndj__A2_U6GSR1,8,4,0,2,0.0200713529792593,19.484375,False,0.5848263253186966
4ndj__A1_U6GSR1--4ndj__A2_U6GSR1,9,4,1,2,0.0587310363739818,19.421875,False,0.5266685236922193
4ndj__A1_U6GSR1--4ndj__A2_U6GSR1,10,2,1,2,0.0110295953337479,18.96875,False,0.5107085030475715
4ndj__A1_U6GSR1--4ndj__A2_U6GSR1,11,3,2,2,0.009955447833665,18.875,False,0.4442774189766347
4ndj__A1_U6GSR1--4ndj__A2_U6GSR1,12,4,2,2,0.00894882387041,18.59375,False,0.46598160181067916
4ndj__A1_U6GSR1--4ndj__A2_U6GSR1,13,1,0,2,0.0115602992599056,18.578125,False,0.4442940870990191
4ndj__A1_U6GSR1--4ndj__A2_U6GSR1,14,1,2,2,0.0090088893314187,18.546875,False,0.42790398569265325
4ndj__A1_U6GSR1--4ndj__A2_U6GSR1,15,1,1,2,0.0104424738575405,18.484375,False,0.42242576604228504
4ndj__A1_U6GSR1--4ndj__A2_U6GSR1,16,1,3,2,0.0159580007125661,18.390625,False,0.42786683689520427
4ndj__A1_U6GSR1--4ndj__A2_U6GSR1,17,5,2,2,0.0194279825035863,18.3125,False,0.5267286556869242
4ndj__A1_U6GSR1--4ndj__A2_U6GSR1,18,3,0,2,0.0536481464289867,18.3125,False,0.47951145113465904
4ndj__A1_U6GSR1--4ndj__A2_U6GSR1,19,3,3,2,0.0314386902106691,18.046875,False,0.4848343598246783
4ndj__A1_U6GSR1--4ndj__A2_U6GSR1,20,3,1,2,0.0201663724128721,17.953125,False,0.4494009561056947
4nfu__A1_Q9XF23--4nfu__B1_Q4F883,1,5,2,3,0.4541562379120427,85.625,True,0.6144914571686406
4nfu__A1_Q9XF23--4nfu__B1_Q4F883,2,4,0,3,0.4747938600697556,85.5625,True,0.5993993510026303
4nfu__A1_Q9XF23--4nfu__B1_Q4F883,3,1,2,3,0.506684337409073,85.375,True,0.60831916632853
4nfu__A1_Q9XF23--4nfu__B1_Q4F883,4,5,1,3,0.4746224452990213,85.3125,True,0.5057723020585676
4nfu__A1_Q9XF23--4nfu__B1_Q4F883,5,5,0,3,0.4666055744195804,85.25,True,0.5662635944778847
4nfu__A1_Q9XF23--4nfu__B1_Q4F883,6,5,3,3,0.484031061002137,85.25,True,0.4843946037675304
4nfu__A1_Q9XF23--4nfu__B1_Q4F883,7,4,1,3,0.475879774439165,85.1875,True,0.5602024034842716
4nfu__A1_Q9XF23--4nfu__B1_Q4F883,8,4,3,3,0.5117075865802234,85.125,True,0.4741237945339588
4nfu__A1_Q9XF23--4nfu__B1_Q4F883,9,1,1,3,0.49193995414774,84.75,True,0.5250389256749919
4nfu__A1_Q9XF23--4nfu__B1_Q4F883,10,1,0,3,0.5112432904624243,84.6875,True,0.5577597076138529
4nfu__A1_Q9XF23--4nfu__B1_Q4F883,11,2,0,3,0.5112825783749274,84.1875,True,0.5304909384111386
4nfu__A1_Q9XF23--4nfu__B1_Q4F883,12,4,2,3,0.4674700896530546,84.0625,True,0.5233884785093345
4nfu__A1_Q9XF23--4nfu__B1_Q4F883,13,3,0,3,0.4626811517240157,84.0,True,0.5162441743716727
4nfu__A1_Q9XF23--4nfu__B1_Q4F883,14,2,2,3,0.469476244656469,83.875,True,0.40340940836573913
4nfu__A1_Q9XF23--4nfu__B1_Q4F883,15,3,3,3,0.4931364529658226,83.875,True,0.44872339861905786
4nfu__A1_Q9XF23--4nfu__B1_Q4F883,16,3,2,3,0.4761558945034667,83.8125,True,0.45926176963907767
4nfu__A1_Q9XF23--4nfu__B1_Q4F883,17,1,3,3,0.479718809451598,83.625,True,0.46031512136693903
4nfu__A1_Q9XF23--4nfu__B1_Q4F883,18,2,3,3,0.5146401045555957,83.5625,True,0.4736124113922156
4nfu__A1_Q9XF23--4nfu__B1_Q4F883,19,2,1,3,0.5144695960720091,83.375,True,0.40525530237279084
4nfu__A1_Q9XF23--4nfu__B1_Q4F883,20,3,1,3,0.4656318579153108,82.875,True,0.4333940733606178
4noo__A1_Q9KN42--4noo__B1_Q9KN41,1,4,0,3,0.7942468479723105,85.375,True,0.6238507407359268
4noo__A1_Q9KN42--4noo__B1_Q9KN41,2,1,3,3,0.7474054798014405,84.1875,True,0.607677641874986
4noo__A1_Q9KN42--4noo__B1_Q9KN41,3,1,0,3,0.8163841664329446,82.875,True,0.6039810493302337
4noo__A1_Q9KN42--4noo__B1_Q9KN41,4,3,1,3,0.7597857789118194,82.75,True,0.58532635135653
4noo__A1_Q9KN42--4noo__B1_Q9KN41,5,2,0,3,0.7519517172305337,82.125,True,0.5553930708274215
4noo__A1_Q9KN42--4noo__B1_Q9KN41,6,2,3,3,0.777882975005074,81.1875,True,0.5156688971627079
4noo__A1_Q9KN42--4noo__B1_Q9KN41,7,1,1,3,0.7613491074954507,80.5,True,0.5636978011219576
4noo__A1_Q9KN42--4noo__B1_Q9KN41,8,1,2,3,0.7578134653833629,80.125,True,0.5262451415934926
4noo__A1_Q9KN42--4noo__B1_Q9KN41,9,3,0,3,0.7531798446598938,80.125,True,0.5664483389727932
4noo__A1_Q9KN42--4noo__B1_Q9KN41,10,5,1,3,0.7331173094787745,80.0,True,0.45078072288746884
4noo__A1_Q9KN42--4noo__B1_Q9KN41,11,5,2,3,0.7661511938327058,79.75,True,0.5003553073776218
4noo__A1_Q9KN42--4noo__B1_Q9KN41,12,5,3,3,0.8011883147935054,79.125,True,0.48796933998782566
4noo__A1_Q9KN42--4noo__B1_Q9KN41,13,4,3,3,0.7613219720076172,78.6875,True,0.48291855291376506
4noo__A1_Q9KN42--4noo__B1_Q9KN41,14,4,2,3,0.7712656694071182,78.4375,True,0.5273474231539466
4noo__A1_Q9KN42--4noo__B1_Q9KN41,15,5,0,3,0.7979569282016475,77.9375,True,0.4605333387691368
4noo__A1_Q9KN42--4noo__B1_Q9KN41,16,3,2,3,0.7353587890777309,76.375,True,0.44868041391500557
4noo__A1_Q9KN42--4noo__B1_Q9KN41,17,4,1,3,0.7246456190739904,76.25,True,0.43508011746937325
4noo__A1_Q9KN42--4noo__B1_Q9KN41,18,3,3,3,0.6818115597542976,73.875,True,0.4146652421780507
4noo__A1_Q9KN42--4noo__B1_Q9KN41,19,2,1,3,0.1104137235544275,28.171875,False,0.3991796883021885
4noo__A1_Q9KN42--4noo__B1_Q9KN41,20,2,2,3,0.1344306916595774,27.828125,False,0.39397041418085876
4nsr__A1_Q9KN41--4nsr__C1_Q9KN41,1,4,1,4,0.822933711821706,87.6875,True,0.6287323427945517
4nsr__A1_Q9KN41--4nsr__C1_Q9KN41,2,4,2,4,0.7791890977899575,86.9375,True,0.616094207551083
4nsr__A1_Q9KN41--4nsr__C1_Q9KN41,3,2,3,4,0.8523085377580255,86.3125,True,0.6032973066517374
4nsr__A1_Q9KN41--4nsr__C1_Q9KN41,4,2,2,4,0.8405537414512935,85.5625,True,0.5900842463740421
4nsr__A1_Q9KN41--4nsr__C1_Q9KN41,5,2,1,4,0.846050506392613,85.3125,True,0.577566921251601
4nsr__A1_Q9KN41--4nsr__C1_Q9KN41,6,5,1,4,0.7902446239856878,83.875,True,0.5641160437747489
4nsr__A1_Q9KN41--4nsr__C1_Q9KN41,7,4,3,4,0.7876109000954283,80.5625,True,0.5508496549721202
4nsr__A1_Q9KN41--4nsr__C1_Q9KN41,8,3,1,4,0.0331711945340113,44.65625,False,0.5375105261564697
4nsr__A1_Q9KN41--4nsr__C1_Q9KN41,9,3,3,4,0.0336582523559713,38.0625,False,0.524117483403783
4nsr__A1_Q9KN41--4nsr__C1_Q9KN41,10,5,2,4,0.1999616974052444,29.4375,False,0.5064693030311288
4nsr__A1_Q9KN41--4nsr__C1_Q9KN41,11,3,0,4,0.0343562202971308,23.078125,False,0.48838976679573454
4nsr__A1_Q9KN41--4nsr__C1_Q9KN41,12,4,0,4,0.5921357045896259,22.21875,True,0.48303065172665566
4nsr__A1_Q9KN41--4nsr__C1_Q9KN41,13,2,0,4,0.4295234107150271,20.34375,True,0.46167692773110475
4nsr__A1_Q9KN41--4nsr__C1_Q9KN41,14,3,2,4,0.1910493360840023,19.265625,False,0.4653810938498404
4nsr__A1_Q9KN41--4nsr__C1_Q9KN41,15,5,0,4,0.1531757717524004,18.125,False,0.41740947198611933
4nsr__A1_Q9KN41--4nsr__C1_Q9KN41,16,5,3,4,0.1231153343746514,18.0625,False,0.41113600093129116
4nsr__A1_Q9KN41--4nsr__C1_Q9KN41,17,1,1,4,0.0425162783851328,17.0625,False,0.4322237858685589
4nsr__A1_Q9KN41--4nsr__C1_Q9KN41,18,1,0,4,0.0465834595884817,16.984375,False,0.4234693403085975
4nsr__A1_Q9KN41--4nsr__C1_Q9KN41,19,1,3,4,0.0541557331952402,16.765625,False,0.3926736971623471
4nsr__A1_Q9KN41--4nsr__C1_Q9KN41,20,1,2,4,0.0588793171929199,16.5,False,0.4021308277872084
4ny2__A1_UNDEFINED--4ny2__B1_UNDEFINED,1,2,0,2,0.8944935387270134,91.625,True,0.6110303000698563
4ny2__A1_UNDEFINED--4ny2__B1_UNDEFINED,2,4,2,2,0.9217897586831296,91.625,True,0.6131566895431807
4ny2__A1_UNDEFINED--4ny2__B1_UNDEFINED,3,1,3,2,0.9023585048016546,91.4375,True,0.6105320133511255
4ny2__A1_UNDEFINED--4ny2__B1_UNDEFINED,4,1,0,2,0.8959191449052873,91.0,True,0.588301374160422
4ny2__A1_UNDEFINED--4ny2__B1_UNDEFINED,5,4,0,2,0.7531947152465222,90.5625,True,0.5765083010473344
4ny2__A1_UNDEFINED--4ny2__B1_UNDEFINED,6,1,2,2,0.8908394877547368,89.75,True,0.5531681152644637
4ny2__A1_UNDEFINED--4ny2__B1_UNDEFINED,7,1,1,2,0.8825120643866079,89.4375,True,0.56077457555424
4ny2__A1_UNDEFINED--4ny2__B1_UNDEFINED,8,5,0,2,0.8007104263784838,88.8125,True,0.5440430731508056
4ny2__A1_UNDEFINED--4ny2__B1_UNDEFINED,9,4,3,2,0.8805783564612778,88.25,True,0.528590792865769
4ny2__A1_UNDEFINED--4ny2__B1_UNDEFINED,10,4,1,2,0.8777077338154324,82.9375,True,0.5164930445120742
4ny2__A1_UNDEFINED--4ny2__B1_UNDEFINED,11,2,2,2,0.7720847751887902,82.1875,True,0.5043759333984783
4ny2__A1_UNDEFINED--4ny2__B1_UNDEFINED,12,2,1,2,0.2321926571589041,26.328125,True,0.49241831683730675
4ny2__A1_UNDEFINED--4ny2__B1_UNDEFINED,13,5,1,2,0.0054630022946141,23.078125,False,0.478640473496021
4ny2__A1_UNDEFINED--4ny2__B1_UNDEFINED,14,2,3,2,0.0205926626500467,22.90625,False,0.452727151331286
4ny2__A1_UNDEFINED--4ny2__B1_UNDEFINED,15,5,2,2,0.0057404949873822,22.71875,False,0.46097801772955194
4ny2__A1_UNDEFINED--4ny2__B1_UNDEFINED,16,3,1,2,0.0165104787408639,20.953125,False,0.4483664907138405
4ny2__A1_UNDEFINED--4ny2__B1_UNDEFINED,17,3,2,2,0.0075706021816764,19.953125,False,0.43364836297993575
4ny2__A1_UNDEFINED--4ny2__B1_UNDEFINED,18,3,3,2,0.0086571975963741,19.84375,False,0.42551702046737283
4ny2__A1_UNDEFINED--4ny2__B1_UNDEFINED,19,3,0,2,0.0083713999644243,19.703125,False,0.40401488509475286
4ny2__A1_UNDEFINED--4ny2__B1_UNDEFINED,20,5,3,2,0.0075872882597544,19.6875,False,0.401424529854343
4o4o__A1_Q8YLF9--4o4o__B1_Q8YLF9,1,4,3,0,0.0838607026393436,81.9375,False,0.6339485337275637
4o4o__A1_Q8YLF9--4o4o__B1_Q8YLF9,2,4,1,0,0.0714171838451135,81.0625,False,0.6153090280571081
4o4o__A1_Q8YLF9--4o4o__B1_Q8YLF9,3,4,0,0,0.0782892879660214,76.6875,False,0.5955933317477228
4o4o__A1_Q8YLF9--4o4o__B1_Q8YLF9,4,4,2,0,0.0845401834792816,74.5,False,0.576030946758276
4o4o__A1_Q8YLF9--4o4o__B1_Q8YLF9,5,5,3,0,0.0507559048715908,73.5,False,0.5518776963236993
4o4o__A1_Q8YLF9--4o4o__B1_Q8YLF9,6,5,2,0,0.0513151517995399,72.8125,False,0.5488256438199994
4o4o__A1_Q8YLF9--4o4o__B1_Q8YLF9,7,2,0,0,0.5856750977813034,70.5625,True,0.5688369903150704
4o4o__A1_Q8YLF9--4o4o__B1_Q8YLF9,8,5,1,0,0.049857521350127,70.4375,False,0.5100141560924323
4o4o__A1_Q8YLF9--4o4o__B1_Q8YLF9,9,2,1,0,0.5980812856617165,70.0625,True,0.5558456094759369
4o4o__A1_Q8YLF9--4o4o__B1_Q8YLF9,10,5,0,0,0.0449398466718196,69.8125,False,0.5143350789858148
4o4o__A1_Q8YLF9--4o4o__B1_Q8YLF9,11,1,1,0,0.0830432802618066,67.625,False,0.4528960613363121
4o4o__A1_Q8YLF9--4o4o__B1_Q8YLF9,12,1,3,0,0.0791185031197296,67.0625,False,0.47128388714865355
4o4o__A1_Q8YLF9--4o4o__B1_Q8YLF9,13,1,0,0,0.0764837478531709,66.75,False,0.4302180334180613
4o4o__A1_Q8YLF9--4o4o__B1_Q8YLF9,14,2,2,0,0.5817229430891852,65.875,True,0.5186637971472916
4o4o__A1_Q8YLF9--4o4o__B1_Q8YLF9,15,3,0,0,0.0678319213616727,64.0625,False,0.45075715833925045
4o4o__A1_Q8YLF9--4o4o__B1_Q8YLF9,16,3,3,0,0.0555873223654007,63.78125,False,0.4362636418813333
4o4o__A1_Q8YLF9--4o4o__B1_Q8YLF9,17,3,2,0,0.0566415037442532,63.625,False,0.4563812964754032
4o4o__A1_Q8YLF9--4o4o__B1_Q8YLF9,18,2,3,0,0.0653765776867132,55.4375,False,0.4010725255196456
4o4o__A1_Q8YLF9--4o4o__B1_Q8YLF9,19,1,2,0,0.6084408337562259,49.84375,True,0.47379656523031977
4o4o__A1_Q8YLF9--4o4o__B1_Q8YLF9,20,3,1,0,0.3514263048162474,30.453125,True,0.4047681058899885
4o6i__B1_P09992--4o6i__A1_P09992,1,1,1,1,0.5618450290845716,34.5,True,0.6045251754893075
4o6i__B1_P09992--4o6i__A1_P09992,2,1,0,1,0.0372938435312139,28.53125,False,0.6148839555680219
4o6i__B1_P09992--4o6i__A1_P09992,3,3,3,1,0.144169117579178,27.875,False,0.5199518942196794
4o6i__B1_P09992--4o6i__A1_P09992,4,3,2,1,0.1503594044202565,27.140625,False,0.5263589910833815
4o6i__B1_P09992--4o6i__A1_P09992,5,3,1,1,0.0314597724469979,26.21875,False,0.5484520971913036
4o6i__B1_P09992--4o6i__A1_P09992,6,5,0,1,0.1226506564823147,24.59375,False,0.497487079909713
4o6i__B1_P09992--4o6i__A1_P09992,7,2,1,1,0.1101248956187084,24.375,False,0.49417935621732695
4o6i__B1_P09992--4o6i__A1_P09992,8,4,3,1,0.3556245561943958,24.03125,True,0.43749881980860056
4o6i__B1_P09992--4o6i__A1_P09992,9,3,0,1,0.074642406920699,23.375,False,0.540751592957363
4o6i__B1_P09992--4o6i__A1_P09992,10,5,1,1,0.032769399560114,23.265625,False,0.49902956970858436
4o6i__B1_P09992--4o6i__A1_P09992,11,5,3,1,0.0195537457803884,22.953125,False,0.4610281054236329
4o6i__B1_P09992--4o6i__A1_P09992,12,5,2,1,0.0990034642016087,22.671875,False,0.464077541565871
4o6i__B1_P09992--4o6i__A1_P09992,13,2,0,1,0.0828349399169579,22.53125,False,0.5264235268852101
4o6i__B1_P09992--4o6i__A1_P09992,14,2,3,1,0.0139808971602152,20.140625,False,0.5338736805689611
4o6i__B1_P09992--4o6i__A1_P09992,15,4,0,1,0.0135534474638397,19.421875,False,0.5106619986123455
4o6i__B1_P09992--4o6i__A1_P09992,16,4,2,1,0.0218890209313758,19.40625,False,0.5232903375264787
4o6i__B1_P09992--4o6i__A1_P09992,17,2,2,1,0.014263051824544,19.203125,False,0.51057206342794
4o6i__B1_P09992--4o6i__A1_P09992,18,4,1,1,0.0116064222486914,18.765625,False,0.5085190595501282
4o6i__B1_P09992--4o6i__A1_P09992,19,1,3,1,0.0340983926862338,17.75,False,0.4205732966653288
4o6i__B1_P09992--4o6i__A1_P09992,20,1,2,1,0.0380706857946299,17.609375,False,0.39912321961663305
4o96__A1_Q8XAL6--4o96__B1_Q8XAL6,1,5,2,1,0.0164888196612753,69.125,False,0.6244873582878557
4o96__A1_Q8XAL6--4o96__B1_Q8XAL6,2,5,1,1,0.01751110023641,62.78125,False,0.6070062942642938
4o96__A1_Q8XAL6--4o96__B1_Q8XAL6,3,3,3,1,0.0185550125583453,62.5,False,0.6035387573356793
4o96__A1_Q8XAL6--4o96__B1_Q8XAL6,4,2,2,1,0.0188691732151054,61.375,False,0.5617774170293769
4o96__A1_Q8XAL6--4o96__B1_Q8XAL6,5,2,3,1,0.0187556383032722,60.96875,False,0.5556043728149748
4o96__A1_Q8XAL6--4o96__B1_Q8XAL6,6,2,1,1,0.0187886680772175,59.8125,False,0.5317019664741996
4o96__A1_Q8XAL6--4o96__B1_Q8XAL6,7,5,3,1,0.0188217420239274,57.40625,False,0.5641222039275796
4o96__A1_Q8XAL6--4o96__B1_Q8XAL6,8,1,1,1,0.0186376039597331,56.8125,False,0.5453437247491034
4o96__A1_Q8XAL6--4o96__B1_Q8XAL6,9,2,0,1,0.0200852198609415,55.1875,False,0.49347076924023886
4o96__A1_Q8XAL6--4o96__B1_Q8XAL6,10,4,3,1,0.0205997093586687,50.125,False,0.4688718885139092
4o96__A1_Q8XAL6--4o96__B1_Q8XAL6,11,4,1,1,0.0196874048317613,46.0625,False,0.4689866833520746
4o96__A1_Q8XAL6--4o96__B1_Q8XAL6,12,4,0,1,0.0198928667074678,45.21875,False,0.45010483768168047
4o96__A1_Q8XAL6--4o96__B1_Q8XAL6,13,4,2,1,0.0281227699991094,27.34375,False,0.48827177600633986
4o96__A1_Q8XAL6--4o96__B1_Q8XAL6,14,1,2,1,0.0262494910770789,23.203125,False,0.5210068867939319
4o96__A1_Q8XAL6--4o96__B1_Q8XAL6,15,3,2,1,0.0363001969269038,21.03125,False,0.4485139475943247
4o96__A1_Q8XAL6--4o96__B1_Q8XAL6,16,1,0,1,0.0275170390207403,20.53125,False,0.44019018429146994
4o96__A1_Q8XAL6--4o96__B1_Q8XAL6,17,3,0,1,0.0202737550205149,19.859375,False,0.508271991746711
4o96__A1_Q8XAL6--4o96__B1_Q8XAL6,18,5,0,1,0.0132258740338828,19.4375,False,0.4567800415694559
4o96__A1_Q8XAL6--4o96__B1_Q8XAL6,19,3,1,1,0.0286520434582054,19.359375,False,0.40042732406533277
4o96__A1_Q8XAL6--4o96__B1_Q8XAL6,20,1,3,1,0.0268170225102117,19.28125,False,0.4008130358137023
4oak__A1_Q9JN36--4oak__B1_Q9JN36,1,2,3,3,0.0059317195236815,89.5,False,0.6238507407359268
4oak__A1_Q9JN36--4oak__B1_Q9JN36,2,2,0,3,0.0059546642792236,88.9375,False,0.6120381512938262
4oak__A1_Q9JN36--4oak__B1_Q9JN36,3,2,1,3,0.005939588211819,87.3125,False,0.5961910912170778
4oak__A1_Q9JN36--4oak__B1_Q9JN36,4,2,2,3,0.0059443943496901,87.125,False,0.591952609164974
4oak__A1_Q9JN36--4oak__B1_Q9JN36,5,4,2,3,0.0059510153280661,83.5,False,0.575853681287441
4oak__A1_Q9JN36--4oak__B1_Q9JN36,6,4,0,3,0.0059483595876078,80.9375,False,0.5635882164831051
4oak__A1_Q9JN36--4oak__B1_Q9JN36,7,4,3,3,0.0059474976933563,80.25,False,0.5512444665278073
4oak__A1_Q9JN36--4oak__B1_Q9JN36,8,5,2,3,0.0061545452315402,53.5625,False,0.5388372647834183
4oak__A1_Q9JN36--4oak__B1_Q9JN36,9,5,0,3,0.0063829299271155,45.65625,False,0.5263817569267603
4oak__A1_Q9JN36--4oak__B1_Q9JN36,10,4,1,3,0.3323734655785644,29.71875,True,0.5122418050083722
4oak__A1_Q9JN36--4oak__B1_Q9JN36,11,3,2,3,0.1726421033400269,29.234375,False,0.4982986174065376
4oak__A1_Q9JN36--4oak__B1_Q9JN36,12,1,2,3,0.0621732135770076,27.15625,False,0.47422666607031894
4oak__A1_Q9JN36--4oak__B1_Q9JN36,13,5,3,3,0.066651338921887,26.515625,False,0.4717526198713133
4oak__A1_Q9JN36--4oak__B1_Q9JN36,14,1,0,3,0.0618334376568953,25.859375,False,0.4723909730064158
4oak__A1_Q9JN36--4oak__B1_Q9JN36,15,1,1,3,0.0355021361243596,24.953125,False,0.4384329081503703
4oak__A1_Q9JN36--4oak__B1_Q9JN36,16,3,1,3,0.1718155216497614,23.75,False,0.44250856143322626
4oak__A1_Q9JN36--4oak__B1_Q9JN36,17,5,1,3,0.0344530958212817,23.078125,False,0.4479317441657422
4oak__A1_Q9JN36--4oak__B1_Q9JN36,18,1,3,3,0.0550758910332273,22.125,False,0.40921576809487914
4oak__A1_Q9JN36--4oak__B1_Q9JN36,19,3,0,3,0.1510646609647153,21.453125,False,0.4102337661289716
4oak__A1_Q9JN36--4oak__B1_Q9JN36,20,3,3,3,0.0768336710829225,20.625,False,0.39217549788315287
4obx__A1_P49017--4obx__D1_P49017,1,4,1,3,0.8614916096331443,75.125,True,0.6238507407359268
4obx__A1_P49017--4obx__D1_P49017,2,4,2,3,0.8551931453652376,73.625,True,0.6120381512938262
4obx__A1_P49017--4obx__D1_P49017,3,4,0,3,0.8659000874401794,72.9375,True,0.6000923977774686
4obx__A1_P49017--4obx__D1_P49017,4,4,3,3,0.8523063442910247,71.625,True,0.5880264095818216
4obx__A1_P49017--4obx__D1_P49017,5,2,2,3,0.3168971677906346,56.09375,True,0.575853681287441
4obx__A1_P49017--4obx__D1_P49017,6,2,1,3,0.3099999979465632,53.125,True,0.5635882164831051
4obx__A1_P49017--4obx__D1_P49017,7,5,0,3,0.2942837295592819,52.5,True,0.5512444665278073
4obx__A1_P49017--4obx__D1_P49017,8,5,3,3,0.2802448950244748,49.90625,True,0.517561959934415
4obx__A1_P49017--4obx__D1_P49017,9,5,2,3,0.222208098281317,49.09375,False,0.5029624501273623
4obx__A1_P49017--4obx__D1_P49017,10,3,1,3,0.2706422788748535,48.375,True,0.53499253834462
4obx__A1_P49017--4obx__D1_P49017,11,5,1,3,0.2209177117928801,47.84375,False,0.476194949221653
4obx__A1_P49017--4obx__D1_P49017,12,3,0,3,0.2387838876953184,47.6875,True,0.5206924956211005
4obx__A1_P49017--4obx__D1_P49017,13,3,2,3,0.2806214834862829,46.1875,True,0.4895279461437787
4obx__A1_P49017--4obx__D1_P49017,14,3,3,3,0.2365251534493626,45.28125,True,0.4681537721152181
4obx__A1_P49017--4obx__D1_P49017,15,2,0,3,0.2817039674953154,42.1875,True,0.44366841655191264
4obx__A1_P49017--4obx__D1_P49017,16,1,0,3,0.0747713935231573,39.875,False,0.4398509567815108
4obx__A1_P49017--4obx__D1_P49017,17,1,3,3,0.0740175346174712,39.4375,False,0.43449475252429864
4obx__A1_P49017--4obx__D1_P49017,18,2,3,3,0.2575533362527125,37.84375,True,0.40638062563478206
4obx__A1_P49017--4obx__D1_P49017,19,1,1,3,0.0866567202439032,35.09375,False,0.40648409144552106
4obx__A1_P49017--4obx__D1_P49017,20,1,2,3,0.0837688676494711,33.09375,False,0.39397041418085876
4oh8__B1_Q8WWW0--4oh8__A1_Q13043,1,3,2,2,0.8530177303708832,86.3125,True,0.6143565335279447
4oh8__B1_Q8WWW0--4oh8__A1_Q13043,2,3,3,2,0.8520670075691074,86.1875,True,0.6076605603832667
4oh8__B1_Q8WWW0--4oh8__A1_Q13043,3,5,3,2,0.8395799369549114,86.125,True,0.5521345240534327
4oh8__B1_Q8WWW0--4oh8__A1_Q13043,4,3,0,2,0.8526643350220781,86.125,True,0.5853558598586549
4oh8__B1_Q8WWW0--4oh8__A1_Q13043,5,5,0,2,0.8456285190918381,86.0625,True,0.5295864061580027
4oh8__B1_Q8WWW0--4oh8__A1_Q13043,6,3,1,2,0.8555254414350447,86.0625,True,0.5715168725167696
4oh8__B1_Q8WWW0--4oh8__A1_Q13043,7,5,1,2,0.8484859684559628,86.0625,True,0.536277805227519
4oh8__B1_Q8WWW0--4oh8__A1_Q13043,8,5,2,2,0.8447356623408114,86.0,True,0.5419553063799357
4oh8__B1_Q8WWW0--4oh8__A1_Q13043,9,4,2,2,0.8363649702824469,85.875,True,0.556112889455908
4oh8__B1_Q8WWW0--4oh8__A1_Q13043,10,4,3,2,0.836291412924491,85.875,True,0.5565438415472796
4oh8__B1_Q8WWW0--4oh8__A1_Q13043,11,4,1,2,0.8393946176150214,85.8125,True,0.5344780549099014
4oh8__B1_Q8WWW0--4oh8__A1_Q13043,12,4,0,2,0.8368224351972963,85.8125,True,0.5151393819951291
4oh8__B1_Q8WWW0--4oh8__A1_Q13043,13,2,3,2,0.8557538549869674,85.125,True,0.48014052798252627
4oh8__B1_Q8WWW0--4oh8__A1_Q13043,14,2,2,2,0.8526343828989559,85.0625,True,0.4707548962273042
4oh8__B1_Q8WWW0--4oh8__A1_Q13043,15,2,0,2,0.8611445038292399,84.9375,True,0.44892780965389334
4oh8__B1_Q8WWW0--4oh8__A1_Q13043,16,1,3,2,0.8631626482656346,84.875,True,0.43960410633302494
4oh8__B1_Q8WWW0--4oh8__A1_Q13043,17,1,0,2,0.864211651513627,84.875,True,0.42442131491856316
4oh8__B1_Q8WWW0--4oh8__A1_Q13043,18,1,2,2,0.8605955376283582,84.8125,True,0.422850692603661
4oh8__B1_Q8WWW0--4oh8__A1_Q13043,19,2,1,2,0.8585635171600607,84.6875,True,0.4176875123380018
4oh8__B1_Q8WWW0--4oh8__A1_Q13043,20,1,1,2,0.8601447691835119,84.375,True,0.4010142850970486
4oy2__A1_P46677--4oy2__D1_Q05021,1,5,1,2,0.8000505576949551,92.5625,True,0.5171755558659574
4oy2__A1_P46677--4oy2__D1_Q05021,2,2,1,2,0.8085698332701775,92.5625,True,0.6014925690817221
4oy2__A1_P46677--4oy2__D1_Q05021,3,5,3,2,0.794386347641819,92.375,True,0.4880381970460602
4oy2__A1_P46677--4oy2__D1_Q05021,4,2,2,2,0.7937951312973411,92.3125,True,0.578166634217798
4oy2__A1_P46677--4oy2__D1_Q05021,5,1,3,2,0.7651456480098106,92.25,True,0.6175845005726218
4oy2__A1_P46677--4oy2__D1_Q05021,6,2,3,2,0.7995753097576711,92.125,True,0.5597644779149413
4oy2__A1_P46677--4oy2__D1_Q05021,7,1,0,2,0.7595224353639519,92.125,True,0.5913435997587688
4oy2__A1_P46677--4oy2__D1_Q05021,8,4,3,2,0.7302802252396495,91.9375,True,0.5665431053010224
4oy2__A1_P46677--4oy2__D1_Q05021,9,1,1,2,0.7658602607143723,91.875,True,0.542695445945091
4oy2__A1_P46677--4oy2__D1_Q05021,10,4,1,2,0.7306323782900477,91.875,True,0.561288648026277
4oy2__A1_P46677--4oy2__D1_Q05021,11,4,2,2,0.7676116979299753,91.8125,True,0.5413551732346493
4oy2__A1_P46677--4oy2__D1_Q05021,12,1,2,2,0.7541931225431057,91.75,True,0.5032490291828992
4oy2__A1_P46677--4oy2__D1_Q05021,13,2,0,2,0.7494508114558,91.75,True,0.5054926672425404
4oy2__A1_P46677--4oy2__D1_Q05021,14,3,3,2,0.7530421959331486,91.4375,True,0.45442491737955193
4oy2__A1_P46677--4oy2__D1_Q05021,15,3,1,2,0.736210159586411,91.1875,True,0.4537218208534226
4oy2__A1_P46677--4oy2__D1_Q05021,16,5,2,2,0.7453944697080427,91.125,True,0.43827804425316547
4oy2__A1_P46677--4oy2__D1_Q05021,17,3,2,2,0.7311108500463369,90.9375,True,0.4229042041202762
4oy2__A1_P46677--4oy2__D1_Q05021,18,4,0,2,0.7286685886595347,90.9375,True,0.4572855090003245
4oy2__A1_P46677--4oy2__D1_Q05021,19,5,0,2,0.7060971066551517,90.625,True,0.4084684036563287
4oy2__A1_P46677--4oy2__D1_Q05021,20,3,0,2,0.6765923438575899,89.8125,True,0.3967744266854328
4oyu__B1_Q99PV3--4oyu__A1_Q99PV3,1,1,1,4,0.088293334207554,26.515625,False,0.6208151074713059
4oyu__B1_Q99PV3--4oyu__A1_Q99PV3,2,1,0,4,0.0892400972287838,25.328125,False,0.616094207551083
4oyu__B1_Q99PV3--4oyu__A1_Q99PV3,3,1,2,4,0.1218244658590759,23.75,False,0.6000063490435626
4oyu__B1_Q99PV3--4oyu__A1_Q99PV3,4,1,3,4,0.1104481405733894,23.1875,False,0.5938508521182388
4oyu__B1_Q99PV3--4oyu__A1_Q99PV3,5,2,0,4,0.0138228123107269,20.921875,False,0.5832747540683427
4oyu__B1_Q99PV3--4oyu__A1_Q99PV3,6,2,1,4,0.0139585704287621,20.296875,False,0.562309697217338
4oyu__B1_Q99PV3--4oyu__A1_Q99PV3,7,4,1,4,0.0414244059741395,19.109375,False,0.4949583048219099
4oyu__B1_Q99PV3--4oyu__A1_Q99PV3,8,2,3,4,0.0142724631441657,18.609375,False,0.5444526015277782
4oyu__B1_Q99PV3--4oyu__A1_Q99PV3,9,2,2,4,0.0149546816458768,18.484375,False,0.5313665263287697
4oyu__B1_Q99PV3--4oyu__A1_Q99PV3,10,4,3,4,0.00921394715758,18.234375,False,0.503652751423327
4oyu__B1_Q99PV3--4oyu__A1_Q99PV3,11,4,0,4,0.01801004154179,18.171875,False,0.49305968597976857
4oyu__B1_Q99PV3--4oyu__A1_Q99PV3,12,4,2,4,0.012486433907477,18.109375,False,0.4921041475631146
4oyu__B1_Q99PV3--4oyu__A1_Q99PV3,13,5,0,4,0.0157149202375582,17.90625,False,0.4828028987879777
4oyu__B1_Q99PV3--4oyu__A1_Q99PV3,14,5,1,4,0.0143050946746739,17.53125,False,0.4615413366529765
4oyu__B1_Q99PV3--4oyu__A1_Q99PV3,15,5,2,4,0.0116731741348863,17.359375,False,0.4590403974877423
4oyu__B1_Q99PV3--4oyu__A1_Q99PV3,16,5,3,4,0.0092099271793542,16.9375,False,0.43974767103621465
4oyu__B1_Q99PV3--4oyu__A1_Q99PV3,17,3,0,4,0.0072077560136994,16.578125,False,0.4025008218443365
4oyu__B1_Q99PV3--4oyu__A1_Q99PV3,18,3,1,4,0.0069474156982073,16.546875,False,0.4138143155585815
4oyu__B1_Q99PV3--4oyu__A1_Q99PV3,19,3,2,4,0.0055997397675522,16.390625,False,0.4011915456889909
4oyu__B1_Q99PV3--4oyu__A1_Q99PV3,20,3,3,4,0.0054711645125169,15.953125,False,0.3807044331634215
4puh__A1_Q9FIC3--4puh__B1_Q9FIC3,1,2,0,2,0.0642399090017022,66.9375,False,0.5430860493062187
4puh__A1_Q9FIC3--4puh__B1_Q9FIC3,2,3,3,2,0.3359237580655965,65.375,True,0.6167812326677946
4puh__A1_Q9FIC3--4puh__B1_Q9FIC3,3,3,0,2,0.325513641238565,64.5625,True,0.6052565682214461
4puh__A1_Q9FIC3--4puh__B1_Q9FIC3,4,3,2,2,0.3449798692144374,63.84375,True,0.5915657624934836
4puh__A1_Q9FIC3--4puh__B1_Q9FIC3,5,3,1,2,0.3274940599342664,63.3125,True,0.5768111021483313
4puh__A1_Q9FIC3--4puh__B1_Q9FIC3,6,1,3,2,0.3728647792261544,62.59375,True,0.5771682636104783
4puh__A1_Q9FIC3--4puh__B1_Q9FIC3,7,2,3,2,0.3778341274723515,61.28125,True,0.5505352341713908
4puh__A1_Q9FIC3--4puh__B1_Q9FIC3,8,1,1,2,0.3688500229198967,60.53125,True,0.5454866184852936
4puh__A1_Q9FIC3--4puh__B1_Q9FIC3,9,1,0,2,0.3715033483439163,60.46875,True,0.5422951277899026
4puh__A1_Q9FIC3--4puh__B1_Q9FIC3,10,5,2,2,0.4666895263993824,57.75,True,0.5175653333355988
4puh__A1_Q9FIC3--4puh__B1_Q9FIC3,11,2,2,2,0.3602346383627064,56.5,True,0.506043035192389
4puh__A1_Q9FIC3--4puh__B1_Q9FIC3,12,1,2,2,0.3555743235062451,55.34375,True,0.5059944984979622
4puh__A1_Q9FIC3--4puh__B1_Q9FIC3,13,5,1,2,0.5711291101005807,52.28125,True,0.48562821615944
4puh__A1_Q9FIC3--4puh__B1_Q9FIC3,14,2,1,2,0.357491749838735,46.53125,True,0.4735260524435489
4puh__A1_Q9FIC3--4puh__B1_Q9FIC3,15,5,0,2,0.5680661555841076,44.71875,True,0.46145491568087554
4puh__A1_Q9FIC3--4puh__B1_Q9FIC3,16,5,3,2,0.463711552619773,43.5625,True,0.449428810873823
4puh__A1_Q9FIC3--4puh__B1_Q9FIC3,17,4,2,2,0.0137237322171376,19.4375,False,0.4329353359722732
4puh__A1_Q9FIC3--4puh__B1_Q9FIC3,18,4,1,2,0.013845470394146,19.3125,False,0.41833960713102764
4puh__A1_Q9FIC3--4puh__B1_Q9FIC3,19,4,3,2,0.0136565767011549,19.25,False,0.4102873655812595
4puh__A1_Q9FIC3--4puh__B1_Q9FIC3,20,4,0,2,0.0138045335587253,19.046875,False,0.39592207657150763
4pxj__B1_Q9UPT6--4pxj__A1_Q9UPT6,1,5,2,4,0.0289764310971171,51.3125,False,0.614808897190993
4pxj__B1_Q9UPT6--4pxj__A1_Q9UPT6,2,2,3,4,0.0290256890619501,48.375,False,0.5967397115055888
4pxj__B1_Q9UPT6--4pxj__A1_Q9UPT6,3,2,1,4,0.0290263919138517,47.125,False,0.5746366934851554
4pxj__B1_Q9UPT6--4pxj__A1_Q9UPT6,4,5,3,4,0.0290085958435104,46.15625,False,0.5852673971281642
4pxj__B1_Q9UPT6--4pxj__A1_Q9UPT6,5,5,0,4,0.028944894466687,45.875,False,0.5714896911224824
4pxj__B1_Q9UPT6--4pxj__A1_Q9UPT6,6,2,2,4,0.0290293038418745,45.5,False,0.5549837364176928
4pxj__B1_Q9UPT6--4pxj__A1_Q9UPT6,7,2,0,4,0.0290556628698254,45.4375,False,0.552617250796401
4pxj__B1_Q9UPT6--4pxj__A1_Q9UPT6,8,5,1,4,0.0289885600638413,44.96875,False,0.5494350743345093
4pxj__B1_Q9UPT6--4pxj__A1_Q9UPT6,9,1,2,4,0.3577347474136587,41.40625,True,0.5943248855402785
4pxj__B1_Q9UPT6--4pxj__A1_Q9UPT6,10,1,1,4,0.4522349721103838,32.96875,True,0.5106896615451509
4pxj__B1_Q9UPT6--4pxj__A1_Q9UPT6,11,3,2,4,0.0290667747855975,30.234375,False,0.48064441038427186
4pxj__B1_Q9UPT6--4pxj__A1_Q9UPT6,12,3,0,4,0.0290550826256081,30.140625,False,0.47019239639397603
4pxj__B1_Q9UPT6--4pxj__A1_Q9UPT6,13,3,3,4,0.0290412660632922,28.953125,False,0.44666808550036935
4pxj__B1_Q9UPT6--4pxj__A1_Q9UPT6,14,1,0,4,0.296542922187262,26.421875,True,0.48642293237498796
4pxj__B1_Q9UPT6--4pxj__A1_Q9UPT6,15,3,1,4,0.0290508694123209,25.234375,False,0.4316971486057329
4pxj__B1_Q9UPT6--4pxj__A1_Q9UPT6,16,1,3,4,0.503980741580461,24.1875,True,0.46690956886996415
4pxj__B1_Q9UPT6--4pxj__A1_Q9UPT6,17,4,2,4,0.0290902785616289,19.09375,False,0.40915354146217664
4pxj__B1_Q9UPT6--4pxj__A1_Q9UPT6,18,4,3,4,0.0290777840946147,18.984375,False,0.39621877929304133
4pxj__B1_Q9UPT6--4pxj__A1_Q9UPT6,19,4,0,4,0.0290975946524549,17.796875,False,0.3974929178261132
4pxj__B1_Q9UPT6--4pxj__A1_Q9UPT6,20,4,1,4,0.0291329207380892,17.109375,False,0.3886915674227693
4qc9__A1_P04303--4qc9__D1_P04303,1,1,3,2,0.1443368456173842,69.5,False,0.6230287144243065
4qc9__A1_P04303--4qc9__D1_P04303,2,1,1,2,0.1491458914471405,66.3125,False,0.6115736109422036
4qc9__A1_P04303--4qc9__D1_P04303,3,3,2,2,0.1703258577464842,61.15625,False,0.5872702061841256
4qc9__A1_P04303--4qc9__D1_P04303,4,3,0,2,0.1670228832291834,60.78125,False,0.5829305116028846
4qc9__A1_P04303--4qc9__D1_P04303,5,1,0,2,0.1529141792944779,57.65625,False,0.5823057547003129
4qc9__A1_P04303--4qc9__D1_P04303,6,5,2,2,0.1271085814473348,52.625,False,0.568424828818396
4qc9__A1_P04303--4qc9__D1_P04303,7,5,0,2,0.1586151882729321,51.53125,False,0.552136909264872
4qc9__A1_P04303--4qc9__D1_P04303,8,4,0,2,0.1503502607587058,51.46875,False,0.5451526219664494
4qc9__A1_P04303--4qc9__D1_P04303,9,1,2,2,0.1260783584160608,47.1875,False,0.515808157834212
4qc9__A1_P04303--4qc9__D1_P04303,10,2,0,2,0.148846508761491,46.09375,False,0.5109773252503154
4qc9__A1_P04303--4qc9__D1_P04303,11,2,3,2,0.1295414557461049,44.96875,False,0.5045552898787556
4qc9__A1_P04303--4qc9__D1_P04303,12,5,1,2,0.1507734752431408,44.125,False,0.49106651105374866
4qc9__A1_P04303--4qc9__D1_P04303,13,4,1,2,0.151294239141625,43.71875,False,0.4742054594315254
4qc9__A1_P04303--4qc9__D1_P04303,14,5,3,2,0.0723219128205287,42.78125,False,0.4960873299583978
4qc9__A1_P04303--4qc9__D1_P04303,15,3,1,2,0.167196502385367,41.90625,False,0.4581032150597087
4qc9__A1_P04303--4qc9__D1_P04303,16,2,2,2,0.1476057532972229,40.84375,False,0.4408068574110246
4qc9__A1_P04303--4qc9__D1_P04303,17,2,1,2,0.1284643674917305,36.4375,False,0.4369893113961989
4qc9__A1_P04303--4qc9__D1_P04303,18,3,3,2,0.1462179037418768,34.34375,False,0.42020317268152635
4qc9__A1_P04303--4qc9__D1_P04303,19,4,3,2,0.1683898987381862,27.71875,False,0.40786308392486775
4qc9__A1_P04303--4qc9__D1_P04303,20,4,2,2,0.1829936070097885,26.59375,False,0.39563810004119804
4qhj__A1_Q58610--4qhj__B1_Q58610,1,5,1,1,0.2386993896865443,79.0,True,0.6140538870881824
4qhj__A1_Q58610--4qhj__B1_Q58610,2,5,0,1,0.215920944447924,78.9375,False,0.6230130805927004
4qhj__A1_Q58610--4qhj__B1_Q58610,3,5,3,1,0.2407162827493868,78.1875,True,0.6005043635206955
4qhj__A1_Q58610--4qhj__B1_Q58610,4,3,1,1,0.2205313638945145,76.3125,False,0.5864614133683906
4qhj__A1_Q58610--4qhj__B1_Q58610,5,1,1,1,0.2416393356060476,76.3125,True,0.5782659642777644
4qhj__A1_Q58610--4qhj__B1_Q58610,6,1,3,1,0.2428531878576033,75.6875,True,0.5573656230030696
4qhj__A1_Q58610--4qhj__B1_Q58610,7,3,0,1,0.2325977631801198,75.625,True,0.5574711743736506
4qhj__A1_Q58610--4qhj__B1_Q58610,8,3,2,1,0.2282399431856052,75.4375,False,0.5250127567025167
4qhj__A1_Q58610--4qhj__B1_Q58610,9,1,2,1,0.2430045786176151,75.375,True,0.5270005216816163
4qhj__A1_Q58610--4qhj__B1_Q58610,10,1,0,1,0.2323039800943088,75.125,True,0.5003365853614837
4qhj__A1_Q58610--4qhj__B1_Q58610,11,3,3,1,0.2322736267622711,74.875,True,0.5008157424749969
4qhj__A1_Q58610--4qhj__B1_Q58610,12,5,2,1,0.2411282711699527,74.5625,True,0.5136809316546344
4qhj__A1_Q58610--4qhj__B1_Q58610,13,4,1,1,0.2567965577449915,73.5,True,0.475571376291328
4qhj__A1_Q58610--4qhj__B1_Q58610,14,4,0,1,0.2546785153415372,71.875,True,0.46298576411469894
4qhj__A1_Q58610--4qhj__B1_Q58610,15,4,2,1,0.2538153648707688,70.9375,True,0.4504471380644947
4qhj__A1_Q58610--4qhj__B1_Q58610,16,4,3,1,0.2409667116646669,70.6875,True,0.43797114032101736
4qhj__A1_Q58610--4qhj__B1_Q58610,17,2,1,1,0.2454808120620519,59.8125,True,0.42557309831300555
4qhj__A1_Q58610--4qhj__B1_Q58610,18,2,3,1,0.233123777515536,58.125,True,0.4094638330063251
4qhj__A1_Q58610--4qhj__B1_Q58610,19,2,2,1,0.2299766716286191,55.90625,False,0.40484977708379605
4qhj__A1_Q58610--4qhj__B1_Q58610,20,2,0,1,0.2399899337049495,54.0,True,0.38899374084502214
4qpl__A1_Q9CZW6--4qpl__B1_P51668,1,3,3,1,0.2663859139199993,86.875,True,0.6042671693530772
4qpl__A1_Q9CZW6--4qpl__B1_P51668,2,3,0,1,0.2723280472361324,86.75,True,0.6027156955077554
4qpl__A1_Q9CZW6--4qpl__B1_P51668,3,3,1,1,0.2744918161745313,86.75,True,0.6117795481788605
4qpl__A1_Q9CZW6--4qpl__B1_P51668,4,3,2,1,0.2797120560363128,86.5625,True,0.5675026681657366
4qpl__A1_Q9CZW6--4qpl__B1_P51668,5,4,0,1,0.2777493546680691,86.375,True,0.6010746082737299
4qpl__A1_Q9CZW6--4qpl__B1_P51668,6,4,2,1,0.2776845421037821,85.6875,True,0.5609571656128653
4qpl__A1_Q9CZW6--4qpl__B1_P51668,7,4,3,1,0.2716705145263822,85.5625,True,0.5456627733375583
4qpl__A1_Q9CZW6--4qpl__B1_P51668,8,4,1,1,0.2705438932263089,85.5625,True,0.562032025637501
4qpl__A1_Q9CZW6--4qpl__B1_P51668,9,5,3,1,0.2740116564903148,85.3125,True,0.49592581974571703
4qpl__A1_Q9CZW6--4qpl__B1_P51668,10,5,1,1,0.2725762398939153,85.1875,True,0.5095251560566122
4qpl__A1_Q9CZW6--4qpl__B1_P51668,11,5,2,1,0.2715942430914294,85.0,True,0.47741580557362046
4qpl__A1_Q9CZW6--4qpl__B1_P51668,12,1,3,1,0.2771972746282343,85.0,True,0.5168359289119628
4qpl__A1_Q9CZW6--4qpl__B1_P51668,13,5,0,1,0.2722505141538021,84.75,True,0.4617900993052302
4qpl__A1_Q9CZW6--4qpl__B1_P51668,14,2,0,1,0.273211993582667,84.25,True,0.45702182846440964
4qpl__A1_Q9CZW6--4qpl__B1_P51668,15,1,1,1,0.2581966638698169,84.0,True,0.4950481523356132
4qpl__A1_Q9CZW6--4qpl__B1_P51668,16,2,3,1,0.2740288909122573,83.625,True,0.42749445669777225
4qpl__A1_Q9CZW6--4qpl__B1_P51668,17,1,0,1,0.2675721262162969,83.5625,True,0.4283281129262256
4qpl__A1_Q9CZW6--4qpl__B1_P51668,18,2,2,1,0.2630911207472485,83.375,True,0.40872766602059485
4qpl__A1_Q9CZW6--4qpl__B1_P51668,19,2,1,1,0.2652600180672544,83.3125,True,0.4169949510720684
4qpl__A1_Q9CZW6--4qpl__B1_P51668,20,1,2,1,0.1528799623269967,30.796875,False,0.38899374084502214
4r5k__B1_P0A6Y8--4r5k__A1_P0A6Y8,1,5,0,3,0.0124531219933621,42.15625,False,0.6139641552388394
4r5k__B1_P0A6Y8--4r5k__A1_P0A6Y8,2,4,0,3,0.0117090869877786,39.59375,False,0.6094216540181067
4r5k__B1_P0A6Y8--4r5k__A1_P0A6Y8,3,4,1,3,0.0117949254541751,37.46875,False,0.5934064885018648
4r5k__B1_P0A6Y8--4r5k__A1_P0A6Y8,4,5,3,3,0.3689583156220923,37.0,True,0.6062988986861363
4r5k__B1_P0A6Y8--4r5k__A1_P0A6Y8,5,1,2,3,0.0124330931865376,35.71875,False,0.57380229274587
4r5k__B1_P0A6Y8--4r5k__A1_P0A6Y8,6,3,0,3,0.0128708516531285,35.25,False,0.552933085866398
4r5k__B1_P0A6Y8--4r5k__A1_P0A6Y8,7,5,2,3,0.012089646126902,35.125,False,0.5520899381850486
4r5k__B1_P0A6Y8--4r5k__A1_P0A6Y8,8,3,2,3,0.3489937744090481,30.359375,True,0.5459757186522338
4r5k__B1_P0A6Y8--4r5k__A1_P0A6Y8,9,5,1,3,0.3549122707736269,28.625,True,0.515390710986756
4r5k__B1_P0A6Y8--4r5k__A1_P0A6Y8,10,2,0,3,0.0915429120745092,26.71875,False,0.4882209673225439
4r5k__B1_P0A6Y8--4r5k__A1_P0A6Y8,11,2,1,3,0.3410899598318144,25.4375,True,0.5202215911274566
4r5k__B1_P0A6Y8--4r5k__A1_P0A6Y8,12,4,3,3,0.1166599712180142,21.859375,False,0.43683485618760853
4r5k__B1_P0A6Y8--4r5k__A1_P0A6Y8,13,3,1,3,0.2742032440485522,21.3125,True,0.46542030730328754
4r5k__B1_P0A6Y8--4r5k__A1_P0A6Y8,14,2,3,3,0.3387743466147923,20.890625,True,0.4973164613262417
4r5k__B1_P0A6Y8--4r5k__A1_P0A6Y8,15,2,2,3,0.3356465180961574,19.734375,True,0.4706997990819236
4r5k__B1_P0A6Y8--4r5k__A1_P0A6Y8,16,4,2,3,0.0171542107605159,19.59375,False,0.44011584388287156
4r5k__B1_P0A6Y8--4r5k__A1_P0A6Y8,17,1,3,3,0.1589295358362322,19.171875,False,0.40612357451979175
4r5k__B1_P0A6Y8--4r5k__A1_P0A6Y8,18,1,1,3,0.1480274074978881,18.875,False,0.4046020481842066
4r5k__B1_P0A6Y8--4r5k__A1_P0A6Y8,19,1,0,3,0.2545886393459641,17.609375,True,0.4220647960824406
4r5k__B1_P0A6Y8--4r5k__A1_P0A6Y8,20,3,3,3,0.2382159869373903,17.203125,True,0.4343226164539846
4r6i__A1_Q44636--4r6i__B1_Q44636,1,4,3,0,0.0040291755518716,75.375,False,0.6274522140147676
4r6i__A1_Q44636--4r6i__B1_Q44636,2,2,2,0,0.0036630574203801,74.625,False,0.607618005374744
4r6i__A1_Q44636--4r6i__B1_Q44636,3,4,1,0,0.0039352518393472,74.25,False,0.6036098595998516
4r6i__A1_Q44636--4r6i__B1_Q44636,4,5,2,0,0.0039918358121552,73.625,False,0.5757196906268511
4r6i__A1_Q44636--4r6i__B1_Q44636,5,4,2,0,0.0038966806169803,73.25,False,0.5776846116869325
4r6i__A1_Q44636--4r6i__B1_Q44636,6,5,3,0,0.003907946109921,73.0,False,0.5479311193665277
4r6i__A1_Q44636--4r6i__B1_Q44636,7,2,0,0,0.0037034682397648,72.9375,False,0.5573942659996202
4r6i__A1_Q44636--4r6i__B1_Q44636,8,1,0,0,0.0039203438395296,72.625,False,0.5080363078080888
4r6i__A1_Q44636--4r6i__B1_Q44636,9,1,3,0,0.0038682837155006,72.3125,False,0.4954848674136717
4r6i__A1_Q44636--4r6i__B1_Q44636,10,1,1,0,0.0038539072372691,72.1875,False,0.49390247429038164
4r6i__A1_Q44636--4r6i__B1_Q44636,11,5,0,0,0.003982564363877,71.875,False,0.49168911839275525
4r6i__A1_Q44636--4r6i__B1_Q44636,12,5,1,0,0.0038438018912742,71.8125,False,0.4914455364270055
4r6i__A1_Q44636--4r6i__B1_Q44636,13,1,2,0,0.0039150793779031,71.75,False,0.48997186450046404
4r6i__A1_Q44636--4r6i__B1_Q44636,14,2,3,0,0.0036893524615622,71.75,False,0.5041549370786934
4r6i__A1_Q44636--4r6i__B1_Q44636,15,2,1,0,0.003669726279715,71.6875,False,0.5077857625552399
4r6i__A1_Q44636--4r6i__B1_Q44636,16,3,2,0,0.004343063103038,71.1875,False,0.46561431240338996
4r6i__A1_Q44636--4r6i__B1_Q44636,17,4,0,0,0.0041372196727778,69.0625,False,0.425389511219332
4r6i__A1_Q44636--4r6i__B1_Q44636,18,3,0,0,0.004048444232955,67.25,False,0.40750140693472287
4r6i__A1_Q44636--4r6i__B1_Q44636,19,3,3,0,0.0043232522577673,64.625,False,0.39095579328301233
4r6i__A1_Q44636--4r6i__B1_Q44636,20,3,1,0,0.0042925326404883,64.3125,False,0.399034880832035
4rt0__A1_Q9HY69--4rt0__A2_Q9HY69,1,4,1,2,0.6044193698676752,69.3125,True,0.5975508105062259
4rt0__A1_Q9HY69--4rt0__A2_Q9HY69,2,4,2,2,0.6010982460762393,67.125,True,0.584179225013734
4rt0__A1_Q9HY69--4rt0__A2_Q9HY69,3,4,0,2,0.5999488308641115,66.5,True,0.5756916171934632
4rt0__A1_Q9HY69--4rt0__A2_Q9HY69,4,4,3,2,0.5998653817532591,61.6875,True,0.5577688835940535
4rt0__A1_Q9HY69--4rt0__A2_Q9HY69,5,5,0,2,0.6378703385433199,60.71875,True,0.5449759279872013
4rt0__A1_Q9HY69--4rt0__A2_Q9HY69,6,3,1,2,0.6303476870271241,58.96875,True,0.5351843612056864
4rt0__A1_Q9HY69--4rt0__A2_Q9HY69,7,3,0,2,0.0818468018724901,56.78125,False,0.535565258628776
4rt0__A1_Q9HY69--4rt0__A2_Q9HY69,8,3,3,2,0.0990699094397544,56.53125,False,0.5336064223540421
4rt0__A1_Q9HY69--4rt0__A2_Q9HY69,9,2,2,2,0.0490836886288553,56.40625,False,0.5069049305886763
4rt0__A1_Q9HY69--4rt0__A2_Q9HY69,10,2,0,2,0.0193518676864508,55.625,False,0.48664239966055434
4rt0__A1_Q9HY69--4rt0__A2_Q9HY69,11,5,1,2,0.0470435560650239,54.78125,False,0.5004338395223574
4rt0__A1_Q9HY69--4rt0__A2_Q9HY69,12,2,3,2,0.016785562749271,54.34375,False,0.47847474418951774
4rt0__A1_Q9HY69--4rt0__A2_Q9HY69,13,1,0,2,0.5925529510889885,54.15625,True,0.5036475272721618
4rt0__A1_Q9HY69--4rt0__A2_Q9HY69,14,2,1,2,0.0176821524016375,54.0,False,0.47790852032183107
4rt0__A1_Q9HY69--4rt0__A2_Q9HY69,15,5,2,2,0.6520738505310396,53.15625,True,0.5008846593760296
4rt0__A1_Q9HY69--4rt0__A2_Q9HY69,16,3,2,2,0.6468197756889681,52.625,True,0.4812210982977461
4rt0__A1_Q9HY69--4rt0__A2_Q9HY69,17,5,3,2,0.6441878426769613,47.75,True,0.45105768882202224
4rt0__A1_Q9HY69--4rt0__A2_Q9HY69,18,1,3,2,0.588374316321698,46.0,True,0.46142477311659513
4rt0__A1_Q9HY69--4rt0__A2_Q9HY69,19,1,2,2,0.5569895678193438,45.1875,True,0.4493987983435933
4rt0__A1_Q9HY69--4rt0__A2_Q9HY69,20,1,1,2,0.5456096763630027,41.28125,True,0.4437036249604078
4u0q__A1_B2L3N7--4u0q__B1_P35613,1,4,1,2,0.0319602483495932,31.484375,False,0.6283129380909666
4u0q__A1_B2L3N7--4u0q__B1_P35613,2,5,2,2,0.1226768719325814,28.109375,False,0.6163582376301746
4u0q__A1_B2L3N7--4u0q__B1_P35613,3,4,0,2,0.0396404664565126,25.1875,False,0.590470394258373
4u0q__A1_B2L3N7--4u0q__B1_P35613,4,4,3,2,0.037127101302187,24.734375,False,0.5930719656282283
4u0q__A1_B2L3N7--4u0q__B1_P35613,5,4,2,2,0.046155861839907,24.1875,False,0.5829527889086509
4u0q__A1_B2L3N7--4u0q__B1_P35613,6,5,1,2,0.0460191687833874,22.703125,False,0.5108012137851646
4u0q__A1_B2L3N7--4u0q__B1_P35613,7,5,3,2,0.1626303568025445,22.546875,False,0.4785690354633549
4u0q__A1_B2L3N7--4u0q__B1_P35613,8,2,3,2,0.0979687976063937,22.5,False,0.5388040740896597
4u0q__A1_B2L3N7--4u0q__B1_P35613,9,3,3,2,0.1532986615702873,22.34375,False,0.5687340122441376
4u0q__A1_B2L3N7--4u0q__B1_P35613,10,5,0,2,0.0709023754858806,21.75,False,0.45515419472735374
4u0q__A1_B2L3N7--4u0q__B1_P35613,11,3,0,2,0.1697306061188858,21.625,False,0.5250246898521495
4u0q__A1_B2L3N7--4u0q__B1_P35613,12,2,1,2,0.0310271315404748,21.359375,False,0.5221659173567201
4u0q__A1_B2L3N7--4u0q__B1_P35613,13,3,1,2,0.0449139521549903,21.203125,False,0.502959224330522
4u0q__A1_B2L3N7--4u0q__B1_P35613,14,2,2,2,0.0313534037815148,20.578125,False,0.4746192069947684
4u0q__A1_B2L3N7--4u0q__B1_P35613,15,2,0,2,0.0253427682312268,20.515625,False,0.46635221730077264
4u0q__A1_B2L3N7--4u0q__B1_P35613,16,1,0,2,0.0469124506530516,20.46875,False,0.43924174420533374
4u0q__A1_B2L3N7--4u0q__B1_P35613,17,3,2,2,0.0942555025614281,20.421875,False,0.4117931678559561
4u0q__A1_B2L3N7--4u0q__B1_P35613,18,1,3,2,0.0371167311810362,20.25,False,0.42763562705442354
4u0q__A1_B2L3N7--4u0q__B1_P35613,19,1,1,2,0.0550415057938851,20.15625,False,0.43362071596440627
4u0q__A1_B2L3N7--4u0q__B1_P35613,20,1,2,2,0.0422538246373428,20.046875,False,0.4362674065591234
4u1c__A1_P32497--4u1c__B1_P38249,1,1,3,0,0.787596505481705,87.75,True,0.5957919991515161
4u1c__A1_P32497--4u1c__B1_P38249,2,1,1,0,0.790747618124105,87.5,True,0.5894874199215098
4u1c__A1_P32497--4u1c__B1_P38249,3,1,2,0,0.795742800568422,87.375,True,0.5888889050770832
4u1c__A1_P32497--4u1c__B1_P38249,4,1,0,0,0.7873425286765755,87.3125,True,0.5831480705275618
4u1c__A1_P32497--4u1c__B1_P38249,5,4,0,0,0.7864413415032828,87.25,True,0.5735069064378506
4u1c__A1_P32497--4u1c__B1_P38249,6,4,3,0,0.7959493571359492,87.25,True,0.5804772339090307
4u1c__A1_P32497--4u1c__B1_P38249,7,5,3,0,0.7764794951124762,87.25,True,0.5760019966781109
4u1c__A1_P32497--4u1c__B1_P38249,8,4,1,0,0.781323229369948,87.125,True,0.5438778111510804
4u1c__A1_P32497--4u1c__B1_P38249,9,5,1,0,0.7779033921860612,87.0625,True,0.5548859604642306
4u1c__A1_P32497--4u1c__B1_P38249,10,4,2,0,0.7954451391006732,86.875,True,0.5417789166847249
4u1c__A1_P32497--4u1c__B1_P38249,11,5,2,0,0.7891409266509398,86.75,True,0.49633124278747565
4u1c__A1_P32497--4u1c__B1_P38249,12,5,0,0,0.7895423624790222,86.75,True,0.48958784051410653
4u1c__A1_P32497--4u1c__B1_P38249,13,3,1,0,0.7762199180616848,86.625,True,0.4525391228466561
4u1c__A1_P32497--4u1c__B1_P38249,14,3,3,0,0.7752727264019118,86.4375,True,0.4411265454735594
4u1c__A1_P32497--4u1c__B1_P38249,15,2,3,0,0.7822361877278494,86.375,True,0.4506810911112344
4u1c__A1_P32497--4u1c__B1_P38249,16,3,2,0,0.7823608772519993,86.3125,True,0.4113880417638726
4u1c__A1_P32497--4u1c__B1_P38249,17,2,1,0,0.7761908389562656,86.3125,True,0.46306593839601534
4u1c__A1_P32497--4u1c__B1_P38249,18,3,0,0,0.7781141234559822,86.25,True,0.4051058728144507
4u1c__A1_P32497--4u1c__B1_P38249,19,2,2,0,0.7807236976569762,85.75,True,0.41083929995995255
4u1c__A1_P32497--4u1c__B1_P38249,20,2,0,0,0.7815512857125461,85.6875,True,0.4209276042194666
4u3q__B1_P29722--4u3q__A1_P29722,1,5,3,2,0.0108247249668474,68.5,False,0.6229672667315072
4u3q__B1_P29722--4u3q__A1_P29722,2,5,1,2,0.0105740622988568,64.4375,False,0.5967722437910931
4u3q__B1_P29722--4u3q__A1_P29722,3,3,3,2,0.010498194995684,59.375,False,0.5685158585458374
4u3q__B1_P29722--4u3q__A1_P29722,4,1,2,2,0.0107615281685018,58.3125,False,0.5471729174799517
4u3q__B1_P29722--4u3q__A1_P29722,5,2,2,2,0.0104874942936883,56.84375,False,0.523255315574554
4u3q__B1_P29722--4u3q__A1_P29722,6,5,2,2,0.0185882263951113,56.0625,False,0.5721544020089934
4u3q__B1_P29722--4u3q__A1_P29722,7,2,3,2,0.0106069245553034,54.90625,False,0.5232817049447548
4u3q__B1_P29722--4u3q__A1_P29722,8,3,1,2,0.0103825532120879,53.90625,False,0.5258676499506939
4u3q__B1_P29722--4u3q__A1_P29722,9,1,1,2,0.0109037560611654,53.4375,False,0.5149897616695142
4u3q__B1_P29722--4u3q__A1_P29722,10,5,0,2,0.0193806104427063,51.4375,False,0.5032135732267142
4u3q__B1_P29722--4u3q__A1_P29722,11,4,0,2,0.0106251000768183,50.21875,False,0.5032245163892216
4u3q__B1_P29722--4u3q__A1_P29722,12,4,1,2,0.0105755227296759,48.1875,False,0.4535016115774475
4u3q__B1_P29722--4u3q__A1_P29722,13,3,2,2,0.0105730405762284,46.84375,False,0.4587630294930225
4u3q__B1_P29722--4u3q__A1_P29722,14,1,3,2,0.0181599613027259,46.46875,False,0.42599212059229996
4u3q__B1_P29722--4u3q__A1_P29722,15,2,0,2,0.7572011576920893,46.1875,True,0.5703541765856429
4u3q__B1_P29722--4u3q__A1_P29722,16,4,3,2,0.0107957772093356,44.15625,False,0.4284542349896292
4u3q__B1_P29722--4u3q__A1_P29722,17,3,0,2,0.0227486157441769,42.0,False,0.42185042266463185
4u3q__B1_P29722--4u3q__A1_P29722,18,2,1,2,0.1912585535430559,39.34375,False,0.5216425760766811
4u3q__B1_P29722--4u3q__A1_P29722,19,1,0,2,0.6595414222626174,35.46875,True,0.5278723880051847
4u3q__B1_P29722--4u3q__A1_P29722,20,4,2,2,0.0182465734918804,32.6875,False,0.3968582179851301
4u4p__A1_O95347--4u4p__B1_Q9NTJ3,1,4,2,2,0.8790301352647948,92.0,True,0.6110303000698563
4u4p__A1_O95347--4u4p__B1_Q9NTJ3,2,4,3,2,0.9097408884566835,92.0,True,0.6086793767377059
4u4p__A1_O95347--4u4p__B1_Q9NTJ3,3,4,1,2,0.8818947771248813,91.9375,True,0.6071360476387555
4u4p__A1_O95347--4u4p__B1_Q9NTJ3,4,4,0,2,0.9094229218914456,91.8125,True,0.596293211269051
4u4p__A1_O95347--4u4p__B1_Q9NTJ3,5,5,1,2,0.8848527488564342,87.0,True,0.5737913103798775
4u4p__A1_O95347--4u4p__B1_Q9NTJ3,6,3,1,2,0.8839136923993641,86.375,True,0.5673587751072906
4u4p__A1_O95347--4u4p__B1_Q9NTJ3,7,1,0,2,0.8539411839331478,85.4375,True,0.5417819599079109
4u4p__A1_O95347--4u4p__B1_Q9NTJ3,8,1,1,2,0.8564783058679625,85.25,True,0.5351925306126232
4u4p__A1_O95347--4u4p__B1_Q9NTJ3,9,5,0,2,0.7286587067646537,83.5625,True,0.5384219731742096
4u4p__A1_O95347--4u4p__B1_Q9NTJ3,10,5,2,2,0.7900987896942655,83.375,True,0.5187681044210404
4u4p__A1_O95347--4u4p__B1_Q9NTJ3,11,5,3,2,0.7753749425119132,83.375,True,0.508703960513584
4u4p__A1_O95347--4u4p__B1_Q9NTJ3,12,1,3,2,0.844958967122689,82.0,True,0.4922536797598594
4u4p__A1_O95347--4u4p__B1_Q9NTJ3,13,1,2,2,0.8203106525049836,80.125,True,0.48014052798252627
4u4p__A1_O95347--4u4p__B1_Q9NTJ3,14,2,2,2,0.8416476021606224,79.25,True,0.4549656472390408
4u4p__A1_O95347--4u4p__B1_Q9NTJ3,15,2,1,2,0.8443869133981442,79.25,True,0.4493921533940117
4u4p__A1_O95347--4u4p__B1_Q9NTJ3,16,3,2,2,0.544067499522576,79.125,True,0.45279143555043216
4u4p__A1_O95347--4u4p__B1_Q9NTJ3,17,2,0,2,0.8473225810405719,79.0625,True,0.42764209265029374
4u4p__A1_O95347--4u4p__B1_Q9NTJ3,18,3,0,2,0.5105989294317905,78.8125,True,0.41262696309186875
4u4p__A1_O95347--4u4p__B1_Q9NTJ3,19,2,3,2,0.8487102299596764,78.6875,True,0.4289968383757221
4u4p__A1_O95347--4u4p__B1_Q9NTJ3,20,3,3,2,0.4747672635834878,78.375,True,0.39880644589902986
4uhz__A1_P12643--4uhz__B1_Q6NW40,1,3,0,0,0.8907249378615077,77.25,True,0.6305637859732365
4uhz__A1_P12643--4uhz__B1_Q6NW40,2,3,2,0,0.8759015965380633,76.9375,True,0.6182114004128612
4uhz__A1_P12643--4uhz__B1_Q6NW40,3,1,1,0,0.8220464298275557,75.5,True,0.6057042621715292
4uhz__A1_P12643--4uhz__B1_Q6NW40,4,5,0,0,0.8756520418839231,73.5625,True,0.5930571037307205
4uhz__A1_P12643--4uhz__B1_Q6NW40,5,4,0,0,0.8955995635367163,72.625,True,0.5802853814554461
4uhz__A1_P12643--4uhz__B1_Q6NW40,6,5,2,0,0.878387275912406,71.3125,True,0.5674052060758379
4uhz__A1_P12643--4uhz__B1_Q6NW40,7,5,1,0,0.8633876935828769,70.5,True,0.5544332660190202
4uhz__A1_P12643--4uhz__B1_Q6NW40,8,3,3,0,0.0104080969684184,65.3125,False,0.5247096307155216
4uhz__A1_P12643--4uhz__B1_Q6NW40,9,4,3,0,0.8677321628256203,65.0625,True,0.5408520244304076
4uhz__A1_P12643--4uhz__B1_Q6NW40,10,5,3,0,0.8784574455708558,64.0,True,0.5269959357151762
4uhz__A1_P12643--4uhz__B1_Q6NW40,11,1,0,0,0.0105429675760826,62.375,False,0.49268776373254963
4uhz__A1_P12643--4uhz__B1_Q6NW40,12,3,1,0,0.0104388084870534,61.21875,False,0.49551816117396896
4uhz__A1_P12643--4uhz__B1_Q6NW40,13,2,3,0,0.0104294372108082,56.40625,False,0.47050065840797806
4uhz__A1_P12643--4uhz__B1_Q6NW40,14,4,2,0,0.0104524678880366,55.59375,False,0.45587185720050694
4uhz__A1_P12643--4uhz__B1_Q6NW40,15,2,1,0,0.0104577382054277,53.8125,False,0.4561330375609985
4uhz__A1_P12643--4uhz__B1_Q6NW40,16,2,0,0,0.0104675438614837,53.1875,False,0.4364811034221464
4uhz__A1_P12643--4uhz__B1_Q6NW40,17,2,2,0,0.0104566919744389,52.0625,False,0.42357159582230297
4uhz__A1_P12643--4uhz__B1_Q6NW40,18,4,1,0,0.0105948735082508,45.75,False,0.4107655871983613
4uhz__A1_P12643--4uhz__B1_Q6NW40,19,1,2,0,0.7505469797409754,43.40625,True,0.39807937011198197
4uhz__A1_P12643--4uhz__B1_Q6NW40,20,1,3,0,0.587140335455472,31.484375,True,0.3855286050603503
4upd__A1_Q2TFW1--4upd__B1_Q2TFW1,1,3,3,2,0.0462886102808753,87.4375,False,0.6214244186604208
4upd__A1_Q2TFW1--4upd__B1_Q2TFW1,2,3,0,2,0.0198660347274635,86.6875,False,0.613193667455132
4upd__A1_Q2TFW1--4upd__B1_Q2TFW1,3,1,0,2,0.0198774311943373,76.6875,False,0.5999939038543413
4upd__A1_Q2TFW1--4upd__B1_Q2TFW1,4,3,2,2,0.0375412187229779,74.8125,False,0.5866473403800612
4upd__A1_Q2TFW1--4upd__B1_Q2TFW1,5,1,2,2,0.028729154916327,73.8125,False,0.5781737335475418
4upd__A1_Q2TFW1--4upd__B1_Q2TFW1,6,2,3,2,0.0105643257248609,69.25,False,0.5629489271095939
4upd__A1_Q2TFW1--4upd__B1_Q2TFW1,7,2,2,2,0.0102459181786432,66.0625,False,0.5488844313036384
4upd__A1_Q2TFW1--4upd__B1_Q2TFW1,8,1,3,2,0.0110478905424647,62.09375,False,0.5461464584567275
4upd__A1_Q2TFW1--4upd__B1_Q2TFW1,9,4,3,2,0.0109373153419107,56.90625,False,0.530947726575193
4upd__A1_Q2TFW1--4upd__B1_Q2TFW1,10,5,1,2,0.0158940429509906,52.21875,False,0.5209074790841806
4upd__A1_Q2TFW1--4upd__B1_Q2TFW1,11,5,3,2,0.0290329536400405,44.9375,False,0.5009210121497635
4upd__A1_Q2TFW1--4upd__B1_Q2TFW1,12,2,0,2,0.0124649004630009,42.1875,False,0.48789664440953984
4upd__A1_Q2TFW1--4upd__B1_Q2TFW1,13,1,1,2,0.0287304481147974,32.78125,False,0.4575059682487011
4upd__A1_Q2TFW1--4upd__B1_Q2TFW1,14,5,2,2,0.0294926981494527,32.71875,False,0.47712226911006683
4upd__A1_Q2TFW1--4upd__B1_Q2TFW1,15,5,0,2,0.0150710404244072,30.625,False,0.45566499851930004
4upd__A1_Q2TFW1--4upd__B1_Q2TFW1,16,4,2,2,0.0567657695317382,28.875,False,0.44638554842729367
4upd__A1_Q2TFW1--4upd__B1_Q2TFW1,17,3,1,2,0.1346165659242247,28.234375,False,0.44255792529984345
4upd__A1_Q2TFW1--4upd__B1_Q2TFW1,18,2,1,2,0.0364793565947376,27.265625,False,0.41280429882608793
4upd__A1_Q2TFW1--4upd__B1_Q2TFW1,19,4,1,2,0.0580522143295975,26.40625,False,0.41333302424796114
4upd__A1_Q2TFW1--4upd__B1_Q2TFW1,20,4,0,2,0.0398474320839023,26.0,False,0.40105513330392534
4v1i__A1_A0A140UH28--4v1i__B1_A0A140UH28,1,3,2,1,0.90398662493889,78.6875,True,0.6244873582878557
4v1i__A1_A0A140UH28--4v1i__B1_A0A140UH28,2,5,1,1,0.8722017672092689,77.0625,True,0.6125640603930859
4v1i__A1_A0A140UH28--4v1i__B1_A0A140UH28,3,3,0,1,0.8991848578605818,76.3125,True,0.6005043635206955
4v1i__A1_A0A140UH28--4v1i__B1_A0A140UH28,4,4,1,1,0.9064356783679156,75.125,True,0.5845113464103397
4v1i__A1_A0A140UH28--4v1i__B1_A0A140UH28,5,4,0,1,0.9072923769880304,73.375,True,0.5714426633789689
4v1i__A1_A0A140UH28--4v1i__B1_A0A140UH28,6,4,3,1,0.8907171128131791,72.875,True,0.5721001869953618
4v1i__A1_A0A140UH28--4v1i__B1_A0A140UH28,7,4,2,1,0.8949521373714407,71.875,True,0.5500540752271342
4v1i__A1_A0A140UH28--4v1i__B1_A0A140UH28,8,5,2,1,0.8899202581115132,69.75,True,0.5214546755493488
4v1i__A1_A0A140UH28--4v1i__B1_A0A140UH28,9,1,1,1,0.8663915422352249,69.625,True,0.5350400466968908
4v1i__A1_A0A140UH28--4v1i__B1_A0A140UH28,10,1,2,1,0.8972224668836953,69.0,True,0.5142113714015148
4v1i__A1_A0A140UH28--4v1i__B1_A0A140UH28,11,5,0,1,0.8661742136254693,68.8125,True,0.5062487011367107
4v1i__A1_A0A140UH28--4v1i__B1_A0A140UH28,12,5,3,1,0.9024026900263036,68.75,True,0.48352405201678067
4v1i__A1_A0A140UH28--4v1i__B1_A0A140UH28,13,2,0,1,0.0352994927139348,66.875,False,0.47048302507346196
4v1i__A1_A0A140UH28--4v1i__B1_A0A140UH28,14,3,3,1,0.8580878088483179,66.75,True,0.47400488935677965
4v1i__A1_A0A140UH28--4v1i__B1_A0A140UH28,15,3,1,1,0.8429967886907045,65.5,True,0.44692923381089295
4v1i__A1_A0A140UH28--4v1i__B1_A0A140UH28,16,1,0,1,0.8688382516893608,63.75,True,0.4433445372355887
4v1i__A1_A0A140UH28--4v1i__B1_A0A140UH28,17,1,3,1,0.890027711650302,61.65625,True,0.42557309831300555
4v1i__A1_A0A140UH28--4v1i__B1_A0A140UH28,18,2,2,1,0.0323068077389915,54.1875,False,0.40872766602059485
4v1i__A1_A0A140UH28--4v1i__B1_A0A140UH28,19,2,1,1,0.0325984580428026,53.96875,False,0.40558375058127316
4v1i__A1_A0A140UH28--4v1i__B1_A0A140UH28,20,2,3,1,0.0322760685071398,53.53125,False,0.38899374084502214
4wj0__A1_O58938--4wj0__B1_O58938,1,1,0,0,0.1598244931197092,59.21875,False,0.624290477922785
4wj0__A1_O58938--4wj0__B1_O58938,2,3,0,0,0.3901665998332781,53.5,True,0.62109460777134
4wj0__A1_O58938--4wj0__B1_O58938,3,4,2,0,0.138530435873894,52.4375,False,0.582405904644312
4wj0__A1_O58938--4wj0__B1_O58938,4,4,0,0,0.1356310259525977,51.5625,False,0.5613102109874347
4wj0__A1_O58938--4wj0__B1_O58938,5,4,1,0,0.1374803846268598,50.5625,False,0.5290785223247133
4wj0__A1_O58938--4wj0__B1_O58938,6,1,3,0,0.3825068713366287,50.21875,True,0.5702618454969165
4wj0__A1_O58938--4wj0__B1_O58938,7,1,2,0,0.4257170222776005,47.5,True,0.5766162361758921
4wj0__A1_O58938--4wj0__B1_O58938,8,4,3,0,0.1312195376273402,47.0625,False,0.47525427896428574
4wj0__A1_O58938--4wj0__B1_O58938,9,5,2,0,0.3320107735619468,44.71875,True,0.5480063480826102
4wj0__A1_O58938--4wj0__B1_O58938,10,2,1,0,0.235221251710169,42.40625,True,0.49253806542084544
4wj0__A1_O58938--4wj0__B1_O58938,11,2,0,0,0.2480069069030666,41.03125,True,0.46784919418412174
4wj0__A1_O58938--4wj0__B1_O58938,12,3,1,0,0.3184926503747804,40.59375,True,0.5279599110863078
4wj0__A1_O58938--4wj0__B1_O58938,13,1,1,0,0.4025189535342582,39.5,True,0.5225605006204169
4wj0__A1_O58938--4wj0__B1_O58938,14,5,0,0,0.1823724983024232,38.84375,False,0.48417322593959006
4wj0__A1_O58938--4wj0__B1_O58938,15,2,3,0,0.2600939617044968,38.6875,True,0.41676689422877755
4wj0__A1_O58938--4wj0__B1_O58938,16,2,2,0,0.2439002244758314,38.59375,True,0.4215451826220084
4wj0__A1_O58938--4wj0__B1_O58938,17,3,2,0,0.2382673845870268,36.78125,True,0.46510027257964826
4wj0__A1_O58938--4wj0__B1_O58938,18,5,3,0,0.1775809362883461,36.46875,False,0.44478418012463294
4wj0__A1_O58938--4wj0__B1_O58938,19,3,3,0,0.2669766732639305,34.90625,True,0.43436449681850936
4wj0__A1_O58938--4wj0__B1_O58938,20,5,1,0,0.3410069727467828,30.921875,True,0.40126231156418546
4wlp__A1_Q9Y5K5--4wlp__B1_Q6P4R8,1,4,1,2,0.7497861116122783,87.0625,True,0.6188667664420363
4wlp__A1_Q9Y5K5--4wlp__B1_Q6P4R8,2,5,2,2,0.7219532267192661,85.9375,True,0.5832873249605656
4wlp__A1_Q9Y5K5--4wlp__B1_Q6P4R8,3,3,3,2,0.76140829680601,85.875,True,0.5870283158712902
4wlp__A1_Q9Y5K5--4wlp__B1_Q6P4R8,4,5,1,2,0.7139039328891105,85.8125,True,0.548880691759215
4wlp__A1_Q9Y5K5--4wlp__B1_Q6P4R8,5,1,0,2,0.7336466414041443,85.4375,True,0.5314750168703188
4wlp__A1_Q9Y5K5--4wlp__B1_Q6P4R8,6,4,2,2,0.7386463241556968,85.375,True,0.582177031740013
4wlp__A1_Q9Y5K5--4wlp__B1_Q6P4R8,7,3,0,2,0.7507684928084316,85.375,True,0.5646959869926602
4wlp__A1_Q9Y5K5--4wlp__B1_Q6P4R8,8,5,0,2,0.7263474892360543,85.3125,True,0.49636035593190214
4wlp__A1_Q9Y5K5--4wlp__B1_Q6P4R8,9,1,3,2,0.7240337654596924,85.25,True,0.5305886147249066
4wlp__A1_Q9Y5K5--4wlp__B1_Q6P4R8,10,4,0,2,0.7439163517539248,85.125,True,0.5585010156214704
4wlp__A1_Q9Y5K5--4wlp__B1_Q6P4R8,11,4,3,2,0.7417562404472382,85.0,True,0.5192417536245053
4wlp__A1_Q9Y5K5--4wlp__B1_Q6P4R8,12,3,1,2,0.7443433493005825,84.9375,True,0.5381831396071304
4wlp__A1_Q9Y5K5--4wlp__B1_Q6P4R8,13,5,3,2,0.7202531369356978,84.9375,True,0.4954435988021257
4wlp__A1_Q9Y5K5--4wlp__B1_Q6P4R8,14,3,2,2,0.7382363103727284,84.8125,True,0.4805321874621621
4wlp__A1_Q9Y5K5--4wlp__B1_Q6P4R8,15,1,2,2,0.7303439840719834,84.625,True,0.4702547452786119
4wlp__A1_Q9Y5K5--4wlp__B1_Q6P4R8,16,1,1,2,0.7280756296557445,83.9375,True,0.4385787203800924
4wlp__A1_Q9Y5K5--4wlp__B1_Q6P4R8,17,2,1,2,0.72105938146694,83.5625,True,0.43199674707680974
4wlp__A1_Q9Y5K5--4wlp__B1_Q6P4R8,18,2,0,2,0.724693411522494,83.3125,True,0.42317456446369384
4wlp__A1_Q9Y5K5--4wlp__B1_Q6P4R8,19,2,2,2,0.7299360004202979,83.25,True,0.4108681877413723
4wlp__A1_Q9Y5K5--4wlp__B1_Q6P4R8,20,2,3,2,0.7290404287708719,82.875,True,0.3967744266854328
4wpd__A1_Q55080--4wpd__B1_Q55080,1,5,2,3,0.0117837039242103,40.84375,False,0.6188626493406049
4wpd__A1_Q55080--4wpd__B1_Q55080,2,5,0,3,0.0118154041799831,39.75,False,0.5985315059356476
4wpd__A1_Q55080--4wpd__B1_Q55080,3,5,3,3,0.0120504095239835,38.5625,False,0.5858242363261698
4wpd__A1_Q55080--4wpd__B1_Q55080,4,1,3,3,0.013789692973441,37.125,False,0.6001567051857832
4wpd__A1_Q55080--4wpd__B1_Q55080,5,1,1,3,0.0156236947760948,36.0625,False,0.5754099681064224
4wpd__A1_Q55080--4wpd__B1_Q55080,6,2,1,3,0.0117888544390977,34.40625,False,0.5625777577541387
4wpd__A1_Q55080--4wpd__B1_Q55080,7,1,2,3,0.0161711516878791,34.0625,False,0.5514492418744921
4wpd__A1_Q55080--4wpd__B1_Q55080,8,2,0,3,0.012647006718239,33.84375,False,0.5559821769118343
4wpd__A1_Q55080--4wpd__B1_Q55080,9,3,0,3,0.0102755694285897,33.3125,False,0.521509010022789
4wpd__A1_Q55080--4wpd__B1_Q55080,10,1,0,3,0.0166826588039562,32.5625,False,0.5164047467812078
4wpd__A1_Q55080--4wpd__B1_Q55080,11,3,3,3,0.0109682345204293,32.0,False,0.5006981982454176
4wpd__A1_Q55080--4wpd__B1_Q55080,12,5,1,3,0.0151567627102319,29.8125,False,0.4730958069976415
4wpd__A1_Q55080--4wpd__B1_Q55080,13,4,2,3,0.0142366045988584,29.6875,False,0.48649296482821797
4wpd__A1_Q55080--4wpd__B1_Q55080,14,3,2,3,0.0145605660501939,29.5,False,0.4677401366105372
4wpd__A1_Q55080--4wpd__B1_Q55080,15,4,1,3,0.0170466512786611,26.796875,False,0.4538810817743633
4wpd__A1_Q55080--4wpd__B1_Q55080,16,4,3,3,0.0179201281745383,25.890625,False,0.4383524441135091
4wpd__A1_Q55080--4wpd__B1_Q55080,17,3,1,3,0.0134114461112489,25.390625,False,0.42338458568470205
4wpd__A1_Q55080--4wpd__B1_Q55080,18,2,3,3,0.0112293147469105,25.328125,False,0.41898573311385656
4wpd__A1_Q55080--4wpd__B1_Q55080,19,4,0,3,0.017163806028918,25.265625,False,0.4081195999439731
4wpd__A1_Q55080--4wpd__B1_Q55080,20,2,2,3,0.0115530896120233,24.78125,False,0.39277902542253146
4xl5__B1_UNDEFINED--4xl5__A1_P42212,1,1,2,4,0.0382471790856429,49.75,False,0.6252250303848622
4xl5__B1_UNDEFINED--4xl5__A1_P42212,2,4,0,4,0.3111576347838241,34.46875,True,0.6067931745882112
4xl5__B1_UNDEFINED--4xl5__A1_P42212,3,1,0,4,0.03547661350198,33.46875,False,0.5965611679097308
4xl5__B1_UNDEFINED--4xl5__A1_P42212,4,4,2,4,0.2901401287820007,33.25,True,0.5803639112104452
4xl5__B1_UNDEFINED--4xl5__A1_P42212,5,3,1,4,0.031709523863772,33.09375,False,0.5931418087919877
4xl5__B1_UNDEFINED--4xl5__A1_P42212,6,4,1,4,0.2400924924123281,32.375,True,0.5419152702727043
4xl5__B1_UNDEFINED--4xl5__A1_P42212,7,1,1,4,0.0469746199905323,31.984375,False,0.5402317144907467
4xl5__B1_UNDEFINED--4xl5__A1_P42212,8,3,0,4,0.0307649680740766,31.859375,False,0.5555327145088076
4xl5__B1_UNDEFINED--4xl5__A1_P42212,9,2,1,4,0.0318932959960802,31.140625,False,0.5551658229736366
4xl5__B1_UNDEFINED--4xl5__A1_P42212,10,2,0,4,0.0707638652797481,30.671875,False,0.5006682874762309
4xl5__B1_UNDEFINED--4xl5__A1_P42212,11,3,3,4,0.0303884725332158,30.578125,False,0.5106713726355111
4xl5__B1_UNDEFINED--4xl5__A1_P42212,12,3,2,4,0.0309482378052428,29.90625,False,0.48289317215079497
4xl5__B1_UNDEFINED--4xl5__A1_P42212,13,5,3,4,0.0557080175474788,29.703125,False,0.45581723206355096
4xl5__B1_UNDEFINED--4xl5__A1_P42212,14,5,1,4,0.0611795742257703,29.640625,False,0.45195596013040384
4xl5__B1_UNDEFINED--4xl5__A1_P42212,15,5,2,4,0.0624231003222036,28.96875,False,0.42867217251005746
4xl5__B1_UNDEFINED--4xl5__A1_P42212,16,1,3,4,0.0415669376715345,28.625,False,0.4255332290945985
4xl5__B1_UNDEFINED--4xl5__A1_P42212,17,5,0,4,0.0516616621404406,28.28125,False,0.3949831098754116
4xl5__B1_UNDEFINED--4xl5__A1_P42212,18,4,3,4,0.1276712846394201,28.140625,False,0.40602464635239305
4xl5__B1_UNDEFINED--4xl5__A1_P42212,19,2,3,4,0.0338375837555117,28.0625,False,0.43336989414584043
4xl5__B1_UNDEFINED--4xl5__A1_P42212,20,2,2,4,0.1056597158590905,27.765625,False,0.391956189278573
4xt2__C1_Q99814--4xt2__A1_P27540,1,3,1,1,0.6127440693611702,85.9375,True,0.6003937747645698
4xt2__C1_Q99814--4xt2__A1_P27540,2,3,2,1,0.6021072269049986,85.9375,True,0.5785564009137517
4xt2__C1_Q99814--4xt2__A1_P27540,3,4,2,1,0.6477930272110433,85.875,True,0.5839080395619749
4xt2__C1_Q99814--4xt2__A1_P27540,4,5,2,1,0.6142879931195219,85.75,True,0.583206238578759
4xt2__C1_Q99814--4xt2__A1_P27540,5,1,1,1,0.6411879568100677,85.6875,True,0.5945941802377229
4xt2__C1_Q99814--4xt2__A1_P27540,6,1,0,1,0.6285598375279383,85.5,True,0.589978153057203
4xt2__C1_Q99814--4xt2__A1_P27540,7,1,2,1,0.6338588681648657,85.3125,True,0.5526323487403177
4xt2__C1_Q99814--4xt2__A1_P27540,8,4,0,1,0.6454849662787873,85.3125,True,0.5488716156206694
4xt2__C1_Q99814--4xt2__A1_P27540,9,5,1,1,0.6033992135433491,85.1875,True,0.5285039680373135
4xt2__C1_Q99814--4xt2__A1_P27540,10,3,0,1,0.5800281090799954,84.8125,True,0.5023747153230979
4xt2__C1_Q99814--4xt2__A1_P27540,11,4,1,1,0.6233621079717743,84.75,True,0.5169325469029418
4xt2__C1_Q99814--4xt2__A1_P27540,12,3,3,1,0.5951869229934893,84.625,True,0.46822293212256294
4xt2__C1_Q99814--4xt2__A1_P27540,13,5,0,1,0.6039957201942077,84.5,True,0.47911942560133464
4xt2__C1_Q99814--4xt2__A1_P27540,14,1,3,1,0.6205669797139041,83.9375,True,0.46187548108214466
4xt2__C1_Q99814--4xt2__A1_P27540,15,5,3,1,0.6431051510132977,83.3125,True,0.47387311313123415
4xt2__C1_Q99814--4xt2__A1_P27540,16,2,3,1,0.6438485927717936,82.1875,True,0.4418419454754785
4xt2__C1_Q99814--4xt2__A1_P27540,17,4,3,1,0.7240961799309763,81.8125,True,0.4136494449706006
4xt2__C1_Q99814--4xt2__A1_P27540,18,2,0,1,0.6337167680923018,81.8125,True,0.4251885818192474
4xt2__C1_Q99814--4xt2__A1_P27540,19,2,1,1,0.6278172809496143,81.1875,True,0.40864069134724323
4xt2__C1_Q99814--4xt2__A1_P27540,20,2,2,1,0.4121682828450592,31.40625,True,0.38899374084502214
4xyd__A1_Q16A04--4xyd__B1_Q16A03,1,4,0,0,0.9330826864686212,95.0625,True,0.6076663467774452
4xyd__A1_Q16A04--4xyd__B1_Q16A03,2,4,1,0,0.93561764926527,95.0625,True,0.6221246443858275
4xyd__A1_Q16A04--4xyd__B1_Q16A03,3,4,3,0,0.9435672506401834,94.9375,True,0.5342289009814138
4xyd__A1_Q16A04--4xyd__B1_Q16A03,4,1,3,0,0.94598899907376,94.9375,True,0.6133141716043037
4xyd__A1_Q16A04--4xyd__B1_Q16A03,5,5,3,0,0.9385762408185648,94.875,True,0.5356763735913389
4xyd__A1_Q16A04--4xyd__B1_Q16A03,6,5,0,0,0.933943106431781,94.875,True,0.5611488140639834
4xyd__A1_Q16A04--4xyd__B1_Q16A03,7,5,1,0,0.9353348840115104,94.875,True,0.5114082414037951
4xyd__A1_Q16A04--4xyd__B1_Q16A03,8,4,2,0,0.9291010641375976,94.8125,True,0.5499178105439522
4xyd__A1_Q16A04--4xyd__B1_Q16A03,9,5,2,0,0.9369147518187574,94.8125,True,0.5388981110454429
4xyd__A1_Q16A04--4xyd__B1_Q16A03,10,2,3,0,0.9401482528526264,94.75,True,0.4942088897792347
4xyd__A1_Q16A04--4xyd__B1_Q16A03,11,2,0,0,0.9412066991770156,94.75,True,0.5139633951313649
4xyd__A1_Q16A04--4xyd__B1_Q16A03,12,1,0,0,0.9325317732110024,94.75,True,0.5330908657006999
4xyd__A1_Q16A04--4xyd__B1_Q16A03,13,2,2,0,0.9381495510853536,94.6875,True,0.45594390093091663
4xyd__A1_Q16A04--4xyd__B1_Q16A03,14,1,2,0,0.9380705467366184,94.6875,True,0.47899726950362975
4xyd__A1_Q16A04--4xyd__B1_Q16A03,15,2,1,0,0.9386787066291908,94.6875,True,0.48993445942333996
4xyd__A1_Q16A04--4xyd__B1_Q16A03,16,1,1,0,0.9340273147145216,94.625,True,0.4975938384901287
4xyd__A1_Q16A04--4xyd__B1_Q16A03,17,3,1,0,0.9298447852922668,94.5,True,0.4200306608641954
4xyd__A1_Q16A04--4xyd__B1_Q16A03,18,3,3,0,0.9379681939542256,94.5,True,0.41354207706059715
4xyd__A1_Q16A04--4xyd__B1_Q16A03,19,3,0,0,0.9357250816157396,94.5,True,0.40551166881208967
4xyd__A1_Q16A04--4xyd__B1_Q16A03,20,3,2,0,0.9427501239966396,94.4375,True,0.3916606666069642
4yxc__A1_P00720--4yxc__B1_P26419,1,4,2,3,0.1895343385471325,64.9375,False,0.5994699562272309
4yxc__A1_P00720--4yxc__B1_P26419,2,3,0,3,0.1788459504925405,64.8125,False,0.6148855127255757
4yxc__A1_P00720--4yxc__B1_P26419,3,4,3,3,0.1754876310905218,64.4375,False,0.5969440621720021
4yxc__A1_P00720--4yxc__B1_P26419,4,5,3,3,0.1324499263225631,64.0,False,0.5134970985902576
4yxc__A1_P00720--4yxc__B1_P26419,5,3,2,3,0.1702417819473627,63.8125,False,0.5998983139048039
4yxc__A1_P00720--4yxc__B1_P26419,6,4,0,3,0.1871473787568396,62.59375,False,0.5587553169343845
4yxc__A1_P00720--4yxc__B1_P26419,7,3,3,3,0.1859611401474249,59.4375,False,0.5637827136684809
4yxc__A1_P00720--4yxc__B1_P26419,8,5,0,3,0.1886719851136971,53.71875,False,0.49974628360837525
4yxc__A1_P00720--4yxc__B1_P26419,9,3,1,3,0.1486647202850314,52.3125,False,0.5271014634146308
4yxc__A1_P00720--4yxc__B1_P26419,10,4,1,3,0.177417203037963,52.1875,False,0.47822211337178466
4yxc__A1_P00720--4yxc__B1_P26419,11,1,3,3,0.1710550486446909,51.03125,False,0.4952237183784924
4yxc__A1_P00720--4yxc__B1_P26419,12,2,1,3,0.1267630534552027,49.9375,False,0.5051910940688766
4yxc__A1_P00720--4yxc__B1_P26419,13,1,2,3,0.1482440516880999,49.5,False,0.48606993869351556
4yxc__A1_P00720--4yxc__B1_P26419,14,1,0,3,0.167680663169025,49.15625,False,0.52735742353053
4yxc__A1_P00720--4yxc__B1_P26419,15,2,2,3,0.1637946946935207,46.0625,False,0.47122856966470866
4yxc__A1_P00720--4yxc__B1_P26419,16,2,0,3,0.0568345865214537,41.71875,False,0.4775011652365657
4yxc__A1_P00720--4yxc__B1_P26419,17,5,2,3,0.0617853353642409,40.09375,False,0.41415248601349636
4yxc__A1_P00720--4yxc__B1_P26419,18,5,1,3,0.0725652463849771,39.625,False,0.4015624586848653
4yxc__A1_P00720--4yxc__B1_P26419,19,2,3,3,0.1467229981509172,35.8125,False,0.4101011935021985
4yxc__A1_P00720--4yxc__B1_P26419,20,1,1,3,0.0613091714615014,33.65625,False,0.4096528906227524
4z0o__A1_Q504Y3--4z0o__A2_Q504Y3,1,3,1,3,0.4368925628415042,66.6875,True,0.6171943052999305
4z0o__A1_Q504Y3--4z0o__A2_Q504Y3,2,3,2,3,0.4155553206437166,65.625,True,0.5853121096548549
4z0o__A1_Q504Y3--4z0o__A2_Q504Y3,3,3,3,3,0.4518073025697178,64.8125,True,0.5604955927341196
4z0o__A1_Q504Y3--4z0o__A2_Q504Y3,4,3,0,3,0.4470231335842898,64.4375,True,0.5666019777522415
4z0o__A1_Q504Y3--4z0o__A2_Q504Y3,5,5,2,3,0.3802886356212929,62.6875,True,0.5925798183340789
4z0o__A1_Q504Y3--4z0o__A2_Q504Y3,6,5,3,3,0.3815848136745824,62.53125,True,0.5737670662876466
4z0o__A1_Q504Y3--4z0o__A2_Q504Y3,7,5,0,3,0.3801710334843113,62.1875,True,0.5610423751650715
4z0o__A1_Q504Y3--4z0o__A2_Q504Y3,8,5,1,3,0.3721309243296012,61.09375,True,0.5524052466179006
4z0o__A1_Q504Y3--4z0o__A2_Q504Y3,9,2,1,3,0.1586243506791136,44.65625,False,0.5722069468916343
4z0o__A1_Q504Y3--4z0o__A2_Q504Y3,10,2,2,3,0.0531935962517889,33.46875,False,0.5026350370108245
4z0o__A1_Q504Y3--4z0o__A2_Q504Y3,11,2,0,3,0.1986452882834615,25.09375,False,0.5052514623813362
4z0o__A1_Q504Y3--4z0o__A2_Q504Y3,12,2,3,3,0.1704734415683091,23.4375,False,0.4927427904542626
4z0o__A1_Q504Y3--4z0o__A2_Q504Y3,13,1,1,3,0.2805345721857989,20.8125,True,0.4735051784766381
4z0o__A1_Q504Y3--4z0o__A2_Q504Y3,14,1,2,3,0.2956052749212216,20.640625,True,0.4662750664601375
4z0o__A1_Q504Y3--4z0o__A2_Q504Y3,15,1,3,3,0.2931911032896767,20.21875,True,0.45139924450631036
4z0o__A1_Q504Y3--4z0o__A2_Q504Y3,16,1,0,3,0.2869674573952986,19.609375,True,0.44324864867285796
4z0o__A1_Q504Y3--4z0o__A2_Q504Y3,17,4,1,3,0.1720764187533147,17.234375,False,0.42714388448666035
4z0o__A1_Q504Y3--4z0o__A2_Q504Y3,18,4,3,3,0.077932664884439,12.9609375,False,0.40146944497802844
4z0o__A1_Q504Y3--4z0o__A2_Q504Y3,19,4,2,3,0.0845746950724544,12.9609375,False,0.40078288960777
4z0o__A1_Q504Y3--4z0o__A2_Q504Y3,20,4,0,3,0.0694101139849573,12.9140625,False,0.40519611911773085
4z86__A1_Q9KQ21--4z86__B1_Q9KQ21,1,4,2,2,0.0312716917741907,69.875,False,0.6106362820214045
4z86__A1_Q9KQ21--4z86__B1_Q9KQ21,2,4,1,2,0.0309933600159616,69.4375,False,0.6031148618999237
4z86__A1_Q9KQ21--4z86__B1_Q9KQ21,3,5,2,2,0.0422124591898677,64.875,False,0.540832789891904
4z86__A1_Q9KQ21--4z86__B1_Q9KQ21,4,5,1,2,0.0425439122965855,62.03125,False,0.4990564598975155
4z86__A1_Q9KQ21--4z86__B1_Q9KQ21,5,5,3,2,0.0273131004702737,60.53125,False,0.5046159305998618
4z86__A1_Q9KQ21--4z86__B1_Q9KQ21,6,5,0,2,0.0275327878018314,57.75,False,0.4880746914916915
4z86__A1_Q9KQ21--4z86__B1_Q9KQ21,7,3,3,2,0.0191348721581225,56.5625,False,0.4935058886336683
4z86__A1_Q9KQ21--4z86__B1_Q9KQ21,8,4,0,2,0.1026007360483965,52.5,False,0.5914263213196642
4z86__A1_Q9KQ21--4z86__B1_Q9KQ21,9,4,3,2,0.1275412297274889,34.65625,False,0.555191959374455
4z86__A1_Q9KQ21--4z86__B1_Q9KQ21,10,2,2,2,0.1050413909762959,31.03125,False,0.5478521009615189
4z86__A1_Q9KQ21--4z86__B1_Q9KQ21,11,2,3,2,0.1164582742379508,27.0,False,0.535223826677893
4z86__A1_Q9KQ21--4z86__B1_Q9KQ21,12,2,0,2,0.1051134875135573,25.65625,False,0.5225502280854165
4z86__A1_Q9KQ21--4z86__B1_Q9KQ21,13,2,1,2,0.1048178065513827,25.546875,False,0.5098475276020266
4z86__A1_Q9KQ21--4z86__B1_Q9KQ21,14,3,0,2,0.1598342941901312,23.09375,False,0.4673707635650443
4z86__A1_Q9KQ21--4z86__B1_Q9KQ21,15,3,1,2,0.2202078467686231,22.65625,False,0.4657131037000401
4z86__A1_Q9KQ21--4z86__B1_Q9KQ21,16,3,2,2,0.0942181184853763,21.78125,False,0.4292337030616965
4z86__A1_Q9KQ21--4z86__B1_Q9KQ21,17,1,0,2,0.0809239385257786,20.5625,False,0.4887282568430514
4z86__A1_Q9KQ21--4z86__B1_Q9KQ21,18,1,3,2,0.096814658940211,19.484375,False,0.4524486563440912
4z86__A1_Q9KQ21--4z86__B1_Q9KQ21,19,1,2,2,0.0829137086016994,19.484375,False,0.4487196481832402
4z86__A1_Q9KQ21--4z86__B1_Q9KQ21,20,1,1,2,0.0733838260451896,19.0,False,0.4507364863931957
4zb3__A1_Q9SU14--4zb3__A2_Q9SU14,1,3,0,3,0.2185476910433966,85.625,False,0.6238507407359268
4zb3__A1_Q9SU14--4zb3__A2_Q9SU14,2,1,3,3,0.2236165919066911,82.9375,False,0.612405724342752
4zb3__A1_Q9SU14--4zb3__A2_Q9SU14,3,4,2,3,0.2139322679916458,80.5,False,0.5993260787430762
4zb3__A1_Q9SU14--4zb3__A2_Q9SU14,4,1,2,3,0.2263107110330468,79.5625,False,0.5524901693373178
4zb3__A1_Q9SU14--4zb3__A2_Q9SU14,5,3,3,3,0.231210367063182,79.3125,True,0.5519423689629287
4zb3__A1_Q9SU14--4zb3__A2_Q9SU14,6,4,1,3,0.2157645307560065,78.8125,False,0.5610085687119009
4zb3__A1_Q9SU14--4zb3__A2_Q9SU14,7,5,0,3,0.2260096665973076,78.6875,False,0.5596999345943869
4zb3__A1_Q9SU14--4zb3__A2_Q9SU14,8,2,0,3,0.221113752710822,78.0625,False,0.5388797605633318
4zb3__A1_Q9SU14--4zb3__A2_Q9SU14,9,1,1,3,0.2220439357898609,77.9375,False,0.5203382969710711
4zb3__A1_Q9SU14--4zb3__A2_Q9SU14,10,2,3,3,0.2202097100969127,77.875,False,0.5026211553619725
4zb3__A1_Q9SU14--4zb3__A2_Q9SU14,11,4,3,3,0.2190286200767325,77.4375,False,0.5110247260506172
4zb3__A1_Q9SU14--4zb3__A2_Q9SU14,12,4,0,3,0.2194626183426129,76.9375,False,0.48157274290444735
4zb3__A1_Q9SU14--4zb3__A2_Q9SU14,13,5,3,3,0.22213333299745,76.75,False,0.4857525193566543
4zb3__A1_Q9SU14--4zb3__A2_Q9SU14,14,1,0,3,0.2207897951089436,76.5625,False,0.47263301836198274
4zb3__A1_Q9SU14--4zb3__A2_Q9SU14,15,5,2,3,0.2305108586635924,76.125,True,0.4763421077733195
4zb3__A1_Q9SU14--4zb3__A2_Q9SU14,16,5,1,3,0.2212731010001336,74.9375,False,0.4484058606918561
4zb3__A1_Q9SU14--4zb3__A2_Q9SU14,17,2,2,3,0.2196787315685041,73.5625,False,0.42642362742492235
4zb3__A1_Q9SU14--4zb3__A2_Q9SU14,18,3,2,3,0.2236592227143602,73.3125,False,0.41016727019654575
4zb3__A1_Q9SU14--4zb3__A2_Q9SU14,19,2,1,3,0.2227644497492884,73.0,False,0.4147356020936432
4zb3__A1_Q9SU14--4zb3__A2_Q9SU14,20,3,1,3,0.2187315389128605,71.1875,False,0.4002009224643881
4zir__A1_Q9WY65--4zir__B1_Q9X1Z1,1,4,0,0,0.5461757584785515,83.625,True,0.6305637859732365
4zir__A1_Q9WY65--4zir__B1_Q9X1Z1,2,4,2,0,0.631137069020621,82.3125,True,0.6104151013196502
4zir__A1_Q9WY65--4zir__B1_Q9X1Z1,3,4,3,0,0.5930576261811451,82.25,True,0.6103687753668957
4zir__A1_Q9WY65--4zir__B1_Q9X1Z1,4,4,1,0,0.6249751362870657,81.9375,True,0.5692578113130532
4zir__A1_Q9WY65--4zir__B1_Q9X1Z1,5,1,2,0,0.491860333982102,81.6875,True,0.560315906522343
4zir__A1_Q9WY65--4zir__B1_Q9X1Z1,6,5,0,0,0.5032582191764295,81.0625,True,0.5178737431015151
4zir__A1_Q9WY65--4zir__B1_Q9X1Z1,7,5,2,0,0.5650464823723312,80.75,True,0.5207489383602019
4zir__A1_Q9WY65--4zir__B1_Q9X1Z1,8,1,0,0,0.4586443466778983,80.625,True,0.5434801119644428
4zir__A1_Q9WY65--4zir__B1_Q9X1Z1,9,3,2,0,0.6272922864304107,80.625,True,0.5209986760209059
4zir__A1_Q9WY65--4zir__B1_Q9X1Z1,10,3,3,0,0.6619669664501103,80.4375,True,0.5113402131418129
4zir__A1_Q9WY65--4zir__B1_Q9X1Z1,11,1,3,0,0.4826437578547592,80.3125,True,0.516052755296572
4zir__A1_Q9WY65--4zir__B1_Q9X1Z1,12,5,1,0,0.5699797549657186,80.25,True,0.44487460302644244
4zir__A1_Q9WY65--4zir__B1_Q9X1Z1,13,2,2,0,0.448774562656606,80.1875,True,0.5115828839565671
4zir__A1_Q9WY65--4zir__B1_Q9X1Z1,14,3,0,0,0.6279435961131842,80.1875,True,0.4691029203756908
4zir__A1_Q9WY65--4zir__B1_Q9X1Z1,15,3,1,0,0.602699945302872,80.0,True,0.44013873852764335
4zir__A1_Q9WY65--4zir__B1_Q9X1Z1,16,5,3,0,0.5161544090133475,79.9375,True,0.43073247159480454
4zir__A1_Q9WY65--4zir__B1_Q9X1Z1,17,1,1,0,0.5014315288419328,79.75,True,0.5035265468018334
4zir__A1_Q9WY65--4zir__B1_Q9X1Z1,18,2,1,0,0.429204131661391,79.6875,True,0.45651198256035425
4zir__A1_Q9WY65--4zir__B1_Q9X1Z1,19,2,0,0,0.4392810818758026,78.4375,True,0.39807937011198197
4zir__A1_Q9WY65--4zir__B1_Q9X1Z1,20,2,3,0,0.443271729499974,76.875,True,0.4014380289985744
4zkc__A1_Q2F862--4zkc__B1_P80098,1,4,2,4,0.7127118453476354,89.375,True,0.6255214146057201
4zkc__A1_Q2F862--4zkc__B1_P80098,2,4,3,4,0.7111957518086077,88.3125,True,0.6223075999099843
4zkc__A1_Q2F862--4zkc__B1_P80098,3,5,2,4,0.6915016438295133,87.0,True,0.47415024799727157
4zkc__A1_Q2F862--4zkc__B1_P80098,4,1,2,4,0.6970237317772755,86.8125,True,0.5596638649847206
4zkc__A1_Q2F862--4zkc__B1_P80098,5,1,1,4,0.704102772706217,86.25,True,0.6006310238936458
4zkc__A1_Q2F862--4zkc__B1_P80098,6,2,3,4,0.7148456684736652,86.125,True,0.5446723640482626
4zkc__A1_Q2F862--4zkc__B1_P80098,7,2,2,4,0.6733064260498516,86.125,True,0.5769067990513805
4zkc__A1_Q2F862--4zkc__B1_P80098,8,5,3,4,0.6998543568821015,85.1875,True,0.538659084919166
4zkc__A1_Q2F862--4zkc__B1_P80098,9,4,1,4,0.7067151269335974,84.9375,True,0.5662005485976902
4zkc__A1_Q2F862--4zkc__B1_P80098,10,5,1,4,0.7013194369911221,84.6875,True,0.5073524481130993
4zkc__A1_Q2F862--4zkc__B1_P80098,11,2,1,4,0.7067943426717077,82.375,True,0.5346357032038956
4zkc__A1_Q2F862--4zkc__B1_P80098,12,2,0,4,0.7021281687280793,81.0,True,0.5131665384055303
4zkc__A1_Q2F862--4zkc__B1_P80098,13,4,0,4,0.7134797869341812,80.5,True,0.4912822904943536
4zkc__A1_Q2F862--4zkc__B1_P80098,14,3,2,4,0.7053141048584463,75.0625,True,0.44039397104187644
4zkc__A1_Q2F862--4zkc__B1_P80098,15,5,0,4,0.6732709582898114,74.25,True,0.43982060642403537
4zkc__A1_Q2F862--4zkc__B1_P80098,16,3,3,4,0.6919770817072735,73.375,True,0.45092192418311083
4zkc__A1_Q2F862--4zkc__B1_P80098,17,3,1,4,0.6884861896879569,70.8125,True,0.4122034358319069
4zkc__A1_Q2F862--4zkc__B1_P80098,18,3,0,4,0.6966410524139518,70.0,True,0.4094350968638998
4zkc__A1_Q2F862--4zkc__B1_P80098,19,1,0,4,0.2676255914144728,29.3125,True,0.39130812604514903
4zkc__A1_Q2F862--4zkc__B1_P80098,20,1,3,4,0.435183712797321,28.0625,True,0.37884183994699727
5an6__B1_Q9X2D0--5an6__C1_Q9X2D0,1,5,0,4,0.5931615385726493,57.46875,True,0.6209876410925594
5an6__B1_Q9X2D0--5an6__C1_Q9X2D0,2,5,2,4,0.7909296341906792,56.65625,True,0.6238783377762147
5an6__B1_Q9X2D0--5an6__C1_Q9X2D0,3,1,1,4,0.795817001759833,48.59375,True,0.5953634934572049
5an6__B1_Q9X2D0--5an6__C1_Q9X2D0,4,1,0,4,0.4690070198848222,47.96875,True,0.5972930202521979
5an6__B1_Q9X2D0--5an6__C1_Q9X2D0,5,1,2,4,0.763297239071628,47.75,True,0.5783365155876223
5an6__B1_Q9X2D0--5an6__C1_Q9X2D0,6,1,3,4,0.4217915876318807,43.40625,True,0.5630621898731076
5an6__B1_Q9X2D0--5an6__C1_Q9X2D0,7,5,1,4,0.7934329611689112,42.71875,True,0.5519095233973977
5an6__B1_Q9X2D0--5an6__C1_Q9X2D0,8,2,1,4,0.7494307280142084,34.6875,True,0.5219755821968243
5an6__B1_Q9X2D0--5an6__C1_Q9X2D0,9,3,0,4,0.4070277158874801,32.6875,True,0.5038601613018923
5an6__B1_Q9X2D0--5an6__C1_Q9X2D0,10,2,3,4,0.7619402923056421,32.59375,True,0.49595637657848124
5an6__B1_Q9X2D0--5an6__C1_Q9X2D0,11,3,2,4,0.3259504455369233,30.0625,True,0.4586848526383885
5an6__B1_Q9X2D0--5an6__C1_Q9X2D0,12,2,2,4,0.750752164724252,29.84375,True,0.4725858312562592
5an6__B1_Q9X2D0--5an6__C1_Q9X2D0,13,3,3,4,0.3400961527291207,29.75,True,0.4558464375929288
5an6__B1_Q9X2D0--5an6__C1_Q9X2D0,14,2,0,4,0.7513178089768626,29.671875,True,0.4601613070982868
5an6__B1_Q9X2D0--5an6__C1_Q9X2D0,15,4,2,4,0.7567949535120991,28.90625,True,0.46790928486610783
5an6__B1_Q9X2D0--5an6__C1_Q9X2D0,16,4,1,4,0.7690587258558623,28.59375,True,0.4466464939043115
5an6__B1_Q9X2D0--5an6__C1_Q9X2D0,17,4,0,4,0.7517183994670994,28.03125,True,0.4472059295372129
5an6__B1_Q9X2D0--5an6__C1_Q9X2D0,18,3,1,4,0.3375412367170724,28.0,True,0.43436836414004903
5an6__B1_Q9X2D0--5an6__C1_Q9X2D0,19,4,3,4,0.7508403691691904,26.15625,True,0.40005888987639693
5an6__B1_Q9X2D0--5an6__C1_Q9X2D0,20,5,3,4,0.0546835092390132,15.9453125,False,0.379506644990498
5axg__B1_B0KBZ7--5axg__A1_B0KBZ7,1,4,2,3,0.3650160340654904,66.4375,True,0.6238507407359268
5axg__B1_B0KBZ7--5axg__A1_B0KBZ7,2,4,3,3,0.3856001665602487,55.3125,True,0.5975762886601542
5axg__B1_B0KBZ7--5axg__A1_B0KBZ7,3,1,1,3,0.555275618408809,55.21875,True,0.6102927749346544
5axg__B1_B0KBZ7--5axg__A1_B0KBZ7,4,4,0,3,0.4437282279706487,43.71875,True,0.5788404195553669
5axg__B1_B0KBZ7--5axg__A1_B0KBZ7,5,4,1,3,0.4868434171326171,43.5,True,0.5738479822769122
5axg__B1_B0KBZ7--5axg__A1_B0KBZ7,6,1,3,3,0.4780674338263169,42.0,True,0.5688404461463827
5axg__B1_B0KBZ7--5axg__A1_B0KBZ7,7,2,1,3,0.4504984286625892,41.125,True,0.5498680647263156
5axg__B1_B0KBZ7--5axg__A1_B0KBZ7,8,2,0,3,0.52733027863006,37.15625,True,0.5360262293147656
5axg__B1_B0KBZ7--5axg__A1_B0KBZ7,9,2,3,3,0.6434430217924509,35.75,True,0.5274159929613431
5axg__B1_B0KBZ7--5axg__A1_B0KBZ7,10,2,2,3,0.5135541694578446,34.375,True,0.5064303343457773
5axg__B1_B0KBZ7--5axg__A1_B0KBZ7,11,3,0,3,0.0537317233289848,31.40625,False,0.4871874619794028
5axg__B1_B0KBZ7--5axg__A1_B0KBZ7,12,3,1,3,0.0627728100319619,31.25,False,0.48914189654576706
5axg__B1_B0KBZ7--5axg__A1_B0KBZ7,13,5,1,3,0.0156956044931026,31.03125,False,0.47765366459431435
5axg__B1_B0KBZ7--5axg__A1_B0KBZ7,14,3,2,3,0.0336952702022575,30.609375,False,0.4679086549723346
5axg__B1_B0KBZ7--5axg__A1_B0KBZ7,15,3,3,3,0.0436869610121779,30.390625,False,0.44552771778059463
5axg__B1_B0KBZ7--5axg__A1_B0KBZ7,16,5,3,3,0.1048141725597442,30.046875,False,0.4441919106727402
5axg__B1_B0KBZ7--5axg__A1_B0KBZ7,17,1,2,3,0.4028340378113824,29.875,True,0.44612391459875494
5axg__B1_B0KBZ7--5axg__A1_B0KBZ7,18,5,0,3,0.1251145968635989,29.625,False,0.4168467177958236
5axg__B1_B0KBZ7--5axg__A1_B0KBZ7,19,5,2,3,0.1541377812252752,28.90625,False,0.4084655127226994
5axg__B1_B0KBZ7--5axg__A1_B0KBZ7,20,1,0,3,0.0252170331007782,25.765625,False,0.39337146811816814
5ayr__A1_P13051--5ayr__B1_Q936H5,1,4,2,2,0.8650913526352401,92.3125,True,0.6230287144243065
5ayr__A1_P13051--5ayr__B1_Q936H5,2,4,1,2,0.8522638153666976,92.25,True,0.6053402051809141
5ayr__A1_P13051--5ayr__B1_Q936H5,3,4,0,2,0.8451732470633379,92.1875,True,0.6008253179011337
5ayr__A1_P13051--5ayr__B1_Q936H5,4,4,3,2,0.8552682315043404,92.1875,True,0.5937880804186669
5ayr__A1_P13051--5ayr__B1_Q936H5,5,3,1,2,0.8197189784420248,92.0625,True,0.5635071583988845
5ayr__A1_P13051--5ayr__B1_Q936H5,6,1,0,2,0.8661124693215488,91.9375,True,0.5442367634918106
5ayr__A1_P13051--5ayr__B1_Q936H5,7,1,2,2,0.8671886194259756,91.9375,True,0.5113757595036337
5ayr__A1_P13051--5ayr__B1_Q936H5,8,2,0,2,0.858650143173966,91.875,True,0.5110369882090285
5ayr__A1_P13051--5ayr__B1_Q936H5,9,3,0,2,0.8357197496619887,91.875,True,0.5106207878300391
5ayr__A1_P13051--5ayr__B1_Q936H5,10,5,0,2,0.8392712493060478,91.8125,True,0.4939874039364736
5ayr__A1_P13051--5ayr__B1_Q936H5,11,1,1,2,0.8538484162702765,91.75,True,0.5521041160139732
5ayr__A1_P13051--5ayr__B1_Q936H5,12,1,3,2,0.8702639942236093,91.75,True,0.46677924247696934
5ayr__A1_P13051--5ayr__B1_Q936H5,13,3,2,2,0.8587622523949462,91.625,True,0.49685542844682384
5ayr__A1_P13051--5ayr__B1_Q936H5,14,2,1,2,0.8610356501714529,91.625,True,0.5176009616495489
5ayr__A1_P13051--5ayr__B1_Q936H5,15,5,1,2,0.8487940031671521,91.5625,True,0.44084527074909763
5ayr__A1_P13051--5ayr__B1_Q936H5,16,3,3,2,0.8500908283987898,91.5,True,0.45577208709818784
5ayr__A1_P13051--5ayr__B1_Q936H5,17,5,2,2,0.8359775637195191,91.25,True,0.41172867626305504
5ayr__A1_P13051--5ayr__B1_Q936H5,18,5,3,2,0.8487791294128918,91.25,True,0.4170874692328882
5ayr__A1_P13051--5ayr__B1_Q936H5,19,2,2,2,0.8626175687858652,89.5625,True,0.46352456930910774
5ayr__A1_P13051--5ayr__B1_Q936H5,20,2,3,2,0.8259676489582383,89.1875,True,0.4241450837444262
5b1q__A1_Q9WT50--5b1q__B1_Q9WT50,1,4,3,3,0.3160732550193847,82.1875,True,0.6092393758577548
5b1q__A1_Q9WT50--5b1q__B1_Q9WT50,2,1,2,3,0.3028806864051724,81.8125,True,0.6007887049034712
5b1q__A1_Q9WT50--5b1q__B1_Q9WT50,3,1,0,3,0.2297801045452311,76.9375,False,0.5598764213371776
5b1q__A1_Q9WT50--5b1q__B1_Q9WT50,4,4,0,3,0.2078352739265102,74.5,False,0.5963718063925876
5b1q__A1_Q9WT50--5b1q__B1_Q9WT50,5,1,1,3,0.2463680112394624,74.0,True,0.5581011712638679
5b1q__A1_Q9WT50--5b1q__B1_Q9WT50,6,1,3,3,0.2175295858758591,73.75,False,0.5503348099508256
5b1q__A1_Q9WT50--5b1q__B1_Q9WT50,7,4,2,3,0.2139193842712135,73.75,False,0.5620466206103406
5b1q__A1_Q9WT50--5b1q__B1_Q9WT50,8,5,2,3,0.1962223360413744,73.375,False,0.5093454795870321
5b1q__A1_Q9WT50--5b1q__B1_Q9WT50,9,5,0,3,0.2097109305403547,73.1875,False,0.5173707035575839
5b1q__A1_Q9WT50--5b1q__B1_Q9WT50,10,5,3,3,0.2030050916542185,72.875,False,0.49943787771074777
5b1q__A1_Q9WT50--5b1q__B1_Q9WT50,11,5,1,3,0.1963818717097747,72.8125,False,0.48313734697568383
5b1q__A1_Q9WT50--5b1q__B1_Q9WT50,12,3,2,3,0.1971240287559056,72.6875,False,0.5075936761503781
5b1q__A1_Q9WT50--5b1q__B1_Q9WT50,13,2,0,3,0.2276015673380794,72.4375,False,0.4781589068985238
5b1q__A1_Q9WT50--5b1q__B1_Q9WT50,14,2,2,3,0.1722459844546977,72.25,False,0.4572069299297905
5b1q__A1_Q9WT50--5b1q__B1_Q9WT50,15,4,1,3,0.1878859264925415,72.125,False,0.4214579672487051
5b1q__A1_Q9WT50--5b1q__B1_Q9WT50,16,2,3,3,0.2056885840205545,72.125,False,0.47308995005210275
5b1q__A1_Q9WT50--5b1q__B1_Q9WT50,17,2,1,3,0.2002432572337539,72.0,False,0.49000975877863967
5b1q__A1_Q9WT50--5b1q__B1_Q9WT50,18,3,3,3,0.1725052576880156,71.875,False,0.4162392902171415
5b1q__A1_Q9WT50--5b1q__B1_Q9WT50,19,3,0,3,0.1751749245155821,71.4375,False,0.4194375960718683
5b1q__A1_Q9WT50--5b1q__B1_Q9WT50,20,3,1,3,0.1674541360111378,71.0,False,0.440730174074878
5b2g__A1_O14493--5b2g__B1_P01558,1,4,1,2,0.0037185053908853,30.0625,False,0.6012393425037826
5b2g__A1_O14493--5b2g__B1_P01558,2,5,3,2,0.0027197334391889,29.328125,False,0.5353535503757835
5b2g__A1_O14493--5b2g__B1_P01558,3,5,2,2,0.0034156711044709,27.65625,False,0.5727683738328162
5b2g__A1_O14493--5b2g__B1_P01558,4,3,1,2,0.138017376185527,27.0,False,0.5861028171070584
5b2g__A1_O14493--5b2g__B1_P01558,5,4,3,2,0.0033998783209907,26.8125,False,0.5813111601896396
5b2g__A1_O14493--5b2g__B1_P01558,6,1,0,2,0.0031347515697643,26.0,False,0.5618720359564807
5b2g__A1_O14493--5b2g__B1_P01558,7,4,0,2,0.0032890583347793,25.359375,False,0.5561134464239266
5b2g__A1_O14493--5b2g__B1_P01558,8,2,0,2,0.0033373275952848,24.8125,False,0.536565402325914
5b2g__A1_O14493--5b2g__B1_P01558,9,1,3,2,0.0030172620883618,24.484375,False,0.5085042322232892
5b2g__A1_O14493--5b2g__B1_P01558,10,3,3,2,0.1014606834570193,23.890625,False,0.5322538707748095
5b2g__A1_O14493--5b2g__B1_P01558,11,2,2,2,0.0031606769820814,23.578125,False,0.48469510564784535
5b2g__A1_O14493--5b2g__B1_P01558,12,5,1,2,0.0046854834486904,23.390625,False,0.5086012137069318
5b2g__A1_O14493--5b2g__B1_P01558,13,5,0,2,0.0033154809261262,22.140625,False,0.49784264613118745
5b2g__A1_O14493--5b2g__B1_P01558,14,4,2,2,0.0033710953777249,21.84375,False,0.5196995250290262
5b2g__A1_O14493--5b2g__B1_P01558,15,3,0,2,0.0485211728645038,21.75,False,0.4688104113426517
5b2g__A1_O14493--5b2g__B1_P01558,16,1,1,2,0.0033615104638909,21.390625,False,0.4477586305577874
5b2g__A1_O14493--5b2g__B1_P01558,17,2,1,2,0.0032711411286783,20.96875,False,0.4341615346038404
5b2g__A1_O14493--5b2g__B1_P01558,18,3,2,2,0.0323978428816516,20.765625,False,0.4522143466816378
5b2g__A1_O14493--5b2g__B1_P01558,19,1,2,2,0.0045493846335835,20.0625,False,0.3966554030305864
5b2g__A1_O14493--5b2g__B1_P01558,20,2,3,2,0.0030567239125925,20.046875,False,0.4248091206543244
5b2h__A1_Q93HT5--5b2h__B1_Q93HT5,1,4,0,1,0.7214598625100038,85.8125,True,0.6244873582878557
5b2h__A1_Q93HT5--5b2h__B1_Q93HT5,2,4,3,1,0.6811698835324327,74.5,True,0.6125640603930859
5b2h__A1_Q93HT5--5b2h__B1_Q93HT5,3,3,3,1,0.68333914985753,70.25,True,0.6005043635206955
5b2h__A1_Q93HT5--5b2h__B1_Q93HT5,4,2,2,1,0.6730153878718536,65.4375,True,0.5821322528651958
5b2h__A1_Q93HT5--5b2h__B1_Q93HT5,5,2,1,1,0.0177859575232732,65.1875,False,0.5707214270411621
5b2h__A1_Q93HT5--5b2h__B1_Q93HT5,6,1,3,1,0.0176575378926399,63.78125,False,0.5682500146285224
5b2h__A1_Q93HT5--5b2h__B1_Q93HT5,7,5,3,1,0.0175099368529517,63.4375,False,0.5522806231610112
5b2h__A1_Q93HT5--5b2h__B1_Q93HT5,8,3,1,1,0.0178112416172468,59.9375,False,0.53081069259653
5b2h__A1_Q93HT5--5b2h__B1_Q93HT5,9,3,0,1,0.0260175470576876,56.03125,False,0.5119780373919507
5b2h__A1_Q93HT5--5b2h__B1_Q93HT5,10,3,2,1,0.6479317197076165,55.9375,True,0.5193075312741549
5b2h__A1_Q93HT5--5b2h__B1_Q93HT5,11,2,0,1,0.6788273240546158,55.25,True,0.5133524385510911
5b2h__A1_Q93HT5--5b2h__B1_Q93HT5,12,5,1,1,0.6050970062389937,54.625,True,0.4985050136344171
5b2h__A1_Q93HT5--5b2h__B1_Q93HT5,13,5,2,1,0.5960049704532907,52.6875,True,0.4680017019524743
5b2h__A1_Q93HT5--5b2h__B1_Q93HT5,14,1,1,1,0.0178908191117166,52.4375,False,0.47035217827107484
5b2h__A1_Q93HT5--5b2h__B1_Q93HT5,15,2,3,1,0.0180559242185644,48.9375,False,0.44990277454307415
5b2h__A1_Q93HT5--5b2h__B1_Q93HT5,16,1,0,1,0.0179804036123156,44.09375,False,0.43797114032101736
5b2h__A1_Q93HT5--5b2h__B1_Q93HT5,17,5,0,1,0.0178318581784524,26.859375,False,0.4206235087532143
5b2h__A1_Q93HT5--5b2h__B1_Q93HT5,18,4,2,1,0.5810077566610735,26.578125,True,0.41671229914017716
5b2h__A1_Q93HT5--5b2h__B1_Q93HT5,19,4,1,1,0.0397523414268559,19.3125,False,0.39766697542473295
5b2h__A1_Q93HT5--5b2h__B1_Q93HT5,20,1,2,1,0.0312879920666797,19.15625,False,0.3938241301274376
5b5w__A1_Q8BPB0--5b5w__B1_O95835,1,4,1,2,0.909766172407827,88.25,True,0.6230287144243065
5b5w__A1_Q8BPB0--5b5w__B1_O95835,2,4,3,2,0.9184346404348036,87.3125,True,0.5803458434626677
5b5w__A1_Q8BPB0--5b5w__B1_O95835,3,4,0,2,0.9122154879701796,86.75,True,0.555532616211897
5b5w__A1_Q8BPB0--5b5w__B1_O95835,4,2,1,2,0.8907195299063888,86.75,True,0.5808452380123506
5b5w__A1_Q8BPB0--5b5w__B1_O95835,5,4,2,2,0.9003825295339798,86.75,True,0.5840970754458633
5b5w__A1_Q8BPB0--5b5w__B1_O95835,6,2,3,2,0.909328651001162,86.6875,True,0.5841852265403682
5b5w__A1_Q8BPB0--5b5w__B1_O95835,7,2,2,2,0.8927677506661486,86.5625,True,0.5503681718098826
5b5w__A1_Q8BPB0--5b5w__B1_O95835,8,5,1,2,0.909783271034832,86.5,True,0.5591175556722306
5b5w__A1_Q8BPB0--5b5w__B1_O95835,9,2,0,2,0.9030726388837416,86.5,True,0.5572934152954765
5b5w__A1_Q8BPB0--5b5w__B1_O95835,10,5,3,2,0.9140340682398488,86.0,True,0.5181708526773972
5b5w__A1_Q8BPB0--5b5w__B1_O95835,11,5,2,2,0.889958001345548,84.75,True,0.493388067472099
5b5w__A1_Q8BPB0--5b5w__B1_O95835,12,5,0,2,0.8961620183483107,84.625,True,0.4785308149100072
5b5w__A1_Q8BPB0--5b5w__B1_O95835,13,3,1,2,0.879246453908265,84.25,True,0.4486001086279039
5b5w__A1_Q8BPB0--5b5w__B1_O95835,14,1,3,2,0.8999005046335976,84.0625,True,0.4893041792937304
5b5w__A1_Q8BPB0--5b5w__B1_O95835,15,3,3,2,0.8886040625341146,83.875,True,0.4441053475949283
5b5w__A1_Q8BPB0--5b5w__B1_O95835,16,1,1,2,0.8936569846763774,83.5625,True,0.4771953946275404
5b5w__A1_Q8BPB0--5b5w__B1_O95835,17,1,0,2,0.8885885148539785,82.625,True,0.44558989853793696
5b5w__A1_Q8BPB0--5b5w__B1_O95835,18,1,2,2,0.8832990702376824,82.25,True,0.43094761546568133
5b5w__A1_Q8BPB0--5b5w__B1_O95835,19,3,2,2,0.8744197026170846,81.625,True,0.40843679715024056
5b5w__A1_Q8BPB0--5b5w__B1_O95835,20,3,0,2,0.8839400845164666,81.0625,True,0.3967744266854328
5bqb__A1_Q00604--5bqb__B1_Q00604,1,1,0,1,0.7429590609475647,85.0,True,0.6237505059627444
5bqb__A1_Q00604--5bqb__B1_Q00604,2,2,2,1,0.7532153093745588,84.875,True,0.6095768158510046
5bqb__A1_Q00604--5bqb__B1_Q00604,3,4,0,1,0.808012695416297,81.1875,True,0.6042672127895687
5bqb__A1_Q00604--5bqb__B1_Q00604,4,4,2,1,0.760650847198792,78.5625,True,0.5883215631985332
5bqb__A1_Q00604--5bqb__B1_Q00604,5,1,3,1,0.4995129550421434,57.53125,True,0.5572478123914985
5bqb__A1_Q00604--5bqb__B1_Q00604,6,5,0,1,0.0333013719469248,56.1875,False,0.569903559716164
5bqb__A1_Q00604--5bqb__B1_Q00604,7,3,1,1,0.0280478455877077,36.0,False,0.5515442558383195
5bqb__A1_Q00604--5bqb__B1_Q00604,8,4,3,1,0.0311765838721053,33.9375,False,0.5466461340061418
5bqb__A1_Q00604--5bqb__B1_Q00604,9,4,1,1,0.0328567971288087,30.40625,False,0.5303671281593805
5bqb__A1_Q00604--5bqb__B1_Q00604,10,3,2,1,0.0198020288422014,19.71875,False,0.49052450182909907
5bqb__A1_Q00604--5bqb__B1_Q00604,11,3,0,1,0.0208661929044013,19.5,False,0.4958108707191266
5bqb__A1_Q00604--5bqb__B1_Q00604,12,1,1,1,0.0389741790880116,17.40625,False,0.5006149038042381
5bqb__A1_Q00604--5bqb__B1_Q00604,13,5,2,1,0.0281490606772429,16.453125,False,0.42505120692861503
5bqb__A1_Q00604--5bqb__B1_Q00604,14,3,3,1,0.0339502951224578,16.0625,False,0.42975402147809594
5bqb__A1_Q00604--5bqb__B1_Q00604,15,1,2,1,0.0484358077778886,15.7890625,False,0.4733605867438598
5bqb__A1_Q00604--5bqb__B1_Q00604,16,2,1,1,0.0320786722224553,15.1953125,False,0.44548672339544537
5bqb__A1_Q00604--5bqb__B1_Q00604,17,2,3,1,0.0158920867548804,14.765625,False,0.4361048568931703
5bqb__A1_Q00604--5bqb__B1_Q00604,18,5,3,1,0.0266355655760296,14.71875,False,0.40324241351562196
5bqb__A1_Q00604--5bqb__B1_Q00604,19,2,0,1,0.0150588774013322,14.390625,False,0.4441461208936276
5bqb__A1_Q00604--5bqb__B1_Q00604,20,5,1,1,0.017244427433929,14.390625,False,0.4130225543359962
5ch7__A1_G8QM55--5ch7__B1_G8QM54,1,3,1,4,0.7755982507294679,95.25,True,0.5513896462771806
5ch7__A1_G8QM55--5ch7__B1_G8QM54,2,5,2,4,0.7422345214139187,95.25,True,0.5591840883608411
5ch7__A1_G8QM55--5ch7__B1_G8QM54,3,3,2,4,0.752675461074733,95.25,True,0.5804447716074125
5ch7__A1_G8QM55--5ch7__B1_G8QM54,4,5,1,4,0.7541403155401083,95.1875,True,0.5842758764708939
5ch7__A1_G8QM55--5ch7__B1_G8QM54,5,3,0,4,0.7715239924430687,95.1875,True,0.5234027209793419
5ch7__A1_G8QM55--5ch7__B1_G8QM54,6,5,0,4,0.7449583815195274,95.1875,True,0.5699337867006198
5ch7__A1_G8QM55--5ch7__B1_G8QM54,7,3,3,4,0.7743495916810618,95.125,True,0.5065254636158901
5ch7__A1_G8QM55--5ch7__B1_G8QM54,8,4,2,4,0.7476784587686826,95.125,True,0.5466084498252483
5ch7__A1_G8QM55--5ch7__B1_G8QM54,9,4,0,4,0.7532183255982755,95.0625,True,0.4910309687548269
5ch7__A1_G8QM55--5ch7__B1_G8QM54,10,1,1,4,0.7917535766911294,95.0625,True,0.44693077607778225
5ch7__A1_G8QM55--5ch7__B1_G8QM54,11,1,0,4,0.7653403897443788,95.0625,True,0.5029319170341574
5ch7__A1_G8QM55--5ch7__B1_G8QM54,12,1,2,4,0.7908332228968099,95.0625,True,0.4986518522427174
5ch7__A1_G8QM55--5ch7__B1_G8QM54,13,2,2,4,0.7536732519374792,95.0625,True,0.49109893283929
5ch7__A1_G8QM55--5ch7__B1_G8QM54,14,4,1,4,0.7551391149320787,95.0,True,0.5162280203205034
5ch7__A1_G8QM55--5ch7__B1_G8QM54,15,5,3,4,0.7494802930529804,95.0,True,0.5750145623995314
5ch7__A1_G8QM55--5ch7__B1_G8QM54,16,4,3,4,0.7490186288647672,94.9375,True,0.44917512546718724
5ch7__A1_G8QM55--5ch7__B1_G8QM54,17,2,1,4,0.7776965984238684,94.875,True,0.397765166668157
5ch7__A1_G8QM55--5ch7__B1_G8QM54,18,1,3,4,0.7529224282928869,94.875,True,0.47957508676944455
5ch7__A1_G8QM55--5ch7__B1_G8QM54,19,2,3,4,0.7523021953333262,94.8125,True,0.42760046596919427
5ch7__A1_G8QM55--5ch7__B1_G8QM54,20,2,0,4,0.7525938148986837,94.8125,True,0.38301194362505075
5cqs__A1_Q06706--5cqs__D1_Q06706,1,1,0,1,0.5220133867610101,82.1875,True,0.6211465280904521
5cqs__A1_Q06706--5cqs__D1_Q06706,2,1,2,1,0.5172406236194734,81.75,True,0.6091835378095328
5cqs__A1_Q06706--5cqs__D1_Q06706,3,1,3,1,0.5171728010508442,80.5625,True,0.59708782724955
5cqs__A1_Q06706--5cqs__D1_Q06706,4,1,1,1,0.4039217051761148,58.625,True,0.5303770114047176
5cqs__A1_Q06706--5cqs__D1_Q06706,5,3,2,1,0.0064627863317554,47.9375,False,0.5909550987125435
5cqs__A1_Q06706--5cqs__D1_Q06706,6,3,3,1,0.005900367110296,46.53125,False,0.5682500146285224
5cqs__A1_Q06706--5cqs__D1_Q06706,7,3,1,1,0.0052811213455797,45.03125,False,0.5215824347165186
5cqs__A1_Q06706--5cqs__D1_Q06706,8,5,2,1,0.006012387733133,43.71875,False,0.5479517930403712
5cqs__A1_Q06706--5cqs__D1_Q06706,9,5,3,1,0.0069929174246525,43.34375,False,0.5286955381395884
5cqs__A1_Q06706--5cqs__D1_Q06706,10,5,0,1,0.006982578157924,43.21875,False,0.49571103820517937
5cqs__A1_Q06706--5cqs__D1_Q06706,11,4,1,1,0.0053796857716328,42.90625,False,0.5137326331862982
5cqs__A1_Q06706--5cqs__D1_Q06706,12,4,3,1,0.0052014005150355,42.25,False,0.46823568224411344
5cqs__A1_Q06706--5cqs__D1_Q06706,13,4,2,1,0.0062776369427824,41.75,False,0.48692452550225074
5cqs__A1_Q06706--5cqs__D1_Q06706,14,2,3,1,0.0057254050109456,41.71875,False,0.49045284871569667
5cqs__A1_Q06706--5cqs__D1_Q06706,15,2,2,1,0.0072819363036766,40.78125,False,0.4653056282883229
5cqs__A1_Q06706--5cqs__D1_Q06706,16,4,0,1,0.008939024055286,39.84375,False,0.4496043343637717
5cqs__A1_Q06706--5cqs__D1_Q06706,17,2,1,1,0.0049789658699349,39.5,False,0.437857722010968
5cqs__A1_Q06706--5cqs__D1_Q06706,18,2,0,1,0.0049397927591538,39.25,False,0.4267699706524917
5cqs__A1_Q06706--5cqs__D1_Q06706,19,3,0,1,0.0523800650226928,18.703125,False,0.3945970566961538
5cqs__A1_Q06706--5cqs__D1_Q06706,20,5,1,1,0.0812357655212636,17.828125,False,0.3954349837306082
5cs3__A1_P14210--5cs3__B1_P14210,1,3,3,1,0.0076008261097401,68.1875,False,0.6244873582878557
5cs3__A1_P14210--5cs3__B1_P14210,2,3,1,1,0.0076376243443469,64.875,False,0.6125640603930859
5cs3__A1_P14210--5cs3__B1_P14210,3,5,1,1,0.0624607048049507,22.0625,False,0.5252781312403898
5cs3__A1_P14210--5cs3__B1_P14210,4,5,3,1,0.0624350136005783,21.421875,False,0.5293298687757726
5cs3__A1_P14210--5cs3__B1_P14210,5,5,0,1,0.062399215477926,20.390625,False,0.5238474316231544
5cs3__A1_P14210--5cs3__B1_P14210,6,1,2,1,0.0402850607322491,18.109375,False,0.5560318821202935
5cs3__A1_P14210--5cs3__B1_P14210,7,5,2,1,0.0577530799156258,17.828125,False,0.49409284961826827
5cs3__A1_P14210--5cs3__B1_P14210,8,1,3,1,0.0419856129237518,16.546875,False,0.527690421415564
5cs3__A1_P14210--5cs3__B1_P14210,9,4,1,1,0.0115701838140909,16.21875,False,0.5563037583826619
5cs3__A1_P14210--5cs3__B1_P14210,10,4,2,1,0.0133642498413555,15.9921875,False,0.5257043514765456
5cs3__A1_P14210--5cs3__B1_P14210,11,4,0,1,0.0122994627167225,15.921875,False,0.5336240136564856
5cs3__A1_P14210--5cs3__B1_P14210,12,1,1,1,0.0456123806672554,15.8984375,False,0.5160233045366921
5cs3__A1_P14210--5cs3__B1_P14210,13,3,0,1,0.0558208435706976,15.4921875,False,0.4573427267434893
5cs3__A1_P14210--5cs3__B1_P14210,14,4,3,1,0.017332265853579,15.4453125,False,0.4801207080076481
5cs3__A1_P14210--5cs3__B1_P14210,15,2,2,1,0.0670950368260919,15.28125,False,0.42133831714786263
5cs3__A1_P14210--5cs3__B1_P14210,16,2,0,1,0.0947651404844086,15.2734375,False,0.4369990296118216
5cs3__A1_P14210--5cs3__B1_P14210,17,2,3,1,0.1433793486161638,15.2578125,False,0.4414635537544902
5cs3__A1_P14210--5cs3__B1_P14210,18,3,2,1,0.0730880559955273,14.984375,False,0.43718147027003995
5cs3__A1_P14210--5cs3__B1_P14210,19,2,1,1,0.1260018868386007,14.96875,False,0.42458567678303266
5cs3__A1_P14210--5cs3__B1_P14210,20,1,0,1,0.0247248625078689,14.65625,False,0.5157257060418103
5cuz__A1_Q9H3L0--5cuz__A2_Q9H3L0,1,2,3,4,0.0604337803840459,57.5,False,0.6287323427945517
5cuz__A1_Q9H3L0--5cuz__A2_Q9H3L0,2,5,2,4,0.2659295114253693,40.71875,True,0.5843951887038409
5cuz__A1_Q9H3L0--5cuz__A2_Q9H3L0,3,5,0,4,0.3138222521554832,38.34375,True,0.5044311436620689
5cuz__A1_Q9H3L0--5cuz__A2_Q9H3L0,4,5,1,4,0.2756440692839171,35.8125,True,0.47462047128636836
5cuz__A1_Q9H3L0--5cuz__A2_Q9H3L0,5,3,1,4,0.2433956107772689,35.25,True,0.5842572325881336
5cuz__A1_Q9H3L0--5cuz__A2_Q9H3L0,6,3,0,4,0.2419682229367863,34.125,True,0.5800433296200039
5cuz__A1_Q9H3L0--5cuz__A2_Q9H3L0,7,3,3,4,0.2022489383762469,33.78125,False,0.6067836311994627
5cuz__A1_Q9H3L0--5cuz__A2_Q9H3L0,8,3,2,4,0.1663580338371471,26.578125,False,0.5566188134848268
5cuz__A1_Q9H3L0--5cuz__A2_Q9H3L0,9,2,1,4,0.1727643390513132,25.140625,False,0.40698138805866585
5cuz__A1_Q9H3L0--5cuz__A2_Q9H3L0,10,2,0,4,0.0987940143930231,24.796875,False,0.4353587415342342
5cuz__A1_Q9H3L0--5cuz__A2_Q9H3L0,11,2,2,4,0.1014523751401877,24.484375,False,0.46801979077557215
5cuz__A1_Q9H3L0--5cuz__A2_Q9H3L0,12,4,2,4,0.127057408062006,24.421875,False,0.516083222231743
5cuz__A1_Q9H3L0--5cuz__A2_Q9H3L0,13,1,1,4,0.1662390398639613,24.265625,False,0.49232004207432856
5cuz__A1_Q9H3L0--5cuz__A2_Q9H3L0,14,1,2,4,0.1663587343874088,24.03125,False,0.5210018764952469
5cuz__A1_Q9H3L0--5cuz__A2_Q9H3L0,15,4,3,4,0.1231807599101679,23.921875,False,0.46556556916508385
5cuz__A1_Q9H3L0--5cuz__A2_Q9H3L0,16,4,1,4,0.1228210486779649,23.890625,False,0.48223797451686834
5cuz__A1_Q9H3L0--5cuz__A2_Q9H3L0,17,4,0,4,0.1174819311463602,23.828125,False,0.5004582394489644
5cuz__A1_Q9H3L0--5cuz__A2_Q9H3L0,18,1,3,4,0.1547682635369807,23.171875,False,0.4563306719855491
5cuz__A1_Q9H3L0--5cuz__A2_Q9H3L0,19,1,0,4,0.1332710283248342,22.4375,False,0.4285156227288652
5cuz__A1_Q9H3L0--5cuz__A2_Q9H3L0,20,5,3,4,0.1897680513109783,21.0,False,0.3837625978663439
5d7q__A1_Q8IXJ6--5d7q__B1_Q8IXJ6,1,1,0,3,0.0573828616716857,52.5,False,0.6238507407359268
5d7q__A1_Q8IXJ6--5d7q__B1_Q8IXJ6,2,5,1,3,0.0766358220819559,42.09375,False,0.6131941310167204
5d7q__A1_Q8IXJ6--5d7q__B1_Q8IXJ6,3,5,3,3,0.0849725156908929,41.5,False,0.5954757944423349
5d7q__A1_Q8IXJ6--5d7q__B1_Q8IXJ6,4,5,2,3,0.0765809870534303,41.125,False,0.5927549534161183
5d7q__A1_Q8IXJ6--5d7q__B1_Q8IXJ6,5,5,0,3,0.1004713918027476,37.78125,False,0.5660199541498315
5d7q__A1_Q8IXJ6--5d7q__B1_Q8IXJ6,6,1,2,3,0.0650881589361216,37.5625,False,0.5782655295444581
5d7q__A1_Q8IXJ6--5d7q__B1_Q8IXJ6,7,1,3,3,0.0513348686804201,33.8125,False,0.552528695783106
5d7q__A1_Q8IXJ6--5d7q__B1_Q8IXJ6,8,3,2,3,0.0754864700647393,32.15625,False,0.5362879482100001
5d7q__A1_Q8IXJ6--5d7q__B1_Q8IXJ6,9,1,1,3,0.059601900451128,30.9375,False,0.5175502331220139
5d7q__A1_Q8IXJ6--5d7q__B1_Q8IXJ6,10,3,1,3,0.0833792830372622,30.203125,False,0.5186011593334114
5d7q__A1_Q8IXJ6--5d7q__B1_Q8IXJ6,11,3,0,3,0.0839243124668352,29.078125,False,0.48568486731805344
5d7q__A1_Q8IXJ6--5d7q__B1_Q8IXJ6,12,3,3,3,0.0917736534983001,28.5625,False,0.47502682479915853
5d7q__A1_Q8IXJ6--5d7q__B1_Q8IXJ6,13,4,3,3,0.0832919781139353,28.546875,False,0.47772787562724817
5d7q__A1_Q8IXJ6--5d7q__B1_Q8IXJ6,14,4,2,3,0.0844116356043426,27.90625,False,0.45326643908111347
5d7q__A1_Q8IXJ6--5d7q__B1_Q8IXJ6,15,4,0,3,0.0924820424821818,27.828125,False,0.43774197456719416
5d7q__A1_Q8IXJ6--5d7q__B1_Q8IXJ6,16,2,3,3,0.0177136505964969,27.75,False,0.46963184436405914
5d7q__A1_Q8IXJ6--5d7q__B1_Q8IXJ6,17,2,1,3,0.0170995284859098,26.90625,False,0.44463815693972714
5d7q__A1_Q8IXJ6--5d7q__B1_Q8IXJ6,18,2,0,3,0.0678732953834766,26.875,False,0.4085373816581296
5d7q__A1_Q8IXJ6--5d7q__B1_Q8IXJ6,19,2,2,3,0.0187877311012854,26.40625,False,0.4070130098654715
5d7q__A1_Q8IXJ6--5d7q__B1_Q8IXJ6,20,4,1,3,0.0973660131346937,25.6875,False,0.395310711643058
5d8e__A1_Q9BQ15--5d8e__D1_Q9BQ15,1,1,3,1,0.0303829707882436,67.875,False,0.6244873582878557
5d8e__A1_Q9BQ15--5d8e__D1_Q9BQ15,2,1,0,1,0.0290749828636528,63.0,False,0.6064954406987361
5d8e__A1_Q9BQ15--5d8e__D1_Q9BQ15,3,3,1,1,0.034721286341776,54.5,False,0.5820201182747602
5d8e__A1_Q9BQ15--5d8e__D1_Q9BQ15,4,5,2,1,0.0163951516961548,38.09375,False,0.6006149420304892
5d8e__A1_Q9BQ15--5d8e__D1_Q9BQ15,5,5,3,1,0.0163902116469049,34.4375,False,0.5738380631699094
5d8e__A1_Q9BQ15--5d8e__D1_Q9BQ15,6,5,1,1,0.0158562048926599,33.15625,False,0.5684100255481317
5d8e__A1_Q9BQ15--5d8e__D1_Q9BQ15,7,4,3,1,0.0192746567748174,29.53125,False,0.5260559052066546
5d8e__A1_Q9BQ15--5d8e__D1_Q9BQ15,8,3,0,1,0.0156458276267478,29.375,False,0.538397160006488
5d8e__A1_Q9BQ15--5d8e__D1_Q9BQ15,9,2,3,1,0.0190010849480759,29.234375,False,0.5099788770568624
5d8e__A1_Q9BQ15--5d8e__D1_Q9BQ15,10,1,1,1,0.0155564787169722,29.015625,False,0.5449578063509039
5d8e__A1_Q9BQ15--5d8e__D1_Q9BQ15,11,2,1,1,0.016889107846396,28.78125,False,0.48267190387322834
5d8e__A1_Q9BQ15--5d8e__D1_Q9BQ15,12,2,2,1,0.0177400957080902,28.15625,False,0.45552992618156524
5d8e__A1_Q9BQ15--5d8e__D1_Q9BQ15,13,3,2,1,0.0147713840624469,27.640625,False,0.47853913232438466
5d8e__A1_Q9BQ15--5d8e__D1_Q9BQ15,14,2,0,1,0.0175407056202877,27.125,False,0.4667940163923996
5d8e__A1_Q9BQ15--5d8e__D1_Q9BQ15,15,5,0,1,0.0150651218827286,26.53125,False,0.48702798896680005
5d8e__A1_Q9BQ15--5d8e__D1_Q9BQ15,16,1,2,1,0.0151592524807528,24.59375,False,0.45587216875321057
5d8e__A1_Q9BQ15--5d8e__D1_Q9BQ15,17,4,2,1,0.0190270294201241,24.515625,False,0.4114068511724869
5d8e__A1_Q9BQ15--5d8e__D1_Q9BQ15,18,4,1,1,0.0185130511777828,24.484375,False,0.4114721595071563
5d8e__A1_Q9BQ15--5d8e__D1_Q9BQ15,19,4,0,1,0.0179111395258607,24.03125,False,0.41083386178994746
5d8e__A1_Q9BQ15--5d8e__D1_Q9BQ15,20,3,3,1,0.0145847744725429,22.328125,False,0.4040295648983724
5doi__A1_D2CVN7--5doi__E1_Q6JXI5,1,1,2,3,0.0667390543533049,13.8203125,False,0.6170693539886294
5doi__A1_D2CVN7--5doi__E1_Q6JXI5,2,5,2,3,0.0374447242896989,13.75,False,0.6013564248649629
5doi__A1_D2CVN7--5doi__E1_Q6JXI5,3,1,0,3,0.0426748306666362,13.359375,False,0.5899493361665937
5doi__A1_D2CVN7--5doi__E1_Q6JXI5,4,5,3,3,0.0369766594461998,12.6171875,False,0.5542612818719563
5doi__A1_D2CVN7--5doi__E1_Q6JXI5,5,3,1,3,0.0288327680500174,11.1328125,False,0.5782261533167719
5doi__A1_D2CVN7--5doi__E1_Q6JXI5,6,2,0,3,0.0296029983816612,10.3671875,False,0.4715867710005409
5doi__A1_D2CVN7--5doi__E1_Q6JXI5,7,2,1,3,0.0372993799891253,10.3515625,False,0.5366693089615369
5doi__A1_D2CVN7--5doi__E1_Q6JXI5,8,4,2,3,0.040773782687177,10.2890625,False,0.5224359576072157
5doi__A1_D2CVN7--5doi__E1_Q6JXI5,9,4,1,3,0.0223444618036396,10.21875,False,0.5384647926854887
5doi__A1_D2CVN7--5doi__E1_Q6JXI5,10,4,0,3,0.0232785847857593,9.9140625,False,0.4965153408658096
5doi__A1_D2CVN7--5doi__E1_Q6JXI5,11,3,3,3,0.028335139681668,9.890625,False,0.44583377908392524
5doi__A1_D2CVN7--5doi__E1_Q6JXI5,12,4,3,3,0.0435394924387197,9.8359375,False,0.495012315308817
5doi__A1_D2CVN7--5doi__E1_Q6JXI5,13,5,1,3,0.0272892319630258,9.828125,False,0.4601376752168933
5doi__A1_D2CVN7--5doi__E1_Q6JXI5,14,2,2,3,0.0379241805717611,9.8203125,False,0.5354749682087631
5doi__A1_D2CVN7--5doi__E1_Q6JXI5,15,3,2,3,0.0253612635033728,9.5859375,False,0.46327863212709314
5doi__A1_D2CVN7--5doi__E1_Q6JXI5,16,5,0,3,0.0347244273793418,9.5546875,False,0.45059281157743986
5doi__A1_D2CVN7--5doi__E1_Q6JXI5,17,2,3,3,0.0375165052585923,9.546875,False,0.4577519111675332
5doi__A1_D2CVN7--5doi__E1_Q6JXI5,18,1,3,3,0.0404313718443333,9.4375,False,0.4653750990560019
5doi__A1_D2CVN7--5doi__E1_Q6JXI5,19,1,1,3,0.0455267067823757,9.4140625,False,0.4363458089779969
5doi__A1_D2CVN7--5doi__E1_Q6JXI5,20,3,0,3,0.0197642904788635,9.03125,False,0.43228112717299494
5e4b__A1_A0A1C9V3S9--5e4b__B1_A0A1C9V3S9,1,2,3,0,0.2765387323049999,72.625,True,0.6305637859732365
5e4b__A1_A0A1C9V3S9--5e4b__B1_A0A1C9V3S9,2,1,3,0,0.2957176651809874,70.75,True,0.611148212942183
5e4b__A1_A0A1C9V3S9--5e4b__B1_A0A1C9V3S9,3,1,1,0,0.2671703726445988,70.125,True,0.6082070438516792
5e4b__A1_A0A1C9V3S9--5e4b__B1_A0A1C9V3S9,4,4,3,0,0.278745433532323,68.25,True,0.5808571980482643
5e4b__A1_A0A1C9V3S9--5e4b__B1_A0A1C9V3S9,5,2,0,0,0.2593185862485298,65.5625,True,0.5730273001276186
5e4b__A1_A0A1C9V3S9--5e4b__B1_A0A1C9V3S9,6,4,0,0,0.025695354703666,63.96875,False,0.5724845911419145
5e4b__A1_A0A1C9V3S9--5e4b__B1_A0A1C9V3S9,7,2,2,0,0.0248857841692625,62.90625,False,0.5632158334321056
5e4b__A1_A0A1C9V3S9--5e4b__B1_A0A1C9V3S9,8,4,1,0,0.1624242041522137,57.5,False,0.5546100028695928
5e4b__A1_A0A1C9V3S9--5e4b__B1_A0A1C9V3S9,9,3,2,0,0.1977003591233163,54.4375,False,0.521626421156537
5e4b__A1_A0A1C9V3S9--5e4b__B1_A0A1C9V3S9,10,1,2,0,0.0255804059733508,52.9375,False,0.5151341076571903
5e4b__A1_A0A1C9V3S9--5e4b__B1_A0A1C9V3S9,11,5,3,0,0.1428295205111255,52.4375,False,0.5060696629053705
5e4b__A1_A0A1C9V3S9--5e4b__B1_A0A1C9V3S9,12,3,1,0,0.1928262409825316,46.53125,False,0.48989161998662
5e4b__A1_A0A1C9V3S9--5e4b__B1_A0A1C9V3S9,13,4,2,0,0.1700428051252079,45.9375,False,0.4789930546823753
5e4b__A1_A0A1C9V3S9--5e4b__B1_A0A1C9V3S9,14,3,3,0,0.2675030225459403,45.03125,True,0.45534589411910914
5e4b__A1_A0A1C9V3S9--5e4b__B1_A0A1C9V3S9,15,5,2,0,0.1341459605645641,44.75,False,0.4560976571949049
5e4b__A1_A0A1C9V3S9--5e4b__B1_A0A1C9V3S9,16,5,0,0,0.1521762592447414,41.65625,False,0.4273574001028139
5e4b__A1_A0A1C9V3S9--5e4b__B1_A0A1C9V3S9,17,3,0,0,0.1551886831500833,41.46875,False,0.42906435725777897
5e4b__A1_A0A1C9V3S9--5e4b__B1_A0A1C9V3S9,18,5,1,0,0.1667568403753546,39.25,False,0.41399038332031285
5e4b__A1_A0A1C9V3S9--5e4b__B1_A0A1C9V3S9,19,1,0,0,0.1677083401703418,35.75,False,0.39472865893450687
5e4b__A1_A0A1C9V3S9--5e4b__B1_A0A1C9V3S9,20,2,1,0,0.027982611423046,30.265625,False,0.3855286050603503
5e9h__B1_Q4HYR2--5e9h__A1_Q4HYR2,1,5,0,1,0.8936659085533593,69.0625,True,0.6165328444434873
5e9h__B1_Q4HYR2--5e9h__A1_Q4HYR2,2,2,1,1,0.0060616400031019,68.375,False,0.602755706357154
5e9h__B1_Q4HYR2--5e9h__A1_Q4HYR2,3,2,3,1,0.0060639094220203,68.1875,False,0.5855038462347567
5e9h__B1_Q4HYR2--5e9h__A1_Q4HYR2,4,2,2,1,0.0060614553497749,68.0625,False,0.5770236034081854
5e9h__B1_Q4HYR2--5e9h__A1_Q4HYR2,5,4,2,1,0.8932446778002273,67.5625,True,0.5699376788382048
5e9h__B1_Q4HYR2--5e9h__A1_Q4HYR2,6,5,2,1,0.8927700171719838,66.75,True,0.5712979086427762
5e9h__B1_Q4HYR2--5e9h__A1_Q4HYR2,7,5,1,1,0.8879298564271857,66.625,True,0.5572002873185377
5e9h__B1_Q4HYR2--5e9h__A1_Q4HYR2,8,4,0,1,0.8931869327523433,66.5625,True,0.5481882914294997
5e9h__B1_Q4HYR2--5e9h__A1_Q4HYR2,9,2,0,1,0.0060683911047677,66.1875,False,0.5457543046434739
5e9h__B1_Q4HYR2--5e9h__A1_Q4HYR2,10,4,1,1,0.8892788477687049,66.0625,True,0.5308536515956654
5e9h__B1_Q4HYR2--5e9h__A1_Q4HYR2,11,5,3,1,0.8903012152657307,65.3125,True,0.5200912138456467
5e9h__B1_Q4HYR2--5e9h__A1_Q4HYR2,12,1,3,1,0.855014934043799,60.84375,True,0.4510783414833733
5e9h__B1_Q4HYR2--5e9h__A1_Q4HYR2,13,4,3,1,0.884213749246241,60.5625,True,0.46383251290186256
5e9h__B1_Q4HYR2--5e9h__A1_Q4HYR2,14,1,0,1,0.0060239331676382,59.90625,False,0.47195770940445386
5e9h__B1_Q4HYR2--5e9h__A1_Q4HYR2,15,1,2,1,0.0060584908460483,56.46875,False,0.4362614969316354
5e9h__B1_Q4HYR2--5e9h__A1_Q4HYR2,16,3,3,1,0.006134290143619,54.65625,False,0.44350588581714645
5e9h__B1_Q4HYR2--5e9h__A1_Q4HYR2,17,1,1,1,0.0060443318129283,54.0625,False,0.4179293687135666
5e9h__B1_Q4HYR2--5e9h__A1_Q4HYR2,18,3,0,1,0.0060996150192378,53.3125,False,0.42585409930030116
5e9h__B1_Q4HYR2--5e9h__A1_Q4HYR2,19,3,2,1,0.0060921930313051,52.90625,False,0.41176464126855844
5e9h__B1_Q4HYR2--5e9h__A1_Q4HYR2,20,3,1,1,0.0061012202101263,51.875,False,0.3934817510657583
5eu0__A1_E6YJU0--5eu0__B1_E6YLF5,1,1,3,3,0.9128853845557424,95.8125,True,0.6081733168158494
5eu0__A1_E6YJU0--5eu0__B1_E6YLF5,2,1,2,3,0.9239890899793805,95.8125,True,0.6111964503999774
5eu0__A1_E6YJU0--5eu0__B1_E6YLF5,3,1,1,3,0.916945545626446,95.8125,True,0.5875870812694605
5eu0__A1_E6YJU0--5eu0__B1_E6YLF5,4,1,0,3,0.9214964884390748,95.75,True,0.5821734073667307
5eu0__A1_E6YJU0--5eu0__B1_E6YLF5,5,2,3,3,0.9359397998374864,95.75,True,0.5107594057026772
5eu0__A1_E6YJU0--5eu0__B1_E6YLF5,6,4,2,3,0.9392727091676696,95.75,True,0.5258511396997133
5eu0__A1_E6YJU0--5eu0__B1_E6YLF5,7,4,0,3,0.9323192848101092,95.75,True,0.5501711421643449
5eu0__A1_E6YJU0--5eu0__B1_E6YLF5,8,2,2,3,0.9370801037395754,95.75,True,0.5574989462423656
5eu0__A1_E6YJU0--5eu0__B1_E6YLF5,9,3,1,3,0.9233259213498488,95.75,True,0.5528360664897708
5eu0__A1_E6YJU0--5eu0__B1_E6YLF5,10,2,1,3,0.9358115892423412,95.6875,True,0.4982895921439722
5eu0__A1_E6YJU0--5eu0__B1_E6YLF5,11,2,0,3,0.934803112430397,95.6875,True,0.5346829307588596
5eu0__A1_E6YJU0--5eu0__B1_E6YLF5,12,4,3,3,0.9238592137681476,95.6875,True,0.45666592100394154
5eu0__A1_E6YJU0--5eu0__B1_E6YLF5,13,3,0,3,0.9214766707484584,95.625,True,0.4739719241229166
5eu0__A1_E6YJU0--5eu0__B1_E6YLF5,14,5,3,3,0.922252737265328,95.625,True,0.43977197759623515
5eu0__A1_E6YJU0--5eu0__B1_E6YLF5,15,4,1,3,0.9211947500592536,95.625,True,0.4407795854472347
5eu0__A1_E6YJU0--5eu0__B1_E6YLF5,16,3,2,3,0.9255285483529954,95.625,True,0.45735894975461605
5eu0__A1_E6YJU0--5eu0__B1_E6YLF5,17,3,3,3,0.921134382487779,95.625,True,0.466380713438546
5eu0__A1_E6YJU0--5eu0__B1_E6YLF5,18,5,1,3,0.9221358393557398,95.625,True,0.472621037709584
5eu0__A1_E6YJU0--5eu0__B1_E6YLF5,19,5,0,3,0.9092987498498628,95.5625,True,0.4122700798934239
5eu0__A1_E6YJU0--5eu0__B1_E6YLF5,20,5,2,3,0.9132387808500508,95.5625,True,0.4105869294950121
5evk__A1_P52700--5evk__A2_P52700,1,4,3,1,0.0139310059860567,91.125,False,0.6193387301996178
5evk__A1_P52700--5evk__A2_P52700,2,4,2,1,0.0138474326409752,91.0625,False,0.6177477652468903
5evk__A1_P52700--5evk__A2_P52700,3,1,3,1,0.0135276602134217,86.4375,False,0.6005043635206955
5evk__A1_P52700--5evk__A2_P52700,4,4,0,1,0.0133239237628186,83.3125,False,0.5883215631985332
5evk__A1_P52700--5evk__A2_P52700,5,2,3,1,0.8814112959324523,74.6875,True,0.5763930936240571
5evk__A1_P52700--5evk__A2_P52700,6,2,1,1,0.9338281917938988,72.1875,True,0.5443767011386712
5evk__A1_P52700--5evk__A2_P52700,7,5,1,1,0.9292816634474604,70.6875,True,0.5286452213553392
5evk__A1_P52700--5evk__A2_P52700,8,2,2,1,0.9440488626893284,69.6875,True,0.497654930377315
5evk__A1_P52700--5evk__A2_P52700,9,3,2,1,0.0141417673829494,62.34375,False,0.5452734485142959
5evk__A1_P52700--5evk__A2_P52700,10,1,1,1,0.0133221244637354,59.96875,False,0.5289332519626164
5evk__A1_P52700--5evk__A2_P52700,11,3,1,1,0.0134474441596845,59.59375,False,0.5216220490582566
5evk__A1_P52700--5evk__A2_P52700,12,4,1,1,0.0135874401456006,58.4375,False,0.4975550364190586
5evk__A1_P52700--5evk__A2_P52700,13,2,0,1,0.0137112193571911,57.8125,False,0.48119101190104957
5evk__A1_P52700--5evk__A2_P52700,14,5,3,1,0.0134837293892818,56.59375,False,0.4569286238887434
5evk__A1_P52700--5evk__A2_P52700,15,3,3,1,0.8073345322855681,56.34375,True,0.43167544258406493
5evk__A1_P52700--5evk__A2_P52700,16,5,0,1,0.0133689477590959,56.3125,False,0.44331576881489226
5evk__A1_P52700--5evk__A2_P52700,17,1,0,1,0.8446856098790422,52.78125,True,0.40392309558580924
5evk__A1_P52700--5evk__A2_P52700,18,3,0,1,0.0138009804163857,52.46875,False,0.4414609282183887
5evk__A1_P52700--5evk__A2_P52700,19,1,2,1,0.817052025463147,52.40625,True,0.3963335546329535
5evk__A1_P52700--5evk__A2_P52700,20,5,2,1,0.013604977661028,51.625,False,0.41823434924621783
5f22__B1_P0C6X7--5f22__A1_P0C6U8,1,2,1,2,0.6417353144944675,89.1875,True,0.6124430342077067
5f22__B1_P0C6X7--5f22__A1_P0C6U8,2,5,1,2,0.7300328887944202,89.125,True,0.6011080010157337
5f22__B1_P0C6X7--5f22__A1_P0C6U8,3,2,2,2,0.6118653091874399,88.5,True,0.5958311363229312
5f22__B1_P0C6X7--5f22__A1_P0C6U8,4,3,3,2,0.7194202627290983,86.9375,True,0.5549233615525104
5f22__B1_P0C6X7--5f22__A1_P0C6U8,5,3,1,2,0.7319767514918508,85.8125,True,0.53556514282668
5f22__B1_P0C6X7--5f22__A1_P0C6U8,6,1,1,2,0.6060095739820949,85.625,True,0.5424273786187223
5f22__B1_P0C6X7--5f22__A1_P0C6U8,7,5,0,2,0.3469898662756809,85.3125,True,0.5708309085081334
5f22__B1_P0C6X7--5f22__A1_P0C6U8,8,1,2,2,0.6375065264825327,84.625,True,0.532872284498584
5f22__B1_P0C6X7--5f22__A1_P0C6U8,9,5,3,2,0.6149331312700594,84.625,True,0.5398271713173227
5f22__B1_P0C6X7--5f22__A1_P0C6U8,10,2,3,2,0.5281588154884843,84.5,True,0.5077927256367126
5f22__B1_P0C6X7--5f22__A1_P0C6U8,11,5,2,2,0.3392724306622643,84.4375,True,0.5277601637195553
5f22__B1_P0C6X7--5f22__A1_P0C6U8,12,3,0,2,0.3458311760577761,82.375,True,0.4995192810536393
5f22__B1_P0C6X7--5f22__A1_P0C6U8,13,3,2,2,0.3300217575616825,82.25,True,0.48901247163243133
5f22__B1_P0C6X7--5f22__A1_P0C6U8,14,4,0,2,0.2961767397336898,82.0625,True,0.4566876445223471
5f22__B1_P0C6X7--5f22__A1_P0C6U8,15,4,3,2,0.2734209747082858,81.5625,True,0.4827248482283007
5f22__B1_P0C6X7--5f22__A1_P0C6U8,16,2,0,2,0.3021727131295514,80.375,True,0.4253448340930351
5f22__B1_P0C6X7--5f22__A1_P0C6U8,17,4,2,2,0.6472225545413305,80.1875,True,0.5069891975613448
5f22__B1_P0C6X7--5f22__A1_P0C6U8,18,1,0,2,0.4712081064986934,68.6875,True,0.42020317268152635
5f22__B1_P0C6X7--5f22__A1_P0C6U8,19,1,3,2,0.1223234194880721,23.421875,False,0.3988903825592535
5f22__B1_P0C6X7--5f22__A1_P0C6U8,20,4,1,2,0.0763914131935693,23.140625,False,0.40630443008264394
5f4e__A1_Q8IYV9--5f4e__B1_A6ND01,1,5,1,4,0.8318569018464479,85.5,True,0.5870932765483146
5f4e__A1_Q8IYV9--5f4e__B1_A6ND01,2,1,0,4,0.777351900625233,85.25,True,0.6153476921044602
5f4e__A1_Q8IYV9--5f4e__B1_A6ND01,3,5,0,4,0.8363738406102335,84.875,True,0.5492475983849688
5f4e__A1_Q8IYV9--5f4e__B1_A6ND01,4,5,3,4,0.8161515047235578,84.3125,True,0.5444284877186247
5f4e__A1_Q8IYV9--5f4e__B1_A6ND01,5,5,2,4,0.8172115058677435,84.1875,True,0.5218521788465199
5f4e__A1_Q8IYV9--5f4e__B1_A6ND01,6,1,1,4,0.760287484410925,84.125,True,0.6160575704860759
5f4e__A1_Q8IYV9--5f4e__B1_A6ND01,7,3,2,4,0.725135079974446,83.875,True,0.5577248687333488
5f4e__A1_Q8IYV9--5f4e__B1_A6ND01,8,1,3,4,0.8075735262555123,83.625,True,0.5942974719626599
5f4e__A1_Q8IYV9--5f4e__B1_A6ND01,9,1,2,4,0.8173179777187669,83.125,True,0.5249911432248202
5f4e__A1_Q8IYV9--5f4e__B1_A6ND01,10,2,3,4,0.8026491278362066,83.0,True,0.514534783320454
5f4e__A1_Q8IYV9--5f4e__B1_A6ND01,11,2,0,4,0.7328454790239816,82.8125,True,0.4762985684836848
5f4e__A1_Q8IYV9--5f4e__B1_A6ND01,12,3,1,4,0.5590917490269512,82.6875,True,0.503655084847862
5f4e__A1_Q8IYV9--5f4e__B1_A6ND01,13,3,3,4,0.5744521569565147,82.625,True,0.4672935348761637
5f4e__A1_Q8IYV9--5f4e__B1_A6ND01,14,2,2,4,0.7444650766654431,82.4375,True,0.45942119984675667
5f4e__A1_Q8IYV9--5f4e__B1_A6ND01,15,4,3,4,0.7736733817573711,81.75,True,0.4092224449623507
5f4e__A1_Q8IYV9--5f4e__B1_A6ND01,16,3,0,4,0.5811391722412127,81.625,True,0.4827545788335729
5f4e__A1_Q8IYV9--5f4e__B1_A6ND01,17,4,2,4,0.5880196388759708,81.3125,True,0.40829519996316965
5f4e__A1_Q8IYV9--5f4e__B1_A6ND01,18,2,1,4,0.597386380283559,81.125,True,0.4678774733270307
5f4e__A1_Q8IYV9--5f4e__B1_A6ND01,19,4,1,4,0.5915127429123351,80.5,True,0.39622712651373965
5f4e__A1_Q8IYV9--5f4e__B1_A6ND01,20,4,0,4,0.7258647413574617,78.9375,True,0.38194512247122486
5fbz__A1_A0A182DWC7--5fbz__B1_P01053,1,5,1,0,0.9236219675747288,93.5,True,0.6022168913809134
5fbz__A1_A0A182DWC7--5fbz__B1_P01053,2,1,2,0,0.9195731842691458,93.5,True,0.5827053639614448
5fbz__A1_A0A182DWC7--5fbz__B1_P01053,3,1,3,0,0.9191531926448347,93.4375,True,0.5515602286437425
5fbz__A1_A0A182DWC7--5fbz__B1_P01053,4,5,2,0,0.9314325020413068,93.4375,True,0.5888368685656646
5fbz__A1_A0A182DWC7--5fbz__B1_P01053,5,5,3,0,0.9318347524548084,93.4375,True,0.5866604412275218
5fbz__A1_A0A182DWC7--5fbz__B1_P01053,6,4,3,0,0.901381723203118,93.375,True,0.5552544470984679
5fbz__A1_A0A182DWC7--5fbz__B1_P01053,7,1,0,0,0.9189155520458702,93.375,True,0.5118834204612204
5fbz__A1_A0A182DWC7--5fbz__B1_P01053,8,3,3,0,0.9189887987929024,93.3125,True,0.5381782357380286
5fbz__A1_A0A182DWC7--5fbz__B1_P01053,9,5,0,0,0.9314351756446468,93.3125,True,0.5156132632750355
5fbz__A1_A0A182DWC7--5fbz__B1_P01053,10,4,0,0,0.9059569061375536,93.3125,True,0.542466972160744
5fbz__A1_A0A182DWC7--5fbz__B1_P01053,11,3,0,0,0.9174020202153038,93.25,True,0.5449707384889616
5fbz__A1_A0A182DWC7--5fbz__B1_P01053,12,3,2,0,0.9164153008500878,93.125,True,0.47463631072272683
5fbz__A1_A0A182DWC7--5fbz__B1_P01053,13,4,1,0,0.9184262912822988,93.125,True,0.4809772268293018
5fbz__A1_A0A182DWC7--5fbz__B1_P01053,14,2,2,0,0.91217993357929,93.0625,True,0.45707040077535205
5fbz__A1_A0A182DWC7--5fbz__B1_P01053,15,3,1,0,0.9238317499749104,93.0,True,0.47872246973024474
5fbz__A1_A0A182DWC7--5fbz__B1_P01053,16,2,1,0,0.9059898524040664,93.0,True,0.4279708670374271
5fbz__A1_A0A182DWC7--5fbz__B1_P01053,17,2,0,0,0.9132625613948582,93.0,True,0.44738283527545064
5fbz__A1_A0A182DWC7--5fbz__B1_P01053,18,2,3,0,0.9103021052215547,92.9375,True,0.44662088799618355
5fbz__A1_A0A182DWC7--5fbz__B1_P01053,19,4,2,0,0.9222163092924692,92.875,True,0.4207865002715669
5fbz__A1_A0A182DWC7--5fbz__B1_P01053,20,1,1,0,0.9209574036525696,92.8125,True,0.4145028120888947
5fnw__A1_M1AKE5--5fnw__A2_M1AKE5,1,1,3,3,0.5319554001896277,82.25,True,0.6238507407359268
5fnw__A1_M1AKE5--5fnw__A2_M1AKE5,2,1,1,3,0.5309940671220251,81.5625,True,0.6120381512938262
5fnw__A1_M1AKE5--5fnw__A2_M1AKE5,3,1,0,3,0.5696257668519608,80.0625,True,0.6000923977774686
5fnw__A1_M1AKE5--5fnw__A2_M1AKE5,4,1,2,3,0.4688300880419267,58.65625,True,0.5811616406990153
5fnw__A1_M1AKE5--5fnw__A2_M1AKE5,5,2,3,3,0.6107100672142759,52.75,True,0.5494501717202652
5fnw__A1_M1AKE5--5fnw__A2_M1AKE5,6,2,1,3,0.5966241253750406,51.25,True,0.5580417043750769
5fnw__A1_M1AKE5--5fnw__A2_M1AKE5,7,5,0,3,0.24936511851779,49.59375,True,0.5627414899846381
5fnw__A1_M1AKE5--5fnw__A2_M1AKE5,8,3,2,3,0.5256974137523182,48.96875,True,0.5332367095235977
5fnw__A1_M1AKE5--5fnw__A2_M1AKE5,9,2,0,3,0.6245317160426994,46.875,True,0.49563838893318424
5fnw__A1_M1AKE5--5fnw__A2_M1AKE5,10,3,0,3,0.1519571672095824,45.4375,False,0.5399975331164255
5fnw__A1_M1AKE5--5fnw__A2_M1AKE5,11,5,3,3,0.1771772188145896,43.875,False,0.5140808553768239
5fnw__A1_M1AKE5--5fnw__A2_M1AKE5,12,5,1,3,0.1978236622279311,43.53125,False,0.49450823730313903
5fnw__A1_M1AKE5--5fnw__A2_M1AKE5,13,5,2,3,0.1433759834293009,41.96875,False,0.488019990243253
5fnw__A1_M1AKE5--5fnw__A2_M1AKE5,14,2,2,3,0.55246356525386,40.5,True,0.44352904931845244
5fnw__A1_M1AKE5--5fnw__A2_M1AKE5,15,3,3,3,0.4190629151160538,39.96875,True,0.46209612572003156
5fnw__A1_M1AKE5--5fnw__A2_M1AKE5,16,3,1,3,0.247848990406427,39.71875,True,0.4573460650356746
5fnw__A1_M1AKE5--5fnw__A2_M1AKE5,17,4,2,3,0.359774732038186,36.0625,True,0.4268597684271583
5fnw__A1_M1AKE5--5fnw__A2_M1AKE5,18,4,1,3,0.4979209586994138,35.84375,True,0.4109186880654726
5fnw__A1_M1AKE5--5fnw__A2_M1AKE5,19,4,3,3,0.2484540232075421,31.859375,True,0.39886263896641533
5fnw__A1_M1AKE5--5fnw__A2_M1AKE5,20,4,0,3,0.3272269705071466,31.0625,True,0.39761258551976897
5gko__A1_A0A0D8G707--5gko__B1_A0A0D8G707,1,4,3,1,0.1615519572581409,46.5,False,0.6207961192010873
5gko__A1_A0A0D8G707--5gko__B1_A0A0D8G707,2,4,1,1,0.1686214976639485,45.25,False,0.5884504588174361
5gko__A1_A0A0D8G707--5gko__B1_A0A0D8G707,3,4,2,1,0.156227883469059,44.84375,False,0.5856458466826399
5gko__A1_A0A0D8G707--5gko__B1_A0A0D8G707,4,4,0,1,0.160084979538895,44.65625,False,0.5687376598694016
5gko__A1_A0A0D8G707--5gko__B1_A0A0D8G707,5,2,1,1,0.1398533725974229,44.25,False,0.5956540255325553
5gko__A1_A0A0D8G707--5gko__B1_A0A0D8G707,6,2,3,1,0.1392765947940016,43.5625,False,0.5804282658396777
5gko__A1_A0A0D8G707--5gko__B1_A0A0D8G707,7,2,2,1,0.1387142867893061,43.375,False,0.5668764156173378
5gko__A1_A0A0D8G707--5gko__B1_A0A0D8G707,8,2,0,1,0.1549163540490731,42.8125,False,0.560098831289502
5gko__A1_A0A0D8G707--5gko__B1_A0A0D8G707,9,5,3,1,0.1406470413548677,38.84375,False,0.4882110190983598
5gko__A1_A0A0D8G707--5gko__B1_A0A0D8G707,10,5,0,1,0.154081517861937,38.46875,False,0.4756255039111141
5gko__A1_A0A0D8G707--5gko__B1_A0A0D8G707,11,5,2,1,0.1647268951471371,37.875,False,0.46584254106752887
5gko__A1_A0A0D8G707--5gko__B1_A0A0D8G707,12,5,1,1,0.1563216030168023,37.6875,False,0.4484639560179661
5gko__A1_A0A0D8G707--5gko__B1_A0A0D8G707,13,3,0,1,0.1560606054119265,37.53125,False,0.49719175101280244
5gko__A1_A0A0D8G707--5gko__B1_A0A0D8G707,14,3,2,1,0.1587921652181485,37.1875,False,0.47091698743108484
5gko__A1_A0A0D8G707--5gko__B1_A0A0D8G707,15,3,1,1,0.1414010730458405,36.625,False,0.4356517123121666
5gko__A1_A0A0D8G707--5gko__B1_A0A0D8G707,16,3,3,1,0.1577205442049725,36.5625,False,0.4662282922462008
5gko__A1_A0A0D8G707--5gko__B1_A0A0D8G707,17,1,1,1,0.1301080206771779,35.875,False,0.4642491466708577
5gko__A1_A0A0D8G707--5gko__B1_A0A0D8G707,18,1,3,1,0.1417942285260674,35.59375,False,0.41926424199099277
5gko__A1_A0A0D8G707--5gko__B1_A0A0D8G707,19,1,2,1,0.1336259146048266,35.34375,False,0.45053503129921213
5gko__A1_A0A0D8G707--5gko__B1_A0A0D8G707,20,1,0,1,0.1417611633246963,34.0625,False,0.3900719388940591
5gox__A1_Q92878--5gox__B1_Q92878,1,1,3,1,0.4871186558114979,68.8125,True,0.5797153277900492
5gox__A1_Q92878--5gox__B1_Q92878,2,1,0,1,0.4674769571987253,68.6875,True,0.5750509648444876
5gox__A1_Q92878--5gox__B1_Q92878,3,1,2,1,0.4883752560930622,67.875,True,0.5576862109807234
5gox__A1_Q92878--5gox__B1_Q92878,4,1,1,1,0.4636166809917172,67.125,True,0.5675107951841953
5gox__A1_Q92878--5gox__B1_Q92878,5,3,0,1,0.5404876314854088,62.75,True,0.5467659307757587
5gox__A1_Q92878--5gox__B1_Q92878,6,4,1,1,0.5639730871763259,62.625,True,0.561128475850918
5gox__A1_Q92878--5gox__B1_Q92878,7,5,2,1,0.1836078241059211,61.90625,False,0.536441789563758
5gox__A1_Q92878--5gox__B1_Q92878,8,5,3,1,0.5386391589248235,61.65625,True,0.5142804261797121
5gox__A1_Q92878--5gox__B1_Q92878,9,5,0,1,0.1838340613638926,61.5625,False,0.5152261583465039
5gox__A1_Q92878--5gox__B1_Q92878,10,4,3,1,0.5587764970602564,60.84375,True,0.5367212480695812
5gox__A1_Q92878--5gox__B1_Q92878,11,2,2,1,0.1912965119305017,60.53125,False,0.5160411000185492
5gox__A1_Q92878--5gox__B1_Q92878,12,4,2,1,0.5597258332021354,60.46875,True,0.5143545868054922
5gox__A1_Q92878--5gox__B1_Q92878,13,2,3,1,0.1912339865618402,60.125,False,0.5077947985927266
5gox__A1_Q92878--5gox__B1_Q92878,14,2,0,1,0.1910653528118089,59.625,False,0.4893167427535263
5gox__A1_Q92878--5gox__B1_Q92878,15,4,0,1,0.5627686861578342,59.28125,True,0.49499903036862347
5gox__A1_Q92878--5gox__B1_Q92878,16,3,1,1,0.528058039330841,59.21875,True,0.45523218734355947
5gox__A1_Q92878--5gox__B1_Q92878,17,5,1,1,0.5350515640730422,58.375,True,0.46893805775591835
5gox__A1_Q92878--5gox__B1_Q92878,18,3,2,1,0.4954102446721141,54.59375,True,0.40258011202319155
5gox__A1_Q92878--5gox__B1_Q92878,19,3,3,1,0.4968320036378,54.5625,True,0.41555595888800784
5gox__A1_Q92878--5gox__B1_Q92878,20,2,1,1,0.5061614390708294,43.34375,True,0.38899374084502214
5gwv__B1_A0A010--5gwv__A1_A0A010,1,4,3,0,0.9597896479435922,93.125,True,0.6053627525626933
5gwv__B1_A0A010--5gwv__A1_A0A010,2,4,0,0,0.9611613736067248,93.125,True,0.6101369711007978
5gwv__B1_A0A010--5gwv__A1_A0A010,3,4,1,0,0.960622923584833,93.0625,True,0.5823580380519199
5gwv__B1_A0A010--5gwv__A1_A0A010,4,3,3,0,0.9390127984388608,93.0,True,0.6029945116951753
5gwv__B1_A0A010--5gwv__A1_A0A010,5,4,2,0,0.9653592020160168,93.0,True,0.5676674315314164
5gwv__B1_A0A010--5gwv__A1_A0A010,6,3,1,0,0.9327901227616624,92.875,True,0.6047479924570639
5gwv__B1_A0A010--5gwv__A1_A0A010,7,3,0,0,0.9384310575503187,92.8125,True,0.5742248515886921
5gwv__B1_A0A010--5gwv__A1_A0A010,8,3,2,0,0.9450300619407528,92.6875,True,0.5472816997100615
5gwv__B1_A0A010--5gwv__A1_A0A010,9,5,3,0,0.9653582926574568,92.625,True,0.5119184475909566
5gwv__B1_A0A010--5gwv__A1_A0A010,10,5,1,0,0.965140779981158,92.625,True,0.5136802483061249
5gwv__B1_A0A010--5gwv__A1_A0A010,11,2,1,0,0.9522413686484116,92.5625,True,0.4959897095194082
5gwv__B1_A0A010--5gwv__A1_A0A010,12,5,0,0,0.965954891595906,92.5625,True,0.46163583149558857
5gwv__B1_A0A010--5gwv__A1_A0A010,13,2,3,0,0.9514197875025684,92.5625,True,0.4978239051262837
5gwv__B1_A0A010--5gwv__A1_A0A010,14,5,2,0,0.9654640291500276,92.5,True,0.4437175311911783
5gwv__B1_A0A010--5gwv__A1_A0A010,15,2,0,0,0.9575218368208764,92.4375,True,0.46136082512995036
5gwv__B1_A0A010--5gwv__A1_A0A010,16,2,2,0,0.968634092926138,92.25,True,0.43906160313127596
5gwv__B1_A0A010--5gwv__A1_A0A010,17,1,3,0,0.9594057887252776,92.1875,True,0.4170061235571508
5gwv__B1_A0A010--5gwv__A1_A0A010,18,1,0,0,0.9538454237478916,92.1875,True,0.4375565013910276
5gwv__B1_A0A010--5gwv__A1_A0A010,19,1,1,0,0.9541755103086146,92.125,True,0.4077226704423506
5gwv__B1_A0A010--5gwv__A1_A0A010,20,1,2,0,0.9592901766019444,92.0,True,0.3855286050603503
5h1p__A1_D2UG58--5h1p__B1_D2UG58,1,1,0,0,0.1842138037302702,87.0,False,0.6256823902801504
5h1p__A1_D2UG58--5h1p__B1_D2UG58,2,2,2,0,0.1849698465176333,86.625,False,0.6097684693216471
5h1p__A1_D2UG58--5h1p__B1_D2UG58,3,3,2,0,0.8294371080189701,86.4375,True,0.5847840773671563
5h1p__A1_D2UG58--5h1p__B1_D2UG58,4,2,0,0,0.1837919515446262,86.4375,False,0.6035570073728753
5h1p__A1_D2UG58--5h1p__B1_D2UG58,5,1,3,0,0.8275563996820122,86.375,True,0.5934500784137717
5h1p__A1_D2UG58--5h1p__B1_D2UG58,6,3,1,0,0.8260511850233234,86.0,True,0.5617584762911065
5h1p__A1_D2UG58--5h1p__B1_D2UG58,7,3,3,0,0.8212358334195983,85.9375,True,0.566513956674736
5h1p__A1_D2UG58--5h1p__B1_D2UG58,8,2,1,0,0.1845380165050643,85.6875,False,0.5310428800849831
5h1p__A1_D2UG58--5h1p__B1_D2UG58,9,3,0,0,0.8327216344099361,85.625,True,0.5204562321903129
5h1p__A1_D2UG58--5h1p__B1_D2UG58,10,1,2,0,0.1849618789095375,85.5,False,0.5099616129322819
5h1p__A1_D2UG58--5h1p__B1_D2UG58,11,1,1,0,0.1847961731954616,85.375,False,0.5003362321258871
5h1p__A1_D2UG58--5h1p__B1_D2UG58,12,2,3,0,0.18469110380086,85.375,False,0.4933772589622515
5h1p__A1_D2UG58--5h1p__B1_D2UG58,13,5,2,0,0.8321997061185096,84.0625,True,0.4753126691531525
5h1p__A1_D2UG58--5h1p__B1_D2UG58,14,4,2,0,0.8245681079109167,83.375,True,0.46883185331752175
5h1p__A1_D2UG58--5h1p__B1_D2UG58,15,5,1,0,0.8309606428616919,82.8125,True,0.4516944628276959
5h1p__A1_D2UG58--5h1p__B1_D2UG58,16,4,1,0,0.8210387629076842,82.625,True,0.4320226903722499
5h1p__A1_D2UG58--5h1p__B1_D2UG58,17,5,3,0,0.8259249436315281,82.625,True,0.4273269337706752
5h1p__A1_D2UG58--5h1p__B1_D2UG58,18,4,0,0,0.8318801180068883,82.25,True,0.4186877849365954
5h1p__A1_D2UG58--5h1p__B1_D2UG58,19,4,3,0,0.8191836100368036,81.6875,True,0.40736612843773484
5h1p__A1_D2UG58--5h1p__B1_D2UG58,20,5,0,0,0.18850315002277,76.9375,False,0.3855286050603503
5hpg__A1_P00747--5hpg__B1_P00747,1,1,2,4,0.0165734166484943,54.40625,False,0.6248679797260261
5hpg__A1_P00747--5hpg__B1_P00747,2,1,3,4,0.0164679804237407,54.09375,False,0.6199939877364484
5hpg__A1_P00747--5hpg__B1_P00747,3,1,0,4,0.0169723516170879,45.5,False,0.6032973066517374
5hpg__A1_P00747--5hpg__B1_P00747,4,1,1,4,0.0172341027739509,43.5625,False,0.590357464945786
5hpg__A1_P00747--5hpg__B1_P00747,5,3,0,4,0.0262628635330438,26.90625,False,0.5694305578520323
5hpg__A1_P00747--5hpg__B1_P00747,6,5,2,4,0.0211367969054056,19.609375,False,0.5522837859609404
5hpg__A1_P00747--5hpg__B1_P00747,7,2,1,4,0.0150647263306185,18.890625,False,0.5538787870261084
5hpg__A1_P00747--5hpg__B1_P00747,8,2,0,4,0.0151768828073309,17.8125,False,0.5401587180463955
5hpg__A1_P00747--5hpg__B1_P00747,9,4,0,4,0.028108151551404,17.8125,False,0.49522152881958365
5hpg__A1_P00747--5hpg__B1_P00747,10,5,1,4,0.0207432147327563,17.65625,False,0.4936767180380184
5hpg__A1_P00747--5hpg__B1_P00747,11,5,0,4,0.0210400987790708,17.640625,False,0.5012555062772064
5hpg__A1_P00747--5hpg__B1_P00747,12,2,2,4,0.0150961624490069,17.546875,False,0.5235927969082469
5hpg__A1_P00747--5hpg__B1_P00747,13,4,1,4,0.0277422221134817,17.21875,False,0.45641060155704455
5hpg__A1_P00747--5hpg__B1_P00747,14,4,3,4,0.02914712571239,16.90625,False,0.44982232032647596
5hpg__A1_P00747--5hpg__B1_P00747,15,2,3,4,0.0155191612551357,16.40625,False,0.46258709935111014
5hpg__A1_P00747--5hpg__B1_P00747,16,5,3,4,0.0356247900224019,16.390625,False,0.4406269183828041
5hpg__A1_P00747--5hpg__B1_P00747,17,4,2,4,0.0325498267773523,16.265625,False,0.4189630312622858
5hpg__A1_P00747--5hpg__B1_P00747,18,3,2,4,0.0525661343441919,15.015625,False,0.40620366080570464
5hpg__A1_P00747--5hpg__B1_P00747,19,3,3,4,0.7648371464333955,14.8359375,True,0.3935696635061512
5hpg__A1_P00747--5hpg__B1_P00747,20,3,1,4,0.0537201292722872,14.3359375,False,0.3810764356320454
5hrm__B1_A0A077JBW9--5hrm__A1_A0A077JBW9,1,5,3,2,0.1580328141794891,76.4375,False,0.6230287144243065
5hrm__B1_A0A077JBW9--5hrm__A1_A0A077JBW9,2,5,1,2,0.3392273574791702,53.6875,True,0.6316718547853453
5hrm__B1_A0A077JBW9--5hrm__A1_A0A077JBW9,3,5,0,2,0.3351431462223102,49.90625,True,0.5995771005643711
5hrm__B1_A0A077JBW9--5hrm__A1_A0A077JBW9,4,3,1,2,0.2001403926687454,48.96875,False,0.5936512855227651
5hrm__B1_A0A077JBW9--5hrm__A1_A0A077JBW9,5,5,2,2,0.3758834626514342,45.71875,True,0.5770831438730124
5hrm__B1_A0A077JBW9--5hrm__A1_A0A077JBW9,6,1,1,2,0.0888261776522712,38.25,False,0.5466306942446686
5hrm__B1_A0A077JBW9--5hrm__A1_A0A077JBW9,7,1,2,2,0.4183987821991972,37.96875,True,0.5526105262010524
5hrm__B1_A0A077JBW9--5hrm__A1_A0A077JBW9,8,2,3,2,0.0528668243469322,37.78125,False,0.5218559581289247
5hrm__B1_A0A077JBW9--5hrm__A1_A0A077JBW9,9,3,2,2,0.1878016677769204,37.09375,False,0.514706352357392
5hrm__B1_A0A077JBW9--5hrm__A1_A0A077JBW9,10,3,0,2,0.1233168074144412,37.0,False,0.5306264226711122
5hrm__B1_A0A077JBW9--5hrm__A1_A0A077JBW9,11,1,3,2,0.1483842495065321,35.21875,False,0.4914882712239995
5hrm__B1_A0A077JBW9--5hrm__A1_A0A077JBW9,12,2,2,2,0.206729503634036,35.21875,False,0.4677008818545387
5hrm__B1_A0A077JBW9--5hrm__A1_A0A077JBW9,13,4,3,2,0.0239566591994598,34.75,False,0.5058395366526699
5hrm__B1_A0A077JBW9--5hrm__A1_A0A077JBW9,14,2,1,2,0.1700196492563332,34.625,False,0.46438601909418575
5hrm__B1_A0A077JBW9--5hrm__A1_A0A077JBW9,15,3,3,2,0.0859698570702919,34.0625,False,0.45069607844542015
5hrm__B1_A0A077JBW9--5hrm__A1_A0A077JBW9,16,1,0,2,0.1699130966483228,33.90625,False,0.44249482832240616
5hrm__B1_A0A077JBW9--5hrm__A1_A0A077JBW9,17,4,1,2,0.0200684742454747,31.15625,False,0.46167912983632126
5hrm__B1_A0A077JBW9--5hrm__A1_A0A077JBW9,18,2,0,2,0.0907469532307186,30.84375,False,0.4186098403573838
5hrm__B1_A0A077JBW9--5hrm__A1_A0A077JBW9,19,4,0,2,0.0209823340964022,29.9375,False,0.4180955999324549
5hrm__B1_A0A077JBW9--5hrm__A1_A0A077JBW9,20,4,2,2,0.4546488206876564,29.046875,True,0.3909425315077831
5hy7__A1_G0S5A2--5hy7__B1_G0S133,1,5,1,4,0.8783261516136066,96.1875,True,0.6216437424447585
5hy7__A1_G0S5A2--5hy7__B1_G0S133,2,5,2,4,0.8768039838326579,96.1875,True,0.6096368176343437
5hy7__A1_G0S5A2--5hy7__B1_G0S133,3,5,0,4,0.8763593398682251,96.125,True,0.5810592703657443
5hy7__A1_G0S5A2--5hy7__B1_G0S133,4,5,3,4,0.8816980146176676,96.125,True,0.5385638156125292
5hy7__A1_G0S5A2--5hy7__B1_G0S133,5,4,2,4,0.8824600206730318,96.0625,True,0.5510159632173517
5hy7__A1_G0S5A2--5hy7__B1_G0S133,6,1,2,4,0.8790205706250669,96.0625,True,0.5423220723976067
5hy7__A1_G0S5A2--5hy7__B1_G0S133,7,4,0,4,0.8752583128497653,96.0625,True,0.5447076456850561
5hy7__A1_G0S5A2--5hy7__B1_G0S133,8,1,0,4,0.8773651276865803,96.0625,True,0.5846694113105991
5hy7__A1_G0S5A2--5hy7__B1_G0S133,9,3,2,4,0.882434439809462,96.0,True,0.49649033175666857
5hy7__A1_G0S5A2--5hy7__B1_G0S133,10,4,3,4,0.8817385547848685,96.0,True,0.4671333808887481
5hy7__A1_G0S5A2--5hy7__B1_G0S133,11,4,1,4,0.8827338222933836,96.0,True,0.4728085504667722
5hy7__A1_G0S5A2--5hy7__B1_G0S133,12,1,1,4,0.875331523355774,96.0,True,0.5476359144648628
5hy7__A1_G0S5A2--5hy7__B1_G0S133,13,3,0,4,0.8830251540464573,96.0,True,0.4747366070561015
5hy7__A1_G0S5A2--5hy7__B1_G0S133,14,1,3,4,0.8799087681026618,95.9375,True,0.4795968636152079
5hy7__A1_G0S5A2--5hy7__B1_G0S133,15,3,1,4,0.8748398181939527,95.9375,True,0.44333784567147927
5hy7__A1_G0S5A2--5hy7__B1_G0S133,16,2,3,4,0.8791659238707302,95.875,True,0.41528537136522303
5hy7__A1_G0S5A2--5hy7__B1_G0S133,17,2,2,4,0.8771160654873089,95.875,True,0.4516019087013357
5hy7__A1_G0S5A2--5hy7__B1_G0S133,18,2,1,4,0.8795852354632162,95.875,True,0.43307076739289113
5hy7__A1_G0S5A2--5hy7__B1_G0S133,19,3,3,4,0.8886503361159876,95.875,True,0.38384493550714605
5hy7__A1_G0S5A2--5hy7__B1_G0S133,20,2,0,4,0.8752646432121377,95.875,True,0.43796449290554496
5jkt__A1_P20536--5jkt__B1_P20995,1,2,3,3,0.9342856003333696,95.375,True,0.6238507407359268
5jkt__A1_P20536--5jkt__B1_P20995,2,2,1,3,0.935940127998918,95.25,True,0.6120381512938262
5jkt__A1_P20536--5jkt__B1_P20995,3,1,3,3,0.9415021043799908,95.0625,True,0.6000923977774686
5jkt__A1_P20536--5jkt__B1_P20995,4,1,1,3,0.9313602206041216,94.8125,True,0.5848174559785243
5jkt__A1_P20536--5jkt__B1_P20995,5,1,0,3,0.8834595437480397,94.0625,True,0.5802138003815375
5jkt__A1_P20536--5jkt__B1_P20995,6,2,2,3,0.8991753275770952,93.875,True,0.5558414714076874
5jkt__A1_P20536--5jkt__B1_P20995,7,2,0,3,0.898368529638221,93.75,True,0.5533860935335475
5jkt__A1_P20536--5jkt__B1_P20995,8,1,2,3,0.8932948763367498,93.75,True,0.5486324257386392
5jkt__A1_P20536--5jkt__B1_P20995,9,4,3,3,0.8972116873733372,93.4375,True,0.5129945813544952
5jkt__A1_P20536--5jkt__B1_P20995,10,4,1,3,0.8971822032292015,93.375,True,0.47507388814749435
5jkt__A1_P20536--5jkt__B1_P20995,11,5,1,3,0.8865203260291136,93.3125,True,0.4768450963869042
5jkt__A1_P20536--5jkt__B1_P20995,12,3,3,3,0.8932256028982636,93.3125,True,0.4658577234183536
5jkt__A1_P20536--5jkt__B1_P20995,13,4,0,3,0.8886863573266961,93.25,True,0.4648994008376345
5jkt__A1_P20536--5jkt__B1_P20995,14,3,2,3,0.9001532386435107,93.1875,True,0.4477687268324838
5jkt__A1_P20536--5jkt__B1_P20995,15,3,1,3,0.8993217730482753,93.1875,True,0.4501439236074426
5jkt__A1_P20536--5jkt__B1_P20995,16,4,2,3,0.8956706543383476,93.125,True,0.4118737209564381
5jkt__A1_P20536--5jkt__B1_P20995,17,5,2,3,0.8831877023409554,93.125,True,0.47595454399020487
5jkt__A1_P20536--5jkt__B1_P20995,18,5,3,3,0.8893492301322207,93.125,True,0.43851146591217144
5jkt__A1_P20536--5jkt__B1_P20995,19,5,0,3,0.8774354934443848,93.0625,True,0.45330914795083893
5jkt__A1_P20536--5jkt__B1_P20995,20,3,0,3,0.8992550726464247,92.9375,True,0.41540770880908184
5k7b__B1_A8MW95--5k7b__A1_A8MW95,1,4,0,4,0.1972049606886025,76.75,False,0.6287323427945517
5k7b__B1_A8MW95--5k7b__A1_A8MW95,2,5,2,4,0.5889228141840757,71.3125,True,0.616094207551083
5k7b__B1_A8MW95--5k7b__A1_A8MW95,3,5,3,4,0.6176620410184622,70.1875,True,0.5992488991651403
5k7b__B1_A8MW95--5k7b__A1_A8MW95,4,1,2,4,0.6059355259625314,69.875,True,0.5944349037919061
5k7b__B1_A8MW95--5k7b__A1_A8MW95,5,1,1,4,0.6405415024294611,68.6875,True,0.5772912800926199
5k7b__B1_A8MW95--5k7b__A1_A8MW95,6,3,3,4,0.2209970511369187,68.375,False,0.5419031957619943
5k7b__B1_A8MW95--5k7b__A1_A8MW95,7,1,3,4,0.6269820819015041,68.0625,True,0.5634462459286901
5k7b__B1_A8MW95--5k7b__A1_A8MW95,8,1,0,4,0.5890470942447014,67.1875,True,0.5337736647224425
5k7b__B1_A8MW95--5k7b__A1_A8MW95,9,3,0,4,0.6604239316453807,67.0625,True,0.537526699524024
5k7b__B1_A8MW95--5k7b__A1_A8MW95,10,4,1,4,0.3843633613705877,58.21875,True,0.5106896615451509
5k7b__B1_A8MW95--5k7b__A1_A8MW95,11,3,1,4,0.1618181387767698,56.1875,False,0.497246395577644
5k7b__B1_A8MW95--5k7b__A1_A8MW95,12,2,1,4,0.045010515039504,50.3125,False,0.47556092970889324
5k7b__B1_A8MW95--5k7b__A1_A8MW95,13,2,2,4,0.0634975965662258,48.6875,False,0.44505126127937844
5k7b__B1_A8MW95--5k7b__A1_A8MW95,14,2,3,4,0.0595253524061506,48.625,False,0.461211321049072
5k7b__B1_A8MW95--5k7b__A1_A8MW95,15,5,0,4,0.1921337560290853,45.84375,False,0.4730592631388827
5k7b__B1_A8MW95--5k7b__A1_A8MW95,16,3,2,4,0.1658997885753402,34.59375,False,0.42138876623598615
5k7b__B1_A8MW95--5k7b__A1_A8MW95,17,4,3,4,0.4791755748603096,31.109375,True,0.42172977347348484
5k7b__B1_A8MW95--5k7b__A1_A8MW95,18,4,2,4,0.4834069898186956,30.296875,True,0.4086724271017338
5k7b__B1_A8MW95--5k7b__A1_A8MW95,19,2,0,4,0.0103587464012921,25.953125,False,0.3874274999128554
5k7b__B1_A8MW95--5k7b__A1_A8MW95,20,5,1,4,0.0414166486333542,13.140625,False,0.38295709678377193
5kou__B1_Q82446--5kou__A1_Q82446,1,2,0,3,0.6771205752185793,84.8125,True,0.6171943052999305
5kou__B1_Q82446--5kou__A1_Q82446,2,4,0,3,0.6452514617809628,83.25,True,0.5881607921872047
5kou__B1_Q82446--5kou__A1_Q82446,3,4,2,3,0.7072078719152954,82.875,True,0.613649143374976
5kou__B1_Q82446--5kou__A1_Q82446,4,3,1,3,0.6734848729767157,82.375,True,0.601720714472999
5kou__B1_Q82446--5kou__A1_Q82446,5,3,2,3,0.6349923336243212,79.25,True,0.5643633231641204
5kou__B1_Q82446--5kou__A1_Q82446,6,3,3,3,0.0566182939762365,78.9375,False,0.5381818078586739
5kou__B1_Q82446--5kou__A1_Q82446,7,2,3,3,0.5902342039216397,78.9375,True,0.5641078381693055
5kou__B1_Q82446--5kou__A1_Q82446,8,2,2,3,0.6641392717158691,77.5625,True,0.5317333046097801
5kou__B1_Q82446--5kou__A1_Q82446,9,5,3,3,0.6579971014029717,77.5,True,0.5587420681272558
5kou__B1_Q82446--5kou__A1_Q82446,10,1,2,3,0.5779946166090618,76.0,True,0.515794379161643
5kou__B1_Q82446--5kou__A1_Q82446,11,1,0,3,0.5343029118725466,74.4375,True,0.5019115878964693
5kou__B1_Q82446--5kou__A1_Q82446,12,4,3,3,0.5697706216303366,67.5625,True,0.48887998982975284
5kou__B1_Q82446--5kou__A1_Q82446,13,2,1,3,0.4322811541040692,66.0625,True,0.45920830217900743
5kou__B1_Q82446--5kou__A1_Q82446,14,5,2,3,0.0583005570771707,66.0625,False,0.45903501009842884
5kou__B1_Q82446--5kou__A1_Q82446,15,3,0,3,0.0540247295337568,63.90625,False,0.45546564851799404
5kou__B1_Q82446--5kou__A1_Q82446,16,5,0,3,0.0463817330608497,63.53125,False,0.4407200583555603
5kou__B1_Q82446--5kou__A1_Q82446,17,5,1,3,0.0665689814705364,61.75,False,0.43662953397026555
5kou__B1_Q82446--5kou__A1_Q82446,18,1,1,3,0.2801547813829665,51.28125,True,0.42110227636688913
5kou__B1_Q82446--5kou__A1_Q82446,19,4,1,3,0.0372588465363606,43.375,False,0.39622672717508917
5kou__B1_Q82446--5kou__A1_Q82446,20,1,3,3,0.1158426843451837,41.28125,False,0.3969176141891865
5ky2__A1_Q91ZW2--5ky2__B1_P70375,1,3,3,1,0.8103285266783248,94.5625,True,0.6094242728899977
5ky2__A1_Q91ZW2--5ky2__B1_P70375,2,3,2,1,0.798465382458823,94.4375,True,0.5988896393630125
5ky2__A1_Q91ZW2--5ky2__B1_P70375,3,3,1,1,0.8034558838154506,94.375,True,0.5657129642485289
5ky2__A1_Q91ZW2--5ky2__B1_P70375,4,4,3,1,0.8081005276591432,94.375,True,0.5360422554848222
5ky2__A1_Q91ZW2--5ky2__B1_P70375,5,4,1,1,0.7912574987842863,94.375,True,0.5548482401163614
5ky2__A1_Q91ZW2--5ky2__B1_P70375,6,1,3,1,0.8281656421125222,94.3125,True,0.593393579956186
5ky2__A1_Q91ZW2--5ky2__B1_P70375,7,5,2,1,0.7985241000928133,94.3125,True,0.5859476117317503
5ky2__A1_Q91ZW2--5ky2__B1_P70375,8,5,3,1,0.8157380847402896,94.125,True,0.5592724627780549
5ky2__A1_Q91ZW2--5ky2__B1_P70375,9,1,2,1,0.823385352320174,94.0,True,0.5556295813545284
5ky2__A1_Q91ZW2--5ky2__B1_P70375,10,3,0,1,0.8060106352611203,93.875,True,0.5078440828086517
5ky2__A1_Q91ZW2--5ky2__B1_P70375,11,1,1,1,0.8351373800632986,93.8125,True,0.5305757504029653
5ky2__A1_Q91ZW2--5ky2__B1_P70375,12,5,0,1,0.7921573209914263,92.75,True,0.48426353652115633
5ky2__A1_Q91ZW2--5ky2__B1_P70375,13,1,0,1,0.8243808242880695,92.5625,True,0.47949098383208305
5ky2__A1_Q91ZW2--5ky2__B1_P70375,14,5,1,1,0.4737814512348363,63.5,True,0.46298576411469894
5ky2__A1_Q91ZW2--5ky2__B1_P70375,15,4,0,1,0.6143141813488037,53.09375,True,0.4504471380644947
5ky2__A1_Q91ZW2--5ky2__B1_P70375,16,4,2,1,0.3272196461025898,51.40625,True,0.4302525931551986
5ky2__A1_Q91ZW2--5ky2__B1_P70375,17,2,0,1,0.0934888282097221,51.25,False,0.41100409374636965
5ky2__A1_Q91ZW2--5ky2__B1_P70375,18,2,1,1,0.0826241863448871,51.0,False,0.4221675167116139
5ky2__A1_Q91ZW2--5ky2__B1_P70375,19,2,3,1,0.4683125463728257,50.9375,True,0.40882877714625954
5ky2__A1_Q91ZW2--5ky2__B1_P70375,20,2,2,1,0.1296762492224868,50.59375,False,0.3943573748396575
5kyy__B1_O94855--5kyy__A1_Q15436,1,5,1,3,0.6528351641941849,90.5625,True,0.6205281928449286
5kyy__B1_O94855--5kyy__A1_Q15436,2,5,3,3,0.6476071670308007,90.375,True,0.6153889609674681
5kyy__B1_O94855--5kyy__A1_Q15436,3,5,0,3,0.6486951923232629,90.3125,True,0.5774536077313297
5kyy__B1_O94855--5kyy__A1_Q15436,4,4,0,3,0.6621104232345097,90.1875,True,0.5802113669799283
5kyy__B1_O94855--5kyy__A1_Q15436,5,4,3,3,0.6564435145479225,90.125,True,0.5828134513784756
5kyy__B1_O94855--5kyy__A1_Q15436,6,4,1,3,0.6629806357240982,90.0,True,0.5433455324937762
5kyy__B1_O94855--5kyy__A1_Q15436,7,5,2,3,0.6524298922853128,90.0,True,0.5338864925021423
5kyy__B1_O94855--5kyy__A1_Q15436,8,4,2,3,0.6592635903765954,90.0,True,0.5383883427226537
5kyy__B1_O94855--5kyy__A1_Q15436,9,3,0,3,0.6599963770282958,89.5,True,0.5419846354167132
5kyy__B1_O94855--5kyy__A1_Q15436,10,3,3,3,0.6616581116603898,89.4375,True,0.5466504662026644
5kyy__B1_O94855--5kyy__A1_Q15436,11,3,2,3,0.6667976323539571,89.25,True,0.5084539132974869
5kyy__B1_O94855--5kyy__A1_Q15436,12,1,0,3,0.6381992405982327,89.25,True,0.48835619485668247
5kyy__B1_O94855--5kyy__A1_Q15436,13,3,1,3,0.6644540247993556,89.0625,True,0.4806619006290214
5kyy__B1_O94855--5kyy__A1_Q15436,14,2,1,3,0.6346428038018562,88.9375,True,0.45735289956440284
5kyy__B1_O94855--5kyy__A1_Q15436,15,1,3,3,0.6400965547905212,88.9375,True,0.45630742720001394
5kyy__B1_O94855--5kyy__A1_Q15436,16,1,2,3,0.6471375876954331,88.875,True,0.4361483711095779
5kyy__B1_O94855--5kyy__A1_Q15436,17,2,0,3,0.6387192460344977,88.5625,True,0.4283280652927261
5kyy__B1_O94855--5kyy__A1_Q15436,18,1,1,3,0.6398335407676502,88.4375,True,0.41320992774477366
5kyy__B1_O94855--5kyy__A1_Q15436,19,2,3,3,0.6280269980401965,88.25,True,0.40452691118019884
5kyy__B1_O94855--5kyy__A1_Q15436,20,2,2,3,0.632482928774993,88.25,True,0.3964119412925884
5l0w__A1_G0SH41--5l0w__B1_G0S0B5,1,5,1,1,0.6679242603817254,84.75,True,0.5932010890849574
5l0w__A1_G0SH41--5l0w__B1_G0S0B5,2,1,3,1,0.5753388764877969,82.4375,True,0.5857939487976115
5l0w__A1_G0SH41--5l0w__B1_G0S0B5,3,5,3,1,0.6611343002985305,80.6875,True,0.5082588692929494
5l0w__A1_G0SH41--5l0w__B1_G0S0B5,4,1,1,1,0.5709958017385031,80.1875,True,0.5903138077246111
5l0w__A1_G0SH41--5l0w__B1_G0S0B5,5,5,2,1,0.6580776198121159,78.625,True,0.47983636417106773
5l0w__A1_G0SH41--5l0w__B1_G0S0B5,6,4,3,1,0.5947707795759772,78.5625,True,0.5778082531483879
5l0w__A1_G0SH41--5l0w__B1_G0S0B5,7,4,0,1,0.6298340005815316,78.25,True,0.5913637274088203
5l0w__A1_G0SH41--5l0w__B1_G0S0B5,8,4,1,1,0.5927690254184034,78.0625,True,0.5900471883843782
5l0w__A1_G0SH41--5l0w__B1_G0S0B5,9,1,0,1,0.5845234402654679,77.5,True,0.5200915528248191
5l0w__A1_G0SH41--5l0w__B1_G0S0B5,10,1,2,1,0.5769795012489831,77.4375,True,0.5405695206332237
5l0w__A1_G0SH41--5l0w__B1_G0S0B5,11,4,2,1,0.5968649445110207,76.9375,True,0.5596169524825059
5l0w__A1_G0SH41--5l0w__B1_G0S0B5,12,2,3,1,0.6090474446491703,75.4375,True,0.4847239996967763
5l0w__A1_G0SH41--5l0w__B1_G0S0B5,13,2,2,1,0.6019212183213476,75.0625,True,0.486660786256543
5l0w__A1_G0SH41--5l0w__B1_G0S0B5,14,3,0,1,0.6245868046061714,74.9375,True,0.4520901045714836
5l0w__A1_G0SH41--5l0w__B1_G0S0B5,15,2,0,1,0.6040978718520332,74.9375,True,0.4660408811210218
5l0w__A1_G0SH41--5l0w__B1_G0S0B5,16,5,0,1,0.5813640692815024,74.875,True,0.4054930636193052
5l0w__A1_G0SH41--5l0w__B1_G0S0B5,17,2,1,1,0.6037521281477559,74.6875,True,0.4586006399414782
5l0w__A1_G0SH41--5l0w__B1_G0S0B5,18,3,2,1,0.6177054716027036,74.5625,True,0.4291397772562943
5l0w__A1_G0SH41--5l0w__B1_G0S0B5,19,3,3,1,0.6240586178140334,74.1875,True,0.4143458677001164
5l0w__A1_G0SH41--5l0w__B1_G0S0B5,20,3,1,1,0.6211993704128879,72.875,True,0.4066311764347786
5l1m__A1_Q8WXE0--5l1m__A2_Q8WXE0,1,4,2,0,0.1701336070903564,46.09375,False,0.6305637859732365
5l1m__A1_Q8WXE0--5l1m__A2_Q8WXE0,2,1,3,0,0.2172306964643301,42.09375,False,0.605465244377866
5l1m__A1_Q8WXE0--5l1m__A2_Q8WXE0,3,3,0,0,0.0500601286660316,26.75,False,0.5593935119324152
5l1m__A1_Q8WXE0--5l1m__A2_Q8WXE0,4,3,3,0,0.0453250380971624,25.984375,False,0.5595361949071285
5l1m__A1_Q8WXE0--5l1m__A2_Q8WXE0,5,3,1,0,0.0567099742450251,24.328125,False,0.5232582780651666
5l1m__A1_Q8WXE0--5l1m__A2_Q8WXE0,6,1,2,0,0.0127826604571194,24.078125,False,0.5556692759410017
5l1m__A1_Q8WXE0--5l1m__A2_Q8WXE0,7,3,2,0,0.0727528023743312,23.46875,False,0.5130471640551963
5l1m__A1_Q8WXE0--5l1m__A2_Q8WXE0,8,1,1,0,0.0126657897990931,21.421875,False,0.5025263897061243
5l1m__A1_Q8WXE0--5l1m__A2_Q8WXE0,9,5,2,0,0.0183891146309736,21.109375,False,0.539516693094994
5l1m__A1_Q8WXE0--5l1m__A2_Q8WXE0,10,1,0,0,0.0119940784373831,20.359375,False,0.5082635514361589
5l1m__A1_Q8WXE0--5l1m__A2_Q8WXE0,11,5,3,0,0.0657960372274744,18.125,False,0.4614932045270585
5l1m__A1_Q8WXE0--5l1m__A2_Q8WXE0,12,4,0,0,0.0387511267418351,17.34375,False,0.4617711586663388
5l1m__A1_Q8WXE0--5l1m__A2_Q8WXE0,13,5,1,0,0.0601601432682436,17.28125,False,0.4385683687780197
5l1m__A1_Q8WXE0--5l1m__A2_Q8WXE0,14,4,1,0,0.0478668170209305,17.21875,False,0.44717312406534754
5l1m__A1_Q8WXE0--5l1m__A2_Q8WXE0,15,4,3,0,0.0449953384587317,16.453125,False,0.43084185920153995
5l1m__A1_Q8WXE0--5l1m__A2_Q8WXE0,16,2,0,0,0.0447909551645393,16.40625,False,0.5165400827827114
5l1m__A1_Q8WXE0--5l1m__A2_Q8WXE0,17,2,3,0,0.0481660984041568,16.359375,False,0.5201254416015035
5l1m__A1_Q8WXE0--5l1m__A2_Q8WXE0,18,5,0,0,0.0566032874410662,16.3125,False,0.4229582554345731
5l1m__A1_Q8WXE0--5l1m__A2_Q8WXE0,19,2,1,0,0.0539583422919498,15.9453125,False,0.4902240107002435
5l1m__A1_Q8WXE0--5l1m__A2_Q8WXE0,20,2,2,0,0.0510268264731574,15.734375,False,0.48040463327273375
5lda__A1_Q8U1Y4--5lda__B1_Q8U1Z3,1,3,1,2,0.4552505226553542,72.5625,True,0.6184139947115466
5lda__A1_Q8U1Y4--5lda__B1_Q8U1Z3,2,5,2,2,0.436502941743613,72.25,True,0.6162197172684801
5lda__A1_Q8U1Y4--5lda__B1_Q8U1Z3,3,3,3,2,0.4610889033865135,71.8125,True,0.5999939038543413
5lda__A1_Q8U1Y4--5lda__B1_Q8U1Z3,4,1,1,2,0.2927441602338049,62.34375,True,0.588301374160422
5lda__A1_Q8U1Y4--5lda__B1_Q8U1Z3,5,1,2,2,0.2931764930119181,61.9375,True,0.5765083010473344
5lda__A1_Q8U1Y4--5lda__B1_Q8U1Z3,6,1,0,2,0.2976298873197223,59.5625,True,0.5646274138961219
5lda__A1_Q8U1Y4--5lda__B1_Q8U1Z3,7,1,3,2,0.2995853951161838,52.34375,True,0.5526718400864198
5lda__A1_Q8U1Y4--5lda__B1_Q8U1Z3,8,5,3,2,0.3292480611091676,40.15625,True,0.5406550490225106
5lda__A1_Q8U1Y4--5lda__B1_Q8U1Z3,9,3,2,2,0.3074832578840332,37.65625,True,0.528590792865769
5lda__A1_Q8U1Y4--5lda__B1_Q8U1Z3,10,2,0,2,0.1421373826099568,33.1875,False,0.501230413737628
5lda__A1_Q8U1Y4--5lda__B1_Q8U1Z3,11,5,1,2,0.3044642419344611,33.0,True,0.5115744176571245
5lda__A1_Q8U1Y4--5lda__B1_Q8U1Z3,12,4,2,2,0.2007653111278265,32.28125,False,0.47089049512018466
5lda__A1_Q8U1Y4--5lda__B1_Q8U1Z3,13,2,3,2,0.1468301439172111,31.96875,False,0.4821443439177436
5lda__A1_Q8U1Y4--5lda__B1_Q8U1Z3,14,3,0,2,0.2736485338667683,29.625,True,0.4730864989562486
5lda__A1_Q8U1Y4--5lda__B1_Q8U1Z3,15,5,0,2,0.2864796000445014,29.515625,True,0.47143820720615226
5lda__A1_Q8U1Y4--5lda__B1_Q8U1Z3,16,2,2,2,0.1313682958536947,27.46875,False,0.4513895707085182
5lda__A1_Q8U1Y4--5lda__B1_Q8U1Z3,17,2,1,2,0.0876419052562575,26.234375,False,0.43147825080401025
5lda__A1_Q8U1Y4--5lda__B1_Q8U1Z3,18,4,0,2,0.1333762749562706,23.453125,False,0.4207819090252158
5lda__A1_Q8U1Y4--5lda__B1_Q8U1Z3,19,4,1,2,0.081339025715108,20.90625,False,0.40843679715024056
5lda__A1_Q8U1Y4--5lda__B1_Q8U1Z3,20,4,3,2,0.0295654945701542,20.4375,False,0.39620612330522276
5lsb__A1_Q99181--5lsb__B1_Q02554,1,4,1,2,0.6927731367981192,91.25,True,0.5753956114289042
5lsb__A1_Q99181--5lsb__B1_Q02554,2,4,0,2,0.6923013647200048,91.125,True,0.6057361222696558
5lsb__A1_Q99181--5lsb__B1_Q02554,3,3,0,2,0.6902587010839096,90.5625,True,0.6072442425427463
5lsb__A1_Q99181--5lsb__B1_Q02554,4,4,3,2,0.6946097510194912,90.5625,True,0.564541340117524
5lsb__A1_Q99181--5lsb__B1_Q02554,5,4,2,2,0.6870951354546112,90.375,True,0.5476522450197898
5lsb__A1_Q99181--5lsb__B1_Q02554,6,5,3,2,0.6956137752125627,90.1875,True,0.5452415787886289
5lsb__A1_Q99181--5lsb__B1_Q02554,7,1,0,2,0.6934859461295573,90.1875,True,0.5186897068734645
5lsb__A1_Q99181--5lsb__B1_Q02554,8,1,2,2,0.6914883000684737,90.125,True,0.5060949722036567
5lsb__A1_Q99181--5lsb__B1_Q02554,9,3,2,2,0.7010990518854242,90.0625,True,0.5130445766154543
5lsb__A1_Q99181--5lsb__B1_Q02554,10,5,0,2,0.6933468834347117,90.0625,True,0.5604259393902574
5lsb__A1_Q99181--5lsb__B1_Q02554,11,3,3,2,0.6939800823497572,90.0,True,0.534694012774757
5lsb__A1_Q99181--5lsb__B1_Q02554,12,1,3,2,0.6909346357927526,89.8125,True,0.47227738445560824
5lsb__A1_Q99181--5lsb__B1_Q02554,13,2,0,2,0.6944919311097948,89.8125,True,0.47497546978295213
5lsb__A1_Q99181--5lsb__B1_Q02554,14,1,1,2,0.6944469274205565,89.75,True,0.4687636147217808
5lsb__A1_Q99181--5lsb__B1_Q02554,15,5,2,2,0.6938502148346878,89.625,True,0.4960234035705196
5lsb__A1_Q99181--5lsb__B1_Q02554,16,3,1,2,0.6958759133814184,89.5625,True,0.45021950209348666
5lsb__A1_Q99181--5lsb__B1_Q02554,17,5,1,2,0.6946625091472938,89.5625,True,0.49931811332318543
5lsb__A1_Q99181--5lsb__B1_Q02554,18,2,1,2,0.6934874205087059,89.4375,True,0.4287230619655886
5lsb__A1_Q99181--5lsb__B1_Q02554,19,2,3,2,0.6920524023596569,89.1875,True,0.42697522381657843
5lsb__A1_Q99181--5lsb__B1_Q02554,20,2,2,2,0.6926135213771557,89.0625,True,0.41008686112435144
5ltu__B1_Q9NZJ9--5ltu__A1_Q9NZJ9,1,1,1,3,0.0109808237333227,20.015625,False,0.607502813822554
5ltu__B1_Q9NZJ9--5ltu__A1_Q9NZJ9,2,1,0,3,0.0119010428089789,19.1875,False,0.596045628781746
5ltu__B1_Q9NZJ9--5ltu__A1_Q9NZJ9,3,1,3,3,0.0111303036537941,18.921875,False,0.5661533306056655
5ltu__B1_Q9NZJ9--5ltu__A1_Q9NZJ9,4,1,2,3,0.011460857563814,18.796875,False,0.5738920265326876
5ltu__B1_Q9NZJ9--5ltu__A1_Q9NZJ9,5,4,1,3,0.0087501728378013,17.09375,False,0.5418249088529412
5ltu__B1_Q9NZJ9--5ltu__A1_Q9NZJ9,6,4,0,3,0.0103780054088557,16.984375,False,0.5117360964453475
5ltu__B1_Q9NZJ9--5ltu__A1_Q9NZJ9,7,2,0,3,0.0430842132104507,16.5625,False,0.5940185647826397
5ltu__B1_Q9NZJ9--5ltu__A1_Q9NZJ9,8,5,3,3,0.2091030205551426,16.5625,False,0.46032443909142623
5ltu__B1_Q9NZJ9--5ltu__A1_Q9NZJ9,9,3,3,3,0.2756204294211361,16.546875,True,0.4891120108824715
5ltu__B1_Q9NZJ9--5ltu__A1_Q9NZJ9,10,2,3,3,0.0596602303752677,16.34375,False,0.5437668899122517
5ltu__B1_Q9NZJ9--5ltu__A1_Q9NZJ9,11,3,1,3,0.3024512721657661,16.203125,True,0.44758050257880816
5ltu__B1_Q9NZJ9--5ltu__A1_Q9NZJ9,12,5,0,3,0.3391830334693274,16.1875,True,0.4588311298731417
5ltu__B1_Q9NZJ9--5ltu__A1_Q9NZJ9,13,2,1,3,0.0373849894181725,16.15625,False,0.561311976279133
5ltu__B1_Q9NZJ9--5ltu__A1_Q9NZJ9,14,4,2,3,0.0097170760679472,16.140625,False,0.49550095879367234
5ltu__B1_Q9NZJ9--5ltu__A1_Q9NZJ9,15,5,2,3,0.2793467491076417,16.015625,True,0.43971227660715567
5ltu__B1_Q9NZJ9--5ltu__A1_Q9NZJ9,16,4,3,3,0.0091264058709981,15.953125,False,0.4794999457767843
5ltu__B1_Q9NZJ9--5ltu__A1_Q9NZJ9,17,2,2,3,0.0275313456454437,15.8359375,False,0.5308354525467454
5ltu__B1_Q9NZJ9--5ltu__A1_Q9NZJ9,18,3,2,3,0.1076420080245112,15.53125,False,0.39747675598923793
5ltu__B1_Q9NZJ9--5ltu__A1_Q9NZJ9,19,3,0,3,0.0832041987527873,15.5234375,False,0.4340917402891361
5ltu__B1_Q9NZJ9--5ltu__A1_Q9NZJ9,20,5,1,3,0.1418762686473563,15.5,False,0.4212840685779004
5lxr__A1_Q9Y580--5lxr__B1_Q6NZY4,1,4,1,3,0.9139293593944988,88.8125,True,0.6238507407359268
5lxr__A1_Q9Y580--5lxr__B1_Q6NZY4,2,4,3,3,0.9139057381406194,88.6875,True,0.6120381512938262
5lxr__A1_Q9Y580--5lxr__B1_Q6NZY4,3,4,0,3,0.9077136949062128,87.8125,True,0.6000923977774686
5lxr__A1_Q9Y580--5lxr__B1_Q6NZY4,4,4,2,3,0.9126860555239514,85.5,True,0.5880264095818216
5lxr__A1_Q9Y580--5lxr__B1_Q6NZY4,5,1,1,3,0.884607470452988,82.75,True,0.575853681287441
5lxr__A1_Q9Y580--5lxr__B1_Q6NZY4,6,1,2,3,0.7986617181870419,82.125,True,0.5557794758712705
5lxr__A1_Q9Y580--5lxr__B1_Q6NZY4,7,5,3,3,0.8471814309188689,81.625,True,0.5550649006299851
5lxr__A1_Q9Y580--5lxr__B1_Q6NZY4,8,2,1,3,0.7631783129512261,81.125,True,0.49060018141271844
5lxr__A1_Q9Y580--5lxr__B1_Q6NZY4,9,1,0,3,0.8336936057524945,81.125,True,0.5375211685483566
5lxr__A1_Q9Y580--5lxr__B1_Q6NZY4,10,5,2,3,0.8160762450040128,81.125,True,0.518607030790369
5lxr__A1_Q9Y580--5lxr__B1_Q6NZY4,11,1,3,3,0.787180844678121,81.0625,True,0.43581492581404363
5lxr__A1_Q9Y580--5lxr__B1_Q6NZY4,12,5,1,3,0.785826316920974,80.625,True,0.5070210983407543
5lxr__A1_Q9Y580--5lxr__B1_Q6NZY4,13,3,1,3,0.8229284887208864,80.3125,True,0.4941094758709172
5lxr__A1_Q9Y580--5lxr__B1_Q6NZY4,14,3,3,3,0.8350155302953466,80.0,True,0.4671100318169547
5lxr__A1_Q9Y580--5lxr__B1_Q6NZY4,15,5,0,3,0.8299266037149811,79.9375,True,0.47762371360981715
5lxr__A1_Q9Y580--5lxr__B1_Q6NZY4,16,2,2,3,0.8181087854431418,79.5625,True,0.44644561744502703
5lxr__A1_Q9Y580--5lxr__B1_Q6NZY4,17,2,3,3,0.7698388225562466,79.5625,True,0.4377870874417884
5lxr__A1_Q9Y580--5lxr__B1_Q6NZY4,18,3,0,3,0.8157900889976338,79.3125,True,0.42928805101032935
5lxr__A1_Q9Y580--5lxr__B1_Q6NZY4,19,3,2,3,0.8369760541243579,78.0625,True,0.40597845648583814
5lxr__A1_Q9Y580--5lxr__B1_Q6NZY4,20,2,0,3,0.7920778901968406,73.8125,True,0.39060082847309135
5min__B1_P13650--5min__A1_P13650,1,2,1,2,0.8675158836776174,93.5625,True,0.6085506239887271
5min__B1_P13650--5min__A1_P13650,2,5,1,2,0.8783553026969839,93.5,True,0.583821309749564
5min__B1_P13650--5min__A1_P13650,3,2,0,2,0.864076307295818,93.5,True,0.5970873575911034
5min__B1_P13650--5min__A1_P13650,4,2,3,2,0.8723926138538922,93.4375,True,0.5845632119965435
5min__B1_P13650--5min__A1_P13650,5,1,2,2,0.84503088392831,93.375,True,0.5782525370441348
5min__B1_P13650--5min__A1_P13650,6,1,0,2,0.8712838593642575,93.375,True,0.5889077024074917
5min__B1_P13650--5min__A1_P13650,7,1,1,2,0.864191215520358,93.3125,True,0.5723177468766165
5min__B1_P13650--5min__A1_P13650,8,5,0,2,0.7727118095563709,93.1875,True,0.5362605837226017
5min__B1_P13650--5min__A1_P13650,9,2,2,2,0.8711004331168098,92.75,True,0.537393360416372
5min__B1_P13650--5min__A1_P13650,10,1,3,2,0.0926517060513684,23.21875,False,0.5194579478524617
5min__B1_P13650--5min__A1_P13650,11,4,2,2,0.0051478790047312,22.328125,False,0.4956995328545738
5min__B1_P13650--5min__A1_P13650,12,4,1,2,0.0051580510963602,21.984375,False,0.4984549613410859
5min__B1_P13650--5min__A1_P13650,13,4,0,2,0.0085540310595782,21.5,False,0.4538518705575481
5min__B1_P13650--5min__A1_P13650,14,4,3,2,0.0049737161874357,21.46875,False,0.47632306584788586
5min__B1_P13650--5min__A1_P13650,15,3,1,2,0.022716109353739,20.96875,False,0.44287271041245113
5min__B1_P13650--5min__A1_P13650,16,3,2,2,0.0207761091898053,20.796875,False,0.4266185805065761
5min__B1_P13650--5min__A1_P13650,17,3,3,2,0.024596515035498,20.796875,False,0.42387930679164243
5min__B1_P13650--5min__A1_P13650,18,3,0,2,0.0194395784011758,20.78125,False,0.4292012062562457
5min__B1_P13650--5min__A1_P13650,19,5,2,2,0.0061918363357072,20.59375,False,0.42979756976438266
5min__B1_P13650--5min__A1_P13650,20,5,3,2,0.0148615032844415,20.21875,False,0.4216846713724479
5mxg__A1_C7BLE4--5mxg__A2_C7BLE4,1,3,1,3,0.8656301051348044,86.875,True,0.6238507407359268
5mxg__A1_C7BLE4--5mxg__A2_C7BLE4,2,3,2,3,0.8469806027599812,84.5625,True,0.6120381512938262
5mxg__A1_C7BLE4--5mxg__A2_C7BLE4,3,3,3,3,0.8308394991186422,83.6875,True,0.6000923977774686
5mxg__A1_C7BLE4--5mxg__A2_C7BLE4,4,3,0,3,0.8357869552376304,79.6875,True,0.5875184926874151
5mxg__A1_C7BLE4--5mxg__A2_C7BLE4,5,2,3,3,0.6237192057353315,74.875,True,0.5763656048296687
5mxg__A1_C7BLE4--5mxg__A2_C7BLE4,6,2,1,3,0.7459308013040328,73.6875,True,0.5635882164831051
5mxg__A1_C7BLE4--5mxg__A2_C7BLE4,7,1,1,3,0.4069003590846784,62.21875,True,0.5437218224145327
5mxg__A1_C7BLE4--5mxg__A2_C7BLE4,8,1,2,3,0.1757054590957476,59.71875,False,0.542867815199952
5mxg__A1_C7BLE4--5mxg__A2_C7BLE4,9,5,2,3,0.147042044648932,57.59375,False,0.5293819170075847
5mxg__A1_C7BLE4--5mxg__A2_C7BLE4,10,5,3,3,0.1954402762485293,53.4375,False,0.5081917377474927
5mxg__A1_C7BLE4--5mxg__A2_C7BLE4,11,5,0,3,0.5470363281117785,53.15625,True,0.4980416027576474
5mxg__A1_C7BLE4--5mxg__A2_C7BLE4,12,4,1,3,0.3017525345310246,49.21875,True,0.4927427904542626
5mxg__A1_C7BLE4--5mxg__A2_C7BLE4,13,5,1,3,0.3213266426724216,45.9375,True,0.47736411527389666
5mxg__A1_C7BLE4--5mxg__A2_C7BLE4,14,4,0,3,0.4336122576339202,43.625,True,0.4613827252512276
5mxg__A1_C7BLE4--5mxg__A2_C7BLE4,15,4,2,3,0.0208866429488439,42.40625,False,0.41322263242512547
5mxg__A1_C7BLE4--5mxg__A2_C7BLE4,16,1,3,3,0.2112348482832653,37.625,False,0.44534495883010633
5mxg__A1_C7BLE4--5mxg__A2_C7BLE4,17,1,0,3,0.2079817398688415,36.84375,False,0.44217664226288983
5mxg__A1_C7BLE4--5mxg__A2_C7BLE4,18,4,3,3,0.1875493321434935,36.5625,False,0.4255762654115075
5mxg__A1_C7BLE4--5mxg__A2_C7BLE4,19,2,0,3,0.0369287143526233,26.59375,False,0.4087950920580143
5mxg__A1_C7BLE4--5mxg__A2_C7BLE4,20,2,2,3,0.0452956695331685,20.359375,False,0.3970758658791793
5swi__A1_A0A0Y0HIE3--5swi__D1_A0A0Y0HIE3,1,1,2,2,0.8018132955644736,86.5,True,0.6230287144243065
5swi__A1_A0A0Y0HIE3--5swi__D1_A0A0Y0HIE3,2,1,3,2,0.8105070784687841,86.0,True,0.6115736109422036
5swi__A1_A0A0Y0HIE3--5swi__D1_A0A0Y0HIE3,3,1,0,2,0.7958283918662962,84.75,True,0.5999939038543413
5swi__A1_A0A0Y0HIE3--5swi__D1_A0A0Y0HIE3,4,1,1,2,0.796575156594554,81.5625,True,0.588301374160422
5swi__A1_A0A0Y0HIE3--5swi__D1_A0A0Y0HIE3,5,4,2,2,0.7967031624018257,72.25,True,0.5923288525622428
5swi__A1_A0A0Y0HIE3--5swi__D1_A0A0Y0HIE3,6,4,1,2,0.7974928372776561,71.9375,True,0.5575990960810457
5swi__A1_A0A0Y0HIE3--5swi__D1_A0A0Y0HIE3,7,4,0,2,0.79621049282003,71.0625,True,0.550983915609904
5swi__A1_A0A0Y0HIE3--5swi__D1_A0A0Y0HIE3,8,4,3,2,0.7985138312793773,70.5,True,0.5252365778988204
5swi__A1_A0A0Y0HIE3--5swi__D1_A0A0Y0HIE3,9,2,1,2,0.7900431152182534,70.0625,True,0.5228913233801368
5swi__A1_A0A0Y0HIE3--5swi__D1_A0A0Y0HIE3,10,5,0,2,0.7951994874216065,70.0,True,0.519951659533035
5swi__A1_A0A0Y0HIE3--5swi__D1_A0A0Y0HIE3,11,2,2,2,0.7699020954089786,69.75,True,0.5278465130282961
5swi__A1_A0A0Y0HIE3--5swi__D1_A0A0Y0HIE3,12,5,1,2,0.7944801044705564,69.5625,True,0.4816485316683885
5swi__A1_A0A0Y0HIE3--5swi__D1_A0A0Y0HIE3,13,5,3,2,0.7939156799320669,69.1875,True,0.47854569547631615
5swi__A1_A0A0Y0HIE3--5swi__D1_A0A0Y0HIE3,14,2,3,2,0.7751876554679066,69.125,True,0.48323869361371424
5swi__A1_A0A0Y0HIE3--5swi__D1_A0A0Y0HIE3,15,5,2,2,0.781055179541348,68.5,True,0.43786538573549577
5swi__A1_A0A0Y0HIE3--5swi__D1_A0A0Y0HIE3,16,2,0,2,0.7646005941355556,67.1875,True,0.45146385336404277
5swi__A1_A0A0Y0HIE3--5swi__D1_A0A0Y0HIE3,17,3,1,2,0.787747076669668,59.5625,True,0.43472715713909554
5swi__A1_A0A0Y0HIE3--5swi__D1_A0A0Y0HIE3,18,3,0,2,0.7776857071433051,57.03125,True,0.42020317268152635
5swi__A1_A0A0Y0HIE3--5swi__D1_A0A0Y0HIE3,19,3,3,2,0.7801606348280572,56.8125,True,0.40164568840555487
5swi__A1_A0A0Y0HIE3--5swi__D1_A0A0Y0HIE3,20,3,2,2,0.7767926214395985,56.78125,True,0.39572388144660126
5t3r__B1_Q8A6W3--5t3r__A1_Q8A6W4,1,4,2,4,0.8228336814370018,93.9375,True,0.6244627767090151
5t3r__B1_Q8A6W3--5t3r__A1_Q8A6W4,2,4,3,4,0.8141257442357507,93.875,True,0.6058772647942742
5t3r__B1_Q8A6W3--5t3r__A1_Q8A6W4,3,5,3,4,0.8188399419784291,93.75,True,0.5489840177811567
5t3r__B1_Q8A6W3--5t3r__A1_Q8A6W4,4,5,0,4,0.8208090971985316,93.6875,True,0.5071168627122766
5t3r__B1_Q8A6W3--5t3r__A1_Q8A6W4,5,5,2,4,0.8195660426953403,93.6875,True,0.4869080729952048
5t3r__B1_Q8A6W3--5t3r__A1_Q8A6W4,6,4,0,4,0.808289636852315,93.625,True,0.5434916837529171
5t3r__B1_Q8A6W3--5t3r__A1_Q8A6W4,7,4,1,4,0.8039298963191283,93.5,True,0.5178911341281703
5t3r__B1_Q8A6W3--5t3r__A1_Q8A6W4,8,5,1,4,0.8104611656022612,93.5,True,0.514975329467078
5t3r__B1_Q8A6W3--5t3r__A1_Q8A6W4,9,3,2,4,0.8346346111886488,93.375,True,0.48861997752392977
5t3r__B1_Q8A6W3--5t3r__A1_Q8A6W4,10,3,3,4,0.8296636530830203,93.3125,True,0.48644290301336596
5t3r__B1_Q8A6W3--5t3r__A1_Q8A6W4,11,1,2,4,0.8315130362593766,93.25,True,0.5667695605490589
5t3r__B1_Q8A6W3--5t3r__A1_Q8A6W4,12,1,3,4,0.8153091103951118,93.25,True,0.5740027958681623
5t3r__B1_Q8A6W3--5t3r__A1_Q8A6W4,13,3,1,4,0.8173121904879292,93.125,True,0.47258258159763955
5t3r__B1_Q8A6W3--5t3r__A1_Q8A6W4,14,1,0,4,0.8237096035436658,93.125,True,0.5358564195012824
5t3r__B1_Q8A6W3--5t3r__A1_Q8A6W4,15,1,1,4,0.8216061085584739,93.0625,True,0.5386767220488243
5t3r__B1_Q8A6W3--5t3r__A1_Q8A6W4,16,3,0,4,0.8207405538529612,93.0625,True,0.42766877188488706
5t3r__B1_Q8A6W3--5t3r__A1_Q8A6W4,17,2,2,4,0.8301652900225314,92.4375,True,0.42575631930538355
5t3r__B1_Q8A6W3--5t3r__A1_Q8A6W4,18,2,0,4,0.816780300318348,92.1875,True,0.42644962623376065
5t3r__B1_Q8A6W3--5t3r__A1_Q8A6W4,19,2,3,4,0.8200015259776507,92.0625,True,0.40357466610758735
5t3r__B1_Q8A6W3--5t3r__A1_Q8A6W4,20,2,1,4,0.7973175050878983,91.5625,True,0.3826901935432981
5t5s__A1_P49588--5t5s__A2_P49588,1,4,2,0,0.4011343740216402,35.59375,True,0.6305060463137707
5t5s__A1_P49588--5t5s__A2_P49588,2,4,3,0,0.3388752937231325,28.53125,True,0.6181590574447718
5t5s__A1_P49588--5t5s__A2_P49588,3,4,1,0,0.3766700177412764,28.125,True,0.6056575294548888
5t5s__A1_P49588--5t5s__A2_P49588,4,3,2,0,0.1889707646724095,24.96875,False,0.5849465550690508
5t5s__A1_P49588--5t5s__A2_P49588,5,3,0,0,0.2823260835243731,24.203125,True,0.5802504327181917
5t5s__A1_P49588--5t5s__A2_P49588,6,3,1,0,0.3859049577330649,23.765625,True,0.5739102090559957
5t5s__A1_P49588--5t5s__A2_P49588,7,4,0,0,0.2317155618854654,23.28125,True,0.5560571191973323
5t5s__A1_P49588--5t5s__A2_P49588,8,3,3,0,0.3121857200855027,22.125,True,0.5413705499576547
5t5s__A1_P49588--5t5s__A2_P49588,9,5,1,0,0.0273081200434575,19.5,False,0.5182528644207892
5t5s__A1_P49588--5t5s__A2_P49588,10,5,2,0,0.0282237365141142,19.296875,False,0.521837279515048
5t5s__A1_P49588--5t5s__A2_P49588,11,5,0,0,0.019246935795783,19.21875,False,0.5053136201938803
5t5s__A1_P49588--5t5s__A2_P49588,12,5,3,0,0.0257135760812529,18.703125,False,0.48570354976091323
5t5s__A1_P49588--5t5s__A2_P49588,13,1,3,0,0.0151632478329589,18.671875,False,0.47213782992387937
5t5s__A1_P49588--5t5s__A2_P49588,14,1,1,0,0.0177166801863903,18.46875,False,0.45259539855657743
5t5s__A1_P49588--5t5s__A2_P49588,15,1,2,0,0.0261873407788419,18.109375,False,0.45615569036992987
5t5s__A1_P49588--5t5s__A2_P49588,16,2,2,0,0.0118486878293025,17.765625,False,0.4299683391075637
5t5s__A1_P49588--5t5s__A2_P49588,17,2,0,0,0.01095902236679,17.28125,False,0.4025220398089621
5t5s__A1_P49588--5t5s__A2_P49588,18,2,1,0,0.0106689514790805,17.203125,False,0.4270819167136337
5t5s__A1_P49588--5t5s__A2_P49588,19,2,3,0,0.0103805019617093,17.1875,False,0.40297542788158947
5t5s__A1_P49588--5t5s__A2_P49588,20,1,0,0,0.0109846998148857,16.890625,False,0.40149758560123666
5tbk__J1_P18754--5tbk__A1_O00629,1,5,1,0,0.7471234387290312,85.875,True,0.619711974641724
5tbk__J1_P18754--5tbk__A1_O00629,2,5,3,0,0.745075879732846,85.75,True,0.6040380488051184
5tbk__J1_P18754--5tbk__A1_O00629,3,4,3,0,0.7417787919583153,85.1875,True,0.6090292922109718
5tbk__J1_P18754--5tbk__A1_O00629,4,5,2,0,0.6763213948866532,85.125,True,0.5783424734196236
5tbk__J1_P18754--5tbk__A1_O00629,5,4,1,0,0.7388693482638775,85.0625,True,0.5932040924747062
5tbk__J1_P18754--5tbk__A1_O00629,6,5,0,0,0.6891096835984998,84.375,True,0.5558541150240436
5tbk__J1_P18754--5tbk__A1_O00629,7,3,3,0,0.7320305017288211,83.625,True,0.565109274129773
5tbk__J1_P18754--5tbk__A1_O00629,8,4,0,0,0.7102613557996998,82.75,True,0.535501163503627
5tbk__J1_P18754--5tbk__A1_O00629,9,3,1,0,0.6857666324539246,82.3125,True,0.5437021361155524
5tbk__J1_P18754--5tbk__A1_O00629,10,2,2,0,0.590458088692568,81.875,True,0.5312668868871754
5tbk__J1_P18754--5tbk__A1_O00629,11,3,2,0,0.6777227453844515,81.5,True,0.50044216232346
5tbk__J1_P18754--5tbk__A1_O00629,12,1,2,0,0.6971180610622106,80.75,True,0.4702383642975298
5tbk__J1_P18754--5tbk__A1_O00629,13,2,1,0,0.6654691131950238,80.5625,True,0.45917431690694
5tbk__J1_P18754--5tbk__A1_O00629,14,2,0,0,0.6226866932369034,80.5,True,0.45922516925831297
5tbk__J1_P18754--5tbk__A1_O00629,15,1,1,0,0.6891976833715691,80.4375,True,0.43586512046573056
5tbk__J1_P18754--5tbk__A1_O00629,16,3,0,0,0.6969433757995516,80.25,True,0.45149254089262325
5tbk__J1_P18754--5tbk__A1_O00629,17,4,2,0,0.7029314385653187,80.125,True,0.4205677546624463
5tbk__J1_P18754--5tbk__A1_O00629,18,2,3,0,0.7031239643884165,79.9375,True,0.4460591176208924
5tbk__J1_P18754--5tbk__A1_O00629,19,1,0,0,0.7186063529099643,79.375,True,0.40351354937474837
5tbk__J1_P18754--5tbk__A1_O00629,20,1,3,0,0.03643451917152,55.125,False,0.3855286050603503
5tc2__A1_P04585--5tc2__B1_P04585,1,4,1,3,0.8044065534328168,73.5,True,0.6238507407359268
5tc2__A1_P04585--5tc2__B1_P04585,2,4,3,3,0.8302807901575169,73.25,True,0.6120381512938262
5tc2__A1_P04585--5tc2__B1_P04585,3,4,2,3,0.8107122169885033,72.875,True,0.6000923977774686
5tc2__A1_P04585--5tc2__B1_P04585,4,4,0,3,0.814313304522125,72.125,True,0.5875184926874151
5tc2__A1_P04585--5tc2__B1_P04585,5,2,0,3,0.5807593412304763,71.125,True,0.5763656048296687
5tc2__A1_P04585--5tc2__B1_P04585,6,1,2,3,0.1187481245985124,68.0625,False,0.5522871634373367
5tc2__A1_P04585--5tc2__B1_P04585,7,1,0,3,0.1198241009576846,67.0,False,0.5393639522724462
5tc2__A1_P04585--5tc2__B1_P04585,8,3,0,3,0.6524265465440345,66.5625,True,0.5424835631484801
5tc2__A1_P04585--5tc2__B1_P04585,9,3,2,3,0.5426907527661314,66.3125,True,0.5319202184208707
5tc2__A1_P04585--5tc2__B1_P04585,10,3,1,3,0.7117716471167687,65.5,True,0.5148682026201084
5tc2__A1_P04585--5tc2__B1_P04585,11,5,1,3,0.5800264701642809,65.0625,True,0.4805025701656752
5tc2__A1_P04585--5tc2__B1_P04585,12,5,0,3,0.5710102292646648,65.0,True,0.4843015898653609
5tc2__A1_P04585--5tc2__B1_P04585,13,5,2,3,0.5722138187596558,64.9375,True,0.480436434639888
5tc2__A1_P04585--5tc2__B1_P04585,14,1,3,3,0.117267942587467,64.75,False,0.49307358952124536
5tc2__A1_P04585--5tc2__B1_P04585,15,5,3,3,0.5635504234126191,63.71875,True,0.44767815156255597
5tc2__A1_P04585--5tc2__B1_P04585,16,2,1,3,0.1164332229593198,62.40625,False,0.4483262650797317
5tc2__A1_P04585--5tc2__B1_P04585,17,1,1,3,0.1247705934973311,55.8125,False,0.4268597684271583
5tc2__A1_P04585--5tc2__B1_P04585,18,2,3,3,0.0973339281545041,48.125,False,0.41073130828139687
5tc2__A1_P04585--5tc2__B1_P04585,19,3,3,3,0.3885111672040066,46.625,True,0.40648409144552106
5tc2__A1_P04585--5tc2__B1_P04585,20,2,2,3,0.0964708224509424,45.125,False,0.39060082847309135
5u4o__A1_A0A6H3AI29--5u4o__A2_A0A6H3AI29,1,3,2,3,0.0072385256368242,30.0625,False,0.5888197353699858
5u4o__A1_A0A6H3AI29--5u4o__A2_A0A6H3AI29,2,1,3,3,0.0083989936270339,28.421875,False,0.5937276755580195
5u4o__A1_A0A6H3AI29--5u4o__A2_A0A6H3AI29,3,1,0,3,0.0088744528586461,27.65625,False,0.5819252344274013
5u4o__A1_A0A6H3AI29--5u4o__A2_A0A6H3AI29,4,3,0,3,0.0076994156055552,27.125,False,0.5936178612825493
5u4o__A1_A0A6H3AI29--5u4o__A2_A0A6H3AI29,5,3,1,3,0.0074655413398482,26.625,False,0.5852494318004805
5u4o__A1_A0A6H3AI29--5u4o__A2_A0A6H3AI29,6,3,3,3,0.0075717902314919,26.359375,False,0.5594938066212084
5u4o__A1_A0A6H3AI29--5u4o__A2_A0A6H3AI29,7,1,1,3,0.0090958580029017,25.046875,False,0.4982468264952887
5u4o__A1_A0A6H3AI29--5u4o__A2_A0A6H3AI29,8,1,2,3,0.0087587135966878,23.671875,False,0.4631664606456804
5u4o__A1_A0A6H3AI29--5u4o__A2_A0A6H3AI29,9,2,2,3,0.0088109848709311,23.296875,False,0.49858462974814344
5u4o__A1_A0A6H3AI29--5u4o__A2_A0A6H3AI29,10,2,3,3,0.0094855880670041,23.140625,False,0.4722997966179706
5u4o__A1_A0A6H3AI29--5u4o__A2_A0A6H3AI29,11,4,3,3,0.0109602968743657,22.4375,False,0.5006495647254013
5u4o__A1_A0A6H3AI29--5u4o__A2_A0A6H3AI29,12,5,3,3,0.0095296405536829,22.328125,False,0.4994834546197792
5u4o__A1_A0A6H3AI29--5u4o__A2_A0A6H3AI29,13,4,1,3,0.0143540554000954,22.21875,False,0.4899759816366797
5u4o__A1_A0A6H3AI29--5u4o__A2_A0A6H3AI29,14,5,2,3,0.0087231423029458,22.03125,False,0.46372526237979134
5u4o__A1_A0A6H3AI29--5u4o__A2_A0A6H3AI29,15,4,2,3,0.0244465653953058,21.828125,False,0.46941458691585936
5u4o__A1_A0A6H3AI29--5u4o__A2_A0A6H3AI29,16,4,0,3,0.1708881547032262,21.4375,False,0.530647430351563
5u4o__A1_A0A6H3AI29--5u4o__A2_A0A6H3AI29,17,5,0,3,0.0100272180731998,21.234375,False,0.45107677398629326
5u4o__A1_A0A6H3AI29--5u4o__A2_A0A6H3AI29,18,5,1,3,0.0175200033079736,20.984375,False,0.4424930231086876
5u4o__A1_A0A6H3AI29--5u4o__A2_A0A6H3AI29,19,2,0,3,0.0124724141341173,20.640625,False,0.4320248642725568
5u4o__A1_A0A6H3AI29--5u4o__A2_A0A6H3AI29,20,2,1,3,0.0138692286510481,20.625,False,0.4345355613567863
5uiw__A1_P51681--5uiw__B1_P13501,1,3,1,3,0.7875560236075723,88.0,True,0.5859266211851295
5uiw__A1_P51681--5uiw__B1_P13501,2,5,1,3,0.7787743181710695,87.625,True,0.559855677804242
5uiw__A1_P51681--5uiw__B1_P13501,3,3,2,3,0.8193851560384195,87.5625,True,0.6032685584108303
5uiw__A1_P51681--5uiw__B1_P13501,4,3,0,3,0.8065860477824481,87.5,True,0.6040711904921845
5uiw__A1_P51681--5uiw__B1_P13501,5,5,0,3,0.7833521445165985,87.375,True,0.576083420510574
5uiw__A1_P51681--5uiw__B1_P13501,6,4,1,3,0.7990178489999319,87.0625,True,0.5531535730871416
5uiw__A1_P51681--5uiw__B1_P13501,7,5,3,3,0.7627250150531036,87.0,True,0.5392311866188398
5uiw__A1_P51681--5uiw__B1_P13501,8,5,2,3,0.7026941819862705,87.0,True,0.5027222779545678
5uiw__A1_P51681--5uiw__B1_P13501,9,4,0,3,0.787514494468701,86.9375,True,0.5339789296112182
5uiw__A1_P51681--5uiw__B1_P13501,10,4,3,3,0.789399585399433,86.875,True,0.5473564653439892
5uiw__A1_P51681--5uiw__B1_P13501,11,4,2,3,0.7709215808040274,86.3125,True,0.531087776854591
5uiw__A1_P51681--5uiw__B1_P13501,12,3,3,3,0.7577862836494038,86.0625,True,0.44159119328366947
5uiw__A1_P51681--5uiw__B1_P13501,13,2,1,3,0.8025878704224221,85.375,True,0.5171104295605509
5uiw__A1_P51681--5uiw__B1_P13501,14,1,3,3,0.7719799044282154,85.1875,True,0.4629638767346409
5uiw__A1_P51681--5uiw__B1_P13501,15,1,1,3,0.7819570064068717,85.0625,True,0.4188744310027347
5uiw__A1_P51681--5uiw__B1_P13501,16,1,0,3,0.7726177457272921,85.0625,True,0.41416957017404626
5uiw__A1_P51681--5uiw__B1_P13501,17,1,2,3,0.7708647304120877,84.875,True,0.4199585319924308
5uiw__A1_P51681--5uiw__B1_P13501,18,2,0,3,0.8124554528494826,83.6875,True,0.43080767042365603
5uiw__A1_P51681--5uiw__B1_P13501,19,2,3,3,0.8267738059020298,83.5625,True,0.46195070915337283
5uiw__A1_P51681--5uiw__B1_P13501,20,2,2,3,0.8050248032632101,83.4375,True,0.4466983963878826
5uzu__B1_P05164--5uzu__A1_Q2G0X2,1,3,1,2,0.0359416201731464,41.78125,False,0.613101757317328
5uzu__B1_P05164--5uzu__A1_Q2G0X2,2,3,2,2,0.0298908898700842,41.6875,False,0.5905092895401934
5uzu__B1_P05164--5uzu__A1_Q2G0X2,3,3,3,2,0.1082901589158217,41.03125,False,0.5921118476651893
5uzu__B1_P05164--5uzu__A1_Q2G0X2,4,5,1,2,0.0661085909298063,40.5,False,0.6150998617563874
5uzu__B1_P05164--5uzu__A1_Q2G0X2,5,3,0,2,0.0840532829006982,39.40625,False,0.5849523872274379
5uzu__B1_P05164--5uzu__A1_Q2G0X2,6,1,2,2,0.0811398380473866,37.59375,False,0.5511996510983677
5uzu__B1_P05164--5uzu__A1_Q2G0X2,7,4,1,2,0.0834469646736038,37.375,False,0.5536184414612186
5uzu__B1_P05164--5uzu__A1_Q2G0X2,8,1,0,2,0.0294530024906206,37.09375,False,0.5303444573468307
5uzu__B1_P05164--5uzu__A1_Q2G0X2,9,2,3,2,0.069812841764576,36.53125,False,0.5070494820473506
5uzu__B1_P05164--5uzu__A1_Q2G0X2,10,4,2,2,0.0646118765033824,36.40625,False,0.49107243164964054
5uzu__B1_P05164--5uzu__A1_Q2G0X2,11,4,3,2,0.0747995865489835,36.03125,False,0.49190741873980337
5uzu__B1_P05164--5uzu__A1_Q2G0X2,12,2,2,2,0.0584590983423207,35.78125,False,0.5052834695832397
5uzu__B1_P05164--5uzu__A1_Q2G0X2,13,5,0,2,0.0710818764894875,34.90625,False,0.49413633316780664
5uzu__B1_P05164--5uzu__A1_Q2G0X2,14,4,0,2,0.1382884061532273,34.125,False,0.47618776799985807
5uzu__B1_P05164--5uzu__A1_Q2G0X2,15,5,3,2,0.0505166495573639,33.65625,False,0.4689870504034481
5uzu__B1_P05164--5uzu__A1_Q2G0X2,16,1,3,2,0.0237681426100278,33.03125,False,0.4443369782798171
5uzu__B1_P05164--5uzu__A1_Q2G0X2,17,2,1,2,0.0687604654611081,32.78125,False,0.4345761696029741
5uzu__B1_P05164--5uzu__A1_Q2G0X2,18,2,0,2,0.062547950617105,32.09375,False,0.4199660910500493
5uzu__B1_P05164--5uzu__A1_Q2G0X2,19,5,2,2,0.0640896928192346,31.921875,False,0.42521328594291896
5uzu__B1_P05164--5uzu__A1_Q2G0X2,20,1,1,2,0.0369551542055184,31.8125,False,0.4144544589731402
5ve6__A1_Q86YV5--5ve6__A2_Q86YV5,1,4,2,0,0.0135804849129496,69.5,False,0.6322713360800193
5ve6__A1_Q86YV5--5ve6__A2_Q86YV5,2,4,0,0,0.6199110394557684,66.0625,True,0.621359715231694
5ve6__A1_Q86YV5--5ve6__A2_Q86YV5,3,4,3,0,0.6011540081900714,65.0625,True,0.6032300590938248
5ve6__A1_Q86YV5--5ve6__A2_Q86YV5,4,1,0,0,0.013638440315231,59.0,False,0.5976125188018117
5ve6__A1_Q86YV5--5ve6__A2_Q86YV5,5,5,1,0,0.0134991507574913,57.09375,False,0.5675171209492407
5ve6__A1_Q86YV5--5ve6__A2_Q86YV5,6,1,2,0,0.5526369979572657,56.9375,True,0.5870088546308802
5ve6__A1_Q86YV5--5ve6__A2_Q86YV5,7,4,1,0,0.1116768169113514,55.5625,False,0.4938764117469128
5ve6__A1_Q86YV5--5ve6__A2_Q86YV5,8,1,3,0,0.0134097938717618,55.15625,False,0.5110529052849679
5ve6__A1_Q86YV5--5ve6__A2_Q86YV5,9,5,0,0,0.0135593948225728,54.25,False,0.5440079963862308
5ve6__A1_Q86YV5--5ve6__A2_Q86YV5,10,1,1,0,0.558502248673582,54.03125,True,0.5342967811426856
5ve6__A1_Q86YV5--5ve6__A2_Q86YV5,11,2,2,0,0.11094119079887,53.34375,False,0.49144256772874884
5ve6__A1_Q86YV5--5ve6__A2_Q86YV5,12,2,1,0,0.0055893666625752,52.125,False,0.4286335380949351
5ve6__A1_Q86YV5--5ve6__A2_Q86YV5,13,2,0,0,0.0130894840889947,51.46875,False,0.43649283499271374
5ve6__A1_Q86YV5--5ve6__A2_Q86YV5,14,5,3,0,0.0135930911747556,49.3125,False,0.47926698378511945
5ve6__A1_Q86YV5--5ve6__A2_Q86YV5,15,5,2,0,0.0135406020200481,48.90625,False,0.4287604063763636
5ve6__A1_Q86YV5--5ve6__A2_Q86YV5,16,2,3,0,0.00512985596291,48.46875,False,0.40984086231396805
5ve6__A1_Q86YV5--5ve6__A2_Q86YV5,17,3,3,0,0.1155528024671721,48.40625,False,0.4184644566221283
5ve6__A1_Q86YV5--5ve6__A2_Q86YV5,18,3,0,0,0.4146733848813184,48.15625,True,0.48829948980222293
5ve6__A1_Q86YV5--5ve6__A2_Q86YV5,19,3,1,0,0.4126417518337999,45.03125,True,0.45330681974918696
5ve6__A1_Q86YV5--5ve6__A2_Q86YV5,20,3,2,0,0.381044837493232,43.6875,True,0.4380602802910634
5vpc__B1_P17535--5vpc__A1_P53539,1,1,2,4,0.4397793860743206,77.5625,True,0.6247820662692299
5vpc__B1_P17535--5vpc__A1_P53539,2,1,0,4,0.4393116965162729,77.4375,True,0.6195755025262901
5vpc__B1_P17535--5vpc__A1_P53539,3,1,3,4,0.4374362344209997,77.3125,True,0.5989775825164609
5vpc__B1_P17535--5vpc__A1_P53539,4,1,1,4,0.4394448412564537,77.25,True,0.5952234834602494
5vpc__B1_P17535--5vpc__A1_P53539,5,4,0,4,0.4523593562459858,75.4375,True,0.5772912800926199
5vpc__B1_P17535--5vpc__A1_P53539,6,4,2,4,0.4510430234393174,75.3125,True,0.5664420031913592
5vpc__B1_P17535--5vpc__A1_P53539,7,4,3,4,0.4510577879206804,75.1875,True,0.5454215124005733
5vpc__B1_P17535--5vpc__A1_P53539,8,4,1,4,0.4499646576227751,75.125,True,0.5492104192919856
5vpc__B1_P17535--5vpc__A1_P53539,9,2,1,4,0.4791227087222089,71.625,True,0.5129920838855624
5vpc__B1_P17535--5vpc__A1_P53539,10,2,2,4,0.4824490547165417,71.1875,True,0.4995500862635903
5vpc__B1_P17535--5vpc__A1_P53539,11,2,3,4,0.4878504345847228,71.0625,True,0.459113443283193
5vpc__B1_P17535--5vpc__A1_P53539,12,2,0,4,0.4849908673012725,71.0,True,0.4690025537719228
5vpc__B1_P17535--5vpc__A1_P53539,13,3,3,4,0.4663955041469671,70.3125,True,0.4633339812459864
5vpc__B1_P17535--5vpc__A1_P53539,14,3,1,4,0.4764928900235774,70.3125,True,0.45534257167552855
5vpc__B1_P17535--5vpc__A1_P53539,15,3,2,4,0.4762331071290532,70.25,True,0.49884730793274507
5vpc__B1_P17535--5vpc__A1_P53539,16,3,0,4,0.473032429159599,70.25,True,0.484009448516052
5vpc__B1_P17535--5vpc__A1_P53539,17,5,2,4,0.5193810020618181,67.6875,True,0.40762004543019903
5vpc__B1_P17535--5vpc__A1_P53539,18,5,0,4,0.5158709793360386,67.6875,True,0.39331457650379636
5vpc__B1_P17535--5vpc__A1_P53539,19,5,1,4,0.5183386258535507,67.5625,True,0.3875998648234487
5vpc__B1_P17535--5vpc__A1_P53539,20,5,3,4,0.5159675290988867,67.5,True,0.37086893970219226
5vxz__A1_Q14393--5vxz__C1_P30530,1,4,2,0,0.8716297139356378,93.8125,True,0.6201267506033241
5vxz__A1_Q14393--5vxz__C1_P30530,2,4,0,0,0.8858696991230742,93.8125,True,0.6133640498111541
5vxz__A1_Q14393--5vxz__C1_P30530,3,5,0,0,0.8735203881306649,93.75,True,0.5881722647168713
5vxz__A1_Q14393--5vxz__C1_P30530,4,4,1,0,0.8839507691368284,93.75,True,0.5811285412102569
5vxz__A1_Q14393--5vxz__C1_P30530,5,4,3,0,0.8655424821559891,93.625,True,0.5528032296586384
5vxz__A1_Q14393--5vxz__C1_P30530,6,5,1,0,0.8756093579409292,93.5625,True,0.5323450708142745
5vxz__A1_Q14393--5vxz__C1_P30530,7,5,3,0,0.8710798509934222,93.5,True,0.47377738337911085
5vxz__A1_Q14393--5vxz__C1_P30530,8,1,0,0,0.8586445611397492,93.5,True,0.5413737888342888
5vxz__A1_Q14393--5vxz__C1_P30530,9,3,2,0,0.8767040747915313,93.4375,True,0.4856369753203584
5vxz__A1_Q14393--5vxz__C1_P30530,10,5,2,0,0.8627071901930273,93.4375,True,0.4465848817409721
5vxz__A1_Q14393--5vxz__C1_P30530,11,3,1,0,0.8917965294528161,93.4375,True,0.5266756863681527
5vxz__A1_Q14393--5vxz__C1_P30530,12,1,1,0,0.8564821300833318,93.4375,True,0.5716808731618745
5vxz__A1_Q14393--5vxz__C1_P30530,13,1,3,0,0.8447144114046455,93.375,True,0.4593838659764242
5vxz__A1_Q14393--5vxz__C1_P30530,14,3,3,0,0.8774967038761637,93.375,True,0.4834950017893306
5vxz__A1_Q14393--5vxz__C1_P30530,15,3,0,0,0.8625241762428771,93.375,True,0.47991559406782824
5vxz__A1_Q14393--5vxz__C1_P30530,16,1,2,0,0.8486068076495741,93.3125,True,0.4855128039148362
5vxz__A1_Q14393--5vxz__C1_P30530,17,2,1,0,0.8488707557301295,93.25,True,0.47905494404995574
5vxz__A1_Q14393--5vxz__C1_P30530,18,2,0,0,0.8512698857446602,93.1875,True,0.43720281531136784
5vxz__A1_Q14393--5vxz__C1_P30530,19,2,2,0,0.8165268202423293,93.0,True,0.4148348900229879
5vxz__A1_Q14393--5vxz__C1_P30530,20,2,3,0,0.84177010308901,93.0,True,0.39438053913145327
5vzt__B1_Q5XUX0--5vzt__A1_P63208,1,4,2,4,0.7902845164912606,91.8125,True,0.6053419648408267
5vzt__B1_Q5XUX0--5vzt__A1_P63208,2,4,1,4,0.7962936406765029,91.6875,True,0.6235080909792241
5vzt__B1_Q5XUX0--5vzt__A1_P63208,3,4,3,4,0.8040422977257968,91.5625,True,0.5912889714615495
5vzt__B1_Q5XUX0--5vzt__A1_P63208,4,4,0,4,0.8072795907897418,91.375,True,0.5788218541380126
5vzt__B1_Q5XUX0--5vzt__A1_P63208,5,3,2,4,0.8809345510412511,90.6875,True,0.5225970853916828
5vzt__B1_Q5XUX0--5vzt__A1_P63208,6,1,0,4,0.8077752250686988,90.5625,True,0.5436735393385304
5vzt__B1_Q5XUX0--5vzt__A1_P63208,7,2,1,4,0.779816047277459,90.0625,True,0.5123213170199994
5vzt__B1_Q5XUX0--5vzt__A1_P63208,8,5,3,4,0.8379221176120399,90.0,True,0.5041594396942346
5vzt__B1_Q5XUX0--5vzt__A1_P63208,9,3,3,4,0.8724258761088648,90.0,True,0.5531702444177526
5vzt__B1_Q5XUX0--5vzt__A1_P63208,10,3,1,4,0.8803837662042695,89.9375,True,0.48880380542349255
5vzt__B1_Q5XUX0--5vzt__A1_P63208,11,1,1,4,0.7982007039552848,89.8125,True,0.49806896613433066
5vzt__B1_Q5XUX0--5vzt__A1_P63208,12,5,0,4,0.859711731819044,89.625,True,0.5415784264869969
5vzt__B1_Q5XUX0--5vzt__A1_P63208,13,1,2,4,0.7891423136438048,89.5,True,0.454105910444872
5vzt__B1_Q5XUX0--5vzt__A1_P63208,14,5,2,4,0.8301711512538509,89.375,True,0.4675688647200331
5vzt__B1_Q5XUX0--5vzt__A1_P63208,15,1,3,4,0.801562270506437,89.375,True,0.44028095826278435
5vzt__B1_Q5XUX0--5vzt__A1_P63208,16,2,3,4,0.7841034848139631,89.375,True,0.4530784393117115
5vzt__B1_Q5XUX0--5vzt__A1_P63208,17,3,0,4,0.8789976710098348,89.3125,True,0.4576985056985774
5vzt__B1_Q5XUX0--5vzt__A1_P63208,18,2,0,4,0.7662301138758411,89.0,True,0.42349209255667936
5vzt__B1_Q5XUX0--5vzt__A1_P63208,19,5,1,4,0.8458212997386735,88.8125,True,0.40487859532642995
5vzt__B1_Q5XUX0--5vzt__A1_P63208,20,2,2,4,0.7739780460354823,85.1875,True,0.41201177729638766
5wat__A2_P07128--5wat__B1_P07128,1,1,1,3,0.0050215267149202,93.875,False,0.603211851905327
5wat__A2_P07128--5wat__B1_P07128,2,1,3,3,0.0050230467744857,93.8125,False,0.5928536569696637
5wat__A2_P07128--5wat__B1_P07128,3,1,2,3,0.005019480125651,93.8125,False,0.5995065429866792
5wat__A2_P07128--5wat__B1_P07128,4,1,0,3,0.005021306348483,93.75,False,0.5729490899532548
5wat__A2_P07128--5wat__B1_P07128,5,3,1,3,0.0050252468072198,93.75,False,0.5874805354169277
5wat__A2_P07128--5wat__B1_P07128,6,3,0,3,0.0050240151163245,93.625,False,0.5624151299094391
5wat__A2_P07128--5wat__B1_P07128,7,3,2,3,0.0050227445928392,93.625,False,0.5695332343548051
5wat__A2_P07128--5wat__B1_P07128,8,3,3,3,0.0050215932540447,93.5625,False,0.567075884242323
5wat__A2_P07128--5wat__B1_P07128,9,4,0,3,0.0050211295422484,93.4375,False,0.5141591057677936
5wat__A2_P07128--5wat__B1_P07128,10,5,0,3,0.0050260777179775,93.4375,False,0.4761021791415486
5wat__A2_P07128--5wat__B1_P07128,11,5,1,3,0.0050256499495113,93.4375,False,0.47553081876409753
5wat__A2_P07128--5wat__B1_P07128,12,4,2,3,0.0050245486775019,93.375,False,0.48522501633754817
5wat__A2_P07128--5wat__B1_P07128,13,4,1,3,0.0050194525431345,93.3125,False,0.47175363953878763
5wat__A2_P07128--5wat__B1_P07128,14,5,2,3,0.0050292456837934,93.3125,False,0.43375401308480516
5wat__A2_P07128--5wat__B1_P07128,15,5,3,3,0.0050273668137573,93.3125,False,0.4369987089860772
5wat__A2_P07128--5wat__B1_P07128,16,4,3,3,0.0050237304868264,93.25,False,0.45881318534991616
5wat__A2_P07128--5wat__B1_P07128,17,2,0,3,0.0050219307457792,93.125,False,0.44794792859552024
5wat__A2_P07128--5wat__B1_P07128,18,2,2,3,0.0050205103185386,93.0625,False,0.43229148526983924
5wat__A2_P07128--5wat__B1_P07128,19,2,3,3,0.0050207337395826,93.0625,False,0.44684198443633616
5wat__A2_P07128--5wat__B1_P07128,20,2,1,3,0.0050172517452424,93.0,False,0.4143899392414017
5wee__A1_A0A183GMB4--5wee__B1_A0A183GMB4,1,3,2,3,0.5336022582572489,30.109375,True,0.6125413520803719
5wee__A1_A0A183GMB4--5wee__B1_A0A183GMB4,2,3,3,3,0.3927135117596865,29.796875,True,0.6161596689497989
5wee__A1_A0A183GMB4--5wee__B1_A0A183GMB4,3,4,2,3,0.6540897126283026,29.375,True,0.6036106581131064
5wee__A1_A0A183GMB4--5wee__B1_A0A183GMB4,4,5,0,3,0.0390760489553773,29.359375,False,0.567793559342286
5wee__A1_A0A183GMB4--5wee__B1_A0A183GMB4,5,3,0,3,0.4309275306715753,27.859375,True,0.5841540728054141
5wee__A1_A0A183GMB4--5wee__B1_A0A183GMB4,6,3,1,3,0.3945490124648839,27.265625,True,0.568129947228266
5wee__A1_A0A183GMB4--5wee__B1_A0A183GMB4,7,5,2,3,0.0524821360989726,27.09375,False,0.5245900641123132
5wee__A1_A0A183GMB4--5wee__B1_A0A183GMB4,8,4,1,3,0.4673528898570714,25.84375,True,0.5300627399678832
5wee__A1_A0A183GMB4--5wee__B1_A0A183GMB4,9,1,1,3,0.0627587583041297,25.484375,False,0.5223421381899289
5wee__A1_A0A183GMB4--5wee__B1_A0A183GMB4,10,2,1,3,0.1820106390414096,25.328125,False,0.4999893502435111
5wee__A1_A0A183GMB4--5wee__B1_A0A183GMB4,11,4,3,3,0.406140218425673,25.09375,True,0.4904816841979469
5wee__A1_A0A183GMB4--5wee__B1_A0A183GMB4,12,2,0,3,0.0715384477026791,24.734375,False,0.4804903482442659
5wee__A1_A0A183GMB4--5wee__B1_A0A183GMB4,13,1,2,3,0.0569493098790165,24.453125,False,0.48248280757879586
5wee__A1_A0A183GMB4--5wee__B1_A0A183GMB4,14,5,3,3,0.0491141174527457,24.421875,False,0.46767192497767957
5wee__A1_A0A183GMB4--5wee__B1_A0A183GMB4,15,2,2,3,0.0792890201954316,24.234375,False,0.45817623987073774
5wee__A1_A0A183GMB4--5wee__B1_A0A183GMB4,16,1,3,3,0.3724730681321266,24.0,True,0.4698078085753724
5wee__A1_A0A183GMB4--5wee__B1_A0A183GMB4,17,1,0,3,0.0380299180385476,23.65625,False,0.42938664339943133
5wee__A1_A0A183GMB4--5wee__B1_A0A183GMB4,18,2,3,3,0.0701843948587528,23.546875,False,0.4046438054593496
5wee__A1_A0A183GMB4--5wee__B1_A0A183GMB4,19,5,1,3,0.0499191500915791,23.203125,False,0.42603658173597236
5wee__A1_A0A183GMB4--5wee__B1_A0A183GMB4,20,4,0,3,0.0580318679656587,23.125,False,0.41030693707128063
5wuq__A1_Q45585--5wuq__C1_Q45588,1,2,1,4,0.7923164022251757,89.9375,True,0.6208151074713059
5wuq__A1_Q45585--5wuq__C1_Q45588,2,2,3,4,0.7873957680049122,89.75,True,0.5664128956940538
5wuq__A1_Q45585--5wuq__C1_Q45588,3,2,0,4,0.7919548390833969,89.5625,True,0.5506039031055854
5wuq__A1_Q45585--5wuq__C1_Q45588,4,4,1,4,0.7975713560455285,89.5,True,0.5916372715382151
5wuq__A1_Q45585--5wuq__C1_Q45588,5,5,3,4,0.7968296476150899,89.4375,True,0.5963258941488363
5wuq__A1_Q45585--5wuq__C1_Q45588,6,5,0,4,0.8003033731184873,89.4375,True,0.5870852230279148
5wuq__A1_Q45585--5wuq__C1_Q45588,7,5,1,4,0.7953689198407746,89.4375,True,0.5499666847626874
5wuq__A1_Q45585--5wuq__C1_Q45588,8,5,2,4,0.7998211505284408,89.375,True,0.5776274752785596
5wuq__A1_Q45585--5wuq__C1_Q45588,9,2,2,4,0.795733869396948,89.3125,True,0.5535928168132532
5wuq__A1_Q45585--5wuq__C1_Q45588,10,1,1,4,0.8442390168974393,86.375,True,0.5078674041651698
5wuq__A1_Q45585--5wuq__C1_Q45588,11,4,2,4,0.8957099423215147,85.0,True,0.49453123760084966
5wuq__A1_Q45585--5wuq__C1_Q45588,12,4,3,4,0.8996546279754338,84.0625,True,0.4644860836428933
5wuq__A1_Q45585--5wuq__C1_Q45588,13,4,0,4,0.9090276605558488,83.875,True,0.4586145954680256
5wuq__A1_Q45585--5wuq__C1_Q45588,14,3,0,4,0.879067350300249,82.9375,True,0.4805311173056209
5wuq__A1_Q45585--5wuq__C1_Q45588,15,3,1,4,0.8732183314004714,80.0,True,0.43092326911287576
5wuq__A1_Q45585--5wuq__C1_Q45588,16,3,2,4,0.875890224657514,79.3125,True,0.4180048279088774
5wuq__A1_Q45585--5wuq__C1_Q45588,17,3,3,4,0.8706237292236,78.25,True,0.4027595276837407
5wuq__A1_Q45585--5wuq__C1_Q45588,18,1,0,4,0.8811000521886356,77.125,True,0.4572017993156767
5wuq__A1_Q45585--5wuq__C1_Q45588,19,1,3,4,0.8610527990416453,62.84375,True,0.3874274999128554
5wuq__A1_Q45585--5wuq__C1_Q45588,20,1,2,4,0.8652911128089203,60.09375,True,0.3826901935432981
5xec__B1_P15452--5xec__A1_P00099,1,5,3,1,0.0530329681270017,39.34375,False,0.6244873582878557
5xec__B1_P15452--5xec__A1_P00099,2,5,2,1,0.0460381762154589,38.1875,False,0.6098922029019405
5xec__B1_P15452--5xec__A1_P00099,3,5,1,1,0.0492872471621929,37.15625,False,0.5867827713463465
5xec__B1_P15452--5xec__A1_P00099,4,5,0,1,0.048892348107197,35.5625,False,0.5671453481042731
5xec__B1_P15452--5xec__A1_P00099,5,1,1,1,0.0510302752542769,34.1875,False,0.5732812480726428
5xec__B1_P15452--5xec__A1_P00099,6,2,3,1,0.046550687816007,33.625,False,0.5519683376366825
5xec__B1_P15452--5xec__A1_P00099,7,2,1,1,0.0431849553872096,33.21875,False,0.5446484721970837
5xec__B1_P15452--5xec__A1_P00099,8,2,0,1,0.0462646519570499,32.9375,False,0.5408640488506805
5xec__B1_P15452--5xec__A1_P00099,9,2,2,1,0.0434826633833149,32.84375,False,0.5065872991781754
5xec__B1_P15452--5xec__A1_P00099,10,4,2,1,0.0404579639230489,32.6875,False,0.542775062458665
5xec__B1_P15452--5xec__A1_P00099,11,1,0,1,0.0499515455136371,32.375,False,0.5026166575566534
5xec__B1_P15452--5xec__A1_P00099,12,1,3,1,0.0496601530313549,32.0625,False,0.47767878395423996
5xec__B1_P15452--5xec__A1_P00099,13,4,1,1,0.0435036025463088,32.0625,False,0.519983552390295
5xec__B1_P15452--5xec__A1_P00099,14,1,2,1,0.046639684155338,31.4375,False,0.47503117493651037
5xec__B1_P15452--5xec__A1_P00099,15,4,0,1,0.0490405836486626,29.109375,False,0.4409324069148428
5xec__B1_P15452--5xec__A1_P00099,16,4,3,1,0.0472723484196347,29.046875,False,0.4343685175546646
5xec__B1_P15452--5xec__A1_P00099,17,3,3,1,0.038625332331416,27.609375,False,0.4325405489953798
5xec__B1_P15452--5xec__A1_P00099,18,3,0,1,0.0452374233860968,27.140625,False,0.4038444167533092
5xec__B1_P15452--5xec__A1_P00099,19,3,2,1,0.0385593838279045,27.078125,False,0.41245892441658594
5xec__B1_P15452--5xec__A1_P00099,20,3,1,1,0.0436540192271553,26.84375,False,0.3929278693382836
5xpz__A1_Q8CIB5--5xpz__B1_Q8CIB5,1,5,2,3,0.007365089833755,61.1875,False,0.6238507407359268
5xpz__A1_Q8CIB5--5xpz__B1_Q8CIB5,2,5,3,3,0.0070489358891859,58.53125,False,0.6022940263906242
5xpz__A1_Q8CIB5--5xpz__B1_Q8CIB5,3,2,2,3,0.0081710804408964,56.21875,False,0.6032942773585369
5xpz__A1_Q8CIB5--5xpz__B1_Q8CIB5,4,2,0,3,0.0073435389006816,54.9375,False,0.5848487987814517
5xpz__A1_Q8CIB5--5xpz__B1_Q8CIB5,5,2,1,3,0.0059869119509591,49.4375,False,0.5728398545306241
5xpz__A1_Q8CIB5--5xpz__B1_Q8CIB5,6,5,0,3,0.0099868334002162,21.390625,False,0.544435859944283
5xpz__A1_Q8CIB5--5xpz__B1_Q8CIB5,7,3,3,3,0.0099547909648184,21.234375,False,0.5293725327838947
5xpz__A1_Q8CIB5--5xpz__B1_Q8CIB5,8,5,1,3,0.008401986208662,21.15625,False,0.546749461303297
5xpz__A1_Q8CIB5--5xpz__B1_Q8CIB5,9,4,1,3,0.0289359564028559,21.046875,False,0.47064977269825
5xpz__A1_Q8CIB5--5xpz__B1_Q8CIB5,10,3,2,3,0.0086291628812262,21.0,False,0.5008006127392299
5xpz__A1_Q8CIB5--5xpz__B1_Q8CIB5,11,3,1,3,0.0119320060908048,20.859375,False,0.5060265687125101
5xpz__A1_Q8CIB5--5xpz__B1_Q8CIB5,12,2,3,3,0.0061711467814909,20.65625,False,0.5218003955308267
5xpz__A1_Q8CIB5--5xpz__B1_Q8CIB5,13,4,0,3,0.0410129666658973,20.46875,False,0.4527156444181219
5xpz__A1_Q8CIB5--5xpz__B1_Q8CIB5,14,3,0,3,0.0074388062756227,20.328125,False,0.46096176687952206
5xpz__A1_Q8CIB5--5xpz__B1_Q8CIB5,15,1,3,3,0.0077016951505542,20.15625,False,0.42911156052960264
5xpz__A1_Q8CIB5--5xpz__B1_Q8CIB5,16,1,1,3,0.007197379341879,20.109375,False,0.46286909476756916
5xpz__A1_Q8CIB5--5xpz__B1_Q8CIB5,17,1,2,3,0.0074942913055829,19.765625,False,0.4522714507711824
5xpz__A1_Q8CIB5--5xpz__B1_Q8CIB5,18,4,3,3,0.0058344144810737,19.75,False,0.48318022135475497
5xpz__A1_Q8CIB5--5xpz__B1_Q8CIB5,19,4,2,3,0.0086716037365513,19.5625,False,0.4020232359286104
5xpz__A1_Q8CIB5--5xpz__B1_Q8CIB5,20,1,0,3,0.0086312348633199,18.953125,False,0.3991350866253397
5y61__A1_Q9I4L4--5y61__B1_Q9I4L6,1,2,2,0,0.490648565692972,86.6875,True,0.6305637859732365
5y61__A1_Q9I4L4--5y61__B1_Q9I4L6,2,1,1,0,0.476871194631024,85.75,True,0.6049612861390511
5y61__A1_Q9I4L4--5y61__B1_Q9I4L6,3,4,3,0,0.5004669741902782,85.75,True,0.6066855593285667
5y61__A1_Q9I4L4--5y61__B1_Q9I4L6,4,2,0,0,0.4998529073471613,85.6875,True,0.5774112721394891
5y61__A1_Q9I4L4--5y61__B1_Q9I4L6,5,5,3,0,0.4872083301936811,85.5,True,0.5257891115485366
5y61__A1_Q9I4L4--5y61__B1_Q9I4L6,6,1,3,0,0.4873509731688656,85.5,True,0.5803989869832789
5y61__A1_Q9I4L4--5y61__B1_Q9I4L6,7,1,2,0,0.4794678692118597,85.3125,True,0.561043783158758
5y61__A1_Q9I4L4--5y61__B1_Q9I4L6,8,3,0,0,0.4813038802351255,85.25,True,0.5217879530546283
5y61__A1_Q9I4L4--5y61__B1_Q9I4L6,9,5,1,0,0.4634589904177466,85.25,True,0.49796578035350975
5y61__A1_Q9I4L4--5y61__B1_Q9I4L6,10,3,2,0,0.477237768377508,85.1875,True,0.5248194547344346
5y61__A1_Q9I4L4--5y61__B1_Q9I4L6,11,5,2,0,0.4875772558144174,85.1875,True,0.5250934700049735
5y61__A1_Q9I4L4--5y61__B1_Q9I4L6,12,1,0,0,0.4857086126661441,84.9375,True,0.5020909578577532
5y61__A1_Q9I4L4--5y61__B1_Q9I4L6,13,4,1,0,0.4873312393128935,84.8125,True,0.4737693059121325
5y61__A1_Q9I4L4--5y61__B1_Q9I4L6,14,5,0,0,0.4934859792207566,84.8125,True,0.4842515669068258
5y61__A1_Q9I4L4--5y61__B1_Q9I4L6,15,3,3,0,0.4809648829610607,84.8125,True,0.44262874239190886
5y61__A1_Q9I4L4--5y61__B1_Q9I4L6,16,4,2,0,0.5054447061794032,84.625,True,0.49853989961925477
5y61__A1_Q9I4L4--5y61__B1_Q9I4L6,17,2,1,0,0.4701222916933778,84.25,True,0.41683706087469397
5y61__A1_Q9I4L4--5y61__B1_Q9I4L6,18,4,0,0,0.4910292073456556,84.0625,True,0.41046946438569837
5y61__A1_Q9I4L4--5y61__B1_Q9I4L6,19,3,1,0,0.4353614763611697,79.875,True,0.39807937011198197
5y61__A1_Q9I4L4--5y61__B1_Q9I4L6,20,2,3,0,0.0929582037050248,27.40625,False,0.3855286050603503
5y78__A1_B5AJT1--5y78__B1_B5AJT1,1,5,0,2,0.3772115734669617,69.75,True,0.6235863529044451
5y78__A1_B5AJT1--5y78__B1_B5AJT1,2,5,1,2,0.3794836210257616,69.5625,True,0.6110092774272621
5y78__A1_B5AJT1--5y78__B1_B5AJT1,3,5,2,2,0.3736600787369317,68.25,True,0.5999939038543413
5y78__A1_B5AJT1--5y78__B1_B5AJT1,4,5,3,2,0.3871803048846345,66.3125,True,0.588301374160422
5y78__A1_B5AJT1--5y78__B1_B5AJT1,5,4,3,2,0.3812750212893555,56.6875,True,0.5765083010473344
5y78__A1_B5AJT1--5y78__B1_B5AJT1,6,4,2,2,0.3923814823735592,52.15625,True,0.5646274138961219
5y78__A1_B5AJT1--5y78__B1_B5AJT1,7,4,1,2,0.3999454925313178,44.5625,True,0.5390044290856716
5y78__A1_B5AJT1--5y78__B1_B5AJT1,8,3,2,2,0.007150418545053,34.3125,False,0.5452437236927736
5y78__A1_B5AJT1--5y78__B1_B5AJT1,9,3,0,2,0.0069810977203664,33.53125,False,0.5326047506453799
5y78__A1_B5AJT1--5y78__B1_B5AJT1,10,3,3,2,0.0080858947786736,33.4375,False,0.5022517452983275
5y78__A1_B5AJT1--5y78__B1_B5AJT1,11,3,1,2,0.007024252414555,32.84375,False,0.5094268199948194
5y78__A1_B5AJT1--5y78__B1_B5AJT1,12,1,1,2,0.0256182883699543,30.09375,False,0.5011318472540238
5y78__A1_B5AJT1--5y78__B1_B5AJT1,13,1,0,2,0.0262538158103867,29.265625,False,0.48179219841681803
5y78__A1_B5AJT1--5y78__B1_B5AJT1,14,1,3,2,0.0197817491063322,29.0625,False,0.4779230662275737
5y78__A1_B5AJT1--5y78__B1_B5AJT1,15,1,2,2,0.3512097367481783,27.046875,True,0.4335689838938946
5y78__A1_B5AJT1--5y78__B1_B5AJT1,16,4,0,2,0.4642745692702217,26.734375,True,0.4536819454417413
5y78__A1_B5AJT1--5y78__B1_B5AJT1,17,2,1,2,0.0251504576929702,26.125,False,0.43352342628800705
5y78__A1_B5AJT1--5y78__B1_B5AJT1,18,2,3,2,0.0256040036135468,25.34375,False,0.41892251788725976
5y78__A1_B5AJT1--5y78__B1_B5AJT1,19,2,2,2,0.026962944071762,25.09375,False,0.4173020645016527
5y78__A1_B5AJT1--5y78__B1_B5AJT1,20,2,0,2,0.0192054606890122,21.078125,False,0.39438138727121025
5yh3__A1_Q96MK3--5yh3__B1_Q8IXL6,1,4,2,0,0.6812467327592476,87.3125,True,0.6078506788669926
5yh3__A1_Q96MK3--5yh3__B1_Q8IXL6,2,1,1,0,0.5988994362055783,86.8125,True,0.6135475202520281
5yh3__A1_Q96MK3--5yh3__B1_Q8IXL6,3,4,1,0,0.6893842226798969,86.8125,True,0.5937099573836009
5yh3__A1_Q96MK3--5yh3__B1_Q8IXL6,4,5,1,0,0.5976092879629445,86.5625,True,0.5487255741138793
5yh3__A1_Q96MK3--5yh3__B1_Q8IXL6,5,1,2,0,0.670899230921764,86.3125,True,0.5907505654084355
5yh3__A1_Q96MK3--5yh3__B1_Q8IXL6,6,1,3,0,0.5872971438978897,86.0,True,0.5862771068346936
5yh3__A1_Q96MK3--5yh3__B1_Q8IXL6,7,4,3,0,0.654764978932438,85.5,True,0.5312614461097908
5yh3__A1_Q96MK3--5yh3__B1_Q8IXL6,8,5,3,0,0.6000572616587013,85.0625,True,0.5098043861434095
5yh3__A1_Q96MK3--5yh3__B1_Q8IXL6,9,2,2,0,0.686414070743945,84.875,True,0.536740347364608
5yh3__A1_Q96MK3--5yh3__B1_Q8IXL6,10,2,3,0,0.5764840559538985,84.8125,True,0.5517319406977861
5yh3__A1_Q96MK3--5yh3__B1_Q8IXL6,11,1,0,0,0.5980141336820946,84.75,True,0.5286768523438192
5yh3__A1_Q96MK3--5yh3__B1_Q8IXL6,12,2,1,0,0.5890513021558551,84.6875,True,0.5085031642751419
5yh3__A1_Q96MK3--5yh3__B1_Q8IXL6,13,3,2,0,0.5814849918318444,84.3125,True,0.47230790489490093
5yh3__A1_Q96MK3--5yh3__B1_Q8IXL6,14,2,0,0,0.5923848192821913,83.875,True,0.4858383869353143
5yh3__A1_Q96MK3--5yh3__B1_Q8IXL6,15,5,2,0,0.3995777173759751,82.875,True,0.449477264053006
5yh3__A1_Q96MK3--5yh3__B1_Q8IXL6,16,3,3,0,0.6034668196350915,81.5,True,0.42263344774887984
5yh3__A1_Q96MK3--5yh3__B1_Q8IXL6,17,5,0,0,0.3682375462476773,81.5,True,0.43341492301943235
5yh3__A1_Q96MK3--5yh3__B1_Q8IXL6,18,3,1,0,0.6228966834457245,80.3125,True,0.40284881261146915
5yh3__A1_Q96MK3--5yh3__B1_Q8IXL6,19,4,0,0,0.652449163102345,80.1875,True,0.4077430410314875
5yh3__A1_Q96MK3--5yh3__B1_Q8IXL6,20,3,0,0,0.5859674494881812,78.875,True,0.3876524795087122
5z5y__A1_P02866--5z5y__B1_P02866,1,3,0,4,0.7669034385582192,92.8125,True,0.6287323427945517
5z5y__A1_P02866--5z5y__B1_P02866,2,3,1,4,0.7779245258770242,92.6875,True,0.6128412831434025
5z5y__A1_P02866--5z5y__B1_P02866,3,3,2,4,0.7600417893012733,92.4375,True,0.6065789417033292
5z5y__A1_P02866--5z5y__B1_P02866,4,3,3,4,0.7923942524691306,92.125,True,0.5862675644905881
5z5y__A1_P02866--5z5y__B1_P02866,5,1,2,4,0.7512817129047451,88.5,True,0.5814065586971563
5z5y__A1_P02866--5z5y__B1_P02866,6,1,0,4,0.3299536093875859,75.5,True,0.5589937387215428
5z5y__A1_P02866--5z5y__B1_P02866,7,2,2,4,0.3179378627398077,74.5625,True,0.5559914180053196
5z5y__A1_P02866--5z5y__B1_P02866,8,4,2,4,0.5155373689665729,73.875,True,0.5375105261564697
5z5y__A1_P02866--5z5y__B1_P02866,9,5,2,4,0.4952467062695641,62.96875,True,0.5048294014620531
5z5y__A1_P02866--5z5y__B1_P02866,10,2,1,4,0.292083592269083,62.5,True,0.5069348809435749
5z5y__A1_P02866--5z5y__B1_P02866,11,5,3,4,0.4575906222891036,62.21875,True,0.5065771735475899
5z5y__A1_P02866--5z5y__B1_P02866,12,5,0,4,0.3791491029064787,59.28125,True,0.4919629765360418
5z5y__A1_P02866--5z5y__B1_P02866,13,4,1,4,0.7921142989276522,57.28125,True,0.4629937680046207
5z5y__A1_P02866--5z5y__B1_P02866,14,4,3,4,0.5109048792108343,56.46875,True,0.44943060376101907
5z5y__A1_P02866--5z5y__B1_P02866,15,1,1,4,0.2560062902757824,54.375,True,0.44316631688825553
5z5y__A1_P02866--5z5y__B1_P02866,16,5,1,4,0.3867349554788024,54.375,True,0.4521599937023888
5z5y__A1_P02866--5z5y__B1_P02866,17,1,3,4,0.2735696992827841,49.375,True,0.41657540045829217
5z5y__A1_P02866--5z5y__B1_P02866,18,4,0,4,0.5477732972927626,47.75,True,0.4043259238105572
5z5y__A1_P02866--5z5y__B1_P02866,19,2,3,4,0.3219207480044707,34.09375,True,0.3909324443033628
5z5y__A1_P02866--5z5y__B1_P02866,20,2,0,4,0.1684803653230926,27.0625,False,0.3792131368485376
5ztb__B1_Q72LF3--5ztb__A1_Q72LF4,1,2,0,0,0.8335348552088222,92.6875,True,0.6246443113045995
5ztb__B1_Q72LF3--5ztb__A1_Q72LF4,2,1,1,0,0.7477086436734445,91.5625,True,0.5814860054597528
5ztb__B1_Q72LF3--5ztb__A1_Q72LF4,3,2,3,0,0.8188393141155569,91.1875,True,0.5738261876491196
5ztb__B1_Q72LF3--5ztb__A1_Q72LF4,4,2,1,0,0.7501524558537177,90.6875,True,0.6029526662176039
5ztb__B1_Q72LF3--5ztb__A1_Q72LF4,5,5,0,0,0.7479586330113047,90.6875,True,0.48059023645075033
5ztb__B1_Q72LF3--5ztb__A1_Q72LF4,6,5,2,0,0.7444392943598966,90.4375,True,0.5297357827516593
5ztb__B1_Q72LF3--5ztb__A1_Q72LF4,7,3,0,0,0.8013952026381904,90.1875,True,0.5577342297883475
5ztb__B1_Q72LF3--5ztb__A1_Q72LF4,8,2,2,0,0.7614096277770089,90.1875,True,0.5748466004875709
5ztb__B1_Q72LF3--5ztb__A1_Q72LF4,9,5,1,0,0.8293621508936037,89.9375,True,0.5115153709875508
5ztb__B1_Q72LF3--5ztb__A1_Q72LF4,10,1,0,0,0.7810125526774372,89.9375,True,0.48641153296840756
5ztb__B1_Q72LF3--5ztb__A1_Q72LF4,11,4,0,0,0.7779313147479412,89.8125,True,0.49371721846162087
5ztb__B1_Q72LF3--5ztb__A1_Q72LF4,12,3,3,0,0.7697977703597281,89.8125,True,0.5352949763184071
5ztb__B1_Q72LF3--5ztb__A1_Q72LF4,13,5,3,0,0.7679516790921875,89.625,True,0.4875056331723532
5ztb__B1_Q72LF3--5ztb__A1_Q72LF4,14,1,2,0,0.822704722297281,89.5625,True,0.4697094856089903
5ztb__B1_Q72LF3--5ztb__A1_Q72LF4,15,1,3,0,0.8295995836260251,89.5,True,0.5023805272110551
5ztb__B1_Q72LF3--5ztb__A1_Q72LF4,16,4,1,0,0.8266449498704466,89.0,True,0.42623238926890006
5ztb__B1_Q72LF3--5ztb__A1_Q72LF4,17,3,1,0,0.7776732135743428,89.0,True,0.48376919002175317
5ztb__B1_Q72LF3--5ztb__A1_Q72LF4,18,3,2,0,0.7614673256192467,88.9375,True,0.4346011207146824
5ztb__B1_Q72LF3--5ztb__A1_Q72LF4,19,4,3,0,0.8359936475336539,88.5625,True,0.40543140976943837
5ztb__B1_Q72LF3--5ztb__A1_Q72LF4,20,4,2,0,0.7902026636896743,88.5625,True,0.4057359793449099
5zyo__A1_P0A8I8--5zyo__C1_P0A8I8,1,5,3,3,0.0363799116735716,84.375,False,0.6238507407359268
5zyo__A1_P0A8I8--5zyo__C1_P0A8I8,2,5,2,3,0.0363028395138666,83.8125,False,0.609794093256786
5zyo__A1_P0A8I8--5zyo__C1_P0A8I8,3,5,0,3,0.0363233458805762,83.8125,False,0.6023558668017981
5zyo__A1_P0A8I8--5zyo__C1_P0A8I8,4,5,1,3,0.0364071941796889,82.75,False,0.5880264095818216
5zyo__A1_P0A8I8--5zyo__C1_P0A8I8,5,3,0,3,0.0383142039819388,82.0625,False,0.5725872331537672
5zyo__A1_P0A8I8--5zyo__C1_P0A8I8,6,4,2,3,0.0362892788283065,81.5,False,0.5668714150916414
5zyo__A1_P0A8I8--5zyo__C1_P0A8I8,7,1,0,3,0.0364549375450052,79.0,False,0.5512444665278073
5zyo__A1_P0A8I8--5zyo__C1_P0A8I8,8,1,2,3,0.0374739250770834,77.125,False,0.5353231193802634
5zyo__A1_P0A8I8--5zyo__C1_P0A8I8,9,1,1,3,0.0364901721012201,76.375,False,0.518806149289755
5zyo__A1_P0A8I8--5zyo__C1_P0A8I8,10,4,1,3,0.0363666907012448,75.9375,False,0.5214749408135558
5zyo__A1_P0A8I8--5zyo__C1_P0A8I8,11,4,0,3,0.0363544280125851,74.625,False,0.504920965925463
5zyo__A1_P0A8I8--5zyo__C1_P0A8I8,12,4,3,3,0.0364056286893148,70.5,False,0.48887998982975284
5zyo__A1_P0A8I8--5zyo__C1_P0A8I8,13,2,3,3,0.0365587802630486,67.375,False,0.4763863607834589
5zyo__A1_P0A8I8--5zyo__C1_P0A8I8,14,2,2,3,0.036534205355413,66.625,False,0.46392221488029545
5zyo__A1_P0A8I8--5zyo__C1_P0A8I8,15,2,0,3,0.036507143567674,58.5,False,0.45188643917347876
5zyo__A1_P0A8I8--5zyo__C1_P0A8I8,16,3,3,3,0.0397918188007126,56.25,False,0.4324471359768723
5zyo__A1_P0A8I8--5zyo__C1_P0A8I8,17,2,1,3,0.0397445114123828,54.59375,False,0.43353606317007376
5zyo__A1_P0A8I8--5zyo__C1_P0A8I8,18,3,1,3,0.0410367679356624,53.21875,False,0.4142894947242808
5zyo__A1_P0A8I8--5zyo__C1_P0A8I8,19,1,3,3,0.0420921013604939,41.8125,False,0.40257439134918865
5zyo__A1_P0A8I8--5zyo__C1_P0A8I8,20,3,2,3,0.2986982502785937,32.71875,True,0.39060082847309135
6a3v__A1_P41273--6a3v__B1_Q07011,1,3,1,2,0.6013949760950238,86.3125,True,0.6345017371360067
6a3v__A1_P41273--6a3v__B1_Q07011,2,3,2,2,0.6913088639989654,85.875,True,0.5553417185892513
6a3v__A1_P41273--6a3v__B1_Q07011,3,3,0,2,0.662208437276932,85.8125,True,0.5686866106829022
6a3v__A1_P41273--6a3v__B1_Q07011,4,3,3,2,0.6834740574244261,85.6875,True,0.5492039613522732
6a3v__A1_P41273--6a3v__B1_Q07011,5,5,0,2,0.6243844615734725,85.625,True,0.5464108549842037
6a3v__A1_P41273--6a3v__B1_Q07011,6,4,1,2,0.7437864308097621,85.625,True,0.5127871698750018
6a3v__A1_P41273--6a3v__B1_Q07011,7,4,3,2,0.7370011233044638,85.5625,True,0.5221532938246973
6a3v__A1_P41273--6a3v__B1_Q07011,8,4,0,2,0.7931549367669691,85.5625,True,0.5386949973421723
6a3v__A1_P41273--6a3v__B1_Q07011,9,5,1,2,0.6202875097677034,85.5,True,0.5341091844848295
6a3v__A1_P41273--6a3v__B1_Q07011,10,1,0,2,0.6266049827675803,85.5,True,0.556586925836337
6a3v__A1_P41273--6a3v__B1_Q07011,11,5,2,2,0.6977448194197886,85.4375,True,0.4830168096193872
6a3v__A1_P41273--6a3v__B1_Q07011,12,1,3,2,0.6247472844488772,85.25,True,0.522908819078488
6a3v__A1_P41273--6a3v__B1_Q07011,13,5,3,2,0.7024531560094182,85.25,True,0.45385999507898406
6a3v__A1_P41273--6a3v__B1_Q07011,14,1,1,2,0.6359612522959496,85.1875,True,0.5202974453466124
6a3v__A1_P41273--6a3v__B1_Q07011,15,4,2,2,0.796106430164612,85.125,True,0.48261133527516903
6a3v__A1_P41273--6a3v__B1_Q07011,16,1,2,2,0.6301187954404619,85.0,True,0.5108982824255671
6a3v__A1_P41273--6a3v__B1_Q07011,17,2,1,2,0.6161679077044553,85.0,True,0.451446779222754
6a3v__A1_P41273--6a3v__B1_Q07011,18,2,3,2,0.6683121477465352,85.0,True,0.4470973856205539
6a3v__A1_P41273--6a3v__B1_Q07011,19,2,0,2,0.6478357256401249,84.9375,True,0.4209815673933471
6a3v__A1_P41273--6a3v__B1_Q07011,20,2,2,2,0.6935189903259652,84.625,True,0.3951292755881714
6a9y__A1_Q9BQI5--6a9y__A2_Q9BQI5,1,3,2,0,0.0040480594930259,39.34375,False,0.6305060463137707
6a9y__A1_Q9BQI5--6a9y__A2_Q9BQI5,2,4,3,0,0.0042975751660741,25.34375,False,0.5926833796808263
6a9y__A1_Q9BQI5--6a9y__A2_Q9BQI5,3,4,1,0,0.0041920077172155,25.03125,False,0.5782895580559015
6a9y__A1_Q9BQI5--6a9y__A2_Q9BQI5,4,1,0,0,0.2481498725831958,24.6875,True,0.5994361476781601
6a9y__A1_Q9BQI5--6a9y__A2_Q9BQI5,5,1,2,0,0.2860172304401169,23.9375,True,0.5867314422253599
6a9y__A1_Q9BQI5--6a9y__A2_Q9BQI5,6,1,3,0,0.1372858348210841,23.53125,False,0.5739102090559957
6a9y__A1_Q9BQI5--6a9y__A2_Q9BQI5,7,1,1,0,0.0616696029249344,22.140625,False,0.5576814922295981
6a9y__A1_Q9BQI5--6a9y__A2_Q9BQI5,8,4,2,0,0.0042027947632062,21.984375,False,0.5214721944730669
6a9y__A1_Q9BQI5--6a9y__A2_Q9BQI5,9,4,0,0,0.0042372002241677,21.828125,False,0.5199592972261816
6a9y__A1_Q9BQI5--6a9y__A2_Q9BQI5,10,2,3,0,0.0138526526568827,21.625,False,0.5184249737835852
6a9y__A1_Q9BQI5--6a9y__A2_Q9BQI5,11,2,1,0,0.013811798660084,21.4375,False,0.5036048279831633
6a9y__A1_Q9BQI5--6a9y__A2_Q9BQI5,12,2,0,0,0.0141773768967854,21.1875,False,0.47701995134225234
6a9y__A1_Q9BQI5--6a9y__A2_Q9BQI5,13,2,2,0,0.0134745267713099,20.84375,False,0.5191097409743856
6a9y__A1_Q9BQI5--6a9y__A2_Q9BQI5,14,5,3,0,0.0260259901319959,20.640625,False,0.4510068142110302
6a9y__A1_Q9BQI5--6a9y__A2_Q9BQI5,15,5,0,0,0.023185538877051,20.625,False,0.4479197015552811
6a9y__A1_Q9BQI5--6a9y__A2_Q9BQI5,16,5,2,0,0.0238142842235473,20.40625,False,0.43162384501962286
6a9y__A1_Q9BQI5--6a9y__A2_Q9BQI5,17,5,1,0,0.0182790447181559,19.96875,False,0.43013730752310875
6a9y__A1_Q9BQI5--6a9y__A2_Q9BQI5,18,3,1,0,0.0131757679252208,18.5,False,0.4270406368166433
6a9y__A1_Q9BQI5--6a9y__A2_Q9BQI5,19,3,3,0,0.0130529579028952,18.09375,False,0.40773548180065006
6a9y__A1_Q9BQI5--6a9y__A2_Q9BQI5,20,3,0,0,0.0108916231985613,18.03125,False,0.39353435032191636
6ahy__B1_P56703--6ahy__A1_Q61091,1,3,0,1,0.3258036370431348,61.03125,True,0.563442016510053
6ahy__B1_P56703--6ahy__A1_Q61091,2,3,3,1,0.3316122475224125,59.84375,True,0.5502373463445395
6ahy__B1_P56703--6ahy__A1_Q61091,3,3,1,1,0.3289162615309718,54.09375,True,0.6005043635206955
6ahy__B1_P56703--6ahy__A1_Q61091,4,1,3,1,0.2828627545677769,47.5,True,0.6067154430334523
6ahy__B1_P56703--6ahy__A1_Q61091,5,2,3,1,0.2443444758298229,44.59375,True,0.5945941802377229
6ahy__B1_P56703--6ahy__A1_Q61091,6,2,2,1,0.211145281402885,40.90625,False,0.569903559716164
6ahy__B1_P56703--6ahy__A1_Q61091,7,2,1,1,0.204119212133205,40.0625,False,0.5651583473401989
6ahy__B1_P56703--6ahy__A1_Q61091,8,4,3,1,0.1690308642621897,33.96875,False,0.5217715094966581
6ahy__B1_P56703--6ahy__A1_Q61091,9,4,0,1,0.1958769386733913,33.53125,False,0.5416886865271756
6ahy__B1_P56703--6ahy__A1_Q61091,10,1,2,1,0.1732150928450574,32.15625,False,0.5155882819847508
6ahy__B1_P56703--6ahy__A1_Q61091,11,3,2,1,0.1425177726877581,31.921875,False,0.4433596798191555
6ahy__B1_P56703--6ahy__A1_Q61091,12,4,2,1,0.052878041525081,29.015625,False,0.49770870062258205
6ahy__B1_P56703--6ahy__A1_Q61091,13,5,0,1,0.0321588871865856,29.015625,False,0.4484659193706717
6ahy__B1_P56703--6ahy__A1_Q61091,14,4,1,1,0.0501232761544863,28.03125,False,0.5054736083516709
6ahy__B1_P56703--6ahy__A1_Q61091,15,1,0,1,0.090049955296987,27.03125,False,0.4626742525364755
6ahy__B1_P56703--6ahy__A1_Q61091,16,2,0,1,0.0250796332148141,26.890625,False,0.44673471326723996
6ahy__B1_P56703--6ahy__A1_Q61091,17,5,2,1,0.0543014569516176,26.796875,False,0.4470042739148443
6ahy__B1_P56703--6ahy__A1_Q61091,18,5,1,1,0.0380938862147131,25.3125,False,0.4089788031624114
6ahy__B1_P56703--6ahy__A1_Q61091,19,5,3,1,0.0466443003022654,25.046875,False,0.4280045341423648
6ahy__B1_P56703--6ahy__A1_Q61091,20,1,1,1,0.0369385427440248,24.421875,False,0.42212764358196175
6apx__A1_P0AEX9--6apx__B1_UNDEFINED,1,3,2,2,0.0073968482176277,44.21875,False,0.6162406351793218
6apx__A1_P0AEX9--6apx__B1_UNDEFINED,2,3,3,2,0.0075124860129663,44.15625,False,0.6153860243846911
6apx__A1_P0AEX9--6apx__B1_UNDEFINED,3,3,1,2,0.0074749075879759,43.125,False,0.5879564179688382
6apx__A1_P0AEX9--6apx__B1_UNDEFINED,4,3,0,2,0.0075894422210632,43.09375,False,0.5821682601484035
6apx__A1_P0AEX9--6apx__B1_UNDEFINED,5,1,3,2,0.0077656668891417,40.21875,False,0.5391521274288343
6apx__A1_P0AEX9--6apx__B1_UNDEFINED,6,1,1,2,0.0079249437098219,39.78125,False,0.5401319450595724
6apx__A1_P0AEX9--6apx__B1_UNDEFINED,7,1,0,2,0.0080715286113192,38.15625,False,0.5801280075243223
6apx__A1_P0AEX9--6apx__B1_UNDEFINED,8,1,2,2,0.00838255342891,36.09375,False,0.5159078935768473
6apx__A1_P0AEX9--6apx__B1_UNDEFINED,9,2,3,2,0.0080460414353464,32.6875,False,0.5398972416240958
6apx__A1_P0AEX9--6apx__B1_UNDEFINED,10,2,1,2,0.0082387925866958,32.125,False,0.5080351816606619
6apx__A1_P0AEX9--6apx__B1_UNDEFINED,11,4,0,2,0.0128113251423395,30.921875,False,0.5140715443181479
6apx__A1_P0AEX9--6apx__B1_UNDEFINED,12,2,0,2,0.0129669164232787,29.6875,False,0.5335634132126997
6apx__A1_P0AEX9--6apx__B1_UNDEFINED,13,5,1,2,0.0078404406745254,28.9375,False,0.4612403641872494
6apx__A1_P0AEX9--6apx__B1_UNDEFINED,14,2,2,2,0.0131132973936769,28.90625,False,0.47760516700967715
6apx__A1_P0AEX9--6apx__B1_UNDEFINED,15,5,3,2,0.0084279302327659,28.265625,False,0.43702071290967676
6apx__A1_P0AEX9--6apx__B1_UNDEFINED,16,4,1,2,0.0130736428677805,27.875,False,0.4767875868957826
6apx__A1_P0AEX9--6apx__B1_UNDEFINED,17,5,2,2,0.0173939997098021,27.796875,False,0.44079259142332494
6apx__A1_P0AEX9--6apx__B1_UNDEFINED,18,4,3,2,0.0139294709274433,27.234375,False,0.4164704014746797
6apx__A1_P0AEX9--6apx__B1_UNDEFINED,19,5,0,2,0.012849068695775,26.953125,False,0.40566274805534064
6apx__A1_P0AEX9--6apx__B1_UNDEFINED,20,4,2,2,0.0136680441193221,26.71875,False,0.41700048788699684
6aqe__B1_Q9RY20--6aqe__A1_Q9RY20,1,4,2,4,0.0100499212123842,90.125,False,0.6284686113820838
6aqe__B1_Q9RY20--6aqe__A1_Q9RY20,2,4,3,4,0.0100300476051191,90.0,False,0.6163613608975306
6aqe__B1_Q9RY20--6aqe__A1_Q9RY20,3,4,0,4,0.0100295237642582,89.25,False,0.6032973066517374
6aqe__B1_Q9RY20--6aqe__A1_Q9RY20,4,4,1,4,0.0100443992540788,88.875,False,0.590357464945786
6aqe__B1_Q9RY20--6aqe__A1_Q9RY20,5,1,0,4,0.0100352642575473,86.0,False,0.5772912800926199
6aqe__B1_Q9RY20--6aqe__A1_Q9RY20,6,1,1,4,0.0100377962827381,85.1875,False,0.5641160437747489
6aqe__B1_Q9RY20--6aqe__A1_Q9RY20,7,1,2,4,0.0101081752510027,85.0,False,0.5508496549721202
6aqe__B1_Q9RY20--6aqe__A1_Q9RY20,8,1,3,4,0.0100958475480464,81.6875,False,0.5375105261564697
6aqe__B1_Q9RY20--6aqe__A1_Q9RY20,9,3,3,4,0.0100649364691692,68.5,False,0.524117483403783
6aqe__B1_Q9RY20--6aqe__A1_Q9RY20,10,3,1,4,0.0100872832603023,66.6875,False,0.5114780399404809
6aqe__B1_Q9RY20--6aqe__A1_Q9RY20,11,3,2,4,0.0100955857605435,66.4375,False,0.496457660842788
6aqe__B1_Q9RY20--6aqe__A1_Q9RY20,12,3,0,4,0.0100933894997591,65.9375,False,0.47556092970889324
6aqe__B1_Q9RY20--6aqe__A1_Q9RY20,13,2,0,4,0.7439181942723326,64.375,True,0.48099199055608044
6aqe__B1_Q9RY20--6aqe__A1_Q9RY20,14,5,2,4,0.7596369459426668,62.8125,True,0.45570368055093813
6aqe__B1_Q9RY20--6aqe__A1_Q9RY20,15,2,3,4,0.7339599810467137,62.375,True,0.4366606541469966
6aqe__B1_Q9RY20--6aqe__A1_Q9RY20,16,5,3,4,0.7519088235330095,62.125,True,0.43464861605902044
6aqe__B1_Q9RY20--6aqe__A1_Q9RY20,17,2,2,4,0.7394436893155122,60.5625,True,0.4086074725419657
6aqe__B1_Q9RY20--6aqe__A1_Q9RY20,18,5,0,4,0.7704499979571886,60.25,True,0.4101937335817604
6aqe__B1_Q9RY20--6aqe__A1_Q9RY20,19,5,1,4,0.7584227403067381,59.9375,True,0.392942456845385
6aqe__B1_Q9RY20--6aqe__A1_Q9RY20,20,2,1,4,0.6989223719462658,52.6875,True,0.38173804990048293
6au8__A1_Q7L5D6--6au8__B1_P46379,1,2,3,4,0.7464183190813255,94.0625,True,0.623285873268368
6au8__A1_Q7L5D6--6au8__B1_P46379,2,1,3,4,0.7325659256059115,94.0625,True,0.5598350144181947
6au8__A1_Q7L5D6--6au8__B1_P46379,3,1,2,4,0.7097372529075302,94.0625,True,0.5685783455192892
6au8__A1_Q7L5D6--6au8__B1_P46379,4,2,1,4,0.7414601290362651,94.0,True,0.6099846183724621
6au8__A1_Q7L5D6--6au8__B1_P46379,5,2,2,4,0.7389080369579889,94.0,True,0.5912486029570583
6au8__A1_Q7L5D6--6au8__B1_P46379,6,4,0,4,0.734285934098399,93.9375,True,0.5833154642427354
6au8__A1_Q7L5D6--6au8__B1_P46379,7,1,1,4,0.7117169047295828,93.9375,True,0.45485387951064404
6au8__A1_Q7L5D6--6au8__B1_P46379,8,5,0,4,0.7396025066297792,93.8125,True,0.5551092739683019
6au8__A1_Q7L5D6--6au8__B1_P46379,9,1,0,4,0.7273238327655959,93.75,True,0.39169732687370024
6au8__A1_Q7L5D6--6au8__B1_P46379,10,4,2,4,0.730934327581764,93.75,True,0.5414333273891387
6au8__A1_Q7L5D6--6au8__B1_P46379,11,4,3,4,0.7325564272330038,93.75,True,0.5221462514435626
6au8__A1_Q7L5D6--6au8__B1_P46379,12,5,3,4,0.7379714910640907,93.6875,True,0.49611726553686847
6au8__A1_Q7L5D6--6au8__B1_P46379,13,4,1,4,0.7301484348534143,93.6875,True,0.49646956369804035
6au8__A1_Q7L5D6--6au8__B1_P46379,14,5,2,4,0.7366142064775224,93.6875,True,0.4669431648528652
6au8__A1_Q7L5D6--6au8__B1_P46379,15,2,0,4,0.7215232664735067,93.625,True,0.5157295832228762
6au8__A1_Q7L5D6--6au8__B1_P46379,16,5,1,4,0.7421924843284476,93.5,True,0.43461987820908277
6au8__A1_Q7L5D6--6au8__B1_P46379,17,3,3,4,0.7350474059436665,93.4375,True,0.45254675204972294
6au8__A1_Q7L5D6--6au8__B1_P46379,18,3,0,4,0.7365388619658134,93.375,True,0.40925787276976716
6au8__A1_Q7L5D6--6au8__B1_P46379,19,3,1,4,0.7349948982920784,93.3125,True,0.41106174059685374
6au8__A1_Q7L5D6--6au8__B1_P46379,20,3,2,4,0.7405816457325184,93.1875,True,0.39388582592115956
6cp8__A1_A0A2A2CAY5--6cp8__C1_A0A2A2C800,1,1,0,3,0.7132728422095237,88.25,True,0.6137806575871597
6cp8__A1_A0A2A2CAY5--6cp8__C1_A0A2A2C800,2,1,2,3,0.7080367920275656,88.25,True,0.6221256966777594
6cp8__A1_A0A2A2CAY5--6cp8__C1_A0A2A2C800,3,5,2,3,0.7035456826986671,87.1875,True,0.49207238885285776
6cp8__A1_A0A2A2CAY5--6cp8__C1_A0A2A2C800,4,5,0,3,0.7003589846401793,87.0,True,0.5680904668818406
6cp8__A1_A0A2A2CAY5--6cp8__C1_A0A2A2C800,5,4,1,3,0.7213923437570712,86.9375,True,0.4311313297084137
6cp8__A1_A0A2A2CAY5--6cp8__C1_A0A2A2C800,6,4,3,3,0.6993223467250477,86.875,True,0.5551207553341928
6cp8__A1_A0A2A2CAY5--6cp8__C1_A0A2A2C800,7,2,0,3,0.7201587372865879,86.75,True,0.5827359640238842
6cp8__A1_A0A2A2CAY5--6cp8__C1_A0A2A2C800,8,5,1,3,0.7010243272007295,86.75,True,0.5353231193802634
6cp8__A1_A0A2A2CAY5--6cp8__C1_A0A2A2C800,9,1,1,3,0.7277301723026287,86.625,True,0.5764395681051548
6cp8__A1_A0A2A2CAY5--6cp8__C1_A0A2A2C800,10,2,3,3,0.7061059607156581,86.4375,True,0.4920387854272048
6cp8__A1_A0A2A2CAY5--6cp8__C1_A0A2A2C800,11,4,2,3,0.7057993633663914,86.375,True,0.5235593954682938
6cp8__A1_A0A2A2CAY5--6cp8__C1_A0A2A2C800,12,5,3,3,0.7006298743454783,86.375,True,0.557354611278588
6cp8__A1_A0A2A2CAY5--6cp8__C1_A0A2A2C800,13,2,2,3,0.734997742851351,86.0,True,0.4171171976080611
6cp8__A1_A0A2A2CAY5--6cp8__C1_A0A2A2C800,14,1,3,3,0.721956463987708,84.6875,True,0.5051734929811598
6cp8__A1_A0A2A2CAY5--6cp8__C1_A0A2A2C800,15,3,2,3,0.6667950281261811,83.9375,True,0.4775634599578849
6cp8__A1_A0A2A2CAY5--6cp8__C1_A0A2A2C800,16,3,1,3,0.6820912363524566,83.8125,True,0.4743782809757974
6cp8__A1_A0A2A2CAY5--6cp8__C1_A0A2A2C800,17,2,1,3,0.7227050153954796,83.8125,True,0.4198344999623959
6cp8__A1_A0A2A2CAY5--6cp8__C1_A0A2A2C800,18,3,0,3,0.6841640080598386,83.1875,True,0.4462420418631745
6cp8__A1_A0A2A2CAY5--6cp8__C1_A0A2A2C800,19,3,3,3,0.6793532341101569,83.125,True,0.43491204749456297
6cp8__A1_A0A2A2CAY5--6cp8__C1_A0A2A2C800,20,4,0,3,0.6950197654222757,83.0625,True,0.42407214951789035
6djl__C1_O60239--6djl__A1_P62491,1,4,1,4,0.64282704808161,77.8125,True,0.6208151074713059
6djl__C1_O60239--6djl__A1_P62491,2,4,3,4,0.6451618121038295,76.75,True,0.6200803308606535
6djl__C1_O60239--6djl__A1_P62491,3,3,3,4,0.5822951551854655,75.0625,True,0.5994249139983894
6djl__C1_O60239--6djl__A1_P62491,4,4,0,4,0.636357008921162,74.8125,True,0.5983232102662953
6djl__C1_O60239--6djl__A1_P62491,5,4,2,4,0.4959831703636276,71.3125,True,0.5736606818485779
6djl__C1_O60239--6djl__A1_P62491,6,5,0,4,0.4224830374659932,70.625,True,0.5685407912423854
6djl__C1_O60239--6djl__A1_P62491,7,5,2,4,0.418550253504369,69.125,True,0.5336662665363601
6djl__C1_O60239--6djl__A1_P62491,8,3,1,4,0.4344845927253001,68.625,True,0.5457131307731415
6djl__C1_O60239--6djl__A1_P62491,9,3,0,4,0.447821886190598,68.4375,True,0.5289310063108174
6djl__C1_O60239--6djl__A1_P62491,10,5,1,4,0.418287599551362,67.3125,True,0.5141203954021143
6djl__C1_O60239--6djl__A1_P62491,11,5,3,4,0.4188280305288254,65.25,True,0.48870587014467487
6djl__C1_O60239--6djl__A1_P62491,12,3,2,4,0.4289575301159634,65.25,True,0.49177977710620946
6djl__C1_O60239--6djl__A1_P62491,13,2,0,4,0.4953098066277578,63.90625,True,0.47095408908079806
6djl__C1_O60239--6djl__A1_P62491,14,1,3,4,0.4535903979513283,58.65625,True,0.45361251882356113
6djl__C1_O60239--6djl__A1_P62491,15,2,2,4,0.4426035683980436,57.15625,True,0.4470982735716083
6djl__C1_O60239--6djl__A1_P62491,16,2,3,4,0.4521638659973295,54.9375,True,0.42211852110850534
6djl__C1_O60239--6djl__A1_P62491,17,1,0,4,0.4282936497785413,54.125,True,0.4256740932613068
6djl__C1_O60239--6djl__A1_P62491,18,2,1,4,0.4622016214053632,53.3125,True,0.3961238895970886
6djl__C1_O60239--6djl__A1_P62491,19,1,2,4,0.4706160893236517,52.625,True,0.3996119161322222
6djl__C1_O60239--6djl__A1_P62491,20,1,1,4,0.4533629017041309,49.0625,True,0.37870893344362017
6dkk__B1_P0DPI0--6dkk__A1_P0DPI0,1,5,0,0,0.005764619969538,32.75,False,0.6305060463137707
6dkk__B1_P0DPI0--6dkk__A1_P0DPI0,2,3,0,0,0.0065638311960848,22.171875,False,0.6102603246097246
6dkk__B1_P0DPI0--6dkk__A1_P0DPI0,3,2,3,0,0.0066135492336453,21.171875,False,0.5502233294716362
6dkk__B1_P0DPI0--6dkk__A1_P0DPI0,4,4,1,0,0.0082779855059686,21.109375,False,0.5570880351764017
6dkk__B1_P0DPI0--6dkk__A1_P0DPI0,5,2,1,0,0.0053241932766119,20.9375,False,0.5174169436583983
6dkk__B1_P0DPI0--6dkk__A1_P0DPI0,6,5,1,0,0.0078880237597457,20.796875,False,0.5624397070321181
6dkk__B1_P0DPI0--6dkk__A1_P0DPI0,7,4,0,0,0.0084640403373168,20.796875,False,0.5709805862213955
6dkk__B1_P0DPI0--6dkk__A1_P0DPI0,8,3,2,0,0.0278131724355081,20.078125,False,0.5727403837428736
6dkk__B1_P0DPI0--6dkk__A1_P0DPI0,9,4,3,0,0.0079263935968219,20.078125,False,0.5417511305538015
6dkk__B1_P0DPI0--6dkk__A1_P0DPI0,10,1,1,0,0.0067759878807983,19.921875,False,0.5002695699824984
6dkk__B1_P0DPI0--6dkk__A1_P0DPI0,11,2,0,0,0.0072918729235854,19.765625,False,0.4600994721591195
6dkk__B1_P0DPI0--6dkk__A1_P0DPI0,12,3,1,0,0.0088318576017062,19.671875,False,0.5076235377183568
6dkk__B1_P0DPI0--6dkk__A1_P0DPI0,13,5,3,0,0.0077391080490189,19.65625,False,0.46201305438788365
6dkk__B1_P0DPI0--6dkk__A1_P0DPI0,14,1,3,0,0.0060522700097492,19.640625,False,0.4856614069023233
6dkk__B1_P0DPI0--6dkk__A1_P0DPI0,15,1,2,0,0.0067067926927074,19.390625,False,0.4914744549859994
6dkk__B1_P0DPI0--6dkk__A1_P0DPI0,16,5,2,0,0.0072466451458148,19.359375,False,0.41176308487497565
6dkk__B1_P0DPI0--6dkk__A1_P0DPI0,17,2,2,0,0.0083842558208189,19.3125,False,0.5017730088572478
6dkk__B1_P0DPI0--6dkk__A1_P0DPI0,18,4,2,0,0.0077075032101201,19.25,False,0.4135460528180482
6dkk__B1_P0DPI0--6dkk__A1_P0DPI0,19,3,3,0,0.0074650248474466,19.015625,False,0.40618751721987306
6dkk__B1_P0DPI0--6dkk__A1_P0DPI0,20,1,0,0,0.0064381104244882,19.0,False,0.41456296451826297
6e8a__A1_Q7CPJ3--6e8a__A2_Q7CPJ3,1,1,1,4,0.764736155460375,66.4375,True,0.48302203123030174
6e8a__A1_Q7CPJ3--6e8a__A2_Q7CPJ3,2,1,2,4,0.73453346894241,62.71875,True,0.46960809114349034
6e8a__A1_Q7CPJ3--6e8a__A2_Q7CPJ3,3,3,2,4,0.0199713373085826,53.71875,False,0.6189993276314952
6e8a__A1_Q7CPJ3--6e8a__A2_Q7CPJ3,4,3,3,4,0.023638728118345,52.625,False,0.6062373727954674
6e8a__A1_Q7CPJ3--6e8a__A2_Q7CPJ3,5,3,0,4,0.0217723563058478,52.125,False,0.5933287868938932
6e8a__A1_Q7CPJ3--6e8a__A2_Q7CPJ3,6,3,1,4,0.0235606854543555,51.09375,False,0.5802899974781573
6e8a__A1_Q7CPJ3--6e8a__A2_Q7CPJ3,7,1,3,4,0.0282141720360221,46.1875,False,0.5679125248095263
6e8a__A1_Q7CPJ3--6e8a__A2_Q7CPJ3,8,1,0,4,0.0274757180368878,43.96875,False,0.5464951903857775
6e8a__A1_Q7CPJ3--6e8a__A2_Q7CPJ3,9,2,0,4,0.0225595035873023,42.28125,False,0.5471977574452486
6e8a__A1_Q7CPJ3--6e8a__A2_Q7CPJ3,10,2,1,4,0.0224072628535698,39.90625,False,0.5229734875305625
6e8a__A1_Q7CPJ3--6e8a__A2_Q7CPJ3,11,2,3,4,0.0216398725624569,39.375,False,0.5187679492977564
6e8a__A1_Q7CPJ3--6e8a__A2_Q7CPJ3,12,2,2,4,0.0231343813532616,37.4375,False,0.49846382317498716
6e8a__A1_Q7CPJ3--6e8a__A2_Q7CPJ3,13,4,3,4,0.0205779897411691,36.78125,False,0.48420153443671965
6e8a__A1_Q7CPJ3--6e8a__A2_Q7CPJ3,14,4,2,4,0.0206224162232365,34.6875,False,0.4725831091983261
6e8a__A1_Q7CPJ3--6e8a__A2_Q7CPJ3,15,5,0,4,0.0244443508484776,34.5625,False,0.43238166306988113
6e8a__A1_Q7CPJ3--6e8a__A2_Q7CPJ3,16,4,1,4,0.0219226719757072,34.53125,False,0.45698761042801717
6e8a__A1_Q7CPJ3--6e8a__A2_Q7CPJ3,17,5,3,4,0.0238488802953898,34.46875,False,0.44479406668044474
6e8a__A1_Q7CPJ3--6e8a__A2_Q7CPJ3,18,5,2,4,0.0240011404702606,33.8125,False,0.4105064508194795
6e8a__A1_Q7CPJ3--6e8a__A2_Q7CPJ3,19,4,0,4,0.0211879295691032,33.25,False,0.4273410216877777
6e8a__A1_Q7CPJ3--6e8a__A2_Q7CPJ3,20,5,1,4,0.0239741168182485,33.15625,False,0.3947019741911962
6efw__A1_J9VIT7--6efw__A2_J9VIT7,1,2,2,2,0.703673586731474,72.9375,True,0.6230287144243065
6efw__A1_J9VIT7--6efw__A2_J9VIT7,2,2,1,2,0.701447615131768,67.9375,True,0.6063031766305981
6efw__A1_J9VIT7--6efw__A2_J9VIT7,3,2,3,2,0.6867914600401533,67.875,True,0.5987344226668035
6efw__A1_J9VIT7--6efw__A2_J9VIT7,4,2,0,2,0.6989860056779059,67.8125,True,0.5949159270187913
6efw__A1_J9VIT7--6efw__A2_J9VIT7,5,5,2,2,0.688639173258307,65.8125,True,0.5817691381632171
6efw__A1_J9VIT7--6efw__A2_J9VIT7,6,5,0,2,0.6813912939860418,65.625,True,0.5911376162802954
6efw__A1_J9VIT7--6efw__A2_J9VIT7,7,5,3,2,0.6834056876098588,65.25,True,0.576687515113923
6efw__A1_J9VIT7--6efw__A2_J9VIT7,8,4,3,2,0.6991902490356061,61.125,True,0.556785277525185
6efw__A1_J9VIT7--6efw__A2_J9VIT7,9,4,0,2,0.7032743511008027,60.78125,True,0.5393977257527984
6efw__A1_J9VIT7--6efw__A2_J9VIT7,10,4,2,2,0.699313150600635,60.03125,True,0.5219137590334475
6efw__A1_J9VIT7--6efw__A2_J9VIT7,11,5,1,2,0.6812553683657402,59.09375,True,0.5180672957576999
6efw__A1_J9VIT7--6efw__A2_J9VIT7,12,4,1,2,0.7016007968714222,58.125,True,0.47327783009820285
6efw__A1_J9VIT7--6efw__A2_J9VIT7,13,3,2,2,0.671222922657169,52.6875,True,0.46825496192361893
6efw__A1_J9VIT7--6efw__A2_J9VIT7,14,1,2,2,0.6584395509908373,52.1875,True,0.4335634688572985
6efw__A1_J9VIT7--6efw__A2_J9VIT7,15,3,3,2,0.6666885140098415,51.84375,True,0.4298552989922191
6efw__A1_J9VIT7--6efw__A2_J9VIT7,16,3,0,2,0.6687378382169747,51.75,True,0.4370920212993188
6efw__A1_J9VIT7--6efw__A2_J9VIT7,17,1,1,2,0.6514396229424074,51.0,True,0.42953415523452954
6efw__A1_J9VIT7--6efw__A2_J9VIT7,18,1,3,2,0.6314515730137832,50.90625,True,0.41223810411346923
6efw__A1_J9VIT7--6efw__A2_J9VIT7,19,3,1,2,0.6664961613674115,50.75,True,0.4145267669595868
6efw__A1_J9VIT7--6efw__A2_J9VIT7,20,1,0,2,0.6384811446418123,45.25,True,0.39722119571603265
6eho__A1_Q99523--6eho__A2_Q99523,1,3,0,0,0.0246942943023912,33.96875,False,0.6258344048763634
6eho__A1_Q99523--6eho__A2_Q99523,2,3,2,0,0.0183893879874182,29.15625,False,0.5599734926703506
6eho__A1_Q99523--6eho__A2_Q99523,3,3,3,0,0.0192174371088776,29.03125,False,0.5752028823457771
6eho__A1_Q99523--6eho__A2_Q99523,4,1,0,0,0.4652483875860905,28.953125,True,0.5235811921501298
6eho__A1_Q99523--6eho__A2_Q99523,5,5,2,0,0.0577005061968569,28.890625,False,0.6076981713618286
6eho__A1_Q99523--6eho__A2_Q99523,6,5,1,0,0.0686279116956756,28.703125,False,0.573951464370071
6eho__A1_Q99523--6eho__A2_Q99523,7,5,0,0,0.0676050019670786,28.390625,False,0.547750779825056
6eho__A1_Q99523--6eho__A2_Q99523,8,4,3,0,0.0585527280700327,28.21875,False,0.5970968851139375
6eho__A1_Q99523--6eho__A2_Q99523,9,5,3,0,0.0661752505282865,27.703125,False,0.5399698239344698
6eho__A1_Q99523--6eho__A2_Q99523,10,3,1,0,0.0213534975466503,27.109375,False,0.47503418334751446
6eho__A1_Q99523--6eho__A2_Q99523,11,4,1,0,0.0625917889585411,26.796875,False,0.5353616714925314
6eho__A1_Q99523--6eho__A2_Q99523,12,1,3,0,0.328041492714487,26.265625,True,0.47542009353325304
6eho__A1_Q99523--6eho__A2_Q99523,13,4,0,0,0.1265338606655719,25.9375,False,0.5191097409743856
6eho__A1_Q99523--6eho__A2_Q99523,14,4,2,0,0.1956467777859729,25.21875,False,0.4963437870814754
6eho__A1_Q99523--6eho__A2_Q99523,15,1,1,0,0.0550509539824464,25.046875,False,0.4344762292318002
6eho__A1_Q99523--6eho__A2_Q99523,16,1,2,0,0.0552393310149311,24.9375,False,0.4198603756258967
6eho__A1_Q99523--6eho__A2_Q99523,17,2,0,0,0.0537148327496691,24.484375,False,0.4367482211299042
6eho__A1_Q99523--6eho__A2_Q99523,18,2,1,0,0.1354622578553736,24.15625,False,0.4238225269686074
6eho__A1_Q99523--6eho__A2_Q99523,19,2,2,0,0.1863043261677114,23.71875,False,0.41425237850532376
6eho__A1_Q99523--6eho__A2_Q99523,20,2,3,0,0.1619125371056051,23.625,False,0.3871680011830674
6ejv__A1_Q65J43--6ejv__B1_Q65J43,1,5,1,2,0.0318454329595879,42.25,False,0.6230287144243065
6ejv__A1_Q65J43--6ejv__B1_Q65J43,2,5,2,2,0.0302612869057882,39.5625,False,0.6115736109422036
6ejv__A1_Q65J43--6ejv__B1_Q65J43,3,5,3,2,0.0293862247173506,39.25,False,0.6025968779331966
6ejv__A1_Q65J43--6ejv__B1_Q65J43,4,5,0,2,0.0317334013474629,36.78125,False,0.5856691462263917
6ejv__A1_Q65J43--6ejv__B1_Q65J43,5,2,0,2,0.2665188115740216,26.203125,True,0.5711657595488274
6ejv__A1_Q65J43--6ejv__B1_Q65J43,6,2,3,2,0.1969456972470452,25.953125,False,0.5781200362304109
6ejv__A1_Q65J43--6ejv__B1_Q65J43,7,2,1,2,0.2545648841341112,23.71875,True,0.5515293587044099
6ejv__A1_Q65J43--6ejv__B1_Q65J43,8,2,2,2,0.2538688763883081,23.546875,True,0.5476920908443149
6ejv__A1_Q65J43--6ejv__B1_Q65J43,9,1,3,2,0.057949434525657,18.0,False,0.5235150420002738
6ejv__A1_Q65J43--6ejv__B1_Q65J43,10,1,2,2,0.0561491102526936,17.8125,False,0.4787471620377422
6ejv__A1_Q65J43--6ejv__B1_Q65J43,11,1,0,2,0.0552660084598555,17.703125,False,0.49314194786084625
6ejv__A1_Q65J43--6ejv__B1_Q65J43,12,1,1,2,0.0572925565026062,17.65625,False,0.49583388926695604
6ejv__A1_Q65J43--6ejv__B1_Q65J43,13,4,1,2,0.0528505860940707,17.15625,False,0.4710874503682199
6ejv__A1_Q65J43--6ejv__B1_Q65J43,14,3,3,2,0.066302581873239,16.8125,False,0.49196748187210926
6ejv__A1_Q65J43--6ejv__B1_Q65J43,15,4,0,2,0.0614591695399426,16.40625,False,0.449145260210571
6ejv__A1_Q65J43--6ejv__B1_Q65J43,16,3,0,2,0.0370039114747541,16.390625,False,0.4533442479722934
6ejv__A1_Q65J43--6ejv__B1_Q65J43,17,3,1,2,0.0815097527347915,16.015625,False,0.44077910920476876
6ejv__A1_Q65J43--6ejv__B1_Q65J43,18,4,2,2,0.0400809551550241,15.9765625,False,0.40533526237018724
6ejv__A1_Q65J43--6ejv__B1_Q65J43,19,4,3,2,0.0535185998783207,15.9375,False,0.4127397727798617
6ejv__A1_Q65J43--6ejv__B1_Q65J43,20,3,2,2,0.0256298232128025,15.8515625,False,0.4169174752481708
6em0__A1_O06647--6em0__A2_O06647,1,1,0,2,0.0056961502810907,92.5,False,0.536339209214268
6em0__A1_O06647--6em0__A2_O06647,2,4,2,2,0.0057522544852619,92.5,False,0.575696976480532
6em0__A1_O06647--6em0__A2_O06647,3,4,1,2,0.0057116357075769,92.5,False,0.5808625674816903
6em0__A1_O06647--6em0__A2_O06647,4,4,3,2,0.005692556415611,92.5,False,0.5970221906421868
6em0__A1_O06647--6em0__A2_O06647,5,1,2,2,0.005659698380052,92.4375,False,0.5285493746260481
6em0__A1_O06647--6em0__A2_O06647,6,1,3,2,0.0057098174715215,92.4375,False,0.5391719316438983
6em0__A1_O06647--6em0__A2_O06647,7,4,0,2,0.0057111284687183,92.375,False,0.5275100651635473
6em0__A1_O06647--6em0__A2_O06647,8,1,1,2,0.0056860181201621,92.375,False,0.5142108347806713
6em0__A1_O06647--6em0__A2_O06647,9,2,1,2,0.0057245275787561,92.3125,False,0.5457031639929466
6em0__A1_O06647--6em0__A2_O06647,10,5,3,2,0.0057219050017155,92.3125,False,0.5477691620122079
6em0__A1_O06647--6em0__A2_O06647,11,5,2,2,0.0057704396869541,92.3125,False,0.5278363354292264
6em0__A1_O06647--6em0__A2_O06647,12,3,2,2,0.0057106013480826,92.25,False,0.4516198462430491
6em0__A1_O06647--6em0__A2_O06647,13,5,0,2,0.0057627351216864,92.25,False,0.5104359677211736
6em0__A1_O06647--6em0__A2_O06647,14,5,1,2,0.0057416572687901,92.25,False,0.5136220124939955
6em0__A1_O06647--6em0__A2_O06647,15,2,2,2,0.0057061567058486,92.1875,False,0.5033256111978686
6em0__A1_O06647--6em0__A2_O06647,16,2,3,2,0.0056727550477176,92.125,False,0.4710737306806678
6em0__A1_O06647--6em0__A2_O06647,17,2,0,2,0.0057111779093664,92.125,False,0.4781163150541315
6em0__A1_O06647--6em0__A2_O06647,18,3,3,2,0.0057571462973227,92.0625,False,0.4103695357452646
6em0__A1_O06647--6em0__A2_O06647,19,3,0,2,0.0057325177870318,92.0625,False,0.4191445606425426
6em0__A1_O06647--6em0__A2_O06647,20,3,1,2,0.0056568736494917,92.0,False,0.42967018777608046
6exa__B1_Q5ZYC7--6exa__A1_Q5ZYC7,1,5,0,1,0.5555576040803123,78.9375,True,0.6207961192010873
6exa__B1_Q5ZYC7--6exa__A1_Q5ZYC7,2,5,3,1,0.5747211659881609,77.75,True,0.6162859020212967
6exa__B1_Q5ZYC7--6exa__A1_Q5ZYC7,3,5,2,1,0.5574649258922489,74.1875,True,0.5891460594657943
6exa__B1_Q5ZYC7--6exa__A1_Q5ZYC7,4,3,3,1,0.574404289841351,73.4375,True,0.5879445169677424
6exa__B1_Q5ZYC7--6exa__A1_Q5ZYC7,5,3,0,1,0.5799426276808793,71.375,True,0.5653474173439742
6exa__B1_Q5ZYC7--6exa__A1_Q5ZYC7,6,1,1,1,0.6461607525567706,71.0625,True,0.5641897543438837
6exa__B1_Q5ZYC7--6exa__A1_Q5ZYC7,7,4,1,1,0.6073715720712739,70.375,True,0.5391975729036875
6exa__B1_Q5ZYC7--6exa__A1_Q5ZYC7,8,5,1,1,0.5836554479272648,70.3125,True,0.5375636970840385
6exa__B1_Q5ZYC7--6exa__A1_Q5ZYC7,9,1,2,1,0.5804341107907748,70.1875,True,0.541993905056688
6exa__B1_Q5ZYC7--6exa__A1_Q5ZYC7,10,3,1,1,0.5945802669846875,68.8125,True,0.5217055518979938
6exa__B1_Q5ZYC7--6exa__A1_Q5ZYC7,11,1,3,1,0.5599537449944659,67.9375,True,0.5058554831977734
6exa__B1_Q5ZYC7--6exa__A1_Q5ZYC7,12,3,2,1,0.6504411042734725,67.8125,True,0.4945607238989938
6exa__B1_Q5ZYC7--6exa__A1_Q5ZYC7,13,1,0,1,0.5995552491932717,61.53125,True,0.475571376291328
6exa__B1_Q5ZYC7--6exa__A1_Q5ZYC7,14,4,0,1,0.5636881931300955,55.65625,True,0.46298576411469894
6exa__B1_Q5ZYC7--6exa__A1_Q5ZYC7,15,4,3,1,0.581280112364986,47.3125,True,0.4504471380644947
6exa__B1_Q5ZYC7--6exa__A1_Q5ZYC7,16,2,0,1,0.0320045447090306,41.125,False,0.43741317753603637
6exa__B1_Q5ZYC7--6exa__A1_Q5ZYC7,17,2,2,1,0.033547578173348,37.90625,False,0.42612739771807273
6exa__B1_Q5ZYC7--6exa__A1_Q5ZYC7,18,2,1,1,0.0553544003372003,34.84375,False,0.41326795100118985
6exa__B1_Q5ZYC7--6exa__A1_Q5ZYC7,19,2,3,1,0.0572333622646144,31.671875,False,0.4005257253429164
6exa__B1_Q5ZYC7--6exa__A1_Q5ZYC7,20,4,2,1,0.0565198968393227,24.25,False,0.389532704860001
6fc2__A1_P07260--6fc2__B1_P36041,1,5,0,4,0.7250175568583596,88.0625,True,0.557695313070481
6fc2__A1_P07260--6fc2__B1_P36041,2,3,0,4,0.7291633403690434,87.9375,True,0.58648083786762
6fc2__A1_P07260--6fc2__B1_P36041,3,3,1,4,0.7343531539992907,87.9375,True,0.6222750286895916
6fc2__A1_P07260--6fc2__B1_P36041,4,1,2,4,0.673249941965981,87.9375,True,0.501557766520052
6fc2__A1_P07260--6fc2__B1_P36041,5,1,0,4,0.7196783883478072,87.875,True,0.5644667397274556
6fc2__A1_P07260--6fc2__B1_P36041,6,3,2,4,0.7314699199619822,87.75,True,0.5716777271706411
6fc2__A1_P07260--6fc2__B1_P36041,7,1,1,4,0.7107244584230769,87.75,True,0.5774079552191212
6fc2__A1_P07260--6fc2__B1_P36041,8,5,3,4,0.7240588098352584,87.6875,True,0.5260411777713888
6fc2__A1_P07260--6fc2__B1_P36041,9,1,3,4,0.7069093181987101,87.625,True,0.5317428263741162
6fc2__A1_P07260--6fc2__B1_P36041,10,4,0,4,0.7044328010890247,87.625,True,0.41899463761866257
6fc2__A1_P07260--6fc2__B1_P36041,11,3,3,4,0.734047795573565,87.625,True,0.520752485066973
6fc2__A1_P07260--6fc2__B1_P36041,12,2,0,4,0.7122065831277701,87.625,True,0.5204076781064291
6fc2__A1_P07260--6fc2__B1_P36041,13,5,2,4,0.6785806484902096,87.5625,True,0.48203978407782583
6fc2__A1_P07260--6fc2__B1_P36041,14,4,2,4,0.7057878842971507,87.5,True,0.4347439667718036
6fc2__A1_P07260--6fc2__B1_P36041,15,2,2,4,0.7211311840262188,87.4375,True,0.4944987607223584
6fc2__A1_P07260--6fc2__B1_P36041,16,4,3,4,0.7326456060336164,87.25,True,0.4328871366958446
6fc2__A1_P07260--6fc2__B1_P36041,17,2,1,4,0.7107790583306204,87.25,True,0.4483574621878992
6fc2__A1_P07260--6fc2__B1_P36041,18,5,1,4,0.7168496431097581,87.25,True,0.46225635816469807
6fc2__A1_P07260--6fc2__B1_P36041,19,4,1,4,0.7083679297290028,87.125,True,0.3816909765922326
6fc2__A1_P07260--6fc2__B1_P36041,20,2,3,4,0.723367120974606,86.9375,True,0.4424693985315308
6hlk__A1_A0A5H1ZR32--6hlk__A2_A0A5H1ZR32,1,4,0,4,0.802606455045806,68.75,True,0.6284686113820838
6hlk__A1_A0A5H1ZR32--6hlk__A2_A0A5H1ZR32,2,3,0,4,0.7714494104551547,65.5625,True,0.6118241710199823
6hlk__A1_A0A5H1ZR32--6hlk__A2_A0A5H1ZR32,3,5,3,4,0.0284469685272574,55.09375,False,0.607870284764834
6hlk__A1_A0A5H1ZR32--6hlk__A2_A0A5H1ZR32,4,5,0,4,0.0439301597662367,41.8125,False,0.5831111926690621
6hlk__A1_A0A5H1ZR32--6hlk__A2_A0A5H1ZR32,5,5,1,4,0.0419197091929465,39.84375,False,0.5537165492585757
6hlk__A1_A0A5H1ZR32--6hlk__A2_A0A5H1ZR32,6,2,0,4,0.0305511194809096,31.40625,False,0.5522769347110811
6hlk__A1_A0A5H1ZR32--6hlk__A2_A0A5H1ZR32,7,3,3,4,0.5769200678227463,30.71875,True,0.5537441388467944
6hlk__A1_A0A5H1ZR32--6hlk__A2_A0A5H1ZR32,8,3,2,4,0.0163681040472731,24.125,False,0.5054288339817488
6hlk__A1_A0A5H1ZR32--6hlk__A2_A0A5H1ZR32,9,3,1,4,0.0180580772267054,23.375,False,0.49411715690358254
6hlk__A1_A0A5H1ZR32--6hlk__A2_A0A5H1ZR32,10,5,2,4,0.0976534835879497,19.8125,False,0.5675438828067969
6hlk__A1_A0A5H1ZR32--6hlk__A2_A0A5H1ZR32,11,4,1,4,0.1914089727765747,17.328125,False,0.5090908916467821
6hlk__A1_A0A5H1ZR32--6hlk__A2_A0A5H1ZR32,12,4,3,4,0.0336121416984886,16.5625,False,0.5072320052125967
6hlk__A1_A0A5H1ZR32--6hlk__A2_A0A5H1ZR32,13,2,2,4,0.0420356215027219,15.328125,False,0.46148896871461936
6hlk__A1_A0A5H1ZR32--6hlk__A2_A0A5H1ZR32,14,2,3,4,0.0251230630487242,15.234375,False,0.4318374401818732
6hlk__A1_A0A5H1ZR32--6hlk__A2_A0A5H1ZR32,15,1,0,4,0.0202965601041922,15.046875,False,0.4296385176149242
6hlk__A1_A0A5H1ZR32--6hlk__A2_A0A5H1ZR32,16,1,3,4,0.0150905057936401,14.84375,False,0.43208421368459765
6hlk__A1_A0A5H1ZR32--6hlk__A2_A0A5H1ZR32,17,4,2,4,0.0936468589558888,14.7421875,False,0.4526142959026221
6hlk__A1_A0A5H1ZR32--6hlk__A2_A0A5H1ZR32,18,1,1,4,0.029800825913771,14.71875,False,0.3971360877722388
6hlk__A1_A0A5H1ZR32--6hlk__A2_A0A5H1ZR32,19,2,1,4,0.0256029850881132,13.9609375,False,0.4165634999313692
6hlk__A1_A0A5H1ZR32--6hlk__A2_A0A5H1ZR32,20,1,2,4,0.0549067474807918,13.7578125,False,0.3813191686432985
6hmv__A1_Q9H3P7--6hmv__B1_Q68T42,1,4,3,4,0.9377771140401684,91.5625,True,0.6199786594352252
6hmv__A1_Q9H3P7--6hmv__B1_Q68T42,2,2,0,4,0.9295588797392088,91.0625,True,0.5523656101655086
6hmv__A1_Q9H3P7--6hmv__B1_Q68T42,3,2,2,4,0.9378832376587568,91.0625,True,0.5621876342429495
6hmv__A1_Q9H3P7--6hmv__B1_Q68T42,4,2,1,4,0.934015388279588,90.875,True,0.5302753091405209
6hmv__A1_Q9H3P7--6hmv__B1_Q68T42,5,4,1,4,0.923380952013458,90.8125,True,0.5892361391723846
6hmv__A1_Q9H3P7--6hmv__B1_Q68T42,6,1,0,4,0.9271496392735608,90.75,True,0.6158500451275957
6hmv__A1_Q9H3P7--6hmv__B1_Q68T42,7,1,1,4,0.9344829357138934,90.5625,True,0.5878771495358193
6hmv__A1_Q9H3P7--6hmv__B1_Q68T42,8,2,3,4,0.9391507016638266,90.4375,True,0.5097074788149057
6hmv__A1_Q9H3P7--6hmv__B1_Q68T42,9,4,2,4,0.9298107314374574,90.25,True,0.5354105212089356
6hmv__A1_Q9H3P7--6hmv__B1_Q68T42,10,1,2,4,0.9000013272657968,90.0625,True,0.5601138585261562
6hmv__A1_Q9H3P7--6hmv__B1_Q68T42,11,1,3,4,0.8911916896976315,89.25,True,0.5377128864170747
6hmv__A1_Q9H3P7--6hmv__B1_Q68T42,12,5,0,4,0.9055170902784496,88.4375,True,0.4816673068208386
6hmv__A1_Q9H3P7--6hmv__B1_Q68T42,13,5,1,4,0.8739318293339738,88.0625,True,0.47039120486221897
6hmv__A1_Q9H3P7--6hmv__B1_Q68T42,14,4,0,4,0.7672054925031615,87.3125,True,0.46020945917905964
6hmv__A1_Q9H3P7--6hmv__B1_Q68T42,15,5,2,4,0.8377759236279246,86.0,True,0.4437063591061072
6hmv__A1_Q9H3P7--6hmv__B1_Q68T42,16,3,1,4,0.7838656624391717,85.75,True,0.4304751085074142
6hmv__A1_Q9H3P7--6hmv__B1_Q68T42,17,5,3,4,0.634996391720276,84.75,True,0.41012870492878895
6hmv__A1_Q9H3P7--6hmv__B1_Q68T42,18,3,0,4,0.8500404202085602,84.6875,True,0.4094350968638998
6hmv__A1_Q9H3P7--6hmv__B1_Q68T42,19,3,3,4,0.7548163168101162,84.25,True,0.39246382756611164
6hmv__A1_Q9H3P7--6hmv__B1_Q68T42,20,3,2,4,0.7920377177326005,83.9375,True,0.3797176012652412
6htj__A1_Q97VU8--6htj__B1_Q97VU8,1,2,0,2,0.015487878275578,85.1875,False,0.6230287144243065
6htj__A1_Q97VU8--6htj__B1_Q97VU8,2,2,2,2,0.0154040553329603,83.6875,False,0.6063403890614243
6htj__A1_Q97VU8--6htj__B1_Q97VU8,3,2,1,2,0.0157424652196562,83.625,False,0.6052565682214461
6htj__A1_Q97VU8--6htj__B1_Q97VU8,4,1,0,2,0.0147235276243064,80.25,False,0.588301374160422
6htj__A1_Q97VU8--6htj__B1_Q97VU8,5,1,1,2,0.0145567398525672,77.4375,False,0.5765083010473344
6htj__A1_Q97VU8--6htj__B1_Q97VU8,6,2,3,2,0.0156691089342091,73.6875,False,0.5602757621691186
6htj__A1_Q97VU8--6htj__B1_Q97VU8,7,1,2,2,0.0143840700443148,71.5625,False,0.557039248436016
6htj__A1_Q97VU8--6htj__B1_Q97VU8,8,4,3,2,0.0149009109912118,44.96875,False,0.5406550490225106
6htj__A1_Q97VU8--6htj__B1_Q97VU8,9,4,2,2,0.2944983749936434,24.953125,True,0.5169520060400594
6htj__A1_Q97VU8--6htj__B1_Q97VU8,10,4,0,2,0.0882093657129779,23.890625,False,0.49369455192901696
6htj__A1_Q97VU8--6htj__B1_Q97VU8,11,3,3,2,0.0551870215618377,21.46875,False,0.5091675299566861
6htj__A1_Q97VU8--6htj__B1_Q97VU8,12,3,0,2,0.0575776380489451,21.390625,False,0.4964518819757576
6htj__A1_Q97VU8--6htj__B1_Q97VU8,13,4,1,2,0.0511132171208538,21.34375,False,0.4969970646179694
6htj__A1_Q97VU8--6htj__B1_Q97VU8,14,3,1,2,0.0736929031870838,20.140625,False,0.466647306586435
6htj__A1_Q97VU8--6htj__B1_Q97VU8,15,5,2,2,0.1120197988444027,19.734375,False,0.4627911807662538
6htj__A1_Q97VU8--6htj__B1_Q97VU8,16,5,0,2,0.3650879501522235,18.859375,True,0.43602267807038375
6htj__A1_Q97VU8--6htj__B1_Q97VU8,17,1,3,2,0.185186071550187,18.6875,False,0.419246020860794
6htj__A1_Q97VU8--6htj__B1_Q97VU8,18,3,2,2,0.25232604138315,18.328125,True,0.43591484469159564
6htj__A1_Q97VU8--6htj__B1_Q97VU8,19,5,1,2,0.0961281040142648,18.109375,False,0.417049801982467
6htj__A1_Q97VU8--6htj__B1_Q97VU8,20,5,3,2,0.0574852476427834,15.78125,False,0.3962468057394545
6hul__B1_P50383--6hul__A1_P50382,1,5,1,3,0.7682314825245182,91.125,True,0.6238507407359268
6hul__B1_P50383--6hul__A1_P50382,2,3,3,3,0.78588443699575,90.9375,True,0.6088918312134785
6hul__B1_P50383--6hul__A1_P50382,3,1,2,3,0.7541557321223807,90.0625,True,0.5914461696665964
6hul__B1_P50383--6hul__A1_P50382,4,1,1,3,0.7680210254908532,90.0625,True,0.5950165696262835
6hul__B1_P50383--6hul__A1_P50382,5,5,3,3,0.7862150785363475,90.0625,True,0.5804587231109751
6hul__B1_P50383--6hul__A1_P50382,6,5,2,3,0.7634145650740991,89.625,True,0.5469102090392948
6hul__B1_P50383--6hul__A1_P50382,7,3,2,3,0.7756509790001108,89.4375,True,0.5441699491040695
6hul__B1_P50383--6hul__A1_P50382,8,1,3,3,0.7853586363140508,89.4375,True,0.5586127410497836
6hul__B1_P50383--6hul__A1_P50382,9,4,1,3,0.7872497226615395,89.25,True,0.5208589984888997
6hul__B1_P50383--6hul__A1_P50382,10,3,0,3,0.7860919786775448,89.1875,True,0.5105875360118708
6hul__B1_P50383--6hul__A1_P50382,11,3,1,3,0.7634044663356104,88.6875,True,0.4836529366981061
6hul__B1_P50383--6hul__A1_P50382,12,2,3,3,0.781492536889183,88.5,True,0.5127797515391822
6hul__B1_P50383--6hul__A1_P50382,13,4,2,3,0.8514269150369854,88.0,True,0.4694607392124477
6hul__B1_P50383--6hul__A1_P50382,14,2,2,3,0.7849570233443175,87.6875,True,0.47788713239598857
6hul__B1_P50383--6hul__A1_P50382,15,2,1,3,0.7852161992111872,86.5,True,0.44748674268487854
6hul__B1_P50383--6hul__A1_P50382,16,4,3,3,0.652340248454882,85.6875,True,0.443145277309366
6hul__B1_P50383--6hul__A1_P50382,17,5,0,3,0.6799158832872823,82.1875,True,0.4234054145749716
6hul__B1_P50383--6hul__A1_P50382,18,2,0,3,0.8406130013406848,80.625,True,0.41828835040314216
6hul__B1_P50383--6hul__A1_P50382,19,4,0,3,0.7257410198997197,79.875,True,0.3989940358497885
6hul__B1_P50383--6hul__A1_P50382,20,1,0,3,0.6971231529435976,78.5,True,0.39397041418085876
6i7s__C1_P55157--6i7s__A1_P07237,1,1,0,3,0.7546723345142078,83.4375,True,0.6242139936528602
6i7s__C1_P55157--6i7s__A1_P07237,2,1,1,3,0.7542917078399406,82.625,True,0.5826875567438257
6i7s__C1_P55157--6i7s__A1_P07237,3,5,1,3,0.7179739481860326,82.375,True,0.5929859204236879
6i7s__C1_P55157--6i7s__A1_P07237,4,1,3,3,0.749175217758232,82.125,True,0.5684818237514216
6i7s__C1_P55157--6i7s__A1_P07237,5,1,2,3,0.7434943374086279,82.0,True,0.5693777455460671
6i7s__C1_P55157--6i7s__A1_P07237,6,4,0,3,0.7432364986386985,81.4375,True,0.571003360959565
6i7s__C1_P55157--6i7s__A1_P07237,7,4,3,3,0.731356894165469,81.4375,True,0.5776432520308371
6i7s__C1_P55157--6i7s__A1_P07237,8,5,0,3,0.7321885014716413,81.375,True,0.5268728250756431
6i7s__C1_P55157--6i7s__A1_P07237,9,4,1,3,0.7030162245634283,81.0625,True,0.5437280836105313
6i7s__C1_P55157--6i7s__A1_P07237,10,4,2,3,0.7316454078410484,80.625,True,0.5360837639933781
6i7s__C1_P55157--6i7s__A1_P07237,11,2,1,3,0.7061924534869072,79.875,True,0.47873178158142404
6i7s__C1_P55157--6i7s__A1_P07237,12,5,3,3,0.7252910237509652,79.8125,True,0.48299677477775527
6i7s__C1_P55157--6i7s__A1_P07237,13,2,0,3,0.7337366674568188,79.5625,True,0.48977897710021345
6i7s__C1_P55157--6i7s__A1_P07237,14,2,3,3,0.7612519490347993,78.4375,True,0.46227856393519356
6i7s__C1_P55157--6i7s__A1_P07237,15,5,2,3,0.7099945865768555,78.3125,True,0.43950709706801316
6i7s__C1_P55157--6i7s__A1_P07237,16,3,0,3,0.6508890814585512,78.1875,True,0.45656976226368234
6i7s__C1_P55157--6i7s__A1_P07237,17,2,2,3,0.7378199856747866,78.0,True,0.42934920684204875
6i7s__C1_P55157--6i7s__A1_P07237,18,3,1,3,0.579651881691957,74.625,True,0.419047340660483
6i7s__C1_P55157--6i7s__A1_P07237,19,3,3,3,0.4973066088616764,72.625,True,0.39580027067995777
6i7s__C1_P55157--6i7s__A1_P07237,20,3,2,3,0.5414302063790876,72.375,True,0.40346092062873984
6in7__B1_Q06198--6in7__A1_P38107,1,1,1,2,0.7807760753875316,90.625,True,0.6230287144243065
6in7__B1_Q06198--6in7__A1_P38107,2,1,0,2,0.7735957360895118,90.375,True,0.5854622922758392
6in7__B1_Q06198--6in7__A1_P38107,3,3,1,2,0.8071782182788235,90.125,True,0.6004544109780953
6in7__B1_Q06198--6in7__A1_P38107,4,3,2,2,0.808910487088584,90.0,True,0.5778330591518035
6in7__B1_Q06198--6in7__A1_P38107,5,1,2,2,0.806848143079972,89.625,True,0.5305136901377016
6in7__B1_Q06198--6in7__A1_P38107,6,5,2,2,0.8003719057641066,89.5,True,0.5627294117155562
6in7__B1_Q06198--6in7__A1_P38107,7,4,2,2,0.7742388139398741,89.4375,True,0.5256074602515564
6in7__B1_Q06198--6in7__A1_P38107,8,3,0,2,0.8130302587978022,89.375,True,0.5158873865820078
6in7__B1_Q06198--6in7__A1_P38107,9,5,0,2,0.8071450674581575,89.375,True,0.5360261354299092
6in7__B1_Q06198--6in7__A1_P38107,10,5,1,2,0.8019526141323426,89.375,True,0.5558878183774556
6in7__B1_Q06198--6in7__A1_P38107,11,4,1,2,0.7755795484703162,89.3125,True,0.5255873721585739
6in7__B1_Q06198--6in7__A1_P38107,12,5,3,2,0.805600668330665,89.3125,True,0.48159574130757915
6in7__B1_Q06198--6in7__A1_P38107,13,2,1,2,0.8260655627359705,89.25,True,0.46775241724185845
6in7__B1_Q06198--6in7__A1_P38107,14,4,0,2,0.7806279195470145,89.1875,True,0.4693374945739722
6in7__B1_Q06198--6in7__A1_P38107,15,3,3,2,0.8159101924598238,89.1875,True,0.47835415304615275
6in7__B1_Q06198--6in7__A1_P38107,16,2,2,2,0.8294965234918014,88.875,True,0.49172437095949845
6in7__B1_Q06198--6in7__A1_P38107,17,4,3,2,0.7752296771003264,88.625,True,0.4514854023690782
6in7__B1_Q06198--6in7__A1_P38107,18,1,3,2,0.7978264112346215,88.625,True,0.4172632602375965
6in7__B1_Q06198--6in7__A1_P38107,19,2,3,2,0.8206133397713101,88.125,True,0.4153501536542091
6in7__B1_Q06198--6in7__A1_P38107,20,2,0,2,0.817035336213411,87.625,True,0.394178666352703
6iub__A1_O25759--6iub__B1_O25759,1,1,2,4,0.1604494920811686,90.5625,False,0.6208151074713059
6iub__A1_O25759--6iub__B1_O25759,2,1,0,4,0.1630834502930936,90.3125,False,0.6080754643731465
6iub__A1_O25759--6iub__B1_O25759,3,1,1,4,0.16705347776027,90.0625,False,0.5918741753081488
6iub__A1_O25759--6iub__B1_O25759,4,1,3,4,0.1712575198609405,89.9375,False,0.5607195207660572
6iub__A1_O25759--6iub__B1_O25759,5,2,0,4,0.1420461493868372,88.875,False,0.595203712824565
6iub__A1_O25759--6iub__B1_O25759,6,2,3,4,0.1415989170646357,88.5625,False,0.5829499630022035
6iub__A1_O25759--6iub__B1_O25759,7,2,2,4,0.1420550587734984,88.25,False,0.5622989509821799
6iub__A1_O25759--6iub__B1_O25759,8,2,1,4,0.1417183983674608,88.0,False,0.5364497988725603
6iub__A1_O25759--6iub__B1_O25759,9,3,3,4,0.168123518745118,87.5,False,0.4994668170162037
6iub__A1_O25759--6iub__B1_O25759,10,5,0,4,0.1628376287180989,87.5,False,0.5072944356681296
6iub__A1_O25759--6iub__B1_O25759,11,3,2,4,0.1677592891672875,87.4375,False,0.470176444859411
6iub__A1_O25759--6iub__B1_O25759,12,3,0,4,0.1690195191487085,87.375,False,0.46734016291201375
6iub__A1_O25759--6iub__B1_O25759,13,5,2,4,0.161487827450837,87.25,False,0.5024632823410111
6iub__A1_O25759--6iub__B1_O25759,14,5,1,4,0.1640663412916916,86.9375,False,0.4817385144218389
6iub__A1_O25759--6iub__B1_O25759,15,5,3,4,0.1630120904396575,86.8125,False,0.4607121353574785
6iub__A1_O25759--6iub__B1_O25759,16,3,1,4,0.1682754315962299,86.5625,False,0.43877380980649405
6iub__A1_O25759--6iub__B1_O25759,17,4,1,4,0.2411157659653081,63.34375,True,0.41333084536502407
6iub__A1_O25759--6iub__B1_O25759,18,4,0,4,0.2296363885645787,63.25,False,0.4042376577037709
6iub__A1_O25759--6iub__B1_O25759,19,4,2,4,0.2362100753506071,62.0,True,0.395472584309675
6iub__A1_O25759--6iub__B1_O25759,20,4,3,4,0.2295848676767181,60.625,False,0.37870893344362017
6j2u__B1_Q93HL2--6j2u__A1_Q93HL1,1,1,1,2,0.9374508786738164,93.5,True,0.6107281833835999
6j2u__B1_Q93HL2--6j2u__A1_Q93HL1,2,1,2,2,0.9341866835934534,93.5,True,0.5831309870446513
6j2u__B1_Q93HL2--6j2u__A1_Q93HL1,3,5,3,2,0.929333339208146,93.4375,True,0.5650750465408867
6j2u__B1_Q93HL2--6j2u__A1_Q93HL1,4,5,2,2,0.9354429283772266,93.4375,True,0.5853363773219752
6j2u__B1_Q93HL2--6j2u__A1_Q93HL1,5,5,1,2,0.9341261950606377,93.4375,True,0.538269493618181
6j2u__B1_Q93HL2--6j2u__A1_Q93HL1,6,1,3,2,0.9391406173884288,93.4375,True,0.5570330581116661
6j2u__B1_Q93HL2--6j2u__A1_Q93HL1,7,1,0,2,0.934362713178391,93.4375,True,0.5581217056804706
6j2u__B1_Q93HL2--6j2u__A1_Q93HL1,8,3,2,2,0.9321014408763229,93.375,True,0.52866848682612
6j2u__B1_Q93HL2--6j2u__A1_Q93HL1,9,5,0,2,0.9241202678034404,93.375,True,0.5670645965304799
6j2u__B1_Q93HL2--6j2u__A1_Q93HL1,10,4,3,2,0.9334068395345028,93.25,True,0.5549553149415646
6j2u__B1_Q93HL2--6j2u__A1_Q93HL1,11,3,1,2,0.9330093220840024,93.25,True,0.46624071072809437
6j2u__B1_Q93HL2--6j2u__A1_Q93HL1,12,3,3,2,0.9311192428770776,93.1875,True,0.48977783769918254
6j2u__B1_Q93HL2--6j2u__A1_Q93HL1,13,4,1,2,0.935260031701876,93.125,True,0.5252982987132877
6j2u__B1_Q93HL2--6j2u__A1_Q93HL1,14,3,0,2,0.9279856182012944,93.125,True,0.46226421233377685
6j2u__B1_Q93HL2--6j2u__A1_Q93HL1,15,4,2,2,0.9324712656762328,93.0625,True,0.483993208260283
6j2u__B1_Q93HL2--6j2u__A1_Q93HL1,16,2,2,2,0.9312336493612776,92.9375,True,0.45483396223788386
6j2u__B1_Q93HL2--6j2u__A1_Q93HL1,17,2,3,2,0.9326274412805322,92.875,True,0.45067486915354954
6j2u__B1_Q93HL2--6j2u__A1_Q93HL1,18,2,1,2,0.9315170495076566,92.8125,True,0.41990567201831297
6j2u__B1_Q93HL2--6j2u__A1_Q93HL1,19,2,0,2,0.9325568734991664,92.75,True,0.3994599889118409
6j2u__B1_Q93HL2--6j2u__A1_Q93HL1,20,4,0,2,0.9249829135752916,92.625,True,0.4064051490730541
6j4p__A1_Q86V25--6j4p__B1_Q8N300,1,1,0,4,0.7339031598225639,91.8125,True,0.6170917603498146
6j4p__A1_Q86V25--6j4p__B1_Q8N300,2,1,2,4,0.7163390980466021,91.625,True,0.6126051147151299
6j4p__A1_Q86V25--6j4p__B1_Q8N300,3,4,0,4,0.7423890380812779,91.5,True,0.5634632766758004
6j4p__A1_Q86V25--6j4p__B1_Q8N300,4,1,1,4,0.7229078733258886,91.5,True,0.5991515826089565
6j4p__A1_Q86V25--6j4p__B1_Q8N300,5,4,1,4,0.7417572640258001,91.5,True,0.5695426333358997
6j4p__A1_Q86V25--6j4p__B1_Q8N300,6,4,3,4,0.742386198280227,91.5,True,0.5804497085838088
6j4p__A1_Q86V25--6j4p__B1_Q8N300,7,3,3,4,0.739110509733897,91.375,True,0.48898910014381813
6j4p__A1_Q86V25--6j4p__B1_Q8N300,8,1,3,4,0.7197318412362326,91.375,True,0.5911235447771329
6j4p__A1_Q86V25--6j4p__B1_Q8N300,9,4,2,4,0.7398319292464736,91.375,True,0.526564736950735
6j4p__A1_Q86V25--6j4p__B1_Q8N300,10,5,1,4,0.7326546843361372,91.3125,True,0.5077467412611478
6j4p__A1_Q86V25--6j4p__B1_Q8N300,11,5,2,4,0.7106858312774489,91.25,True,0.4909921164188561
6j4p__A1_Q86V25--6j4p__B1_Q8N300,12,3,0,4,0.737263609888093,91.25,True,0.45222758817912456
6j4p__A1_Q86V25--6j4p__B1_Q8N300,13,5,0,4,0.7307696124279959,91.1875,True,0.46715719051365295
6j4p__A1_Q86V25--6j4p__B1_Q8N300,14,5,3,4,0.7311376662794217,91.1875,True,0.46906629308487147
6j4p__A1_Q86V25--6j4p__B1_Q8N300,15,3,1,4,0.737771079155304,91.0625,True,0.43598223918126483
6j4p__A1_Q86V25--6j4p__B1_Q8N300,16,3,2,4,0.7394722195626664,91.0,True,0.39882005103890455
6j4p__A1_Q86V25--6j4p__B1_Q8N300,17,2,0,4,0.7290187431589829,91.0,True,0.47227812422669513
6j4p__A1_Q86V25--6j4p__B1_Q8N300,18,2,1,4,0.7362163043476798,90.75,True,0.4225739103657327
6j4p__A1_Q86V25--6j4p__B1_Q8N300,19,2,3,4,0.7263637134022255,90.6875,True,0.42079152368264144
6j4p__A1_Q86V25--6j4p__B1_Q8N300,20,2,2,4,0.7269347949651078,90.625,True,0.3898616516147353
6j7m__A1_Q9HZZ1--6j7m__C1_Q9HZZ2,1,1,2,0,0.3299399393566154,81.0625,True,0.624290477922785
6j7m__A1_Q9HZZ1--6j7m__C1_Q9HZZ2,2,1,0,0,0.3339746608509506,79.9375,True,0.6086861011389579
6j7m__A1_Q9HZZ1--6j7m__C1_Q9HZZ2,3,1,3,0,0.3322335723292244,78.9375,True,0.5830839665411669
6j7m__A1_Q9HZZ1--6j7m__C1_Q9HZZ2,4,5,0,0,0.3237327538004391,78.4375,True,0.5994768658983836
6j7m__A1_Q9HZZ1--6j7m__C1_Q9HZZ2,5,3,0,0,0.5795710730921008,76.5625,True,0.5447267740800992
6j7m__A1_Q9HZZ1--6j7m__C1_Q9HZZ2,6,1,1,0,0.3858349819534363,75.9375,True,0.5683833620694524
6j7m__A1_Q9HZZ1--6j7m__C1_Q9HZZ2,7,5,2,0,0.3469429507742447,75.875,True,0.5493763532805873
6j7m__A1_Q9HZZ1--6j7m__C1_Q9HZZ2,8,3,2,0,0.6206303640737313,74.75,True,0.5439550431792802
6j7m__A1_Q9HZZ1--6j7m__C1_Q9HZZ2,9,4,2,0,0.6565300593850268,72.375,True,0.5866076394406413
6j7m__A1_Q9HZZ1--6j7m__C1_Q9HZZ2,10,5,3,0,0.3308423810559275,71.0,True,0.514359292536819
6j7m__A1_Q9HZZ1--6j7m__C1_Q9HZZ2,11,4,0,0,0.676368213557936,70.75,True,0.5269533800511497
6j7m__A1_Q9HZZ1--6j7m__C1_Q9HZZ2,12,5,1,0,0.3653492236382941,68.0625,True,0.4832069414662259
6j7m__A1_Q9HZZ1--6j7m__C1_Q9HZZ2,13,3,1,0,0.6562983672467623,67.625,True,0.4431031550573468
6j7m__A1_Q9HZZ1--6j7m__C1_Q9HZZ2,14,2,2,0,0.5258086613205368,66.5,True,0.4606773821048978
6j7m__A1_Q9HZZ1--6j7m__C1_Q9HZZ2,15,4,3,0,0.689590184705315,64.6875,True,0.4602422024578464
6j7m__A1_Q9HZZ1--6j7m__C1_Q9HZZ2,16,2,1,0,0.3824289016401919,64.0625,True,0.44408317216676035
6j7m__A1_Q9HZZ1--6j7m__C1_Q9HZZ2,17,2,3,0,0.4996790691300981,63.96875,True,0.4092491872196863
6j7m__A1_Q9HZZ1--6j7m__C1_Q9HZZ2,18,4,1,0,0.6679202568122795,62.90625,True,0.41077968962988676
6j7m__A1_Q9HZZ1--6j7m__C1_Q9HZZ2,19,3,3,0,0.594623625623618,62.125,True,0.4112500843083461
6j7m__A1_Q9HZZ1--6j7m__C1_Q9HZZ2,20,2,0,0,0.3781328762515868,62.125,True,0.3955946633532394
6jh0__D1_UNDEFINED--6jh0__A1_P03502,1,5,1,4,0.2868185929111327,54.9375,True,0.6208151074713059
6jh0__D1_UNDEFINED--6jh0__A1_P03502,2,5,2,4,0.0317270049239623,49.78125,False,0.6200803308606535
6jh0__D1_UNDEFINED--6jh0__A1_P03502,3,4,3,4,0.0312654614339092,46.15625,False,0.6080837797887821
6jh0__D1_UNDEFINED--6jh0__A1_P03502,4,3,2,4,0.1540090453503059,44.78125,False,0.5895942412674293
6jh0__D1_UNDEFINED--6jh0__A1_P03502,5,3,0,4,0.172870873978848,40.5625,False,0.5669262453429843
6jh0__D1_UNDEFINED--6jh0__A1_P03502,6,4,1,4,0.0328938032620206,38.84375,False,0.5650108423501136
6jh0__D1_UNDEFINED--6jh0__A1_P03502,7,5,0,4,0.0333663779677991,36.78125,False,0.5269096172025092
6jh0__D1_UNDEFINED--6jh0__A1_P03502,8,4,2,4,0.2015384215808579,34.65625,False,0.5546302624226959
6jh0__D1_UNDEFINED--6jh0__A1_P03502,9,1,1,4,0.117975693281271,31.828125,False,0.49826659691222686
6jh0__D1_UNDEFINED--6jh0__A1_P03502,10,2,1,4,0.2349279190231376,31.46875,True,0.4975200788270308
6jh0__D1_UNDEFINED--6jh0__A1_P03502,11,2,2,4,0.0330207587377354,30.984375,False,0.508529254306675
6jh0__D1_UNDEFINED--6jh0__A1_P03502,12,3,1,4,0.034640031466794,30.578125,False,0.48574798440253236
6jh0__D1_UNDEFINED--6jh0__A1_P03502,13,5,3,4,0.032651754827587,29.421875,False,0.44703586334284673
6jh0__D1_UNDEFINED--6jh0__A1_P03502,14,2,3,4,0.0345940711137169,28.65625,False,0.46052365011841834
6jh0__D1_UNDEFINED--6jh0__A1_P03502,15,4,0,4,0.1981011217020413,27.828125,False,0.45120015036779726
6jh0__D1_UNDEFINED--6jh0__A1_P03502,16,1,2,4,0.1330033320886161,27.265625,False,0.4074210885439036
6jh0__D1_UNDEFINED--6jh0__A1_P03502,17,2,0,4,0.0465738513686277,27.09375,False,0.46622263272362846
6jh0__D1_UNDEFINED--6jh0__A1_P03502,18,1,3,4,0.1272361220600932,25.828125,False,0.39628698900771514
6jh0__D1_UNDEFINED--6jh0__A1_P03502,19,1,0,4,0.0486788355907495,25.234375,False,0.425434557640257
6jh0__D1_UNDEFINED--6jh0__A1_P03502,20,3,3,4,0.0934667761502363,18.65625,False,0.38058979202050885
6jtz__A1_P46063--6jtz__B1_P46063,1,2,2,3,0.0109543703480438,54.0,False,0.5987059063405777
6jtz__A1_P46063--6jtz__B1_P46063,2,2,0,3,0.0106084044774822,50.84375,False,0.5834147698753595
6jtz__A1_P46063--6jtz__B1_P46063,3,4,3,3,0.4998503062141585,42.40625,True,0.6100533921388147
6jtz__A1_P46063--6jtz__B1_P46063,4,4,0,3,0.482409087941682,39.96875,True,0.5984044266641144
6jtz__A1_P46063--6jtz__B1_P46063,5,4,2,3,0.4871534368220787,34.59375,True,0.586643259682294
6jtz__A1_P46063--6jtz__B1_P46063,6,4,1,3,0.4766069337362498,33.3125,True,0.5747824072008024
6jtz__A1_P46063--6jtz__B1_P46063,7,5,1,3,0.0344295874268464,24.46875,False,0.5460473902049684
6jtz__A1_P46063--6jtz__B1_P46063,8,5,0,3,0.0355073846017889,24.28125,False,0.5183158302074019
6jtz__A1_P46063--6jtz__B1_P46063,9,5,3,3,0.0333044550909169,24.1875,False,0.5096775707485148
6jtz__A1_P46063--6jtz__B1_P46063,10,5,2,3,0.0355534621237207,24.046875,False,0.5169282310371736
6jtz__A1_P46063--6jtz__B1_P46063,11,1,2,3,0.0315882943172876,22.25,False,0.4893453775928148
6jtz__A1_P46063--6jtz__B1_P46063,12,1,1,3,0.0314624466498928,22.171875,False,0.46208860885691505
6jtz__A1_P46063--6jtz__B1_P46063,13,1,3,3,0.0307963865233833,22.046875,False,0.4514938138967855
6jtz__A1_P46063--6jtz__B1_P46063,14,1,0,3,0.0326510112083032,22.015625,False,0.46044631939843667
6jtz__A1_P46063--6jtz__B1_P46063,15,2,1,3,0.063174892815036,21.96875,False,0.47879537271740463
6jtz__A1_P46063--6jtz__B1_P46063,16,2,3,3,0.0540761063450711,21.390625,False,0.4559311330420196
6jtz__A1_P46063--6jtz__B1_P46063,17,3,2,3,0.1305655828630151,21.234375,False,0.44480202600592783
6jtz__A1_P46063--6jtz__B1_P46063,18,3,0,3,0.1772258414144118,20.984375,False,0.4150358258435496
6jtz__A1_P46063--6jtz__B1_P46063,19,3,1,3,0.1098909683717456,20.71875,False,0.4413150477697015
6jtz__A1_P46063--6jtz__B1_P46063,20,3,3,3,0.1053199807787516,20.71875,False,0.406665640075231
6jzf__A1_Q8VY16--6jzf__B1_Q8VY16,1,4,0,0,0.0132469169442363,78.875,False,0.6301925853066146
6jzf__A1_Q8VY16--6jzf__B1_Q8VY16,2,4,3,0,0.01321652373882,78.375,False,0.6146620635504866
6jzf__A1_Q8VY16--6jzf__B1_Q8VY16,3,4,2,0,0.0132624265762041,78.1875,False,0.5956871677695134
6jzf__A1_Q8VY16--6jzf__B1_Q8VY16,4,4,1,0,0.0132316758832309,77.5625,False,0.5463524901907154
6jzf__A1_Q8VY16--6jzf__B1_Q8VY16,5,3,1,0,0.0130004057245993,76.4375,False,0.6073647997309253
6jzf__A1_Q8VY16--6jzf__B1_Q8VY16,6,3,0,0,0.0128283302420754,76.1875,False,0.5996656448998569
6jzf__A1_Q8VY16--6jzf__B1_Q8VY16,7,5,0,0,0.0135847170391601,76.0625,False,0.5370882707112692
6jzf__A1_Q8VY16--6jzf__B1_Q8VY16,8,3,3,0,0.0126899503507766,75.25,False,0.561693647455523
6jzf__A1_Q8VY16--6jzf__B1_Q8VY16,9,5,1,0,0.0136686964659389,74.5625,False,0.49398367247559405
6jzf__A1_Q8VY16--6jzf__B1_Q8VY16,10,3,2,0,0.0129659684001942,74.1875,False,0.5585807276957053
6jzf__A1_Q8VY16--6jzf__B1_Q8VY16,11,1,0,0,0.012674588613534,73.375,False,0.4769661539126362
6jzf__A1_Q8VY16--6jzf__B1_Q8VY16,12,1,1,0,0.0127121995666796,72.125,False,0.455605573133966
6jzf__A1_Q8VY16--6jzf__B1_Q8VY16,13,2,3,0,0.0113208229811127,57.71875,False,0.4390655981826017
6jzf__A1_Q8VY16--6jzf__B1_Q8VY16,14,5,3,0,0.3845908003874713,56.9375,True,0.5271719228611143
6jzf__A1_Q8VY16--6jzf__B1_Q8VY16,15,1,2,0,0.009277580321219,40.6875,False,0.4581538203335851
6jzf__A1_Q8VY16--6jzf__B1_Q8VY16,16,2,2,0,0.0087283609536199,40.5,False,0.44183161856857284
6jzf__A1_Q8VY16--6jzf__B1_Q8VY16,17,2,0,0,0.0094403659589411,39.40625,False,0.4026065455576386
6jzf__A1_Q8VY16--6jzf__B1_Q8VY16,18,2,1,0,0.0086691277169006,38.8125,False,0.4303602284176377
6jzf__A1_Q8VY16--6jzf__B1_Q8VY16,19,1,3,0,0.0110077158953617,33.71875,False,0.40423860299825226
6jzf__A1_Q8VY16--6jzf__B1_Q8VY16,20,5,2,0,0.0409389544009038,17.28125,False,0.3855286050603503
6k3b__A1_Q5ZTL4--6k3b__B1_Q5ZTL2,1,4,1,3,0.0163133287622567,28.09375,False,0.595249379366782
6k3b__A1_Q5ZTL4--6k3b__B1_Q5ZTL2,2,1,2,3,0.012751061681791,26.78125,False,0.6055652832574421
6k3b__A1_Q5ZTL4--6k3b__B1_Q5ZTL2,3,4,0,3,0.026310760550133,25.984375,False,0.5957567116025659
6k3b__A1_Q5ZTL4--6k3b__B1_Q5ZTL2,4,1,0,3,0.0124761531630576,25.96875,False,0.6001665393662232
6k3b__A1_Q5ZTL4--6k3b__B1_Q5ZTL2,5,1,3,3,0.0179294266243535,23.828125,False,0.5250603810041757
6k3b__A1_Q5ZTL4--6k3b__B1_Q5ZTL2,6,2,0,3,0.0291970611743457,23.296875,False,0.5235608009956655
6k3b__A1_Q5ZTL4--6k3b__B1_Q5ZTL2,7,3,0,3,0.0708284133450186,22.640625,False,0.5342391839270092
6k3b__A1_Q5ZTL4--6k3b__B1_Q5ZTL2,8,2,3,3,0.0395271144971371,22.578125,False,0.5271636320231612
6k3b__A1_Q5ZTL4--6k3b__B1_Q5ZTL2,9,2,2,3,0.023955476742821,22.09375,False,0.46051121410808227
6k3b__A1_Q5ZTL4--6k3b__B1_Q5ZTL2,10,5,2,3,0.0127953901273321,22.0625,False,0.4950864521824008
6k3b__A1_Q5ZTL4--6k3b__B1_Q5ZTL2,11,2,1,3,0.0704517368721931,22.03125,False,0.5327427944257469
6k3b__A1_Q5ZTL4--6k3b__B1_Q5ZTL2,12,5,0,3,0.0224557412840534,21.46875,False,0.4844164161289678
6k3b__A1_Q5ZTL4--6k3b__B1_Q5ZTL2,13,4,3,3,0.0149175421641974,21.25,False,0.4595408641958141
6k3b__A1_Q5ZTL4--6k3b__B1_Q5ZTL2,14,1,1,3,0.0387950074376318,21.171875,False,0.49693064909067775
6k3b__A1_Q5ZTL4--6k3b__B1_Q5ZTL2,15,4,2,3,0.0265860256210591,20.75,False,0.47020215386277686
6k3b__A1_Q5ZTL4--6k3b__B1_Q5ZTL2,16,3,3,3,0.0244089533331131,20.703125,False,0.4585708209590316
6k3b__A1_Q5ZTL4--6k3b__B1_Q5ZTL2,17,5,3,3,0.0346539493931616,20.421875,False,0.46641992482027855
6k3b__A1_Q5ZTL4--6k3b__B1_Q5ZTL2,18,5,1,3,0.054420321049387,20.328125,False,0.4692291445878831
6k3b__A1_Q5ZTL4--6k3b__B1_Q5ZTL2,19,3,1,3,0.0115401309631229,15.984375,False,0.4414940153113071
6k3b__A1_Q5ZTL4--6k3b__B1_Q5ZTL2,20,3,2,3,0.014008483728316,15.46875,False,0.40716690944372896
6k7c__A1_D4ZE39--6k7c__B1_D4ZE39,1,3,3,2,0.0387054167633417,64.125,False,0.6230287144243065
6k7c__A1_D4ZE39--6k7c__B1_D4ZE39,2,3,0,2,0.0428430025804001,62.5,False,0.6115736109422036
6k7c__A1_D4ZE39--6k7c__B1_D4ZE39,3,3,1,2,0.0430048256191702,61.8125,False,0.5999939038543413
6k7c__A1_D4ZE39--6k7c__B1_D4ZE39,4,3,2,2,0.0387557197771399,61.65625,False,0.588301374160422
6k7c__A1_D4ZE39--6k7c__B1_D4ZE39,5,5,0,2,0.0475377230508599,54.15625,False,0.5765083010473344
6k7c__A1_D4ZE39--6k7c__B1_D4ZE39,6,5,3,2,0.0472163536262569,53.53125,False,0.5646274138961219
6k7c__A1_D4ZE39--6k7c__B1_D4ZE39,7,5,1,2,0.0473138031906511,51.8125,False,0.5526718400864198
6k7c__A1_D4ZE39--6k7c__B1_D4ZE39,8,5,2,2,0.0473020119536468,50.75,False,0.5406550490225106
6k7c__A1_D4ZE39--6k7c__B1_D4ZE39,9,2,1,2,0.055849797259864,41.09375,False,0.528590792865769
6k7c__A1_D4ZE39--6k7c__B1_D4ZE39,10,2,0,2,0.056380162551728,40.125,False,0.5164930445120742
6k7c__A1_D4ZE39--6k7c__B1_D4ZE39,11,2,2,2,0.057416021672513,37.40625,False,0.5043759333984783
6k7c__A1_D4ZE39--6k7c__B1_D4ZE39,12,2,3,2,0.0566842026531462,35.90625,False,0.4901337026438411
6k7c__A1_D4ZE39--6k7c__B1_D4ZE39,13,1,2,2,0.0552678292712508,29.484375,False,0.48225816464075544
6k7c__A1_D4ZE39--6k7c__B1_D4ZE39,14,1,1,2,0.0564895613701288,26.6875,False,0.44519183233505827
6k7c__A1_D4ZE39--6k7c__B1_D4ZE39,15,1,0,2,0.0615271023144989,26.3125,False,0.4597979719234384
6k7c__A1_D4ZE39--6k7c__B1_D4ZE39,16,1,3,2,0.0632352575715884,25.71875,False,0.43935673593721397
6k7c__A1_D4ZE39--6k7c__B1_D4ZE39,17,4,1,2,0.061110570784564,25.15625,False,0.43414361684152636
6k7c__A1_D4ZE39--6k7c__B1_D4ZE39,18,4,3,2,0.0601680040826052,25.046875,False,0.42519956281386156
6k7c__A1_D4ZE39--6k7c__B1_D4ZE39,19,4,0,2,0.0619808699444431,25.0,False,0.4123015114366403
6k7c__A1_D4ZE39--6k7c__B1_D4ZE39,20,4,2,2,0.0629474256715538,24.875,False,0.4089766020441798
6k8i__B1_Q96524--6k8i__A1_Q96524,1,3,0,0,0.0051372049974856,60.875,False,0.624290477922785
6k8i__B1_Q96524--6k8i__A1_Q96524,2,5,0,0,0.0050676018613248,59.0625,False,0.6118512565357936
6k8i__B1_Q96524--6k8i__A1_Q96524,3,5,3,0,0.0049637597045195,58.875,False,0.5992833514187252
6k8i__B1_Q96524--6k8i__A1_Q96524,4,2,1,0,0.0050095696730389,58.21875,False,0.583320870968135
6k8i__B1_Q96524--6k8i__A1_Q96524,5,5,1,0,0.0049960465444232,57.6875,False,0.5769995832228343
6k8i__B1_Q96524--6k8i__A1_Q96524,6,2,0,0,0.0056321145739542,55.3125,False,0.554221279937335
6k8i__B1_Q96524--6k8i__A1_Q96524,7,1,0,0,0.0059690737184145,55.0,False,0.5411238066635989
6k8i__B1_Q96524--6k8i__A1_Q96524,8,2,2,0,0.0057074917744901,54.78125,False,0.5358409785073356
6k8i__B1_Q96524--6k8i__A1_Q96524,9,2,3,0,0.0054060499889756,54.53125,False,0.524200102708381
6k8i__B1_Q96524--6k8i__A1_Q96524,10,3,1,0,0.0052923747995492,53.15625,False,0.5065527246089048
6k8i__B1_Q96524--6k8i__A1_Q96524,11,1,3,0,0.0058790871027801,52.8125,False,0.4792677178075854
6k8i__B1_Q96524--6k8i__A1_Q96524,12,1,2,0,0.0055482068724988,52.78125,False,0.4895210910687408
6k8i__B1_Q96524--6k8i__A1_Q96524,13,3,3,0,0.005248770819636,52.4375,False,0.4857228829719281
6k8i__B1_Q96524--6k8i__A1_Q96524,14,1,1,0,0.0057603400600724,51.8125,False,0.45919425284056625
6k8i__B1_Q96524--6k8i__A1_Q96524,15,4,2,0,0.0052584570960492,50.34375,False,0.44284596837086077
6k8i__B1_Q96524--6k8i__A1_Q96524,16,4,3,0,0.0055877968000223,49.3125,False,0.41703297419427904
6k8i__B1_Q96524--6k8i__A1_Q96524,17,4,1,0,0.0055021008859495,49.28125,False,0.4167897090367299
6k8i__B1_Q96524--6k8i__A1_Q96524,18,3,2,0,0.0053275651575385,49.1875,False,0.4197947431442705
6k8i__B1_Q96524--6k8i__A1_Q96524,19,5,2,0,0.688888967198102,48.65625,True,0.5142674348153099
6k8i__B1_Q96524--6k8i__A1_Q96524,20,4,0,0,0.005430491209902,47.8125,False,0.3860388735439278
6kbe__A1_B9G207--6kbe__B1_P0CG48,1,4,2,3,0.3460214804366961,86.5625,True,0.6238507407359268
6kbe__A1_B9G207--6kbe__B1_P0CG48,2,4,3,3,0.5301916167810394,84.5,True,0.5706559162220389
6kbe__A1_B9G207--6kbe__B1_P0CG48,3,4,0,3,0.477675724137621,84.4375,True,0.6022904440271453
6kbe__A1_B9G207--6kbe__B1_P0CG48,4,4,1,3,0.55340853326663,84.25,True,0.5754713998977564
6kbe__A1_B9G207--6kbe__B1_P0CG48,5,2,2,3,0.4855222291940075,84.125,True,0.5237994558415584
6kbe__A1_B9G207--6kbe__B1_P0CG48,6,1,1,3,0.5624620945681382,82.5625,True,0.5694393674527702
6kbe__A1_B9G207--6kbe__B1_P0CG48,7,1,2,3,0.5679881422973216,81.875,True,0.4871203669383103
6kbe__A1_B9G207--6kbe__B1_P0CG48,8,5,0,3,0.5253721029576258,81.375,True,0.4586714242180112
6kbe__A1_B9G207--6kbe__B1_P0CG48,9,5,2,3,0.5085293221595608,81.1875,True,0.5121911736851522
6kbe__A1_B9G207--6kbe__B1_P0CG48,10,5,3,3,0.539539066739109,81.0625,True,0.5407187433143489
6kbe__A1_B9G207--6kbe__B1_P0CG48,11,2,0,3,0.5099345641553611,81.0,True,0.4283958376145141
6kbe__A1_B9G207--6kbe__B1_P0CG48,12,1,0,3,0.5403157070565721,81.0,True,0.49499793225646355
6kbe__A1_B9G207--6kbe__B1_P0CG48,13,5,1,3,0.489823251432163,80.25,True,0.5152573966150241
6kbe__A1_B9G207--6kbe__B1_P0CG48,14,3,1,3,0.6358132292176103,80.1875,True,0.5248887550757215
6kbe__A1_B9G207--6kbe__B1_P0CG48,15,3,3,3,0.5384742681987822,79.875,True,0.4667188188191187
6kbe__A1_B9G207--6kbe__B1_P0CG48,16,3,0,3,0.6553220166955837,79.8125,True,0.5353887856539724
6kbe__A1_B9G207--6kbe__B1_P0CG48,17,1,3,3,0.570170703951154,79.625,True,0.4294949793220008
6kbe__A1_B9G207--6kbe__B1_P0CG48,18,3,2,3,0.5728250073829221,79.5,True,0.4920788312052246
6kbe__A1_B9G207--6kbe__B1_P0CG48,19,2,1,3,0.5364608085106123,77.5625,True,0.4089548680909038
6kbe__A1_B9G207--6kbe__B1_P0CG48,20,2,3,3,0.4825908679276132,73.6875,True,0.39060082847309135
6ki2__A1_Q55415--6ki2__B1_Q55415,1,3,1,0,0.1893061994705863,71.375,False,0.6232843510939808
6ki2__A1_Q55415--6ki2__B1_Q55415,2,3,0,0,0.1878608848023439,70.6875,False,0.6230905051018468
6ki2__A1_Q55415--6ki2__B1_Q55415,3,5,3,0,0.1872156854399209,69.8125,False,0.608154406669387
6ki2__A1_Q55415--6ki2__B1_Q55415,4,4,1,0,0.1817373805456518,68.8125,False,0.5972931424199099
6ki2__A1_Q55415--6ki2__B1_Q55415,5,4,0,0,0.1920595123312362,68.375,False,0.5500183168172521
6ki2__A1_Q55415--6ki2__B1_Q55415,6,4,2,0,0.1857872498529259,68.1875,False,0.54611806752716
6ki2__A1_Q55415--6ki2__B1_Q55415,7,5,1,0,0.1883834922236412,67.8125,False,0.5590359309715505
6ki2__A1_Q55415--6ki2__B1_Q55415,8,3,3,0,0.1936175713623723,67.0625,False,0.5413642889212062
6ki2__A1_Q55415--6ki2__B1_Q55415,9,4,3,0,0.1926507365323602,67.0,False,0.524597451437706
6ki2__A1_Q55415--6ki2__B1_Q55415,10,1,2,0,0.1920395624404658,66.8125,False,0.5389673886322363
6ki2__A1_Q55415--6ki2__B1_Q55415,11,3,2,0,0.1927635170769011,66.5,False,0.4945317300949716
6ki2__A1_Q55415--6ki2__B1_Q55415,12,1,3,0,0.1949305311837062,66.125,False,0.5075180752909579
6ki2__A1_Q55415--6ki2__B1_Q55415,13,5,0,0,0.1867039175755321,66.125,False,0.49981242173074597
6ki2__A1_Q55415--6ki2__B1_Q55415,14,5,2,0,0.1855969516638571,65.9375,False,0.48602245603585614
6ki2__A1_Q55415--6ki2__B1_Q55415,15,1,0,0,0.1948238820335779,63.34375,False,0.4197059441979486
6ki2__A1_Q55415--6ki2__B1_Q55415,16,1,1,0,0.1938878217790897,61.78125,False,0.43105568894304547
6ki2__A1_Q55415--6ki2__B1_Q55415,17,2,1,0,0.1822600317481732,51.96875,False,0.42357159582230297
6ki2__A1_Q55415--6ki2__B1_Q55415,18,2,0,0,0.188670710791578,50.59375,False,0.40754214153391466
6ki2__A1_Q55415--6ki2__B1_Q55415,19,2,2,0,0.1834327183570515,47.21875,False,0.40127866398534284
6ki2__A1_Q55415--6ki2__B1_Q55415,20,2,3,0,0.1860803917660728,44.03125,False,0.3855286050603503
6koi__B1_Q9Y5W9--6koi__A1_Q9Y5W9,1,5,1,0,0.0097063327220924,27.84375,False,0.6273942754095446
6koi__B1_Q9Y5W9--6koi__A1_Q9Y5W9,2,2,2,0,0.0121263343014858,25.625,False,0.6150067966786013
6koi__B1_Q9Y5W9--6koi__A1_Q9Y5W9,3,2,3,0,0.011733664683594,25.546875,False,0.612008558334797
6koi__B1_Q9Y5W9--6koi__A1_Q9Y5W9,4,5,2,0,0.0097996869655591,25.15625,False,0.5751616585138171
6koi__B1_Q9Y5W9--6koi__A1_Q9Y5W9,5,5,0,0,0.0099502343860331,25.046875,False,0.5705188062102371
6koi__B1_Q9Y5W9--6koi__A1_Q9Y5W9,6,5,3,0,0.0099218762057825,24.953125,False,0.5443374077745167
6koi__B1_Q9Y5W9--6koi__A1_Q9Y5W9,7,2,0,0,0.012167075692587,24.0625,False,0.5243952111525845
6koi__B1_Q9Y5W9--6koi__A1_Q9Y5W9,8,2,1,0,0.012458918493811,24.046875,False,0.5296787972246851
6koi__B1_Q9Y5W9--6koi__A1_Q9Y5W9,9,1,1,0,0.0101787514612177,23.671875,False,0.541754736669161
6koi__B1_Q9Y5W9--6koi__A1_Q9Y5W9,10,1,0,0,0.010057542522697,23.328125,False,0.5080910489767833
6koi__B1_Q9Y5W9--6koi__A1_Q9Y5W9,11,1,2,0,0.0102634993451182,22.84375,False,0.5187655530302671
6koi__B1_Q9Y5W9--6koi__A1_Q9Y5W9,12,1,3,0,0.0102531433298439,22.625,False,0.5289990005914742
6koi__B1_Q9Y5W9--6koi__A1_Q9Y5W9,13,3,0,0,0.0104523395004002,22.046875,False,0.4856614069023233
6koi__B1_Q9Y5W9--6koi__A1_Q9Y5W9,14,3,2,0,0.0100942860760026,20.65625,False,0.44925225039394573
6koi__B1_Q9Y5W9--6koi__A1_Q9Y5W9,15,4,0,0,0.0129408833543152,19.734375,False,0.4730774305574032
6koi__B1_Q9Y5W9--6koi__A1_Q9Y5W9,16,3,1,0,0.0124203992949263,19.375,False,0.41341978626260306
6koi__B1_Q9Y5W9--6koi__A1_Q9Y5W9,17,3,3,0,0.0115803787877,18.71875,False,0.4137950965188605
6koi__B1_Q9Y5W9--6koi__A1_Q9Y5W9,18,4,1,0,0.0127025216177373,18.625,False,0.401085269424184
6koi__B1_Q9Y5W9--6koi__A1_Q9Y5W9,19,4,2,0,0.012982946916734,18.609375,False,0.42411448959832154
6koi__B1_Q9Y5W9--6koi__A1_Q9Y5W9,20,4,3,0,0.0132651432821155,17.8125,False,0.4112692465288789
6kos__A1_UNDEFINED--6kos__B1_UNDEFINED,1,1,2,4,0.2009791396183079,76.8125,False,0.6287323427945517
6kos__A1_UNDEFINED--6kos__B1_UNDEFINED,2,1,3,4,0.2018145799583574,76.0625,False,0.616094207551083
6kos__A1_UNDEFINED--6kos__B1_UNDEFINED,3,1,1,4,0.1969407519097443,71.1875,False,0.6032973066517374
6kos__A1_UNDEFINED--6kos__B1_UNDEFINED,4,2,1,4,0.2037592977142802,69.1875,False,0.5813015260585783
6kos__A1_UNDEFINED--6kos__B1_UNDEFINED,5,4,2,4,0.1961670163199574,68.9375,False,0.5863722377965624
6kos__A1_UNDEFINED--6kos__B1_UNDEFINED,6,2,2,4,0.2004408371342449,68.4375,False,0.5641160437747489
6kos__A1_UNDEFINED--6kos__B1_UNDEFINED,7,2,0,4,0.1997263580500713,67.625,False,0.5508496549721202
6kos__A1_UNDEFINED--6kos__B1_UNDEFINED,8,5,2,4,0.1992715559159603,58.53125,False,0.5375105261564697
6kos__A1_UNDEFINED--6kos__B1_UNDEFINED,9,4,0,4,0.0777562635420146,57.0,False,0.5034352131360802
6kos__A1_UNDEFINED--6kos__B1_UNDEFINED,10,3,0,4,0.1868310047682239,56.9375,False,0.5234381460556832
6kos__A1_UNDEFINED--6kos__B1_UNDEFINED,11,3,1,4,0.2040071095273554,56.53125,False,0.49617526242937077
6kos__A1_UNDEFINED--6kos__B1_UNDEFINED,12,2,3,4,0.0780628247845732,55.25,False,0.49281002113631284
6kos__A1_UNDEFINED--6kos__B1_UNDEFINED,13,4,1,4,0.188260663406082,48.0,False,0.4482060278362039
6kos__A1_UNDEFINED--6kos__B1_UNDEFINED,14,3,2,4,0.092543184971587,46.625,False,0.4702172956064405
6kos__A1_UNDEFINED--6kos__B1_UNDEFINED,15,5,1,4,0.1516740682502291,45.375,False,0.4470982735716083
6kos__A1_UNDEFINED--6kos__B1_UNDEFINED,16,5,0,4,0.1466572456591627,44.9375,False,0.4192829705292657
6kos__A1_UNDEFINED--6kos__B1_UNDEFINED,17,3,3,4,0.1029872701977313,44.0,False,0.42232056531154427
6kos__A1_UNDEFINED--6kos__B1_UNDEFINED,18,5,3,4,0.1976650922557041,42.84375,False,0.4079495078042996
6kos__A1_UNDEFINED--6kos__B1_UNDEFINED,19,1,0,4,0.1716165303053621,41.28125,False,0.39930187653928034
6kos__A1_UNDEFINED--6kos__B1_UNDEFINED,20,4,3,4,0.1161818563260033,31.765625,False,0.37870893344362017
6kuc__A1_Q9Y006--6kuc__A2_Q9Y006,1,2,3,3,0.2161850273522383,84.125,False,0.5655853590371838
6kuc__A1_Q9Y006--6kuc__A2_Q9Y006,2,2,0,3,0.2268101095748053,84.125,False,0.6016381779595715
6kuc__A1_Q9Y006--6kuc__A2_Q9Y006,3,2,1,3,0.2176245385550379,83.5,False,0.5395787178768243
6kuc__A1_Q9Y006--6kuc__A2_Q9Y006,4,2,2,3,0.2188077563607553,83.0,False,0.5091136531743712
6kuc__A1_Q9Y006--6kuc__A2_Q9Y006,5,3,2,3,0.4590128952174335,79.25,True,0.595987750255549
6kuc__A1_Q9Y006--6kuc__A2_Q9Y006,6,3,1,3,0.5335289189643144,78.3125,True,0.5525424068503224
6kuc__A1_Q9Y006--6kuc__A2_Q9Y006,7,3,3,3,0.4249277024855564,78.25,True,0.5714566398907265
6kuc__A1_Q9Y006--6kuc__A2_Q9Y006,8,5,1,3,0.437861670012017,77.6875,True,0.5800157653027822
6kuc__A1_Q9Y006--6kuc__A2_Q9Y006,9,5,3,3,0.4436356968726295,77.25,True,0.5137016311762095
6kuc__A1_Q9Y006--6kuc__A2_Q9Y006,10,4,2,3,0.4247478929655957,77.25,True,0.5505607694717628
6kuc__A1_Q9Y006--6kuc__A2_Q9Y006,11,4,0,3,0.4063336995888464,76.3125,True,0.512592198127714
6kuc__A1_Q9Y006--6kuc__A2_Q9Y006,12,4,3,3,0.4285582864020019,76.0,True,0.4918561319881403
6kuc__A1_Q9Y006--6kuc__A2_Q9Y006,13,3,0,3,0.4239301820711202,75.9375,True,0.5302558541718315
6kuc__A1_Q9Y006--6kuc__A2_Q9Y006,14,1,2,3,0.4016494555771393,73.8125,True,0.46384431064615483
6kuc__A1_Q9Y006--6kuc__A2_Q9Y006,15,4,1,3,0.4111323890749759,73.75,True,0.44043279967328036
6kuc__A1_Q9Y006--6kuc__A2_Q9Y006,16,5,2,3,0.4533639740380771,72.625,True,0.4587091747806551
6kuc__A1_Q9Y006--6kuc__A2_Q9Y006,17,5,0,3,0.3627200308503773,71.3125,True,0.46682341274048256
6kuc__A1_Q9Y006--6kuc__A2_Q9Y006,18,1,0,3,0.3333935979400215,61.28125,True,0.4146652421780507
6kuc__A1_Q9Y006--6kuc__A2_Q9Y006,19,1,1,3,0.2075835806089334,47.3125,False,0.40257439134918865
6kuc__A1_Q9Y006--6kuc__A2_Q9Y006,20,1,3,3,0.019989000283093,32.40625,False,0.39060082847309135
6kwz__A1_Q94707--6kwz__B2_Q94707,1,3,1,3,0.048976124523536,24.09375,False,0.6255749450508982
6kwz__A1_Q94707--6kwz__B2_Q94707,2,4,0,3,0.1058624981096644,20.359375,False,0.5828390732207159
6kwz__A1_Q94707--6kwz__B2_Q94707,3,3,2,3,0.0436721496626204,20.34375,False,0.5772000986817477
6kwz__A1_Q94707--6kwz__B2_Q94707,4,1,0,3,0.1234973860077166,20.234375,False,0.5920950447293846
6kwz__A1_Q94707--6kwz__B2_Q94707,5,5,1,3,0.5465266108416379,19.703125,True,0.5851782631263437
6kwz__A1_Q94707--6kwz__B2_Q94707,6,4,3,3,0.0281251110508069,19.34375,False,0.4528283350062049
6kwz__A1_Q94707--6kwz__B2_Q94707,7,5,0,3,0.6171786607484671,18.859375,True,0.5450349831831974
6kwz__A1_Q94707--6kwz__B2_Q94707,8,2,1,3,0.0242431261752694,18.53125,False,0.5678535916558806
6kwz__A1_Q94707--6kwz__B2_Q94707,9,5,3,3,0.4999735878909866,18.171875,True,0.4991861596254417
6kwz__A1_Q94707--6kwz__B2_Q94707,10,2,2,3,0.0240188551397849,17.9375,False,0.5501011041867404
6kwz__A1_Q94707--6kwz__B2_Q94707,11,5,2,3,0.7059051430967251,17.625,True,0.47863795675840864
6kwz__A1_Q94707--6kwz__B2_Q94707,12,4,2,3,0.0581977353291672,16.90625,False,0.45480291792439986
6kwz__A1_Q94707--6kwz__B2_Q94707,13,1,2,3,0.0883092369770398,16.5625,False,0.4922694403209353
6kwz__A1_Q94707--6kwz__B2_Q94707,14,1,3,3,0.06646226869776,16.546875,False,0.4536859055795398
6kwz__A1_Q94707--6kwz__B2_Q94707,15,3,0,3,0.0285646852984089,16.40625,False,0.43815858798304275
6kwz__A1_Q94707--6kwz__B2_Q94707,16,2,0,3,0.0287351752471947,16.15625,False,0.49749509235949463
6kwz__A1_Q94707--6kwz__B2_Q94707,17,3,3,3,0.0726836234690891,15.9765625,False,0.4207714870628532
6kwz__A1_Q94707--6kwz__B2_Q94707,18,2,3,3,0.0431206392685652,15.96875,False,0.4751874585241809
6kwz__A1_Q94707--6kwz__B2_Q94707,19,1,1,3,0.0291588452585739,15.6796875,False,0.46040129187941436
6kwz__A1_Q94707--6kwz__B2_Q94707,20,4,1,3,0.1018362439592741,14.890625,False,0.39967653917472823
6l4p__A1_Q9XHH2--6l4p__B1_Q39575,1,4,2,3,0.8920009563717303,93.4375,True,0.5955229184840318
6l4p__A1_Q9XHH2--6l4p__B1_Q39575,2,2,2,3,0.918145210833675,93.4375,True,0.5993713757373791
6l4p__A1_Q9XHH2--6l4p__B1_Q39575,3,4,3,3,0.9261501083367484,93.375,True,0.5489439352373073
6l4p__A1_Q9XHH2--6l4p__B1_Q39575,4,2,1,3,0.9232780473030888,93.375,True,0.5548743658717429
6l4p__A1_Q9XHH2--6l4p__B1_Q39575,5,1,3,3,0.9316915768519048,93.375,True,0.6043274507925506
6l4p__A1_Q9XHH2--6l4p__B1_Q39575,6,2,3,3,0.9284103093460312,93.3125,True,0.5967147772236145
6l4p__A1_Q9XHH2--6l4p__B1_Q39575,7,4,1,3,0.9124729874304712,93.3125,True,0.5646201268168167
6l4p__A1_Q9XHH2--6l4p__B1_Q39575,8,5,2,3,0.9245562477913888,93.125,True,0.5018958963709089
6l4p__A1_Q9XHH2--6l4p__B1_Q39575,9,5,3,3,0.8921230747037555,93.0625,True,0.4920942896813938
6l4p__A1_Q9XHH2--6l4p__B1_Q39575,10,5,1,3,0.8907783265783586,93.0625,True,0.525441232558276
6l4p__A1_Q9XHH2--6l4p__B1_Q39575,11,1,2,3,0.9288090631224788,93.0,True,0.49517801651387805
6l4p__A1_Q9XHH2--6l4p__B1_Q39575,12,3,3,3,0.8977402211787912,93.0,True,0.46285994701468214
6l4p__A1_Q9XHH2--6l4p__B1_Q39575,13,1,1,3,0.928575305712815,93.0,True,0.5560614638493453
6l4p__A1_Q9XHH2--6l4p__B1_Q39575,14,3,2,3,0.9203172160289056,92.9375,True,0.4526436673408301
6l4p__A1_Q9XHH2--6l4p__B1_Q39575,15,5,0,3,0.9188714399395432,92.9375,True,0.49385178658938683
6l4p__A1_Q9XHH2--6l4p__B1_Q39575,16,4,0,3,0.8889374398643334,92.9375,True,0.44545405928074583
6l4p__A1_Q9XHH2--6l4p__B1_Q39575,17,3,1,3,0.9224495038239168,92.75,True,0.4532992268182371
6l4p__A1_Q9XHH2--6l4p__B1_Q39575,18,3,0,3,0.8889003309783741,92.25,True,0.4146652421780507
6l4p__A1_Q9XHH2--6l4p__B1_Q39575,19,2,0,3,0.821775087541882,91.6875,True,0.3923504663406475
6l4p__A1_Q9XHH2--6l4p__B1_Q39575,20,1,0,3,0.8710047676354707,91.0625,True,0.40080923412758745
6lh6__A1_A0A1S2XQ25--6lh6__B1_A0A1S2XQ25,1,4,0,1,0.0308704674167178,49.34375,False,0.6244873582878557
6lh6__A1_A0A1S2XQ25--6lh6__B1_A0A1S2XQ25,2,4,2,1,0.0303022037213293,46.40625,False,0.6027398496565813
6lh6__A1_A0A1S2XQ25--6lh6__B1_A0A1S2XQ25,3,4,1,1,0.0314250830668624,45.9375,False,0.5920098883810994
6lh6__A1_A0A1S2XQ25--6lh6__B1_A0A1S2XQ25,4,1,2,1,0.0313525193437394,45.875,False,0.5759169656704254
6lh6__A1_A0A1S2XQ25--6lh6__B1_A0A1S2XQ25,5,4,3,1,0.0320546958497738,45.03125,False,0.5945941802377229
6lh6__A1_A0A1S2XQ25--6lh6__B1_A0A1S2XQ25,6,2,2,1,0.0321200292315573,43.125,False,0.5723011234877164
6lh6__A1_A0A1S2XQ25--6lh6__B1_A0A1S2XQ25,7,1,3,1,0.0325304680892046,41.53125,False,0.5476303770200774
6lh6__A1_A0A1S2XQ25--6lh6__B1_A0A1S2XQ25,8,2,0,1,0.0317085736344122,41.25,False,0.5425712965743913
6lh6__A1_A0A1S2XQ25--6lh6__B1_A0A1S2XQ25,9,2,3,1,0.0314284663880821,39.875,False,0.5172675950240695
6lh6__A1_A0A1S2XQ25--6lh6__B1_A0A1S2XQ25,10,2,1,1,0.0318153567202379,39.34375,False,0.5173826965055963
6lh6__A1_A0A1S2XQ25--6lh6__B1_A0A1S2XQ25,11,3,0,1,0.0338432891177675,38.09375,False,0.4811657836100306
6lh6__A1_A0A1S2XQ25--6lh6__B1_A0A1S2XQ25,12,3,1,1,0.0312190361560578,37.84375,False,0.5099141910026818
6lh6__A1_A0A1S2XQ25--6lh6__B1_A0A1S2XQ25,13,3,2,1,0.0342939576049854,35.875,False,0.4740456280357232
6lh6__A1_A0A1S2XQ25--6lh6__B1_A0A1S2XQ25,14,3,3,1,0.0340118548503965,35.84375,False,0.4591226547980447
6lh6__A1_A0A1S2XQ25--6lh6__B1_A0A1S2XQ25,15,1,1,1,0.0281441195032812,34.78125,False,0.4621392287524102
6lh6__A1_A0A1S2XQ25--6lh6__B1_A0A1S2XQ25,16,1,0,1,0.0308729254684238,29.9375,False,0.43797114032101736
6lh6__A1_A0A1S2XQ25--6lh6__B1_A0A1S2XQ25,17,5,0,1,0.1466452899693221,21.03125,False,0.41661884709634917
6lh6__A1_A0A1S2XQ25--6lh6__B1_A0A1S2XQ25,18,5,2,1,0.1030727074702583,20.328125,False,0.41235754172880124
6lh6__A1_A0A1S2XQ25--6lh6__B1_A0A1S2XQ25,19,5,1,1,0.0461940865874843,19.734375,False,0.4091886467289641
6lh6__A1_A0A1S2XQ25--6lh6__B1_A0A1S2XQ25,20,5,3,1,0.1585588178797944,19.4375,False,0.3906114417634171
6lqo__A1_P29882--6lqo__G1_P0CK49,1,3,3,2,0.7060468229102561,84.0625,True,0.6230287144243065
6lqo__A1_P29882--6lqo__G1_P0CK49,2,3,0,2,0.711143966380074,83.6875,True,0.6075359818731361
6lqo__A1_P29882--6lqo__G1_P0CK49,3,4,3,2,0.7154373461996909,83.25,True,0.5993923558436206
6lqo__A1_P29882--6lqo__G1_P0CK49,4,5,3,2,0.7103148548838973,83.125,True,0.5774132081482954
6lqo__A1_P29882--6lqo__G1_P0CK49,5,4,1,2,0.6978494687725972,83.125,True,0.5781953057008002
6lqo__A1_P29882--6lqo__G1_P0CK49,6,3,1,2,0.6881086066353465,82.8125,True,0.5620687388946053
6lqo__A1_P29882--6lqo__G1_P0CK49,7,1,3,2,0.7064067573591615,82.6875,True,0.5672728429466074
6lqo__A1_P29882--6lqo__G1_P0CK49,8,5,0,2,0.7071664608744919,82.125,True,0.5427609280500582
6lqo__A1_P29882--6lqo__G1_P0CK49,9,5,1,2,0.3291005724131222,69.75,True,0.5214084778494482
6lqo__A1_P29882--6lqo__G1_P0CK49,10,3,2,2,0.0290751496701994,65.1875,False,0.5236817387177221
6lqo__A1_P29882--6lqo__G1_P0CK49,11,2,2,2,0.0324702413896105,44.0,False,0.4952344814506908
6lqo__A1_P29882--6lqo__G1_P0CK49,12,2,0,2,0.0337558861663689,43.65625,False,0.49273335626981174
6lqo__A1_P29882--6lqo__G1_P0CK49,13,4,2,2,0.0335517937900632,41.25,False,0.4872678627196878
6lqo__A1_P29882--6lqo__G1_P0CK49,14,2,3,2,0.0389334563927068,40.1875,False,0.4695716257393612
6lqo__A1_P29882--6lqo__G1_P0CK49,15,2,1,2,0.036766095129744,38.375,False,0.4559982274173465
6lqo__A1_P29882--6lqo__G1_P0CK49,16,1,0,2,0.0547214942360398,33.28125,False,0.4398130963506631
6lqo__A1_P29882--6lqo__G1_P0CK49,17,1,1,2,0.0382698750551366,32.0625,False,0.424261634386485
6lqo__A1_P29882--6lqo__G1_P0CK49,18,1,2,2,0.0379495579501002,29.828125,False,0.4097470300482498
6lqo__A1_P29882--6lqo__G1_P0CK49,19,4,0,2,0.0496879505663288,29.625,False,0.42847913668760235
6lqo__A1_P29882--6lqo__G1_P0CK49,20,5,2,2,0.0277774002717205,25.328125,False,0.39905522738680754
6n85__A1_Q5E9J8--6n85__B1_P0AEX9,1,5,1,3,0.2286979573082637,83.75,False,0.609926085575184
6n85__A1_Q5E9J8--6n85__B1_P0AEX9,2,5,2,3,0.224642601076256,83.4375,False,0.6133432166072543
6n85__A1_Q5E9J8--6n85__B1_P0AEX9,3,4,1,3,0.2219383435485213,82.625,False,0.45975966690363673
6n85__A1_Q5E9J8--6n85__B1_P0AEX9,4,5,0,3,0.2245591898393483,82.4375,False,0.5300457224859159
6n85__A1_Q5E9J8--6n85__B1_P0AEX9,5,4,0,3,0.2264975863243908,82.1875,False,0.4654245406488415
6n85__A1_Q5E9J8--6n85__B1_P0AEX9,6,3,0,3,0.2327810352877276,82.125,True,0.569497245105874
6n85__A1_Q5E9J8--6n85__B1_P0AEX9,7,4,2,3,0.2217270312235043,82.125,False,0.45071748681622176
6n85__A1_Q5E9J8--6n85__B1_P0AEX9,8,5,3,3,0.2199493500800275,81.875,False,0.5376412361779118
6n85__A1_Q5E9J8--6n85__B1_P0AEX9,9,3,2,3,0.2291938584771288,81.8125,False,0.5712743265311103
6n85__A1_Q5E9J8--6n85__B1_P0AEX9,10,3,1,3,0.2331451224937577,81.8125,True,0.5495104965824498
6n85__A1_Q5E9J8--6n85__B1_P0AEX9,11,4,3,3,0.2222535371834081,81.75,False,0.4224087186807348
6n85__A1_Q5E9J8--6n85__B1_P0AEX9,12,2,1,3,0.2296185538855616,81.6875,False,0.5290276418360432
6n85__A1_Q5E9J8--6n85__B1_P0AEX9,13,1,2,3,0.2256109054492504,81.5625,False,0.5074826470239538
6n85__A1_Q5E9J8--6n85__B1_P0AEX9,14,2,0,3,0.2254929114250924,81.375,False,0.503324271626731
6n85__A1_Q5E9J8--6n85__B1_P0AEX9,15,3,3,3,0.2326170415714902,81.25,True,0.539976993441791
6n85__A1_Q5E9J8--6n85__B1_P0AEX9,16,1,1,3,0.2214705377679371,81.1875,False,0.4536133656987336
6n85__A1_Q5E9J8--6n85__B1_P0AEX9,17,1,0,3,0.2210243976157829,81.1875,False,0.4611441589835297
6n85__A1_Q5E9J8--6n85__B1_P0AEX9,18,2,2,3,0.2298001652976054,80.875,False,0.4838706248047901
6n85__A1_Q5E9J8--6n85__B1_P0AEX9,19,1,3,3,0.2252799995789808,80.6875,False,0.41424942902811446
6n85__A1_Q5E9J8--6n85__B1_P0AEX9,20,2,3,3,0.2251803800591586,80.6875,False,0.477471898333107
6nf3__B2_P02654--6nf3__A1_P02654,1,2,0,0,0.0232613876191738,27.890625,False,0.6298680503931531
6nf3__B2_P02654--6nf3__A1_P02654,2,2,3,0,0.0237581634814485,26.890625,False,0.5997536142284857
6nf3__B2_P02654--6nf3__A1_P02654,3,2,2,0,0.0135804637734033,26.640625,False,0.611385997651129
6nf3__B2_P02654--6nf3__A1_P02654,4,2,1,0,0.0237406537311809,26.234375,False,0.5937774076120305
6nf3__B2_P02654--6nf3__A1_P02654,5,1,0,0,0.0156457066985066,22.53125,False,0.5704648954514537
6nf3__B2_P02654--6nf3__A1_P02654,6,1,1,0,0.0177578864898249,21.828125,False,0.5902847326395417
6nf3__B2_P02654--6nf3__A1_P02654,7,5,1,0,0.0237008058559649,19.421875,False,0.5411382744042095
6nf3__B2_P02654--6nf3__A1_P02654,8,1,2,0,0.0146651771227293,19.21875,False,0.5469295026389064
6nf3__B2_P02654--6nf3__A1_P02654,9,1,3,0,0.0154908257974314,18.125,False,0.5174006749457929
6nf3__B2_P02654--6nf3__A1_P02654,10,5,2,0,0.0234318844728154,18.03125,False,0.5147524147526465
6nf3__B2_P02654--6nf3__A1_P02654,11,5,0,0,0.0224038351706599,17.15625,False,0.49995342937953086
6nf3__B2_P02654--6nf3__A1_P02654,12,5,3,0,0.0227668402548185,16.96875,False,0.4804872817320435
6nf3__B2_P02654--6nf3__A1_P02654,13,3,3,0,0.0383940380613887,16.125,False,0.45994615487969476
6nf3__B2_P02654--6nf3__A1_P02654,14,3,1,0,0.0620861294456897,15.9375,False,0.45980548136656213
6nf3__B2_P02654--6nf3__A1_P02654,15,4,1,0,0.0152472591738961,15.65625,False,0.4595470834887459
6nf3__B2_P02654--6nf3__A1_P02654,16,3,2,0,0.0604130523121657,14.84375,False,0.430724671324455
6nf3__B2_P02654--6nf3__A1_P02654,17,4,2,0,0.0152197549760376,14.8203125,False,0.425452597199844
6nf3__B2_P02654--6nf3__A1_P02654,18,3,0,0,0.0448412185541322,14.359375,False,0.41782447906744785
6nf3__B2_P02654--6nf3__A1_P02654,19,4,0,0,0.0149947395217156,14.1953125,False,0.4147519361447577
6nf3__B2_P02654--6nf3__A1_P02654,20,4,3,0,0.015190556295408,13.40625,False,0.40199231795139523
6njy__A1_F3ZXK6--6njy__B1_F3ZXK6,1,4,2,3,0.5430796548145969,85.875,True,0.6171943052999305
6njy__A1_F3ZXK6--6njy__B1_F3ZXK6,2,4,0,3,0.5583290980240491,84.8125,True,0.6155721730867635
6njy__A1_F3ZXK6--6njy__B1_F3ZXK6,3,2,0,3,0.5972681366862443,84.5625,True,0.5905611838965075
6njy__A1_F3ZXK6--6njy__B1_F3ZXK6,4,4,3,3,0.0172471411555797,84.4375,False,0.5865723816057942
6njy__A1_F3ZXK6--6njy__B1_F3ZXK6,5,2,3,3,0.6584736856100376,84.25,True,0.5862460360210562
6njy__A1_F3ZXK6--6njy__B1_F3ZXK6,6,2,1,3,0.5530198471457811,83.4375,True,0.567576046000298
6njy__A1_F3ZXK6--6njy__B1_F3ZXK6,7,3,0,3,0.017686132615415,82.75,False,0.5512444665278073
6njy__A1_F3ZXK6--6njy__B1_F3ZXK6,8,5,2,3,0.0173771943753191,78.8125,False,0.5388372647834183
6njy__A1_F3ZXK6--6njy__B1_F3ZXK6,9,3,3,3,0.0174460236214557,77.25,False,0.5197803782879364
6njy__A1_F3ZXK6--6njy__B1_F3ZXK6,10,5,0,3,0.0174958993263027,76.0625,False,0.5164488796669492
6njy__A1_F3ZXK6--6njy__B1_F3ZXK6,11,5,1,3,0.0174266067817526,75.5,False,0.5054449761529138
6njy__A1_F3ZXK6--6njy__B1_F3ZXK6,12,1,3,3,0.023240834906427,70.6875,False,0.4853487572195404
6njy__A1_F3ZXK6--6njy__B1_F3ZXK6,13,1,2,3,0.0473191300617758,68.875,False,0.472532337903658
6njy__A1_F3ZXK6--6njy__B1_F3ZXK6,14,4,1,3,0.037026404215554,67.4375,False,0.4712887450665676
6njy__A1_F3ZXK6--6njy__B1_F3ZXK6,15,5,3,3,0.0175529373152486,66.0,False,0.4515029801341562
6njy__A1_F3ZXK6--6njy__B1_F3ZXK6,16,3,2,3,0.0398223502041382,61.5,False,0.4391438617213177
6njy__A1_F3ZXK6--6njy__B1_F3ZXK6,17,3,1,3,0.0217650558603927,59.78125,False,0.4268597684271583
6njy__A1_F3ZXK6--6njy__B1_F3ZXK6,18,1,1,3,0.0398379093947361,48.1875,False,0.4102240417400939
6njy__A1_F3ZXK6--6njy__B1_F3ZXK6,19,2,2,3,0.0205172920805281,46.4375,False,0.40667087081452885
6njy__A1_F3ZXK6--6njy__B1_F3ZXK6,20,1,0,3,0.0453724171269921,45.21875,False,0.39091558122289866
6o1t__A1_P79125--6o1t__B2_P79125,1,1,1,0,0.7292058696325713,58.1875,True,0.6305637859732365
6o1t__A1_P79125--6o1t__B2_P79125,2,1,0,0,0.5285446434809353,57.0625,True,0.6182114004128612
6o1t__A1_P79125--6o1t__B2_P79125,3,1,3,0,0.5453951783242663,52.21875,True,0.6049910377705038
6o1t__A1_P79125--6o1t__B2_P79125,4,1,2,0,0.5588143246105638,49.46875,True,0.5937774076120305
6o1t__A1_P79125--6o1t__B2_P79125,5,2,0,0,0.1731393843351,32.5,False,0.5737354579945562
6o1t__A1_P79125--6o1t__B2_P79125,6,2,2,0,0.5610608464874091,31.53125,True,0.5739801729069106
6o1t__A1_P79125--6o1t__B2_P79125,7,4,3,0,0.1156726975602923,26.078125,False,0.5513072426381177
6o1t__A1_P79125--6o1t__B2_P79125,8,3,2,0,0.1768937429457782,25.9375,False,0.5344673234696984
6o1t__A1_P79125--6o1t__B2_P79125,9,2,1,0,0.3216019827898682,25.28125,True,0.5351497333279283
6o1t__A1_P79125--6o1t__B2_P79125,10,3,1,0,0.1992157214039236,25.0,False,0.5149034912485722
6o1t__A1_P79125--6o1t__B2_P79125,11,4,2,0,0.3767810450076278,22.90625,True,0.5052940551663443
6o1t__A1_P79125--6o1t__B2_P79125,12,2,3,0,0.2786267020084479,21.328125,True,0.4888009439716157
6o1t__A1_P79125--6o1t__B2_P79125,13,3,3,0,0.0417236538187114,20.5625,False,0.4544182966967714
6o1t__A1_P79125--6o1t__B2_P79125,14,4,1,0,0.1739365705024948,19.65625,False,0.45965912497844724
6o1t__A1_P79125--6o1t__B2_P79125,15,5,1,0,0.1457301553909189,19.015625,False,0.4410639096518684
6o1t__A1_P79125--6o1t__B2_P79125,16,5,0,0,0.1435219050816532,18.890625,False,0.42430145594767293
6o1t__A1_P79125--6o1t__B2_P79125,17,5,2,0,0.0212511524099471,18.328125,False,0.41896794489915123
6o1t__A1_P79125--6o1t__B2_P79125,18,4,0,0,0.1756338018630086,17.71875,False,0.41050467423132003
6o1t__A1_P79125--6o1t__B2_P79125,19,3,0,0,0.075528574241618,17.0625,False,0.429197862725662
6o1t__A1_P79125--6o1t__B2_P79125,20,5,3,0,0.1724045439752389,16.78125,False,0.4029565976006952
6ob5__A1_P0AEX9--6ob5__D1_UNDEFINED,1,1,2,2,0.0880476943921951,64.25,False,0.6194451762378861
6ob5__A1_P0AEX9--6ob5__D1_UNDEFINED,2,4,0,2,0.1124110563173506,62.5625,False,0.6151852252632505
6ob5__A1_P0AEX9--6ob5__D1_UNDEFINED,3,1,0,2,0.0970919437183467,60.90625,False,0.5999939038543413
6ob5__A1_P0AEX9--6ob5__D1_UNDEFINED,4,1,3,2,0.1125961458666559,57.09375,False,0.5888764849187671
6ob5__A1_P0AEX9--6ob5__D1_UNDEFINED,5,1,1,2,0.0917899206240365,56.0,False,0.575928348221499
6ob5__A1_P0AEX9--6ob5__D1_UNDEFINED,6,4,1,2,0.1228904146064194,50.15625,False,0.5542292669914777
6ob5__A1_P0AEX9--6ob5__D1_UNDEFINED,7,2,1,2,0.0785213573126998,49.125,False,0.5499860649124074
6ob5__A1_P0AEX9--6ob5__D1_UNDEFINED,8,3,1,2,0.1235285730607683,45.25,False,0.4912982454988918
6ob5__A1_P0AEX9--6ob5__D1_UNDEFINED,9,3,2,2,0.111468818903851,45.0,False,0.5034246322752504
6ob5__A1_P0AEX9--6ob5__D1_UNDEFINED,10,4,3,2,0.1063068846320392,44.53125,False,0.5085870711804326
6ob5__A1_P0AEX9--6ob5__D1_UNDEFINED,11,2,0,2,0.1357868714664961,43.84375,False,0.480313813969521
6ob5__A1_P0AEX9--6ob5__D1_UNDEFINED,12,4,2,2,0.1084586668144245,43.625,False,0.49682588148784124
6ob5__A1_P0AEX9--6ob5__D1_UNDEFINED,13,5,2,2,0.1247575810667156,41.46875,False,0.4960189536562247
6ob5__A1_P0AEX9--6ob5__D1_UNDEFINED,14,5,0,2,0.1256622083632525,40.96875,False,0.4676071343515746
6ob5__A1_P0AEX9--6ob5__D1_UNDEFINED,15,3,3,2,0.136001188269437,40.53125,False,0.46095935317387765
6ob5__A1_P0AEX9--6ob5__D1_UNDEFINED,16,3,0,2,0.1308202241989513,40.4375,False,0.4529897837411293
6ob5__A1_P0AEX9--6ob5__D1_UNDEFINED,17,2,3,2,0.1035727534212882,39.96875,False,0.44184379969144383
6ob5__A1_P0AEX9--6ob5__D1_UNDEFINED,18,5,3,2,0.1166662297747122,39.09375,False,0.46036074742605926
6ob5__A1_P0AEX9--6ob5__D1_UNDEFINED,19,5,1,2,0.0423451289937162,36.78125,False,0.4319150875035435
6ob5__A1_P0AEX9--6ob5__D1_UNDEFINED,20,2,2,2,0.1010686446791597,36.3125,False,0.4073406822899873
6ocf__A1_Q7L8A9--6ocf__B1_Q8N300,1,5,2,4,0.5633280355856493,78.8125,True,0.6231376998778518
6ocf__A1_Q7L8A9--6ocf__B1_Q8N300,2,2,2,4,0.5653185347929575,78.75,True,0.605893821502506
6ocf__A1_Q7L8A9--6ocf__B1_Q8N300,3,5,1,4,0.5733575391313774,77.125,True,0.617298552611738
6ocf__A1_Q7L8A9--6ocf__B1_Q8N300,4,5,0,4,0.5569230645162642,77.125,True,0.5890957206436814
6ocf__A1_Q7L8A9--6ocf__B1_Q8N300,5,4,3,4,0.5648340615688836,76.875,True,0.5265654983364163
6ocf__A1_Q7L8A9--6ocf__B1_Q8N300,6,4,2,4,0.564421780573742,76.875,True,0.525514960296777
6ocf__A1_Q7L8A9--6ocf__B1_Q8N300,7,2,1,4,0.5659201462448564,76.6875,True,0.5738100460111354
6ocf__A1_Q7L8A9--6ocf__B1_Q8N300,8,5,3,4,0.5849051742008826,76.3125,True,0.5611653422029282
6ocf__A1_Q7L8A9--6ocf__B1_Q8N300,9,4,0,4,0.5697643231168926,75.9375,True,0.4584497117728816
6ocf__A1_Q7L8A9--6ocf__B1_Q8N300,10,4,1,4,0.558530499053765,75.8125,True,0.4814741940384214
6ocf__A1_Q7L8A9--6ocf__B1_Q8N300,11,2,3,4,0.5544244073945671,75.25,True,0.5306842059885477
6ocf__A1_Q7L8A9--6ocf__B1_Q8N300,12,3,2,4,0.5838358062698711,74.9375,True,0.5473912736228608
6ocf__A1_Q7L8A9--6ocf__B1_Q8N300,13,3,1,4,0.5589851993417942,74.125,True,0.4856231448815512
6ocf__A1_Q7L8A9--6ocf__B1_Q8N300,14,1,3,4,0.5430850565119149,73.875,True,0.42283158566853674
6ocf__A1_Q7L8A9--6ocf__B1_Q8N300,15,3,3,4,0.5787425737516001,73.6875,True,0.47740249207312474
6ocf__A1_Q7L8A9--6ocf__B1_Q8N300,16,2,0,4,0.5629232297554384,72.6875,True,0.44788696776935716
6ocf__A1_Q7L8A9--6ocf__B1_Q8N300,17,1,1,4,0.5708627508344873,72.4375,True,0.41008932931571646
6ocf__A1_Q7L8A9--6ocf__B1_Q8N300,18,1,2,4,0.5477645737982478,72.0625,True,0.3890876604994834
6ocf__A1_Q7L8A9--6ocf__B1_Q8N300,19,3,0,4,0.5732815693210228,72.0,True,0.42560893104494907
6ocf__A1_Q7L8A9--6ocf__B1_Q8N300,20,1,0,4,0.5696506260806542,69.0,True,0.37870893344362017
6otn__A1_P06753--6otn__B1_P06753,1,5,3,2,0.857931489149813,78.4375,True,0.6188667664420363
6otn__A1_P06753--6otn__B1_P06753,2,5,1,2,0.8600470376936968,78.125,True,0.6157657533203703
6otn__A1_P06753--6otn__B1_P06753,3,5,0,2,0.8522806365589294,77.9375,True,0.5999939038543413
6otn__A1_P06753--6otn__B1_P06753,4,4,3,2,0.8638090763655372,75.75,True,0.5753956268280453
6otn__A1_P06753--6otn__B1_P06753,5,4,1,2,0.874088790002712,74.75,True,0.564412704094471
6otn__A1_P06753--6otn__B1_P06753,6,4,0,2,0.8633626383093332,74.75,True,0.5579913018873061
6otn__A1_P06753--6otn__B1_P06753,7,4,2,2,0.861090405348517,74.3125,True,0.5445237502603938
6otn__A1_P06753--6otn__B1_P06753,8,2,0,2,0.8343577376837946,74.1875,True,0.5515020668800625
6otn__A1_P06753--6otn__B1_P06753,9,2,2,2,0.8330305207192016,73.6875,True,0.5307954768016461
6otn__A1_P06753--6otn__B1_P06753,10,2,3,2,0.838613910643565,73.6875,True,0.5326208564302316
6otn__A1_P06753--6otn__B1_P06753,11,2,1,2,0.828830037243061,73.3125,True,0.5156166474695593
6otn__A1_P06753--6otn__B1_P06753,12,1,2,2,0.0220380108284088,65.5,False,0.4922536797598594
6otn__A1_P06753--6otn__B1_P06753,13,1,3,2,0.022025490349067,57.65625,False,0.48014052798252627
6otn__A1_P06753--6otn__B1_P06753,14,3,0,2,0.0121650348517087,35.59375,False,0.4680506797171312
6otn__A1_P06753--6otn__B1_P06753,15,3,1,2,0.0190340773037056,35.21875,False,0.4559982274173465
6otn__A1_P06753--6otn__B1_P06753,16,3,3,2,0.0155911147569591,32.65625,False,0.44399708896350104
6otn__A1_P06753--6otn__B1_P06753,17,5,2,2,0.3624815180232455,24.859375,True,0.4217392455921427
6otn__A1_P06753--6otn__B1_P06753,18,3,2,2,0.0203732657182763,18.671875,False,0.421866872747685
6otn__A1_P06753--6otn__B1_P06753,19,1,0,2,0.0643853966081637,17.0625,False,0.4127160134278636
6otn__A1_P06753--6otn__B1_P06753,20,1,1,2,0.019551093392964,15.8515625,False,0.4010142850970486
6p66__B1_O29890--6p66__A1_O29889,1,2,2,3,0.2645865596006814,73.625,True,0.6245771068758457
6p66__B1_O29890--6p66__A1_O29889,2,2,3,3,0.2689877511389303,72.0,True,0.5914850256991933
6p66__B1_O29890--6p66__A1_O29889,3,2,0,3,0.2637911531720182,71.75,True,0.6040892359563323
6p66__B1_O29890--6p66__A1_O29889,4,1,2,3,0.2716069993349214,71.3125,True,0.5316477707935972
6p66__B1_O29890--6p66__A1_O29889,5,2,1,3,0.2649144099051532,71.1875,True,0.5975651271805561
6p66__B1_O29890--6p66__A1_O29889,6,1,0,3,0.2719387957817292,70.8125,True,0.5196243368611269
6p66__B1_O29890--6p66__A1_O29889,7,1,1,3,0.2671819621357911,70.5,True,0.5517708890963394
6p66__B1_O29890--6p66__A1_O29889,8,1,3,3,0.2611431723460591,70.125,True,0.5718082408414606
6p66__B1_O29890--6p66__A1_O29889,9,4,2,3,0.2738332537665719,69.125,True,0.519506811686061
6p66__B1_O29890--6p66__A1_O29889,10,4,1,3,0.2736760185677578,68.875,True,0.5322297264029531
6p66__B1_O29890--6p66__A1_O29889,11,4,0,3,0.2660094069436206,68.0625,True,0.5088228421328317
6p66__B1_O29890--6p66__A1_O29889,12,4,3,3,0.2696637362806581,68.0,True,0.5029479549386672
6p66__B1_O29890--6p66__A1_O29889,13,3,2,3,0.2633765431392911,67.4375,True,0.48479541024883077
6p66__B1_O29890--6p66__A1_O29889,14,3,1,3,0.2639640904235875,66.375,True,0.4653344058968027
6p66__B1_O29890--6p66__A1_O29889,15,3,0,3,0.2664828885892297,65.6875,True,0.4458608007702442
6p66__B1_O29890--6p66__A1_O29889,16,3,3,3,0.2626608392392857,65.625,True,0.46137105402340406
6p66__B1_O29890--6p66__A1_O29889,17,5,2,3,0.270865794957909,64.375,True,0.43240357638465765
6p66__B1_O29890--6p66__A1_O29889,18,5,3,3,0.273489023975594,63.84375,True,0.4080309484828419
6p66__B1_O29890--6p66__A1_O29889,19,5,0,3,0.2825430178225157,63.03125,True,0.40060530592546617
6p66__B1_O29890--6p66__A1_O29889,20,5,1,3,0.2774823197926511,61.59375,True,0.39575985901415756
6p7y__A1_J7H333--6p7y__B1_P52799,1,5,3,3,0.5328041685205823,88.6875,True,0.6169123927981637
6p7y__A1_J7H333--6p7y__B1_P52799,2,5,2,3,0.5552550259351919,88.5,True,0.6096059054201997
6p7y__A1_J7H333--6p7y__B1_P52799,3,4,2,3,0.5392070010030803,88.3125,True,0.5840849244713755
6p7y__A1_J7H333--6p7y__B1_P52799,4,4,3,3,0.558201111636189,88.125,True,0.6052072147162347
6p7y__A1_J7H333--6p7y__B1_P52799,5,5,0,3,0.5110567161657001,87.875,True,0.5485179583565181
6p7y__A1_J7H333--6p7y__B1_P52799,6,3,2,3,0.5523952048122772,87.4375,True,0.5564322133843679
6p7y__A1_J7H333--6p7y__B1_P52799,7,1,2,3,0.5429190960700362,86.4375,True,0.5582268415485876
6p7y__A1_J7H333--6p7y__B1_P52799,8,2,1,3,0.5752914737299216,86.125,True,0.5600147181338342
6p7y__A1_J7H333--6p7y__B1_P52799,9,3,1,3,0.5172619027081266,86.0,True,0.5415320304220012
6p7y__A1_J7H333--6p7y__B1_P52799,10,1,0,3,0.5371721927641487,85.5,True,0.5138933280181247
6p7y__A1_J7H333--6p7y__B1_P52799,11,1,1,3,0.5285419576719806,83.6875,True,0.5013875270606346
6p7y__A1_J7H333--6p7y__B1_P52799,12,3,0,3,0.4805144543285318,83.0625,True,0.48887998982975284
6p7y__A1_J7H333--6p7y__B1_P52799,13,3,3,3,0.4879295522509201,81.5,True,0.46171298403713834
6p7y__A1_J7H333--6p7y__B1_P52799,14,1,3,3,0.5206752916657742,80.9375,True,0.45753987962158754
6p7y__A1_J7H333--6p7y__B1_P52799,15,5,1,3,0.5425072430422261,79.875,True,0.45279722918625803
6p7y__A1_J7H333--6p7y__B1_P52799,16,4,0,3,0.50166526402423,78.8125,True,0.4587811326983705
6p7y__A1_J7H333--6p7y__B1_P52799,17,2,0,3,0.5314667762915108,75.375,True,0.4228937285619479
6p7y__A1_J7H333--6p7y__B1_P52799,18,2,3,3,0.5248062967692637,73.75,True,0.4109186880654726
6p7y__A1_J7H333--6p7y__B1_P52799,19,4,1,3,0.5695224536612716,72.9375,True,0.41021836903557113
6p7y__A1_J7H333--6p7y__B1_P52799,20,2,2,3,0.519005697975287,68.875,True,0.39060082847309135
6pal__A1_A0A412SRH5--6pal__B1_A0A412SRH5,1,2,1,3,0.0334344677076765,28.515625,False,0.6208988066387975
6pal__A1_A0A412SRH5--6pal__B1_A0A412SRH5,2,2,2,3,0.0305660434973725,25.96875,False,0.5735227581337634
6pal__A1_A0A412SRH5--6pal__B1_A0A412SRH5,3,4,2,3,0.1985084366883847,25.421875,False,0.5793246379117079
6pal__A1_A0A412SRH5--6pal__B1_A0A412SRH5,4,1,0,3,0.1263390901353469,25.34375,False,0.5991560453249961
6pal__A1_A0A412SRH5--6pal__B1_A0A412SRH5,5,5,1,3,0.0576456073822075,24.796875,False,0.5273466371448422
6pal__A1_A0A412SRH5--6pal__B1_A0A412SRH5,6,1,3,3,0.1294857933326568,24.765625,False,0.56689236301274
6pal__A1_A0A412SRH5--6pal__B1_A0A412SRH5,7,5,3,3,0.0473758156241815,24.421875,False,0.5241989104111494
6pal__A1_A0A412SRH5--6pal__B1_A0A412SRH5,8,5,2,3,0.0337468706387224,24.296875,False,0.5287719065623581
6pal__A1_A0A412SRH5--6pal__B1_A0A412SRH5,9,4,3,3,0.1698486702858622,24.234375,False,0.49279345368544414
6pal__A1_A0A412SRH5--6pal__B1_A0A412SRH5,10,3,2,3,0.0334428536300772,24.203125,False,0.5260755415349178
6pal__A1_A0A412SRH5--6pal__B1_A0A412SRH5,11,5,0,3,0.0529321825042855,23.921875,False,0.4689269775733988
6pal__A1_A0A412SRH5--6pal__B1_A0A412SRH5,12,4,1,3,0.162472335934394,23.859375,False,0.42701151911360363
6pal__A1_A0A412SRH5--6pal__B1_A0A412SRH5,13,3,0,3,0.0504766599257503,23.859375,False,0.5001634701430441
6pal__A1_A0A412SRH5--6pal__B1_A0A412SRH5,14,1,1,3,0.0370456031222928,23.421875,False,0.5139175622967612
6pal__A1_A0A412SRH5--6pal__B1_A0A412SRH5,15,4,0,3,0.0894909679248476,23.40625,False,0.40698393702088964
6pal__A1_A0A412SRH5--6pal__B1_A0A412SRH5,16,3,3,3,0.1246386295593652,23.390625,False,0.43556933810192827
6pal__A1_A0A412SRH5--6pal__B1_A0A412SRH5,17,3,1,3,0.040296784196365,23.296875,False,0.46234610914243435
6pal__A1_A0A412SRH5--6pal__B1_A0A412SRH5,18,2,3,3,0.0382164422153378,23.265625,False,0.490016412806139
6pal__A1_A0A412SRH5--6pal__B1_A0A412SRH5,19,2,0,3,0.1332359430487497,23.25,False,0.43645599584444816
6pal__A1_A0A412SRH5--6pal__B1_A0A412SRH5,20,1,2,3,0.0284424557593308,23.171875,False,0.4694548831271414
6pnp__A1_Q9CS84--6pnp__B1_Q63366,1,1,0,0,0.566061935849777,81.0625,True,0.6232843510939808
6pnp__A1_Q9CS84--6pnp__B1_Q63366,2,1,3,0,0.537341121419148,79.75,True,0.619250274656195
6pnp__A1_Q9CS84--6pnp__B1_Q63366,3,2,1,0,0.5527045069056564,79.1875,True,0.6088842514888654
6pnp__A1_Q9CS84--6pnp__B1_Q63366,4,4,1,0,0.5615226064486668,78.3125,True,0.5962836663683265
6pnp__A1_Q9CS84--6pnp__B1_Q63366,5,3,3,0,0.3918072312613154,73.0625,True,0.5656931953595326
6pnp__A1_Q9CS84--6pnp__B1_Q63366,6,1,1,0,0.4917792724240093,73.0,True,0.571441358487814
6pnp__A1_Q9CS84--6pnp__B1_Q63366,7,1,2,0,0.4334399533156032,71.9375,True,0.5620056171349604
6pnp__A1_Q9CS84--6pnp__B1_Q63366,8,5,0,0,0.2515626813252724,70.8125,True,0.5337601469171421
6pnp__A1_Q9CS84--6pnp__B1_Q63366,9,3,0,0,0.4190735613289808,70.5625,True,0.5357081050433941
6pnp__A1_Q9CS84--6pnp__B1_Q63366,10,5,2,0,0.2423327901605392,66.1875,True,0.49839338145245526
6pnp__A1_Q9CS84--6pnp__B1_Q63366,11,5,1,0,0.2699035723982712,63.09375,True,0.5122253050542087
6pnp__A1_Q9CS84--6pnp__B1_Q63366,12,2,3,0,0.2368887237115567,61.71875,True,0.47187868737590277
6pnp__A1_Q9CS84--6pnp__B1_Q63366,13,2,2,0,0.1689217323656439,56.625,False,0.4923931196330379
6pnp__A1_Q9CS84--6pnp__B1_Q63366,14,2,0,0,0.2125550232703306,51.1875,False,0.4725427956765013
6pnp__A1_Q9CS84--6pnp__B1_Q63366,15,3,1,0,0.1210172622909976,49.8125,False,0.4520393129616946
6pnp__A1_Q9CS84--6pnp__B1_Q63366,16,4,0,0,0.2859425132506054,43.65625,True,0.4339374036219046
6pnp__A1_Q9CS84--6pnp__B1_Q63366,17,4,3,0,0.3138391277145428,35.90625,True,0.42031934167490304
6pnp__A1_Q9CS84--6pnp__B1_Q63366,18,4,2,0,0.224797930511021,32.09375,False,0.41399038332031285
6pnp__A1_Q9CS84--6pnp__B1_Q63366,19,5,3,0,0.097342253063865,23.515625,False,0.39807937011198197
6pnp__A1_Q9CS84--6pnp__B1_Q63366,20,3,2,0,0.0276862080286173,21.484375,False,0.38553478561776405
6pog__B1_Q99435--6pog__A1_Q96MS0,1,4,2,1,0.7113385188458835,84.0,True,0.6244873582878557
6pog__B1_Q99435--6pog__A1_Q96MS0,2,4,1,1,0.72289462822072,83.6875,True,0.6125640603930859
6pog__B1_Q99435--6pog__A1_Q96MS0,3,2,2,1,0.7237889047063882,82.3125,True,0.5952400360804598
6pog__B1_Q99435--6pog__A1_Q96MS0,4,2,1,1,0.7173666385186009,82.1875,True,0.5936144396279717
6pog__B1_Q99435--6pog__A1_Q96MS0,5,2,0,1,0.0218051289592738,76.0625,False,0.5763930936240571
6pog__B1_Q99435--6pog__A1_Q96MS0,6,2,3,1,0.0221615872715182,74.4375,False,0.5632765247850411
6pog__B1_Q99435--6pog__A1_Q96MS0,7,1,3,1,0.0215009787810291,62.21875,False,0.5511759872051596
6pog__B1_Q99435--6pog__A1_Q96MS0,8,4,0,1,0.3171524487378258,26.484375,True,0.5325373168573218
6pog__B1_Q99435--6pog__A1_Q96MS0,9,3,3,1,0.0414704286802604,26.0625,False,0.49638950455011077
6pog__B1_Q99435--6pog__A1_Q96MS0,10,4,3,1,0.3587610629271321,26.046875,True,0.5089270835067913
6pog__B1_Q99435--6pog__A1_Q96MS0,11,3,2,1,0.0411616399690065,22.875,False,0.4794236741080005
6pog__B1_Q99435--6pog__A1_Q96MS0,12,5,0,1,0.0720258111735869,22.125,False,0.4939147171661124
6pog__B1_Q99435--6pog__A1_Q96MS0,13,1,2,1,0.1124948518278175,21.765625,False,0.4773737549611383
6pog__B1_Q99435--6pog__A1_Q96MS0,14,3,1,1,0.0380001734120087,20.796875,False,0.47568634234675855
6pog__B1_Q99435--6pog__A1_Q96MS0,15,5,1,1,0.0559589042329851,18.1875,False,0.46325692004516117
6pog__B1_Q99435--6pog__A1_Q96MS0,16,5,3,1,0.0190593946583184,17.65625,False,0.44489540137694306
6pog__B1_Q99435--6pog__A1_Q96MS0,17,5,2,1,0.0282888048373123,16.1875,False,0.41822219818824224
6pog__B1_Q99435--6pog__A1_Q96MS0,18,3,0,1,0.0339157962906499,15.5234375,False,0.4208136624410135
6pog__B1_Q99435--6pog__A1_Q96MS0,19,1,1,1,0.0536664347864148,15.4921875,False,0.40284220033923157
6pog__B1_Q99435--6pog__A1_Q96MS0,20,1,0,1,0.0243006146818294,15.0234375,False,0.4076768765129697
6pqn__A1_B0F0C5--6pqn__B1_B0F0C5,1,4,1,3,0.1863061165232762,81.1875,False,0.6200344542464834
6pqn__A1_B0F0C5--6pqn__B1_B0F0C5,2,4,0,3,0.1862272101983351,80.5625,False,0.5936142653343546
6pqn__A1_B0F0C5--6pqn__B1_B0F0C5,3,4,2,3,0.1866042350922792,80.0625,False,0.5680522328355113
6pqn__A1_B0F0C5--6pqn__B1_B0F0C5,4,4,3,3,0.1752051578724304,79.4375,False,0.5641807620498653
6pqn__A1_B0F0C5--6pqn__B1_B0F0C5,5,1,3,3,0.1882892661324808,79.4375,False,0.5845826747051139
6pqn__A1_B0F0C5--6pqn__B1_B0F0C5,6,1,0,3,0.1876077478293631,79.1875,False,0.5777191172734937
6pqn__A1_B0F0C5--6pqn__B1_B0F0C5,7,5,2,3,0.1916232197646265,79.0625,False,0.5336164331519239
6pqn__A1_B0F0C5--6pqn__B1_B0F0C5,8,5,1,3,0.1932269433960058,78.5625,False,0.5376670294457474
6pqn__A1_B0F0C5--6pqn__B1_B0F0C5,9,1,1,3,0.1874695583062714,78.375,False,0.5327032314329055
6pqn__A1_B0F0C5--6pqn__B1_B0F0C5,10,5,0,3,0.1945058258434623,77.3125,False,0.4915755531456973
6pqn__A1_B0F0C5--6pqn__B1_B0F0C5,11,5,3,3,0.1935743891009141,77.1875,False,0.47073135927139437
6pqn__A1_B0F0C5--6pqn__B1_B0F0C5,12,1,2,3,0.1886583617225018,76.875,False,0.4872715782945974
6pqn__A1_B0F0C5--6pqn__B1_B0F0C5,13,2,3,3,0.1909887625126328,76.75,False,0.5142292541479757
6pqn__A1_B0F0C5--6pqn__B1_B0F0C5,14,3,1,3,0.1923383524178059,76.25,False,0.4541739042446127
6pqn__A1_B0F0C5--6pqn__B1_B0F0C5,15,2,0,3,0.1892079786034365,76.25,False,0.48933810160153984
6pqn__A1_B0F0C5--6pqn__B1_B0F0C5,16,2,2,3,0.1929816976755305,75.8125,False,0.447902526694254
6pqn__A1_B0F0C5--6pqn__B1_B0F0C5,17,3,3,3,0.1929945448952633,75.8125,False,0.4345727748503651
6pqn__A1_B0F0C5--6pqn__B1_B0F0C5,18,3,0,3,0.1921207521505407,75.125,False,0.41123876470870824
6pqn__A1_B0F0C5--6pqn__B1_B0F0C5,19,2,1,3,0.1971738579472609,74.4375,False,0.4462897065946747
6pqn__A1_B0F0C5--6pqn__B1_B0F0C5,20,3,2,3,0.1932391565875169,74.3125,False,0.39109992084455864
6pyk__A1_P16466--6pyk__A2_P16466,1,3,0,4,0.4380012084326712,80.9375,True,0.6287323427945517
6pyk__A1_P16466--6pyk__A2_P16466,2,3,1,4,0.1798607882370027,68.5625,False,0.6022758184007181
6pyk__A1_P16466--6pyk__A2_P16466,3,5,3,4,0.0382139578183419,68.375,False,0.5654687943122245
6pyk__A1_P16466--6pyk__A2_P16466,4,1,1,4,0.439380304578206,65.3125,True,0.6095104288156546
6pyk__A1_P16466--6pyk__A2_P16466,5,1,0,4,0.071888478614922,57.90625,False,0.5742878171883145
6pyk__A1_P16466--6pyk__A2_P16466,6,5,0,4,0.5041675140523555,57.65625,True,0.5580501131087419
6pyk__A1_P16466--6pyk__A2_P16466,7,5,2,4,0.4573156026528329,49.125,True,0.5295334748161701
6pyk__A1_P16466--6pyk__A2_P16466,8,4,3,4,0.1411075898283103,47.71875,False,0.50777040029066
6pyk__A1_P16466--6pyk__A2_P16466,9,3,3,4,0.1387108559443111,47.4375,False,0.5326818960628007
6pyk__A1_P16466--6pyk__A2_P16466,10,1,2,4,0.0996608712202392,44.65625,False,0.540508348841302
6pyk__A1_P16466--6pyk__A2_P16466,11,5,1,4,0.0335985707703043,43.5,False,0.5126518063819566
6pyk__A1_P16466--6pyk__A2_P16466,12,4,2,4,0.3258671556389789,41.25,True,0.48301921166544626
6pyk__A1_P16466--6pyk__A2_P16466,13,3,2,4,0.1279061399891632,40.40625,False,0.5116708907617659
6pyk__A1_P16466--6pyk__A2_P16466,14,2,1,4,0.0415006551787202,39.75,False,0.4594279901076342
6pyk__A1_P16466--6pyk__A2_P16466,15,1,3,4,0.0426192193339657,39.3125,False,0.42729392136605937
6pyk__A1_P16466--6pyk__A2_P16466,16,4,1,4,0.0409929105117708,37.75,False,0.4372250823652353
6pyk__A1_P16466--6pyk__A2_P16466,17,2,2,4,0.0261102045514846,37.03125,False,0.4086312697602557
6pyk__A1_P16466--6pyk__A2_P16466,18,2,3,4,0.0498995506451924,32.9375,False,0.4104692991351992
6pyk__A1_P16466--6pyk__A2_P16466,19,2,0,4,0.0691353060655221,31.75,False,0.3972438614114585
6pyk__A1_P16466--6pyk__A2_P16466,20,4,0,4,0.0280069881331724,31.03125,False,0.38203440351408946
6qpk__B1_A0A2H1G421--6qpk__A1_A0A2H1G421,1,2,3,4,0.0437001347679296,28.328125,False,0.618998399969372
6qpk__B1_A0A2H1G421--6qpk__A1_A0A2H1G421,2,3,3,4,0.0139110759995026,22.71875,False,0.6234112174094383
6qpk__B1_A0A2H1G421--6qpk__A1_A0A2H1G421,3,4,0,4,0.0181145669366846,18.125,False,0.5962914009512532
6qpk__B1_A0A2H1G421--6qpk__A1_A0A2H1G421,4,2,0,4,0.0230172012794918,17.875,False,0.5629860927286929
6qpk__B1_A0A2H1G421--6qpk__A1_A0A2H1G421,5,2,1,4,0.0219837345468992,14.984375,False,0.4864765342329443
6qpk__B1_A0A2H1G421--6qpk__A1_A0A2H1G421,6,3,2,4,0.0172283464654515,14.9765625,False,0.5117313301890986
6qpk__B1_A0A2H1G421--6qpk__A1_A0A2H1G421,7,5,2,4,0.0166156705570417,14.3671875,False,0.5141152194534372
6qpk__B1_A0A2H1G421--6qpk__A1_A0A2H1G421,8,4,1,4,0.0146420830912853,14.0546875,False,0.5080934235183621
6qpk__B1_A0A2H1G421--6qpk__A1_A0A2H1G421,9,3,1,4,0.0142299981086489,13.375,False,0.5514140275426658
6qpk__B1_A0A2H1G421--6qpk__A1_A0A2H1G421,10,5,3,4,0.0187356013157271,13.15625,False,0.5064346406237052
6qpk__B1_A0A2H1G421--6qpk__A1_A0A2H1G421,11,5,1,4,0.0273028859400519,13.1171875,False,0.578803022579956
6qpk__B1_A0A2H1G421--6qpk__A1_A0A2H1G421,12,4,3,4,0.0175168107192654,13.03125,False,0.48463475795912014
6qpk__B1_A0A2H1G421--6qpk__A1_A0A2H1G421,13,5,0,4,0.017598230154623,12.203125,False,0.4430959361992052
6qpk__B1_A0A2H1G421--6qpk__A1_A0A2H1G421,14,1,1,4,0.015674054148712,11.9296875,False,0.4483701955223432
6qpk__B1_A0A2H1G421--6qpk__A1_A0A2H1G421,15,1,2,4,0.0174471304730586,11.4609375,False,0.42917014167486967
6qpk__B1_A0A2H1G421--6qpk__A1_A0A2H1G421,16,2,2,4,0.0301726135145131,11.4375,False,0.42411148010864735
6qpk__B1_A0A2H1G421--6qpk__A1_A0A2H1G421,17,3,0,4,0.0161557986077302,11.3125,False,0.4844729611089043
6qpk__B1_A0A2H1G421--6qpk__A1_A0A2H1G421,18,1,0,4,0.0165271093189278,11.125,False,0.40018344233755937
6qpk__B1_A0A2H1G421--6qpk__A1_A0A2H1G421,19,4,2,4,0.0158980460069745,10.8828125,False,0.5041621350522376
6qpk__B1_A0A2H1G421--6qpk__A1_A0A2H1G421,20,1,3,4,0.0171990951948653,10.828125,False,0.39935404248053435
6qxp__A1_O48809--6qxp__I1_Q9FZA0,1,5,3,3,0.3778525981154956,90.0625,True,0.48428330582122503
6qxp__A1_O48809--6qxp__I1_Q9FZA0,2,5,2,3,0.6744893321233535,90.0625,True,0.5999817870487393
6qxp__A1_O48809--6qxp__I1_Q9FZA0,3,5,1,3,0.7014105313887318,89.875,True,0.5806570051880688
6qxp__A1_O48809--6qxp__I1_Q9FZA0,4,5,0,3,0.6888709892663111,89.8125,True,0.5900867518112667
6qxp__A1_O48809--6qxp__I1_Q9FZA0,5,3,1,3,0.7069010276506785,89.75,True,0.5694369570468539
6qxp__A1_O48809--6qxp__I1_Q9FZA0,6,4,2,3,0.6950874643916173,89.6875,True,0.5316455157616071
6qxp__A1_O48809--6qxp__I1_Q9FZA0,7,4,3,3,0.7349700081675254,89.5,True,0.5420409940792311
6qxp__A1_O48809--6qxp__I1_Q9FZA0,8,3,0,3,0.7047688683701566,89.375,True,0.5427239744399173
6qxp__A1_O48809--6qxp__I1_Q9FZA0,9,4,1,3,0.7178019220306915,89.3125,True,0.5590256206694787
6qxp__A1_O48809--6qxp__I1_Q9FZA0,10,3,3,3,0.3893437368128737,89.25,True,0.4793691455785775
6qxp__A1_O48809--6qxp__I1_Q9FZA0,11,4,0,3,0.7344820769673032,89.1875,True,0.48868136233803866
6qxp__A1_O48809--6qxp__I1_Q9FZA0,12,2,1,3,0.7547733343408666,89.0,True,0.5589216938422659
6qxp__A1_O48809--6qxp__I1_Q9FZA0,13,2,3,3,0.7567168962692342,89.0,True,0.5810291429433987
6qxp__A1_O48809--6qxp__I1_Q9FZA0,14,1,2,3,0.4001797895391547,88.875,True,0.42066860513511733
6qxp__A1_O48809--6qxp__I1_Q9FZA0,15,3,2,3,0.3923012657353265,88.8125,True,0.4796753619886928
6qxp__A1_O48809--6qxp__I1_Q9FZA0,16,2,2,3,0.4050538334569655,88.75,True,0.4480661983298282
6qxp__A1_O48809--6qxp__I1_Q9FZA0,17,1,1,3,0.4119101945366517,88.625,True,0.4238843678963932
6qxp__A1_O48809--6qxp__I1_Q9FZA0,18,2,0,3,0.3982420093531189,88.25,True,0.42749531472179825
6qxp__A1_O48809--6qxp__I1_Q9FZA0,19,1,0,3,0.7034767670851939,88.0625,True,0.43816386186767176
6qxp__A1_O48809--6qxp__I1_Q9FZA0,20,1,3,3,0.7050956765898676,88.0,True,0.4054419028217113
6r2f__A1_Q9BXU0--6r2f__B1_Q9BXU0,1,1,3,1,0.081619139415162,38.5625,False,0.6022312997300082
6r2f__A1_Q9BXU0--6r2f__B1_Q9BXU0,2,5,2,1,0.1186430302415088,38.4375,False,0.6034904383123988
6r2f__A1_Q9BXU0--6r2f__B1_Q9BXU0,3,5,3,1,0.1321556539454487,38.375,False,0.6039581513419359
6r2f__A1_Q9BXU0--6r2f__B1_Q9BXU0,4,5,1,1,0.1453025508266762,38.375,False,0.6064726169082634
6r2f__A1_Q9BXU0--6r2f__B1_Q9BXU0,5,5,0,1,0.1336282908974391,38.03125,False,0.5862635915881913
6r2f__A1_Q9BXU0--6r2f__B1_Q9BXU0,6,1,0,1,0.0869338022182297,35.4375,False,0.5516332737453574
6r2f__A1_Q9BXU0--6r2f__B1_Q9BXU0,7,4,2,1,0.5926486000514575,32.65625,True,0.5558111734066494
6r2f__A1_Q9BXU0--6r2f__B1_Q9BXU0,8,2,1,1,0.1181984850813788,32.15625,False,0.49708188866814995
6r2f__A1_Q9BXU0--6r2f__B1_Q9BXU0,9,1,2,1,0.086966029062482,32.09375,False,0.4960995121360362
6r2f__A1_Q9BXU0--6r2f__B1_Q9BXU0,10,2,0,1,0.3262981597097516,31.75,True,0.4862983457772469
6r2f__A1_Q9BXU0--6r2f__B1_Q9BXU0,11,1,1,1,0.0829405468212613,31.703125,False,0.49014049925924835
6r2f__A1_Q9BXU0--6r2f__B1_Q9BXU0,12,2,3,1,0.3197655709963091,31.484375,True,0.49440182606487104
6r2f__A1_Q9BXU0--6r2f__B1_Q9BXU0,13,4,3,1,0.6348598791013736,31.25,True,0.5040243026224844
6r2f__A1_Q9BXU0--6r2f__B1_Q9BXU0,14,4,1,1,0.5867015339507459,30.1875,True,0.5082753575811472
6r2f__A1_Q9BXU0--6r2f__B1_Q9BXU0,15,2,2,1,0.1002529687199717,29.875,False,0.44765716775739
6r2f__A1_Q9BXU0--6r2f__B1_Q9BXU0,16,4,0,1,0.531096924973209,29.484375,True,0.4773892142364778
6r2f__A1_Q9BXU0--6r2f__B1_Q9BXU0,17,3,0,1,0.107453966386522,20.546875,False,0.4244567848485028
6r2f__A1_Q9BXU0--6r2f__B1_Q9BXU0,18,3,3,1,0.1105097751049204,19.40625,False,0.41289878775517264
6r2f__A1_Q9BXU0--6r2f__B1_Q9BXU0,19,3,2,1,0.1075082936816004,19.03125,False,0.40143599802060487
6r2f__A1_Q9BXU0--6r2f__B1_Q9BXU0,20,3,1,1,0.1088316708157175,18.578125,False,0.390079999876462
6r6n__A1_Q1Q7P4--6r6n__B1_Q1Q7P3,1,1,2,3,0.5631643736795385,82.375,True,0.6074890903337029
6r6n__A1_Q1Q7P4--6r6n__B1_Q1Q7P3,2,1,3,3,0.5491373530704388,81.0625,True,0.605805640938653
6r6n__A1_Q1Q7P4--6r6n__B1_Q1Q7P3,3,4,0,3,0.6006231729841173,80.4375,True,0.5911538258719437
6r6n__A1_Q1Q7P4--6r6n__B1_Q1Q7P3,4,4,1,3,0.5504813707856607,80.0,True,0.5918202410622942
6r6n__A1_Q1Q7P4--6r6n__B1_Q1Q7P3,5,5,1,3,0.5104002808831195,79.8125,True,0.55888050667858
6r6n__A1_Q1Q7P4--6r6n__B1_Q1Q7P3,6,5,2,3,0.5276715574886598,79.625,True,0.5424291104370993
6r6n__A1_Q1Q7P4--6r6n__B1_Q1Q7P3,7,3,3,3,0.5264813176367644,79.5,True,0.5979510760923719
6r6n__A1_Q1Q7P4--6r6n__B1_Q1Q7P3,8,3,1,3,0.5470163966130092,78.125,True,0.5587160223830901
6r6n__A1_Q1Q7P4--6r6n__B1_Q1Q7P3,9,5,3,3,0.536168727621331,75.6875,True,0.5158002350012633
6r6n__A1_Q1Q7P4--6r6n__B1_Q1Q7P3,10,4,2,3,0.5400067504116403,73.875,True,0.5074743114833846
6r6n__A1_Q1Q7P4--6r6n__B1_Q1Q7P3,11,3,2,3,0.5328075833580868,73.75,True,0.5061666499191118
6r6n__A1_Q1Q7P4--6r6n__B1_Q1Q7P3,12,4,3,3,0.5442419773112656,73.6875,True,0.5011215416698467
6r6n__A1_Q1Q7P4--6r6n__B1_Q1Q7P3,13,5,0,3,0.5583253696159719,71.375,True,0.4763863607834589
6r6n__A1_Q1Q7P4--6r6n__B1_Q1Q7P3,14,1,1,3,0.519425367681678,67.9375,True,0.46392221488029545
6r6n__A1_Q1Q7P4--6r6n__B1_Q1Q7P3,15,1,0,3,0.4697886756834048,60.25,True,0.4515029801341562
6r6n__A1_Q1Q7P4--6r6n__B1_Q1Q7P3,16,2,3,3,0.4745822220570686,57.375,True,0.4391438617213177
6r6n__A1_Q1Q7P4--6r6n__B1_Q1Q7P3,17,2,1,3,0.5389014913504222,50.875,True,0.4268597684271583
6r6n__A1_Q1Q7P4--6r6n__B1_Q1Q7P3,18,2,2,3,0.4634290531578096,37.84375,True,0.41073130828139687
6r6n__A1_Q1Q7P4--6r6n__B1_Q1Q7P3,19,3,0,3,0.3105826074067375,34.53125,True,0.40648409144552106
6r6n__A1_Q1Q7P4--6r6n__B1_Q1Q7P3,20,2,0,3,0.2449201376698863,28.109375,True,0.39060082847309135
6ra0__A1_Q9XUJ7--6ra0__A2_Q9XUJ7,1,4,1,3,0.0150290523819252,58.9375,False,0.6171943052999305
6ra0__A1_Q9XUJ7--6ra0__A2_Q9XUJ7,2,4,2,3,0.0122986518608096,57.59375,False,0.6053049308313694
6ra0__A1_Q9XUJ7--6ra0__A2_Q9XUJ7,3,4,0,3,0.0132122979728573,56.84375,False,0.5973475758758325
6ra0__A1_Q9XUJ7--6ra0__A2_Q9XUJ7,4,5,3,3,0.0157911074501001,56.65625,False,0.5867601028982513
6ra0__A1_Q9XUJ7--6ra0__A2_Q9XUJ7,5,4,3,3,0.0142923570519249,56.28125,False,0.5794042798808867
6ra0__A1_Q9XUJ7--6ra0__A2_Q9XUJ7,6,5,2,3,0.0240832384090951,56.21875,False,0.5747212353920531
6ra0__A1_Q9XUJ7--6ra0__A2_Q9XUJ7,7,5,1,3,0.0159365055353555,56.125,False,0.5545152427057836
6ra0__A1_Q9XUJ7--6ra0__A2_Q9XUJ7,8,3,1,3,0.0191218925297001,51.59375,False,0.5349942230401239
6ra0__A1_Q9XUJ7--6ra0__A2_Q9XUJ7,9,3,3,3,0.0203041377216996,51.4375,False,0.5302334768220286
6ra0__A1_Q9XUJ7--6ra0__A2_Q9XUJ7,10,3,2,3,0.0148413138037469,49.34375,False,0.5138933280181247
6ra0__A1_Q9XUJ7--6ra0__A2_Q9XUJ7,11,1,2,3,0.0340925647741834,28.78125,False,0.4421081713826054
6ra0__A1_Q9XUJ7--6ra0__A2_Q9XUJ7,12,1,1,3,0.0756600804396501,24.515625,False,0.4759880233947587
6ra0__A1_Q9XUJ7--6ra0__A2_Q9XUJ7,13,3,0,3,0.0733878922911226,23.140625,False,0.49018179707779286
6ra0__A1_Q9XUJ7--6ra0__A2_Q9XUJ7,14,1,0,3,0.0798769052849698,22.65625,False,0.4489084286845079
6ra0__A1_Q9XUJ7--6ra0__A2_Q9XUJ7,15,5,0,3,0.0630621632636317,22.390625,False,0.4825222595508547
6ra0__A1_Q9XUJ7--6ra0__A2_Q9XUJ7,16,2,0,3,0.0164346459629031,21.8125,False,0.454941866523287
6ra0__A1_Q9XUJ7--6ra0__A2_Q9XUJ7,17,2,3,3,0.0244812125886889,20.03125,False,0.43116439123600203
6ra0__A1_Q9XUJ7--6ra0__A2_Q9XUJ7,18,1,3,3,0.0502789299946359,17.78125,False,0.42270398024313954
6ra0__A1_Q9XUJ7--6ra0__A2_Q9XUJ7,19,2,1,3,0.0341464683093555,15.0859375,False,0.4091535616047742
6ra0__A1_Q9XUJ7--6ra0__A2_Q9XUJ7,20,2,2,3,0.0978463832138025,13.3046875,False,0.39743096718716825
6ra9__B1_Q71V39--6ra9__A1_Q71V39,1,5,2,4,0.0248607106188873,25.484375,False,0.6262238169572869
6ra9__B1_Q71V39--6ra9__A1_Q71V39,2,5,0,4,0.0131747668076184,24.71875,False,0.6091618863458924
6ra9__B1_Q71V39--6ra9__A1_Q71V39,3,5,3,4,0.0221041419118133,24.125,False,0.6046584286276302
6ra9__B1_Q71V39--6ra9__A1_Q71V39,4,4,2,4,0.012870474043543,23.9375,False,0.5410510007941877
6ra9__B1_Q71V39--6ra9__A1_Q71V39,5,4,0,4,0.0121012729215566,23.234375,False,0.5472198487230014
6ra9__B1_Q71V39--6ra9__A1_Q71V39,6,1,2,4,0.0494479552332201,22.671875,False,0.570310230265211
6ra9__B1_Q71V39--6ra9__A1_Q71V39,7,2,2,4,0.016216407881616,22.328125,False,0.4343599653080963
6ra9__B1_Q71V39--6ra9__A1_Q71V39,8,2,3,4,0.0190898434216581,21.796875,False,0.5296437310500568
6ra9__B1_Q71V39--6ra9__A1_Q71V39,9,5,1,4,0.0220426668776626,21.671875,False,0.4127768282951208
6ra9__B1_Q71V39--6ra9__A1_Q71V39,10,1,3,4,0.0187443456278231,21.5,False,0.5263907259876445
6ra9__B1_Q71V39--6ra9__A1_Q71V39,11,1,1,4,0.0652347281313609,21.453125,False,0.5134227971256508
6ra9__B1_Q71V39--6ra9__A1_Q71V39,12,2,0,4,0.0426115557800209,21.4375,False,0.5016352524506764
6ra9__B1_Q71V39--6ra9__A1_Q71V39,13,1,0,4,0.0494119000406424,21.09375,False,0.43845134018261245
6ra9__B1_Q71V39--6ra9__A1_Q71V39,14,4,1,4,0.0121712017531289,20.953125,False,0.42026146088397776
6ra9__B1_Q71V39--6ra9__A1_Q71V39,15,2,1,4,0.1662977112191485,20.5625,False,0.40647915370956283
6ra9__B1_Q71V39--6ra9__A1_Q71V39,16,3,2,4,0.045648378439779,20.453125,False,0.46713979163116914
6ra9__B1_Q71V39--6ra9__A1_Q71V39,17,4,3,4,0.022092164293627,20.328125,False,0.4500585542299199
6ra9__B1_Q71V39--6ra9__A1_Q71V39,18,3,1,4,0.0306345138734052,20.28125,False,0.5258377344069122
6ra9__B1_Q71V39--6ra9__A1_Q71V39,19,3,3,4,0.0540565535865958,20.015625,False,0.4905117595100676
6ra9__B1_Q71V39--6ra9__A1_Q71V39,20,3,0,4,0.054192661784502,19.9375,False,0.4605438122527831
6rj8__A1_A0A5B8X6B5--6rj8__A2_A0A5B8X6B5,1,3,3,4,0.8755653663341508,92.875,True,0.6287323427945517
6rj8__A1_A0A5B8X6B5--6rj8__A2_A0A5B8X6B5,2,3,2,4,0.8748971176251029,92.6875,True,0.6128412831434025
6rj8__A1_A0A5B8X6B5--6rj8__A2_A0A5B8X6B5,3,3,0,4,0.8843691460864885,92.625,True,0.6080837797887821
6rj8__A1_A0A5B8X6B5--6rj8__A2_A0A5B8X6B5,4,1,1,4,0.8724232299347471,92.5,True,0.5888305859779654
6rj8__A1_A0A5B8X6B5--6rj8__A2_A0A5B8X6B5,5,2,0,4,0.867579434669334,92.1875,True,0.5772912800926199
6rj8__A1_A0A5B8X6B5--6rj8__A2_A0A5B8X6B5,6,4,3,4,0.8018476773059868,83.3125,True,0.5525829662920373
6rj8__A1_A0A5B8X6B5--6rj8__A2_A0A5B8X6B5,7,3,1,4,0.7587882451831648,82.75,True,0.5623920288628252
6rj8__A1_A0A5B8X6B5--6rj8__A2_A0A5B8X6B5,8,5,3,4,0.8487757517694875,75.375,True,0.5375105261564697
6rj8__A1_A0A5B8X6B5--6rj8__A2_A0A5B8X6B5,9,5,1,4,0.0089334294527963,53.25,False,0.524117483403783
6rj8__A1_A0A5B8X6B5--6rj8__A2_A0A5B8X6B5,10,5,2,4,0.0089755652657021,41.78125,False,0.5092781567526772
6rj8__A1_A0A5B8X6B5--6rj8__A2_A0A5B8X6B5,11,2,3,4,0.0088548785812482,40.53125,False,0.49611679082206156
6rj8__A1_A0A5B8X6B5--6rj8__A2_A0A5B8X6B5,12,5,0,4,0.0092170004182351,36.8125,False,0.4829608042606702
6rj8__A1_A0A5B8X6B5--6rj8__A2_A0A5B8X6B5,13,2,1,4,0.0101118795269151,30.796875,False,0.4698283959473529
6rj8__A1_A0A5B8X6B5--6rj8__A2_A0A5B8X6B5,14,2,2,4,0.0096937069596036,30.09375,False,0.4567376344647854
6rj8__A1_A0A5B8X6B5--6rj8__A2_A0A5B8X6B5,15,4,2,4,0.0127442435209642,29.328125,False,0.4314200264252765
6rj8__A1_A0A5B8X6B5--6rj8__A2_A0A5B8X6B5,16,1,3,4,0.0108121653526978,29.328125,False,0.44303421601811094
6rj8__A1_A0A5B8X6B5--6rj8__A2_A0A5B8X6B5,17,1,0,4,0.0109810659722035,28.671875,False,0.4078364461540772
6rj8__A1_A0A5B8X6B5--6rj8__A2_A0A5B8X6B5,18,1,2,4,0.0112096315891865,28.65625,False,0.4151780126760263
6rj8__A1_A0A5B8X6B5--6rj8__A2_A0A5B8X6B5,19,4,0,4,0.0120822985306834,27.625,False,0.39251959922018137
6rj8__A1_A0A5B8X6B5--6rj8__A2_A0A5B8X6B5,20,4,1,4,0.0134045882666826,26.09375,False,0.3800388150071393
6rm9__A1_G0SEG4--6rm9__B1_G0SFN3,1,5,2,4,0.8330006800487264,91.6875,True,0.6129128014629294
6rm9__A1_G0SEG4--6rm9__B1_G0SFN3,2,5,1,4,0.7079416294294836,90.625,True,0.6241433788991285
6rm9__A1_G0SEG4--6rm9__B1_G0SFN3,3,3,1,4,0.7678060721971431,89.875,True,0.5688998124059834
6rm9__A1_G0SEG4--6rm9__B1_G0SFN3,4,5,3,4,0.739182592220438,89.875,True,0.5707468276584169
6rm9__A1_G0SEG4--6rm9__B1_G0SFN3,5,5,0,4,0.7211569652924256,89.8125,True,0.5855504759114408
6rm9__A1_G0SEG4--6rm9__B1_G0SFN3,6,4,0,4,0.7476452035956779,89.6875,True,0.5844202278171334
6rm9__A1_G0SEG4--6rm9__B1_G0SFN3,7,3,0,4,0.7718683213465208,89.375,True,0.5151475865735581
6rm9__A1_G0SEG4--6rm9__B1_G0SFN3,8,4,1,4,0.7537926060824324,88.75,True,0.5184365810702738
6rm9__A1_G0SEG4--6rm9__B1_G0SFN3,9,3,2,4,0.7492827903287669,88.6875,True,0.46516874008003933
6rm9__A1_G0SEG4--6rm9__B1_G0SFN3,10,4,3,4,0.7440916957168119,88.625,True,0.5244316847103762
6rm9__A1_G0SEG4--6rm9__B1_G0SFN3,11,3,3,4,0.7524839930959235,88.5,True,0.45042022440885776
6rm9__A1_G0SEG4--6rm9__B1_G0SFN3,12,2,1,4,0.7314663424667088,88.4375,True,0.5358903314966313
6rm9__A1_G0SEG4--6rm9__B1_G0SFN3,13,4,2,4,0.7426019713745502,88.25,True,0.4803207306526228
6rm9__A1_G0SEG4--6rm9__B1_G0SFN3,14,1,3,4,0.7316338209797606,87.5,True,0.48516951756651255
6rm9__A1_G0SEG4--6rm9__B1_G0SFN3,15,2,0,4,0.7282128713578174,87.25,True,0.4725949768739049
6rm9__A1_G0SEG4--6rm9__B1_G0SFN3,16,2,2,4,0.7172973017403418,87.0,True,0.4380204625121757
6rm9__A1_G0SEG4--6rm9__B1_G0SFN3,17,1,0,4,0.7208431074079372,87.0,True,0.4333798978074286
6rm9__A1_G0SEG4--6rm9__B1_G0SFN3,18,1,2,4,0.712639966764495,86.625,True,0.4329305181539199
6rm9__A1_G0SEG4--6rm9__B1_G0SFN3,19,2,3,4,0.7242169826428299,86.5,True,0.3999943782904227
6rm9__A1_G0SEG4--6rm9__B1_G0SFN3,20,1,1,4,0.7061408206034202,85.1875,True,0.37870893344362017
6s6a__A1_Q7L523--6s6a__C1_Q9HB90,1,4,0,2,0.6542801785711593,90.125,True,0.6008944383175743
6s6a__A1_Q7L523--6s6a__C1_Q9HB90,2,4,2,2,0.6233608775600028,90.0625,True,0.5693628591236317
6s6a__A1_Q7L523--6s6a__C1_Q9HB90,3,4,1,2,0.6610112630432988,90.0,True,0.5843786882710083
6s6a__A1_Q7L523--6s6a__C1_Q9HB90,4,5,3,2,0.6822626512903316,89.75,True,0.5611166966134657
6s6a__A1_Q7L523--6s6a__C1_Q9HB90,5,4,3,2,0.6635306517750008,89.75,True,0.537051103534708
6s6a__A1_Q7L523--6s6a__C1_Q9HB90,6,5,2,2,0.6797188868842939,89.5625,True,0.5376798678234067
6s6a__A1_Q7L523--6s6a__C1_Q9HB90,7,2,0,2,0.7263007264208023,89.375,True,0.5791058008760134
6s6a__A1_Q7L523--6s6a__C1_Q9HB90,8,5,0,2,0.6806879156592718,89.3125,True,0.5271682210955031
6s6a__A1_Q7L523--6s6a__C1_Q9HB90,9,1,3,2,0.7020437105573221,89.3125,True,0.5344284497562456
6s6a__A1_Q7L523--6s6a__C1_Q9HB90,10,2,1,2,0.7229480008784067,89.3125,True,0.5738557377768017
6s6a__A1_Q7L523--6s6a__C1_Q9HB90,11,1,2,2,0.6909044787217659,89.0625,True,0.5241731817523864
6s6a__A1_Q7L523--6s6a__C1_Q9HB90,12,2,2,2,0.7007908561201738,89.0,True,0.5274074736539124
6s6a__A1_Q7L523--6s6a__C1_Q9HB90,13,2,3,2,0.7146896399627579,88.8125,True,0.496403003460687
6s6a__A1_Q7L523--6s6a__C1_Q9HB90,14,3,2,2,0.7075053701604155,88.6875,True,0.45695548055448443
6s6a__A1_Q7L523--6s6a__C1_Q9HB90,15,5,1,2,0.719387367007876,88.5625,True,0.4264799470980922
6s6a__A1_Q7L523--6s6a__C1_Q9HB90,16,1,1,2,0.707432547123688,88.5,True,0.4661736500177229
6s6a__A1_Q7L523--6s6a__C1_Q9HB90,17,1,0,2,0.708572701651527,88.4375,True,0.47669068068090065
6s6a__A1_Q7L523--6s6a__C1_Q9HB90,18,3,0,2,0.7133862108373887,88.3125,True,0.43428076448261815
6s6a__A1_Q7L523--6s6a__C1_Q9HB90,19,3,1,2,0.7052076848481411,88.0625,True,0.419662802498788
6s6a__A1_Q7L523--6s6a__C1_Q9HB90,20,3,3,2,0.7327215625413128,87.8125,True,0.37549460076928987
6s9j__A1_Q8AZ57--6s9j__B1_A0A060BIS8,1,2,1,3,0.0092203128599265,27.734375,False,0.6072528655111361
6s9j__A1_Q8AZ57--6s9j__B1_A0A060BIS8,2,3,2,3,0.0592430741879975,26.0,False,0.603014712771597
6s9j__A1_Q8AZ57--6s9j__B1_A0A060BIS8,3,1,2,3,0.0282797070763823,25.359375,False,0.6071251483166582
6s9j__A1_Q8AZ57--6s9j__B1_A0A060BIS8,4,4,1,3,0.0463608156809303,24.25,False,0.568038073731283
6s9j__A1_Q8AZ57--6s9j__B1_A0A060BIS8,5,2,0,3,0.0084945375007333,24.171875,False,0.5341259705391591
6s9j__A1_Q8AZ57--6s9j__B1_A0A060BIS8,6,4,0,3,0.0575437974908895,23.921875,False,0.5579383432869535
6s9j__A1_Q8AZ57--6s9j__B1_A0A060BIS8,7,5,0,3,0.0341627807990752,23.109375,False,0.5445108676647872
6s9j__A1_Q8AZ57--6s9j__B1_A0A060BIS8,8,4,2,3,0.0670722232726243,23.109375,False,0.533642108032914
6s9j__A1_Q8AZ57--6s9j__B1_A0A060BIS8,9,1,1,3,0.0392264087738797,22.5,False,0.5301975504108818
6s9j__A1_Q8AZ57--6s9j__B1_A0A060BIS8,10,1,0,3,0.0203711329737577,22.4375,False,0.46368844906397716
6s9j__A1_Q8AZ57--6s9j__B1_A0A060BIS8,11,2,2,3,0.0313064530905503,22.203125,False,0.49843459672885476
6s9j__A1_Q8AZ57--6s9j__B1_A0A060BIS8,12,5,2,3,0.0558274938975342,22.171875,False,0.4707628439222335
6s9j__A1_Q8AZ57--6s9j__B1_A0A060BIS8,13,5,1,3,0.0252180914894136,22.078125,False,0.45648224751665784
6s9j__A1_Q8AZ57--6s9j__B1_A0A060BIS8,14,2,3,3,0.0145350296489594,21.9375,False,0.4408625896455154
6s9j__A1_Q8AZ57--6s9j__B1_A0A060BIS8,15,3,3,3,0.0279772796781864,21.890625,False,0.46062748990175034
6s9j__A1_Q8AZ57--6s9j__B1_A0A060BIS8,16,5,3,3,0.0267650225212646,21.890625,False,0.5114387163430651
6s9j__A1_Q8AZ57--6s9j__B1_A0A060BIS8,17,1,3,3,0.0402942734539858,21.546875,False,0.49242366031432794
6s9j__A1_Q8AZ57--6s9j__B1_A0A060BIS8,18,3,1,3,0.0295069711575706,21.328125,False,0.4244045729915621
6s9j__A1_Q8AZ57--6s9j__B1_A0A060BIS8,19,4,3,3,0.0577095889924989,21.296875,False,0.44642987716666416
6s9j__A1_Q8AZ57--6s9j__B1_A0A060BIS8,20,3,0,3,0.0169062420668531,19.359375,False,0.3984149743841223
6sqc__A1_P0AEX9--6sqc__B1_Q9Y6Q9,1,3,2,3,0.2669722961001888,71.0,True,0.5335867936176409
6sqc__A1_P0AEX9--6sqc__B1_Q9Y6Q9,2,3,1,3,0.2613540499804739,70.875,True,0.544615215981181
6sqc__A1_P0AEX9--6sqc__B1_Q9Y6Q9,3,5,1,3,0.2911998944612045,68.5625,True,0.5873268320758154
6sqc__A1_P0AEX9--6sqc__B1_Q9Y6Q9,4,2,3,3,0.2865158022796101,68.0,True,0.5487735949775249
6sqc__A1_P0AEX9--6sqc__B1_Q9Y6Q9,5,5,2,3,0.2783352059297539,67.875,True,0.5890457166096289
6sqc__A1_P0AEX9--6sqc__B1_Q9Y6Q9,6,2,1,3,0.3175823284716492,64.75,True,0.5439737805165229
6sqc__A1_P0AEX9--6sqc__B1_Q9Y6Q9,7,2,0,3,0.2996863412623458,61.6875,True,0.518338934463284
6sqc__A1_P0AEX9--6sqc__B1_Q9Y6Q9,8,5,0,3,0.0627620879121002,45.78125,False,0.5837664377072738
6sqc__A1_P0AEX9--6sqc__B1_Q9Y6Q9,9,4,0,3,0.180020498563269,44.78125,False,0.5389134214605213
6sqc__A1_P0AEX9--6sqc__B1_Q9Y6Q9,10,5,3,3,0.0797821075128043,44.3125,False,0.5691512255565286
6sqc__A1_P0AEX9--6sqc__B1_Q9Y6Q9,11,4,1,3,0.1693525750872669,42.8125,False,0.5118163942602528
6sqc__A1_P0AEX9--6sqc__B1_Q9Y6Q9,12,3,0,3,0.0931525789719818,41.96875,False,0.4787982982923126
6sqc__A1_P0AEX9--6sqc__B1_Q9Y6Q9,13,1,3,3,0.1135422719839837,40.5625,False,0.4510473952376518
6sqc__A1_P0AEX9--6sqc__B1_Q9Y6Q9,14,4,2,3,0.1345373648797273,39.9375,False,0.49904356919146353
6sqc__A1_P0AEX9--6sqc__B1_Q9Y6Q9,15,4,3,3,0.0623323818024452,38.53125,False,0.5333604067841466
6sqc__A1_P0AEX9--6sqc__B1_Q9Y6Q9,16,3,3,3,0.103724850152575,38.0,False,0.4249984700557671
6sqc__A1_P0AEX9--6sqc__B1_Q9Y6Q9,17,1,1,3,0.1881169831910402,37.09375,False,0.41768016378207223
6sqc__A1_P0AEX9--6sqc__B1_Q9Y6Q9,18,1,2,3,0.1511720604234632,37.0,False,0.46031135892868613
6sqc__A1_P0AEX9--6sqc__B1_Q9Y6Q9,19,1,0,3,0.08653972219592,36.21875,False,0.4150176831182765
6sqc__A1_P0AEX9--6sqc__B1_Q9Y6Q9,20,2,2,3,0.1982888670222735,35.125,False,0.40324174176855315
6sqj__A1_Q04245--6sqj__B1_Q04245,1,4,0,0,0.029361257500665,74.4375,False,0.6274522140147676
6sqj__A1_Q04245--6sqj__B1_Q04245,2,3,0,0,0.0162815343408183,69.875,False,0.6213535770554064
6sqj__A1_Q04245--6sqj__B1_Q04245,3,2,3,0,0.0826302834278455,60.3125,False,0.6057042621715292
6sqj__A1_Q04245--6sqj__B1_Q04245,4,2,0,0,0.1299620296105481,48.28125,False,0.5905508775308342
6sqj__A1_Q04245--6sqj__B1_Q04245,5,2,1,0,0.0892775404662859,47.5,False,0.5828100533142354
6sqj__A1_Q04245--6sqj__B1_Q04245,6,4,1,0,0.0298293074427922,44.8125,False,0.5704575929343227
6sqj__A1_Q04245--6sqj__B1_Q04245,7,2,2,0,0.1073421668253744,41.5,False,0.5478425504906673
6sqj__A1_Q04245--6sqj__B1_Q04245,8,5,3,0,0.0998561257967985,40.53125,False,0.5505688477601988
6sqj__A1_Q04245--6sqj__B1_Q04245,9,4,2,0,0.0307465220007613,37.875,False,0.523665419171236
6sqj__A1_Q04245--6sqj__B1_Q04245,10,5,2,0,0.1254085764679022,36.375,False,0.5034714096938518
6sqj__A1_Q04245--6sqj__B1_Q04245,11,5,1,0,0.1466697529001845,34.65625,False,0.4936305922845329
6sqj__A1_Q04245--6sqj__B1_Q04245,12,3,2,0,0.4377086132467753,33.03125,True,0.48697101415825056
6sqj__A1_Q04245--6sqj__B1_Q04245,13,5,0,0,0.1507225332735957,31.796875,False,0.44290810360927174
6sqj__A1_Q04245--6sqj__B1_Q04245,14,1,2,0,0.4673502759051413,31.609375,True,0.4866378386651208
6sqj__A1_Q04245--6sqj__B1_Q04245,15,1,0,0,0.0909025974429581,31.484375,False,0.451698455061818
6sqj__A1_Q04245--6sqj__B1_Q04245,16,4,3,0,0.0357255504222732,31.25,False,0.4215244423557238
6sqj__A1_Q04245--6sqj__B1_Q04245,17,1,1,0,0.0677983970147583,31.1875,False,0.43230916812299763
6sqj__A1_Q04245--6sqj__B1_Q04245,18,1,3,0,0.1248203267572582,30.234375,False,0.4245927293573877
6sqj__A1_Q04245--6sqj__B1_Q04245,19,3,3,0,0.6638037792398193,29.5,True,0.41310851233223056
6sqj__A1_Q04245--6sqj__B1_Q04245,20,3,1,0,0.031510349704659,24.953125,False,0.38923099764302305
6t6q__A1_A0A0F7VBC6--6t6q__B1_A0A0F7VBC6,1,5,3,4,0.0328870692358739,44.28125,False,0.6287323427945517
6t6q__A1_A0A0F7VBC6--6t6q__B1_A0A0F7VBC6,2,5,2,4,0.0579335055477222,27.5625,False,0.6060265607025326
6t6q__A1_A0A0F7VBC6--6t6q__B1_A0A0F7VBC6,3,1,0,4,0.0594486391036361,24.734375,False,0.5823910464171571
6t6q__A1_A0A0F7VBC6--6t6q__B1_A0A0F7VBC6,4,5,1,4,0.0480001735887796,23.59375,False,0.567573336168935
6t6q__A1_A0A0F7VBC6--6t6q__B1_A0A0F7VBC6,5,3,2,4,0.0449083626698768,23.375,False,0.4571736799992026
6t6q__A1_A0A0F7VBC6--6t6q__B1_A0A0F7VBC6,6,5,0,4,0.0486664360762921,23.125,False,0.5873287032601598
6t6q__A1_A0A0F7VBC6--6t6q__B1_A0A0F7VBC6,7,4,3,4,0.0462792944372198,21.53125,False,0.5742043207167097
6t6q__A1_A0A0F7VBC6--6t6q__B1_A0A0F7VBC6,8,3,0,4,0.0321390590252307,21.5,False,0.41403836939794164
6t6q__A1_A0A0F7VBC6--6t6q__B1_A0A0F7VBC6,9,1,1,4,0.1027943488951496,20.46875,False,0.5425847984304653
6t6q__A1_A0A0F7VBC6--6t6q__B1_A0A0F7VBC6,10,4,2,4,0.0454873603597206,19.953125,False,0.5021767452064577
6t6q__A1_A0A0F7VBC6--6t6q__B1_A0A0F7VBC6,11,2,1,4,0.087965307416159,19.75,False,0.5202073168789311
6t6q__A1_A0A0F7VBC6--6t6q__B1_A0A0F7VBC6,12,1,3,4,0.1844776512902665,19.375,False,0.49750963772280515
6t6q__A1_A0A0F7VBC6--6t6q__B1_A0A0F7VBC6,13,1,2,4,0.1901904793849586,19.359375,False,0.4945348963439566
6t6q__A1_A0A0F7VBC6--6t6q__B1_A0A0F7VBC6,14,2,3,4,0.1091564510446257,18.890625,False,0.48139682812867535
6t6q__A1_A0A0F7VBC6--6t6q__B1_A0A0F7VBC6,15,3,1,4,0.0714738891727883,18.828125,False,0.43120390409755743
6t6q__A1_A0A0F7VBC6--6t6q__B1_A0A0F7VBC6,16,4,0,4,0.0574007604299554,18.8125,False,0.4724752091023887
6t6q__A1_A0A0F7VBC6--6t6q__B1_A0A0F7VBC6,17,3,3,4,0.0713510512461157,18.765625,False,0.42190264145497564
6t6q__A1_A0A0F7VBC6--6t6q__B1_A0A0F7VBC6,18,2,0,4,0.133489969437238,18.296875,False,0.4551838174839334
6t6q__A1_A0A0F7VBC6--6t6q__B1_A0A0F7VBC6,19,2,2,4,0.1342837039710783,17.640625,False,0.41787150446099786
6t6q__A1_A0A0F7VBC6--6t6q__B1_A0A0F7VBC6,20,4,1,4,0.0218943996761701,16.71875,False,0.42114197743091286
6tgk__A1_Q05086--6tgk__A2_Q05086,1,3,2,3,0.700625532962126,76.875,True,0.6071605462769935
6tgk__A1_Q05086--6tgk__A2_Q05086,2,3,3,3,0.8334380449666728,75.9375,True,0.612698820869488
6tgk__A1_Q05086--6tgk__A2_Q05086,3,3,1,3,0.6963673255673153,73.9375,True,0.5949794725594338
6tgk__A1_Q05086--6tgk__A2_Q05086,4,3,0,3,0.7476126521364704,73.4375,True,0.559592477355299
6tgk__A1_Q05086--6tgk__A2_Q05086,5,4,0,3,0.7384942214342464,73.4375,True,0.583132890295835
6tgk__A1_Q05086--6tgk__A2_Q05086,6,4,2,3,0.8054237525249067,73.0625,True,0.5715687176963066
6tgk__A1_Q05086--6tgk__A2_Q05086,7,4,3,3,0.8909190369701778,72.8125,True,0.5567198570455093
6tgk__A1_Q05086--6tgk__A2_Q05086,8,4,1,3,0.9290644405425476,72.8125,True,0.5459681120922605
6tgk__A1_Q05086--6tgk__A2_Q05086,9,5,2,3,0.6000084219924728,71.5625,True,0.5331724684005242
6tgk__A1_Q05086--6tgk__A2_Q05086,10,5,1,3,0.6537846194216234,71.25,True,0.5207000552316327
6tgk__A1_Q05086--6tgk__A2_Q05086,11,5,3,3,0.6525016075321418,70.625,True,0.5091930749966669
6tgk__A1_Q05086--6tgk__A2_Q05086,12,5,0,3,0.7448083191233009,68.1875,True,0.4904515166740583
6tgk__A1_Q05086--6tgk__A2_Q05086,13,2,1,3,0.035170057289239,27.3125,False,0.4763863607834589
6tgk__A1_Q05086--6tgk__A2_Q05086,14,2,2,3,0.0330861516184872,26.109375,False,0.46392221488029545
6tgk__A1_Q05086--6tgk__A2_Q05086,15,2,3,3,0.0546700588204674,22.890625,False,0.41165026162466617
6tgk__A1_Q05086--6tgk__A2_Q05086,16,1,1,3,0.0420661191584691,21.484375,False,0.44796361928484774
6tgk__A1_Q05086--6tgk__A2_Q05086,17,1,3,3,0.0351696434519052,21.25,False,0.4349188621008861
6tgk__A1_Q05086--6tgk__A2_Q05086,18,1,2,3,0.0432661455831897,20.828125,False,0.4184846821807302
6tgk__A1_Q05086--6tgk__A2_Q05086,19,2,0,3,0.0383905410773375,20.734375,False,0.3981451266615886
6tgk__A1_Q05086--6tgk__A2_Q05086,20,1,0,3,0.044786706582174,20.5625,False,0.41384185652480465
6tp8__A1_P41365--6tp8__B1_P41365,1,3,2,2,0.0270528369830388,65.6875,False,0.6230287144243065
6tp8__A1_P41365--6tp8__B1_P41365,2,2,2,2,0.0342457911338461,58.0625,False,0.6115736109422036
6tp8__A1_P41365--6tp8__B1_P41365,3,2,0,2,0.0337696822442713,57.6875,False,0.5999939038543413
6tp8__A1_P41365--6tp8__B1_P41365,4,2,3,2,0.0332035913536272,55.03125,False,0.5909285597509882
6tp8__A1_P41365--6tp8__B1_P41365,5,2,1,2,0.0340788303757324,53.25,False,0.5738552902200649
6tp8__A1_P41365--6tp8__B1_P41365,6,5,3,2,0.0365437543893891,39.25,False,0.5646274138961219
6tp8__A1_P41365--6tp8__B1_P41365,7,5,1,2,0.0380734111874209,34.40625,False,0.5591632862043832
6tp8__A1_P41365--6tp8__B1_P41365,8,5,0,2,0.0278804478322687,34.1875,False,0.5263426888969883
6tp8__A1_P41365--6tp8__B1_P41365,9,3,0,2,0.0292164127643833,32.8125,False,0.516358915122138
6tp8__A1_P41365--6tp8__B1_P41365,10,1,0,2,0.0296626002024454,32.59375,False,0.5146563721806107
6tp8__A1_P41365--6tp8__B1_P41365,11,3,3,2,0.0310194857534141,32.125,False,0.4997335135706298
6tp8__A1_P41365--6tp8__B1_P41365,12,5,2,2,0.0382978275702145,32.03125,False,0.4937113352089742
6tp8__A1_P41365--6tp8__B1_P41365,13,1,1,2,0.0302958167259313,31.90625,False,0.4545958108355942
6tp8__A1_P41365--6tp8__B1_P41365,14,1,2,2,0.0300322468029982,31.859375,False,0.47647293810053554
6tp8__A1_P41365--6tp8__B1_P41365,15,1,3,2,0.0301537575713589,31.546875,False,0.4479819398729902
6tp8__A1_P41365--6tp8__B1_P41365,16,3,1,2,0.0291389325390842,31.484375,False,0.4841190231589929
6tp8__A1_P41365--6tp8__B1_P41365,17,4,1,2,0.0266019213227008,28.796875,False,0.44356748542208385
6tp8__A1_P41365--6tp8__B1_P41365,18,4,0,2,0.0263536450406779,26.890625,False,0.42024460416014886
6tp8__A1_P41365--6tp8__B1_P41365,19,4,3,2,0.0433914545310551,26.5625,False,0.40364053942781797
6tp8__A1_P41365--6tp8__B1_P41365,20,4,2,2,0.024908081314526,26.296875,False,0.39991467470170955
6u7f__A1_P15144--6u7f__C1_Q1HVL3,1,3,1,0,0.0068917566344497,41.125,False,0.5922725264193925
6u7f__A1_P15144--6u7f__C1_Q1HVL3,2,3,2,0,0.0067219463980896,41.0625,False,0.5531420750733071
6u7f__A1_P15144--6u7f__C1_Q1HVL3,3,3,0,0,0.0066665361488912,40.71875,False,0.5550638420862198
6u7f__A1_P15144--6u7f__C1_Q1HVL3,4,3,3,0,0.0065831903057573,40.65625,False,0.5152638246800547
6u7f__A1_P15144--6u7f__C1_Q1HVL3,5,5,1,0,0.0066490364161284,38.5,False,0.6061478900324889
6u7f__A1_P15144--6u7f__C1_Q1HVL3,6,5,0,0,0.007065241746215,38.15625,False,0.5805826616212686
6u7f__A1_P15144--6u7f__C1_Q1HVL3,7,5,2,0,0.0066695873381869,37.84375,False,0.5774799253453825
6u7f__A1_P15144--6u7f__C1_Q1HVL3,8,5,3,0,0.0065436579238491,37.6875,False,0.574432928293467
6u7f__A1_P15144--6u7f__C1_Q1HVL3,9,4,2,0,0.0061033650649899,36.65625,False,0.5300606579614942
6u7f__A1_P15144--6u7f__C1_Q1HVL3,10,4,0,0,0.0063834040316156,36.3125,False,0.5584203953965539
6u7f__A1_P15144--6u7f__C1_Q1HVL3,11,4,3,0,0.0060485546372369,36.0,False,0.5070855418466707
6u7f__A1_P15144--6u7f__C1_Q1HVL3,12,4,1,0,0.0061646172961709,36.0,False,0.51895870768411
6u7f__A1_P15144--6u7f__C1_Q1HVL3,13,2,2,0,0.0072744664577836,32.96875,False,0.4440551882240702
6u7f__A1_P15144--6u7f__C1_Q1HVL3,14,2,1,0,0.0069085201623678,32.875,False,0.4147882272725191
6u7f__A1_P15144--6u7f__C1_Q1HVL3,15,2,0,0,0.0070410285187622,32.46875,False,0.40527858671056044
6u7f__A1_P15144--6u7f__C1_Q1HVL3,16,2,3,0,0.0068817976071394,32.4375,False,0.4103976251878777
6u7f__A1_P15144--6u7f__C1_Q1HVL3,17,1,0,0,0.0061881244256146,31.5625,False,0.45494867895432656
6u7f__A1_P15144--6u7f__C1_Q1HVL3,18,1,1,0,0.0058151726576233,31.296875,False,0.4667570629727772
6u7f__A1_P15144--6u7f__C1_Q1HVL3,19,1,3,0,0.0060824495084436,30.9375,False,0.46875651414242603
6u7f__A1_P15144--6u7f__C1_Q1HVL3,20,1,2,0,0.0062488944338392,30.65625,False,0.4357624015926469
6ubo__A1_P0A901--6ubo__B1_P0A901,1,3,0,2,0.0640170394411847,86.5,False,0.6178533894324094
6ubo__A1_P0A901--6ubo__B1_P0A901,2,3,3,2,0.0642178160382011,86.4375,False,0.603140168387993
6ubo__A1_P0A901--6ubo__B1_P0A901,3,3,2,2,0.0648801824395389,86.375,False,0.6120545258277551
6ubo__A1_P0A901--6ubo__B1_P0A901,4,3,1,2,0.0645535284101572,86.25,False,0.5899534155089791
6ubo__A1_P0A901--6ubo__B1_P0A901,5,5,0,2,0.1175307420826722,50.5625,False,0.5765083010473344
6ubo__A1_P0A901--6ubo__B1_P0A901,6,5,1,2,0.1181800517811807,41.71875,False,0.5690426932866417
6ubo__A1_P0A901--6ubo__B1_P0A901,7,2,0,2,0.1276730003969963,37.71875,False,0.5445410321714484
6ubo__A1_P0A901--6ubo__B1_P0A901,8,5,2,2,0.1092681714980823,37.15625,False,0.5403828653083272
6ubo__A1_P0A901--6ubo__B1_P0A901,9,2,1,2,0.1265794369343832,35.53125,False,0.5122024531019365
6ubo__A1_P0A901--6ubo__B1_P0A901,10,2,3,2,0.192080224428759,35.0625,False,0.5331414890492997
6ubo__A1_P0A901--6ubo__B1_P0A901,11,2,2,2,0.1829373181599548,34.40625,False,0.5059680556369988
6ubo__A1_P0A901--6ubo__B1_P0A901,12,5,3,2,0.1271064128046401,32.53125,False,0.48489719706485496
6ubo__A1_P0A901--6ubo__B1_P0A901,13,1,1,2,0.1951372486899636,32.28125,False,0.4719509841813821
6ubo__A1_P0A901--6ubo__B1_P0A901,14,1,0,2,0.2292793921906456,31.09375,False,0.4754402062446209
6ubo__A1_P0A901--6ubo__B1_P0A901,15,1,2,2,0.194432687196791,30.984375,False,0.45502001875708953
6ubo__A1_P0A901--6ubo__B1_P0A901,16,1,3,2,0.2068146596875784,30.59375,False,0.45094054166962844
6ubo__A1_P0A901--6ubo__B1_P0A901,17,4,2,2,0.2517961525476206,23.28125,True,0.4156471772059303
6ubo__A1_P0A901--6ubo__B1_P0A901,18,4,1,2,0.1809898963177394,23.25,False,0.4225738107855245
6ubo__A1_P0A901--6ubo__B1_P0A901,19,4,0,2,0.2140337751489002,22.765625,False,0.41775105752033176
6ubo__A1_P0A901--6ubo__B1_P0A901,20,4,3,2,0.2006298754126246,22.703125,False,0.40543262491670873
6ust__A1_A0A174CV66--6ust__D2_A0A174CV66,1,5,3,0,0.0044074617767606,77.1875,False,0.6305637859732365
6ust__A1_A0A174CV66--6ust__D2_A0A174CV66,2,5,1,0,0.0044091349752081,76.625,False,0.6182114004128612
6ust__A1_A0A174CV66--6ust__D2_A0A174CV66,3,5,0,0,0.0044034555843933,76.5,False,0.6057042621715292
6ust__A1_A0A174CV66--6ust__D2_A0A174CV66,4,5,2,0,0.0043975121302387,75.625,False,0.5930571037307205
6ust__A1_A0A174CV66--6ust__D2_A0A174CV66,5,1,3,0,0.0043479308825725,64.3125,False,0.5802853814554461
6ust__A1_A0A174CV66--6ust__D2_A0A174CV66,6,3,3,0,0.0044274110700042,60.96875,False,0.5775360088962783
6ust__A1_A0A174CV66--6ust__D2_A0A174CV66,7,1,2,0,0.0043828861330092,56.875,False,0.5646347623588055
6ust__A1_A0A174CV66--6ust__D2_A0A174CV66,8,3,1,0,0.0045182901020692,49.40625,False,0.5383944034117316
6ust__A1_A0A174CV66--6ust__D2_A0A174CV66,9,1,1,0,0.0045096976991282,40.6875,False,0.5136335634262348
6ust__A1_A0A174CV66--6ust__D2_A0A174CV66,10,3,2,0,0.0046041225911189,36.4375,False,0.48714408138349913
6ust__A1_A0A174CV66--6ust__D2_A0A174CV66,11,3,0,0,0.0046682385092314,35.25,False,0.4740030341293734
6ust__A1_A0A174CV66--6ust__D2_A0A174CV66,12,1,0,0,0.0045851422938349,31.796875,False,0.4608979005403404
6ust__A1_A0A174CV66--6ust__D2_A0A174CV66,13,2,0,0,0.0042769975295331,30.703125,False,0.4710232533314342
6ust__A1_A0A174CV66--6ust__D2_A0A174CV66,14,4,0,0,0.0042731174713022,29.828125,False,0.4673841881011976
6ust__A1_A0A174CV66--6ust__D2_A0A174CV66,15,4,1,0,0.004263704738097,29.6875,False,0.46754930487998364
6ust__A1_A0A174CV66--6ust__D2_A0A174CV66,16,2,3,0,0.0043543527693515,29.375,False,0.43684508502154495
6ust__A1_A0A174CV66--6ust__D2_A0A174CV66,17,4,3,0,0.0042489375665517,28.46875,False,0.44144368085700303
6ust__A1_A0A174CV66--6ust__D2_A0A174CV66,18,4,2,0,0.004281199963491,28.34375,False,0.4317467135799679
6ust__A1_A0A174CV66--6ust__D2_A0A174CV66,19,2,1,0,0.004316089813255,27.796875,False,0.406489491063803
6ust__A1_A0A174CV66--6ust__D2_A0A174CV66,20,2,2,0,0.0044482764924878,27.015625,False,0.3986179745233872
6vax__A1_P31040--6vax__B1_Q9NX18,1,4,1,2,0.6319603056141553,94.375,True,0.6120814696757083
6vax__A1_P31040--6vax__B1_Q9NX18,2,4,2,2,0.6339909297940355,94.3125,True,0.5956213317348309
6vax__A1_P31040--6vax__B1_Q9NX18,3,3,0,2,0.6214799524717355,94.25,True,0.5999104186207658
6vax__A1_P31040--6vax__B1_Q9NX18,4,4,0,2,0.6499406260416914,94.1875,True,0.5970382258236112
6vax__A1_P31040--6vax__B1_Q9NX18,5,5,0,2,0.667717949034946,94.1875,True,0.5139896470492706
6vax__A1_P31040--6vax__B1_Q9NX18,6,5,1,2,0.6665523040515915,94.125,True,0.5467556219852676
6vax__A1_P31040--6vax__B1_Q9NX18,7,5,2,2,0.648776417978497,94.0625,True,0.4603650507409006
6vax__A1_P31040--6vax__B1_Q9NX18,8,3,1,2,0.6251509714773539,94.0,True,0.5124879840194115
6vax__A1_P31040--6vax__B1_Q9NX18,9,4,3,2,0.6507144258621543,93.9375,True,0.5350585130371938
6vax__A1_P31040--6vax__B1_Q9NX18,10,5,3,2,0.6538951604453274,93.875,True,0.4273792339537053
6vax__A1_P31040--6vax__B1_Q9NX18,11,3,2,2,0.6506094966505862,93.8125,True,0.47424545972280746
6vax__A1_P31040--6vax__B1_Q9NX18,12,1,0,2,0.6486201083231345,93.8125,True,0.5418825765877392
6vax__A1_P31040--6vax__B1_Q9NX18,13,1,2,2,0.6217399157405854,93.625,True,0.48855214488148574
6vax__A1_P31040--6vax__B1_Q9NX18,14,2,2,2,0.6576543755992528,93.625,True,0.515483453055512
6vax__A1_P31040--6vax__B1_Q9NX18,15,2,1,2,0.6566308880104826,93.5625,True,0.47269288131994563
6vax__A1_P31040--6vax__B1_Q9NX18,16,1,3,2,0.637923828224496,93.5625,True,0.47912382779085316
6vax__A1_P31040--6vax__B1_Q9NX18,17,1,1,2,0.6334112397861039,93.4375,True,0.4683576928560558
6vax__A1_P31040--6vax__B1_Q9NX18,18,2,0,2,0.6479405368782386,93.3125,True,0.4874852169058344
6vax__A1_P31040--6vax__B1_Q9NX18,19,2,3,2,0.6458576393412042,93.25,True,0.45541910547825115
6vax__A1_P31040--6vax__B1_Q9NX18,20,3,3,2,0.6346070555959807,93.1875,True,0.42029348901476354
6vwo__A1_P0AEW6--6vwo__A2_P0AEW6,1,2,2,1,0.5836961484115966,87.875,True,0.6244873582878557
6vwo__A1_P0AEW6--6vwo__A2_P0AEW6,2,2,0,1,0.5816259552260622,87.5,True,0.6125640603930859
6vwo__A1_P0AEW6--6vwo__A2_P0AEW6,3,2,1,1,0.5932483384578243,87.0625,True,0.6005043635206955
6vwo__A1_P0AEW6--6vwo__A2_P0AEW6,4,2,3,1,0.5790188693335633,86.625,True,0.5883215631985332
6vwo__A1_P0AEW6--6vwo__A2_P0AEW6,5,3,0,1,0.5783320353395744,85.6875,True,0.5760295448860158
6vwo__A1_P0AEW6--6vwo__A2_P0AEW6,6,5,0,1,0.6047505254704788,84.75,True,0.5573615385245868
6vwo__A1_P0AEW6--6vwo__A2_P0AEW6,7,5,3,1,0.6145041263002208,84.375,True,0.5442979964476337
6vwo__A1_P0AEW6--6vwo__A2_P0AEW6,8,5,2,1,0.6085352730130656,84.25,True,0.5265144819659434
6vwo__A1_P0AEW6--6vwo__A2_P0AEW6,9,3,2,1,0.5822619069930653,83.6875,True,0.5385037395792978
6vwo__A1_P0AEW6--6vwo__A2_P0AEW6,10,5,1,1,0.6076278619676136,83.5625,True,0.5137073881185064
6vwo__A1_P0AEW6--6vwo__A2_P0AEW6,11,3,3,1,0.5855984094957664,82.0,True,0.5135657773633481
6vwo__A1_P0AEW6--6vwo__A2_P0AEW6,12,3,1,1,0.6095056208137145,80.3125,True,0.46275655534280674
6vwo__A1_P0AEW6--6vwo__A2_P0AEW6,13,1,2,1,0.5836417867292357,80.1875,True,0.475571376291328
6vwo__A1_P0AEW6--6vwo__A2_P0AEW6,14,1,0,1,0.5812537048169849,80.0625,True,0.47568634234675855
6vwo__A1_P0AEW6--6vwo__A2_P0AEW6,15,1,1,1,0.5927688418298721,78.3125,True,0.4559875188946463
6vwo__A1_P0AEW6--6vwo__A2_P0AEW6,16,1,3,1,0.58260419734235,78.3125,True,0.4450328634866714
6vwo__A1_P0AEW6--6vwo__A2_P0AEW6,17,4,1,1,0.6289834718052959,75.1875,True,0.42482880429792585
6vwo__A1_P0AEW6--6vwo__A2_P0AEW6,18,4,2,1,0.6251297711923335,74.8125,True,0.4078343828690308
6vwo__A1_P0AEW6--6vwo__A2_P0AEW6,19,4,0,1,0.6823238945338591,73.25,True,0.407210392148902
6vwo__A1_P0AEW6--6vwo__A2_P0AEW6,20,4,3,1,0.6548326492678512,69.875,True,0.38899374084502214
6w2n__A1_Q4DJ68--6w2n__A2_Q4DJ68,1,4,0,2,0.5138611555906126,90.875,True,0.6101171140309424
6w2n__A1_Q4DJ68--6w2n__A2_Q4DJ68,2,4,1,2,0.5166088053200688,90.875,True,0.5979354457530748
6w2n__A1_Q4DJ68--6w2n__A2_Q4DJ68,3,4,3,2,0.5179437583755492,90.75,True,0.5834523224824418
6w2n__A1_Q4DJ68--6w2n__A2_Q4DJ68,4,1,1,2,0.5211858520548948,90.625,True,0.5796502462833987
6w2n__A1_Q4DJ68--6w2n__A2_Q4DJ68,5,1,3,2,0.5362214001499622,90.5,True,0.571817804236988
6w2n__A1_Q4DJ68--6w2n__A2_Q4DJ68,6,4,2,2,0.5293752819137091,90.4375,True,0.5409891291731762
6w2n__A1_Q4DJ68--6w2n__A2_Q4DJ68,7,1,2,2,0.5264283082003892,90.375,True,0.5237993144531162
6w2n__A1_Q4DJ68--6w2n__A2_Q4DJ68,8,1,0,2,0.5377121251082658,90.3125,True,0.535746085073433
6w2n__A1_Q4DJ68--6w2n__A2_Q4DJ68,9,3,2,2,0.5162020971362264,90.3125,True,0.5073233088521223
6w2n__A1_Q4DJ68--6w2n__A2_Q4DJ68,10,5,3,2,0.5099942150160538,90.1875,True,0.5043849277421832
6w2n__A1_Q4DJ68--6w2n__A2_Q4DJ68,11,3,3,2,0.5234905317911603,90.1875,True,0.5078010460624437
6w2n__A1_Q4DJ68--6w2n__A2_Q4DJ68,12,5,1,2,0.5164493823448296,90.125,True,0.5145157291287648
6w2n__A1_Q4DJ68--6w2n__A2_Q4DJ68,13,5,0,2,0.5159445504424396,90.0625,True,0.46675335778559135
6w2n__A1_Q4DJ68--6w2n__A2_Q4DJ68,14,3,1,2,0.5317223093351348,89.9375,True,0.47075705571721144
6w2n__A1_Q4DJ68--6w2n__A2_Q4DJ68,15,2,1,2,0.5225370241947038,89.9375,True,0.4978301123483126
6w2n__A1_Q4DJ68--6w2n__A2_Q4DJ68,16,5,2,2,0.5146336461730805,89.75,True,0.43233937227937785
6w2n__A1_Q4DJ68--6w2n__A2_Q4DJ68,17,3,0,2,0.5246451925776732,89.625,True,0.471128690522027
6w2n__A1_Q4DJ68--6w2n__A2_Q4DJ68,18,2,0,2,0.5299066669420333,89.625,True,0.43455565964546494
6w2n__A1_Q4DJ68--6w2n__A2_Q4DJ68,19,2,2,2,0.5202819592091247,89.3125,True,0.44079339063655876
6w2n__A1_Q4DJ68--6w2n__A2_Q4DJ68,20,2,3,2,0.533528680284096,89.0625,True,0.41385242986120624
6wlg__A1_Q68E01--6wlg__B2_Q68E01,1,4,3,3,0.7529790995737754,85.4375,True,0.5689207122429316
6wlg__A1_Q68E01--6wlg__B2_Q68E01,2,1,1,3,0.6407793650551606,85.3125,True,0.5813186514217873
6wlg__A1_Q68E01--6wlg__B2_Q68E01,3,4,2,3,0.7707908454373702,84.875,True,0.5748174306881818
6wlg__A1_Q68E01--6wlg__B2_Q68E01,4,4,1,3,0.7261168660193776,84.75,True,0.5841304272461713
6wlg__A1_Q68E01--6wlg__B2_Q68E01,5,1,3,3,0.6827511061552728,84.375,True,0.5671071352908007
6wlg__A1_Q68E01--6wlg__B2_Q68E01,6,4,0,3,0.6410292309773645,83.8125,True,0.5668976855785034
6wlg__A1_Q68E01--6wlg__B2_Q68E01,7,1,0,3,0.767492322716265,83.0625,True,0.5389792561723251
6wlg__A1_Q68E01--6wlg__B2_Q68E01,8,1,2,3,0.7732269930283024,82.75,True,0.5573220850762198
6wlg__A1_Q68E01--6wlg__B2_Q68E01,9,5,3,3,0.7183072010298543,82.25,True,0.5445932633502805
6wlg__A1_Q68E01--6wlg__B2_Q68E01,10,5,0,3,0.7187078197612893,82.125,True,0.5267024687059914
6wlg__A1_Q68E01--6wlg__B2_Q68E01,11,5,1,3,0.7192184581941216,82.125,True,0.5194224083182236
6wlg__A1_Q68E01--6wlg__B2_Q68E01,12,3,0,3,0.7204521645245588,81.8125,True,0.4867610722576216
6wlg__A1_Q68E01--6wlg__B2_Q68E01,13,3,2,3,0.752157849158036,81.6875,True,0.4543502779942031
6wlg__A1_Q68E01--6wlg__B2_Q68E01,14,3,3,3,0.7387690781083375,81.6875,True,0.4434618720337121
6wlg__A1_Q68E01--6wlg__B2_Q68E01,15,2,3,3,0.7231188520671249,81.625,True,0.4734186339022334
6wlg__A1_Q68E01--6wlg__B2_Q68E01,16,2,0,3,0.7483474358421244,81.625,True,0.4580202006372473
6wlg__A1_Q68E01--6wlg__B2_Q68E01,17,5,2,3,0.7221115863617564,81.375,True,0.44776565829688814
6wlg__A1_Q68E01--6wlg__B2_Q68E01,18,2,1,3,0.7043831449844541,81.25,True,0.4197246723099515
6wlg__A1_Q68E01--6wlg__B2_Q68E01,19,3,1,3,0.7386721524629637,81.0,True,0.41785666518506437
6wlg__A1_Q68E01--6wlg__B2_Q68E01,20,2,2,3,0.7101897956709866,80.625,True,0.4202598271771408
6wmk__A1_UNDEFINED--6wmk__B1_UNDEFINED,1,5,2,0,0.2609902192247263,85.75,True,0.5617549408505382
6wmk__A1_UNDEFINED--6wmk__B1_UNDEFINED,2,5,3,0,0.2059277650518326,85.6875,False,0.5794188461541037
6wmk__A1_UNDEFINED--6wmk__B1_UNDEFINED,3,1,0,0,0.1923113464934761,85.625,False,0.5644571337355717
6wmk__A1_UNDEFINED--6wmk__B1_UNDEFINED,4,4,3,0,0.1659671465133802,85.125,False,0.5583137627888597
6wmk__A1_UNDEFINED--6wmk__B1_UNDEFINED,5,1,2,0,0.8991978969959024,83.8125,True,0.583191016823042
6wmk__A1_UNDEFINED--6wmk__B1_UNDEFINED,6,1,1,0,0.8987887106369504,82.75,True,0.5721310228671865
6wmk__A1_UNDEFINED--6wmk__B1_UNDEFINED,7,4,2,0,0.8918396005281554,81.9375,True,0.5632222515707849
6wmk__A1_UNDEFINED--6wmk__B1_UNDEFINED,8,1,3,0,0.8822354451970699,79.375,True,0.5512880972934956
6wmk__A1_UNDEFINED--6wmk__B1_UNDEFINED,9,4,0,0,0.8923980475971902,78.4375,True,0.5316112626180192
6wmk__A1_UNDEFINED--6wmk__B1_UNDEFINED,10,2,3,0,0.8763427748575165,77.6875,True,0.5150433131221696
6wmk__A1_UNDEFINED--6wmk__B1_UNDEFINED,11,3,0,0,0.8525878990264785,77.1875,True,0.5319900615363997
6wmk__A1_UNDEFINED--6wmk__B1_UNDEFINED,12,3,1,0,0.8306736203475337,76.125,True,0.5121896712749647
6wmk__A1_UNDEFINED--6wmk__B1_UNDEFINED,13,2,1,0,0.8722600544468051,75.0625,True,0.47635595921992474
6wmk__A1_UNDEFINED--6wmk__B1_UNDEFINED,14,3,2,0,0.6920575428002199,74.8125,True,0.4584400028193272
6wmk__A1_UNDEFINED--6wmk__B1_UNDEFINED,15,3,3,0,0.8357296165926997,74.75,True,0.48532806175562704
6wmk__A1_UNDEFINED--6wmk__B1_UNDEFINED,16,2,2,0,0.8606223361578427,73.625,True,0.4503802920497142
6wmk__A1_UNDEFINED--6wmk__B1_UNDEFINED,17,5,0,0,0.8567550821010114,72.375,True,0.43992696017729754
6wmk__A1_UNDEFINED--6wmk__B1_UNDEFINED,18,4,1,0,0.8678216735113834,71.3125,True,0.42699276100408706
6wmk__A1_UNDEFINED--6wmk__B1_UNDEFINED,19,5,1,0,0.5415311869053684,60.8125,True,0.4076960000298711
6wmk__A1_UNDEFINED--6wmk__B1_UNDEFINED,20,2,0,0,0.7231066127462727,59.71875,True,0.4014442979776495
6xb4__A1_V9XTR0--6xb4__B1_V9XTR0,1,1,1,1,0.5864876008947756,54.0,True,0.619300207566163
6xb4__A1_V9XTR0--6xb4__B1_V9XTR0,2,3,3,1,0.0166024975494003,52.40625,False,0.5567928479514755
6xb4__A1_V9XTR0--6xb4__B1_V9XTR0,3,1,3,1,0.7515871106451355,51.1875,True,0.5771831579134504
6xb4__A1_V9XTR0--6xb4__B1_V9XTR0,4,2,0,1,0.1414210293385804,50.5625,False,0.5212392849355247
6xb4__A1_V9XTR0--6xb4__B1_V9XTR0,5,1,2,1,0.4854154267868025,48.8125,True,0.5899985280034549
6xb4__A1_V9XTR0--6xb4__B1_V9XTR0,6,2,2,1,0.0160137208062595,45.9375,False,0.5750323665775869
6xb4__A1_V9XTR0--6xb4__B1_V9XTR0,7,4,3,1,0.6783313628770639,45.46875,True,0.5800616464265841
6xb4__A1_V9XTR0--6xb4__B1_V9XTR0,8,1,0,1,0.8230162930016345,44.4375,True,0.5751512027731135
6xb4__A1_V9XTR0--6xb4__B1_V9XTR0,9,4,2,1,0.0191297211915443,41.9375,False,0.5024842428371804
6xb4__A1_V9XTR0--6xb4__B1_V9XTR0,10,5,2,1,0.7075707503182715,40.59375,True,0.5187487825104481
6xb4__A1_V9XTR0--6xb4__B1_V9XTR0,11,5,1,1,0.01675242144926,39.125,False,0.5148093811405765
6xb4__A1_V9XTR0--6xb4__B1_V9XTR0,12,2,1,1,0.0191155663954121,34.1875,False,0.517103269319098
6xb4__A1_V9XTR0--6xb4__B1_V9XTR0,13,3,1,1,0.0135577945472772,33.375,False,0.4725026031948572
6xb4__A1_V9XTR0--6xb4__B1_V9XTR0,14,5,0,1,0.0185953454477801,26.5625,False,0.47961666045522644
6xb4__A1_V9XTR0--6xb4__B1_V9XTR0,15,3,0,1,0.0175565798810256,22.546875,False,0.4362091703566268
6xb4__A1_V9XTR0--6xb4__B1_V9XTR0,16,5,3,1,0.0391320127279782,21.171875,False,0.45891391347054145
6xb4__A1_V9XTR0--6xb4__B1_V9XTR0,17,4,0,1,0.0140858914084525,18.578125,False,0.42150069992586836
6xb4__A1_V9XTR0--6xb4__B1_V9XTR0,18,2,3,1,0.0362548149755067,17.828125,False,0.4158826885265142
6xb4__A1_V9XTR0--6xb4__B1_V9XTR0,19,4,1,1,0.0191653302300839,17.640625,False,0.4068854785241285
6xb4__A1_V9XTR0--6xb4__B1_V9XTR0,20,3,2,1,0.015138080534551,17.578125,False,0.4015891762874453
6xj5__A1_P06621--6xj5__B1_P06621,1,4,0,3,0.0052011740388641,85.5625,False,0.6137214675514533
6xj5__A1_P06621--6xj5__B1_P06621,2,4,3,3,0.0051759272917839,85.125,False,0.6105438440359373
6xj5__A1_P06621--6xj5__B1_P06621,3,4,2,3,0.0051721258661713,85.0625,False,0.6068567857970848
6xj5__A1_P06621--6xj5__B1_P06621,4,4,1,3,0.0051859662609569,84.5625,False,0.5895490317382298
6xj5__A1_P06621--6xj5__B1_P06621,5,5,0,3,0.0052788954737212,84.0,False,0.569698198946478
6xj5__A1_P06621--6xj5__B1_P06621,6,3,0,3,0.0052977134558014,83.125,False,0.5329972879474355
6xj5__A1_P06621--6xj5__B1_P06621,7,5,2,3,0.0052627440282673,82.75,False,0.5518887676377233
6xj5__A1_P06621--6xj5__B1_P06621,8,5,3,3,0.0052748872478991,82.625,False,0.5379879253188354
6xj5__A1_P06621--6xj5__B1_P06621,9,1,2,3,0.0051954064453453,82.625,False,0.5178930583042544
6xj5__A1_P06621--6xj5__B1_P06621,10,5,1,3,0.005253382688011,82.5625,False,0.5157278558649351
6xj5__A1_P06621--6xj5__B1_P06621,11,3,1,3,0.0052202743971521,82.3125,False,0.48830342131076887
6xj5__A1_P06621--6xj5__B1_P06621,12,3,2,3,0.0052329079879953,82.0625,False,0.46810913640182705
6xj5__A1_P06621--6xj5__B1_P06621,13,1,0,3,0.0052788855048752,81.875,False,0.46741658933042923
6xj5__A1_P06621--6xj5__B1_P06621,14,3,3,3,0.0052780088845946,81.8125,False,0.4524592596169719
6xj5__A1_P06621--6xj5__B1_P06621,15,1,3,3,0.0052389499631783,81.5625,False,0.4421919154239113
6xj5__A1_P06621--6xj5__B1_P06621,16,2,0,3,0.0051399019610198,80.9375,False,0.47185579043090664
6xj5__A1_P06621--6xj5__B1_P06621,17,2,2,3,0.0050924712181908,80.875,False,0.45524421300161133
6xj5__A1_P06621--6xj5__B1_P06621,18,1,1,3,0.0051559710549731,80.3125,False,0.40984744698124964
6xj5__A1_P06621--6xj5__B1_P06621,19,2,3,3,0.0051147825975128,79.875,False,0.42805440729596644
6xj5__A1_P06621--6xj5__B1_P06621,20,2,1,3,0.0050680178724449,79.8125,False,0.4180798407475473
6xwx__A1_G0S825--6xwx__B1_G0S0S7,1,4,2,1,0.684217664712099,93.8125,True,0.6110481076184715
6xwx__A1_G0S825--6xwx__B1_G0S0S7,2,4,0,1,0.6818779382659362,93.6875,True,0.5928321101158108
6xwx__A1_G0S825--6xwx__B1_G0S0S7,3,1,1,1,0.6943538380459305,93.6875,True,0.6076467175035088
6xwx__A1_G0S825--6xwx__B1_G0S0S7,4,1,2,1,0.6928116998026569,93.625,True,0.6116209446807731
6xwx__A1_G0S825--6xwx__B1_G0S0S7,5,4,1,1,0.6913949162548735,93.5625,True,0.5790482932899972
6xwx__A1_G0S825--6xwx__B1_G0S0S7,6,4,3,1,0.6769667587420437,93.25,True,0.5361623607698519
6xwx__A1_G0S825--6xwx__B1_G0S0S7,7,2,1,1,0.6848721923064701,93.25,True,0.5341466917811766
6xwx__A1_G0S825--6xwx__B1_G0S0S7,8,3,1,1,0.6793266169088809,93.1875,True,0.5319458268459514
6xwx__A1_G0S825--6xwx__B1_G0S0S7,9,5,3,1,0.6948809292411894,93.125,True,0.485074444787011
6xwx__A1_G0S825--6xwx__B1_G0S0S7,10,2,0,1,0.6821745652715329,93.125,True,0.5066658152653705
6xwx__A1_G0S825--6xwx__B1_G0S0S7,11,5,1,1,0.6894740263178475,93.0625,True,0.4658170118300095
6xwx__A1_G0S825--6xwx__B1_G0S0S7,12,1,0,1,0.6911888029030052,93.0625,True,0.536925395774821
6xwx__A1_G0S825--6xwx__B1_G0S0S7,13,3,0,1,0.6814620993537827,93.0,True,0.4867002512145905
6xwx__A1_G0S825--6xwx__B1_G0S0S7,14,1,3,1,0.6937747305502185,92.875,True,0.5169593509559645
6xwx__A1_G0S825--6xwx__B1_G0S0S7,15,2,3,1,0.6852563382825966,92.6875,True,0.46162830331668075
6xwx__A1_G0S825--6xwx__B1_G0S0S7,16,5,0,1,0.6963275279875177,92.625,True,0.421403952022419
6xwx__A1_G0S825--6xwx__B1_G0S0S7,17,5,2,1,0.6934558184945088,92.5,True,0.40618657513964873
6xwx__A1_G0S825--6xwx__B1_G0S0S7,18,3,3,1,0.6736239432504872,92.3125,True,0.41946412022697704
6xwx__A1_G0S825--6xwx__B1_G0S0S7,19,2,2,1,0.6845179368106287,92.25,True,0.4268427674360736
6xwx__A1_G0S825--6xwx__B1_G0S0S7,20,3,2,1,0.6842727985425658,92.125,True,0.4015778882863237
6y62__B1_Q5MYC0--6y62__A1_Q5MYC0,1,5,1,4,0.3157918391307557,84.4375,True,0.5771999232136266
6y62__B1_Q5MYC0--6y62__A1_Q5MYC0,2,1,3,4,0.3424521052559781,84.125,True,0.6199939877364484
6y62__B1_Q5MYC0--6y62__A1_Q5MYC0,3,1,0,4,0.3276621913119303,83.625,True,0.5872907023944225
6y62__B1_Q5MYC0--6y62__A1_Q5MYC0,4,4,2,4,0.3451175048491363,83.5625,True,0.5335987074612816
6y62__B1_Q5MYC0--6y62__A1_Q5MYC0,5,3,0,4,0.2991155900869253,83.3125,True,0.5927586351605082
6y62__B1_Q5MYC0--6y62__A1_Q5MYC0,6,3,1,4,0.3316566521722569,83.3125,True,0.5108621395361941
6y62__B1_Q5MYC0--6y62__A1_Q5MYC0,7,1,2,4,0.3127823682785625,82.875,True,0.560650480055964
6y62__B1_Q5MYC0--6y62__A1_Q5MYC0,8,5,2,4,0.2972222129777994,82.8125,True,0.5312371985906216
6y62__B1_Q5MYC0--6y62__A1_Q5MYC0,9,3,3,4,0.4041722671141914,82.625,True,0.5584298156723803
6y62__B1_Q5MYC0--6y62__A1_Q5MYC0,10,4,0,4,0.3361515075311835,82.5,True,0.5468002490064098
6y62__B1_Q5MYC0--6y62__A1_Q5MYC0,11,4,1,4,0.3299496141128595,82.375,True,0.4588858895511876
6y62__B1_Q5MYC0--6y62__A1_Q5MYC0,12,3,2,4,0.3694923467817405,82.3125,True,0.4989098385973634
6y62__B1_Q5MYC0--6y62__A1_Q5MYC0,13,1,1,4,0.3267979624941579,82.25,True,0.48411711600195123
6y62__B1_Q5MYC0--6y62__A1_Q5MYC0,14,5,3,4,0.4081739401613618,81.625,True,0.44814540186429463
6y62__B1_Q5MYC0--6y62__A1_Q5MYC0,15,2,2,4,0.2958449172275258,81.5625,True,0.4387652176265143
6y62__B1_Q5MYC0--6y62__A1_Q5MYC0,16,4,3,4,0.3280442693562584,81.0625,True,0.44894217655562624
6y62__B1_Q5MYC0--6y62__A1_Q5MYC0,17,5,0,4,0.3366627800025368,80.875,True,0.4797126625437069
6y62__B1_Q5MYC0--6y62__A1_Q5MYC0,18,2,3,4,0.3092996007610081,78.9375,True,0.4164057440154813
6y62__B1_Q5MYC0--6y62__A1_Q5MYC0,19,2,1,4,0.3376478920202452,78.0,True,0.3993409175449949
6y62__B1_Q5MYC0--6y62__A1_Q5MYC0,20,2,0,4,0.4334493327131696,76.875,True,0.38651343597983917
6y75__A1_Q236S9--6y75__B1_Q236S9,1,2,0,1,0.5361512283180704,89.3125,True,0.6207961192010873
6y75__A1_Q236S9--6y75__B1_Q236S9,2,2,1,1,0.5300366946039136,89.25,True,0.608829032247947
6y75__A1_Q236S9--6y75__B1_Q236S9,3,2,2,1,0.5307993100882444,89.0625,True,0.5967296130237365
6y75__A1_Q236S9--6y75__B1_Q236S9,4,2,3,1,0.5403682340382979,88.5625,True,0.5848728635730088
6y75__A1_Q236S9--6y75__B1_Q236S9,5,1,2,1,0.5446673425038872,88.4375,True,0.5714426633789689
6y75__A1_Q236S9--6y75__B1_Q236S9,6,1,0,1,0.550001136183107,88.375,True,0.5549702682360631
6y75__A1_Q236S9--6y75__B1_Q236S9,7,3,1,1,0.5537968021152929,87.875,True,0.5794989356932567
6y75__A1_Q236S9--6y75__B1_Q236S9,8,1,1,1,0.5487592479950244,87.625,True,0.5386446122705998
6y75__A1_Q236S9--6y75__B1_Q236S9,9,3,3,1,0.6214884775437093,81.9375,True,0.5260642059210914
6y75__A1_Q236S9--6y75__B1_Q236S9,10,4,2,1,0.0701580716393803,60.5625,False,0.506342800925093
6y75__A1_Q236S9--6y75__B1_Q236S9,11,3,0,1,0.5491351627638228,58.28125,True,0.5036138499874039
6y75__A1_Q236S9--6y75__B1_Q236S9,12,1,3,1,0.2098991301471819,54.4375,False,0.49250315421955115
6y75__A1_Q236S9--6y75__B1_Q236S9,13,4,3,1,0.0579859860687783,44.375,False,0.47594269714042525
6y75__A1_Q236S9--6y75__B1_Q236S9,14,5,0,1,0.1577503098562446,43.15625,False,0.4614717896821516
6y75__A1_Q236S9--6y75__B1_Q236S9,15,4,1,1,0.0589165957809653,41.25,False,0.45083248225226374
6y75__A1_Q236S9--6y75__B1_Q236S9,16,5,3,1,0.1498746457273501,40.875,False,0.4333599120920587
6y75__A1_Q236S9--6y75__B1_Q236S9,17,5,2,1,0.1424568107442423,39.71875,False,0.4147920021672215
6y75__A1_Q236S9--6y75__B1_Q236S9,18,4,0,1,0.0571458123167383,39.5625,False,0.42937118655063344
6y75__A1_Q236S9--6y75__B1_Q236S9,19,5,1,1,0.1917410348950664,37.0625,False,0.4010701792351008
6y75__A1_Q236S9--6y75__B1_Q236S9,20,3,2,1,0.0346100745969185,16.46875,False,0.38899374084502214
6y9m__D1_P36291--6y9m__A1_P36291,1,1,1,4,0.0037148965631617,24.421875,False,0.6046644587642013
6y9m__D1_P36291--6y9m__A1_P36291,2,4,3,4,0.0274868888402881,22.609375,False,0.44231353487867664
6y9m__D1_P36291--6y9m__A1_P36291,3,2,0,4,0.0948527075379655,21.671875,False,0.41188859486873236
6y9m__D1_P36291--6y9m__A1_P36291,4,2,2,4,0.0353024995471081,20.34375,False,0.5380701715588081
6y9m__D1_P36291--6y9m__A1_P36291,5,1,2,4,0.1765064511988884,19.375,False,0.5995140983494505
6y9m__D1_P36291--6y9m__A1_P36291,6,2,1,4,0.2641951262902433,19.125,True,0.5748329568335212
6y9m__D1_P36291--6y9m__A1_P36291,7,2,3,4,0.2412234665185725,18.96875,True,0.6155084084759983
6y9m__D1_P36291--6y9m__A1_P36291,8,5,3,4,0.1037930004934779,18.421875,False,0.5807209978338713
6y9m__D1_P36291--6y9m__A1_P36291,9,5,2,4,0.1384823860873275,18.234375,False,0.543381588081739
6y9m__D1_P36291--6y9m__A1_P36291,10,4,2,4,0.047101170669904,18.03125,False,0.5007770432289639
6y9m__D1_P36291--6y9m__A1_P36291,11,1,0,4,0.0583737043999757,17.453125,False,0.4839481696916375
6y9m__D1_P36291--6y9m__A1_P36291,12,5,0,4,0.1493529671351176,17.359375,False,0.5157989050537557
6y9m__D1_P36291--6y9m__A1_P36291,13,4,1,4,0.0718520385751854,17.234375,False,0.5398188041027151
6y9m__D1_P36291--6y9m__A1_P36291,14,1,3,4,0.0118297526288721,17.109375,False,0.4903284122505265
6y9m__D1_P36291--6y9m__A1_P36291,15,4,0,4,0.0152137205395679,16.4375,False,0.4852617919849383
6y9m__D1_P36291--6y9m__A1_P36291,16,5,1,4,0.0070594793180861,16.09375,False,0.44732789722600447
6y9m__D1_P36291--6y9m__A1_P36291,17,3,3,4,0.0344334576432295,15.8125,False,0.38935504374433894
6y9m__D1_P36291--6y9m__A1_P36291,18,3,1,4,0.0067049312983615,15.796875,False,0.4385037980234013
6y9m__D1_P36291--6y9m__A1_P36291,19,3,0,4,0.0095338503223493,15.75,False,0.4534840207772891
6y9m__D1_P36291--6y9m__A1_P36291,20,3,2,4,0.0075347084740251,15.3203125,False,0.4216411106167868
6yva__A1_P0DTD1--6yva__B1_Q64339,1,5,1,4,0.504009536357786,84.0,True,0.6209876410925594
6yva__A1_P0DTD1--6yva__B1_Q64339,2,1,3,4,0.522454784983792,83.125,True,0.6238783377762147
6yva__A1_P0DTD1--6yva__B1_Q64339,3,1,0,4,0.4827489087335448,82.5625,True,0.6026453070943162
6yva__A1_P0DTD1--6yva__B1_Q64339,4,1,2,4,0.5035362361488834,82.5,True,0.5869280175847287
6yva__A1_P0DTD1--6yva__B1_Q64339,5,5,3,4,0.2171463983779451,81.1875,False,0.5525743397553967
6yva__A1_P0DTD1--6yva__B1_Q64339,6,5,2,4,0.2451985056481488,80.8125,True,0.525936224469126
6yva__A1_P0DTD1--6yva__B1_Q64339,7,3,2,4,0.488408163748788,80.8125,True,0.5555240990988441
6yva__A1_P0DTD1--6yva__B1_Q64339,8,2,0,4,0.4846323341322764,80.8125,True,0.5777645828585453
6yva__A1_P0DTD1--6yva__B1_Q64339,9,5,0,4,0.4369749284007626,80.5625,True,0.5230659841282859
6yva__A1_P0DTD1--6yva__B1_Q64339,10,2,1,4,0.5017925024244508,79.375,True,0.5333465708612507
6yva__A1_P0DTD1--6yva__B1_Q64339,11,3,3,4,0.2433818682334114,79.0,True,0.4937059509242417
6yva__A1_P0DTD1--6yva__B1_Q64339,12,3,0,4,0.2307296763051588,78.4375,True,0.48037866592412326
6yva__A1_P0DTD1--6yva__B1_Q64339,13,4,0,4,0.3271932168531365,75.1875,True,0.4471687309653683
6yva__A1_P0DTD1--6yva__B1_Q64339,14,4,2,4,0.2839741664552299,75.1875,True,0.4611202498281839
6yva__A1_P0DTD1--6yva__B1_Q64339,15,3,1,4,0.2164600100252491,72.5,False,0.47041150343605165
6yva__A1_P0DTD1--6yva__B1_Q64339,16,2,2,4,0.214050814183863,67.875,False,0.4304751085074142
6yva__A1_P0DTD1--6yva__B1_Q64339,17,4,1,4,0.0350180192334964,26.484375,False,0.41693042403480035
6yva__A1_P0DTD1--6yva__B1_Q64339,18,2,3,4,0.0475935642479778,24.390625,False,0.396259009767759
6yva__A1_P0DTD1--6yva__B1_Q64339,19,4,3,4,0.0411753548571601,24.21875,False,0.3974526445475451
6yva__A1_P0DTD1--6yva__B1_Q64339,20,1,1,4,0.0193672806043827,22.34375,False,0.3810971419554686
6yyi__A1_B5YB78--6yyi__B1_B5YB78,1,2,3,1,0.9407528066762016,90.1875,True,0.6244873582878557
6yyi__A1_B5YB78--6yyi__B1_B5YB78,2,2,0,1,0.9391771926188266,88.625,True,0.6068506954559849
6yyi__A1_B5YB78--6yyi__B1_B5YB78,3,1,2,1,0.0068482921636929,88.1875,False,0.5987252026328788
6yyi__A1_B5YB78--6yyi__B1_B5YB78,4,2,1,1,0.9399342475074474,88.0,True,0.5921212211022101
6yyi__A1_B5YB78--6yyi__B1_B5YB78,5,2,2,1,0.9427150752984368,86.75,True,0.5740013938221553
6yyi__A1_B5YB78--6yyi__B1_B5YB78,6,1,3,1,0.0068590727770642,86.5625,False,0.5664142797246613
6yyi__A1_B5YB78--6yyi__B1_B5YB78,7,4,1,1,0.0073198225708864,85.5,False,0.5543237143546962
6yyi__A1_B5YB78--6yyi__B1_B5YB78,8,1,1,1,0.0068947375447561,85.0,False,0.528026341520769
6yyi__A1_B5YB78--6yyi__B1_B5YB78,9,5,3,1,0.0069190265349374,83.3125,False,0.5120188627889654
6yyi__A1_B5YB78--6yyi__B1_B5YB78,10,4,0,1,0.007284402312444,82.4375,False,0.5089479417122044
6yyi__A1_B5YB78--6yyi__B1_B5YB78,11,5,1,1,0.00694840930368,82.375,False,0.4962463009483351
6yyi__A1_B5YB78--6yyi__B1_B5YB78,12,4,2,1,0.0072916717999149,82.3125,False,0.5039382110230879
6yyi__A1_B5YB78--6yyi__B1_B5YB78,13,4,3,1,0.007261176080957,82.25,False,0.493611249727258
6yyi__A1_B5YB78--6yyi__B1_B5YB78,14,1,0,1,0.0069059265948451,79.375,False,0.456287139093819
6yyi__A1_B5YB78--6yyi__B1_B5YB78,15,5,0,1,0.006926920423278,77.625,False,0.45713211058798026
6yyi__A1_B5YB78--6yyi__B1_B5YB78,16,3,0,1,0.0070564889650737,62.75,False,0.4368553730648305
6yyi__A1_B5YB78--6yyi__B1_B5YB78,17,3,2,1,0.0070458431276125,60.8125,False,0.4270461153372038
6yyi__A1_B5YB78--6yyi__B1_B5YB78,18,3,3,1,0.0070927124845667,59.28125,False,0.41252972241741376
6yyi__A1_B5YB78--6yyi__B1_B5YB78,19,3,1,1,0.0071163540126194,59.0,False,0.4014441392762311
6yyi__A1_B5YB78--6yyi__B1_B5YB78,20,5,2,1,0.4187507100709551,33.8125,True,0.38899374084502214
6z70__A1_O66528--6z70__B1_O66528,1,3,2,4,0.7922593559445478,62.5,True,0.6287323427945517
6z70__A1_O66528--6z70__B1_O66528,2,3,0,4,0.7552505705998392,58.5,True,0.616094207551083
6z70__A1_O66528--6z70__B1_O66528,3,3,1,4,0.7687627050644373,46.125,True,0.6013752144043593
6z70__A1_O66528--6z70__B1_O66528,4,3,3,4,0.6663420235249794,42.46875,True,0.5817965672577587
6z70__A1_O66528--6z70__B1_O66528,5,5,0,4,0.009137326642418,29.1875,False,0.5758837916486511
6z70__A1_O66528--6z70__B1_O66528,6,5,1,4,0.0093638785163249,29.078125,False,0.558816891243087
6z70__A1_O66528--6z70__B1_O66528,7,5,2,4,0.0092953835760779,28.84375,False,0.5541579044544526
6z70__A1_O66528--6z70__B1_O66528,8,5,3,4,0.0092498966661695,28.359375,False,0.5369197522300702
6z70__A1_O66528--6z70__B1_O66528,9,4,3,4,0.4024253072955742,22.640625,True,0.5174849897084747
6z70__A1_O66528--6z70__B1_O66528,10,4,0,4,0.3440761202985459,22.578125,True,0.5085504061873453
6z70__A1_O66528--6z70__B1_O66528,11,4,1,4,0.3418992488924106,22.421875,True,0.49961035731643433
6z70__A1_O66528--6z70__B1_O66528,12,4,2,4,0.3826055118886895,21.828125,True,0.47170242571066584
6z70__A1_O66528--6z70__B1_O66528,13,1,2,4,0.1334099233843719,21.421875,False,0.4628001390111585
6z70__A1_O66528--6z70__B1_O66528,14,1,1,4,0.0820691007988756,21.21875,False,0.4457448439351657
6z70__A1_O66528--6z70__B1_O66528,15,1,0,4,0.1411453847019646,21.125,False,0.4532464959716871
6z70__A1_O66528--6z70__B1_O66528,16,1,3,4,0.0119029606232496,20.984375,False,0.42384106329559657
6z70__A1_O66528--6z70__B1_O66528,17,2,3,4,0.012112648795843,20.15625,False,0.39514042891194284
6z70__A1_O66528--6z70__B1_O66528,18,2,0,4,0.0135886485005792,20.140625,False,0.4268163019957304
6z70__A1_O66528--6z70__B1_O66528,19,2,1,4,0.0128997134452954,20.109375,False,0.4366850173287445
6z70__A1_O66528--6z70__B1_O66528,20,2,2,4,0.0061497211621186,19.953125,False,0.38134290865033166
6z81__A1_P05852--6z81__C1_P76256,1,5,3,0,0.7904078535402546,93.3125,True,0.569889906357033
6z81__A1_P05852--6z81__C1_P76256,2,3,3,0,0.8022841486871329,93.3125,True,0.5970059615654622
6z81__A1_P05852--6z81__C1_P76256,3,1,3,0,0.759399506374943,93.3125,True,0.5680479663607181
6z81__A1_P05852--6z81__C1_P76256,4,1,2,0,0.8336587381388197,93.25,True,0.5375605005926225
6z81__A1_P05852--6z81__C1_P76256,5,3,0,0,0.7695862153673145,93.25,True,0.582737858577093
6z81__A1_P05852--6z81__C1_P76256,6,5,1,0,0.797444462601329,93.25,True,0.5034473855552071
6z81__A1_P05852--6z81__C1_P76256,7,5,2,0,0.8247812905437236,93.25,True,0.5765233504961221
6z81__A1_P05852--6z81__C1_P76256,8,3,2,0,0.8022612599020665,93.1875,True,0.5218821298296945
6z81__A1_P05852--6z81__C1_P76256,9,3,1,0,0.7886328236279954,93.1875,True,0.520348918191887
6z81__A1_P05852--6z81__C1_P76256,10,5,0,0,0.7813416419923139,93.1875,True,0.5316727022616028
6z81__A1_P05852--6z81__C1_P76256,11,1,0,0,0.7493214272506005,93.1875,True,0.5301953639627442
6z81__A1_P05852--6z81__C1_P76256,12,4,2,0,0.8669762169320586,93.125,True,0.5262189738960635
6z81__A1_P05852--6z81__C1_P76256,13,4,1,0,0.8605899048913438,93.125,True,0.495458128914248
6z81__A1_P05852--6z81__C1_P76256,14,1,1,0,0.7945980099681295,93.125,True,0.4781057608162501
6z81__A1_P05852--6z81__C1_P76256,15,4,3,0,0.7861337231335627,93.0625,True,0.485411410401489
6z81__A1_P05852--6z81__C1_P76256,16,4,0,0,0.7862362608422387,93.0,True,0.4731663650315084
6z81__A1_P05852--6z81__C1_P76256,17,2,3,0,0.8654018010761945,92.875,True,0.4426031866395587
6z81__A1_P05852--6z81__C1_P76256,18,2,2,0,0.8658294738792791,92.75,True,0.437708074053408
6z81__A1_P05852--6z81__C1_P76256,19,2,1,0,0.8687680926611391,92.625,True,0.4077634119376879
6z81__A1_P05852--6z81__C1_P76256,20,2,0,0,0.860224093718548,92.5625,True,0.3855286050603503
6zht__A1_P22515--6zht__B1_P52490,1,2,0,0,0.6054785012482582,78.5625,True,0.6353720930171799
6zht__A1_P22515--6zht__B1_P52490,2,2,3,0,0.4907846631207928,76.0625,True,0.587919137345208
6zht__A1_P22515--6zht__B1_P52490,3,4,3,0,0.3784778646954789,75.125,True,0.5945379785452285
6zht__A1_P22515--6zht__B1_P52490,4,4,0,0,0.3349654725908697,74.875,True,0.5608087338681859
6zht__A1_P22515--6zht__B1_P52490,5,3,0,0,0.3935454772888394,73.5,True,0.5446914041309677
6zht__A1_P22515--6zht__B1_P52490,6,4,1,0,0.4406175777391994,73.5,True,0.5740214264748841
6zht__A1_P22515--6zht__B1_P52490,7,3,2,0,0.3948725701901416,72.625,True,0.5470755553224965
6zht__A1_P22515--6zht__B1_P52490,8,4,2,0,0.3322902292495287,72.4375,True,0.5771047602204427
6zht__A1_P22515--6zht__B1_P52490,9,3,1,0,0.3639998479042197,72.3125,True,0.520553969681864
6zht__A1_P22515--6zht__B1_P52490,10,3,3,0,0.4129185561435129,72.1875,True,0.49402144780580515
6zht__A1_P22515--6zht__B1_P52490,11,5,0,0,0.4842075669152159,70.5,True,0.5321660876868886
6zht__A1_P22515--6zht__B1_P52490,12,2,1,0,0.5657713183022212,70.4375,True,0.5041101031451158
6zht__A1_P22515--6zht__B1_P52490,13,5,3,0,0.4986694830564326,68.9375,True,0.5017877806068805
6zht__A1_P22515--6zht__B1_P52490,14,5,1,0,0.4207980221342038,68.3125,True,0.4625911901577949
6zht__A1_P22515--6zht__B1_P52490,15,2,2,0,0.5168948220959173,68.0625,True,0.4322543340489562
6zht__A1_P22515--6zht__B1_P52490,16,1,0,0,0.3394586232707099,67.625,True,0.4254803309076366
6zht__A1_P22515--6zht__B1_P52490,17,5,2,0,0.413686628369539,67.0,True,0.4123108025627271
6zht__A1_P22515--6zht__B1_P52490,18,1,1,0,0.4040109413907268,66.9375,True,0.4252702312931991
6zht__A1_P22515--6zht__B1_P52490,19,1,2,0,0.1958080460241923,65.125,False,0.444452342787901
6zht__A1_P22515--6zht__B1_P52490,20,1,3,0,0.3345754645153862,63.40625,True,0.391865132679356
7a5c__A1_Q9KR64--7a5c__B1_Q9KR64,1,3,2,2,0.0182158623482687,84.0,False,0.6146872863017085
7a5c__A1_Q9KR64--7a5c__B1_Q9KR64,2,3,1,2,0.0182875104102239,83.375,False,0.6157657533203703
7a5c__A1_Q9KR64--7a5c__B1_Q9KR64,3,4,1,2,0.0181228699635032,80.0,False,0.6042301458816163
7a5c__A1_Q9KR64--7a5c__B1_Q9KR64,4,3,3,2,0.0180215343306329,77.875,False,0.5786632854285463
7a5c__A1_Q9KR64--7a5c__B1_Q9KR64,5,4,3,2,0.0181536420942114,77.5,False,0.5861604308269537
7a5c__A1_Q9KR64--7a5c__B1_Q9KR64,6,3,0,2,0.0180875666112417,75.625,False,0.5646274138961219
7a5c__A1_Q9KR64--7a5c__B1_Q9KR64,7,2,1,2,0.0178486943152434,74.75,False,0.5526718400864198
7a5c__A1_Q9KR64--7a5c__B1_Q9KR64,8,4,2,2,0.0180785560909296,71.25,False,0.5406550490225106
7a5c__A1_Q9KR64--7a5c__B1_Q9KR64,9,4,0,2,0.0179037599775415,64.9375,False,0.528590792865769
7a5c__A1_Q9KR64--7a5c__B1_Q9KR64,10,2,0,2,0.0092923010195162,62.25,False,0.5164930445120742
7a5c__A1_Q9KR64--7a5c__B1_Q9KR64,11,2,2,2,0.0089486495085286,40.03125,False,0.5043759333984783
7a5c__A1_Q9KR64--7a5c__B1_Q9KR64,12,1,1,2,0.0083315998580226,35.5,False,0.4902086640398439
7a5c__A1_Q9KR64--7a5c__B1_Q9KR64,13,1,2,2,0.0083187723163754,34.8125,False,0.4775058711805879
7a5c__A1_Q9KR64--7a5c__B1_Q9KR64,14,5,1,2,0.0085934441334021,31.921875,False,0.45444899550443757
7a5c__A1_Q9KR64--7a5c__B1_Q9KR64,15,2,3,2,0.0090664576832546,31.0,False,0.47525421075429397
7a5c__A1_Q9KR64--7a5c__B1_Q9KR64,16,5,2,2,0.0089568248134183,30.875,False,0.44889759251475997
7a5c__A1_Q9KR64--7a5c__B1_Q9KR64,17,5,3,2,0.0108837509948396,26.46875,False,0.4271459896091527
7a5c__A1_Q9KR64--7a5c__B1_Q9KR64,18,5,0,2,0.0098734094889181,25.640625,False,0.41046230105840253
7a5c__A1_Q9KR64--7a5c__B1_Q9KR64,19,1,3,2,0.016508928086905,22.3125,False,0.40568066084440885
7a5c__A1_Q9KR64--7a5c__B1_Q9KR64,20,1,0,2,0.0175271394459433,22.28125,False,0.40827974741711553
7acx__B1_Q9AEM2--7acx__A1_Q9AEM2,1,1,1,0,0.2498586235911251,51.625,True,0.6002247347661123
7acx__B1_Q9AEM2--7acx__A1_Q9AEM2,2,3,0,0,0.2656983887999562,48.6875,True,0.6166796453027008
7acx__B1_Q9AEM2--7acx__A1_Q9AEM2,3,3,2,0,0.2635893872476506,47.625,True,0.5847811859792276
7acx__B1_Q9AEM2--7acx__A1_Q9AEM2,4,1,2,0,0.3067381336045605,46.1875,True,0.5332380878583205
7acx__B1_Q9AEM2--7acx__A1_Q9AEM2,5,5,3,0,0.2983779121291529,46.03125,True,0.5876355706613021
7acx__B1_Q9AEM2--7acx__A1_Q9AEM2,6,1,0,0,0.3177811790927223,45.75,True,0.4739693018072408
7acx__B1_Q9AEM2--7acx__A1_Q9AEM2,7,1,3,0,0.2989345301057909,45.34375,True,0.545627569223593
7acx__B1_Q9AEM2--7acx__A1_Q9AEM2,8,3,1,0,0.2464339879559927,45.0,True,0.4823418511588914
7acx__B1_Q9AEM2--7acx__A1_Q9AEM2,9,3,3,0,0.2684530889623461,43.125,True,0.5086009360119357
7acx__B1_Q9AEM2--7acx__A1_Q9AEM2,10,2,3,0,0.2470599788492725,41.84375,True,0.5251035545613615
7acx__B1_Q9AEM2--7acx__A1_Q9AEM2,11,2,2,0,0.2905317132404795,41.71875,True,0.4154105210455105
7acx__B1_Q9AEM2--7acx__A1_Q9AEM2,12,5,2,0,0.2552392045368369,40.71875,True,0.5281345918805564
7acx__B1_Q9AEM2--7acx__A1_Q9AEM2,13,2,1,0,0.244049579938316,40.5,True,0.4720184917149942
7acx__B1_Q9AEM2--7acx__A1_Q9AEM2,14,5,0,0,0.3227305123329803,40.46875,True,0.44237645704966805
7acx__B1_Q9AEM2--7acx__A1_Q9AEM2,15,4,3,0,0.2440628121513688,40.15625,True,0.49239017912864996
7acx__B1_Q9AEM2--7acx__A1_Q9AEM2,16,4,2,0,0.2970509601114013,39.71875,True,0.4244095140665902
7acx__B1_Q9AEM2--7acx__A1_Q9AEM2,17,4,0,0,0.2467944704556595,39.71875,True,0.574671737581935
7acx__B1_Q9AEM2--7acx__A1_Q9AEM2,18,2,0,0,0.2444224295668637,39.5,True,0.5074288553887332
7acx__B1_Q9AEM2--7acx__A1_Q9AEM2,19,5,1,0,0.2858861081276744,38.34375,True,0.42060571355552845
7acx__B1_Q9AEM2--7acx__A1_Q9AEM2,20,4,1,0,0.2415993484842129,38.28125,True,0.43229542881235905
7aed__B1_D1LHF8--7aed__A1_D1LHF8,1,1,3,1,0.6694744903863592,89.5625,True,0.6244873582878557
7aed__B1_D1LHF8--7aed__A1_D1LHF8,2,1,2,1,0.6641194020317093,88.75,True,0.6125640603930859
7aed__B1_D1LHF8--7aed__A1_D1LHF8,3,1,0,1,0.6730967750153551,87.8125,True,0.6005043635206955
7aed__B1_D1LHF8--7aed__A1_D1LHF8,4,1,1,1,0.6756631207379411,85.375,True,0.5883215631985332
7aed__B1_D1LHF8--7aed__A1_D1LHF8,5,2,3,1,0.6959099166175684,71.6875,True,0.5760295448860158
7aed__B1_D1LHF8--7aed__A1_D1LHF8,6,2,0,1,0.7081195041288293,70.375,True,0.5636427251079057
7aed__B1_D1LHF8--7aed__A1_D1LHF8,7,2,2,1,0.713071992813589,65.8125,True,0.5511759872051596
7aed__B1_D1LHF8--7aed__A1_D1LHF8,8,3,0,1,0.5106903964556592,44.40625,True,0.5260099918694747
7aed__B1_D1LHF8--7aed__A1_D1LHF8,9,2,1,1,0.7338747047888058,44.3125,True,0.532672797588193
7aed__B1_D1LHF8--7aed__A1_D1LHF8,10,3,1,1,0.5135730164125655,43.1875,True,0.5138394684248471
7aed__B1_D1LHF8--7aed__A1_D1LHF8,11,3,3,1,0.5160553575622754,41.0625,True,0.49628583713821695
7aed__B1_D1LHF8--7aed__A1_D1LHF8,12,3,2,1,0.519956074714537,32.96875,True,0.48627754197437567
7aed__B1_D1LHF8--7aed__A1_D1LHF8,13,5,1,1,0.5156728576390647,19.421875,True,0.46073599423039163
7aed__B1_D1LHF8--7aed__A1_D1LHF8,14,5,2,1,0.0321015366542888,17.21875,False,0.4448537319611122
7aed__B1_D1LHF8--7aed__A1_D1LHF8,15,5,0,1,0.0116211478098257,16.921875,False,0.45860621292884
7aed__B1_D1LHF8--7aed__A1_D1LHF8,16,4,2,1,0.0203203426114149,16.78125,False,0.4497392503028639
7aed__B1_D1LHF8--7aed__A1_D1LHF8,17,4,1,1,0.4050886989539659,16.421875,True,0.4228638531456339
7aed__B1_D1LHF8--7aed__A1_D1LHF8,18,5,3,1,0.0150348796484008,16.078125,False,0.4230268898442376
7aed__B1_D1LHF8--7aed__A1_D1LHF8,19,4,3,1,0.2694793614365053,15.828125,True,0.3982322116637893
7aed__B1_D1LHF8--7aed__A1_D1LHF8,20,4,0,1,0.099490275813807,15.8203125,False,0.40899504043539076
7aex__A1_P52129--7aex__A2_P52129,1,5,1,3,0.0262862278180956,63.4375,False,0.558368890633564
7aex__A1_P52129--7aex__A2_P52129,2,2,2,3,0.0374455521458646,62.75,False,0.6157018403092454
7aex__A1_P52129--7aex__A2_P52129,3,2,0,3,0.0327531964313827,62.28125,False,0.6005953572305286
7aex__A1_P52129--7aex__A2_P52129,4,4,3,3,0.0321502290692869,61.65625,False,0.565728303167666
7aex__A1_P52129--7aex__A2_P52129,5,2,1,3,0.0371559138565095,61.4375,False,0.5594129271292476
7aex__A1_P52129--7aex__A2_P52129,6,4,1,3,0.033446699674915,61.25,False,0.5526621514464587
7aex__A1_P52129--7aex__A2_P52129,7,1,3,3,0.0446274696720092,61.21875,False,0.5696291779309068
7aex__A1_P52129--7aex__A2_P52129,8,1,1,3,0.0340542667892006,61.21875,False,0.5728305752074015
7aex__A1_P52129--7aex__A2_P52129,9,1,2,3,0.0449431562448034,61.03125,False,0.5171773986417612
7aex__A1_P52129--7aex__A2_P52129,10,2,3,3,0.0360766732056048,60.59375,False,0.49100890452448603
7aex__A1_P52129--7aex__A2_P52129,11,4,0,3,0.0340121294791631,60.5,False,0.4946510769579763
7aex__A1_P52129--7aex__A2_P52129,12,4,2,3,0.033784833613628,60.25,False,0.5064087811429018
7aex__A1_P52129--7aex__A2_P52129,13,3,0,3,0.0328670273673076,60.125,False,0.46947658988036833
7aex__A1_P52129--7aex__A2_P52129,14,1,0,3,0.0401715027488374,60.03125,False,0.45106728154648673
7aex__A1_P52129--7aex__A2_P52129,15,5,2,3,0.0390614144859708,59.625,False,0.4636790624747726
7aex__A1_P52129--7aex__A2_P52129,16,3,1,3,0.0404536505592704,59.5625,False,0.45853803737278254
7aex__A1_P52129--7aex__A2_P52129,17,3,2,3,0.0334228851859312,59.4375,False,0.4439215633710176
7aex__A1_P52129--7aex__A2_P52129,18,3,3,3,0.0356417831041427,58.875,False,0.45652860746058294
7aex__A1_P52129--7aex__A2_P52129,19,5,0,3,0.0515961897558097,58.34375,False,0.4126258204764977
7aex__A1_P52129--7aex__A2_P52129,20,5,3,3,0.0363048479172585,56.875,False,0.39060082847309135
7bjn__A1_Q8IGY1--7bjn__B1_Q8IGY1,1,2,2,4,0.8911703941974212,83.4375,True,0.6247820662692299
7bjn__A1_Q8IGY1--7bjn__B1_Q8IGY1,2,2,0,4,0.8920910881630572,82.8125,True,0.6161808882140376
7bjn__A1_Q8IGY1--7bjn__B1_Q8IGY1,3,2,3,4,0.8942463741911747,82.6875,True,0.6072442102329746
7bjn__A1_Q8IGY1--7bjn__B1_Q8IGY1,4,1,2,4,0.876025814994097,80.25,True,0.590357464945786
7bjn__A1_Q8IGY1--7bjn__B1_Q8IGY1,5,1,3,4,0.8779878508771682,80.1875,True,0.5772912800926199
7bjn__A1_Q8IGY1--7bjn__B1_Q8IGY1,6,3,2,4,0.0404461347666767,79.875,False,0.5433379113167884
7bjn__A1_Q8IGY1--7bjn__B1_Q8IGY1,7,1,1,4,0.8791692850752781,79.75,True,0.5553029109905336
7bjn__A1_Q8IGY1--7bjn__B1_Q8IGY1,8,3,1,4,0.0404316083257702,78.9375,False,0.5247967315143575
7bjn__A1_Q8IGY1--7bjn__B1_Q8IGY1,9,5,2,4,0.04038903230775,78.875,False,0.5442957559188921
7bjn__A1_Q8IGY1--7bjn__B1_Q8IGY1,10,1,0,4,0.8739419553311869,77.625,True,0.5196891847835646
7bjn__A1_Q8IGY1--7bjn__B1_Q8IGY1,11,3,0,4,0.0404332352250367,77.5,False,0.4889881433688114
7bjn__A1_Q8IGY1--7bjn__B1_Q8IGY1,12,5,1,4,0.0404170522566094,75.75,False,0.49206211711347736
7bjn__A1_Q8IGY1--7bjn__B1_Q8IGY1,13,3,3,4,0.0404471353247314,74.5,False,0.471177277823068
7bjn__A1_Q8IGY1--7bjn__B1_Q8IGY1,14,2,1,4,0.8397009058929091,70.8125,True,0.45623511707557807
7bjn__A1_Q8IGY1--7bjn__B1_Q8IGY1,15,4,0,4,0.6876097141469236,53.46875,True,0.43556693607013985
7bjn__A1_Q8IGY1--7bjn__B1_Q8IGY1,16,5,0,4,0.0404728348370577,52.34375,False,0.4341622344553548
7bjn__A1_Q8IGY1--7bjn__B1_Q8IGY1,17,5,3,4,0.0404692489931043,50.5,False,0.4129680931897752
7bjn__A1_Q8IGY1--7bjn__B1_Q8IGY1,18,4,3,4,0.5987063560479342,45.96875,True,0.41303325680981046
7bjn__A1_Q8IGY1--7bjn__B1_Q8IGY1,19,4,1,4,0.0404895312260729,27.9375,False,0.3914426683468919
7bjn__A1_Q8IGY1--7bjn__B1_Q8IGY1,20,4,2,4,0.0404627653020013,27.015625,False,0.37870893344362017
7bv5__C1_Q9URQ3--7bv5__A1_P47058,1,1,0,1,0.8287138113086122,90.6875,True,0.609428213605587
7bv5__C1_Q9URQ3--7bv5__A1_P47058,2,1,2,1,0.7950061633096898,90.4375,True,0.6085869172067448
7bv5__C1_Q9URQ3--7bv5__A1_P47058,3,4,2,1,0.7925242607411699,90.1875,True,0.5532531581898483
7bv5__C1_Q9URQ3--7bv5__A1_P47058,4,4,0,1,0.7799603570479724,90.125,True,0.547810936407883
7bv5__C1_Q9URQ3--7bv5__A1_P47058,5,1,1,1,0.7856950702872895,90.125,True,0.5629843199758329
7bv5__C1_Q9URQ3--7bv5__A1_P47058,6,4,3,1,0.7768341607905419,90.0625,True,0.502938032337115
7bv5__C1_Q9URQ3--7bv5__A1_P47058,7,4,1,1,0.7902714488504842,90.0625,True,0.531794137282969
7bv5__C1_Q9URQ3--7bv5__A1_P47058,8,1,3,1,0.7718087670394312,90.0,True,0.531829446091492
7bv5__C1_Q9URQ3--7bv5__A1_P47058,9,2,0,1,0.7723268199070654,89.9375,True,0.5421478459090394
7bv5__C1_Q9URQ3--7bv5__A1_P47058,10,2,2,1,0.7721261063393042,89.875,True,0.5915460426566335
7bv5__C1_Q9URQ3--7bv5__A1_P47058,11,3,1,1,0.7961277170038338,89.8125,True,0.483704467408591
7bv5__C1_Q9URQ3--7bv5__A1_P47058,12,3,3,1,0.7756819107060879,89.6875,True,0.4764567522462631
7bv5__C1_Q9URQ3--7bv5__A1_P47058,13,5,0,1,0.786146811033161,89.625,True,0.4383897970711011
7bv5__C1_Q9URQ3--7bv5__A1_P47058,14,3,0,1,0.7725155284818223,89.5,True,0.48555772827960453
7bv5__C1_Q9URQ3--7bv5__A1_P47058,15,5,2,1,0.8096710601849689,89.375,True,0.4238226908705422
7bv5__C1_Q9URQ3--7bv5__A1_P47058,16,5,1,1,0.8029052664148587,89.3125,True,0.41087369696314263
7bv5__C1_Q9URQ3--7bv5__A1_P47058,17,3,2,1,0.7757484684618573,89.25,True,0.48304426429284747
7bv5__C1_Q9URQ3--7bv5__A1_P47058,18,5,3,1,0.760512454520398,89.25,True,0.4110910137030082
7bv5__C1_Q9URQ3--7bv5__A1_P47058,19,2,1,1,0.7902205938162811,88.0,True,0.503283626005959
7bv5__C1_Q9URQ3--7bv5__A1_P47058,20,2,3,1,0.7827493849834998,87.8125,True,0.44185020100333205
7cdv__A1_A0A2I4PGE9--7cdv__B1_A0A2I4PGE9,1,5,3,0,0.4391765768228619,86.125,True,0.6066039556625141
7cdv__A1_A0A2I4PGE9--7cdv__B1_A0A2I4PGE9,2,5,1,0,0.4412158220421867,85.875,True,0.6138557101391106
7cdv__A1_A0A2I4PGE9--7cdv__B1_A0A2I4PGE9,3,5,2,0,0.7080438295705216,85.8125,True,0.6068159013677292
7cdv__A1_A0A2I4PGE9--7cdv__B1_A0A2I4PGE9,4,5,0,0,0.7048671019657201,85.8125,True,0.6028486921212046
7cdv__A1_A0A2I4PGE9--7cdv__B1_A0A2I4PGE9,5,1,2,0,0.4404854780544213,85.625,True,0.5832320260926964
7cdv__A1_A0A2I4PGE9--7cdv__B1_A0A2I4PGE9,6,1,3,0,0.4510674206405582,85.25,True,0.5688701981905225
7cdv__A1_A0A2I4PGE9--7cdv__B1_A0A2I4PGE9,7,1,0,0,0.4418940987586818,85.1875,True,0.5573605493861944
7cdv__A1_A0A2I4PGE9--7cdv__B1_A0A2I4PGE9,8,1,1,0,0.4412736861113384,85.125,True,0.5524541823983637
7cdv__A1_A0A2I4PGE9--7cdv__B1_A0A2I4PGE9,9,2,1,0,0.4413838740985246,84.4375,True,0.5282832298480983
7cdv__A1_A0A2I4PGE9--7cdv__B1_A0A2I4PGE9,10,3,3,0,0.6450146643208886,84.0,True,0.5151406240887803
7cdv__A1_A0A2I4PGE9--7cdv__B1_A0A2I4PGE9,11,3,2,0,0.6533964868199338,83.8125,True,0.4870377476363398
7cdv__A1_A0A2I4PGE9--7cdv__B1_A0A2I4PGE9,12,3,0,0,0.7478351633842738,83.8125,True,0.4904182203457917
7cdv__A1_A0A2I4PGE9--7cdv__B1_A0A2I4PGE9,13,3,1,0,0.6960269048740281,83.6875,True,0.46901340625060484
7cdv__A1_A0A2I4PGE9--7cdv__B1_A0A2I4PGE9,14,2,3,0,0.5311941905225651,82.875,True,0.4725007456186884
7cdv__A1_A0A2I4PGE9--7cdv__B1_A0A2I4PGE9,15,4,2,0,0.5878468684015855,82.625,True,0.44618006512476227
7cdv__A1_A0A2I4PGE9--7cdv__B1_A0A2I4PGE9,16,4,3,0,0.559327601913237,81.875,True,0.4225986467647216
7cdv__A1_A0A2I4PGE9--7cdv__B1_A0A2I4PGE9,17,2,0,0,0.4793434889819295,81.4375,True,0.4414338162235335
7cdv__A1_A0A2I4PGE9--7cdv__B1_A0A2I4PGE9,18,4,0,0,0.4473718820622183,81.3125,True,0.4117307194957865
7cdv__A1_A0A2I4PGE9--7cdv__B1_A0A2I4PGE9,19,4,1,0,0.4812705333542812,81.25,True,0.39641633650053537
7cdv__A1_A0A2I4PGE9--7cdv__B1_A0A2I4PGE9,20,2,2,0,0.5926620471264544,80.25,True,0.395087581600945
7cnv__A1_A0B757--7cnv__B1_A0B757,1,2,2,3,0.1174323868725312,59.875,False,0.5469556282260785
7cnv__A1_A0B757--7cnv__B1_A0B757,2,2,0,3,0.157720340145429,59.28125,False,0.5345299755900174
7cnv__A1_A0B757--7cnv__B1_A0B757,3,2,1,3,0.1360440587935226,56.09375,False,0.5154551548392879
7cnv__A1_A0B757--7cnv__B1_A0B757,4,3,2,3,0.2174543372585807,30.328125,False,0.5718233840890639
7cnv__A1_A0B757--7cnv__B1_A0B757,5,2,3,3,0.2747032625478918,29.84375,True,0.4344031435444191
7cnv__A1_A0B757--7cnv__B1_A0B757,6,4,2,3,0.1142592837364537,29.390625,False,0.5159584118844363
7cnv__A1_A0B757--7cnv__B1_A0B757,7,4,3,3,0.155448237532955,28.8125,False,0.5268733945399572
7cnv__A1_A0B757--7cnv__B1_A0B757,8,1,1,3,0.309493005556876,28.734375,True,0.5757242806570028
7cnv__A1_A0B757--7cnv__B1_A0B757,9,1,0,3,0.0678492173872983,28.6875,False,0.5344442189565156
7cnv__A1_A0B757--7cnv__B1_A0B757,10,1,2,3,0.1528184993852933,28.140625,False,0.531361839627197
7cnv__A1_A0B757--7cnv__B1_A0B757,11,5,1,3,0.2646227202105364,27.9375,True,0.5529451421713543
7cnv__A1_A0B757--7cnv__B1_A0B757,12,4,1,3,0.1026521660206194,27.71875,False,0.4871173179575562
7cnv__A1_A0B757--7cnv__B1_A0B757,13,1,3,3,0.3836517015055681,27.609375,True,0.5345318669498959
7cnv__A1_A0B757--7cnv__B1_A0B757,14,4,0,3,0.1235281004080004,27.546875,False,0.44339982592783383
7cnv__A1_A0B757--7cnv__B1_A0B757,15,5,3,3,0.2369283322636843,27.1875,True,0.5151288580604586
7cnv__A1_A0B757--7cnv__B1_A0B757,16,5,2,3,0.3472293725040054,26.3125,True,0.4960086146653537
7cnv__A1_A0B757--7cnv__B1_A0B757,17,5,0,3,0.3836799153905257,25.796875,True,0.47604733336011895
7cnv__A1_A0B757--7cnv__B1_A0B757,18,3,1,3,0.2728949796732243,25.09375,True,0.45523256581323546
7cnv__A1_A0B757--7cnv__B1_A0B757,19,3,3,3,0.2447621560002473,24.90625,True,0.4517877091602438
7cnv__A1_A0B757--7cnv__B1_A0B757,20,3,0,3,0.1340030245091232,24.84375,False,0.45250286860441435
7dnn__A1_H0QPL9--7dnn__B1_H0QPL8,1,1,1,0,0.6281019878995567,91.0,True,0.5814321009462177
7dnn__A1_H0QPL9--7dnn__B1_H0QPL8,2,1,3,0,0.6037937541766757,90.9375,True,0.6126062575161217
7dnn__A1_H0QPL9--7dnn__B1_H0QPL8,3,2,1,0,0.6152692048072325,90.875,True,0.5652142330031088
7dnn__A1_H0QPL9--7dnn__B1_H0QPL8,4,1,2,0,0.5932029067607426,90.8125,True,0.5761421485907283
7dnn__A1_H0QPL9--7dnn__B1_H0QPL8,5,5,3,0,0.5994636522592898,90.75,True,0.5791350854145756
7dnn__A1_H0QPL9--7dnn__B1_H0QPL8,6,2,3,0,0.6015584781613144,90.6875,True,0.5473557184817865
7dnn__A1_H0QPL9--7dnn__B1_H0QPL8,7,5,1,0,0.6135094161848124,90.5625,True,0.5156929239490754
7dnn__A1_H0QPL9--7dnn__B1_H0QPL8,8,5,2,0,0.593602373743447,90.5,True,0.5276079656776997
7dnn__A1_H0QPL9--7dnn__B1_H0QPL8,9,3,0,0,0.6142220016368615,90.375,True,0.5010638418614005
7dnn__A1_H0QPL9--7dnn__B1_H0QPL8,10,1,0,0,0.6324119819419245,90.3125,True,0.49745744952987037
7dnn__A1_H0QPL9--7dnn__B1_H0QPL8,11,4,1,0,0.600387187995,90.25,True,0.5178656428924155
7dnn__A1_H0QPL9--7dnn__B1_H0QPL8,12,2,0,0,0.6754243514335642,90.25,True,0.4811036445511962
7dnn__A1_H0QPL9--7dnn__B1_H0QPL8,13,4,3,0,0.6128871237674208,90.1875,True,0.4927938801898121
7dnn__A1_H0QPL9--7dnn__B1_H0QPL8,14,3,1,0,0.617623462176547,90.1875,True,0.49197781709722355
7dnn__A1_H0QPL9--7dnn__B1_H0QPL8,15,5,0,0,0.6392656574660064,90.1875,True,0.46947834104834935
7dnn__A1_H0QPL9--7dnn__B1_H0QPL8,16,2,2,0,0.6207941804972571,90.125,True,0.45550325216796184
7dnn__A1_H0QPL9--7dnn__B1_H0QPL8,17,3,2,0,0.6188813480982642,90.0,True,0.43133223513865493
7dnn__A1_H0QPL9--7dnn__B1_H0QPL8,18,3,3,0,0.6135926628295336,90.0,True,0.42865886830425687
7dnn__A1_H0QPL9--7dnn__B1_H0QPL8,19,4,2,0,0.5999205311442081,89.9375,True,0.4663113667287111
7dnn__A1_H0QPL9--7dnn__B1_H0QPL8,20,4,0,0,0.6462771678273126,89.625,True,0.4295853260238255
7drb__B1_A0A2I8B6R1--7drb__A1_Q30BZ2,1,1,1,0,0.4665993400184085,64.375,True,0.6305637859732365
7drb__B1_A0A2I8B6R1--7drb__A1_Q30BZ2,2,1,2,0,0.4216045237696944,43.1875,True,0.5354299191170935
7drb__B1_A0A2I8B6R1--7drb__A1_Q30BZ2,3,3,0,0,0.4603556796484374,42.03125,True,0.5731284707017686
7drb__B1_A0A2I8B6R1--7drb__A1_Q30BZ2,4,2,1,0,0.2042718135120044,41.0,False,0.5078678158832669
7drb__B1_A0A2I8B6R1--7drb__A1_Q30BZ2,5,3,2,0,0.3571497787909871,40.0,True,0.5793047284887859
7drb__B1_A0A2I8B6R1--7drb__A1_Q30BZ2,6,2,2,0,0.0725748108222914,39.21875,False,0.5280237885217688
7drb__B1_A0A2I8B6R1--7drb__A1_Q30BZ2,7,4,0,0,0.2619923705868783,39.09375,True,0.5815063804662912
7drb__B1_A0A2I8B6R1--7drb__A1_Q30BZ2,8,1,3,0,0.1072379594499817,38.96875,False,0.46471571028563996
7drb__B1_A0A2I8B6R1--7drb__A1_Q30BZ2,9,2,0,0,0.1538565675704482,38.875,False,0.46363121343699615
7drb__B1_A0A2I8B6R1--7drb__A1_Q30BZ2,10,1,0,0,0.1143627075605045,38.15625,False,0.4521555131182937
7drb__B1_A0A2I8B6R1--7drb__A1_Q30BZ2,11,4,1,0,0.0806742993178337,37.96875,False,0.5110006170034099
7drb__B1_A0A2I8B6R1--7drb__A1_Q30BZ2,12,2,3,0,0.0464331360600603,37.5625,False,0.4132381949276691
7drb__B1_A0A2I8B6R1--7drb__A1_Q30BZ2,13,4,2,0,0.0748521056229013,37.21875,False,0.5215240770043863
7drb__B1_A0A2I8B6R1--7drb__A1_Q30BZ2,14,5,2,0,0.0691746377885388,37.09375,False,0.5232332059350568
7drb__B1_A0A2I8B6R1--7drb__A1_Q30BZ2,15,4,3,0,0.084781280124316,37.0,False,0.4985264524927909
7drb__B1_A0A2I8B6R1--7drb__A1_Q30BZ2,16,3,1,0,0.1521707208342252,36.625,False,0.48020615366981945
7drb__B1_A0A2I8B6R1--7drb__A1_Q30BZ2,17,3,3,0,0.1585085110902958,36.5625,False,0.4670608134046108
7drb__B1_A0A2I8B6R1--7drb__A1_Q30BZ2,18,5,3,0,0.0959205045830423,36.46875,False,0.487378886970705
7drb__B1_A0A2I8B6R1--7drb__A1_Q30BZ2,19,5,1,0,0.0559140998893801,36.25,False,0.42462220606822537
7drb__B1_A0A2I8B6R1--7drb__A1_Q30BZ2,20,5,0,0,0.1605643188202749,36.09375,False,0.5247277581536095
7dtl__A1_UNDEFINED--7dtl__B1_UNDEFINED,1,1,1,3,0.6478037064807456,82.0,True,0.6238507407359268
7dtl__A1_UNDEFINED--7dtl__B1_UNDEFINED,2,1,0,3,0.5910409031499332,73.125,True,0.6048039996146661
7dtl__A1_UNDEFINED--7dtl__B1_UNDEFINED,3,1,2,3,0.6199077530856206,72.3125,True,0.6005953572305286
7dtl__A1_UNDEFINED--7dtl__B1_UNDEFINED,4,1,3,3,0.5820546799182725,65.3125,True,0.5840889752730688
7dtl__A1_UNDEFINED--7dtl__B1_UNDEFINED,5,2,2,3,0.5924458104215548,59.40625,True,0.567906263713422
7dtl__A1_UNDEFINED--7dtl__B1_UNDEFINED,6,2,3,3,0.582838552506857,57.75,True,0.5566232756113028
7dtl__A1_UNDEFINED--7dtl__B1_UNDEFINED,7,4,1,3,0.1628530389212802,53.0625,False,0.5701984337107303
7dtl__A1_UNDEFINED--7dtl__B1_UNDEFINED,8,5,0,3,0.0192471649551907,42.78125,False,0.5453339352621336
7dtl__A1_UNDEFINED--7dtl__B1_UNDEFINED,9,2,0,3,0.1680500739434935,41.28125,False,0.5043240694252235
7dtl__A1_UNDEFINED--7dtl__B1_UNDEFINED,10,3,0,3,0.4183507902763272,40.84375,True,0.4989724763347118
7dtl__A1_UNDEFINED--7dtl__B1_UNDEFINED,11,3,1,3,0.4319833107660143,40.59375,True,0.49969424613421254
7dtl__A1_UNDEFINED--7dtl__B1_UNDEFINED,12,5,3,3,0.0193697825169239,40.5625,False,0.5207489396813499
7dtl__A1_UNDEFINED--7dtl__B1_UNDEFINED,13,3,3,3,0.448702055162834,39.53125,True,0.465364037017467
7dtl__A1_UNDEFINED--7dtl__B1_UNDEFINED,14,2,1,3,0.1904931427563396,37.9375,False,0.4492295162316817
7dtl__A1_UNDEFINED--7dtl__B1_UNDEFINED,15,3,2,3,0.4321748156278547,37.9375,True,0.44691260964550633
7dtl__A1_UNDEFINED--7dtl__B1_UNDEFINED,16,5,2,3,0.019457129398685,36.34375,False,0.4767027593555578
7dtl__A1_UNDEFINED--7dtl__B1_UNDEFINED,17,4,2,3,0.1568053285596265,31.0625,False,0.4201785689300388
7dtl__A1_UNDEFINED--7dtl__B1_UNDEFINED,18,4,3,3,0.2166372832258414,29.609375,False,0.4048470623888273
7dtl__A1_UNDEFINED--7dtl__B1_UNDEFINED,19,5,1,3,0.0269211248815127,29.34375,False,0.4190224354156546
7dtl__A1_UNDEFINED--7dtl__B1_UNDEFINED,20,4,0,3,0.151927489070884,27.34375,False,0.39060082847309135
7e2m__A1_Q9P2K8--7e2m__B1_Q9P2K8,1,3,0,0,0.1007422373902674,51.3125,False,0.6305637859732365
7e2m__A1_Q9P2K8--7e2m__B1_Q9P2K8,2,3,1,0,0.1083001658425942,41.4375,False,0.6225404587443228
7e2m__A1_Q9P2K8--7e2m__B1_Q9P2K8,3,1,3,0,0.1394076545885787,38.09375,False,0.6155520430559959
7e2m__A1_Q9P2K8--7e2m__B1_Q9P2K8,4,5,3,0,0.1321479880997933,37.03125,False,0.5865172474101339
7e2m__A1_Q9P2K8--7e2m__B1_Q9P2K8,5,5,0,0,0.2531607358881104,36.4375,True,0.5521956979849247
7e2m__A1_Q9P2K8--7e2m__B1_Q9P2K8,6,1,0,0,0.104227767821422,36.25,False,0.5880823801407422
7e2m__A1_Q9P2K8--7e2m__B1_Q9P2K8,7,4,2,0,0.1824650111192808,35.6875,False,0.5483142621069809
7e2m__A1_Q9P2K8--7e2m__B1_Q9P2K8,8,3,2,0,0.1183988721365896,35.125,False,0.5200851430106097
7e2m__A1_Q9P2K8--7e2m__B1_Q9P2K8,9,2,0,0,0.079037437727478,34.9375,False,0.5325331659659517
7e2m__A1_Q9P2K8--7e2m__B1_Q9P2K8,10,1,2,0,0.148641861008151,33.46875,False,0.48875716529800456
7e2m__A1_Q9P2K8--7e2m__B1_Q9P2K8,11,4,1,0,0.2143272798599761,33.40625,False,0.4562458848305791
7e2m__A1_Q9P2K8--7e2m__B1_Q9P2K8,12,1,1,0,0.1467076589727988,33.1875,False,0.5035135116659997
7e2m__A1_Q9P2K8--7e2m__B1_Q9P2K8,13,5,2,0,0.3219706040315601,33.125,True,0.4598328237903454
7e2m__A1_Q9P2K8--7e2m__B1_Q9P2K8,14,5,1,0,0.3104443736047408,32.59375,True,0.42598094808686643
7e2m__A1_Q9P2K8--7e2m__B1_Q9P2K8,15,4,3,0,0.241208699367146,31.515625,True,0.41987873814522175
7e2m__A1_Q9P2K8--7e2m__B1_Q9P2K8,16,4,0,0,0.0582534931849707,31.46875,False,0.4629367223078017
7e2m__A1_Q9P2K8--7e2m__B1_Q9P2K8,17,2,2,0,0.0978024719438843,31.046875,False,0.47743777652260005
7e2m__A1_Q9P2K8--7e2m__B1_Q9P2K8,18,3,3,0,0.1096252286385846,31.046875,False,0.4192403719603244
7e2m__A1_Q9P2K8--7e2m__B1_Q9P2K8,19,2,1,0,0.1194148809632866,30.8125,False,0.46321984522911663
7e2m__A1_Q9P2K8--7e2m__B1_Q9P2K8,20,2,3,0,0.1217520408172177,28.015625,False,0.391865132679356
7e36__B1_A0A318JQQ2--7e36__A1_A0A318JWT9,1,4,1,4,0.8126730926514747,94.1875,True,0.5842171506010029
7e36__B1_A0A318JQQ2--7e36__A1_A0A318JWT9,2,4,3,4,0.8154764988709958,94.1875,True,0.4492318707861946
7e36__B1_A0A318JQQ2--7e36__A1_A0A318JWT9,3,4,0,4,0.8218199750332585,94.0625,True,0.5735415347428077
7e36__B1_A0A318JQQ2--7e36__A1_A0A318JWT9,4,4,2,4,0.8088754698949477,94.0625,True,0.5025178854088608
7e36__B1_A0A318JQQ2--7e36__A1_A0A318JWT9,5,3,3,4,0.8039023504373026,93.9375,True,0.5698908506256315
7e36__B1_A0A318JQQ2--7e36__A1_A0A318JWT9,6,1,1,4,0.8016237016841301,93.9375,True,0.5598977527234074
7e36__B1_A0A318JQQ2--7e36__A1_A0A318JWT9,7,1,2,4,0.8021869477315674,93.9375,True,0.5711453966861068
7e36__B1_A0A318JQQ2--7e36__A1_A0A318JWT9,8,5,1,4,0.8026750834399139,93.875,True,0.566181026170489
7e36__B1_A0A318JQQ2--7e36__A1_A0A318JWT9,9,2,0,4,0.7972922700990265,93.875,True,0.47938876262329244
7e36__B1_A0A318JQQ2--7e36__A1_A0A318JWT9,10,5,0,4,0.8076151028328847,93.875,True,0.5059714942220758
7e36__B1_A0A318JQQ2--7e36__A1_A0A318JWT9,11,2,1,4,0.7948899198681749,93.875,True,0.45544196017120575
7e36__B1_A0A318JQQ2--7e36__A1_A0A318JWT9,12,1,0,4,0.8078119812183745,93.875,True,0.5639005051555885
7e36__B1_A0A318JQQ2--7e36__A1_A0A318JWT9,13,3,2,4,0.8106400008367322,93.875,True,0.4688712548218458
7e36__B1_A0A318JQQ2--7e36__A1_A0A318JWT9,14,3,1,4,0.8141078823586394,93.8125,True,0.41299576835062135
7e36__B1_A0A318JQQ2--7e36__A1_A0A318JWT9,15,2,2,4,0.797412707635378,93.8125,True,0.47023490253480477
7e36__B1_A0A318JQQ2--7e36__A1_A0A318JWT9,16,5,2,4,0.8044612075216008,93.8125,True,0.44939845543278273
7e36__B1_A0A318JQQ2--7e36__A1_A0A318JWT9,17,1,3,4,0.7944730823505304,93.8125,True,0.555386453208417
7e36__B1_A0A318JQQ2--7e36__A1_A0A318JWT9,18,3,0,4,0.8183481012158659,93.8125,True,0.47186082060562673
7e36__B1_A0A318JQQ2--7e36__A1_A0A318JWT9,19,5,3,4,0.8051869491227849,93.75,True,0.4662576110923775
7e36__B1_A0A318JQQ2--7e36__A1_A0A318JWT9,20,2,3,4,0.7940588101941959,93.6875,True,0.40229499531334445
7e5m__A1_P09758--7e5m__B2_P09758,1,3,3,0,0.0093173485121944,79.8125,False,0.6305637859732365
7e5m__A1_P09758--7e5m__B2_P09758,2,3,0,0,0.0093894380592316,78.8125,False,0.6118975183024328
7e5m__A1_P09758--7e5m__B2_P09758,3,4,0,0,0.0092768001797318,77.625,False,0.5994831301180369
7e5m__A1_P09758--7e5m__B2_P09758,4,1,0,0,0.0092535136085395,77.4375,False,0.5837905174093537
7e5m__A1_P09758--7e5m__B2_P09758,5,3,1,0,0.0093736206913674,77.4375,False,0.5726148445648865
7e5m__A1_P09758--7e5m__B2_P09758,6,2,3,0,0.0091205328398024,76.5,False,0.5102647291277217
7e5m__A1_P09758--7e5m__B2_P09758,7,4,3,0,0.0093425339890489,76.4375,False,0.5059428808994785
7e5m__A1_P09758--7e5m__B2_P09758,8,3,2,0,0.0093391507081464,76.25,False,0.5495217867431857
7e5m__A1_P09758--7e5m__B2_P09758,9,2,0,0,0.0091893227324349,75.8125,False,0.5004179288373161
7e5m__A1_P09758--7e5m__B2_P09758,10,2,1,0,0.0091713508767315,75.75,False,0.507098008757672
7e5m__A1_P09758--7e5m__B2_P09758,11,5,3,0,0.009202509656828,75.75,False,0.5025445259591447
7e5m__A1_P09758--7e5m__B2_P09758,12,4,2,0,0.0093087617205309,74.9375,False,0.4782615838202999
7e5m__A1_P09758--7e5m__B2_P09758,13,4,1,0,0.0093443813828322,74.4375,False,0.4675637084926466
7e5m__A1_P09758--7e5m__B2_P09758,14,5,1,0,0.0092198013283402,73.75,False,0.4320023679051548
7e5m__A1_P09758--7e5m__B2_P09758,15,5,2,0,0.0092229986589678,73.5625,False,0.45461289458920073
7e5m__A1_P09758--7e5m__B2_P09758,16,1,2,0,0.0092153134520241,73.4375,False,0.4866023909982415
7e5m__A1_P09758--7e5m__B2_P09758,17,1,3,0,0.0092284566364269,73.4375,False,0.48000508964092947
7e5m__A1_P09758--7e5m__B2_P09758,18,1,1,0,0.009187538683677,73.1875,False,0.4889817417765743
7e5m__A1_P09758--7e5m__B2_P09758,19,2,2,0,0.0091248763120273,73.0,False,0.4125667921149294
7e5m__A1_P09758--7e5m__B2_P09758,20,5,0,0,0.0092316365343028,67.4375,False,0.3919053381068403
7f7j__B1_A0A5J6VLZ7--7f7j__A2_A0A5J6VLZ7,1,5,0,2,0.0052112650292727,58.4375,False,0.6281150207677799
7f7j__B1_A0A5J6VLZ7--7f7j__A2_A0A5J6VLZ7,2,3,1,2,0.0051401191750825,55.71875,False,0.6089912821711336
7f7j__B1_A0A5J6VLZ7--7f7j__A2_A0A5J6VLZ7,3,3,2,2,0.0051412685187652,54.5,False,0.5973852716474998
7f7j__B1_A0A5J6VLZ7--7f7j__A2_A0A5J6VLZ7,4,3,0,2,0.0051122333245466,53.5625,False,0.5840120149724363
7f7j__B1_A0A5J6VLZ7--7f7j__A2_A0A5J6VLZ7,5,3,3,2,0.0051106764575458,53.34375,False,0.5808194979083634
7f7j__B1_A0A5J6VLZ7--7f7j__A2_A0A5J6VLZ7,6,2,0,2,0.0051681152505077,47.4375,False,0.5592175567120106
7f7j__B1_A0A5J6VLZ7--7f7j__A2_A0A5J6VLZ7,7,5,3,2,0.0050961050292192,47.34375,False,0.5538073426881048
7f7j__B1_A0A5J6VLZ7--7f7j__A2_A0A5J6VLZ7,8,5,2,2,0.0050612338141838,46.78125,False,0.5351537487192268
7f7j__B1_A0A5J6VLZ7--7f7j__A2_A0A5J6VLZ7,9,2,1,2,0.0051649314806753,46.03125,False,0.5389113573513553
7f7j__B1_A0A5J6VLZ7--7f7j__A2_A0A5J6VLZ7,10,2,3,2,0.0050774229940327,42.6875,False,0.5268413838831192
7f7j__B1_A0A5J6VLZ7--7f7j__A2_A0A5J6VLZ7,11,5,1,2,0.0050615693419193,41.1875,False,0.5005491476850156
7f7j__B1_A0A5J6VLZ7--7f7j__A2_A0A5J6VLZ7,12,2,2,2,0.0051323600387359,39.34375,False,0.4852267066128907
7f7j__B1_A0A5J6VLZ7--7f7j__A2_A0A5J6VLZ7,13,4,2,2,0.0051632924172384,36.84375,False,0.4799564322287021
7f7j__B1_A0A5J6VLZ7--7f7j__A2_A0A5J6VLZ7,14,1,2,2,0.0050932011163619,36.0,False,0.4690716177256759
7f7j__B1_A0A5J6VLZ7--7f7j__A2_A0A5J6VLZ7,15,4,3,2,0.0051948167827664,35.96875,False,0.4464684575672944
7f7j__B1_A0A5J6VLZ7--7f7j__A2_A0A5J6VLZ7,16,4,0,2,0.0052267273582177,35.6875,False,0.4311833978036915
7f7j__B1_A0A5J6VLZ7--7f7j__A2_A0A5J6VLZ7,17,4,1,2,0.0052140960149709,35.0625,False,0.43171835618708926
7f7j__B1_A0A5J6VLZ7--7f7j__A2_A0A5J6VLZ7,18,1,3,2,0.0051410908701499,33.3125,False,0.4294389832649249
7f7j__B1_A0A5J6VLZ7--7f7j__A2_A0A5J6VLZ7,19,1,0,2,0.0051434798304331,33.21875,False,0.41224163825445936
7f7j__B1_A0A5J6VLZ7--7f7j__A2_A0A5J6VLZ7,20,1,1,2,0.0051405790982122,32.34375,False,0.40519671491694115
7fds__B1_P9WK61--7fds__A1_P9WK61,1,1,0,4,0.055246824930071,84.1875,False,0.6287323427945517
7fds__B1_P9WK61--7fds__A1_P9WK61,2,1,2,4,0.0558186720975989,77.25,False,0.616094207551083
7fds__B1_P9WK61--7fds__A1_P9WK61,3,2,2,4,0.0557396295966284,75.5,False,0.6032973066517374
7fds__B1_P9WK61--7fds__A1_P9WK61,4,2,1,4,0.0563761396425131,62.6875,False,0.590357464945786
7fds__B1_P9WK61--7fds__A1_P9WK61,5,2,0,4,0.0552231989587694,57.1875,False,0.5772912800926199
7fds__B1_P9WK61--7fds__A1_P9WK61,6,5,2,4,0.0555533236007711,53.96875,False,0.5607367094015738
7fds__B1_P9WK61--7fds__A1_P9WK61,7,1,3,4,0.0568834307256269,49.875,False,0.5542445863567104
7fds__B1_P9WK61--7fds__A1_P9WK61,8,5,1,4,0.0580099227532292,48.40625,False,0.5333100987288357
7fds__B1_P9WK61--7fds__A1_P9WK61,9,4,0,4,0.0596003773354144,46.6875,False,0.519622090552418
7fds__B1_P9WK61--7fds__A1_P9WK61,10,2,3,4,0.0502035286026347,45.375,False,0.5194072027196823
7fds__B1_P9WK61--7fds__A1_P9WK61,11,4,3,4,0.058754620211291,44.96875,False,0.497246395577644
7fds__B1_P9WK61--7fds__A1_P9WK61,12,4,1,4,0.251629097610996,41.9375,True,0.4500052630624631
7fds__B1_P9WK61--7fds__A1_P9WK61,13,1,1,4,0.055748193174657,40.5625,False,0.4805778745984619
7fds__B1_P9WK61--7fds__A1_P9WK61,14,5,3,4,0.0510118369072537,39.8125,False,0.4554525027250561
7fds__B1_P9WK61--7fds__A1_P9WK61,15,3,2,4,0.0627129387101036,33.15625,False,0.4520576702437658
7fds__B1_P9WK61--7fds__A1_P9WK61,16,4,2,4,0.0533151360298275,31.25,False,0.39721310930944187
7fds__B1_P9WK61--7fds__A1_P9WK61,17,3,3,4,0.0617231795416474,30.8125,False,0.4256169113191679
7fds__B1_P9WK61--7fds__A1_P9WK61,18,3,1,4,0.0676522879429019,30.5625,False,0.42673047068205094
7fds__B1_P9WK61--7fds__A1_P9WK61,19,3,0,4,0.0612494374581853,30.359375,False,0.4105148943886624
7fds__B1_P9WK61--7fds__A1_P9WK61,20,5,0,4,0.0505403732082489,29.078125,False,0.3784981956019273
7jre__A1_Q68T42--7jre__B1_Q68T42,1,2,2,1,0.9031052526381274,71.625,True,0.6244873582878557
7jre__A1_Q68T42--7jre__B1_Q68T42,2,2,1,1,0.3110265198227065,22.8125,True,0.6060396249083003
7jre__A1_Q68T42--7jre__B1_Q68T42,3,4,1,1,0.0207308044350918,21.875,False,0.5946457384419026
7jre__A1_Q68T42--7jre__B1_Q68T42,4,5,0,1,0.0761141365365087,20.078125,False,0.47898602531459145
7jre__A1_Q68T42--7jre__B1_Q68T42,5,5,3,1,0.0142040840600246,20.0625,False,0.5205333867763138
7jre__A1_Q68T42--7jre__B1_Q68T42,6,4,3,1,0.0188338060120775,19.703125,False,0.5661673978931027
7jre__A1_Q68T42--7jre__B1_Q68T42,7,3,2,1,0.0417888344380994,19.6875,False,0.5785607801144327
7jre__A1_Q68T42--7jre__B1_Q68T42,8,4,2,1,0.0218080994102884,19.328125,False,0.541748478151625
7jre__A1_Q68T42--7jre__B1_Q68T42,9,1,1,1,0.6485796717851177,19.109375,True,0.51954046461725
7jre__A1_Q68T42--7jre__B1_Q68T42,10,1,0,1,0.5234626714143468,19.0,True,0.5341203388468126
7jre__A1_Q68T42--7jre__B1_Q68T42,11,5,2,1,0.0136655568538318,18.78125,False,0.41835343950799403
7jre__A1_Q68T42--7jre__B1_Q68T42,12,3,3,1,0.0279073834607442,18.59375,False,0.5466962219454234
7jre__A1_Q68T42--7jre__B1_Q68T42,13,1,3,1,0.3332037375212033,17.6875,True,0.4866396761821692
7jre__A1_Q68T42--7jre__B1_Q68T42,14,4,0,1,0.0263435824053222,17.359375,False,0.46234303781577224
7jre__A1_Q68T42--7jre__B1_Q68T42,15,1,2,1,0.0279708378749555,17.1875,False,0.44996305648308643
7jre__A1_Q68T42--7jre__B1_Q68T42,16,2,0,1,0.0292386766472106,17.1875,False,0.4764444609934608
7jre__A1_Q68T42--7jre__B1_Q68T42,17,5,1,1,0.0209274381511115,16.875,False,0.4087437688365176
7jre__A1_Q68T42--7jre__B1_Q68T42,18,2,3,1,0.02663063137171,16.6875,False,0.4531663508702406
7jre__A1_Q68T42--7jre__B1_Q68T42,19,3,1,1,0.0140874833066607,16.65625,False,0.4462585110318542
7jre__A1_Q68T42--7jre__B1_Q68T42,20,3,0,1,0.0217328877792648,15.859375,False,0.42543283384471137
7k5n__A1_A0A3S5WQC2--7k5n__A2_A0A3S5WQC2,1,4,1,3,0.0177188446215014,81.9375,False,0.6242139936528602
7k5n__A1_A0A3S5WQC2--7k5n__A2_A0A3S5WQC2,2,5,1,3,0.0179761261142041,81.625,False,0.5845448503126683
7k5n__A1_A0A3S5WQC2--7k5n__A2_A0A3S5WQC2,3,5,0,3,0.017992632677797,81.5625,False,0.5852458135403132
7k5n__A1_A0A3S5WQC2--7k5n__A2_A0A3S5WQC2,4,3,1,3,0.0180099425204762,81.1875,False,0.5701504121518789
7k5n__A1_A0A3S5WQC2--7k5n__A2_A0A3S5WQC2,5,4,2,3,0.0177235566397408,81.0,False,0.606978264309969
7k5n__A1_A0A3S5WQC2--7k5n__A2_A0A3S5WQC2,6,5,3,3,0.0179988820180974,80.75,False,0.5463907045315984
7k5n__A1_A0A3S5WQC2--7k5n__A2_A0A3S5WQC2,7,4,0,3,0.0177452586085509,80.0,False,0.5801885060121621
7k5n__A1_A0A3S5WQC2--7k5n__A2_A0A3S5WQC2,8,5,2,3,0.0180771641433846,76.5,False,0.5181577165115326
7k5n__A1_A0A3S5WQC2--7k5n__A2_A0A3S5WQC2,9,2,0,3,0.0177360232221102,75.6875,False,0.5505168745044489
7k5n__A1_A0A3S5WQC2--7k5n__A2_A0A3S5WQC2,10,2,3,3,0.01778676703304,73.375,False,0.5189253710897582
7k5n__A1_A0A3S5WQC2--7k5n__A2_A0A3S5WQC2,11,3,0,3,0.0180259385298586,73.25,False,0.47959661549390087
7k5n__A1_A0A3S5WQC2--7k5n__A2_A0A3S5WQC2,12,2,1,3,0.0177589123331965,71.8125,False,0.5025608948702857
7k5n__A1_A0A3S5WQC2--7k5n__A2_A0A3S5WQC2,13,4,3,3,0.0177369565663859,71.1875,False,0.48246747860365374
7k5n__A1_A0A3S5WQC2--7k5n__A2_A0A3S5WQC2,14,2,2,3,0.0177074827178597,70.25,False,0.4750051074772856
7k5n__A1_A0A3S5WQC2--7k5n__A2_A0A3S5WQC2,15,3,2,3,0.018145124323558,66.9375,False,0.4515029801341562
7k5n__A1_A0A3S5WQC2--7k5n__A2_A0A3S5WQC2,16,1,2,3,0.0292749661711967,22.65625,False,0.43849269842589994
7k5n__A1_A0A3S5WQC2--7k5n__A2_A0A3S5WQC2,17,1,0,3,0.078775582034179,20.875,False,0.4174048333984318
7k5n__A1_A0A3S5WQC2--7k5n__A2_A0A3S5WQC2,18,3,3,3,0.0218801934267227,20.859375,False,0.4200765183426184
7k5n__A1_A0A3S5WQC2--7k5n__A2_A0A3S5WQC2,19,1,3,3,0.0693182975892837,20.75,False,0.4065510113406266
7k5n__A1_A0A3S5WQC2--7k5n__A2_A0A3S5WQC2,20,1,1,3,0.0614215685445406,20.046875,False,0.39123042477495024
7mku__A1_Q8VYI3--7mku__B1_Q8VYI3,1,2,3,1,0.0062255883238701,92.3125,False,0.6214610344072405
7mku__A1_Q8VYI3--7mku__B1_Q8VYI3,2,1,3,1,0.0060884480278836,92.25,False,0.6118383800807992
7mku__A1_Q8VYI3--7mku__B1_Q8VYI3,3,5,1,1,0.0060865202180055,92.1875,False,0.5771763122065723
7mku__A1_Q8VYI3--7mku__B1_Q8VYI3,4,5,0,1,0.006083389711964,92.1875,False,0.5514134314517565
7mku__A1_Q8VYI3--7mku__B1_Q8VYI3,5,3,1,1,0.0061709151623656,92.125,False,0.5697711845716452
7mku__A1_Q8VYI3--7mku__B1_Q8VYI3,6,2,2,1,0.0062230438200015,92.125,False,0.5990273572363022
7mku__A1_Q8VYI3--7mku__B1_Q8VYI3,7,1,2,1,0.0060849294808947,92.0,False,0.5676117853862498
7mku__A1_Q8VYI3--7mku__B1_Q8VYI3,8,2,0,1,0.0062498944542119,91.75,False,0.5520100861945518
7mku__A1_Q8VYI3--7mku__B1_Q8VYI3,9,3,2,1,0.0062006615123013,91.375,False,0.5193227538256371
7mku__A1_Q8VYI3--7mku__B1_Q8VYI3,10,1,1,1,0.0061363910492102,91.1875,False,0.512351707374328
7mku__A1_Q8VYI3--7mku__B1_Q8VYI3,11,3,3,1,0.0061330481238888,91.0625,False,0.4948217894284511
7mku__A1_Q8VYI3--7mku__B1_Q8VYI3,12,3,0,1,0.0061732006123744,91.0625,False,0.48389585278362285
7mku__A1_Q8VYI3--7mku__B1_Q8VYI3,13,5,3,1,0.0061064754989464,90.9375,False,0.45971119365864554
7mku__A1_Q8VYI3--7mku__B1_Q8VYI3,14,4,1,1,0.0060785693254068,90.8125,False,0.45454258244658263
7mku__A1_Q8VYI3--7mku__B1_Q8VYI3,15,5,2,1,0.0061441017019353,90.8125,False,0.4170702861001261
7mku__A1_Q8VYI3--7mku__B1_Q8VYI3,16,4,0,1,0.0060248904111131,90.625,False,0.4451258875565449
7mku__A1_Q8VYI3--7mku__B1_Q8VYI3,17,1,0,1,0.0061363704932672,90.625,False,0.4612568045133374
7mku__A1_Q8VYI3--7mku__B1_Q8VYI3,18,2,1,1,0.0061392775659826,90.5625,False,0.4247493312425576
7mku__A1_Q8VYI3--7mku__B1_Q8VYI3,19,4,2,1,0.0060228670003411,90.5625,False,0.4199389842554185
7mku__A1_Q8VYI3--7mku__B1_Q8VYI3,20,4,3,1,0.0060317271447751,90.3125,False,0.39613101473355594
7mnr__A1_P62826--7mnr__B1_P49792,1,5,1,2,0.6078517666639414,85.0625,True,0.5455857478710882
7mnr__A1_P62826--7mnr__B1_P49792,2,1,3,2,0.6584935451485867,84.5625,True,0.5763858550266934
7mnr__A1_P62826--7mnr__B1_P49792,3,4,0,2,0.6843374580122977,84.5625,True,0.5993803227184764
7mnr__A1_P62826--7mnr__B1_P49792,4,4,2,2,0.6858627088946644,84.5625,True,0.6089743478002891
7mnr__A1_P62826--7mnr__B1_P49792,5,5,3,2,0.6193171900590674,84.5,True,0.5227913366669982
7mnr__A1_P62826--7mnr__B1_P49792,6,5,2,2,0.6295120363495782,84.0625,True,0.45185537594680414
7mnr__A1_P62826--7mnr__B1_P49792,7,3,2,2,0.6906324871632495,84.0,True,0.5692048898555498
7mnr__A1_P62826--7mnr__B1_P49792,8,5,0,2,0.6748742166402003,84.0,True,0.53993866784987
7mnr__A1_P62826--7mnr__B1_P49792,9,1,2,2,0.6571936460746008,83.9375,True,0.5085680341806571
7mnr__A1_P62826--7mnr__B1_P49792,10,1,1,2,0.6687283677310111,83.875,True,0.5474693758886354
7mnr__A1_P62826--7mnr__B1_P49792,11,1,0,2,0.6337339634871086,83.8125,True,0.5374149925769427
7mnr__A1_P62826--7mnr__B1_P49792,12,3,0,2,0.6864673265873794,83.6875,True,0.530108005148353
7mnr__A1_P62826--7mnr__B1_P49792,13,4,3,2,0.6911145006226986,83.625,True,0.5658044780815574
7mnr__A1_P62826--7mnr__B1_P49792,14,3,3,2,0.6392712020175383,83.3125,True,0.4298105205262632
7mnr__A1_P62826--7mnr__B1_P49792,15,4,1,2,0.6839557359269977,83.125,True,0.5012630210355392
7mnr__A1_P62826--7mnr__B1_P49792,16,3,1,2,0.5996931737544867,82.875,True,0.43898688777225814
7mnr__A1_P62826--7mnr__B1_P49792,17,2,3,2,0.5795351549163458,82.0625,True,0.4538185372213797
7mnr__A1_P62826--7mnr__B1_P49792,18,2,2,2,0.5688557791385442,81.625,True,0.40744655285457143
7mnr__A1_P62826--7mnr__B1_P49792,19,2,0,2,0.6318754244596536,81.25,True,0.4381531289972985
7mnr__A1_P62826--7mnr__B1_P49792,20,2,1,2,0.6546514982245045,80.875,True,0.4336070453247063
7o8c__A1_A7LY27--7o8c__B1_A7LY27,1,5,2,1,0.0540034855418293,51.03125,False,0.6277981521058086
7o8c__A1_A7LY27--7o8c__B1_A7LY27,2,5,3,1,0.0404725259252513,38.40625,False,0.6058618831981329
7o8c__A1_A7LY27--7o8c__B1_A7LY27,3,2,1,1,0.0292617902387424,37.90625,False,0.5776996152297468
7o8c__A1_A7LY27--7o8c__B1_A7LY27,4,1,2,1,0.048204877270117,37.28125,False,0.47150589638304913
7o8c__A1_A7LY27--7o8c__B1_A7LY27,5,3,1,1,0.0479446022684873,35.84375,False,0.5852583878706064
7o8c__A1_A7LY27--7o8c__B1_A7LY27,6,2,0,1,0.0440146210970922,34.25,False,0.5659845500070728
7o8c__A1_A7LY27--7o8c__B1_A7LY27,7,4,1,1,0.0113645900673288,32.125,False,0.5426127091735222
7o8c__A1_A7LY27--7o8c__B1_A7LY27,8,5,1,1,0.0695107045153333,30.21875,False,0.49893993352780164
7o8c__A1_A7LY27--7o8c__B1_A7LY27,9,1,3,1,0.0445164594692364,30.140625,False,0.518961927386844
7o8c__A1_A7LY27--7o8c__B1_A7LY27,10,5,0,1,0.0410915485539972,30.0,False,0.5314985313896154
7o8c__A1_A7LY27--7o8c__B1_A7LY27,11,3,0,1,0.0405917608320754,29.96875,False,0.5296623075604012
7o8c__A1_A7LY27--7o8c__B1_A7LY27,12,2,3,1,0.0309202249595643,29.890625,False,0.48972912427079063
7o8c__A1_A7LY27--7o8c__B1_A7LY27,13,3,3,1,0.1099970364348188,27.296875,False,0.4987470345129947
7o8c__A1_A7LY27--7o8c__B1_A7LY27,14,4,0,1,0.0310296943533391,27.140625,False,0.4753380257659797
7o8c__A1_A7LY27--7o8c__B1_A7LY27,15,1,1,1,0.0162077284525216,27.03125,False,0.44089783658389115
7o8c__A1_A7LY27--7o8c__B1_A7LY27,16,4,3,1,0.0934356980246605,26.5,False,0.4609877713521312
7o8c__A1_A7LY27--7o8c__B1_A7LY27,17,2,2,1,0.0209690058874907,25.859375,False,0.43758031800856384
7o8c__A1_A7LY27--7o8c__B1_A7LY27,18,3,2,1,0.0448312900086593,25.421875,False,0.4498550804444348
7o8c__A1_A7LY27--7o8c__B1_A7LY27,19,1,0,1,0.0161260823197866,24.625,False,0.4251176176107095
7o8c__A1_A7LY27--7o8c__B1_A7LY27,20,4,2,1,0.0430981155120633,24.15625,False,0.4047758062766937
7ouv__A1_Q14315--7ouv__B1_Q14315,1,2,1,2,0.0191153107520002,21.46875,False,0.5765810742257614
7ouv__A1_Q14315--7ouv__B1_Q14315,2,1,3,2,0.2070225229159929,21.25,False,0.6256918143950746
7ouv__A1_Q14315--7ouv__B1_Q14315,3,1,0,2,0.1212681908187166,21.046875,False,0.6116065288989555
7ouv__A1_Q14315--7ouv__B1_Q14315,4,2,3,2,0.0191190350604017,20.78125,False,0.580270679168125
7ouv__A1_Q14315--7ouv__B1_Q14315,5,2,2,2,0.0208217425356218,20.140625,False,0.4702149836591403
7ouv__A1_Q14315--7ouv__B1_Q14315,6,2,0,2,0.0205990850846765,19.953125,False,0.5322528226187556
7ouv__A1_Q14315--7ouv__B1_Q14315,7,1,2,2,0.0859831934448662,19.921875,False,0.5437820757417616
7ouv__A1_Q14315--7ouv__B1_Q14315,8,1,1,2,0.0728754776104218,19.734375,False,0.5157003298341926
7ouv__A1_Q14315--7ouv__B1_Q14315,9,4,0,2,0.2720846678672063,19.59375,True,0.49642110308856463
7ouv__A1_Q14315--7ouv__B1_Q14315,10,4,1,2,0.2566102390061667,19.359375,True,0.5244808200006141
7ouv__A1_Q14315--7ouv__B1_Q14315,11,4,3,2,0.3080477672624738,19.125,True,0.4743572019651832
7ouv__A1_Q14315--7ouv__B1_Q14315,12,4,2,2,0.1801101106854476,18.765625,False,0.4578428338134334
7ouv__A1_Q14315--7ouv__B1_Q14315,13,3,1,2,0.053778188463112,18.125,False,0.48164562114318443
7ouv__A1_Q14315--7ouv__B1_Q14315,14,5,3,2,0.0194935061247002,18.0625,False,0.5377800079164048
7ouv__A1_Q14315--7ouv__B1_Q14315,15,3,2,2,0.1130044974363849,17.578125,False,0.4881609226212419
7ouv__A1_Q14315--7ouv__B1_Q14315,16,5,0,2,0.1392151022843245,17.40625,False,0.4519417431880219
7ouv__A1_Q14315--7ouv__B1_Q14315,17,5,2,2,0.0208770064743992,17.40625,False,0.4449671171018381
7ouv__A1_Q14315--7ouv__B1_Q14315,18,3,3,2,0.1233173949699993,17.359375,False,0.4611847550706994
7ouv__A1_Q14315--7ouv__B1_Q14315,19,3,0,2,0.1135488511457969,17.234375,False,0.494680249310426
7ouv__A1_Q14315--7ouv__B1_Q14315,20,5,1,2,0.1227073078330944,16.796875,False,0.4339699268189642
7ovp__A1_O58230--7ovp__B1_O58230,1,5,0,3,0.3075575556813466,59.375,True,0.6146462656386954
7ovp__A1_O58230--7ovp__B1_O58230,2,3,2,3,0.3044832518405496,59.1875,True,0.6128459621280217
7ovp__A1_O58230--7ovp__B1_O58230,3,1,3,3,0.3052520932574913,53.125,True,0.5927101168171052
7ovp__A1_O58230--7ovp__B1_O58230,4,3,1,3,0.2735855526744448,42.15625,True,0.5873308736110925
7ovp__A1_O58230--7ovp__B1_O58230,5,4,1,3,0.2795324161740489,38.125,True,0.5726446597969438
7ovp__A1_O58230--7ovp__B1_O58230,6,3,3,3,0.2672448166196453,36.78125,True,0.5592683790114266
7ovp__A1_O58230--7ovp__B1_O58230,7,5,2,3,0.2669265171108215,33.28125,True,0.5439779169723851
7ovp__A1_O58230--7ovp__B1_O58230,8,2,1,3,0.2790521196318361,33.15625,True,0.5428016380444954
7ovp__A1_O58230--7ovp__B1_O58230,9,4,2,3,0.2745506280362999,31.765625,True,0.4659432566055222
7ovp__A1_O58230--7ovp__B1_O58230,10,4,3,3,0.2777730220366719,31.453125,True,0.5017725491666424
7ovp__A1_O58230--7ovp__B1_O58230,11,4,0,3,0.2807392084973234,31.359375,True,0.5184020347504696
7ovp__A1_O58230--7ovp__B1_O58230,12,3,0,3,0.2610307013402715,30.859375,True,0.46554081493110067
7ovp__A1_O58230--7ovp__B1_O58230,13,5,3,3,0.264600986672803,30.84375,True,0.44678634149807867
7ovp__A1_O58230--7ovp__B1_O58230,14,2,3,3,0.2703448485389998,30.71875,True,0.4966046699618441
7ovp__A1_O58230--7ovp__B1_O58230,15,2,0,3,0.2812079674192612,30.265625,True,0.4695934234595293
7ovp__A1_O58230--7ovp__B1_O58230,16,1,2,3,0.2789248276216593,30.1875,True,0.4568908814395177
7ovp__A1_O58230--7ovp__B1_O58230,17,2,2,3,0.275713538394264,29.828125,True,0.47443316471413804
7ovp__A1_O58230--7ovp__B1_O58230,18,1,1,3,0.2752343416296951,29.125,True,0.42724268096023804
7ovp__A1_O58230--7ovp__B1_O58230,19,5,1,3,0.2750335426193626,28.84375,True,0.40612958730548243
7ovp__A1_O58230--7ovp__B1_O58230,20,1,0,3,0.3027415384873273,27.25,True,0.39397041418085876
7oxl__A1_Q9NWM0--7oxl__A2_Q9NWM0,1,3,3,1,0.0035450710704804,72.5,False,0.6244873582878557
7oxl__A1_Q9NWM0--7oxl__A2_Q9NWM0,2,5,1,1,0.0035734469096416,70.6875,False,0.6129173331011687
7oxl__A1_Q9NWM0--7oxl__A2_Q9NWM0,3,4,3,1,0.0034166515432463,68.25,False,0.5935750220499058
7oxl__A1_Q9NWM0--7oxl__A2_Q9NWM0,4,5,2,1,0.0035912244858738,68.125,False,0.5603620245525301
7oxl__A1_Q9NWM0--7oxl__A2_Q9NWM0,5,4,1,1,0.0034282095340726,67.75,False,0.5834588583289562
7oxl__A1_Q9NWM0--7oxl__A2_Q9NWM0,6,3,1,1,0.0036545389548142,67.25,False,0.553343399814073
7oxl__A1_Q9NWM0--7oxl__A2_Q9NWM0,7,4,0,1,0.0034593818981449,66.75,False,0.5496896800754291
7oxl__A1_Q9NWM0--7oxl__A2_Q9NWM0,8,3,2,1,0.004043994935196,64.9375,False,0.561397066708966
7oxl__A1_Q9NWM0--7oxl__A2_Q9NWM0,9,5,0,1,0.0036510793810526,63.90625,False,0.5205277847851207
7oxl__A1_Q9NWM0--7oxl__A2_Q9NWM0,10,4,2,1,0.0034312604522205,61.40625,False,0.5310361675626871
7oxl__A1_Q9NWM0--7oxl__A2_Q9NWM0,11,5,3,1,0.0036503893672404,59.875,False,0.5055085508439687
7oxl__A1_Q9NWM0--7oxl__A2_Q9NWM0,12,3,0,1,0.0035256352162754,52.21875,False,0.4881880947178084
7oxl__A1_Q9NWM0--7oxl__A2_Q9NWM0,13,2,2,1,0.0034071545251158,42.9375,False,0.44706526504345845
7oxl__A1_Q9NWM0--7oxl__A2_Q9NWM0,14,2,3,1,0.0034462035231669,41.59375,False,0.43257467091792806
7oxl__A1_Q9NWM0--7oxl__A2_Q9NWM0,15,2,0,1,0.0033999277228105,40.21875,False,0.4170940273412729
7oxl__A1_Q9NWM0--7oxl__A2_Q9NWM0,16,1,0,1,0.0033013985904612,37.59375,False,0.4555632481077054
7oxl__A1_Q9NWM0--7oxl__A2_Q9NWM0,17,1,2,1,0.0032879193553378,32.25,False,0.44381138015326294
7oxl__A1_Q9NWM0--7oxl__A2_Q9NWM0,18,1,3,1,0.0032022816710276,27.328125,False,0.4282710619971426
7oxl__A1_Q9NWM0--7oxl__A2_Q9NWM0,19,1,1,1,0.0032052088078836,26.59375,False,0.415025937005188
7oxl__A1_Q9NWM0--7oxl__A2_Q9NWM0,20,2,1,1,0.0033001814649286,26.40625,False,0.41515832547091197
7ped__A1_Q8TB45--7ped__B1_Q8TB45,1,4,1,3,0.2929944938318023,62.3125,True,0.6238507407359268
7ped__A1_Q8TB45--7ped__B1_Q8TB45,2,4,3,3,0.2893820383815332,59.90625,True,0.604302848243407
7ped__A1_Q8TB45--7ped__B1_Q8TB45,3,4,0,3,0.2930805679501881,58.9375,True,0.6008120050698963
7ped__A1_Q8TB45--7ped__B1_Q8TB45,4,4,2,3,0.293204085622227,58.6875,True,0.5951445925177119
7ped__A1_Q8TB45--7ped__B1_Q8TB45,5,1,1,3,0.3013740886761257,46.46875,True,0.5351923050630403
7ped__A1_Q8TB45--7ped__B1_Q8TB45,6,1,3,3,0.3012471533045647,43.78125,True,0.5150629219524379
7ped__A1_Q8TB45--7ped__B1_Q8TB45,7,1,2,3,0.3081640701770775,43.28125,True,0.5027516147171763
7ped__A1_Q8TB45--7ped__B1_Q8TB45,8,2,1,3,0.0065896333289918,42.5,False,0.5517670964618415
7ped__A1_Q8TB45--7ped__B1_Q8TB45,9,2,0,3,0.0066294375703231,40.125,False,0.5065591848737314
7ped__A1_Q8TB45--7ped__B1_Q8TB45,10,2,3,3,0.006656939046495,39.78125,False,0.5069503539865899
7ped__A1_Q8TB45--7ped__B1_Q8TB45,11,2,2,3,0.0066389885489001,39.0625,False,0.48848894969219037
7ped__A1_Q8TB45--7ped__B1_Q8TB45,12,3,3,3,0.0065007102212435,25.734375,False,0.4246099117349692
7ped__A1_Q8TB45--7ped__B1_Q8TB45,13,1,0,3,0.0767586092699948,21.96875,False,0.44515129758981464
7ped__A1_Q8TB45--7ped__B1_Q8TB45,14,5,3,3,0.0194112408971331,20.203125,False,0.4928180366023682
7ped__A1_Q8TB45--7ped__B1_Q8TB45,15,5,2,3,0.0209140683992056,19.78125,False,0.49845574547502075
7ped__A1_Q8TB45--7ped__B1_Q8TB45,16,3,0,3,0.0153194307295942,19.6875,False,0.44708411778162066
7ped__A1_Q8TB45--7ped__B1_Q8TB45,17,5,0,3,0.0206162100619905,19.625,False,0.4735960951827804
7ped__A1_Q8TB45--7ped__B1_Q8TB45,18,5,1,3,0.0196048745918808,19.34375,False,0.46648052808081614
7ped__A1_Q8TB45--7ped__B1_Q8TB45,19,3,2,3,0.0150246413859026,19.234375,False,0.44203535293073304
7ped__A1_Q8TB45--7ped__B1_Q8TB45,20,3,1,3,0.0148447129775539,18.578125,False,0.42659541435842124
7ppp__A1_A0A5F9DAT3--7ppp__B1_A0A5F9DAT3,1,5,3,4,0.8560163310144387,79.9375,True,0.6140614480673559
7ppp__A1_A0A5F9DAT3--7ppp__B1_A0A5F9DAT3,2,4,2,4,0.8378759473083051,78.375,True,0.6086065846798129
7ppp__A1_A0A5F9DAT3--7ppp__B1_A0A5F9DAT3,3,4,3,4,0.8906010752633353,77.4375,True,0.5785802465756583
7ppp__A1_A0A5F9DAT3--7ppp__B1_A0A5F9DAT3,4,4,1,4,0.8877789588421662,77.1875,True,0.5736945972584182
7ppp__A1_A0A5F9DAT3--7ppp__B1_A0A5F9DAT3,5,5,2,4,0.893035236351751,77.125,True,0.5972205125150145
7ppp__A1_A0A5F9DAT3--7ppp__B1_A0A5F9DAT3,6,5,0,4,0.8552652316013868,76.8125,True,0.5799255609985328
7ppp__A1_A0A5F9DAT3--7ppp__B1_A0A5F9DAT3,7,4,0,4,0.8487674252072045,76.375,True,0.5798051225663252
7ppp__A1_A0A5F9DAT3--7ppp__B1_A0A5F9DAT3,8,5,1,4,0.8418850278743641,72.8125,True,0.529287566391595
7ppp__A1_A0A5F9DAT3--7ppp__B1_A0A5F9DAT3,9,1,0,4,0.868548886173905,65.0,True,0.5294356337100402
7ppp__A1_A0A5F9DAT3--7ppp__B1_A0A5F9DAT3,10,1,3,4,0.8585478205287135,62.0,True,0.5069348809435749
7ppp__A1_A0A5F9DAT3--7ppp__B1_A0A5F9DAT3,11,1,2,4,0.8514493085700966,59.21875,True,0.5055061504440004
7ppp__A1_A0A5F9DAT3--7ppp__B1_A0A5F9DAT3,12,1,1,4,0.8592629786868592,57.28125,True,0.4780164678427544
7ppp__A1_A0A5F9DAT3--7ppp__B1_A0A5F9DAT3,13,2,1,4,0.8272335070446079,49.90625,True,0.4663689988462697
7ppp__A1_A0A5F9DAT3--7ppp__B1_A0A5F9DAT3,14,3,0,4,0.8358605041870611,48.03125,True,0.4645543653543903
7ppp__A1_A0A5F9DAT3--7ppp__B1_A0A5F9DAT3,15,3,2,4,0.8389639330912629,38.28125,True,0.44253404984701766
7ppp__A1_A0A5F9DAT3--7ppp__B1_A0A5F9DAT3,16,3,3,4,0.8425107649381239,38.1875,True,0.42556815161384837
7ppp__A1_A0A5F9DAT3--7ppp__B1_A0A5F9DAT3,17,2,0,4,0.8493503890752162,33.96875,True,0.4136936916286908
7ppp__A1_A0A5F9DAT3--7ppp__B1_A0A5F9DAT3,18,3,1,4,0.837346131651346,32.65625,True,0.41203430245314426
7ppp__A1_A0A5F9DAT3--7ppp__B1_A0A5F9DAT3,19,2,2,4,0.8316247914288452,28.265625,True,0.3931653100118466
7ppp__A1_A0A5F9DAT3--7ppp__B1_A0A5F9DAT3,20,2,3,4,0.8365429002802239,24.53125,True,0.379506644990498
7pq0__B1_P60842--7pq0__A1_Q63UP7,1,4,3,1,0.0235893512786936,78.6875,False,0.6073078338409515
7pq0__B1_P60842--7pq0__A1_Q63UP7,2,2,3,1,0.1602276785851752,77.8125,False,0.6215815126799119
7pq0__B1_P60842--7pq0__A1_Q63UP7,3,2,1,1,0.025307538554332,75.625,False,0.6049952057805636
7pq0__B1_P60842--7pq0__A1_Q63UP7,4,2,0,1,0.0277266800255143,72.125,False,0.5921212211022101
7pq0__B1_P60842--7pq0__A1_Q63UP7,5,3,2,1,0.0274085995186579,55.75,False,0.5760295448860158
7pq0__B1_P60842--7pq0__A1_Q63UP7,6,1,1,1,0.009659754515576,48.21875,False,0.5636427251079057
7pq0__B1_P60842--7pq0__A1_Q63UP7,7,1,0,1,0.0093856099359964,40.65625,False,0.5438747553948097
7pq0__B1_P60842--7pq0__A1_Q63UP7,8,3,0,1,0.0228647051268332,38.09375,False,0.5307541767819285
7pq0__B1_P60842--7pq0__A1_Q63UP7,9,1,2,1,0.0111648947843361,31.4375,False,0.5267499485699408
7pq0__B1_P60842--7pq0__A1_Q63UP7,10,1,3,1,0.0113028309926829,30.25,False,0.5109735395318449
7pq0__B1_P60842--7pq0__A1_Q63UP7,11,3,3,1,0.0241519170275401,28.046875,False,0.4888023497324522
7pq0__B1_P60842--7pq0__A1_Q63UP7,12,4,0,1,0.0235222595999901,25.875,False,0.4784217409634686
7pq0__B1_P60842--7pq0__A1_Q63UP7,13,2,2,1,0.027421442119892,25.328125,False,0.47634157080279016
7pq0__B1_P60842--7pq0__A1_Q63UP7,14,5,2,1,0.0157831419815819,24.90625,False,0.4368448509331169
7pq0__B1_P60842--7pq0__A1_Q63UP7,15,4,1,1,0.0097383147090045,24.109375,False,0.44688836911763674
7pq0__B1_P60842--7pq0__A1_Q63UP7,16,5,1,1,0.0124707382394477,22.734375,False,0.4323025475332663
7pq0__B1_P60842--7pq0__A1_Q63UP7,17,5,3,1,0.0165320255650772,22.5625,False,0.4125806836924766
7pq0__B1_P60842--7pq0__A1_Q63UP7,18,5,0,1,0.0288325784503696,22.03125,False,0.4509860627144023
7pq0__B1_P60842--7pq0__A1_Q63UP7,19,4,2,1,0.0337114246167144,21.125,False,0.4219554177691641
7pq0__B1_P60842--7pq0__A1_Q63UP7,20,3,1,1,0.0249339086392576,20.5,False,0.4151621365977655
7r79__B1_F0UVX7--7r79__A1_F0UVX7,1,4,2,1,0.7949571066684235,74.375,True,0.6244873582878557
7r79__B1_F0UVX7--7r79__A1_F0UVX7,2,4,0,1,0.7991441933539706,74.125,True,0.6125640603930859
7r79__B1_F0UVX7--7r79__A1_F0UVX7,3,4,3,1,0.7960911825370395,72.375,True,0.6005043635206955
7r79__B1_F0UVX7--7r79__A1_F0UVX7,4,4,1,1,0.8243684223383543,72.0625,True,0.5783098492323059
7r79__B1_F0UVX7--7r79__A1_F0UVX7,5,2,2,1,0.7435314800612844,71.1875,True,0.5826024340951813
7r79__B1_F0UVX7--7r79__A1_F0UVX7,6,2,1,1,0.7656430345456838,70.5625,True,0.5671372640490189
7r79__B1_F0UVX7--7r79__A1_F0UVX7,7,2,0,1,0.7736937824159632,68.0,True,0.5511759872051596
7r79__B1_F0UVX7--7r79__A1_F0UVX7,8,2,3,1,0.7496741591115201,67.75,True,0.5386446122705998
7r79__B1_F0UVX7--7r79__A1_F0UVX7,9,3,2,1,0.7825953408130939,67.625,True,0.5256761110613153
7r79__B1_F0UVX7--7r79__A1_F0UVX7,10,5,0,1,0.7237905444110312,63.3125,True,0.48572573669855507
7r79__B1_F0UVX7--7r79__A1_F0UVX7,11,3,1,1,0.7269703170514318,62.53125,True,0.5032416716410713
7r79__B1_F0UVX7--7r79__A1_F0UVX7,12,3,0,1,0.7105637879447692,62.3125,True,0.5025956011118836
7r79__B1_F0UVX7--7r79__A1_F0UVX7,13,1,1,1,0.3680691648471417,60.65625,True,0.4580914533432824
7r79__B1_F0UVX7--7r79__A1_F0UVX7,14,1,3,1,0.6080031907757796,60.09375,True,0.4696767739052089
7r79__B1_F0UVX7--7r79__A1_F0UVX7,15,3,3,1,0.7119392084677897,59.84375,True,0.47016244538073904
7r79__B1_F0UVX7--7r79__A1_F0UVX7,16,1,0,1,0.3733941772813731,57.40625,True,0.4402212457811768
7r79__B1_F0UVX7--7r79__A1_F0UVX7,17,1,2,1,0.3649406511545603,51.46875,True,0.42557309831300555
7r79__B1_F0UVX7--7r79__A1_F0UVX7,18,5,2,1,0.2757890195382917,44.71875,True,0.41326795100118985
7r79__B1_F0UVX7--7r79__A1_F0UVX7,19,5,1,1,0.3242156422013185,42.625,True,0.4010701792351008
7r79__B1_F0UVX7--7r79__A1_F0UVX7,20,5,3,1,0.2683184627984198,39.65625,True,0.38899374084502214
7rwk__A1_V4NUN3--7rwk__B1_V4NUN3,1,3,1,2,0.2022699435807743,65.625,False,0.628449725378753
7rwk__A1_V4NUN3--7rwk__B1_V4NUN3,2,3,0,2,0.2026246308761577,64.8125,False,0.6316625990660725
7rwk__A1_V4NUN3--7rwk__B1_V4NUN3,3,3,2,2,0.2024777606222876,63.65625,False,0.6110961684932271
7rwk__A1_V4NUN3--7rwk__B1_V4NUN3,4,3,3,2,0.2026553638596886,59.75,False,0.584668357967006
7rwk__A1_V4NUN3--7rwk__B1_V4NUN3,5,2,3,2,0.1976336862453992,59.65625,False,0.5654950386091091
7rwk__A1_V4NUN3--7rwk__B1_V4NUN3,6,2,0,2,0.2029294484748888,58.5625,False,0.5674357875480954
7rwk__A1_V4NUN3--7rwk__B1_V4NUN3,7,5,2,2,0.2027471254899321,57.875,False,0.56223245416528
7rwk__A1_V4NUN3--7rwk__B1_V4NUN3,8,4,1,2,0.2025254929496922,57.84375,False,0.5795860962867906
7rwk__A1_V4NUN3--7rwk__B1_V4NUN3,9,2,2,2,0.2001943654596291,57.71875,False,0.5109429306121769
7rwk__A1_V4NUN3--7rwk__B1_V4NUN3,10,5,0,2,0.2027471284335364,57.625,False,0.5310559157665684
7rwk__A1_V4NUN3--7rwk__B1_V4NUN3,11,2,1,2,0.2028422793441423,56.96875,False,0.4956162601389412
7rwk__A1_V4NUN3--7rwk__B1_V4NUN3,12,5,1,2,0.2025052132157234,56.0625,False,0.480092045290885
7rwk__A1_V4NUN3--7rwk__B1_V4NUN3,13,5,3,2,0.2025812665502702,55.96875,False,0.4965987690439575
7rwk__A1_V4NUN3--7rwk__B1_V4NUN3,14,4,3,2,0.1970474333746334,53.75,False,0.4954838548864795
7rwk__A1_V4NUN3--7rwk__B1_V4NUN3,15,4,2,2,0.2027676032201078,52.53125,False,0.49946788744140946
7rwk__A1_V4NUN3--7rwk__B1_V4NUN3,16,4,0,2,0.1971790292057811,51.1875,False,0.44860893514553685
7rwk__A1_V4NUN3--7rwk__B1_V4NUN3,17,1,1,2,0.2004937066167134,48.53125,False,0.3908603153313998
7rwk__A1_V4NUN3--7rwk__B1_V4NUN3,18,1,0,2,0.2035868694922056,47.59375,False,0.39293222483631807
7rwk__A1_V4NUN3--7rwk__B1_V4NUN3,19,1,2,2,0.201094862650701,47.125,False,0.36705550446928575
7rwk__A1_V4NUN3--7rwk__B1_V4NUN3,20,1,3,2,0.2009593173514164,47.03125,False,0.36881618200914745
7s0y__A1_P18177--7s0y__B1_P60953,1,1,0,0,0.748060340256583,82.9375,True,0.6218539573685927
7s0y__A1_P18177--7s0y__B1_P60953,2,1,1,0,0.7482840682292876,81.75,True,0.6086798868998312
7s0y__A1_P18177--7s0y__B1_P60953,3,4,0,0,0.7709315040314504,81.625,True,0.6240323018966982
7s0y__A1_P18177--7s0y__B1_P60953,4,4,3,0,0.6923125739595223,79.0,True,0.5741488043751701
7s0y__A1_P18177--7s0y__B1_P60953,5,4,2,0,0.694017435269426,78.9375,True,0.5810123205934696
7s0y__A1_P18177--7s0y__B1_P60953,6,5,3,0,0.6300433771908122,78.125,True,0.5492393161790051
7s0y__A1_P18177--7s0y__B1_P60953,7,3,1,0,0.664306599837175,77.875,True,0.568661329731957
7s0y__A1_P18177--7s0y__B1_P60953,8,5,1,0,0.6803892596161218,77.5625,True,0.5638108468168224
7s0y__A1_P18177--7s0y__B1_P60953,9,1,2,0,0.717358998954929,76.5,True,0.5249591872184061
7s0y__A1_P18177--7s0y__B1_P60953,10,1,3,0,0.7264375562647509,74.5625,True,0.4890857307251774
7s0y__A1_P18177--7s0y__B1_P60953,11,5,2,0,0.6109780369743367,72.9375,True,0.5048207485279084
7s0y__A1_P18177--7s0y__B1_P60953,12,3,2,0,0.6019401996486752,72.9375,True,0.49531670426839625
7s0y__A1_P18177--7s0y__B1_P60953,13,4,1,0,0.471078842331976,70.9375,True,0.4956839671367849
7s0y__A1_P18177--7s0y__B1_P60953,14,2,1,0,0.7341619299910365,70.125,True,0.4592087221685478
7s0y__A1_P18177--7s0y__B1_P60953,15,2,0,0,0.7342884082659946,69.25,True,0.4529658370206821
7s0y__A1_P18177--7s0y__B1_P60953,16,5,0,0,0.4379713023584176,65.0625,True,0.4212972327347072
7s0y__A1_P18177--7s0y__B1_P60953,17,3,3,0,0.4048264889887336,65.0625,True,0.4226665933815102
7s0y__A1_P18177--7s0y__B1_P60953,18,3,0,0,0.4013776076960664,65.0,True,0.4265920689286682
7s0y__A1_P18177--7s0y__B1_P60953,19,2,2,0,0.4195031002839517,55.75,True,0.39807937011198197
7s0y__A1_P18177--7s0y__B1_P60953,20,2,3,0,0.3965233517247264,48.40625,True,0.3855286050603503
7s7q__A1_Q8I1Y0--7s7q__B1_C6KSX0,1,5,1,1,0.5487554804384698,82.6875,True,0.57385454556347
7s7q__A1_Q8I1Y0--7s7q__B1_C6KSX0,2,3,1,1,0.5098740081274253,82.375,True,0.5872393471626645
7s7q__A1_Q8I1Y0--7s7q__B1_C6KSX0,3,3,0,1,0.5309931372073781,81.8125,True,0.5880072692255354
7s7q__A1_Q8I1Y0--7s7q__B1_C6KSX0,4,2,2,1,0.498578525730131,81.5,True,0.5486391828385307
7s7q__A1_Q8I1Y0--7s7q__B1_C6KSX0,5,4,0,1,0.5211753742657877,81.4375,True,0.5246294665947906
7s7q__A1_Q8I1Y0--7s7q__B1_C6KSX0,6,4,3,1,0.5174552124483575,81.25,True,0.6094191779811072
7s7q__A1_Q8I1Y0--7s7q__B1_C6KSX0,7,5,0,1,0.5147063750772519,80.75,True,0.5079298528474474
7s7q__A1_Q8I1Y0--7s7q__B1_C6KSX0,8,1,3,1,0.5673599673749748,80.75,True,0.5629103001522314
7s7q__A1_Q8I1Y0--7s7q__B1_C6KSX0,9,4,1,1,0.5343371685024251,80.25,True,0.525471432325507
7s7q__A1_Q8I1Y0--7s7q__B1_C6KSX0,10,3,2,1,0.513237041144241,79.875,True,0.5130691133267855
7s7q__A1_Q8I1Y0--7s7q__B1_C6KSX0,11,2,1,1,0.5250347077697083,79.875,True,0.4836827529500581
7s7q__A1_Q8I1Y0--7s7q__B1_C6KSX0,12,5,2,1,0.5257049085765041,79.375,True,0.42029602734289656
7s7q__A1_Q8I1Y0--7s7q__B1_C6KSX0,13,4,2,1,0.5384675112332132,79.1875,True,0.45801914567285434
7s7q__A1_Q8I1Y0--7s7q__B1_C6KSX0,14,1,1,1,0.5110021812000678,79.1875,True,0.44057956140033727
7s7q__A1_Q8I1Y0--7s7q__B1_C6KSX0,15,3,3,1,0.5335618226635105,79.0,True,0.4780173293278448
7s7q__A1_Q8I1Y0--7s7q__B1_C6KSX0,16,5,3,1,0.5305315619417286,78.75,True,0.46053623157286594
7s7q__A1_Q8I1Y0--7s7q__B1_C6KSX0,17,1,0,1,0.5818609848074464,78.625,True,0.5054748096172055
7s7q__A1_Q8I1Y0--7s7q__B1_C6KSX0,18,1,2,1,0.5606876261613073,78.375,True,0.46614440418848485
7s7q__A1_Q8I1Y0--7s7q__B1_C6KSX0,19,2,3,1,0.5163355336106061,78.1875,True,0.4333296298637902
7s7q__A1_Q8I1Y0--7s7q__B1_C6KSX0,20,2,0,1,0.5344601964623609,77.875,True,0.4525452743116231
7sa1__B1_Q5VMP0--7sa1__A1_Q39255,1,4,2,1,0.5653695413986831,86.625,True,0.57453321966939
7sa1__B1_Q5VMP0--7sa1__A1_Q39255,2,4,1,1,0.5617355663189999,86.5,True,0.5508548946808026
7sa1__B1_Q5VMP0--7sa1__A1_Q39255,3,3,2,1,0.5991062631053202,86.4375,True,0.6163496766412735
7sa1__B1_Q5VMP0--7sa1__A1_Q39255,4,5,3,1,0.5387297196289126,86.375,True,0.5207340756459997
7sa1__B1_Q5VMP0--7sa1__A1_Q39255,5,3,0,1,0.5708019934469095,86.0,True,0.48313237922490354
7sa1__B1_Q5VMP0--7sa1__A1_Q39255,6,5,2,1,0.5554558338370176,86.0,True,0.46335189463054627
7sa1__B1_Q5VMP0--7sa1__A1_Q39255,7,3,3,1,0.5730203837760501,85.9375,True,0.48820492780615615
7sa1__B1_Q5VMP0--7sa1__A1_Q39255,8,4,0,1,0.5520907178069647,85.9375,True,0.5360239830291447
7sa1__B1_Q5VMP0--7sa1__A1_Q39255,9,2,0,1,0.6102813858060921,85.75,True,0.6050850988489445
7sa1__B1_Q5VMP0--7sa1__A1_Q39255,10,5,1,1,0.5388659428151571,85.625,True,0.5350740206495185
7sa1__B1_Q5VMP0--7sa1__A1_Q39255,11,5,0,1,0.5390424229113266,85.5625,True,0.4847878373260505
7sa1__B1_Q5VMP0--7sa1__A1_Q39255,12,3,1,1,0.5810852741392178,85.3125,True,0.4789509638687056
7sa1__B1_Q5VMP0--7sa1__A1_Q39255,13,2,1,1,0.553203589595725,84.9375,True,0.5327692999281001
7sa1__B1_Q5VMP0--7sa1__A1_Q39255,14,2,3,1,0.5675523670016626,84.9375,True,0.46757200476651145
7sa1__B1_Q5VMP0--7sa1__A1_Q39255,15,4,3,1,0.5604072068004254,84.875,True,0.41034298902602145
7sa1__B1_Q5VMP0--7sa1__A1_Q39255,16,2,2,1,0.5658855837592531,84.875,True,0.44429161485295054
7sa1__B1_Q5VMP0--7sa1__A1_Q39255,17,1,2,1,0.5324442775862436,84.75,True,0.4643650956765305
7sa1__B1_Q5VMP0--7sa1__A1_Q39255,18,1,3,1,0.5702944805441138,84.75,True,0.5264552783908032
7sa1__B1_Q5VMP0--7sa1__A1_Q39255,19,1,0,1,0.5597324649455764,84.75,True,0.4989477716976058
7sa1__B1_Q5VMP0--7sa1__A1_Q39255,20,1,1,1,0.5266478697572824,84.4375,True,0.4577209502370839
7v3k__A1_A3TMR7--7v3k__D1_A3TMR7,1,5,0,1,0.1824132272088758,38.59375,False,0.6230555949103039
7v3k__A1_A3TMR7--7v3k__D1_A3TMR7,2,5,3,1,0.1971627117272666,37.4375,False,0.5713397457966816
7v3k__A1_A3TMR7--7v3k__D1_A3TMR7,3,5,1,1,0.1810280766308666,37.4375,False,0.5890728500684104
7v3k__A1_A3TMR7--7v3k__D1_A3TMR7,4,3,3,1,0.1864862434712777,37.4375,False,0.5985294876068974
7v3k__A1_A3TMR7--7v3k__D1_A3TMR7,5,2,1,1,0.1702375138166433,34.21875,False,0.5626338104185711
7v3k__A1_A3TMR7--7v3k__D1_A3TMR7,6,1,3,1,0.194204706742189,34.0,False,0.5808005373086589
7v3k__A1_A3TMR7--7v3k__D1_A3TMR7,7,2,3,1,0.1539243953967204,33.5,False,0.5357140310523651
7v3k__A1_A3TMR7--7v3k__D1_A3TMR7,8,1,0,1,0.2071203071128076,30.8125,False,0.5238841107094838
7v3k__A1_A3TMR7--7v3k__D1_A3TMR7,9,1,1,1,0.1653292643924712,27.546875,False,0.4899461551049406
7v3k__A1_A3TMR7--7v3k__D1_A3TMR7,10,4,1,1,0.2803246965103882,27.234375,True,0.48297284061433016
7v3k__A1_A3TMR7--7v3k__D1_A3TMR7,11,2,2,1,0.0255473758247028,26.96875,False,0.5030279940638688
7v3k__A1_A3TMR7--7v3k__D1_A3TMR7,12,4,0,1,0.0169385416352041,26.90625,False,0.5147164807823333
7v3k__A1_A3TMR7--7v3k__D1_A3TMR7,13,4,2,1,0.3174618700166769,26.828125,True,0.46165347461522516
7v3k__A1_A3TMR7--7v3k__D1_A3TMR7,14,4,3,1,0.2977597827182451,26.71875,True,0.4615640293187758
7v3k__A1_A3TMR7--7v3k__D1_A3TMR7,15,2,0,1,0.0199326439091121,25.875,False,0.4781195252742264
7v3k__A1_A3TMR7--7v3k__D1_A3TMR7,16,3,0,1,0.1346189651384096,24.0625,False,0.444856533686775
7v3k__A1_A3TMR7--7v3k__D1_A3TMR7,17,5,2,1,0.0312372121379973,23.78125,False,0.4408914639768237
7v3k__A1_A3TMR7--7v3k__D1_A3TMR7,18,3,1,1,0.0271466768580664,22.890625,False,0.43538904080958385
7v3k__A1_A3TMR7--7v3k__D1_A3TMR7,19,3,2,1,0.0230267475778595,22.875,False,0.4345273018643884
7v3k__A1_A3TMR7--7v3k__D1_A3TMR7,20,1,2,1,0.0378988718783396,21.828125,False,0.406122864377702
