complex_id,rank,model_weight,seed,cv_fold,DockQ,ranking_confidence,acceptable,acceptable_score
1a22__B1_P10912--1a22__A1_P01241,1,3,3,0,0.712227739022913,87.375,True,0.6562668252567563
1a22__B1_P10912--1a22__A1_P01241,2,3,1,0,0.7114431123257109,87.0625,True,0.6386135110820189
1a22__B1_P10912--1a22__A1_P01241,3,4,0,0,0.7232284458409967,86.875,True,0.6166485305477891
1a22__B1_P10912--1a22__A1_P01241,4,5,1,0,0.7093242049735528,86.8125,True,0.6241934405965894
1a22__B1_P10912--1a22__A1_P01241,5,3,2,0,0.70722465715211,86.625,True,0.5889043241888969
1a22__B1_P10912--1a22__A1_P01241,6,4,2,0,0.7093923309531928,86.5,True,0.5293386293143346
1a22__B1_P10912--1a22__A1_P01241,7,4,3,0,0.7292577036205744,86.5,True,0.538653301304007
1a22__B1_P10912--1a22__A1_P01241,8,5,2,0,0.70969824835082,86.3125,True,0.564976776527159
1a22__B1_P10912--1a22__A1_P01241,9,1,1,0,0.7617428709448332,86.0625,True,0.5410575571820765
1a22__B1_P10912--1a22__A1_P01241,10,5,0,0,0.7417280014826259,86.0,True,0.5239234603005031
1a22__B1_P10912--1a22__A1_P01241,11,1,3,0,0.7119218859417579,85.375,True,0.4685793478959885
1a22__B1_P10912--1a22__A1_P01241,12,4,1,0,0.757200159376478,85.3125,True,0.5114275735421124
1a22__B1_P10912--1a22__A1_P01241,13,1,0,0,0.7604113458223262,85.1875,True,0.48933179814969113
1a22__B1_P10912--1a22__A1_P01241,14,5,3,0,0.712401142205961,85.125,True,0.46047046887452314
1a22__B1_P10912--1a22__A1_P01241,15,3,0,0,0.7616534368510722,84.6875,True,0.45358632521039954
1a22__B1_P10912--1a22__A1_P01241,16,2,2,0,0.6823175844965276,84.25,True,0.38781300286288134
1a22__B1_P10912--1a22__A1_P01241,17,2,3,0,0.7607137523567792,84.25,True,0.40869524090434695
1a22__B1_P10912--1a22__A1_P01241,18,2,1,0,0.7431150463838637,83.8125,True,0.3998932543176518
1a22__B1_P10912--1a22__A1_P01241,19,1,2,0,0.754387122295798,83.125,True,0.3910243904381646
1a22__B1_P10912--1a22__A1_P01241,20,2,0,0,0.7554631172550303,81.9375,True,0.3627511226045545
1aor__A1_Q51739--1aor__B1_Q51739,1,2,0,0,0.9232179069699614,88.875,True,0.6562668252567563
1aor__A1_Q51739--1aor__B1_Q51739,2,3,2,0,0.7994074307245059,67.375,True,0.6415347377227066
1aor__A1_Q51739--1aor__B1_Q51739,3,2,2,0,0.1902847189197419,37.625,False,0.6498552837466015
1aor__A1_Q51739--1aor__B1_Q51739,4,2,3,0,0.0192137589300618,31.8125,False,0.6322416731905574
1aor__A1_Q51739--1aor__B1_Q51739,5,3,1,0,0.0075841322500278,27.921875,False,0.5920259434862657
1aor__A1_Q51739--1aor__B1_Q51739,6,4,3,0,0.0088507602965184,27.375,False,0.5901945143188635
1aor__A1_Q51739--1aor__B1_Q51739,7,4,1,0,0.0084460928758452,27.28125,False,0.5900125119026969
1aor__A1_Q51739--1aor__B1_Q51739,8,4,0,0,0.0086027185186051,26.96875,False,0.5618888049399864
1aor__A1_Q51739--1aor__B1_Q51739,9,4,2,0,0.0087055093665777,26.609375,False,0.5370103077934296
1aor__A1_Q51739--1aor__B1_Q51739,10,3,0,0,0.007606932441334,26.40625,False,0.5107121738392374
1aor__A1_Q51739--1aor__B1_Q51739,11,1,2,0,0.0099708927186974,26.03125,False,0.4705880106625662
1aor__A1_Q51739--1aor__B1_Q51739,12,2,1,0,0.0102072551865075,25.953125,False,0.4989742632891459
1aor__A1_Q51739--1aor__B1_Q51739,13,1,1,0,0.0099155854094919,25.59375,False,0.4418339768766225
1aor__A1_Q51739--1aor__B1_Q51739,14,5,1,0,0.0075043373959546,25.53125,False,0.4773387909728003
1aor__A1_Q51739--1aor__B1_Q51739,15,1,0,0,0.0103159735809802,25.390625,False,0.3794280826445006
1aor__A1_Q51739--1aor__B1_Q51739,16,1,3,0,0.0099376661482493,25.34375,False,0.37959278576687355
1aor__A1_Q51739--1aor__B1_Q51739,17,5,2,0,0.0081060680899444,25.203125,False,0.42093716498324313
1aor__A1_Q51739--1aor__B1_Q51739,18,5,3,0,0.0077966620281299,25.0,False,0.399816229165304
1aor__A1_Q51739--1aor__B1_Q51739,19,5,0,0,0.0079601359746958,24.8125,False,0.3859899321738854
1aor__A1_Q51739--1aor__B1_Q51739,20,3,3,0,0.0089206972557888,24.171875,False,0.33973282845344505
1b3q__B1_Q56310--1b3q__A1_Q56310,1,2,3,2,0.3565377439920534,55.90625,True,0.6974098975885205
1b3q__B1_Q56310--1b3q__A1_Q56310,2,2,2,2,0.3660196690484456,55.21875,True,0.6404478676410069
1b3q__B1_Q56310--1b3q__A1_Q56310,3,2,0,2,0.3680319629716597,53.90625,True,0.6162001833405178
1b3q__B1_Q56310--1b3q__A1_Q56310,4,2,1,2,0.3659268807296169,53.1875,True,0.6218036243405008
1b3q__B1_Q56310--1b3q__A1_Q56310,5,1,1,2,0.3636373718425517,52.375,True,0.6296648447193817
1b3q__B1_Q56310--1b3q__A1_Q56310,6,1,2,2,0.3659628792826737,52.25,True,0.6148545957881094
1b3q__B1_Q56310--1b3q__A1_Q56310,7,1,3,2,0.364608171214311,52.09375,True,0.5937806494915214
1b3q__B1_Q56310--1b3q__A1_Q56310,8,1,0,2,0.3686394252423659,51.1875,True,0.5549092426415978
1b3q__B1_Q56310--1b3q__A1_Q56310,9,5,2,2,0.3507643693653121,49.21875,True,0.4946058922982206
1b3q__B1_Q56310--1b3q__A1_Q56310,10,5,0,2,0.3505705794677156,48.8125,True,0.4285163158477878
1b3q__B1_Q56310--1b3q__A1_Q56310,11,4,0,2,0.359870511912645,48.78125,True,0.5315099530987274
1b3q__B1_Q56310--1b3q__A1_Q56310,12,4,2,2,0.3572257850611308,48.59375,True,0.533327954043465
1b3q__B1_Q56310--1b3q__A1_Q56310,13,4,1,2,0.360558268962399,48.125,True,0.4635365185979809
1b3q__B1_Q56310--1b3q__A1_Q56310,14,3,2,2,0.3567977928791677,48.03125,True,0.39445253934511143
1b3q__B1_Q56310--1b3q__A1_Q56310,15,3,3,2,0.3602529197995281,48.0,True,0.4018008664529401
1b3q__B1_Q56310--1b3q__A1_Q56310,16,3,0,2,0.3584723472657474,47.90625,True,0.37029227950620025
1b3q__B1_Q56310--1b3q__A1_Q56310,17,5,1,2,0.3520193379996564,47.90625,True,0.3948290654463192
1b3q__B1_Q56310--1b3q__A1_Q56310,18,5,3,2,0.3508378623165776,47.78125,True,0.36689845840043556
1b3q__B1_Q56310--1b3q__A1_Q56310,19,4,3,2,0.3598618101973114,47.59375,True,0.44446796717942283
1b3q__B1_Q56310--1b3q__A1_Q56310,20,3,1,2,0.3609833813183612,47.4375,True,0.34292186783455975
1b7e__A1_Q46731--1b7e__A2_Q46731,1,2,1,0,0.7810456643138058,71.0,True,0.6562668252567563
1b7e__A1_Q46731--1b7e__A2_Q46731,2,2,3,0,0.7670160518216428,70.3125,True,0.6415347377227066
1b7e__A1_Q46731--1b7e__A2_Q46731,3,2,2,0,0.7796114556470015,67.4375,True,0.62355881479482
1b7e__A1_Q46731--1b7e__A2_Q46731,4,2,0,0,0.7168296254437304,65.75,True,0.6073143376530766
1b7e__A1_Q46731--1b7e__A2_Q46731,5,1,2,0,0.7472874609712273,65.6875,True,0.60285023421032
1b7e__A1_Q46731--1b7e__A2_Q46731,6,1,1,0,0.7219745724898763,64.75,True,0.5770489739652254
1b7e__A1_Q46731--1b7e__A2_Q46731,7,1,0,0,0.7312533339774102,63.25,True,0.5566093135609783
1b7e__A1_Q46731--1b7e__A2_Q46731,8,1,3,0,0.7290821237880932,62.46875,True,0.5316167192462442
1b7e__A1_Q46731--1b7e__A2_Q46731,9,4,3,0,0.7963728940412943,62.15625,True,0.5442000533970516
1b7e__A1_Q46731--1b7e__A2_Q46731,10,4,1,0,0.7897256322827095,60.9375,True,0.5288157074896074
1b7e__A1_Q46731--1b7e__A2_Q46731,11,4,0,0,0.7888596319523756,60.40625,True,0.5031699900493626
1b7e__A1_Q46731--1b7e__A2_Q46731,12,4,2,0,0.7820365707195295,59.59375,True,0.48383808858333294
1b7e__A1_Q46731--1b7e__A2_Q46731,13,3,0,0,0.7384004034549561,58.59375,True,0.46918106859767506
1b7e__A1_Q46731--1b7e__A2_Q46731,14,3,2,0,0.7755512843672027,55.6875,True,0.45293369238307485
1b7e__A1_Q46731--1b7e__A2_Q46731,15,5,0,0,0.8008858414179078,55.25,True,0.4215152021740292
1b7e__A1_Q46731--1b7e__A2_Q46731,16,3,3,0,0.762436131069603,55.0,True,0.4328302518394811
1b7e__A1_Q46731--1b7e__A2_Q46731,17,5,3,0,0.784945910512297,54.375,True,0.40553340222481665
1b7e__A1_Q46731--1b7e__A2_Q46731,18,3,1,0,0.7579367985669722,53.8125,True,0.39153251190844374
1b7e__A1_Q46731--1b7e__A2_Q46731,19,5,1,0,0.7959612469780467,51.875,True,0.37070869668547063
1b7e__A1_Q46731--1b7e__A2_Q46731,20,5,2,0,0.7897269763480379,51.375,True,0.35575246077974854
1bed__A1_P32557--1bed__A2_P32557,1,3,3,2,0.90534195021465,78.0625,True,0.6415858834017127
1bed__A1_P32557--1bed__A2_P32557,2,1,0,2,0.9153799808183084,74.25,True,0.6280893012284724
1bed__A1_P32557--1bed__A2_P32557,3,1,1,2,0.9161294304801988,73.125,True,0.6143899476729139
1bed__A1_P32557--1bed__A2_P32557,4,3,0,2,0.8966985913492764,71.0,True,0.6005069364098622
1bed__A1_P32557--1bed__A2_P32557,5,1,2,2,0.9103548140336024,68.1875,True,0.586460526759568
1bed__A1_P32557--1bed__A2_P32557,6,1,3,2,0.912071655174136,66.9375,True,0.5642338231016066
1bed__A1_P32557--1bed__A2_P32557,7,3,1,2,0.8819083054141998,66.5625,True,0.5714372381504572
1bed__A1_P32557--1bed__A2_P32557,8,3,2,2,0.577325226972271,59.15625,True,0.5380822001290138
1bed__A1_P32557--1bed__A2_P32557,9,4,3,2,0.8985300184047199,35.21875,True,0.5305478978499543
1bed__A1_P32557--1bed__A2_P32557,10,4,0,2,0.9117235548770508,32.625,True,0.5192409744005283
1bed__A1_P32557--1bed__A2_P32557,11,4,2,2,0.9218306685456796,32.09375,True,0.501911887942002
1bed__A1_P32557--1bed__A2_P32557,12,4,1,2,0.8693768674540582,30.921875,True,0.4773797808067036
1bed__A1_P32557--1bed__A2_P32557,13,5,1,2,0.039425182482865,26.765625,False,0.4760621391205747
1bed__A1_P32557--1bed__A2_P32557,14,2,3,2,0.0577049053215288,24.828125,False,0.46732133072263793
1bed__A1_P32557--1bed__A2_P32557,15,2,2,2,0.0609198499300643,24.453125,False,0.442601053987957
1bed__A1_P32557--1bed__A2_P32557,16,2,0,2,0.0955578622209256,24.171875,False,0.43241082184399937
1bed__A1_P32557--1bed__A2_P32557,17,2,1,2,0.1311729712489855,23.78125,False,0.4081223567436181
1bed__A1_P32557--1bed__A2_P32557,18,5,0,2,0.0436141690764157,23.34375,False,0.4122091142977187
1bed__A1_P32557--1bed__A2_P32557,19,5,3,2,0.0498934529157468,23.203125,False,0.37452486109485694
1bed__A1_P32557--1bed__A2_P32557,20,5,2,2,0.4887083004014713,21.921875,True,0.3559168702714966
1bl4__A1_P62942--1bl4__B1_P62942,1,3,0,4,0.0176767603813217,71.8125,False,0.6655299241608249
1bl4__A1_P62942--1bl4__B1_P62942,2,3,2,4,0.0178362788979199,71.625,False,0.655411003147467
1bl4__A1_P62942--1bl4__B1_P62942,3,3,3,4,0.0175494493975899,71.375,False,0.6365447287148313
1bl4__A1_P62942--1bl4__B1_P62942,4,3,1,4,0.017269144779628,70.1875,False,0.6201885602874647
1bl4__A1_P62942--1bl4__B1_P62942,5,5,0,4,0.0163514459323346,46.0,False,0.6005691094388689
1bl4__A1_P62942--1bl4__B1_P62942,6,4,0,4,0.0142456186345981,44.625,False,0.5896965093385457
1bl4__A1_P62942--1bl4__B1_P62942,7,5,1,4,0.0157156306241698,44.0,False,0.5665373432669327
1bl4__A1_P62942--1bl4__B1_P62942,8,5,2,4,0.0163553016056906,43.71875,False,0.5492615600577256
1bl4__A1_P62942--1bl4__B1_P62942,9,1,0,4,0.2643265164934351,42.4375,True,0.5109724115621894
1bl4__A1_P62942--1bl4__B1_P62942,10,5,3,4,0.0161381569810053,42.1875,False,0.5350476986605773
1bl4__A1_P62942--1bl4__B1_P62942,11,1,3,4,0.2645078326591331,41.25,True,0.4877439440825866
1bl4__A1_P62942--1bl4__B1_P62942,12,1,2,4,0.2637626899541654,41.1875,True,0.4727627839802543
1bl4__A1_P62942--1bl4__B1_P62942,13,4,3,4,0.0146362276427371,41.03125,False,0.5093215130110439
1bl4__A1_P62942--1bl4__B1_P62942,14,4,1,4,0.0149496857617139,39.28125,False,0.4415548694951112
1bl4__A1_P62942--1bl4__B1_P62942,15,1,1,4,0.2659203364527076,38.59375,True,0.41766125347420785
1bl4__A1_P62942--1bl4__B1_P62942,16,4,2,4,0.0150084793108121,38.21875,False,0.42263749374229775
1bl4__A1_P62942--1bl4__B1_P62942,17,2,2,4,0.1431052119906122,22.15625,False,0.4074969198448458
1bl4__A1_P62942--1bl4__B1_P62942,18,2,3,4,0.03325903692713,20.125,False,0.3834279957762289
1bl4__A1_P62942--1bl4__B1_P62942,19,2,1,4,0.0401088559755276,19.59375,False,0.35381911581385944
1bl4__A1_P62942--1bl4__B1_P62942,20,2,0,4,0.0365283659204887,19.453125,False,0.3430223120362316
1boy__A1_P13726--1boy__A2_P13726,1,4,2,1,0.0054806596203427,67.875,False,0.6338607413998115
1boy__A1_P13726--1boy__A2_P13726,2,3,3,1,0.0041261901901919,67.5625,False,0.60925961084524
1boy__A1_P13726--1boy__A2_P13726,3,3,2,1,0.0070912111666583,65.75,False,0.6348404979511393
1boy__A1_P13726--1boy__A2_P13726,4,4,0,1,0.0036676960535717,62.5625,False,0.5821158702472901
1boy__A1_P13726--1boy__A2_P13726,5,4,3,1,0.005209789532057,61.03125,False,0.5742520034538845
1boy__A1_P13726--1boy__A2_P13726,6,4,1,1,0.0029700847366191,59.75,False,0.5604165646584135
1boy__A1_P13726--1boy__A2_P13726,7,2,0,1,0.0049764956655499,59.125,False,0.5847809959258663
1boy__A1_P13726--1boy__A2_P13726,8,3,0,1,0.0031809866115659,53.875,False,0.5421754569742222
1boy__A1_P13726--1boy__A2_P13726,9,2,1,1,0.0041162630072851,51.65625,False,0.5281541301684667
1boy__A1_P13726--1boy__A2_P13726,10,2,2,1,0.0042182150661968,50.59375,False,0.5140882410653275
1boy__A1_P13726--1boy__A2_P13726,11,3,1,1,0.002507673943066,20.234375,False,0.4131692058787499
1boy__A1_P13726--1boy__A2_P13726,12,1,0,1,0.0046424987792813,17.90625,False,0.4907357003670931
1boy__A1_P13726--1boy__A2_P13726,13,1,3,1,0.004953991630168,17.875,False,0.49030299158586055
1boy__A1_P13726--1boy__A2_P13726,14,1,1,1,0.0046688796423872,17.71875,False,0.4864817481525173
1boy__A1_P13726--1boy__A2_P13726,15,1,2,1,0.0045555007598033,17.59375,False,0.4670330547908848
1boy__A1_P13726--1boy__A2_P13726,16,2,3,1,0.0053746260806112,17.140625,False,0.4183405054080877
1boy__A1_P13726--1boy__A2_P13726,17,5,0,1,0.0052112045391539,16.71875,False,0.4169243884578439
1boy__A1_P13726--1boy__A2_P13726,18,5,1,1,0.005660649719273,16.640625,False,0.3873138954892009
1boy__A1_P13726--1boy__A2_P13726,19,5,3,1,0.0098640023179004,16.25,False,0.4134213301182323
1boy__A1_P13726--1boy__A2_P13726,20,5,2,1,0.0091817487294234,15.8125,False,0.3893091100210599
1cdd__A1_P08179--1cdd__B1_P08179,1,4,1,0,0.0070469744777235,77.4375,False,0.6536431382823812
1cdd__A1_P08179--1cdd__B1_P08179,2,4,3,0,0.0071123393886255,77.125,False,0.652103315222981
1cdd__A1_P08179--1cdd__B1_P08179,3,4,2,0,0.0070407934505763,75.625,False,0.6267160706407036
1cdd__A1_P08179--1cdd__B1_P08179,4,1,3,0,0.0073650793987315,74.6875,False,0.6054425198281136
1cdd__A1_P08179--1cdd__B1_P08179,5,1,1,0,0.0080054362646685,72.6875,False,0.5674728240949104
1cdd__A1_P08179--1cdd__B1_P08179,6,1,0,0,0.0079335412339944,71.375,False,0.5133553412702953
1cdd__A1_P08179--1cdd__B1_P08179,7,1,2,0,0.0078519445640855,70.5,False,0.4971910045912333
1cdd__A1_P08179--1cdd__B1_P08179,8,2,3,0,0.0073159378858146,68.3125,False,0.5570635374201516
1cdd__A1_P08179--1cdd__B1_P08179,9,2,2,0,0.0074505755081369,67.6875,False,0.5125214973481247
1cdd__A1_P08179--1cdd__B1_P08179,10,2,0,0,0.0074056740145334,65.6875,False,0.48683629199927947
1cdd__A1_P08179--1cdd__B1_P08179,11,3,0,0,0.0093545840112539,37.6875,False,0.5438882025897377
1cdd__A1_P08179--1cdd__B1_P08179,12,3,1,0,0.0092679482540509,37.375,False,0.5292950859208828
1cdd__A1_P08179--1cdd__B1_P08179,13,4,0,0,0.0086880501998202,32.875,False,0.47527133150407336
1cdd__A1_P08179--1cdd__B1_P08179,14,3,2,0,0.0097977679560096,31.890625,False,0.499299383396999
1cdd__A1_P08179--1cdd__B1_P08179,15,3,3,0,0.00914391671036,31.1875,False,0.4530263559025663
1cdd__A1_P08179--1cdd__B1_P08179,16,5,3,0,0.0090904726023275,29.65625,False,0.46451119094480287
1cdd__A1_P08179--1cdd__B1_P08179,17,2,1,0,0.0093109793054153,28.296875,False,0.40697368552240376
1cdd__A1_P08179--1cdd__B1_P08179,18,5,1,0,0.0081353013815176,26.375,False,0.3887126627874822
1cdd__A1_P08179--1cdd__B1_P08179,19,5,0,0,0.0076655899903046,24.703125,False,0.3617186249492765
1cdd__A1_P08179--1cdd__B1_P08179,20,5,2,0,0.0081279649735014,24.40625,False,0.36188012351349563
1dov__A1_P26231--1dov__A2_P26231,1,3,2,2,0.7288057425382591,81.0625,True,0.6415858834017127
1dov__A1_P26231--1dov__A2_P26231,2,3,0,2,0.7235393162781797,80.5625,True,0.6280893012284724
1dov__A1_P26231--1dov__A2_P26231,3,3,3,2,0.7275830559416634,80.3125,True,0.6071047149209354
1dov__A1_P26231--1dov__A2_P26231,4,3,1,2,0.70750961440132,80.3125,True,0.6078354821736064
1dov__A1_P26231--1dov__A2_P26231,5,5,3,2,0.7344372177503926,72.875,True,0.586460526759568
1dov__A1_P26231--1dov__A2_P26231,6,5,2,2,0.7315093467979246,70.8125,True,0.5722720170601946
1dov__A1_P26231--1dov__A2_P26231,7,5,0,2,0.7257952491476982,68.8125,True,0.5579636243531853
1dov__A1_P26231--1dov__A2_P26231,8,5,1,2,0.7211482449969067,67.0625,True,0.5435583516824813
1dov__A1_P26231--1dov__A2_P26231,9,2,0,2,0.7728623775374647,58.71875,True,0.5290798445892958
1dov__A1_P26231--1dov__A2_P26231,10,2,2,2,0.7451931097173997,57.40625,True,0.5145522386353092
1dov__A1_P26231--1dov__A2_P26231,11,2,3,2,0.772432223701648,55.3125,True,0.5
1dov__A1_P26231--1dov__A2_P26231,12,2,1,2,0.738599267720068,53.71875,True,0.48544776136469087
1dov__A1_P26231--1dov__A2_P26231,13,1,3,2,0.0081679864289101,23.734375,False,0.4596392249047471
1dov__A1_P26231--1dov__A2_P26231,14,1,1,2,0.0082373203591503,23.234375,False,0.462319950082301
1dov__A1_P26231--1dov__A2_P26231,15,4,1,2,0.5387706214362165,23.109375,True,0.40969336931307443
1dov__A1_P26231--1dov__A2_P26231,16,4,2,2,0.3691007990111532,22.125,True,0.4275110318327923
1dov__A1_P26231--1dov__A2_P26231,17,1,2,2,0.0135405490184172,21.375,False,0.4314972630242764
1dov__A1_P26231--1dov__A2_P26231,18,1,0,2,0.008437008252826,21.0,False,0.40722329625125187
1dov__A1_P26231--1dov__A2_P26231,19,4,0,2,0.1331419809498939,17.90625,False,0.38024761366459414
1dov__A1_P26231--1dov__A2_P26231,20,4,3,2,0.1226955924040615,17.359375,False,0.38884471588159764
1e1c__A1_P11653--1e1c__B1_P11652,1,5,3,1,0.8879610296877852,95.3125,True,0.5586925175757746
1e1c__A1_P11653--1e1c__B1_P11652,2,5,1,1,0.8824624056244575,95.3125,True,0.5622534999052979
1e1c__A1_P11653--1e1c__B1_P11652,3,4,1,1,0.8780828307520663,95.25,True,0.5708256227984291
1e1c__A1_P11653--1e1c__B1_P11652,4,5,2,1,0.8779362841725277,95.25,True,0.5442248518356788
1e1c__A1_P11653--1e1c__B1_P11652,5,4,2,1,0.8769812124617719,95.25,True,0.5481401907413869
1e1c__A1_P11653--1e1c__B1_P11652,6,4,3,1,0.8848930295749645,95.1875,True,0.5494834538043205
1e1c__A1_P11653--1e1c__B1_P11652,7,4,0,1,0.8816670967274084,95.1875,True,0.5810330181528933
1e1c__A1_P11653--1e1c__B1_P11652,8,5,0,1,0.8847508049676026,95.1875,True,0.5361022660649701
1e1c__A1_P11653--1e1c__B1_P11652,9,3,2,1,0.8812043703593312,95.125,True,0.4924956061997467
1e1c__A1_P11653--1e1c__B1_P11652,10,3,1,1,0.8821870154328565,95.0625,True,0.420394368755802
1e1c__A1_P11653--1e1c__B1_P11652,11,3,3,1,0.887511542985337,95.0625,True,0.4969995193048274
1e1c__A1_P11653--1e1c__B1_P11652,12,1,1,1,0.8949368997469773,95.0,True,0.5232501609303889
1e1c__A1_P11653--1e1c__B1_P11652,13,3,0,1,0.877376988524769,95.0,True,0.47808466284705226
1e1c__A1_P11653--1e1c__B1_P11652,14,1,2,1,0.8885638722686778,94.9375,True,0.46175432246612974
1e1c__A1_P11653--1e1c__B1_P11652,15,2,2,1,0.8936868563914121,94.9375,True,0.4796604630082269
1e1c__A1_P11653--1e1c__B1_P11652,16,1,3,1,0.897450727532742,94.9375,True,0.5087497735948876
1e1c__A1_P11653--1e1c__B1_P11652,17,2,3,1,0.900440552363834,94.875,True,0.4565471540397622
1e1c__A1_P11653--1e1c__B1_P11652,18,2,1,1,0.9001500004725854,94.875,True,0.4615851332153006
1e1c__A1_P11653--1e1c__B1_P11652,19,2,0,1,0.8938514573255358,94.8125,True,0.4210185263662027
1e1c__A1_P11653--1e1c__B1_P11652,20,1,0,1,0.8908377701316491,94.8125,True,0.48895739102208563
1e5s__A1_O09345--1e5s__B2_O09345,1,5,0,1,0.0682889959251928,65.6875,False,0.6373033260027056
1e5s__A1_O09345--1e5s__B2_O09345,2,1,1,1,0.0672913027009006,59.3125,False,0.6196151782755047
1e5s__A1_O09345--1e5s__B2_O09345,3,2,3,1,0.0687355080355387,58.6875,False,0.6189057843196405
1e5s__A1_O09345--1e5s__B2_O09345,4,1,3,1,0.0673330764207844,53.25,False,0.5565848173931046
1e5s__A1_O09345--1e5s__B2_O09345,5,4,2,1,0.0685786201092851,51.25,False,0.6500255290082768
1e5s__A1_O09345--1e5s__B2_O09345,6,3,0,1,0.0683416894825023,50.625,False,0.5960147056827888
1e5s__A1_O09345--1e5s__B2_O09345,7,5,2,1,0.0682598503077234,50.375,False,0.5703705492737038
1e5s__A1_O09345--1e5s__B2_O09345,8,4,0,1,0.0686836664789703,49.84375,False,0.5248366458753896
1e5s__A1_O09345--1e5s__B2_O09345,9,4,1,1,0.0686450079519121,49.8125,False,0.5122585098075091
1e5s__A1_O09345--1e5s__B2_O09345,10,4,3,1,0.0686090461093014,49.75,False,0.5313266995385715
1e5s__A1_O09345--1e5s__B2_O09345,11,3,1,1,0.0684966867610625,49.4375,False,0.3998694299022614
1e5s__A1_O09345--1e5s__B2_O09345,12,3,2,1,0.0685306322095413,49.34375,False,0.4670024767488304
1e5s__A1_O09345--1e5s__B2_O09345,13,3,3,1,0.06837181600919,48.6875,False,0.4195471441435658
1e5s__A1_O09345--1e5s__B2_O09345,14,2,2,1,0.0685851687678971,48.65625,False,0.459517269372847
1e5s__A1_O09345--1e5s__B2_O09345,15,2,0,1,0.0687962228071719,46.78125,False,0.4445938055567187
1e5s__A1_O09345--1e5s__B2_O09345,16,1,0,1,0.0969251311814948,46.59375,False,0.3850079795532914
1e5s__A1_O09345--1e5s__B2_O09345,17,2,1,1,0.0688125829949602,46.4375,False,0.37771226630265514
1e5s__A1_O09345--1e5s__B2_O09345,18,1,2,1,0.0416225527677125,45.15625,False,0.3920822531344701
1e5s__A1_O09345--1e5s__B2_O09345,19,5,1,1,0.0684087160923108,44.5,False,0.48520289445845804
1e5s__A1_O09345--1e5s__B2_O09345,20,5,3,1,0.0685111674340551,44.46875,False,0.48689254489054623
1evx__A1_Q94702--1evx__B1_Q94702,1,3,3,0,0.010925439496474,83.9375,False,0.6087904255785217
1evx__A1_Q94702--1evx__B1_Q94702,2,1,3,0,0.0106887260735216,82.5,False,0.6169165726062252
1evx__A1_Q94702--1evx__B1_Q94702,3,5,3,0,0.0081590347435443,82.4375,False,0.6338011676901113
1evx__A1_Q94702--1evx__B1_Q94702,4,3,2,0,0.0103580558701426,81.25,False,0.6170835610946559
1evx__A1_Q94702--1evx__B1_Q94702,5,5,0,0,0.0083365714057729,79.9375,False,0.6007385732784325
1evx__A1_Q94702--1evx__B1_Q94702,6,3,0,0,0.0083639274187413,79.3125,False,0.5962494132230832
1evx__A1_Q94702--1evx__B1_Q94702,7,4,2,0,0.0096473411158354,77.25,False,0.5717895553403576
1evx__A1_Q94702--1evx__B1_Q94702,8,5,1,0,0.0082699114596067,76.5625,False,0.5591931394860891
1evx__A1_Q94702--1evx__B1_Q94702,9,4,1,0,0.0084140522103871,73.0625,False,0.5430173944708133
1evx__A1_Q94702--1evx__B1_Q94702,10,5,2,0,0.00959210957137,72.3125,False,0.5222945995581886
1evx__A1_Q94702--1evx__B1_Q94702,11,4,0,0,0.0100342612859327,71.0,False,0.4896783354991134
1evx__A1_Q94702--1evx__B1_Q94702,12,2,1,0,0.0088150788485174,68.0,False,0.5019371978413024
1evx__A1_Q94702--1evx__B1_Q94702,13,2,2,0,0.0102244976931274,66.3125,False,0.4599338988810061
1evx__A1_Q94702--1evx__B1_Q94702,14,1,2,0,0.0100925353353011,62.6875,False,0.447504640818136
1evx__A1_Q94702--1evx__B1_Q94702,15,4,3,0,0.0084975266538872,62.5625,False,0.4460674289956697
1evx__A1_Q94702--1evx__B1_Q94702,16,1,1,0,0.0108132490073413,55.65625,False,0.421299101462891
1evx__A1_Q94702--1evx__B1_Q94702,17,3,1,0,0.0109906266411894,53.34375,False,0.4070597184556735
1evx__A1_Q94702--1evx__B1_Q94702,18,2,3,0,0.0104346300330603,52.5,False,0.38450106876965295
1evx__A1_Q94702--1evx__B1_Q94702,19,1,0,0,0.0105102797263241,22.9375,False,0.37486122650860343
1evx__A1_Q94702--1evx__B1_Q94702,20,2,0,0,0.0101116421488417,19.3125,False,0.35709957035723316
1exs__A1_P04119--1exs__A2_P04119,1,3,3,1,0.3011266108835699,66.5625,True,0.6473432644892175
1exs__A1_P04119--1exs__A2_P04119,2,3,1,1,0.3164791485752165,62.125,True,0.6155101113315977
1exs__A1_P04119--1exs__A2_P04119,3,3,2,1,0.3226009025174198,62.0625,True,0.6451266831340696
1exs__A1_P04119--1exs__A2_P04119,4,3,0,1,0.3217386191244765,61.21875,True,0.5925169559236662
1exs__A1_P04119--1exs__A2_P04119,5,1,2,1,0.3259900901940235,59.125,True,0.580063854201831
1exs__A1_P04119--1exs__A2_P04119,6,2,0,1,0.0123313610663717,58.9375,False,0.5596455876154267
1exs__A1_P04119--1exs__A2_P04119,7,2,1,1,0.0108744873183826,57.78125,False,0.5298262533329706
1exs__A1_P04119--1exs__A2_P04119,8,1,3,1,0.3218903431690887,57.3125,True,0.5558146427759421
1exs__A1_P04119--1exs__A2_P04119,9,1,1,1,0.3245903115449811,55.53125,True,0.5479590266101857
1exs__A1_P04119--1exs__A2_P04119,10,2,3,1,0.0109403022976491,54.65625,False,0.4684052193584566
1exs__A1_P04119--1exs__A2_P04119,11,4,2,1,0.2954843279502046,28.171875,True,0.5368185670111352
1exs__A1_P04119--1exs__A2_P04119,12,4,0,1,0.2366206810736957,26.1875,True,0.5167562657682416
1exs__A1_P04119--1exs__A2_P04119,13,2,2,1,0.0094738951959988,22.375,False,0.4288983863026064
1exs__A1_P04119--1exs__A2_P04119,14,4,3,1,0.3004691787256889,21.53125,True,0.4717720017715109
1exs__A1_P04119--1exs__A2_P04119,15,4,1,1,0.1255535181241075,19.0625,False,0.43039002973620655
1exs__A1_P04119--1exs__A2_P04119,16,5,0,1,0.1926715407736669,18.625,False,0.45095128707110427
1exs__A1_P04119--1exs__A2_P04119,17,5,2,1,0.195259449744219,17.625,False,0.4099781554390782
1exs__A1_P04119--1exs__A2_P04119,18,5,1,1,0.1513873163789423,17.09375,False,0.4058854369113222
1exs__A1_P04119--1exs__A2_P04119,19,5,3,1,0.3083444788113792,17.0625,True,0.3927461706390656
1exs__A1_P04119--1exs__A2_P04119,20,1,0,1,0.0569774810232433,14.9140625,False,0.3507223158912734
1f8u__A1_P22303--1f8u__B1_P0C1Z0,1,3,0,4,0.1074135757276404,52.21875,False,0.668298189550973
1f8u__A1_P22303--1f8u__B1_P0C1Z0,2,3,3,4,0.1019832102705993,51.75,False,0.6141479756291005
1f8u__A1_P22303--1f8u__B1_P0C1Z0,3,3,2,4,0.0945510892678223,51.4375,False,0.6519115474300867
1f8u__A1_P22303--1f8u__B1_P0C1Z0,4,3,1,4,0.1022628272256454,51.1875,False,0.6570696447516966
1f8u__A1_P22303--1f8u__B1_P0C1Z0,5,4,3,4,0.1178671675121576,50.125,False,0.5751107302089732
1f8u__A1_P22303--1f8u__B1_P0C1Z0,6,4,0,4,0.1291056023301792,49.65625,False,0.5729716210173578
1f8u__A1_P22303--1f8u__B1_P0C1Z0,7,5,3,4,0.0838182214140566,48.0,False,0.5969387205168191
1f8u__A1_P22303--1f8u__B1_P0C1Z0,8,4,1,4,0.1576398698849319,45.96875,False,0.5422877083478472
1f8u__A1_P22303--1f8u__B1_P0C1Z0,9,1,2,4,0.0886254374684536,45.15625,False,0.5128483258359267
1f8u__A1_P22303--1f8u__B1_P0C1Z0,10,1,3,4,0.0791396836420555,45.03125,False,0.5273940562357349
1f8u__A1_P22303--1f8u__B1_P0C1Z0,11,4,2,4,0.2087220039777344,44.78125,False,0.4545942272985984
1f8u__A1_P22303--1f8u__B1_P0C1Z0,12,5,2,4,0.4520224867354952,44.375,True,0.5266039855099868
1f8u__A1_P22303--1f8u__B1_P0C1Z0,13,5,1,4,0.3228791062046801,42.4375,True,0.48312826110995555
1f8u__A1_P22303--1f8u__B1_P0C1Z0,14,1,0,4,0.2229304863071196,42.34375,False,0.44334433174944593
1f8u__A1_P22303--1f8u__B1_P0C1Z0,15,5,0,4,0.0967056108471119,41.875,False,0.47304293919664864
1f8u__A1_P22303--1f8u__B1_P0C1Z0,16,2,0,4,0.1523672187681608,41.6875,False,0.41297605020176814
1f8u__A1_P22303--1f8u__B1_P0C1Z0,17,2,1,4,0.1293785873407412,39.6875,False,0.4092276434351472
1f8u__A1_P22303--1f8u__B1_P0C1Z0,18,1,1,4,0.108823376567948,38.78125,False,0.37261856965939827
1f8u__A1_P22303--1f8u__B1_P0C1Z0,19,2,2,4,0.1976686131628396,36.90625,False,0.3370649326705105
1f8u__A1_P22303--1f8u__B1_P0C1Z0,20,2,3,4,0.206666169651859,36.5,False,0.3390122544891977
1fd3__A1_O15263--1fd3__C1_O15263,1,3,0,2,0.0294831960716535,82.8125,False,0.6415858834017127
1fd3__A1_O15263--1fd3__C1_O15263,2,3,2,2,0.0294504541496873,82.125,False,0.6184838953959316
1fd3__A1_O15263--1fd3__C1_O15263,3,3,3,2,0.0295115747184849,82.125,False,0.6240357704707914
1fd3__A1_O15263--1fd3__C1_O15263,4,3,1,2,0.0296008726602693,81.6875,False,0.6005069364098622
1fd3__A1_O15263--1fd3__C1_O15263,5,5,1,2,0.0293442757586005,79.625,False,0.586460526759568
1fd3__A1_O15263--1fd3__C1_O15263,6,5,0,2,0.029400376985071,79.375,False,0.5722720170601946
1fd3__A1_O15263--1fd3__C1_O15263,7,5,3,2,0.0294356294616377,78.5,False,0.5579636243531853
1fd3__A1_O15263--1fd3__C1_O15263,8,5,2,2,0.0293993171541885,77.6875,False,0.5305813332416577
1fd3__A1_O15263--1fd3__C1_O15263,9,4,2,2,0.0299758874925297,77.4375,False,0.5420625461089764
1fd3__A1_O15263--1fd3__C1_O15263,10,4,0,2,0.0299421256329757,76.25,False,0.5110446495871156
1fd3__A1_O15263--1fd3__C1_O15263,11,4,3,2,0.029871192647484,76.1875,False,0.5035098455191233
1fd3__A1_O15263--1fd3__C1_O15263,12,4,1,2,0.0299296640379213,74.6875,False,0.48544776136469087
1fd3__A1_O15263--1fd3__C1_O15263,13,1,2,2,0.0299608746819958,72.375,False,0.47092015541070426
1fd3__A1_O15263--1fd3__C1_O15263,14,1,3,2,0.0299783134269825,70.8125,False,0.4564416483175187
1fd3__A1_O15263--1fd3__C1_O15263,15,1,1,2,0.0298515884004237,66.125,False,0.4420363756468148
1fd3__A1_O15263--1fd3__C1_O15263,16,1,0,2,0.0301552917609164,64.375,False,0.42772798293980535
1fd3__A1_O15263--1fd3__C1_O15263,17,2,3,2,0.0318904942076461,29.703125,False,0.41353947324043216
1fd3__A1_O15263--1fd3__C1_O15263,18,2,0,2,0.0663481439754846,26.8125,False,0.40090765923567817
1fd3__A1_O15263--1fd3__C1_O15263,19,2,2,2,0.0310727661213928,23.90625,False,0.3842148168300408
1fd3__A1_O15263--1fd3__C1_O15263,20,2,1,2,0.0623339303716019,18.046875,False,0.37191069877152755
1foe__A1_Q60610--1foe__B1_P63000,1,5,0,1,0.4997908099178576,87.1875,True,0.5477358148374435
1foe__A1_Q60610--1foe__B1_P63000,2,1,2,1,0.4811629523529454,87.0625,True,0.6387894077440524
1foe__A1_Q60610--1foe__B1_P63000,3,5,2,1,0.5309142508392716,86.6875,True,0.6774196046977319
1foe__A1_Q60610--1foe__B1_P63000,4,5,3,1,0.530877140261634,86.3125,True,0.6182906278855531
1foe__A1_Q60610--1foe__B1_P63000,5,5,1,1,0.5530255225990697,85.875,True,0.6176750918797187
1foe__A1_Q60610--1foe__B1_P63000,6,4,1,1,0.5412342427990614,85.4375,True,0.5912819896405621
1foe__A1_Q60610--1foe__B1_P63000,7,4,3,1,0.5081422548181519,85.375,True,0.5719643275967824
1foe__A1_Q60610--1foe__B1_P63000,8,4,0,1,0.5294475033245979,85.0625,True,0.533739420393922
1foe__A1_Q60610--1foe__B1_P63000,9,1,3,1,0.4954008619725158,84.5625,True,0.46622514904909257
1foe__A1_Q60610--1foe__B1_P63000,10,4,2,1,0.5273955150196542,84.5,True,0.47367663587290726
1foe__A1_Q60610--1foe__B1_P63000,11,2,0,1,0.5574458909509227,84.375,True,0.4278175613454742
1foe__A1_Q60610--1foe__B1_P63000,12,2,3,1,0.5699737901985124,84.0,True,0.4248190247409977
1foe__A1_Q60610--1foe__B1_P63000,13,2,1,1,0.560530049026021,83.875,True,0.43694753693692207
1foe__A1_Q60610--1foe__B1_P63000,14,2,2,1,0.5631431680181843,83.8125,True,0.400383829219897
1foe__A1_Q60610--1foe__B1_P63000,15,1,1,1,0.4790788598113865,83.375,True,0.4874702758804557
1foe__A1_Q60610--1foe__B1_P63000,16,1,0,1,0.4651176942359836,82.375,True,0.5075127598958461
1foe__A1_Q60610--1foe__B1_P63000,17,3,1,1,0.3055667432710305,78.25,True,0.4260364628549174
1foe__A1_Q60610--1foe__B1_P63000,18,3,3,1,0.3002443201266906,76.25,True,0.4358253874098203
1foe__A1_Q60610--1foe__B1_P63000,19,3,0,1,0.3013074571044786,75.1875,True,0.45902810213021106
1foe__A1_Q60610--1foe__B1_P63000,20,3,2,1,0.3297282104581567,72.375,True,0.38608666614236464
1g6u__A1_UNDEFINED--1g6u__B1_UNDEFINED,1,1,1,0,0.7275139921499552,84.0625,True,0.6562668252567563
1g6u__A1_UNDEFINED--1g6u__B1_UNDEFINED,2,1,0,0,0.7175197022200589,83.75,True,0.6347611541113413
1g6u__A1_UNDEFINED--1g6u__B1_UNDEFINED,3,1,3,0,0.7248605329772951,83.6875,True,0.6333686277125636
1g6u__A1_UNDEFINED--1g6u__B1_UNDEFINED,4,5,3,0,0.7171850169222491,82.6875,True,0.6082785838176797
1g6u__A1_UNDEFINED--1g6u__B1_UNDEFINED,5,5,1,0,0.7129438383925771,82.625,True,0.5882713014236985
1g6u__A1_UNDEFINED--1g6u__B1_UNDEFINED,6,1,2,0,0.7288467148281917,82.5625,True,0.5805771418102618
1g6u__A1_UNDEFINED--1g6u__B1_UNDEFINED,7,5,0,0,0.6952270818783074,82.1875,True,0.5684021347094221
1g6u__A1_UNDEFINED--1g6u__B1_UNDEFINED,8,5,2,0,0.7022959475224576,82.0625,True,0.5568381222870981
1g6u__A1_UNDEFINED--1g6u__B1_UNDEFINED,9,3,3,0,0.7022410062592118,81.4375,True,0.5271468003157121
1g6u__A1_UNDEFINED--1g6u__B1_UNDEFINED,10,3,0,0,0.6958057408425774,81.25,True,0.517742298703535
1g6u__A1_UNDEFINED--1g6u__B1_UNDEFINED,11,3,1,0,0.6951342624584141,81.1875,True,0.4966901683661408
1g6u__A1_UNDEFINED--1g6u__B1_UNDEFINED,12,3,2,0,0.703612155903209,81.0,True,0.4811548838148265
1g6u__A1_UNDEFINED--1g6u__B1_UNDEFINED,13,2,3,0,0.7188141203183024,80.75,True,0.4750193023825866
1g6u__A1_UNDEFINED--1g6u__B1_UNDEFINED,14,2,1,0,0.71712341480335,80.625,True,0.45164893516776167
1g6u__A1_UNDEFINED--1g6u__B1_UNDEFINED,15,2,0,0,0.7211233730814665,80.1875,True,0.4356880489227552
1g6u__A1_UNDEFINED--1g6u__B1_UNDEFINED,16,2,2,0,0.7223426618070667,79.25,True,0.419859331649136
1g6u__A1_UNDEFINED--1g6u__B1_UNDEFINED,17,4,1,0,0.720957920814806,68.75,True,0.4011438854294886
1g6u__A1_UNDEFINED--1g6u__B1_UNDEFINED,18,4,3,0,0.7294201436351684,67.9375,True,0.3871300111997072
1g6u__A1_UNDEFINED--1g6u__B1_UNDEFINED,19,4,2,0,0.7030861229867155,67.625,True,0.3780154336123162
1g6u__A1_UNDEFINED--1g6u__B1_UNDEFINED,20,4,0,0,0.207852820544509,32.03125,False,0.35846526227729325
1gmg__A1_P03051--1gmg__A2_P03051,1,4,3,4,0.1445360533665282,87.1875,False,0.668298189550973
1gmg__A1_P03051--1gmg__A2_P03051,2,4,0,4,0.1389728682442884,86.9375,False,0.65259109577284
1gmg__A1_P03051--1gmg__A2_P03051,3,3,3,4,0.0298206851957383,86.4375,False,0.6365447287148313
1gmg__A1_P03051--1gmg__A2_P03051,4,4,1,4,0.1328083610455947,84.8125,False,0.6109523014429089
1gmg__A1_P03051--1gmg__A2_P03051,5,4,2,4,0.1444036097887071,84.5,False,0.6108649852650782
1gmg__A1_P03051--1gmg__A2_P03051,6,1,0,4,0.0298646191079103,84.375,False,0.5887087501899464
1gmg__A1_P03051--1gmg__A2_P03051,7,3,0,4,0.1491171304357195,80.0625,False,0.569595065822068
1gmg__A1_P03051--1gmg__A2_P03051,8,3,1,4,0.1492815601022464,73.125,False,0.5723109136591285
1gmg__A1_P03051--1gmg__A2_P03051,9,3,2,4,0.1491576511461756,66.6875,False,0.5234336097937641
1gmg__A1_P03051--1gmg__A2_P03051,10,2,2,4,0.1385656800597699,66.6875,False,0.552935478462289
1gmg__A1_P03051--1gmg__A2_P03051,11,2,3,4,0.1392118485170044,65.75,False,0.5312460876295092
1gmg__A1_P03051--1gmg__A2_P03051,12,1,2,4,0.1398357232226637,64.4375,False,0.5182737529081605
1gmg__A1_P03051--1gmg__A2_P03051,13,2,1,4,0.1387357952606599,62.34375,False,0.4879654913138696
1gmg__A1_P03051--1gmg__A2_P03051,14,5,2,4,0.1516308650654541,58.3125,False,0.3804348506121256
1gmg__A1_P03051--1gmg__A2_P03051,15,5,1,4,0.1523066746508811,57.46875,False,0.35203556108487516
1gmg__A1_P03051--1gmg__A2_P03051,16,1,1,4,0.1384960324808557,56.65625,False,0.4571554786263283
1gmg__A1_P03051--1gmg__A2_P03051,17,5,3,4,0.1423009189613822,56.25,False,0.2985982989249426
1gmg__A1_P03051--1gmg__A2_P03051,18,2,0,4,0.1505843208515441,51.03125,False,0.3957749411514415
1gmg__A1_P03051--1gmg__A2_P03051,19,1,3,4,0.1505525314154483,50.53125,False,0.4120007631332089
1gmg__A1_P03051--1gmg__A2_P03051,20,5,0,4,0.1042319817347025,41.78125,False,0.3595521215591375
1gri__A1_P62993--1gri__B1_P62993,1,1,0,3,0.0441608601924013,47.28125,False,0.6644119674285023
1gri__A1_P62993--1gri__B1_P62993,2,2,2,3,0.0159329235705509,44.53125,False,0.659499913176594
1gri__A1_P62993--1gri__B1_P62993,3,5,2,3,0.0474020427187148,42.34375,False,0.5775772995730836
1gri__A1_P62993--1gri__B1_P62993,4,2,0,3,0.01569647412912,41.28125,False,0.6431640273454444
1gri__A1_P62993--1gri__B1_P62993,5,2,1,3,0.0304721566358484,40.71875,False,0.5825954753187172
1gri__A1_P62993--1gri__B1_P62993,6,2,3,3,0.0159567923596999,40.625,False,0.6133946092701565
1gri__A1_P62993--1gri__B1_P62993,7,5,1,3,0.0474854197027757,38.4375,False,0.5288667028038991
1gri__A1_P62993--1gri__B1_P62993,8,3,3,3,0.0425018950372423,38.28125,False,0.5552687847860959
1gri__A1_P62993--1gri__B1_P62993,9,5,0,3,0.045026606001258,38.0625,False,0.5142732443410984
1gri__A1_P62993--1gri__B1_P62993,10,3,0,3,0.0474049208527736,37.9375,False,0.57668254765703
1gri__A1_P62993--1gri__B1_P62993,11,3,2,3,0.0492811214420319,34.90625,False,0.5251479525501767
1gri__A1_P62993--1gri__B1_P62993,12,5,3,3,0.0468875703706789,33.5,False,0.46396641008607276
1gri__A1_P62993--1gri__B1_P62993,13,3,1,3,0.0475206703482283,32.28125,False,0.46716045546708274
1gri__A1_P62993--1gri__B1_P62993,14,4,1,3,0.0376721240652154,30.421875,False,0.42452795001407245
1gri__A1_P62993--1gri__B1_P62993,15,4,3,3,0.0173756660481639,28.875,False,0.4371408447502118
1gri__A1_P62993--1gri__B1_P62993,16,4,2,3,0.039819933716711,28.421875,False,0.42280700944110955
1gri__A1_P62993--1gri__B1_P62993,17,4,0,3,0.0560898713175787,27.5625,False,0.36680817153260575
1gri__A1_P62993--1gri__B1_P62993,18,1,3,3,0.0284182871560198,17.921875,False,0.39098036872079983
1gri__A1_P62993--1gri__B1_P62993,19,1,2,3,0.0267030912060237,17.890625,False,0.3857558171814085
1gri__A1_P62993--1gri__B1_P62993,20,1,1,3,0.0198937092302282,17.6875,False,0.3595772865970414
1hh4__A1_P63000--1hh4__C1_P52565,1,4,0,1,0.4206780323224839,70.75,True,0.6373033260027056
1hh4__A1_P63000--1hh4__C1_P52565,2,4,2,1,0.4687712806977163,61.75,True,0.6275869232771039
1hh4__A1_P63000--1hh4__C1_P52565,3,5,0,1,0.4909302850866357,60.03125,True,0.6073950496431415
1hh4__A1_P63000--1hh4__C1_P52565,4,5,2,1,0.5004368687620168,59.6875,True,0.59738359664213
1hh4__A1_P63000--1hh4__C1_P52565,5,1,2,1,0.5102478108327824,52.40625,True,0.5837549907664785
1hh4__A1_P63000--1hh4__C1_P52565,6,3,3,1,0.5024079466929915,52.3125,True,0.5699971250720411
1hh4__A1_P63000--1hh4__C1_P52565,7,4,1,1,0.3757591439361285,38.125,True,0.5729766029376177
1hh4__A1_P63000--1hh4__C1_P52565,8,3,1,1,0.3996606543729706,34.5625,True,0.5649649915750373
1hh4__A1_P63000--1hh4__C1_P52565,9,4,3,1,0.1484183564381498,33.53125,False,0.5365441025010076
1hh4__A1_P63000--1hh4__C1_P52565,10,3,0,1,0.082013881580521,26.5625,False,0.4981918195011615
1hh4__A1_P63000--1hh4__C1_P52565,11,2,1,1,0.0955026538125397,25.4375,False,0.4682910485835177
1hh4__A1_P63000--1hh4__C1_P52565,12,2,2,1,0.0646448970007166,24.203125,False,0.44624370099271987
1hh4__A1_P63000--1hh4__C1_P52565,13,3,2,1,0.0501828720102536,23.453125,False,0.5050075636123612
1hh4__A1_P63000--1hh4__C1_P52565,14,2,3,1,0.0665161680549223,23.421875,False,0.43816798054990735
1hh4__A1_P63000--1hh4__C1_P52565,15,1,1,1,0.0543915036942086,22.765625,False,0.44993465955381595
1hh4__A1_P63000--1hh4__C1_P52565,16,1,0,1,0.0461427587719082,22.640625,False,0.4705079203263314
1hh4__A1_P63000--1hh4__C1_P52565,17,1,3,1,0.0475271316281258,22.25,False,0.4423585445343924
1hh4__A1_P63000--1hh4__C1_P52565,18,2,0,1,0.0353096543979387,21.703125,False,0.38526817545039294
1hh4__A1_P63000--1hh4__C1_P52565,19,5,1,1,0.042353152257641,20.25,False,0.3748960864007169
1hh4__A1_P63000--1hh4__C1_P52565,20,5,3,1,0.0442261900103206,20.203125,False,0.36196683838826493
1hni__A1_P03366--1hni__B1_P03367,1,1,2,1,0.0051534665293039,64.6875,False,0.6237516543284052
1hni__A1_P03366--1hni__B1_P03367,2,1,1,1,0.1460378731164565,59.78125,False,0.6321088047867718
1hni__A1_P03366--1hni__B1_P03367,3,1,3,1,0.1441748925625312,57.09375,False,0.6188360258339862
1hni__A1_P03366--1hni__B1_P03367,4,1,0,1,0.1447493680511108,56.375,False,0.5961036317594858
1hni__A1_P03366--1hni__B1_P03367,5,5,0,1,0.1435033375328394,55.59375,False,0.5420912120587663
1hni__A1_P03366--1hni__B1_P03367,6,4,0,1,0.1401588341693002,54.875,False,0.6097464375920499
1hni__A1_P03366--1hni__B1_P03367,7,5,2,1,0.1416558873132027,54.84375,False,0.5232119213241757
1hni__A1_P03366--1hni__B1_P03367,8,5,1,1,0.1416311124198854,54.03125,False,0.5280349939366789
1hni__A1_P03366--1hni__B1_P03367,9,4,1,1,0.141370931021738,53.78125,False,0.5584117685796617
1hni__A1_P03366--1hni__B1_P03367,10,5,3,1,0.1437031172151096,52.53125,False,0.5068049215636059
1hni__A1_P03366--1hni__B1_P03367,11,4,3,1,0.1391339260396423,51.21875,False,0.5243473477048582
1hni__A1_P03366--1hni__B1_P03367,12,2,3,1,0.1493755642757539,48.6875,False,0.4761794275140842
1hni__A1_P03366--1hni__B1_P03367,13,4,2,1,0.1414070448495105,48.53125,False,0.48563823322511956
1hni__A1_P03366--1hni__B1_P03367,14,2,0,1,0.0056446913079413,47.25,False,0.46094492184962016
1hni__A1_P03366--1hni__B1_P03367,15,2,2,1,0.0057226476463465,43.84375,False,0.44075135357640466
1hni__A1_P03366--1hni__B1_P03367,16,3,2,1,0.1443112330593413,43.125,False,0.4443642274393626
1hni__A1_P03366--1hni__B1_P03367,17,3,0,1,0.1437202527224385,40.3125,False,0.406946618163238
1hni__A1_P03366--1hni__B1_P03367,18,2,1,1,0.0067873397489011,39.0,False,0.4055208018332482
1hni__A1_P03366--1hni__B1_P03367,19,3,1,1,0.006487909899867,35.8125,False,0.3862732646789632
1hni__A1_P03366--1hni__B1_P03367,20,3,3,1,0.0333425823202865,19.09375,False,0.3673747281588834
1i7f__A1_P0A6Y5--1i7f__A2_P0A6Y5,1,1,2,0,0.7098499974227678,87.3125,True,0.6562668252567563
1i7f__A1_P0A6Y5--1i7f__A2_P0A6Y5,2,1,0,0,0.7123666408075356,86.3125,True,0.6415347377227066
1i7f__A1_P0A6Y5--1i7f__A2_P0A6Y5,3,2,0,0,0.7114164701565082,85.375,True,0.6177915210505694
1i7f__A1_P0A6Y5--1i7f__A2_P0A6Y5,4,2,3,0,0.7150070485881223,84.0,True,0.6044534925590938
1i7f__A1_P0A6Y5--1i7f__A2_P0A6Y5,5,1,1,0,0.711600262685646,84.0,True,0.5978591690998053
1i7f__A1_P0A6Y5--1i7f__A2_P0A6Y5,6,2,2,0,0.7172489377475856,83.8125,True,0.5907891051099313
1i7f__A1_P0A6Y5--1i7f__A2_P0A6Y5,7,1,3,0,0.7124841061175657,83.4375,True,0.562858801880266
1i7f__A1_P0A6Y5--1i7f__A2_P0A6Y5,8,2,1,0,0.7181330333366375,83.0625,True,0.5531288568106535
1i7f__A1_P0A6Y5--1i7f__A2_P0A6Y5,9,4,2,0,0.0818455750959217,79.375,False,0.5302133217265819
1i7f__A1_P0A6Y5--1i7f__A2_P0A6Y5,10,3,0,0,0.0925240707022581,79.375,False,0.5142031551136873
1i7f__A1_P0A6Y5--1i7f__A2_P0A6Y5,11,3,3,0,0.0917239816980418,79.3125,False,0.4977231699944926
1i7f__A1_P0A6Y5--1i7f__A2_P0A6Y5,12,3,1,0,0.0904520630814808,78.8125,False,0.4901560522839806
1i7f__A1_P0A6Y5--1i7f__A2_P0A6Y5,13,4,1,0,0.0801823429916664,78.3125,False,0.4623940238304971
1i7f__A1_P0A6Y5--1i7f__A2_P0A6Y5,14,3,2,0,0.0864016746786215,77.875,False,0.45694629226091943
1i7f__A1_P0A6Y5--1i7f__A2_P0A6Y5,15,4,0,0,0.0811946989780926,76.5,False,0.4371411981197339
1i7f__A1_P0A6Y5--1i7f__A2_P0A6Y5,16,4,3,0,0.0784093726459948,74.375,False,0.41842092459953495
1i7f__A1_P0A6Y5--1i7f__A2_P0A6Y5,17,5,2,0,0.0962709874060784,67.5,False,0.4084865013203123
1i7f__A1_P0A6Y5--1i7f__A2_P0A6Y5,18,5,3,0,0.0977597866699832,66.75,False,0.38289967069074077
1i7f__A1_P0A6Y5--1i7f__A2_P0A6Y5,19,5,1,0,0.0955127249355496,65.1875,False,0.371902796770947
1i7f__A1_P0A6Y5--1i7f__A2_P0A6Y5,20,5,0,0,0.0954813145229265,64.75,False,0.3615694913962142
1ira__B1_P14778--1ira__A1_P18510,1,5,2,0,0.704973812566681,88.9375,True,0.6666514475272085
1ira__B1_P14778--1ira__A1_P18510,2,5,1,0,0.7189753284467475,88.6875,True,0.6202235938516892
1ira__B1_P14778--1ira__A1_P18510,3,5,3,0,0.7082040887839925,88.5,True,0.5035822798676108
1ira__B1_P14778--1ira__A1_P18510,4,4,2,0,0.6384244531291515,88.4375,True,0.5131666315397618
1ira__B1_P14778--1ira__A1_P18510,5,4,3,0,0.6452046945285992,88.4375,True,0.4887114165384828
1ira__B1_P14778--1ira__A1_P18510,6,5,0,0,0.6823989386593307,88.4375,True,0.5259213076544759
1ira__B1_P14778--1ira__A1_P18510,7,1,0,0,0.6589922774733936,88.375,True,0.6161406444631746
1ira__B1_P14778--1ira__A1_P18510,8,4,0,0,0.6770480442289778,88.375,True,0.5046156594294391
1ira__B1_P14778--1ira__A1_P18510,9,1,2,0,0.6412037021609186,88.25,True,0.583164578623276
1ira__B1_P14778--1ira__A1_P18510,10,1,3,0,0.6431817283508178,88.1875,True,0.5626029110143009
1ira__B1_P14778--1ira__A1_P18510,11,3,1,0,0.7067706185240769,88.1875,True,0.4673710655324797
1ira__B1_P14778--1ira__A1_P18510,12,1,1,0,0.6583691694720822,88.125,True,0.5721387027039647
1ira__B1_P14778--1ira__A1_P18510,13,3,2,0,0.6929910607159709,88.0625,True,0.4537974317520277
1ira__B1_P14778--1ira__A1_P18510,14,3,0,0,0.6833973457274758,88.0625,True,0.4296214760543422
1ira__B1_P14778--1ira__A1_P18510,15,3,3,0,0.6924621277915679,88.0,True,0.4170494320868519
1ira__B1_P14778--1ira__A1_P18510,16,2,1,0,0.664019184834062,87.9375,True,0.5347161248800083
1ira__B1_P14778--1ira__A1_P18510,17,4,1,0,0.6715472868453435,87.8125,True,0.511727260266571
1ira__B1_P14778--1ira__A1_P18510,18,2,2,0,0.6766590018252718,87.8125,True,0.4762235190172946
1ira__B1_P14778--1ira__A1_P18510,19,2,0,0,0.6932185252401712,87.5625,True,0.3762829176451015
1ira__B1_P14778--1ira__A1_P18510,20,2,3,0,0.6689154591715004,87.25,True,0.3355045149494193
1k04__A1_Q05397--1k04__A2_Q05397,1,4,1,3,0.6350024461672643,80.375,True,0.6657439127387007
1k04__A1_Q05397--1k04__A2_Q05397,2,4,2,3,0.6386782903380029,80.3125,True,0.6526052731090678
1k04__A1_Q05397--1k04__A2_Q05397,3,4,0,3,0.6325533348817087,80.0625,True,0.6519707217686681
1k04__A1_Q05397--1k04__A2_Q05397,4,4,3,3,0.6363154530242646,79.9375,True,0.630144484552725
1k04__A1_Q05397--1k04__A2_Q05397,5,3,1,3,0.6541534062883384,75.4375,True,0.6028380351789789
1k04__A1_Q05397--1k04__A2_Q05397,6,3,0,3,0.6700078088316864,75.0,True,0.584339682312852
1k04__A1_Q05397--1k04__A2_Q05397,7,5,1,3,0.641325909511052,74.8125,True,0.5141402801656492
1k04__A1_Q05397--1k04__A2_Q05397,8,3,3,3,0.6762135987784691,74.75,True,0.567724941531455
1k04__A1_Q05397--1k04__A2_Q05397,9,5,0,3,0.6446477769386898,74.6875,True,0.5187635794785159
1k04__A1_Q05397--1k04__A2_Q05397,10,5,2,3,0.6732089582789431,74.625,True,0.4815903334693804
1k04__A1_Q05397--1k04__A2_Q05397,11,5,3,3,0.6714683914664179,74.4375,True,0.46532691048710073
1k04__A1_Q05397--1k04__A2_Q05397,12,3,2,3,0.6753138497147734,74.375,True,0.5468503970172245
1k04__A1_Q05397--1k04__A2_Q05397,13,1,0,3,0.6296230780407228,66.5625,True,0.4665538806240635
1k04__A1_Q05397--1k04__A2_Q05397,14,1,1,3,0.6432096378659108,65.375,True,0.4298492230796565
1k04__A1_Q05397--1k04__A2_Q05397,15,1,3,3,0.6352943480385594,65.125,True,0.4434370666872072
1k04__A1_Q05397--1k04__A2_Q05397,16,1,2,3,0.6485169278531128,64.75,True,0.426971878434992
1k04__A1_Q05397--1k04__A2_Q05397,17,2,3,3,0.0209598147751948,26.5625,False,0.40214944167196653
1k04__A1_Q05397--1k04__A2_Q05397,18,2,1,3,0.0387004186402989,25.359375,False,0.38966500815417116
1k04__A1_Q05397--1k04__A2_Q05397,19,2,0,3,0.0229809491690238,19.671875,False,0.3584708647549975
1k04__A1_Q05397--1k04__A2_Q05397,20,2,2,3,0.022305941527766,18.875,False,0.35835213417079614
1k51__A1_Q51912--1k51__A2_Q51912,1,1,1,2,0.0265439975694308,59.4375,False,0.6357100954157191
1k51__A1_Q51912--1k51__A2_Q51912,2,2,0,2,0.3963135218950382,58.8125,True,0.6186829633700928
1k51__A1_Q51912--1k51__A2_Q51912,3,5,3,2,0.0259004414162414,28.796875,False,0.6650782198139956
1k51__A1_Q51912--1k51__A2_Q51912,4,5,0,2,0.0266503355925997,24.765625,False,0.6469662423738183
1k51__A1_Q51912--1k51__A2_Q51912,5,3,1,2,0.0312358658407695,18.578125,False,0.5564379487490674
1k51__A1_Q51912--1k51__A2_Q51912,6,3,0,2,0.0282112309368754,18.09375,False,0.5908403189473738
1k51__A1_Q51912--1k51__A2_Q51912,7,2,1,2,0.047704888027941,16.71875,False,0.47899212305870237
1k51__A1_Q51912--1k51__A2_Q51912,8,4,0,2,0.0299358109051698,16.15625,False,0.5128507784362872
1k51__A1_Q51912--1k51__A2_Q51912,9,3,2,2,0.0294380913186867,16.078125,False,0.5243451760764652
1k51__A1_Q51912--1k51__A2_Q51912,10,3,3,2,0.0299777488013224,15.015625,False,0.5312439482192011
1k51__A1_Q51912--1k51__A2_Q51912,11,2,3,2,0.0515086865962678,14.8359375,False,0.5166903474495556
1k51__A1_Q51912--1k51__A2_Q51912,12,1,3,2,0.0336238855451113,14.7109375,False,0.4431502070654157
1k51__A1_Q51912--1k51__A2_Q51912,13,1,2,2,0.0484640785472973,14.6015625,False,0.4144219809176347
1k51__A1_Q51912--1k51__A2_Q51912,14,4,1,2,0.0196778946719074,14.2734375,False,0.48799697120642815
1k51__A1_Q51912--1k51__A2_Q51912,15,5,1,2,0.0263550775426185,14.2421875,False,0.4768551274747618
1k51__A1_Q51912--1k51__A2_Q51912,16,2,2,2,0.0247414607360825,14.109375,False,0.47199671529170534
1k51__A1_Q51912--1k51__A2_Q51912,17,4,3,2,0.0533265250058666,14.1015625,False,0.42775997116577796
1k51__A1_Q51912--1k51__A2_Q51912,18,5,2,2,0.0322700846267593,13.71875,False,0.3625658896679924
1k51__A1_Q51912--1k51__A2_Q51912,19,1,0,2,0.0722360663701048,13.6484375,False,0.39421560483658225
1k51__A1_Q51912--1k51__A2_Q51912,20,4,2,2,0.039425483820999,13.0859375,False,0.3800474281934298
1k72__B1_P37700--1k72__A1_P37700,1,4,1,1,0.0020686534517434,38.4375,False,0.6884429458028086
1k72__B1_P37700--1k72__A1_P37700,2,4,0,1,0.0030849556501151,37.34375,False,0.6666914641972344
1k72__B1_P37700--1k72__A1_P37700,3,4,2,1,0.0021251589785405,34.3125,False,0.6572284939794787
1k72__B1_P37700--1k72__A1_P37700,4,1,0,1,0.0051904021024488,28.984375,False,0.5728591412077884
1k72__B1_P37700--1k72__A1_P37700,5,5,1,1,0.005727220686822,28.796875,False,0.5835065845161425
1k72__B1_P37700--1k72__A1_P37700,6,3,3,1,0.0055392064849871,28.3125,False,0.5963775826997553
1k72__B1_P37700--1k72__A1_P37700,7,2,3,1,0.0072706218984758,27.828125,False,0.5815167809138684
1k72__B1_P37700--1k72__A1_P37700,8,1,1,1,0.0049988443859264,27.6875,False,0.502243716461629
1k72__B1_P37700--1k72__A1_P37700,9,2,2,1,0.0068953963920267,27.59375,False,0.5444714851528251
1k72__B1_P37700--1k72__A1_P37700,10,5,3,1,0.005377720078506,27.28125,False,0.5361442580381957
1k72__B1_P37700--1k72__A1_P37700,11,3,0,1,0.0052760985307386,26.71875,False,0.4850515251893611
1k72__B1_P37700--1k72__A1_P37700,12,1,3,1,0.004891905766621,26.109375,False,0.5150573149321789
1k72__B1_P37700--1k72__A1_P37700,13,5,2,1,0.0054252010395689,25.625,False,0.46634001498256566
1k72__B1_P37700--1k72__A1_P37700,14,3,2,1,0.0049632209718563,25.5,False,0.4393045199169192
1k72__B1_P37700--1k72__A1_P37700,15,1,2,1,0.0024643884257214,25.359375,False,0.39614603320774333
1k72__B1_P37700--1k72__A1_P37700,16,4,3,1,0.005155209947242,24.265625,False,0.3911737782303707
1k72__B1_P37700--1k72__A1_P37700,17,2,1,1,0.0047965469070449,24.140625,False,0.4104525489656685
1k72__B1_P37700--1k72__A1_P37700,18,3,1,1,0.0039075573909475,23.90625,False,0.3530354885678377
1k72__B1_P37700--1k72__A1_P37700,19,2,0,1,0.0049383016293457,23.875,False,0.3835421103433896
1k72__B1_P37700--1k72__A1_P37700,20,5,0,1,0.002741717543154,23.796875,False,0.36100941022639454
1krl__B1_P02882--1krl__A1_P02881,1,2,3,0,0.8504889730461812,87.5625,True,0.6562668252567563
1krl__B1_P02882--1krl__A1_P02881,2,4,3,0,0.8636432119130973,86.5625,True,0.6415347377227066
1krl__B1_P02882--1krl__A1_P02881,3,4,2,0,0.863918383517173,86.25,True,0.6201921394322025
1krl__B1_P02882--1krl__A1_P02881,4,4,0,0,0.865078284838726,86.1875,True,0.6176743839292904
1krl__B1_P02882--1krl__A1_P02881,5,1,3,0,0.7934856792774543,83.0625,True,0.5405286001422822
1krl__B1_P02882--1krl__A1_P02881,6,1,0,0,0.7958530969658347,82.9375,True,0.5095143018600904
1krl__B1_P02882--1krl__A1_P02881,7,3,3,0,0.790721214869141,82.9375,True,0.5651431505265736
1krl__B1_P02882--1krl__A1_P02881,8,1,1,0,0.7886105719835391,82.9375,True,0.526793600603331
1krl__B1_P02882--1krl__A1_P02881,9,3,0,0,0.7870582448465205,82.6875,True,0.5448828422623759
1krl__B1_P02882--1krl__A1_P02881,10,3,1,0,0.7890683818164241,82.6875,True,0.5498578830842734
1krl__B1_P02882--1krl__A1_P02881,11,1,2,0,0.7904219154326396,82.625,True,0.5035623265233474
1krl__B1_P02882--1krl__A1_P02881,12,2,1,0,0.7930211558683252,82.625,True,0.45969837488137344
1krl__B1_P02882--1krl__A1_P02881,13,3,2,0,0.7873145910822897,82.0625,True,0.5160083110061012
1krl__B1_P02882--1krl__A1_P02881,14,2,0,0,0.7960961136405974,81.75,True,0.41401386427690595
1krl__B1_P02882--1krl__A1_P02881,15,4,1,0,0.7942751589039262,81.4375,True,0.4698359084081418
1krl__B1_P02882--1krl__A1_P02881,16,5,3,0,0.7970397425975051,81.0625,True,0.4499529107897188
1krl__B1_P02882--1krl__A1_P02881,17,2,2,0,0.7471554929487945,80.6875,True,0.3749796958036343
1krl__B1_P02882--1krl__A1_P02881,18,5,1,0,0.7963112268313397,80.5,True,0.42960255867426034
1krl__B1_P02882--1krl__A1_P02881,19,5,0,0,0.7992708489713675,80.25,True,0.38140431982240613
1krl__B1_P02882--1krl__A1_P02881,20,5,2,0,0.7948627183589201,80.0,True,0.38419535069366384
1kzh__A1_P70826--1kzh__B1_P70826,1,2,1,1,0.8965118032639796,93.9375,True,0.6951960665743702
1kzh__A1_P70826--1kzh__B1_P70826,2,2,2,1,0.8938853490174467,93.1875,True,0.653227044057457
1kzh__A1_P70826--1kzh__B1_P70826,3,2,0,1,0.8976558380102523,93.125,True,0.6384459058102564
1kzh__A1_P70826--1kzh__B1_P70826,4,2,3,1,0.8924112907431505,93.0,True,0.5989972078345692
1kzh__A1_P70826--1kzh__B1_P70826,5,3,0,1,0.9056692076714072,93.0,True,0.607084666457214
1kzh__A1_P70826--1kzh__B1_P70826,6,3,2,1,0.9043142611908124,92.625,True,0.5589972477078173
1kzh__A1_P70826--1kzh__B1_P70826,7,3,3,1,0.9052301664486544,92.5625,True,0.5744554424222786
1kzh__A1_P70826--1kzh__B1_P70826,8,3,1,1,0.903589485901144,92.5625,True,0.5399706125483678
1kzh__A1_P70826--1kzh__B1_P70826,9,5,0,1,0.9036563463770046,92.375,True,0.4979616153629174
1kzh__A1_P70826--1kzh__B1_P70826,10,5,1,1,0.8994804886407266,92.1875,True,0.46882610349828785
1kzh__A1_P70826--1kzh__B1_P70826,11,1,1,1,0.8874494623633294,92.1875,True,0.5079730502950011
1kzh__A1_P70826--1kzh__B1_P70826,12,5,2,1,0.8985518677310999,92.1875,True,0.4313424797713788
1kzh__A1_P70826--1kzh__B1_P70826,13,1,3,1,0.8870550495665531,92.125,True,0.44705275318024007
1kzh__A1_P70826--1kzh__B1_P70826,14,4,0,1,0.9053463719298792,92.0625,True,0.4756137271518408
1kzh__A1_P70826--1kzh__B1_P70826,15,1,0,1,0.8907553364783268,92.0625,True,0.47223362530256746
1kzh__A1_P70826--1kzh__B1_P70826,16,1,2,1,0.8889787968939289,92.0,True,0.4263727034197658
1kzh__A1_P70826--1kzh__B1_P70826,17,4,2,1,0.8999752407724433,91.9375,True,0.4345535038369316
1kzh__A1_P70826--1kzh__B1_P70826,18,5,3,1,0.9062612894653568,91.9375,True,0.40302547162378943
1kzh__A1_P70826--1kzh__B1_P70826,19,4,1,1,0.9008424930775206,91.8125,True,0.3519943111287781
1kzh__A1_P70826--1kzh__B1_P70826,20,4,3,1,0.9055976265626072,91.5,True,0.34650060060739907
1luj__A1_P35222--1luj__B1_Q9JJN6,1,5,1,1,0.7630902109145564,91.125,True,0.6288292403774922
1luj__A1_P35222--1luj__B1_Q9JJN6,2,2,2,1,0.752819974023402,91.0,True,0.5626160772416079
1luj__A1_P35222--1luj__B1_Q9JJN6,3,4,2,1,0.7637724392529187,91.0,True,0.6016511699024291
1luj__A1_P35222--1luj__B1_Q9JJN6,4,5,2,1,0.7719074227101496,90.8125,True,0.5856638224965466
1luj__A1_P35222--1luj__B1_Q9JJN6,5,5,3,1,0.7809407811108139,90.8125,True,0.5748495341062357
1luj__A1_P35222--1luj__B1_Q9JJN6,6,5,0,1,0.7653445986642651,90.1875,True,0.5908374555272523
1luj__A1_P35222--1luj__B1_Q9JJN6,7,2,3,1,0.7868369398725754,90.125,True,0.5235683194729742
1luj__A1_P35222--1luj__B1_Q9JJN6,8,1,3,1,0.7921302667456036,90.0625,True,0.5274551029541017
1luj__A1_P35222--1luj__B1_Q9JJN6,9,1,1,1,0.7902660274530712,90.0625,True,0.5393929243739973
1luj__A1_P35222--1luj__B1_Q9JJN6,10,4,1,1,0.7712777163050784,90.0,True,0.5369418612249269
1luj__A1_P35222--1luj__B1_Q9JJN6,11,4,0,1,0.7774926252527804,90.0,True,0.5277415475073959
1luj__A1_P35222--1luj__B1_Q9JJN6,12,1,0,1,0.7786035006063585,89.9375,True,0.5266042199773213
1luj__A1_P35222--1luj__B1_Q9JJN6,13,1,2,1,0.8049765380065687,89.875,True,0.5131581601275766
1luj__A1_P35222--1luj__B1_Q9JJN6,14,3,2,1,0.6875916066355172,88.75,True,0.46504062667912727
1luj__A1_P35222--1luj__B1_Q9JJN6,15,3,1,1,0.6904032075096186,88.5,True,0.4465128863777344
1luj__A1_P35222--1luj__B1_Q9JJN6,16,3,3,1,0.6847811644572274,87.875,True,0.41432448460430304
1luj__A1_P35222--1luj__B1_Q9JJN6,17,3,0,1,0.6631171796461776,87.8125,True,0.42240292707354715
1luj__A1_P35222--1luj__B1_Q9JJN6,18,4,3,1,0.6584914151583121,87.6875,True,0.38455807956598925
1luj__A1_P35222--1luj__B1_Q9JJN6,19,2,0,1,0.6867248813156649,86.875,True,0.3936863162208432
1luj__A1_P35222--1luj__B1_Q9JJN6,20,2,1,1,0.7212364933208342,85.125,True,0.375824110397241
1lyw__B1_P07339--1lyw__A1_P07339,1,2,3,1,0.4619035519666518,94.5,True,0.6257163562494588
1lyw__B1_P07339--1lyw__A1_P07339,2,2,0,1,0.4598541286128738,94.4375,True,0.6040159171031738
1lyw__B1_P07339--1lyw__A1_P07339,3,2,2,1,0.4649587045699737,94.3125,True,0.5921764143883358
1lyw__B1_P07339--1lyw__A1_P07339,4,5,3,1,0.4635153900516736,94.25,True,0.6477881263966926
1lyw__B1_P07339--1lyw__A1_P07339,5,2,1,1,0.4638775742605989,94.25,True,0.5476954928115157
1lyw__B1_P07339--1lyw__A1_P07339,6,1,1,1,0.463719940109303,94.1875,True,0.5754642473213303
1lyw__B1_P07339--1lyw__A1_P07339,7,1,3,1,0.4662106692999019,94.125,True,0.526521953310639
1lyw__B1_P07339--1lyw__A1_P07339,8,4,0,1,0.4674915735221954,94.125,True,0.49512424992647125
1lyw__B1_P07339--1lyw__A1_P07339,9,4,2,1,0.4685362010679242,94.125,True,0.500083143324624
1lyw__B1_P07339--1lyw__A1_P07339,10,1,2,1,0.4673231965536471,94.125,True,0.4943991003989627
1lyw__B1_P07339--1lyw__A1_P07339,11,4,3,1,0.4673846398966271,94.125,True,0.5105935223879308
1lyw__B1_P07339--1lyw__A1_P07339,12,1,0,1,0.464470504041303,94.0625,True,0.5017063819839234
1lyw__B1_P07339--1lyw__A1_P07339,13,4,1,1,0.4641794152357896,94.0625,True,0.4485171033539014
1lyw__B1_P07339--1lyw__A1_P07339,14,5,2,1,0.4671035633169335,94.0625,True,0.5609997863363196
1lyw__B1_P07339--1lyw__A1_P07339,15,5,0,1,0.4682850948452302,93.875,True,0.4535134057070202
1lyw__B1_P07339--1lyw__A1_P07339,16,5,1,1,0.4651811772086704,93.875,True,0.47113871738434726
1lyw__B1_P07339--1lyw__A1_P07339,17,3,0,1,0.4678211876735611,93.4375,True,0.40920691212569166
1lyw__B1_P07339--1lyw__A1_P07339,18,3,3,1,0.4689621319187537,93.375,True,0.398122700269961
1lyw__B1_P07339--1lyw__A1_P07339,19,3,2,1,0.4666017363086741,93.25,True,0.39825458220242343
1lyw__B1_P07339--1lyw__A1_P07339,20,3,1,1,0.4635571317503175,93.0625,True,0.375824110397241
1mr1__A1_Q13485--1mr1__D1_P12755,1,4,1,0,0.9119560463003415,91.3125,True,0.6359159104527146
1mr1__A1_Q13485--1mr1__D1_P12755,2,4,2,0,0.9132881906002944,91.1875,True,0.607702701307461
1mr1__A1_Q13485--1mr1__D1_P12755,3,2,2,0,0.8671454095808775,91.0625,True,0.5649300306478048
1mr1__A1_Q13485--1mr1__D1_P12755,4,4,3,0,0.9014855630419676,91.0625,True,0.6095348341843667
1mr1__A1_Q13485--1mr1__D1_P12755,5,4,0,0,0.912368167546974,91.0,True,0.553270701639407
1mr1__A1_Q13485--1mr1__D1_P12755,6,3,3,0,0.9140824815668416,90.9375,True,0.6091334824642888
1mr1__A1_Q13485--1mr1__D1_P12755,7,3,1,0,0.9009035299445776,90.9375,True,0.5941466699095175
1mr1__A1_Q13485--1mr1__D1_P12755,8,3,2,0,0.9125083213641846,90.875,True,0.5824336765332995
1mr1__A1_Q13485--1mr1__D1_P12755,9,3,0,0,0.911174415549128,90.75,True,0.5522232798694405
1mr1__A1_Q13485--1mr1__D1_P12755,10,5,1,0,0.8983286187793417,90.625,True,0.4969324260953946
1mr1__A1_Q13485--1mr1__D1_P12755,11,1,2,0,0.8967958625032372,90.625,True,0.4653711056842549
1mr1__A1_Q13485--1mr1__D1_P12755,12,5,0,0,0.9077693322389612,90.4375,True,0.4620906627173573
1mr1__A1_Q13485--1mr1__D1_P12755,13,1,3,0,0.8978411770382748,90.4375,True,0.460572199524948
1mr1__A1_Q13485--1mr1__D1_P12755,14,5,3,0,0.9048599175723132,90.375,True,0.45557873962012646
1mr1__A1_Q13485--1mr1__D1_P12755,15,5,2,0,0.9083500515150016,90.375,True,0.4461664468891514
1mr1__A1_Q13485--1mr1__D1_P12755,16,2,0,0,0.8848009846960977,90.3125,True,0.44929443973460653
1mr1__A1_Q13485--1mr1__D1_P12755,17,1,0,0,0.89577429017555,90.3125,True,0.4032176641807987
1mr1__A1_Q13485--1mr1__D1_P12755,18,2,3,0,0.8850555261302055,90.125,True,0.44747090164352066
1mr1__A1_Q13485--1mr1__D1_P12755,19,2,1,0,0.8916399802604481,90.0,True,0.39865104413937485
1mr1__A1_Q13485--1mr1__D1_P12755,20,1,1,0,0.8940485529184187,89.75,True,0.3627511226045545
1na6__B1_P14633--1na6__A1_P14633,1,1,3,3,0.650444251171018,71.375,True,0.6867147729185852
1na6__B1_P14633--1na6__A1_P14633,2,1,2,3,0.3661058065133973,67.25,True,0.6509147452540438
1na6__B1_P14633--1na6__A1_P14633,3,2,2,3,0.6363817117282023,66.0625,True,0.6062029865221081
1na6__B1_P14633--1na6__A1_P14633,4,1,1,3,0.3982613236597032,65.3125,True,0.615644370016459
1na6__B1_P14633--1na6__A1_P14633,5,2,3,3,0.6673809509152436,65.0,True,0.607025344741809
1na6__B1_P14633--1na6__A1_P14633,6,2,1,3,0.7141484636562677,63.96875,True,0.6336102490764248
1na6__B1_P14633--1na6__A1_P14633,7,1,0,3,0.3006003372573997,63.1875,True,0.5751117042361595
1na6__B1_P14633--1na6__A1_P14633,8,2,0,3,0.3296441387690427,58.9375,True,0.5568446030071202
1na6__B1_P14633--1na6__A1_P14633,9,3,1,3,0.1978878112686468,57.28125,False,0.4901118979036175
1na6__B1_P14633--1na6__A1_P14633,10,4,0,3,0.2001937234035078,54.375,False,0.5190307254473351
1na6__B1_P14633--1na6__A1_P14633,11,4,3,3,0.2506483545624368,54.125,True,0.4721084776330394
1na6__B1_P14633--1na6__A1_P14633,12,4,2,3,0.2183152479486727,54.0,False,0.5063218995256025
1na6__B1_P14633--1na6__A1_P14633,13,5,2,3,0.244651584711997,53.65625,True,0.42837235139118957
1na6__B1_P14633--1na6__A1_P14633,14,4,1,3,0.207024141974624,52.90625,False,0.46625353779766976
1na6__B1_P14633--1na6__A1_P14633,15,3,2,3,0.1893671186719819,52.46875,False,0.4391726746389164
1na6__B1_P14633--1na6__A1_P14633,16,5,1,3,0.216158163377584,50.375,False,0.39015911826134836
1na6__B1_P14633--1na6__A1_P14633,17,3,3,3,0.2117157825575912,49.59375,False,0.41165260311557916
1na6__B1_P14633--1na6__A1_P14633,18,3,0,3,0.2138040605017643,49.375,False,0.39044859030412216
1na6__B1_P14633--1na6__A1_P14633,19,5,3,3,0.1969127683101234,48.1875,False,0.36364705456866125
1na6__B1_P14633--1na6__A1_P14633,20,5,0,3,0.2258581907899675,46.53125,False,0.3481195556806245
1nfp__A1_P09142--1nfp__A2_P09142,1,2,1,3,0.478855888012756,69.125,True,0.6614858700232774
1nfp__A1_P09142--1nfp__A2_P09142,2,5,3,3,0.4044452082492324,57.0,True,0.6463264740952176
1nfp__A1_P09142--1nfp__A2_P09142,3,2,3,3,0.4181445615473148,55.0625,True,0.6308670418386041
1nfp__A1_P09142--1nfp__A2_P09142,4,5,0,3,0.4054437255100798,46.71875,True,0.610563074749835
1nfp__A1_P09142--1nfp__A2_P09142,5,2,0,3,0.4242246752684833,41.125,True,0.6063197351024221
1nfp__A1_P09142--1nfp__A2_P09142,6,5,2,3,0.2969038071727022,37.96875,True,0.5877977032501221
1nfp__A1_P09142--1nfp__A2_P09142,7,5,1,3,0.3428787322252593,35.875,True,0.5875245975579018
1nfp__A1_P09142--1nfp__A2_P09142,8,1,1,3,0.2635594005394849,27.421875,True,0.508475157305259
1nfp__A1_P09142--1nfp__A2_P09142,9,4,3,3,0.0630654352842259,27.140625,False,0.5225231676836144
1nfp__A1_P09142--1nfp__A2_P09142,10,4,0,3,0.2584773602034902,26.8125,True,0.5178433563096179
1nfp__A1_P09142--1nfp__A2_P09142,11,4,2,3,0.2084850528050823,26.765625,False,0.5090949942372947
1nfp__A1_P09142--1nfp__A2_P09142,12,2,2,3,0.1193541433524926,26.484375,False,0.5100095829886805
1nfp__A1_P09142--1nfp__A2_P09142,13,1,3,3,0.3001657596367539,25.65625,True,0.4370589532969096
1nfp__A1_P09142--1nfp__A2_P09142,14,1,0,3,0.1107234667534656,25.484375,False,0.48018161441981105
1nfp__A1_P09142--1nfp__A2_P09142,15,3,3,3,0.2710804127478678,25.46875,True,0.4262019185533443
1nfp__A1_P09142--1nfp__A2_P09142,16,3,1,3,0.2042796751390132,24.921875,False,0.43546287925399413
1nfp__A1_P09142--1nfp__A2_P09142,17,1,2,3,0.3288780759211416,24.828125,True,0.4109992597653518
1nfp__A1_P09142--1nfp__A2_P09142,18,4,1,3,0.0658113619250899,24.5625,False,0.39223343106322595
1nfp__A1_P09142--1nfp__A2_P09142,19,3,2,3,0.1077733357188706,22.328125,False,0.34258246084645166
1nfp__A1_P09142--1nfp__A2_P09142,20,3,0,3,0.0692399954657772,21.5625,False,0.340300268871375
1ny5__B1_O67198--1ny5__A1_O67198,1,4,2,2,0.0954033617891848,41.96875,False,0.5878660344787888
1ny5__B1_O67198--1ny5__A1_O67198,2,5,1,2,0.0978932716292427,41.0,False,0.608820179366104
1ny5__B1_O67198--1ny5__A1_O67198,3,4,3,2,0.0944868813344051,40.46875,False,0.5835502716562531
1ny5__B1_O67198--1ny5__A1_O67198,4,5,3,2,0.099090220623427,39.875,False,0.5805698585956129
1ny5__B1_O67198--1ny5__A1_O67198,5,4,0,2,0.0955338352187244,39.59375,False,0.538314666452782
1ny5__B1_O67198--1ny5__A1_O67198,6,1,1,2,0.1029831842535807,39.5,False,0.5380442262774064
1ny5__B1_O67198--1ny5__A1_O67198,7,5,0,2,0.0965630533909727,39.4375,False,0.5861848642234707
1ny5__B1_O67198--1ny5__A1_O67198,8,1,2,2,0.0989301184100306,39.25,False,0.5757341254663652
1ny5__B1_O67198--1ny5__A1_O67198,9,4,1,2,0.0943420855318951,38.9375,False,0.5054710985073897
1ny5__B1_O67198--1ny5__A1_O67198,10,1,3,2,0.0910758449104872,38.84375,False,0.5187911451175312
1ny5__B1_O67198--1ny5__A1_O67198,11,1,0,2,0.0919506403296117,38.84375,False,0.5489457540236315
1ny5__B1_O67198--1ny5__A1_O67198,12,5,2,2,0.095921877955873,38.40625,False,0.5141833368484052
1ny5__B1_O67198--1ny5__A1_O67198,13,3,2,2,0.0911227358619929,38.28125,False,0.49941728572029886
1ny5__B1_O67198--1ny5__A1_O67198,14,3,0,2,0.0904547746668085,37.75,False,0.4873964132769989
1ny5__B1_O67198--1ny5__A1_O67198,15,3,3,2,0.086464613075391,35.9375,False,0.4449973354930914
1ny5__B1_O67198--1ny5__A1_O67198,16,3,1,2,0.0720842943368366,35.34375,False,0.43721569885828915
1ny5__B1_O67198--1ny5__A1_O67198,17,2,0,2,0.0877004282048685,35.0625,False,0.41687844126429974
1ny5__B1_O67198--1ny5__A1_O67198,18,2,3,2,0.0858985317955653,33.75,False,0.39629951425285515
1ny5__B1_O67198--1ny5__A1_O67198,19,2,1,2,0.0883617993091938,33.09375,False,0.3824568012591093
1ny5__B1_O67198--1ny5__A1_O67198,20,2,2,2,0.108426738691705,31.671875,False,0.3951448930680524
1ogy__A1_Q53176--1ogy__B1_Q53177,1,5,3,4,0.6190365685698871,93.3125,True,0.6222261712832955
1ogy__A1_Q53176--1ogy__B1_Q53177,2,5,2,4,0.6170488647124958,93.25,True,0.6529988537059555
1ogy__A1_Q53176--1ogy__B1_Q53177,3,1,3,4,0.6073926699445821,93.1875,True,0.6214123357061325
1ogy__A1_Q53176--1ogy__B1_Q53177,4,2,0,4,0.6094275750227262,93.0,True,0.6459327683208793
1ogy__A1_Q53176--1ogy__B1_Q53177,5,2,3,4,0.6046838006088723,93.0,True,0.6085000321354873
1ogy__A1_Q53176--1ogy__B1_Q53177,6,2,1,4,0.5992329513348446,93.0,True,0.49656526900750575
1ogy__A1_Q53176--1ogy__B1_Q53177,7,4,3,4,0.6115651987390023,93.0,True,0.5817654854712142
1ogy__A1_Q53176--1ogy__B1_Q53177,8,2,2,4,0.6085470866122545,92.875,True,0.5864741142123686
1ogy__A1_Q53176--1ogy__B1_Q53177,9,1,0,4,0.6131012007415869,92.875,True,0.5607625484298848
1ogy__A1_Q53176--1ogy__B1_Q53177,10,1,1,4,0.613675515068266,92.8125,True,0.5467629664735095
1ogy__A1_Q53176--1ogy__B1_Q53177,11,1,2,4,0.6128278615191781,92.6875,True,0.41718691096672966
1ogy__A1_Q53176--1ogy__B1_Q53177,12,5,0,4,0.6133544393783134,92.625,True,0.51600539986346
1ogy__A1_Q53176--1ogy__B1_Q53177,13,4,0,4,0.6214420906729116,92.625,True,0.4477328718828692
1ogy__A1_Q53176--1ogy__B1_Q53177,14,3,3,4,0.6035084375997046,92.5625,True,0.42991849876953003
1ogy__A1_Q53176--1ogy__B1_Q53177,15,3,1,4,0.6076197127311893,92.4375,True,0.4575840475336535
1ogy__A1_Q53176--1ogy__B1_Q53177,16,4,2,4,0.6079762823631446,92.375,True,0.42019853374737753
1ogy__A1_Q53176--1ogy__B1_Q53177,17,3,2,4,0.6129140020931177,92.3125,True,0.4326401392007897
1ogy__A1_Q53176--1ogy__B1_Q53177,18,3,0,4,0.6193921217816936,92.3125,True,0.4630631277847346
1ogy__A1_Q53176--1ogy__B1_Q53177,19,4,1,4,0.6098187117809181,91.8125,True,0.3308529707351955
1ogy__A1_Q53176--1ogy__B1_Q53177,20,5,1,4,0.5711042096377561,91.5,True,0.33441054957971306
1on8__A1_Q9ES89--1on8__B1_Q9ES89,1,4,1,4,0.6094457135708579,72.875,True,0.668298189550973
1on8__A1_Q9ES89--1on8__B1_Q9ES89,2,4,2,4,0.5909455797783455,70.4375,True,0.65259109577284
1on8__A1_Q9ES89--1on8__B1_Q9ES89,3,4,3,4,0.5894656233152167,70.1875,True,0.6365447287148313
1on8__A1_Q9ES89--1on8__B1_Q9ES89,4,4,0,4,0.5707555848161107,68.9375,True,0.6201885602874647
1on8__A1_Q9ES89--1on8__B1_Q9ES89,5,1,2,4,0.5825416574661796,67.125,True,0.5941786826763605
1on8__A1_Q9ES89--1on8__B1_Q9ES89,6,1,1,4,0.5788310539292019,65.9375,True,0.596505792083124
1on8__A1_Q9ES89--1on8__B1_Q9ES89,7,2,2,4,0.6821211123638418,62.21875,True,0.5691914723946895
1on8__A1_Q9ES89--1on8__B1_Q9ES89,8,2,3,4,0.7559515119107315,60.90625,True,0.5674490732679691
1on8__A1_Q9ES89--1on8__B1_Q9ES89,9,1,0,4,0.59470772315759,59.96875,True,0.5357866460976001
1on8__A1_Q9ES89--1on8__B1_Q9ES89,10,1,3,4,0.57965368941894,59.875,True,0.5127652641864737
1on8__A1_Q9ES89--1on8__B1_Q9ES89,11,2,1,4,0.6271624757664677,59.0,True,0.5316116346627335
1on8__A1_Q9ES89--1on8__B1_Q9ES89,12,2,0,4,0.6885840107379249,56.84375,True,0.5005253335296903
1on8__A1_Q9ES89--1on8__B1_Q9ES89,13,3,1,4,0.6159823245395942,56.53125,True,0.45404702791705237
1on8__A1_Q9ES89--1on8__B1_Q9ES89,14,5,3,4,0.5942703435211556,56.46875,True,0.4735573184430424
1on8__A1_Q9ES89--1on8__B1_Q9ES89,15,3,3,4,0.6539312053044956,55.09375,True,0.37379192247119347
1on8__A1_Q9ES89--1on8__B1_Q9ES89,16,5,0,4,0.6518813197866272,54.9375,True,0.4162938644587043
1on8__A1_Q9ES89--1on8__B1_Q9ES89,17,5,2,4,0.6438497759356613,54.9375,True,0.40958722660133795
1on8__A1_Q9ES89--1on8__B1_Q9ES89,18,5,1,4,0.6300665757113971,53.6875,True,0.393989256037193
1on8__A1_Q9ES89--1on8__B1_Q9ES89,19,3,0,4,0.6456772480495951,52.34375,True,0.3304700053353008
1on8__A1_Q9ES89--1on8__B1_Q9ES89,20,3,2,4,0.6902658655203927,48.15625,True,0.3362441917790339
1ory__A1_O67806--1ory__B1_O67803,1,1,0,1,0.7833672594034556,92.6875,True,0.6321088047867718
1ory__A1_O67806--1ory__B1_O67803,2,1,2,1,0.7873671470736947,92.6875,True,0.6316455155142218
1ory__A1_O67806--1ory__B1_O67803,3,1,1,1,0.7821475770791985,92.5,True,0.5971593623889115
1ory__A1_O67806--1ory__B1_O67803,4,1,3,1,0.7853407565715523,92.4375,True,0.595224297584055
1ory__A1_O67806--1ory__B1_O67803,5,4,2,1,0.7842159014365303,92.375,True,0.6040707526327651
1ory__A1_O67806--1ory__B1_O67803,6,4,0,1,0.7882150937083542,92.3125,True,0.5548693198492186
1ory__A1_O67806--1ory__B1_O67803,7,4,3,1,0.7951517520580847,92.3125,True,0.5568369419779308
1ory__A1_O67806--1ory__B1_O67803,8,3,3,1,0.7892071018821184,92.25,True,0.4725202949790501
1ory__A1_O67806--1ory__B1_O67803,9,2,0,1,0.7733444518285816,92.1875,True,0.509929620590266
1ory__A1_O67806--1ory__B1_O67803,10,4,1,1,0.7841586671738802,92.1875,True,0.5435077026654607
1ory__A1_O67806--1ory__B1_O67803,11,2,1,1,0.7668008096554203,92.1875,True,0.5247813716868152
1ory__A1_O67806--1ory__B1_O67803,12,3,0,1,0.7919338815545274,92.125,True,0.4600855556541042
1ory__A1_O67806--1ory__B1_O67803,13,3,2,1,0.7902937761784917,92.125,True,0.4146918162520326
1ory__A1_O67806--1ory__B1_O67803,14,2,2,1,0.7655489890071637,92.0625,True,0.4824318524604833
1ory__A1_O67806--1ory__B1_O67803,15,3,1,1,0.7931038496717812,92.0625,True,0.38800556985383516
1ory__A1_O67806--1ory__B1_O67803,16,5,3,1,0.7779007572717043,92.0,True,0.3861660756953997
1ory__A1_O67806--1ory__B1_O67803,17,5,0,1,0.772395640064839,92.0,True,0.4602062227608884
1ory__A1_O67806--1ory__B1_O67803,18,5,1,1,0.772692255286454,92.0,True,0.4624560690876733
1ory__A1_O67806--1ory__B1_O67803,19,2,3,1,0.7673779213600477,91.9375,True,0.41548043629351894
1ory__A1_O67806--1ory__B1_O67803,20,5,2,1,0.7777275359468897,91.8125,True,0.443920653985237
1pfo__A1_P0C2E9--1pfo__A2_P0C2E9,1,4,0,0,0.0046131047310679,80.375,False,0.6562668252567563
1pfo__A1_P0C2E9--1pfo__A2_P0C2E9,2,4,3,0,0.0046836536184193,74.0625,False,0.6428922835810941
1pfo__A1_P0C2E9--1pfo__A2_P0C2E9,3,4,2,0,0.0046223004742384,72.25,False,0.6249612714100463
1pfo__A1_P0C2E9--1pfo__A2_P0C2E9,4,4,1,0,0.004675517141038,70.5,False,0.6114672876108672
1pfo__A1_P0C2E9--1pfo__A2_P0C2E9,5,5,3,0,0.0046804465766285,58.09375,False,0.5842144436322726
1pfo__A1_P0C2E9--1pfo__A2_P0C2E9,6,3,0,0,0.0046249620877741,57.25,False,0.5932102844537505
1pfo__A1_P0C2E9--1pfo__A2_P0C2E9,7,2,3,0,0.0046625471132245,53.84375,False,0.5626637087083878
1pfo__A1_P0C2E9--1pfo__A2_P0C2E9,8,3,3,0,0.0046957122161804,51.75,False,0.5193391593912418
1pfo__A1_P0C2E9--1pfo__A2_P0C2E9,9,5,2,0,0.0046162111753232,49.0625,False,0.5565184589254952
1pfo__A1_P0C2E9--1pfo__A2_P0C2E9,10,1,0,0,0.0045991918751162,47.46875,False,0.5352396215346856
1pfo__A1_P0C2E9--1pfo__A2_P0C2E9,11,2,0,0,0.004653827751204,46.9375,False,0.5207938545885399
1pfo__A1_P0C2E9--1pfo__A2_P0C2E9,12,5,1,0,0.0046179415509141,46.625,False,0.4946960887756679
1pfo__A1_P0C2E9--1pfo__A2_P0C2E9,13,5,0,0,0.0046097881290508,44.40625,False,0.4565272139581411
1pfo__A1_P0C2E9--1pfo__A2_P0C2E9,14,3,2,0,0.004684383319442,43.75,False,0.4322989059886926
1pfo__A1_P0C2E9--1pfo__A2_P0C2E9,15,2,1,0,0.0046467433410066,43.3125,False,0.44677437655134294
1pfo__A1_P0C2E9--1pfo__A2_P0C2E9,16,2,2,0,0.0046533676155091,42.5,False,0.4233935318466492
1pfo__A1_P0C2E9--1pfo__A2_P0C2E9,17,1,3,0,0.0046010257288814,40.84375,False,0.4048214446319218
1pfo__A1_P0C2E9--1pfo__A2_P0C2E9,18,1,2,0,0.0045674010022068,39.46875,False,0.3821196427450485
1pfo__A1_P0C2E9--1pfo__A2_P0C2E9,19,3,1,0,0.0046270118496213,39.15625,False,0.3660323395242864
1pfo__A1_P0C2E9--1pfo__A2_P0C2E9,20,1,1,0,0.0045786228643924,38.28125,False,0.3442476308747861
1ptq__A1_P28867--1ptq__A2_P28867,1,1,0,3,0.5356969038367914,66.5,True,0.6614858700232774
1ptq__A1_P28867--1ptq__A2_P28867,2,1,1,3,0.5722288817188762,65.75,True,0.6367283079998379
1ptq__A1_P28867--1ptq__A2_P28867,3,1,3,3,0.5624021413172601,65.6875,True,0.6225891148899022
1ptq__A1_P28867--1ptq__A2_P28867,4,1,2,3,0.538664789775261,65.5,True,0.6332234055812731
1ptq__A1_P28867--1ptq__A2_P28867,5,3,1,3,0.6981468319456597,63.28125,True,0.5991569604251347
1ptq__A1_P28867--1ptq__A2_P28867,6,5,2,3,0.736093303237054,62.71875,True,0.5840269100339985
1ptq__A1_P28867--1ptq__A2_P28867,7,5,0,3,0.7494916381515745,62.625,True,0.5655220323503566
1ptq__A1_P28867--1ptq__A2_P28867,8,5,1,3,0.7354650913104003,61.6875,True,0.5500757687530435
1ptq__A1_P28867--1ptq__A2_P28867,9,5,3,3,0.7524602671494335,61.03125,True,0.5152710070590355
1ptq__A1_P28867--1ptq__A2_P28867,10,3,3,3,0.7261269467176765,60.84375,True,0.5205352940432921
1ptq__A1_P28867--1ptq__A2_P28867,11,3,0,3,0.6401592482799511,60.625,True,0.5047883218778726
1ptq__A1_P28867--1ptq__A2_P28867,12,2,1,3,0.5380377854099961,60.21875,True,0.49663850031412854
1ptq__A1_P28867--1ptq__A2_P28867,13,3,2,3,0.6191806409625508,59.71875,True,0.4628192323357945
1ptq__A1_P28867--1ptq__A2_P28867,14,2,0,3,0.5737039289364728,58.40625,True,0.4436647960810202
1ptq__A1_P28867--1ptq__A2_P28867,15,2,3,3,0.6105380534752671,58.125,True,0.42821108166772864
1ptq__A1_P28867--1ptq__A2_P28867,16,4,2,3,0.4754967192182789,56.75,True,0.42561159759575895
1ptq__A1_P28867--1ptq__A2_P28867,17,4,3,3,0.3862609476610203,56.65625,True,0.4067223430042248
1ptq__A1_P28867--1ptq__A2_P28867,18,4,0,3,0.4121229704366325,56.0,True,0.3828010200538258
1ptq__A1_P28867--1ptq__A2_P28867,19,4,1,3,0.4455838764806785,55.25,True,0.3681170236036116
1ptq__A1_P28867--1ptq__A2_P28867,20,2,2,3,0.5591262341943471,53.9375,True,0.35367352590478235
1qb3__B1_P20486--1qb3__A1_P20486,1,2,1,1,0.0101585327347017,76.75,False,0.6734725992148627
1qb3__B1_P20486--1qb3__A1_P20486,2,5,3,1,0.0104478141791365,75.0625,False,0.649952002012545
1qb3__B1_P20486--1qb3__A1_P20486,3,4,1,1,0.0101077626122408,74.625,False,0.6436800839082731
1qb3__B1_P20486--1qb3__A1_P20486,4,5,0,1,0.0102489475912928,73.375,False,0.620358063092503
1qb3__B1_P20486--1qb3__A1_P20486,5,3,0,1,0.0101868389752827,72.1875,False,0.5672288035469666
1qb3__B1_P20486--1qb3__A1_P20486,6,4,2,1,0.0102873258804149,71.5,False,0.5533510975147395
1qb3__B1_P20486--1qb3__A1_P20486,7,3,2,1,0.0102554355032888,71.1875,False,0.5277538954033285
1qb3__B1_P20486--1qb3__A1_P20486,8,4,3,1,0.0105128636306655,69.4375,False,0.5069587939116411
1qb3__B1_P20486--1qb3__A1_P20486,9,4,0,1,0.0104793537454581,69.1875,False,0.5115352420328647
1qb3__B1_P20486--1qb3__A1_P20486,10,5,2,1,0.010702751386852,69.125,False,0.464715563103257
1qb3__B1_P20486--1qb3__A1_P20486,11,1,2,1,0.0101878813595735,66.875,False,0.5555893033302152
1qb3__B1_P20486--1qb3__A1_P20486,12,2,2,1,0.0112625947958121,66.6875,False,0.4757049352455026
1qb3__B1_P20486--1qb3__A1_P20486,13,2,3,1,0.0108944700229848,65.1875,False,0.4592217257619567
1qb3__B1_P20486--1qb3__A1_P20486,14,3,3,1,0.010500883156954,62.40625,False,0.4615161794652368
1qb3__B1_P20486--1qb3__A1_P20486,15,3,1,1,0.0105073094680632,56.59375,False,0.443869707501294
1qb3__B1_P20486--1qb3__A1_P20486,16,1,0,1,0.1013843392069327,53.65625,False,0.42523172161618156
1qb3__B1_P20486--1qb3__A1_P20486,17,1,3,1,0.0174675111968577,22.140625,False,0.3980901548868198
1qb3__B1_P20486--1qb3__A1_P20486,18,1,1,1,0.0150988815000964,19.03125,False,0.4200519069235433
1qb3__B1_P20486--1qb3__A1_P20486,19,2,0,1,0.0154662358384731,18.90625,False,0.40207282605835554
1qb3__B1_P20486--1qb3__A1_P20486,20,5,1,1,0.0176448913137712,17.34375,False,0.36848585414088875
1qf8__A1_P67870--1qf8__B1_P67870,1,5,2,0,0.0581093840385423,55.65625,False,0.6482523124667332
1qf8__A1_P67870--1qf8__B1_P67870,2,5,0,0,0.0556056096493495,54.9375,False,0.6429137344998446
1qf8__A1_P67870--1qf8__B1_P67870,3,4,1,0,0.0598113339986194,50.65625,False,0.6347394916889431
1qf8__A1_P67870--1qf8__B1_P67870,4,5,1,0,0.0576135746693002,46.21875,False,0.5760331806889761
1qf8__A1_P67870--1qf8__B1_P67870,5,3,3,0,0.0589966064802366,44.5625,False,0.606792372046931
1qf8__A1_P67870--1qf8__B1_P67870,6,1,1,0,0.0593435502895216,42.1875,False,0.5958847015065495
1qf8__A1_P67870--1qf8__B1_P67870,7,2,2,0,0.0895678957428332,41.59375,False,0.5647525342776474
1qf8__A1_P67870--1qf8__B1_P67870,8,1,0,0,0.0904371811650481,40.46875,False,0.5585153001425938
1qf8__A1_P67870--1qf8__B1_P67870,9,5,3,0,0.0569332530351925,40.0625,False,0.49659704310680264
1qf8__A1_P67870--1qf8__B1_P67870,10,1,2,0,0.0805684230056508,40.03125,False,0.5282807048335817
1qf8__A1_P67870--1qf8__B1_P67870,11,1,3,0,0.0394336688339208,38.5,False,0.4968300099506374
1qf8__A1_P67870--1qf8__B1_P67870,12,2,1,0,0.0990905911255217,36.875,False,0.49145217546074543
1qf8__A1_P67870--1qf8__B1_P67870,13,2,3,0,0.0239147745492861,28.328125,False,0.4095955136213501
1qf8__A1_P67870--1qf8__B1_P67870,14,3,1,0,0.0690207023992617,28.125,False,0.3899377364463429
1qf8__A1_P67870--1qf8__B1_P67870,15,2,0,0,0.1463373954042048,26.65625,False,0.39121802350519924
1qf8__A1_P67870--1qf8__B1_P67870,16,3,2,0,0.0253460880747213,21.328125,False,0.4319825978412461
1qf8__A1_P67870--1qf8__B1_P67870,17,4,2,0,0.0154012708370236,20.703125,False,0.47671848794652166
1qf8__A1_P67870--1qf8__B1_P67870,18,4,3,0,0.0135904310342963,20.28125,False,0.42497049326796105
1qf8__A1_P67870--1qf8__B1_P67870,19,4,0,0,0.0149264760921574,20.0625,False,0.4006108984857759
1qf8__A1_P67870--1qf8__B1_P67870,20,3,0,0,0.0187069671687628,19.578125,False,0.38824710463281303
1qqf__A1_P01026--1qqf__A2_P01026,1,4,0,1,0.5873776681589512,85.5,True,0.6373033260027056
1qqf__A1_P01026--1qqf__A2_P01026,2,4,1,1,0.5930191103083357,72.0,True,0.6151732948223413
1qqf__A1_P01026--1qqf__A2_P01026,3,4,2,1,0.4977597869035122,69.0,True,0.6153939600072392
1qqf__A1_P01026--1qqf__A2_P01026,4,4,3,1,0.5927114057455511,67.8125,True,0.5822352490575786
1qqf__A1_P01026--1qqf__A2_P01026,5,1,1,1,0.3002761405269502,67.3125,True,0.5988861958323841
1qqf__A1_P01026--1qqf__A2_P01026,6,1,2,1,0.2913266670163278,66.375,True,0.5746721587904187
1qqf__A1_P01026--1qqf__A2_P01026,7,1,0,1,0.3318830303325444,57.5,True,0.5561302924987059
1qqf__A1_P01026--1qqf__A2_P01026,8,1,3,1,0.4311212656683492,54.375,True,0.5421754569742222
1qqf__A1_P01026--1qqf__A2_P01026,9,2,2,1,0.3560470046428248,53.53125,True,0.5354083547085516
1qqf__A1_P01026--1qqf__A2_P01026,10,2,0,1,0.3573722685539008,47.40625,True,0.5323787449745723
1qqf__A1_P01026--1qqf__A2_P01026,11,5,1,1,0.079138654103988,46.6875,False,0.5010746164912826
1qqf__A1_P01026--1qqf__A2_P01026,12,2,3,1,0.3350530344007867,45.28125,True,0.4887226005837395
1qqf__A1_P01026--1qqf__A2_P01026,13,5,2,1,0.0946866310447705,42.28125,False,0.45677591451019073
1qqf__A1_P01026--1qqf__A2_P01026,14,5,3,1,0.0847765614295753,42.28125,False,0.4644487640175397
1qqf__A1_P01026--1qqf__A2_P01026,15,2,1,1,0.3259658295731849,41.875,True,0.44082221260217075
1qqf__A1_P01026--1qqf__A2_P01026,16,3,0,1,0.08427956702073,41.1875,False,0.41905348234332185
1qqf__A1_P01026--1qqf__A2_P01026,17,5,0,1,0.0404581675987673,41.03125,False,0.41524235839739493
1qqf__A1_P01026--1qqf__A2_P01026,18,3,1,1,0.0867641143125142,40.875,False,0.40455937075061177
1qqf__A1_P01026--1qqf__A2_P01026,19,3,2,1,0.1100285613012545,40.71875,False,0.3865778661624174
1qqf__A1_P01026--1qqf__A2_P01026,20,3,3,1,0.0760940201651511,38.3125,False,0.37112790012634184
1qrk__B1_P00488--1qrk__A1_P00488,1,4,0,2,0.6106249151971914,75.9375,True,0.6452930565065172
1qrk__B1_P00488--1qrk__A1_P00488,2,4,2,2,0.5914409103523514,74.0625,True,0.6243070074574822
1qrk__B1_P00488--1qrk__A1_P00488,3,5,3,2,0.5756992908629962,68.625,True,0.5997745660707914
1qrk__B1_P00488--1qrk__A1_P00488,4,1,3,2,0.1403054417257684,68.625,False,0.5908574171009432
1qrk__B1_P00488--1qrk__A1_P00488,5,1,0,2,0.5841153619327032,68.125,True,0.6029883866851793
1qrk__B1_P00488--1qrk__A1_P00488,6,1,1,2,0.5170151399678287,67.1875,True,0.5674568030386031
1qrk__B1_P00488--1qrk__A1_P00488,7,3,0,2,0.6070218035424082,64.0,True,0.5285140832020869
1qrk__B1_P00488--1qrk__A1_P00488,8,3,1,2,0.6096934521632584,63.625,True,0.5462670309989012
1qrk__B1_P00488--1qrk__A1_P00488,9,3,3,2,0.5912997900544994,63.40625,True,0.5215627734813569
1qrk__B1_P00488--1qrk__A1_P00488,10,1,2,2,0.1517965435424252,63.21875,False,0.5293468472819801
1qrk__B1_P00488--1qrk__A1_P00488,11,5,2,2,0.509038484527981,61.9375,True,0.5365739231916928
1qrk__B1_P00488--1qrk__A1_P00488,12,5,1,2,0.2075382939765195,59.53125,False,0.4869199279508079
1qrk__B1_P00488--1qrk__A1_P00488,13,5,0,2,0.1756104251599846,59.1875,False,0.46961584344383345
1qrk__B1_P00488--1qrk__A1_P00488,14,4,3,2,0.1842179752769179,57.0,False,0.4427152683242816
1qrk__B1_P00488--1qrk__A1_P00488,15,2,2,2,0.4564085480333055,56.03125,True,0.44840240724876157
1qrk__B1_P00488--1qrk__A1_P00488,16,3,2,2,0.1746115140929543,55.03125,False,0.4150531644758726
1qrk__B1_P00488--1qrk__A1_P00488,17,4,1,2,0.1615903517428303,54.40625,False,0.3977424476194638
1qrk__B1_P00488--1qrk__A1_P00488,18,2,1,2,0.4388668052799175,49.59375,True,0.40045962595220963
1qrk__B1_P00488--1qrk__A1_P00488,19,2,3,2,0.1861233944984007,49.5625,False,0.38388138243738146
1qrk__B1_P00488--1qrk__A1_P00488,20,2,0,2,0.4395752833808626,49.5625,True,0.4037902252306183
1qxx__A1_P02929--1qxx__A2_P02929,1,2,1,2,0.7630832708597183,78.5,True,0.6415858834017127
1qxx__A1_P02929--1qxx__A2_P02929,2,4,1,2,0.7586630385218657,77.25,True,0.6280893012284724
1qxx__A1_P02929--1qxx__A2_P02929,3,2,3,2,0.7890503914396211,75.375,True,0.6143899476729139
1qxx__A1_P02929--1qxx__A2_P02929,4,4,0,2,0.7589919746768953,72.125,True,0.6005069364098622
1qxx__A1_P02929--1qxx__A2_P02929,5,3,1,2,0.7213611784872951,68.0625,True,0.5877297508399222
1qxx__A1_P02929--1qxx__A2_P02929,6,4,2,2,0.6389901938727429,67.6875,True,0.5716310994570778
1qxx__A1_P02929--1qxx__A2_P02929,7,2,2,2,0.7082482307716514,66.3125,True,0.5070673596242979
1qxx__A1_P02929--1qxx__A2_P02929,8,4,3,2,0.6489905847861871,66.1875,True,0.5492420653686657
1qxx__A1_P02929--1qxx__A2_P02929,9,3,0,2,0.6419554001410548,66.125,True,0.5339190058638492
1qxx__A1_P02929--1qxx__A2_P02929,10,5,1,2,0.760800375469529,66.0625,True,0.5427344360560379
1qxx__A1_P02929--1qxx__A2_P02929,11,3,2,2,0.6313199690582275,64.6875,True,0.5033851381159107
1qxx__A1_P02929--1qxx__A2_P02929,12,3,3,2,0.6408807133600551,64.3125,True,0.48064749887836433
1qxx__A1_P02929--1qxx__A2_P02929,13,5,3,2,0.7472821484611251,64.125,True,0.48394232099985074
1qxx__A1_P02929--1qxx__A2_P02929,14,5,2,2,0.6460279728220656,55.28125,True,0.4321785121201172
1qxx__A1_P02929--1qxx__A2_P02929,15,5,0,2,0.6489484622891034,54.625,True,0.4100018290458182
1qxx__A1_P02929--1qxx__A2_P02929,16,2,0,2,0.0345380126769821,48.90625,False,0.4357661768983933
1qxx__A1_P02929--1qxx__A2_P02929,17,1,0,2,0.0434141703232331,43.53125,False,0.4375625587468394
1qxx__A1_P02929--1qxx__A2_P02929,18,1,3,2,0.037017774125763,41.4375,False,0.4153116715204127
1qxx__A1_P02929--1qxx__A2_P02929,19,1,1,2,0.0425976390679841,40.8125,False,0.3934008485752131
1qxx__A1_P02929--1qxx__A2_P02929,20,1,2,2,0.0405464668457528,35.15625,False,0.37191069877152755
1r5p__B1_Q8YT41--1r5p__A1_Q8YT41,1,5,0,1,0.0455987290758567,53.03125,False,0.6373033260027056
1r5p__B1_Q8YT41--1r5p__A1_Q8YT41,2,5,1,1,0.0465913192010022,45.125,False,0.6241758896027589
1r5p__B1_Q8YT41--1r5p__A1_Q8YT41,3,4,1,1,0.0916595362752405,33.46875,False,0.6188387121228677
1r5p__B1_Q8YT41--1r5p__A1_Q8YT41,4,5,3,1,0.0545079412097325,32.15625,False,0.6020182561009905
1r5p__B1_Q8YT41--1r5p__A1_Q8YT41,5,4,3,1,0.0971874595380903,30.890625,False,0.5897326626131273
1r5p__B1_Q8YT41--1r5p__A1_Q8YT41,6,2,3,1,0.0333395317365394,28.171875,False,0.5627788268365199
1r5p__B1_Q8YT41--1r5p__A1_Q8YT41,7,2,0,1,0.0362635563065148,25.625,False,0.5501676920571396
1r5p__B1_Q8YT41--1r5p__A1_Q8YT41,8,2,1,1,0.0411900779193011,25.21875,False,0.5361817403232174
1r5p__B1_Q8YT41--1r5p__A1_Q8YT41,9,1,2,1,0.0166769856658813,24.453125,False,0.5581352642285489
1r5p__B1_Q8YT41--1r5p__A1_Q8YT41,10,2,2,1,0.0732438970212902,23.515625,False,0.5259519213280478
1r5p__B1_Q8YT41--1r5p__A1_Q8YT41,11,1,1,1,0.0167648255925679,22.328125,False,0.5229127530031197
1r5p__B1_Q8YT41--1r5p__A1_Q8YT41,12,1,0,1,0.0170469974717162,20.28125,False,0.493256413627743
1r5p__B1_Q8YT41--1r5p__A1_Q8YT41,13,1,3,1,0.0353049474688592,20.125,False,0.4874608700685984
1r5p__B1_Q8YT41--1r5p__A1_Q8YT41,14,5,2,1,0.0962911709448628,19.375,False,0.4673818406567399
1r5p__B1_Q8YT41--1r5p__A1_Q8YT41,15,3,1,1,0.0991151008307496,15.2109375,False,0.44269061518506675
1r5p__B1_Q8YT41--1r5p__A1_Q8YT41,16,3,2,1,0.0210956807710052,14.75,False,0.41132498843560145
1r5p__B1_Q8YT41--1r5p__A1_Q8YT41,17,3,3,1,0.1044592875292593,14.4375,False,0.3986440111496279
1r5p__B1_Q8YT41--1r5p__A1_Q8YT41,18,4,2,1,0.1359923119627488,14.234375,False,0.36372192176648693
1r5p__B1_Q8YT41--1r5p__A1_Q8YT41,19,4,0,1,0.0470477534563678,14.109375,False,0.3609336654097949
1r5p__B1_Q8YT41--1r5p__A1_Q8YT41,20,3,0,1,0.1166759777577191,14.0390625,False,0.38735470161258645
1rj9__B1_O07347--1rj9__A1_P83749,1,4,3,1,0.8990108090767972,89.9375,True,0.6350942986917898
1rj9__B1_O07347--1rj9__A1_P83749,2,4,0,1,0.8681982336163513,89.4375,True,0.6308736730507535
1rj9__B1_O07347--1rj9__A1_P83749,3,4,1,1,0.9023207111379736,89.0,True,0.6063109653746411
1rj9__B1_O07347--1rj9__A1_P83749,4,5,2,1,0.8860418530744791,88.6875,True,0.5763589700520626
1rj9__B1_O07347--1rj9__A1_P83749,5,4,2,1,0.886148500954555,88.6875,True,0.5816254270956047
1rj9__B1_O07347--1rj9__A1_P83749,6,2,1,1,0.8289363122719843,88.3125,True,0.5709389038868022
1rj9__B1_O07347--1rj9__A1_P83749,7,1,0,1,0.8825263450737714,88.25,True,0.5635666572918335
1rj9__B1_O07347--1rj9__A1_P83749,8,5,1,1,0.9098686055042878,88.0625,True,0.5255125590781552
1rj9__B1_O07347--1rj9__A1_P83749,9,2,2,1,0.830494894594238,87.8125,True,0.5422144486614099
1rj9__B1_O07347--1rj9__A1_P83749,10,1,3,1,0.8942916540642748,87.4375,True,0.5088272893017692
1rj9__B1_O07347--1rj9__A1_P83749,11,3,1,1,0.9079508289731212,87.375,True,0.4674320629072449
1rj9__B1_O07347--1rj9__A1_P83749,12,2,3,1,0.8444143577983111,87.375,True,0.48265696779852213
1rj9__B1_O07347--1rj9__A1_P83749,13,2,0,1,0.8570585348006604,87.375,True,0.5126145178822099
1rj9__B1_O07347--1rj9__A1_P83749,14,1,1,1,0.8732303765378031,87.3125,True,0.49412823589443494
1rj9__B1_O07347--1rj9__A1_P83749,15,3,0,1,0.8655991005848476,87.125,True,0.4428750543416493
1rj9__B1_O07347--1rj9__A1_P83749,16,3,2,1,0.8129979475747148,86.9375,True,0.43830033671954316
1rj9__B1_O07347--1rj9__A1_P83749,17,5,3,1,0.8288888518376799,86.875,True,0.3873582364695677
1rj9__B1_O07347--1rj9__A1_P83749,18,3,3,1,0.864823963052721,86.625,True,0.3838971716548933
1rj9__B1_O07347--1rj9__A1_P83749,19,5,0,1,0.823551195269121,86.5625,True,0.3710195604448569
1rj9__B1_O07347--1rj9__A1_P83749,20,1,2,1,0.8641872083155525,86.3125,True,0.4173071681372572
1rk4__A1_O00299--1rk4__B1_O00299,1,1,0,3,0.0254779958424484,27.203125,False,0.692652958412514
1rk4__A1_O00299--1rk4__B1_O00299,2,1,3,3,0.0305264037163907,25.390625,False,0.6567977512146832
1rk4__A1_O00299--1rk4__B1_O00299,3,1,2,3,0.0309635528614136,22.8125,False,0.5804921623214442
1rk4__A1_O00299--1rk4__B1_O00299,4,1,1,3,0.0324123708051048,21.671875,False,0.5156836561578851
1rk4__A1_O00299--1rk4__B1_O00299,5,2,3,3,0.0295013564317024,21.65625,False,0.6425364403171868
1rk4__A1_O00299--1rk4__B1_O00299,6,2,0,3,0.069129938006077,21.453125,False,0.6194773040352471
1rk4__A1_O00299--1rk4__B1_O00299,7,2,1,3,0.0490577756974747,21.046875,False,0.5758291682288809
1rk4__A1_O00299--1rk4__B1_O00299,8,5,2,3,0.0387122590946773,20.546875,False,0.5236817601343031
1rk4__A1_O00299--1rk4__B1_O00299,9,2,2,3,0.0564782941191607,20.3125,False,0.5035549794790424
1rk4__A1_O00299--1rk4__B1_O00299,10,5,0,3,0.0398976862895214,20.1875,False,0.542054938167882
1rk4__A1_O00299--1rk4__B1_O00299,11,5,3,3,0.0413453549620124,20.015625,False,0.4729607684646289
1rk4__A1_O00299--1rk4__B1_O00299,12,4,3,3,0.0320704662706561,20.0,False,0.5428967705687328
1rk4__A1_O00299--1rk4__B1_O00299,13,4,0,3,0.028322058723049,19.828125,False,0.5665588492293684
1rk4__A1_O00299--1rk4__B1_O00299,14,4,1,3,0.0443680720112614,19.5,False,0.4971830333377728
1rk4__A1_O00299--1rk4__B1_O00299,15,5,1,3,0.1743474716249101,18.9375,False,0.39085807334783035
1rk4__A1_O00299--1rk4__B1_O00299,16,4,2,3,0.1706910576340463,18.71875,False,0.38844430357210574
1rk4__A1_O00299--1rk4__B1_O00299,17,3,3,3,0.030042272036345,18.5625,False,0.384464211262295
1rk4__A1_O00299--1rk4__B1_O00299,18,3,0,3,0.0285227150961758,18.328125,False,0.3646178585054326
1rk4__A1_O00299--1rk4__B1_O00299,19,3,2,3,0.028481366987575,18.296875,False,0.35094875397538794
1rk4__A1_O00299--1rk4__B1_O00299,20,3,1,3,0.0294522249155824,18.171875,False,0.3502099804890458
1s4k__A1_Q8ZPR1--1s4k__B1_Q8ZPR1,1,4,3,1,0.0376470693995013,29.46875,False,0.6373033260027056
1s4k__A1_Q8ZPR1--1s4k__B1_Q8ZPR1,2,3,1,1,0.088627538217648,22.65625,False,0.60114488431506
1s4k__A1_Q8ZPR1--1s4k__B1_Q8ZPR1,3,1,3,1,0.0329822151837624,22.078125,False,0.5929611534369063
1s4k__A1_Q8ZPR1--1s4k__B1_Q8ZPR1,4,5,2,1,0.1033301041611925,20.609375,False,0.5414694892328998
1s4k__A1_Q8ZPR1--1s4k__B1_Q8ZPR1,5,3,0,1,0.0749787802510978,18.9375,False,0.5121609999809859
1s4k__A1_Q8ZPR1--1s4k__B1_Q8ZPR1,6,2,0,1,0.0491591580222751,18.375,False,0.5572273118591816
1s4k__A1_Q8ZPR1--1s4k__B1_Q8ZPR1,7,5,3,1,0.0775011692216162,18.28125,False,0.5024689440690776
1s4k__A1_Q8ZPR1--1s4k__B1_Q8ZPR1,8,2,1,1,0.0779699447032802,18.28125,False,0.5742870449539169
1s4k__A1_Q8ZPR1--1s4k__B1_Q8ZPR1,9,5,0,1,0.0625557313633287,17.96875,False,0.47808423621887336
1s4k__A1_Q8ZPR1--1s4k__B1_Q8ZPR1,10,4,1,1,0.0184163294394798,17.734375,False,0.5890472600937993
1s4k__A1_Q8ZPR1--1s4k__B1_Q8ZPR1,11,1,0,1,0.0241455983308582,17.625,False,0.4589256968124236
1s4k__A1_Q8ZPR1--1s4k__B1_Q8ZPR1,12,3,2,1,0.040838762735022,17.421875,False,0.4992702223663484
1s4k__A1_Q8ZPR1--1s4k__B1_Q8ZPR1,13,2,3,1,0.0468609943789125,17.359375,False,0.4654673619393379
1s4k__A1_Q8ZPR1--1s4k__B1_Q8ZPR1,14,5,1,1,0.1420298219658229,17.171875,False,0.42646387763431726
1s4k__A1_Q8ZPR1--1s4k__B1_Q8ZPR1,15,4,2,1,0.0300165349387477,17.109375,False,0.510537084569294
1s4k__A1_Q8ZPR1--1s4k__B1_Q8ZPR1,16,2,2,1,0.0531363959300235,16.9375,False,0.45216589462363554
1s4k__A1_Q8ZPR1--1s4k__B1_Q8ZPR1,17,3,3,1,0.0281174698205835,16.609375,False,0.5832951740836809
1s4k__A1_Q8ZPR1--1s4k__B1_Q8ZPR1,18,4,0,1,0.0360677709707706,15.2265625,False,0.4186815136953502
1s4k__A1_Q8ZPR1--1s4k__B1_Q8ZPR1,19,1,1,1,0.0401934253945282,14.0234375,False,0.3904772794324194
1s4k__A1_Q8ZPR1--1s4k__B1_Q8ZPR1,20,1,2,1,0.0173896296778523,12.703125,False,0.34895010448243574
1s70__A1_P62207--1s70__B1_Q90623,1,4,0,1,0.7275811782277941,88.625,True,0.6347099847688866
1s70__A1_P62207--1s70__B1_Q90623,2,5,2,1,0.7252862914617898,88.1875,True,0.6120396996809482
1s70__A1_P62207--1s70__B1_Q90623,3,3,0,1,0.6639126894266921,87.5625,True,0.6128264592305857
1s70__A1_P62207--1s70__B1_Q90623,4,5,1,1,0.6248481934875006,87.375,True,0.576248397690054
1s70__A1_P62207--1s70__B1_Q90623,5,4,2,1,0.6798808542019373,87.25,True,0.580429241522397
1s70__A1_P62207--1s70__B1_Q90623,6,4,3,1,0.7011177734467106,87.0625,True,0.5863728745867056
1s70__A1_P62207--1s70__B1_Q90623,7,1,1,1,0.7398020646548907,86.75,True,0.5619559628970349
1s70__A1_P62207--1s70__B1_Q90623,8,5,3,1,0.6520196767274863,86.5,True,0.5372352108480019
1s70__A1_P62207--1s70__B1_Q90623,9,5,0,1,0.6792167344965748,86.4375,True,0.5448509525856415
1s70__A1_P62207--1s70__B1_Q90623,10,3,2,1,0.5362745533023282,86.0,True,0.5102520125176767
1s70__A1_P62207--1s70__B1_Q90623,11,2,1,1,0.5931886460257129,85.6875,True,0.5265299933825613
1s70__A1_P62207--1s70__B1_Q90623,12,4,1,1,0.5654625000029493,85.4375,True,0.5118627809219793
1s70__A1_P62207--1s70__B1_Q90623,13,3,3,1,0.4387797665840984,85.0,True,0.4678402312036773
1s70__A1_P62207--1s70__B1_Q90623,14,3,1,1,0.4286762500392598,84.8125,True,0.4546520371372372
1s70__A1_P62207--1s70__B1_Q90623,15,2,2,1,0.560134543522747,84.625,True,0.41113340907204826
1s70__A1_P62207--1s70__B1_Q90623,16,1,0,1,0.6079183099276076,84.625,True,0.41441469142970777
1s70__A1_P62207--1s70__B1_Q90623,17,1,2,1,0.6987831630770233,84.4375,True,0.4416141487562302
1s70__A1_P62207--1s70__B1_Q90623,18,2,0,1,0.539631584467602,84.375,True,0.37970026882760655
1s70__A1_P62207--1s70__B1_Q90623,19,2,3,1,0.5552396304036509,84.1875,True,0.39572327998369383
1s70__A1_P62207--1s70__B1_Q90623,20,1,3,1,0.5404598178310885,83.75,True,0.37913197689501554
1smx__A1_P21513--1smx__B1_P21513,1,1,0,0,0.0153498445538025,33.59375,False,0.6562668252567563
1smx__A1_P21513--1smx__B1_P21513,2,1,1,0,0.0158068212404666,29.28125,False,0.6415347377227066
1smx__A1_P21513--1smx__B1_P21513,3,2,0,0,0.2406513786016403,22.9375,True,0.6498552837466015
1smx__A1_P21513--1smx__B1_P21513,4,1,3,0,0.0290539351319406,20.15625,False,0.5508036834517714
1smx__A1_P21513--1smx__B1_P21513,5,2,1,0,0.2222385431931975,19.65625,False,0.6063589886409496
1smx__A1_P21513--1smx__B1_P21513,6,2,2,0,0.1844860509355027,19.5625,False,0.5907916082545807
1smx__A1_P21513--1smx__B1_P21513,7,1,2,0,0.0280842948898387,19.453125,False,0.4656247987010766
1smx__A1_P21513--1smx__B1_P21513,8,2,3,0,0.1798235371559075,19.265625,False,0.5434014026551011
1smx__A1_P21513--1smx__B1_P21513,9,5,0,0,0.0495096045282394,18.453125,False,0.5133176770669503
1smx__A1_P21513--1smx__B1_P21513,10,5,2,0,0.0825214019193569,18.375,False,0.5507512142212406
1smx__A1_P21513--1smx__B1_P21513,11,4,0,0,0.0282000590007507,18.359375,False,0.42254734219736634
1smx__A1_P21513--1smx__B1_P21513,12,4,1,0,0.1069444052020128,18.328125,False,0.45838637655592085
1smx__A1_P21513--1smx__B1_P21513,13,4,2,0,0.0371073838093175,18.078125,False,0.42121102114432313
1smx__A1_P21513--1smx__B1_P21513,14,5,1,0,0.0265357570415604,18.015625,False,0.5184417129277955
1smx__A1_P21513--1smx__B1_P21513,15,4,3,0,0.0991232144219913,17.921875,False,0.4409324912920391
1smx__A1_P21513--1smx__B1_P21513,16,3,3,0,0.0826449789985713,17.734375,False,0.4813484154522456
1smx__A1_P21513--1smx__B1_P21513,17,5,3,0,0.0274389335508348,17.703125,False,0.41260658769841435
1smx__A1_P21513--1smx__B1_P21513,18,3,2,0,0.0382122653696936,17.515625,False,0.4117207480540543
1smx__A1_P21513--1smx__B1_P21513,19,3,0,0,0.0546428898209266,17.4375,False,0.43264740902702514
1smx__A1_P21513--1smx__B1_P21513,20,3,1,0,0.0450629391961612,17.140625,False,0.38210171452836394
1spp__B1_P35496--1spp__A1_P35495,1,3,3,4,0.3660599810221559,57.625,True,0.6692022099746636
1spp__B1_P35496--1spp__A1_P35495,2,5,2,4,0.2510124925990736,56.46875,True,0.6516653091400653
1spp__B1_P35496--1spp__A1_P35495,3,1,1,4,0.46358197110308,46.65625,True,0.6441641500672014
1spp__B1_P35496--1spp__A1_P35495,4,3,0,4,0.3203340786587548,45.90625,True,0.6062677190812209
1spp__B1_P35496--1spp__A1_P35495,5,2,2,4,0.2998344664996814,45.59375,True,0.6002868816149316
1spp__B1_P35496--1spp__A1_P35495,6,5,1,4,0.3179109210294206,44.9375,True,0.5101106396427078
1spp__B1_P35496--1spp__A1_P35495,7,5,0,4,0.2983492428848046,43.875,True,0.5599642370747159
1spp__B1_P35496--1spp__A1_P35495,8,3,1,4,0.3379555517947085,43.125,True,0.5730876956546566
1spp__B1_P35496--1spp__A1_P35495,9,1,3,4,0.353069684960195,41.84375,True,0.5216346355609222
1spp__B1_P35496--1spp__A1_P35495,10,2,1,4,0.2357126272140612,41.84375,True,0.5056301699399537
1spp__B1_P35496--1spp__A1_P35495,11,4,2,4,0.3073506438656965,41.8125,True,0.5281428180394873
1spp__B1_P35496--1spp__A1_P35495,12,3,2,4,0.4215067679518653,40.625,True,0.46425022571594243
1spp__B1_P35496--1spp__A1_P35495,13,5,3,4,0.2859320882331197,39.125,True,0.446608508550347
1spp__B1_P35496--1spp__A1_P35495,14,2,0,4,0.3094312866877675,38.28125,True,0.46404263817687785
1spp__B1_P35496--1spp__A1_P35495,15,2,3,4,0.2483469707367615,38.0,True,0.4071492825102234
1spp__B1_P35496--1spp__A1_P35495,16,4,1,4,0.2903208926365838,36.46875,True,0.4576052324198661
1spp__B1_P35496--1spp__A1_P35495,17,4,3,4,0.1565007559897325,35.78125,False,0.3888075953682625
1spp__B1_P35496--1spp__A1_P35495,18,1,0,4,0.2602881591061928,35.4375,True,0.3730034609613249
1spp__B1_P35496--1spp__A1_P35495,19,1,2,4,0.3728275057170817,35.09375,True,0.4253338912959176
1spp__B1_P35496--1spp__A1_P35495,20,4,0,4,0.1789573305204525,34.46875,False,0.3682055030099611
1t6b__A1_P13423--1t6b__B1_P58335,1,3,0,4,0.041260124680762,30.296875,False,0.6257937237048381
1t6b__A1_P13423--1t6b__B1_P58335,2,4,2,4,0.0861722102126889,29.859375,False,0.6066006152789285
1t6b__A1_P13423--1t6b__B1_P58335,3,4,3,4,0.0580479510250479,28.96875,False,0.6114885868269888
1t6b__A1_P13423--1t6b__B1_P58335,4,3,3,4,0.1033438365939373,28.84375,False,0.6994375614712363
1t6b__A1_P13423--1t6b__B1_P58335,5,4,0,4,0.0422343312673364,28.578125,False,0.45079197380563046
1t6b__A1_P13423--1t6b__B1_P58335,6,5,0,4,0.0377995473071033,28.28125,False,0.5524693837486082
1t6b__A1_P13423--1t6b__B1_P58335,7,5,1,4,0.0734445162306664,28.0625,False,0.6591769198199174
1t6b__A1_P13423--1t6b__B1_P58335,8,4,1,4,0.0674473317071734,27.78125,False,0.4237649083502339
1t6b__A1_P13423--1t6b__B1_P58335,9,2,2,4,0.0446504582930789,27.578125,False,0.5656489182636735
1t6b__A1_P13423--1t6b__B1_P58335,10,2,1,4,0.0871656332272122,27.015625,False,0.5737440805296445
1t6b__A1_P13423--1t6b__B1_P58335,11,5,3,4,0.0759212096639001,25.75,False,0.5028625682488796
1t6b__A1_P13423--1t6b__B1_P58335,12,2,0,4,0.0685255447113765,25.65625,False,0.5572602915657623
1t6b__A1_P13423--1t6b__B1_P58335,13,1,0,4,0.0652625155433662,25.4375,False,0.5439468562350593
1t6b__A1_P13423--1t6b__B1_P58335,14,3,1,4,0.0875610353524308,25.25,False,0.4598039971764022
1t6b__A1_P13423--1t6b__B1_P58335,15,1,2,4,0.0888353236267912,24.46875,False,0.4822951344179847
1t6b__A1_P13423--1t6b__B1_P58335,16,2,3,4,0.0868133745525157,24.390625,False,0.37200692787345924
1t6b__A1_P13423--1t6b__B1_P58335,17,3,2,4,0.039512535936322,24.28125,False,0.4326622736574475
1t6b__A1_P13423--1t6b__B1_P58335,18,1,1,4,0.0552671609481615,24.03125,False,0.30500193042261725
1t6b__A1_P13423--1t6b__B1_P58335,19,5,2,4,0.0406231235205811,23.65625,False,0.3966941321118086
1t6b__A1_P13423--1t6b__B1_P58335,20,1,3,4,0.07887928071691,23.484375,False,0.3497834147332446
1t6l__A1_P16790--1t6l__A2_P16790,1,1,2,0,0.3610030019593815,41.09375,True,0.6575983565835959
1t6l__A1_P16790--1t6l__A2_P16790,2,4,3,0,0.2789424967174275,36.53125,True,0.6372652816333015
1t6l__A1_P16790--1t6l__A2_P16790,3,3,3,0,0.3194933136056302,34.59375,True,0.636372304334507
1t6l__A1_P16790--1t6l__A2_P16790,4,5,2,0,0.2108437933892956,26.21875,False,0.5729901690679545
1t6l__A1_P16790--1t6l__A2_P16790,5,4,2,0,0.1968917573507296,22.25,False,0.5413734700266943
1t6l__A1_P16790--1t6l__A2_P16790,6,5,0,0,0.2494045321162363,21.59375,True,0.5172011486787738
1t6l__A1_P16790--1t6l__A2_P16790,7,2,3,0,0.2474085328273347,21.28125,True,0.5033383920483174
1t6l__A1_P16790--1t6l__A2_P16790,8,3,0,0,0.3017937050453949,21.0625,True,0.5488150190412683
1t6l__A1_P16790--1t6l__A2_P16790,9,5,1,0,0.2932752019818403,20.78125,True,0.5753892867740055
1t6l__A1_P16790--1t6l__A2_P16790,10,2,0,0,0.1727916780688227,20.578125,False,0.4874616341926228
1t6l__A1_P16790--1t6l__A2_P16790,11,1,0,0,0.133779307559196,19.28125,False,0.5411967392239038
1t6l__A1_P16790--1t6l__A2_P16790,12,3,1,0,0.1214271192501843,18.109375,False,0.5457954545712033
1t6l__A1_P16790--1t6l__A2_P16790,13,4,1,0,0.0322573417627538,17.546875,False,0.5194546545061369
1t6l__A1_P16790--1t6l__A2_P16790,14,5,3,0,0.0466052567849718,15.734375,False,0.45217299732655414
1t6l__A1_P16790--1t6l__A2_P16790,15,3,2,0,0.1157633208549703,15.515625,False,0.43187466772663136
1t6l__A1_P16790--1t6l__A2_P16790,16,1,1,0,0.0164181181998058,14.6953125,False,0.4339872588476911
1t6l__A1_P16790--1t6l__A2_P16790,17,2,1,0,0.0658284495167863,14.3671875,False,0.40972489648285637
1t6l__A1_P16790--1t6l__A2_P16790,18,1,3,0,0.0193379735264087,14.03125,False,0.3920373228484019
1t6l__A1_P16790--1t6l__A2_P16790,19,2,2,0,0.0181781722186593,13.0546875,False,0.38168864822680126
1t6l__A1_P16790--1t6l__A2_P16790,20,4,0,0,0.0165496343561558,12.78125,False,0.3706202058310998
1tej__B1_P0C6B5--1tej__A1_P0C6B4,1,4,3,4,0.8133840523680179,80.0625,True,0.6324461291159064
1tej__B1_P0C6B5--1tej__A1_P0C6B4,2,4,2,4,0.8284310544585732,79.75,True,0.655411003147467
1tej__B1_P0C6B5--1tej__A1_P0C6B4,3,4,0,4,0.8240239358872327,79.625,True,0.6371078566740381
1tej__B1_P0C6B5--1tej__A1_P0C6B4,4,4,1,4,0.8243697623483207,79.625,True,0.6099818693841643
1tej__B1_P0C6B5--1tej__A1_P0C6B4,5,5,0,4,0.810805910903866,79.25,True,0.5648525650203804
1tej__B1_P0C6B5--1tej__A1_P0C6B4,6,5,3,4,0.8003311090620634,79.125,True,0.5429990405970758
1tej__B1_P0C6B5--1tej__A1_P0C6B4,7,5,1,4,0.8028572321991011,78.9375,True,0.5558710339658087
1tej__B1_P0C6B5--1tej__A1_P0C6B4,8,2,1,4,0.8901567118469896,78.6875,True,0.5867403994198317
1tej__B1_P0C6B5--1tej__A1_P0C6B4,9,2,3,4,0.8841555182005963,78.5625,True,0.5399530567457317
1tej__B1_P0C6B5--1tej__A1_P0C6B4,10,2,0,4,0.8864952132872704,78.5,True,0.5460675621452803
1tej__B1_P0C6B5--1tej__A1_P0C6B4,11,2,2,4,0.892270838610053,78.4375,True,0.5351117501290914
1tej__B1_P0C6B5--1tej__A1_P0C6B4,12,5,2,4,0.8200538832161787,78.375,True,0.48929059767760585
1tej__B1_P0C6B5--1tej__A1_P0C6B4,13,1,1,4,0.8509994176940231,78.3125,True,0.4856872948139453
1tej__B1_P0C6B5--1tej__A1_P0C6B4,14,1,3,4,0.8379445216156648,78.125,True,0.4065085454828422
1tej__B1_P0C6B5--1tej__A1_P0C6B4,15,1,0,4,0.8486892483150491,78.125,True,0.41010746498087625
1tej__B1_P0C6B5--1tej__A1_P0C6B4,16,1,2,4,0.8499185820561692,77.875,True,0.3971159345958888
1tej__B1_P0C6B5--1tej__A1_P0C6B4,17,3,2,4,0.8418066344116825,76.0625,True,0.37938776023025517
1tej__B1_P0C6B5--1tej__A1_P0C6B4,18,3,1,4,0.8439656969462711,75.8125,True,0.4262530549141164
1tej__B1_P0C6B5--1tej__A1_P0C6B4,19,3,0,4,0.8472099787803402,75.75,True,0.4038437241470527
1tej__B1_P0C6B5--1tej__A1_P0C6B4,20,3,3,4,0.8424716436069373,75.3125,True,0.36569302809314874
1tf0__A1_P02768--1tf0__B1_Q51911,1,5,1,0,0.8599519092712029,94.875,True,0.6442852177615698
1tf0__A1_P02768--1tf0__B1_Q51911,2,5,3,0,0.8597976550473138,94.75,True,0.5824438935342133
1tf0__A1_P02768--1tf0__B1_Q51911,3,5,2,0,0.8619076420290083,94.6875,True,0.5793340912258034
1tf0__A1_P02768--1tf0__B1_Q51911,4,1,0,0,0.878346425605636,94.625,True,0.6203060126556766
1tf0__A1_P02768--1tf0__B1_Q51911,5,2,0,0,0.8673733946863798,94.625,True,0.5926517057855669
1tf0__A1_P02768--1tf0__B1_Q51911,6,5,0,0,0.8615057618651504,94.625,True,0.5770339767069077
1tf0__A1_P02768--1tf0__B1_Q51911,7,2,1,0,0.8699854506573937,94.4375,True,0.5995614545439734
1tf0__A1_P02768--1tf0__B1_Q51911,8,1,1,0,0.8692312216158894,94.3125,True,0.5555924604262954
1tf0__A1_P02768--1tf0__B1_Q51911,9,4,1,0,0.8570694332725827,94.3125,True,0.5162565732008432
1tf0__A1_P02768--1tf0__B1_Q51911,10,3,1,0,0.8670142596479747,94.25,True,0.533729852367383
1tf0__A1_P02768--1tf0__B1_Q51911,11,1,2,0,0.8679710465609783,94.125,True,0.5005712320837855
1tf0__A1_P02768--1tf0__B1_Q51911,12,4,0,0,0.856565778966598,94.125,True,0.46346348872844495
1tf0__A1_P02768--1tf0__B1_Q51911,13,3,3,0,0.8661155564764824,94.125,True,0.48692366042569984
1tf0__A1_P02768--1tf0__B1_Q51911,14,4,3,0,0.8538490177586091,94.0625,True,0.43294657032769523
1tf0__A1_P02768--1tf0__B1_Q51911,15,2,2,0,0.8695660060849707,93.9375,True,0.4452022766439344
1tf0__A1_P02768--1tf0__B1_Q51911,16,3,2,0,0.861018353515416,93.9375,True,0.4309899007070826
1tf0__A1_P02768--1tf0__B1_Q51911,17,3,0,0,0.8615590860061758,93.9375,True,0.42658587689676136
1tf0__A1_P02768--1tf0__B1_Q51911,18,4,2,0,0.8565467895573168,93.875,True,0.40502192061441655
1tf0__A1_P02768--1tf0__B1_Q51911,19,1,3,0,0.8736590597183822,93.6875,True,0.4032947614708089
1tf0__A1_P02768--1tf0__B1_Q51911,20,2,3,0,0.8646561568487305,93.4375,True,0.36184519142474153
1tj7__A1_P11447--1tj7__B1_P11447,1,4,3,2,0.0251540870247101,87.625,False,0.6415858834017127
1tj7__A1_P11447--1tj7__B1_P11447,2,4,0,2,0.0208539560536907,87.5,False,0.6280893012284724
1tj7__A1_P11447--1tj7__B1_P11447,3,4,2,2,0.0251507012137512,87.0,False,0.6143899476729139
1tj7__A1_P11447--1tj7__B1_P11447,4,4,1,2,0.0251562571857713,86.25,False,0.595835791763271
1tj7__A1_P11447--1tj7__B1_P11447,5,5,3,2,0.009008039331964,84.6875,False,0.5911656783379647
1tj7__A1_P11447--1tj7__B1_P11447,6,5,0,2,0.0090176225573507,84.375,False,0.5722720170601946
1tj7__A1_P11447--1tj7__B1_P11447,7,1,3,2,0.0251521192498786,84.125,False,0.557155653905601
1tj7__A1_P11447--1tj7__B1_P11447,8,1,1,2,0.0251549848921585,83.0,False,0.5358377269351768
1tj7__A1_P11447--1tj7__B1_P11447,9,5,2,2,0.0090084163185668,82.9375,False,0.5368157104295346
1tj7__A1_P11447--1tj7__B1_P11447,10,1,2,2,0.0208703022177642,82.5625,False,0.5088781119834701
1tj7__A1_P11447--1tj7__B1_P11447,11,2,1,2,0.0208507141378404,80.9375,False,0.49584874192009964
1tj7__A1_P11447--1tj7__B1_P11447,12,1,0,2,0.0229949461132906,80.625,False,0.488613799141487
1tj7__A1_P11447--1tj7__B1_P11447,13,2,3,2,0.0208063613561845,80.375,False,0.4694521021500458
1tj7__A1_P11447--1tj7__B1_P11447,14,5,1,2,0.6860411335468531,79.375,True,0.4605074963923209
1tj7__A1_P11447--1tj7__B1_P11447,15,2,2,2,0.0251747335608558,76.1875,False,0.4402593474819803
1tj7__A1_P11447--1tj7__B1_P11447,16,3,3,2,0.0090186355932331,75.8125,False,0.431849071852317
1tj7__A1_P11447--1tj7__B1_P11447,17,3,0,2,0.0090243376168029,75.4375,False,0.4110520737253197
1tj7__A1_P11447--1tj7__B1_P11447,18,3,2,2,0.0090152863298344,75.3125,False,0.40353394011253546
1tj7__A1_P11447--1tj7__B1_P11447,19,3,1,2,0.0090194805976182,74.75,False,0.3863863071546409
1tj7__A1_P11447--1tj7__B1_P11447,20,2,0,2,0.6695871721036664,55.3125,True,0.37191069877152755
1ujw__A1_P06129--1ujw__B1_P00646,1,5,0,1,0.8470985296867936,90.25,True,0.6282443161459716
1ujw__A1_P06129--1ujw__B1_P00646,2,5,1,1,0.8448851805274148,90.0625,True,0.614099741471885
1ujw__A1_P06129--1ujw__B1_P00646,3,4,0,1,0.8465662736039873,89.8125,True,0.5980601590064553
1ujw__A1_P06129--1ujw__B1_P00646,4,4,1,1,0.8416270919006975,89.375,True,0.5772943691967848
1ujw__A1_P06129--1ujw__B1_P00646,5,5,2,1,0.8425490338372024,89.25,True,0.5448032009429038
1ujw__A1_P06129--1ujw__B1_P00646,6,4,3,1,0.8312787751361187,89.1875,True,0.5404895167481129
1ujw__A1_P06129--1ujw__B1_P00646,7,1,0,1,0.8412537664290715,89.0,True,0.6159048003313062
1ujw__A1_P06129--1ujw__B1_P00646,8,5,3,1,0.8293413016808043,88.75,True,0.5519329054241956
1ujw__A1_P06129--1ujw__B1_P00646,9,2,3,1,0.828869537328694,87.9375,True,0.4703097830194536
1ujw__A1_P06129--1ujw__B1_P00646,10,2,0,1,0.8425950726267543,87.9375,True,0.48674074813848245
1ujw__A1_P06129--1ujw__B1_P00646,11,4,2,1,0.7555870596681965,87.75,True,0.4618219806252634
1ujw__A1_P06129--1ujw__B1_P00646,12,3,2,1,0.8353195234643973,87.6875,True,0.4600544355913497
1ujw__A1_P06129--1ujw__B1_P00646,13,1,3,1,0.8162230655649617,87.5,True,0.49205025800749735
1ujw__A1_P06129--1ujw__B1_P00646,14,1,1,1,0.81449598980962,87.25,True,0.5270111282170257
1ujw__A1_P06129--1ujw__B1_P00646,15,3,0,1,0.7776617607530488,86.8125,True,0.4571261989516817
1ujw__A1_P06129--1ujw__B1_P00646,16,1,2,1,0.8034408114999095,86.625,True,0.4996396518919503
1ujw__A1_P06129--1ujw__B1_P00646,17,3,3,1,0.8268415236484467,86.25,True,0.4305206036248166
1ujw__A1_P06129--1ujw__B1_P00646,18,2,2,1,0.8079378629848417,85.8125,True,0.39210142362740164
1ujw__A1_P06129--1ujw__B1_P00646,19,2,1,1,0.8105196139056862,85.75,True,0.40872855666459074
1ujw__A1_P06129--1ujw__B1_P00646,20,3,1,1,0.7181760705805885,84.4375,True,0.3804078045207496
1v5v__A1_O58888--1v5v__B1_O58888,1,1,1,4,0.801073856130179,91.3125,True,0.668298189550973
1v5v__A1_O58888--1v5v__B1_O58888,2,1,0,4,0.393049161517741,85.8125,True,0.648280050179247
1v5v__A1_O58888--1v5v__B1_O58888,3,3,2,4,0.5158549693070005,85.5625,True,0.6008779078327671
1v5v__A1_O58888--1v5v__B1_O58888,4,3,1,4,0.5639463777930067,84.6875,True,0.630106216736573
1v5v__A1_O58888--1v5v__B1_O58888,5,1,2,4,0.4228907538309499,83.5,True,0.5784599095520524
1v5v__A1_O58888--1v5v__B1_O58888,6,3,0,4,0.4418818756744007,83.0625,True,0.5130604964298355
1v5v__A1_O58888--1v5v__B1_O58888,7,3,3,4,0.5047275113412993,82.6875,True,0.5519794827158003
1v5v__A1_O58888--1v5v__B1_O58888,8,2,3,4,0.3801047191291815,82.6875,True,0.5274552833734002
1v5v__A1_O58888--1v5v__B1_O58888,9,2,2,4,0.4154197519603111,82.625,True,0.5578080847445048
1v5v__A1_O58888--1v5v__B1_O58888,10,5,3,4,0.54755190611391,82.375,True,0.5523335121339574
1v5v__A1_O58888--1v5v__B1_O58888,11,1,3,4,0.4231486109881459,82.3125,True,0.5176733978945035
1v5v__A1_O58888--1v5v__B1_O58888,12,5,2,4,0.5033511695634126,80.9375,True,0.4587577100345752
1v5v__A1_O58888--1v5v__B1_O58888,13,5,1,4,0.5106843309315238,80.4375,True,0.4541538726073232
1v5v__A1_O58888--1v5v__B1_O58888,14,4,0,4,0.4409907757959765,80.0625,True,0.5623097379326539
1v5v__A1_O58888--1v5v__B1_O58888,15,2,1,4,0.4706911751439149,79.875,True,0.42767670499092697
1v5v__A1_O58888--1v5v__B1_O58888,16,2,0,4,0.4787922883310156,78.625,True,0.41433239867389576
1v5v__A1_O58888--1v5v__B1_O58888,17,5,0,4,0.3667985524911549,78.5,True,0.359268273077546
1v5v__A1_O58888--1v5v__B1_O58888,18,4,2,4,0.4288161958336614,77.1875,True,0.4452294474396107
1v5v__A1_O58888--1v5v__B1_O58888,19,4,1,4,0.3472495330344982,76.25,True,0.3508775223396265
1v5v__A1_O58888--1v5v__B1_O58888,20,4,3,4,0.4298241911823043,72.0,True,0.35345687370906326
1vc1__A1_Q9X1F5--1vc1__B1_Q9X1F5,1,5,3,3,0.906277161243982,87.75,True,0.6614858700232774
1vc1__A1_Q9X1F5--1vc1__B1_Q9X1F5,2,5,0,3,0.904892964286588,87.5625,True,0.6335053660349128
1vc1__A1_Q9X1F5--1vc1__B1_Q9X1F5,3,5,1,3,0.9045658793979374,87.5,True,0.6437285406703287
1vc1__A1_Q9X1F5--1vc1__B1_Q9X1F5,4,5,2,3,0.9100898872844142,86.5625,True,0.6151342470186344
1vc1__A1_Q9X1F5--1vc1__B1_Q9X1F5,5,3,1,3,0.8262657534126531,86.375,True,0.5991569604251347
1vc1__A1_Q9X1F5--1vc1__B1_Q9X1F5,6,3,2,3,0.8805209609277688,85.3125,True,0.5819318012930512
1vc1__A1_Q9X1F5--1vc1__B1_Q9X1F5,7,2,3,3,0.9074020812607224,85.25,True,0.5676382776623329
1vc1__A1_Q9X1F5--1vc1__B1_Q9X1F5,8,2,0,3,0.9152174632106728,83.625,True,0.5500757687530435
1vc1__A1_Q9X1F5--1vc1__B1_Q9X1F5,9,2,2,3,0.9174139633596148,83.3125,True,0.5232930783085067
1vc1__A1_Q9X1F5--1vc1__B1_Q9X1F5,10,3,3,3,0.8668502284777663,82.8125,True,0.5231052614909738
1vc1__A1_Q9X1F5--1vc1__B1_Q9X1F5,11,2,1,3,0.9160109354201862,82.6875,True,0.5038124551873593
1vc1__A1_Q9X1F5--1vc1__B1_Q9X1F5,12,4,0,3,0.8734283101294859,79.375,True,0.483258191209408
1vc1__A1_Q9X1F5--1vc1__B1_Q9X1F5,13,1,1,3,0.8846734755345135,78.375,True,0.45806077680188373
1vc1__A1_Q9X1F5--1vc1__B1_Q9X1F5,14,1,0,3,0.8474776768293412,77.875,True,0.4514798002124095
1vc1__A1_Q9X1F5--1vc1__B1_Q9X1F5,15,4,2,3,0.9079442564808572,77.375,True,0.4402653914293308
1vc1__A1_Q9X1F5--1vc1__B1_Q9X1F5,16,4,3,3,0.9286237645090332,77.3125,True,0.4170339314781462
1vc1__A1_Q9X1F5--1vc1__B1_Q9X1F5,17,1,2,3,0.8117413077057772,74.3125,True,0.4008430395748654
1vc1__A1_Q9X1F5--1vc1__B1_Q9X1F5,18,1,3,3,0.7441645302217884,72.6875,True,0.3848657529813655
1vc1__A1_Q9X1F5--1vc1__B1_Q9X1F5,19,4,1,3,0.8225372912795373,62.8125,True,0.36913295816139585
1vc1__A1_Q9X1F5--1vc1__B1_Q9X1F5,20,3,0,3,0.0734336730823427,51.125,False,0.35367352590478235
1vf6__A1_Q8NI35--1vf6__C1_Q9JLB2,1,5,0,3,0.8263850762211051,82.0,True,0.6614858700232774
1vf6__A1_Q8NI35--1vf6__C1_Q9JLB2,2,5,2,3,0.8161533194964967,81.8125,True,0.6463264740952176
1vf6__A1_Q8NI35--1vf6__C1_Q9JLB2,3,5,1,3,0.8307405089663762,81.6875,True,0.621329117433377
1vf6__A1_Q8NI35--1vf6__C1_Q9JLB2,4,2,1,3,0.8361459747960417,81.375,True,0.6000704509232663
1vf6__A1_Q8NI35--1vf6__C1_Q9JLB2,5,5,3,3,0.828881227476976,81.3125,True,0.5804733582313117
1vf6__A1_Q8NI35--1vf6__C1_Q9JLB2,6,2,3,3,0.8394749390075278,81.3125,True,0.5995911763110974
1vf6__A1_Q8NI35--1vf6__C1_Q9JLB2,7,2,0,3,0.8409241363087233,81.125,True,0.5799428040073424
1vf6__A1_Q8NI35--1vf6__C1_Q9JLB2,8,2,2,3,0.8374885931217154,80.875,True,0.5500757687530435
1vf6__A1_Q8NI35--1vf6__C1_Q9JLB2,9,1,3,3,0.7967667509185646,80.5,True,0.5427481248635411
1vf6__A1_Q8NI35--1vf6__C1_Q9JLB2,10,1,1,3,0.794985177228531,80.25,True,0.5041308077873748
1vf6__A1_Q8NI35--1vf6__C1_Q9JLB2,11,4,1,3,0.8110797395241601,80.1875,True,0.49135755403278514
1vf6__A1_Q8NI35--1vf6__C1_Q9JLB2,12,1,0,3,0.7956832805344963,79.875,True,0.4631409302710379
1vf6__A1_Q8NI35--1vf6__C1_Q9JLB2,13,4,3,3,0.7911617583828034,79.75,True,0.4784802889666474
1vf6__A1_Q8NI35--1vf6__C1_Q9JLB2,14,3,1,3,0.8252410737000074,79.6875,True,0.39845178489215627
1vf6__A1_Q8NI35--1vf6__C1_Q9JLB2,15,1,2,3,0.7948124596568853,79.5625,True,0.4433197067030042
1vf6__A1_Q8NI35--1vf6__C1_Q9JLB2,16,4,0,3,0.805729314486137,79.5625,True,0.45110936028020204
1vf6__A1_Q8NI35--1vf6__C1_Q9JLB2,17,3,3,3,0.8225087726174348,79.5,True,0.380869971515012
1vf6__A1_Q8NI35--1vf6__C1_Q9JLB2,18,4,2,3,0.7967850123040877,79.4375,True,0.4319946147689269
1vf6__A1_Q8NI35--1vf6__C1_Q9JLB2,19,3,0,3,0.8315616770152593,79.125,True,0.38208715963774864
1vf6__A1_Q8NI35--1vf6__C1_Q9JLB2,20,3,2,3,0.8227446202116009,78.875,True,0.3544995678719714
1vp7__B1_Q7VV85--1vp7__A1_Q7VV85,1,5,2,0,0.8154258714859747,86.1875,True,0.5811646285268102
1vp7__B1_Q7VV85--1vp7__A1_Q7VV85,2,3,2,0,0.8811847478639644,86.1875,True,0.5974770091502785
1vp7__B1_Q7VV85--1vp7__A1_Q7VV85,3,2,2,0,0.804842340927061,86.1875,True,0.6206529125833532
1vp7__B1_Q7VV85--1vp7__A1_Q7VV85,4,1,0,0,0.8059917716172399,86.0625,True,0.6071597689934563
1vp7__B1_Q7VV85--1vp7__A1_Q7VV85,5,2,0,0,0.8236004966573812,86.0,True,0.5304182233906883
1vp7__B1_Q7VV85--1vp7__A1_Q7VV85,6,2,3,0,0.8078975209402827,86.0,True,0.5708272617492072
1vp7__B1_Q7VV85--1vp7__A1_Q7VV85,7,1,3,0,0.8155878903059247,86.0,True,0.6074355163201319
1vp7__B1_Q7VV85--1vp7__A1_Q7VV85,8,3,0,0,0.8786657171447398,86.0,True,0.5464088685374817
1vp7__B1_Q7VV85--1vp7__A1_Q7VV85,9,1,2,0,0.8015890744669214,85.875,True,0.5762168473757482
1vp7__B1_Q7VV85--1vp7__A1_Q7VV85,10,5,3,0,0.8186900096267707,85.75,True,0.5118703365201585
1vp7__B1_Q7VV85--1vp7__A1_Q7VV85,11,3,1,0,0.8830452904683503,85.625,True,0.4599234177805033
1vp7__B1_Q7VV85--1vp7__A1_Q7VV85,12,2,1,0,0.8103458485123332,85.625,True,0.45329477028958903
1vp7__B1_Q7VV85--1vp7__A1_Q7VV85,13,1,1,0,0.8069957456887084,85.625,True,0.4802035088602843
1vp7__B1_Q7VV85--1vp7__A1_Q7VV85,14,5,1,0,0.8690312443571924,85.625,True,0.5083351133359095
1vp7__B1_Q7VV85--1vp7__A1_Q7VV85,15,5,0,0,0.8683995846748896,85.5625,True,0.5157596054411502
1vp7__B1_Q7VV85--1vp7__A1_Q7VV85,16,4,0,0,0.9031419613459288,85.5625,True,0.4120709286860031
1vp7__B1_Q7VV85--1vp7__A1_Q7VV85,17,3,3,0,0.8882941556340859,85.5625,True,0.4138130726363396
1vp7__B1_Q7VV85--1vp7__A1_Q7VV85,18,4,1,0,0.8985198784300148,85.375,True,0.3850321044711444
1vp7__B1_Q7VV85--1vp7__A1_Q7VV85,19,4,2,0,0.9045460734651992,85.375,True,0.40444614452200023
1vp7__B1_Q7VV85--1vp7__A1_Q7VV85,20,4,3,0,0.903684183172787,85.3125,True,0.37792792935052333
1x3w__A1_Q02890--1x3w__B1_P32628,1,1,0,0,0.5632389870291314,89.0,True,0.6491792219081507
1x3w__A1_Q02890--1x3w__B1_P32628,2,1,2,0,0.5719596959437975,88.875,True,0.6444454979599121
1x3w__A1_Q02890--1x3w__B1_P32628,3,2,3,0,0.5739487689567427,88.1875,True,0.630869708224054
1x3w__A1_Q02890--1x3w__B1_P32628,4,2,0,0,0.57447096522874,86.5,True,0.6112789060346601
1x3w__A1_Q02890--1x3w__B1_P32628,5,4,2,0,0.374441155879198,49.75,True,0.5958062168089577
1x3w__A1_Q02890--1x3w__B1_P32628,6,4,1,0,0.2181893754447272,44.8125,False,0.5333576024374511
1x3w__A1_Q02890--1x3w__B1_P32628,7,3,2,0,0.3375363800504722,44.03125,True,0.48329066701951495
1x3w__A1_Q02890--1x3w__B1_P32628,8,3,1,0,0.3886215033619882,43.65625,True,0.5172916793770865
1x3w__A1_Q02890--1x3w__B1_P32628,9,4,3,0,0.3478620023305903,43.625,True,0.5058497636014975
1x3w__A1_Q02890--1x3w__B1_P32628,10,4,0,0,0.2771493541409133,43.5625,True,0.5128055258310514
1x3w__A1_Q02890--1x3w__B1_P32628,11,3,0,0,0.1761566167961823,42.75,False,0.4250255162135216
1x3w__A1_Q02890--1x3w__B1_P32628,12,5,0,0,0.173147588557093,42.71875,False,0.49217744535385194
1x3w__A1_Q02890--1x3w__B1_P32628,13,3,3,0,0.155600651115355,42.5625,False,0.4328996834883799
1x3w__A1_Q02890--1x3w__B1_P32628,14,1,1,0,0.3455722304629909,42.40625,True,0.5279021931633597
1x3w__A1_Q02890--1x3w__B1_P32628,15,5,1,0,0.3002960393400556,42.34375,True,0.5024403075444528
1x3w__A1_Q02890--1x3w__B1_P32628,16,1,3,0,0.312265015325795,41.90625,True,0.4591684962180484
1x3w__A1_Q02890--1x3w__B1_P32628,17,5,3,0,0.2613799581183247,41.875,True,0.4827262703735353
1x3w__A1_Q02890--1x3w__B1_P32628,18,2,1,0,0.2479102401921435,40.90625,True,0.38255666936943644
1x3w__A1_Q02890--1x3w__B1_P32628,19,2,2,0,0.1485090499541847,40.5,False,0.3637083169074802
1x3w__A1_Q02890--1x3w__B1_P32628,20,5,2,0,0.2071884900674674,40.34375,False,0.40182706900735204
1xsv__A1_P67248--1xsv__B1_P67248,1,1,1,4,0.774596053778201,67.6875,True,0.6623821967094717
1xsv__A1_P67248--1xsv__B1_P67248,2,1,0,4,0.7811763271305933,67.375,True,0.6436901014288943
1xsv__A1_P67248--1xsv__B1_P67248,3,1,2,4,0.7565229835913433,66.875,True,0.6332745296145404
1xsv__A1_P67248--1xsv__B1_P67248,4,5,2,4,0.7302009912020883,65.6875,True,0.6475570179335524
1xsv__A1_P67248--1xsv__B1_P67248,5,5,1,4,0.7406145610718881,65.6875,True,0.6090547171224869
1xsv__A1_P67248--1xsv__B1_P67248,6,1,3,4,0.7216499294640698,64.875,True,0.557910004757596
1xsv__A1_P67248--1xsv__B1_P67248,7,5,3,4,0.7360175014311489,64.5625,True,0.5768590719826121
1xsv__A1_P67248--1xsv__B1_P67248,8,5,0,4,0.7371060154471826,62.875,True,0.5589050023876471
1xsv__A1_P67248--1xsv__B1_P67248,9,4,3,4,0.7682763252795127,57.375,True,0.539080726798162
1xsv__A1_P67248--1xsv__B1_P67248,10,2,3,4,0.6892630910826986,56.0625,True,0.4966070251453443
1xsv__A1_P67248--1xsv__B1_P67248,11,4,2,4,0.7700310688737434,55.34375,True,0.5171745383223437
1xsv__A1_P67248--1xsv__B1_P67248,12,2,2,4,0.6749906107874099,51.5,True,0.4663773006876337
1xsv__A1_P67248--1xsv__B1_P67248,13,4,1,4,0.7639495489660105,50.8125,True,0.48466795984874395
1xsv__A1_P67248--1xsv__B1_P67248,14,4,0,4,0.7609571125723478,48.40625,True,0.443763091759768
1xsv__A1_P67248--1xsv__B1_P67248,15,2,0,4,0.6709238163764812,45.90625,True,0.4516308620615716
1xsv__A1_P67248--1xsv__B1_P67248,16,2,1,4,0.6695321230298372,44.1875,True,0.4372180534754173
1xsv__A1_P67248--1xsv__B1_P67248,17,3,3,4,0.7533785983212038,35.96875,True,0.3897139557900364
1xsv__A1_P67248--1xsv__B1_P67248,18,3,1,4,0.7397362977766958,34.21875,True,0.380959188808654
1xsv__A1_P67248--1xsv__B1_P67248,19,3,0,4,0.7354783333077153,32.34375,True,0.33339715290811867
1xsv__A1_P67248--1xsv__B1_P67248,20,3,2,4,0.7365513511759431,32.21875,True,0.34106652416994615
1yt5__A1_Q9X255--1yt5__D1_Q9X255,1,1,1,4,0.0121181521907579,90.375,False,0.668298189550973
1yt5__A1_Q9X255--1yt5__D1_Q9X255,2,5,1,4,0.0367993971016604,89.1875,False,0.65259109577284
1yt5__A1_Q9X255--1yt5__D1_Q9X255,3,5,2,4,0.0491355416994905,88.25,False,0.5974213486436717
1yt5__A1_Q9X255--1yt5__D1_Q9X255,4,1,0,4,0.0491845054543362,88.0,False,0.6444883758177177
1yt5__A1_Q9X255--1yt5__D1_Q9X255,5,5,0,4,0.0491255855299257,87.9375,False,0.6180819349791562
1yt5__A1_Q9X255--1yt5__D1_Q9X255,6,5,3,4,0.0429408755952775,87.125,False,0.5664583986607118
1yt5__A1_Q9X255--1yt5__D1_Q9X255,7,1,2,4,0.0429301849959673,87.0,False,0.5897742868761814
1yt5__A1_Q9X255--1yt5__D1_Q9X255,8,2,1,4,0.0245130795144116,85.625,False,0.5523448550676545
1yt5__A1_Q9X255--1yt5__D1_Q9X255,9,1,3,4,0.0430339140463517,83.8125,False,0.5353772101515366
1yt5__A1_Q9X255--1yt5__D1_Q9X255,10,2,2,4,0.0369891955368145,82.8125,False,0.49680420843684486
1yt5__A1_Q9X255--1yt5__D1_Q9X255,11,2,0,4,0.0369258792655075,82.8125,False,0.5202856253606121
1yt5__A1_Q9X255--1yt5__D1_Q9X255,12,2,3,4,0.0246481166674029,78.1875,False,0.4824947060489539
1yt5__A1_Q9X255--1yt5__D1_Q9X255,13,4,1,4,0.0371521544564662,68.625,False,0.46503227348325143
1yt5__A1_Q9X255--1yt5__D1_Q9X255,14,3,2,4,0.0492520305108914,66.1875,False,0.44765514493234554
1yt5__A1_Q9X255--1yt5__D1_Q9X255,15,3,3,4,0.0367718222708232,64.25,False,0.430404934177932
1yt5__A1_Q9X255--1yt5__D1_Q9X255,16,4,2,4,0.0496822107032377,60.59375,False,0.4242158817035068
1yt5__A1_Q9X255--1yt5__D1_Q9X255,17,4,3,4,0.0496455620950173,60.125,False,0.4072030143139581
1yt5__A1_Q9X255--1yt5__D1_Q9X255,18,3,0,4,0.0371262089989975,57.25,False,0.36162639140464536
1yt5__A1_Q9X255--1yt5__D1_Q9X255,19,3,1,4,0.0370868390147455,56.75,False,0.36461024768895894
1yt5__A1_Q9X255--1yt5__D1_Q9X255,20,4,0,4,0.0497224295148977,55.375,False,0.3436679153203532
1z77__A1_Q9X0C0--1z77__A2_Q9X0C0,1,5,2,4,0.2755111913881322,67.1875,True,0.6557101025620494
1z77__A1_Q9X0C0--1z77__A2_Q9X0C0,2,1,2,4,0.0819532992579619,64.3125,False,0.66523500029693
1z77__A1_Q9X0C0--1z77__A2_Q9X0C0,3,1,0,4,0.0746114066526959,58.125,False,0.630375632613123
1z77__A1_Q9X0C0--1z77__A2_Q9X0C0,4,1,3,4,0.0711724669767923,55.09375,False,0.6131695868611869
1z77__A1_Q9X0C0--1z77__A2_Q9X0C0,5,1,1,4,0.0791109624823976,52.3125,False,0.6139864235862247
1z77__A1_Q9X0C0--1z77__A2_Q9X0C0,6,5,1,4,0.2445252155186413,44.90625,True,0.5483288835380971
1z77__A1_Q9X0C0--1z77__A2_Q9X0C0,7,5,0,4,0.1974940795360764,43.59375,False,0.5805320626565126
1z77__A1_Q9X0C0--1z77__A2_Q9X0C0,8,2,2,4,0.1547574008537015,42.03125,False,0.5759411503727638
1z77__A1_Q9X0C0--1z77__A2_Q9X0C0,9,4,1,4,0.0281810384554918,37.71875,False,0.4540742624552648
1z77__A1_Q9X0C0--1z77__A2_Q9X0C0,10,4,0,4,0.0681143603304449,36.75,False,0.5272346776094333
1z77__A1_Q9X0C0--1z77__A2_Q9X0C0,11,2,1,4,0.1918604255983013,36.125,False,0.5198077563916357
1z77__A1_Q9X0C0--1z77__A2_Q9X0C0,12,2,0,4,0.0703785774468475,35.90625,False,0.5129258903191707
1z77__A1_Q9X0C0--1z77__A2_Q9X0C0,13,4,2,4,0.2807799933823305,34.5625,True,0.4528152806224852
1z77__A1_Q9X0C0--1z77__A2_Q9X0C0,14,4,3,4,0.3370923416172402,33.03125,True,0.46682771118818567
1z77__A1_Q9X0C0--1z77__A2_Q9X0C0,15,3,1,4,0.1732005014585178,31.71875,False,0.41248921007510736
1z77__A1_Q9X0C0--1z77__A2_Q9X0C0,16,2,3,4,0.2347808383715066,30.96875,True,0.4205343458453775
1z77__A1_Q9X0C0--1z77__A2_Q9X0C0,17,3,2,4,0.0559034502659016,30.328125,False,0.40807732732030494
1z77__A1_Q9X0C0--1z77__A2_Q9X0C0,18,3,0,4,0.0804194268415853,29.09375,False,0.4021460430005039
1z77__A1_Q9X0C0--1z77__A2_Q9X0C0,19,3,3,4,0.0655349685587387,26.921875,False,0.36672547038545955
1z77__A1_Q9X0C0--1z77__A2_Q9X0C0,20,5,3,4,0.0888729553208065,21.734375,False,0.3410397516442983
1zop__A1_P20701--1zop__B1_P20701,1,4,0,1,0.0077177553906739,71.125,False,0.5911559071534006
1zop__A1_P20701--1zop__B1_P20701,2,4,1,1,0.0075852481108492,70.5625,False,0.6057155252297546
1zop__A1_P20701--1zop__B1_P20701,3,4,3,1,0.0073651017819236,68.8125,False,0.5921764143883358
1zop__A1_P20701--1zop__B1_P20701,4,4,2,1,0.0074854741399511,68.1875,False,0.6067238675878257
1zop__A1_P20701--1zop__B1_P20701,5,1,0,1,0.0055501545403214,43.84375,False,0.6210844412973494
1zop__A1_P20701--1zop__B1_P20701,6,1,1,1,0.0056069306404471,39.09375,False,0.6100069651898051
1zop__A1_P20701--1zop__B1_P20701,7,1,2,1,0.0056545840262189,36.625,False,0.5537702230566065
1zop__A1_P20701--1zop__B1_P20701,8,1,3,1,0.0056637506188141,32.84375,False,0.5563688308729757
1zop__A1_P20701--1zop__B1_P20701,9,3,0,1,0.0062189857174072,23.15625,False,0.4574833136298722
1zop__A1_P20701--1zop__B1_P20701,10,3,2,1,0.0060724609549085,22.40625,False,0.5076449604445437
1zop__A1_P20701--1zop__B1_P20701,11,5,0,1,0.1264248302094892,21.921875,False,0.49484248883970816
1zop__A1_P20701--1zop__B1_P20701,12,5,1,1,0.1310913163610651,21.046875,False,0.4965095004870162
1zop__A1_P20701--1zop__B1_P20701,13,3,3,1,0.0061183840059077,20.96875,False,0.4439971364143892
1zop__A1_P20701--1zop__B1_P20701,14,5,3,1,0.1303942208964652,20.96875,False,0.4826242821624758
1zop__A1_P20701--1zop__B1_P20701,15,5,2,1,0.1055412610401873,20.1875,False,0.4404646076255271
1zop__A1_P20701--1zop__B1_P20701,16,2,2,1,0.006175786105974,20.15625,False,0.4331580409302906
1zop__A1_P20701--1zop__B1_P20701,17,3,1,1,0.0067729483793499,19.859375,False,0.41332044904516096
1zop__A1_P20701--1zop__B1_P20701,18,2,0,1,0.0724482555165129,19.65625,False,0.4324118048433949
1zop__A1_P20701--1zop__B1_P20701,19,2,3,1,0.0063065996045614,19.0625,False,0.4054681372546229
1zop__A1_P20701--1zop__B1_P20701,20,2,1,1,0.015723475527695,16.703125,False,0.3911334997031843
1zoq__A1_Q14653--1zoq__B1_Q92793,1,4,1,4,0.732800017010101,88.3125,True,0.6697596272899903
1zoq__A1_Q14653--1zoq__B1_Q92793,2,4,0,4,0.7325474612599692,88.0,True,0.645652398187737
1zoq__A1_Q14653--1zoq__B1_Q92793,3,4,2,4,0.733863827671177,87.875,True,0.6496359860995217
1zoq__A1_Q14653--1zoq__B1_Q92793,4,3,3,4,0.7451890814482741,87.8125,True,0.5994550391639591
1zoq__A1_Q14653--1zoq__B1_Q92793,5,2,3,4,0.7121428961569617,87.625,True,0.5340489264343793
1zoq__A1_Q14653--1zoq__B1_Q92793,6,3,1,4,0.7481723326935432,87.3125,True,0.46500296576737377
1zoq__A1_Q14653--1zoq__B1_Q92793,7,2,2,4,0.7322237536299885,87.1875,True,0.5732391456777632
1zoq__A1_Q14653--1zoq__B1_Q92793,8,3,0,4,0.7468420314814218,87.1875,True,0.4533218131580659
1zoq__A1_Q14653--1zoq__B1_Q92793,9,5,0,4,0.7242380626743904,86.875,True,0.519300375001756
1zoq__A1_Q14653--1zoq__B1_Q92793,10,3,2,4,0.7448639179784395,86.875,True,0.5443767285121628
1zoq__A1_Q14653--1zoq__B1_Q92793,11,2,1,4,0.7601945185496537,86.875,True,0.5557710338908286
1zoq__A1_Q14653--1zoq__B1_Q92793,12,5,2,4,0.6834846095607868,86.8125,True,0.431860357247413
1zoq__A1_Q14653--1zoq__B1_Q92793,13,4,3,4,0.728715429607672,86.8125,True,0.5615272538007376
1zoq__A1_Q14653--1zoq__B1_Q92793,14,5,3,4,0.7201311435996708,86.5625,True,0.40239856973007354
1zoq__A1_Q14653--1zoq__B1_Q92793,15,2,0,4,0.695032504026632,86.25,True,0.4145925191750312
1zoq__A1_Q14653--1zoq__B1_Q92793,16,5,1,4,0.7079987280382177,86.1875,True,0.5182890600314984
1zoq__A1_Q14653--1zoq__B1_Q92793,17,1,3,4,0.7271512292224979,85.1875,True,0.4323966194943489
1zoq__A1_Q14653--1zoq__B1_Q92793,18,1,0,4,0.6911700543408394,85.1875,True,0.36580033877790885
1zoq__A1_Q14653--1zoq__B1_Q92793,19,1,1,4,0.7306677742653666,85.125,True,0.4645094924037827
1zoq__A1_Q14653--1zoq__B1_Q92793,20,1,2,4,0.722144809875771,84.75,True,0.3654710051582569
1zp6__A1_A9CEJ3--1zp6__A2_A9CEJ3,1,3,3,3,0.8207619958199516,89.1875,True,0.6420963461593922
1zp6__A1_A9CEJ3--1zp6__A2_A9CEJ3,2,4,2,3,0.8110724707103634,88.8125,True,0.6373502049806377
1zp6__A1_A9CEJ3--1zp6__A2_A9CEJ3,3,3,2,3,0.8373195434728302,88.8125,True,0.5898205556767566
1zp6__A1_A9CEJ3--1zp6__A2_A9CEJ3,4,4,0,3,0.8283388553539944,88.75,True,0.623683673110585
1zp6__A1_A9CEJ3--1zp6__A2_A9CEJ3,5,4,3,3,0.8259186285881591,88.625,True,0.5970181775729082
1zp6__A1_A9CEJ3--1zp6__A2_A9CEJ3,6,3,1,3,0.8529993598674261,88.5625,True,0.5781488431015576
1zp6__A1_A9CEJ3--1zp6__A2_A9CEJ3,7,1,1,3,0.8269194835680628,88.5625,True,0.5494525599729954
1zp6__A1_A9CEJ3--1zp6__A2_A9CEJ3,8,5,1,3,0.8423597439264118,88.4375,True,0.5826122506049547
1zp6__A1_A9CEJ3--1zp6__A2_A9CEJ3,9,1,3,3,0.8218669218648617,88.375,True,0.5287041721615815
1zp6__A1_A9CEJ3--1zp6__A2_A9CEJ3,10,2,1,3,0.8513361261164304,88.25,True,0.5001463781136318
1zp6__A1_A9CEJ3--1zp6__A2_A9CEJ3,11,3,0,3,0.8218301707551486,88.1875,True,0.5320704757535338
1zp6__A1_A9CEJ3--1zp6__A2_A9CEJ3,12,4,1,3,0.834043282468194,88.0,True,0.5104211903610525
1zp6__A1_A9CEJ3--1zp6__A2_A9CEJ3,13,5,3,3,0.8227125359060722,87.875,True,0.4852361988046264
1zp6__A1_A9CEJ3--1zp6__A2_A9CEJ3,14,1,2,3,0.8185811019156826,87.0,True,0.4536426978527612
1zp6__A1_A9CEJ3--1zp6__A2_A9CEJ3,15,5,0,3,0.8369272545435904,86.4375,True,0.4197676158148993
1zp6__A1_A9CEJ3--1zp6__A2_A9CEJ3,16,5,2,3,0.820930346769886,86.3125,True,0.426971878434992
1zp6__A1_A9CEJ3--1zp6__A2_A9CEJ3,17,1,0,3,0.8435388152612183,84.875,True,0.3926656204953689
1zp6__A1_A9CEJ3--1zp6__A2_A9CEJ3,18,2,0,3,0.8322063922075146,84.1875,True,0.37879237099591484
1zp6__A1_A9CEJ3--1zp6__A2_A9CEJ3,19,2,3,3,0.846540191302144,84.125,True,0.38318775012594475
1zp6__A1_A9CEJ3--1zp6__A2_A9CEJ3,20,2,2,3,0.842192296069351,80.8125,True,0.35367352590478235
2a1j__B1_P07992--2a1j__A1_Q92889,1,5,1,2,0.8259670552008265,86.4375,True,0.6415858834017127
2a1j__B1_P07992--2a1j__A1_Q92889,2,5,3,2,0.7971188949244059,86.125,True,0.5870907897052996
2a1j__B1_P07992--2a1j__A1_Q92889,3,5,0,2,0.7905836396764788,86.0625,True,0.5888599450659807
2a1j__B1_P07992--2a1j__A1_Q92889,4,5,2,2,0.8215682151562725,85.875,True,0.5690781105206579
2a1j__B1_P07992--2a1j__A1_Q92889,5,4,1,2,0.7817750432102447,85.125,True,0.586460526759568
2a1j__B1_P07992--2a1j__A1_Q92889,6,4,3,2,0.7732279781005404,85.0,True,0.5891759886469384
2a1j__B1_P07992--2a1j__A1_Q92889,7,4,0,2,0.7794580038813855,84.875,True,0.580236434488726
2a1j__B1_P07992--2a1j__A1_Q92889,8,4,2,2,0.7836482548242136,84.4375,True,0.5523743650113471
2a1j__B1_P07992--2a1j__A1_Q92889,9,3,1,2,0.8535394394738938,83.0625,True,0.5480160170221553
2a1j__B1_P07992--2a1j__A1_Q92889,10,3,2,2,0.8552285743857045,82.6875,True,0.5297510813621676
2a1j__B1_P07992--2a1j__A1_Q92889,11,3,0,2,0.8529600201966728,82.6875,True,0.518770633546077
2a1j__B1_P07992--2a1j__A1_Q92889,12,2,1,2,0.803964048022756,82.3125,True,0.47895995585358614
2a1j__B1_P07992--2a1j__A1_Q92889,13,2,2,2,0.8389553269294933,81.875,True,0.4716806169983599
2a1j__B1_P07992--2a1j__A1_Q92889,14,2,3,2,0.8114535259458336,81.5,True,0.4537851770213547
2a1j__B1_P07992--2a1j__A1_Q92889,15,2,0,2,0.8053597183161324,81.3125,True,0.4346146475512524
2a1j__B1_P07992--2a1j__A1_Q92889,16,3,3,2,0.8536588484158071,81.25,True,0.4434095213462741
2a1j__B1_P07992--2a1j__A1_Q92889,17,1,3,2,0.751821045685323,80.875,True,0.4089859477022668
2a1j__B1_P07992--2a1j__A1_Q92889,18,1,1,2,0.7532905171428143,80.75,True,0.4120784431394876
2a1j__B1_P07992--2a1j__A1_Q92889,19,1,0,2,0.776375164733529,80.6875,True,0.3829270481488492
2a1j__B1_P07992--2a1j__A1_Q92889,20,1,2,2,0.7894008978030929,79.375,True,0.36677426352447984
2a3l__A1_O80452--2a3l__A2_O80452,1,4,0,0,0.2258004733289797,88.375,False,0.652061574321747
2a3l__A1_O80452--2a3l__A2_O80452,2,4,1,0,0.227408817512064,87.6875,False,0.6372488773954454
2a3l__A1_O80452--2a3l__A2_O80452,3,4,3,0,0.2228196639287334,86.4375,False,0.6205777363995597
2a3l__A1_O80452--2a3l__A2_O80452,4,4,2,0,0.2147407780453557,86.25,False,0.5965277944240944
2a3l__A1_O80452--2a3l__A2_O80452,5,5,1,0,0.2188620618190728,85.0625,False,0.6121754840535784
2a3l__A1_O80452--2a3l__A2_O80452,6,5,0,0,0.2081326426671301,84.375,False,0.5891681053960928
2a3l__A1_O80452--2a3l__A2_O80452,7,5,3,0,0.2042249688145332,83.8125,False,0.5688765513423725
2a3l__A1_O80452--2a3l__A2_O80452,8,1,0,0,0.2463812466805072,83.4375,True,0.5474405039598633
2a3l__A1_O80452--2a3l__A2_O80452,9,2,2,0,0.2212486246017556,83.0,False,0.519780453386874
2a3l__A1_O80452--2a3l__A2_O80452,10,5,2,0,0.2076749943826291,82.9375,False,0.4826954653885021
2a3l__A1_O80452--2a3l__A2_O80452,11,2,0,0,0.2345104233602161,82.8125,True,0.49566931743673187
2a3l__A1_O80452--2a3l__A2_O80452,12,2,1,0,0.2196223894912078,82.6875,False,0.48309151674312517
2a3l__A1_O80452--2a3l__A2_O80452,13,2,3,0,0.2333520794770359,82.6875,True,0.504037865881177
2a3l__A1_O80452--2a3l__A2_O80452,14,1,3,0,0.2431234518146741,82.5,True,0.45726024347923955
2a3l__A1_O80452--2a3l__A2_O80452,15,1,1,0,0.2474822162326518,82.5,True,0.445535894293636
2a3l__A1_O80452--2a3l__A2_O80452,16,1,2,0,0.2638780472604985,82.3125,True,0.419859331649136
2a3l__A1_O80452--2a3l__A2_O80452,17,3,1,0,0.1944327014566021,75.3125,False,0.38929869903285963
2a3l__A1_O80452--2a3l__A2_O80452,18,3,0,0,0.1910192474303293,75.3125,False,0.4036086838977087
2a3l__A1_O80452--2a3l__A2_O80452,19,3,3,0,0.1852268076517376,73.6875,False,0.3734694332333938
2a3l__A1_O80452--2a3l__A2_O80452,20,3,2,0,0.1878744231945719,72.9375,False,0.35846526227729325
2apo__A1_Q57612--2apo__B1_P81303,1,4,0,1,0.769453718653959,90.4375,True,0.6373033260027056
2apo__A1_Q57612--2apo__B1_P81303,2,4,1,1,0.7696087328691347,90.25,True,0.6195021849281823
2apo__A1_Q57612--2apo__B1_P81303,3,5,2,1,0.7868052095204802,90.1875,True,0.6212698352229318
2apo__A1_Q57612--2apo__B1_P81303,4,5,0,1,0.7900513427216252,89.8125,True,0.588186290722324
2apo__A1_Q57612--2apo__B1_P81303,5,5,1,1,0.7898234001788597,89.75,True,0.5787497573629568
2apo__A1_Q57612--2apo__B1_P81303,6,4,3,1,0.7657368786140948,89.75,True,0.5712736523806327
2apo__A1_Q57612--2apo__B1_P81303,7,4,2,1,0.7756607175866042,89.6875,True,0.5609127734981311
2apo__A1_Q57612--2apo__B1_P81303,8,5,3,1,0.7753329021816243,89.4375,True,0.544641122551743
2apo__A1_Q57612--2apo__B1_P81303,9,1,0,1,0.7668294969752983,89.1875,True,0.5542903311091635
2apo__A1_Q57612--2apo__B1_P81303,10,1,2,1,0.7664605443820011,88.625,True,0.49561694964723774
2apo__A1_Q57612--2apo__B1_P81303,11,3,3,1,0.7779631874734748,88.375,True,0.481648069976492
2apo__A1_Q57612--2apo__B1_P81303,12,1,1,1,0.7610330138890665,88.125,True,0.43511003403871834
2apo__A1_Q57612--2apo__B1_P81303,13,3,0,1,0.781642738863034,88.0,True,0.4428733662147264
2apo__A1_Q57612--2apo__B1_P81303,14,1,3,1,0.7700688183142478,87.875,True,0.4236796901869354
2apo__A1_Q57612--2apo__B1_P81303,15,3,1,1,0.7881703587049141,87.875,True,0.4285379248671647
2apo__A1_Q57612--2apo__B1_P81303,16,3,2,1,0.781642963158931,87.75,True,0.4553992396640497
2apo__A1_Q57612--2apo__B1_P81303,17,2,0,1,0.7730271695826482,86.9375,True,0.4729663579416678
2apo__A1_Q57612--2apo__B1_P81303,18,2,2,1,0.7779051782343194,86.75,True,0.44920326509263386
2apo__A1_Q57612--2apo__B1_P81303,19,2,1,1,0.7790004248998271,86.5625,True,0.37451489607473365
2apo__A1_Q57612--2apo__B1_P81303,20,2,3,1,0.7710908427726375,86.375,True,0.4002200613800906
2aye__B1_Q84294--2aye__A1_Q84294,1,1,1,4,0.6557737066857915,86.1875,True,0.6623821967094717
2aye__B1_Q84294--2aye__A1_Q84294,2,1,0,4,0.6563798596074739,85.6875,True,0.6343069719068511
2aye__B1_Q84294--2aye__A1_Q84294,3,5,1,4,0.6567587024763852,85.4375,True,0.5853765733570081
2aye__B1_Q84294--2aye__A1_Q84294,4,1,3,4,0.657449457444788,85.3125,True,0.6327326720817278
2aye__B1_Q84294--2aye__A1_Q84294,5,5,3,4,0.6578191148268767,85.0,True,0.5761285015673969
2aye__B1_Q84294--2aye__A1_Q84294,6,1,2,4,0.6581942836045965,85.0,True,0.613748642460129
2aye__B1_Q84294--2aye__A1_Q84294,7,5,0,4,0.6568715578056344,84.9375,True,0.5412273913504548
2aye__B1_Q84294--2aye__A1_Q84294,8,2,3,4,0.5908059169952011,84.375,True,0.5715379165479962
2aye__B1_Q84294--2aye__A1_Q84294,9,5,2,4,0.6616240814768052,84.1875,True,0.4958882055532739
2aye__B1_Q84294--2aye__A1_Q84294,10,2,0,4,0.5741575143702348,84.1875,True,0.5532054313105069
2aye__B1_Q84294--2aye__A1_Q84294,11,2,2,4,0.5745392638181408,84.125,True,0.5568273817325733
2aye__B1_Q84294--2aye__A1_Q84294,12,2,1,4,0.5991208697540883,84.125,True,0.5050723416761165
2aye__B1_Q84294--2aye__A1_Q84294,13,4,1,4,0.6452224682063087,72.375,True,0.46503227348325143
2aye__B1_Q84294--2aye__A1_Q84294,14,4,0,4,0.6349931733243257,62.3125,True,0.44765514493234554
2aye__B1_Q84294--2aye__A1_Q84294,15,4,3,4,0.635099256528661,60.625,True,0.430404934177932
2aye__B1_Q84294--2aye__A1_Q84294,16,4,2,4,0.6475324029050866,57.15625,True,0.4133220330838347
2aye__B1_Q84294--2aye__A1_Q84294,17,3,2,4,0.6563346181518562,47.84375,True,0.4112023086746473
2aye__B1_Q84294--2aye__A1_Q84294,18,3,1,4,0.6608629206771115,47.59375,True,0.37261856965939827
2aye__B1_Q84294--2aye__A1_Q84294,19,3,3,4,0.6238768662361341,45.75,True,0.3514706993344134
2aye__B1_Q84294--2aye__A1_Q84294,20,3,0,4,0.6188173010241377,45.6875,True,0.352306369337981
2b11__A1_P00431--2b11__B1_P00044,1,5,2,1,0.8752306944692506,86.8125,True,0.6373033260027056
2b11__A1_P00431--2b11__B1_P00044,2,2,0,1,0.8463382614313661,85.9375,True,0.6195921954792504
2b11__A1_P00431--2b11__B1_P00044,3,3,2,1,0.8921201049251133,85.3125,True,0.6154870344255977
2b11__A1_P00431--2b11__B1_P00044,4,3,0,1,0.9155282352975442,83.875,True,0.583337302436408
2b11__A1_P00431--2b11__B1_P00044,5,3,3,1,0.8928576427612782,83.75,True,0.5885789338889031
2b11__A1_P00431--2b11__B1_P00044,6,5,0,1,0.8778152973104808,83.5625,True,0.5793338764578367
2b11__A1_P00431--2b11__B1_P00044,7,1,0,1,0.8976973265748639,82.5,True,0.5644274606751998
2b11__A1_P00431--2b11__B1_P00044,8,1,3,1,0.9055500879709548,82.3125,True,0.5410501885356445
2b11__A1_P00431--2b11__B1_P00044,9,5,3,1,0.8878512684624926,82.1875,True,0.5293106402522554
2b11__A1_P00431--2b11__B1_P00044,10,1,2,1,0.8998855109505707,81.75,True,0.49922058805209746
2b11__A1_P00431--2b11__B1_P00044,11,3,1,1,0.8870258532321644,81.75,True,0.4980527930011378
2b11__A1_P00431--2b11__B1_P00044,12,2,2,1,0.8839077651386008,81.75,True,0.5015691291015226
2b11__A1_P00431--2b11__B1_P00044,13,4,0,1,0.8944544471799659,81.0625,True,0.4622126891070325
2b11__A1_P00431--2b11__B1_P00044,14,2,3,1,0.8808179308628278,80.1875,True,0.4601945826526955
2b11__A1_P00431--2b11__B1_P00044,15,1,1,1,0.8977713473563452,78.9375,True,0.4391628729615778
2b11__A1_P00431--2b11__B1_P00044,16,4,2,1,0.8893214344797035,78.9375,True,0.43592241222863365
2b11__A1_P00431--2b11__B1_P00044,17,2,1,1,0.9021824346859588,78.5,True,0.41502495225045716
2b11__A1_P00431--2b11__B1_P00044,18,5,1,1,0.889948577130792,73.875,True,0.40261640335786997
2b11__A1_P00431--2b11__B1_P00044,19,4,1,1,0.7909788282654042,49.34375,True,0.38913656467735946
2b11__A1_P00431--2b11__B1_P00044,20,4,3,1,0.7614746925234711,47.46875,True,0.375824110397241
2b42__A1_Q8H0K8--2b42__B1_P18429,1,5,0,0,0.8730729438811732,92.25,True,0.6562668252567563
2b42__A1_Q8H0K8--2b42__B1_P18429,2,5,2,0,0.8737667264432823,91.9375,True,0.6284434172502397
2b42__A1_Q8H0K8--2b42__B1_P18429,3,4,3,0,0.8632214539713088,91.625,True,0.6280972032290529
2b42__A1_Q8H0K8--2b42__B1_P18429,4,4,2,0,0.8771720733692207,91.4375,True,0.6028556143153614
2b42__A1_Q8H0K8--2b42__B1_P18429,5,5,3,0,0.8599208145873715,91.3125,True,0.5960212350975244
2b42__A1_Q8H0K8--2b42__B1_P18429,6,2,3,0,0.8986795712778811,91.25,True,0.588602384112507
2b42__A1_Q8H0K8--2b42__B1_P18429,7,1,2,0,0.8499520995391118,91.0625,True,0.5584565612427849
2b42__A1_Q8H0K8--2b42__B1_P18429,8,4,1,0,0.8643491409502575,91.0625,True,0.5201299790436158
2b42__A1_Q8H0K8--2b42__B1_P18429,9,5,1,0,0.8646364870311057,91.0,True,0.5562800984422651
2b42__A1_Q8H0K8--2b42__B1_P18429,10,2,1,0,0.904957611697334,90.9375,True,0.540843378258356
2b42__A1_Q8H0K8--2b42__B1_P18429,11,1,0,0,0.8524804195577341,90.5625,True,0.4981712090436471
2b42__A1_Q8H0K8--2b42__B1_P18429,12,1,1,0,0.8514375215483501,90.375,True,0.46693027635667084
2b42__A1_Q8H0K8--2b42__B1_P18429,13,2,0,0,0.911483933820028,90.375,True,0.4841464152460574
2b42__A1_Q8H0K8--2b42__B1_P18429,14,4,0,0,0.8677844209755156,89.8125,True,0.44636251253829434
2b42__A1_Q8H0K8--2b42__B1_P18429,15,3,2,0,0.8544877518489987,89.5625,True,0.44094873944852425
2b42__A1_Q8H0K8--2b42__B1_P18429,16,3,3,0,0.8370951246666051,88.3125,True,0.419859331649136
2b42__A1_Q8H0K8--2b42__B1_P18429,17,3,0,0,0.372459666377487,36.21875,True,0.40419378319104227
2b42__A1_Q8H0K8--2b42__B1_P18429,18,1,3,0,0.4671149346938855,34.6875,True,0.39154941830279333
2b42__A1_Q8H0K8--2b42__B1_P18429,19,3,1,0,0.0679458879436697,32.9375,False,0.3734694332333938
2b42__A1_Q8H0K8--2b42__B1_P18429,20,2,2,0,0.1130484796032811,31.546875,False,0.3557361963560614
2b5u__A1_P00646--2b5u__B1_P02984,1,1,2,0,0.8462231841684501,86.0625,True,0.5787483241049771
2b5u__A1_P00646--2b5u__B1_P02984,2,1,1,0,0.5252271688243121,85.4375,True,0.6305500825920024
2b5u__A1_P00646--2b5u__B1_P02984,3,4,0,0,0.3530127394788023,85.125,True,0.5741333008518524
2b5u__A1_P00646--2b5u__B1_P02984,4,3,3,0,0.2157698284398852,84.9375,False,0.5637040713816129
2b5u__A1_P00646--2b5u__B1_P02984,5,3,0,0,0.225878639852664,84.875,False,0.5788512616180457
2b5u__A1_P00646--2b5u__B1_P02984,6,1,3,0,0.4402000643215039,84.875,True,0.5650908297112157
2b5u__A1_P00646--2b5u__B1_P02984,7,5,2,0,0.2991669730507039,84.875,True,0.5368965789739312
2b5u__A1_P00646--2b5u__B1_P02984,8,4,1,0,0.5335302440750425,84.875,True,0.5293036571946432
2b5u__A1_P00646--2b5u__B1_P02984,9,1,0,0,0.5873041980577413,84.8125,True,0.5569737532214685
2b5u__A1_P00646--2b5u__B1_P02984,10,3,2,0,0.2730889108867544,84.8125,True,0.5957521833882914
2b5u__A1_P00646--2b5u__B1_P02984,11,3,1,0,0.229970272068776,84.75,False,0.546547212927658
2b5u__A1_P00646--2b5u__B1_P02984,12,4,3,0,0.5306194289899409,84.75,True,0.5118906596472407
2b5u__A1_P00646--2b5u__B1_P02984,13,5,1,0,0.2972181786583551,84.625,True,0.482250619997456
2b5u__A1_P00646--2b5u__B1_P02984,14,4,2,0,0.3620935479125,84.5625,True,0.5199976843145526
2b5u__A1_P00646--2b5u__B1_P02984,15,5,0,0,0.2628812531702432,84.4375,True,0.4315216550628957
2b5u__A1_P00646--2b5u__B1_P02984,16,5,3,0,0.2300646046101868,83.6875,True,0.40178036577180776
2b5u__A1_P00646--2b5u__B1_P02984,17,2,0,0,0.3195451971984511,83.0625,True,0.3961763331914272
2b5u__A1_P00646--2b5u__B1_P02984,18,2,3,0,0.305416742638968,82.875,True,0.3988994741301887
2b5u__A1_P00646--2b5u__B1_P02984,19,2,1,0,0.3749917239732173,82.6875,True,0.3924274974470917
2b5u__A1_P00646--2b5u__B1_P02984,20,2,2,0,0.3183814418073702,82.625,True,0.37208802178616723
2c08__A1_O35179--2c08__A2_O35179,1,5,2,3,0.1655899153597492,44.46875,False,0.6738087189040043
2c08__A1_O35179--2c08__A2_O35179,2,3,0,3,0.2108992534599997,43.0625,False,0.6754406446270932
2c08__A1_O35179--2c08__A2_O35179,3,3,3,3,0.1828714796822167,42.9375,False,0.6741829563259637
2c08__A1_O35179--2c08__A2_O35179,4,5,3,3,0.4680408567444896,40.90625,True,0.5820195843250987
2c08__A1_O35179--2c08__A2_O35179,5,3,1,3,0.4638374087190136,40.4375,True,0.6037736677648068
2c08__A1_O35179--2c08__A2_O35179,6,4,2,3,0.1928141643255828,39.9375,False,0.5514030492727552
2c08__A1_O35179--2c08__A2_O35179,7,1,2,3,0.3901458387092705,39.59375,True,0.4808441538897435
2c08__A1_O35179--2c08__A2_O35179,8,5,1,3,0.4865653768345517,39.5625,True,0.5841030991813093
2c08__A1_O35179--2c08__A2_O35179,9,5,0,3,0.5187875658501762,39.53125,True,0.541054204705467
2c08__A1_O35179--2c08__A2_O35179,10,3,2,3,0.1861087926804998,39.46875,False,0.571985440257026
2c08__A1_O35179--2c08__A2_O35179,11,4,3,3,0.1966574221474419,38.78125,False,0.45877439074920107
2c08__A1_O35179--2c08__A2_O35179,12,1,3,3,0.4299955166086602,38.71875,True,0.45233249218531546
2c08__A1_O35179--2c08__A2_O35179,13,1,0,3,0.4531848202614914,38.5,True,0.4477709580530899
2c08__A1_O35179--2c08__A2_O35179,14,4,1,3,0.1803389136380434,38.28125,False,0.4377928736495816
2c08__A1_O35179--2c08__A2_O35179,15,4,0,3,0.1807965726180092,37.40625,False,0.4133525621978613
2c08__A1_O35179--2c08__A2_O35179,16,2,3,3,0.1530054065239643,37.40625,False,0.4509277202914342
2c08__A1_O35179--2c08__A2_O35179,17,1,1,3,0.3998884711056614,36.75,True,0.3752854777388792
2c08__A1_O35179--2c08__A2_O35179,18,2,2,3,0.169351274560861,35.90625,False,0.4079237206614467
2c08__A1_O35179--2c08__A2_O35179,19,2,0,3,0.1516052176910138,35.5625,False,0.4160741492771067
2c08__A1_O35179--2c08__A2_O35179,20,2,1,3,0.4135750132897136,33.09375,True,0.35267635343638853
2cuy__A1_Q5SL77--2cuy__B1_Q5SL77,1,4,0,2,0.5517743394892677,82.0625,True,0.6415858834017127
2cuy__A1_Q5SL77--2cuy__B1_Q5SL77,2,4,2,2,0.5349569596125714,79.9375,True,0.6280893012284724
2cuy__A1_Q5SL77--2cuy__B1_Q5SL77,3,4,1,2,0.5109454708803427,73.4375,True,0.6143899476729139
2cuy__A1_Q5SL77--2cuy__B1_Q5SL77,4,4,3,2,0.5121049114133521,73.0625,True,0.6005069364098622
2cuy__A1_Q5SL77--2cuy__B1_Q5SL77,5,2,3,2,0.032452468395602,35.625,False,0.6167729000364399
2cuy__A1_Q5SL77--2cuy__B1_Q5SL77,6,2,0,2,0.0340396458674138,35.4375,False,0.5976290719493852
2cuy__A1_Q5SL77--2cuy__B1_Q5SL77,7,2,1,2,0.0332709104418141,33.875,False,0.5734362079143605
2cuy__A1_Q5SL77--2cuy__B1_Q5SL77,8,3,1,2,0.0344577189455092,32.40625,False,0.5783074394562049
2cuy__A1_Q5SL77--2cuy__B1_Q5SL77,9,3,0,2,0.0405324795399159,32.28125,False,0.5666794278479516
2cuy__A1_Q5SL77--2cuy__B1_Q5SL77,10,2,2,2,0.0328745180773483,32.21875,False,0.5234630046109578
2cuy__A1_Q5SL77--2cuy__B1_Q5SL77,11,3,3,2,0.0385396541958032,30.546875,False,0.5179786399116426
2cuy__A1_Q5SL77--2cuy__B1_Q5SL77,12,5,1,2,0.0335710296262251,29.390625,False,0.4809216702121527
2cuy__A1_Q5SL77--2cuy__B1_Q5SL77,13,5,3,2,0.0350236392466608,28.90625,False,0.4657552793059126
2cuy__A1_Q5SL77--2cuy__B1_Q5SL77,14,5,2,2,0.0337460391679735,28.8125,False,0.4410492525217506
2cuy__A1_Q5SL77--2cuy__B1_Q5SL77,15,3,2,2,0.040986753205235,28.359375,False,0.4428189256257576
2cuy__A1_Q5SL77--2cuy__B1_Q5SL77,16,5,0,2,0.0333178608539209,27.578125,False,0.3995894097882908
2cuy__A1_Q5SL77--2cuy__B1_Q5SL77,17,1,3,2,0.0310513120381107,27.28125,False,0.3966520412355083
2cuy__A1_Q5SL77--2cuy__B1_Q5SL77,18,1,1,2,0.0309911149459016,26.21875,False,0.3707821713223449
2cuy__A1_Q5SL77--2cuy__B1_Q5SL77,19,1,0,2,0.0298551551344848,25.6875,False,0.3567023061040995
2cuy__A1_Q5SL77--2cuy__B1_Q5SL77,20,1,2,2,0.0297864761693071,24.28125,False,0.33416273782721334
2d1g__A1_A0Q436--2d1g__B1_A0Q436,1,4,1,3,0.9200916395514568,93.9375,True,0.6614858700232774
2d1g__A1_A0Q436--2d1g__B1_A0Q436,2,4,0,3,0.9140482636000206,93.6875,True,0.6322341550564493
2d1g__A1_A0Q436--2d1g__B1_A0Q436,3,5,0,3,0.9043652154618989,93.5625,True,0.6068466411804497
2d1g__A1_A0Q436--2d1g__B1_A0Q436,4,1,2,3,0.9271184958777924,93.375,True,0.6213695027915552
2d1g__A1_A0Q436--2d1g__B1_A0Q436,5,1,3,3,0.92707074048866,93.375,True,0.6329195481770294
2d1g__A1_A0Q436--2d1g__B1_A0Q436,6,5,3,3,0.9047450626034562,93.25,True,0.49990819402080716
2d1g__A1_A0Q436--2d1g__B1_A0Q436,7,1,1,3,0.9087989484408884,93.25,True,0.5689505786455464
2d1g__A1_A0Q436--2d1g__B1_A0Q436,8,5,2,3,0.8906123590349191,93.1875,True,0.4997454260330217
2d1g__A1_A0Q436--2d1g__B1_A0Q436,9,2,1,3,0.9224557967694031,93.0,True,0.5462361725556272
2d1g__A1_A0Q436--2d1g__B1_A0Q436,10,1,0,3,0.9128957104949492,93.0,True,0.5498518323004474
2d1g__A1_A0Q436--2d1g__B1_A0Q436,11,2,2,3,0.9218379705045874,93.0,True,0.518631108343112
2d1g__A1_A0Q436--2d1g__B1_A0Q436,12,2,0,3,0.9148115985095874,92.9375,True,0.5225362397903174
2d1g__A1_A0Q436--2d1g__B1_A0Q436,13,4,3,3,0.9301407042774712,92.875,True,0.45567240136122056
2d1g__A1_A0Q436--2d1g__B1_A0Q436,14,3,1,3,0.0204611458959906,92.875,False,0.43825289872072193
2d1g__A1_A0Q436--2d1g__B1_A0Q436,15,2,3,3,0.913324967702016,92.875,True,0.4732692268705803
2d1g__A1_A0Q436--2d1g__B1_A0Q436,16,3,2,3,0.0262556792465996,92.6875,False,0.4136840124144758
2d1g__A1_A0Q436--2d1g__B1_A0Q436,17,3,3,3,0.0262597139512986,92.5625,False,0.3926656204953689
2d1g__A1_A0Q436--2d1g__B1_A0Q436,18,5,1,3,0.874851604136687,92.4375,True,0.39550201505076427
2d1g__A1_A0Q436--2d1g__B1_A0Q436,19,4,2,3,0.0194433955987083,91.6875,False,0.3781505305631772
2d1g__A1_A0Q436--2d1g__B1_A0Q436,20,3,0,3,0.0255684677248104,59.75,False,0.35367352590478235
2dcu__A1_Q8U082--2dcu__B1_Q8U3I5,1,4,0,4,0.6026008679888563,80.3125,True,0.7220074754443996
2dcu__A1_Q8U082--2dcu__B1_Q8U3I5,2,4,2,4,0.5244666537021143,78.3125,True,0.7074573439114645
2dcu__A1_Q8U082--2dcu__B1_Q8U3I5,3,3,2,4,0.200250526972082,76.625,False,0.5784992637438611
2dcu__A1_Q8U082--2dcu__B1_Q8U3I5,4,4,3,4,0.4805070855267973,76.5625,True,0.5756400155186968
2dcu__A1_Q8U082--2dcu__B1_Q8U3I5,5,3,3,4,0.2023054884118262,76.375,False,0.5661313185997597
2dcu__A1_Q8U082--2dcu__B1_Q8U3I5,6,1,0,4,0.2045259430071933,76.125,False,0.5750539794464498
2dcu__A1_Q8U082--2dcu__B1_Q8U3I5,7,3,1,4,0.196817233025163,76.0625,False,0.5514133479492972
2dcu__A1_Q8U082--2dcu__B1_Q8U3I5,8,3,0,4,0.2207024279894157,75.75,False,0.6005066755423925
2dcu__A1_Q8U082--2dcu__B1_Q8U3I5,9,5,2,4,0.1767221386829369,75.6875,False,0.4764940794938426
2dcu__A1_Q8U082--2dcu__B1_Q8U3I5,10,5,0,4,0.2042553722410386,75.5625,False,0.47134078588095535
2dcu__A1_Q8U082--2dcu__B1_Q8U3I5,11,4,1,4,0.5206229505942305,75.3125,True,0.6063955695050615
2dcu__A1_Q8U082--2dcu__B1_Q8U3I5,12,5,3,4,0.1769133913967658,74.75,False,0.4201411138458285
2dcu__A1_Q8U082--2dcu__B1_Q8U3I5,13,5,1,4,0.1774858042224754,73.8125,False,0.4002669145216027
2dcu__A1_Q8U082--2dcu__B1_Q8U3I5,14,1,3,4,0.1784479943761844,73.6875,False,0.40864531310799795
2dcu__A1_Q8U082--2dcu__B1_Q8U3I5,15,2,3,4,0.1782729430685186,73.3125,False,0.49852425146873447
2dcu__A1_Q8U082--2dcu__B1_Q8U3I5,16,1,1,4,0.1790906648212063,72.5,False,0.3412755401901094
2dcu__A1_Q8U082--2dcu__B1_Q8U3I5,17,2,0,4,0.2049181555812239,72.125,False,0.46643564233004103
2dcu__A1_Q8U082--2dcu__B1_Q8U3I5,18,1,2,4,0.1788617142638203,72.0,False,0.35039470493038893
2dcu__A1_Q8U082--2dcu__B1_Q8U3I5,19,2,2,4,0.1806598357232007,72.0,False,0.4119228886028157
2dcu__A1_Q8U082--2dcu__B1_Q8U3I5,20,2,1,4,0.1814363980902998,71.375,False,0.42629541802407617
2dm9__A1_O57724--2dm9__B1_O57724,1,2,0,1,0.587009785128806,86.1875,True,0.6373033260027056
2dm9__A1_O57724--2dm9__B1_O57724,2,1,0,1,0.6121600048827177,84.25,True,0.6118354672799989
2dm9__A1_O57724--2dm9__B1_O57724,3,1,1,1,0.6416364978529708,84.1875,True,0.6096687012738553
2dm9__A1_O57724--2dm9__B1_O57724,4,4,1,1,0.6333022111660518,82.5625,True,0.5689615157124737
2dm9__A1_O57724--2dm9__B1_O57724,5,1,3,1,0.6072533451912864,82.0625,True,0.5363899318302995
2dm9__A1_O57724--2dm9__B1_O57724,6,3,3,1,0.4380823103739478,81.0,True,0.5936108176745488
2dm9__A1_O57724--2dm9__B1_O57724,7,3,1,1,0.4403913933745891,80.1875,True,0.586789675430352
2dm9__A1_O57724--2dm9__B1_O57724,8,2,1,1,0.4043803589972066,79.8125,True,0.5276520760441659
2dm9__A1_O57724--2dm9__B1_O57724,9,3,0,1,0.464386081832004,79.75,True,0.5316607227076583
2dm9__A1_O57724--2dm9__B1_O57724,10,2,3,1,0.4153672674201678,79.375,True,0.49816663769799163
2dm9__A1_O57724--2dm9__B1_O57724,11,5,0,1,0.4473962142384376,79.375,True,0.5119338310650582
2dm9__A1_O57724--2dm9__B1_O57724,12,3,2,1,0.4600751030435347,78.6875,True,0.48114196977101314
2dm9__A1_O57724--2dm9__B1_O57724,13,5,2,1,0.4475945151134913,78.0625,True,0.4633908513011536
2dm9__A1_O57724--2dm9__B1_O57724,14,1,2,1,0.4924596169016276,78.0,True,0.49826509165958044
2dm9__A1_O57724--2dm9__B1_O57724,15,5,3,1,0.668141141964421,76.375,True,0.4378504352176978
2dm9__A1_O57724--2dm9__B1_O57724,16,2,2,1,0.4082306238485007,76.0625,True,0.45960815530637467
2dm9__A1_O57724--2dm9__B1_O57724,17,5,1,1,0.6140760150540008,72.375,True,0.3974310860879054
2dm9__A1_O57724--2dm9__B1_O57724,18,4,0,1,0.3838355456955065,66.1875,True,0.41202785911306344
2dm9__A1_O57724--2dm9__B1_O57724,19,4,2,1,0.3767798638344488,63.21875,True,0.3984430855282188
2dm9__A1_O57724--2dm9__B1_O57724,20,4,3,1,0.3848958478274539,50.40625,True,0.375824110397241
2ec2__A1_Q974H8--2ec2__C1_Q974H8,1,5,1,3,0.8384541069439617,91.375,True,0.6614858700232774
2ec2__A1_Q974H8--2ec2__C1_Q974H8,2,1,2,3,0.3670494516654701,91.3125,True,0.6320975715278504
2ec2__A1_Q974H8--2ec2__C1_Q974H8,3,5,0,3,0.8392598453979127,91.25,True,0.6412826805123774
2ec2__A1_Q974H8--2ec2__C1_Q974H8,4,5,3,3,0.8433432936131403,91.0625,True,0.618655903143797
2ec2__A1_Q974H8--2ec2__C1_Q974H8,5,1,1,3,0.8303027780716422,90.375,True,0.5847610124273254
2ec2__A1_Q974H8--2ec2__C1_Q974H8,6,3,3,3,0.8347095384815663,90.0625,True,0.5887813725206151
2ec2__A1_Q974H8--2ec2__C1_Q974H8,7,1,0,3,0.804258954225013,89.9375,True,0.5503490478343673
2ec2__A1_Q974H8--2ec2__C1_Q974H8,8,2,0,3,0.2143975243596086,89.5625,False,0.5710762349090084
2ec2__A1_Q974H8--2ec2__C1_Q974H8,9,3,2,3,0.8362811099753192,89.4375,True,0.536179204714513
2ec2__A1_Q974H8--2ec2__C1_Q974H8,10,3,0,3,0.8331313496806496,89.25,True,0.5258868117395208
2ec2__A1_Q974H8--2ec2__C1_Q974H8,11,4,1,3,0.8311837109677082,89.0625,True,0.5209091923579721
2ec2__A1_Q974H8--2ec2__C1_Q974H8,12,3,1,3,0.8341823301046888,88.8125,True,0.48384950595861004
2ec2__A1_Q974H8--2ec2__C1_Q974H8,13,2,2,3,0.2147627477123451,88.3125,False,0.5069822939153806
2ec2__A1_Q974H8--2ec2__C1_Q974H8,14,2,1,3,0.2147032693337099,88.1875,False,0.4880544038166621
2ec2__A1_Q974H8--2ec2__C1_Q974H8,15,5,2,3,0.3744055724327902,86.875,True,0.4329153462261179
2ec2__A1_Q974H8--2ec2__C1_Q974H8,16,2,3,3,0.2150292867542003,86.3125,False,0.3860581031019613
2ec2__A1_Q974H8--2ec2__C1_Q974H8,17,4,0,3,0.2075270138656061,85.875,False,0.3931152177321303
2ec2__A1_Q974H8--2ec2__C1_Q974H8,18,1,3,3,0.3596122446288015,85.625,True,0.3521509130876348
2ec2__A1_Q974H8--2ec2__C1_Q974H8,19,4,2,3,0.2144919431324696,84.6875,False,0.3606662785614671
2ec2__A1_Q974H8--2ec2__C1_Q974H8,20,4,3,3,0.2143092764214423,84.375,False,0.3333134598518796
2ei5__A1_Q5SM82--2ei5__B1_Q5SM82,1,4,3,2,0.5960316391939556,67.0625,True,0.6415858834017127
2ei5__A1_Q5SM82--2ei5__B1_Q5SM82,2,3,1,2,0.5371281757729203,58.71875,True,0.6280893012284724
2ei5__A1_Q5SM82--2ei5__B1_Q5SM82,3,3,3,2,0.5412084190838189,58.28125,True,0.6097756468160177
2ei5__A1_Q5SM82--2ei5__B1_Q5SM82,4,3,2,2,0.4926833552450604,58.0,True,0.584083403617304
2ei5__A1_Q5SM82--2ei5__B1_Q5SM82,5,5,2,2,0.2976492706960472,57.25,True,0.5702192172931837
2ei5__A1_Q5SM82--2ei5__B1_Q5SM82,6,5,3,2,0.3685838379457951,57.1875,True,0.5081474630186906
2ei5__A1_Q5SM82--2ei5__B1_Q5SM82,7,1,3,2,0.5444482282733024,56.75,True,0.5318926557226749
2ei5__A1_Q5SM82--2ei5__B1_Q5SM82,8,4,2,2,0.5883265117221298,56.71875,True,0.5065483609496295
2ei5__A1_Q5SM82--2ei5__B1_Q5SM82,9,3,0,2,0.4189401396642234,56.625,True,0.4663580766583656
2ei5__A1_Q5SM82--2ei5__B1_Q5SM82,10,1,1,2,0.2945697620108597,56.21875,True,0.5540878027192025
2ei5__A1_Q5SM82--2ei5__B1_Q5SM82,11,5,0,2,0.4075485001544033,55.4375,True,0.4915797521459837
2ei5__A1_Q5SM82--2ei5__B1_Q5SM82,12,1,2,2,0.3109373166513072,55.34375,True,0.49714001366003213
2ei5__A1_Q5SM82--2ei5__B1_Q5SM82,13,5,1,2,0.2392084524357085,55.1875,True,0.503233554959337
2ei5__A1_Q5SM82--2ei5__B1_Q5SM82,14,2,1,2,0.2138777096152512,54.875,False,0.5112456534007349
2ei5__A1_Q5SM82--2ei5__B1_Q5SM82,15,2,0,2,0.3043122170727932,54.6875,True,0.45353789268992895
2ei5__A1_Q5SM82--2ei5__B1_Q5SM82,16,2,2,2,0.3256809998383096,54.375,True,0.4500402870298877
2ei5__A1_Q5SM82--2ei5__B1_Q5SM82,17,4,0,2,0.3620802743875115,53.46875,True,0.4190576141420763
2ei5__A1_Q5SM82--2ei5__B1_Q5SM82,18,1,0,2,0.2714824215852157,53.0625,True,0.43333308586450936
2ei5__A1_Q5SM82--2ei5__B1_Q5SM82,19,2,3,2,0.3011486466425394,52.1875,True,0.3995113896630073
2ei5__A1_Q5SM82--2ei5__B1_Q5SM82,20,4,1,2,0.211484645878634,47.96875,False,0.3810342372243417
2eiu__E1_O67549--2eiu__A1_O67549,1,5,3,0,0.9351136977355158,91.1875,True,0.6367601109556715
2eiu__E1_O67549--2eiu__A1_O67549,2,5,1,0,0.9304930528609456,91.0,True,0.6203000942367234
2eiu__E1_O67549--2eiu__A1_O67549,3,4,2,0,0.9194418387685304,90.9375,True,0.529852808393209
2eiu__E1_O67549--2eiu__A1_O67549,4,4,3,0,0.9225105571266704,90.875,True,0.5746441719055743
2eiu__E1_O67549--2eiu__A1_O67549,5,4,0,0,0.9273785473969912,90.8125,True,0.5289397619612284
2eiu__E1_O67549--2eiu__A1_O67549,6,4,1,0,0.923793110856537,90.75,True,0.553068951641773
2eiu__E1_O67549--2eiu__A1_O67549,7,3,0,0,0.9292108926095344,90.625,True,0.5779152286832313
2eiu__E1_O67549--2eiu__A1_O67549,8,2,3,0,0.933093874737969,90.375,True,0.6282081131517847
2eiu__E1_O67549--2eiu__A1_O67549,9,2,2,0,0.9272435247170552,90.0,True,0.5888509697600839
2eiu__E1_O67549--2eiu__A1_O67549,10,2,0,0,0.9157292439442408,89.6875,True,0.5601054667402829
2eiu__E1_O67549--2eiu__A1_O67549,11,3,2,0,0.9273849043023312,89.0625,True,0.49483055278720933
2eiu__E1_O67549--2eiu__A1_O67549,12,2,1,0,0.9164686393726604,88.6875,True,0.5492032730305206
2eiu__E1_O67549--2eiu__A1_O67549,13,1,3,0,0.9220800244430516,86.4375,True,0.4816144159159211
2eiu__E1_O67549--2eiu__A1_O67549,14,1,0,0,0.921372415511902,83.375,True,0.4424592843660163
2eiu__E1_O67549--2eiu__A1_O67549,15,1,2,0,0.9214842630907784,80.875,True,0.41190116768813656
2eiu__E1_O67549--2eiu__A1_O67549,16,5,2,0,0.2626041853116481,80.5,True,0.4301087632439535
2eiu__E1_O67549--2eiu__A1_O67549,17,5,0,0,0.2623572649086543,78.4375,True,0.4267552449468717
2eiu__E1_O67549--2eiu__A1_O67549,18,3,3,0,0.2621242220219653,78.375,True,0.38847214436603084
2eiu__E1_O67549--2eiu__A1_O67549,19,3,1,0,0.2639534189558166,77.0625,True,0.3780154336123162
2eiu__E1_O67549--2eiu__A1_O67549,20,1,1,0,0.9171729102180324,76.6875,True,0.35846526227729325
2fzt__B1_Q9WZF7--2fzt__A1_Q9WZF7,1,4,0,4,0.0312416171671351,82.125,False,0.6463243338236804
2fzt__B1_Q9WZF7--2fzt__A1_Q9WZF7,2,4,2,4,0.8818937695804032,81.6875,True,0.6625962411707397
2fzt__B1_Q9WZF7--2fzt__A1_Q9WZF7,3,5,3,4,0.880781272822211,80.3125,True,0.6101331211005488
2fzt__B1_Q9WZF7--2fzt__A1_Q9WZF7,4,2,3,4,0.8913332205910264,80.125,True,0.6364597385753412
2fzt__B1_Q9WZF7--2fzt__A1_Q9WZF7,5,4,3,4,0.3033758991556081,79.5,True,0.6336815847731467
2fzt__B1_Q9WZF7--2fzt__A1_Q9WZF7,6,5,1,4,0.8838330315984138,79.3125,True,0.5944094903680676
2fzt__B1_Q9WZF7--2fzt__A1_Q9WZF7,7,5,2,4,0.8769603526928099,78.9375,True,0.5539053953313899
2fzt__B1_Q9WZF7--2fzt__A1_Q9WZF7,8,1,2,4,0.3161186661594855,67.25,True,0.5523448550676545
2fzt__B1_Q9WZF7--2fzt__A1_Q9WZF7,9,1,1,4,0.2713270809026744,47.15625,True,0.5349677265167485
2fzt__B1_Q9WZF7--2fzt__A1_Q9WZF7,10,4,1,4,0.2867237921176593,40.09375,True,0.5143930050742964
2fzt__B1_Q9WZF7--2fzt__A1_Q9WZF7,11,1,0,4,0.2647422971026389,34.34375,True,0.5031154286529095
2fzt__B1_Q9WZF7--2fzt__A1_Q9WZF7,12,3,3,4,0.28261841803248,32.84375,True,0.4837528215779393
2fzt__B1_Q9WZF7--2fzt__A1_Q9WZF7,13,1,3,4,0.0304645258366975,30.96875,False,0.44348906213921424
2fzt__B1_Q9WZF7--2fzt__A1_Q9WZF7,14,5,0,4,0.2419507581884476,30.03125,True,0.4262754932829255
2fzt__B1_Q9WZF7--2fzt__A1_Q9WZF7,15,3,1,4,0.0691739495641406,29.53125,False,0.4721764527357006
2fzt__B1_Q9WZF7--2fzt__A1_Q9WZF7,16,2,0,4,0.02089961054062,24.78125,False,0.4133220330838347
2fzt__B1_Q9WZF7--2fzt__A1_Q9WZF7,17,2,1,4,0.021233142217194,20.859375,False,0.3889452566491806
2fzt__B1_Q9WZF7--2fzt__A1_Q9WZF7,18,2,2,4,0.0452104426355899,20.28125,False,0.3718630441060791
2fzt__B1_Q9WZF7--2fzt__A1_Q9WZF7,19,3,0,4,0.0624063605389248,19.4375,False,0.34265092027069344
2fzt__B1_Q9WZF7--2fzt__A1_Q9WZF7,20,3,2,4,0.0677564537671199,19.078125,False,0.3836674190411729
2ga9__B1_P23371--2ga9__A1_P07617,1,5,2,4,0.771090695564289,74.875,True,0.668298189550973
2ga9__B1_P23371--2ga9__A1_P07617,2,5,3,4,0.7581668292420399,73.4375,True,0.65259109577284
2ga9__B1_P23371--2ga9__A1_P07617,3,4,2,4,0.7765123506807563,72.9375,True,0.6365447287148313
2ga9__B1_P23371--2ga9__A1_P07617,4,4,0,4,0.7727627532075644,72.0625,True,0.6240774747305023
2ga9__B1_P23371--2ga9__A1_P07617,5,5,0,4,0.7433954861665094,71.6875,True,0.5795491502696392
2ga9__B1_P23371--2ga9__A1_P07617,6,3,2,4,0.7764113005333401,71.0,True,0.6138993580272356
2ga9__B1_P23371--2ga9__A1_P07617,7,4,3,4,0.7641329201295871,70.0,True,0.5770927190400259
2ga9__B1_P23371--2ga9__A1_P07617,8,4,1,4,0.7622807253577544,69.5,True,0.5533536883999686
2ga9__B1_P23371--2ga9__A1_P07617,9,5,1,4,0.7407691738199613,69.375,True,0.5186706062445623
2ga9__B1_P23371--2ga9__A1_P07617,10,1,0,4,0.2203467202313569,66.6875,False,0.419751547382695
2ga9__B1_P23371--2ga9__A1_P07617,11,2,0,4,0.7273593916540406,64.9375,True,0.5000593024367634
2ga9__B1_P23371--2ga9__A1_P07617,12,1,1,4,0.21642296245528,64.25,False,0.4061907540602176
2ga9__B1_P23371--2ga9__A1_P07617,13,2,2,4,0.7415251372239479,64.0625,True,0.4934397628309901
2ga9__B1_P23371--2ga9__A1_P07617,14,3,3,4,0.7173780989031212,63.71875,True,0.48379957921949285
2ga9__B1_P23371--2ga9__A1_P07617,15,3,1,4,0.690453037718441,63.03125,True,0.43685304935436603
2ga9__B1_P23371--2ga9__A1_P07617,16,1,2,4,0.2120080293538945,62.28125,False,0.35588723748089546
2ga9__B1_P23371--2ga9__A1_P07617,17,1,3,4,0.2144977227690525,62.03125,False,0.3830200052416236
2ga9__B1_P23371--2ga9__A1_P07617,18,2,1,4,0.7020942504724615,60.3125,True,0.4485336233724829
2ga9__B1_P23371--2ga9__A1_P07617,19,3,0,4,0.6854076090743234,58.375,True,0.40431262744481206
2ga9__B1_P23371--2ga9__A1_P07617,20,2,3,4,0.6826302805688039,57.4375,True,0.40860012360894804
2gbo__A1_Q831P3--2gbo__B1_Q831P3,1,3,0,3,0.1903938234668919,59.9375,False,0.6534099077562756
2gbo__A1_Q831P3--2gbo__B1_Q831P3,2,3,2,3,0.1904508027574558,58.46875,False,0.6315967799396692
2gbo__A1_Q831P3--2gbo__B1_Q831P3,3,2,2,3,0.0182061126836158,51.8125,False,0.6338591656979071
2gbo__A1_Q831P3--2gbo__B1_Q831P3,4,2,1,3,0.018371708613994,49.65625,False,0.610256849658826
2gbo__A1_Q831P3--2gbo__B1_Q831P3,5,2,3,3,0.0183745188904404,49.25,False,0.6079449758810918
2gbo__A1_Q831P3--2gbo__B1_Q831P3,6,2,0,3,0.0185291403837705,49.03125,False,0.5744684016386239
2gbo__A1_Q831P3--2gbo__B1_Q831P3,7,3,3,3,0.0183751343073154,48.84375,False,0.5477538895657986
2gbo__A1_Q831P3--2gbo__B1_Q831P3,8,3,1,3,0.018080349613231,48.09375,False,0.5142254341163138
2gbo__A1_Q831P3--2gbo__B1_Q831P3,9,1,2,3,0.1731443641459766,47.53125,False,0.583633740566828
2gbo__A1_Q831P3--2gbo__B1_Q831P3,10,1,0,3,0.1732786775722572,45.1875,False,0.5370523974452468
2gbo__A1_Q831P3--2gbo__B1_Q831P3,11,1,1,3,0.1732890505340327,43.5625,False,0.5101847794098021
2gbo__A1_Q831P3--2gbo__B1_Q831P3,12,1,3,3,0.1732912622951321,42.75,False,0.49123917090096403
2gbo__A1_Q831P3--2gbo__B1_Q831P3,13,5,2,3,0.1871504372189301,36.5,False,0.4596209716971201
2gbo__A1_Q831P3--2gbo__B1_Q831P3,14,5,1,3,0.186800926353393,36.0,False,0.4520579797592951
2gbo__A1_Q831P3--2gbo__B1_Q831P3,15,5,0,3,0.1910438200476398,35.34375,False,0.4213261771294734
2gbo__A1_Q831P3--2gbo__B1_Q831P3,16,5,3,3,0.1793174423935219,35.1875,False,0.42597850609706767
2gbo__A1_Q831P3--2gbo__B1_Q831P3,17,4,2,3,0.1846686405212114,29.421875,False,0.40702161397146197
2gbo__A1_Q831P3--2gbo__B1_Q831P3,18,4,3,3,0.1956763172693149,28.6875,False,0.37904760013013744
2gbo__A1_Q831P3--2gbo__B1_Q831P3,19,4,0,3,0.1961202994301932,27.84375,False,0.36219428440270063
2gbo__A1_Q831P3--2gbo__B1_Q831P3,20,4,1,3,0.1808130669038001,26.1875,False,0.36030718686876345
2gd9__A1_P37508--2gd9__B1_P37508,1,1,3,1,0.6030592334830186,69.0,True,0.6482731835179435
2gd9__A1_P37508--2gd9__B1_P37508,2,4,1,1,0.2002995643547508,65.8125,False,0.5530835923822272
2gd9__A1_P37508--2gd9__B1_P37508,3,4,2,1,0.2005479660535872,65.6875,False,0.5367343415510232
2gd9__A1_P37508--2gd9__B1_P37508,4,4,3,1,0.2008054441755918,65.25,False,0.5094431330288269
2gd9__A1_P37508--2gd9__B1_P37508,5,4,0,1,0.2009523879787637,65.125,False,0.4980075205744825
2gd9__A1_P37508--2gd9__B1_P37508,6,2,3,1,0.7673718552021591,64.5625,True,0.6495226496549626
2gd9__A1_P37508--2gd9__B1_P37508,7,5,0,1,0.8247056229126403,64.5625,True,0.6224693343451827
2gd9__A1_P37508--2gd9__B1_P37508,8,5,1,1,0.8338364954896004,63.875,True,0.6118365062105812
2gd9__A1_P37508--2gd9__B1_P37508,9,5,2,1,0.8237894271921408,63.09375,True,0.6075596191863938
2gd9__A1_P37508--2gd9__B1_P37508,10,2,0,1,0.197714101517667,61.9375,False,0.5486187344124078
2gd9__A1_P37508--2gd9__B1_P37508,11,1,2,1,0.1996799475250785,61.21875,False,0.49348447247673255
2gd9__A1_P37508--2gd9__B1_P37508,12,2,2,1,0.2064698462223905,60.96875,False,0.42761321933543783
2gd9__A1_P37508--2gd9__B1_P37508,13,3,0,1,0.2168968057115941,60.15625,False,0.41954497382405354
2gd9__A1_P37508--2gd9__B1_P37508,14,3,2,1,0.2131441423863195,59.9375,False,0.4661898135879152
2gd9__A1_P37508--2gd9__B1_P37508,15,3,1,1,0.2183747567337501,59.84375,False,0.4052736543072786
2gd9__A1_P37508--2gd9__B1_P37508,16,2,1,1,0.2054608242774155,59.125,False,0.3652139874634731
2gd9__A1_P37508--2gd9__B1_P37508,17,5,3,1,0.824212217974914,58.875,True,0.4390140603560073
2gd9__A1_P37508--2gd9__B1_P37508,18,1,0,1,0.1969221329317309,58.875,False,0.49986322248274273
2gd9__A1_P37508--2gd9__B1_P37508,19,3,3,1,0.2066846884130321,57.5,False,0.39693117883474227
2gd9__A1_P37508--2gd9__B1_P37508,20,1,1,1,0.1981053715685317,55.3125,False,0.43437238168933345
2gsk__A1_P06129--2gsk__B1_P02929,1,2,0,3,0.0060780569961632,55.8125,False,0.6614781237967808
2gsk__A1_P06129--2gsk__B1_P02929,2,2,3,3,0.0060256586046083,55.0,False,0.6475504768995811
2gsk__A1_P06129--2gsk__B1_P02929,3,2,2,3,0.0061026640473354,54.0,False,0.6190385969960498
2gsk__A1_P06129--2gsk__B1_P02929,4,5,1,3,0.0061568923028324,53.09375,False,0.6197412199412583
2gsk__A1_P06129--2gsk__B1_P02929,5,3,3,3,0.0061472091786673,52.96875,False,0.5288911934489351
2gsk__A1_P06129--2gsk__B1_P02929,6,3,1,3,0.0062138377677316,52.46875,False,0.5708876008939627
2gsk__A1_P06129--2gsk__B1_P02929,7,5,3,3,0.0062064927525888,52.28125,False,0.5745600522274001
2gsk__A1_P06129--2gsk__B1_P02929,8,4,1,3,0.0061426892177185,52.09375,False,0.526547378996487
2gsk__A1_P06129--2gsk__B1_P02929,9,3,2,3,0.0061198328780388,52.0625,False,0.487495072982915
2gsk__A1_P06129--2gsk__B1_P02929,10,2,1,3,0.0060626536720525,52.0625,False,0.4831181797826696
2gsk__A1_P06129--2gsk__B1_P02929,11,4,3,3,0.0061153847457719,51.96875,False,0.5310543030217016
2gsk__A1_P06129--2gsk__B1_P02929,12,4,0,3,0.0060624350618284,51.65625,False,0.48239042944527594
2gsk__A1_P06129--2gsk__B1_P02929,13,3,0,3,0.0062524187827012,51.5,False,0.48921515758182654
2gsk__A1_P06129--2gsk__B1_P02929,14,4,2,3,0.0062087622823285,50.90625,False,0.43855607543596925
2gsk__A1_P06129--2gsk__B1_P02929,15,5,2,3,0.0061645591386423,50.875,False,0.479779432355062
2gsk__A1_P06129--2gsk__B1_P02929,16,5,0,3,0.0061411909446128,50.0,False,0.5136032929967141
2gsk__A1_P06129--2gsk__B1_P02929,17,1,3,3,0.006172129771418,47.125,False,0.4062635754559869
2gsk__A1_P06129--2gsk__B1_P02929,18,1,1,3,0.006186155173891,43.5625,False,0.3866444671901156
2gsk__A1_P06129--2gsk__B1_P02929,19,1,2,3,0.0062426587966934,42.4375,False,0.36738655016210076
2gsk__A1_P06129--2gsk__B1_P02929,20,1,0,3,0.0063578063680756,37.625,False,0.3485427600556501
2gsm__A1_P33517--2gsm__B1_Q03736,1,5,0,1,0.9444535681587684,95.3125,True,0.6035103384022065
2gsm__A1_P33517--2gsm__B1_Q03736,2,5,3,1,0.9441612330258266,95.25,True,0.5835109153572055
2gsm__A1_P33517--2gsm__B1_Q03736,3,5,2,1,0.9450918692789616,95.25,True,0.5990462091998837
2gsm__A1_P33517--2gsm__B1_Q03736,4,5,1,1,0.9452638438131928,95.25,True,0.5833916402436051
2gsm__A1_P33517--2gsm__B1_Q03736,5,2,3,1,0.9432689078464876,95.125,True,0.5741925520793976
2gsm__A1_P33517--2gsm__B1_Q03736,6,2,2,1,0.9418820895697286,95.125,True,0.5990401365165675
2gsm__A1_P33517--2gsm__B1_Q03736,7,2,1,1,0.9467430275621602,95.125,True,0.5980962394347171
2gsm__A1_P33517--2gsm__B1_Q03736,8,2,0,1,0.9438571202740514,95.125,True,0.59697074027955
2gsm__A1_P33517--2gsm__B1_Q03736,9,4,2,1,0.946041493156898,95.0625,True,0.5188307449328502
2gsm__A1_P33517--2gsm__B1_Q03736,10,3,2,1,0.946475789706259,95.0625,True,0.43860922019954107
2gsm__A1_P33517--2gsm__B1_Q03736,11,1,2,1,0.9430283529569148,95.0625,True,0.43715526249094255
2gsm__A1_P33517--2gsm__B1_Q03736,12,3,1,1,0.9419011892234208,95.0625,True,0.42830646668362515
2gsm__A1_P33517--2gsm__B1_Q03736,13,1,1,1,0.9435267866832726,95.0625,True,0.47042937434213744
2gsm__A1_P33517--2gsm__B1_Q03736,14,3,0,1,0.9443403105517312,95.0625,True,0.42387306762421295
2gsm__A1_P33517--2gsm__B1_Q03736,15,1,0,1,0.9435290122300074,95.0625,True,0.48545726460394295
2gsm__A1_P33517--2gsm__B1_Q03736,16,1,3,1,0.942072206239504,95.0,True,0.3970705997234285
2gsm__A1_P33517--2gsm__B1_Q03736,17,3,3,1,0.9416913070446102,95.0,True,0.41096821096051633
2gsm__A1_P33517--2gsm__B1_Q03736,18,4,0,1,0.9442018355029184,95.0,True,0.47952688270884536
2gsm__A1_P33517--2gsm__B1_Q03736,19,4,3,1,0.9439634040094048,94.9375,True,0.46989437919020227
2gsm__A1_P33517--2gsm__B1_Q03736,20,4,1,1,0.9454786728729506,94.9375,True,0.4387844977137259
2h1e__A1_P32657--2h1e__B1_P32657,1,4,3,4,0.0190596038103228,20.109375,False,0.6494400916392526
2h1e__A1_P32657--2h1e__B1_P32657,2,1,2,4,0.0133772804432105,18.828125,False,0.5900778828901942
2h1e__A1_P32657--2h1e__B1_P32657,3,4,1,4,0.0405353443015661,18.8125,False,0.5308856290912304
2h1e__A1_P32657--2h1e__B1_P32657,4,2,0,4,0.0141840711648659,18.625,False,0.7078445234833726
2h1e__A1_P32657--2h1e__B1_P32657,5,3,1,4,0.0122517666794492,18.359375,False,0.6638309964551284
2h1e__A1_P32657--2h1e__B1_P32657,6,1,1,4,0.0128313542694328,18.1875,False,0.515151316699064
2h1e__A1_P32657--2h1e__B1_P32657,7,4,0,4,0.0293931519319003,18.15625,False,0.48493049142988726
2h1e__A1_P32657--2h1e__B1_P32657,8,4,2,4,0.0351189189482546,18.03125,False,0.45324532046052307
2h1e__A1_P32657--2h1e__B1_P32657,9,3,2,4,0.0123957307780336,17.96875,False,0.6101303349114411
2h1e__A1_P32657--2h1e__B1_P32657,10,2,1,4,0.0122879026790817,17.484375,False,0.6682940651194195
2h1e__A1_P32657--2h1e__B1_P32657,11,2,2,4,0.0128320969245995,17.4375,False,0.5923598181609852
2h1e__A1_P32657--2h1e__B1_P32657,12,2,3,4,0.0126915946356213,17.3125,False,0.6264333021291087
2h1e__A1_P32657--2h1e__B1_P32657,13,3,0,4,0.0121610180553892,17.046875,False,0.47943273050680857
2h1e__A1_P32657--2h1e__B1_P32657,14,3,3,4,0.0123167525942555,16.96875,False,0.4539860839130087
2h1e__A1_P32657--2h1e__B1_P32657,15,1,3,4,0.0125255223802313,16.734375,False,0.4097526554885468
2h1e__A1_P32657--2h1e__B1_P32657,16,1,0,4,0.012775155783133,16.609375,False,0.37862652171730826
2h1e__A1_P32657--2h1e__B1_P32657,17,5,3,4,0.0115895723338763,16.40625,False,0.3484689157471585
2h1e__A1_P32657--2h1e__B1_P32657,18,5,0,4,0.0113649406157861,16.3125,False,0.3834681184417838
2h1e__A1_P32657--2h1e__B1_P32657,19,5,1,4,0.0106842775396703,16.21875,False,0.3351558299194246
2h1e__A1_P32657--2h1e__B1_P32657,20,5,2,4,0.011304789515931,15.7421875,False,0.2873385071674138
2h46__A1_P62993--2h46__A2_P62993,1,1,0,2,0.0234015355894955,42.46875,False,0.6415858834017127
2h46__A1_P62993--2h46__A2_P62993,2,1,3,2,0.0232594506491052,41.96875,False,0.6280893012284724
2h46__A1_P62993--2h46__A2_P62993,3,1,2,2,0.023285801036043,40.875,False,0.6143899476729139
2h46__A1_P62993--2h46__A2_P62993,4,1,1,2,0.0234643969865522,38.625,False,0.6005069364098622
2h46__A1_P62993--2h46__A2_P62993,5,3,0,2,0.0239653569529557,26.0,False,0.6081389084031117
2h46__A1_P62993--2h46__A2_P62993,6,2,0,2,0.0153603966936193,25.484375,False,0.6170261724157626
2h46__A1_P62993--2h46__A2_P62993,7,3,1,2,0.0239430844111473,24.875,False,0.5216194045189078
2h46__A1_P62993--2h46__A2_P62993,8,3,3,2,0.0242399944338161,24.609375,False,0.5437918035079732
2h46__A1_P62993--2h46__A2_P62993,9,3,2,2,0.0240494140493067,24.359375,False,0.5377159998817557
2h46__A1_P62993--2h46__A2_P62993,10,4,0,2,0.0169703611151724,24.1875,False,0.5751055829520522
2h46__A1_P62993--2h46__A2_P62993,11,4,1,2,0.0218090747739206,24.046875,False,0.5400442467897365
2h46__A1_P62993--2h46__A2_P62993,12,4,3,2,0.0174230337790577,23.484375,False,0.5151977266939193
2h46__A1_P62993--2h46__A2_P62993,13,2,2,2,0.0153495467620002,21.953125,False,0.45520178153784846
2h46__A1_P62993--2h46__A2_P62993,14,4,2,2,0.0229219286163125,21.71875,False,0.45828391892836595
2h46__A1_P62993--2h46__A2_P62993,15,2,3,2,0.0160909908790599,21.5625,False,0.4353755326106803
2h46__A1_P62993--2h46__A2_P62993,16,5,0,2,0.0183444537809534,19.34375,False,0.4089498507547276
2h46__A1_P62993--2h46__A2_P62993,17,5,2,2,0.0240201580669129,18.734375,False,0.38969711800009504
2h46__A1_P62993--2h46__A2_P62993,18,2,1,2,0.0152877644069031,17.578125,False,0.3489763624302444
2h46__A1_P62993--2h46__A2_P62993,19,5,1,2,0.0244430811461327,17.15625,False,0.35004146932204777
2h46__A1_P62993--2h46__A2_P62993,20,5,3,2,0.019670375868785,16.859375,False,0.3577780344376776
2h7z__B1_A0S865--2h7z__A1_A0S864,1,3,3,3,0.8281237566718179,72.3125,True,0.6614858700232774
2h7z__B1_A0S865--2h7z__A1_A0S864,2,5,1,3,0.8300644811801693,70.375,True,0.6429128580142927
2h7z__B1_A0S865--2h7z__A1_A0S864,3,3,1,3,0.8404273731209561,69.75,True,0.6203280286458188
2h7z__B1_A0S865--2h7z__A1_A0S864,4,2,1,3,0.7745748587750031,69.6875,True,0.6292135879506007
2h7z__B1_A0S865--2h7z__A1_A0S864,5,5,3,3,0.8349983110626376,67.6875,True,0.59283706196484
2h7z__B1_A0S865--2h7z__A1_A0S864,6,2,3,3,0.7729163491749106,67.6875,True,0.5893330478541989
2h7z__B1_A0S865--2h7z__A1_A0S864,7,3,0,3,0.8254624186863478,66.625,True,0.5665942579760616
2h7z__B1_A0S865--2h7z__A1_A0S864,8,4,2,3,0.8395964190788864,65.25,True,0.5235100156491226
2h7z__B1_A0S865--2h7z__A1_A0S864,9,4,3,3,0.8282069876444599,65.0625,True,0.5063274875094125
2h7z__B1_A0S865--2h7z__A1_A0S864,10,5,0,3,0.8414455275114116,64.625,True,0.5012070972207638
2h7z__B1_A0S865--2h7z__A1_A0S864,11,4,1,3,0.7985632311621558,64.3125,True,0.4789269566726186
2h7z__B1_A0S865--2h7z__A1_A0S864,12,2,2,3,0.7929997634783055,64.25,True,0.481339740682325
2h7z__B1_A0S865--2h7z__A1_A0S864,13,1,3,3,0.8206961550124361,64.125,True,0.5004096003082855
2h7z__B1_A0S865--2h7z__A1_A0S864,14,1,2,3,0.8224253945848221,63.59375,True,0.4719620428569314
2h7z__B1_A0S865--2h7z__A1_A0S864,15,1,0,3,0.8204760013046629,63.03125,True,0.45025653090501727
2h7z__B1_A0S865--2h7z__A1_A0S864,16,3,2,3,0.8393947879186183,62.6875,True,0.4035711108871433
2h7z__B1_A0S865--2h7z__A1_A0S864,17,1,1,3,0.8259904482516144,62.625,True,0.43309301871300426
2h7z__B1_A0S865--2h7z__A1_A0S864,18,2,0,3,0.7954567545874385,60.75,True,0.3848657529813655
2h7z__B1_A0S865--2h7z__A1_A0S864,19,5,2,3,0.8166225153927709,59.0625,True,0.36913295816139585
2h7z__B1_A0S865--2h7z__A1_A0S864,20,4,0,3,0.5235547683572834,55.4375,True,0.35367352590478235
2hn1__A1_O29472--2hn1__A2_O29472,1,5,3,0,0.7409718908518798,60.15625,True,0.6411113302008576
2hn1__A1_O29472--2hn1__A2_O29472,2,5,1,0,0.7403444900996202,59.46875,True,0.6252796412847494
2hn1__A1_O29472--2hn1__A2_O29472,3,5,2,0,0.7303558012090093,58.8125,True,0.6235292889873986
2hn1__A1_O29472--2hn1__A2_O29472,4,2,0,0,0.6470666864751141,58.5625,True,0.616204391496809
2hn1__A1_O29472--2hn1__A2_O29472,5,5,0,0,0.7436745899089049,58.375,True,0.5707165998422286
2hn1__A1_O29472--2hn1__A2_O29472,6,2,2,0,0.6549935247611872,58.0,True,0.620883400987655
2hn1__A1_O29472--2hn1__A2_O29472,7,1,0,0,0.6511109496345514,57.125,True,0.5338824733452996
2hn1__A1_O29472--2hn1__A2_O29472,8,3,2,0,0.7506127942280925,57.125,True,0.5746488932142904
2hn1__A1_O29472--2hn1__A2_O29472,9,1,3,0,0.6517029730800483,56.40625,True,0.5062461380785543
2hn1__A1_O29472--2hn1__A2_O29472,10,1,2,0,0.6206489291238678,56.25,True,0.47655135491074574
2hn1__A1_O29472--2hn1__A2_O29472,11,1,1,0,0.642943558355178,56.21875,True,0.4972086877971705
2hn1__A1_O29472--2hn1__A2_O29472,12,2,1,0,0.642429722483703,55.78125,True,0.5204888446131894
2hn1__A1_O29472--2hn1__A2_O29472,13,2,3,0,0.6454111991199579,55.75,True,0.5189907877744965
2hn1__A1_O29472--2hn1__A2_O29472,14,3,0,0,0.1665927613694552,30.0,False,0.4290471748062039
2hn1__A1_O29472--2hn1__A2_O29472,15,4,0,0,0.1552953495877817,29.828125,False,0.45855453086616027
2hn1__A1_O29472--2hn1__A2_O29472,16,3,1,0,0.1616382476263252,29.03125,False,0.397867577803368
2hn1__A1_O29472--2hn1__A2_O29472,17,4,2,0,0.1537941532334976,28.921875,False,0.4171336415413051
2hn1__A1_O29472--2hn1__A2_O29472,18,3,3,0,0.0810583203586981,28.734375,False,0.3715435740562212
2hn1__A1_O29472--2hn1__A2_O29472,19,4,1,0,0.1568870505486617,28.203125,False,0.3851215375396945
2hn1__A1_O29472--2hn1__A2_O29472,20,4,3,0,0.1605177144385907,28.125,False,0.37241533591204
2huk__A1_P00720--2huk__A2_P00720,1,1,3,2,0.0137138716130072,22.265625,False,0.68820615024512
2huk__A1_P00720--2huk__A2_P00720,2,1,0,2,0.0139807922044904,20.53125,False,0.6707256711959558
2huk__A1_P00720--2huk__A2_P00720,3,1,2,2,0.0157599635138513,20.0625,False,0.6527596450288116
2huk__A1_P00720--2huk__A2_P00720,4,1,1,2,0.0140527155024602,19.734375,False,0.634347751555278
2huk__A1_P00720--2huk__A2_P00720,5,5,0,2,0.2806967684285141,19.203125,True,0.6088684131568819
2huk__A1_P00720--2huk__A2_P00720,6,4,0,2,0.0726043306612442,18.3125,False,0.47233657818448255
2huk__A1_P00720--2huk__A2_P00720,7,4,3,2,0.1207333400288254,18.09375,False,0.41833235325686224
2huk__A1_P00720--2huk__A2_P00720,8,2,1,2,0.0099885529084242,17.640625,False,0.5143311117823481
2huk__A1_P00720--2huk__A2_P00720,9,4,2,2,0.0716397703569381,17.53125,False,0.4433027691741548
2huk__A1_P00720--2huk__A2_P00720,10,3,1,2,0.0095946407352378,17.359375,False,0.5481208968977827
2huk__A1_P00720--2huk__A2_P00720,11,3,0,2,0.0093736222712401,17.21875,False,0.5127195161431689
2huk__A1_P00720--2huk__A2_P00720,12,5,3,2,0.0064826628530415,17.21875,False,0.5434827893434079
2huk__A1_P00720--2huk__A2_P00720,13,2,3,2,0.0093557571389788,17.0,False,0.4729647923542059
2huk__A1_P00720--2huk__A2_P00720,14,3,3,2,0.009559897650974,16.859375,False,0.45953601946398787
2huk__A1_P00720--2huk__A2_P00720,15,3,2,2,0.0092266726861594,16.625,False,0.44446656894711256
2huk__A1_P00720--2huk__A2_P00720,16,4,1,2,0.0221561724273043,16.3125,False,0.3853849856410059
2huk__A1_P00720--2huk__A2_P00720,17,2,0,2,0.0088622329855299,16.140625,False,0.4135217817788625
2huk__A1_P00720--2huk__A2_P00720,18,5,1,2,0.0143741265869412,15.703125,False,0.45668536640361596
2huk__A1_P00720--2huk__A2_P00720,19,5,2,2,0.0151372040414218,15.1953125,False,0.4172072992282947
2huk__A1_P00720--2huk__A2_P00720,20,2,2,2,0.0676092220677044,14.8046875,False,0.3692309422133122
2j67__A1_Q9BXR5--2j67__B1_Q9BXR5,1,3,2,0,0.6860780458319903,65.75,True,0.6562668252567563
2j67__A1_Q9BXR5--2j67__B1_Q9BXR5,2,3,1,0,0.6887521511132254,62.4375,True,0.6415347377227066
2j67__A1_Q9BXR5--2j67__B1_Q9BXR5,3,4,3,0,0.0502753965881744,58.4375,False,0.6265305667666061
2j67__A1_Q9BXR5--2j67__B1_Q9BXR5,4,2,0,0,0.3827925524239946,37.5625,True,0.615498931230347
2j67__A1_Q9BXR5--2j67__B1_Q9BXR5,5,1,0,0,0.3697673868868675,34.59375,True,0.5484404648475375
2j67__A1_Q9BXR5--2j67__B1_Q9BXR5,6,2,1,0,0.3249403387820959,33.25,True,0.5710063813196926
2j67__A1_Q9BXR5--2j67__B1_Q9BXR5,7,1,3,0,0.304132604291278,33.1875,True,0.5704939370973153
2j67__A1_Q9BXR5--2j67__B1_Q9BXR5,8,1,1,0,0.2572646864177312,33.09375,True,0.5551966288076485
2j67__A1_Q9BXR5--2j67__B1_Q9BXR5,9,1,2,0,0.2281879614851636,32.78125,False,0.5464182340514423
2j67__A1_Q9BXR5--2j67__B1_Q9BXR5,10,2,3,0,0.4977672667341541,32.5625,True,0.49462473120266454
2j67__A1_Q9BXR5--2j67__B1_Q9BXR5,11,3,0,0,0.1505700764207933,31.203125,False,0.521175014386852
2j67__A1_Q9BXR5--2j67__B1_Q9BXR5,12,3,3,0,0.1184018117386275,31.015625,False,0.49665762883432446
2j67__A1_Q9BXR5--2j67__B1_Q9BXR5,13,4,0,0,0.1124659388307311,30.5625,False,0.5016777163216194
2j67__A1_Q9BXR5--2j67__B1_Q9BXR5,14,2,2,0,0.3817648037695969,26.734375,True,0.4241493243252847
2j67__A1_Q9BXR5--2j67__B1_Q9BXR5,15,5,3,0,0.0706972120730007,26.46875,False,0.4366027653873812
2j67__A1_Q9BXR5--2j67__B1_Q9BXR5,16,5,1,0,0.0700947327441042,25.21875,False,0.40924442962225677
2j67__A1_Q9BXR5--2j67__B1_Q9BXR5,17,4,2,0,0.074488814220751,24.765625,False,0.4145944393104152
2j67__A1_Q9BXR5--2j67__B1_Q9BXR5,18,5,0,0,0.0703484069823763,24.5,False,0.38061252266630646
2j67__A1_Q9BXR5--2j67__B1_Q9BXR5,19,5,2,0,0.1127786599097745,24.25,False,0.375131650896946
2j67__A1_Q9BXR5--2j67__B1_Q9BXR5,20,4,1,0,0.0845608868245298,23.203125,False,0.37085878271034284
2j68__A1_B2IZD3--2j68__A2_B2IZD3,1,1,1,2,0.1802799182883413,49.375,False,0.6154636742790783
2j68__A1_B2IZD3--2j68__A2_B2IZD3,2,2,1,2,0.1461759820684515,47.34375,False,0.6243070074574822
2j68__A1_B2IZD3--2j68__A2_B2IZD3,3,1,0,2,0.1685429331121428,47.125,False,0.576774711075959
2j68__A1_B2IZD3--2j68__A2_B2IZD3,4,1,2,2,0.18237244214247,46.6875,False,0.5926523502253873
2j68__A1_B2IZD3--2j68__A2_B2IZD3,5,1,3,2,0.1599562220134725,45.53125,False,0.5700502359519741
2j68__A1_B2IZD3--2j68__A2_B2IZD3,6,2,0,2,0.1339587774864988,45.03125,False,0.5350501135902922
2j68__A1_B2IZD3--2j68__A2_B2IZD3,7,5,2,2,0.2444343525827773,43.9375,True,0.5767246757534943
2j68__A1_B2IZD3--2j68__A2_B2IZD3,8,5,3,2,0.2388504812498461,43.78125,True,0.553725489192229
2j68__A1_B2IZD3--2j68__A2_B2IZD3,9,5,0,2,0.2141611475956148,41.3125,False,0.47259958658938533
2j68__A1_B2IZD3--2j68__A2_B2IZD3,10,4,1,2,0.1549503058642623,41.25,False,0.5491709831025282
2j68__A1_B2IZD3--2j68__A2_B2IZD3,11,4,2,2,0.1482668531248401,41.25,False,0.550330594452351
2j68__A1_B2IZD3--2j68__A2_B2IZD3,12,5,1,2,0.2025229335528872,40.59375,False,0.4534418249892713
2j68__A1_B2IZD3--2j68__A2_B2IZD3,13,2,3,2,0.1417756583155461,40.5,False,0.48614827197524524
2j68__A1_B2IZD3--2j68__A2_B2IZD3,14,4,3,2,0.1693044326990015,40.15625,False,0.4668131493426723
2j68__A1_B2IZD3--2j68__A2_B2IZD3,15,4,0,2,0.1504245524119023,40.03125,False,0.4937541810512205
2j68__A1_B2IZD3--2j68__A2_B2IZD3,16,2,2,2,0.0687649305219487,39.09375,False,0.439128232920949
2j68__A1_B2IZD3--2j68__A2_B2IZD3,17,3,0,2,0.0913150072241908,34.3125,False,0.4350330248682086
2j68__A1_B2IZD3--2j68__A2_B2IZD3,18,3,1,2,0.096264317271108,33.5,False,0.3562281529283222
2j68__A1_B2IZD3--2j68__A2_B2IZD3,19,3,3,2,0.0908469366337618,32.5625,False,0.3573032455490907
2j68__A1_B2IZD3--2j68__A2_B2IZD3,20,3,2,2,0.0654186970672342,32.4375,False,0.442112589941075
2j6g__A1_Q6T3W5--2j6g__A2_Q6T3W5,1,5,3,4,0.0498208372700835,67.875,False,0.6298814151040907
2j6g__A1_Q6T3W5--2j6g__A2_Q6T3W5,2,5,0,4,0.049630109032917,67.1875,False,0.6497604435954127
2j6g__A1_Q6T3W5--2j6g__A2_Q6T3W5,3,5,2,4,0.0498026675807683,66.4375,False,0.6063993721328457
2j6g__A1_Q6T3W5--2j6g__A2_Q6T3W5,4,4,2,4,0.049770755181308,66.1875,False,0.579704072057232
2j6g__A1_Q6T3W5--2j6g__A2_Q6T3W5,5,4,0,4,0.0503882196890822,62.71875,False,0.4761657724626147
2j6g__A1_Q6T3W5--2j6g__A2_Q6T3W5,6,2,1,4,0.165418318851407,60.84375,False,0.6553641908597564
2j6g__A1_Q6T3W5--2j6g__A2_Q6T3W5,7,3,1,4,0.0500313071734739,60.75,False,0.44828204037159675
2j6g__A1_Q6T3W5--2j6g__A2_Q6T3W5,8,2,3,4,0.1655179313455667,58.53125,False,0.629599184914284
2j6g__A1_Q6T3W5--2j6g__A2_Q6T3W5,9,2,2,4,0.1697550923311536,56.75,False,0.5963214265909408
2j6g__A1_Q6T3W5--2j6g__A2_Q6T3W5,10,1,3,4,0.1279330398082085,52.96875,False,0.5203896328500934
2j6g__A1_Q6T3W5--2j6g__A2_Q6T3W5,11,1,1,4,0.1264122229342011,52.4375,False,0.5384393215058288
2j6g__A1_Q6T3W5--2j6g__A2_Q6T3W5,12,3,2,4,0.057817806970548,52.3125,False,0.38960635919739395
2j6g__A1_Q6T3W5--2j6g__A2_Q6T3W5,13,3,0,4,0.1175504046488553,51.84375,False,0.38886571060471525
2j6g__A1_Q6T3W5--2j6g__A2_Q6T3W5,14,3,3,4,0.1016202667081087,51.75,False,0.41381792963693087
2j6g__A1_Q6T3W5--2j6g__A2_Q6T3W5,15,1,2,4,0.1312698785280767,51.6875,False,0.505086915739128
2j6g__A1_Q6T3W5--2j6g__A2_Q6T3W5,16,1,0,4,0.1203033457540838,51.21875,False,0.4718463364849064
2j6g__A1_Q6T3W5--2j6g__A2_Q6T3W5,17,2,0,4,0.150230663980866,50.875,False,0.5205680631446779
2j6g__A1_Q6T3W5--2j6g__A2_Q6T3W5,18,5,1,4,0.1245521547232565,49.9375,False,0.4103605427727795
2j6g__A1_Q6T3W5--2j6g__A2_Q6T3W5,19,4,3,4,0.0596215503587674,49.71875,False,0.3508426857116937
2j6g__A1_Q6T3W5--2j6g__A2_Q6T3W5,20,4,1,4,0.1112898591147615,49.40625,False,0.3865525407353421
2ntx__A1_Q9LV40--2ntx__B1_Q9LV40,1,2,3,1,0.5789012712043528,77.25,True,0.6373033260027056
2ntx__A1_Q9LV40--2ntx__B1_Q9LV40,2,4,1,1,0.5775887467544987,75.9375,True,0.6129317815832038
2ntx__A1_Q9LV40--2ntx__B1_Q9LV40,3,3,1,1,0.5967982500233026,74.9375,True,0.6290695504459727
2ntx__A1_Q9LV40--2ntx__B1_Q9LV40,4,5,3,1,0.5926097861854693,73.5,True,0.5961748357354508
2ntx__A1_Q9LV40--2ntx__B1_Q9LV40,5,4,2,1,0.5851919375602813,72.3125,True,0.5863103430561043
2ntx__A1_Q9LV40--2ntx__B1_Q9LV40,6,3,3,1,0.6290234732905832,70.875,True,0.5784682508941633
2ntx__A1_Q9LV40--2ntx__B1_Q9LV40,7,5,1,1,0.5944757864095959,70.25,True,0.5523341350673542
2ntx__A1_Q9LV40--2ntx__B1_Q9LV40,8,2,2,1,0.5878121595835356,69.75,True,0.5495955513571334
2ntx__A1_Q9LV40--2ntx__B1_Q9LV40,9,4,3,1,0.5558936386083558,68.6875,True,0.5197567507087607
2ntx__A1_Q9LV40--2ntx__B1_Q9LV40,10,2,1,1,0.4869799566704076,67.5,True,0.5246352961214715
2ntx__A1_Q9LV40--2ntx__B1_Q9LV40,11,5,0,1,0.6241580076535468,63.46875,True,0.47678400849078045
2ntx__A1_Q9LV40--2ntx__B1_Q9LV40,12,2,0,1,0.5606071705489476,55.625,True,0.4859117589346725
2ntx__A1_Q9LV40--2ntx__B1_Q9LV40,13,3,0,1,0.5253369571392126,49.8125,True,0.45739794620198854
2ntx__A1_Q9LV40--2ntx__B1_Q9LV40,14,1,1,1,0.5949591976303026,48.40625,True,0.46794728199334595
2ntx__A1_Q9LV40--2ntx__B1_Q9LV40,15,3,2,1,0.6151444870304729,48.125,True,0.4528925766940443
2ntx__A1_Q9LV40--2ntx__B1_Q9LV40,16,1,3,1,0.4593762230692111,43.125,True,0.4276623495307328
2ntx__A1_Q9LV40--2ntx__B1_Q9LV40,17,4,0,1,0.4349881087428648,38.0625,True,0.4057092128647602
2ntx__A1_Q9LV40--2ntx__B1_Q9LV40,18,1,0,1,0.4656167730141695,37.625,True,0.4108128424420409
2ntx__A1_Q9LV40--2ntx__B1_Q9LV40,19,5,2,1,0.3698630619695309,32.09375,True,0.38913656467735946
2ntx__A1_Q9LV40--2ntx__B1_Q9LV40,20,1,2,1,0.2341540138740348,29.609375,True,0.375824110397241
2o96__B1_P51665--2o96__A1_P51665,1,4,0,4,0.6963134947929509,89.5625,True,0.6546137395684525
2o96__B1_P51665--2o96__A1_P51665,2,4,3,4,0.6050102137340457,89.5625,True,0.6663148342117134
2o96__B1_P51665--2o96__A1_P51665,3,2,3,4,0.6857546538629881,88.625,True,0.630375632613123
2o96__B1_P51665--2o96__A1_P51665,4,3,3,4,0.655882410269161,87.0,True,0.6264269208171114
2o96__B1_P51665--2o96__A1_P51665,5,4,1,4,0.6120351387122623,83.3125,True,0.6035547566907647
2o96__B1_P51665--2o96__A1_P51665,6,1,2,4,0.0477887336483656,65.375,False,0.5866779669161652
2o96__B1_P51665--2o96__A1_P51665,7,1,1,4,0.0541475399405219,63.4375,False,0.569595065822068
2o96__B1_P51665--2o96__A1_P51665,8,3,2,4,0.0468774177096451,59.875,False,0.550067995897318
2o96__B1_P51665--2o96__A1_P51665,9,5,1,4,0.0399232214082188,59.25,False,0.5266029615038106
2o96__B1_P51665--2o96__A1_P51665,10,1,3,4,0.0477700289237519,59.1875,False,0.5281803487203882
2o96__B1_P51665--2o96__A1_P51665,11,3,0,4,0.047923699003501,57.1875,False,0.5188434400333407
2o96__B1_P51665--2o96__A1_P51665,12,5,2,4,0.039303191851639,57.03125,False,0.4692415210022694
2o96__B1_P51665--2o96__A1_P51665,13,5,0,4,0.0414384859818977,56.1875,False,0.45640316694419153
2o96__B1_P51665--2o96__A1_P51665,14,5,3,4,0.0410635918267112,54.5,False,0.45073843994227436
2o96__B1_P51665--2o96__A1_P51665,15,3,1,4,0.05362473602358,47.375,False,0.42453946047932983
2o96__B1_P51665--2o96__A1_P51665,16,1,0,4,0.0511637182791003,46.90625,False,0.42603017607203536
2o96__B1_P51665--2o96__A1_P51665,17,4,2,4,0.0529683125110722,40.28125,False,0.4002208940773787
2o96__B1_P51665--2o96__A1_P51665,18,2,2,4,0.041786660844733,39.8125,False,0.3827512584134233
2o96__B1_P51665--2o96__A1_P51665,19,2,1,4,0.0409855011677777,37.75,False,0.3476710581850254
2o96__B1_P51665--2o96__A1_P51665,20,2,0,4,0.0427221940396564,36.8125,False,0.3502395564045873
2oo9__A1_P22681--2oo9__B1_P22681,1,2,2,4,0.0841846757526277,73.0625,False,0.668298189550973
2oo9__A1_P22681--2oo9__B1_P22681,2,4,1,4,0.1097410346073493,22.484375,False,0.6243127894931089
2oo9__A1_P22681--2oo9__B1_P22681,3,4,3,4,0.1106020477321761,22.09375,False,0.585892013104495
2oo9__A1_P22681--2oo9__B1_P22681,4,4,0,4,0.1270260766399393,20.609375,False,0.5311190003655091
2oo9__A1_P22681--2oo9__B1_P22681,5,4,2,4,0.1240206648989213,20.09375,False,0.536767989432964
2oo9__A1_P22681--2oo9__B1_P22681,6,5,3,4,0.1247989712724539,20.03125,False,0.5516582196165714
2oo9__A1_P22681--2oo9__B1_P22681,7,5,1,4,0.1773836398274348,19.296875,False,0.5474501334256925
2oo9__A1_P22681--2oo9__B1_P22681,8,5,2,4,0.1382428203718756,18.921875,False,0.5449779312434334
2oo9__A1_P22681--2oo9__B1_P22681,9,1,1,4,0.1127342561568531,18.921875,False,0.3168112190202739
2oo9__A1_P22681--2oo9__B1_P22681,10,5,0,4,0.1368341801098575,18.375,False,0.578284223491376
2oo9__A1_P22681--2oo9__B1_P22681,11,3,3,4,0.1632269699937268,18.015625,False,0.47023400366244145
2oo9__A1_P22681--2oo9__B1_P22681,12,3,1,4,0.1754757313644603,17.96875,False,0.5198956493000106
2oo9__A1_P22681--2oo9__B1_P22681,13,2,0,4,0.032635553682612,17.828125,False,0.6236625398437845
2oo9__A1_P22681--2oo9__B1_P22681,14,3,0,4,0.1132296103826044,17.8125,False,0.47098609933662694
2oo9__A1_P22681--2oo9__B1_P22681,15,3,2,4,0.114654026932571,17.328125,False,0.49304892656321786
2oo9__A1_P22681--2oo9__B1_P22681,16,1,3,4,0.0805057057284266,16.375,False,0.36243793682570624
2oo9__A1_P22681--2oo9__B1_P22681,17,1,0,4,0.1464992043952094,15.21875,False,0.41307880319355483
2oo9__A1_P22681--2oo9__B1_P22681,18,1,2,4,0.1752775511369992,15.15625,False,0.39010552552375855
2oo9__A1_P22681--2oo9__B1_P22681,19,2,3,4,0.0466213885444778,13.09375,False,0.5787774434858124
2oo9__A1_P22681--2oo9__B1_P22681,20,2,1,4,0.1085420478283226,12.8828125,False,0.3708246075312767
2p09__A1_UNDEFINED--2p09__A2_UNDEFINED,1,5,0,4,0.0253604512405473,16.140625,False,0.7126419179566618
2p09__A1_UNDEFINED--2p09__A2_UNDEFINED,2,2,1,4,0.0372737938342161,13.8515625,False,0.561288699921851
2p09__A1_UNDEFINED--2p09__A2_UNDEFINED,3,5,2,4,0.0577662452357839,13.828125,False,0.672455212492926
2p09__A1_UNDEFINED--2p09__A2_UNDEFINED,4,4,0,4,0.0276151845093954,12.6875,False,0.6218877096492801
2p09__A1_UNDEFINED--2p09__A2_UNDEFINED,5,1,0,4,0.0308248348965228,12.3125,False,0.6543044823421473
2p09__A1_UNDEFINED--2p09__A2_UNDEFINED,6,3,3,4,0.0298441348953723,12.1796875,False,0.6085439298677643
2p09__A1_UNDEFINED--2p09__A2_UNDEFINED,7,5,1,4,0.052081230965971,11.78125,False,0.6016868397213645
2p09__A1_UNDEFINED--2p09__A2_UNDEFINED,8,5,3,4,0.0341345210584911,11.625,False,0.5362203082251382
2p09__A1_UNDEFINED--2p09__A2_UNDEFINED,9,2,2,4,0.0524805082922966,11.515625,False,0.6112964880855116
2p09__A1_UNDEFINED--2p09__A2_UNDEFINED,10,2,0,4,0.0342287096323461,11.234375,False,0.3964108985290389
2p09__A1_UNDEFINED--2p09__A2_UNDEFINED,11,2,3,4,0.0276256256488981,11.1171875,False,0.5885320036981202
2p09__A1_UNDEFINED--2p09__A2_UNDEFINED,12,4,3,4,0.0302047062625797,10.6015625,False,0.5191879313242375
2p09__A1_UNDEFINED--2p09__A2_UNDEFINED,13,1,3,4,0.0320059604929642,10.125,False,0.4331469121176165
2p09__A1_UNDEFINED--2p09__A2_UNDEFINED,14,3,1,4,0.0422533800283671,9.59375,False,0.3777938764548462
2p09__A1_UNDEFINED--2p09__A2_UNDEFINED,15,1,1,4,0.0333258141347984,9.546875,False,0.44970416010982245
2p09__A1_UNDEFINED--2p09__A2_UNDEFINED,16,1,2,4,0.0278924552707792,9.3046875,False,0.43837437851013056
2p09__A1_UNDEFINED--2p09__A2_UNDEFINED,17,4,2,4,0.0500284654879715,9.1875,False,0.39699280311491064
2p09__A1_UNDEFINED--2p09__A2_UNDEFINED,18,3,0,4,0.0835606806609947,9.140625,False,0.3222824638892094
2p09__A1_UNDEFINED--2p09__A2_UNDEFINED,19,4,1,4,0.0285474340584082,8.5390625,False,0.30718495792701356
2p09__A1_UNDEFINED--2p09__A2_UNDEFINED,20,3,2,4,0.0186277728429617,8.46875,False,0.35831592602366646
2pyu__A1_P52061--2pyu__A2_P52061,1,4,0,1,0.4076441283125315,87.0625,True,0.621621287045035
2pyu__A1_P52061--2pyu__A2_P52061,2,4,3,1,0.4036663454835574,87.0625,True,0.6152663892562606
2pyu__A1_P52061--2pyu__A2_P52061,3,3,3,1,0.3803558764245874,86.875,True,0.610676455506114
2pyu__A1_P52061--2pyu__A2_P52061,4,4,2,1,0.4129012310401552,86.8125,True,0.5929711498613227
2pyu__A1_P52061--2pyu__A2_P52061,5,4,1,1,0.4195618673164995,86.6875,True,0.5763738143934677
2pyu__A1_P52061--2pyu__A2_P52061,6,3,0,1,0.3793926108710972,86.625,True,0.5913240974903196
2pyu__A1_P52061--2pyu__A2_P52061,7,3,1,1,0.377496386228059,86.5625,True,0.572564418105839
2pyu__A1_P52061--2pyu__A2_P52061,8,3,2,1,0.3905828840477504,86.125,True,0.5421754569742222
2pyu__A1_P52061--2pyu__A2_P52061,9,2,1,1,0.412293799219126,85.6875,True,0.5309628850575615
2pyu__A1_P52061--2pyu__A2_P52061,10,5,3,1,0.4404453418619421,85.625,True,0.5104485586817973
2pyu__A1_P52061--2pyu__A2_P52061,11,5,0,1,0.4530955491007961,85.625,True,0.500823277422824
2pyu__A1_P52061--2pyu__A2_P52061,12,2,2,1,0.4221441605419815,85.125,True,0.4859117589346725
2pyu__A1_P52061--2pyu__A2_P52061,13,2,0,1,0.4164199865875619,85.0625,True,0.45739794620198854
2pyu__A1_P52061--2pyu__A2_P52061,14,1,1,1,0.3940830283754219,84.9375,True,0.4740899182084192
2pyu__A1_P52061--2pyu__A2_P52061,15,1,3,1,0.4058741869799983,84.875,True,0.44207245303284515
2pyu__A1_P52061--2pyu__A2_P52061,16,1,2,1,0.4058235848453462,84.375,True,0.4359252125909636
2pyu__A1_P52061--2pyu__A2_P52061,17,1,0,1,0.3854196498147482,84.1875,True,0.4135492536927848
2pyu__A1_P52061--2pyu__A2_P52061,18,2,3,1,0.4171385261137125,84.1875,True,0.410023497681639
2pyu__A1_P52061--2pyu__A2_P52061,19,5,2,1,0.4520367434688895,83.9375,True,0.3810455327166344
2pyu__A1_P52061--2pyu__A2_P52061,20,5,1,1,0.4520667559437035,83.3125,True,0.3735852019788692
2q1k__A1_Q1EHA4--2q1k__B1_Q1EHA4,1,5,0,0,0.5814439604738205,27.375,True,0.652061574321747
2q1k__A1_Q1EHA4--2q1k__B1_Q1EHA4,2,5,1,0,0.4945143250722399,23.578125,True,0.6356819975844769
2q1k__A1_Q1EHA4--2q1k__B1_Q1EHA4,3,5,2,0,0.4717472093892385,23.203125,True,0.6178082774642639
2q1k__A1_Q1EHA4--2q1k__B1_Q1EHA4,4,1,1,0,0.2930925949006734,21.0,True,0.6390157661130652
2q1k__A1_Q1EHA4--2q1k__B1_Q1EHA4,5,1,3,0,0.2951084537298267,19.546875,True,0.607401805599819
2q1k__A1_Q1EHA4--2q1k__B1_Q1EHA4,6,4,0,0,0.5434251028835557,19.53125,True,0.5594837320835229
2q1k__A1_Q1EHA4--2q1k__B1_Q1EHA4,7,2,1,0,0.3763969184513336,19.453125,True,0.5910054171375052
2q1k__A1_Q1EHA4--2q1k__B1_Q1EHA4,8,2,3,0,0.4097953289146483,18.5625,True,0.5579729238335599
2q1k__A1_Q1EHA4--2q1k__B1_Q1EHA4,9,1,0,0,0.3708191174746354,18.125,True,0.5384761063569032
2q1k__A1_Q1EHA4--2q1k__B1_Q1EHA4,10,5,3,0,0.3755092111019816,18.109375,True,0.5204956932761043
2q1k__A1_Q1EHA4--2q1k__B1_Q1EHA4,11,4,2,0,0.4869587558501201,17.90625,True,0.5005386589515939
2q1k__A1_Q1EHA4--2q1k__B1_Q1EHA4,12,4,1,0,0.4235500773491054,17.515625,True,0.4656774039932975
2q1k__A1_Q1EHA4--2q1k__B1_Q1EHA4,13,4,3,0,0.5161001586170864,16.5625,True,0.4533796963009909
2q1k__A1_Q1EHA4--2q1k__B1_Q1EHA4,14,1,2,0,0.2203256307422129,15.8125,False,0.48863669272725446
2q1k__A1_Q1EHA4--2q1k__B1_Q1EHA4,15,2,2,0,0.2156043415431718,15.34375,False,0.4457485041092633
2q1k__A1_Q1EHA4--2q1k__B1_Q1EHA4,16,2,0,0,0.3268206621952763,15.140625,True,0.39543110744886534
2q1k__A1_Q1EHA4--2q1k__B1_Q1EHA4,17,3,2,0,0.3450056081602016,14.7109375,True,0.39712728839771094
2q1k__A1_Q1EHA4--2q1k__B1_Q1EHA4,18,3,3,0,0.0871050704239417,13.3828125,False,0.3677389055389903
2q1k__A1_Q1EHA4--2q1k__B1_Q1EHA4,19,3,0,0,0.0447438819786069,12.96875,False,0.36790154271755154
2q1k__A1_Q1EHA4--2q1k__B1_Q1EHA4,20,3,1,0,0.0534617143313404,12.125,False,0.356323623267719
2qko__B1_Q0S912--2qko__A1_Q0S912,1,3,2,0,0.1608734091042163,76.375,False,0.6476353798055455
2qko__B1_Q0S912--2qko__A1_Q0S912,2,5,2,0,0.5274122863055469,74.25,True,0.6444454979599121
2qko__B1_Q0S912--2qko__A1_Q0S912,3,5,1,0,0.5341077180619321,73.5,True,0.6294927982402186
2qko__B1_Q0S912--2qko__A1_Q0S912,4,5,3,0,0.5324780371044128,72.6875,True,0.6142876348484471
2qko__B1_Q0S912--2qko__A1_Q0S912,5,5,0,0,0.541982111119558,69.375,True,0.5958062168089577
2qko__B1_Q0S912--2qko__A1_Q0S912,6,2,3,0,0.1668892605356658,66.9375,False,0.581579075400465
2qko__B1_Q0S912--2qko__A1_Q0S912,7,3,0,0,0.5902864388780859,65.0625,True,0.5521208124817201
2qko__B1_Q0S912--2qko__A1_Q0S912,8,2,2,0,0.1685347728828743,65.0,False,0.5499869836613801
2qko__B1_Q0S912--2qko__A1_Q0S912,9,3,1,0,0.1703413539497436,64.9375,False,0.5379436757949112
2qko__B1_Q0S912--2qko__A1_Q0S912,10,2,1,0,0.1696712897944744,63.125,False,0.5197060548549004
2qko__B1_Q0S912--2qko__A1_Q0S912,11,3,3,0,0.5451956852315835,60.59375,True,0.5074201253032067
2qko__B1_Q0S912--2qko__A1_Q0S912,12,2,0,0,0.578039428253397,58.84375,True,0.4762314979648862
2qko__B1_Q0S912--2qko__A1_Q0S912,13,1,0,0,0.1712376500331252,54.5,False,0.4620795487660785
2qko__B1_Q0S912--2qko__A1_Q0S912,14,1,1,0,0.1634979397436501,54.125,False,0.4528473690697721
2qko__B1_Q0S912--2qko__A1_Q0S912,15,1,2,0,0.1644805451213252,51.40625,False,0.43112344865762764
2qko__B1_Q0S912--2qko__A1_Q0S912,16,4,0,0,0.2107395490896619,36.03125,False,0.4311389827897487
2qko__B1_Q0S912--2qko__A1_Q0S912,17,4,1,0,0.0864379669975773,34.03125,False,0.39786575071892744
2qko__B1_Q0S912--2qko__A1_Q0S912,18,4,2,0,0.0795873948689795,33.53125,False,0.37895554812174687
2qko__B1_Q0S912--2qko__A1_Q0S912,19,1,3,0,0.5372202902635537,33.0625,True,0.390120543890901
2qko__B1_Q0S912--2qko__A1_Q0S912,20,4,3,0,0.0611042722551106,28.375,False,0.3557361963560614
2qpv__A1_Q7CZ16--2qpv__B1_Q7CZ16,1,5,2,0,0.0097371829607608,87.3125,False,0.6562668252567563
2qpv__A1_Q7CZ16--2qpv__B1_Q7CZ16,2,5,3,0,0.0097659605508792,87.0,False,0.6415347377227066
2qpv__A1_Q7CZ16--2qpv__B1_Q7CZ16,3,5,1,0,0.0097455484300204,86.875,False,0.6265305667666061
2qpv__A1_Q7CZ16--2qpv__B1_Q7CZ16,4,5,0,0,0.0097461456680988,86.6875,False,0.6112789060346601
2qpv__A1_Q7CZ16--2qpv__B1_Q7CZ16,5,4,0,0,0.0097501793855464,86.25,False,0.5958062168089577
2qpv__A1_Q7CZ16--2qpv__B1_Q7CZ16,6,4,3,0,0.0097429974261603,85.5625,False,0.5687811917908961
2qpv__A1_Q7CZ16--2qpv__B1_Q7CZ16,7,4,2,0,0.0096902580795821,85.0,False,0.5688765513423725
2qpv__A1_Q7CZ16--2qpv__B1_Q7CZ16,8,1,0,0,0.0097827140209448,84.8125,False,0.5331152960108727
2qpv__A1_Q7CZ16--2qpv__B1_Q7CZ16,9,2,0,0,0.0097615778313525,84.8125,False,0.5168491474137175
2qpv__A1_Q7CZ16--2qpv__B1_Q7CZ16,10,3,0,0,0.0097161235784996,84.75,False,0.52432043907401
2qpv__A1_Q7CZ16--2qpv__B1_Q7CZ16,11,1,3,0,0.0097663653857287,84.6875,False,0.4814999899923273
2qpv__A1_Q7CZ16--2qpv__B1_Q7CZ16,12,2,3,0,0.0097353344715395,84.6875,False,0.47268754460681933
2qpv__A1_Q7CZ16--2qpv__B1_Q7CZ16,13,2,2,0,0.0097704394088951,84.5625,False,0.4638938329836453
2qpv__A1_Q7CZ16--2qpv__B1_Q7CZ16,14,4,1,0,0.0097095904342031,84.5,False,0.46126570799425726
2qpv__A1_Q7CZ16--2qpv__B1_Q7CZ16,15,1,2,0,0.0097753071445291,84.3125,False,0.4390033955372265
2qpv__A1_Q7CZ16--2qpv__B1_Q7CZ16,16,1,1,0,0.0097596336111963,84.125,False,0.4260487673624618
2qpv__A1_Q7CZ16--2qpv__B1_Q7CZ16,17,3,2,0,0.0097146485036429,83.875,False,0.42098961450202943
2qpv__A1_Q7CZ16--2qpv__B1_Q7CZ16,18,3,1,0,0.0097370950600656,83.5,False,0.4006315033810536
2qpv__A1_Q7CZ16--2qpv__B1_Q7CZ16,19,3,3,0,0.0097526475887695,83.3125,False,0.38802600133704357
2qpv__A1_Q7CZ16--2qpv__B1_Q7CZ16,20,2,1,0,0.0097152252720428,83.25,False,0.35709142437816843
2r17__C1_Q96QK1--2r17__A1_Q9UBQ0,1,2,3,1,0.7553942881300472,91.4375,True,0.6328769214639602
2r17__C1_Q96QK1--2r17__A1_Q9UBQ0,2,2,2,1,0.7490386608755691,91.1875,True,0.6217493852228568
2r17__C1_Q96QK1--2r17__A1_Q9UBQ0,3,2,0,1,0.7576520187512864,91.125,True,0.6178361749348095
2r17__C1_Q96QK1--2r17__A1_Q9UBQ0,4,4,3,1,0.7337973452514667,90.875,True,0.5784959136101894
2r17__C1_Q96QK1--2r17__A1_Q9UBQ0,5,5,3,1,0.7742229058215845,90.8125,True,0.5673791000812507
2r17__C1_Q96QK1--2r17__A1_Q9UBQ0,6,2,1,1,0.7593236131700416,90.75,True,0.5749515280862277
2r17__C1_Q96QK1--2r17__A1_Q9UBQ0,7,5,0,1,0.764004349227987,90.6875,True,0.5346815971324721
2r17__C1_Q96QK1--2r17__A1_Q9UBQ0,8,3,2,1,0.757715053620232,90.5625,True,0.522788045503011
2r17__C1_Q96QK1--2r17__A1_Q9UBQ0,9,5,1,1,0.7553584324712627,90.5,True,0.46667067721419353
2r17__C1_Q96QK1--2r17__A1_Q9UBQ0,10,5,2,1,0.7564498022710806,90.3125,True,0.4550427294737996
2r17__C1_Q96QK1--2r17__A1_Q9UBQ0,11,4,0,1,0.7498355212070885,90.3125,True,0.4959677825638823
2r17__C1_Q96QK1--2r17__A1_Q9UBQ0,12,1,3,1,0.7389026736798844,90.25,True,0.5342224440189786
2r17__C1_Q96QK1--2r17__A1_Q9UBQ0,13,1,0,1,0.7242826368361636,90.125,True,0.4948934874854942
2r17__C1_Q96QK1--2r17__A1_Q9UBQ0,14,1,2,1,0.728738109694559,90.0625,True,0.4986085047230925
2r17__C1_Q96QK1--2r17__A1_Q9UBQ0,15,4,1,1,0.7494610714020599,90.0625,True,0.4570103926364578
2r17__C1_Q96QK1--2r17__A1_Q9UBQ0,16,3,1,1,0.7644885188535189,89.9375,True,0.4205043881490867
2r17__C1_Q96QK1--2r17__A1_Q9UBQ0,17,3,3,1,0.7759470897904396,89.9375,True,0.47871593746471236
2r17__C1_Q96QK1--2r17__A1_Q9UBQ0,18,4,2,1,0.7400400770745471,89.5,True,0.4046090940633726
2r17__C1_Q96QK1--2r17__A1_Q9UBQ0,19,1,1,1,0.7377903144824692,89.1875,True,0.39892602971816254
2r17__C1_Q96QK1--2r17__A1_Q9UBQ0,20,3,0,1,0.7464962393180109,89.1875,True,0.38109421568035945
2r1f__A1_P28306--2r1f__B1_P28306,1,3,2,0,0.0138290556113118,59.0625,False,0.6413738755744729
2r1f__A1_P28306--2r1f__B1_P28306,2,3,0,0,0.0137026504577828,55.8125,False,0.6497787641875789
2r1f__A1_P28306--2r1f__B1_P28306,3,5,0,0,0.0138125767390335,46.40625,False,0.6127040289256218
2r1f__A1_P28306--2r1f__B1_P28306,4,1,3,0,0.3886154019849757,45.53125,True,0.6164504592536699
2r1f__A1_P28306--2r1f__B1_P28306,5,5,2,0,0.0140238723648413,44.03125,False,0.5930469162395896
2r1f__A1_P28306--2r1f__B1_P28306,6,5,1,0,0.0139679231280351,42.71875,False,0.5572877596630368
2r1f__A1_P28306--2r1f__B1_P28306,7,1,0,0,0.3725145591466836,40.8125,True,0.5841690502266701
2r1f__A1_P28306--2r1f__B1_P28306,8,1,2,0,0.3794718483141744,30.828125,True,0.5670321747367377
2r1f__A1_P28306--2r1f__B1_P28306,9,1,1,0,0.3463368956417267,24.40625,True,0.5386447058165834
2r1f__A1_P28306--2r1f__B1_P28306,10,5,3,0,0.0314580964254387,23.234375,False,0.4862041934210167
2r1f__A1_P28306--2r1f__B1_P28306,11,4,0,0,0.0076766513072745,21.390625,False,0.5047139206521495
2r1f__A1_P28306--2r1f__B1_P28306,12,4,2,0,0.0234933432983983,21.078125,False,0.44464221620626565
2r1f__A1_P28306--2r1f__B1_P28306,13,4,3,0,0.0670702408221219,20.953125,False,0.43747353833779334
2r1f__A1_P28306--2r1f__B1_P28306,14,3,3,0,0.0760478163257782,19.78125,False,0.45033490878852594
2r1f__A1_P28306--2r1f__B1_P28306,15,3,1,0,0.0117301277258822,19.59375,False,0.4666597432402684
2r1f__A1_P28306--2r1f__B1_P28306,16,2,1,0,0.1104561092168324,19.234375,False,0.3976019488367739
2r1f__A1_P28306--2r1f__B1_P28306,17,4,1,0,0.0410480329770573,19.15625,False,0.40002591983259606
2r1f__A1_P28306--2r1f__B1_P28306,18,2,3,0,0.0180626746431994,18.609375,False,0.4107109297890198
2r1f__A1_P28306--2r1f__B1_P28306,19,2,0,0,0.0223640240818419,18.453125,False,0.3943548878818291
2r1f__A1_P28306--2r1f__B1_P28306,20,2,2,0,0.0960175134334333,18.421875,False,0.40051689569175847
2r7a__A1_O70018--2r7a__C1_O70018,1,4,1,2,0.1070391541449517,59.6875,False,0.6415858834017127
2r7a__A1_O70018--2r7a__C1_O70018,2,4,2,2,0.1125497004993629,52.8125,False,0.6340880963969608
2r7a__A1_O70018--2r7a__C1_O70018,3,4,3,2,0.098708060093,51.9375,False,0.6279535698921037
2r7a__A1_O70018--2r7a__C1_O70018,4,4,0,2,0.0814705023274148,51.125,False,0.6037508779385072
2r7a__A1_O70018--2r7a__C1_O70018,5,3,1,2,0.030864258861692,44.125,False,0.5800377298976906
2r7a__A1_O70018--2r7a__C1_O70018,6,3,3,2,0.0363822273499989,42.53125,False,0.5549272461456686
2r7a__A1_O70018--2r7a__C1_O70018,7,3,2,2,0.0699949411752384,35.71875,False,0.5586092010570195
2r7a__A1_O70018--2r7a__C1_O70018,8,3,0,2,0.0424350365405083,34.09375,False,0.5429087744217891
2r7a__A1_O70018--2r7a__C1_O70018,9,5,1,2,0.0336129962705581,31.09375,False,0.5567589917276209
2r7a__A1_O70018--2r7a__C1_O70018,10,5,2,2,0.0596331303121107,31.046875,False,0.5416968137205119
2r7a__A1_O70018--2r7a__C1_O70018,11,5,0,2,0.0332429957063831,29.890625,False,0.5168596999852118
2r7a__A1_O70018--2r7a__C1_O70018,12,5,3,2,0.0378444127814862,28.75,False,0.5016552679197045
2r7a__A1_O70018--2r7a__C1_O70018,13,2,1,2,0.0500869923283992,26.65625,False,0.47916879534565926
2r7a__A1_O70018--2r7a__C1_O70018,14,1,3,2,0.0516067844804887,25.0625,False,0.45917849171495745
2r7a__A1_O70018--2r7a__C1_O70018,15,1,1,2,0.0446820913676737,23.25,False,0.4161480131663372
2r7a__A1_O70018--2r7a__C1_O70018,16,1,2,2,0.0291403836394436,22.140625,False,0.37977210573300274
2r7a__A1_O70018--2r7a__C1_O70018,17,2,3,2,0.0241241640110607,21.828125,False,0.418426321967534
2r7a__A1_O70018--2r7a__C1_O70018,18,1,0,2,0.0170469598873214,21.453125,False,0.3794259572154581
2r7a__A1_O70018--2r7a__C1_O70018,19,2,0,2,0.018676750151124,21.109375,False,0.38308812280071713
2r7a__A1_O70018--2r7a__C1_O70018,20,2,2,2,0.021455111774549,20.75,False,0.36797415503869824
2r9a__A1_Q9H9Q4--2r9a__B1_Q9H9Q4,1,1,3,4,0.2073079940899882,50.15625,False,0.6583749498018976
2r9a__A1_Q9H9Q4--2r9a__B1_Q9H9Q4,2,1,1,4,0.2568450327817093,50.0625,True,0.5426500979425007
2r9a__A1_Q9H9Q4--2r9a__B1_Q9H9Q4,3,1,0,4,0.2129215883583936,49.96875,False,0.6545614427182596
2r9a__A1_Q9H9Q4--2r9a__B1_Q9H9Q4,4,3,3,4,0.2027770332412349,44.15625,False,0.6168996010444288
2r9a__A1_Q9H9Q4--2r9a__B1_Q9H9Q4,5,1,2,4,0.2527073106396156,44.0,True,0.6147294141354452
2r9a__A1_Q9H9Q4--2r9a__B1_Q9H9Q4,6,3,0,4,0.1975060599502103,42.59375,False,0.6164484105595799
2r9a__A1_Q9H9Q4--2r9a__B1_Q9H9Q4,7,3,2,4,0.1889112033461877,42.5625,False,0.5986625166209163
2r9a__A1_Q9H9Q4--2r9a__B1_Q9H9Q4,8,3,1,4,0.1940539080454519,41.53125,False,0.5572686646450995
2r9a__A1_Q9H9Q4--2r9a__B1_Q9H9Q4,9,4,0,4,0.3220032295913913,39.9375,True,0.5563287416840367
2r9a__A1_Q9H9Q4--2r9a__B1_Q9H9Q4,10,2,2,4,0.2736603047375309,39.4375,True,0.5303825306718577
2r9a__A1_Q9H9Q4--2r9a__B1_Q9H9Q4,11,4,2,4,0.2981577729084947,39.09375,True,0.4039562878225897
2r9a__A1_Q9H9Q4--2r9a__B1_Q9H9Q4,12,5,1,4,0.2785595035132553,38.53125,True,0.45106138341572033
2r9a__A1_Q9H9Q4--2r9a__B1_Q9H9Q4,13,2,1,4,0.2846275074352927,38.40625,True,0.47673293098608466
2r9a__A1_Q9H9Q4--2r9a__B1_Q9H9Q4,14,4,1,4,0.3186385394093231,38.25,True,0.4019778953029735
2r9a__A1_Q9H9Q4--2r9a__B1_Q9H9Q4,15,5,0,4,0.2063216467069587,38.125,False,0.47914930881961393
2r9a__A1_Q9H9Q4--2r9a__B1_Q9H9Q4,16,5,2,4,0.2984581627426035,37.875,True,0.42289608504275533
2r9a__A1_Q9H9Q4--2r9a__B1_Q9H9Q4,17,5,3,4,0.1942701760493743,37.75,False,0.47379425590617363
2r9a__A1_Q9H9Q4--2r9a__B1_Q9H9Q4,18,4,3,4,0.2876311967412371,37.4375,True,0.3373443051385024
2r9a__A1_Q9H9Q4--2r9a__B1_Q9H9Q4,19,2,3,4,0.284040206257024,36.8125,True,0.4464333251296432
2r9a__A1_Q9H9Q4--2r9a__B1_Q9H9Q4,20,2,0,4,0.2756393753869346,33.8125,True,0.3325788689879447
2raf__B1_F9URQ8--2raf__A1_F9URQ8,1,4,1,1,0.6602259052884388,82.875,True,0.6373033260027056
2raf__B1_F9URQ8--2raf__A1_F9URQ8,2,4,0,1,0.634856120439785,81.3125,True,0.6241758896027589
2raf__B1_F9URQ8--2raf__A1_F9URQ8,3,4,2,1,0.458064279727188,78.5625,True,0.5552096304206294
2raf__B1_F9URQ8--2raf__A1_F9URQ8,4,5,1,1,0.5352504649677751,77.5,True,0.6004873628277688
2raf__B1_F9URQ8--2raf__A1_F9URQ8,5,5,3,1,0.5109641271887834,77.4375,True,0.573975896942908
2raf__B1_F9URQ8--2raf__A1_F9URQ8,6,5,0,1,0.5482917080605559,76.6875,True,0.5570641425723476
2raf__B1_F9URQ8--2raf__A1_F9URQ8,7,3,3,1,0.5725699484914082,76.375,True,0.5499012428335933
2raf__B1_F9URQ8--2raf__A1_F9URQ8,8,3,2,1,0.5877556058897294,76.25,True,0.5587920052178665
2raf__B1_F9URQ8--2raf__A1_F9URQ8,9,4,3,1,0.6604585985987964,76.125,True,0.5531385474637756
2raf__B1_F9URQ8--2raf__A1_F9URQ8,10,3,1,1,0.5925299322118974,76.0625,True,0.517484191840623
2raf__B1_F9URQ8--2raf__A1_F9URQ8,11,5,2,1,0.515996458485405,74.3125,True,0.4952251365607752
2raf__B1_F9URQ8--2raf__A1_F9URQ8,12,3,0,1,0.5842576050516644,67.75,True,0.5110370890460425
2raf__B1_F9URQ8--2raf__A1_F9URQ8,13,2,0,1,0.6253908416947769,67.25,True,0.46583854360059923
2raf__B1_F9URQ8--2raf__A1_F9URQ8,14,2,1,1,0.6362697569184567,64.8125,True,0.4768407044421862
2raf__B1_F9URQ8--2raf__A1_F9URQ8,15,2,3,1,0.6397590211792153,64.4375,True,0.44858945585919574
2raf__B1_F9URQ8--2raf__A1_F9URQ8,16,2,2,1,0.5266396554719022,56.40625,True,0.4300028749279588
2raf__B1_F9URQ8--2raf__A1_F9URQ8,17,1,3,1,0.6444712357678294,38.59375,True,0.4162450092335215
2raf__B1_F9URQ8--2raf__A1_F9URQ8,18,1,0,1,0.0383728052305352,24.234375,False,0.40261640335786997
2raf__B1_F9URQ8--2raf__A1_F9URQ8,19,1,2,1,0.0162182861449746,24.109375,False,0.3874647837907225
2raf__B1_F9URQ8--2raf__A1_F9URQ8,20,1,1,1,0.0678315492906828,23.9375,False,0.37747661735267785
2rax__A1_O15392--2rax__B1_Q53HL2,1,2,2,3,0.8608227888208647,82.3125,True,0.6420424315974949
2rax__A1_O15392--2rax__B1_Q53HL2,2,4,3,3,0.8726463894250883,82.0,True,0.6088586306454954
2rax__A1_O15392--2rax__B1_Q53HL2,3,2,3,3,0.8648398754470419,81.9375,True,0.598075386800579
2rax__A1_O15392--2rax__B1_Q53HL2,4,5,3,3,0.8670436753840692,81.8125,True,0.4773035692996093
2rax__A1_O15392--2rax__B1_Q53HL2,5,5,2,3,0.8660002679855285,81.8125,True,0.5210450604872962
2rax__A1_O15392--2rax__B1_Q53HL2,6,4,1,3,0.8716278855939996,81.75,True,0.4896220463594971
2rax__A1_O15392--2rax__B1_Q53HL2,7,4,2,3,0.8739968937861274,81.6875,True,0.4963304157166973
2rax__A1_O15392--2rax__B1_Q53HL2,8,1,2,3,0.8549618151870301,81.625,True,0.5211715595397504
2rax__A1_O15392--2rax__B1_Q53HL2,9,4,0,3,0.8766625705286023,81.5625,True,0.5098389391774318
2rax__A1_O15392--2rax__B1_Q53HL2,10,2,1,3,0.857878138373513,81.5625,True,0.5170271143856241
2rax__A1_O15392--2rax__B1_Q53HL2,11,5,0,3,0.8704669959660839,81.5,True,0.4454016382951784
2rax__A1_O15392--2rax__B1_Q53HL2,12,3,1,3,0.8771897137201613,81.4375,True,0.5712753857832659
2rax__A1_O15392--2rax__B1_Q53HL2,13,5,1,3,0.8729228558934011,81.3125,True,0.3944536060636409
2rax__A1_O15392--2rax__B1_Q53HL2,14,3,2,3,0.8696024681411588,81.3125,True,0.603629640523464
2rax__A1_O15392--2rax__B1_Q53HL2,15,3,3,3,0.8722911479564006,81.1875,True,0.5926835468970334
2rax__A1_O15392--2rax__B1_Q53HL2,16,3,0,3,0.8822755129055252,81.1875,True,0.558766179708332
2rax__A1_O15392--2rax__B1_Q53HL2,17,1,1,3,0.8656667264882624,81.0625,True,0.44559621708171254
2rax__A1_O15392--2rax__B1_Q53HL2,18,1,3,3,0.8563788895830028,80.625,True,0.3826357044735086
2rax__A1_O15392--2rax__B1_Q53HL2,19,1,0,3,0.8677546586387161,80.625,True,0.4325088380781673
2rax__A1_O15392--2rax__B1_Q53HL2,20,2,0,3,0.8679045157220258,80.4375,True,0.35750183508886757
2uxe__A1_Q49PX0--2uxe__C1_Q49PX0,1,4,3,0,0.0639503937922121,12.59375,False,0.6666488258288781
2uxe__A1_Q49PX0--2uxe__C1_Q49PX0,2,4,0,0,0.0933701843878026,12.34375,False,0.5965672715235075
2uxe__A1_Q49PX0--2uxe__C1_Q49PX0,3,4,1,0,0.0483972800124095,12.328125,False,0.5912150979247971
2uxe__A1_Q49PX0--2uxe__C1_Q49PX0,4,5,2,0,0.0574751657681354,12.03125,False,0.6247873205159535
2uxe__A1_Q49PX0--2uxe__C1_Q49PX0,5,1,1,0,0.0753462126530092,11.375,False,0.591568477196045
2uxe__A1_Q49PX0--2uxe__C1_Q49PX0,6,3,1,0,0.0435821333989312,11.1796875,False,0.5475667744844992
2uxe__A1_Q49PX0--2uxe__C1_Q49PX0,7,3,3,0,0.0162266803290777,10.8203125,False,0.5625730097448407
2uxe__A1_Q49PX0--2uxe__C1_Q49PX0,8,3,0,0,0.0510445922127228,10.8046875,False,0.5624008835005667
2uxe__A1_Q49PX0--2uxe__C1_Q49PX0,9,5,0,0,0.0264308974110859,10.375,False,0.5399319164913987
2uxe__A1_Q49PX0--2uxe__C1_Q49PX0,10,2,3,0,0.0322694253304975,10.2109375,False,0.5285036236653134
2uxe__A1_Q49PX0--2uxe__C1_Q49PX0,11,1,2,0,0.0652416927043107,10.1796875,False,0.5486062138057767
2uxe__A1_Q49PX0--2uxe__C1_Q49PX0,12,4,2,0,0.0526299871375223,10.125,False,0.4458084351703712
2uxe__A1_Q49PX0--2uxe__C1_Q49PX0,13,2,2,0,0.014334611579942,9.8203125,False,0.48384194417573273
2uxe__A1_Q49PX0--2uxe__C1_Q49PX0,14,2,1,0,0.0129177496009503,9.8046875,False,0.4396066026886879
2uxe__A1_Q49PX0--2uxe__C1_Q49PX0,15,1,0,0,0.0852091367316363,9.765625,False,0.4250376498023525
2uxe__A1_Q49PX0--2uxe__C1_Q49PX0,16,5,3,0,0.0339856144330076,9.671875,False,0.4033493878094915
2uxe__A1_Q49PX0--2uxe__C1_Q49PX0,17,3,2,0,0.0593836731524656,9.6484375,False,0.42380276374779446
2uxe__A1_Q49PX0--2uxe__C1_Q49PX0,18,2,0,0,0.0135477307780255,9.4609375,False,0.4287193250598293
2uxe__A1_Q49PX0--2uxe__C1_Q49PX0,19,5,1,0,0.0319749641813409,8.96875,False,0.3697466084347359
2uxe__A1_Q49PX0--2uxe__C1_Q49PX0,20,1,3,0,0.0684937822646756,8.8671875,False,0.3767724456812478
2uzx__B1_P08581--2uzx__A1_P0DQD2,1,2,0,4,0.5928089276253022,75.3125,True,0.6594350327234144
2uzx__B1_P08581--2uzx__A1_P0DQD2,2,2,3,4,0.5621273070646414,74.6875,True,0.6615409477860705
2uzx__B1_P08581--2uzx__A1_P0DQD2,3,2,2,4,0.4177425220856161,51.75,True,0.6403632853460516
2uzx__B1_P08581--2uzx__A1_P0DQD2,4,2,1,4,0.3838478285764486,47.90625,True,0.6162841510773089
2uzx__B1_P08581--2uzx__A1_P0DQD2,5,5,0,4,0.048371215305507,31.03125,False,0.6015293198980365
2uzx__B1_P08581--2uzx__A1_P0DQD2,6,5,2,4,0.0445349469268148,30.59375,False,0.6370918081106659
2uzx__B1_P08581--2uzx__A1_P0DQD2,7,5,1,4,0.0350160935921201,30.125,False,0.6367544455045624
2uzx__B1_P08581--2uzx__A1_P0DQD2,8,1,2,4,0.0249273698086744,28.453125,False,0.4357757455179749
2uzx__B1_P08581--2uzx__A1_P0DQD2,9,3,0,4,0.0409108232930383,28.109375,False,0.5835719313364692
2uzx__B1_P08581--2uzx__A1_P0DQD2,10,3,1,4,0.0429033033916074,28.015625,False,0.5742122409901583
2uzx__B1_P08581--2uzx__A1_P0DQD2,11,5,3,4,0.074982981067739,27.96875,False,0.5377428684594078
2uzx__B1_P08581--2uzx__A1_P0DQD2,12,1,1,4,0.0282267445780362,27.3125,False,0.44011058908485856
2uzx__B1_P08581--2uzx__A1_P0DQD2,13,3,3,4,0.0460614168729429,27.046875,False,0.4959179579503605
2uzx__B1_P08581--2uzx__A1_P0DQD2,14,3,2,4,0.0441727306484573,26.9375,False,0.47330844037966374
2uzx__B1_P08581--2uzx__A1_P0DQD2,15,1,3,4,0.0287810868800486,26.21875,False,0.3729998492643159
2uzx__B1_P08581--2uzx__A1_P0DQD2,16,1,0,4,0.0212190461719156,26.015625,False,0.42642727540788583
2uzx__B1_P08581--2uzx__A1_P0DQD2,17,4,3,4,0.0370201418690799,25.90625,False,0.3506563572233751
2uzx__B1_P08581--2uzx__A1_P0DQD2,18,4,0,4,0.0362648956694899,25.78125,False,0.35302057394621045
2uzx__B1_P08581--2uzx__A1_P0DQD2,19,4,1,4,0.0382177332250127,25.6875,False,0.31872695305377763
2uzx__B1_P08581--2uzx__A1_P0DQD2,20,4,2,4,0.031487070788264,25.65625,False,0.3577232413572826
2vcg__D1_Q70I53--2vcg__A1_Q70I53,1,5,1,1,0.8884685571281515,85.375,True,0.6327855449997211
2vcg__D1_Q70I53--2vcg__A1_Q70I53,2,5,0,1,0.8821623136838189,85.1875,True,0.6287374474551803
2vcg__D1_Q70I53--2vcg__A1_Q70I53,3,5,3,1,0.8859569274536075,84.75,True,0.6108634353226405
2vcg__D1_Q70I53--2vcg__A1_Q70I53,4,4,3,1,0.8827416373080123,83.625,True,0.59738359664213
2vcg__D1_Q70I53--2vcg__A1_Q70I53,5,4,2,1,0.890076450270919,81.75,True,0.5815506869561916
2vcg__D1_Q70I53--2vcg__A1_Q70I53,6,4,1,1,0.8923637949714079,81.3125,True,0.5719317912696881
2vcg__D1_Q70I53--2vcg__A1_Q70I53,7,5,2,1,0.8989015345807903,81.3125,True,0.5564183895839154
2vcg__D1_Q70I53--2vcg__A1_Q70I53,8,4,0,1,0.8916789966785896,78.875,True,0.5421754569742222
2vcg__D1_Q70I53--2vcg__A1_Q70I53,9,2,0,1,0.9004718109363821,76.375,True,0.5281541301684667
2vcg__D1_Q70I53--2vcg__A1_Q70I53,10,2,3,1,0.8988560287765367,74.875,True,0.5286281900668135
2vcg__D1_Q70I53--2vcg__A1_Q70I53,11,2,2,1,0.8973053952535817,71.125,True,0.5291021983319536
2vcg__D1_Q70I53--2vcg__A1_Q70I53,12,2,1,1,0.9012672658851713,70.4375,True,0.5150386205312477
2vcg__D1_Q70I53--2vcg__A1_Q70I53,13,3,3,1,0.8607005640361199,59.875,True,0.4681588157143781
2vcg__D1_Q70I53--2vcg__A1_Q70I53,14,3,1,1,0.8804941043442355,59.625,True,0.4518430095254457
2vcg__D1_Q70I53--2vcg__A1_Q70I53,15,1,1,1,0.8872917936447376,58.0,True,0.44157267629762476
2vcg__D1_Q70I53--2vcg__A1_Q70I53,16,1,3,1,0.8754368457306042,57.6875,True,0.42177110970820686
2vcg__D1_Q70I53--2vcg__A1_Q70I53,17,1,2,1,0.8798782596434572,57.125,True,0.41161153856859994
2vcg__D1_Q70I53--2vcg__A1_Q70I53,18,3,2,1,0.8602886633811938,56.65625,True,0.3953972977613549
2vcg__D1_Q70I53--2vcg__A1_Q70I53,19,1,0,1,0.8713638586714431,56.03125,True,0.383420501516744
2vcg__D1_Q70I53--2vcg__A1_Q70I53,20,3,0,1,0.85221575055622,52.8125,True,0.34446882180220845
2vlo__B1_P09883--2vlo__A1_P13479,1,4,0,3,0.8811099839542577,90.5,True,0.6491677535032999
2vlo__B1_P09883--2vlo__A1_P13479,2,4,1,3,0.8930967658564134,90.5,True,0.6509693653020376
2vlo__B1_P09883--2vlo__A1_P13479,3,4,2,3,0.88161969761063,90.375,True,0.6387875548542283
2vlo__B1_P09883--2vlo__A1_P13479,4,4,3,3,0.8786487731016549,90.0625,True,0.5761706662649788
2vlo__B1_P09883--2vlo__A1_P13479,5,1,0,3,0.8916198017939833,89.875,True,0.5981986907572249
2vlo__B1_P09883--2vlo__A1_P13479,6,1,2,3,0.8926543417255378,89.75,True,0.6228759058147315
2vlo__B1_P09883--2vlo__A1_P13479,7,2,2,3,0.8844105914150501,89.6875,True,0.5694679750311086
2vlo__B1_P09883--2vlo__A1_P13479,8,5,3,3,0.899842499213567,89.6875,True,0.5000869611325097
2vlo__B1_P09883--2vlo__A1_P13479,9,3,2,3,0.9185517764748724,89.6875,True,0.4784063967092344
2vlo__B1_P09883--2vlo__A1_P13479,10,5,2,3,0.8991605974732826,89.6875,True,0.5443804592631142
2vlo__B1_P09883--2vlo__A1_P13479,11,1,1,3,0.8965042278260813,89.5625,True,0.5230770356148432
2vlo__B1_P09883--2vlo__A1_P13479,12,3,0,3,0.9149851793296616,89.5,True,0.40227795765249136
2vlo__B1_P09883--2vlo__A1_P13479,13,1,3,3,0.895071369754732,89.4375,True,0.5120908937503379
2vlo__B1_P09883--2vlo__A1_P13479,14,3,1,3,0.9107900725000416,89.4375,True,0.3936841362110703
2vlo__B1_P09883--2vlo__A1_P13479,15,5,1,3,0.8943689679772037,89.4375,True,0.42129201783559284
2vlo__B1_P09883--2vlo__A1_P13479,16,5,0,3,0.8959789542280695,89.375,True,0.40650495648770074
2vlo__B1_P09883--2vlo__A1_P13479,17,2,3,3,0.8839085743775631,89.3125,True,0.4189483027839352
2vlo__B1_P09883--2vlo__A1_P13479,18,2,1,3,0.8775839894946159,89.3125,True,0.43730933431644126
2vlo__B1_P09883--2vlo__A1_P13479,19,3,3,3,0.919999651075563,89.3125,True,0.3621987401210831
2vlo__B1_P09883--2vlo__A1_P13479,20,2,0,3,0.8795088577629165,89.3125,True,0.45282492261194024
2w2d__A1_P0DPI1--2w2d__B1_P0DPI1,1,3,2,1,0.2993123699637441,75.75,True,0.6528026037927623
2w2d__A1_P0DPI1--2w2d__B1_P0DPI1,2,1,1,1,0.3768109227502039,74.375,True,0.6510939991752515
2w2d__A1_P0DPI1--2w2d__B1_P0DPI1,3,1,2,1,0.6088467608864075,72.4375,True,0.6672809733827137
2w2d__A1_P0DPI1--2w2d__B1_P0DPI1,4,4,2,1,0.570178437588834,72.375,True,0.647109580626832
2w2d__A1_P0DPI1--2w2d__B1_P0DPI1,5,1,0,1,0.1456758595620122,69.4375,False,0.5804200028781048
2w2d__A1_P0DPI1--2w2d__B1_P0DPI1,6,4,0,1,0.2851770255473281,69.1875,True,0.6262206123293941
2w2d__A1_P0DPI1--2w2d__B1_P0DPI1,7,4,1,1,0.237898446214214,68.8125,True,0.5681928562333254
2w2d__A1_P0DPI1--2w2d__B1_P0DPI1,8,1,3,1,0.2479508977126354,67.625,True,0.5669529773762013
2w2d__A1_P0DPI1--2w2d__B1_P0DPI1,9,5,0,1,0.2144540973615108,67.3125,False,0.45448405238821216
2w2d__A1_P0DPI1--2w2d__B1_P0DPI1,10,2,0,1,0.2112185491211521,66.875,False,0.5056289253240827
2w2d__A1_P0DPI1--2w2d__B1_P0DPI1,11,3,0,1,0.1762945614338606,66.1875,False,0.5338670030597845
2w2d__A1_P0DPI1--2w2d__B1_P0DPI1,12,2,2,1,0.3814196211177149,64.8125,True,0.4438432922192843
2w2d__A1_P0DPI1--2w2d__B1_P0DPI1,13,4,3,1,0.1558595015928792,64.625,False,0.4167534725149634
2w2d__A1_P0DPI1--2w2d__B1_P0DPI1,14,3,3,1,0.1904203722733617,64.375,False,0.45509692554517633
2w2d__A1_P0DPI1--2w2d__B1_P0DPI1,15,2,3,1,0.1458409509320615,64.0625,False,0.3752961622130285
2w2d__A1_P0DPI1--2w2d__B1_P0DPI1,16,2,1,1,0.2485607811224135,63.375,True,0.3833233642878391
2w2d__A1_P0DPI1--2w2d__B1_P0DPI1,17,5,2,1,0.1742613518980164,63.15625,False,0.39177423304487297
2w2d__A1_P0DPI1--2w2d__B1_P0DPI1,18,5,1,1,0.1898658288816439,60.90625,False,0.37710198567728004
2w2d__A1_P0DPI1--2w2d__B1_P0DPI1,19,3,1,1,0.1934393023278247,39.90625,False,0.4556079608831828
2w2d__A1_P0DPI1--2w2d__B1_P0DPI1,20,5,3,1,0.0134627709115166,21.9375,False,0.375824110397241
2wk4__B1_Q69014--2wk4__A1_Q69014,1,3,1,1,0.1855191729342689,32.6875,False,0.6884429458028086
2wk4__B1_Q69014--2wk4__A1_Q69014,2,3,3,1,0.1302960879893902,28.34375,False,0.6425928102956173
2wk4__B1_Q69014--2wk4__A1_Q69014,3,5,1,1,0.0508230293247037,27.765625,False,0.6508348466355571
2wk4__B1_Q69014--2wk4__A1_Q69014,4,3,0,1,0.0740773346414993,27.5,False,0.6002611097034272
2wk4__B1_Q69014--2wk4__A1_Q69014,5,4,3,1,0.0812526149877014,27.3125,False,0.6405844719316074
2wk4__B1_Q69014--2wk4__A1_Q69014,6,3,2,1,0.075812961568909,27.046875,False,0.5471240423456599
2wk4__B1_Q69014--2wk4__A1_Q69014,7,4,0,1,0.0368065373094622,26.828125,False,0.6185448346464232
2wk4__B1_Q69014--2wk4__A1_Q69014,8,5,2,1,0.0382012874230146,26.34375,False,0.5594578002766047
2wk4__B1_Q69014--2wk4__A1_Q69014,9,5,0,1,0.0476357223272605,26.15625,False,0.5300314660597444
2wk4__B1_Q69014--2wk4__A1_Q69014,10,2,1,1,0.0825632847059821,25.4375,False,0.5091177315839011
2wk4__B1_Q69014--2wk4__A1_Q69014,11,5,3,1,0.0477477548955623,25.4375,False,0.47575232125546335
2wk4__B1_Q69014--2wk4__A1_Q69014,12,2,3,1,0.0554302653288947,24.953125,False,0.4601357462236017
2wk4__B1_Q69014--2wk4__A1_Q69014,13,4,2,1,0.0133859778135703,24.90625,False,0.4310175240998255
2wk4__B1_Q69014--2wk4__A1_Q69014,14,2,2,1,0.0749600074385594,24.84375,False,0.4155524220341901
2wk4__B1_Q69014--2wk4__A1_Q69014,15,2,0,1,0.055441910789708,24.8125,False,0.4382970868493285
2wk4__B1_Q69014--2wk4__A1_Q69014,16,4,1,1,0.0156241216826322,24.734375,False,0.5000164769700376
2wk4__B1_Q69014--2wk4__A1_Q69014,17,1,1,1,0.0502247092139617,23.34375,False,0.38735103253243597
2wk4__B1_Q69014--2wk4__A1_Q69014,18,1,3,1,0.0174087426237946,23.328125,False,0.3647636612986504
2wk4__B1_Q69014--2wk4__A1_Q69014,19,1,0,1,0.0347764367605653,22.984375,False,0.3394960171447776
2wk4__B1_Q69014--2wk4__A1_Q69014,20,1,2,1,0.0338221389639485,22.96875,False,0.3343152064202934
2wmp__A1_Q1R2W9--2wmp__B1_Q47445,1,3,3,4,0.7911419155865644,91.8125,True,0.643835913674975
2wmp__A1_Q1R2W9--2wmp__B1_Q47445,2,3,2,4,0.7990591126434156,91.75,True,0.6551117805624259
2wmp__A1_Q1R2W9--2wmp__B1_Q47445,3,3,1,4,0.7883116944660674,91.75,True,0.6249034503948869
2wmp__A1_Q1R2W9--2wmp__B1_Q47445,4,3,0,4,0.7857807253228484,91.5625,True,0.5943319871664752
2wmp__A1_Q1R2W9--2wmp__B1_Q47445,5,5,0,4,0.8136599012600674,91.5,True,0.6190135681796817
2wmp__A1_Q1R2W9--2wmp__B1_Q47445,6,5,3,4,0.8185137149042446,91.25,True,0.602711657876741
2wmp__A1_Q1R2W9--2wmp__B1_Q47445,7,4,3,4,0.8046847575406014,91.1875,True,0.5602241491337778
2wmp__A1_Q1R2W9--2wmp__B1_Q47445,8,5,1,4,0.81719884353287,91.1875,True,0.5574721610864021
2wmp__A1_Q1R2W9--2wmp__B1_Q47445,9,2,2,4,0.8304349333518307,91.125,True,0.5644126369030216
2wmp__A1_Q1R2W9--2wmp__B1_Q47445,10,5,2,4,0.8224683597104371,90.9375,True,0.5332933278078388
2wmp__A1_Q1R2W9--2wmp__B1_Q47445,11,4,1,4,0.8042935598835106,90.875,True,0.47892157316341516
2wmp__A1_Q1R2W9--2wmp__B1_Q47445,12,4,0,4,0.8036810767501223,90.8125,True,0.47253872733608454
2wmp__A1_Q1R2W9--2wmp__B1_Q47445,13,2,0,4,0.8230348184520754,90.6875,True,0.4800717198817609
2wmp__A1_Q1R2W9--2wmp__B1_Q47445,14,2,1,4,0.8339810174618831,90.625,True,0.4560867996179476
2wmp__A1_Q1R2W9--2wmp__B1_Q47445,15,2,3,4,0.8290868030826412,90.5625,True,0.4273525107925825
2wmp__A1_Q1R2W9--2wmp__B1_Q47445,16,4,2,4,0.7994670941582771,90.4375,True,0.4177154204441368
2wmp__A1_Q1R2W9--2wmp__B1_Q47445,17,1,3,4,0.7998214878784555,90.0,True,0.39249379990663824
2wmp__A1_Q1R2W9--2wmp__B1_Q47445,18,1,0,4,0.7795974295286822,88.25,True,0.3690174374190406
2wmp__A1_Q1R2W9--2wmp__B1_Q47445,19,1,1,4,0.7666113986137271,88.125,True,0.3598572033408974
2wmp__A1_Q1R2W9--2wmp__B1_Q47445,20,1,2,4,0.7643314022225823,87.9375,True,0.3615190636986283
2wuz__A1_Q7Z1V1--2wuz__B1_Q7Z1V1,1,5,0,3,0.0671304879713131,29.109375,False,0.692652958412514
2wuz__A1_Q7Z1V1--2wuz__B1_Q7Z1V1,2,5,3,3,0.041724205790748,27.703125,False,0.6575453646135854
2wuz__A1_Q7Z1V1--2wuz__B1_Q7Z1V1,3,5,1,3,0.0330006187375906,27.515625,False,0.6385930091848618
2wuz__A1_Q7Z1V1--2wuz__B1_Q7Z1V1,4,5,2,3,0.0422023755454582,27.359375,False,0.6606481017115969
2wuz__A1_Q7Z1V1--2wuz__B1_Q7Z1V1,5,3,1,3,0.0417201924388666,26.625,False,0.583122968803597
2wuz__A1_Q7Z1V1--2wuz__B1_Q7Z1V1,6,3,2,3,0.0281490144842161,26.453125,False,0.6087738395857504
2wuz__A1_Q7Z1V1--2wuz__B1_Q7Z1V1,7,3,0,3,0.0419413071005294,26.15625,False,0.6035230215265801
2wuz__A1_Q7Z1V1--2wuz__B1_Q7Z1V1,8,3,3,3,0.0421121001920963,25.984375,False,0.5569709132047925
2wuz__A1_Q7Z1V1--2wuz__B1_Q7Z1V1,9,4,2,3,0.0787462228514543,25.046875,False,0.5480574833870416
2wuz__A1_Q7Z1V1--2wuz__B1_Q7Z1V1,10,4,0,3,0.0916051336133335,24.953125,False,0.5186161546560745
2wuz__A1_Q7Z1V1--2wuz__B1_Q7Z1V1,11,4,3,3,0.0664850555578435,24.75,False,0.4842318975126539
2wuz__A1_Q7Z1V1--2wuz__B1_Q7Z1V1,12,4,1,3,0.039450391667807,24.40625,False,0.44414004800479834
2wuz__A1_Q7Z1V1--2wuz__B1_Q7Z1V1,13,1,0,3,0.1330547206394603,23.453125,False,0.459616826325841
2wuz__A1_Q7Z1V1--2wuz__B1_Q7Z1V1,14,1,2,3,0.1188696851877124,23.25,False,0.44407871338750826
2wuz__A1_Q7Z1V1--2wuz__B1_Q7Z1V1,15,1,3,3,0.1269282050898818,23.09375,False,0.4286492139970287
2wuz__A1_Q7Z1V1--2wuz__B1_Q7Z1V1,16,1,1,3,0.1279814672247191,22.984375,False,0.4133571949355552
2wuz__A1_Q7Z1V1--2wuz__B1_Q7Z1V1,17,2,3,3,0.0384727524288498,20.671875,False,0.35920437483188
2wuz__A1_Q7Z1V1--2wuz__B1_Q7Z1V1,18,2,0,3,0.0152762579544738,20.328125,False,0.36748647555592073
2wuz__A1_Q7Z1V1--2wuz__B1_Q7Z1V1,19,2,1,3,0.0359839294277383,20.15625,False,0.3308599523165368
2wuz__A1_Q7Z1V1--2wuz__B1_Q7Z1V1,20,2,2,3,0.0147955344485018,19.9375,False,0.3573224048451857
2wwx__B1_Q5ZSQ3--2wwx__A1_P62820,1,4,2,4,0.0390408075124953,25.046875,False,0.7024163834599312
2wwx__B1_Q5ZSQ3--2wwx__A1_P62820,2,4,0,4,0.038354681977568,25.0,False,0.6952024116834422
2wwx__B1_Q5ZSQ3--2wwx__A1_P62820,3,3,3,4,0.0316570042974989,24.875,False,0.6792711662927002
2wwx__B1_Q5ZSQ3--2wwx__A1_P62820,4,3,0,4,0.0343412141444268,24.78125,False,0.6772486812990762
2wwx__B1_Q5ZSQ3--2wwx__A1_P62820,5,4,1,4,0.0363827643578954,24.671875,False,0.6645047551806093
2wwx__B1_Q5ZSQ3--2wwx__A1_P62820,6,1,3,4,0.3079211241153026,24.390625,True,0.571727721700322
2wwx__B1_Q5ZSQ3--2wwx__A1_P62820,7,1,2,4,0.2180705328553063,24.21875,False,0.4982108496707876
2wwx__B1_Q5ZSQ3--2wwx__A1_P62820,8,3,2,4,0.0340663104124489,24.15625,False,0.5412351265181571
2wwx__B1_Q5ZSQ3--2wwx__A1_P62820,9,5,1,4,0.0336049885587504,24.125,False,0.4932703698128517
2wwx__B1_Q5ZSQ3--2wwx__A1_P62820,10,4,3,4,0.0330642467667153,24.125,False,0.5674782859723057
2wwx__B1_Q5ZSQ3--2wwx__A1_P62820,11,3,1,4,0.0336202001167425,24.09375,False,0.5937062226810089
2wwx__B1_Q5ZSQ3--2wwx__A1_P62820,12,2,2,4,0.2145137477188508,24.03125,False,0.458533485505773
2wwx__B1_Q5ZSQ3--2wwx__A1_P62820,13,5,2,4,0.2224577520092176,23.921875,False,0.44393106529610404
2wwx__B1_Q5ZSQ3--2wwx__A1_P62820,14,1,0,4,0.2244849410422678,23.90625,False,0.4167107775538868
2wwx__B1_Q5ZSQ3--2wwx__A1_P62820,15,2,1,4,0.2485132441298239,23.671875,True,0.39547033985115343
2wwx__B1_Q5ZSQ3--2wwx__A1_P62820,16,2,3,4,0.0411134951749728,23.640625,False,0.4240255588332826
2wwx__B1_Q5ZSQ3--2wwx__A1_P62820,17,2,0,4,0.221424750066905,23.59375,False,0.3852916383801859
2wwx__B1_Q5ZSQ3--2wwx__A1_P62820,18,5,0,4,0.3096495848765309,23.0625,True,0.3541915450401999
2wwx__B1_Q5ZSQ3--2wwx__A1_P62820,19,1,1,4,0.0239797085308384,22.453125,False,0.2999576076222188
2wwx__B1_Q5ZSQ3--2wwx__A1_P62820,20,5,3,4,0.1651646989135533,21.96875,False,0.29834194458462676
2x5f__A1_UNDEFINED--2x5f__B1_UNDEFINED,1,1,1,0,0.1398278224570319,95.5625,False,0.6562668252567563
2x5f__A1_UNDEFINED--2x5f__B1_UNDEFINED,2,1,3,0,0.1388721273934966,95.4375,False,0.6426939395347417
2x5f__A1_UNDEFINED--2x5f__B1_UNDEFINED,3,1,2,0,0.1389298586207985,95.375,False,0.6363558827571425
2x5f__A1_UNDEFINED--2x5f__B1_UNDEFINED,4,1,0,0,0.1391759233804894,95.125,False,0.6252219510845095
2x5f__A1_UNDEFINED--2x5f__B1_UNDEFINED,5,3,0,0,0.1403158845579954,95.0,False,0.609950119344329
2x5f__A1_UNDEFINED--2x5f__B1_UNDEFINED,6,3,3,0,0.1393581523468338,94.25,False,0.6101949315516092
2x5f__A1_UNDEFINED--2x5f__B1_UNDEFINED,7,3,2,0,0.1404229403666055,93.4375,False,0.5918564570822741
2x5f__A1_UNDEFINED--2x5f__B1_UNDEFINED,8,2,0,0,0.1397555941032107,93.1875,False,0.5659645130233946
2x5f__A1_UNDEFINED--2x5f__B1_UNDEFINED,9,3,1,0,0.1433487865288417,93.0625,False,0.5155775065859248
2x5f__A1_UNDEFINED--2x5f__B1_UNDEFINED,10,5,3,0,0.1415289724088921,92.9375,False,0.5115361671889685
2x5f__A1_UNDEFINED--2x5f__B1_UNDEFINED,11,5,0,0,0.1415188970269471,92.8125,False,0.4966363178570476
2x5f__A1_UNDEFINED--2x5f__B1_UNDEFINED,12,2,3,0,0.1400350343447547,92.6875,False,0.5080960898353426
2x5f__A1_UNDEFINED--2x5f__B1_UNDEFINED,13,4,1,0,0.1395743019310274,92.5625,False,0.45089743290888856
2x5f__A1_UNDEFINED--2x5f__B1_UNDEFINED,14,2,1,0,0.1402440288318519,92.5,False,0.44881789933852495
2x5f__A1_UNDEFINED--2x5f__B1_UNDEFINED,15,4,3,0,0.140628878393077,92.4375,False,0.41297501106559065
2x5f__A1_UNDEFINED--2x5f__B1_UNDEFINED,16,5,2,0,0.1418288762586335,92.3125,False,0.3985270827560565
2x5f__A1_UNDEFINED--2x5f__B1_UNDEFINED,17,5,1,0,0.1391088539616383,92.25,False,0.38766935655457513
2x5f__A1_UNDEFINED--2x5f__B1_UNDEFINED,18,4,2,0,0.139875109122184,92.0625,False,0.38101258733358406
2x5f__A1_UNDEFINED--2x5f__B1_UNDEFINED,19,4,0,0,0.1397625206540072,91.4375,False,0.3413505263861773
2x5f__A1_UNDEFINED--2x5f__B1_UNDEFINED,20,2,2,0,0.1396356664971572,91.1875,False,0.3652388458886587
2xcu__A1_O66663--2xcu__C1_O66663,1,5,1,1,0.45063490265094,52.53125,True,0.6373033260027056
2xcu__A1_O66663--2xcu__C1_O66663,2,5,3,1,0.4927981060067179,50.8125,True,0.6241758896027589
2xcu__A1_O66663--2xcu__C1_O66663,3,5,0,1,0.4519914477319133,48.34375,True,0.6299883005282496
2xcu__A1_O66663--2xcu__C1_O66663,4,3,0,1,0.3960591783129144,37.46875,True,0.641707647778285
2xcu__A1_O66663--2xcu__C1_O66663,5,3,1,1,0.4049389552933253,34.125,True,0.6094479460128407
2xcu__A1_O66663--2xcu__C1_O66663,6,3,3,1,0.3818385544830829,33.84375,True,0.599336476195238
2xcu__A1_O66663--2xcu__C1_O66663,7,3,2,1,0.377412184252688,33.75,True,0.5837059686009136
2xcu__A1_O66663--2xcu__C1_O66663,8,5,2,1,0.3897741389255117,33.71875,True,0.5633018449574544
2xcu__A1_O66663--2xcu__C1_O66663,9,1,2,1,0.1613777204464161,28.828125,False,0.5542212662076393
2xcu__A1_O66663--2xcu__C1_O66663,10,2,0,1,0.055978193175436,27.859375,False,0.5100032895304515
2xcu__A1_O66663--2xcu__C1_O66663,11,1,1,1,0.1509638719214233,27.765625,False,0.4909451837551651
2xcu__A1_O66663--2xcu__C1_O66663,12,1,3,1,0.1535271298054768,27.53125,False,0.4966511365174821
2xcu__A1_O66663--2xcu__C1_O66663,13,1,0,1,0.1345527682819513,27.34375,False,0.44050732122033553
2xcu__A1_O66663--2xcu__C1_O66663,14,2,2,1,0.0530212100517605,27.3125,False,0.4832641989728793
2xcu__A1_O66663--2xcu__C1_O66663,15,2,3,1,0.0930254530530941,26.265625,False,0.42978395443973316
2xcu__A1_O66663--2xcu__C1_O66663,16,2,1,1,0.1626668891386891,26.0,False,0.4147126500337061
2xcu__A1_O66663--2xcu__C1_O66663,17,4,0,1,0.0096263673535294,25.296875,False,0.3838705834907396
2xcu__A1_O66663--2xcu__C1_O66663,18,4,1,1,0.0102882312285043,24.71875,False,0.3606041897591883
2xcu__A1_O66663--2xcu__C1_O66663,19,4,2,1,0.0113261298273571,24.015625,False,0.3508221976783937
2xcu__A1_O66663--2xcu__C1_O66663,20,4,3,1,0.012330345254376,23.828125,False,0.3371475582256408
2xf1__A1_Q8I467--2xf1__A2_Q8I467,1,5,3,3,0.0141696722278695,82.625,False,0.6546763996551268
2xf1__A1_Q8I467--2xf1__A2_Q8I467,2,5,0,3,0.0143151469161379,82.625,False,0.6532133796349144
2xf1__A1_Q8I467--2xf1__A2_Q8I467,3,5,2,3,0.0133887681130466,74.25,False,0.6368227248586567
2xf1__A1_Q8I467--2xf1__A2_Q8I467,4,2,3,3,0.0103350109941129,71.8125,False,0.5628868579016413
2xf1__A1_Q8I467--2xf1__A2_Q8I467,5,4,2,3,0.1711888438629572,71.375,False,0.608875059039536
2xf1__A1_Q8I467--2xf1__A2_Q8I467,6,2,0,3,0.012744492667337,67.0625,False,0.600020777436302
2xf1__A1_Q8I467--2xf1__A2_Q8I467,7,4,3,3,0.2029158535043161,65.9375,False,0.5665666590591684
2xf1__A1_Q8I467--2xf1__A2_Q8I467,8,4,1,3,0.2023197846755449,64.875,False,0.5511280558777989
2xf1__A1_Q8I467--2xf1__A2_Q8I467,9,1,1,3,0.1974187042760838,62.09375,False,0.5052082658568927
2xf1__A1_Q8I467--2xf1__A2_Q8I467,10,3,0,3,0.2554071677735563,61.59375,True,0.5226123767799307
2xf1__A1_Q8I467--2xf1__A2_Q8I467,11,1,2,3,0.1810736953115628,60.875,False,0.48773531243681323
2xf1__A1_Q8I467--2xf1__A2_Q8I467,12,5,1,3,0.2401066970336674,60.75,True,0.4917945238886606
2xf1__A1_Q8I467--2xf1__A2_Q8I467,13,3,2,3,0.2542564064529706,58.375,True,0.46893304306689026
2xf1__A1_Q8I467--2xf1__A2_Q8I467,14,3,3,3,0.2623622658292983,58.09375,True,0.4567336979677528
2xf1__A1_Q8I467--2xf1__A2_Q8I467,15,4,0,3,0.0119498863803611,57.78125,False,0.4342303545783319
2xf1__A1_Q8I467--2xf1__A2_Q8I467,16,1,0,3,0.1943213499805839,55.0,False,0.4296237004608177
2xf1__A1_Q8I467--2xf1__A2_Q8I467,17,3,1,3,0.2221529445983683,51.71875,False,0.42205268624830194
2xf1__A1_Q8I467--2xf1__A2_Q8I467,18,1,3,3,0.2048187743240591,38.75,False,0.3848657529813655
2xf1__A1_Q8I467--2xf1__A2_Q8I467,19,2,1,3,0.0130735385121938,25.1875,False,0.3708828008252749
2xf1__A1_Q8I467--2xf1__A2_Q8I467,20,2,2,3,0.0279430265490704,19.015625,False,0.35195945335634704
2xgg__B1_UNDEFINED--2xgg__A1_UNDEFINED,1,3,1,3,0.0378417677234843,75.9375,False,0.658141179967655
2xgg__B1_UNDEFINED--2xgg__A1_UNDEFINED,2,3,3,3,0.0378864705474793,75.125,False,0.6497252365021503
2xgg__B1_UNDEFINED--2xgg__A1_UNDEFINED,3,3,0,3,0.0377958134125438,72.625,False,0.6308670418386041
2xgg__B1_UNDEFINED--2xgg__A1_UNDEFINED,4,2,0,3,0.0378448394828987,70.25,False,0.6151342470186344
2xgg__B1_UNDEFINED--2xgg__A1_UNDEFINED,5,2,2,3,0.0377825947198179,64.8125,False,0.5797068939641903
2xgg__B1_UNDEFINED--2xgg__A1_UNDEFINED,6,2,1,3,0.0378052769665171,64.5,False,0.5835037995931194
2xgg__B1_UNDEFINED--2xgg__A1_UNDEFINED,7,3,2,3,0.0377415120331988,63.5,False,0.5726586209680309
2xgg__B1_UNDEFINED--2xgg__A1_UNDEFINED,8,4,0,3,0.7227922987236667,63.03125,True,0.5394656348960921
2xgg__B1_UNDEFINED--2xgg__A1_UNDEFINED,9,5,1,3,0.0377219077906485,58.375,False,0.5238729400994845
2xgg__B1_UNDEFINED--2xgg__A1_UNDEFINED,10,5,3,3,0.0378986160731144,57.90625,False,0.5321882683361353
2xgg__B1_UNDEFINED--2xgg__A1_UNDEFINED,11,2,3,3,0.0375065637983087,52.625,False,0.5085691148611462
2xgg__B1_UNDEFINED--2xgg__A1_UNDEFINED,12,5,0,3,0.0383823070610461,49.125,False,0.492857449861963
2xgg__B1_UNDEFINED--2xgg__A1_UNDEFINED,13,1,0,3,0.0379815019625951,44.4375,False,0.46549561318608407
2xgg__B1_UNDEFINED--2xgg__A1_UNDEFINED,14,5,2,3,0.0388363869992256,43.40625,False,0.4459380392667451
2xgg__B1_UNDEFINED--2xgg__A1_UNDEFINED,15,4,3,3,0.6892880952259149,43.15625,True,0.4326607982942601
2xgg__B1_UNDEFINED--2xgg__A1_UNDEFINED,16,1,2,3,0.0379755095351459,41.84375,False,0.40459516217975205
2xgg__B1_UNDEFINED--2xgg__A1_UNDEFINED,17,1,1,3,0.0381624194623457,41.375,False,0.4153103682386829
2xgg__B1_UNDEFINED--2xgg__A1_UNDEFINED,18,1,3,3,0.615467584890724,37.53125,True,0.391514745988003
2xgg__B1_UNDEFINED--2xgg__A1_UNDEFINED,19,4,2,3,0.3917158956645463,34.1875,True,0.36465777207512645
2xgg__B1_UNDEFINED--2xgg__A1_UNDEFINED,20,4,1,3,0.301008743535093,31.921875,True,0.35508541045100156
2xr7__A1_Q589Y0--2xr7__A2_Q589Y0,1,4,1,2,0.0040351362861566,81.3125,False,0.6415858834017127
2xr7__A1_Q589Y0--2xr7__A2_Q589Y0,2,1,1,2,0.3855096062396286,72.625,True,0.6280893012284724
2xr7__A1_Q589Y0--2xr7__A2_Q589Y0,3,1,2,2,0.3674696595244499,69.9375,True,0.6143899476729139
2xr7__A1_Q589Y0--2xr7__A2_Q589Y0,4,1,3,2,0.3747114241531441,67.9375,True,0.6005069364098622
2xr7__A1_Q589Y0--2xr7__A2_Q589Y0,5,2,3,2,0.0039978532513763,53.75,False,0.6259172116565698
2xr7__A1_Q589Y0--2xr7__A2_Q589Y0,6,4,0,2,0.0027825853225991,37.125,False,0.6069390702244045
2xr7__A1_Q589Y0--2xr7__A2_Q589Y0,7,3,3,2,0.0027370340986028,26.203125,False,0.5808119309514674
2xr7__A1_Q589Y0--2xr7__A2_Q589Y0,8,1,0,2,0.0347077188886109,26.1875,False,0.5558294409983365
2xr7__A1_Q589Y0--2xr7__A2_Q589Y0,9,3,2,2,0.0027098636776673,24.734375,False,0.5530659153753315
2xr7__A1_Q589Y0--2xr7__A2_Q589Y0,10,3,0,2,0.0027103510089388,24.109375,False,0.5331485201238979
2xr7__A1_Q589Y0--2xr7__A2_Q589Y0,11,4,2,2,0.0031848600455568,23.890625,False,0.5066027798737286
2xr7__A1_Q589Y0--2xr7__A2_Q589Y0,12,4,3,2,0.003433934050082,23.859375,False,0.4995833574803291
2xr7__A1_Q589Y0--2xr7__A2_Q589Y0,13,2,2,2,0.019790923925228,22.78125,False,0.44708915442372593
2xr7__A1_Q589Y0--2xr7__A2_Q589Y0,14,2,1,2,0.0254071905328836,22.734375,False,0.4280861146643256
2xr7__A1_Q589Y0--2xr7__A2_Q589Y0,15,5,3,2,0.0050483698381416,21.609375,False,0.4278761346618102
2xr7__A1_Q589Y0--2xr7__A2_Q589Y0,16,5,0,2,0.0052788274771615,21.4375,False,0.4130514397294961
2xr7__A1_Q589Y0--2xr7__A2_Q589Y0,17,5,2,2,0.0052834859387163,21.171875,False,0.3866645689773247
2xr7__A1_Q589Y0--2xr7__A2_Q589Y0,18,3,1,2,0.0045973208541597,21.09375,False,0.3647140135522811
2xr7__A1_Q589Y0--2xr7__A2_Q589Y0,19,5,1,2,0.0059687265470513,20.9375,False,0.36947816305781606
2xr7__A1_Q589Y0--2xr7__A2_Q589Y0,20,2,0,2,0.0071206128810518,20.5,False,0.3605878555351201
2xuv__B1_P0AET2--2xuv__A1_P0AET2,1,1,0,3,0.0291494860720318,21.96875,False,0.6703791635419617
2xuv__B1_P0AET2--2xuv__A1_P0AET2,2,3,0,3,0.1057673216549296,21.90625,False,0.6022808021722661
2xuv__B1_P0AET2--2xuv__A1_P0AET2,3,3,3,3,0.0655072043339002,19.90625,False,0.5739520633181465
2xuv__B1_P0AET2--2xuv__A1_P0AET2,4,1,1,3,0.041998000844261,19.09375,False,0.6353975693091379
2xuv__B1_P0AET2--2xuv__A1_P0AET2,5,1,3,3,0.0419634791708234,18.890625,False,0.6289484151348012
2xuv__B1_P0AET2--2xuv__A1_P0AET2,6,1,2,3,0.0406994339270914,18.6875,False,0.6205442469044021
2xuv__B1_P0AET2--2xuv__A1_P0AET2,7,5,0,3,0.0493230501812989,18.59375,False,0.5471975721037048
2xuv__B1_P0AET2--2xuv__A1_P0AET2,8,2,0,3,0.0311369240175661,16.625,False,0.5831774315033651
2xuv__B1_P0AET2--2xuv__A1_P0AET2,9,5,1,3,0.0780460055336935,16.0625,False,0.4778406887626178
2xuv__B1_P0AET2--2xuv__A1_P0AET2,10,5,2,3,0.0641248668714032,15.109375,False,0.4502159251673885
2xuv__B1_P0AET2--2xuv__A1_P0AET2,11,3,1,3,0.0790961639118508,14.7421875,False,0.46309317998820493
2xuv__B1_P0AET2--2xuv__A1_P0AET2,12,4,3,3,0.0511641296425966,13.375,False,0.4862167635056658
2xuv__B1_P0AET2--2xuv__A1_P0AET2,13,2,3,3,0.0269593652558154,12.7578125,False,0.5144059909724509
2xuv__B1_P0AET2--2xuv__A1_P0AET2,14,4,1,3,0.0387348762835466,12.5625,False,0.439680143035919
2xuv__B1_P0AET2--2xuv__A1_P0AET2,15,2,2,3,0.0380922506508005,12.5390625,False,0.4319179763764007
2xuv__B1_P0AET2--2xuv__A1_P0AET2,16,2,1,3,0.0282987875594947,12.4609375,False,0.4145839863957707
2xuv__B1_P0AET2--2xuv__A1_P0AET2,17,4,2,3,0.0419509363288316,12.2890625,False,0.5047737445178437
2xuv__B1_P0AET2--2xuv__A1_P0AET2,18,3,2,3,0.0798385489525406,11.71875,False,0.3783146578212922
2xuv__B1_P0AET2--2xuv__A1_P0AET2,19,4,0,3,0.0625616087885005,11.546875,False,0.3806475887072686
2xuv__B1_P0AET2--2xuv__A1_P0AET2,20,5,3,3,0.0437671547649048,10.140625,False,0.355878640668631
2y6b__A1_Q43758--2y6b__A2_Q43758,1,1,0,1,0.0051661456330997,94.75,False,0.6373033260027056
2y6b__A1_Q43758--2y6b__A2_Q43758,2,1,2,1,0.0051620710982665,94.5625,False,0.625367749788779
2y6b__A1_Q43758--2y6b__A2_Q43758,3,3,0,1,0.0051602046880274,94.5625,False,0.6023191083351199
2y6b__A1_Q43758--2y6b__A2_Q43758,4,3,2,1,0.0051601659507582,94.5,False,0.5612805184339803
2y6b__A1_Q43758--2y6b__A2_Q43758,5,3,1,1,0.0051607387238299,94.4375,False,0.5579458870032588
2y6b__A1_Q43758--2y6b__A2_Q43758,6,3,3,1,0.0051602968972309,94.375,False,0.5343147738232868
2y6b__A1_Q43758--2y6b__A2_Q43758,7,1,3,1,0.0051616412130538,94.375,False,0.5855769974151548
2y6b__A1_Q43758--2y6b__A2_Q43758,8,1,1,1,0.0051602319785223,94.375,False,0.5911816044156003
2y6b__A1_Q43758--2y6b__A2_Q43758,9,4,2,1,0.0051685576456257,94.3125,False,0.509617220582116
2y6b__A1_Q43758--2y6b__A2_Q43758,10,4,0,1,0.0051623500342098,94.3125,False,0.5451207423398602
2y6b__A1_Q43758--2y6b__A2_Q43758,11,2,2,1,0.0051731876526365,94.125,False,0.5079770536931971
2y6b__A1_Q43758--2y6b__A2_Q43758,12,2,0,1,0.0051763272673464,94.125,False,0.4898551523051809
2y6b__A1_Q43758--2y6b__A2_Q43758,13,4,1,1,0.0051616930183881,94.125,False,0.4676272293305569
2y6b__A1_Q43758--2y6b__A2_Q43758,14,2,1,1,0.0051716951727878,94.0,False,0.4550421176510338
2y6b__A1_Q43758--2y6b__A2_Q43758,15,2,3,1,0.0051741480665656,93.875,False,0.4334352993266656
2y6b__A1_Q43758--2y6b__A2_Q43758,16,5,2,1,0.0051689906682163,93.875,False,0.4224063277107951
2y6b__A1_Q43758--2y6b__A2_Q43758,17,4,3,1,0.0051541944420775,93.8125,False,0.43424383627499347
2y6b__A1_Q43758--2y6b__A2_Q43758,18,5,0,1,0.0051705450124563,93.75,False,0.3978427618497295
2y6b__A1_Q43758--2y6b__A2_Q43758,19,5,1,1,0.0051632511835978,93.625,False,0.40312447867369183
2y6b__A1_Q43758--2y6b__A2_Q43758,20,5,3,1,0.0051661936280087,93.375,False,0.375824110397241
2y9y__B1_P43596--2y9y__A1_P38144,1,5,3,1,0.5177558234543114,90.0,True,0.6110561117034427
2y9y__B1_P43596--2y9y__A1_P38144,2,1,3,1,0.5900645561981019,90.0,True,0.6287315355033903
2y9y__B1_P43596--2y9y__A1_P38144,3,1,2,1,0.5585713709557603,89.875,True,0.60842571272987
2y9y__B1_P43596--2y9y__A1_P38144,4,5,2,1,0.5187882887121825,89.875,True,0.6021657412802675
2y9y__B1_P43596--2y9y__A1_P38144,5,5,1,1,0.5378710590191617,89.75,True,0.5198311881970799
2y9y__B1_P43596--2y9y__A1_P38144,6,1,1,1,0.5672383774011512,89.625,True,0.5562579887202792
2y9y__B1_P43596--2y9y__A1_P38144,7,2,3,1,0.6000696857856065,89.5,True,0.6101994985805718
2y9y__B1_P43596--2y9y__A1_P38144,8,4,3,1,0.5424922870145134,89.375,True,0.5561204350432941
2y9y__B1_P43596--2y9y__A1_P38144,9,1,0,1,0.5717686639013201,89.375,True,0.527478614679514
2y9y__B1_P43596--2y9y__A1_P38144,10,2,2,1,0.6196919193079337,89.3125,True,0.49983659385231294
2y9y__B1_P43596--2y9y__A1_P38144,11,2,1,1,0.591625871989583,89.3125,True,0.4902265475267654
2y9y__B1_P43596--2y9y__A1_P38144,12,2,0,1,0.6035499329603368,89.25,True,0.48700145817415125
2y9y__B1_P43596--2y9y__A1_P38144,13,3,2,1,0.5602610057663108,89.1875,True,0.43429599049912054
2y9y__B1_P43596--2y9y__A1_P38144,14,4,0,1,0.5456331933241961,89.1875,True,0.48768515182038663
2y9y__B1_P43596--2y9y__A1_P38144,15,4,1,1,0.5418878397125698,89.125,True,0.45508795788416606
2y9y__B1_P43596--2y9y__A1_P38144,16,5,0,1,0.510592351376525,89.0625,True,0.4493189488696856
2y9y__B1_P43596--2y9y__A1_P38144,17,3,1,1,0.5600807597577613,89.0,True,0.4166479209795468
2y9y__B1_P43596--2y9y__A1_P38144,18,3,0,1,0.5504924996876226,88.8125,True,0.40316885108376554
2y9y__B1_P43596--2y9y__A1_P38144,19,4,2,1,0.5440517688806422,88.5,True,0.4017039162294208
2y9y__B1_P43596--2y9y__A1_P38144,20,3,3,1,0.5555903995878002,87.9375,True,0.39105345441601197
2yaj__A1_Q38HX4--2yaj__B1_Q38HX3,1,5,0,4,0.9007527105821036,96.3125,True,0.6443521167184867
2yaj__A1_Q38HX4--2yaj__B1_Q38HX3,2,4,0,4,0.9011212420938935,96.25,True,0.6266101033575918
2yaj__A1_Q38HX4--2yaj__B1_Q38HX3,3,4,3,4,0.9019613732669955,96.1875,True,0.5730915535599362
2yaj__A1_Q38HX4--2yaj__B1_Q38HX3,4,4,1,4,0.9003372529381272,96.1875,True,0.48215893569765494
2yaj__A1_Q38HX4--2yaj__B1_Q38HX3,5,5,2,4,0.8839425206782786,96.1875,True,0.4941246157006733
2yaj__A1_Q38HX4--2yaj__B1_Q38HX3,6,4,2,4,0.9030415428701613,96.1875,True,0.635370766258789
2yaj__A1_Q38HX4--2yaj__B1_Q38HX3,7,5,3,4,0.9026943826706466,96.125,True,0.4525653981961614
2yaj__A1_Q38HX4--2yaj__B1_Q38HX3,8,5,1,4,0.9030422489540916,96.125,True,0.3844973256338264
2yaj__A1_Q38HX4--2yaj__B1_Q38HX3,9,3,0,4,0.8932370302994626,96.0625,True,0.4463778976907005
2yaj__A1_Q38HX4--2yaj__B1_Q38HX3,10,1,0,4,0.8944131246836532,96.0625,True,0.5917925846109562
2yaj__A1_Q38HX4--2yaj__B1_Q38HX3,11,1,2,4,0.8917604067168666,96.0,True,0.5613634221540529
2yaj__A1_Q38HX4--2yaj__B1_Q38HX3,12,3,2,4,0.8991913929760393,96.0,True,0.41700622868461634
2yaj__A1_Q38HX4--2yaj__B1_Q38HX3,13,1,3,4,0.8922633317122148,96.0,True,0.5088851856044617
2yaj__A1_Q38HX4--2yaj__B1_Q38HX3,14,1,1,4,0.8956188036493687,96.0,True,0.547673927872882
2yaj__A1_Q38HX4--2yaj__B1_Q38HX3,15,2,0,4,0.8898807569705465,96.0,True,0.5690747584144419
2yaj__A1_Q38HX4--2yaj__B1_Q38HX3,16,3,1,4,0.895624228468396,95.9375,True,0.4032248717300398
2yaj__A1_Q38HX4--2yaj__B1_Q38HX3,17,2,3,4,0.8860749852666636,95.9375,True,0.5191160460206643
2yaj__A1_Q38HX4--2yaj__B1_Q38HX3,18,3,3,4,0.8962051352354043,95.9375,True,0.38083301017728527
2yaj__A1_Q38HX4--2yaj__B1_Q38HX3,19,2,2,4,0.8826516488481725,95.875,True,0.48296822033247017
2yaj__A1_Q38HX4--2yaj__B1_Q38HX3,20,2,1,4,0.882562891773179,95.875,True,0.44806959456635176
2yin__B1_Q92608--2yin__D1_P63000,1,4,2,2,0.8843936849308087,92.3125,True,0.6231580905175466
2yin__B1_Q92608--2yin__D1_P63000,2,5,3,2,0.8660989015618044,92.0625,True,0.6152132518011169
2yin__B1_Q92608--2yin__D1_P63000,3,4,1,2,0.8909055857069657,92.0625,True,0.5740204307741475
2yin__B1_Q92608--2yin__D1_P63000,4,4,3,2,0.8807297344036006,92.0625,True,0.57626077506832
2yin__B1_Q92608--2yin__D1_P63000,5,5,1,2,0.8728273663649113,92.0625,True,0.6169744854683282
2yin__B1_Q92608--2yin__D1_P63000,6,5,2,2,0.8665511027352403,91.5,True,0.5990784455579271
2yin__B1_Q92608--2yin__D1_P63000,7,3,3,2,0.8719136857899367,91.3125,True,0.4953743366114031
2yin__B1_Q92608--2yin__D1_P63000,8,1,3,2,0.8743884514257058,91.1875,True,0.5406289256205532
2yin__B1_Q92608--2yin__D1_P63000,9,1,1,2,0.8686110595948872,91.0,True,0.5226202191932964
2yin__B1_Q92608--2yin__D1_P63000,10,1,0,2,0.8737563493440468,91.0,True,0.5161059552458463
2yin__B1_Q92608--2yin__D1_P63000,11,3,1,2,0.8729900891916613,90.875,True,0.546394360951379
2yin__B1_Q92608--2yin__D1_P63000,12,3,2,2,0.8689603138253389,90.8125,True,0.5380525316643353
2yin__B1_Q92608--2yin__D1_P63000,13,1,2,2,0.877156445869689,90.6875,True,0.4974937857034272
2yin__B1_Q92608--2yin__D1_P63000,14,4,0,2,0.8792545239355478,90.5625,True,0.4328827170654857
2yin__B1_Q92608--2yin__D1_P63000,15,2,1,2,0.8738175047483234,90.4375,True,0.4468348185390568
2yin__B1_Q92608--2yin__D1_P63000,16,2,2,2,0.870959083133147,90.25,True,0.4324914977656058
2yin__B1_Q92608--2yin__D1_P63000,17,2,3,2,0.8723623535439287,89.75,True,0.41353947324043216
2yin__B1_Q92608--2yin__D1_P63000,18,2,0,2,0.8668809960931888,89.375,True,0.39949306359013786
2yin__B1_Q92608--2yin__D1_P63000,19,5,0,2,0.4333921529315236,60.125,True,0.385610052327086
2yin__B1_Q92608--2yin__D1_P63000,20,3,0,2,0.4135281253072677,57.65625,True,0.37191069877152755
2yip__A1_P81860--2yip__B1_P81860,1,3,2,2,0.2157851557074656,82.9375,False,0.6371047954737356
2yip__A1_P81860--2yip__B1_P81860,2,4,3,2,0.2667932870552733,82.625,True,0.6300752476121981
2yip__A1_P81860--2yip__B1_P81860,3,4,1,2,0.2612035834922384,82.375,True,0.613613692845359
2yip__A1_P81860--2yip__B1_P81860,4,2,2,2,0.2515730478690239,81.625,True,0.603908142213541
2yip__A1_P81860--2yip__B1_P81860,5,4,2,2,0.2673368164172418,80.0625,True,0.5805665070541733
2yip__A1_P81860--2yip__B1_P81860,6,3,0,2,0.2637914141994442,79.0,True,0.5810697435568032
2yip__A1_P81860--2yip__B1_P81860,7,3,3,2,0.2574400163078297,76.5625,True,0.5550546850776348
2yip__A1_P81860--2yip__B1_P81860,8,4,0,2,0.2603530032152554,73.75,True,0.5496720889332611
2yip__A1_P81860--2yip__B1_P81860,9,3,1,2,0.2133042162254792,72.4375,False,0.5242352108291328
2yip__A1_P81860--2yip__B1_P81860,10,2,3,2,0.2806412289515035,71.3125,True,0.5132443096421023
2yip__A1_P81860--2yip__B1_P81860,11,5,0,2,0.2537872034013497,64.5625,True,0.5061671107405583
2yip__A1_P81860--2yip__B1_P81860,12,5,2,2,0.250426659912653,63.59375,True,0.47242217050434104
2yip__A1_P81860--2yip__B1_P81860,13,1,1,2,0.2489548704958127,62.0,True,0.45333255757464525
2yip__A1_P81860--2yip__B1_P81860,14,5,3,2,0.2420746234572804,61.96875,True,0.467898712602378
2yip__A1_P81860--2yip__B1_P81860,15,1,2,2,0.2569105370757768,57.65625,True,0.4549466279656296
2yip__A1_P81860--2yip__B1_P81860,16,5,1,2,0.2489119489992511,44.6875,True,0.42772798293980535
2yip__A1_P81860--2yip__B1_P81860,17,2,0,2,0.0449432841730269,27.671875,False,0.41274536096079883
2yip__A1_P81860--2yip__B1_P81860,18,2,1,2,0.0571174379510362,26.59375,False,0.3909857954213577
2yip__A1_P81860--2yip__B1_P81860,19,1,0,2,0.1938017253398815,26.046875,False,0.39485838355266006
2yip__A1_P81860--2yip__B1_P81860,20,1,3,2,0.1324414140767747,23.09375,False,0.37191069877152755
2ynw__B1_Q704V1--2ynw__A1_Q704V1,1,2,3,4,0.3661155933876656,23.34375,True,0.6876773317776034
2ynw__B1_Q704V1--2ynw__A1_Q704V1,2,5,0,4,0.3306469560709625,22.984375,True,0.7258788285246845
2ynw__B1_Q704V1--2ynw__A1_Q704V1,3,5,3,4,0.2673588008216259,22.296875,True,0.69356705640931
2ynw__B1_Q704V1--2ynw__A1_Q704V1,4,5,2,4,0.2781526196385332,21.46875,True,0.6717583079071557
2ynw__B1_Q704V1--2ynw__A1_Q704V1,5,2,1,4,0.2695493310099964,21.296875,True,0.6067831480209782
2ynw__B1_Q704V1--2ynw__A1_Q704V1,6,2,0,4,0.164932041907785,21.265625,False,0.5601015260312956
2ynw__B1_Q704V1--2ynw__A1_Q704V1,7,5,1,4,0.0874851023363269,20.65625,False,0.6123082135330735
2ynw__B1_Q704V1--2ynw__A1_Q704V1,8,2,2,4,0.2895645845447411,20.5,True,0.5351027178574956
2ynw__B1_Q704V1--2ynw__A1_Q704V1,9,3,2,4,0.067736002592811,20.3125,False,0.49337966105341063
2ynw__B1_Q704V1--2ynw__A1_Q704V1,10,3,3,4,0.0787448866130315,20.125,False,0.4770126670559981
2ynw__B1_Q704V1--2ynw__A1_Q704V1,11,3,0,4,0.0394843102630784,19.796875,False,0.4081385253863009
2ynw__B1_Q704V1--2ynw__A1_Q704V1,12,1,1,4,0.0108438781228671,19.4375,False,0.5278161128964359
2ynw__B1_Q704V1--2ynw__A1_Q704V1,13,3,1,4,0.0485781769897826,19.125,False,0.3574723074997165
2ynw__B1_Q704V1--2ynw__A1_Q704V1,14,1,3,4,0.0136352589975734,19.09375,False,0.47458572753920913
2ynw__B1_Q704V1--2ynw__A1_Q704V1,15,4,3,4,0.0096740649867782,18.84375,False,0.5310362333420159
2ynw__B1_Q704V1--2ynw__A1_Q704V1,16,1,0,4,0.0158525764863175,18.765625,False,0.38635312290757445
2ynw__B1_Q704V1--2ynw__A1_Q704V1,17,4,0,4,0.0271983018416611,18.625,False,0.3825188786565059
2ynw__B1_Q704V1--2ynw__A1_Q704V1,18,1,2,4,0.1313488665552086,18.328125,False,0.359572772045972
2ynw__B1_Q704V1--2ynw__A1_Q704V1,19,4,2,4,0.0117024179120198,17.96875,False,0.3777831593930206
2ynw__B1_Q704V1--2ynw__A1_Q704V1,20,4,1,4,0.137709377767827,17.03125,False,0.2873385071674138
2yor__A1_B9W4V6--2yor__B1_B9W4V6,1,5,1,1,0.0067649648430569,47.1875,False,0.658014381789002
2yor__A1_B9W4V6--2yor__B1_B9W4V6,2,5,2,1,0.0067120391824011,44.0625,False,0.6725283076890141
2yor__A1_B9W4V6--2yor__B1_B9W4V6,3,4,2,1,0.006676214237928,43.125,False,0.6545616145033306
2yor__A1_B9W4V6--2yor__B1_B9W4V6,4,5,0,1,0.005880570090396,25.453125,False,0.6361424953525483
2yor__A1_B9W4V6--2yor__B1_B9W4V6,5,5,3,1,0.0065998377242153,23.4375,False,0.6173154429128703
2yor__A1_B9W4V6--2yor__B1_B9W4V6,6,2,0,1,0.052741987844567,22.234375,False,0.5609153222910022
2yor__A1_B9W4V6--2yor__B1_B9W4V6,7,2,1,1,0.078331973940238,21.9375,False,0.5457433702383923
2yor__A1_B9W4V6--2yor__B1_B9W4V6,8,3,0,1,0.0224345146585838,21.796875,False,0.5682943937458351
2yor__A1_B9W4V6--2yor__B1_B9W4V6,9,2,2,1,0.0678172534764409,21.703125,False,0.5437142312479097
2yor__A1_B9W4V6--2yor__B1_B9W4V6,10,2,3,1,0.0944093026652194,21.453125,False,0.5284475880924522
2yor__A1_B9W4V6--2yor__B1_B9W4V6,11,3,2,1,0.0063348918169708,20.890625,False,0.5131275442161409
2yor__A1_B9W4V6--2yor__B1_B9W4V6,12,4,1,1,0.0057268182455207,20.1875,False,0.46432015370816215
2yor__A1_B9W4V6--2yor__B1_B9W4V6,13,4,0,1,0.0056094050227107,19.90625,False,0.45319457902346755
2yor__A1_B9W4V6--2yor__B1_B9W4V6,14,3,1,1,0.0356410439836605,19.84375,False,0.4346673256957399
2yor__A1_B9W4V6--2yor__B1_B9W4V6,15,4,3,1,0.005679609931428,19.546875,False,0.43323710607329274
2yor__A1_B9W4V6--2yor__B1_B9W4V6,16,3,3,1,0.0368175598747675,19.328125,False,0.3563954513786251
2yor__A1_B9W4V6--2yor__B1_B9W4V6,17,1,2,1,0.0059896220949162,19.3125,False,0.40337114946618197
2yor__A1_B9W4V6--2yor__B1_B9W4V6,18,1,0,1,0.142913986603958,19.25,False,0.3794658952745324
2yor__A1_B9W4V6--2yor__B1_B9W4V6,19,1,3,1,0.0065747567705413,19.1875,False,0.383378227060914
2yor__A1_B9W4V6--2yor__B1_B9W4V6,20,1,1,1,0.0071232201746224,18.78125,False,0.32747043824676186
2ypr__A1_Q99581--2ypr__B1_Q99581,1,1,0,1,0.8958408418298874,88.0625,True,0.6373033260027056
2ypr__A1_Q99581--2ypr__B1_Q99581,2,1,2,1,0.8942067051296725,86.9375,True,0.6241758896027589
2ypr__A1_Q99581--2ypr__B1_Q99581,3,1,3,1,0.8976493490406895,85.0625,True,0.6108634353226405
2ypr__A1_Q99581--2ypr__B1_Q99581,4,1,1,1,0.8895629477493507,75.0625,True,0.59738359664213
2ypr__A1_Q99581--2ypr__B1_Q99581,5,2,3,1,0.7466032763002984,50.25,True,0.581792296795232
2ypr__A1_Q99581--2ypr__B1_Q99581,6,3,1,1,0.0968166861539407,48.0625,False,0.5864201742595821
2ypr__A1_Q99581--2ypr__B1_Q99581,7,3,3,1,0.0944951777185203,46.53125,False,0.548924213408423
2ypr__A1_Q99581--2ypr__B1_Q99581,8,3,2,1,0.09672873145441,45.90625,False,0.534932281497268
2ypr__A1_Q99581--2ypr__B1_Q99581,9,3,0,1,0.0975480031118539,45.40625,False,0.5208851536423925
2ypr__A1_Q99581--2ypr__B1_Q99581,10,2,2,1,0.0978596494055726,38.875,False,0.5143978289450751
2ypr__A1_Q99581--2ypr__B1_Q99581,11,4,0,1,0.121655877202857,38.8125,False,0.500309839271044
2ypr__A1_Q99581--2ypr__B1_Q99581,12,5,1,1,0.2230136277272757,38.65625,False,0.4729881632295553
2ypr__A1_Q99581--2ypr__B1_Q99581,13,4,1,1,0.1958157050295578,37.3125,False,0.4652092081176123
2ypr__A1_Q99581--2ypr__B1_Q99581,14,4,2,1,0.104033360984968,37.3125,False,0.48614747655482965
2ypr__A1_Q99581--2ypr__B1_Q99581,15,5,3,1,0.2254008468221359,35.65625,False,0.42724171055163485
2ypr__A1_Q99581--2ypr__B1_Q99581,16,2,1,1,0.3551191467644876,34.21875,True,0.4598519493726858
2ypr__A1_Q99581--2ypr__B1_Q99581,17,5,2,1,0.195509519384856,32.65625,False,0.4057818959444198
2ypr__A1_Q99581--2ypr__B1_Q99581,18,2,0,1,0.199937495412558,32.21875,False,0.41891509857309234
2ypr__A1_Q99581--2ypr__B1_Q99581,19,4,3,1,0.2160294960550719,30.9375,False,0.3777311281383015
2ypr__A1_Q99581--2ypr__B1_Q99581,20,5,0,1,0.202485382720351,29.890625,False,0.36679251823100006
2yq2__A1_Q01499--2yq2__B1_Q01499,1,3,0,4,0.3613568303261165,60.46875,True,0.668298189550973
2yq2__A1_Q01499--2yq2__B1_Q01499,2,4,0,4,0.3285520265547484,55.03125,True,0.5970291301739844
2yq2__A1_Q01499--2yq2__B1_Q01499,3,4,2,4,0.3254124733529758,52.53125,True,0.5065873591908238
2yq2__A1_Q01499--2yq2__B1_Q01499,4,4,1,4,0.1327166917431079,49.71875,False,0.44580224572372773
2yq2__A1_Q01499--2yq2__B1_Q01499,5,3,3,4,0.0813108746061126,44.78125,False,0.5825622239177526
2yq2__A1_Q01499--2yq2__B1_Q01499,6,1,1,4,0.0683786222343637,43.375,False,0.6123138012973229
2yq2__A1_Q01499--2yq2__B1_Q01499,7,1,0,4,0.0744837931255165,43.25,False,0.6569217245956693
2yq2__A1_Q01499--2yq2__B1_Q01499,8,1,2,4,0.0760510201351989,42.40625,False,0.6338308145332311
2yq2__A1_Q01499--2yq2__B1_Q01499,9,1,3,4,0.0665651466738827,40.78125,False,0.5885232796081301
2yq2__A1_Q01499--2yq2__B1_Q01499,10,5,2,4,0.0693989453981096,39.53125,False,0.5318769918516273
2yq2__A1_Q01499--2yq2__B1_Q01499,11,5,0,4,0.0734203632632558,39.0,False,0.5174887797225186
2yq2__A1_Q01499--2yq2__B1_Q01499,12,2,3,4,0.0783678210726883,38.21875,False,0.5271007576188094
2yq2__A1_Q01499--2yq2__B1_Q01499,13,2,1,4,0.0707372529158887,38.125,False,0.4800461677167955
2yq2__A1_Q01499--2yq2__B1_Q01499,14,4,3,4,0.082550352981175,37.375,False,0.49576109736217755
2yq2__A1_Q01499--2yq2__B1_Q01499,15,5,3,4,0.0841388045410986,36.8125,False,0.42410856122898544
2yq2__A1_Q01499--2yq2__B1_Q01499,16,2,0,4,0.079821672929332,31.46875,False,0.4007283060911488
2yq2__A1_Q01499--2yq2__B1_Q01499,17,5,1,4,0.0741556630120344,30.921875,False,0.40899623195553964
2yq2__A1_Q01499--2yq2__B1_Q01499,18,3,2,4,0.0559881806753884,28.53125,False,0.3839104984042235
2yq2__A1_Q01499--2yq2__B1_Q01499,19,3,1,4,0.0582063211596084,27.59375,False,0.35944719195839725
2yq2__A1_Q01499--2yq2__B1_Q01499,20,2,2,4,0.0500182840969871,23.109375,False,0.34740890422716
2yx8__A1_O60894--2yx8__A2_O60894,1,2,2,2,0.0410312793502997,40.1875,False,0.6415858834017127
2yx8__A1_O60894--2yx8__A2_O60894,2,5,0,2,0.0353394770785887,39.21875,False,0.6204042784828085
2yx8__A1_O60894--2yx8__A2_O60894,3,4,1,2,0.0340528692219577,31.9375,False,0.6072236993379544
2yx8__A1_O60894--2yx8__A2_O60894,4,2,1,2,0.341038775369597,27.953125,True,0.6154992573955916
2yx8__A1_O60894--2yx8__A2_O60894,5,1,1,2,0.0320369211136339,25.765625,False,0.5628233673807992
2yx8__A1_O60894--2yx8__A2_O60894,6,3,0,2,0.0272219357661513,19.0625,False,0.48603499718309084
2yx8__A1_O60894--2yx8__A2_O60894,7,2,3,2,0.3076765110941432,17.171875,True,0.5686758863917193
2yx8__A1_O60894--2yx8__A2_O60894,8,2,0,2,0.275173172592715,16.859375,True,0.5896417403477593
2yx8__A1_O60894--2yx8__A2_O60894,9,1,0,2,0.0146457416856868,13.6328125,False,0.563804926653843
2yx8__A1_O60894--2yx8__A2_O60894,10,5,3,2,0.0142780338371221,12.8671875,False,0.4232103288279262
2yx8__A1_O60894--2yx8__A2_O60894,11,1,2,2,0.0146120740969532,12.859375,False,0.48207857905107493
2yx8__A1_O60894--2yx8__A2_O60894,12,5,1,2,0.0168168597632619,12.828125,False,0.43608579930299307
2yx8__A1_O60894--2yx8__A2_O60894,13,4,3,2,0.0198362959643004,12.7109375,False,0.45459156579517973
2yx8__A1_O60894--2yx8__A2_O60894,14,5,2,2,0.0184799943514035,12.671875,False,0.44096363503863656
2yx8__A1_O60894--2yx8__A2_O60894,15,4,0,2,0.0176791641425168,12.6328125,False,0.4588691970933737
2yx8__A1_O60894--2yx8__A2_O60894,16,4,2,2,0.0178016392413329,12.5390625,False,0.46736824740913
2yx8__A1_O60894--2yx8__A2_O60894,17,1,3,2,0.0152971015011847,12.4921875,False,0.4783104176169051
2yx8__A1_O60894--2yx8__A2_O60894,18,3,3,2,0.0165117435814795,12.4375,False,0.43307365895103567
2yx8__A1_O60894--2yx8__A2_O60894,19,3,1,2,0.0363894420442905,12.2421875,False,0.40599528828193443
2yx8__A1_O60894--2yx8__A2_O60894,20,3,2,2,0.0192410564911104,12.03125,False,0.4013956132638707
2z1b__A1_P10518--2z1b__A2_P10518,1,5,2,0,0.0199707040119806,89.5,False,0.6562668252567563
2z1b__A1_P10518--2z1b__A2_P10518,2,5,1,0,0.0200127572814051,89.375,False,0.6415347377227066
2z1b__A1_P10518--2z1b__A2_P10518,3,5,3,0,0.0200218552773726,87.6875,False,0.62792855815399
2z1b__A1_P10518--2z1b__A2_P10518,4,5,0,0,0.0199932909535497,87.3125,False,0.6054255675178436
2z1b__A1_P10518--2z1b__A2_P10518,5,4,3,0,0.0230982920856562,85.4375,False,0.6031404288853781
2z1b__A1_P10518--2z1b__A2_P10518,6,4,2,0,0.020046461471953,85.0,False,0.558861667430394
2z1b__A1_P10518--2z1b__A2_P10518,7,4,0,0,0.0201386615337267,85.0,False,0.5780909873079336
2z1b__A1_P10518--2z1b__A2_P10518,8,4,1,0,0.0200232620616969,84.375,False,0.5529504125924684
2z1b__A1_P10518--2z1b__A2_P10518,9,3,2,0,0.0140004602519262,82.1875,False,0.5367177236041094
2z1b__A1_P10518--2z1b__A2_P10518,10,3,0,0,0.0200740829065524,82.0625,False,0.5085478245392546
2z1b__A1_P10518--2z1b__A2_P10518,11,2,3,0,0.0261082235101654,80.875,False,0.49544015283490406
2z1b__A1_P10518--2z1b__A2_P10518,12,2,1,0,0.0200755525717379,80.8125,False,0.504926605541929
2z1b__A1_P10518--2z1b__A2_P10518,13,3,1,0,0.0140353015521467,80.625,False,0.46475166311272825
2z1b__A1_P10518--2z1b__A2_P10518,14,1,0,0,0.0129286542706266,79.5,False,0.4224223279328907
2z1b__A1_P10518--2z1b__A2_P10518,15,3,3,0,0.0139630144687156,79.3125,False,0.447504640818136
2z1b__A1_P10518--2z1b__A2_P10518,16,2,0,0,0.0201841739637848,78.1875,False,0.4284670175067691
2z1b__A1_P10518--2z1b__A2_P10518,17,2,2,0,0.0200586205627789,77.75,False,0.40277178459752405
2z1b__A1_P10518--2z1b__A2_P10518,18,1,1,0,0.0141924852734568,77.0,False,0.38872109396533994
2z1b__A1_P10518--2z1b__A2_P10518,19,1,3,0,0.0201054189242063,75.25,False,0.37625509169166105
2z1b__A1_P10518--2z1b__A2_P10518,20,1,2,0,0.0261322592435964,75.0625,False,0.3557361963560614
2zae__A1_O59425--2zae__B1_O59248,1,2,0,2,0.7973690882559433,86.75,True,0.6415858834017127
2zae__A1_O59425--2zae__B1_O59248,2,2,1,2,0.779371068224914,86.0625,True,0.6280893012284724
2zae__A1_O59425--2zae__B1_O59248,3,1,1,2,0.7683982515016062,83.5625,True,0.6143899476729139
2zae__A1_O59425--2zae__B1_O59248,4,3,2,2,0.8050122985447592,81.1875,True,0.601919857309493
2zae__A1_O59425--2zae__B1_O59248,5,3,1,2,0.8152789462893592,81.125,True,0.5850305636545631
2zae__A1_O59425--2zae__B1_O59248,6,2,2,2,0.4583542062758628,78.6875,True,0.556862970056883
2zae__A1_O59425--2zae__B1_O59248,7,3,0,2,0.7833964495873934,77.9375,True,0.603513792327361
2zae__A1_O59425--2zae__B1_O59248,8,4,1,2,0.4726772707380117,77.9375,True,0.5173796028842834
2zae__A1_O59425--2zae__B1_O59248,9,5,0,2,0.4564583767929684,77.625,True,0.5073042483192527
2zae__A1_O59425--2zae__B1_O59248,10,1,3,2,0.4587679727811708,77.5625,True,0.5262929403690861
2zae__A1_O59425--2zae__B1_O59248,11,4,0,2,0.4928571651534996,77.375,True,0.47771239652633046
2zae__A1_O59425--2zae__B1_O59248,12,2,3,2,0.470273560554843,77.3125,True,0.5009756519765968
2zae__A1_O59425--2zae__B1_O59248,13,5,1,2,0.436748338565208,77.1875,True,0.46125568334927736
2zae__A1_O59425--2zae__B1_O59248,14,4,3,2,0.4837282444311342,76.875,True,0.44535977406058663
2zae__A1_O59425--2zae__B1_O59248,15,1,2,2,0.4408782489592933,76.25,True,0.47536533599603514
2zae__A1_O59425--2zae__B1_O59248,16,5,3,2,0.4715297227681828,75.75,True,0.40160833621217007
2zae__A1_O59425--2zae__B1_O59248,17,4,2,2,0.5065640046400842,74.0,True,0.4152357827414472
2zae__A1_O59425--2zae__B1_O59248,18,5,2,2,0.4566715725850781,73.75,True,0.4271246912088962
2zae__A1_O59425--2zae__B1_O59248,19,3,3,2,0.6563993974412484,72.5,True,0.3817889747058472
2zae__A1_O59425--2zae__B1_O59248,20,1,0,2,0.4597617754395913,69.25,True,0.37191069877152755
2zcm__B1_Q5HKQ1--2zcm__A1_Q5HKQ1,1,1,1,4,0.5181718853140552,74.3125,True,0.668298189550973
2zcm__B1_Q5HKQ1--2zcm__A1_Q5HKQ1,2,1,2,4,0.613272874298958,69.6875,True,0.6406682851285832
2zcm__B1_Q5HKQ1--2zcm__A1_Q5HKQ1,3,1,0,4,0.6381657624008806,69.25,True,0.6485293006655867
2zcm__B1_Q5HKQ1--2zcm__A1_Q5HKQ1,4,2,2,4,0.0941603051026904,64.5,False,0.6201885602874647
2zcm__B1_Q5HKQ1--2zcm__A1_Q5HKQ1,5,5,0,4,0.3891301247051448,63.3125,True,0.5640846349957798
2zcm__B1_Q5HKQ1--2zcm__A1_Q5HKQ1,6,2,3,4,0.5608689483683674,59.875,True,0.6096557752289592
2zcm__B1_Q5HKQ1--2zcm__A1_Q5HKQ1,7,3,3,4,0.33471087124189,59.65625,True,0.5729716210173578
2zcm__B1_Q5HKQ1--2zcm__A1_Q5HKQ1,8,3,0,4,0.0295271646007393,56.875,False,0.539580966907328
2zcm__B1_Q5HKQ1--2zcm__A1_Q5HKQ1,9,4,1,4,0.3995818843133671,55.96875,True,0.4940201349973911
2zcm__B1_Q5HKQ1--2zcm__A1_Q5HKQ1,10,4,0,4,0.3645306552542295,53.84375,True,0.5303484956344601
2zcm__B1_Q5HKQ1--2zcm__A1_Q5HKQ1,11,5,1,4,0.0616312706315426,53.40625,False,0.48965982666772484
2zcm__B1_Q5HKQ1--2zcm__A1_Q5HKQ1,12,1,3,4,0.3915154874192075,52.21875,True,0.4480735345889124
2zcm__B1_Q5HKQ1--2zcm__A1_Q5HKQ1,13,3,2,4,0.0416055885529054,51.59375,False,0.5507483643950866
2zcm__B1_Q5HKQ1--2zcm__A1_Q5HKQ1,14,4,3,4,0.0748515625520423,48.3125,False,0.44150084533314676
2zcm__B1_Q5HKQ1--2zcm__A1_Q5HKQ1,15,2,0,4,0.0354230927996947,40.875,False,0.43672790877215156
2zcm__B1_Q5HKQ1--2zcm__A1_Q5HKQ1,16,4,2,4,0.353249749506068,40.0,True,0.41553503731577496
2zcm__B1_Q5HKQ1--2zcm__A1_Q5HKQ1,17,2,1,4,0.0456224140870658,37.875,False,0.4216997020412406
2zcm__B1_Q5HKQ1--2zcm__A1_Q5HKQ1,18,3,1,4,0.0426589390489769,34.09375,False,0.3798114397125353
2zcm__B1_Q5HKQ1--2zcm__A1_Q5HKQ1,19,5,2,4,0.0541706771453479,28.171875,False,0.3602717334750509
2zcm__B1_Q5HKQ1--2zcm__A1_Q5HKQ1,20,5,3,4,0.0502295154897005,27.875,False,0.3367160282608664
2zix__A1_Q96NY9--2zix__B1_Q96AY2,1,1,0,2,0.4372363313077486,82.9375,True,0.6781161285381841
2zix__A1_Q96NY9--2zix__B1_Q96AY2,2,1,1,2,0.4306379719685337,81.625,True,0.6739216657657212
2zix__A1_Q96NY9--2zix__B1_Q96AY2,3,1,2,2,0.4365818717442336,81.3125,True,0.6448929417768184
2zix__A1_Q96NY9--2zix__B1_Q96AY2,4,5,3,2,0.4371625113344793,81.3125,True,0.6474157821789015
2zix__A1_Q96NY9--2zix__B1_Q96AY2,5,5,2,2,0.4368915493218061,80.0,True,0.6645335490089963
2zix__A1_Q96NY9--2zix__B1_Q96AY2,6,5,0,2,0.4265725304068408,79.9375,True,0.6320350091049785
2zix__A1_Q96NY9--2zix__B1_Q96AY2,7,1,3,2,0.4360962233352906,79.8125,True,0.5820424910020934
2zix__A1_Q96NY9--2zix__B1_Q96AY2,8,5,1,2,0.4277678209337167,79.6875,True,0.6120919016062638
2zix__A1_Q96NY9--2zix__B1_Q96AY2,9,3,2,2,0.4708145188628928,78.25,True,0.584090147716119
2zix__A1_Q96NY9--2zix__B1_Q96AY2,10,3,1,2,0.4705771455407491,77.9375,True,0.5492216782234444
2zix__A1_Q96NY9--2zix__B1_Q96AY2,11,4,0,2,0.4334447797887976,77.0625,True,0.49939818814624126
2zix__A1_Q96NY9--2zix__B1_Q96AY2,12,3,3,2,0.4674036143713594,76.625,True,0.4758028454006006
2zix__A1_Q96NY9--2zix__B1_Q96AY2,13,2,0,2,0.4057945261872149,75.9375,True,0.4354930367067006
2zix__A1_Q96NY9--2zix__B1_Q96AY2,14,2,2,2,0.4274032792436746,75.5,True,0.4028942381023754
2zix__A1_Q96NY9--2zix__B1_Q96AY2,15,4,1,2,0.4324704394763914,75.5,True,0.40914875989859706
2zix__A1_Q96NY9--2zix__B1_Q96AY2,16,2,1,2,0.435506776290058,75.4375,True,0.39123302001423926
2zix__A1_Q96NY9--2zix__B1_Q96AY2,17,4,2,2,0.4465507581560829,74.0625,True,0.3312297901409418
2zix__A1_Q96NY9--2zix__B1_Q96AY2,18,2,3,2,0.4399391872135513,74.0625,True,0.31723441999474533
2zix__A1_Q96NY9--2zix__B1_Q96AY2,19,3,0,2,0.3948334610592562,73.875,True,0.32764745005943474
2zix__A1_Q96NY9--2zix__B1_Q96AY2,20,4,3,2,0.4461011515497525,73.4375,True,0.29062329127219627
2zjs__A1_Q5SHQ8--2zjs__B1_P38383,1,4,1,2,0.7105339961219618,87.8125,True,0.6415858834017127
2zjs__A1_Q5SHQ8--2zjs__B1_P38383,2,4,0,2,0.7087044410601141,87.625,True,0.622769337819273
2zjs__A1_Q5SHQ8--2zjs__B1_P38383,3,4,2,2,0.7090215383586375,87.5,True,0.6151656210555072
2zjs__A1_Q5SHQ8--2zjs__B1_P38383,4,4,3,2,0.7088629791771609,87.4375,True,0.6051598694240438
2zjs__A1_Q5SHQ8--2zjs__B1_P38383,5,3,0,2,0.6999907876641952,86.125,True,0.5832531478076844
2zjs__A1_Q5SHQ8--2zjs__B1_P38383,6,3,1,2,0.6993524962337793,86.0625,True,0.5729126921865848
2zjs__A1_Q5SHQ8--2zjs__B1_P38383,7,5,1,2,0.7028117315157019,85.875,True,0.5143962108380774
2zjs__A1_Q5SHQ8--2zjs__B1_P38383,8,5,3,2,0.694052032409412,85.6875,True,0.4475435970792978
2zjs__A1_Q5SHQ8--2zjs__B1_P38383,9,3,2,2,0.6979711913208148,85.6875,True,0.48866035613444536
2zjs__A1_Q5SHQ8--2zjs__B1_P38383,10,3,3,2,0.6984157042357017,85.6875,True,0.5375899308804513
2zjs__A1_Q5SHQ8--2zjs__B1_P38383,11,5,0,2,0.6970675285641231,85.625,True,0.44568119481007157
2zjs__A1_Q5SHQ8--2zjs__B1_P38383,12,2,3,2,0.7042172961362484,85.625,True,0.5154471726070478
2zjs__A1_Q5SHQ8--2zjs__B1_P38383,13,1,1,2,0.6960356460097316,85.5625,True,0.5405441430105253
2zjs__A1_Q5SHQ8--2zjs__B1_P38383,14,2,2,2,0.7010668459516038,85.375,True,0.48435471277510245
2zjs__A1_Q5SHQ8--2zjs__B1_P38383,15,2,0,2,0.7062747691347173,85.375,True,0.46620157999760503
2zjs__A1_Q5SHQ8--2zjs__B1_P38383,16,1,2,2,0.6964388525460844,85.3125,True,0.4711145265085167
2zjs__A1_Q5SHQ8--2zjs__B1_P38383,17,5,2,2,0.7019150095380221,85.3125,True,0.41119502164095817
2zjs__A1_Q5SHQ8--2zjs__B1_P38383,18,2,1,2,0.7015620427107468,84.9375,True,0.39374311435666726
2zjs__A1_Q5SHQ8--2zjs__B1_P38383,19,1,3,2,0.6996579690226395,84.875,True,0.3890942212397939
2zjs__A1_Q5SHQ8--2zjs__B1_P38383,20,1,0,2,0.699204635197814,84.875,True,0.39404177186573275
3a7m__B1_P0A1N2--3a7m__A1_P0A1N2,1,4,2,2,0.0351376732208971,74.5625,False,0.6415858834017127
3a7m__B1_P0A1N2--3a7m__A1_P0A1N2,2,4,1,2,0.0351329581489597,74.0625,False,0.6204042784828085
3a7m__B1_P0A1N2--3a7m__A1_P0A1N2,3,4,0,2,0.0351674998771909,73.875,False,0.6065991514247869
3a7m__B1_P0A1N2--3a7m__A1_P0A1N2,4,4,3,2,0.0351358260743431,73.1875,False,0.5846883284795873
3a7m__B1_P0A1N2--3a7m__A1_P0A1N2,5,1,2,2,0.3400801515488538,69.875,True,0.6191294939509662
3a7m__B1_P0A1N2--3a7m__A1_P0A1N2,6,2,2,2,0.3613722062879346,69.5,True,0.5756391234954087
3a7m__B1_P0A1N2--3a7m__A1_P0A1N2,7,1,1,2,0.3458785694199706,69.0625,True,0.5705254763688383
3a7m__B1_P0A1N2--3a7m__A1_P0A1N2,8,1,3,2,0.3476084435189924,64.4375,True,0.5377220180416915
3a7m__B1_P0A1N2--3a7m__A1_P0A1N2,9,5,0,2,0.0352648264060499,64.25,False,0.5103607327962224
3a7m__B1_P0A1N2--3a7m__A1_P0A1N2,10,2,1,2,0.3426789824227451,63.21875,True,0.53290681231895
3a7m__B1_P0A1N2--3a7m__A1_P0A1N2,11,1,0,2,0.3369565784253363,62.90625,True,0.5135363068368011
3a7m__B1_P0A1N2--3a7m__A1_P0A1N2,12,5,3,2,0.0233263160194599,59.53125,False,0.4940163112590079
3a7m__B1_P0A1N2--3a7m__A1_P0A1N2,13,5,2,2,0.0233626603931273,56.0,False,0.4577249020798242
3a7m__B1_P0A1N2--3a7m__A1_P0A1N2,14,5,1,2,0.0235624540805294,50.25,False,0.42368420473029794
3a7m__B1_P0A1N2--3a7m__A1_P0A1N2,15,3,3,2,0.0317900749439664,47.15625,False,0.4331671116798558
3a7m__B1_P0A1N2--3a7m__A1_P0A1N2,16,2,3,2,0.33077520801005,43.125,True,0.4375625587468394
3a7m__B1_P0A1N2--3a7m__A1_P0A1N2,17,3,2,2,0.0179386017592851,41.53125,False,0.4252686003227843
3a7m__B1_P0A1N2--3a7m__A1_P0A1N2,18,3,1,2,0.0195703876227286,34.34375,False,0.3936892399263531
3a7m__B1_P0A1N2--3a7m__A1_P0A1N2,19,2,0,2,0.0221009754402126,33.8125,False,0.3927763006620456
3a7m__B1_P0A1N2--3a7m__A1_P0A1N2,20,3,0,2,0.019025412260751,29.875,False,0.3705351369937714
3a98__B1_Q92556--3a98__A1_Q92608,1,4,0,4,0.6250539174745133,80.6875,True,0.66523500029693
3a98__B1_Q92556--3a98__A1_Q92608,2,4,1,4,0.7110069364039727,80.5625,True,0.6557101025620494
3a98__B1_Q92556--3a98__A1_Q92608,3,5,2,4,0.6878603218552088,79.0625,True,0.6184894688799957
3a98__B1_Q92556--3a98__A1_Q92608,4,5,1,4,0.691920907831605,78.75,True,0.630106216736573
3a98__B1_Q92556--3a98__A1_Q92608,5,4,3,4,0.7302172027650787,78.625,True,0.6235419804636659
3a98__B1_Q92556--3a98__A1_Q92608,6,1,2,4,0.7105607166785841,77.375,True,0.5875373373677676
3a98__B1_Q92556--3a98__A1_Q92608,7,2,2,4,0.6958311947131546,77.0625,True,0.5370096111000001
3a98__B1_Q92556--3a98__A1_Q92608,8,5,3,4,0.701441860617399,77.0625,True,0.49345186059903634
3a98__B1_Q92556--3a98__A1_Q92608,9,5,0,4,0.6884966243284728,76.75,True,0.5504471527597976
3a98__B1_Q92556--3a98__A1_Q92608,10,2,3,4,0.7034220539489765,76.5,True,0.49366797081099323
3a98__B1_Q92556--3a98__A1_Q92608,11,2,0,4,0.7134232396513985,75.9375,True,0.5140831662919381
3a98__B1_Q92556--3a98__A1_Q92608,12,4,2,4,0.6527784371692016,75.8125,True,0.5473841744652219
3a98__B1_Q92556--3a98__A1_Q92608,13,1,1,4,0.6872856960207209,75.125,True,0.43467400151831764
3a98__B1_Q92556--3a98__A1_Q92608,14,2,1,4,0.6937608219890851,74.8125,True,0.46156233616400394
3a98__B1_Q92556--3a98__A1_Q92608,15,1,0,4,0.6765204633088793,73.1875,True,0.44076846537218783
3a98__B1_Q92556--3a98__A1_Q92608,16,1,3,4,0.7244234664664232,72.0,True,0.4270283789826422
3a98__B1_Q92556--3a98__A1_Q92608,17,3,0,4,0.6574130998332399,63.25,True,0.3964452433092353
3a98__B1_Q92556--3a98__A1_Q92608,18,3,2,4,0.6894295020799944,62.8125,True,0.3798114397125353
3a98__B1_Q92556--3a98__A1_Q92608,19,3,1,4,0.6814367219092358,59.25,True,0.3634552712851688
3a98__B1_Q92556--3a98__A1_Q92608,20,3,3,4,0.6678616287905457,57.3125,True,0.34740890422716
3aon__A1_P43435--3aon__B1_P43455,1,4,0,0,0.6391050819746291,84.375,True,0.6429137344998446
3aon__A1_P43435--3aon__B1_P43455,2,4,1,0,0.6230126895168374,84.125,True,0.6482523124667332
3aon__A1_P43435--3aon__B1_P43455,3,4,2,0,0.5878386934113596,82.9375,True,0.5799985289653561
3aon__A1_P43435--3aon__B1_P43455,4,4,3,0,0.6325962671067252,82.375,True,0.5941725876345262
3aon__A1_P43435--3aon__B1_P43455,5,5,3,0,0.6246461893699485,80.6875,True,0.5547322545855157
3aon__A1_P43435--3aon__B1_P43455,6,3,1,0,0.618625663013577,80.3125,True,0.5917837964252765
3aon__A1_P43435--3aon__B1_P43455,7,3,0,0,0.6181536089392591,79.75,True,0.5523496072452482
3aon__A1_P43435--3aon__B1_P43455,8,5,2,0,0.639828368651456,79.75,True,0.4837477306030317
3aon__A1_P43435--3aon__B1_P43455,9,3,2,0,0.6235460698396362,79.6875,True,0.5346316976678654
3aon__A1_P43435--3aon__B1_P43455,10,2,2,0,0.6170034668391498,79.25,True,0.5909712101251902
3aon__A1_P43435--3aon__B1_P43455,11,3,3,0,0.6060312104912433,78.6875,True,0.46636353812074127
3aon__A1_P43435--3aon__B1_P43455,12,1,3,0,0.5043878338053708,78.625,True,0.5396554624485637
3aon__A1_P43435--3aon__B1_P43455,13,5,0,0,0.4400347605306975,78.375,True,0.4283381617776407
3aon__A1_P43435--3aon__B1_P43455,14,2,1,0,0.6151081080646189,77.625,True,0.4776267712285446
3aon__A1_P43435--3aon__B1_P43455,15,5,1,0,0.5777021195703633,77.5,True,0.41188942076002905
3aon__A1_P43435--3aon__B1_P43455,16,2,3,0,0.6130037998831952,77.125,True,0.48540970798566435
3aon__A1_P43435--3aon__B1_P43455,17,1,0,0,0.5345849581818931,76.125,True,0.4293410654495679
3aon__A1_P43435--3aon__B1_P43455,18,1,2,0,0.5294449196360461,75.1875,True,0.4048452547732816
3aon__A1_P43435--3aon__B1_P43455,19,2,0,0,0.5946411275502795,74.5,True,0.37550880640445566
3aon__A1_P43435--3aon__B1_P43455,20,1,1,0,0.5300227896870778,74.0,True,0.3652388458886587
3axj__B1_Q9VF77--3axj__A1_Q7JVK6,1,1,2,1,0.7396338531998136,85.8125,True,0.6237726209170841
3axj__B1_Q9VF77--3axj__A1_Q7JVK6,2,1,1,1,0.743436316085858,85.75,True,0.6377005152242786
3axj__B1_Q9VF77--3axj__A1_Q7JVK6,3,1,0,1,0.7526153883864817,85.625,True,0.6120568394348576
3axj__B1_Q9VF77--3axj__A1_Q7JVK6,4,1,3,1,0.7348872738380209,85.4375,True,0.5961748357354508
3axj__B1_Q9VF77--3axj__A1_Q7JVK6,5,2,0,1,0.7260316946971748,84.0,True,0.556715810740411
3axj__B1_Q9VF77--3axj__A1_Q7JVK6,6,2,1,1,0.7395004041495258,83.9375,True,0.5736362763249467
3axj__B1_Q9VF77--3axj__A1_Q7JVK6,7,2,2,1,0.6806530731320852,83.4375,True,0.5586060341815153
3axj__B1_Q9VF77--3axj__A1_Q7JVK6,8,4,2,1,0.7467536923667449,83.0,True,0.5469125310472169
3axj__B1_Q9VF77--3axj__A1_Q7JVK6,9,2,3,1,0.737808593362113,82.9375,True,0.5195879120833411
3axj__B1_Q9VF77--3axj__A1_Q7JVK6,10,5,2,1,0.7198102988025911,82.875,True,0.4971507085162317
3axj__B1_Q9VF77--3axj__A1_Q7JVK6,11,4,0,1,0.7272092898742191,82.875,True,0.542860129259677
3axj__B1_Q9VF77--3axj__A1_Q7JVK6,12,4,1,1,0.7372790562036111,82.75,True,0.4466010107381636
3axj__B1_Q9VF77--3axj__A1_Q7JVK6,13,5,1,1,0.7274065734524217,82.5625,True,0.4572761465649719
3axj__B1_Q9VF77--3axj__A1_Q7JVK6,14,3,0,1,0.7291226584718604,82.5,True,0.4126746925363167
3axj__B1_Q9VF77--3axj__A1_Q7JVK6,15,5,0,1,0.7276587604884334,82.4375,True,0.45988639221208666
3axj__B1_Q9VF77--3axj__A1_Q7JVK6,16,5,3,1,0.7451711271367302,82.4375,True,0.44787538284211165
3axj__B1_Q9VF77--3axj__A1_Q7JVK6,17,4,3,1,0.7376517401884387,82.375,True,0.4471706481381943
3axj__B1_Q9VF77--3axj__A1_Q7JVK6,18,3,1,1,0.6876678874898965,81.375,True,0.3973572167583216
3axj__B1_Q9VF77--3axj__A1_Q7JVK6,19,3,2,1,0.68822526593246,81.3125,True,0.4151794819649562
3axj__B1_Q9VF77--3axj__A1_Q7JVK6,20,3,3,1,0.6564548427897479,80.875,True,0.3869749228352613
3b42__B1_Q74EM7--3b42__A1_Q74EM7,1,1,3,4,0.0447166376461056,77.625,False,0.6535989030435699
3b42__B1_Q74EM7--3b42__A1_Q74EM7,2,1,2,4,0.0447603887544794,77.3125,False,0.6591374871188468
3b42__B1_Q74EM7--3b42__A1_Q74EM7,3,1,0,4,0.0448721294991523,76.875,False,0.6264269208171114
3b42__B1_Q74EM7--3b42__A1_Q74EM7,4,1,1,4,0.0448819083969509,76.875,False,0.6388613460667153
3b42__B1_Q74EM7--3b42__A1_Q74EM7,5,4,3,4,0.5497553030829033,59.71875,True,0.5910037680444603
3b42__B1_Q74EM7--3b42__A1_Q74EM7,6,2,2,4,0.5298995561360973,57.1875,True,0.4880834822488008
3b42__B1_Q74EM7--3b42__A1_Q74EM7,7,4,0,4,0.5506947680557536,56.0,True,0.5770927190400259
3b42__B1_Q74EM7--3b42__A1_Q74EM7,8,4,1,4,0.5201854856816178,52.3125,True,0.5049567994137094
3b42__B1_Q74EM7--3b42__A1_Q74EM7,9,2,3,4,0.5034350119178287,50.4375,True,0.4146588776829173
3b42__B1_Q74EM7--3b42__A1_Q74EM7,10,2,1,4,0.5709538095865857,49.71875,True,0.42600225184967805
3b42__B1_Q74EM7--3b42__A1_Q74EM7,11,2,0,4,0.5641077052185679,44.65625,True,0.3767781081339509
3b42__B1_Q74EM7--3b42__A1_Q74EM7,12,3,0,4,0.0485028662669275,43.0,False,0.594704649947589
3b42__B1_Q74EM7--3b42__A1_Q74EM7,13,3,3,4,0.0505000593717977,37.8125,False,0.5418485660171505
3b42__B1_Q74EM7--3b42__A1_Q74EM7,14,3,1,4,0.0533033924097435,35.40625,False,0.5095192364940676
3b42__B1_Q74EM7--3b42__A1_Q74EM7,15,5,0,4,0.0502494148023423,34.4375,False,0.5085499053739944
3b42__B1_Q74EM7--3b42__A1_Q74EM7,16,5,1,4,0.0504507265469937,33.6875,False,0.48657466029578317
3b42__B1_Q74EM7--3b42__A1_Q74EM7,17,3,2,4,0.0538511657096088,33.34375,False,0.4337107676506779
3b42__B1_Q74EM7--3b42__A1_Q74EM7,18,5,3,4,0.0511369843645179,26.78125,False,0.42635351091601204
3b42__B1_Q74EM7--3b42__A1_Q74EM7,19,5,2,4,0.0469632454082959,23.4375,False,0.3743192645373518
3b42__B1_Q74EM7--3b42__A1_Q74EM7,20,4,2,4,0.0604426047275928,22.421875,False,0.3365398889461171
3b4y__A1_P9WNE1--3b4y__B1_P9WNE1,1,3,3,4,0.906790973399792,94.0625,True,0.5988816415019927
3b4y__A1_P9WNE1--3b4y__B1_P9WNE1,2,5,0,4,0.7920760286671115,94.0625,True,0.6600310735823607
3b4y__A1_P9WNE1--3b4y__B1_P9WNE1,3,4,3,4,0.8065185827715696,94.0,True,0.603702835190451
3b4y__A1_P9WNE1--3b4y__B1_P9WNE1,4,5,1,4,0.8943331810515763,93.9375,True,0.6157483924139302
3b4y__A1_P9WNE1--3b4y__B1_P9WNE1,5,4,2,4,0.8315050544520025,93.9375,True,0.5358378977152493
3b4y__A1_P9WNE1--3b4y__B1_P9WNE1,6,3,1,4,0.9102741876685988,93.875,True,0.529535386698135
3b4y__A1_P9WNE1--3b4y__B1_P9WNE1,7,5,3,4,0.9083500395237616,93.875,True,0.5732217757395895
3b4y__A1_P9WNE1--3b4y__B1_P9WNE1,8,1,3,4,0.8093688722373237,93.875,True,0.5570202875379359
3b4y__A1_P9WNE1--3b4y__B1_P9WNE1,9,3,2,4,0.9171971552896656,93.8125,True,0.4952602584131403
3b4y__A1_P9WNE1--3b4y__B1_P9WNE1,10,1,2,4,0.8138948277804928,93.8125,True,0.4656377860555694
3b4y__A1_P9WNE1--3b4y__B1_P9WNE1,11,4,1,4,0.8120796777867776,93.8125,True,0.4765279500696064
3b4y__A1_P9WNE1--3b4y__B1_P9WNE1,12,3,0,4,0.912568397465793,93.8125,True,0.5833037507997799
3b4y__A1_P9WNE1--3b4y__B1_P9WNE1,13,4,0,4,0.8037522957962989,93.75,True,0.4897069997999901
3b4y__A1_P9WNE1--3b4y__B1_P9WNE1,14,1,0,4,0.8044474758910288,93.75,True,0.46885373375111233
3b4y__A1_P9WNE1--3b4y__B1_P9WNE1,15,5,2,4,0.8992830426215042,93.6875,True,0.4499032653684723
3b4y__A1_P9WNE1--3b4y__B1_P9WNE1,16,1,1,4,0.8057338184045063,93.6875,True,0.4405206183835981
3b4y__A1_P9WNE1--3b4y__B1_P9WNE1,17,2,1,4,0.789004559061491,93.5,True,0.4209297732205152
3b4y__A1_P9WNE1--3b4y__B1_P9WNE1,18,2,2,4,0.7994587801419453,93.375,True,0.3966391295952955
3b4y__A1_P9WNE1--3b4y__B1_P9WNE1,19,2,3,4,0.8023309754797251,93.375,True,0.41948633666217283
3b4y__A1_P9WNE1--3b4y__B1_P9WNE1,20,2,0,4,0.8093569196076622,93.3125,True,0.387325734193628
3cam__A1_Q9JZZ4--3cam__B1_Q9JZZ4,1,3,0,1,0.3894621841887382,58.1875,True,0.668414079339711
3cam__A1_Q9JZZ4--3cam__B1_Q9JZZ4,2,3,1,1,0.3806076966405634,57.96875,True,0.6580188425424924
3cam__A1_Q9JZZ4--3cam__B1_Q9JZZ4,3,2,2,1,0.4724671012608128,57.96875,True,0.613697613444581
3cam__A1_Q9JZZ4--3cam__B1_Q9JZZ4,4,2,0,1,0.422343414526969,57.6875,True,0.6428190568467814
3cam__A1_Q9JZZ4--3cam__B1_Q9JZZ4,5,1,2,1,0.4103873991760302,57.65625,True,0.6273047530930697
3cam__A1_Q9JZZ4--3cam__B1_Q9JZZ4,6,1,0,1,0.4074550524693239,57.375,True,0.597276956324679
3cam__A1_Q9JZZ4--3cam__B1_Q9JZZ4,7,5,2,1,0.4311141669879645,57.0,True,0.5726051782086421
3cam__A1_Q9JZZ4--3cam__B1_Q9JZZ4,8,3,3,1,0.4424520596762207,56.90625,True,0.5944652752540901
3cam__A1_Q9JZZ4--3cam__B1_Q9JZZ4,9,4,2,1,0.4268375730714198,56.28125,True,0.5193835503774127
3cam__A1_Q9JZZ4--3cam__B1_Q9JZZ4,10,5,3,1,0.4296019538952444,55.875,True,0.4981674421324162
3cam__A1_Q9JZZ4--3cam__B1_Q9JZZ4,11,5,1,1,0.436565063460663,55.75,True,0.4542213800116064
3cam__A1_Q9JZZ4--3cam__B1_Q9JZZ4,12,3,2,1,0.4638977339206684,55.28125,True,0.4572920126195905
3cam__A1_Q9JZZ4--3cam__B1_Q9JZZ4,13,4,0,1,0.4178629546862793,55.25,True,0.4593321545535086
3cam__A1_Q9JZZ4--3cam__B1_Q9JZZ4,14,4,3,1,0.4354549019814175,55.0625,True,0.4172914837638419
3cam__A1_Q9JZZ4--3cam__B1_Q9JZZ4,15,1,1,1,0.4875366477522447,54.84375,True,0.40564389733618544
3cam__A1_Q9JZZ4--3cam__B1_Q9JZZ4,16,4,1,1,0.4377897352235961,54.8125,True,0.4204990006417489
3cam__A1_Q9JZZ4--3cam__B1_Q9JZZ4,17,5,0,1,0.4550700325634495,54.15625,True,0.4056663108918886
3cam__A1_Q9JZZ4--3cam__B1_Q9JZZ4,18,1,3,1,0.4063928702004369,52.84375,True,0.3548989851600028
3cam__A1_Q9JZZ4--3cam__B1_Q9JZZ4,19,2,1,1,0.4327429393824442,51.9375,True,0.38675380026465517
3cam__A1_Q9JZZ4--3cam__B1_Q9JZZ4,20,2,3,1,0.4251726781948641,47.5,True,0.375824110397241
3cbk__A1_P07858--3cbk__B1_Q966X9,1,4,2,3,0.7470958969330256,90.8125,True,0.641071698671299
3cbk__A1_P07858--3cbk__B1_Q966X9,2,4,3,3,0.7116633135467912,90.6875,True,0.6108119618773362
3cbk__A1_P07858--3cbk__B1_Q966X9,3,4,1,3,0.7550044822825637,90.6875,True,0.6405711799488725
3cbk__A1_P07858--3cbk__B1_Q966X9,4,1,1,3,0.762331261436984,90.5625,True,0.6572126306106694
3cbk__A1_P07858--3cbk__B1_Q966X9,5,4,0,3,0.7132983095631306,90.375,True,0.5537013870094919
3cbk__A1_P07858--3cbk__B1_Q966X9,6,2,2,3,0.7313127556050644,90.25,True,0.5961407596784808
3cbk__A1_P07858--3cbk__B1_Q966X9,7,3,1,3,0.7452153074138078,90.1875,True,0.5802323841851007
3cbk__A1_P07858--3cbk__B1_Q966X9,8,1,2,3,0.7224907680865907,90.0,True,0.5733021782031282
3cbk__A1_P07858--3cbk__B1_Q966X9,9,3,3,3,0.6880194579545892,89.75,True,0.4600371844748149
3cbk__A1_P07858--3cbk__B1_Q966X9,10,3,2,3,0.7412214826708268,89.6875,True,0.510745332862085
3cbk__A1_P07858--3cbk__B1_Q966X9,11,1,3,3,0.713036527825282,89.625,True,0.5143167001201143
3cbk__A1_P07858--3cbk__B1_Q966X9,12,2,1,3,0.7322788265978195,89.625,True,0.490637996252036
3cbk__A1_P07858--3cbk__B1_Q966X9,13,1,0,3,0.7624464462641058,89.5625,True,0.5131253401850007
3cbk__A1_P07858--3cbk__B1_Q966X9,14,2,0,3,0.6873726263027482,89.4375,True,0.45471866632579006
3cbk__A1_P07858--3cbk__B1_Q966X9,15,3,0,3,0.6942707819155766,89.375,True,0.4183373267086256
3cbk__A1_P07858--3cbk__B1_Q966X9,16,5,2,3,0.6789632510600208,89.3125,True,0.3697998443732155
3cbk__A1_P07858--3cbk__B1_Q966X9,17,2,3,3,0.6817830758276372,89.3125,True,0.41517764797359574
3cbk__A1_P07858--3cbk__B1_Q966X9,18,5,0,3,0.6907575010385237,89.25,True,0.43758915706567686
3cbk__A1_P07858--3cbk__B1_Q966X9,19,5,3,3,0.6617882542699611,89.1875,True,0.3429555845465065
3cbk__A1_P07858--3cbk__B1_Q966X9,20,5,1,3,0.7350657215943829,89.125,True,0.3820611954401311
3cnu__A1_O28738--3cnu__A2_O28738,1,5,3,4,0.7346152476683162,78.125,True,0.668298189550973
3cnu__A1_O28738--3cnu__A2_O28738,2,4,2,4,0.6361247196040476,68.4375,True,0.65259109577284
3cnu__A1_O28738--3cnu__A2_O28738,3,5,1,4,0.6486766063878503,65.75,True,0.6243881847856757
3cnu__A1_O28738--3cnu__A2_O28738,4,4,3,4,0.6789057551702934,65.5,True,0.6324010031340058
3cnu__A1_O28738--3cnu__A2_O28738,5,4,0,4,0.6365781811376778,56.0,True,0.6035547566907647
3cnu__A1_O28738--3cnu__A2_O28738,6,3,3,4,0.3224021806281225,40.1875,True,0.5843225314791863
3cnu__A1_O28738--3cnu__A2_O28738,7,5,2,4,0.1810226543380975,39.96875,False,0.4926289801869616
3cnu__A1_O28738--3cnu__A2_O28738,8,5,0,4,0.5208097348137857,36.875,True,0.5338723446279847
3cnu__A1_O28738--3cnu__A2_O28738,9,4,1,4,0.5510259721443487,34.46875,True,0.5605899032896569
3cnu__A1_O28738--3cnu__A2_O28738,10,3,1,4,0.0906663062277924,33.78125,False,0.5162676837183284
3cnu__A1_O28738--3cnu__A2_O28738,11,1,2,4,0.0897266600351967,29.875,False,0.49495309804489035
3cnu__A1_O28738--3cnu__A2_O28738,12,3,0,4,0.1990952547850397,29.703125,False,0.48685325432414683
3cnu__A1_O28738--3cnu__A2_O28738,13,3,2,4,0.1332580288899938,29.109375,False,0.4764092783019631
3cnu__A1_O28738--3cnu__A2_O28738,14,1,1,4,0.071382827674247,27.890625,False,0.4496469877313719
3cnu__A1_O28738--3cnu__A2_O28738,15,1,3,4,0.0609888508107556,26.625,False,0.44242282269489447
3cnu__A1_O28738--3cnu__A2_O28738,16,2,3,4,0.1114571785030409,26.46875,False,0.4534146682314639
3cnu__A1_O28738--3cnu__A2_O28738,17,1,0,4,0.0639883117827754,26.09375,False,0.38695524696888967
3cnu__A1_O28738--3cnu__A2_O28738,18,2,0,4,0.074155931624155,25.5,False,0.3987792199777137
3cnu__A1_O28738--3cnu__A2_O28738,19,2,2,4,0.0760777552345172,24.328125,False,0.35627495656878577
3cnu__A1_O28738--3cnu__A2_O28738,20,2,1,4,0.0794426533383088,24.03125,False,0.352718494813749
3co5__A1_Q5F5Q1--3co5__B1_Q5F5Q1,1,5,3,1,0.0112997247150476,78.625,False,0.6343281407713861
3co5__A1_Q5F5Q1--3co5__B1_Q5F5Q1,2,3,1,1,0.0111717102322952,78.5625,False,0.6271851285551914
3co5__A1_Q5F5Q1--3co5__B1_Q5F5Q1,3,2,3,1,0.0117093308115669,69.5,False,0.6078048355666784
3co5__A1_Q5F5Q1--3co5__B1_Q5F5Q1,4,1,2,1,0.2891837409268331,66.9375,True,0.5531181982991328
3co5__A1_Q5F5Q1--3co5__B1_Q5F5Q1,5,4,3,1,0.0232912573742185,61.28125,False,0.5931961272578156
3co5__A1_Q5F5Q1--3co5__B1_Q5F5Q1,6,2,2,1,0.0110205535154194,54.5625,False,0.5888046555029236
3co5__A1_Q5F5Q1--3co5__B1_Q5F5Q1,7,4,1,1,0.0246260390534953,37.1875,False,0.5516050878782747
3co5__A1_Q5F5Q1--3co5__B1_Q5F5Q1,8,1,3,1,0.0123184502448471,34.15625,False,0.5601467964374715
3co5__A1_Q5F5Q1--3co5__B1_Q5F5Q1,9,3,0,1,0.0168497136906123,27.71875,False,0.5172262661679161
3co5__A1_Q5F5Q1--3co5__B1_Q5F5Q1,10,3,2,1,0.0181142878382344,27.5,False,0.5007536107563285
3co5__A1_Q5F5Q1--3co5__B1_Q5F5Q1,11,4,0,1,0.0174059259734113,27.328125,False,0.5083673631085158
3co5__A1_Q5F5Q1--3co5__B1_Q5F5Q1,12,3,3,1,0.0176383272440206,27.3125,False,0.5234250172261893
3co5__A1_Q5F5Q1--3co5__B1_Q5F5Q1,13,4,2,1,0.0248825932757673,26.40625,False,0.4562234792208536
3co5__A1_Q5F5Q1--3co5__B1_Q5F5Q1,14,5,0,1,0.0232302686809376,25.28125,False,0.4589768528896865
3co5__A1_Q5F5Q1--3co5__B1_Q5F5Q1,15,2,0,1,0.016588831710826,24.625,False,0.45454228267869173
3co5__A1_Q5F5Q1--3co5__B1_Q5F5Q1,16,5,2,1,0.0238158854577081,23.171875,False,0.42881987836971003
3co5__A1_Q5F5Q1--3co5__B1_Q5F5Q1,17,5,1,1,0.0210304935531474,22.875,False,0.4114210661110968
3co5__A1_Q5F5Q1--3co5__B1_Q5F5Q1,18,2,1,1,0.0229298805701005,22.640625,False,0.40517626999882644
3co5__A1_Q5F5Q1--3co5__B1_Q5F5Q1,19,1,0,1,0.0316394550358828,21.171875,False,0.3731817390507204
3co5__A1_Q5F5Q1--3co5__B1_Q5F5Q1,20,1,1,1,0.0327904719587259,21.015625,False,0.3838215220967737
3ct4__A1_Q9CIV8--3ct4__A2_Q9CIV8,1,4,0,0,0.006451370471711,95.5625,False,0.6575983565835959
3ct4__A1_Q9CIV8--3ct4__A2_Q9CIV8,2,4,3,0,0.0064533118316262,95.375,False,0.5808645068768795
3ct4__A1_Q9CIV8--3ct4__A2_Q9CIV8,3,4,2,0,0.0064429884613828,95.375,False,0.5983649767941105
3ct4__A1_Q9CIV8--3ct4__A2_Q9CIV8,4,3,0,0,0.0064350791320587,95.3125,False,0.6180340340950127
3ct4__A1_Q9CIV8--3ct4__A2_Q9CIV8,5,2,1,0,0.0064300178066633,95.3125,False,0.6097510477231823
3ct4__A1_Q9CIV8--3ct4__A2_Q9CIV8,6,2,3,0,0.0064455346992412,95.25,False,0.5790005048028687
3ct4__A1_Q9CIV8--3ct4__A2_Q9CIV8,7,3,2,0,0.0064457511903605,95.25,False,0.5643523708625475
3ct4__A1_Q9CIV8--3ct4__A2_Q9CIV8,8,5,1,0,0.0064124440563548,95.1875,False,0.5472437561520468
3ct4__A1_Q9CIV8--3ct4__A2_Q9CIV8,9,2,2,0,0.0064283263568522,95.1875,False,0.5542193377934523
3ct4__A1_Q9CIV8--3ct4__A2_Q9CIV8,10,5,3,0,0.0064283417992209,95.125,False,0.5361570555962372
3ct4__A1_Q9CIV8--3ct4__A2_Q9CIV8,11,1,2,0,0.0064450206750589,94.9375,False,0.4791144721484655
3ct4__A1_Q9CIV8--3ct4__A2_Q9CIV8,12,2,0,0,0.0064536782917347,94.9375,False,0.47940734602478646
3ct4__A1_Q9CIV8--3ct4__A2_Q9CIV8,13,1,0,0,0.0064519100158813,94.9375,False,0.45815984128298914
3ct4__A1_Q9CIV8--3ct4__A2_Q9CIV8,14,3,1,0,0.0064396727229587,94.875,False,0.4646282686717857
3ct4__A1_Q9CIV8--3ct4__A2_Q9CIV8,15,5,2,0,0.0064308211273013,94.8125,False,0.4469572784108644
3ct4__A1_Q9CIV8--3ct4__A2_Q9CIV8,16,1,1,0,0.0064577236365809,94.75,False,0.41706420977850556
3ct4__A1_Q9CIV8--3ct4__A2_Q9CIV8,17,1,3,0,0.0064527041529293,94.6875,False,0.4025810782699649
3ct4__A1_Q9CIV8--3ct4__A2_Q9CIV8,18,3,3,0,0.0064529220537521,94.4375,False,0.37855054607589517
3ct4__A1_Q9CIV8--3ct4__A2_Q9CIV8,19,5,0,0,0.0064753826142937,94.1875,False,0.3949769184734086
3ct4__A1_Q9CIV8--3ct4__A2_Q9CIV8,20,4,1,0,0.006393968045187,92.8125,False,0.3898653318461351
3ctv__A1_O28011--3ctv__A2_O28011,1,4,3,4,0.0452558188520313,82.0,False,0.6719550628396006
3ctv__A1_O28011--3ctv__A2_O28011,2,5,3,4,0.0456852806681871,81.375,False,0.6520388720854217
3ctv__A1_O28011--3ctv__A2_O28011,3,4,2,4,0.0459230610617514,79.75,False,0.6575399981063924
3ctv__A1_O28011--3ctv__A2_O28011,4,5,1,4,0.0466990612538207,79.5625,False,0.6235060755176536
3ctv__A1_O28011--3ctv__A2_O28011,5,3,3,4,0.047965396084094,75.75,False,0.6268593789186716
3ctv__A1_O28011--3ctv__A2_O28011,6,4,0,4,0.046259769957926,74.1875,False,0.592067478961658
3ctv__A1_O28011--3ctv__A2_O28011,7,2,1,4,0.0523067877953421,73.5,False,0.5750459819258243
3ctv__A1_O28011--3ctv__A2_O28011,8,1,1,4,0.0339824054048624,70.9375,False,0.5178104738887599
3ctv__A1_O28011--3ctv__A2_O28011,9,1,3,4,0.0427535662812734,70.875,False,0.5329366741472453
3ctv__A1_O28011--3ctv__A2_O28011,10,1,2,4,0.0412156581513294,69.0625,False,0.41887254722815603
3ctv__A1_O28011--3ctv__A2_O28011,11,1,0,4,0.0452425034631908,68.0,False,0.5
3ctv__A1_O28011--3ctv__A2_O28011,12,3,0,4,0.1599679094256976,60.1875,False,0.4544822622520287
3ctv__A1_O28011--3ctv__A2_O28011,13,3,2,4,0.1717059243158255,59.84375,False,0.479053192901848
3ctv__A1_O28011--3ctv__A2_O28011,14,5,0,4,0.6388921968046356,54.59375,True,0.5318145771130767
3ctv__A1_O28011--3ctv__A2_O28011,15,5,2,4,0.6438220004092705,37.46875,True,0.4142339498586382
3ctv__A1_O28011--3ctv__A2_O28011,16,3,1,4,0.5788280190369172,36.25,True,0.3831510665102958
3ctv__A1_O28011--3ctv__A2_O28011,17,2,2,4,0.4333976108448547,27.40625,True,0.4366836025355555
3ctv__A1_O28011--3ctv__A2_O28011,18,2,3,4,0.0630615336937523,26.515625,False,0.35406252437195423
3ctv__A1_O28011--3ctv__A2_O28011,19,4,1,4,0.3848036725983894,26.484375,True,0.35923249681479213
3ctv__A1_O28011--3ctv__A2_O28011,20,2,0,4,0.4184299830989963,25.71875,True,0.3835045530340691
3cwf__A1_P23545--3cwf__B1_P23545,1,1,3,3,0.1369285312703626,87.75,False,0.6614858700232774
3cwf__A1_P23545--3cwf__B1_P23545,2,1,0,3,0.2111870827423562,86.5625,False,0.6463264740952176
3cwf__A1_P23545--3cwf__B1_P23545,3,1,2,3,0.2091947831246957,85.375,False,0.6261103314734522
3cwf__A1_P23545--3cwf__B1_P23545,4,3,2,3,0.1987226686985819,85.25,False,0.6199458348519541
3cwf__A1_P23545--3cwf__B1_P23545,5,4,3,3,0.1679990326602796,79.125,False,0.5955729495154518
3cwf__A1_P23545--3cwf__B1_P23545,6,3,3,3,0.2018335045986859,77.625,False,0.5819318012930512
3cwf__A1_P23545--3cwf__B1_P23545,7,5,1,3,0.206639043798567,75.5625,False,0.5712916474310925
3cwf__A1_P23545--3cwf__B1_P23545,8,3,0,3,0.2005819246952947,72.0,False,0.5389159751778233
3cwf__A1_P23545--3cwf__B1_P23545,9,4,1,3,0.1842317855965659,71.9375,False,0.5446264358124736
3cwf__A1_P23545--3cwf__B1_P23545,10,4,2,3,0.1901236735771186,58.0625,False,0.5178317778691935
3cwf__A1_P23545--3cwf__B1_P23545,11,4,0,3,0.1887511991790507,51.71875,False,0.49890872778428913
3cwf__A1_P23545--3cwf__B1_P23545,12,1,1,3,0.0883077608201376,38.28125,False,0.483258191209408
3cwf__A1_P23545--3cwf__B1_P23545,13,2,3,3,0.2036700476788976,33.96875,False,0.4705312250728872
3cwf__A1_P23545--3cwf__B1_P23545,14,2,2,3,0.5145490853556268,32.0,True,0.42440106329814203
3cwf__A1_P23545--3cwf__B1_P23545,15,2,1,3,0.1292079091844788,31.703125,False,0.4418591674219207
3cwf__A1_P23545--3cwf__B1_P23545,16,5,0,3,0.2157197201572109,31.171875,False,0.41965238481409484
3cwf__A1_P23545--3cwf__B1_P23545,17,5,3,3,0.0973226636531574,30.671875,False,0.4054517972294808
3cwf__A1_P23545--3cwf__B1_P23545,18,3,1,3,0.2250202056403404,29.203125,False,0.3732741378253756
3cwf__A1_P23545--3cwf__B1_P23545,19,2,0,3,0.2139853238881617,28.734375,False,0.38522664996356065
3cwf__A1_P23545--3cwf__B1_P23545,20,5,2,3,0.2309396586793791,26.140625,True,0.3546462499931819
3d0t__D1_Q91YN9--3d0t__C1_Q91YN9,1,4,0,3,0.2009982890663297,57.25,False,0.6569091418184922
3d0t__D1_Q91YN9--3d0t__C1_Q91YN9,2,4,1,3,0.2008835511836199,56.9375,False,0.6509693653020376
3d0t__D1_Q91YN9--3d0t__C1_Q91YN9,3,4,3,3,0.2018282392018636,56.1875,False,0.6308670418386041
3d0t__D1_Q91YN9--3d0t__C1_Q91YN9,4,4,2,3,0.2006372713048288,55.15625,False,0.6151342470186344
3d0t__D1_Q91YN9--3d0t__C1_Q91YN9,5,5,3,3,0.2016458579720017,51.40625,False,0.5919077100982485
3d0t__D1_Q91YN9--3d0t__C1_Q91YN9,6,5,2,3,0.2016108151583051,50.59375,False,0.575631397830986
3d0t__D1_Q91YN9--3d0t__C1_Q91YN9,7,5,1,3,0.2038062905727905,47.8125,False,0.5555131115115648
3d0t__D1_Q91YN9--3d0t__C1_Q91YN9,8,1,0,3,0.2010179616159652,47.0625,False,0.5463122982561611
3d0t__D1_Q91YN9--3d0t__C1_Q91YN9,9,1,2,3,0.1905487928451267,46.75,False,0.5259487316436574
3d0t__D1_Q91YN9--3d0t__C1_Q91YN9,10,5,0,3,0.7396956498266732,45.78125,True,0.5501754243305998
3d0t__D1_Q91YN9--3d0t__C1_Q91YN9,11,3,0,3,0.2024049984975617,45.1875,False,0.5092229497094055
3d0t__D1_Q91YN9--3d0t__C1_Q91YN9,12,3,2,3,0.2022988433943239,44.5,False,0.4880707599436918
3d0t__D1_Q91YN9--3d0t__C1_Q91YN9,13,3,3,3,0.1994095754056062,43.96875,False,0.4740059971141054
3d0t__D1_Q91YN9--3d0t__C1_Q91YN9,14,3,1,3,0.2017691386364599,42.875,False,0.4573384512653315
3d0t__D1_Q91YN9--3d0t__C1_Q91YN9,15,1,3,3,0.1913845755681202,42.3125,False,0.43290715129508006
3d0t__D1_Q91YN9--3d0t__C1_Q91YN9,16,1,1,3,0.1875756380875355,39.84375,False,0.4243242476894742
3d0t__D1_Q91YN9--3d0t__C1_Q91YN9,17,2,0,3,0.5043712805609315,35.5625,True,0.4059685052763954
3d0t__D1_Q91YN9--3d0t__C1_Q91YN9,18,2,1,3,0.1823726653454475,17.703125,False,0.3848657529813655
3d0t__D1_Q91YN9--3d0t__C1_Q91YN9,19,2,3,3,0.2159320931633798,16.84375,False,0.3351425595656536
3d0t__D1_Q91YN9--3d0t__C1_Q91YN9,20,2,2,3,0.2072617384448308,16.25,False,0.35367352590478235
3d3r__A1_Q8EF93--3d3r__B1_Q8EF93,1,1,3,0,0.408169608079374,69.0,True,0.6060557920714359
3d3r__A1_Q8EF93--3d3r__B1_Q8EF93,2,1,0,0,0.414362391088058,68.875,True,0.6152324179528326
3d3r__A1_Q8EF93--3d3r__B1_Q8EF93,3,1,2,0,0.4076511133142195,67.5625,True,0.5835728390198986
3d3r__A1_Q8EF93--3d3r__B1_Q8EF93,4,2,3,0,0.417583782065243,65.9375,True,0.602253534460102
3d3r__A1_Q8EF93--3d3r__B1_Q8EF93,5,2,2,0,0.4117005982339615,65.8125,True,0.5938945995025559
3d3r__A1_Q8EF93--3d3r__B1_Q8EF93,6,2,1,0,0.4253785369417064,64.875,True,0.5897493727631467
3d3r__A1_Q8EF93--3d3r__B1_Q8EF93,7,1,1,0,0.4104408917811546,64.75,True,0.5453989286381618
3d3r__A1_Q8EF93--3d3r__B1_Q8EF93,8,3,3,0,0.3853085875028831,64.625,True,0.5305563892788263
3d3r__A1_Q8EF93--3d3r__B1_Q8EF93,9,4,3,0,0.3997243510448223,64.625,True,0.5746142013865118
3d3r__A1_Q8EF93--3d3r__B1_Q8EF93,10,3,0,0,0.4018197425099248,64.4375,True,0.5106227817127892
3d3r__A1_Q8EF93--3d3r__B1_Q8EF93,11,4,2,0,0.4041091281616307,64.125,True,0.5162215495833183
3d3r__A1_Q8EF93--3d3r__B1_Q8EF93,12,3,1,0,0.3904123745345718,64.0,True,0.5047816264922673
3d3r__A1_Q8EF93--3d3r__B1_Q8EF93,13,4,0,0,0.4083263021339989,63.65625,True,0.5009856572936946
3d3r__A1_Q8EF93--3d3r__B1_Q8EF93,14,3,2,0,0.3937994040971138,63.5,True,0.4353694026641691
3d3r__A1_Q8EF93--3d3r__B1_Q8EF93,15,4,1,0,0.4043149707018965,63.34375,True,0.4764286966290694
3d3r__A1_Q8EF93--3d3r__B1_Q8EF93,16,5,1,0,0.4052070852164534,62.09375,True,0.4274767537809491
3d3r__A1_Q8EF93--3d3r__B1_Q8EF93,17,5,3,0,0.3950603564963089,61.34375,True,0.43882185800097434
3d3r__A1_Q8EF93--3d3r__B1_Q8EF93,18,5,0,0,0.4039079961337219,60.96875,True,0.38619198495905366
3d3r__A1_Q8EF93--3d3r__B1_Q8EF93,19,5,2,0,0.4085555603333841,60.28125,True,0.36665219169009744
3d3r__A1_Q8EF93--3d3r__B1_Q8EF93,20,2,0,0,0.4459522444751891,51.03125,True,0.35846526227729325
3d8h__B1_Q5CXZ9--3d8h__A1_Q5CXZ9,1,4,1,4,0.7796786247873229,90.125,True,0.6623821967094717
3d8h__B1_Q5CXZ9--3d8h__A1_Q5CXZ9,2,4,2,4,0.734144414136043,89.875,True,0.6585902253362187
3d8h__B1_Q5CXZ9--3d8h__A1_Q5CXZ9,3,4,3,4,0.7459203395523696,89.5625,True,0.6365447287148313
3d8h__B1_Q5CXZ9--3d8h__A1_Q5CXZ9,4,4,0,4,0.7114517282609855,89.375,True,0.6201885602874647
3d8h__B1_Q5CXZ9--3d8h__A1_Q5CXZ9,5,1,1,4,0.7590024852595514,87.5,True,0.6035547566907647
3d8h__B1_Q5CXZ9--3d8h__A1_Q5CXZ9,6,1,0,4,0.8142210494287729,86.25,True,0.5866779669161652
3d8h__B1_Q5CXZ9--3d8h__A1_Q5CXZ9,7,5,1,4,0.7869855174099761,84.4375,True,0.569595065822068
3d8h__B1_Q5CXZ9--3d8h__A1_Q5CXZ9,8,5,2,4,0.7821134747701062,83.4375,True,0.5523448550676545
3d8h__B1_Q5CXZ9--3d8h__A1_Q5CXZ9,9,1,3,4,0.7728672236682907,83.25,True,0.5283519992056015
3d8h__B1_Q5CXZ9--3d8h__A1_Q5CXZ9,10,1,2,4,0.7657165050333518,81.9375,True,0.5143930050742964
3d8h__B1_Q5CXZ9--3d8h__A1_Q5CXZ9,11,3,2,4,0.8077912627693115,81.125,True,0.49759439033788916
3d8h__B1_Q5CXZ9--3d8h__A1_Q5CXZ9,12,5,3,4,0.756176887253671,81.125,True,0.4946513076676683
3d8h__B1_Q5CXZ9--3d8h__A1_Q5CXZ9,13,3,1,4,0.8273635712409888,76.375,True,0.46503227348325143
3d8h__B1_Q5CXZ9--3d8h__A1_Q5CXZ9,14,5,0,4,0.7726598112619785,75.4375,True,0.44765514493234554
3d8h__B1_Q5CXZ9--3d8h__A1_Q5CXZ9,15,2,0,4,0.7386070682877115,65.875,True,0.430404934177932
3d8h__B1_Q5CXZ9--3d8h__A1_Q5CXZ9,16,3,3,4,0.8407829001378956,64.625,True,0.42018034130483495
3d8h__B1_Q5CXZ9--3d8h__A1_Q5CXZ9,17,3,0,4,0.844637436152793,63.21875,True,0.4032159796654576
3d8h__B1_Q5CXZ9--3d8h__A1_Q5CXZ9,18,2,2,4,0.7872613667653251,57.46875,True,0.36699400342315547
3d8h__B1_Q5CXZ9--3d8h__A1_Q5CXZ9,19,2,1,4,0.8227119484301092,51.46875,True,0.37485384676953887
3d8h__B1_Q5CXZ9--3d8h__A1_Q5CXZ9,20,2,3,4,0.8368857127361168,49.59375,True,0.33602843842419217
3dal__A1_O75626--3dal__B2_O75626,1,4,2,2,0.006824591580468,82.875,False,0.6383510490976654
3dal__A1_O75626--3dal__B2_O75626,2,4,1,2,0.0068081957867622,82.75,False,0.6288662199601758
3dal__A1_O75626--3dal__B2_O75626,3,4,0,2,0.0068500811614473,82.5625,False,0.6169247079460863
3dal__A1_O75626--3dal__B2_O75626,4,4,3,2,0.0068484789413019,79.9375,False,0.6005069364098622
3dal__A1_O75626--3dal__B2_O75626,5,2,2,2,0.0068214602721888,78.25,False,0.586460526759568
3dal__A1_O75626--3dal__B2_O75626,6,5,0,2,0.0069642650699368,76.375,False,0.5675085022343942
3dal__A1_O75626--3dal__B2_O75626,7,5,1,2,0.0068249977724242,73.5625,False,0.5523554768794688
3dal__A1_O75626--3dal__B2_O75626,8,2,3,2,0.0067699054053342,72.8125,False,0.5491867598812965
3dal__A1_O75626--3dal__B2_O75626,9,2,0,2,0.0069147222746859,70.9375,False,0.535385221029984
3dal__A1_O75626--3dal__B2_O75626,10,5,3,2,0.0067427481119929,68.4375,False,0.5033660413854958
3dal__A1_O75626--3dal__B2_O75626,11,5,2,2,0.0068307478078154,66.0,False,0.48677621651986597
3dal__A1_O75626--3dal__B2_O75626,12,1,0,2,0.0069815180869368,65.875,False,0.4978517095431967
3dal__A1_O75626--3dal__B2_O75626,13,1,2,2,0.0070644190622977,63.9375,False,0.43752100396076615
3dal__A1_O75626--3dal__B2_O75626,14,3,3,2,0.0067498796246008,63.625,False,0.45011305218506203
3dal__A1_O75626--3dal__B2_O75626,15,3,0,2,0.0068138512716006,63.3125,False,0.4333865197971458
3dal__A1_O75626--3dal__B2_O75626,16,1,1,2,0.0069447308865426,62.5625,False,0.4284204789588643
3dal__A1_O75626--3dal__B2_O75626,17,1,3,2,0.006930692700382,61.5,False,0.42723850293327753
3dal__A1_O75626--3dal__B2_O75626,18,2,1,2,0.0069322683591582,61.4375,False,0.446983016884901
3dal__A1_O75626--3dal__B2_O75626,19,3,1,2,0.0068866070999111,56.375,False,0.3817889747058472
3dal__A1_O75626--3dal__B2_O75626,20,3,2,2,0.0068954840001002,53.25,False,0.37191069877152755
3dsl__A1_O93523--3dsl__B1_O93523,1,2,2,1,0.0100995192020225,47.28125,False,0.6328769214639602
3dsl__A1_O93523--3dsl__B1_O93523,2,2,0,1,0.0100515509330238,45.84375,False,0.6058094415431124
3dsl__A1_O93523--3dsl__B1_O93523,3,2,3,1,0.0105046112684662,42.8125,False,0.5875556944270749
3dsl__A1_O93523--3dsl__B1_O93523,4,3,0,1,0.1751612622594539,35.0625,False,0.6428957121866742
3dsl__A1_O93523--3dsl__B1_O93523,5,3,1,1,0.1983446203759078,34.53125,False,0.6682831345198114
3dsl__A1_O93523--3dsl__B1_O93523,6,3,3,1,0.1936255654209911,31.171875,False,0.6050564886908295
3dsl__A1_O93523--3dsl__B1_O93523,7,4,1,1,0.0165536438011483,22.953125,False,0.5683559916333744
3dsl__A1_O93523--3dsl__B1_O93523,8,5,3,1,0.0176281467537143,22.90625,False,0.49252503178405554
3dsl__A1_O93523--3dsl__B1_O93523,9,5,1,1,0.017358589650594,22.8125,False,0.5054919748023147
3dsl__A1_O93523--3dsl__B1_O93523,10,5,2,1,0.0177821539567539,22.578125,False,0.47068477901711675
3dsl__A1_O93523--3dsl__B1_O93523,11,3,2,1,0.1029432288657276,22.375,False,0.5503563722302359
3dsl__A1_O93523--3dsl__B1_O93523,12,4,2,1,0.0133653070407124,22.328125,False,0.5246779211346841
3dsl__A1_O93523--3dsl__B1_O93523,13,2,1,1,0.0584609623296675,22.21875,False,0.4428304015521066
3dsl__A1_O93523--3dsl__B1_O93523,14,1,2,1,0.0136543272981684,21.796875,False,0.45059915203114304
3dsl__A1_O93523--3dsl__B1_O93523,15,5,0,1,0.017407104949157,21.375,False,0.4050232051793942
3dsl__A1_O93523--3dsl__B1_O93523,16,1,0,1,0.0136230788906868,21.25,False,0.4109549633074908
3dsl__A1_O93523--3dsl__B1_O93523,17,4,3,1,0.017397068602535,21.234375,False,0.43852503987381464
3dsl__A1_O93523--3dsl__B1_O93523,18,4,0,1,0.0158806230045554,21.15625,False,0.45254282573873617
3dsl__A1_O93523--3dsl__B1_O93523,19,1,3,1,0.0166900267277455,20.53125,False,0.33673180738409975
3dsl__A1_O93523--3dsl__B1_O93523,20,1,1,1,0.0160380021307879,20.390625,False,0.3447470141977657
3e0j__G1_P49005--3e0j__H1_Q15054,1,5,3,3,0.8161121430949115,94.375,True,0.6515667458765783
3e0j__G1_P49005--3e0j__H1_Q15054,2,3,2,3,0.8206054900053381,94.375,True,0.6120358465809483
3e0j__G1_P49005--3e0j__H1_Q15054,3,3,0,3,0.8190253395196067,94.3125,True,0.6157800134068057
3e0j__G1_P49005--3e0j__H1_Q15054,4,5,1,3,0.8216819839138537,94.3125,True,0.6160184318374958
3e0j__G1_P49005--3e0j__H1_Q15054,5,3,3,3,0.8274801107969676,94.3125,True,0.6004233099315304
3e0j__G1_P49005--3e0j__H1_Q15054,6,5,2,3,0.7846034449380103,94.25,True,0.6233880446645482
3e0j__G1_P49005--3e0j__H1_Q15054,7,3,1,3,0.8185786611531122,94.25,True,0.554548994837524
3e0j__G1_P49005--3e0j__H1_Q15054,8,5,0,3,0.8050270388789494,94.1875,True,0.5548563678115291
3e0j__G1_P49005--3e0j__H1_Q15054,9,4,2,3,0.8384672857293687,93.8125,True,0.49921228348304775
3e0j__G1_P49005--3e0j__H1_Q15054,10,2,3,3,0.7948726495810986,93.8125,True,0.5094856397408546
3e0j__G1_P49005--3e0j__H1_Q15054,11,4,3,3,0.8470577951683897,93.75,True,0.5411923155825714
3e0j__G1_P49005--3e0j__H1_Q15054,12,4,1,3,0.843458743952968,93.625,True,0.4582795440995944
3e0j__G1_P49005--3e0j__H1_Q15054,13,1,3,3,0.8046136484281773,93.5625,True,0.4636209281406167
3e0j__G1_P49005--3e0j__H1_Q15054,14,2,2,3,0.8058159798448381,93.5625,True,0.435193575623444
3e0j__G1_P49005--3e0j__H1_Q15054,15,1,2,3,0.7985498015453567,93.5625,True,0.43792979979565183
3e0j__G1_P49005--3e0j__H1_Q15054,16,2,1,3,0.8195832782512181,93.5,True,0.4089606768601237
3e0j__G1_P49005--3e0j__H1_Q15054,17,4,0,3,0.8367023148686076,93.5,True,0.3849402390613072
3e0j__G1_P49005--3e0j__H1_Q15054,18,2,0,3,0.8006439963458442,93.5,True,0.3896951518128796
3e0j__G1_P49005--3e0j__H1_Q15054,19,1,0,3,0.8075799602270971,93.5,True,0.43130873051558666
3e0j__G1_P49005--3e0j__H1_Q15054,20,1,1,3,0.8089780304820268,93.1875,True,0.3725153408815368
3e0y__A1_Q74E48--3e0y__B1_Q74E48,1,3,1,4,0.3126453899573803,78.5,True,0.6714181213086698
3e0y__A1_Q74E48--3e0y__B1_Q74E48,2,1,0,4,0.3126451556788562,75.625,True,0.6493857498815584
3e0y__A1_Q74E48--3e0y__B1_Q74E48,3,1,3,4,0.3120852271785016,74.3125,True,0.6365447287148313
3e0y__A1_Q74E48--3e0y__B1_Q74E48,4,1,2,4,0.3138441824034257,72.25,True,0.6201885602874647
3e0y__A1_Q74E48--3e0y__B1_Q74E48,5,5,0,4,0.3131136604264007,61.40625,True,0.6035547566907647
3e0y__A1_Q74E48--3e0y__B1_Q74E48,6,1,1,4,0.3176077948208345,44.8125,True,0.6325342403019877
3e0y__A1_Q74E48--3e0y__B1_Q74E48,7,4,3,4,0.0794705906296777,44.3125,False,0.5084657306832068
3e0y__A1_Q74E48--3e0y__B1_Q74E48,8,3,2,4,0.242244858862166,44.1875,True,0.5590748063067459
3e0y__A1_Q74E48--3e0y__B1_Q74E48,9,3,0,4,0.4114371043127655,41.75,True,0.5582140652203619
3e0y__A1_Q74E48--3e0y__B1_Q74E48,10,4,0,4,0.0793325942621529,41.15625,False,0.4721192020278446
3e0y__A1_Q74E48--3e0y__B1_Q74E48,11,5,2,4,0.282712867745702,39.5,True,0.5295958900573604
3e0y__A1_Q74E48--3e0y__B1_Q74E48,12,3,3,4,0.3746829932449114,39.0625,True,0.5131900202760077
3e0y__A1_Q74E48--3e0y__B1_Q74E48,13,4,2,4,0.0873626277847415,36.34375,False,0.4222832335628045
3e0y__A1_Q74E48--3e0y__B1_Q74E48,14,5,3,4,0.2540221643824702,33.59375,True,0.4450364810549418
3e0y__A1_Q74E48--3e0y__B1_Q74E48,15,4,1,4,0.0925700035547838,30.109375,False,0.44434450686108534
3e0y__A1_Q74E48--3e0y__B1_Q74E48,16,2,3,4,0.1718871940739861,25.203125,False,0.42826155313917086
3e0y__A1_Q74E48--3e0y__B1_Q74E48,17,2,2,4,0.1558497262265351,19.90625,False,0.4038020217881811
3e0y__A1_Q74E48--3e0y__B1_Q74E48,18,2,1,4,0.0076056256675404,17.8125,False,0.3798114397125353
3e0y__A1_Q74E48--3e0y__B1_Q74E48,19,2,0,4,0.067748152534428,17.09375,False,0.34060541788799514
3e0y__A1_Q74E48--3e0y__B1_Q74E48,20,5,1,4,0.0072384411682501,16.421875,False,0.34928091039341297
3e7l__A1_O66551--3e7l__B1_O66551,1,1,1,1,0.9537954583455112,87.875,True,0.6304733364485868
3e7l__A1_O66551--3e7l__B1_O66551,2,1,2,1,0.9511716462206694,87.8125,True,0.6229529158628881
3e7l__A1_O66551--3e7l__B1_O66551,3,1,0,1,0.9504647692283829,87.625,True,0.6024805054671423
3e7l__A1_O66551--3e7l__B1_O66551,4,1,3,1,0.9501909474923264,87.5,True,0.5587089398225346
3e7l__A1_O66551--3e7l__B1_O66551,5,3,2,1,0.9363829116236572,87.5,True,0.5174441712887844
3e7l__A1_O66551--3e7l__B1_O66551,6,4,0,1,0.9304483630407372,87.4375,True,0.524344513692701
3e7l__A1_O66551--3e7l__B1_O66551,7,2,3,1,0.9258595998818752,87.4375,True,0.5709427747739793
3e7l__A1_O66551--3e7l__B1_O66551,8,4,1,1,0.9291982982076352,87.4375,True,0.5413642120407693
3e7l__A1_O66551--3e7l__B1_O66551,9,2,1,1,0.9293205741984212,87.4375,True,0.5615906722160261
3e7l__A1_O66551--3e7l__B1_O66551,10,4,3,1,0.9320591618331432,87.375,True,0.5062090841960664
3e7l__A1_O66551--3e7l__B1_O66551,11,2,0,1,0.9315321962088892,87.3125,True,0.5173375980589582
3e7l__A1_O66551--3e7l__B1_O66551,12,4,2,1,0.924114434389872,87.3125,True,0.47690878115603635
3e7l__A1_O66551--3e7l__B1_O66551,13,2,2,1,0.931514144586814,87.3125,True,0.5179783186411047
3e7l__A1_O66551--3e7l__B1_O66551,14,3,1,1,0.9377200159624528,87.3125,True,0.5073228415572476
3e7l__A1_O66551--3e7l__B1_O66551,15,3,0,1,0.9432644557798048,87.1875,True,0.4574127317878076
3e7l__A1_O66551--3e7l__B1_O66551,16,3,3,1,0.929629876046296,87.125,True,0.44224794655171
3e7l__A1_O66551--3e7l__B1_O66551,17,5,3,1,0.9414644649488754,86.9375,True,0.4162450092335215
3e7l__A1_O66551--3e7l__B1_O66551,18,5,2,1,0.941597922456686,86.8125,True,0.3909279628437104
3e7l__A1_O66551--3e7l__B1_O66551,19,5,1,1,0.940276517612494,86.8125,True,0.39030809406628214
3e7l__A1_O66551--3e7l__B1_O66551,20,5,0,1,0.9402022523743055,86.6875,True,0.3861798824795901
3evi__A1_Q8N4E4--3evi__B1_Q8N4E4,1,2,3,3,0.6600450517552744,82.125,True,0.6614858700232774
3evi__A1_Q8N4E4--3evi__B1_Q8N4E4,2,2,1,3,0.6449662501940526,80.5625,True,0.6463264740952176
3evi__A1_Q8N4E4--3evi__B1_Q8N4E4,3,5,2,3,0.538246727715809,67.0625,True,0.626369232671729
3evi__A1_Q8N4E4--3evi__B1_Q8N4E4,4,2,2,3,0.5955216295995734,66.125,True,0.6196851851884537
3evi__A1_Q8N4E4--3evi__B1_Q8N4E4,5,4,1,3,0.5515471759632685,65.3125,True,0.5991569604251347
3evi__A1_Q8N4E4--3evi__B1_Q8N4E4,6,3,2,3,0.5243690298628094,64.75,True,0.5829660685218538
3evi__A1_Q8N4E4--3evi__B1_Q8N4E4,7,2,0,3,0.5594903185752509,63.96875,True,0.5665942579760616
3evi__A1_Q8N4E4--3evi__B1_Q8N4E4,8,3,3,3,0.5571303693086934,60.65625,True,0.5500757687530435
3evi__A1_Q8N4E4--3evi__B1_Q8N4E4,9,3,0,3,0.5594661172515144,59.84375,True,0.5334461193759366
3evi__A1_Q8N4E4--3evi__B1_Q8N4E4,10,5,1,3,0.5438203398084253,58.6875,True,0.5167418087905921
3evi__A1_Q8N4E4--3evi__B1_Q8N4E4,11,4,2,3,0.5575868254005364,58.0625,True,0.5
3evi__A1_Q8N4E4--3evi__B1_Q8N4E4,12,3,1,3,0.5593683315242153,56.4375,True,0.483258191209408
3evi__A1_Q8N4E4--3evi__B1_Q8N4E4,13,4,3,3,0.5951320996571914,49.5625,True,0.4665538806240635
3evi__A1_Q8N4E4--3evi__B1_Q8N4E4,14,4,0,3,0.5695134774370572,43.8125,True,0.44992423124695646
3evi__A1_Q8N4E4--3evi__B1_Q8N4E4,15,1,3,3,0.0103596189432512,24.015625,False,0.4378969736776898
3evi__A1_Q8N4E4--3evi__B1_Q8N4E4,16,1,2,3,0.0102339728339046,23.96875,False,0.4272268014559476
3evi__A1_Q8N4E4--3evi__B1_Q8N4E4,17,1,1,3,0.0103473481021279,23.203125,False,0.3980221107350388
3evi__A1_Q8N4E4--3evi__B1_Q8N4E4,18,1,0,3,0.010171802829307,22.5,False,0.37854724804842443
3evi__A1_Q8N4E4--3evi__B1_Q8N4E4,19,5,0,3,0.0558167388649202,21.453125,False,0.3728695283974843
3evi__A1_Q8N4E4--3evi__B1_Q8N4E4,20,5,3,3,0.0536980168301477,19.59375,False,0.34514156972773324
3ezu__A1_Q74FR4--3ezu__A2_Q74FR4,1,5,2,2,0.023958157374606,60.71875,False,0.6237752771003465
3ezu__A1_Q74FR4--3ezu__A2_Q74FR4,2,2,0,2,0.0204043177908984,60.5625,False,0.5716067338159379
3ezu__A1_Q74FR4--3ezu__A2_Q74FR4,3,4,3,2,0.0205429111574598,60.25,False,0.5860490075600231
3ezu__A1_Q74FR4--3ezu__A2_Q74FR4,4,2,2,2,0.0194149929267517,60.03125,False,0.6289912473547897
3ezu__A1_Q74FR4--3ezu__A2_Q74FR4,5,3,1,2,0.0226090945683597,59.875,False,0.6124539873938922
3ezu__A1_Q74FR4--3ezu__A2_Q74FR4,6,3,2,2,0.0225051979683113,59.59375,False,0.5860891198340492
3ezu__A1_Q74FR4--3ezu__A2_Q74FR4,7,3,0,2,0.0264837064291417,59.53125,False,0.534114516562128
3ezu__A1_Q74FR4--3ezu__A2_Q74FR4,8,5,1,2,0.0189937484273872,59.4375,False,0.5415376274401602
3ezu__A1_Q74FR4--3ezu__A2_Q74FR4,9,4,0,2,0.0200147879450383,59.40625,False,0.45609309064953435
3ezu__A1_Q74FR4--3ezu__A2_Q74FR4,10,5,3,2,0.0185772692755358,59.3125,False,0.5606085960214829
3ezu__A1_Q74FR4--3ezu__A2_Q74FR4,11,3,3,2,0.0255228616036807,59.125,False,0.4559814257759761
3ezu__A1_Q74FR4--3ezu__A2_Q74FR4,12,5,0,2,0.0233162126913467,59.09375,False,0.5052115941889449
3ezu__A1_Q74FR4--3ezu__A2_Q74FR4,13,2,3,2,0.0207290983909459,59.0625,False,0.4193033344875108
3ezu__A1_Q74FR4--3ezu__A2_Q74FR4,14,2,1,2,0.0281836516544579,59.0,False,0.4994046139103784
3ezu__A1_Q74FR4--3ezu__A2_Q74FR4,15,1,0,2,0.0205100043698953,58.65625,False,0.47307408576701654
3ezu__A1_Q74FR4--3ezu__A2_Q74FR4,16,4,2,2,0.030814810391238,58.5,False,0.40883966045296544
3ezu__A1_Q74FR4--3ezu__A2_Q74FR4,17,4,1,2,0.0467059450024693,58.28125,False,0.4141273705233836
3ezu__A1_Q74FR4--3ezu__A2_Q74FR4,18,1,2,2,0.0189561025995311,57.625,False,0.4475386406455955
3ezu__A1_Q74FR4--3ezu__A2_Q74FR4,19,1,1,2,0.0412797709364268,57.375,False,0.411513862552821
3ezu__A1_Q74FR4--3ezu__A2_Q74FR4,20,1,3,2,0.0185359011218535,55.28125,False,0.40420100076191545
3f2u__A1_P83916--3f2u__A2_P83916,1,1,2,2,0.0414083138462204,45.375,False,0.6415858834017127
3f2u__A1_P83916--3f2u__A2_P83916,2,1,0,2,0.0415804254062011,42.25,False,0.6264809379697647
3f2u__A1_P83916--3f2u__A2_P83916,3,1,1,2,0.0407552433330606,41.375,False,0.6113595772629636
3f2u__A1_P83916--3f2u__A2_P83916,4,1,3,2,0.0412486664375579,39.625,False,0.59877650721129
3f2u__A1_P83916--3f2u__A2_P83916,5,3,1,2,0.7291523003221924,37.59375,True,0.5754540172784235
3f2u__A1_P83916--3f2u__A2_P83916,6,3,0,2,0.6953067624853664,37.25,True,0.55578433051161
3f2u__A1_P83916--3f2u__A2_P83916,7,3,2,2,0.7450044067174125,37.125,True,0.5672068361543515
3f2u__A1_P83916--3f2u__A2_P83916,8,3,3,2,0.7029636119094308,35.46875,True,0.5376984702460982
3f2u__A1_P83916--3f2u__A2_P83916,9,4,1,2,0.5956287190010531,35.125,True,0.5601113184594404
3f2u__A1_P83916--3f2u__A2_P83916,10,4,0,2,0.6081662063858352,33.03125,True,0.5121247310077284
3f2u__A1_P83916--3f2u__A2_P83916,11,4,3,2,0.6281484649760247,30.875,True,0.5013089381025679
3f2u__A1_P83916--3f2u__A2_P83916,12,5,3,2,0.6590555980965837,28.046875,True,0.4845452847208626
3f2u__A1_P83916--3f2u__A2_P83916,13,5,2,2,0.61668881699732,27.765625,True,0.4729373646625843
3f2u__A1_P83916--3f2u__A2_P83916,14,5,0,2,0.5708758647403557,21.125,True,0.46558165421044667
3f2u__A1_P83916--3f2u__A2_P83916,15,5,1,2,0.5478798525090305,21.0,True,0.4496685376739966
3f2u__A1_P83916--3f2u__A2_P83916,16,4,2,2,0.6801284737746031,18.984375,True,0.38549547486101643
3f2u__A1_P83916--3f2u__A2_P83916,17,2,2,2,0.04656885247449,17.0,False,0.42814983572573473
3f2u__A1_P83916--3f2u__A2_P83916,18,2,0,2,0.0477425588727669,16.765625,False,0.4062721090331509
3f2u__A1_P83916--3f2u__A2_P83916,19,2,3,2,0.0502643419793227,15.09375,False,0.391683486954622
3f2u__A1_P83916--3f2u__A2_P83916,20,2,1,2,0.0479113096548227,14.3203125,False,0.3704619817157948
3f6t__B1_Q5FIG7--3f6t__A1_Q5FIG7,1,1,1,2,0.4862245037733374,93.8125,True,0.6310759795411709
3f6t__B1_Q5FIG7--3f6t__A1_Q5FIG7,2,1,3,2,0.4857510394392889,93.6875,True,0.6051233631774248
3f6t__B1_Q5FIG7--3f6t__A1_Q5FIG7,3,1,0,2,0.4978880019033423,93.5,True,0.6082158256532237
3f6t__B1_Q5FIG7--3f6t__A1_Q5FIG7,4,5,0,2,0.4960251578440546,93.4375,True,0.6082340285211763
3f6t__B1_Q5FIG7--3f6t__A1_Q5FIG7,5,5,3,2,0.4960875810289864,93.375,True,0.593259357063391
3f6t__B1_Q5FIG7--3f6t__A1_Q5FIG7,6,2,0,2,0.4779108072751554,93.3125,True,0.5597910874243206
3f6t__B1_Q5FIG7--3f6t__A1_Q5FIG7,7,3,0,2,0.4952538880261177,93.25,True,0.5329546280052255
3f6t__B1_Q5FIG7--3f6t__A1_Q5FIG7,8,5,1,2,0.4984859148606076,93.25,True,0.5716169330416436
3f6t__B1_Q5FIG7--3f6t__A1_Q5FIG7,9,3,1,2,0.4869713263027996,93.125,True,0.5117435465698993
3f6t__B1_Q5FIG7--3f6t__A1_Q5FIG7,10,5,2,2,0.4940961131507215,93.0625,True,0.5253798644442659
3f6t__B1_Q5FIG7--3f6t__A1_Q5FIG7,11,4,3,2,0.4947974154854996,93.0625,True,0.5143164235212688
3f6t__B1_Q5FIG7--3f6t__A1_Q5FIG7,12,2,2,2,0.4809329771341676,92.875,True,0.4428066503214999
3f6t__B1_Q5FIG7--3f6t__A1_Q5FIG7,13,1,2,2,0.5016241779481455,92.875,True,0.4639509917817597
3f6t__B1_Q5FIG7--3f6t__A1_Q5FIG7,14,4,1,2,0.4960941316550185,92.75,True,0.44201753478447603
3f6t__B1_Q5FIG7--3f6t__A1_Q5FIG7,15,4,2,2,0.4984547646167299,92.6875,True,0.4487607942223509
3f6t__B1_Q5FIG7--3f6t__A1_Q5FIG7,16,3,2,2,0.4903932760182499,92.6875,True,0.41852149436043806
3f6t__B1_Q5FIG7--3f6t__A1_Q5FIG7,17,3,3,2,0.4942758785191157,92.625,True,0.4382037891657148
3f6t__B1_Q5FIG7--3f6t__A1_Q5FIG7,18,4,0,2,0.4925074348862825,92.5,True,0.40033134292260053
3f6t__B1_Q5FIG7--3f6t__A1_Q5FIG7,19,2,1,2,0.4942241836857233,92.3125,True,0.4159616095686651
3f6t__B1_Q5FIG7--3f6t__A1_Q5FIG7,20,2,3,2,0.489110931320084,92.125,True,0.4081509255346972
3f7c__A1_A1TZ69--3f7c__A2_A1TZ69,1,3,2,4,0.0557675937168912,70.4375,False,0.6686629844017558
3f7c__A1_A1TZ69--3f7c__A2_A1TZ69,2,4,2,4,0.3011404892396749,66.5625,True,0.6503143440038522
3f7c__A1_A1TZ69--3f7c__A2_A1TZ69,3,3,3,4,0.3033321458640163,65.125,True,0.6253961175406314
3f7c__A1_A1TZ69--3f7c__A2_A1TZ69,4,4,1,4,0.3010170857365126,62.09375,True,0.6068487840140793
3f7c__A1_A1TZ69--3f7c__A2_A1TZ69,5,2,0,4,0.2174000901753026,52.875,False,0.46447637541685155
3f7c__A1_A1TZ69--3f7c__A2_A1TZ69,6,1,3,4,0.2294514915412587,51.6875,False,0.48598965668129485
3f7c__A1_A1TZ69--3f7c__A2_A1TZ69,7,1,2,4,0.2311034725226546,51.46875,True,0.468515249922206
3f7c__A1_A1TZ69--3f7c__A2_A1TZ69,8,2,3,4,0.2241436906993474,50.96875,False,0.5025049569996757
3f7c__A1_A1TZ69--3f7c__A2_A1TZ69,9,1,0,4,0.2284488650289784,49.15625,False,0.44097628781001746
3f7c__A1_A1TZ69--3f7c__A2_A1TZ69,10,1,1,4,0.2330836132743575,48.96875,True,0.415727812489667
3f7c__A1_A1TZ69--3f7c__A2_A1TZ69,11,3,0,4,0.0582473281609733,43.4375,False,0.610664558961905
3f7c__A1_A1TZ69--3f7c__A2_A1TZ69,12,3,1,4,0.0592239343457107,41.09375,False,0.5664864433631192
3f7c__A1_A1TZ69--3f7c__A2_A1TZ69,13,4,3,4,0.0533313988149059,29.875,False,0.5202868138878051
3f7c__A1_A1TZ69--3f7c__A2_A1TZ69,14,4,0,4,0.0399288400758998,28.40625,False,0.5667472311173302
3f7c__A1_A1TZ69--3f7c__A2_A1TZ69,15,5,0,4,0.0303365440647463,25.4375,False,0.5286565248830369
3f7c__A1_A1TZ69--3f7c__A2_A1TZ69,16,5,2,4,0.0340204328771896,24.140625,False,0.3441848903678864
3f7c__A1_A1TZ69--3f7c__A2_A1TZ69,17,2,2,4,0.0336160473747702,23.59375,False,0.5137221272379882
3f7c__A1_A1TZ69--3f7c__A2_A1TZ69,18,5,1,4,0.0379853819576383,23.328125,False,0.3529027603536349
3f7c__A1_A1TZ69--3f7c__A2_A1TZ69,19,5,3,4,0.0327138106036742,22.875,False,0.3668113314404882
3f7c__A1_A1TZ69--3f7c__A2_A1TZ69,20,2,1,4,0.0756355450069133,22.578125,False,0.4708318171952008
3f8u__A1_P30101--3f8u__B1_O15533,1,4,0,3,0.4296435508995711,68.8125,True,0.6528046337457452
3f8u__A1_P30101--3f8u__B1_O15533,2,4,2,3,0.4082941221564298,66.4375,True,0.6463264740952176
3f8u__A1_P30101--3f8u__B1_O15533,3,4,3,3,0.3749122788757635,65.75,True,0.639794136984474
3f8u__A1_P30101--3f8u__B1_O15533,4,3,0,3,0.2138776858954349,61.65625,False,0.5971291649920323
3f8u__A1_P30101--3f8u__B1_O15533,5,4,1,3,0.5161260485130187,61.59375,True,0.6079848929046487
3f8u__A1_P30101--3f8u__B1_O15533,6,1,2,3,0.5389972167489261,52.3125,True,0.5777351696213587
3f8u__A1_P30101--3f8u__B1_O15533,7,3,2,3,0.0096684640919302,45.78125,False,0.5812678304652
3f8u__A1_P30101--3f8u__B1_O15533,8,3,1,3,0.0089043039461057,30.46875,False,0.572255168863831
3f8u__A1_P30101--3f8u__B1_O15533,9,1,0,3,0.0086170955052102,26.265625,False,0.5496902351589678
3f8u__A1_P30101--3f8u__B1_O15533,10,1,1,3,0.0102366896115572,25.90625,False,0.5239653407539331
3f8u__A1_P30101--3f8u__B1_O15533,11,3,3,3,0.0076313038453491,23.953125,False,0.49088879765993654
3f8u__A1_P30101--3f8u__B1_O15533,12,2,3,3,0.0572766753869947,23.109375,False,0.41833811181067254
3f8u__A1_P30101--3f8u__B1_O15533,13,5,0,3,0.0073211329743816,22.09375,False,0.46914421823679114
3f8u__A1_P30101--3f8u__B1_O15533,14,2,0,3,0.0512843598271248,21.953125,False,0.4369457464582193
3f8u__A1_P30101--3f8u__B1_O15533,15,2,2,3,0.0382072139876046,21.875,False,0.39162074668823016
3f8u__A1_P30101--3f8u__B1_O15533,16,1,3,3,0.0093419434044422,21.734375,False,0.39795287985863237
3f8u__A1_P30101--3f8u__B1_O15533,17,5,1,3,0.0070826254408861,21.640625,False,0.4344864537211485
3f8u__A1_P30101--3f8u__B1_O15533,18,2,1,3,0.0790812429065468,21.625,False,0.372603715768914
3f8u__A1_P30101--3f8u__B1_O15533,19,5,3,3,0.00779026017755,21.546875,False,0.40485227207381735
3f8u__A1_P30101--3f8u__B1_O15533,20,5,2,3,0.0176279374481974,21.3125,False,0.3937707606378827
3ffm__A1_O95257--3ffm__A2_O95257,1,1,1,1,0.0388523219252019,65.4375,False,0.6284279924236578
3ffm__A1_O95257--3ffm__A2_O95257,2,1,3,1,0.0267016052770403,64.6875,False,0.6106418153866335
3ffm__A1_O95257--3ffm__A2_O95257,3,1,0,1,0.0265075802381057,61.125,False,0.5971593623889115
3ffm__A1_O95257--3ffm__A2_O95257,4,1,2,1,0.027400455076342,53.28125,False,0.5888289521929015
3ffm__A1_O95257--3ffm__A2_O95257,5,5,1,1,0.0576224140363094,45.6875,False,0.5986972417070411
3ffm__A1_O95257--3ffm__A2_O95257,6,5,2,1,0.0551409805797876,44.40625,False,0.5828799204323666
3ffm__A1_O95257--3ffm__A2_O95257,7,5,0,1,0.0573347188527374,39.78125,False,0.5742274682355802
3ffm__A1_O95257--3ffm__A2_O95257,8,3,1,1,0.0401892629471433,38.375,False,0.5533740738187619
3ffm__A1_O95257--3ffm__A2_O95257,9,4,3,1,0.0815626299291836,34.84375,False,0.5329112962654801
3ffm__A1_O95257--3ffm__A2_O95257,10,4,0,1,0.0944168947587298,34.0625,False,0.503273505706475
3ffm__A1_O95257--3ffm__A2_O95257,11,5,3,1,0.054448510052092,33.90625,False,0.48211181134021436
3ffm__A1_O95257--3ffm__A2_O95257,12,4,2,1,0.0784168094488179,33.46875,False,0.48823493519075223
3ffm__A1_O95257--3ffm__A2_O95257,13,4,1,1,0.0811746170408641,32.65625,False,0.4680948829978985
3ffm__A1_O95257--3ffm__A2_O95257,14,3,2,1,0.0624700150941338,32.21875,False,0.4658747979955488
3ffm__A1_O95257--3ffm__A2_O95257,15,3,0,1,0.039853871303537,31.796875,False,0.4508295203658206
3ffm__A1_O95257--3ffm__A2_O95257,16,3,3,1,0.0606441147663303,26.90625,False,0.4381555108858358
3ffm__A1_O95257--3ffm__A2_O95257,17,2,3,1,0.0783998571203815,25.75,False,0.4102795229798414
3ffm__A1_O95257--3ffm__A2_O95257,18,2,0,1,0.1023314014974614,25.359375,False,0.40710023326610084
3ffm__A1_O95257--3ffm__A2_O95257,19,2,1,1,0.0804782905247599,23.078125,False,0.3856766654147453
3ffm__A1_O95257--3ffm__A2_O95257,20,2,2,1,0.086216191148683,23.046875,False,0.37187957176734926
3fkq__A1_D0VX10--3fkq__A2_D0VX10,1,3,3,4,0.4764608817313696,63.78125,True,0.668298189550973
3fkq__A1_D0VX10--3fkq__A2_D0VX10,2,3,1,4,0.4818272005418482,63.40625,True,0.6206502394153189
3fkq__A1_D0VX10--3fkq__A2_D0VX10,3,3,0,4,0.465153695574116,63.34375,True,0.6228390295755231
3fkq__A1_D0VX10--3fkq__A2_D0VX10,4,4,2,4,0.4316932964363678,63.34375,True,0.6342262412221794
3fkq__A1_D0VX10--3fkq__A2_D0VX10,5,3,2,4,0.4675324377446949,63.28125,True,0.6184505462093018
3fkq__A1_D0VX10--3fkq__A2_D0VX10,6,2,1,4,0.4386023308549176,62.4375,True,0.5656500186827086
3fkq__A1_D0VX10--3fkq__A2_D0VX10,7,2,2,4,0.4533092680571999,62.4375,True,0.5523564955686873
3fkq__A1_D0VX10--3fkq__A2_D0VX10,8,4,0,4,0.4601487841747643,62.1875,True,0.5673420950524228
3fkq__A1_D0VX10--3fkq__A2_D0VX10,9,5,3,4,0.4566763491861829,62.15625,True,0.5139180344483922
3fkq__A1_D0VX10--3fkq__A2_D0VX10,10,4,3,4,0.4339775200284968,62.09375,True,0.5248605319285999
3fkq__A1_D0VX10--3fkq__A2_D0VX10,11,5,1,4,0.4418055863695194,61.8125,True,0.519266989865306
3fkq__A1_D0VX10--3fkq__A2_D0VX10,12,5,2,4,0.4306859412017263,61.71875,True,0.48464239108095697
3fkq__A1_D0VX10--3fkq__A2_D0VX10,13,4,1,4,0.4330568003947081,61.5625,True,0.46675008466528833
3fkq__A1_D0VX10--3fkq__A2_D0VX10,14,5,0,4,0.4311092199891551,61.5,True,0.4779978502093832
3fkq__A1_D0VX10--3fkq__A2_D0VX10,15,2,3,4,0.4146071596503746,60.90625,True,0.44266536959103764
3fkq__A1_D0VX10--3fkq__A2_D0VX10,16,2,0,4,0.4398217190684223,60.84375,True,0.4036237528676367
3fkq__A1_D0VX10--3fkq__A2_D0VX10,17,1,1,4,0.4654041134057818,58.71875,True,0.3964452433092353
3fkq__A1_D0VX10--3fkq__A2_D0VX10,18,1,0,4,0.4411518450270817,57.65625,True,0.3870574967416039
3fkq__A1_D0VX10--3fkq__A2_D0VX10,19,1,2,4,0.4479189313874391,57.34375,True,0.368494375688334
3fkq__A1_D0VX10--3fkq__A2_D0VX10,20,1,3,4,0.3866090774798924,57.34375,True,0.33563307620908944
3fn7__A1_Q99ZN4--3fn7__A2_Q99ZN4,1,3,2,4,0.3596853743364232,45.90625,True,0.6623821967094717
3fn7__A1_Q99ZN4--3fn7__A2_Q99ZN4,2,3,1,4,0.3415067258460735,45.40625,True,0.6343069719068511
3fn7__A1_Q99ZN4--3fn7__A2_Q99ZN4,3,3,3,4,0.3394283495318403,44.6875,True,0.6367351221815581
3fn7__A1_Q99ZN4--3fn7__A2_Q99ZN4,4,3,0,4,0.3620243207739573,44.03125,True,0.6042250588485585
3fn7__A1_Q99ZN4--3fn7__A2_Q99ZN4,5,2,1,4,0.2546991311611358,39.03125,True,0.646667448560741
3fn7__A1_Q99ZN4--3fn7__A2_Q99ZN4,6,2,2,4,0.2376721081546467,38.46875,True,0.6127763232261079
3fn7__A1_Q99ZN4--3fn7__A2_Q99ZN4,7,5,0,4,0.059553863534844,36.09375,False,0.48914958149341825
3fn7__A1_Q99ZN4--3fn7__A2_Q99ZN4,8,5,2,4,0.2271811660532414,35.4375,False,0.5057252791309534
3fn7__A1_Q99ZN4--3fn7__A2_Q99ZN4,9,5,3,4,0.3141338488142753,33.6875,True,0.48175470240658863
3fn7__A1_Q99ZN4--3fn7__A2_Q99ZN4,10,2,0,4,0.2005528080148026,33.40625,False,0.595157882751422
3fn7__A1_Q99ZN4--3fn7__A2_Q99ZN4,11,5,1,4,0.2968177473155555,32.90625,True,0.4481180771522489
3fn7__A1_Q99ZN4--3fn7__A2_Q99ZN4,12,2,3,4,0.3058639803905652,31.046875,True,0.49321135127015453
3fn7__A1_Q99ZN4--3fn7__A2_Q99ZN4,13,1,3,4,0.2740788870084799,29.796875,True,0.5456108465977364
3fn7__A1_Q99ZN4--3fn7__A2_Q99ZN4,14,1,1,4,0.2312849188342287,28.046875,True,0.4960004003177934
3fn7__A1_Q99ZN4--3fn7__A2_Q99ZN4,15,1,2,4,0.2343478041479002,26.859375,True,0.46424385572691734
3fn7__A1_Q99ZN4--3fn7__A2_Q99ZN4,16,1,0,4,0.2635128586099917,25.125,True,0.4393083129076244
3fn7__A1_Q99ZN4--3fn7__A2_Q99ZN4,17,4,2,4,0.0179744624277331,21.84375,False,0.35662428665478196
3fn7__A1_Q99ZN4--3fn7__A2_Q99ZN4,18,4,1,4,0.0183143359055912,21.8125,False,0.35934227579829536
3fn7__A1_Q99ZN4--3fn7__A2_Q99ZN4,19,4,0,4,0.015085985000106,21.8125,False,0.38067494053577716
3fn7__A1_Q99ZN4--3fn7__A2_Q99ZN4,20,4,3,4,0.0194667565892337,20.5,False,0.32015680308183175
3fx0__B1_Q9Y6K9--3fx0__A1_Q9Y6K9,1,5,0,2,0.7096777121268296,73.0625,True,0.6415858834017127
3fx0__B1_Q9Y6K9--3fx0__A1_Q9Y6K9,2,5,1,2,0.7107037939086173,72.875,True,0.6261843710424736
3fx0__B1_Q9Y6K9--3fx0__A1_Q9Y6K9,3,5,2,2,0.7124874259336061,72.875,True,0.6070864934774033
3fx0__B1_Q9Y6K9--3fx0__A1_Q9Y6K9,4,5,3,2,0.7161961205796032,72.75,True,0.6005069364098622
3fx0__B1_Q9Y6K9--3fx0__A1_Q9Y6K9,5,1,1,2,0.7275872437237213,72.625,True,0.5762039235282216
3fx0__B1_Q9Y6K9--3fx0__A1_Q9Y6K9,6,1,0,2,0.723569856291341,72.5625,True,0.5714701135557517
3fx0__B1_Q9Y6K9--3fx0__A1_Q9Y6K9,7,1,3,2,0.7313862039031975,71.875,True,0.547545522114759
3fx0__B1_Q9Y6K9--3fx0__A1_Q9Y6K9,8,1,2,2,0.7259867570153222,71.5625,True,0.5354755691893612
3fx0__B1_Q9Y6K9--3fx0__A1_Q9Y6K9,9,2,0,2,0.7278361822967209,70.75,True,0.5257002551422328
3fx0__B1_Q9Y6K9--3fx0__A1_Q9Y6K9,10,4,1,2,0.7155476004000496,70.625,True,0.5127515884251255
3fx0__B1_Q9Y6K9--3fx0__A1_Q9Y6K9,11,4,0,2,0.7111333557243512,70.625,True,0.5181216325181033
3fx0__B1_Q9Y6K9--3fx0__A1_Q9Y6K9,12,2,2,2,0.7278621997324715,69.875,True,0.5018731707772925
3fx0__B1_Q9Y6K9--3fx0__A1_Q9Y6K9,13,2,3,2,0.7277875894618662,69.8125,True,0.47810775013281986
3fx0__B1_Q9Y6K9--3fx0__A1_Q9Y6K9,14,2,1,2,0.7304889134458397,69.5625,True,0.4514606432399989
3fx0__B1_Q9Y6K9--3fx0__A1_Q9Y6K9,15,4,2,2,0.7118198145322071,69.4375,True,0.44532661429309744
3fx0__B1_Q9Y6K9--3fx0__A1_Q9Y6K9,16,4,3,2,0.7173207772627567,69.1875,True,0.4324914977656058
3fx0__B1_Q9Y6K9--3fx0__A1_Q9Y6K9,17,3,0,2,0.7000482460692817,67.375,True,0.41353947324043216
3fx0__B1_Q9Y6K9--3fx0__A1_Q9Y6K9,18,3,1,2,0.6978953189294987,66.5625,True,0.39949306359013786
3fx0__B1_Q9Y6K9--3fx0__A1_Q9Y6K9,19,3,3,2,0.6945267416804187,66.25,True,0.385610052327086
3fx0__B1_Q9Y6K9--3fx0__A1_Q9Y6K9,20,3,2,2,0.6970885958781997,66.125,True,0.37191069877152755
3gb8__A1_O14980--3gb8__B1_O95149,1,3,1,2,0.7200700079007746,86.125,True,0.6415858834017127
3gb8__A1_O14980--3gb8__B1_O95149,2,5,0,2,0.4238226279451398,78.75,True,0.6862330654669189
3gb8__A1_O14980--3gb8__B1_O95149,3,5,1,2,0.1774677180791114,73.9375,False,0.5757833508118108
3gb8__A1_O14980--3gb8__B1_O95149,4,1,3,2,0.6475330878618707,73.125,True,0.6735327997748046
3gb8__A1_O14980--3gb8__B1_O95149,5,5,2,2,0.1985571424682887,71.125,False,0.4776688236946348
3gb8__A1_O14980--3gb8__B1_O95149,6,1,2,2,0.5172077611006283,70.4375,True,0.5880897504318039
3gb8__A1_O14980--3gb8__B1_O95149,7,5,3,2,0.191564747785924,69.8125,False,0.48127967763075213
3gb8__A1_O14980--3gb8__B1_O95149,8,1,1,2,0.5362302326935694,69.25,True,0.5895837402696712
3gb8__A1_O14980--3gb8__B1_O95149,9,4,1,2,0.1996237339144581,69.125,False,0.5079033002957438
3gb8__A1_O14980--3gb8__B1_O95149,10,3,2,2,0.3745727047123584,68.8125,True,0.5218865319173474
3gb8__A1_O14980--3gb8__B1_O95149,11,1,0,2,0.4168760318873737,68.5625,True,0.5501435773702859
3gb8__A1_O14980--3gb8__B1_O95149,12,4,2,2,0.5897970990341389,68.0,True,0.5108691535431533
3gb8__A1_O14980--3gb8__B1_O95149,13,3,0,2,0.2248035122569495,67.5625,False,0.534058368879205
3gb8__A1_O14980--3gb8__B1_O95149,14,4,3,2,0.2561542408376407,66.75,True,0.4099414091908168
3gb8__A1_O14980--3gb8__B1_O95149,15,4,0,2,0.1809092384512746,66.375,False,0.3636962786102312
3gb8__A1_O14980--3gb8__B1_O95149,16,3,3,2,0.1691043320740309,64.1875,False,0.43436837802600603
3gb8__A1_O14980--3gb8__B1_O95149,17,2,3,2,0.1730520772041102,63.625,False,0.4120554931051253
3gb8__A1_O14980--3gb8__B1_O95149,18,2,2,2,0.1645206005137779,62.96875,False,0.3765262245186808
3gb8__A1_O14980--3gb8__B1_O95149,19,2,0,2,0.4050848760975052,61.65625,True,0.42575972730248
3gb8__A1_O14980--3gb8__B1_O95149,20,2,1,2,0.1630029238004008,60.875,False,0.37282981089753253
3h8i__A1_Q7ZAG8--3h8i__B1_Q7ZAG8,1,1,0,1,0.0326334465885248,44.0,False,0.6461982656034377
3h8i__A1_Q7ZAG8--3h8i__B1_Q7ZAG8,2,4,0,1,0.0340335017767116,43.4375,False,0.6589234928249557
3h8i__A1_Q7ZAG8--3h8i__B1_Q7ZAG8,3,4,3,1,0.0336258708644445,41.96875,False,0.5995603090188035
3h8i__A1_Q7ZAG8--3h8i__B1_Q7ZAG8,4,1,3,1,0.0212075054992453,40.875,False,0.5962446648472901
3h8i__A1_Q7ZAG8--3h8i__B1_Q7ZAG8,5,4,2,1,0.0392260985073691,39.6875,False,0.5643102725581564
3h8i__A1_Q7ZAG8--3h8i__B1_Q7ZAG8,6,3,1,1,0.128010889253257,39.59375,False,0.5939592922460586
3h8i__A1_Q7ZAG8--3h8i__B1_Q7ZAG8,7,1,2,1,0.0687740264506918,37.5,False,0.5499233552826882
3h8i__A1_Q7ZAG8--3h8i__B1_Q7ZAG8,8,5,3,1,0.0859841553724081,35.375,False,0.5324363163942655
3h8i__A1_Q7ZAG8--3h8i__B1_Q7ZAG8,9,4,1,1,0.044181332129562,34.59375,False,0.5079661735395405
3h8i__A1_Q7ZAG8--3h8i__B1_Q7ZAG8,10,2,2,1,0.0865224087016895,33.375,False,0.5541464618145202
3h8i__A1_Q7ZAG8--3h8i__B1_Q7ZAG8,11,3,3,1,0.085128518638546,33.28125,False,0.5163899197493041
3h8i__A1_Q7ZAG8--3h8i__B1_Q7ZAG8,12,3,0,1,0.2635506583469735,32.96875,True,0.4674212016203431
3h8i__A1_Q7ZAG8--3h8i__B1_Q7ZAG8,13,2,1,1,0.1036489919103302,32.90625,False,0.5213618649855362
3h8i__A1_Q7ZAG8--3h8i__B1_Q7ZAG8,14,2,3,1,0.1704660383576665,31.140625,False,0.4673818406567399
3h8i__A1_Q7ZAG8--3h8i__B1_Q7ZAG8,15,5,0,1,0.0998094932760853,30.921875,False,0.4004182395029471
3h8i__A1_Q7ZAG8--3h8i__B1_Q7ZAG8,16,5,2,1,0.0934462208417394,30.890625,False,0.4229339882925093
3h8i__A1_Q7ZAG8--3h8i__B1_Q7ZAG8,17,3,2,1,0.2755170095943864,30.671875,True,0.4223763140031989
3h8i__A1_Q7ZAG8--3h8i__B1_Q7ZAG8,18,2,0,1,0.0924840618584514,30.640625,False,0.38668493767704215
3h8i__A1_Q7ZAG8--3h8i__B1_Q7ZAG8,19,1,1,1,0.0292677863057711,29.9375,False,0.3670257835222236
3h8i__A1_Q7ZAG8--3h8i__B1_Q7ZAG8,20,5,1,1,0.0972632940365511,29.5,False,0.3622846454805587
3hkl__B1_Q62838--3hkl__A1_Q62838,1,4,2,3,0.008204245910455,50.0625,False,0.6648395459407196
3hkl__B1_Q62838--3hkl__A1_Q62838,2,1,3,3,0.0379889438721098,40.4375,False,0.6339927627566678
3hkl__B1_Q62838--3hkl__A1_Q62838,3,3,1,3,0.0085879773176011,34.625,False,0.6378057155972994
3hkl__B1_Q62838--3hkl__A1_Q62838,4,3,2,3,0.0084859578050642,34.34375,False,0.617172426189885
3hkl__B1_Q62838--3hkl__A1_Q62838,5,1,2,3,0.0434467711652029,31.765625,False,0.59784194971534
3hkl__B1_Q62838--3hkl__A1_Q62838,6,1,1,3,0.0394597137747814,31.203125,False,0.5877625648163726
3hkl__B1_Q62838--3hkl__A1_Q62838,7,5,1,3,0.0084806585910445,28.078125,False,0.568681696906478
3hkl__B1_Q62838--3hkl__A1_Q62838,8,5,2,3,0.0084033130682995,26.828125,False,0.5521798854995531
3hkl__B1_Q62838--3hkl__A1_Q62838,9,3,3,3,0.0086468082591915,25.9375,False,0.5437193903553909
3hkl__B1_Q62838--3hkl__A1_Q62838,10,4,3,3,0.0093917804904675,25.296875,False,0.520431236550265
3hkl__B1_Q62838--3hkl__A1_Q62838,11,1,0,3,0.0370985324495078,25.1875,False,0.44870042117893194
3hkl__B1_Q62838--3hkl__A1_Q62838,12,5,3,3,0.0090951649084438,25.03125,False,0.4786147119367477
3hkl__B1_Q62838--3hkl__A1_Q62838,13,3,0,3,0.0089613614062084,24.6875,False,0.5057422254851025
3hkl__B1_Q62838--3hkl__A1_Q62838,14,4,1,3,0.0085378704817099,23.359375,False,0.4847519448923594
3hkl__B1_Q62838--3hkl__A1_Q62838,15,5,0,3,0.0087452312041057,23.328125,False,0.44482348109078507
3hkl__B1_Q62838--3hkl__A1_Q62838,16,2,2,3,0.0098092301140706,22.90625,False,0.40824730520771996
3hkl__B1_Q62838--3hkl__A1_Q62838,17,2,1,3,0.0097473747108446,22.296875,False,0.4000982258426076
3hkl__B1_Q62838--3hkl__A1_Q62838,18,2,3,3,0.0090182083675962,20.453125,False,0.3593504881838863
3hkl__B1_Q62838--3hkl__A1_Q62838,19,2,0,3,0.0097527429315153,20.234375,False,0.3570172541625779
3hkl__B1_Q62838--3hkl__A1_Q62838,20,4,0,3,0.009840382899198,18.1875,False,0.3524889999088597
3i26__A1_P0C0V9--3i26__B1_P0C0V9,1,4,1,2,0.0267647281339286,39.875,False,0.6452930565065172
3i26__A1_P0C0V9--3i26__B1_P0C0V9,2,1,3,2,0.0084697969665879,25.015625,False,0.6312301333830711
3i26__A1_P0C0V9--3i26__B1_P0C0V9,3,4,3,2,0.0222153846972062,24.5,False,0.6631497470650324
3i26__A1_P0C0V9--3i26__B1_P0C0V9,4,1,2,2,0.0067362588886283,24.1875,False,0.5553545666823786
3i26__A1_P0C0V9--3i26__B1_P0C0V9,5,5,1,2,0.0254184930727832,23.84375,False,0.5798818029516616
3i26__A1_P0C0V9--3i26__B1_P0C0V9,6,5,0,2,0.0594727178339347,22.84375,False,0.6153025591431582
3i26__A1_P0C0V9--3i26__B1_P0C0V9,7,4,0,2,0.0077616610658962,22.65625,False,0.5310762232692661
3i26__A1_P0C0V9--3i26__B1_P0C0V9,8,5,3,2,0.1039135820818848,22.578125,False,0.5117543495540798
3i26__A1_P0C0V9--3i26__B1_P0C0V9,9,2,3,2,0.0621652133209668,22.5625,False,0.5748648826166497
3i26__A1_P0C0V9--3i26__B1_P0C0V9,10,4,2,2,0.0636616711988879,22.515625,False,0.49691690955806883
3i26__A1_P0C0V9--3i26__B1_P0C0V9,11,1,1,2,0.0338532530852587,22.1875,False,0.47550589870030874
3i26__A1_P0C0V9--3i26__B1_P0C0V9,12,2,0,2,0.0533768686283977,22.078125,False,0.45215714824221087
3i26__A1_P0C0V9--3i26__B1_P0C0V9,13,2,2,2,0.0820987163763566,21.8125,False,0.5236653240923567
3i26__A1_P0C0V9--3i26__B1_P0C0V9,14,5,2,2,0.0602132742716257,21.59375,False,0.5083311134419626
3i26__A1_P0C0V9--3i26__B1_P0C0V9,15,3,0,2,0.0513620739505585,21.40625,False,0.41887619986745356
3i26__A1_P0C0V9--3i26__B1_P0C0V9,16,3,1,2,0.0327074384797518,21.171875,False,0.42422235040603334
3i26__A1_P0C0V9--3i26__B1_P0C0V9,17,1,0,2,0.0416042088479651,21.140625,False,0.41092626145898986
3i26__A1_P0C0V9--3i26__B1_P0C0V9,18,2,1,2,0.0766448696155257,20.921875,False,0.375560810417475
3i26__A1_P0C0V9--3i26__B1_P0C0V9,19,3,3,2,0.0404898747166313,20.8125,False,0.40527531014960505
3i26__A1_P0C0V9--3i26__B1_P0C0V9,20,3,2,2,0.0475742456135374,20.3125,False,0.3409033896099177
3jsb__A1_P14240--3jsb__A2_P14240,1,5,0,0,0.0217433755425049,24.171875,False,0.6812735643460436
3jsb__A1_P14240--3jsb__A2_P14240,2,3,2,0,0.022088875962404,23.0625,False,0.6644242869887483
3jsb__A1_P14240--3jsb__A2_P14240,3,5,1,0,0.0208311649883352,19.65625,False,0.6471456200984462
3jsb__A1_P14240--3jsb__A2_P14240,4,3,1,0,0.023482502381445,19.0625,False,0.627303090686589
3jsb__A1_P14240--3jsb__A2_P14240,5,3,3,0,0.02191968346173,18.375,False,0.6068428085813949
3jsb__A1_P14240--3jsb__A2_P14240,6,4,3,0,0.0083800197741436,18.328125,False,0.5368609448341779
3jsb__A1_P14240--3jsb__A2_P14240,7,5,2,0,0.0178523645176341,18.234375,False,0.5816670169106027
3jsb__A1_P14240--3jsb__A2_P14240,8,3,0,0,0.0244568340470346,17.578125,False,0.5638947765752881
3jsb__A1_P14240--3jsb__A2_P14240,9,5,3,0,0.0197579393632227,17.5,False,0.545956875424277
3jsb__A1_P14240--3jsb__A2_P14240,10,2,1,0,0.029415688149115,17.375,False,0.5076327817649507
3jsb__A1_P14240--3jsb__A2_P14240,11,4,0,0,0.0103969282129956,17.1875,False,0.489584427180449
3jsb__A1_P14240--3jsb__A2_P14240,12,1,1,0,0.039489401419763,17.109375,False,0.452867296565117
3jsb__A1_P14240--3jsb__A2_P14240,13,2,3,0,0.0278743389864168,17.109375,False,0.47419951795875
3jsb__A1_P14240--3jsb__A2_P14240,14,2,0,0,0.0289096475435132,17.0625,False,0.45285416037113596
3jsb__A1_P14240--3jsb__A2_P14240,15,4,1,0,0.0118275558721696,16.84375,False,0.4360695353639279
3jsb__A1_P14240--3jsb__A2_P14240,16,2,2,0,0.0284711227765344,16.828125,False,0.41699602979638867
3jsb__A1_P14240--3jsb__A2_P14240,17,1,0,0,0.0758956117365429,16.796875,False,0.3973274521373439
3jsb__A1_P14240--3jsb__A2_P14240,18,1,2,0,0.0757310411679682,16.71875,False,0.35964558651255174
3jsb__A1_P14240--3jsb__A2_P14240,19,1,3,0,0.0226186854391424,16.5625,False,0.35651538283963874
3jsb__A1_P14240--3jsb__A2_P14240,20,4,2,0,0.0099341494890017,16.453125,False,0.352753497229345
3jtz__A1_Q9Z3B4--3jtz__A2_Q9Z3B4,1,4,1,0,0.8967332496827279,89.3125,True,0.6576143350151302
3jtz__A1_Q9Z3B4--3jtz__A2_Q9Z3B4,2,4,0,0,0.8801752779836326,89.25,True,0.6358655977426578
3jtz__A1_Q9Z3B4--3jtz__A2_Q9Z3B4,3,4,2,0,0.8908281413627915,89.0625,True,0.630869708224054
3jtz__A1_Q9Z3B4--3jtz__A2_Q9Z3B4,4,5,0,0,0.8803064077900672,88.875,True,0.6027665019143738
3jtz__A1_Q9Z3B4--3jtz__A2_Q9Z3B4,5,5,3,0,0.8736802489240442,88.8125,True,0.6071917228270821
3jtz__A1_Q9Z3B4--3jtz__A2_Q9Z3B4,6,4,3,0,0.8995804589290678,88.8125,True,0.5772597891854805
3jtz__A1_Q9Z3B4--3jtz__A2_Q9Z3B4,7,5,1,0,0.8720501020863874,88.5625,True,0.5643119510772447
3jtz__A1_Q9Z3B4--3jtz__A2_Q9Z3B4,8,5,2,0,0.8847798547846605,88.0625,True,0.5483510648322384
3jtz__A1_Q9Z3B4--3jtz__A2_Q9Z3B4,9,3,0,0,0.8839155518328488,85.6875,True,0.5276597503082855
3jtz__A1_Q9Z3B4--3jtz__A2_Q9Z3B4,10,3,3,0,0.8731576320265871,85.5,True,0.5208025983048691
3jtz__A1_Q9Z3B4--3jtz__A2_Q9Z3B4,11,1,2,0,0.2230512564824552,77.0,False,0.5
3jtz__A1_Q9Z3B4--3jtz__A2_Q9Z3B4,12,1,0,0,0.2247678745781837,74.5625,False,0.48383808858333294
3jtz__A1_Q9Z3B4--3jtz__A2_Q9Z3B4,13,1,3,0,0.2181229756268925,73.625,False,0.4677099148009679
3jtz__A1_Q9Z3B4--3jtz__A2_Q9Z3B4,14,1,1,0,0.2218340966638962,68.375,False,0.45164893516776167
3jtz__A1_Q9Z3B4--3jtz__A2_Q9Z3B4,15,3,1,0,0.2272949294413292,39.65625,False,0.4356880489227552
3jtz__A1_Q9Z3B4--3jtz__A2_Q9Z3B4,16,3,2,0,0.3630010693476464,26.578125,True,0.419859331649136
3jtz__A1_Q9Z3B4--3jtz__A2_Q9Z3B4,17,2,3,0,0.0300063644601275,20.40625,False,0.3855550626806586
3jtz__A1_Q9Z3B4--3jtz__A2_Q9Z3B4,18,2,2,0,0.0346121782807449,20.28125,False,0.39362964995495625
3jtz__A1_Q9Z3B4--3jtz__A2_Q9Z3B4,19,2,0,0,0.0480609174469819,20.1875,False,0.3912342572822934
3jtz__A1_Q9Z3B4--3jtz__A2_Q9Z3B4,20,2,1,0,0.0328744553568689,20.015625,False,0.35437515839787664
3k7v__A1_P30153--3k7v__B1_P67775,1,3,0,2,0.6058683779459383,90.625,True,0.6641456106094049
3k7v__A1_P30153--3k7v__B1_P67775,2,3,3,2,0.6031977773279308,89.8125,True,0.6446304776059585
3k7v__A1_P30153--3k7v__B1_P67775,3,1,3,2,0.6213713822481568,88.8125,True,0.5766159363752703
3k7v__A1_P30153--3k7v__B1_P67775,4,5,0,2,0.6222630543969808,88.75,True,0.6130515458037323
3k7v__A1_P30153--3k7v__B1_P67775,5,3,2,2,0.6010133602228377,87.8125,True,0.6049208210321152
3k7v__A1_P30153--3k7v__B1_P67775,6,3,1,2,0.5940181408312349,87.625,True,0.5760911082459004
3k7v__A1_P30153--3k7v__B1_P67775,7,1,0,2,0.6172729748002616,87.5625,True,0.5130015082094496
3k7v__A1_P30153--3k7v__B1_P67775,8,2,3,2,0.6077832773796535,87.5,True,0.5615748491944157
3k7v__A1_P30153--3k7v__B1_P67775,9,5,1,2,0.6289194854629154,87.1875,True,0.551418342732193
3k7v__A1_P30153--3k7v__B1_P67775,10,1,2,2,0.62219030666149,86.875,True,0.5271838489680915
3k7v__A1_P30153--3k7v__B1_P67775,11,4,0,2,0.6273852301623587,86.625,True,0.5408864670352082
3k7v__A1_P30153--3k7v__B1_P67775,12,1,1,2,0.6101198692571655,85.4375,True,0.43477340075694293
3k7v__A1_P30153--3k7v__B1_P67775,13,4,2,2,0.628432795049504,84.75,True,0.46469252078946816
3k7v__A1_P30153--3k7v__B1_P67775,14,5,3,2,0.6450758211904005,84.125,True,0.42350056180243945
3k7v__A1_P30153--3k7v__B1_P67775,15,2,0,2,0.5987376594406891,83.1875,True,0.436756670734766
3k7v__A1_P30153--3k7v__B1_P67775,16,2,1,2,0.6165007336859387,82.6875,True,0.4209453878993152
3k7v__A1_P30153--3k7v__B1_P67775,17,5,2,2,0.6308162387920694,82.625,True,0.4059402641611156
3k7v__A1_P30153--3k7v__B1_P67775,18,4,3,2,0.6151801745578696,82.5625,True,0.404911961784187
3k7v__A1_P30153--3k7v__B1_P67775,19,4,1,2,0.6084406792537279,80.0625,True,0.3778774307601061
3k7v__A1_P30153--3k7v__B1_P67775,20,2,2,2,0.6029874899331036,79.6875,True,0.3951448930680524
3lbx__B1_P11277--3lbx__A1_P02549,1,5,1,0,0.695489232318411,83.6875,True,0.6562668252567563
3lbx__B1_P11277--3lbx__A1_P02549,2,5,3,0,0.6956578017184446,83.625,True,0.6415347377227066
3lbx__B1_P11277--3lbx__A1_P02549,3,5,2,0,0.6965729427511236,83.0625,True,0.6279119782138328
3lbx__B1_P11277--3lbx__A1_P02549,4,5,0,0,0.6973565024166871,82.8125,True,0.613895026112475
3lbx__B1_P11277--3lbx__A1_P02549,5,4,1,0,0.701857125427516,82.6875,True,0.5959971409722041
3lbx__B1_P11277--3lbx__A1_P02549,6,4,2,0,0.7008995220961006,82.4375,True,0.5752063421703802
3lbx__B1_P11277--3lbx__A1_P02549,7,4,3,0,0.701562878455353,82.3125,True,0.5591605000278237
3lbx__B1_P11277--3lbx__A1_P02549,8,4,0,0,0.7008595367463872,82.3125,True,0.5541460058348282
3lbx__B1_P11277--3lbx__A1_P02549,9,3,3,0,0.6913538444211111,82.0625,True,0.51374334455532
3lbx__B1_P11277--3lbx__A1_P02549,10,3,2,0,0.6938518846045182,81.5,True,0.5113071040631848
3lbx__B1_P11277--3lbx__A1_P02549,11,2,1,0,0.6811906281463168,81.4375,True,0.5011917225536848
3lbx__B1_P11277--3lbx__A1_P02549,12,3,0,0,0.686458579720456,81.375,True,0.49301626296090845
3lbx__B1_P11277--3lbx__A1_P02549,13,2,3,0,0.6846951630114514,81.3125,True,0.4651589779252605
3lbx__B1_P11277--3lbx__A1_P02549,14,1,1,0,0.6668592473588211,80.8125,True,0.4366883536041618
3lbx__B1_P11277--3lbx__A1_P02549,15,2,2,0,0.6921323173869625,80.75,True,0.46154373637243823
3lbx__B1_P11277--3lbx__A1_P02549,16,2,0,0,0.6859879117927875,80.3125,True,0.42583754753932973
3lbx__B1_P11277--3lbx__A1_P02549,17,1,0,0,0.6746221331504656,80.0,True,0.40256401069678904
3lbx__B1_P11277--3lbx__A1_P02549,18,1,2,0,0.6712042927390433,79.625,True,0.3863365404151322
3lbx__B1_P11277--3lbx__A1_P02549,19,1,3,0,0.6989812955039847,79.0,True,0.3760258651746593
3lbx__B1_P11277--3lbx__A1_P02549,20,3,1,0,0.6726582441029479,74.9375,True,0.35846526227729325
3lcb__A1_Q8X607--3lcb__D2_P08200,1,4,1,2,0.774296384896862,80.8125,True,0.6330921253626928
3lcb__A1_Q8X607--3lcb__D2_P08200,2,1,1,2,0.8013913066191903,80.6875,True,0.6167592513884458
3lcb__A1_Q8X607--3lcb__D2_P08200,3,4,0,2,0.7679533473063285,79.9375,True,0.6266802552494316
3lcb__A1_Q8X607--3lcb__D2_P08200,4,4,2,2,0.7777747774249743,79.6875,True,0.595835791763271
3lcb__A1_Q8X607--3lcb__D2_P08200,5,1,3,2,0.779281300548854,78.9375,True,0.5579659506535202
3lcb__A1_Q8X607--3lcb__D2_P08200,6,1,2,2,0.7827581890448142,78.875,True,0.5662155827610506
3lcb__A1_Q8X607--3lcb__D2_P08200,7,4,3,2,0.7864806133365202,78.875,True,0.5783813349207318
3lcb__A1_Q8X607--3lcb__D2_P08200,8,1,0,2,0.7738629074859854,78.75,True,0.5624539197611094
3lcb__A1_Q8X607--3lcb__D2_P08200,9,5,1,2,0.7847115702397794,78.625,True,0.5508314655722671
3lcb__A1_Q8X607--3lcb__D2_P08200,10,5,3,2,0.7764460730440653,77.9375,True,0.49017260785142996
3lcb__A1_Q8X607--3lcb__D2_P08200,11,2,2,2,0.7571976414828855,77.875,True,0.45207724531166027
3lcb__A1_Q8X607--3lcb__D2_P08200,12,5,0,2,0.7741231389153431,77.8125,True,0.5180881157200777
3lcb__A1_Q8X607--3lcb__D2_P08200,13,5,2,2,0.7707087658881949,77.125,True,0.48074916194182465
3lcb__A1_Q8X607--3lcb__D2_P08200,14,2,1,2,0.7754599708727715,76.75,True,0.44813908993340634
3lcb__A1_Q8X607--3lcb__D2_P08200,15,2,3,2,0.7735885264308452,76.0,True,0.41142814123652416
3lcb__A1_Q8X607--3lcb__D2_P08200,16,2,0,2,0.7524813580670117,75.8125,True,0.3870483916886129
3lcb__A1_Q8X607--3lcb__D2_P08200,17,3,1,2,0.7606665857009868,75.0625,True,0.44564164879746254
3lcb__A1_Q8X607--3lcb__D2_P08200,18,3,3,2,0.761246289555516,74.9375,True,0.43130676536552437
3lcb__A1_Q8X607--3lcb__D2_P08200,19,3,2,2,0.7541659711074344,73.5,True,0.3934008485752131
3lcb__A1_Q8X607--3lcb__D2_P08200,20,3,0,2,0.7524429140963896,72.5625,True,0.3951448930680524
3lf6__B1_UNDEFINED--3lf6__A1_UNDEFINED,1,1,3,4,0.0605858682294215,85.5625,False,0.668298189550973
3lf6__B1_UNDEFINED--3lf6__A1_UNDEFINED,2,2,1,4,0.060642874413449,84.375,False,0.65259109577284
3lf6__B1_UNDEFINED--3lf6__A1_UNDEFINED,3,2,0,4,0.0609048371247647,84.0,False,0.6365447287148313
3lf6__B1_UNDEFINED--3lf6__A1_UNDEFINED,4,2,3,4,0.0608976297184778,83.8125,False,0.6201885602874647
3lf6__B1_UNDEFINED--3lf6__A1_UNDEFINED,5,1,1,4,0.0587161909016705,82.8125,False,0.6005691094388689
3lf6__B1_UNDEFINED--3lf6__A1_UNDEFINED,6,1,2,4,0.0614881396311556,81.75,False,0.5893759745323646
3lf6__B1_UNDEFINED--3lf6__A1_UNDEFINED,7,4,3,4,0.0593995547949254,81.6875,False,0.563800335340422
3lf6__B1_UNDEFINED--3lf6__A1_UNDEFINED,8,4,2,4,0.0594012748516172,81.0625,False,0.5430838395097732
3lf6__B1_UNDEFINED--3lf6__A1_UNDEFINED,9,4,0,4,0.0594001660583656,80.8125,False,0.5318661838028946
3lf6__B1_UNDEFINED--3lf6__A1_UNDEFINED,10,4,1,4,0.0594144619653283,80.0625,False,0.4901840319798356
3lf6__B1_UNDEFINED--3lf6__A1_UNDEFINED,11,2,2,4,0.0618301921322984,79.5,False,0.5300185485145448
3lf6__B1_UNDEFINED--3lf6__A1_UNDEFINED,12,1,0,4,0.0621227272433794,78.9375,False,0.4984553545874529
3lf6__B1_UNDEFINED--3lf6__A1_UNDEFINED,13,5,1,4,0.6513339367287345,75.625,True,0.46503227348325143
3lf6__B1_UNDEFINED--3lf6__A1_UNDEFINED,14,5,0,4,0.6713623416325408,74.625,True,0.44765514493234554
3lf6__B1_UNDEFINED--3lf6__A1_UNDEFINED,15,5,2,4,0.658980531116545,71.5,True,0.430404934177932
3lf6__B1_UNDEFINED--3lf6__A1_UNDEFINED,16,5,3,4,0.6391622977468571,71.0,True,0.4133220330838347
3lf6__B1_UNDEFINED--3lf6__A1_UNDEFINED,17,3,2,4,0.5742387773695,70.5625,True,0.3964452433092353
3lf6__B1_UNDEFINED--3lf6__A1_UNDEFINED,18,3,3,4,0.5750688712743594,69.1875,True,0.3798114397125353
3lf6__B1_UNDEFINED--3lf6__A1_UNDEFINED,19,3,1,4,0.5714890052309237,66.6875,True,0.3634552712851688
3lf6__B1_UNDEFINED--3lf6__A1_UNDEFINED,20,3,0,4,0.5694035635279393,65.1875,True,0.34740890422716
3m7p__A1_P02751--3m7p__A2_P02751,1,2,0,0,0.0100457645835616,23.03125,False,0.57218440706269
3m7p__A1_P02751--3m7p__A2_P02751,2,1,1,0,0.0083087668336601,21.71875,False,0.5861383955585515
3m7p__A1_P02751--3m7p__A2_P02751,3,1,2,0,0.0079748749170065,20.90625,False,0.5182953197214043
3m7p__A1_P02751--3m7p__A2_P02751,4,4,1,0,0.008027176653544,20.703125,False,0.5876657230134839
3m7p__A1_P02751--3m7p__A2_P02751,5,1,0,0,0.00947061218738,20.546875,False,0.5988645908470349
3m7p__A1_P02751--3m7p__A2_P02751,6,5,0,0,0.0080639090306685,20.546875,False,0.563205875392302
3m7p__A1_P02751--3m7p__A2_P02751,7,4,3,0,0.0111136186970531,20.046875,False,0.5484262056396499
3m7p__A1_P02751--3m7p__A2_P02751,8,5,3,0,0.0087968836757029,19.765625,False,0.5882338735898228
3m7p__A1_P02751--3m7p__A2_P02751,9,4,2,0,0.0105852034099622,19.65625,False,0.550270297823294
3m7p__A1_P02751--3m7p__A2_P02751,10,5,1,0,0.0099810545113719,19.078125,False,0.5470773867717402
3m7p__A1_P02751--3m7p__A2_P02751,11,4,0,0,0.0102182957404406,18.609375,False,0.5218006854833072
3m7p__A1_P02751--3m7p__A2_P02751,12,2,1,0,0.0106789263747316,18.328125,False,0.5041875047829287
3m7p__A1_P02751--3m7p__A2_P02751,13,1,3,0,0.0081866130064341,17.9375,False,0.48972030556740626
3m7p__A1_P02751--3m7p__A2_P02751,14,3,1,0,0.008887983103476,17.75,False,0.4421373571640946
3m7p__A1_P02751--3m7p__A2_P02751,15,3,3,0,0.0088030517402202,17.75,False,0.4864257685750392
3m7p__A1_P02751--3m7p__A2_P02751,16,2,3,0,0.0083233544455894,17.703125,False,0.4264977244817305
3m7p__A1_P02751--3m7p__A2_P02751,17,3,2,0,0.0093488898894861,17.1875,False,0.40086781754113016
3m7p__A1_P02751--3m7p__A2_P02751,18,2,2,0,0.0083058652218373,16.796875,False,0.4489996804182227
3m7p__A1_P02751--3m7p__A2_P02751,19,3,0,0,0.0104003562796135,16.40625,False,0.37128898451610515
3m7p__A1_P02751--3m7p__A2_P02751,20,5,2,0,0.0087813232972093,16.3125,False,0.41027323542149846
3mca__A1_O74774--3mca__B1_Q9USL5,1,4,2,0,0.5464294672961154,60.75,True,0.667616734855794
3mca__A1_O74774--3mca__B1_Q9USL5,2,5,1,0,0.0709576079359438,56.03125,False,0.6308749411681791
3mca__A1_O74774--3mca__B1_Q9USL5,3,4,0,0,0.0975513889179878,55.4375,False,0.6047299670699363
3mca__A1_O74774--3mca__B1_Q9USL5,4,5,0,0,0.065812355897517,54.71875,False,0.6061599892277507
3mca__A1_O74774--3mca__B1_Q9USL5,5,5,3,0,0.0635050085353793,53.875,False,0.5677962993969824
3mca__A1_O74774--3mca__B1_Q9USL5,6,4,3,0,0.0765045800951229,53.375,False,0.6257686112707751
3mca__A1_O74774--3mca__B1_Q9USL5,7,3,3,0,0.0713165406440714,52.96875,False,0.5960857394449715
3mca__A1_O74774--3mca__B1_Q9USL5,8,1,0,0,0.1571694045916719,52.5,False,0.49409527333202985
3mca__A1_O74774--3mca__B1_Q9USL5,9,1,3,0,0.0640830323911781,52.1875,False,0.5156095852733835
3mca__A1_O74774--3mca__B1_Q9USL5,10,1,1,0,0.0762951699722745,52.15625,False,0.49967430882274944
3mca__A1_O74774--3mca__B1_Q9USL5,11,2,3,0,0.0672833081155556,51.28125,False,0.4808668954792893
3mca__A1_O74774--3mca__B1_Q9USL5,12,3,0,0,0.072159653194481,51.03125,False,0.5288029050860681
3mca__A1_O74774--3mca__B1_Q9USL5,13,1,2,0,0.089355647937822,50.125,False,0.4308152060837244
3mca__A1_O74774--3mca__B1_Q9USL5,14,5,2,0,0.0807078298728932,49.53125,False,0.4962677214027125
3mca__A1_O74774--3mca__B1_Q9USL5,15,2,2,0,0.0959694936700464,48.1875,False,0.4475831300430718
3mca__A1_O74774--3mca__B1_Q9USL5,16,2,0,0,0.1331651184635053,48.125,False,0.41206855633207085
3mca__A1_O74774--3mca__B1_Q9USL5,17,2,1,0,0.0969221265319437,47.875,False,0.42488417395650774
3mca__A1_O74774--3mca__B1_Q9USL5,18,4,1,0,0.2187391140115853,46.1875,False,0.3827291090928072
3mca__A1_O74774--3mca__B1_Q9USL5,19,3,1,0,0.0826185294620616,45.25,False,0.3725234293348405
3mca__A1_O74774--3mca__B1_Q9USL5,20,3,2,0,0.0714088934692145,44.8125,False,0.36955903981694227
3mlf__A1_UNDEFINED--3mlf__B1_UNDEFINED,1,5,3,3,0.5002940342760246,77.5,True,0.6571583942391744
3mlf__A1_UNDEFINED--3mlf__B1_UNDEFINED,2,5,0,3,0.5162007955800348,76.0625,True,0.6507180048614077
3mlf__A1_UNDEFINED--3mlf__B1_UNDEFINED,3,5,2,3,0.516504762009152,75.1875,True,0.6308670418386041
3mlf__A1_UNDEFINED--3mlf__B1_UNDEFINED,4,3,0,3,0.4868943058746398,51.8125,True,0.6151342470186344
3mlf__A1_UNDEFINED--3mlf__B1_UNDEFINED,5,5,1,3,0.3105848501451125,30.21875,True,0.6027573067381824
3mlf__A1_UNDEFINED--3mlf__B1_UNDEFINED,6,3,2,3,0.2929545505699862,28.78125,True,0.5698931734755786
3mlf__A1_UNDEFINED--3mlf__B1_UNDEFINED,7,2,1,3,0.1121652022716521,24.59375,False,0.5752573312450323
3mlf__A1_UNDEFINED--3mlf__B1_UNDEFINED,8,2,0,3,0.1125399339790056,22.328125,False,0.5551072607230662
3mlf__A1_UNDEFINED--3mlf__B1_UNDEFINED,9,4,1,3,0.0992899620854501,20.25,False,0.5679278820377391
3mlf__A1_UNDEFINED--3mlf__B1_UNDEFINED,10,3,1,3,0.1053733273894179,18.734375,False,0.5254702747547008
3mlf__A1_UNDEFINED--3mlf__B1_UNDEFINED,11,1,2,3,0.161016754701962,18.0625,False,0.44436326342582444
3mlf__A1_UNDEFINED--3mlf__B1_UNDEFINED,12,4,3,3,0.1088198432023371,14.1875,False,0.4888838451851646
3mlf__A1_UNDEFINED--3mlf__B1_UNDEFINED,13,4,0,3,0.0630190404608536,13.4765625,False,0.5056106750103666
3mlf__A1_UNDEFINED--3mlf__B1_UNDEFINED,14,4,2,3,0.0743391745995302,12.765625,False,0.4623999112416817
3mlf__A1_UNDEFINED--3mlf__B1_UNDEFINED,15,3,3,3,0.1082477708886791,12.2734375,False,0.4330231505251124
3mlf__A1_UNDEFINED--3mlf__B1_UNDEFINED,16,2,2,3,0.022632014694704,12.0234375,False,0.4184786119240142
3mlf__A1_UNDEFINED--3mlf__B1_UNDEFINED,17,2,3,3,0.0341897911113972,11.21875,False,0.3842482278847063
3mlf__A1_UNDEFINED--3mlf__B1_UNDEFINED,18,1,1,3,0.0398762508714463,10.4140625,False,0.373497679917692
3mlf__A1_UNDEFINED--3mlf__B1_UNDEFINED,19,1,3,3,0.0264914856951531,10.078125,False,0.35842825870227807
3mlf__A1_UNDEFINED--3mlf__B1_UNDEFINED,20,1,0,3,0.04800497000789,9.9609375,False,0.345131805286034
3mxn__A1_Q9H9A7--3mxn__B1_Q96E14,1,5,1,3,0.7846595514823321,91.75,True,0.6232699262696734
3mxn__A1_Q9H9A7--3mxn__B1_Q96E14,2,5,2,3,0.8188177599000652,91.625,True,0.5895130306748179
3mxn__A1_Q9H9A7--3mxn__B1_Q96E14,3,5,3,3,0.8174516350060181,91.625,True,0.6164548382962873
3mxn__A1_Q9H9A7--3mxn__B1_Q96E14,4,3,1,3,0.820578633859469,91.4375,True,0.6161675774091009
3mxn__A1_Q9H9A7--3mxn__B1_Q96E14,5,3,2,3,0.8268281013296016,91.4375,True,0.5905582860587452
3mxn__A1_Q9H9A7--3mxn__B1_Q96E14,6,5,0,3,0.8176124214444287,91.4375,True,0.5668073451976524
3mxn__A1_Q9H9A7--3mxn__B1_Q96E14,7,3,0,3,0.8299330850901555,91.375,True,0.5614848389203004
3mxn__A1_Q9H9A7--3mxn__B1_Q96E14,8,3,3,3,0.8233594929801676,91.3125,True,0.5549259258635941
3mxn__A1_Q9H9A7--3mxn__B1_Q96E14,9,1,2,3,0.8064457863397049,91.3125,True,0.535545760289474
3mxn__A1_Q9H9A7--3mxn__B1_Q96E14,10,4,1,3,0.8123141713846872,91.25,True,0.5125410461923997
3mxn__A1_Q9H9A7--3mxn__B1_Q96E14,11,4,2,3,0.815919074573127,91.25,True,0.4593445970271789
3mxn__A1_Q9H9A7--3mxn__B1_Q96E14,12,4,0,3,0.8098152318554525,91.125,True,0.47477626869844564
3mxn__A1_Q9H9A7--3mxn__B1_Q96E14,13,1,0,3,0.8112654787485534,91.125,True,0.4957113705688526
3mxn__A1_Q9H9A7--3mxn__B1_Q96E14,14,1,3,3,0.8076467839026659,91.125,True,0.4573942620787441
3mxn__A1_Q9H9A7--3mxn__B1_Q96E14,15,4,3,3,0.8188210289883217,91.125,True,0.47728976119063354
3mxn__A1_Q9H9A7--3mxn__B1_Q96E14,16,1,1,3,0.812154267975813,91.0625,True,0.4170339314781462
3mxn__A1_Q9H9A7--3mxn__B1_Q96E14,17,2,2,3,0.8098656312833595,90.875,True,0.48281229476621895
3mxn__A1_Q9H9A7--3mxn__B1_Q96E14,18,2,3,3,0.8197325560309691,90.4375,True,0.392971681928958
3mxn__A1_Q9H9A7--3mxn__B1_Q96E14,19,2,1,3,0.7885934418867744,90.375,True,0.3741486419644708
3mxn__A1_Q9H9A7--3mxn__B1_Q96E14,20,2,0,3,0.8043791092461556,90.125,True,0.3675086951788255
3n4i__A1_P0AD64--3n4i__B1_P35804,1,5,3,2,0.7135625553350368,93.0,True,0.640832370881361
3n4i__A1_P0AD64--3n4i__B1_P35804,2,5,1,2,0.6865747980882024,92.75,True,0.6273238959943586
3n4i__A1_P0AD64--3n4i__B1_P35804,3,5,2,2,0.6243628899027205,92.6875,True,0.6159407094903486
3n4i__A1_P0AD64--3n4i__B1_P35804,4,3,3,2,0.690339880524764,92.5,True,0.6005069364098622
3n4i__A1_P0AD64--3n4i__B1_P35804,5,5,0,2,0.7256516484907606,92.3125,True,0.5738027379846576
3n4i__A1_P0AD64--3n4i__B1_P35804,6,4,1,2,0.7219036120799722,92.0625,True,0.5627324723444717
3n4i__A1_P0AD64--3n4i__B1_P35804,7,4,2,2,0.7270856695236748,91.8125,True,0.5655943815369106
3n4i__A1_P0AD64--3n4i__B1_P35804,8,3,1,2,0.7015812192005239,91.75,True,0.5485938594232941
3n4i__A1_P0AD64--3n4i__B1_P35804,9,3,2,2,0.7128601252045131,91.625,True,0.5292436370106535
3n4i__A1_P0AD64--3n4i__B1_P35804,10,4,3,2,0.7275289743195903,91.125,True,0.5054377944140145
3n4i__A1_P0AD64--3n4i__B1_P35804,11,3,0,2,0.722070582903128,91.0625,True,0.5082987566309004
3n4i__A1_P0AD64--3n4i__B1_P35804,12,1,0,2,0.7317082163745687,90.5,True,0.49112188801652995
3n4i__A1_P0AD64--3n4i__B1_P35804,13,4,0,2,0.7329147407800068,89.8125,True,0.45160534929472834
3n4i__A1_P0AD64--3n4i__B1_P35804,14,1,3,2,0.6945777240862538,88.8125,True,0.45162426805596567
3n4i__A1_P0AD64--3n4i__B1_P35804,15,1,2,2,0.7253873395766903,88.6875,True,0.4372487307687331
3n4i__A1_P0AD64--3n4i__B1_P35804,16,1,1,2,0.7322199276180417,87.8125,True,0.4346334186582194
3n4i__A1_P0AD64--3n4i__B1_P35804,17,2,3,2,0.7171849140368113,87.625,True,0.4399240010831127
3n4i__A1_P0AD64--3n4i__B1_P35804,18,2,1,2,0.0589010778652914,30.3125,False,0.40550492974162106
3n4i__A1_P0AD64--3n4i__B1_P35804,19,2,2,2,0.0587085208305376,28.3125,False,0.3842148168300408
3n4i__A1_P0AD64--3n4i__B1_P35804,20,2,0,2,0.0593717881340503,28.09375,False,0.36745887884619954
3n7e__A1_Q58AD3--3n7e__B1_Q58AD3,1,1,0,1,0.0957793563570699,72.1875,False,0.6373033260027056
3n7e__A1_Q58AD3--3n7e__B1_Q58AD3,2,1,2,1,0.0936181358605102,70.6875,False,0.6241758896027589
3n7e__A1_Q58AD3--3n7e__B1_Q58AD3,3,1,3,1,0.0945515053209254,69.875,False,0.6108634353226405
3n7e__A1_Q58AD3--3n7e__B1_Q58AD3,4,2,2,1,0.09893670235528,53.8125,False,0.5593757182577812
3n7e__A1_Q58AD3--3n7e__B1_Q58AD3,5,5,3,1,0.0376958091579524,31.484375,False,0.5954999895649573
3n7e__A1_Q58AD3--3n7e__B1_Q58AD3,6,5,2,1,0.036108844720231,30.40625,False,0.5818522533854771
3n7e__A1_Q58AD3--3n7e__B1_Q58AD3,7,5,1,1,0.0374525817890054,29.25,False,0.56807803020708
3n7e__A1_Q58AD3--3n7e__B1_Q58AD3,8,5,0,1,0.0412681089682534,27.4375,False,0.5612688195701537
3n7e__A1_Q58AD3--3n7e__B1_Q58AD3,9,3,3,1,0.1012320044792887,26.390625,False,0.5186196166635295
3n7e__A1_Q58AD3--3n7e__B1_Q58AD3,10,3,1,1,0.0783235688422402,25.359375,False,0.50943568796592
3n7e__A1_Q58AD3--3n7e__B1_Q58AD3,11,3,0,1,0.458831034053831,24.671875,True,0.4987441922584929
3n7e__A1_Q58AD3--3n7e__B1_Q58AD3,12,3,2,1,0.3787625754496761,23.78125,True,0.48465703699147095
3n7e__A1_Q58AD3--3n7e__B1_Q58AD3,13,2,3,1,0.0876410532102429,22.953125,False,0.4718458698315332
3n7e__A1_Q58AD3--3n7e__B1_Q58AD3,14,4,1,1,0.0710002279078078,16.703125,False,0.468695032342552
3n7e__A1_Q58AD3--3n7e__B1_Q58AD3,15,2,0,1,0.051560565595383,16.125,False,0.44379810855973056
3n7e__A1_Q58AD3--3n7e__B1_Q58AD3,16,1,1,1,0.0751658345261472,15.9921875,False,0.4494398900890779
3n7e__A1_Q58AD3--3n7e__B1_Q58AD3,17,2,1,1,0.0275574806315888,15.9296875,False,0.41222149709584904
3n7e__A1_Q58AD3--3n7e__B1_Q58AD3,18,4,0,1,0.0222588175813452,14.546875,False,0.4061963907126116
3n7e__A1_Q58AD3--3n7e__B1_Q58AD3,19,4,3,1,0.0181772919196672,14.390625,False,0.37548902858411426
3n7e__A1_Q58AD3--3n7e__B1_Q58AD3,20,4,2,1,0.0225696722901857,14.296875,False,0.36120665064023766
3n9y__A1_P05108--3n9y__C1_P10109,1,1,3,4,0.7691303787940557,90.5,True,0.6284429711920436
3n9y__A1_P05108--3n9y__C1_P10109,2,5,0,4,0.8003975332976804,90.3125,True,0.6523740341533585
3n9y__A1_P05108--3n9y__C1_P10109,3,5,3,4,0.7993155291128858,90.1875,True,0.6444458900992217
3n9y__A1_P05108--3n9y__C1_P10109,4,1,1,4,0.7664234421580952,90.1875,True,0.49805117440784585
3n9y__A1_P05108--3n9y__C1_P10109,5,3,2,4,0.8221636145331885,90.125,True,0.6352080905600913
3n9y__A1_P05108--3n9y__C1_P10109,6,1,0,4,0.7533984541193247,89.75,True,0.46213795075313663
3n9y__A1_P05108--3n9y__C1_P10109,7,5,2,4,0.793288730799207,89.75,True,0.5704350157155841
3n9y__A1_P05108--3n9y__C1_P10109,8,5,1,4,0.7788804482299342,89.6875,True,0.565048706119809
3n9y__A1_P05108--3n9y__C1_P10109,9,2,0,4,0.7289927468131777,89.625,True,0.5506423294916972
3n9y__A1_P05108--3n9y__C1_P10109,10,2,2,4,0.7512070392233491,89.1875,True,0.4255217980091986
3n9y__A1_P05108--3n9y__C1_P10109,11,4,2,4,0.7424138491683273,88.875,True,0.549440676431083
3n9y__A1_P05108--3n9y__C1_P10109,12,4,1,4,0.7558472964202491,88.875,True,0.6236060907602309
3n9y__A1_P05108--3n9y__C1_P10109,13,3,3,4,0.8370145293421464,88.875,True,0.4699028486766276
3n9y__A1_P05108--3n9y__C1_P10109,14,4,0,4,0.7635304397778975,88.75,True,0.512830230520657
3n9y__A1_P05108--3n9y__C1_P10109,15,1,2,4,0.7545260000458421,88.6875,True,0.38452117883616665
3n9y__A1_P05108--3n9y__C1_P10109,16,2,1,4,0.7744806841203519,88.125,True,0.3672662335962363
3n9y__A1_P05108--3n9y__C1_P10109,17,3,1,4,0.6472641694297455,88.0625,True,0.472286535167159
3n9y__A1_P05108--3n9y__C1_P10109,18,3,0,4,0.8091703888695062,87.8125,True,0.3927585578491618
3n9y__A1_P05108--3n9y__C1_P10109,19,2,3,4,0.7602343448082257,87.6875,True,0.3505410613556904
3n9y__A1_P05108--3n9y__C1_P10109,20,4,3,4,0.8284373776100145,87.5,True,0.4135930016793391
3nbe__A1_B2ZRS9--3nbe__B1_B2ZRS9,1,5,1,4,0.9395948959206104,90.875,True,0.6314700299964366
3nbe__A1_B2ZRS9--3nbe__B1_B2ZRS9,2,5,2,4,0.9408476379972256,90.875,True,0.638193761663718
3nbe__A1_B2ZRS9--3nbe__B1_B2ZRS9,3,4,0,4,0.9515918462276688,90.8125,True,0.6193571324002461
3nbe__A1_B2ZRS9--3nbe__B1_B2ZRS9,4,1,0,4,0.9559388240015766,90.8125,True,0.6441953325405992
3nbe__A1_B2ZRS9--3nbe__B1_B2ZRS9,5,1,3,4,0.9446819379098104,90.6875,True,0.6366898628523617
3nbe__A1_B2ZRS9--3nbe__B1_B2ZRS9,6,4,3,4,0.9470599017310928,90.625,True,0.5587087837709193
3nbe__A1_B2ZRS9--3nbe__B1_B2ZRS9,7,4,2,4,0.945346684089184,90.4375,True,0.5278235472642994
3nbe__A1_B2ZRS9--3nbe__B1_B2ZRS9,8,5,0,4,0.9291394585352084,90.0625,True,0.566595594605024
3nbe__A1_B2ZRS9--3nbe__B1_B2ZRS9,9,2,2,4,0.9378955227807724,89.9375,True,0.5677962994936777
3nbe__A1_B2ZRS9--3nbe__B1_B2ZRS9,10,5,3,4,0.9267065922702064,89.9375,True,0.5691391971858495
3nbe__A1_B2ZRS9--3nbe__B1_B2ZRS9,11,1,1,4,0.8692755730019659,89.875,True,0.4784570279439461
3nbe__A1_B2ZRS9--3nbe__B1_B2ZRS9,12,4,1,4,0.946703840283139,89.75,True,0.48208370237384063
3nbe__A1_B2ZRS9--3nbe__B1_B2ZRS9,13,1,2,4,0.8847105136753456,89.625,True,0.45842882720686323
3nbe__A1_B2ZRS9--3nbe__B1_B2ZRS9,14,2,3,4,0.938898368653541,88.9375,True,0.46082800083785025
3nbe__A1_B2ZRS9--3nbe__B1_B2ZRS9,15,3,1,4,0.1127795550831499,79.6875,False,0.4179271947382332
3nbe__A1_B2ZRS9--3nbe__B1_B2ZRS9,16,3,0,4,0.1128868474175764,79.6875,False,0.4257628501603876
3nbe__A1_B2ZRS9--3nbe__B1_B2ZRS9,17,3,2,4,0.1124554055182962,78.75,False,0.40041024795884744
3nbe__A1_B2ZRS9--3nbe__B1_B2ZRS9,18,3,3,4,0.1127699255874895,78.625,False,0.37592252526949765
3nbe__A1_B2ZRS9--3nbe__B1_B2ZRS9,19,2,1,4,0.0815781396454766,35.9375,False,0.3634552712851688
3nbe__A1_B2ZRS9--3nbe__B1_B2ZRS9,20,2,0,4,0.0994361736749301,33.15625,False,0.34740890422716
3nbf__A1_Q72GF3--3nbf__B1_Q72GF3,1,3,0,4,0.6055948510159368,82.625,True,0.668298189550973
3nbf__A1_Q72GF3--3nbf__B1_Q72GF3,2,3,3,4,0.6151092027689042,82.25,True,0.65259109577284
3nbf__A1_Q72GF3--3nbf__B1_Q72GF3,3,3,2,4,0.6155265338529654,81.75,True,0.6365447287148313
3nbf__A1_Q72GF3--3nbf__B1_Q72GF3,4,3,1,4,0.6347773070078785,81.125,True,0.6201885602874647
3nbf__A1_Q72GF3--3nbf__B1_Q72GF3,5,4,2,4,0.6189528229504236,77.25,True,0.6035547566907647
3nbf__A1_Q72GF3--3nbf__B1_Q72GF3,6,4,3,4,0.6196720561214883,76.75,True,0.5866779669161652
3nbf__A1_Q72GF3--3nbf__B1_Q72GF3,7,4,0,4,0.4279229627294801,24.8125,True,0.6049872875579224
3nbf__A1_Q72GF3--3nbf__B1_Q72GF3,8,1,2,4,0.3076621043126881,23.484375,True,0.5967673171476552
3nbf__A1_Q72GF3--3nbf__B1_Q72GF3,9,1,0,4,0.2687120384231027,22.90625,True,0.578808182437594
3nbf__A1_Q72GF3--3nbf__B1_Q72GF3,10,5,1,4,0.1191835668057753,21.3125,False,0.5173645915902252
3nbf__A1_Q72GF3--3nbf__B1_Q72GF3,11,2,3,4,0.0292014583935946,20.515625,False,0.45929773439532334
3nbf__A1_Q72GF3--3nbf__B1_Q72GF3,12,2,0,4,0.0305946908500997,20.5,False,0.4497784162881808
3nbf__A1_Q72GF3--3nbf__B1_Q72GF3,13,2,2,4,0.0312767875157796,20.40625,False,0.4688468489872847
3nbf__A1_Q72GF3--3nbf__B1_Q72GF3,14,4,1,4,0.0065766744689402,20.171875,False,0.49503746684970956
3nbf__A1_Q72GF3--3nbf__B1_Q72GF3,15,1,1,4,0.1958603598218029,20.015625,False,0.48940066818190237
3nbf__A1_Q72GF3--3nbf__B1_Q72GF3,16,2,1,4,0.075851328635776,20.0,False,0.3966907881351265
3nbf__A1_Q72GF3--3nbf__B1_Q72GF3,17,1,3,4,0.1446978985252578,18.796875,False,0.3776711428171342
3nbf__A1_Q72GF3--3nbf__B1_Q72GF3,18,5,2,4,0.0159483448714669,18.6875,False,0.335945177719759
3nbf__A1_Q72GF3--3nbf__B1_Q72GF3,19,5,0,4,0.1077857533933969,18.5625,False,0.32834218165432616
3nbf__A1_Q72GF3--3nbf__B1_Q72GF3,20,5,3,4,0.0857955714597952,18.375,False,0.3122065805867829
3njc__A1_P42955--3njc__B1_P42955,1,5,0,4,0.2275219995305719,83.5625,False,0.6507605719634574
3njc__A1_P42955--3njc__B1_P42955,2,5,1,4,0.226873470950718,83.4375,False,0.6633813144491774
3njc__A1_P42955--3njc__B1_P42955,3,5,3,4,0.2273417789109873,83.125,False,0.6015084409862254
3njc__A1_P42955--3njc__B1_P42955,4,3,1,4,0.2266366861050855,82.0625,False,0.6919112711045088
3njc__A1_P42955--3njc__B1_P42955,5,5,2,4,0.2269990387952732,82.0625,False,0.5362410542820827
3njc__A1_P42955--3njc__B1_P42955,6,3,2,4,0.2210180758838065,80.9375,False,0.653878773828339
3njc__A1_P42955--3njc__B1_P42955,7,3,0,4,0.2244979845262833,80.3125,False,0.6482250519926486
3njc__A1_P42955--3njc__B1_P42955,8,3,3,4,0.227049640271659,80.3125,False,0.6600301787228413
3njc__A1_P42955--3njc__B1_P42955,9,4,1,4,0.2241838998751649,78.0,False,0.6479652386911153
3njc__A1_P42955--3njc__B1_P42955,10,4,0,4,0.226243890602007,77.25,False,0.6111588418840563
3njc__A1_P42955--3njc__B1_P42955,11,4,2,4,0.2273994886134734,76.875,False,0.5730399075269456
3njc__A1_P42955--3njc__B1_P42955,12,1,1,4,0.2226362691359624,74.625,False,0.43246705132919994
3njc__A1_P42955--3njc__B1_P42955,13,2,3,4,0.2207074535468209,74.375,False,0.39194730198055167
3njc__A1_P42955--3njc__B1_P42955,14,2,1,4,0.2231855440962729,74.1875,False,0.3764643137835895
3njc__A1_P42955--3njc__B1_P42955,15,1,0,4,0.2228060029578995,73.75,False,0.3617103874096447
3njc__A1_P42955--3njc__B1_P42955,16,2,2,4,0.2192483770232018,72.6875,False,0.3481994462086193
3njc__A1_P42955--3njc__B1_P42955,17,1,2,4,0.2240441816747726,72.4375,False,0.3780521489049603
3njc__A1_P42955--3njc__B1_P42955,18,2,0,4,0.2204114401761915,72.25,False,0.33115003804077037
3njc__A1_P42955--3njc__B1_P42955,19,1,3,4,0.2285711249382801,72.0625,False,0.300771157488581
3njc__A1_P42955--3njc__B1_P42955,20,4,3,4,0.2339948868658261,72.0,True,0.3145715942185731
3nk4__A1_P79762--3nk4__B1_P79762,1,5,1,3,0.1675244445969802,29.765625,False,0.6598318756948608
3nk4__A1_P79762--3nk4__B1_P79762,2,2,3,3,0.1205552094065343,29.09375,False,0.5041467716146398
3nk4__A1_P79762--3nk4__B1_P79762,3,2,0,3,0.1255675261988499,28.859375,False,0.6027780207967828
3nk4__A1_P79762--3nk4__B1_P79762,4,2,2,3,0.1069089784144438,28.25,False,0.5687995825586191
3nk4__A1_P79762--3nk4__B1_P79762,5,2,1,3,0.0877896957595827,27.5,False,0.5050232124826686
3nk4__A1_P79762--3nk4__B1_P79762,6,5,0,3,0.1697040897579865,27.4375,False,0.6058918537845868
3nk4__A1_P79762--3nk4__B1_P79762,7,1,0,3,0.0992947443369732,26.765625,False,0.44213157302022904
3nk4__A1_P79762--3nk4__B1_P79762,8,1,2,3,0.088157078301598,26.71875,False,0.4230910627272194
3nk4__A1_P79762--3nk4__B1_P79762,9,3,3,3,0.1517298834856921,26.65625,False,0.5436403147093507
3nk4__A1_P79762--3nk4__B1_P79762,10,3,2,3,0.0961693566604579,26.3125,False,0.4479383685712656
3nk4__A1_P79762--3nk4__B1_P79762,11,1,1,3,0.0885227745659666,26.0625,False,0.48747176663031605
3nk4__A1_P79762--3nk4__B1_P79762,12,1,3,3,0.0835570159009091,25.90625,False,0.5167862013539424
3nk4__A1_P79762--3nk4__B1_P79762,13,5,2,3,0.0673940413834004,24.828125,False,0.5577030016575983
3nk4__A1_P79762--3nk4__B1_P79762,14,3,0,3,0.0631683124440679,20.25,False,0.38948278906408945
3nk4__A1_P79762--3nk4__B1_P79762,15,4,1,3,0.0076341667217711,18.703125,False,0.5747457809430555
3nk4__A1_P79762--3nk4__B1_P79762,16,4,0,3,0.0107962039702872,18.46875,False,0.5391724556113596
3nk4__A1_P79762--3nk4__B1_P79762,17,4,3,3,0.0203552902743511,17.671875,False,0.428671719670377
3nk4__A1_P79762--3nk4__B1_P79762,18,4,2,3,0.0311056451696766,17.625,False,0.41913594861222303
3nk4__A1_P79762--3nk4__B1_P79762,19,5,3,3,0.0218867706827818,17.390625,False,0.5158835952745181
3nk4__A1_P79762--3nk4__B1_P79762,20,3,1,3,0.014994862702091,16.75,False,0.4293761045676986
3nnf__A1_Q6DNF2--3nnf__A2_Q6DNF2,1,5,1,3,0.8508492998666316,79.8125,True,0.6614858700232774
3nnf__A1_Q6DNF2--3nnf__A2_Q6DNF2,2,4,2,3,0.7539524684134974,76.8125,True,0.6463264740952176
3nnf__A1_Q6DNF2--3nnf__A2_Q6DNF2,3,3,3,3,0.8220197613154748,75.1875,True,0.621329117433377
3nnf__A1_Q6DNF2--3nnf__A2_Q6DNF2,4,1,2,3,0.6462915053041917,72.375,True,0.6212340746419518
3nnf__A1_Q6DNF2--3nnf__A2_Q6DNF2,5,1,3,3,0.5265089327516596,69.6875,True,0.5836019640715182
3nnf__A1_Q6DNF2--3nnf__A2_Q6DNF2,6,5,2,3,0.6080485881354218,69.5625,True,0.5835037995931194
3nnf__A1_Q6DNF2--3nnf__A2_Q6DNF2,7,3,2,3,0.5480283387740418,65.25,True,0.5592618326115403
3nnf__A1_Q6DNF2--3nnf__A2_Q6DNF2,8,4,3,3,0.5972226745469776,63.6875,True,0.544276284787905
3nnf__A1_Q6DNF2--3nnf__A2_Q6DNF2,9,4,1,3,0.4963510485456094,63.0,True,0.5270822021888636
3nnf__A1_Q6DNF2--3nnf__A2_Q6DNF2,10,3,1,3,0.4432199385716457,61.03125,True,0.540712465139614
3nnf__A1_Q6DNF2--3nnf__A2_Q6DNF2,11,2,3,3,0.4144179069406093,59.375,True,0.5148967557337419
3nnf__A1_Q6DNF2--3nnf__A2_Q6DNF2,12,3,0,3,0.5062688642890276,57.5625,True,0.463003488688897
3nnf__A1_Q6DNF2--3nnf__A2_Q6DNF2,13,4,0,3,0.538863712908749,57.5,True,0.4788851619872638
3nnf__A1_Q6DNF2--3nnf__A2_Q6DNF2,14,1,1,3,0.4272782104892915,56.34375,True,0.4621409344381972
3nnf__A1_Q6DNF2--3nnf__A2_Q6DNF2,15,5,3,3,0.4752141589799545,52.71875,True,0.420262288297421
3nnf__A1_Q6DNF2--3nnf__A2_Q6DNF2,16,5,0,3,0.4570831931480457,51.78125,True,0.4011787601304253
3nnf__A1_Q6DNF2--3nnf__A2_Q6DNF2,17,2,0,3,0.3238343856320043,51.40625,True,0.3959602810418075
3nnf__A1_Q6DNF2--3nnf__A2_Q6DNF2,18,1,0,3,0.3822525344489442,51.09375,True,0.41676608070262083
3nnf__A1_Q6DNF2--3nnf__A2_Q6DNF2,19,2,2,3,0.4280286496857886,49.75,True,0.3572473792201663
3nnf__A1_Q6DNF2--3nnf__A2_Q6DNF2,20,2,1,3,0.4202490540510048,49.25,True,0.3630418689366289
3o47__A1_P84077--3o47__A2_P84077,1,4,2,2,0.0222068951729669,20.015625,False,0.6071984062758552
3o47__A1_P84077--3o47__A2_P84077,2,4,0,2,0.0135867702871247,19.5625,False,0.5821102014403673
3o47__A1_P84077--3o47__A2_P84077,3,3,1,2,0.0123056370004202,19.40625,False,0.6788454685685311
3o47__A1_P84077--3o47__A2_P84077,4,4,1,2,0.0118829402260772,18.6875,False,0.5860071293287521
3o47__A1_P84077--3o47__A2_P84077,5,5,2,2,0.0166070634292345,18.640625,False,0.4758555677912025
3o47__A1_P84077--3o47__A2_P84077,6,5,1,2,0.014479102588238,18.203125,False,0.518410063971769
3o47__A1_P84077--3o47__A2_P84077,7,3,3,2,0.0135014172644085,18.015625,False,0.5261973113165558
3o47__A1_P84077--3o47__A2_P84077,8,3,2,2,0.0110065355959421,17.984375,False,0.5653886843432775
3o47__A1_P84077--3o47__A2_P84077,9,5,0,2,0.010872174477415,17.953125,False,0.5544663702756363
3o47__A1_P84077--3o47__A2_P84077,10,2,3,2,0.0173350063366509,17.9375,False,0.459639376423221
3o47__A1_P84077--3o47__A2_P84077,11,3,0,2,0.0099647603979674,17.9375,False,0.5801785634443402
3o47__A1_P84077--3o47__A2_P84077,12,2,2,2,0.0196579849719823,17.921875,False,0.500270558556181
3o47__A1_P84077--3o47__A2_P84077,13,5,3,2,0.0175420903294685,17.84375,False,0.4745483267926297
3o47__A1_P84077--3o47__A2_P84077,14,1,3,2,0.0110906710582383,17.8125,False,0.5067742667279006
3o47__A1_P84077--3o47__A2_P84077,15,1,1,2,0.0113342936931822,17.75,False,0.48045850668415485
3o47__A1_P84077--3o47__A2_P84077,16,2,0,2,0.0412401385532801,17.515625,False,0.4558909305590127
3o47__A1_P84077--3o47__A2_P84077,17,4,3,2,0.0156378341353298,17.46875,False,0.42200048548169605
3o47__A1_P84077--3o47__A2_P84077,18,2,1,2,0.020575639089296,17.28125,False,0.383139558762819
3o47__A1_P84077--3o47__A2_P84077,19,1,2,2,0.0108247782215854,17.125,False,0.4065495775500471
3o47__A1_P84077--3o47__A2_P84077,20,1,0,2,0.0140309425003508,16.921875,False,0.3756079963798055
3ph0__A1_Q1EHA4--3ph0__B1_Q1EHA2,1,5,1,0,0.2259660211714962,85.25,False,0.6496195810336557
3ph0__A1_Q1EHA4--3ph0__B1_Q1EHA2,2,5,0,0,0.2259082614272336,84.625,False,0.6347611541113413
3ph0__A1_Q1EHA4--3ph0__B1_Q1EHA2,3,5,2,0,0.2259276410359299,84.0625,False,0.6077047388473888
3ph0__A1_Q1EHA4--3ph0__B1_Q1EHA2,4,5,3,0,0.2260146096788735,84.0625,False,0.6162614096228581
3ph0__A1_Q1EHA4--3ph0__B1_Q1EHA2,5,4,0,0,0.220799129935547,82.8125,False,0.5915976748473969
3ph0__A1_Q1EHA4--3ph0__B1_Q1EHA2,6,4,2,0,0.226368718449528,82.75,False,0.5742476305993603
3ph0__A1_Q1EHA4--3ph0__B1_Q1EHA2,7,4,3,0,0.226494411234772,82.5625,False,0.5616680916247906
3ph0__A1_Q1EHA4--3ph0__B1_Q1EHA2,8,4,1,0,0.2152348501907051,81.0625,False,0.54402655722678
3ph0__A1_Q1EHA4--3ph0__B1_Q1EHA2,9,1,1,0,0.8132205190217681,80.5,True,0.5784626621284598
3ph0__A1_Q1EHA4--3ph0__B1_Q1EHA2,10,1,0,0,0.8106113998605106,64.0625,True,0.5161619114166671
3ph0__A1_Q1EHA4--3ph0__B1_Q1EHA2,11,1,3,0,0.8162785767261832,59.09375,True,0.5
3ph0__A1_Q1EHA4--3ph0__B1_Q1EHA2,12,1,2,0,0.8155724625411199,49.09375,True,0.4853137194897107
3ph0__A1_Q1EHA4--3ph0__B1_Q1EHA2,13,2,3,0,0.7822082538110365,46.96875,True,0.4662393222133328
3ph0__A1_Q1EHA4--3ph0__B1_Q1EHA2,14,3,0,0,0.6884281744658907,30.484375,True,0.46049532912176366
3ph0__A1_Q1EHA4--3ph0__B1_Q1EHA2,15,3,3,0,0.7593941425420893,21.796875,True,0.4415420242846502
3ph0__A1_Q1EHA4--3ph0__B1_Q1EHA2,16,2,0,0,0.3134120048096345,18.140625,True,0.41596834279809336
3ph0__A1_Q1EHA4--3ph0__B1_Q1EHA2,17,3,1,0,0.4303798345243059,16.78125,True,0.3945798005592073
3ph0__A1_Q1EHA4--3ph0__B1_Q1EHA2,18,2,2,0,0.6388590035061354,16.390625,True,0.3840434432659033
3ph0__A1_Q1EHA4--3ph0__B1_Q1EHA2,19,3,2,0,0.511393807252547,16.078125,True,0.3813270875803846
3ph0__A1_Q1EHA4--3ph0__B1_Q1EHA2,20,2,1,0,0.2903235007408009,14.6875,True,0.3545484616583573
3qsg__A1_C8WX00--3qsg__A2_C8WX00,1,1,3,0,0.5118393935769322,79.0,True,0.6643134892933856
3qsg__A1_C8WX00--3qsg__A2_C8WX00,2,1,0,0,0.4999121024845498,78.1875,True,0.6497422115592157
3qsg__A1_C8WX00--3qsg__A2_C8WX00,3,1,2,0,0.5171499960785942,76.625,True,0.6362709343545963
3qsg__A1_C8WX00--3qsg__A2_C8WX00,4,1,1,0,0.4966195882764718,75.0625,True,0.6281523895986263
3qsg__A1_C8WX00--3qsg__A2_C8WX00,5,3,0,0,0.4558817519103909,70.4375,True,0.5999280990996623
3qsg__A1_C8WX00--3qsg__A2_C8WX00,6,2,3,0,0.32402200408083,69.25,True,0.5753606487015638
3qsg__A1_C8WX00--3qsg__A2_C8WX00,7,4,1,0,0.1740865772279183,68.6875,False,0.5539115069337992
3qsg__A1_C8WX00--3qsg__A2_C8WX00,8,5,0,0,0.3098829659709221,68.1875,True,0.5536199503810573
3qsg__A1_C8WX00--3qsg__A2_C8WX00,9,2,1,0,0.3321538507992163,67.875,True,0.5185303792048843
3qsg__A1_C8WX00--3qsg__A2_C8WX00,10,2,2,0,0.3156020418168317,67.8125,True,0.5042269544327613
3qsg__A1_C8WX00--3qsg__A2_C8WX00,11,3,1,0,0.4415843422423526,67.5625,True,0.49675662094788386
3qsg__A1_C8WX00--3qsg__A2_C8WX00,12,5,3,0,0.3291321734018216,67.3125,True,0.49095106055375076
3qsg__A1_C8WX00--3qsg__A2_C8WX00,13,4,2,0,0.1737871968828644,66.875,False,0.47029306688166356
3qsg__A1_C8WX00--3qsg__A2_C8WX00,14,4,0,0,0.1695376490713175,66.25,False,0.44647921979114724
3qsg__A1_C8WX00--3qsg__A2_C8WX00,15,4,3,0,0.3139771074913633,65.8125,True,0.4396949811264431
3qsg__A1_C8WX00--3qsg__A2_C8WX00,16,5,1,0,0.305332250498965,65.4375,True,0.41875503450941215
3qsg__A1_C8WX00--3qsg__A2_C8WX00,17,5,2,0,0.2970848733991728,65.1875,True,0.3999008023492543
3qsg__A1_C8WX00--3qsg__A2_C8WX00,18,3,3,0,0.2996569632846469,62.15625,True,0.3807542762558403
3qsg__A1_C8WX00--3qsg__A2_C8WX00,19,2,0,0,0.3228436941103819,61.875,True,0.35964825056105576
3qsg__A1_C8WX00--3qsg__A2_C8WX00,20,3,2,0,0.3014660518930462,61.53125,True,0.3666478513584853
3qty__A1_Q5NGF2--3qty__B1_Q5NGF2,1,5,1,0,0.660866438974325,86.0625,True,0.6480766262716858
3qty__A1_Q5NGF2--3qty__B1_Q5NGF2,2,5,0,0,0.6448777240976127,86.0,True,0.6376958541571001
3qty__A1_Q5NGF2--3qty__B1_Q5NGF2,3,5,2,0,0.6794056846958334,85.875,True,0.634491315122131
3qty__A1_Q5NGF2--3qty__B1_Q5NGF2,4,5,3,0,0.668075711529104,85.3125,True,0.615686553467526
3qty__A1_Q5NGF2--3qty__B1_Q5NGF2,5,1,0,0,0.6649430860729839,84.625,True,0.591321908560982
3qty__A1_Q5NGF2--3qty__B1_Q5NGF2,6,1,3,0,0.6591121044096205,83.625,True,0.5508611123844774
3qty__A1_Q5NGF2--3qty__B1_Q5NGF2,7,2,0,0,0.6739127896591475,83.625,True,0.5837526320824081
3qty__A1_Q5NGF2--3qty__B1_Q5NGF2,8,1,2,0,0.6737751220726579,83.5,True,0.5342915463620191
3qty__A1_Q5NGF2--3qty__B1_Q5NGF2,9,2,3,0,0.6890240198656769,83.4375,True,0.5592679357706943
3qty__A1_Q5NGF2--3qty__B1_Q5NGF2,10,1,1,0,0.6524069891477352,83.375,True,0.504198037079676
3qty__A1_Q5NGF2--3qty__B1_Q5NGF2,11,2,2,0,0.6745561214906489,82.8125,True,0.5086446365548127
3qty__A1_Q5NGF2--3qty__B1_Q5NGF2,12,2,1,0,0.6689643017259859,82.8125,True,0.48892129986236615
3qty__A1_Q5NGF2--3qty__B1_Q5NGF2,13,4,0,0,0.6549210129782974,82.8125,True,0.4848177402609409
3qty__A1_Q5NGF2--3qty__B1_Q5NGF2,14,4,1,0,0.6602372968747529,82.5,True,0.4340703520789821
3qty__A1_Q5NGF2--3qty__B1_Q5NGF2,15,3,2,0,0.6971975796129181,82.25,True,0.423727622886003
3qty__A1_Q5NGF2--3qty__B1_Q5NGF2,16,3,0,0,0.687228191079493,82.25,True,0.4196041289853041
3qty__A1_Q5NGF2--3qty__B1_Q5NGF2,17,3,3,0,0.689174787431687,82.1875,True,0.39367304845188267
3qty__A1_Q5NGF2--3qty__B1_Q5NGF2,18,3,1,0,0.6689661252920757,81.875,True,0.37870369079149746
3qty__A1_Q5NGF2--3qty__B1_Q5NGF2,19,4,3,0,0.6281478303845386,81.5625,True,0.39284416780961007
3qty__A1_Q5NGF2--3qty__B1_Q5NGF2,20,4,2,0,0.6726434222755887,80.375,True,0.37138803301608303
3rg2__A1_P10378--3rg2__B1_P10378,1,1,2,2,0.2599284032640274,51.15625,True,0.6262279843211129
3rg2__A1_P10378--3rg2__B1_P10378,2,1,3,2,0.2612179367302474,51.125,True,0.6274775771567989
3rg2__A1_P10378--3rg2__B1_P10378,3,1,1,2,0.2629129006848332,50.84375,True,0.6072236993379544
3rg2__A1_P10378--3rg2__B1_P10378,4,5,1,2,0.1543584256146664,50.28125,False,0.6175912915561657
3rg2__A1_P10378--3rg2__B1_P10378,5,1,0,2,0.241109110859084,49.03125,True,0.5859849826330964
3rg2__A1_P10378--3rg2__B1_P10378,6,3,2,2,0.173675910883489,36.9375,False,0.6141815403263083
3rg2__A1_P10378--3rg2__B1_P10378,7,2,2,2,0.1391206540570677,25.671875,False,0.5186189833913379
3rg2__A1_P10378--3rg2__B1_P10378,8,4,1,2,0.1784792035047604,25.40625,False,0.4966114507359691
3rg2__A1_P10378--3rg2__B1_P10378,9,2,1,2,0.0100345056951434,24.140625,False,0.5195743661936629
3rg2__A1_P10378--3rg2__B1_P10378,10,4,0,2,0.1515341736875885,23.875,False,0.512141237727271
3rg2__A1_P10378--3rg2__B1_P10378,11,2,0,2,0.1032340630520767,23.8125,False,0.4565088636826206
3rg2__A1_P10378--3rg2__B1_P10378,12,2,3,2,0.0114047366852585,23.734375,False,0.4654612515424289
3rg2__A1_P10378--3rg2__B1_P10378,13,4,2,2,0.1553570403159837,23.71875,False,0.4590474696155495
3rg2__A1_P10378--3rg2__B1_P10378,14,3,3,2,0.0072474110695177,23.6875,False,0.474435945953261
3rg2__A1_P10378--3rg2__B1_P10378,15,3,1,2,0.1003663272872031,23.421875,False,0.4307876842424719
3rg2__A1_P10378--3rg2__B1_P10378,16,5,2,2,0.0113060522583178,23.265625,False,0.44573255187172406
3rg2__A1_P10378--3rg2__B1_P10378,17,4,3,2,0.1826474123981644,23.09375,False,0.4113457381912796
3rg2__A1_P10378--3rg2__B1_P10378,18,5,3,2,0.1255345527232173,22.625,False,0.47244862617647837
3rg2__A1_P10378--3rg2__B1_P10378,19,3,0,2,0.0510629725735724,22.578125,False,0.3514855112612742
3rg2__A1_P10378--3rg2__B1_P10378,20,5,0,2,0.0901434491505934,22.484375,False,0.4468776862411686
3sy3__A1_A0A6L8P3N5--3sy3__B1_A0A6L8P3N5,1,1,2,3,0.1400102743750942,51.5,False,0.6614858700232774
3sy3__A1_A0A6L8P3N5--3sy3__B1_A0A6L8P3N5,2,1,1,3,0.1466252329143298,51.4375,False,0.645353750006818
3sy3__A1_A0A6L8P3N5--3sy3__B1_A0A6L8P3N5,3,1,0,3,0.1424714984417067,51.09375,False,0.6318568336654737
3sy3__A1_A0A6L8P3N5--3sy3__B1_A0A6L8P3N5,4,1,3,3,0.1372126458662837,47.53125,False,0.6151342470186344
3sy3__A1_A0A6L8P3N5--3sy3__B1_A0A6L8P3N5,5,5,1,3,0.192061736244044,28.96875,False,0.6258737416467339
3sy3__A1_A0A6L8P3N5--3sy3__B1_A0A6L8P3N5,6,5,3,3,0.2558409641565545,24.359375,True,0.6064823002334876
3sy3__A1_A0A6L8P3N5--3sy3__B1_A0A6L8P3N5,7,5,2,3,0.1212020730196884,20.71875,False,0.5478503881771568
3sy3__A1_A0A6L8P3N5--3sy3__B1_A0A6L8P3N5,8,5,0,3,0.3082764484642711,20.578125,True,0.5714584536469476
3sy3__A1_A0A6L8P3N5--3sy3__B1_A0A6L8P3N5,9,3,0,3,0.1545330136195786,20.453125,False,0.5713320039742871
3sy3__A1_A0A6L8P3N5--3sy3__B1_A0A6L8P3N5,10,4,3,3,0.0167538556644095,19.375,False,0.45898802622694634
3sy3__A1_A0A6L8P3N5--3sy3__B1_A0A6L8P3N5,11,3,1,3,0.1152426924687953,19.203125,False,0.5158109980142231
3sy3__A1_A0A6L8P3N5--3sy3__B1_A0A6L8P3N5,12,3,2,3,0.1349400757760166,18.984375,False,0.4677623710947786
3sy3__A1_A0A6L8P3N5--3sy3__B1_A0A6L8P3N5,13,4,2,3,0.0199624707671515,18.96875,False,0.45382382209787125
3sy3__A1_A0A6L8P3N5--3sy3__B1_A0A6L8P3N5,14,4,1,3,0.0214827831645903,18.75,False,0.4329152166857544
3sy3__A1_A0A6L8P3N5--3sy3__B1_A0A6L8P3N5,15,2,2,3,0.102507137316036,18.5,False,0.41675755741285025
3sy3__A1_A0A6L8P3N5--3sy3__B1_A0A6L8P3N5,16,3,3,3,0.2092508808553153,18.125,False,0.41164674361641307
3sy3__A1_A0A6L8P3N5--3sy3__B1_A0A6L8P3N5,17,2,1,3,0.0882332712956639,17.984375,False,0.40657940971628304
3sy3__A1_A0A6L8P3N5--3sy3__B1_A0A6L8P3N5,18,2,0,3,0.0583790075942667,17.90625,False,0.3634000123869902
3sy3__A1_A0A6L8P3N5--3sy3__B1_A0A6L8P3N5,19,2,3,3,0.0518527779400364,17.75,False,0.36798877557176646
3sy3__A1_A0A6L8P3N5--3sy3__B1_A0A6L8P3N5,20,4,0,3,0.0136553585456123,17.53125,False,0.3861220199617932
3tbi__B1_P0A8V2--3tbi__A1_P13338,1,4,3,2,0.7209228482762683,86.0625,True,0.6031083894814632
3tbi__B1_P0A8V2--3tbi__A1_P13338,2,4,1,2,0.7060587573377187,86.0,True,0.5807778195331695
3tbi__B1_P0A8V2--3tbi__A1_P13338,3,1,1,2,0.7402176671888512,85.5625,True,0.49125642914774237
3tbi__B1_P0A8V2--3tbi__A1_P13338,4,1,3,2,0.744303832890699,85.5,True,0.6344741427141269
3tbi__B1_P0A8V2--3tbi__A1_P13338,5,4,0,2,0.7179609340331053,85.4375,True,0.5308629052052256
3tbi__B1_P0A8V2--3tbi__A1_P13338,6,4,2,2,0.6965080362766535,85.4375,True,0.5567518101916542
3tbi__B1_P0A8V2--3tbi__A1_P13338,7,1,0,2,0.7210809179383667,85.25,True,0.6058012075477468
3tbi__B1_P0A8V2--3tbi__A1_P13338,8,5,3,2,0.7510159834235899,84.8125,True,0.5124199537695813
3tbi__B1_P0A8V2--3tbi__A1_P13338,9,1,2,2,0.7155096832834742,84.4375,True,0.5339615888511814
3tbi__B1_P0A8V2--3tbi__A1_P13338,10,3,2,2,0.695454759525093,84.375,True,0.4792797957971081
3tbi__B1_P0A8V2--3tbi__A1_P13338,11,3,3,2,0.6947961688965335,84.25,True,0.4965339398664464
3tbi__B1_P0A8V2--3tbi__A1_P13338,12,5,1,2,0.7190771682725159,84.25,True,0.4787968625448729
3tbi__B1_P0A8V2--3tbi__A1_P13338,13,3,1,2,0.7008706346829362,83.8125,True,0.45840896212881577
3tbi__B1_P0A8V2--3tbi__A1_P13338,14,5,0,2,0.699090167476815,83.8125,True,0.44885761132133006
3tbi__B1_P0A8V2--3tbi__A1_P13338,15,3,0,2,0.6852344451544639,83.8125,True,0.4454330041546556
3tbi__B1_P0A8V2--3tbi__A1_P13338,16,2,3,2,0.7316642725591724,83.625,True,0.5205844478166876
3tbi__B1_P0A8V2--3tbi__A1_P13338,17,2,1,2,0.6921570486646379,83.3125,True,0.5393909785621661
3tbi__B1_P0A8V2--3tbi__A1_P13338,18,2,2,2,0.6978957363632946,83.0,True,0.43670171845139905
3tbi__B1_P0A8V2--3tbi__A1_P13338,19,5,2,2,0.7066660977311064,78.3125,True,0.41714037502508033
3tbi__B1_P0A8V2--3tbi__A1_P13338,20,2,0,2,0.6947511416381354,77.0,True,0.37191069877152755
3teq__C1_Q13586--3teq__A1_Q13586,1,4,2,1,0.8955632320961543,83.4375,True,0.6305649523652165
3teq__C1_Q13586--3teq__A1_Q13586,2,4,0,1,0.8953583790013854,83.375,True,0.6309625960189
3teq__C1_Q13586--3teq__A1_Q13586,3,4,1,1,0.9043071664497218,83.1875,True,0.6108634353226405
3teq__C1_Q13586--3teq__A1_Q13586,4,4,3,1,0.9026542335041172,82.9375,True,0.59738359664213
3teq__C1_Q13586--3teq__A1_Q13586,5,1,0,1,0.165667121203641,81.75,False,0.5642047892750736
3teq__C1_Q13586--3teq__A1_Q13586,6,1,1,1,0.1657121417317836,80.8125,False,0.5563819359241147
3teq__C1_Q13586--3teq__A1_Q13586,7,5,2,1,0.1450967073074217,80.6875,False,0.5583724307091162
3teq__C1_Q13586--3teq__A1_Q13586,8,5,0,1,0.1449883928274927,80.4375,False,0.549066118428407
3teq__C1_Q13586--3teq__A1_Q13586,9,1,2,1,0.1658158854271912,80.3125,False,0.5213069297830409
3teq__C1_Q13586--3teq__A1_Q13586,10,3,2,1,0.1520366908343476,80.25,False,0.5103262238173414
3teq__C1_Q13586--3teq__A1_Q13586,11,5,3,1,0.1519475172784935,80.1875,False,0.5216473690140312
3teq__C1_Q13586--3teq__A1_Q13586,12,5,1,1,0.1518887066186804,80.125,False,0.485475794173713
3teq__C1_Q13586--3teq__A1_Q13586,13,1,3,1,0.1659614221485318,80.0,False,0.4782287302136645
3teq__C1_Q13586--3teq__A1_Q13586,14,3,1,1,0.1521068243293178,79.8125,False,0.42126330504241516
3teq__C1_Q13586--3teq__A1_Q13586,15,3,0,1,0.1518841358606175,79.8125,False,0.46691776387371786
3teq__C1_Q13586--3teq__A1_Q13586,16,2,0,1,0.14532634646223,79.5,False,0.41041061806820284
3teq__C1_Q13586--3teq__A1_Q13586,17,3,3,1,0.1519849014622668,79.375,False,0.40130665021056905
3teq__C1_Q13586--3teq__A1_Q13586,18,2,1,1,0.1452109924267368,78.5625,False,0.39574659761621755
3teq__C1_Q13586--3teq__A1_Q13586,19,2,3,1,0.1454099201946831,78.5,False,0.4084199098204557
3teq__C1_Q13586--3teq__A1_Q13586,20,2,2,1,0.145518474936191,77.8125,False,0.41802696352170166
3thf__A1_A1Z9P3--3thf__B1_A1Z9P3,1,1,2,0,0.6890509467421393,76.0625,True,0.6562668252567563
3thf__A1_A1Z9P3--3thf__B1_A1Z9P3,2,1,0,0,0.7515894128641415,75.5625,True,0.6415347377227066
3thf__A1_A1Z9P3--3thf__B1_A1Z9P3,3,3,2,0,0.6950700539852884,68.3125,True,0.6265305667666061
3thf__A1_A1Z9P3--3thf__B1_A1Z9P3,4,3,1,0,0.7099718766281086,67.375,True,0.6112789060346601
3thf__A1_A1Z9P3--3thf__B1_A1Z9P3,5,4,2,0,0.0086316959001751,24.390625,False,0.599365586931714
3thf__A1_A1Z9P3--3thf__B1_A1Z9P3,6,5,2,0,0.0158620548016828,19.96875,False,0.5964202718906848
3thf__A1_A1Z9P3--3thf__B1_A1Z9P3,7,2,1,0,0.037826470772541,19.5,False,0.512874731706371
3thf__A1_A1Z9P3--3thf__B1_A1Z9P3,8,5,1,0,0.0245306542094473,19.359375,False,0.48070738527806617
3thf__A1_A1Z9P3--3thf__B1_A1Z9P3,9,3,3,0,0.0147539827530686,19.3125,False,0.5091170378651128
3thf__A1_A1Z9P3--3thf__B1_A1Z9P3,10,1,1,0,0.0126861102297142,18.28125,False,0.5276647921404264
3thf__A1_A1Z9P3--3thf__B1_A1Z9P3,11,5,3,0,0.0136157883064773,18.015625,False,0.48799392221026805
3thf__A1_A1Z9P3--3thf__B1_A1Z9P3,12,3,0,0,0.0166645410654818,17.9375,False,0.4940617039944329
3thf__A1_A1Z9P3--3thf__B1_A1Z9P3,13,2,3,0,0.0349546723251845,17.453125,False,0.4233379906638276
3thf__A1_A1Z9P3--3thf__B1_A1Z9P3,14,4,1,0,0.0191985975901697,17.375,False,0.49297560666349505
3thf__A1_A1Z9P3--3thf__B1_A1Z9P3,15,2,0,0,0.0203782622564205,17.375,False,0.4375226717444933
3thf__A1_A1Z9P3--3thf__B1_A1Z9P3,16,5,0,0,0.0280719832900791,17.171875,False,0.40268485480319904
3thf__A1_A1Z9P3--3thf__B1_A1Z9P3,17,4,3,0,0.012359956403004,17.09375,False,0.4301484455186579
3thf__A1_A1Z9P3--3thf__B1_A1Z9P3,18,4,0,0,0.0118151681957335,16.90625,False,0.43188716165626284
3thf__A1_A1Z9P3--3thf__B1_A1Z9P3,19,1,3,0,0.0094207276769993,16.890625,False,0.422996534015555
3thf__A1_A1Z9P3--3thf__B1_A1Z9P3,20,2,2,0,0.0586454378271012,16.578125,False,0.3666412790161357
3toj__B1_Q9UBL3--3toj__A1_Q9UBL3,1,1,1,2,0.1410795601565083,61.5,False,0.6489828638140801
3toj__B1_Q9UBL3--3toj__A1_Q9UBL3,2,1,3,2,0.1375644968840705,58.71875,False,0.6356066243691231
3toj__B1_Q9UBL3--3toj__A1_Q9UBL3,3,1,2,2,0.3711165766853705,48.53125,True,0.62439654276594
3toj__B1_Q9UBL3--3toj__A1_Q9UBL3,4,2,0,2,0.2821718621899126,48.1875,True,0.5845612843515555
3toj__B1_Q9UBL3--3toj__A1_Q9UBL3,5,3,0,2,0.3434079335423097,47.53125,True,0.5563634289749292
3toj__B1_Q9UBL3--3toj__A1_Q9UBL3,6,2,3,2,0.1396527723961912,47.1875,False,0.560953531391318
3toj__B1_Q9UBL3--3toj__A1_Q9UBL3,7,1,0,2,0.3838283607872171,47.0,True,0.600045379076433
3toj__B1_Q9UBL3--3toj__A1_Q9UBL3,8,3,2,2,0.3489039705892335,46.375,True,0.5324349710544428
3toj__B1_Q9UBL3--3toj__A1_Q9UBL3,9,2,1,2,0.2741538553266795,41.5625,True,0.5072490204611029
3toj__B1_Q9UBL3--3toj__A1_Q9UBL3,10,2,2,2,0.1827388911115224,28.015625,False,0.4935366503412397
3toj__B1_Q9UBL3--3toj__A1_Q9UBL3,11,5,0,2,0.0285508745451897,21.109375,False,0.5317260952041771
3toj__B1_Q9UBL3--3toj__A1_Q9UBL3,12,5,1,2,0.0263340377296999,20.59375,False,0.5044116359608697
3toj__B1_Q9UBL3--3toj__A1_Q9UBL3,13,5,3,2,0.053549789091262,18.203125,False,0.4892026091213449
3toj__B1_Q9UBL3--3toj__A1_Q9UBL3,14,3,3,2,0.0062893812741078,18.109375,False,0.4731127813886004
3toj__B1_Q9UBL3--3toj__A1_Q9UBL3,15,5,2,2,0.0333087132980147,17.6875,False,0.42444960498933404
3toj__B1_Q9UBL3--3toj__A1_Q9UBL3,16,4,0,2,0.0241890498348859,17.46875,False,0.4431921548886361
3toj__B1_Q9UBL3--3toj__A1_Q9UBL3,17,4,2,2,0.0114125362300298,16.25,False,0.40288561295586545
3toj__B1_Q9UBL3--3toj__A1_Q9UBL3,18,4,3,2,0.0072755643416748,16.140625,False,0.39786719284047084
3toj__B1_Q9UBL3--3toj__A1_Q9UBL3,19,3,1,2,0.0066318601396856,16.125,False,0.37289259261181973
3toj__B1_Q9UBL3--3toj__A1_Q9UBL3,20,4,1,2,0.0101515921630066,15.9453125,False,0.35845190444145997
3u3q__A1_O75509--3u3q__A2_O75509,1,2,0,2,0.4820925216378145,36.25,True,0.6543552992503285
3u3q__A1_O75509--3u3q__A2_O75509,2,2,1,2,0.0906760000117209,29.171875,False,0.67250754385302
3u3q__A1_O75509--3u3q__A2_O75509,3,2,2,2,0.099274961793063,26.828125,False,0.6501815142485473
3u3q__A1_O75509--3u3q__A2_O75509,4,2,3,2,0.3138663471162635,25.65625,True,0.6407055670237175
3u3q__A1_O75509--3u3q__A2_O75509,5,1,0,2,0.147973027927471,20.1875,False,0.6141231177475777
3u3q__A1_O75509--3u3q__A2_O75509,6,4,2,2,0.0275122082711131,20.140625,False,0.582913060090367
3u3q__A1_O75509--3u3q__A2_O75509,7,3,0,2,0.0331518231607191,18.34375,False,0.5469186925620703
3u3q__A1_O75509--3u3q__A2_O75509,8,1,3,2,0.0860355061297298,18.109375,False,0.5379800780968056
3u3q__A1_O75509--3u3q__A2_O75509,9,3,2,2,0.0342484108361526,18.09375,False,0.510426924278335
3u3q__A1_O75509--3u3q__A2_O75509,10,5,1,2,0.0914759242399248,17.9375,False,0.5558182719473331
3u3q__A1_O75509--3u3q__A2_O75509,11,3,3,2,0.0351676711348204,17.578125,False,0.48469269143445215
3u3q__A1_O75509--3u3q__A2_O75509,12,4,1,2,0.0329404855100309,17.5,False,0.43971756201089196
3u3q__A1_O75509--3u3q__A2_O75509,13,5,0,2,0.050184007637679,17.3125,False,0.44628335950910136
3u3q__A1_O75509--3u3q__A2_O75509,14,4,0,2,0.0323417260249061,17.078125,False,0.3962236375736998
3u3q__A1_O75509--3u3q__A2_O75509,15,5,3,2,0.3514382268831481,17.078125,True,0.45438077496908125
3u3q__A1_O75509--3u3q__A2_O75509,16,4,3,2,0.0349336767402538,16.890625,False,0.4239082348079249
3u3q__A1_O75509--3u3q__A2_O75509,17,3,1,2,0.0356015463171414,16.796875,False,0.3677596627803074
3u3q__A1_O75509--3u3q__A2_O75509,18,1,1,2,0.0641777778561683,16.796875,False,0.4281113292022837
3u3q__A1_O75509--3u3q__A2_O75509,19,5,2,2,0.2230363847943179,16.53125,False,0.3845549668666551
3u3q__A1_O75509--3u3q__A2_O75509,20,1,2,2,0.2254767610672601,16.390625,False,0.34350672502003493
3u73__A1_Q03405--3u73__B1_P00749,1,5,2,4,0.1966776094857323,65.5625,False,0.6417846915855246
3u73__A1_Q03405--3u73__B1_P00749,2,5,1,4,0.2001532918945409,65.25,False,0.5461667570107454
3u73__A1_Q03405--3u73__B1_P00749,3,4,2,4,0.2142448850739639,64.3125,False,0.5703214562690027
3u73__A1_Q03405--3u73__B1_P00749,4,4,3,4,0.209057526298504,63.9375,False,0.5208605845476676
3u73__A1_Q03405--3u73__B1_P00749,5,1,0,4,0.202702499247951,63.90625,False,0.49654505691782597
3u73__A1_Q03405--3u73__B1_P00749,6,2,1,4,0.2114663036469565,63.1875,False,0.4367064970829453
3u73__A1_Q03405--3u73__B1_P00749,7,4,1,4,0.2174418000329235,63.15625,False,0.49443040978176817
3u73__A1_Q03405--3u73__B1_P00749,8,4,0,4,0.2224304803362251,62.34375,False,0.46818542288692333
3u73__A1_Q03405--3u73__B1_P00749,9,5,3,4,0.2103783714179532,59.25,False,0.5744317230794466
3u73__A1_Q03405--3u73__B1_P00749,10,1,1,4,0.2928888003055914,59.0,True,0.4122721775285192
3u73__A1_Q03405--3u73__B1_P00749,11,1,2,4,0.2945917649248702,58.53125,True,0.3854096105473227
3u73__A1_Q03405--3u73__B1_P00749,12,3,3,4,0.204203813623307,57.03125,False,0.5802484526173051
3u73__A1_Q03405--3u73__B1_P00749,13,5,0,4,0.2190368357315158,54.03125,False,0.5288689572553015
3u73__A1_Q03405--3u73__B1_P00749,14,1,3,4,0.2251942931356685,53.0625,False,0.4413310085476611
3u73__A1_Q03405--3u73__B1_P00749,15,3,0,4,0.2026964961603406,48.5625,False,0.40184966726912164
3u73__A1_Q03405--3u73__B1_P00749,16,2,0,4,0.1902120215268521,37.90625,False,0.6352953607272197
3u73__A1_Q03405--3u73__B1_P00749,17,2,2,4,0.153332127310532,33.125,False,0.6116614996685927
3u73__A1_Q03405--3u73__B1_P00749,18,2,3,4,0.1606377905031959,28.65625,False,0.5737915818123842
3u73__A1_Q03405--3u73__B1_P00749,19,3,1,4,0.1323432021759334,24.234375,False,0.5210152535496482
3u73__A1_Q03405--3u73__B1_P00749,20,3,2,4,0.0585201280045492,22.625,False,0.33364394033618305
3ua3__A1_P46580--3ua3__B1_P46580,1,2,2,4,0.0377440255739999,79.1875,False,0.668298189550973
3ua3__A1_P46580--3ua3__B1_P46580,2,1,0,4,0.0343409797826511,75.375,False,0.65259109577284
3ua3__A1_P46580--3ua3__B1_P46580,3,5,0,4,0.030967932107935,73.5,False,0.6091097891621394
3ua3__A1_P46580--3ua3__B1_P46580,4,4,2,4,0.0377576556750334,73.375,False,0.623119585898772
3ua3__A1_P46580--3ua3__B1_P46580,5,1,2,4,0.034317501608709,73.375,False,0.636875894787179
3ua3__A1_P46580--3ua3__B1_P46580,6,5,1,4,0.0309748794729077,72.75,False,0.5776374845743262
3ua3__A1_P46580--3ua3__B1_P46580,7,5,2,4,0.0343857621763632,69.0,False,0.5626853340684224
3ua3__A1_P46580--3ua3__B1_P46580,8,1,3,4,0.0411288082979109,68.8125,False,0.571887324754615
3ua3__A1_P46580--3ua3__B1_P46580,9,1,1,4,0.0343430939187755,68.3125,False,0.5374613279327166
3ua3__A1_P46580--3ua3__B1_P46580,10,2,3,4,0.0411003606951363,67.875,False,0.5230635259836524
3ua3__A1_P46580--3ua3__B1_P46580,11,5,3,4,0.0343579262176117,66.0625,False,0.4654532180935459
3ua3__A1_P46580--3ua3__B1_P46580,12,3,2,4,0.03775882508613,65.9375,False,0.5122878022243634
3ua3__A1_P46580--3ua3__B1_P46580,13,4,0,4,0.0410912544837205,64.875,False,0.4572448743438832
3ua3__A1_P46580--3ua3__B1_P46580,14,4,3,4,0.5349389117908868,64.1875,True,0.4601267972541309
3ua3__A1_P46580--3ua3__B1_P46580,15,3,0,4,0.0410834607626414,62.21875,False,0.41400169129324277
3ua3__A1_P46580--3ua3__B1_P46580,16,4,1,4,0.0343734276859141,61.625,False,0.3966380024536406
3ua3__A1_P46580--3ua3__B1_P46580,17,3,3,4,0.0343463940148964,58.375,False,0.39742212450851133
3ua3__A1_P46580--3ua3__B1_P46580,18,2,1,4,0.0378065016106206,58.09375,False,0.39143365321970935
3ua3__A1_P46580--3ua3__B1_P46580,19,3,1,4,0.0411104085372783,56.6875,False,0.3605770820818345
3ua3__A1_P46580--3ua3__B1_P46580,20,2,0,4,0.0310787745504602,51.875,False,0.3502395564045873
3up1__A1_P16871--3up1__B1_P16871,1,1,2,2,0.5920188744986378,76.875,True,0.6415858834017127
3up1__A1_P16871--3up1__B1_P16871,2,2,0,2,0.6163902759015762,70.125,True,0.624254611275868
3up1__A1_P16871--3up1__B1_P16871,3,2,2,2,0.6238788320239971,70.0,True,0.6188814133207609
3up1__A1_P16871--3up1__B1_P16871,4,1,3,2,0.4720207738885841,67.1875,True,0.599878745850262
3up1__A1_P16871--3up1__B1_P16871,5,1,0,2,0.5118002826457961,63.1875,True,0.586460526759568
3up1__A1_P16871--3up1__B1_P16871,6,3,0,2,0.6337404001181031,62.03125,True,0.5728580323338535
3up1__A1_P16871--3up1__B1_P16871,7,2,3,2,0.6000776431999045,61.53125,True,0.561355656426276
3up1__A1_P16871--3up1__B1_P16871,8,1,1,2,0.4862612266283779,56.875,True,0.5395466132247515
3up1__A1_P16871--3up1__B1_P16871,9,5,0,2,0.6554324207752092,43.90625,True,0.5290798445892958
3up1__A1_P16871--3up1__B1_P16871,10,5,3,2,0.3511856652349761,40.9375,True,0.5145522386353092
3up1__A1_P16871--3up1__B1_P16871,11,3,2,2,0.430173484975936,39.3125,True,0.5
3up1__A1_P16871--3up1__B1_P16871,12,5,1,2,0.5561554279208863,36.75,True,0.48544776136469087
3up1__A1_P16871--3up1__B1_P16871,13,5,2,2,0.5430745281561453,30.578125,True,0.47092015541070426
3up1__A1_P16871--3up1__B1_P16871,14,3,3,2,0.5198640313609598,29.21875,True,0.472896404090051
3up1__A1_P16871--3up1__B1_P16871,15,4,2,2,0.3867779337223229,26.078125,True,0.4433281147851059
3up1__A1_P16871--3up1__B1_P16871,16,4,0,2,0.5528592077425093,25.71875,True,0.42510792820560095
3up1__A1_P16871--3up1__B1_P16871,17,4,1,2,0.4149797746761264,25.625,True,0.4310127199018438
3up1__A1_P16871--3up1__B1_P16871,18,4,3,2,0.4063670743657143,22.09375,True,0.39421478264965815
3up1__A1_P16871--3up1__B1_P16871,19,3,1,2,0.1548122981180398,19.609375,False,0.375215371114367
3up1__A1_P16871--3up1__B1_P16871,20,2,1,2,0.0147997015528809,17.140625,False,0.3565926320130977
3ups__A1_Q5NLX3--3ups__A2_Q5NLX3,1,2,0,3,0.5998635009245178,82.9375,True,0.6614858700232774
3ups__A1_Q5NLX3--3ups__A2_Q5NLX3,2,2,2,3,0.5868313679702553,80.125,True,0.6463264740952176
3ups__A1_Q5NLX3--3ups__A2_Q5NLX3,3,2,3,3,0.6017262533176708,79.8125,True,0.6308670418386041
3ups__A1_Q5NLX3--3ups__A2_Q5NLX3,4,2,1,3,0.5801793551114437,78.625,True,0.6151342470186344
3ups__A1_Q5NLX3--3ups__A2_Q5NLX3,5,1,0,3,0.0538960131365363,58.3125,False,0.5857764748856082
3ups__A1_Q5NLX3--3ups__A2_Q5NLX3,6,1,3,3,0.0473532440928596,55.25,False,0.5493686056705475
3ups__A1_Q5NLX3--3ups__A2_Q5NLX3,7,3,1,3,0.0307883070146487,52.59375,False,0.5523075577665312
3ups__A1_Q5NLX3--3ups__A2_Q5NLX3,8,3,3,3,0.0316074851993593,52.4375,False,0.542067393786173
3ups__A1_Q5NLX3--3ups__A2_Q5NLX3,9,1,2,3,0.043463743990944,51.875,False,0.49864597264477695
3ups__A1_Q5NLX3--3ups__A2_Q5NLX3,10,1,1,3,0.04504072612336,50.09375,False,0.5053688130550883
3ups__A1_Q5NLX3--3ups__A2_Q5NLX3,11,4,2,3,0.2954720573370447,49.0625,True,0.544152770368144
3ups__A1_Q5NLX3--3ups__A2_Q5NLX3,12,4,1,3,0.0276281080791631,48.46875,False,0.48444920569134564
3ups__A1_Q5NLX3--3ups__A2_Q5NLX3,13,3,2,3,0.0350918987133204,46.84375,False,0.448064795616424
3ups__A1_Q5NLX3--3ups__A2_Q5NLX3,14,3,0,3,0.0200151750261843,43.875,False,0.42823800866581935
3ups__A1_Q5NLX3--3ups__A2_Q5NLX3,15,4,0,3,0.2354486701861768,43.5,True,0.513430819653683
3ups__A1_Q5NLX3--3ups__A2_Q5NLX3,16,5,0,3,0.1066707573539638,40.625,False,0.41806819870694883
3ups__A1_Q5NLX3--3ups__A2_Q5NLX3,17,5,2,3,0.0973031813778221,34.59375,False,0.39467929798911855
3ups__A1_Q5NLX3--3ups__A2_Q5NLX3,18,5,3,3,0.2584802953790403,33.625,True,0.4157495388775497
3ups__A1_Q5NLX3--3ups__A2_Q5NLX3,19,5,1,3,0.1034813558145444,32.53125,False,0.37363076732827105
3ups__A1_Q5NLX3--3ups__A2_Q5NLX3,20,4,3,3,0.0515362558311123,19.359375,False,0.35367352590478235
3v69__A1_Q9CWU5--3v69__B1_Q9CWU5,1,2,1,3,0.1887952897595575,88.25,False,0.6481729612218438
3v69__A1_Q9CWU5--3v69__B1_Q9CWU5,2,4,0,3,0.1911736875444077,88.0,False,0.6563192693354937
3v69__A1_Q9CWU5--3v69__B1_Q9CWU5,3,2,2,3,0.1884635474345307,87.25,False,0.6343303154873672
3v69__A1_Q9CWU5--3v69__B1_Q9CWU5,4,2,3,3,0.1831910199494572,85.0625,False,0.6151342470186344
3v69__A1_Q9CWU5--3v69__B1_Q9CWU5,5,1,2,3,0.1481145825060097,50.21875,False,0.5981351673267881
3v69__A1_Q9CWU5--3v69__B1_Q9CWU5,6,2,0,3,0.522091032999186,48.125,True,0.5839996061673292
3v69__A1_Q9CWU5--3v69__B1_Q9CWU5,7,4,1,3,0.1860615958796273,42.3125,False,0.5687368300032095
3v69__A1_Q9CWU5--3v69__B1_Q9CWU5,8,1,0,3,0.176113867898645,37.96875,False,0.4741021283035779
3v69__A1_Q9CWU5--3v69__B1_Q9CWU5,9,4,3,3,0.1747584383808091,37.9375,False,0.5249163303422304
3v69__A1_Q9CWU5--3v69__B1_Q9CWU5,10,4,2,3,0.2826237807192526,37.46875,True,0.4926963147591043
3v69__A1_Q9CWU5--3v69__B1_Q9CWU5,11,5,3,3,0.6808653368692198,37.3125,True,0.5295032212594936
3v69__A1_Q9CWU5--3v69__B1_Q9CWU5,12,5,1,3,0.5806740950067311,36.90625,True,0.5119778273799647
3v69__A1_Q9CWU5--3v69__B1_Q9CWU5,13,1,3,3,0.2638892788909437,36.53125,True,0.4787729749598854
3v69__A1_Q9CWU5--3v69__B1_Q9CWU5,14,5,2,3,0.6669421344339491,34.90625,True,0.46001350623465687
3v69__A1_Q9CWU5--3v69__B1_Q9CWU5,15,1,1,3,0.1592201825625204,34.125,False,0.45132653853187416
3v69__A1_Q9CWU5--3v69__B1_Q9CWU5,16,5,0,3,0.657573514003141,32.46875,True,0.42595918715207576
3v69__A1_Q9CWU5--3v69__B1_Q9CWU5,17,3,3,3,0.3783918274916433,29.90625,True,0.3771984834442626
3v69__A1_Q9CWU5--3v69__B1_Q9CWU5,18,3,0,3,0.4938327617330036,29.78125,True,0.3965626537173864
3v69__A1_Q9CWU5--3v69__B1_Q9CWU5,19,3,2,3,0.4476274436959078,24.90625,True,0.3750760879704789
3v69__A1_Q9CWU5--3v69__B1_Q9CWU5,20,3,1,3,0.4285382485069073,23.484375,True,0.3580898867951248
3vcb__A1_P0C6X9--3vcb__B1_P0C6X9,1,1,2,1,0.203682809167027,75.75,False,0.6271851285551914
3vcb__A1_P0C6X9--3vcb__B1_P0C6X9,2,1,3,1,0.2295653120028392,71.625,False,0.557604438150409
3vcb__A1_P0C6X9--3vcb__B1_P0C6X9,3,2,0,1,0.4351499556319713,64.0,True,0.6313426678320526
3vcb__A1_P0C6X9--3vcb__B1_P0C6X9,4,1,1,1,0.1454795545675735,52.625,False,0.6059351030600979
3vcb__A1_P0C6X9--3vcb__B1_P0C6X9,5,3,2,1,0.1643860138868933,52.375,False,0.6031717626541132
3vcb__A1_P0C6X9--3vcb__B1_P0C6X9,6,3,0,1,0.4561387448892202,49.21875,True,0.5899487636511738
3vcb__A1_P0C6X9--3vcb__B1_P0C6X9,7,1,0,1,0.1603674726884195,46.90625,False,0.5452413509905406
3vcb__A1_P0C6X9--3vcb__B1_P0C6X9,8,2,2,1,0.5999882714605381,43.03125,True,0.56511316346808
3vcb__A1_P0C6X9--3vcb__B1_P0C6X9,9,5,2,1,0.3791503182767773,40.875,True,0.5147910866584511
3vcb__A1_P0C6X9--3vcb__B1_P0C6X9,10,3,3,1,0.3659376076473557,32.21875,True,0.4751259312486726
3vcb__A1_P0C6X9--3vcb__B1_P0C6X9,11,2,1,1,0.0911690111759601,29.015625,False,0.506423726369703
3vcb__A1_P0C6X9--3vcb__B1_P0C6X9,12,4,2,1,0.0322310276256388,27.78125,False,0.4791614777453537
3vcb__A1_P0C6X9--3vcb__B1_P0C6X9,13,5,0,1,0.1809539453275906,27.484375,False,0.45782769974813187
3vcb__A1_P0C6X9--3vcb__B1_P0C6X9,14,5,1,1,0.0548163977596231,27.21875,False,0.4940327811836206
3vcb__A1_P0C6X9--3vcb__B1_P0C6X9,15,2,3,1,0.3984333530201716,25.046875,True,0.48179105921355353
3vcb__A1_P0C6X9--3vcb__B1_P0C6X9,16,4,1,1,0.0777802565885752,20.609375,False,0.4473346298578097
3vcb__A1_P0C6X9--3vcb__B1_P0C6X9,17,4,0,1,0.0104855586667885,17.734375,False,0.41801593232881856
3vcb__A1_P0C6X9--3vcb__B1_P0C6X9,18,3,1,1,0.1075092851412365,17.21875,False,0.38926536338832407
3vcb__A1_P0C6X9--3vcb__B1_P0C6X9,19,5,3,1,0.015524816858235,16.140625,False,0.38640020753948084
3vcb__A1_P0C6X9--3vcb__B1_P0C6X9,20,4,3,1,0.0102536948398626,14.8359375,False,0.3628889776729978
3vyr__B1_Q5JII1--3vyr__A1_Q5JII0,1,5,1,1,0.6051317911866828,89.125,True,0.5884096847196734
3vyr__B1_Q5JII1--3vyr__A1_Q5JII0,2,5,0,1,0.5821024342478011,89.125,True,0.4792769294359025
3vyr__B1_Q5JII1--3vyr__A1_Q5JII0,3,5,3,1,0.581941990963205,89.0625,True,0.45766861251902263
3vyr__B1_Q5JII1--3vyr__A1_Q5JII0,4,4,1,1,0.5833068794317072,88.8125,True,0.40111900393239136
3vyr__B1_Q5JII1--3vyr__A1_Q5JII0,5,5,2,1,0.6005535002000121,88.8125,True,0.5405832754719306
3vyr__B1_Q5JII1--3vyr__A1_Q5JII0,6,3,2,1,0.5931553357204877,88.8125,True,0.4392078234300991
3vyr__B1_Q5JII1--3vyr__A1_Q5JII0,7,4,3,1,0.5862911636599569,88.8125,True,0.4317762383803979
3vyr__B1_Q5JII1--3vyr__A1_Q5JII0,8,3,0,1,0.597369423836878,88.8125,True,0.44600430438776256
3vyr__B1_Q5JII1--3vyr__A1_Q5JII0,9,3,1,1,0.6093359695728681,88.75,True,0.5621822957706742
3vyr__B1_Q5JII1--3vyr__A1_Q5JII0,10,4,2,1,0.5877682117566544,88.6875,True,0.39954670760119576
3vyr__B1_Q5JII1--3vyr__A1_Q5JII0,11,2,0,1,0.5925542048631524,88.6875,True,0.5894041006938125
3vyr__B1_Q5JII1--3vyr__A1_Q5JII0,12,4,0,1,0.5795929649871057,88.625,True,0.3626507455831366
3vyr__B1_Q5JII1--3vyr__A1_Q5JII0,13,2,2,1,0.5801403874892066,88.5625,True,0.6315691695978035
3vyr__B1_Q5JII1--3vyr__A1_Q5JII0,14,3,3,1,0.6000404414138657,88.375,True,0.424061631472096
3vyr__B1_Q5JII1--3vyr__A1_Q5JII0,15,2,3,1,0.5996426773146297,88.375,True,0.6282528641936954
3vyr__B1_Q5JII1--3vyr__A1_Q5JII0,16,2,1,1,0.6017691058166701,88.3125,True,0.6309938230349438
3vyr__B1_Q5JII1--3vyr__A1_Q5JII0,17,1,3,1,0.5983080907398709,87.8125,True,0.5711202945064285
3vyr__B1_Q5JII1--3vyr__A1_Q5JII0,18,1,0,1,0.5893499739583725,87.75,True,0.500634305651726
3vyr__B1_Q5JII1--3vyr__A1_Q5JII0,19,1,2,1,0.5913005679304666,87.5,True,0.5409043866740323
3vyr__B1_Q5JII1--3vyr__A1_Q5JII0,20,1,1,1,0.600507177016918,87.375,True,0.5113980104954065
3w0l__B1_Q91754--3w0l__A1_Q91753,1,4,2,2,0.3017693726987984,71.9375,True,0.6415858834017127
3w0l__B1_Q91754--3w0l__A1_Q91753,2,4,3,2,0.3242887603787446,64.25,True,0.6280893012284724
3w0l__B1_Q91754--3w0l__A1_Q91753,3,1,2,2,0.2534332164036023,61.84375,True,0.6143899476729139
3w0l__B1_Q91754--3w0l__A1_Q91753,4,3,0,2,0.3546567821465576,57.375,True,0.6005069364098622
3w0l__B1_Q91754--3w0l__A1_Q91753,5,4,0,2,0.1566993099501905,54.5,False,0.5817395372383072
3w0l__B1_Q91754--3w0l__A1_Q91753,6,3,2,2,0.2871804327528491,51.21875,True,0.5770221700813227
3w0l__B1_Q91754--3w0l__A1_Q91753,7,4,1,2,0.3118636186928921,46.1875,True,0.5579636243531853
3w0l__B1_Q91754--3w0l__A1_Q91753,8,3,1,2,0.2273179770914772,35.65625,False,0.5713969951677567
3w0l__B1_Q91754--3w0l__A1_Q91753,9,1,0,2,0.1708618862211188,34.6875,False,0.5612271287701653
3w0l__B1_Q91754--3w0l__A1_Q91753,10,1,3,2,0.1977218995349622,33.40625,False,0.5080792244937933
3w0l__B1_Q91754--3w0l__A1_Q91753,11,1,1,2,0.1318969883489407,32.5625,False,0.48378049627417113
3w0l__B1_Q91754--3w0l__A1_Q91753,12,5,0,2,0.0183419983411165,31.875,False,0.5225532345621983
3w0l__B1_Q91754--3w0l__A1_Q91753,13,5,2,2,0.0196761577896128,31.390625,False,0.4952116689703742
3w0l__B1_Q91754--3w0l__A1_Q91753,14,5,1,2,0.1389885764355659,31.0625,False,0.4372299340621463
3w0l__B1_Q91754--3w0l__A1_Q91753,15,5,3,2,0.0203491830937137,30.359375,False,0.45760420226808773
3w0l__B1_Q91754--3w0l__A1_Q91753,16,2,2,2,0.0947799228015996,29.515625,False,0.4193326194836193
3w0l__B1_Q91754--3w0l__A1_Q91753,17,2,3,2,0.0467145777993702,28.140625,False,0.38515939062709686
3w0l__B1_Q91754--3w0l__A1_Q91753,18,3,3,2,0.0542028300535698,27.5,False,0.3822605626597572
3w0l__B1_Q91754--3w0l__A1_Q91753,19,2,0,2,0.0385535282247818,27.484375,False,0.3705243359556157
3w0l__B1_Q91754--3w0l__A1_Q91753,20,2,1,2,0.0572810249636692,27.125,False,0.35035671490909154
3w2v__A1_Q8U1S6--3w2v__B1_Q8U1S7,1,1,0,1,0.6607335763000981,87.1875,True,0.6284279924236578
3w2v__A1_Q8U1S6--3w2v__B1_Q8U1S7,2,2,1,1,0.6487088858561937,87.0,True,0.6320426747907844
3w2v__A1_Q8U1S6--3w2v__B1_Q8U1S7,3,1,3,1,0.6781194704038079,86.625,True,0.5913429151873922
3w2v__A1_Q8U1S6--3w2v__B1_Q8U1S7,4,1,1,1,0.6637483088730035,86.1875,True,0.5380298684899141
3w2v__A1_Q8U1S6--3w2v__B1_Q8U1S7,5,2,0,1,0.6684246404891079,86.1875,True,0.594600109732074
3w2v__A1_Q8U1S6--3w2v__B1_Q8U1S7,6,1,2,1,0.662205170455671,86.0625,True,0.5524704918535948
3w2v__A1_Q8U1S6--3w2v__B1_Q8U1S7,7,5,0,1,0.6442015095688751,86.0,True,0.5476085584866733
3w2v__A1_Q8U1S6--3w2v__B1_Q8U1S7,8,3,3,1,0.6663647258233474,85.75,True,0.5108869176985485
3w2v__A1_Q8U1S6--3w2v__B1_Q8U1S7,9,3,0,1,0.6537597036609332,85.6875,True,0.5090531689785159
3w2v__A1_Q8U1S6--3w2v__B1_Q8U1S7,10,3,2,1,0.646365708267211,85.5,True,0.4842243138096815
3w2v__A1_Q8U1S6--3w2v__B1_Q8U1S7,11,2,3,1,0.6614704217949335,85.4375,True,0.5309762948464266
3w2v__A1_Q8U1S6--3w2v__B1_Q8U1S7,12,3,1,1,0.6490074176933435,85.3125,True,0.44879594182189964
3w2v__A1_Q8U1S6--3w2v__B1_Q8U1S7,13,2,2,1,0.6531926044973323,85.1875,True,0.5225491448467492
3w2v__A1_Q8U1S6--3w2v__B1_Q8U1S7,14,5,2,1,0.588241861174979,84.875,True,0.45291753542190366
3w2v__A1_Q8U1S6--3w2v__B1_Q8U1S7,15,5,3,1,0.6831078865996015,84.6875,True,0.4616258893067576
3w2v__A1_Q8U1S6--3w2v__B1_Q8U1S7,16,4,2,1,0.6434093533557874,84.6875,True,0.474212985576389
3w2v__A1_Q8U1S6--3w2v__B1_Q8U1S7,17,5,1,1,0.6460243446973166,84.5625,True,0.4133173652566032
3w2v__A1_Q8U1S6--3w2v__B1_Q8U1S7,18,4,3,1,0.6343884356743544,84.4375,True,0.4555577008203286
3w2v__A1_Q8U1S6--3w2v__B1_Q8U1S7,19,4,1,1,0.5974212321795886,83.1875,True,0.42081814306087845
3w2v__A1_Q8U1S6--3w2v__B1_Q8U1S7,20,4,0,1,0.5770032530893471,82.5,True,0.3679573252092156
3wry__C1_P03587--3wry__A1_A7M6E7,1,3,3,0,0.0112427896870678,22.828125,False,0.6750237786785358
3wry__C1_P03587--3wry__A1_A7M6E7,2,1,1,0,0.009799915938901,22.28125,False,0.6111277569002823
3wry__C1_P03587--3wry__A1_A7M6E7,3,2,0,0,0.0058760311404995,21.78125,False,0.5895159000374965
3wry__C1_P03587--3wry__A1_A7M6E7,4,1,3,0,0.0088905211328077,21.765625,False,0.6385984790661345
3wry__C1_P03587--3wry__A1_A7M6E7,5,1,2,0,0.009072383426827,21.5,False,0.5976023685285299
3wry__C1_P03587--3wry__A1_A7M6E7,6,1,0,0,0.0135726400297227,21.40625,False,0.5727784610801915
3wry__C1_P03587--3wry__A1_A7M6E7,7,3,2,0,0.0114029557313463,21.046875,False,0.5721326124211461
3wry__C1_P03587--3wry__A1_A7M6E7,8,2,1,0,0.005803896544697,21.0,False,0.5431339867586392
3wry__C1_P03587--3wry__A1_A7M6E7,9,2,2,0,0.005864236172738,20.859375,False,0.48610782111033046
3wry__C1_P03587--3wry__A1_A7M6E7,10,4,3,0,0.0137253588674105,20.71875,False,0.5407847306362118
3wry__C1_P03587--3wry__A1_A7M6E7,11,2,3,0,0.0055255698193562,20.671875,False,0.495843563288692
3wry__C1_P03587--3wry__A1_A7M6E7,12,4,0,0,0.0131478394041125,20.625,False,0.5262108599075308
3wry__C1_P03587--3wry__A1_A7M6E7,13,4,2,0,0.0122834878007518,20.546875,False,0.5117404606474033
3wry__C1_P03587--3wry__A1_A7M6E7,14,4,1,0,0.0077609392682469,20.25,False,0.4791986339686799
3wry__C1_P03587--3wry__A1_A7M6E7,15,3,1,0,0.00879795358938,19.65625,False,0.43588973535882436
3wry__C1_P03587--3wry__A1_A7M6E7,16,5,0,0,0.0069282885178532,19.25,False,0.40419128973958024
3wry__C1_P03587--3wry__A1_A7M6E7,17,3,0,0,0.0113619841183572,19.140625,False,0.40779233014180244
3wry__C1_P03587--3wry__A1_A7M6E7,18,5,3,0,0.0062062803554448,19.046875,False,0.37611572692075657
3wry__C1_P03587--3wry__A1_A7M6E7,19,5,1,0,0.0060584818816015,18.734375,False,0.3547183029533151
3wry__C1_P03587--3wry__A1_A7M6E7,20,5,2,0,0.0073999388928597,18.6875,False,0.34156402174402734
3wvb__A1_Q58649--3wvb__B1_Q58649,1,3,1,2,0.859341560001218,93.5,True,0.6236202103947321
3wvb__A1_Q58649--3wvb__B1_Q58649,2,3,0,2,0.859044681648028,93.375,True,0.5969714891026453
3wvb__A1_Q58649--3wvb__B1_Q58649,3,4,0,2,0.8483322428201929,93.375,True,0.630546008953979
3wvb__A1_Q58649--3wvb__B1_Q58649,4,1,1,2,0.8478364337544436,93.375,True,0.5684868727809578
3wvb__A1_Q58649--3wvb__B1_Q58649,5,1,0,2,0.8062265891182124,93.25,True,0.5197015355632963
3wvb__A1_Q58649--3wvb__B1_Q58649,6,3,3,2,0.8787904706688824,93.25,True,0.5626866240116594
3wvb__A1_Q58649--3wvb__B1_Q58649,7,1,3,2,0.8027290976662279,93.25,True,0.5409163955560201
3wvb__A1_Q58649--3wvb__B1_Q58649,8,4,2,2,0.8508630582810862,93.25,True,0.5822527078795053
3wvb__A1_Q58649--3wvb__B1_Q58649,9,5,0,2,0.8191858116696437,93.1875,True,0.5446590020582194
3wvb__A1_Q58649--3wvb__B1_Q58649,10,4,1,2,0.8394847408696599,93.0625,True,0.5620166046993599
3wvb__A1_Q58649--3wvb__B1_Q58649,11,5,1,2,0.8090122090643627,93.0,True,0.47275541500891394
3wvb__A1_Q58649--3wvb__B1_Q58649,12,1,2,2,0.8010602391911125,92.9375,True,0.44214579705576484
3wvb__A1_Q58649--3wvb__B1_Q58649,13,2,1,2,0.8329103045471541,92.9375,True,0.431520586493397
3wvb__A1_Q58649--3wvb__B1_Q58649,14,2,0,2,0.840910290568604,92.9375,True,0.4638237115639678
3wvb__A1_Q58649--3wvb__B1_Q58649,15,4,3,2,0.8456407627753375,92.875,True,0.4928790315438957
3wvb__A1_Q58649--3wvb__B1_Q58649,16,3,2,2,0.862077216087434,92.875,True,0.46639836526934914
3wvb__A1_Q58649--3wvb__B1_Q58649,17,5,2,2,0.7842405635591296,92.75,True,0.44072469870052805
3wvb__A1_Q58649--3wvb__B1_Q58649,18,2,3,2,0.8142234217313784,92.75,True,0.4091012160450344
3wvb__A1_Q58649--3wvb__B1_Q58649,19,5,3,2,0.7903870801262093,92.625,True,0.42154195033738134
3wvb__A1_Q58649--3wvb__B1_Q58649,20,2,2,2,0.8163651763806271,92.5,True,0.3696690966823734
3wxm__A1_Q9YAV0--3wxm__B1_Q9YAZ5,1,3,1,2,0.7560544052286425,86.625,True,0.6415858834017127
3wxm__A1_Q9YAV0--3wxm__B1_Q9YAZ5,2,3,0,2,0.7619000680642061,85.75,True,0.62481609883129
3wxm__A1_Q9YAV0--3wxm__B1_Q9YAZ5,3,5,0,2,0.7643368831362815,85.75,True,0.6215069451190415
3wxm__A1_Q9YAV0--3wxm__B1_Q9YAZ5,4,3,2,2,0.7545057873253368,85.0,True,0.5909312351636581
3wxm__A1_Q9YAV0--3wxm__B1_Q9YAZ5,5,4,1,2,0.7738269229430556,84.8125,True,0.5810697435568032
3wxm__A1_Q9YAV0--3wxm__B1_Q9YAZ5,6,5,3,2,0.7769042962257866,84.75,True,0.5805084521187466
3wxm__A1_Q9YAV0--3wxm__B1_Q9YAZ5,7,3,3,2,0.7555340990092007,84.6875,True,0.5684493084535027
3wxm__A1_Q9YAV0--3wxm__B1_Q9YAZ5,8,4,3,2,0.7799321206872486,83.5,True,0.5410103439041304
3wxm__A1_Q9YAV0--3wxm__B1_Q9YAZ5,9,5,2,2,0.7721653287848044,83.4375,True,0.525215979755839
3wxm__A1_Q9YAV0--3wxm__B1_Q9YAZ5,10,5,1,2,0.7485119782664581,82.4375,True,0.5153703273434477
3wxm__A1_Q9YAV0--3wxm__B1_Q9YAZ5,11,4,2,2,0.7575300241149634,81.9375,True,0.49798018079462014
3wxm__A1_Q9YAV0--3wxm__B1_Q9YAZ5,12,4,0,2,0.7916055360065336,81.375,True,0.4772683174533989
3wxm__A1_Q9YAV0--3wxm__B1_Q9YAZ5,13,2,3,2,0.812715681361131,81.0,True,0.4790905163766482
3wxm__A1_Q9YAV0--3wxm__B1_Q9YAZ5,14,2,1,2,0.7773993979574741,79.3125,True,0.4564416483175187
3wxm__A1_Q9YAV0--3wxm__B1_Q9YAZ5,15,2,0,2,0.8032852677476643,78.8125,True,0.4420363756468148
3wxm__A1_Q9YAV0--3wxm__B1_Q9YAZ5,16,2,2,2,0.8016633648568413,77.125,True,0.42772798293980535
3wxm__A1_Q9YAV0--3wxm__B1_Q9YAZ5,17,1,1,2,0.2899366149990756,70.875,True,0.40561653737218684
3wxm__A1_Q9YAV0--3wxm__B1_Q9YAZ5,18,1,3,2,0.2905020915128226,69.1875,True,0.40737836765149327
3wxm__A1_Q9YAV0--3wxm__B1_Q9YAZ5,19,1,0,2,0.4461783170395497,60.59375,True,0.385610052327086
3wxm__A1_Q9YAV0--3wxm__B1_Q9YAZ5,20,1,2,2,0.2327678323004319,53.03125,True,0.37191069877152755
3x0e__A1_P60033--3x0e__B1_P60033,1,1,3,0,0.8674119512034433,81.125,True,0.6562668252567563
3x0e__A1_P60033--3x0e__B1_P60033,2,5,3,0,0.1632056508108874,34.09375,False,0.6002469695162195
3x0e__A1_P60033--3x0e__B1_P60033,3,2,1,0,0.1980291807474498,33.96875,False,0.6070971931120726
3x0e__A1_P60033--3x0e__B1_P60033,4,2,0,0,0.1600204226304082,33.625,False,0.5894758015285401
3x0e__A1_P60033--3x0e__B1_P60033,5,2,2,0,0.1926518600066576,33.34375,False,0.605747185497747
3x0e__A1_P60033--3x0e__B1_P60033,6,5,1,0,0.2045989813867109,32.75,False,0.551236178399265
3x0e__A1_P60033--3x0e__B1_P60033,7,5,0,0,0.2212741534313584,32.09375,False,0.5484077609650351
3x0e__A1_P60033--3x0e__B1_P60033,8,4,3,0,0.2450320474525702,31.28125,True,0.5653187800228134
3x0e__A1_P60033--3x0e__B1_P60033,9,5,2,0,0.1921799254351775,31.25,False,0.5527008286526486
3x0e__A1_P60033--3x0e__B1_P60033,10,4,2,0,0.2774764425870822,31.03125,True,0.5385879917510803
3x0e__A1_P60033--3x0e__B1_P60033,11,3,3,0,0.0545057847069004,30.71875,False,0.45764041249320586
3x0e__A1_P60033--3x0e__B1_P60033,12,2,3,0,0.1722252603848259,30.0625,False,0.5017133386940831
3x0e__A1_P60033--3x0e__B1_P60033,13,4,1,0,0.2626826345893183,30.046875,True,0.46020666606005706
3x0e__A1_P60033--3x0e__B1_P60033,14,1,0,0,0.1361905558104075,29.875,False,0.4463414459549875
3x0e__A1_P60033--3x0e__B1_P60033,15,1,2,0,0.2300288705333034,29.484375,True,0.437525219821535
3x0e__A1_P60033--3x0e__B1_P60033,16,3,0,0,0.1571142553690161,29.359375,False,0.42146143130964575
3x0e__A1_P60033--3x0e__B1_P60033,17,3,1,0,0.1773090405728424,28.921875,False,0.3977498345341766
3x0e__A1_P60033--3x0e__B1_P60033,18,4,0,0,0.216725987276381,28.921875,False,0.4512662411234339
3x0e__A1_P60033--3x0e__B1_P60033,19,3,2,0,0.1756540891445458,28.15625,False,0.4130258243738969
3x0e__A1_P60033--3x0e__B1_P60033,20,1,1,0,0.1376600364922644,27.203125,False,0.3557199322653894
3x15__A1_O67504--3x15__C1_O67504,1,5,1,2,0.5028307175276011,71.6875,True,0.6366990723843003
3x15__A1_O67504--3x15__C1_O67504,2,5,0,2,0.5114307309533503,69.4375,True,0.6339860926380494
3x15__A1_O67504--3x15__C1_O67504,3,5,3,2,0.506150270471221,69.0625,True,0.6175929457121102
3x15__A1_O67504--3x15__C1_O67504,4,5,2,2,0.5009104107415449,69.0,True,0.596258211855691
3x15__A1_O67504--3x15__C1_O67504,5,4,2,2,0.0259712524270153,42.1875,False,0.586460526759568
3x15__A1_O67504--3x15__C1_O67504,6,4,1,2,0.0257510889891612,30.078125,False,0.5722720170601946
3x15__A1_O67504--3x15__C1_O67504,7,1,2,2,0.0247754456280913,22.953125,False,0.5655599555792082
3x15__A1_O67504--3x15__C1_O67504,8,4,0,2,0.0224929324094903,22.953125,False,0.5305804757474438
3x15__A1_O67504--3x15__C1_O67504,9,1,1,2,0.0250479898910948,22.84375,False,0.553712923735936
3x15__A1_O67504--3x15__C1_O67504,10,1,0,2,0.0247359263506437,22.828125,False,0.5684717562565429
3x15__A1_O67504--3x15__C1_O67504,11,4,3,2,0.0236788668602534,22.03125,False,0.48130767199104374
3x15__A1_O67504--3x15__C1_O67504,12,1,3,2,0.0252543634397053,21.859375,False,0.4970456456141013
3x15__A1_O67504--3x15__C1_O67504,13,3,3,2,0.0259308556463996,20.875,False,0.48156252524333
3x15__A1_O67504--3x15__C1_O67504,14,3,0,2,0.0225368925527413,20.546875,False,0.4633572514634751
3x15__A1_O67504--3x15__C1_O67504,15,3,2,2,0.0251709256576252,20.484375,False,0.47178039137882277
3x15__A1_O67504--3x15__C1_O67504,16,3,1,2,0.0227796973636239,20.375,False,0.4237522641744562
3x15__A1_O67504--3x15__C1_O67504,17,2,3,2,0.0249081064263173,18.109375,False,0.3949543471463606
3x15__A1_O67504--3x15__C1_O67504,18,2,1,2,0.0250221591593868,17.96875,False,0.3637768055137647
3x15__A1_O67504--3x15__C1_O67504,19,2,2,2,0.0252089935070413,17.9375,False,0.3693770577823013
3x15__A1_O67504--3x15__C1_O67504,20,2,0,2,0.0255129537364478,17.4375,False,0.3390870305653692
3zr4__A1_Q9X0C6--3zr4__B1_Q9X0C8,1,5,3,4,0.8145047547942904,90.4375,True,0.5981153682940471
3zr4__A1_Q9X0C6--3zr4__B1_Q9X0C8,2,5,2,4,0.8158701723475166,90.4375,True,0.595435366639172
3zr4__A1_Q9X0C6--3zr4__B1_Q9X0C8,3,5,0,4,0.8108179770051008,90.25,True,0.5803866641933225
3zr4__A1_Q9X0C6--3zr4__B1_Q9X0C8,4,1,0,4,0.7804071669758645,90.1875,True,0.6674166957833616
3zr4__A1_Q9X0C6--3zr4__B1_Q9X0C8,5,1,2,4,0.7895589096957671,90.0625,True,0.6460302590155068
3zr4__A1_Q9X0C6--3zr4__B1_Q9X0C8,6,1,1,4,0.7771225670289718,90.0625,True,0.6485729122214959
3zr4__A1_Q9X0C6--3zr4__B1_Q9X0C8,7,1,3,4,0.781881678729127,89.9375,True,0.6027407342781141
3zr4__A1_Q9X0C6--3zr4__B1_Q9X0C8,8,3,2,4,0.8082802407091106,89.875,True,0.5235654859887359
3zr4__A1_Q9X0C6--3zr4__B1_Q9X0C8,9,5,1,4,0.8078798660008283,89.875,True,0.5425955643269773
3zr4__A1_Q9X0C6--3zr4__B1_Q9X0C8,10,4,2,4,0.8119747764878308,89.75,True,0.501502518454773
3zr4__A1_Q9X0C6--3zr4__B1_Q9X0C8,11,4,1,4,0.8278733243096171,89.25,True,0.49647306949885534
3zr4__A1_Q9X0C6--3zr4__B1_Q9X0C8,12,3,0,4,0.8032990815281406,88.9375,True,0.4754743324433918
3zr4__A1_Q9X0C6--3zr4__B1_Q9X0C8,13,4,3,4,0.8142896951836552,88.875,True,0.42227089324074507
3zr4__A1_Q9X0C6--3zr4__B1_Q9X0C8,14,4,0,4,0.8184607484312609,88.8125,True,0.4496869124367529
3zr4__A1_Q9X0C6--3zr4__B1_Q9X0C8,15,3,3,4,0.8058115073607794,88.75,True,0.4127878031121601
3zr4__A1_Q9X0C6--3zr4__B1_Q9X0C8,16,3,1,4,0.8051198065687833,88.5625,True,0.4121659158367095
3zr4__A1_Q9X0C6--3zr4__B1_Q9X0C8,17,2,1,4,0.7530223683303395,88.5,True,0.47580400566705977
3zr4__A1_Q9X0C6--3zr4__B1_Q9X0C8,18,2,0,4,0.7899086186560442,87.875,True,0.3798114397125353
3zr4__A1_Q9X0C6--3zr4__B1_Q9X0C8,19,2,3,4,0.7490719588040197,87.5625,True,0.37898946636648173
3zr4__A1_Q9X0C6--3zr4__B1_Q9X0C8,20,2,2,4,0.765402417224661,87.5,True,0.3564678934117998
3zyl__A1_O55012--3zyl__B1_O55012,1,5,2,1,0.8210910147697051,71.625,True,0.6373033260027056
3zyl__A1_O55012--3zyl__B1_O55012,2,5,3,1,0.7962745767357226,66.25,True,0.6241758896027589
3zyl__A1_O55012--3zyl__B1_O55012,3,5,1,1,0.8198903736380151,62.03125,True,0.6108634353226405
3zyl__A1_O55012--3zyl__B1_O55012,4,1,0,1,0.157952389784103,50.03125,False,0.5873619980819248
3zyl__A1_O55012--3zyl__B1_O55012,5,5,0,1,0.0410036009754322,50.0,False,0.600811380309358
3zyl__A1_O55012--3zyl__B1_O55012,6,2,0,1,0.1448368224575817,39.75,False,0.5499412008982618
3zyl__A1_O55012--3zyl__B1_O55012,7,4,0,1,0.0449305172517388,39.0,False,0.5572488434482495
3zyl__A1_O55012--3zyl__B1_O55012,8,2,1,1,0.162779925608346,36.15625,False,0.5112378881633554
3zyl__A1_O55012--3zyl__B1_O55012,9,4,1,1,0.1897874360627372,35.8125,False,0.5198792508606563
3zyl__A1_O55012--3zyl__B1_O55012,10,3,0,1,0.2957438004102157,34.9375,True,0.5524690862501572
3zyl__A1_O55012--3zyl__B1_O55012,11,2,2,1,0.1445586723237998,34.09375,False,0.4748347758978888
3zyl__A1_O55012--3zyl__B1_O55012,12,1,3,1,0.1603359529006985,33.53125,False,0.4286437597279483
3zyl__A1_O55012--3zyl__B1_O55012,13,1,2,1,0.0421581975034862,33.4375,False,0.48021038171994135
3zyl__A1_O55012--3zyl__B1_O55012,14,3,3,1,0.3107499229736993,32.15625,True,0.50010922509633
3zyl__A1_O55012--3zyl__B1_O55012,15,3,1,1,0.2458734060430322,31.53125,True,0.44323580515245126
3zyl__A1_O55012--3zyl__B1_O55012,16,1,1,1,0.1576521657516636,31.46875,False,0.42246303066661944
3zyl__A1_O55012--3zyl__B1_O55012,17,4,2,1,0.4584794685975824,30.609375,True,0.4288637167449617
3zyl__A1_O55012--3zyl__B1_O55012,18,4,3,1,0.1925404452746578,30.375,False,0.43392113498629004
3zyl__A1_O55012--3zyl__B1_O55012,19,2,3,1,0.0525812397270096,29.75,False,0.3875816724108077
3zyl__A1_O55012--3zyl__B1_O55012,20,3,2,1,0.2295046034151307,28.46875,False,0.3850129193398284
4a1f__A1_O25916--4a1f__B1_O25916,1,5,0,4,0.0093942163005769,61.28125,False,0.48173803026775686
4a1f__A1_O25916--4a1f__B1_O25916,2,5,3,4,0.0181610083997867,61.03125,False,0.5969885886195906
4a1f__A1_O25916--4a1f__B1_O25916,3,2,0,4,0.0088798639079548,60.625,False,0.642345620924228
4a1f__A1_O25916--4a1f__B1_O25916,4,5,1,4,0.0175912546898024,60.625,False,0.5731590173730996
4a1f__A1_O25916--4a1f__B1_O25916,5,5,2,4,0.0178797773548551,59.9375,False,0.5729135806840351
4a1f__A1_O25916--4a1f__B1_O25916,6,1,1,4,0.0099615820072158,58.46875,False,0.6036682685070215
4a1f__A1_O25916--4a1f__B1_O25916,7,4,3,4,0.0094018594503256,58.34375,False,0.48214750789972183
4a1f__A1_O25916--4a1f__B1_O25916,8,1,3,4,0.0107556238313769,57.46875,False,0.3945249945907347
4a1f__A1_O25916--4a1f__B1_O25916,9,3,0,4,0.0095295190043832,57.4375,False,0.4688717707841162
4a1f__A1_O25916--4a1f__B1_O25916,10,4,2,4,0.0092532831467217,56.78125,False,0.4531990062820701
4a1f__A1_O25916--4a1f__B1_O25916,11,3,1,4,0.0084154687826056,56.0,False,0.361463855720674
4a1f__A1_O25916--4a1f__B1_O25916,12,4,0,4,0.009751188259144,55.3125,False,0.5591395001871791
4a1f__A1_O25916--4a1f__B1_O25916,13,3,2,4,0.0082669461677606,55.0,False,0.426906610579088
4a1f__A1_O25916--4a1f__B1_O25916,14,3,3,4,0.0080056022687503,54.4375,False,0.3858486515674202
4a1f__A1_O25916--4a1f__B1_O25916,15,2,3,4,0.0101680700414493,51.90625,False,0.48013560057907173
4a1f__A1_O25916--4a1f__B1_O25916,16,2,1,4,0.0092114049220089,51.84375,False,0.5101585097805863
4a1f__A1_O25916--4a1f__B1_O25916,17,4,1,4,0.0099136587641787,51.1875,False,0.4461871322901104
4a1f__A1_O25916--4a1f__B1_O25916,18,1,0,4,0.0110970007240378,48.0625,False,0.41218732489048715
4a1f__A1_O25916--4a1f__B1_O25916,19,2,2,4,0.0091608546882104,47.1875,False,0.6678533902778947
4a1f__A1_O25916--4a1f__B1_O25916,20,1,2,4,0.010024535545994,43.21875,False,0.6456615923027589
4af9__A1_Q6VBJ0--4af9__A2_Q6VBJ0,1,1,1,4,0.1797328420873722,81.3125,False,0.668298189550973
4af9__A1_Q6VBJ0--4af9__A2_Q6VBJ0,2,4,1,4,0.1773706047209265,80.875,False,0.6429733611396167
4af9__A1_Q6VBJ0--4af9__A2_Q6VBJ0,3,1,2,4,0.1784532478490891,80.6875,False,0.6462403596204653
4af9__A1_Q6VBJ0--4af9__A2_Q6VBJ0,4,1,0,4,0.1756501607003595,79.25,False,0.6201885602874647
4af9__A1_Q6VBJ0--4af9__A2_Q6VBJ0,5,4,2,4,0.1775189939610211,78.6875,False,0.5763413893659446
4af9__A1_Q6VBJ0--4af9__A2_Q6VBJ0,6,4,3,4,0.1870901169278882,78.3125,False,0.5982386255052964
4af9__A1_Q6VBJ0--4af9__A2_Q6VBJ0,7,2,3,4,0.1720230922779834,77.875,False,0.5823387465257921
4af9__A1_Q6VBJ0--4af9__A2_Q6VBJ0,8,2,1,4,0.1505743721039768,77.5625,False,0.5554241301921329
4af9__A1_Q6VBJ0--4af9__A2_Q6VBJ0,9,2,2,4,0.1779631337518432,74.125,False,0.5068928090818369
4af9__A1_Q6VBJ0--4af9__A2_Q6VBJ0,10,5,2,4,0.1848745750782617,73.6875,False,0.5315363610984026
4af9__A1_Q6VBJ0--4af9__A2_Q6VBJ0,11,5,3,4,0.1847569371084707,73.625,False,0.5140621193032003
4af9__A1_Q6VBJ0--4af9__A2_Q6VBJ0,12,4,0,4,0.1869814072163207,70.5625,False,0.4793837747426538
4af9__A1_Q6VBJ0--4af9__A2_Q6VBJ0,13,2,0,4,0.1776706315496009,69.5,False,0.4541538726073232
4af9__A1_Q6VBJ0--4af9__A2_Q6VBJ0,14,5,1,4,0.1858376304569934,68.25,False,0.4616042148192364
4af9__A1_Q6VBJ0--4af9__A2_Q6VBJ0,15,5,0,4,0.1985796320221063,55.90625,False,0.430404934177932
4af9__A1_Q6VBJ0--4af9__A2_Q6VBJ0,16,3,1,4,0.2180713512378247,47.9375,False,0.4133220330838347
4af9__A1_Q6VBJ0--4af9__A2_Q6VBJ0,17,3,3,4,0.258595173263533,39.40625,True,0.3964452433092353
4af9__A1_Q6VBJ0--4af9__A2_Q6VBJ0,18,3,0,4,0.3038677127223277,31.59375,True,0.3870574967416039
4af9__A1_Q6VBJ0--4af9__A2_Q6VBJ0,19,1,3,4,0.210737784594144,30.578125,False,0.35733077335611085
4af9__A1_Q6VBJ0--4af9__A2_Q6VBJ0,20,3,2,4,0.2653498203193252,29.75,True,0.34648426987439773
4aj7__A1_B1PWB9--4aj7__B1_B1PWB9,1,1,1,4,0.147105688486684,50.875,False,0.6428995628144372
4aj7__A1_B1PWB9--4aj7__B1_B1PWB9,2,5,1,4,0.1247087826336628,50.5625,False,0.6698120916250657
4aj7__A1_B1PWB9--4aj7__B1_B1PWB9,3,3,1,4,0.1298072284320689,49.84375,False,0.6485293006655867
4aj7__A1_B1PWB9--4aj7__B1_B1PWB9,4,1,0,4,0.4832704542279801,46.8125,True,0.5999077262692566
4aj7__A1_B1PWB9--4aj7__B1_B1PWB9,5,4,3,4,0.2080105064686438,46.75,False,0.6245389572796527
4aj7__A1_B1PWB9--4aj7__B1_B1PWB9,6,1,2,4,0.1699580944100921,46.0,False,0.5887087501899464
4aj7__A1_B1PWB9--4aj7__B1_B1PWB9,7,3,0,4,0.1110882497061763,41.46875,False,0.5630696156048131
4aj7__A1_B1PWB9--4aj7__B1_B1PWB9,8,3,2,4,0.1177469420515201,40.96875,False,0.5519378102918412
4aj7__A1_B1PWB9--4aj7__B1_B1PWB9,9,4,1,4,0.2631898933597822,40.78125,True,0.5425841789368393
4aj7__A1_B1PWB9--4aj7__B1_B1PWB9,10,5,0,4,0.1074896664781184,39.21875,False,0.5220453704089948
4aj7__A1_B1PWB9--4aj7__B1_B1PWB9,11,3,3,4,0.1119881154339653,39.09375,False,0.4913179509462193
4aj7__A1_B1PWB9--4aj7__B1_B1PWB9,12,5,2,4,0.1089398354957377,38.0,False,0.5019486192427813
4aj7__A1_B1PWB9--4aj7__B1_B1PWB9,13,1,3,4,0.3817128635906445,36.9375,True,0.44000995813513333
4aj7__A1_B1PWB9--4aj7__B1_B1PWB9,14,4,2,4,0.2075344247945083,36.34375,False,0.45399626050828173
4aj7__A1_B1PWB9--4aj7__B1_B1PWB9,15,4,0,4,0.1792658168772827,34.90625,False,0.4263541140004329
4aj7__A1_B1PWB9--4aj7__B1_B1PWB9,16,5,3,4,0.1039783656726821,33.0,False,0.4294543298152945
4aj7__A1_B1PWB9--4aj7__B1_B1PWB9,17,2,1,4,0.2532958196902073,31.609375,True,0.3934672919014554
4aj7__A1_B1PWB9--4aj7__B1_B1PWB9,18,2,3,4,0.2293273492923573,31.09375,False,0.37496560600179407
4aj7__A1_B1PWB9--4aj7__B1_B1PWB9,19,2,2,4,0.2037061988213963,29.28125,False,0.3596367146539484
4aj7__A1_B1PWB9--4aj7__B1_B1PWB9,20,2,0,4,0.2219244013782386,27.828125,False,0.3436679153203532
4at7__A1_Q9CXY6--4at7__B1_Q9Z1X4,1,5,3,3,0.4390683997246917,92.8125,True,0.6269121048477821
4at7__A1_Q9CXY6--4at7__B1_Q9Z1X4,2,1,2,3,0.4611088778379711,92.75,True,0.6588621037334367
4at7__A1_Q9CXY6--4at7__B1_Q9Z1X4,3,1,0,3,0.4558337943323731,92.75,True,0.643808565697895
4at7__A1_Q9CXY6--4at7__B1_Q9Z1X4,4,4,3,3,0.4333660771215221,92.6875,True,0.5402899692507448
4at7__A1_Q9CXY6--4at7__B1_Q9Z1X4,5,5,2,3,0.4457990343442974,92.6875,True,0.5508509400914076
4at7__A1_Q9CXY6--4at7__B1_Q9Z1X4,6,1,3,3,0.4514545531129593,92.6875,True,0.6153134856566872
4at7__A1_Q9CXY6--4at7__B1_Q9Z1X4,7,4,1,3,0.4391072478315747,92.625,True,0.474401952973486
4at7__A1_Q9CXY6--4at7__B1_Q9Z1X4,8,5,0,3,0.4471276088605274,92.625,True,0.5298059238643074
4at7__A1_Q9CXY6--4at7__B1_Q9Z1X4,9,5,1,3,0.4366464379011583,92.625,True,0.5289970192602145
4at7__A1_Q9CXY6--4at7__B1_Q9Z1X4,10,3,2,3,0.4373312075793613,92.625,True,0.4616201524147804
4at7__A1_Q9CXY6--4at7__B1_Q9Z1X4,11,1,1,3,0.4509785897268172,92.5625,True,0.5495332076569144
4at7__A1_Q9CXY6--4at7__B1_Q9Z1X4,12,4,2,3,0.4370780935183406,92.5625,True,0.4747601330445084
4at7__A1_Q9CXY6--4at7__B1_Q9Z1X4,13,4,0,3,0.4341256215506066,92.5625,True,0.4950682597895019
4at7__A1_Q9CXY6--4at7__B1_Q9Z1X4,14,2,2,3,0.4540319983412419,92.5,True,0.47377546706869894
4at7__A1_Q9CXY6--4at7__B1_Q9Z1X4,15,3,0,3,0.4424084853535188,92.5,True,0.39460864938388374
4at7__A1_Q9CXY6--4at7__B1_Q9Z1X4,16,2,1,3,0.4740850810323976,92.4375,True,0.47398146574280847
4at7__A1_Q9CXY6--4at7__B1_Q9Z1X4,17,2,3,3,0.4534014354323627,92.4375,True,0.4357951015510935
4at7__A1_Q9CXY6--4at7__B1_Q9Z1X4,18,3,3,3,0.4379812282447952,92.375,True,0.37023141173269086
4at7__A1_Q9CXY6--4at7__B1_Q9Z1X4,19,3,1,3,0.4430912381011208,92.375,True,0.44496248471039024
4at7__A1_Q9CXY6--4at7__B1_Q9Z1X4,20,2,0,3,0.4651682815633111,92.3125,True,0.4148173047409809
4ayn__A1_C6KHT4--4ayn__B1_C6KHT4,1,2,3,4,0.062907243225013,38.625,False,0.668298189550973
4ayn__A1_C6KHT4--4ayn__B1_C6KHT4,2,2,2,4,0.0588985398280982,38.125,False,0.6589602483557017
4ayn__A1_C6KHT4--4ayn__B1_C6KHT4,3,2,1,4,0.0584648945209305,36.375,False,0.6840033666570082
4ayn__A1_C6KHT4--4ayn__B1_C6KHT4,4,2,0,4,0.060425611453992,34.78125,False,0.6105326475753271
4ayn__A1_C6KHT4--4ayn__B1_C6KHT4,5,3,1,4,0.1649824217791204,34.09375,False,0.6632073411782423
4ayn__A1_C6KHT4--4ayn__B1_C6KHT4,6,5,3,4,0.1259057262042855,33.78125,False,0.5308387694658673
4ayn__A1_C6KHT4--4ayn__B1_C6KHT4,7,4,1,4,0.1479054231358456,33.65625,False,0.49880312013440053
4ayn__A1_C6KHT4--4ayn__B1_C6KHT4,8,4,2,4,0.0430968839588199,33.375,False,0.4699580527790815
4ayn__A1_C6KHT4--4ayn__B1_C6KHT4,9,5,1,4,0.0621606281083362,33.3125,False,0.5665284309062296
4ayn__A1_C6KHT4--4ayn__B1_C6KHT4,10,5,0,4,0.1864297312542964,33.0,False,0.5108706758625067
4ayn__A1_C6KHT4--4ayn__B1_C6KHT4,11,3,0,4,0.2313338790437963,32.65625,True,0.5350324168951544
4ayn__A1_C6KHT4--4ayn__B1_C6KHT4,12,5,2,4,0.128673631733048,32.4375,False,0.45208407150332275
4ayn__A1_C6KHT4--4ayn__B1_C6KHT4,13,4,0,4,0.0539387361992919,32.4375,False,0.41002229572705823
4ayn__A1_C6KHT4--4ayn__B1_C6KHT4,14,3,2,4,0.1224931858752127,32.375,False,0.5174180152328349
4ayn__A1_C6KHT4--4ayn__B1_C6KHT4,15,4,3,4,0.1326921473922093,32.34375,False,0.41294189101753276
4ayn__A1_C6KHT4--4ayn__B1_C6KHT4,16,1,2,4,0.0537783187266029,31.671875,False,0.35559191888335123
4ayn__A1_C6KHT4--4ayn__B1_C6KHT4,17,3,3,4,0.0457592005434409,30.96875,False,0.47632786154770346
4ayn__A1_C6KHT4--4ayn__B1_C6KHT4,18,1,1,4,0.0542963045393616,30.90625,False,0.3617501026132583
4ayn__A1_C6KHT4--4ayn__B1_C6KHT4,19,1,0,4,0.0527505172392655,30.5,False,0.4016584321866473
4ayn__A1_C6KHT4--4ayn__B1_C6KHT4,20,1,3,4,0.0519508499824435,29.59375,False,0.3742230706697669
4bi8__B1_S4S1W1--4bi8__A1_S4S1W3,1,2,2,2,0.948938341533374,92.375,True,0.6415858834017127
4bi8__B1_S4S1W1--4bi8__A1_S4S1W3,2,2,3,2,0.9363421145456828,92.25,True,0.6280893012284724
4bi8__B1_S4S1W1--4bi8__A1_S4S1W3,3,2,0,2,0.941313501433296,91.9375,True,0.5916408131835094
4bi8__B1_S4S1W1--4bi8__A1_S4S1W3,4,2,1,2,0.948215772694494,91.875,True,0.5898486941826221
4bi8__B1_S4S1W1--4bi8__A1_S4S1W3,5,4,3,2,0.9217913085229874,91.875,True,0.5510568549316651
4bi8__B1_S4S1W1--4bi8__A1_S4S1W3,6,5,3,2,0.9291502431494328,91.75,True,0.5545850456558762
4bi8__B1_S4S1W1--4bi8__A1_S4S1W3,7,1,2,2,0.9132388474911822,91.75,True,0.5488626460481872
4bi8__B1_S4S1W1--4bi8__A1_S4S1W3,8,1,0,2,0.9013908193919574,91.75,True,0.5398717599314632
4bi8__B1_S4S1W1--4bi8__A1_S4S1W3,9,4,1,2,0.9154619331673948,91.6875,True,0.5552610655397365
4bi8__B1_S4S1W1--4bi8__A1_S4S1W3,10,1,3,2,0.9163042627295478,91.625,True,0.5171192114429289
4bi8__B1_S4S1W1--4bi8__A1_S4S1W3,11,1,1,2,0.8998570943949801,91.5,True,0.46441325251733445
4bi8__B1_S4S1W1--4bi8__A1_S4S1W3,12,4,2,2,0.9146619170273323,91.375,True,0.4877350377224876
4bi8__B1_S4S1W1--4bi8__A1_S4S1W3,13,3,3,2,0.9383276521469326,91.375,True,0.49238914993778843
4bi8__B1_S4S1W1--4bi8__A1_S4S1W3,14,5,2,2,0.9133984395240446,91.3125,True,0.4864697199123265
4bi8__B1_S4S1W1--4bi8__A1_S4S1W3,15,4,0,2,0.9059700343297308,91.25,True,0.4332219612558161
4bi8__B1_S4S1W1--4bi8__A1_S4S1W3,16,5,1,2,0.9136807356331164,91.1875,True,0.45338731071531013
4bi8__B1_S4S1W1--4bi8__A1_S4S1W3,17,3,0,2,0.9297237420904318,91.125,True,0.4279203583624574
4bi8__B1_S4S1W1--4bi8__A1_S4S1W3,18,3,1,2,0.9323601365876965,91.0,True,0.39629951425285515
4bi8__B1_S4S1W1--4bi8__A1_S4S1W3,19,5,0,2,0.9137189334149703,90.875,True,0.4059240383566306
4bi8__B1_S4S1W1--4bi8__A1_S4S1W3,20,3,2,2,0.927984361079178,90.4375,True,0.3764615162727814
4bjn__A1_Q2MV52--4bjn__B1_Q2MV52,1,3,0,0,0.7970177171725612,86.5,True,0.6562668252567563
4bjn__A1_Q2MV52--4bjn__B1_Q2MV52,2,1,0,0,0.5984603738319204,84.5625,True,0.6415347377227066
4bjn__A1_Q2MV52--4bjn__B1_Q2MV52,3,4,3,0,0.539908547035695,82.875,True,0.6279119782138328
4bjn__A1_Q2MV52--4bjn__B1_Q2MV52,4,1,1,0,0.0579968060732523,81.125,False,0.6098741095802864
4bjn__A1_Q2MV52--4bjn__B1_Q2MV52,5,5,2,0,0.0575741512331811,73.9375,False,0.5958062168089577
4bjn__A1_Q2MV52--4bjn__B1_Q2MV52,6,3,2,0,0.0573654433227435,73.4375,False,0.5815963441979631
4bjn__A1_Q2MV52--4bjn__B1_Q2MV52,7,4,0,0,0.1361833025213912,71.4375,False,0.5510165977363463
4bjn__A1_Q2MV52--4bjn__B1_Q2MV52,8,4,2,0,0.0638489560612922,68.1875,False,0.5616450878244471
4bjn__A1_Q2MV52--4bjn__B1_Q2MV52,9,5,0,0,0.0559285569672447,62.78125,False,0.5115417820195844
4bjn__A1_Q2MV52--4bjn__B1_Q2MV52,10,4,1,0,0.2136322832965138,60.3125,False,0.520319887031234
4bjn__A1_Q2MV52--4bjn__B1_Q2MV52,11,5,1,0,0.137782718087246,57.03125,False,0.4790228496690213
4bjn__A1_Q2MV52--4bjn__B1_Q2MV52,12,5,3,0,0.0574026223995459,56.84375,False,0.5079912793029187
4bjn__A1_Q2MV52--4bjn__B1_Q2MV52,13,3,3,0,0.0595261263357425,50.90625,False,0.47965679259199356
4bjn__A1_Q2MV52--4bjn__B1_Q2MV52,14,2,0,0,0.0597287009654541,33.09375,False,0.4471787705313109
4bjn__A1_Q2MV52--4bjn__B1_Q2MV52,15,1,2,0,0.0863314641329644,32.3125,False,0.45046306612708387
4bjn__A1_Q2MV52--4bjn__B1_Q2MV52,16,1,3,0,0.1479931128514053,31.484375,False,0.4129708486544325
4bjn__A1_Q2MV52--4bjn__B1_Q2MV52,17,2,3,0,0.0892829366294831,31.203125,False,0.41082146017317545
4bjn__A1_Q2MV52--4bjn__B1_Q2MV52,18,3,1,0,0.3750047192350063,29.59375,True,0.388909508785971
4bjn__A1_Q2MV52--4bjn__B1_Q2MV52,19,2,1,0,0.198004230759905,27.421875,False,0.3699867386804417
4bjn__A1_Q2MV52--4bjn__B1_Q2MV52,20,2,2,0,0.0474710475038571,25.140625,False,0.3523258755331504
4bou__A1_Q5T2D3--4bou__A2_Q5T2D3,1,1,1,1,0.6316043515605312,51.4375,True,0.6373033260027056
4bou__A1_Q5T2D3--4bou__A2_Q5T2D3,2,1,2,1,0.6111754299493977,48.34375,True,0.6231120643072836
4bou__A1_Q5T2D3--4bou__A2_Q5T2D3,3,1,3,1,0.5901954279567432,44.75,True,0.6119403026130071
4bou__A1_Q5T2D3--4bou__A2_Q5T2D3,4,1,0,1,0.5938914143466661,43.125,True,0.59738359664213
4bou__A1_Q5T2D3--4bou__A2_Q5T2D3,5,2,2,1,0.5623851943159015,41.625,True,0.5837549907664785
4bou__A1_Q5T2D3--4bou__A2_Q5T2D3,6,4,3,1,0.6691719527019355,37.90625,True,0.5699971250720411
4bou__A1_Q5T2D3--4bou__A2_Q5T2D3,7,2,1,1,0.584846607935457,37.375,True,0.5537730372487638
4bou__A1_Q5T2D3--4bou__A2_Q5T2D3,8,5,3,1,0.4423131563663728,34.34375,True,0.544543589329958
4bou__A1_Q5T2D3--4bou__A2_Q5T2D3,9,4,2,1,0.1094865195697821,27.875,False,0.5281541301684667
4bou__A1_Q5T2D3--4bou__A2_Q5T2D3,10,2,3,1,0.5130538104183626,26.171875,True,0.4995479800120779
4bou__A1_Q5T2D3--4bou__A2_Q5T2D3,11,5,2,1,0.3311297637587546,26.0625,True,0.5277366631457406
4bou__A1_Q5T2D3--4bou__A2_Q5T2D3,12,4,1,1,0.2698297174104658,26.03125,True,0.5052841287176676
4bou__A1_Q5T2D3--4bou__A2_Q5T2D3,13,5,0,1,0.5344572098377679,25.421875,True,0.4972662616925102
4bou__A1_Q5T2D3--4bou__A2_Q5T2D3,14,4,0,1,0.1943984783708524,24.328125,False,0.4683298313114749
4bou__A1_Q5T2D3--4bou__A2_Q5T2D3,15,2,0,1,0.5094501144402837,23.171875,True,0.44275115655175057
4bou__A1_Q5T2D3--4bou__A2_Q5T2D3,16,5,1,1,0.0947886074434714,21.0625,False,0.43234373842879265
4bou__A1_Q5T2D3--4bou__A2_Q5T2D3,17,3,2,1,0.2000638969264797,18.75,False,0.40578052293288724
4bou__A1_Q5T2D3--4bou__A2_Q5T2D3,18,3,3,1,0.1668091050444423,18.21875,False,0.3820095239224157
4bou__A1_Q5T2D3--4bou__A2_Q5T2D3,19,3,1,1,0.1965866571236752,17.5625,False,0.3765498040263063
4bou__A1_Q5T2D3--4bou__A2_Q5T2D3,20,3,0,1,0.1015228879070849,17.34375,False,0.3534725655246417
4bry__A1_O75496--4bry__B1_D6RGH6,1,1,0,1,0.6173584304476837,78.125,True,0.6057742864623467
4bry__A1_O75496--4bry__B1_D6RGH6,2,1,2,1,0.6102650710437167,78.0625,True,0.6333901368236916
4bry__A1_O75496--4bry__B1_D6RGH6,3,1,1,1,0.6185088840063456,78.0,True,0.5946301103534357
4bry__A1_O75496--4bry__B1_D6RGH6,4,1,3,1,0.6089080430441983,78.0,True,0.6036132406483689
4bry__A1_O75496--4bry__B1_D6RGH6,5,2,0,1,0.6395805496333357,77.6875,True,0.5806295975329456
4bry__A1_O75496--4bry__B1_D6RGH6,6,2,2,1,0.625069349378634,77.6875,True,0.601577238103958
4bry__A1_O75496--4bry__B1_D6RGH6,7,2,1,1,0.6336807799129011,77.375,True,0.5382507229620161
4bry__A1_O75496--4bry__B1_D6RGH6,8,2,3,1,0.62946634733542,77.3125,True,0.5411250407207835
4bry__A1_O75496--4bry__B1_D6RGH6,9,4,2,1,0.6107222852870299,76.3125,True,0.5460202418787337
4bry__A1_O75496--4bry__B1_D6RGH6,10,4,0,1,0.6221361255457708,76.0625,True,0.5308863941430175
4bry__A1_O75496--4bry__B1_D6RGH6,11,4,3,1,0.617516843158261,75.9375,True,0.502508752590387
4bry__A1_O75496--4bry__B1_D6RGH6,12,4,1,1,0.6231197557589635,75.75,True,0.4979668309204192
4bry__A1_O75496--4bry__B1_D6RGH6,13,5,2,1,0.6034107365050199,74.9375,True,0.4573523715776354
4bry__A1_O75496--4bry__B1_D6RGH6,14,5,0,1,0.603494606594177,74.4375,True,0.4469982844782476
4bry__A1_O75496--4bry__B1_D6RGH6,15,5,3,1,0.5975499549659236,73.75,True,0.4391600679933907
4bry__A1_O75496--4bry__B1_D6RGH6,16,5,1,1,0.5989319944180497,73.4375,True,0.4346904255495062
4bry__A1_O75496--4bry__B1_D6RGH6,17,3,2,1,0.65393620457846,72.0,True,0.4162450092335215
4bry__A1_O75496--4bry__B1_D6RGH6,18,3,0,1,0.6532572361615929,71.6875,True,0.39793697673620426
4bry__A1_O75496--4bry__B1_D6RGH6,19,3,1,1,0.6499693959459352,71.4375,True,0.39378019048732055
4bry__A1_O75496--4bry__B1_D6RGH6,20,3,3,1,0.6505541785701124,70.9375,True,0.375824110397241
4bvx__A1_P56192--4bvx__B1_O43324,1,2,0,1,0.8272723131457278,94.0625,True,0.6429707458726435
4bvx__A1_P56192--4bvx__B1_O43324,2,2,3,1,0.8298925123087927,94.0,True,0.6026046880469521
4bvx__A1_P56192--4bvx__B1_O43324,3,2,1,1,0.8317515312909025,94.0,True,0.6364264562504757
4bvx__A1_P56192--4bvx__B1_O43324,4,5,3,1,0.8277060569448534,93.875,True,0.5399179044071539
4bvx__A1_P56192--4bvx__B1_O43324,5,5,2,1,0.8296438150215327,93.875,True,0.5089060419446185
4bvx__A1_P56192--4bvx__B1_O43324,6,5,1,1,0.8281187881643469,93.875,True,0.5815657143821384
4bvx__A1_P56192--4bvx__B1_O43324,7,2,2,1,0.8250929387726265,93.8125,True,0.5460055192429195
4bvx__A1_P56192--4bvx__B1_O43324,8,1,1,1,0.8347242678559471,93.8125,True,0.6048628509381532
4bvx__A1_P56192--4bvx__B1_O43324,9,5,0,1,0.8234121398767087,93.75,True,0.4879778876615933
4bvx__A1_P56192--4bvx__B1_O43324,10,1,2,1,0.8167852912117208,93.6875,True,0.5195585043999484
4bvx__A1_P56192--4bvx__B1_O43324,11,1,3,1,0.8306464308702021,93.6875,True,0.5517585841951297
4bvx__A1_P56192--4bvx__B1_O43324,12,1,0,1,0.824482218671418,93.6875,True,0.49046126402710777
4bvx__A1_P56192--4bvx__B1_O43324,13,4,2,1,0.8552904652986227,93.625,True,0.5114966332105969
4bvx__A1_P56192--4bvx__B1_O43324,14,4,1,1,0.8562147401948002,93.625,True,0.4617036646171826
4bvx__A1_P56192--4bvx__B1_O43324,15,3,0,1,0.8501407161012638,93.625,True,0.4563323645407494
4bvx__A1_P56192--4bvx__B1_O43324,16,3,3,1,0.8546783646469209,93.625,True,0.43506878959048323
4bvx__A1_P56192--4bvx__B1_O43324,17,3,2,1,0.8497545340863706,93.5625,True,0.41118921256350516
4bvx__A1_P56192--4bvx__B1_O43324,18,4,3,1,0.8479024617125527,93.5625,True,0.4162327274984731
4bvx__A1_P56192--4bvx__B1_O43324,19,3,1,1,0.8502715495221612,93.5625,True,0.3693126224719943
4bvx__A1_P56192--4bvx__B1_O43324,20,4,0,1,0.859616674809864,93.5,True,0.36366586212290863
4cbv__D1_Q79CK7--4cbv__C1_Q79CK7,1,4,2,0,0.1973919029482123,57.59375,False,0.5931907673693206
4cbv__D1_Q79CK7--4cbv__C1_Q79CK7,2,3,1,0,0.1938058720981028,56.8125,False,0.602632052673241
4cbv__D1_Q79CK7--4cbv__C1_Q79CK7,3,1,3,0,0.2009604689891492,56.75,False,0.5671419619803265
4cbv__D1_Q79CK7--4cbv__C1_Q79CK7,4,5,1,0,0.2170468204068968,56.6875,False,0.6197843725643258
4cbv__D1_Q79CK7--4cbv__C1_Q79CK7,5,1,1,0,0.1903332596473854,56.6875,False,0.5801924832387331
4cbv__D1_Q79CK7--4cbv__C1_Q79CK7,6,1,2,0,0.2081605014697869,56.3125,False,0.4753915029499239
4cbv__D1_Q79CK7--4cbv__C1_Q79CK7,7,1,0,0,0.1949367692964835,56.3125,False,0.4857508730216511
4cbv__D1_Q79CK7--4cbv__C1_Q79CK7,8,2,1,0,0.1944129433281503,56.21875,False,0.5580556592729108
4cbv__D1_Q79CK7--4cbv__C1_Q79CK7,9,4,0,0,0.2031031922108632,56.15625,False,0.5322536151388273
4cbv__D1_Q79CK7--4cbv__C1_Q79CK7,10,4,1,0,0.2014742801452794,56.125,False,0.5102266015204131
4cbv__D1_Q79CK7--4cbv__C1_Q79CK7,11,3,2,0,0.1916246019002472,56.03125,False,0.5133287052115488
4cbv__D1_Q79CK7--4cbv__C1_Q79CK7,12,5,3,0,0.204558791724975,55.84375,False,0.5488213440275879
4cbv__D1_Q79CK7--4cbv__C1_Q79CK7,13,4,3,0,0.1966585748310304,55.8125,False,0.47284210555499145
4cbv__D1_Q79CK7--4cbv__C1_Q79CK7,14,2,3,0,0.1953398702247256,55.65625,False,0.48872018223767855
4cbv__D1_Q79CK7--4cbv__C1_Q79CK7,15,2,2,0,0.2047522097778202,55.5,False,0.4634642385960244
4cbv__D1_Q79CK7--4cbv__C1_Q79CK7,16,2,0,0,0.2038769963982232,55.34375,False,0.4452753691411858
4cbv__D1_Q79CK7--4cbv__C1_Q79CK7,17,5,0,0,0.2208461498513912,55.3125,False,0.4501651203885177
4cbv__D1_Q79CK7--4cbv__C1_Q79CK7,18,3,0,0,0.1999605560937253,55.21875,False,0.4314553538584962
4cbv__D1_Q79CK7--4cbv__C1_Q79CK7,19,5,2,0,0.2083558039082308,54.46875,False,0.40493699391165544
4cbv__D1_Q79CK7--4cbv__C1_Q79CK7,20,3,3,0,0.184147905513486,54.125,False,0.41447427306385476
4cfg__A1_Q14258--4cfg__B1_Q14258,1,1,0,2,0.5715059669686148,62.46875,True,0.6324526099843242
4cfg__A1_Q14258--4cfg__B1_Q14258,2,1,2,2,0.5773649532108361,62.4375,True,0.6049867756055013
4cfg__A1_Q14258--4cfg__B1_Q14258,3,1,3,2,0.5724483530783558,62.375,True,0.6177107539374845
4cfg__A1_Q14258--4cfg__B1_Q14258,4,3,2,2,0.5825852591945603,61.875,True,0.6153118886483766
4cfg__A1_Q14258--4cfg__B1_Q14258,5,1,1,2,0.588422894744244,61.6875,True,0.5627390571744282
4cfg__A1_Q14258--4cfg__B1_Q14258,6,4,2,2,0.5935962169955479,61.21875,True,0.569486732458144
4cfg__A1_Q14258--4cfg__B1_Q14258,7,5,3,2,0.6066960352980458,61.0,True,0.5396877870671409
4cfg__A1_Q14258--4cfg__B1_Q14258,8,3,3,2,0.5707949259813403,60.3125,True,0.5726606357294287
4cfg__A1_Q14258--4cfg__B1_Q14258,9,5,2,2,0.5979112385070794,60.09375,True,0.5208314874716622
4cfg__A1_Q14258--4cfg__B1_Q14258,10,5,0,2,0.6034652927500428,59.90625,True,0.5458298085246357
4cfg__A1_Q14258--4cfg__B1_Q14258,11,2,1,2,0.5912799719020737,58.71875,True,0.48427762786321404
4cfg__A1_Q14258--4cfg__B1_Q14258,12,5,1,2,0.6145842056202736,58.09375,True,0.501171205368538
4cfg__A1_Q14258--4cfg__B1_Q14258,13,2,0,2,0.6021002824952952,57.21875,True,0.48928703823426545
4cfg__A1_Q14258--4cfg__B1_Q14258,14,2,3,2,0.6076537621164729,56.9375,True,0.4641973978524928
4cfg__A1_Q14258--4cfg__B1_Q14258,15,4,1,2,0.5679431368990088,55.8125,True,0.4295822421445037
4cfg__A1_Q14258--4cfg__B1_Q14258,16,2,2,2,0.3094978430364052,54.8125,True,0.3972546314452989
4cfg__A1_Q14258--4cfg__B1_Q14258,17,4,0,2,0.568972278535637,52.8125,True,0.4167760386643056
4cfg__A1_Q14258--4cfg__B1_Q14258,18,4,3,2,0.4449513920538698,52.625,True,0.3980296733618952
4cfg__A1_Q14258--4cfg__B1_Q14258,19,3,1,2,0.2056371194762817,51.5625,False,0.40418260436467024
4cfg__A1_Q14258--4cfg__B1_Q14258,20,3,0,2,0.2278929532970219,49.15625,False,0.3764615162727814
4dex__A1_P54288--4dex__B1_Q02294,1,4,3,3,0.5871983079484837,87.5,True,0.6382997730560024
4dex__A1_P54288--4dex__B1_Q02294,2,3,2,3,0.5820751923637181,87.375,True,0.6311897182712322
4dex__A1_P54288--4dex__B1_Q02294,3,4,1,3,0.5949289803162042,87.375,True,0.6343815648128657
4dex__A1_P54288--4dex__B1_Q02294,4,3,0,3,0.5798992389533851,87.25,True,0.5891191455662321
4dex__A1_P54288--4dex__B1_Q02294,5,5,3,3,0.5688228715081552,86.9375,True,0.6004195709953526
4dex__A1_P54288--4dex__B1_Q02294,6,5,2,3,0.571424164790879,86.75,True,0.5554955682416328
4dex__A1_P54288--4dex__B1_Q02294,7,4,2,3,0.597005875470114,86.5625,True,0.6378878447617093
4dex__A1_P54288--4dex__B1_Q02294,8,4,0,3,0.5888588650974503,86.375,True,0.5475402445870712
4dex__A1_P54288--4dex__B1_Q02294,9,3,3,3,0.5793861084536699,86.3125,True,0.5303249348905472
4dex__A1_P54288--4dex__B1_Q02294,10,5,1,3,0.5719952313870266,86.25,True,0.5716490038598249
4dex__A1_P54288--4dex__B1_Q02294,11,5,0,3,0.5736726536828592,86.0,True,0.5273549487823838
4dex__A1_P54288--4dex__B1_Q02294,12,3,1,3,0.5754309693410041,84.9375,True,0.5487632867434166
4dex__A1_P54288--4dex__B1_Q02294,13,2,2,3,0.5966937943600695,83.4375,True,0.46601866175789275
4dex__A1_P54288--4dex__B1_Q02294,14,2,3,3,0.5893051673602723,82.625,True,0.43524840022436034
4dex__A1_P54288--4dex__B1_Q02294,15,2,1,3,0.5917425624657057,81.8125,True,0.3602591301472029
4dex__A1_P54288--4dex__B1_Q02294,16,2,0,3,0.5920640259981497,81.625,True,0.37209480234482467
4dex__A1_P54288--4dex__B1_Q02294,17,1,3,3,0.5979570466627643,80.9375,True,0.40596502109881294
4dex__A1_P54288--4dex__B1_Q02294,18,1,0,3,0.5872989633463869,80.625,True,0.3819716126418751
4dex__A1_P54288--4dex__B1_Q02294,19,1,1,3,0.6041964757263786,80.375,True,0.38590983694688136
4dex__A1_P54288--4dex__B1_Q02294,20,1,2,3,0.5894376571990948,78.6875,True,0.3478297475306248
4dri__A1_Q13451--4dri__B1_P42345,1,4,1,0,0.084593752714466,27.546875,False,0.6475703280806866
4dri__A1_Q13451--4dri__B1_P42345,2,1,0,0,0.0206039735562416,27.515625,False,0.6637717649436132
4dri__A1_Q13451--4dri__B1_P42345,3,4,2,0,0.1638789271125905,26.390625,False,0.5892863881296647
4dri__A1_Q13451--4dri__B1_P42345,4,4,3,0,0.2160361890956633,26.234375,False,0.5588857827131241
4dri__A1_Q13451--4dri__B1_P42345,5,4,0,0,0.07843580074597,26.109375,False,0.6171948630817078
4dri__A1_Q13451--4dri__B1_P42345,6,2,0,0,0.0205310746336907,25.46875,False,0.6100327181668987
4dri__A1_Q13451--4dri__B1_P42345,7,1,1,0,0.0246513114209614,23.28125,False,0.5584729385589112
4dri__A1_Q13451--4dri__B1_P42345,8,1,3,0,0.0256969544161866,23.03125,False,0.5299094921440711
4dri__A1_Q13451--4dri__B1_P42345,9,2,3,0,0.0168047877682925,22.578125,False,0.4579726694433659
4dri__A1_Q13451--4dri__B1_P42345,10,1,2,0,0.0263926462683779,22.46875,False,0.5156227243522145
4dri__A1_Q13451--4dri__B1_P42345,11,3,2,0,0.2481883155559831,22.359375,True,0.514926570979764
4dri__A1_Q13451--4dri__B1_P42345,12,3,3,0,0.0458516755432447,22.3125,False,0.49651764086311134
4dri__A1_Q13451--4dri__B1_P42345,13,3,1,0,0.080978140923582,22.1875,False,0.5000624951227115
4dri__A1_Q13451--4dri__B1_P42345,14,2,1,0,0.0605831975597705,21.953125,False,0.4533358890935334
4dri__A1_Q13451--4dri__B1_P42345,15,3,0,0,0.0745111831027027,21.9375,False,0.4948645258965533
4dri__A1_Q13451--4dri__B1_P42345,16,2,2,0,0.055089223273955,21.296875,False,0.3752369063249539
4dri__A1_Q13451--4dri__B1_P42345,17,5,2,0,0.0539733752374576,20.609375,False,0.41748416468316857
4dri__A1_Q13451--4dri__B1_P42345,18,5,3,0,0.0566209803366359,20.234375,False,0.3831550281499897
4dri__A1_Q13451--4dri__B1_P42345,19,5,0,0,0.0762054551132085,19.453125,False,0.4003446557341672
4dri__A1_Q13451--4dri__B1_P42345,20,5,1,0,0.0780189263553094,19.375,False,0.3708646457495342
4e6w__B1_A0A0H2V8D3--4e6w__A1_A0A0H2V8D3,1,3,0,2,0.0535746168619866,69.4375,False,0.6415858834017127
4e6w__B1_A0A0H2V8D3--4e6w__A1_A0A0H2V8D3,2,3,3,2,0.089458661781608,58.03125,False,0.6280893012284724
4e6w__B1_A0A0H2V8D3--4e6w__A1_A0A0H2V8D3,3,4,0,2,0.0107525601522804,52.5,False,0.6142341866759351
4e6w__B1_A0A0H2V8D3--4e6w__A1_A0A0H2V8D3,4,3,2,2,0.0641005431599518,50.90625,False,0.599878745850262
4e6w__B1_A0A0H2V8D3--4e6w__A1_A0A0H2V8D3,5,3,1,2,0.059342057149223,48.125,False,0.5872546390392012
4e6w__B1_A0A0H2V8D3--4e6w__A1_A0A0H2V8D3,6,5,2,2,0.1323662733850535,39.5625,False,0.5722720170601946
4e6w__B1_A0A0H2V8D3--4e6w__A1_A0A0H2V8D3,7,5,0,2,0.1392277017885748,36.5625,False,0.5641199932833157
4e6w__B1_A0A0H2V8D3--4e6w__A1_A0A0H2V8D3,8,5,1,2,0.1591375739320595,35.46875,False,0.5332484766023563
4e6w__B1_A0A0H2V8D3--4e6w__A1_A0A0H2V8D3,9,5,3,2,0.1215423268874452,34.9375,False,0.5331856768556978
4e6w__B1_A0A0H2V8D3--4e6w__A1_A0A0H2V8D3,10,2,3,2,0.0570634058381983,31.984375,False,0.5420217554556592
4e6w__B1_A0A0H2V8D3--4e6w__A1_A0A0H2V8D3,11,1,1,2,0.0621923004030852,30.296875,False,0.49290139434325686
4e6w__B1_A0A0H2V8D3--4e6w__A1_A0A0H2V8D3,12,2,1,2,0.0613240337585476,30.140625,False,0.506840564818414
4e6w__B1_A0A0H2V8D3--4e6w__A1_A0A0H2V8D3,13,1,3,2,0.0596266631537163,29.78125,False,0.45923741488708897
4e6w__B1_A0A0H2V8D3--4e6w__A1_A0A0H2V8D3,14,1,2,2,0.0406218890069463,29.390625,False,0.44595447716930864
4e6w__B1_A0A0H2V8D3--4e6w__A1_A0A0H2V8D3,15,2,2,2,0.0653647455093496,29.265625,False,0.4564606010436252
4e6w__B1_A0A0H2V8D3--4e6w__A1_A0A0H2V8D3,16,2,0,2,0.1119740366961479,28.140625,False,0.43662346556578324
4e6w__B1_A0A0H2V8D3--4e6w__A1_A0A0H2V8D3,17,4,1,2,0.0678448480865134,27.859375,False,0.4169870515429161
4e6w__B1_A0A0H2V8D3--4e6w__A1_A0A0H2V8D3,18,1,0,2,0.0448447258005702,27.578125,False,0.37458396869603483
4e6w__B1_A0A0H2V8D3--4e6w__A1_A0A0H2V8D3,19,4,3,2,0.0334585657189885,25.171875,False,0.3831321814538777
4e6w__B1_A0A0H2V8D3--4e6w__A1_A0A0H2V8D3,20,4,2,2,0.0237991802349381,23.34375,False,0.3553922719684235
4emo__D1_Q9H0F6--4emo__A1_Q9H0F6,1,3,3,1,0.1510200350473439,45.1875,False,0.6373033260027056
4emo__D1_Q9H0F6--4emo__A1_Q9H0F6,2,4,3,1,0.1701107948875545,40.28125,False,0.630985300993982
4emo__D1_Q9H0F6--4emo__A1_Q9H0F6,3,2,1,1,0.1913834158946275,37.03125,False,0.6073950496431415
4emo__D1_Q9H0F6--4emo__A1_Q9H0F6,4,1,3,1,0.0138228641453585,35.3125,False,0.5892601188836625
4emo__D1_Q9H0F6--4emo__A1_Q9H0F6,5,2,3,1,0.3447364544178326,33.53125,True,0.5753645357983747
4emo__D1_Q9H0F6--4emo__A1_Q9H0F6,6,5,2,1,0.3532036091167582,32.875,True,0.5403397793112837
4emo__D1_Q9H0F6--4emo__A1_Q9H0F6,7,5,0,1,0.1231558601312966,32.875,False,0.5704450228566225
4emo__D1_Q9H0F6--4emo__A1_Q9H0F6,8,5,1,1,0.1273861188222833,32.65625,False,0.5038052031787092
4emo__D1_Q9H0F6--4emo__A1_Q9H0F6,9,3,1,1,0.106225142368595,32.40625,False,0.5842048612358517
4emo__D1_Q9H0F6--4emo__A1_Q9H0F6,10,1,1,1,0.0141646232145122,31.859375,False,0.5351367702037194
4emo__D1_Q9H0F6--4emo__A1_Q9H0F6,11,4,1,1,0.1009034801647435,31.78125,False,0.49358860273893057
4emo__D1_Q9H0F6--4emo__A1_Q9H0F6,12,3,0,1,0.1418872318626247,31.15625,False,0.48209665252333134
4emo__D1_Q9H0F6--4emo__A1_Q9H0F6,13,2,0,1,0.3719723547368179,30.28125,True,0.4647622379013444
4emo__D1_Q9H0F6--4emo__A1_Q9H0F6,14,1,0,1,0.014150651529659,30.234375,False,0.462343434865588
4emo__D1_Q9H0F6--4emo__A1_Q9H0F6,15,5,3,1,0.1317057693669004,29.3125,False,0.43322473953419566
4emo__D1_Q9H0F6--4emo__A1_Q9H0F6,16,2,2,1,0.3372857686994528,28.203125,True,0.43246698406623413
4emo__D1_Q9H0F6--4emo__A1_Q9H0F6,17,1,2,1,0.0145657144690317,27.390625,False,0.4360337650287195
4emo__D1_Q9H0F6--4emo__A1_Q9H0F6,18,3,2,1,0.1449262129353822,25.609375,False,0.39328543246509357
4emo__D1_Q9H0F6--4emo__A1_Q9H0F6,19,4,0,1,0.1134898881130715,19.78125,False,0.3920075324147617
4emo__D1_Q9H0F6--4emo__A1_Q9H0F6,20,4,2,1,0.1587855451218095,18.0625,False,0.3729989528334471
4eog__A1_UNDEFINED--4eog__A2_UNDEFINED,1,3,2,0,0.6403107115674226,89.375,True,0.6542882692775895
4eog__A1_UNDEFINED--4eog__A2_UNDEFINED,2,4,3,0,0.6348892991971072,89.0,True,0.6274818233080607
4eog__A1_UNDEFINED--4eog__A2_UNDEFINED,3,3,3,0,0.6388894836145098,88.8125,True,0.6383326837490302
4eog__A1_UNDEFINED--4eog__A2_UNDEFINED,4,1,3,0,0.6328866218876169,88.4375,True,0.6082616745179367
4eog__A1_UNDEFINED--4eog__A2_UNDEFINED,5,4,1,0,0.642152830263483,88.3125,True,0.5877899453587576
4eog__A1_UNDEFINED--4eog__A2_UNDEFINED,6,2,2,0,0.6400483150404113,88.25,True,0.5294771910787468
4eog__A1_UNDEFINED--4eog__A2_UNDEFINED,7,1,1,0,0.6433766661417467,88.25,True,0.5681036464544309
4eog__A1_UNDEFINED--4eog__A2_UNDEFINED,8,2,0,0,0.6272784391625782,88.1875,True,0.558555837016411
4eog__A1_UNDEFINED--4eog__A2_UNDEFINED,9,3,0,0,0.648088119270419,88.1875,True,0.5403638027155261
4eog__A1_UNDEFINED--4eog__A2_UNDEFINED,10,4,2,0,0.6345824760404009,88.125,True,0.4885181294989872
4eog__A1_UNDEFINED--4eog__A2_UNDEFINED,11,1,2,0,0.6295007359760202,88.125,True,0.5428407004140415
4eog__A1_UNDEFINED--4eog__A2_UNDEFINED,12,3,1,0,0.6360386321873122,88.125,True,0.4777773242701212
4eog__A1_UNDEFINED--4eog__A2_UNDEFINED,13,1,0,0,0.6470293284581919,87.75,True,0.45721458361316875
4eog__A1_UNDEFINED--4eog__A2_UNDEFINED,14,2,1,0,0.6361202447889999,87.5625,True,0.47622769330598663
4eog__A1_UNDEFINED--4eog__A2_UNDEFINED,15,2,3,0,0.6295678054295821,87.375,True,0.42491486960192476
4eog__A1_UNDEFINED--4eog__A2_UNDEFINED,16,4,0,0,0.6369599587767159,87.25,True,0.4035426491252342
4eog__A1_UNDEFINED--4eog__A2_UNDEFINED,17,5,3,0,0.6366753919217203,87.1875,True,0.4387360672699148
4eog__A1_UNDEFINED--4eog__A2_UNDEFINED,18,5,1,0,0.6402205557262465,86.875,True,0.3924670585566768
4eog__A1_UNDEFINED--4eog__A2_UNDEFINED,19,5,2,0,0.6382538929918032,86.8125,True,0.38868632233079314
4eog__A1_UNDEFINED--4eog__A2_UNDEFINED,20,5,0,0,0.6394084174123655,86.625,True,0.3530488912289486
4fmm__B1_P53860--4fmm__A1_P53860,1,4,3,4,0.7108223628693366,83.5,True,0.6557101025620494
4fmm__B1_P53860--4fmm__A1_P53860,2,4,1,4,0.7029654169653922,82.8125,True,0.66523500029693
4fmm__B1_P53860--4fmm__A1_P53860,3,1,1,4,0.6639503443062151,77.1875,True,0.5989229626261612
4fmm__B1_P53860--4fmm__A1_P53860,4,3,3,4,0.1703444318397655,73.875,False,0.6131695868611869
4fmm__B1_P53860--4fmm__A1_P53860,5,2,2,4,0.6818050229515794,73.8125,True,0.6105853151945414
4fmm__B1_P53860--4fmm__A1_P53860,6,3,2,4,0.2606195091234689,73.3125,True,0.5796274801287653
4fmm__B1_P53860--4fmm__A1_P53860,7,3,0,4,0.1687241474642868,72.75,False,0.5753128381138174
4fmm__B1_P53860--4fmm__A1_P53860,8,3,1,4,0.1563978807234007,72.75,False,0.5572772687858086
4fmm__B1_P53860--4fmm__A1_P53860,9,2,3,4,0.6887195331997765,70.625,True,0.5307954000503847
4fmm__B1_P53860--4fmm__A1_P53860,10,2,0,4,0.6749786276654834,69.6875,True,0.5174505876403044
4fmm__B1_P53860--4fmm__A1_P53860,11,5,2,4,0.1814513313221285,69.375,False,0.5024696755297572
4fmm__B1_P53860--4fmm__A1_P53860,12,5,1,4,0.1462241132539101,69.0625,False,0.4701029055258519
4fmm__B1_P53860--4fmm__A1_P53860,13,1,2,4,0.6421697451619272,68.375,True,0.4920871830030764
4fmm__B1_P53860--4fmm__A1_P53860,14,1,0,4,0.6546590433252096,66.375,True,0.45952201548226046
4fmm__B1_P53860--4fmm__A1_P53860,15,5,3,4,0.1655842636599439,65.125,False,0.4385880094643608
4fmm__B1_P53860--4fmm__A1_P53860,16,4,2,4,0.5731406249683665,64.25,True,0.40274261409836
4fmm__B1_P53860--4fmm__A1_P53860,17,1,3,4,0.5944954130278556,63.5625,True,0.40998303201387487
4fmm__B1_P53860--4fmm__A1_P53860,18,5,0,4,0.4314537747759736,58.125,True,0.3798114397125353
4fmm__B1_P53860--4fmm__A1_P53860,19,2,1,4,0.6711704723907644,53.90625,True,0.3705757373423647
4fmm__B1_P53860--4fmm__A1_P53860,20,4,0,4,0.6438651662675033,51.9375,True,0.3404927763406874
4fqb__B1_Q9I2Q0--4fqb__A1_Q9I2Q1,1,5,3,0,0.8773504640432751,92.1875,True,0.6570669546174623
4fqb__B1_Q9I2Q0--4fqb__A1_Q9I2Q1,2,4,0,0,0.8986503105095643,92.125,True,0.5799696090251737
4fqb__B1_Q9I2Q0--4fqb__A1_Q9I2Q1,3,4,2,0,0.912947743180752,92.125,True,0.5894285861963909
4fqb__B1_Q9I2Q0--4fqb__A1_Q9I2Q1,4,4,1,0,0.8947734748973586,91.875,True,0.4888376080249334
4fqb__B1_Q9I2Q0--4fqb__A1_Q9I2Q1,5,5,2,0,0.8797402106320593,91.875,True,0.5616310444961841
4fqb__B1_Q9I2Q0--4fqb__A1_Q9I2Q1,6,5,0,0,0.9035883744278164,91.875,True,0.580757620930547
4fqb__B1_Q9I2Q0--4fqb__A1_Q9I2Q1,7,3,3,0,0.8815053577516206,91.8125,True,0.5420598444496216
4fqb__B1_Q9I2Q0--4fqb__A1_Q9I2Q1,8,3,0,0,0.8815836237824323,91.75,True,0.5399148071218747
4fqb__B1_Q9I2Q0--4fqb__A1_Q9I2Q1,9,1,1,0,0.8875400589834775,91.75,True,0.5548487767294847
4fqb__B1_Q9I2Q0--4fqb__A1_Q9I2Q1,10,2,1,0,0.860889117036054,91.75,True,0.5192330457642276
4fqb__B1_Q9I2Q0--4fqb__A1_Q9I2Q1,11,5,1,0,0.8799315284687391,91.75,True,0.5324274482710992
4fqb__B1_Q9I2Q0--4fqb__A1_Q9I2Q1,12,4,3,0,0.8876001363159579,91.6875,True,0.4439466244008005
4fqb__B1_Q9I2Q0--4fqb__A1_Q9I2Q1,13,3,2,0,0.8757432004894761,91.6875,True,0.4515372149479513
4fqb__B1_Q9I2Q0--4fqb__A1_Q9I2Q1,14,3,1,0,0.8859867155230612,91.625,True,0.46616405107727177
4fqb__B1_Q9I2Q0--4fqb__A1_Q9I2Q1,15,1,0,0,0.886300154278965,91.625,True,0.4883731568250019
4fqb__B1_Q9I2Q0--4fqb__A1_Q9I2Q1,16,1,2,0,0.8877862874869646,91.4375,True,0.4942346897279165
4fqb__B1_Q9I2Q0--4fqb__A1_Q9I2Q1,17,2,3,0,0.8585968996449401,91.375,True,0.43521435303005485
4fqb__B1_Q9I2Q0--4fqb__A1_Q9I2Q1,18,2,0,0,0.8451817923938166,91.375,True,0.40147234463627646
4fqb__B1_Q9I2Q0--4fqb__A1_Q9I2Q1,19,1,3,0,0.9002135553196116,91.3125,True,0.47355710675533697
4fqb__B1_Q9I2Q0--4fqb__A1_Q9I2Q1,20,2,2,0,0.8355078845138605,91.0625,True,0.35846526227729325
4fup__A1_Q5HKE8--4fup__A2_Q5HKE8,1,2,2,0,0.028325479078198,67.1875,False,0.6562668252567563
4fup__A1_Q5HKE8--4fup__A2_Q5HKE8,2,2,0,0,0.0284338279235231,65.4375,False,0.6415347377227066
4fup__A1_Q5HKE8--4fup__A2_Q5HKE8,3,2,1,0,0.5122395689502383,47.59375,True,0.6265305667666061
4fup__A1_Q5HKE8--4fup__A2_Q5HKE8,4,3,3,0,0.0261313910978183,39.5,False,0.6272594269572057
4fup__A1_Q5HKE8--4fup__A2_Q5HKE8,5,3,0,0,0.0259402748499413,39.1875,False,0.6161537406946916
4fup__A1_Q5HKE8--4fup__A2_Q5HKE8,6,2,3,0,0.5484450783062759,37.3125,True,0.5762550486777206
4fup__A1_Q5HKE8--4fup__A2_Q5HKE8,7,3,1,0,0.0263577418076591,35.9375,False,0.5874406032756028
4fup__A1_Q5HKE8--4fup__A2_Q5HKE8,8,3,2,0,0.0267140085726954,31.921875,False,0.5615618626560699
4fup__A1_Q5HKE8--4fup__A2_Q5HKE8,9,1,2,0,0.3107370598823281,22.984375,True,0.5426326757080837
4fup__A1_Q5HKE8--4fup__A2_Q5HKE8,10,1,1,0,0.3443054385033139,22.75,True,0.5235795808591256
4fup__A1_Q5HKE8--4fup__A2_Q5HKE8,11,1,3,0,0.2980107030280998,20.78125,True,0.4948008031700854
4fup__A1_Q5HKE8--4fup__A2_Q5HKE8,12,1,0,0,0.3045541537811195,20.390625,True,0.4587644445179839
4fup__A1_Q5HKE8--4fup__A2_Q5HKE8,13,4,3,0,0.0318524931286289,19.03125,False,0.48781916725519
4fup__A1_Q5HKE8--4fup__A2_Q5HKE8,14,4,1,0,0.0323645458116033,18.828125,False,0.44989488572215297
4fup__A1_Q5HKE8--4fup__A2_Q5HKE8,15,4,0,0,0.0262768588231646,17.265625,False,0.44016898033008584
4fup__A1_Q5HKE8--4fup__A2_Q5HKE8,16,4,2,0,0.0297599696011355,16.296875,False,0.39838964553549816
4fup__A1_Q5HKE8--4fup__A2_Q5HKE8,17,5,2,0,0.0289756364687663,16.09375,False,0.3912137411564568
4fup__A1_Q5HKE8--4fup__A2_Q5HKE8,18,5,3,0,0.0154026280723161,15.9765625,False,0.3845810705405907
4fup__A1_Q5HKE8--4fup__A2_Q5HKE8,19,5,0,0,0.0501978490096515,15.4765625,False,0.3534467409230544
4fup__A1_Q5HKE8--4fup__A2_Q5HKE8,20,5,1,0,0.0545369867911372,15.125,False,0.3403147453227854
4g2u__A1_Q8T8F4--4g2u__B1_Q8T8F4,1,3,2,3,0.9506203179157516,85.6875,True,0.6571583942391744
4g2u__A1_Q8T8F4--4g2u__B1_Q8T8F4,2,1,1,3,0.9528610550302398,85.5625,True,0.6111287624327055
4g2u__A1_Q8T8F4--4g2u__B1_Q8T8F4,3,1,3,3,0.9523056081922469,85.5,True,0.6048731399830742
4g2u__A1_Q8T8F4--4g2u__B1_Q8T8F4,4,2,1,3,0.9590442523190572,85.1875,True,0.6266833834720462
4g2u__A1_Q8T8F4--4g2u__B1_Q8T8F4,5,1,2,3,0.9567340772811176,84.9375,True,0.5663783263740088
4g2u__A1_Q8T8F4--4g2u__B1_Q8T8F4,6,4,1,3,0.9436384248689708,84.25,True,0.5541759692899004
4g2u__A1_Q8T8F4--4g2u__B1_Q8T8F4,7,5,1,3,0.9563436056489224,84.0,True,0.5843530378946117
4g2u__A1_Q8T8F4--4g2u__B1_Q8T8F4,8,1,0,3,0.9438109732343234,83.75,True,0.5495355458699666
4g2u__A1_Q8T8F4--4g2u__B1_Q8T8F4,9,5,0,3,0.948240404256912,83.375,True,0.5506743822551954
4g2u__A1_Q8T8F4--4g2u__B1_Q8T8F4,10,5,3,3,0.9596709460629236,83.25,True,0.5351415509691507
4g2u__A1_Q8T8F4--4g2u__B1_Q8T8F4,11,5,2,3,0.9520943141431812,83.125,True,0.5288672539421727
4g2u__A1_Q8T8F4--4g2u__B1_Q8T8F4,12,4,2,3,0.9500160569294952,82.625,True,0.5121489309812225
4g2u__A1_Q8T8F4--4g2u__B1_Q8T8F4,13,4,0,3,0.9419476329810736,79.125,True,0.4761550930539771
4g2u__A1_Q8T8F4--4g2u__B1_Q8T8F4,14,4,3,3,0.920199744231332,60.34375,True,0.45100479383668535
4g2u__A1_Q8T8F4--4g2u__B1_Q8T8F4,15,2,2,3,0.0793511679785062,40.40625,False,0.43494935810658436
4g2u__A1_Q8T8F4--4g2u__B1_Q8T8F4,16,2,0,3,0.075125019484349,36.9375,False,0.41444742362858605
4g2u__A1_Q8T8F4--4g2u__B1_Q8T8F4,17,2,3,3,0.0971307601152082,29.734375,False,0.4062635754559869
4g2u__A1_Q8T8F4--4g2u__B1_Q8T8F4,18,3,0,3,0.0083191641798598,20.0,False,0.379813813137999
4g2u__A1_Q8T8F4--4g2u__B1_Q8T8F4,19,3,3,3,0.0214837274080961,19.046875,False,0.3651505525911259
4g2u__A1_Q8T8F4--4g2u__B1_Q8T8F4,20,3,1,3,0.0161719604783028,18.03125,False,0.35734224725372205
4g3k__A1_O66591--4g3k__B1_O66591,1,3,1,4,0.8801479086454286,88.0,True,0.6714181213086698
4g3k__A1_O66591--4g3k__B1_O66591,2,4,1,4,0.8503859878398766,87.8125,True,0.6371927816658874
4g3k__A1_O66591--4g3k__B1_O66591,3,3,3,4,0.8776511264741739,87.5625,True,0.6398023530399015
4g3k__A1_O66591--4g3k__B1_O66591,4,3,0,4,0.8744319598562368,87.375,True,0.6293385770325582
4g3k__A1_O66591--4g3k__B1_O66591,5,3,2,4,0.8755297123065935,87.0625,True,0.6035547566907647
4g3k__A1_O66591--4g3k__B1_O66591,6,1,3,4,0.8546821205074199,86.1875,True,0.5717054309092799
4g3k__A1_O66591--4g3k__B1_O66591,7,5,1,4,0.8803937394303634,86.0,True,0.5711102878685438
4g3k__A1_O66591--4g3k__B1_O66591,8,5,0,4,0.8782683520578529,86.0,True,0.5679677303362666
4g3k__A1_O66591--4g3k__B1_O66591,9,5,3,4,0.8781445610058944,85.8125,True,0.5168170278150906
4g3k__A1_O66591--4g3k__B1_O66591,10,5,2,4,0.8784287060839878,85.8125,True,0.5336226993123663
4g3k__A1_O66591--4g3k__B1_O66591,11,1,0,4,0.8585097729012025,84.875,True,0.5
4g3k__A1_O66591--4g3k__B1_O66591,12,1,2,4,0.8583018514952498,84.5625,True,0.4824947060489539
4g3k__A1_O66591--4g3k__B1_O66591,13,1,1,4,0.869245689061179,83.375,True,0.45842882720686323
4g3k__A1_O66591--4g3k__B1_O66591,14,2,1,4,0.8605275951933877,83.0625,True,0.454233564217007
4g3k__A1_O66591--4g3k__B1_O66591,15,2,0,4,0.8633350844187252,81.75,True,0.4239035708050488
4g3k__A1_O66591--4g3k__B1_O66591,16,2,2,4,0.8659242892535036,81.625,True,0.41294336217365724
4g3k__A1_O66591--4g3k__B1_O66591,17,2,3,4,0.8688673514915703,81.125,True,0.38306425104921593
4g3k__A1_O66591--4g3k__B1_O66591,18,4,2,4,0.2026343652209778,79.5625,False,0.39988275060719775
4g3k__A1_O66591--4g3k__B1_O66591,19,4,0,4,0.2032023414659548,75.8125,False,0.3634552712851688
4g3k__A1_O66591--4g3k__B1_O66591,20,4,3,4,0.2019040491817319,66.125,False,0.34740890422716
4g94__B1_Q4Z9Y5--4g94__A1_P0A0J0,1,2,3,0,0.8319548107929933,91.875,True,0.6562668252567563
4g94__B1_Q4Z9Y5--4g94__A1_P0A0J0,2,2,0,0,0.8332472920913442,91.5625,True,0.6415347377227066
4g94__B1_Q4Z9Y5--4g94__A1_P0A0J0,3,1,3,0,0.8666249952273555,91.0625,True,0.6328117694733387
4g94__B1_Q4Z9Y5--4g94__A1_P0A0J0,4,1,1,0,0.8338435656593063,90.75,True,0.621497423179869
4g94__B1_Q4Z9Y5--4g94__A1_P0A0J0,5,4,3,0,0.8959552174851572,90.6875,True,0.6004648108084552
4g94__B1_Q4Z9Y5--4g94__A1_P0A0J0,6,2,2,0,0.8934451917038454,90.375,True,0.5793255450871462
4g94__B1_Q4Z9Y5--4g94__A1_P0A0J0,7,1,0,0,0.8658348628305386,90.3125,True,0.5439797825730487
4g94__B1_Q4Z9Y5--4g94__A1_P0A0J0,8,4,2,0,0.9000779956687391,90.25,True,0.5561574327105058
4g94__B1_Q4Z9Y5--4g94__A1_P0A0J0,9,4,1,0,0.8955901942765019,90.0625,True,0.5117221594146705
4g94__B1_Q4Z9Y5--4g94__A1_P0A0J0,10,1,2,0,0.8934563002996573,90.0,True,0.5141453054121854
4g94__B1_Q4Z9Y5--4g94__A1_P0A0J0,11,2,1,0,0.8924005263477155,89.9375,True,0.5266848239860282
4g94__B1_Q4Z9Y5--4g94__A1_P0A0J0,12,4,0,0,0.8933407241343477,89.5625,True,0.4495785828159563
4g94__B1_Q4Z9Y5--4g94__A1_P0A0J0,13,3,3,0,0.9001945809987794,89.5625,True,0.48983989964945196
4g94__B1_Q4Z9Y5--4g94__A1_P0A0J0,14,3,2,0,0.8563742800248018,89.5,True,0.46894917747380627
4g94__B1_Q4Z9Y5--4g94__A1_P0A0J0,15,3,1,0,0.8490664858908731,89.375,True,0.45268340034244936
4g94__B1_Q4Z9Y5--4g94__A1_P0A0J0,16,3,0,0,0.9102846501976668,89.25,True,0.3882217239749366
4g94__B1_Q4Z9Y5--4g94__A1_P0A0J0,17,5,3,0,0.8762801573289066,89.1875,True,0.41532913233408947
4g94__B1_Q4Z9Y5--4g94__A1_P0A0J0,18,5,2,0,0.8824118340245456,89.125,True,0.39537262691647196
4g94__B1_Q4Z9Y5--4g94__A1_P0A0J0,19,5,1,0,0.8809825061230204,89.0,True,0.3664366368914199
4g94__B1_Q4Z9Y5--4g94__A1_P0A0J0,20,5,0,0,0.8787257209192466,88.875,True,0.346234888855202
4ghw__A1_O59952--4ghw__B1_O59952,1,5,1,2,0.1901957711546504,48.59375,False,0.6415858834017127
4ghw__A1_O59952--4ghw__B1_O59952,2,5,0,2,0.2050760613837592,46.40625,False,0.6280893012284724
4ghw__A1_O59952--4ghw__B1_O59952,3,5,2,2,0.0518505559429405,44.34375,False,0.6097756468160177
4ghw__A1_O59952--4ghw__B1_O59952,4,5,3,2,0.227678323019249,42.40625,False,0.6051598694240438
4ghw__A1_O59952--4ghw__B1_O59952,5,2,3,2,0.2141379372788235,33.65625,False,0.5865638046991386
4ghw__A1_O59952--4ghw__B1_O59952,6,2,0,2,0.2112757031697509,33.53125,False,0.5692233747378171
4ghw__A1_O59952--4ghw__B1_O59952,7,3,0,2,0.2583631848566923,32.875,True,0.5581257609140899
4ghw__A1_O59952--4ghw__B1_O59952,8,2,2,2,0.1796770852784889,32.5625,False,0.53403648980866
4ghw__A1_O59952--4ghw__B1_O59952,9,3,1,2,0.2792563151318901,32.21875,True,0.5300595791664704
4ghw__A1_O59952--4ghw__B1_O59952,10,3,2,2,0.2564543947420619,31.90625,True,0.5162704228515708
4ghw__A1_O59952--4ghw__B1_O59952,11,3,3,2,0.1855194062227615,31.046875,False,0.5137531551104743
4ghw__A1_O59952--4ghw__B1_O59952,12,4,2,2,0.0559340346801186,30.734375,False,0.5053932470879938
4ghw__A1_O59952--4ghw__B1_O59952,13,2,1,2,0.2200569417056976,30.625,False,0.4662445929189691
4ghw__A1_O59952--4ghw__B1_O59952,14,1,1,2,0.160907994159678,29.765625,False,0.44335526975830203
4ghw__A1_O59952--4ghw__B1_O59952,15,4,0,2,0.053871072060458,29.296875,False,0.44945430231683203
4ghw__A1_O59952--4ghw__B1_O59952,16,4,1,2,0.0490490737685097,29.15625,False,0.43772777161314574
4ghw__A1_O59952--4ghw__B1_O59952,17,4,3,2,0.0466128534171045,28.9375,False,0.4306917432298786
4ghw__A1_O59952--4ghw__B1_O59952,18,1,0,2,0.2041867716190123,27.90625,False,0.37922158837621395
4ghw__A1_O59952--4ghw__B1_O59952,19,1,3,2,0.1603998409088062,27.3125,False,0.384915758946983
4ghw__A1_O59952--4ghw__B1_O59952,20,1,2,2,0.1905484578831645,26.140625,False,0.3540669299274221
4git__A1_Q84FG5--4git__B1_Q84FG5,1,4,0,0,0.9157959770704784,84.5,True,0.6529506590586521
4git__A1_Q84FG5--4git__B1_Q84FG5,2,4,2,0,0.917071714042551,84.5,True,0.6449006633282304
4git__A1_Q84FG5--4git__B1_Q84FG5,3,4,3,0,0.9173575715363466,83.5625,True,0.6204723481964227
4git__A1_Q84FG5--4git__B1_Q84FG5,4,4,1,0,0.9170884734437652,83.5625,True,0.6252453531231451
4git__A1_Q84FG5--4git__B1_Q84FG5,5,2,2,0,0.9258582373290096,83.5,True,0.5709241248956566
4git__A1_Q84FG5--4git__B1_Q84FG5,6,2,1,0,0.925536846545552,83.1875,True,0.5652514879271819
4git__A1_Q84FG5--4git__B1_Q84FG5,7,2,3,0,0.9255577471800126,83.125,True,0.5458910883954854
4git__A1_Q84FG5--4git__B1_Q84FG5,8,1,3,0,0.923464687934862,82.4375,True,0.5599815881377469
4git__A1_Q84FG5--4git__B1_Q84FG5,9,2,0,0,0.9255100564605114,82.375,True,0.5220286534356721
4git__A1_Q84FG5--4git__B1_Q84FG5,10,1,0,0,0.9229797206104025,82.0625,True,0.5286004619937461
4git__A1_Q84FG5--4git__B1_Q84FG5,11,1,2,0,0.9234689807698911,82.0,True,0.523218639008896
4git__A1_Q84FG5--4git__B1_Q84FG5,12,1,1,0,0.9211245327356165,81.375,True,0.4977736811640261
4git__A1_Q84FG5--4git__B1_Q84FG5,13,5,1,0,0.915728545937844,69.1875,True,0.4677099148009679
4git__A1_Q84FG5--4git__B1_Q84FG5,14,5,2,0,0.9156816478555084,68.8125,True,0.45164893516776167
4git__A1_Q84FG5--4git__B1_Q84FG5,15,5,3,0,0.9145514418622608,68.125,True,0.4356880489227552
4git__A1_Q84FG5--4git__B1_Q84FG5,16,3,3,0,0.9195093150189512,67.0625,True,0.42275752849373527
4git__A1_Q84FG5--4git__B1_Q84FG5,17,5,0,0,0.9143932462731468,66.125,True,0.4013343683014703
4git__A1_Q84FG5--4git__B1_Q84FG5,18,3,1,0,0.9188472029942072,66.0625,True,0.38872109396533994
4git__A1_Q84FG5--4git__B1_Q84FG5,19,3,0,0,0.9184768084438236,65.4375,True,0.3734694332333938
4git__A1_Q84FG5--4git__B1_Q84FG5,20,3,2,0,0.9165164373319686,63.375,True,0.35846526227729325
4giz__A1_P0AEX9--4giz__C1_P03126,1,3,1,0,0.4053769370334414,88.125,True,0.6466873121544181
4giz__A1_P0AEX9--4giz__C1_P03126,2,5,1,0,0.5826161888858671,88.0625,True,0.6203895136693814
4giz__A1_P0AEX9--4giz__C1_P03126,3,5,2,0,0.5903359592195884,88.0625,True,0.6147250747927715
4giz__A1_P0AEX9--4giz__C1_P03126,4,3,2,0,0.5707052564904185,88.0,True,0.6313557825739449
4giz__A1_P0AEX9--4giz__C1_P03126,5,2,2,0,0.5843929937540213,87.9375,True,0.5580736117804638
4giz__A1_P0AEX9--4giz__C1_P03126,6,5,0,0,0.5759117885305036,87.8125,True,0.5766120213384855
4giz__A1_P0AEX9--4giz__C1_P03126,7,5,3,0,0.5950775066873976,87.8125,True,0.600217413152681
4giz__A1_P0AEX9--4giz__C1_P03126,8,2,1,0,0.5833176663390259,87.5,True,0.4681502688819758
4giz__A1_P0AEX9--4giz__C1_P03126,9,1,1,0,0.5160163857973522,87.4375,True,0.4870168286616963
4giz__A1_P0AEX9--4giz__C1_P03126,10,2,3,0,0.6061852760101248,87.3125,True,0.447149885018475
4giz__A1_P0AEX9--4giz__C1_P03126,11,2,0,0,0.5859516972583366,87.3125,True,0.49828617897325567
4giz__A1_P0AEX9--4giz__C1_P03126,12,4,0,0,0.5903870457489399,87.125,True,0.5423910388211867
4giz__A1_P0AEX9--4giz__C1_P03126,13,1,2,0,0.5450519516529532,87.0625,True,0.46795851690642093
4giz__A1_P0AEX9--4giz__C1_P03126,14,1,0,0,0.5329075236943774,87.0,True,0.45336002592546354
4giz__A1_P0AEX9--4giz__C1_P03126,15,4,1,0,0.6241557230153195,86.6875,True,0.42695327582721876
4giz__A1_P0AEX9--4giz__C1_P03126,16,4,2,0,0.6158092209998829,86.4375,True,0.46112153160605257
4giz__A1_P0AEX9--4giz__C1_P03126,17,1,3,0,0.539636466450312,86.4375,True,0.37471527580025843
4giz__A1_P0AEX9--4giz__C1_P03126,18,3,0,0,0.5745628013458383,86.4375,True,0.4449721001681397
4giz__A1_P0AEX9--4giz__C1_P03126,19,4,3,0,0.6186173875749376,86.1875,True,0.41348400121743606
4giz__A1_P0AEX9--4giz__C1_P03126,20,3,3,0,0.5814241678112406,85.6875,True,0.4191955040877015
4gof__A1_O43765--4gof__B1_O43765,1,3,3,4,0.4147329133970719,79.5625,True,0.6784556790252517
4gof__A1_O43765--4gof__B1_O43765,2,5,3,4,0.4295961587893575,79.375,True,0.6764045583217801
4gof__A1_O43765--4gof__B1_O43765,3,5,2,4,0.418671200325186,79.3125,True,0.6677216138044424
4gof__A1_O43765--4gof__B1_O43765,4,5,1,4,0.4242530991381357,79.3125,True,0.6098220122210631
4gof__A1_O43765--4gof__B1_O43765,5,2,1,4,0.4063726418156119,79.25,True,0.5252890785088583
4gof__A1_O43765--4gof__B1_O43765,6,3,2,4,0.4254520976257589,79.1875,True,0.6461074961990881
4gof__A1_O43765--4gof__B1_O43765,7,5,0,4,0.4186674457536402,79.1875,True,0.6108077245772169
4gof__A1_O43765--4gof__B1_O43765,8,2,3,4,0.4315002350552354,78.9375,True,0.4522330556965917
4gof__A1_O43765--4gof__B1_O43765,9,2,2,4,0.4216389886200137,78.9375,True,0.4228470907050884
4gof__A1_O43765--4gof__B1_O43765,10,3,0,4,0.4134779894355103,78.9375,True,0.5890690399535454
4gof__A1_O43765--4gof__B1_O43765,11,2,0,4,0.4207988866679637,78.875,True,0.40141505271417677
4gof__A1_O43765--4gof__B1_O43765,12,4,0,4,0.5720206392465779,78.8125,True,0.5578759118509893
4gof__A1_O43765--4gof__B1_O43765,13,4,2,4,0.574612337795506,78.6875,True,0.5713514942315625
4gof__A1_O43765--4gof__B1_O43765,14,4,3,4,0.5650235863686972,78.6875,True,0.5480416179075404
4gof__A1_O43765--4gof__B1_O43765,15,4,1,4,0.5460818249464189,78.625,True,0.49701276651887255
4gof__A1_O43765--4gof__B1_O43765,16,1,3,4,0.4340204102486074,78.25,True,0.3546438463973228
4gof__A1_O43765--4gof__B1_O43765,17,1,2,4,0.43854751168066,78.125,True,0.33123113837012313
4gof__A1_O43765--4gof__B1_O43765,18,3,1,4,0.408569560935507,78.125,True,0.3922144615351281
4gof__A1_O43765--4gof__B1_O43765,19,1,0,4,0.4416535157729759,78.125,True,0.3285101890277752
4gof__A1_O43765--4gof__B1_O43765,20,1,1,4,0.4414268222623713,77.8125,True,0.31299875308459846
4har__A1_P08563--4har__B1_P08563,1,3,1,2,0.4208076332640856,89.875,True,0.6415858834017127
4har__A1_P08563--4har__B1_P08563,2,4,2,2,0.4066454767376503,89.625,True,0.6280893012284724
4har__A1_P08563--4har__B1_P08563,3,3,3,2,0.4258501300326172,88.8125,True,0.6143899476729139
4har__A1_P08563--4har__B1_P08563,4,5,0,2,0.4126154968249922,87.625,True,0.605731869353757
4har__A1_P08563--4har__B1_P08563,5,4,3,2,0.4181739415644315,87.5625,True,0.5866213096367154
4har__A1_P08563--4har__B1_P08563,6,5,1,2,0.413167012369403,87.3125,True,0.564987193122017
4har__A1_P08563--4har__B1_P08563,7,5,2,2,0.415425732225775,87.25,True,0.5613006500717431
4har__A1_P08563--4har__B1_P08563,8,5,3,2,0.4209260407223493,87.1875,True,0.5419867444933132
4har__A1_P08563--4har__B1_P08563,9,4,1,2,0.4273847899309829,85.6875,True,0.5282637152608389
4har__A1_P08563--4har__B1_P08563,10,1,3,2,0.4212047934791043,85.5,True,0.5153703273434477
4har__A1_P08563--4har__B1_P08563,11,1,0,2,0.4374546737580618,84.875,True,0.49590458466382403
4har__A1_P08563--4har__B1_P08563,12,4,0,2,0.4145276458322257,84.8125,True,0.4741679084418619
4har__A1_P08563--4har__B1_P08563,13,1,1,2,0.4305671769240507,84.5,True,0.4652660315862243
4har__A1_P08563--4har__B1_P08563,14,3,2,2,0.4256565428791699,84.1875,True,0.45806732182053317
4har__A1_P08563--4har__B1_P08563,15,3,0,2,0.4542990499414983,83.5625,True,0.4537519031446532
4har__A1_P08563--4har__B1_P08563,16,2,0,2,0.4397203262300518,83.5,True,0.43662346556578324
4har__A1_P08563--4har__B1_P08563,17,1,2,2,0.4359683988863295,83.25,True,0.4121109665976112
4har__A1_P08563--4har__B1_P08563,18,2,1,2,0.4353136342172028,82.75,True,0.39949306359013786
4har__A1_P08563--4har__B1_P08563,19,2,3,2,0.4335177895763422,82.625,True,0.385610052327086
4har__A1_P08563--4har__B1_P08563,20,2,2,2,0.4318700130539046,81.4375,True,0.37191069877152755
4hg6__A1_Q3J125--4hg6__B1_Q3J126,1,1,2,2,0.3857667217359184,85.1875,True,0.6061378424198525
4hg6__A1_Q3J125--4hg6__B1_Q3J126,2,2,2,2,0.4177159896282829,84.9375,True,0.5709412095041372
4hg6__A1_Q3J125--4hg6__B1_Q3J126,3,4,3,2,0.390658278049585,84.9375,True,0.6126731910004676
4hg6__A1_Q3J125--4hg6__B1_Q3J126,4,4,1,2,0.3836652340712654,84.875,True,0.5939832627572148
4hg6__A1_Q3J125--4hg6__B1_Q3J126,5,2,3,2,0.4190216147403642,84.75,True,0.5428111483447695
4hg6__A1_Q3J125--4hg6__B1_Q3J126,6,1,0,2,0.3879562399040757,84.6875,True,0.553525652742102
4hg6__A1_Q3J125--4hg6__B1_Q3J126,7,1,3,2,0.3854242336281281,84.5625,True,0.5207038527577271
4hg6__A1_Q3J125--4hg6__B1_Q3J126,8,4,2,2,0.3833434328429148,84.5,True,0.5623923577996948
4hg6__A1_Q3J125--4hg6__B1_Q3J126,9,2,0,2,0.4106912132083569,84.4375,True,0.46480165990442757
4hg6__A1_Q3J125--4hg6__B1_Q3J126,10,2,1,2,0.4076764130625088,84.4375,True,0.469291614632124
4hg6__A1_Q3J125--4hg6__B1_Q3J126,11,1,1,2,0.3866226353441446,84.3125,True,0.5079762626502163
4hg6__A1_Q3J125--4hg6__B1_Q3J126,12,4,0,2,0.3937963508543982,84.125,True,0.5466207050677946
4hg6__A1_Q3J125--4hg6__B1_Q3J126,13,3,3,2,0.3770860837695735,83.9375,True,0.5189517654532483
4hg6__A1_Q3J125--4hg6__B1_Q3J126,14,3,1,2,0.3791140378121677,83.875,True,0.5046580773727695
4hg6__A1_Q3J125--4hg6__B1_Q3J126,15,3,0,2,0.3815892519356321,83.3125,True,0.5081208200808498
4hg6__A1_Q3J125--4hg6__B1_Q3J126,16,3,2,2,0.3783140070181325,83.1875,True,0.45995655673487346
4hg6__A1_Q3J125--4hg6__B1_Q3J126,17,5,1,2,0.3840422421084331,81.625,True,0.42081787206610227
4hg6__A1_Q3J125--4hg6__B1_Q3J126,18,5,3,2,0.3817712166332317,81.3125,True,0.408169330991987
4hg6__A1_Q3J125--4hg6__B1_Q3J126,19,5,2,2,0.3832201083668442,81.0,True,0.3778774307601061
4hg6__A1_Q3J125--4hg6__B1_Q3J126,20,5,0,2,0.3888967626387593,80.6875,True,0.3951448930680524
4hj1__A1_P03518--4hj1__B1_P03518,1,4,2,0,0.0035151538857912,29.859375,False,0.6728276997144672
4hj1__A1_P03518--4hj1__B1_P03518,2,4,1,0,0.0034668302572091,29.125,False,0.6729816468143132
4hj1__A1_P03518--4hj1__B1_P03518,3,2,3,0,0.0035427861444207,28.3125,False,0.6386107145646557
4hj1__A1_P03518--4hj1__B1_P03518,4,4,0,0,0.003507386980475,25.96875,False,0.6316385336691082
4hj1__A1_P03518--4hj1__B1_P03518,5,5,2,0,0.0036184287047712,25.484375,False,0.6000031981111388
4hj1__A1_P03518--4hj1__B1_P03518,6,4,3,0,0.0034177782936305,24.828125,False,0.5975768703463357
4hj1__A1_P03518--4hj1__B1_P03518,7,1,3,0,0.0035532900101747,24.671875,False,0.5342539339228916
4hj1__A1_P03518--4hj1__B1_P03518,8,5,0,0,0.0035908643074182,24.625,False,0.5430393267157375
4hj1__A1_P03518--4hj1__B1_P03518,9,5,3,0,0.0035907524492797,24.609375,False,0.5528724058684494
4hj1__A1_P03518--4hj1__B1_P03518,10,5,1,0,0.0035325971405094,24.609375,False,0.5319141842534795
4hj1__A1_P03518--4hj1__B1_P03518,11,1,1,0,0.0034592287785452,24.484375,False,0.5125612806538206
4hj1__A1_P03518--4hj1__B1_P03518,12,1,2,0,0.0035231070609716,24.28125,False,0.49563958762204213
4hj1__A1_P03518--4hj1__B1_P03518,13,2,1,0,0.0034428114797173,23.46875,False,0.4580109632030859
4hj1__A1_P03518--4hj1__B1_P03518,14,2,2,0,0.0034646973795142,23.046875,False,0.4436598277154181
4hj1__A1_P03518--4hj1__B1_P03518,15,1,0,0,0.0035036862539082,22.4375,False,0.40549866481146435
4hj1__A1_P03518--4hj1__B1_P03518,16,2,0,0,0.0035108067240047,22.140625,False,0.40531728617825746
4hj1__A1_P03518--4hj1__B1_P03518,17,3,3,0,0.0848342573666594,19.921875,False,0.3769615987480678
4hj1__A1_P03518--4hj1__B1_P03518,18,3,1,0,0.0040170207125511,18.6875,False,0.35243417794001414
4hj1__A1_P03518--4hj1__B1_P03518,19,3,0,0,0.0075778767733405,17.921875,False,0.38063984029795567
4hj1__A1_P03518--4hj1__B1_P03518,20,3,2,0,0.0053415735719804,17.765625,False,0.3475328471355286
4hme__A1_B1VBB0--4hme__A2_B1VBB0,1,2,0,2,0.4880846019797027,83.1875,True,0.6325997649218342
4hme__A1_B1VBB0--4hme__A2_B1VBB0,2,4,0,2,0.5260894523443271,78.9375,True,0.632617519193475
4hme__A1_B1VBB0--4hme__A2_B1VBB0,3,4,1,2,0.5437367495462156,78.375,True,0.6189837790706477
4hme__A1_B1VBB0--4hme__A2_B1VBB0,4,1,2,2,0.5163775248359417,67.625,True,0.6005069364098622
4hme__A1_B1VBB0--4hme__A2_B1VBB0,5,1,3,2,0.0417801164140708,22.25,False,0.5867689491057443
4hme__A1_B1VBB0--4hme__A2_B1VBB0,6,1,0,2,0.0407575708570016,21.9375,False,0.6081389084031117
4hme__A1_B1VBB0--4hme__A2_B1VBB0,7,1,1,2,0.0218311477101926,21.453125,False,0.5654032773815665
4hme__A1_B1VBB0--4hme__A2_B1VBB0,8,2,1,2,0.055699142665388,21.09375,False,0.5745817545099183
4hme__A1_B1VBB0--4hme__A2_B1VBB0,9,3,2,2,0.013888929425828,19.984375,False,0.5065493005752539
4hme__A1_B1VBB0--4hme__A2_B1VBB0,10,3,1,2,0.0132320362064423,19.90625,False,0.5419123066002398
4hme__A1_B1VBB0--4hme__A2_B1VBB0,11,2,2,2,0.0168090343635256,19.53125,False,0.5003590450056303
4hme__A1_B1VBB0--4hme__A2_B1VBB0,12,3,0,2,0.0416309279163476,19.375,False,0.44593135147637836
4hme__A1_B1VBB0--4hme__A2_B1VBB0,13,3,3,2,0.0122051681271056,19.34375,False,0.4420132910383318
4hme__A1_B1VBB0--4hme__A2_B1VBB0,14,4,2,2,0.0242255632492899,19.3125,False,0.4299937942784682
4hme__A1_B1VBB0--4hme__A2_B1VBB0,15,2,3,2,0.0220491413754349,19.203125,False,0.4544980799575934
4hme__A1_B1VBB0--4hme__A2_B1VBB0,16,4,3,2,0.0154944469562635,18.828125,False,0.3694401661652224
4hme__A1_B1VBB0--4hme__A2_B1VBB0,17,5,1,2,0.0230295608686747,18.671875,False,0.3943289361978345
4hme__A1_B1VBB0--4hme__A2_B1VBB0,18,5,3,2,0.0161555468058694,18.65625,False,0.4414920661059044
4hme__A1_B1VBB0--4hme__A2_B1VBB0,19,5,0,2,0.0083150871331921,18.578125,False,0.40443538627453557
4hme__A1_B1VBB0--4hme__A2_B1VBB0,20,5,2,2,0.0379290860852111,17.390625,False,0.3901948963355325
4ip3__A1_Q8VSD5--4ip3__B1_P61088,1,4,0,1,0.6119264049097262,88.875,True,0.6373033260027056
4ip3__A1_Q8VSD5--4ip3__B1_P61088,2,3,2,1,0.571684751676512,87.1875,True,0.6298175626909391
4ip3__A1_Q8VSD5--4ip3__B1_P61088,3,4,1,1,0.5964460763565373,87.0,True,0.5531913001994784
4ip3__A1_Q8VSD5--4ip3__B1_P61088,4,4,2,1,0.5456739706486665,86.5625,True,0.5551484932165314
4ip3__A1_Q8VSD5--4ip3__B1_P61088,5,5,2,1,0.5711407139903767,86.0,True,0.5480238266078732
4ip3__A1_Q8VSD5--4ip3__B1_P61088,6,3,1,1,0.5918332152919805,85.9375,True,0.5900918453783376
4ip3__A1_Q8VSD5--4ip3__B1_P61088,7,5,1,1,0.5806206219397905,84.75,True,0.5872299878716808
4ip3__A1_Q8VSD5--4ip3__B1_P61088,8,3,3,1,0.5431024314106311,84.6875,True,0.5019690488265137
4ip3__A1_Q8VSD5--4ip3__B1_P61088,9,5,0,1,0.5964026407854157,84.5625,True,0.4752091470207878
4ip3__A1_Q8VSD5--4ip3__B1_P61088,10,3,0,1,0.623184770304421,84.0625,True,0.5134529238756009
4ip3__A1_Q8VSD5--4ip3__B1_P61088,11,5,3,1,0.5780311007396494,83.6875,True,0.46152876783310726
4ip3__A1_Q8VSD5--4ip3__B1_P61088,12,1,2,1,0.5864313938787655,83.25,True,0.5869405844947643
4ip3__A1_Q8VSD5--4ip3__B1_P61088,13,1,3,1,0.5814446848305495,83.0,True,0.5085112133694367
4ip3__A1_Q8VSD5--4ip3__B1_P61088,14,1,0,1,0.6013899158646235,82.875,True,0.5205740964531366
4ip3__A1_Q8VSD5--4ip3__B1_P61088,15,4,3,1,0.5112356943948712,82.375,True,0.4222207858940149
4ip3__A1_Q8VSD5--4ip3__B1_P61088,16,1,1,1,0.5938460819646586,82.3125,True,0.46322834556783865
4ip3__A1_Q8VSD5--4ip3__B1_P61088,17,2,3,1,0.504759732101447,75.8125,True,0.4162450092335215
4ip3__A1_Q8VSD5--4ip3__B1_P61088,18,2,1,1,0.5435588361538753,73.375,True,0.40261640335786997
4ip3__A1_Q8VSD5--4ip3__B1_P61088,19,2,0,1,0.4824762348643198,69.6875,True,0.38913656467735946
4ip3__A1_Q8VSD5--4ip3__B1_P61088,20,2,2,1,0.4829359980008132,65.375,True,0.375824110397241
4iu2__B1_A0AEF5--4iu2__A1_A0AEF6,1,1,2,2,0.0276052766435953,60.9375,False,0.6164678514382176
4iu2__B1_A0AEF5--4iu2__A1_A0AEF6,2,3,1,2,0.0274892115570081,60.3125,False,0.6478536469794095
4iu2__B1_A0AEF5--4iu2__A1_A0AEF6,3,2,1,2,0.0276394877351414,59.75,False,0.6208413478900918
4iu2__B1_A0AEF5--4iu2__A1_A0AEF6,4,2,0,2,0.0276556631579025,59.1875,False,0.5992179878444517
4iu2__B1_A0AEF5--4iu2__A1_A0AEF6,5,1,1,2,0.0274887047619279,59.1875,False,0.5864930836580863
4iu2__B1_A0AEF5--4iu2__A1_A0AEF6,6,5,0,2,0.027534948423193,54.6875,False,0.5579636243531853
4iu2__B1_A0AEF5--4iu2__A1_A0AEF6,7,1,0,2,0.66739305827112,54.65625,True,0.5417269962902787
4iu2__B1_A0AEF5--4iu2__A1_A0AEF6,8,5,3,2,0.6513355670381086,54.0,True,0.5800980208484607
4iu2__B1_A0AEF5--4iu2__A1_A0AEF6,9,3,2,2,0.0277782133989632,52.4375,False,0.5422182632787859
4iu2__B1_A0AEF5--4iu2__A1_A0AEF6,10,1,3,2,0.0279743848155531,52.28125,False,0.5117193107933953
4iu2__B1_A0AEF5--4iu2__A1_A0AEF6,11,2,2,2,0.0279780236151477,48.75,False,0.4889758809608643
4iu2__B1_A0AEF5--4iu2__A1_A0AEF6,12,4,2,2,0.0281023375386737,46.1875,False,0.48029300837392924
4iu2__B1_A0AEF5--4iu2__A1_A0AEF6,13,2,3,2,0.0281869849128197,45.46875,False,0.46885575653274136
4iu2__B1_A0AEF5--4iu2__A1_A0AEF6,14,4,3,2,0.0280929038564266,45.03125,False,0.4565232015692085
4iu2__B1_A0AEF5--4iu2__A1_A0AEF6,15,4,0,2,0.0281659549440556,45.0,False,0.442844346094399
4iu2__B1_A0AEF5--4iu2__A1_A0AEF6,16,4,1,2,0.6238618642060251,43.875,True,0.4328648221665576
4iu2__B1_A0AEF5--4iu2__A1_A0AEF6,17,5,1,2,0.0282245244969117,42.96875,False,0.4088343216620352
4iu2__B1_A0AEF5--4iu2__A1_A0AEF6,18,5,2,2,0.0285579143431911,39.90625,False,0.39792263067201117
4iu2__B1_A0AEF5--4iu2__A1_A0AEF6,19,3,3,2,0.6777874496590294,39.15625,True,0.37762495863478257
4iu2__B1_A0AEF5--4iu2__A1_A0AEF6,20,3,0,2,0.6244627706831989,36.65625,True,0.3818070050017397
4jnh__B1_P14349--4jnh__A1_P14349,1,2,1,0,0.4888419001555908,53.15625,True,0.6562668252567563
4jnh__B1_P14349--4jnh__A1_P14349,2,4,2,0,0.4444233735529669,49.15625,True,0.6440983355677882
4jnh__B1_P14349--4jnh__A1_P14349,3,4,0,0,0.3989456125006183,38.75,True,0.6207644073370706
4jnh__B1_P14349--4jnh__A1_P14349,4,4,3,0,0.2895979207689134,37.8125,True,0.6158741412890071
4jnh__B1_P14349--4jnh__A1_P14349,5,4,1,0,0.3226150885458913,29.578125,True,0.5801461418411651
4jnh__B1_P14349--4jnh__A1_P14349,6,5,1,0,0.3527446467102792,23.40625,True,0.5760395357740239
4jnh__B1_P14349--4jnh__A1_P14349,7,1,3,0,0.1629884745068217,21.171875,False,0.5835372578199591
4jnh__B1_P14349--4jnh__A1_P14349,8,3,3,0,0.1347170342070913,21.125,False,0.5110035657571393
4jnh__B1_P14349--4jnh__A1_P14349,9,2,0,0,0.1099553576581633,20.5625,False,0.5483955105566569
4jnh__B1_P14349--4jnh__A1_P14349,10,1,1,0,0.2202328553734136,20.265625,False,0.46593215632383256
4jnh__B1_P14349--4jnh__A1_P14349,11,1,0,0,0.2782204419842972,19.9375,True,0.5095681796668009
4jnh__B1_P14349--4jnh__A1_P14349,12,3,2,0,0.0236310756351365,19.859375,False,0.5081458862814825
4jnh__B1_P14349--4jnh__A1_P14349,13,1,2,0,0.1323197392432169,19.203125,False,0.4793486396036552
4jnh__B1_P14349--4jnh__A1_P14349,14,2,3,0,0.2988217150021988,19.15625,True,0.4738130035298116
4jnh__B1_P14349--4jnh__A1_P14349,15,2,2,0,0.1914729215373067,18.734375,False,0.41020981326637734
4jnh__B1_P14349--4jnh__A1_P14349,16,5,0,0,0.3128456949915418,18.40625,True,0.450687982410349
4jnh__B1_P14349--4jnh__A1_P14349,17,3,1,0,0.026160198691136,18.375,False,0.415589262091642
4jnh__B1_P14349--4jnh__A1_P14349,18,3,0,0,0.1305625763885121,17.609375,False,0.370474746418889
4jnh__B1_P14349--4jnh__A1_P14349,19,5,2,0,0.0250757100022609,17.203125,False,0.3967634946980766
4jnh__B1_P14349--4jnh__A1_P14349,20,5,3,0,0.036886817295663,16.8125,False,0.3408891719626153
4k5a__A1_Q1RMX3--4k5a__B1_UNDEFINED,1,3,0,3,0.6443388032278526,69.125,True,0.6614858700232774
4k5a__A1_Q1RMX3--4k5a__B1_UNDEFINED,2,5,2,3,0.5622105558754217,68.75,True,0.6433789121880145
4k5a__A1_Q1RMX3--4k5a__B1_UNDEFINED,3,5,3,3,0.5607405501170308,68.5625,True,0.590385663817355
4k5a__A1_Q1RMX3--4k5a__B1_UNDEFINED,4,3,2,3,0.6504681767723354,68.25,True,0.624448254653304
4k5a__A1_Q1RMX3--4k5a__B1_UNDEFINED,5,1,0,3,0.655671317572076,67.75,True,0.6027573067381824
4k5a__A1_Q1RMX3--4k5a__B1_UNDEFINED,6,1,1,3,0.6230409607989128,67.5625,True,0.585285180726944
4k5a__A1_Q1RMX3--4k5a__B1_UNDEFINED,7,3,3,3,0.6489843464160652,67.5,True,0.5769014606050947
4k5a__A1_Q1RMX3--4k5a__B1_UNDEFINED,8,1,3,3,0.6364984234987514,67.125,True,0.5281986413932838
4k5a__A1_Q1RMX3--4k5a__B1_UNDEFINED,9,4,1,3,0.6139680448710635,67.0625,True,0.5308646725488682
4k5a__A1_Q1RMX3--4k5a__B1_UNDEFINED,10,1,2,3,0.6242971334675068,66.625,True,0.5375596768219582
4k5a__A1_Q1RMX3--4k5a__B1_UNDEFINED,11,5,1,3,0.5645160321754099,65.5625,True,0.48768994613424316
4k5a__A1_Q1RMX3--4k5a__B1_UNDEFINED,12,5,0,3,0.5593659990931363,65.3125,True,0.5105202794941974
4k5a__A1_Q1RMX3--4k5a__B1_UNDEFINED,13,3,1,3,0.6760137549288946,65.0,True,0.4745600404258739
4k5a__A1_Q1RMX3--4k5a__B1_UNDEFINED,14,4,3,3,0.6233160102032623,64.1875,True,0.44046266161130504
4k5a__A1_Q1RMX3--4k5a__B1_UNDEFINED,15,2,3,3,0.6387953928391782,64.0625,True,0.4088491704416487
4k5a__A1_Q1RMX3--4k5a__B1_UNDEFINED,16,2,2,3,0.5786569903552343,63.96875,True,0.4240709736858987
4k5a__A1_Q1RMX3--4k5a__B1_UNDEFINED,17,4,2,3,0.6362862640561592,63.9375,True,0.42653055366746095
4k5a__A1_Q1RMX3--4k5a__B1_UNDEFINED,18,2,0,3,0.5737358224503387,63.71875,True,0.3858730480450607
4k5a__A1_Q1RMX3--4k5a__B1_UNDEFINED,19,2,1,3,0.583563235398353,62.28125,True,0.3552709883377314
4k5a__A1_Q1RMX3--4k5a__B1_UNDEFINED,20,4,0,3,0.6223141880512764,62.21875,True,0.3675086951788255
4k8w__A1_Q8RP52--4k8w__A2_Q8RP52,1,4,3,1,0.5262152136621386,86.0625,True,0.6373033260027056
4k8w__A1_Q8RP52--4k8w__A2_Q8RP52,2,2,2,1,0.0983818424252143,70.6875,False,0.596367238062358
4k8w__A1_Q8RP52--4k8w__A2_Q8RP52,3,4,2,1,0.3638717491966118,68.125,True,0.6110503825340414
4k8w__A1_Q8RP52--4k8w__A2_Q8RP52,4,2,3,1,0.0942438022708254,64.6875,False,0.5853953478034014
4k8w__A1_Q8RP52--4k8w__A2_Q8RP52,5,1,3,1,0.1343772313194026,64.5,False,0.6071339009435882
4k8w__A1_Q8RP52--4k8w__A2_Q8RP52,6,4,0,1,0.3149200456404455,61.75,True,0.5772674704829577
4k8w__A1_Q8RP52--4k8w__A2_Q8RP52,7,2,0,1,0.1700223213597326,51.15625,False,0.5464865942929799
4k8w__A1_Q8RP52--4k8w__A2_Q8RP52,8,4,1,1,0.2056567645060663,50.9375,False,0.5556326325810598
4k8w__A1_Q8RP52--4k8w__A2_Q8RP52,9,5,2,1,0.0803189575704954,49.5625,False,0.5365356067553348
4k8w__A1_Q8RP52--4k8w__A2_Q8RP52,10,2,1,1,0.1739268455031153,48.71875,False,0.5068049215636059
4k8w__A1_Q8RP52--4k8w__A2_Q8RP52,11,1,2,1,0.1580182296679843,46.84375,False,0.5047748634392247
4k8w__A1_Q8RP52--4k8w__A2_Q8RP52,12,5,0,1,0.0571973927490292,40.5,False,0.48967692717725536
4k8w__A1_Q8RP52--4k8w__A2_Q8RP52,13,5,3,1,0.0753753200201384,36.96875,False,0.4769170655189481
4k8w__A1_Q8RP52--4k8w__A2_Q8RP52,14,3,2,1,0.2005752320097802,33.5,False,0.44587535677385526
4k8w__A1_Q8RP52--4k8w__A2_Q8RP52,15,3,3,1,0.1712440324394693,32.59375,False,0.45089069620185745
4k8w__A1_Q8RP52--4k8w__A2_Q8RP52,16,1,0,1,0.1687560771820106,29.484375,False,0.40985155573227244
4k8w__A1_Q8RP52--4k8w__A2_Q8RP52,17,5,1,1,0.0434924681479715,29.15625,False,0.42808309311859716
4k8w__A1_Q8RP52--4k8w__A2_Q8RP52,18,1,1,1,0.3597209819143956,28.78125,True,0.4071096408726653
4k8w__A1_Q8RP52--4k8w__A2_Q8RP52,19,3,0,1,0.1802139355835795,23.953125,False,0.38216382506519064
4k8w__A1_Q8RP52--4k8w__A2_Q8RP52,20,3,1,1,0.1621758822504099,23.90625,False,0.38275283790870107
4kk1__A1_Q09778--4kk1__B1_Q09778,1,4,3,1,0.0193862138413704,59.34375,False,0.6373033260027056
4kk1__A1_Q09778--4kk1__B1_Q09778,2,4,2,1,0.019450858923769,52.375,False,0.6344355724420643
4kk1__A1_Q09778--4kk1__B1_Q09778,3,2,0,1,0.0196239463893595,49.0,False,0.5921764143883358
4kk1__A1_Q09778--4kk1__B1_Q09778,4,2,2,1,0.0194168087245655,48.65625,False,0.5760442825859073
4kk1__A1_Q09778--4kk1__B1_Q09778,5,2,3,1,0.0196377831146855,47.71875,False,0.5562064361819533
4kk1__A1_Q09778--4kk1__B1_Q09778,6,4,0,1,0.0194932829980244,46.5,False,0.6081901501646632
4kk1__A1_Q09778--4kk1__B1_Q09778,7,2,1,1,0.0196147603312719,46.125,False,0.5277046536028244
4kk1__A1_Q09778--4kk1__B1_Q09778,8,4,1,1,0.0193959155612893,43.1875,False,0.6103823921098234
4kk1__A1_Q09778--4kk1__B1_Q09778,9,1,3,1,0.027639700930236,42.0,False,0.518497092787427
4kk1__A1_Q09778--4kk1__B1_Q09778,10,1,2,1,0.0276442098041711,39.875,False,0.538355861170745
4kk1__A1_Q09778--4kk1__B1_Q09778,11,5,0,1,0.0197393770965935,38.65625,False,0.5225081160263498
4kk1__A1_Q09778--4kk1__B1_Q09778,12,1,1,1,0.0402461678942623,38.40625,False,0.4761891493553518
4kk1__A1_Q09778--4kk1__B1_Q09778,13,5,3,1,0.0281014688198326,36.5,False,0.4656485036779899
4kk1__A1_Q09778--4kk1__B1_Q09778,14,5,1,1,0.0282026751489255,36.21875,False,0.476595425566596
4kk1__A1_Q09778--4kk1__B1_Q09778,15,1,0,1,0.0446430093034657,35.78125,False,0.4329837461775909
4kk1__A1_Q09778--4kk1__B1_Q09778,16,3,0,1,0.036157432138508,33.375,False,0.4317890356533092
4kk1__A1_Q09778--4kk1__B1_Q09778,17,3,1,1,0.0360522311080423,31.90625,False,0.412159122404431
4kk1__A1_Q09778--4kk1__B1_Q09778,18,3,2,1,0.0401690963476361,31.703125,False,0.3881652077958328
4kk1__A1_Q09778--4kk1__B1_Q09778,19,5,2,1,0.0364268737826188,30.890625,False,0.3738732803557219
4kk1__A1_Q09778--4kk1__B1_Q09778,20,3,3,1,0.0442794574310912,29.625,False,0.3595264104245426
4kun__A1_UNDEFINED--4kun__B1_UNDEFINED,1,2,2,3,0.2816439575412967,86.6875,True,0.6614858700232774
4kun__A1_UNDEFINED--4kun__B1_UNDEFINED,2,2,0,3,0.2840932947062117,85.3125,True,0.6463264740952176
4kun__A1_UNDEFINED--4kun__B1_UNDEFINED,3,4,1,3,0.7605846224731924,81.0,True,0.6308670418386041
4kun__A1_UNDEFINED--4kun__B1_UNDEFINED,4,5,3,3,0.7522947017003824,79.5625,True,0.6095514096958778
4kun__A1_UNDEFINED--4kun__B1_UNDEFINED,5,4,3,3,0.7548433399370303,79.4375,True,0.5952794194893922
4kun__A1_UNDEFINED--4kun__B1_UNDEFINED,6,5,0,3,0.7484130618160071,79.1875,True,0.5785444945310543
4kun__A1_UNDEFINED--4kun__B1_UNDEFINED,7,4,2,3,0.7489993628912348,78.6875,True,0.5760311219186309
4kun__A1_UNDEFINED--4kun__B1_UNDEFINED,8,4,0,3,0.7340122798329084,78.625,True,0.5559171662154243
4kun__A1_UNDEFINED--4kun__B1_UNDEFINED,9,5,2,3,0.7294108008857171,78.3125,True,0.5323595715050315
4kun__A1_UNDEFINED--4kun__B1_UNDEFINED,10,5,1,3,0.8363534932275748,77.6875,True,0.5194004396982339
4kun__A1_UNDEFINED--4kun__B1_UNDEFINED,11,3,2,3,0.7831235755612616,77.5625,True,0.49733791052219356
4kun__A1_UNDEFINED--4kun__B1_UNDEFINED,12,3,3,3,0.7980120648392135,76.0,True,0.483258191209408
4kun__A1_UNDEFINED--4kun__B1_UNDEFINED,13,3,0,3,0.7597144042846334,74.75,True,0.4665538806240635
4kun__A1_UNDEFINED--4kun__B1_UNDEFINED,14,3,1,3,0.8070577707630558,74.0625,True,0.44992423124695646
4kun__A1_UNDEFINED--4kun__B1_UNDEFINED,15,1,3,3,0.7712085846352291,71.4375,True,0.43340574202393845
4kun__A1_UNDEFINED--4kun__B1_UNDEFINED,16,1,0,3,0.7388556141112245,70.3125,True,0.41235760236676594
4kun__A1_UNDEFINED--4kun__B1_UNDEFINED,17,1,2,3,0.7314754506693708,69.5625,True,0.4054788899660263
4kun__A1_UNDEFINED--4kun__B1_UNDEFINED,18,1,1,3,0.7614693978670334,67.25,True,0.3848657529813655
4kun__A1_UNDEFINED--4kun__B1_UNDEFINED,19,2,1,3,0.7402379908853528,60.375,True,0.36913295816139585
4kun__A1_UNDEFINED--4kun__B1_UNDEFINED,20,2,3,3,0.7236768971447874,56.03125,True,0.35367352590478235
4l4x__A1_Q93NX9--4l4x__A2_Q93NX9,1,5,0,0,0.0768369340453875,68.1875,False,0.6503594515287772
4l4x__A1_Q93NX9--4l4x__A2_Q93NX9,2,1,1,0,0.0622877375637178,62.53125,False,0.6320008279551671
4l4x__A1_Q93NX9--4l4x__A2_Q93NX9,3,2,1,0,0.0378894840162784,62.21875,False,0.6392210750227282
4l4x__A1_Q93NX9--4l4x__A2_Q93NX9,4,2,3,0,0.0376892425977578,61.65625,False,0.6142876348484471
4l4x__A1_Q93NX9--4l4x__A2_Q93NX9,5,1,0,0,0.0778109877160642,61.09375,False,0.597228215402476
4l4x__A1_Q93NX9--4l4x__A2_Q93NX9,6,1,2,0,0.0780441545101042,60.46875,False,0.571532982493231
4l4x__A1_Q93NX9--4l4x__A2_Q93NX9,7,2,2,0,0.0371487079169684,60.15625,False,0.5684021347094221
4l4x__A1_Q93NX9--4l4x__A2_Q93NX9,8,1,3,0,0.0537846636974245,54.9375,False,0.5514894872136353
4l4x__A1_Q93NX9--4l4x__A2_Q93NX9,9,3,1,0,0.0986883383816717,28.90625,False,0.5245085446115394
4l4x__A1_Q93NX9--4l4x__A2_Q93NX9,10,3,3,0,0.0710614848685511,28.828125,False,0.5208025983048691
4l4x__A1_Q93NX9--4l4x__A2_Q93NX9,11,5,3,0,0.2490743172930863,27.859375,True,0.4623588820111993
4l4x__A1_Q93NX9--4l4x__A2_Q93NX9,12,3,0,0,0.1012224266622181,27.65625,False,0.48382496004199416
4l4x__A1_Q93NX9--4l4x__A2_Q93NX9,13,3,2,0,0.1058385294226383,27.578125,False,0.4695805960488864
4l4x__A1_Q93NX9--4l4x__A2_Q93NX9,14,2,0,0,0.1645782188449719,27.5625,False,0.4334742819274527
4l4x__A1_Q93NX9--4l4x__A2_Q93NX9,15,4,1,0,0.1315283971327777,26.75,False,0.41429036924957907
4l4x__A1_Q93NX9--4l4x__A2_Q93NX9,16,5,2,0,0.1787802916103423,26.40625,False,0.42185996559494365
4l4x__A1_Q93NX9--4l4x__A2_Q93NX9,17,4,3,0,0.0809381171197715,26.359375,False,0.3883556706638841
4l4x__A1_Q93NX9--4l4x__A2_Q93NX9,18,4,0,0,0.0742079492576591,26.1875,False,0.4132247531102995
4l4x__A1_Q93NX9--4l4x__A2_Q93NX9,19,4,2,0,0.0794437217133219,25.9375,False,0.4078436968210333
4l4x__A1_Q93NX9--4l4x__A2_Q93NX9,20,5,1,0,0.1248042364473218,24.8125,False,0.3885854849787407
4l9i__A1_P28327--4l9i__B1_P28327,1,4,3,4,0.0622548013796975,73.75,False,0.5897466576641406
4l9i__A1_P28327--4l9i__B1_P28327,2,4,1,4,0.0628522653114012,72.375,False,0.5623519889505502
4l9i__A1_P28327--4l9i__B1_P28327,3,4,2,4,0.0641735616918375,72.375,False,0.6134637500298329
4l9i__A1_P28327--4l9i__B1_P28327,4,1,1,4,0.0612841281168676,64.75,False,0.48193673870405446
4l9i__A1_P28327--4l9i__B1_P28327,5,3,2,4,0.063421110993908,57.53125,False,0.5206679537610389
4l9i__A1_P28327--4l9i__B1_P28327,6,3,0,4,0.0635087195595073,54.75,False,0.4887721910223538
4l9i__A1_P28327--4l9i__B1_P28327,7,3,1,4,0.0636317896222407,54.6875,False,0.4440241287977316
4l9i__A1_P28327--4l9i__B1_P28327,8,5,1,4,0.0081448021890042,28.953125,False,0.6784113574210366
4l9i__A1_P28327--4l9i__B1_P28327,9,5,3,4,0.0082250978167293,28.859375,False,0.6557063700570352
4l9i__A1_P28327--4l9i__B1_P28327,10,5,2,4,0.0083381869138536,28.703125,False,0.6557296164059568
4l9i__A1_P28327--4l9i__B1_P28327,11,1,2,4,0.0082951189497048,28.46875,False,0.5858168715705249
4l9i__A1_P28327--4l9i__B1_P28327,12,4,0,4,0.0148505441269542,27.953125,False,0.5669565586015017
4l9i__A1_P28327--4l9i__B1_P28327,13,1,3,4,0.0081202661914606,27.296875,False,0.5115120089288312
4l9i__A1_P28327--4l9i__B1_P28327,14,5,0,4,0.0078901093854088,26.84375,False,0.5836164046683002
4l9i__A1_P28327--4l9i__B1_P28327,15,1,0,4,0.0065771049997495,25.21875,False,0.3545257879247233
4l9i__A1_P28327--4l9i__B1_P28327,16,2,1,4,0.0044020218203042,24.875,False,0.3490269980415938
4l9i__A1_P28327--4l9i__B1_P28327,17,2,2,4,0.0042163470361575,24.40625,False,0.40667278285523517
4l9i__A1_P28327--4l9i__B1_P28327,18,2,0,4,0.0045240718037207,24.28125,False,0.34568460881921603
4l9i__A1_P28327--4l9i__B1_P28327,19,2,3,4,0.0044294201289261,24.09375,False,0.36325345599900555
4l9i__A1_P28327--4l9i__B1_P28327,20,3,3,4,0.0049010312595226,23.703125,False,0.4131493084239048
4lo8__A1_Q8KHU9--4lo8__B1_Q45878,1,4,1,3,0.445963029444939,72.75,True,0.6601026772021777
4lo8__A1_Q8KHU9--4lo8__B1_Q45878,2,1,0,3,0.3821761316925942,69.5625,True,0.604691115577632
4lo8__A1_Q8KHU9--4lo8__B1_Q45878,3,2,3,3,0.3162140805419244,68.5625,True,0.6232147923595523
4lo8__A1_Q8KHU9--4lo8__B1_Q45878,4,1,3,3,0.5093388367062963,67.25,True,0.6077518523304899
4lo8__A1_Q8KHU9--4lo8__B1_Q45878,5,3,2,3,0.2494106190364758,66.5,True,0.5696754908014926
4lo8__A1_Q8KHU9--4lo8__B1_Q45878,6,4,2,3,0.2411055569742476,66.3125,True,0.5646619063977293
4lo8__A1_Q8KHU9--4lo8__B1_Q45878,7,5,0,3,0.3626205266042659,65.1875,True,0.6174212926498643
4lo8__A1_Q8KHU9--4lo8__B1_Q45878,8,2,0,3,0.3717084040767271,62.0,True,0.5827447081632987
4lo8__A1_Q8KHU9--4lo8__B1_Q45878,9,3,3,3,0.1834392431803803,61.0625,False,0.5578968007344202
4lo8__A1_Q8KHU9--4lo8__B1_Q45878,10,3,0,3,0.2185982710980598,59.0,False,0.49208474930341134
4lo8__A1_Q8KHU9--4lo8__B1_Q45878,11,3,1,3,0.3042416116046327,58.28125,True,0.5041491722563044
4lo8__A1_Q8KHU9--4lo8__B1_Q45878,12,4,3,3,0.2339581175237667,58.125,True,0.4796108389177867
4lo8__A1_Q8KHU9--4lo8__B1_Q45878,13,1,2,3,0.2501442410679194,55.9375,True,0.4911125841790826
4lo8__A1_Q8KHU9--4lo8__B1_Q45878,14,5,3,3,0.2990032462552974,48.84375,True,0.44992423124695646
4lo8__A1_Q8KHU9--4lo8__B1_Q45878,15,1,1,3,0.1692777573593845,29.03125,False,0.4426447670732961
4lo8__A1_Q8KHU9--4lo8__B1_Q45878,16,4,0,3,0.0085005338254035,18.796875,False,0.41314634896060437
4lo8__A1_Q8KHU9--4lo8__B1_Q45878,17,5,2,3,0.010985285697936,17.734375,False,0.3877760555434187
4lo8__A1_Q8KHU9--4lo8__B1_Q45878,18,2,2,3,0.0147486589428078,16.59375,False,0.376283727211087
4lo8__A1_Q8KHU9--4lo8__B1_Q45878,19,2,1,3,0.0153329447264472,16.546875,False,0.39211357537367997
4lo8__A1_Q8KHU9--4lo8__B1_Q45878,20,5,1,3,0.0086764932618665,16.140625,False,0.34732207498571727
4lp7__C1_Q91F56--4lp7__A1_Q91F56,1,5,2,1,0.0838438891847362,21.375,False,0.6843315205066132
4lp7__C1_Q91F56--4lp7__A1_Q91F56,2,4,0,1,0.0871244786785221,18.453125,False,0.622250705322699
4lp7__C1_Q91F56--4lp7__A1_Q91F56,3,3,0,1,0.0808146366454893,18.125,False,0.6508416128483328
4lp7__C1_Q91F56--4lp7__A1_Q91F56,4,2,2,1,0.257657477916604,17.90625,True,0.6367647397272695
4lp7__C1_Q91F56--4lp7__A1_Q91F56,5,4,1,1,0.0332673597703019,17.796875,False,0.5226780570551584
4lp7__C1_Q91F56--4lp7__A1_Q91F56,6,3,2,1,0.0346767316345603,17.640625,False,0.5554176071240959
4lp7__C1_Q91F56--4lp7__A1_Q91F56,7,4,3,1,0.0299823284224035,17.546875,False,0.5268133928924491
4lp7__C1_Q91F56--4lp7__A1_Q91F56,8,1,3,1,0.0916240324664885,17.265625,False,0.5742978034686266
4lp7__C1_Q91F56--4lp7__A1_Q91F56,9,2,0,1,0.0932664511743055,16.578125,False,0.4982435874583805
4lp7__C1_Q91F56--4lp7__A1_Q91F56,10,3,1,1,0.0311487739561473,16.5625,False,0.480152020411301
4lp7__C1_Q91F56--4lp7__A1_Q91F56,11,4,2,1,0.0717265964566661,16.53125,False,0.5214759070584071
4lp7__C1_Q91F56--4lp7__A1_Q91F56,12,5,3,1,0.0632244717215499,16.46875,False,0.5260044182107558
4lp7__C1_Q91F56--4lp7__A1_Q91F56,13,2,3,1,0.133794163667504,16.40625,False,0.5491145620346668
4lp7__C1_Q91F56--4lp7__A1_Q91F56,14,1,2,1,0.06177640382139,15.890625,False,0.44946216123671184
4lp7__C1_Q91F56--4lp7__A1_Q91F56,15,2,1,1,0.0188634804133,15.8671875,False,0.4248782643545385
4lp7__C1_Q91F56--4lp7__A1_Q91F56,16,5,1,1,0.1135777950980808,15.7578125,False,0.39924408417004137
4lp7__C1_Q91F56--4lp7__A1_Q91F56,17,1,0,1,0.0528737007655672,15.578125,False,0.40171396679253213
4lp7__C1_Q91F56--4lp7__A1_Q91F56,18,1,1,1,0.1158133594050698,15.140625,False,0.41859651181414015
4lp7__C1_Q91F56--4lp7__A1_Q91F56,19,3,3,1,0.0348456345813869,15.1171875,False,0.3689990798237973
4lp7__C1_Q91F56--4lp7__A1_Q91F56,20,5,0,1,0.0276775165738077,13.9375,False,0.32377389410007096
4lrq__C1_A0A0H3ALA8--4lrq__A1_A0A0H3ALA8,1,3,3,3,0.0780186338848186,70.875,False,0.6614858700232774
4lrq__C1_A0A0H3ALA8--4lrq__A1_A0A0H3ALA8,2,3,2,3,0.0780638656550949,64.875,False,0.6463264740952176
4lrq__C1_A0A0H3ALA8--4lrq__A1_A0A0H3ALA8,3,2,3,3,0.0615859303478687,62.5,False,0.6308670418386041
4lrq__C1_A0A0H3ALA8--4lrq__A1_A0A0H3ALA8,4,3,0,3,0.060525364755908,59.75,False,0.6151342470186344
4lrq__C1_A0A0H3ALA8--4lrq__A1_A0A0H3ALA8,5,2,2,3,0.06175272355292,58.9375,False,0.5991569604251347
4lrq__C1_A0A0H3ALA8--4lrq__A1_A0A0H3ALA8,6,5,2,3,0.0775526466084633,58.46875,False,0.5766973493546357
4lrq__C1_A0A0H3ALA8--4lrq__A1_A0A0H3ALA8,7,5,3,3,0.0596626428187212,58.21875,False,0.5729017888949441
4lrq__C1_A0A0H3ALA8--4lrq__A1_A0A0H3ALA8,8,5,1,3,0.0601243496074024,57.625,False,0.5500757687530435
4lrq__C1_A0A0H3ALA8--4lrq__A1_A0A0H3ALA8,9,5,0,3,0.0596336421344988,51.40625,False,0.5345323500314253
4lrq__C1_A0A0H3ALA8--4lrq__A1_A0A0H3ALA8,10,2,0,3,0.0627432256805153,48.625,False,0.5156516803915938
4lrq__C1_A0A0H3ALA8--4lrq__A1_A0A0H3ALA8,11,3,1,3,0.0613722715760446,39.71875,False,0.49893682478430107
4lrq__C1_A0A0H3ALA8--4lrq__A1_A0A0H3ALA8,12,2,1,3,0.0637091204902257,37.5,False,0.484320250059765
4lrq__C1_A0A0H3ALA8--4lrq__A1_A0A0H3ALA8,13,1,1,3,0.0930944060567343,32.5,False,0.4796519650561139
4lrq__C1_A0A0H3ALA8--4lrq__A1_A0A0H3ALA8,14,1,0,3,0.0929115770293749,32.40625,False,0.4494033760398446
4lrq__C1_A0A0H3ALA8--4lrq__A1_A0A0H3ALA8,15,1,2,3,0.0902098621636667,32.1875,False,0.44872831569528565
4lrq__C1_A0A0H3ALA8--4lrq__A1_A0A0H3ALA8,16,1,3,3,0.0961803213082563,30.140625,False,0.41886008262044705
4lrq__C1_A0A0H3ALA8--4lrq__A1_A0A0H3ALA8,17,4,0,3,0.1973645090387512,24.5,False,0.39904150212221456
4lrq__C1_A0A0H3ALA8--4lrq__A1_A0A0H3ALA8,18,4,2,3,0.1926072554029829,24.25,False,0.3795482096466398
4lrq__C1_A0A0H3ALA8--4lrq__A1_A0A0H3ALA8,19,4,3,3,0.1722645265601153,24.078125,False,0.35821838972298103
4lrq__C1_A0A0H3ALA8--4lrq__A1_A0A0H3ALA8,20,4,1,3,0.1840558274391031,23.6875,False,0.3439265078264544
4luq__A1_Q9HYC5--4luq__C1_Q9HYC4,1,2,2,1,0.0068850428237788,91.25,False,0.6121300804213011
4luq__A1_Q9HYC5--4luq__C1_Q9HYC4,2,2,0,1,0.0069036597642748,91.125,False,0.5807504793208998
4luq__A1_Q9HYC5--4luq__C1_Q9HYC4,3,1,0,1,0.0069527981273994,90.8125,False,0.6381001464113532
4luq__A1_Q9HYC5--4luq__C1_Q9HYC4,4,2,1,1,0.0069172793293179,90.6875,False,0.5751637861829265
4luq__A1_Q9HYC5--4luq__C1_Q9HYC4,5,2,3,1,0.006899332974768,90.5625,False,0.5823537011481511
4luq__A1_Q9HYC5--4luq__C1_Q9HYC4,6,4,0,1,0.0068445532418714,90.25,False,0.5533723828548499
4luq__A1_Q9HYC5--4luq__C1_Q9HYC4,7,1,1,1,0.0069620057467137,90.1875,False,0.5703697607627866
4luq__A1_Q9HYC5--4luq__C1_Q9HYC4,8,1,2,1,0.0069491739361985,90.125,False,0.5851629190486284
4luq__A1_Q9HYC5--4luq__C1_Q9HYC4,9,3,0,1,0.0069456625354498,90.0625,False,0.492754192137181
4luq__A1_Q9HYC5--4luq__C1_Q9HYC4,10,5,2,1,0.0069434653543601,90.0,False,0.4684960354199237
4luq__A1_Q9HYC5--4luq__C1_Q9HYC4,11,3,2,1,0.0069135102736265,89.9375,False,0.48306297946028953
4luq__A1_Q9HYC5--4luq__C1_Q9HYC4,12,4,2,1,0.0069025537648538,89.875,False,0.48838881847788834
4luq__A1_Q9HYC5--4luq__C1_Q9HYC4,13,5,0,1,0.0069521984181794,89.75,False,0.4958694469008939
4luq__A1_Q9HYC5--4luq__C1_Q9HYC4,14,4,3,1,0.0068781379883572,89.6875,False,0.4450950230515289
4luq__A1_Q9HYC5--4luq__C1_Q9HYC4,15,3,3,1,0.0069402059588418,89.5,False,0.44202989809416354
4luq__A1_Q9HYC5--4luq__C1_Q9HYC4,16,4,1,1,0.0069175707856885,89.4375,False,0.40000543933104366
4luq__A1_Q9HYC5--4luq__C1_Q9HYC4,17,1,3,1,0.0069696182288444,89.0,False,0.5394894650642064
4luq__A1_Q9HYC5--4luq__C1_Q9HYC4,18,3,1,1,0.0069200829926667,88.6875,False,0.4165434180007565
4luq__A1_Q9HYC5--4luq__C1_Q9HYC4,19,5,3,1,0.0069522737809939,88.5625,False,0.39596954186434097
4luq__A1_Q9HYC5--4luq__C1_Q9HYC4,20,5,1,1,0.0069386253043339,88.3125,False,0.3735852019788692
4mgy__A1_Q9EQZ6--4mgy__B1_P61224,1,5,2,1,0.6082775803829716,88.4375,True,0.5991610534802597
4mgy__A1_Q9EQZ6--4mgy__B1_P61224,2,1,3,1,0.5831084069749333,88.1875,True,0.6064683149233692
4mgy__A1_Q9EQZ6--4mgy__B1_P61224,3,2,2,1,0.7614040298057253,88.1875,True,0.602509632009961
4mgy__A1_Q9EQZ6--4mgy__B1_P61224,4,4,3,1,0.6008567972326295,88.0625,True,0.5604566627446128
4mgy__A1_Q9EQZ6--4mgy__B1_P61224,5,2,1,1,0.7453818714224439,87.4375,True,0.5610026239585799
4mgy__A1_Q9EQZ6--4mgy__B1_P61224,6,4,0,1,0.6046148135513201,87.3125,True,0.46302967147124885
4mgy__A1_Q9EQZ6--4mgy__B1_P61224,7,5,3,1,0.5242029300813424,86.8125,True,0.5909264000980009
4mgy__A1_Q9EQZ6--4mgy__B1_P61224,8,4,2,1,0.6105324630212454,86.5625,True,0.42344594045434863
4mgy__A1_Q9EQZ6--4mgy__B1_P61224,9,1,2,1,0.5542773962782798,86.25,True,0.5347936252173368
4mgy__A1_Q9EQZ6--4mgy__B1_P61224,10,2,3,1,0.4488277135101798,85.8125,True,0.5688577149305065
4mgy__A1_Q9EQZ6--4mgy__B1_P61224,11,4,1,1,0.523910705333885,85.4375,True,0.4850817275889328
4mgy__A1_Q9EQZ6--4mgy__B1_P61224,12,5,1,1,0.5351177266716709,85.4375,True,0.5694540424488284
4mgy__A1_Q9EQZ6--4mgy__B1_P61224,13,1,1,1,0.5856869346317906,85.0,True,0.4827451281893277
4mgy__A1_Q9EQZ6--4mgy__B1_P61224,14,3,1,1,0.4438493205423213,84.5625,True,0.43502041306963923
4mgy__A1_Q9EQZ6--4mgy__B1_P61224,15,1,0,1,0.4281047097854562,83.375,True,0.48493825460455475
4mgy__A1_Q9EQZ6--4mgy__B1_P61224,16,3,0,1,0.5529432257009192,82.75,True,0.41737769811425385
4mgy__A1_Q9EQZ6--4mgy__B1_P61224,17,3,2,1,0.6092139405897926,82.5625,True,0.47957698639342417
4mgy__A1_Q9EQZ6--4mgy__B1_P61224,18,3,3,1,0.5801649791715139,82.25,True,0.40441689168041245
4mgy__A1_Q9EQZ6--4mgy__B1_P61224,19,5,0,1,0.5177107941752738,79.75,True,0.484735452183873
4mgy__A1_Q9EQZ6--4mgy__B1_P61224,20,2,0,1,0.4357069969510493,77.6875,True,0.3850129193398284
4muc__B1_Q03591--4muc__A1_Q03591,1,2,2,4,0.3050739807925627,41.84375,True,0.668298189550973
4muc__B1_Q03591--4muc__A1_Q03591,2,1,1,4,0.0711303998774767,25.09375,False,0.6855364473636114
4muc__B1_Q03591--4muc__A1_Q03591,3,1,2,4,0.1429161078182543,23.078125,False,0.6503146058787053
4muc__B1_Q03591--4muc__A1_Q03591,4,1,0,4,0.1697853435023741,22.46875,False,0.6529991146431401
4muc__B1_Q03591--4muc__A1_Q03591,5,5,1,4,0.1002025778913486,22.1875,False,0.649650813041528
4muc__B1_Q03591--4muc__A1_Q03591,6,2,3,4,0.0824270613740466,19.90625,False,0.5997149351490699
4muc__B1_Q03591--4muc__A1_Q03591,7,2,0,4,0.1483927765498464,19.53125,False,0.5450993476897498
4muc__B1_Q03591--4muc__A1_Q03591,8,2,1,4,0.2096063362267578,19.15625,False,0.55460260256217
4muc__B1_Q03591--4muc__A1_Q03591,9,4,2,4,0.0251720901903365,18.78125,False,0.5496073006245286
4muc__B1_Q03591--4muc__A1_Q03591,10,4,1,4,0.0267030757551906,18.65625,False,0.5801616096127504
4muc__B1_Q03591--4muc__A1_Q03591,11,4,0,4,0.0215188402289362,18.390625,False,0.5554549934226359
4muc__B1_Q03591--4muc__A1_Q03591,12,4,3,4,0.0719776491188269,18.359375,False,0.49729666604290573
4muc__B1_Q03591--4muc__A1_Q03591,13,1,3,4,0.1003234407617593,17.609375,False,0.4246409892555943
4muc__B1_Q03591--4muc__A1_Q03591,14,3,2,4,0.0283262703092545,17.40625,False,0.4244776591649854
4muc__B1_Q03591--4muc__A1_Q03591,15,5,2,4,0.0294190496645619,17.09375,False,0.44929683793824576
4muc__B1_Q03591--4muc__A1_Q03591,16,5,3,4,0.0462667449904519,16.3125,False,0.3853844915150184
4muc__B1_Q03591--4muc__A1_Q03591,17,5,0,4,0.0513224823047364,16.171875,False,0.3496460042928061
4muc__B1_Q03591--4muc__A1_Q03591,18,3,0,4,0.0503643721294724,15.9296875,False,0.32573402855855105
4muc__B1_Q03591--4muc__A1_Q03591,19,3,3,4,0.0245431761934668,15.9140625,False,0.29842401610941716
4muc__B1_Q03591--4muc__A1_Q03591,20,3,1,4,0.0340142655523406,15.890625,False,0.3302587538564453
4mxe__A1_Q5FWF5--4mxe__B1_Q5FWF5,1,3,0,2,0.2689491583438005,79.25,True,0.6415858834017127
4mxe__A1_Q5FWF5--4mxe__B1_Q5FWF5,2,1,3,2,0.1996516466649958,78.8125,False,0.6318559708791434
4mxe__A1_Q5FWF5--4mxe__B1_Q5FWF5,3,1,0,2,0.1876821097008131,78.0625,False,0.6104484808249646
4mxe__A1_Q5FWF5--4mxe__B1_Q5FWF5,4,1,1,2,0.212778980206593,77.9375,False,0.602132225501492
4mxe__A1_Q5FWF5--4mxe__B1_Q5FWF5,5,1,2,2,0.1907790528934075,77.0625,False,0.6003675436013843
4mxe__A1_Q5FWF5--4mxe__B1_Q5FWF5,6,4,1,2,0.2556165889960547,75.9375,True,0.559721827464454
4mxe__A1_Q5FWF5--4mxe__B1_Q5FWF5,7,4,0,2,0.2661123067338271,74.9375,True,0.5547837406104967
4mxe__A1_Q5FWF5--4mxe__B1_Q5FWF5,8,4,2,2,0.2753295748092045,73.75,True,0.5445850004545282
4mxe__A1_Q5FWF5--4mxe__B1_Q5FWF5,9,2,1,2,0.226503217677637,73.1875,False,0.5379377856731115
4mxe__A1_Q5FWF5--4mxe__B1_Q5FWF5,10,4,3,2,0.229665540990597,72.875,False,0.5075695257396802
4mxe__A1_Q5FWF5--4mxe__B1_Q5FWF5,11,2,3,2,0.2164307075286159,72.0,False,0.49298065484744225
4mxe__A1_Q5FWF5--4mxe__B1_Q5FWF5,12,3,1,2,0.21946898807004,71.0,False,0.48133453566009377
4mxe__A1_Q5FWF5--4mxe__B1_Q5FWF5,13,5,0,2,0.1866444390957374,64.75,False,0.43843720155273486
4mxe__A1_Q5FWF5--4mxe__B1_Q5FWF5,14,3,2,2,0.2491356312488468,64.25,True,0.4988044532740072
4mxe__A1_Q5FWF5--4mxe__B1_Q5FWF5,15,5,2,2,0.1562547668357092,61.25,False,0.4029691664582533
4mxe__A1_Q5FWF5--4mxe__B1_Q5FWF5,16,2,2,2,0.2714973093205989,60.65625,True,0.43364171631290976
4mxe__A1_Q5FWF5--4mxe__B1_Q5FWF5,17,2,0,2,0.2260832450718011,60.40625,False,0.41703655653268307
4mxe__A1_Q5FWF5--4mxe__B1_Q5FWF5,18,5,1,2,0.2377124504963149,59.5625,True,0.3895515191750353
4mxe__A1_Q5FWF5--4mxe__B1_Q5FWF5,19,5,3,2,0.0752380356537555,59.40625,False,0.3763300625731646
4mxe__A1_Q5FWF5--4mxe__B1_Q5FWF5,20,3,3,2,0.2292322204181336,58.0,False,0.41886260493848376
4n1j__B1_Q86W24--4n1j__A1_Q86W24,1,4,0,0,0.126247796600908,26.125,False,0.6562668252567563
4n1j__B1_Q86W24--4n1j__A1_Q86W24,2,4,1,0,0.1513472190299051,24.25,False,0.6578300394225274
4n1j__B1_Q86W24--4n1j__A1_Q86W24,3,2,1,0,0.1416445407133925,20.78125,False,0.6196415589199634
4n1j__B1_Q86W24--4n1j__A1_Q86W24,4,2,2,0,0.209689092546584,20.09375,False,0.5772707565270035
4n1j__B1_Q86W24--4n1j__A1_Q86W24,5,5,2,0,0.2022455926466098,19.5,False,0.6211545519228928
4n1j__B1_Q86W24--4n1j__A1_Q86W24,6,5,3,0,0.1546993437731536,17.328125,False,0.5117524449119847
4n1j__B1_Q86W24--4n1j__A1_Q86W24,7,1,2,0,0.067809655549122,17.234375,False,0.5540131002574854
4n1j__B1_Q86W24--4n1j__A1_Q86W24,8,1,1,0,0.0668308010042735,17.046875,False,0.5045162817552638
4n1j__B1_Q86W24--4n1j__A1_Q86W24,9,2,3,0,0.1453381305163596,16.890625,False,0.44946133422662127
4n1j__B1_Q86W24--4n1j__A1_Q86W24,10,2,0,0,0.1338812530404199,16.84375,False,0.4740649450557326
4n1j__B1_Q86W24--4n1j__A1_Q86W24,11,5,0,0,0.1913097861885551,16.828125,False,0.47563063739827405
4n1j__B1_Q86W24--4n1j__A1_Q86W24,12,1,3,0,0.100396177976948,16.46875,False,0.4831261548220008
4n1j__B1_Q86W24--4n1j__A1_Q86W24,13,3,3,0,0.1138824089761239,16.421875,False,0.47109188712858174
4n1j__B1_Q86W24--4n1j__A1_Q86W24,14,5,1,0,0.0885001541010796,16.21875,False,0.5442369917048635
4n1j__B1_Q86W24--4n1j__A1_Q86W24,15,4,2,0,0.157357298680557,15.984375,False,0.5257286816035435
4n1j__B1_Q86W24--4n1j__A1_Q86W24,16,3,0,0,0.1989794879621636,15.84375,False,0.4357165183284993
4n1j__B1_Q86W24--4n1j__A1_Q86W24,17,4,3,0,0.1017772061594045,15.4765625,False,0.4815702267091675
4n1j__B1_Q86W24--4n1j__A1_Q86W24,18,3,1,0,0.0936116607900282,15.1171875,False,0.3797271514486075
4n1j__B1_Q86W24--4n1j__A1_Q86W24,19,3,2,0,0.1111174768571608,14.1171875,False,0.3679937379213977
4n1j__B1_Q86W24--4n1j__A1_Q86W24,20,1,0,0,0.0649457574438652,14.0,False,0.3638431620418583
4n1k__B1_Q86W24--4n1k__A1_Q86W24,1,4,1,1,0.0216514610931053,42.90625,False,0.6373033260027056
4n1k__B1_Q86W24--4n1k__A1_Q86W24,2,2,1,1,0.2668381260172673,34.78125,True,0.6253535063179538
4n1k__B1_Q86W24--4n1k__A1_Q86W24,3,4,0,1,0.0295181486941555,30.125,False,0.6096687012738553
4n1k__B1_Q86W24--4n1k__A1_Q86W24,4,3,1,1,0.0906133865991057,27.125,False,0.5720013887045622
4n1k__B1_Q86W24--4n1k__A1_Q86W24,5,3,3,1,0.0938721635866845,25.390625,False,0.5603806719163067
4n1k__B1_Q86W24--4n1k__A1_Q86W24,6,3,2,1,0.0917093376243132,24.9375,False,0.5201871691939512
4n1k__B1_Q86W24--4n1k__A1_Q86W24,7,2,0,1,0.0721335305493586,23.484375,False,0.5352894384964896
4n1k__B1_Q86W24--4n1k__A1_Q86W24,8,2,2,1,0.0660532575889134,22.171875,False,0.5906991386409353
4n1k__B1_Q86W24--4n1k__A1_Q86W24,9,3,0,1,0.0655351420321041,21.984375,False,0.48032133356530127
4n1k__B1_Q86W24--4n1k__A1_Q86W24,10,1,0,1,0.1732994701115032,19.875,False,0.4695445825259019
4n1k__B1_Q86W24--4n1k__A1_Q86W24,11,1,2,1,0.1081885833908715,19.828125,False,0.519970239938862
4n1k__B1_Q86W24--4n1k__A1_Q86W24,12,4,3,1,0.1590701130012638,19.625,False,0.5008269765738326
4n1k__B1_Q86W24--4n1k__A1_Q86W24,13,1,1,1,0.0909846035547549,19.59375,False,0.46057743693333897
4n1k__B1_Q86W24--4n1k__A1_Q86W24,14,5,1,1,0.1689118332709612,19.546875,False,0.5026245662451954
4n1k__B1_Q86W24--4n1k__A1_Q86W24,15,5,3,1,0.4074847396420811,19.5,True,0.5430459331798166
4n1k__B1_Q86W24--4n1k__A1_Q86W24,16,4,2,1,0.0654105202799133,19.015625,False,0.4377567002660091
4n1k__B1_Q86W24--4n1k__A1_Q86W24,17,1,3,1,0.0666128732306766,18.5625,False,0.4308489782703338
4n1k__B1_Q86W24--4n1k__A1_Q86W24,18,2,3,1,0.0681234487839128,18.234375,False,0.42478145032388964
4n1k__B1_Q86W24--4n1k__A1_Q86W24,19,5,0,1,0.0830271770622855,16.78125,False,0.36430058927958797
4n1k__B1_Q86W24--4n1k__A1_Q86W24,20,5,2,1,0.0466012675307461,14.7265625,False,0.35456390726018094
4n6j__A1_Q13033--4n6j__B1_Q13033,1,4,1,2,0.0304486863605663,55.5,False,0.6415858834017127
4n6j__A1_Q13033--4n6j__B1_Q13033,2,4,3,2,0.0304277511092824,53.65625,False,0.6280893012284724
4n6j__A1_Q13033--4n6j__B1_Q13033,3,4,2,2,0.0299855222361991,45.8125,False,0.6143899476729139
4n6j__A1_Q13033--4n6j__B1_Q13033,4,2,3,2,0.0294285723962612,41.875,False,0.5641962579024838
4n6j__A1_Q13033--4n6j__B1_Q13033,5,5,3,2,0.0351100143980053,41.59375,False,0.5938454081758573
4n6j__A1_Q13033--4n6j__B1_Q13033,6,4,0,2,0.0302789876755462,41.53125,False,0.5844634783813608
4n6j__A1_Q13033--4n6j__B1_Q13033,7,3,1,2,0.0350270055379653,40.59375,False,0.5869291766799466
4n6j__A1_Q13033--4n6j__B1_Q13033,8,2,2,2,0.0346594498007066,40.0625,False,0.499393553752439
4n6j__A1_Q13033--4n6j__B1_Q13033,9,3,2,2,0.0394630102558978,39.84375,False,0.5553056518259107
4n6j__A1_Q13033--4n6j__B1_Q13033,10,3,3,2,0.0349066036816484,39.6875,False,0.5617360526531189
4n6j__A1_Q13033--4n6j__B1_Q13033,11,2,1,2,0.0347410299804765,39.25,False,0.46595829309874764
4n6j__A1_Q13033--4n6j__B1_Q13033,12,1,0,2,0.0242234893535613,39.1875,False,0.4672902478471464
4n6j__A1_Q13033--4n6j__B1_Q13033,13,2,0,2,0.0348535292154882,38.96875,False,0.4569688656311217
4n6j__A1_Q13033--4n6j__B1_Q13033,14,1,2,2,0.0240480917465408,36.34375,False,0.44799540305499297
4n6j__A1_Q13033--4n6j__B1_Q13033,15,5,0,2,0.0348341550643448,36.15625,False,0.43590164212476856
4n6j__A1_Q13033--4n6j__B1_Q13033,16,5,2,2,0.0346523820394898,35.96875,False,0.44044332851263773
4n6j__A1_Q13033--4n6j__B1_Q13033,17,1,3,2,0.0292694604468011,35.78125,False,0.4123212873615172
4n6j__A1_Q13033--4n6j__B1_Q13033,18,3,0,2,0.0296888374824827,35.0,False,0.4279339209771514
4n6j__A1_Q13033--4n6j__B1_Q13033,19,1,1,2,0.0243211553366257,33.96875,False,0.38375108573551653
4n6j__A1_Q13033--4n6j__B1_Q13033,20,5,1,2,0.0349412509575939,31.828125,False,0.37191069877152755
4nc4__A1_Q9FN03--4nc4__B1_Q9FN03,1,4,0,3,0.8160390604903479,93.75,True,0.6614858700232774
4nc4__A1_Q9FN03--4nc4__B1_Q9FN03,2,3,2,3,0.8203072962899416,93.625,True,0.6463264740952176
4nc4__A1_Q9FN03--4nc4__B1_Q9FN03,3,3,0,3,0.8073655502603115,93.25,True,0.6308670418386041
4nc4__A1_Q9FN03--4nc4__B1_Q9FN03,4,3,1,3,0.8025225277140695,92.375,True,0.6151342470186344
4nc4__A1_Q9FN03--4nc4__B1_Q9FN03,5,3,3,3,0.8057554798754998,91.9375,True,0.5991569604251347
4nc4__A1_Q9FN03--4nc4__B1_Q9FN03,6,5,3,3,0.0052550741083961,27.859375,False,0.5889612458537773
4nc4__A1_Q9FN03--4nc4__B1_Q9FN03,7,5,2,3,0.0053313534715243,27.828125,False,0.5836263870261778
4nc4__A1_Q9FN03--4nc4__B1_Q9FN03,8,5,1,3,0.0053323789084205,27.71875,False,0.5633000567768536
4nc4__A1_Q9FN03--4nc4__B1_Q9FN03,9,2,0,3,0.0062768751772379,27.546875,False,0.5760648888282937
4nc4__A1_Q9FN03--4nc4__B1_Q9FN03,10,5,0,3,0.00584435863172,27.140625,False,0.5303790532287621
4nc4__A1_Q9FN03--4nc4__B1_Q9FN03,11,1,0,3,0.0055455589985134,24.0625,False,0.49278105383977716
4nc4__A1_Q9FN03--4nc4__B1_Q9FN03,12,1,2,3,0.0056502586497184,23.890625,False,0.46695769783869406
4nc4__A1_Q9FN03--4nc4__B1_Q9FN03,13,1,1,3,0.0056203636898082,23.78125,False,0.47107622503832225
4nc4__A1_Q9FN03--4nc4__B1_Q9FN03,14,2,2,3,0.0064484383664345,23.71875,False,0.46670067101171736
4nc4__A1_Q9FN03--4nc4__B1_Q9FN03,15,1,3,3,0.0054811442792829,23.3125,False,0.43549554698019644
4nc4__A1_Q9FN03--4nc4__B1_Q9FN03,16,2,3,3,0.0063180023843287,22.1875,False,0.3940356086977673
4nc4__A1_Q9FN03--4nc4__B1_Q9FN03,17,2,1,3,0.0054458716452829,22.15625,False,0.3985213407608961
4nc4__A1_Q9FN03--4nc4__B1_Q9FN03,18,4,1,3,0.0060506488902212,21.921875,False,0.36501872553912984
4nc4__A1_Q9FN03--4nc4__B1_Q9FN03,19,4,3,3,0.0060822466098393,20.328125,False,0.34405265232910454
4nc4__A1_Q9FN03--4nc4__B1_Q9FN03,20,4,2,3,0.0063615023549117,19.890625,False,0.33645639881745404
4ndj__A1_U6GSR1--4ndj__A2_U6GSR1,1,5,0,2,0.0154801976447282,22.953125,False,0.6739748099434044
4ndj__A1_U6GSR1--4ndj__A2_U6GSR1,2,5,3,2,0.0137499335836493,22.140625,False,0.606851577010157
4ndj__A1_U6GSR1--4ndj__A2_U6GSR1,3,2,0,2,0.0171193655394913,21.8125,False,0.6355141676262599
4ndj__A1_U6GSR1--4ndj__A2_U6GSR1,4,2,2,2,0.0181636764864857,21.40625,False,0.5911525565933267
4ndj__A1_U6GSR1--4ndj__A2_U6GSR1,5,2,3,2,0.0164887175723757,21.390625,False,0.5731967588156243
4ndj__A1_U6GSR1--4ndj__A2_U6GSR1,6,5,1,2,0.01115264338282,19.828125,False,0.6240248799927876
4ndj__A1_U6GSR1--4ndj__A2_U6GSR1,7,4,3,2,0.0108304289500338,19.609375,False,0.5434754068717449
4ndj__A1_U6GSR1--4ndj__A2_U6GSR1,8,4,0,2,0.0200713529792593,19.484375,False,0.6122102888341785
4ndj__A1_U6GSR1--4ndj__A2_U6GSR1,9,4,1,2,0.0587310363739818,19.421875,False,0.5445639964394534
4ndj__A1_U6GSR1--4ndj__A2_U6GSR1,10,2,1,2,0.0110295953337479,18.96875,False,0.5045311230990027
4ndj__A1_U6GSR1--4ndj__A2_U6GSR1,11,3,2,2,0.009955447833665,18.875,False,0.4250103803296361
4ndj__A1_U6GSR1--4ndj__A2_U6GSR1,12,4,2,2,0.00894882387041,18.59375,False,0.43736634881060343
4ndj__A1_U6GSR1--4ndj__A2_U6GSR1,13,1,0,2,0.0115602992599056,18.578125,False,0.41107591943759164
4ndj__A1_U6GSR1--4ndj__A2_U6GSR1,14,1,2,2,0.0090088893314187,18.546875,False,0.3927846152365247
4ndj__A1_U6GSR1--4ndj__A2_U6GSR1,15,1,1,2,0.0104424738575405,18.484375,False,0.3794741924389987
4ndj__A1_U6GSR1--4ndj__A2_U6GSR1,16,1,3,2,0.0159580007125661,18.390625,False,0.37646018700204764
4ndj__A1_U6GSR1--4ndj__A2_U6GSR1,17,5,2,2,0.0194279825035863,18.3125,False,0.505709645176418
4ndj__A1_U6GSR1--4ndj__A2_U6GSR1,18,3,0,2,0.0536481464289867,18.3125,False,0.4489190844790116
4ndj__A1_U6GSR1--4ndj__A2_U6GSR1,19,3,3,2,0.0314386902106691,18.046875,False,0.4483433419463928
4ndj__A1_U6GSR1--4ndj__A2_U6GSR1,20,3,1,2,0.0201663724128721,17.953125,False,0.4020481212903047
4nfu__A1_Q9XF23--4nfu__B1_Q4F883,1,5,2,3,0.4541562379120427,85.625,True,0.6476683084415851
4nfu__A1_Q9XF23--4nfu__B1_Q4F883,2,4,0,3,0.4747938600697556,85.5625,True,0.6274846591184632
4nfu__A1_Q9XF23--4nfu__B1_Q4F883,3,1,2,3,0.506684337409073,85.375,True,0.6502294837875215
4nfu__A1_Q9XF23--4nfu__B1_Q4F883,4,5,1,3,0.4746224452990213,85.3125,True,0.4973873714696688
4nfu__A1_Q9XF23--4nfu__B1_Q4F883,5,5,0,3,0.4666055744195804,85.25,True,0.5809498928548794
4nfu__A1_Q9XF23--4nfu__B1_Q4F883,6,5,3,3,0.484031061002137,85.25,True,0.47324396050182016
4nfu__A1_Q9XF23--4nfu__B1_Q4F883,7,4,1,3,0.475879774439165,85.1875,True,0.5724687813068906
4nfu__A1_Q9XF23--4nfu__B1_Q4F883,8,4,3,3,0.5117075865802234,85.125,True,0.4594415763328126
4nfu__A1_Q9XF23--4nfu__B1_Q4F883,9,1,1,3,0.49193995414774,84.75,True,0.5364287690840874
4nfu__A1_Q9XF23--4nfu__B1_Q4F883,10,1,0,3,0.5112432904624243,84.6875,True,0.5795557861244789
4nfu__A1_Q9XF23--4nfu__B1_Q4F883,11,2,0,3,0.5112825783749274,84.1875,True,0.5502359132440063
4nfu__A1_Q9XF23--4nfu__B1_Q4F883,12,4,2,3,0.4674700896530546,84.0625,True,0.517660439664516
4nfu__A1_Q9XF23--4nfu__B1_Q4F883,13,3,0,3,0.4626811517240157,84.0,True,0.520945256949002
4nfu__A1_Q9XF23--4nfu__B1_Q4F883,14,2,2,3,0.469476244656469,83.875,True,0.37101355951325277
4nfu__A1_Q9XF23--4nfu__B1_Q4F883,15,3,3,3,0.4931364529658226,83.875,True,0.4315329376927581
4nfu__A1_Q9XF23--4nfu__B1_Q4F883,16,3,2,3,0.4761558945034667,83.8125,True,0.44356797963440675
4nfu__A1_Q9XF23--4nfu__B1_Q4F883,17,1,3,3,0.479718809451598,83.625,True,0.44871747186865973
4nfu__A1_Q9XF23--4nfu__B1_Q4F883,18,2,3,3,0.5146401045555957,83.5625,True,0.4741856516463038
4nfu__A1_Q9XF23--4nfu__B1_Q4F883,19,2,1,3,0.5144695960720091,83.375,True,0.37491208199448295
4nfu__A1_Q9XF23--4nfu__B1_Q4F883,20,3,1,3,0.4656318579153108,82.875,True,0.40340697756197264
4noo__A1_Q9KN42--4noo__B1_Q9KN41,1,4,0,3,0.7942468479723105,85.375,True,0.6614858700232774
4noo__A1_Q9KN42--4noo__B1_Q9KN41,2,1,3,3,0.7474054798014405,84.1875,True,0.6439143525244571
4noo__A1_Q9KN42--4noo__B1_Q9KN41,3,1,0,3,0.8163841664329446,82.875,True,0.6343303154873672
4noo__A1_Q9KN42--4noo__B1_Q9KN41,4,3,1,3,0.7597857789118194,82.75,True,0.6092613689787952
4noo__A1_Q9KN42--4noo__B1_Q9KN41,5,2,0,3,0.7519517172305337,82.125,True,0.5710892724798253
4noo__A1_Q9KN42--4noo__B1_Q9KN41,6,2,3,3,0.777882975005074,81.1875,True,0.5157205097754259
4noo__A1_Q9KN42--4noo__B1_Q9KN41,7,1,1,3,0.7613491074954507,80.5,True,0.5935097905906512
4noo__A1_Q9KN42--4noo__B1_Q9KN41,8,1,2,3,0.7578134653833629,80.125,True,0.5398270890350446
4noo__A1_Q9KN42--4noo__B1_Q9KN41,9,3,0,3,0.7531798446598938,80.125,True,0.5831406493722407
4noo__A1_Q9KN42--4noo__B1_Q9KN41,10,5,1,3,0.7331173094787745,80.0,True,0.42801777759128107
4noo__A1_Q9KN42--4noo__B1_Q9KN41,11,5,2,3,0.7661511938327058,79.75,True,0.49256726125988
4noo__A1_Q9KN42--4noo__B1_Q9KN41,12,5,3,3,0.8011883147935054,79.125,True,0.4790312808646077
4noo__A1_Q9KN42--4noo__B1_Q9KN41,13,4,3,3,0.7613219720076172,78.6875,True,0.47724399670795076
4noo__A1_Q9KN42--4noo__B1_Q9KN41,14,4,2,3,0.7712656694071182,78.4375,True,0.5342621652459876
4noo__A1_Q9KN42--4noo__B1_Q9KN41,15,5,0,3,0.7979569282016475,77.9375,True,0.45035711543200196
4noo__A1_Q9KN42--4noo__B1_Q9KN41,16,3,2,3,0.7353587890777309,76.375,True,0.42792726963159206
4noo__A1_Q9KN42--4noo__B1_Q9KN41,17,4,1,3,0.7246456190739904,76.25,True,0.41200505760768574
4noo__A1_Q9KN42--4noo__B1_Q9KN41,18,3,3,3,0.6818115597542976,73.875,True,0.3848657529813655
4noo__A1_Q9KN42--4noo__B1_Q9KN41,19,2,1,3,0.1104137235544275,28.171875,False,0.36465777207512645
4noo__A1_Q9KN42--4noo__B1_Q9KN41,20,2,2,3,0.1344306916595774,27.828125,False,0.3580898867951248
4nsr__A1_Q9KN41--4nsr__C1_Q9KN41,1,4,1,4,0.822933711821706,87.6875,True,0.668298189550973
4nsr__A1_Q9KN41--4nsr__C1_Q9KN41,2,4,2,4,0.7791890977899575,86.9375,True,0.65259109577284
4nsr__A1_Q9KN41--4nsr__C1_Q9KN41,3,2,3,4,0.8523085377580255,86.3125,True,0.6365447287148313
4nsr__A1_Q9KN41--4nsr__C1_Q9KN41,4,2,2,4,0.8405537414512935,85.5625,True,0.6273814303406017
4nsr__A1_Q9KN41--4nsr__C1_Q9KN41,5,2,1,4,0.846050506392613,85.3125,True,0.596197978211819
4nsr__A1_Q9KN41--4nsr__C1_Q9KN41,6,5,1,4,0.7902446239856878,83.875,True,0.5866779669161652
4nsr__A1_Q9KN41--4nsr__C1_Q9KN41,7,4,3,4,0.7876109000954283,80.5625,True,0.569595065822068
4nsr__A1_Q9KN41--4nsr__C1_Q9KN41,8,3,1,4,0.0331711945340113,44.65625,False,0.5523448550676545
4nsr__A1_Q9KN41--4nsr__C1_Q9KN41,9,3,3,4,0.0336582523559713,38.0625,False,0.5349677265167485
4nsr__A1_Q9KN41--4nsr__C1_Q9KN41,10,5,2,4,0.1999616974052444,29.4375,False,0.5108682814050183
4nsr__A1_Q9KN41--4nsr__C1_Q9KN41,11,3,0,4,0.0343562202971308,23.078125,False,0.51118541680095
4nsr__A1_Q9KN41--4nsr__C1_Q9KN41,12,4,0,4,0.5921357045896259,22.21875,True,0.5118491513087137
4nsr__A1_Q9KN41--4nsr__C1_Q9KN41,13,2,0,4,0.4295234107150271,20.34375,True,0.47263776389016365
4nsr__A1_Q9KN41--4nsr__C1_Q9KN41,14,3,2,4,0.1910493360840023,19.265625,False,0.47402848626395044
4nsr__A1_Q9KN41--4nsr__C1_Q9KN41,15,5,0,4,0.1531757717524004,18.125,False,0.3925106256485849
4nsr__A1_Q9KN41--4nsr__C1_Q9KN41,16,5,3,4,0.1231153343746514,18.0625,False,0.37663299922282134
4nsr__A1_Q9KN41--4nsr__C1_Q9KN41,17,1,1,4,0.0425162783851328,17.0625,False,0.41096458048935547
4nsr__A1_Q9KN41--4nsr__C1_Q9KN41,18,1,0,4,0.0465834595884817,16.984375,False,0.39314532531211793
4nsr__A1_Q9KN41--4nsr__C1_Q9KN41,19,1,3,4,0.0541557331952402,16.765625,False,0.3409507327817088
4nsr__A1_Q9KN41--4nsr__C1_Q9KN41,20,1,2,4,0.0588793171929199,16.5,False,0.3519444326137008
4ny2__A1_UNDEFINED--4ny2__B1_UNDEFINED,1,2,0,2,0.8944935387270134,91.625,True,0.6256150236082838
4ny2__A1_UNDEFINED--4ny2__B1_UNDEFINED,2,4,2,2,0.9217897586831296,91.625,True,0.6363161361677211
4ny2__A1_UNDEFINED--4ny2__B1_UNDEFINED,3,1,3,2,0.9023585048016546,91.4375,True,0.6222771038123145
4ny2__A1_UNDEFINED--4ny2__B1_UNDEFINED,4,1,0,2,0.8959191449052873,91.0,True,0.6005069364098622
4ny2__A1_UNDEFINED--4ny2__B1_UNDEFINED,5,4,0,2,0.7531947152465222,90.5625,True,0.586460526759568
4ny2__A1_UNDEFINED--4ny2__B1_UNDEFINED,6,1,2,2,0.8908394877547368,89.75,True,0.5586423004671222
4ny2__A1_UNDEFINED--4ny2__B1_UNDEFINED,7,1,1,2,0.8825120643866079,89.4375,True,0.5699934164058925
4ny2__A1_UNDEFINED--4ny2__B1_UNDEFINED,8,5,0,2,0.8007104263784838,88.8125,True,0.5451830977391093
4ny2__A1_UNDEFINED--4ny2__B1_UNDEFINED,9,4,3,2,0.8805783564612778,88.25,True,0.5290798445892958
4ny2__A1_UNDEFINED--4ny2__B1_UNDEFINED,10,4,1,2,0.8777077338154324,82.9375,True,0.5145522386353092
4ny2__A1_UNDEFINED--4ny2__B1_UNDEFINED,11,2,2,2,0.7720847751887902,82.1875,True,0.5
4ny2__A1_UNDEFINED--4ny2__B1_UNDEFINED,12,2,1,2,0.2321926571589041,26.328125,True,0.5050660476249957
4ny2__A1_UNDEFINED--4ny2__B1_UNDEFINED,13,5,1,2,0.0054630022946141,23.078125,False,0.4816726016417325
4ny2__A1_UNDEFINED--4ny2__B1_UNDEFINED,14,2,3,2,0.0205926626500467,22.90625,False,0.4514092986050128
4ny2__A1_UNDEFINED--4ny2__B1_UNDEFINED,15,5,2,2,0.0057404949873822,22.71875,False,0.45229161761257436
4ny2__A1_UNDEFINED--4ny2__B1_UNDEFINED,16,3,1,2,0.0165104787408639,20.953125,False,0.4324914977656058
4ny2__A1_UNDEFINED--4ny2__B1_UNDEFINED,17,3,2,2,0.0075706021816764,19.953125,False,0.4105511945009902
4ny2__A1_UNDEFINED--4ny2__B1_UNDEFINED,18,3,3,2,0.0086571975963741,19.84375,False,0.395911377921065
4ny2__A1_UNDEFINED--4ny2__B1_UNDEFINED,19,3,0,2,0.0083713999644243,19.703125,False,0.36353870207148803
4ny2__A1_UNDEFINED--4ny2__B1_UNDEFINED,20,5,3,2,0.0075872882597544,19.6875,False,0.3624554285099642
4o4o__A1_Q8YLF9--4o4o__B1_Q8YLF9,1,4,3,0,0.0838607026393436,81.9375,False,0.6549794898166297
4o4o__A1_Q8YLF9--4o4o__B1_Q8YLF9,2,4,1,0,0.0714171838451135,81.0625,False,0.6334382638130874
4o4o__A1_Q8YLF9--4o4o__B1_Q8YLF9,3,4,0,0,0.0782892879660214,76.6875,False,0.6139829259198468
4o4o__A1_Q8YLF9--4o4o__B1_Q8YLF9,4,4,2,0,0.0845401834792816,74.5,False,0.5845190838975993
4o4o__A1_Q8YLF9--4o4o__B1_Q8YLF9,5,5,3,0,0.0507559048715908,73.5,False,0.5674783396067772
4o4o__A1_Q8YLF9--4o4o__B1_Q8YLF9,6,5,2,0,0.0513151517995399,72.8125,False,0.5614331125356454
4o4o__A1_Q8YLF9--4o4o__B1_Q8YLF9,7,2,0,0,0.5856750977813034,70.5625,True,0.5732646936974521
4o4o__A1_Q8YLF9--4o4o__B1_Q8YLF9,8,5,1,0,0.049857521350127,70.4375,False,0.5159468975872576
4o4o__A1_Q8YLF9--4o4o__B1_Q8YLF9,9,2,1,0,0.5980812856617165,70.0625,True,0.5534403978351139
4o4o__A1_Q8YLF9--4o4o__B1_Q8YLF9,10,5,0,0,0.0449398466718196,69.8125,False,0.5252194109518916
4o4o__A1_Q8YLF9--4o4o__B1_Q8YLF9,11,1,1,0,0.0830432802618066,67.625,False,0.4496092914056359
4o4o__A1_Q8YLF9--4o4o__B1_Q8YLF9,12,1,3,0,0.0791185031197296,67.0625,False,0.48153509218123763
4o4o__A1_Q8YLF9--4o4o__B1_Q8YLF9,13,1,0,0,0.0764837478531709,66.75,False,0.41948477993144684
4o4o__A1_Q8YLF9--4o4o__B1_Q8YLF9,14,2,2,0,0.5817229430891852,65.875,True,0.4989774586246985
4o4o__A1_Q8YLF9--4o4o__B1_Q8YLF9,15,3,0,0,0.0678319213616727,64.0625,False,0.44638004961894273
4o4o__A1_Q8YLF9--4o4o__B1_Q8YLF9,16,3,3,0,0.0555873223654007,63.78125,False,0.42521111624374996
4o4o__A1_Q8YLF9--4o4o__B1_Q8YLF9,17,3,2,0,0.0566415037442532,63.625,False,0.4385041131493444
4o4o__A1_Q8YLF9--4o4o__B1_Q8YLF9,18,2,3,0,0.0653765776867132,55.4375,False,0.3801936093289447
4o4o__A1_Q8YLF9--4o4o__B1_Q8YLF9,19,1,2,0,0.6084408337562259,49.84375,True,0.4531421195104163
4o4o__A1_Q8YLF9--4o4o__B1_Q8YLF9,20,3,1,0,0.3514263048162474,30.453125,True,0.3789449710219247
4o6i__B1_P09992--4o6i__A1_P09992,1,1,1,1,0.5618450290845716,34.5,True,0.6448257197047113
4o6i__B1_P09992--4o6i__A1_P09992,2,1,0,1,0.0372938435312139,28.53125,False,0.6803378111352056
4o6i__B1_P09992--4o6i__A1_P09992,3,3,3,1,0.144169117579178,27.875,False,0.5484731281510616
4o6i__B1_P09992--4o6i__A1_P09992,4,3,2,1,0.1503594044202565,27.140625,False,0.5518564155777551
4o6i__B1_P09992--4o6i__A1_P09992,5,3,1,1,0.0314597724469979,26.21875,False,0.5796742308159111
4o6i__B1_P09992--4o6i__A1_P09992,6,5,0,1,0.1226506564823147,24.59375,False,0.5045370205756087
4o6i__B1_P09992--4o6i__A1_P09992,7,2,1,1,0.1101248956187084,24.375,False,0.501815083608809
4o6i__B1_P09992--4o6i__A1_P09992,8,4,3,1,0.3556245561943958,24.03125,True,0.41953627201682103
4o6i__B1_P09992--4o6i__A1_P09992,9,3,0,1,0.074642406920699,23.375,False,0.5578903730027877
4o6i__B1_P09992--4o6i__A1_P09992,10,5,1,1,0.032769399560114,23.265625,False,0.49963166142430276
4o6i__B1_P09992--4o6i__A1_P09992,11,5,3,1,0.0195537457803884,22.953125,False,0.4330755750512125
4o6i__B1_P09992--4o6i__A1_P09992,12,5,2,1,0.0990034642016087,22.671875,False,0.43998686167387774
4o6i__B1_P09992--4o6i__A1_P09992,13,2,0,1,0.0828349399169579,22.53125,False,0.5288469771918376
4o6i__B1_P09992--4o6i__A1_P09992,14,2,3,1,0.0139808971602152,20.140625,False,0.5431551428458717
4o6i__B1_P09992--4o6i__A1_P09992,15,4,0,1,0.0135534474638397,19.421875,False,0.5056011054973031
4o6i__B1_P09992--4o6i__A1_P09992,16,4,2,1,0.0218890209313758,19.40625,False,0.5176694191995358
4o6i__B1_P09992--4o6i__A1_P09992,17,2,2,1,0.014263051824544,19.203125,False,0.49980357550673277
4o6i__B1_P09992--4o6i__A1_P09992,18,4,1,1,0.0116064222486914,18.765625,False,0.4916190919136733
4o6i__B1_P09992--4o6i__A1_P09992,19,1,3,1,0.0340983926862338,17.75,False,0.36097676564642966
4o6i__B1_P09992--4o6i__A1_P09992,20,1,2,1,0.0380706857946299,17.609375,False,0.32966402672174877
4o96__A1_Q8XAL6--4o96__B1_Q8XAL6,1,5,2,1,0.0164888196612753,69.125,False,0.6373033260027056
4o96__A1_Q8XAL6--4o96__B1_Q8XAL6,2,5,1,1,0.01751110023641,62.78125,False,0.6399502720779052
4o96__A1_Q8XAL6--4o96__B1_Q8XAL6,3,3,3,1,0.0185550125583453,62.5,False,0.6210874341797155
4o96__A1_Q8XAL6--4o96__B1_Q8XAL6,4,2,2,1,0.0188691732151054,61.375,False,0.5426185800456246
4o96__A1_Q8XAL6--4o96__B1_Q8XAL6,5,2,3,1,0.0187556383032722,60.96875,False,0.5383017378487313
4o96__A1_Q8XAL6--4o96__B1_Q8XAL6,6,2,1,1,0.0187886680772175,59.8125,False,0.5180768442007075
4o96__A1_Q8XAL6--4o96__B1_Q8XAL6,7,5,3,1,0.0188217420239274,57.40625,False,0.5788397541720831
4o96__A1_Q8XAL6--4o96__B1_Q8XAL6,8,1,1,1,0.0186376039597331,56.8125,False,0.5554356158236985
4o96__A1_Q8XAL6--4o96__B1_Q8XAL6,9,2,0,1,0.0200852198609415,55.1875,False,0.4721956352885307
4o96__A1_Q8XAL6--4o96__B1_Q8XAL6,10,4,3,1,0.0205997093586687,50.125,False,0.44607597608103194
4o96__A1_Q8XAL6--4o96__B1_Q8XAL6,11,4,1,1,0.0196874048317613,46.0625,False,0.4514204950183887
4o96__A1_Q8XAL6--4o96__B1_Q8XAL6,12,4,0,1,0.0198928667074678,45.21875,False,0.427933501524872
4o96__A1_Q8XAL6--4o96__B1_Q8XAL6,13,4,2,1,0.0281227699991094,27.34375,False,0.5192003579387765
4o96__A1_Q8XAL6--4o96__B1_Q8XAL6,14,1,2,1,0.0262494910770789,23.203125,False,0.5669098003101052
4o96__A1_Q8XAL6--4o96__B1_Q8XAL6,15,3,2,1,0.0363001969269038,21.03125,False,0.457383703541077
4o96__A1_Q8XAL6--4o96__B1_Q8XAL6,16,1,0,1,0.0275170390207403,20.53125,False,0.4396438869920277
4o96__A1_Q8XAL6--4o96__B1_Q8XAL6,17,3,0,1,0.0202737550205149,19.859375,False,0.5293308856301872
4o96__A1_Q8XAL6--4o96__B1_Q8XAL6,18,5,0,1,0.0132258740338828,19.4375,False,0.4511152152576233
4o96__A1_Q8XAL6--4o96__B1_Q8XAL6,19,3,1,1,0.0286520434582054,19.359375,False,0.3665920017382116
4o96__A1_Q8XAL6--4o96__B1_Q8XAL6,20,1,3,1,0.0268170225102117,19.28125,False,0.3773848781089154
4oak__A1_Q9JN36--4oak__B1_Q9JN36,1,2,3,3,0.0059317195236815,89.5,False,0.6614858700232774
4oak__A1_Q9JN36--4oak__B1_Q9JN36,2,2,0,3,0.0059546642792236,88.9375,False,0.6463264740952176
4oak__A1_Q9JN36--4oak__B1_Q9JN36,3,2,1,3,0.005939588211819,87.3125,False,0.6273902347867577
4oak__A1_Q9JN36--4oak__B1_Q9JN36,4,2,2,3,0.0059443943496901,87.125,False,0.618655903143797
4oak__A1_Q9JN36--4oak__B1_Q9JN36,5,4,2,3,0.0059510153280661,83.5,False,0.5991569604251347
4oak__A1_Q9JN36--4oak__B1_Q9JN36,6,4,0,3,0.0059483595876078,80.9375,False,0.5829660685218538
4oak__A1_Q9JN36--4oak__B1_Q9JN36,7,4,3,3,0.0059474976933563,80.25,False,0.5665942579760616
4oak__A1_Q9JN36--4oak__B1_Q9JN36,8,5,2,3,0.0061545452315402,53.5625,False,0.5500757687530435
4oak__A1_Q9JN36--4oak__B1_Q9JN36,9,5,0,3,0.0063829299271155,45.65625,False,0.5334461193759366
4oak__A1_Q9JN36--4oak__B1_Q9JN36,10,4,1,3,0.3323734655785644,29.71875,True,0.5354554053609027
4oak__A1_Q9JN36--4oak__B1_Q9JN36,11,3,2,3,0.1726421033400269,29.234375,False,0.5126026017850399
4oak__A1_Q9JN36--4oak__B1_Q9JN36,12,1,2,3,0.0621732135770076,27.15625,False,0.47471436560036284
4oak__A1_Q9JN36--4oak__B1_Q9JN36,13,5,3,3,0.066651338921887,26.515625,False,0.4697839939690186
4oak__A1_Q9JN36--4oak__B1_Q9JN36,14,1,0,3,0.0618334376568953,25.859375,False,0.4656050006179454
4oak__A1_Q9JN36--4oak__B1_Q9JN36,15,1,1,3,0.0355021361243596,24.953125,False,0.41351370989190955
4oak__A1_Q9JN36--4oak__B1_Q9JN36,16,3,1,3,0.1718155216497614,23.75,False,0.41860650333445076
4oak__A1_Q9JN36--4oak__B1_Q9JN36,17,5,1,3,0.0344530958212817,23.078125,False,0.4220969773821055
4oak__A1_Q9JN36--4oak__B1_Q9JN36,18,1,3,3,0.0550758910332273,22.125,False,0.3647673936231533
4oak__A1_Q9JN36--4oak__B1_Q9JN36,19,3,0,3,0.1510646609647153,21.453125,False,0.36464776294613893
4oak__A1_Q9JN36--4oak__B1_Q9JN36,20,3,3,3,0.0768336710829225,20.625,False,0.33670821182265764
4obx__A1_P49017--4obx__D1_P49017,1,4,1,3,0.8614916096331443,75.125,True,0.6614858700232774
4obx__A1_P49017--4obx__D1_P49017,2,4,2,3,0.8551931453652376,73.625,True,0.6463264740952176
4obx__A1_P49017--4obx__D1_P49017,3,4,0,3,0.8659000874401794,72.9375,True,0.6308670418386041
4obx__A1_P49017--4obx__D1_P49017,4,4,3,3,0.8523063442910247,71.625,True,0.6151342470186344
4obx__A1_P49017--4obx__D1_P49017,5,2,2,3,0.3168971677906346,56.09375,True,0.5991569604251347
4obx__A1_P49017--4obx__D1_P49017,6,2,1,3,0.3099999979465632,53.125,True,0.5829660685218538
4obx__A1_P49017--4obx__D1_P49017,7,5,0,3,0.2942837295592819,52.5,True,0.5665942579760616
4obx__A1_P49017--4obx__D1_P49017,8,5,3,3,0.2802448950244748,49.90625,True,0.5224062329620537
4obx__A1_P49017--4obx__D1_P49017,9,5,2,3,0.222208098281317,49.09375,False,0.5070178247518827
4obx__A1_P49017--4obx__D1_P49017,10,3,1,3,0.2706422788748535,48.375,True,0.5418110470590467
4obx__A1_P49017--4obx__D1_P49017,11,5,1,3,0.2209177117928801,47.84375,False,0.47114595780661056
4obx__A1_P49017--4obx__D1_P49017,12,3,0,3,0.2387838876953184,47.6875,True,0.5223094325776303
4obx__A1_P49017--4obx__D1_P49017,13,3,2,3,0.2806214834862829,46.1875,True,0.4843995290974745
4obx__A1_P49017--4obx__D1_P49017,14,3,3,3,0.2365251534493626,45.28125,True,0.4562553252464378
4obx__A1_P49017--4obx__D1_P49017,15,2,0,3,0.2817039674953154,42.1875,True,0.4287083525689075
4obx__A1_P49017--4obx__D1_P49017,16,1,0,3,0.0747713935231573,39.875,False,0.4185623131865494
4obx__A1_P49017--4obx__D1_P49017,17,1,3,3,0.0740175346174712,39.4375,False,0.41165260311557916
4obx__A1_P49017--4obx__D1_P49017,18,2,3,3,0.2575533362527125,37.84375,True,0.3643911055051737
4obx__A1_P49017--4obx__D1_P49017,19,1,1,3,0.0866567202439032,35.09375,False,0.37260976521324224
4obx__A1_P49017--4obx__D1_P49017,20,1,2,3,0.0837688676494711,33.09375,False,0.3580898867951248
4oh8__B1_Q8WWW0--4oh8__A1_Q13043,1,3,2,2,0.8530177303708832,86.3125,True,0.6337155922856533
4oh8__B1_Q8WWW0--4oh8__A1_Q13043,2,3,3,2,0.8520670075691074,86.1875,True,0.6288032295103181
4oh8__B1_Q8WWW0--4oh8__A1_Q13043,3,5,3,2,0.8395799369549114,86.125,True,0.5569686415120193
4oh8__B1_Q8WWW0--4oh8__A1_Q13043,4,3,0,2,0.8526643350220781,86.125,True,0.6044317459817701
4oh8__B1_Q8WWW0--4oh8__A1_Q13043,5,5,0,2,0.8456285190918381,86.0625,True,0.5243778097209051
4oh8__B1_Q8WWW0--4oh8__A1_Q13043,6,3,1,2,0.8555254414350447,86.0625,True,0.5884239153486205
4oh8__B1_Q8WWW0--4oh8__A1_Q13043,7,5,1,2,0.8484859684559628,86.0625,True,0.5355274389412317
4oh8__B1_Q8WWW0--4oh8__A1_Q13043,8,5,2,2,0.8447356623408114,86.0,True,0.5434469822610009
4oh8__B1_Q8WWW0--4oh8__A1_Q13043,9,4,2,2,0.8363649702824469,85.875,True,0.5581303326785128
4oh8__B1_Q8WWW0--4oh8__A1_Q13043,10,4,3,2,0.836291412924491,85.875,True,0.5586988044087569
4oh8__B1_Q8WWW0--4oh8__A1_Q13043,11,4,1,2,0.8393946176150214,85.8125,True,0.5319554800174345
4oh8__B1_Q8WWW0--4oh8__A1_Q13043,12,4,0,2,0.8368224351972963,85.8125,True,0.5117441833426214
4oh8__B1_Q8WWW0--4oh8__A1_Q13043,13,2,3,2,0.8557538549869674,85.125,True,0.47092015541070426
4oh8__B1_Q8WWW0--4oh8__A1_Q13043,14,2,2,2,0.8526343828989559,85.0625,True,0.46045338677524855
4oh8__B1_Q8WWW0--4oh8__A1_Q13043,15,2,0,2,0.8611445038292399,84.9375,True,0.43327681246821476
4oh8__B1_Q8WWW0--4oh8__A1_Q13043,16,1,3,2,0.8631626482656346,84.875,True,0.4229233095345697
4oh8__B1_Q8WWW0--4oh8__A1_Q13043,17,1,0,2,0.864211651513627,84.875,True,0.40730599723211286
4oh8__B1_Q8WWW0--4oh8__A1_Q13043,18,1,2,2,0.8605955376283582,84.8125,True,0.40337571628976854
4oh8__B1_Q8WWW0--4oh8__A1_Q13043,19,2,1,2,0.8585635171600607,84.6875,True,0.3925649166036914
4oh8__B1_Q8WWW0--4oh8__A1_Q13043,20,1,1,2,0.8601447691835119,84.375,True,0.3764615162727814
4oy2__A1_P46677--4oy2__D1_Q05021,1,5,1,2,0.8000505576949551,92.5625,True,0.549133558350864
4oy2__A1_P46677--4oy2__D1_Q05021,2,2,1,2,0.8085698332701775,92.5625,True,0.6493426938456658
4oy2__A1_P46677--4oy2__D1_Q05021,3,5,3,2,0.794386347641819,92.375,True,0.5174947277386558
4oy2__A1_P46677--4oy2__D1_Q05021,4,2,2,2,0.7937951312973411,92.3125,True,0.612691856485511
4oy2__A1_P46677--4oy2__D1_Q05021,5,1,3,2,0.7651456480098106,92.25,True,0.6229889695095663
4oy2__A1_P46677--4oy2__D1_Q05021,6,2,3,2,0.7995753097576711,92.125,True,0.5775005863899406
4oy2__A1_P46677--4oy2__D1_Q05021,7,1,0,2,0.7595224353639519,92.125,True,0.6012549108199542
4oy2__A1_P46677--4oy2__D1_Q05021,8,4,3,2,0.7302802252396495,91.9375,True,0.5536022235450272
4oy2__A1_P46677--4oy2__D1_Q05021,9,1,1,2,0.7658602607143723,91.875,True,0.5365690162559126
4oy2__A1_P46677--4oy2__D1_Q05021,10,4,1,2,0.7306323782900477,91.875,True,0.5397509950216601
4oy2__A1_P46677--4oy2__D1_Q05021,11,4,2,2,0.7676116979299753,91.8125,True,0.50588854212048
4oy2__A1_P46677--4oy2__D1_Q05021,12,1,2,2,0.7541931225431057,91.75,True,0.47837974218373674
4oy2__A1_P46677--4oy2__D1_Q05021,13,2,0,2,0.7494508114558,91.75,True,0.4971506755708204
4oy2__A1_P46677--4oy2__D1_Q05021,14,3,3,2,0.7530421959331486,91.4375,True,0.44422485994891997
4oy2__A1_P46677--4oy2__D1_Q05021,15,3,1,2,0.736210159586411,91.1875,True,0.4429862825025484
4oy2__A1_P46677--4oy2__D1_Q05021,16,5,2,2,0.7453944697080427,91.125,True,0.4223517250947947
4oy2__A1_P46677--4oy2__D1_Q05021,17,3,2,2,0.7311108500463369,90.9375,True,0.4061939608586164
4oy2__A1_P46677--4oy2__D1_Q05021,18,4,0,2,0.7286685886595347,90.9375,True,0.42644145111806986
4oy2__A1_P46677--4oy2__D1_Q05021,19,5,0,2,0.7060971066551517,90.625,True,0.3856629771996069
4oy2__A1_P46677--4oy2__D1_Q05021,20,3,0,2,0.6765923438575899,89.8125,True,0.37191069877152755
4oyu__B1_Q99PV3--4oyu__A1_Q99PV3,1,1,1,4,0.088293334207554,26.515625,False,0.6564149369749281
4oyu__B1_Q99PV3--4oyu__A1_Q99PV3,2,1,0,4,0.0892400972287838,25.328125,False,0.65259109577284
4oyu__B1_Q99PV3--4oyu__A1_Q99PV3,3,1,2,4,0.1218244658590759,23.75,False,0.633656727869525
4oyu__B1_Q99PV3--4oyu__A1_Q99PV3,4,1,3,4,0.1104481405733894,23.1875,False,0.6223857412143284
4oyu__B1_Q99PV3--4oyu__A1_Q99PV3,5,2,0,4,0.0138228123107269,20.921875,False,0.6696146833397663
4oyu__B1_Q99PV3--4oyu__A1_Q99PV3,6,2,1,4,0.0139585704287621,20.296875,False,0.6340146990740092
4oyu__B1_Q99PV3--4oyu__A1_Q99PV3,7,4,1,4,0.0414244059741395,19.109375,False,0.5242617528344905
4oyu__B1_Q99PV3--4oyu__A1_Q99PV3,8,2,3,4,0.0142724631441657,18.609375,False,0.5997302199741533
4oyu__B1_Q99PV3--4oyu__A1_Q99PV3,9,2,2,4,0.0149546816458768,18.484375,False,0.5753322460163106
4oyu__B1_Q99PV3--4oyu__A1_Q99PV3,10,4,3,4,0.00921394715758,18.234375,False,0.5266801236874737
4oyu__B1_Q99PV3--4oyu__A1_Q99PV3,11,4,0,4,0.01801004154179,18.171875,False,0.5028992625886982
4oyu__B1_Q99PV3--4oyu__A1_Q99PV3,12,4,2,4,0.012486433907477,18.109375,False,0.49960380942848565
4oyu__B1_Q99PV3--4oyu__A1_Q99PV3,13,5,0,4,0.0157149202375582,17.90625,False,0.482639932146535
4oyu__B1_Q99PV3--4oyu__A1_Q99PV3,14,5,1,4,0.0143050946746739,17.53125,False,0.4432471523542081
4oyu__B1_Q99PV3--4oyu__A1_Q99PV3,15,5,2,4,0.0116731741348863,17.359375,False,0.4344220229410485
4oyu__B1_Q99PV3--4oyu__A1_Q99PV3,16,5,3,4,0.0092099271793542,16.9375,False,0.4002587677468393
4oyu__B1_Q99PV3--4oyu__A1_Q99PV3,17,3,0,4,0.0072077560136994,16.578125,False,0.3386777760140151
4oyu__B1_Q99PV3--4oyu__A1_Q99PV3,18,3,1,4,0.0069474156982073,16.546875,False,0.35373433369114266
4oyu__B1_Q99PV3--4oyu__A1_Q99PV3,19,3,2,4,0.0055997397675522,16.390625,False,0.33072077799637656
4oyu__B1_Q99PV3--4oyu__A1_Q99PV3,20,3,3,4,0.0054711645125169,15.953125,False,0.2972706227910831
4puh__A1_Q9FIC3--4puh__B1_Q9FIC3,1,2,0,2,0.0642399090017022,66.9375,False,0.5226827089551077
4puh__A1_Q9FIC3--4puh__B1_Q9FIC3,2,3,3,2,0.3359237580655965,65.375,True,0.6357100954157191
4puh__A1_Q9FIC3--4puh__B1_Q9FIC3,3,3,0,2,0.325513641238565,64.5625,True,0.6221225692398938
4puh__A1_Q9FIC3--4puh__B1_Q9FIC3,4,3,2,2,0.3449798692144374,63.84375,True,0.6097437032677779
4puh__A1_Q9FIC3--4puh__B1_Q9FIC3,5,3,1,2,0.3274940599342664,63.3125,True,0.5930660789800307
4puh__A1_Q9FIC3--4puh__B1_Q9FIC3,6,1,3,2,0.3728647792261544,62.59375,True,0.5801670820109323
4puh__A1_Q9FIC3--4puh__B1_Q9FIC3,7,2,3,2,0.3778341274723515,61.28125,True,0.5673141874332159
4puh__A1_Q9FIC3--4puh__B1_Q9FIC3,8,1,1,2,0.3688500229198967,60.53125,True,0.5461594529758553
4puh__A1_Q9FIC3--4puh__B1_Q9FIC3,9,1,0,2,0.3715033483439163,60.46875,True,0.5414680989972427
4puh__A1_Q9FIC3--4puh__B1_Q9FIC3,10,5,2,2,0.4666895263993824,57.75,True,0.5178812521149313
4puh__A1_Q9FIC3--4puh__B1_Q9FIC3,11,2,2,2,0.3602346383627064,56.5,True,0.5088445617235571
4puh__A1_Q9FIC3--4puh__B1_Q9FIC3,12,1,2,2,0.3555743235062451,55.34375,True,0.49783868953573335
4puh__A1_Q9FIC3--4puh__B1_Q9FIC3,13,5,1,2,0.5711291101005807,52.28125,True,0.4790905163766482
4puh__A1_Q9FIC3--4puh__B1_Q9FIC3,14,2,1,2,0.357491749838735,46.53125,True,0.46458138641532254
4puh__A1_Q9FIC3--4puh__B1_Q9FIC3,15,5,0,2,0.5680661555841076,44.71875,True,0.45013195974458853
4puh__A1_Q9FIC3--4puh__B1_Q9FIC3,16,5,3,2,0.463711552619773,43.5625,True,0.4357661768983933
4puh__A1_Q9FIC3--4puh__B1_Q9FIC3,17,4,2,2,0.0137237322171376,19.4375,False,0.42158390571008575
4puh__A1_Q9FIC3--4puh__B1_Q9FIC3,18,4,1,2,0.013845470394146,19.3125,False,0.3998071176774217
4puh__A1_Q9FIC3--4puh__B1_Q9FIC3,19,4,3,2,0.0136565767011549,19.25,False,0.3852999910964473
4puh__A1_Q9FIC3--4puh__B1_Q9FIC3,20,4,0,2,0.0138045335587253,19.046875,False,0.36421726887722095
4pxj__B1_Q9UPT6--4pxj__A1_Q9UPT6,1,5,2,4,0.0289764310971171,51.3125,False,0.6608744212922961
4pxj__B1_Q9UPT6--4pxj__A1_Q9UPT6,2,2,3,4,0.0290256890619501,48.375,False,0.6124393071442148
4pxj__B1_Q9UPT6--4pxj__A1_Q9UPT6,3,2,1,4,0.0290263919138517,47.125,False,0.5860856974811174
4pxj__B1_Q9UPT6--4pxj__A1_Q9UPT6,4,5,3,4,0.0290085958435104,46.15625,False,0.6361875079515311
4pxj__B1_Q9UPT6--4pxj__A1_Q9UPT6,5,5,0,4,0.028944894466687,45.875,False,0.6156056296477787
4pxj__B1_Q9UPT6--4pxj__A1_Q9UPT6,6,2,2,4,0.0290293038418745,45.5,False,0.5568125748133743
4pxj__B1_Q9UPT6--4pxj__A1_Q9UPT6,7,2,0,4,0.0290556628698254,45.4375,False,0.5507314596042212
4pxj__B1_Q9UPT6--4pxj__A1_Q9UPT6,8,5,1,4,0.0289885600638413,44.96875,False,0.5809700903813471
4pxj__B1_Q9UPT6--4pxj__A1_Q9UPT6,9,1,2,4,0.3577347474136587,41.40625,True,0.627545204535713
4pxj__B1_Q9UPT6--4pxj__A1_Q9UPT6,10,1,1,4,0.4522349721103838,32.96875,True,0.517505293951046
4pxj__B1_Q9UPT6--4pxj__A1_Q9UPT6,11,3,2,4,0.0290667747855975,30.234375,False,0.4722872292685588
4pxj__B1_Q9UPT6--4pxj__A1_Q9UPT6,12,3,0,4,0.0290550826256081,30.140625,False,0.4663563323213154
4pxj__B1_Q9UPT6--4pxj__A1_Q9UPT6,13,3,3,4,0.0290412660632922,28.953125,False,0.42011320110542355
4pxj__B1_Q9UPT6--4pxj__A1_Q9UPT6,14,1,0,4,0.296542922187262,26.421875,True,0.507491707475972
4pxj__B1_Q9UPT6--4pxj__A1_Q9UPT6,15,3,1,4,0.0290508694123209,25.234375,False,0.40283097730950357
4pxj__B1_Q9UPT6--4pxj__A1_Q9UPT6,16,1,3,4,0.503980741580461,24.1875,True,0.4702897417048346
4pxj__B1_Q9UPT6--4pxj__A1_Q9UPT6,17,4,2,4,0.0290902785616289,19.09375,False,0.38380272018823985
4pxj__B1_Q9UPT6--4pxj__A1_Q9UPT6,18,4,3,4,0.0290777840946147,18.984375,False,0.3673764869684772
4pxj__B1_Q9UPT6--4pxj__A1_Q9UPT6,19,4,0,4,0.0290975946524549,17.796875,False,0.3727251069219036
4pxj__B1_Q9UPT6--4pxj__A1_Q9UPT6,20,4,1,4,0.0291329207380892,17.109375,False,0.3626169709567766
4qc9__A1_P04303--4qc9__D1_P04303,1,1,3,2,0.1443368456173842,69.5,False,0.6415858834017127
4qc9__A1_P04303--4qc9__D1_P04303,2,1,1,2,0.1491458914471405,66.3125,False,0.6280893012284724
4qc9__A1_P04303--4qc9__D1_P04303,3,3,2,2,0.1703258577464842,61.15625,False,0.6154740595219979
4qc9__A1_P04303--4qc9__D1_P04303,4,3,0,2,0.1670228832291834,60.78125,False,0.6003492153897272
4qc9__A1_P04303--4qc9__D1_P04303,5,1,0,2,0.1529141792944779,57.65625,False,0.5843948797712847
4qc9__A1_P04303--4qc9__D1_P04303,6,5,2,2,0.1271085814473348,52.625,False,0.5637517323797099
4qc9__A1_P04303--4qc9__D1_P04303,7,5,0,2,0.1586151882729321,51.53125,False,0.5651908145960134
4qc9__A1_P04303--4qc9__D1_P04303,8,4,0,2,0.1503502607587058,51.46875,False,0.5707081078102595
4qc9__A1_P04303--4qc9__D1_P04303,9,1,2,2,0.1260783584160608,47.1875,False,0.5042183749801682
4qc9__A1_P04303--4qc9__D1_P04303,10,2,0,2,0.148846508761491,46.09375,False,0.5184527913336292
4qc9__A1_P04303--4qc9__D1_P04303,11,2,3,2,0.1295414557461049,44.96875,False,0.5078044336650855
4qc9__A1_P04303--4qc9__D1_P04303,12,5,1,2,0.1507734752431408,44.125,False,0.47444004421165326
4qc9__A1_P04303--4qc9__D1_P04303,13,4,1,2,0.151294239141625,43.71875,False,0.4730412334345143
4qc9__A1_P04303--4qc9__D1_P04303,14,5,3,2,0.0723219128205287,42.78125,False,0.4549828280797618
4qc9__A1_P04303--4qc9__D1_P04303,15,3,1,2,0.167196502385367,41.90625,False,0.44058338336662956
4qc9__A1_P04303--4qc9__D1_P04303,16,2,2,2,0.1476057532972229,40.84375,False,0.4337770288422611
4qc9__A1_P04303--4qc9__D1_P04303,17,2,1,2,0.1284643674917305,36.4375,False,0.4236355506151258
4qc9__A1_P04303--4qc9__D1_P04303,18,3,3,2,0.1462179037418768,34.34375,False,0.39949306359013786
4qc9__A1_P04303--4qc9__D1_P04303,19,4,3,2,0.1683898987381862,27.71875,False,0.38039900471315646
4qc9__A1_P04303--4qc9__D1_P04303,20,4,2,2,0.1829936070097885,26.59375,False,0.3616679190019347
4qhj__A1_Q58610--4qhj__B1_Q58610,1,5,1,1,0.2386993896865443,79.0,True,0.629416753508736
4qhj__A1_Q58610--4qhj__B1_Q58610,2,5,0,1,0.215920944447924,78.9375,False,0.6321088047867718
4qhj__A1_Q58610--4qhj__B1_Q58610,3,5,3,1,0.2407162827493868,78.1875,True,0.6108634353226405
4qhj__A1_Q58610--4qhj__B1_Q58610,4,3,1,1,0.2205313638945145,76.3125,False,0.5969875093604086
4qhj__A1_Q58610--4qhj__B1_Q58610,5,1,1,1,0.2416393356060476,76.3125,True,0.5876893514503602
4qhj__A1_Q58610--4qhj__B1_Q58610,6,1,3,1,0.2428531878576033,75.6875,True,0.567677397805694
4qhj__A1_Q58610--4qhj__B1_Q58610,7,3,0,1,0.2325977631801198,75.625,True,0.5584637873389542
4qhj__A1_Q58610--4qhj__B1_Q58610,8,3,2,1,0.2282399431856052,75.4375,False,0.5203239863463535
4qhj__A1_Q58610--4qhj__B1_Q58610,9,1,2,1,0.2430045786176151,75.375,True,0.5305931057865515
4qhj__A1_Q58610--4qhj__B1_Q58610,10,1,0,1,0.2323039800943088,75.125,True,0.4983388883264518
4qhj__A1_Q58610--4qhj__B1_Q58610,11,3,3,1,0.2322736267622711,74.875,True,0.4926184388849561
4qhj__A1_Q58610--4qhj__B1_Q58610,12,5,2,1,0.2411282711699527,74.5625,True,0.5248740687513274
4qhj__A1_Q58610--4qhj__B1_Q58610,13,4,1,1,0.2567965577449915,73.5,True,0.4718458698315332
4qhj__A1_Q58610--4qhj__B1_Q58610,14,4,0,1,0.2546785153415372,71.875,True,0.45782454302577774
4qhj__A1_Q58610--4qhj__B1_Q58610,15,4,2,1,0.2538153648707688,70.9375,True,0.443869707501294
4qhj__A1_Q58610--4qhj__B1_Q58610,16,4,3,1,0.2409667116646669,70.6875,True,0.4300028749279588
4qhj__A1_Q58610--4qhj__B1_Q58610,17,2,1,1,0.2454808120620519,59.8125,True,0.4162450092335215
4qhj__A1_Q58610--4qhj__B1_Q58610,18,2,3,1,0.233123777515536,58.125,True,0.39803119918606217
4qhj__A1_Q58610--4qhj__B1_Q58610,19,2,2,1,0.2299766716286191,55.90625,False,0.3936863162208432
4qhj__A1_Q58610--4qhj__B1_Q58610,20,2,0,1,0.2399899337049495,54.0,True,0.375824110397241
4qpl__A1_Q9CZW6--4qpl__B1_P51668,1,3,3,1,0.2663859139199993,86.875,True,0.6171401726109832
4qpl__A1_Q9CZW6--4qpl__B1_P51668,2,3,0,1,0.2723280472361324,86.75,True,0.6090750651991856
4qpl__A1_Q9CZW6--4qpl__B1_P51668,3,3,1,1,0.2744918161745313,86.75,True,0.6257534301253918
4qpl__A1_Q9CZW6--4qpl__B1_P51668,4,3,2,1,0.2797120560363128,86.5625,True,0.5764760164136863
4qpl__A1_Q9CZW6--4qpl__B1_P51668,5,4,0,1,0.2777493546680691,86.375,True,0.6105594518859153
4qpl__A1_Q9CZW6--4qpl__B1_P51668,6,4,2,1,0.2776845421037821,85.6875,True,0.5581519160379989
4qpl__A1_Q9CZW6--4qpl__B1_P51668,7,4,3,1,0.2716705145263822,85.5625,True,0.557991041841931
4qpl__A1_Q9CZW6--4qpl__B1_P51668,8,4,1,1,0.2705438932263089,85.5625,True,0.5674781432153527
4qpl__A1_Q9CZW6--4qpl__B1_P51668,9,5,3,1,0.2740116564903148,85.3125,True,0.49190346362223963
4qpl__A1_Q9CZW6--4qpl__B1_P51668,10,5,1,1,0.2725762398939153,85.1875,True,0.5093158843229113
4qpl__A1_Q9CZW6--4qpl__B1_P51668,11,5,2,1,0.2715942430914294,85.0,True,0.469762198857652
4qpl__A1_Q9CZW6--4qpl__B1_P51668,12,1,3,1,0.2771972746282343,85.0,True,0.5209240247195845
4qpl__A1_Q9CZW6--4qpl__B1_P51668,13,5,0,1,0.2722505141538021,84.75,True,0.4503925206440856
4qpl__A1_Q9CZW6--4qpl__B1_P51668,14,2,0,1,0.273211993582667,84.25,True,0.4517697589211396
4qpl__A1_Q9CZW6--4qpl__B1_P51668,15,1,1,1,0.2581966638698169,84.0,True,0.5028518269305828
4qpl__A1_Q9CZW6--4qpl__B1_P51668,16,2,3,1,0.2740288909122573,83.625,True,0.4194661640743108
4qpl__A1_Q9CZW6--4qpl__B1_P51668,17,1,0,1,0.2675721262162969,83.5625,True,0.4174423799823427
4qpl__A1_Q9CZW6--4qpl__B1_P51668,18,2,2,1,0.2630911207472485,83.375,True,0.4038251642645492
4qpl__A1_Q9CZW6--4qpl__B1_P51668,19,2,1,1,0.2652600180672544,83.3125,True,0.40163283834820757
4qpl__A1_Q9CZW6--4qpl__B1_P51668,20,1,2,1,0.1528799623269967,30.796875,False,0.375824110397241
4r5k__B1_P0A6Y8--4r5k__A1_P0A6Y8,1,5,0,3,0.0124531219933621,42.15625,False,0.651337906998651
4r5k__B1_P0A6Y8--4r5k__A1_P0A6Y8,2,4,0,3,0.0117090869877786,39.59375,False,0.6379409636735285
4r5k__B1_P0A6Y8--4r5k__A1_P0A6Y8,3,4,1,3,0.0117949254541751,37.46875,False,0.624855006240347
4r5k__B1_P0A6Y8--4r5k__A1_P0A6Y8,4,5,3,3,0.3689583156220923,37.0,True,0.6480682756454842
4r5k__B1_P0A6Y8--4r5k__A1_P0A6Y8,5,1,2,3,0.0124330931865376,35.71875,False,0.5975468833607038
4r5k__B1_P0A6Y8--4r5k__A1_P0A6Y8,6,3,0,3,0.0128708516531285,35.25,False,0.5609843308138729
4r5k__B1_P0A6Y8--4r5k__A1_P0A6Y8,7,5,2,3,0.012089646126902,35.125,False,0.5618295359929883
4r5k__B1_P0A6Y8--4r5k__A1_P0A6Y8,8,3,2,3,0.3489937744090481,30.359375,True,0.588470599821243
4r5k__B1_P0A6Y8--4r5k__A1_P0A6Y8,9,5,1,3,0.3549122707736269,28.625,True,0.5412191838104333
4r5k__B1_P0A6Y8--4r5k__A1_P0A6Y8,10,2,0,3,0.0915429120745092,26.71875,False,0.4980308352068955
4r5k__B1_P0A6Y8--4r5k__A1_P0A6Y8,11,2,1,3,0.3410899598318144,25.4375,True,0.5304021300823336
4r5k__B1_P0A6Y8--4r5k__A1_P0A6Y8,12,4,3,3,0.1166599712180142,21.859375,False,0.41813285789007104
4r5k__B1_P0A6Y8--4r5k__A1_P0A6Y8,13,3,1,3,0.2742032440485522,21.3125,True,0.45645635417253067
4r5k__B1_P0A6Y8--4r5k__A1_P0A6Y8,14,2,3,3,0.3387743466147923,20.890625,True,0.5006718911468114
4r5k__B1_P0A6Y8--4r5k__A1_P0A6Y8,15,2,2,3,0.3356465180961574,19.734375,True,0.4512353529459026
4r5k__B1_P0A6Y8--4r5k__A1_P0A6Y8,16,4,2,3,0.0171542107605159,19.59375,False,0.4012412530639292
4r5k__B1_P0A6Y8--4r5k__A1_P0A6Y8,17,1,3,3,0.1589295358362322,19.171875,False,0.36356534239611493
4r5k__B1_P0A6Y8--4r5k__A1_P0A6Y8,18,1,1,3,0.1480274074978881,18.875,False,0.35798289001894795
4r5k__B1_P0A6Y8--4r5k__A1_P0A6Y8,19,1,0,3,0.2545886393459641,17.609375,True,0.3779016465146736
4r5k__B1_P0A6Y8--4r5k__A1_P0A6Y8,20,3,3,3,0.2382159869373903,17.203125,True,0.3948132577538879
4r6i__A1_Q44636--4r6i__B1_Q44636,1,4,3,0,0.0040291755518716,75.375,False,0.652061574321747
4r6i__A1_Q44636--4r6i__B1_Q44636,2,2,2,0,0.0036630574203801,74.625,False,0.6459102547850593
4r6i__A1_Q44636--4r6i__B1_Q44636,3,4,1,0,0.0039352518393472,74.25,False,0.6129172590995021
4r6i__A1_Q44636--4r6i__B1_Q44636,4,5,2,0,0.0039918358121552,73.625,False,0.574005446674818
4r6i__A1_Q44636--4r6i__B1_Q44636,5,4,2,0,0.0038966806169803,73.25,False,0.5907610833764709
4r6i__A1_Q44636--4r6i__B1_Q44636,6,5,3,0,0.003907946109921,73.0,False,0.556357885263324
4r6i__A1_Q44636--4r6i__B1_Q44636,7,2,0,0,0.0037034682397648,72.9375,False,0.5894557298021248
4r6i__A1_Q44636--4r6i__B1_Q44636,8,1,0,0,0.0039203438395296,72.625,False,0.5146004170872882
4r6i__A1_Q44636--4r6i__B1_Q44636,9,1,3,0,0.0038682837155006,72.3125,False,0.49485436767116087
4r6i__A1_Q44636--4r6i__B1_Q44636,10,1,1,0,0.0038539072372691,72.1875,False,0.5000101337078586
4r6i__A1_Q44636--4r6i__B1_Q44636,11,5,0,0,0.003982564363877,71.875,False,0.4818565004617394
4r6i__A1_Q44636--4r6i__B1_Q44636,12,5,1,0,0.0038438018912742,71.8125,False,0.4803871793689093
4r6i__A1_Q44636--4r6i__B1_Q44636,13,1,2,0,0.0039150793779031,71.75,False,0.4767686423723063
4r6i__A1_Q44636--4r6i__B1_Q44636,14,2,3,0,0.0036893524615622,71.75,False,0.5125321225376676
4r6i__A1_Q44636--4r6i__B1_Q44636,15,2,1,0,0.003669726279715,71.6875,False,0.5061456656095773
4r6i__A1_Q44636--4r6i__B1_Q44636,16,3,2,0,0.004343063103038,71.1875,False,0.4501398781091237
4r6i__A1_Q44636--4r6i__B1_Q44636,17,4,0,0,0.0041372196727778,69.0625,False,0.39401772867701196
4r6i__A1_Q44636--4r6i__B1_Q44636,18,3,0,0,0.004048444232955,67.25,False,0.3861707325444624
4r6i__A1_Q44636--4r6i__B1_Q44636,19,3,3,0,0.0043232522577673,64.625,False,0.36369189408789493
4r6i__A1_Q44636--4r6i__B1_Q44636,20,3,1,0,0.0042925326404883,64.3125,False,0.3750334616784989
4rt0__A1_Q9HY69--4rt0__A2_Q9HY69,1,4,1,2,0.6044193698676752,69.3125,True,0.645788798017518
4rt0__A1_Q9HY69--4rt0__A2_Q9HY69,2,4,2,2,0.6010982460762393,67.125,True,0.6315980214024844
4rt0__A1_Q9HY69--4rt0__A2_Q9HY69,3,4,0,2,0.5999488308641115,66.5,True,0.6194946087067048
4rt0__A1_Q9HY69--4rt0__A2_Q9HY69,4,4,3,2,0.5998653817532591,61.6875,True,0.6002409184428256
4rt0__A1_Q9HY69--4rt0__A2_Q9HY69,5,5,0,2,0.6378703385433199,60.71875,True,0.5881337764244893
4rt0__A1_Q9HY69--4rt0__A2_Q9HY69,6,3,1,2,0.6303476870271241,58.96875,True,0.5532847237225118
4rt0__A1_Q9HY69--4rt0__A2_Q9HY69,7,3,0,2,0.0818468018724901,56.78125,False,0.5096177645131765
4rt0__A1_Q9HY69--4rt0__A2_Q9HY69,8,3,3,2,0.0990699094397544,56.53125,False,0.5053091238399893
4rt0__A1_Q9HY69--4rt0__A2_Q9HY69,9,2,2,2,0.0490836886288553,56.40625,False,0.45744971951511093
4rt0__A1_Q9HY69--4rt0__A2_Q9HY69,10,2,0,2,0.0193518676864508,55.625,False,0.4311121348363128
4rt0__A1_Q9HY69--4rt0__A2_Q9HY69,11,5,1,2,0.0470435560650239,54.78125,False,0.45263515227811696
4rt0__A1_Q9HY69--4rt0__A2_Q9HY69,12,2,3,2,0.016785562749271,54.34375,False,0.4255560674153425
4rt0__A1_Q9HY69--4rt0__A2_Q9HY69,13,1,0,2,0.5925529510889885,54.15625,True,0.5175361613895425
4rt0__A1_Q9HY69--4rt0__A2_Q9HY69,14,2,1,2,0.0176821524016375,54.0,False,0.42477425779836653
4rt0__A1_Q9HY69--4rt0__A2_Q9HY69,15,5,2,2,0.6520738505310396,53.15625,True,0.5024968674578683
4rt0__A1_Q9HY69--4rt0__A2_Q9HY69,16,3,2,2,0.6468197756889681,52.625,True,0.48134317629647044
4rt0__A1_Q9HY69--4rt0__A2_Q9HY69,17,5,3,2,0.6441878426769613,47.75,True,0.44165332440956373
4rt0__A1_Q9HY69--4rt0__A2_Q9HY69,18,1,3,2,0.588374316321698,46.0,True,0.4651634899130275
4rt0__A1_Q9HY69--4rt0__A2_Q9HY69,19,1,2,2,0.5569895678193438,45.1875,True,0.4507111989523371
4rt0__A1_Q9HY69--4rt0__A2_Q9HY69,20,1,1,2,0.5456096763630027,41.28125,True,0.43199836721362034
4u0q__A1_B2L3N7--4u0q__B1_P35613,1,4,1,2,0.0319602483495932,31.484375,False,0.68820615024512
4u0q__A1_B2L3N7--4u0q__B1_P35613,2,5,2,2,0.1226768719325814,28.109375,False,0.6707256711959558
4u0q__A1_B2L3N7--4u0q__B1_P35613,3,4,0,2,0.0396404664565126,25.1875,False,0.6363506949408108
4u0q__A1_B2L3N7--4u0q__B1_P35613,4,4,3,2,0.037127101302187,24.734375,False,0.6374341103320077
4u0q__A1_B2L3N7--4u0q__B1_P35613,5,4,2,2,0.046155861839907,24.1875,False,0.6169780526067804
4u0q__A1_B2L3N7--4u0q__B1_P35613,6,5,1,2,0.0460191687833874,22.703125,False,0.524680015218037
4u0q__A1_B2L3N7--4u0q__B1_P35613,7,5,3,2,0.1626303568025445,22.546875,False,0.47170319502522573
4u0q__A1_B2L3N7--4u0q__B1_P35613,8,2,3,2,0.0979687976063937,22.5,False,0.5556934204576917
4u0q__A1_B2L3N7--4u0q__B1_P35613,9,3,3,2,0.1532986615702873,22.34375,False,0.5886338029314071
4u0q__A1_B2L3N7--4u0q__B1_P35613,10,5,0,2,0.0709023754858806,21.75,False,0.4410972080491338
4u0q__A1_B2L3N7--4u0q__B1_P35613,11,3,0,2,0.1697306061188858,21.625,False,0.5224241731925849
4u0q__A1_B2L3N7--4u0q__B1_P35613,12,2,1,2,0.0310271315404748,21.359375,False,0.5196451228999666
4u0q__A1_B2L3N7--4u0q__B1_P35613,13,3,1,2,0.0449139521549903,21.203125,False,0.48383221008160754
4u0q__A1_B2L3N7--4u0q__B1_P35613,14,2,2,2,0.0313534037815148,20.578125,False,0.44535889439978765
4u0q__A1_B2L3N7--4u0q__B1_P35613,15,2,0,2,0.0253427682312268,20.515625,False,0.4303841345305866
4u0q__A1_B2L3N7--4u0q__B1_P35613,16,1,0,2,0.0469124506530516,20.46875,False,0.396346878030866
4u0q__A1_B2L3N7--4u0q__B1_P35613,17,3,2,2,0.0942555025614281,20.421875,False,0.36688316839422075
4u0q__A1_B2L3N7--4u0q__B1_P35613,18,1,3,2,0.0371167311810362,20.25,False,0.37892627290410874
4u0q__A1_B2L3N7--4u0q__B1_P35613,19,1,1,2,0.0550415057938851,20.15625,False,0.3774789129384224
4u0q__A1_B2L3N7--4u0q__B1_P35613,20,1,2,2,0.0422538246373428,20.046875,False,0.3785804247554252
4u1c__A1_P32497--4u1c__B1_P38249,1,1,3,0,0.787596505481705,87.75,True,0.6087904255785217
4u1c__A1_P32497--4u1c__B1_P38249,2,1,1,0,0.790747618124105,87.5,True,0.6060039095795594
4u1c__A1_P32497--4u1c__B1_P38249,3,1,2,0,0.795742800568422,87.375,True,0.6117141631813425
4u1c__A1_P32497--4u1c__B1_P38249,4,1,0,0,0.7873425286765755,87.3125,True,0.6171819176823959
4u1c__A1_P32497--4u1c__B1_P38249,5,4,0,0,0.7864413415032828,87.25,True,0.5845874795445445
4u1c__A1_P32497--4u1c__B1_P38249,6,4,3,0,0.7959493571359492,87.25,True,0.5945039360305269
4u1c__A1_P32497--4u1c__B1_P38249,7,5,3,0,0.7764794951124762,87.25,True,0.5773958304591467
4u1c__A1_P32497--4u1c__B1_P38249,8,4,1,0,0.781323229369948,87.125,True,0.550753583322707
4u1c__A1_P32497--4u1c__B1_P38249,9,5,1,0,0.7779033921860612,87.0625,True,0.5632886617848625
4u1c__A1_P32497--4u1c__B1_P38249,10,4,2,0,0.7954451391006732,86.875,True,0.5502332138497538
4u1c__A1_P32497--4u1c__B1_P38249,11,5,2,0,0.7891409266509398,86.75,True,0.49157615265779003
4u1c__A1_P32497--4u1c__B1_P38249,12,5,0,0,0.7895423624790222,86.75,True,0.4832368170962692
4u1c__A1_P32497--4u1c__B1_P38249,13,3,1,0,0.7762199180616848,86.625,True,0.4354030647676492
4u1c__A1_P32497--4u1c__B1_P38249,14,3,3,0,0.7752727264019118,86.4375,True,0.42375592567155357
4u1c__A1_P32497--4u1c__B1_P38249,15,2,3,0,0.7822361877278494,86.375,True,0.451874893050645
4u1c__A1_P32497--4u1c__B1_P38249,16,3,2,0,0.7823608772519993,86.3125,True,0.38228289552445943
4u1c__A1_P32497--4u1c__B1_P38249,17,2,1,0,0.7761908389562656,86.3125,True,0.45949946947311127
4u1c__A1_P32497--4u1c__B1_P38249,18,3,0,0,0.7781141234559822,86.25,True,0.37581183064331863
4u1c__A1_P32497--4u1c__B1_P38249,19,2,2,0,0.7807236976569762,85.75,True,0.39111525954135673
4u1c__A1_P32497--4u1c__B1_P38249,20,2,0,0,0.7815512857125461,85.6875,True,0.4010511346591711
4u3q__B1_P29722--4u3q__A1_P29722,1,5,3,2,0.0108247249668474,68.5,False,0.6414831400701424
4u3q__B1_P29722--4u3q__A1_P29722,2,5,1,2,0.0105740622988568,64.4375,False,0.607930101554099
4u3q__B1_P29722--4u3q__A1_P29722,3,3,3,2,0.010498194995684,59.375,False,0.5801471091067189
4u3q__B1_P29722--4u3q__A1_P29722,4,1,2,2,0.0107615281685018,58.3125,False,0.5667112492400813
4u3q__B1_P29722--4u3q__A1_P29722,5,2,2,2,0.0104874942936883,56.84375,False,0.516892414763274
4u3q__B1_P29722--4u3q__A1_P29722,6,5,2,2,0.0185882263951113,56.0625,False,0.5602830228113437
4u3q__B1_P29722--4u3q__A1_P29722,7,2,3,2,0.0106069245553034,54.90625,False,0.521598625360086
4u3q__B1_P29722--4u3q__A1_P29722,8,3,1,2,0.0103825532120879,53.90625,False,0.535906239255206
4u3q__B1_P29722--4u3q__A1_P29722,9,1,1,2,0.0109037560611654,53.4375,False,0.5243916711719291
4u3q__B1_P29722--4u3q__A1_P29722,10,5,0,2,0.0193806104427063,51.4375,False,0.4601538606546541
4u3q__B1_P29722--4u3q__A1_P29722,11,4,0,2,0.0106251000768183,50.21875,False,0.5127180493949682
4u3q__B1_P29722--4u3q__A1_P29722,12,4,1,2,0.0105755227296759,48.1875,False,0.44676620616424606
4u3q__B1_P29722--4u3q__A1_P29722,13,3,2,2,0.0105730405762284,46.84375,False,0.4597766323680581
4u3q__B1_P29722--4u3q__A1_P29722,14,1,3,2,0.0181599613027259,46.46875,False,0.3791210888694276
4u3q__B1_P29722--4u3q__A1_P29722,15,2,0,2,0.7572011576920893,46.1875,True,0.5722322792612244
4u3q__B1_P29722--4u3q__A1_P29722,16,4,3,2,0.0107957772093356,44.15625,False,0.4120622212272251
4u3q__B1_P29722--4u3q__A1_P29722,17,3,0,2,0.0227486157441769,42.0,False,0.41078479139870566
4u3q__B1_P29722--4u3q__A1_P29722,18,2,1,2,0.1912585535430559,39.34375,False,0.5231947008164981
4u3q__B1_P29722--4u3q__A1_P29722,19,1,0,2,0.6595414222626174,35.46875,True,0.538351337652985
4u3q__B1_P29722--4u3q__A1_P29722,20,4,2,2,0.0182465734918804,32.6875,False,0.37469949045087964
4u4p__A1_O95347--4u4p__B1_Q9NTJ3,1,4,2,2,0.8790301352647948,92.0,True,0.6256150236082838
4u4p__A1_O95347--4u4p__B1_Q9NTJ3,2,4,3,2,0.9097408884566835,92.0,True,0.6241405842089283
4u4p__A1_O95347--4u4p__B1_Q9NTJ3,3,4,1,2,0.8818947771248813,91.9375,True,0.6229539443471432
4u4p__A1_O95347--4u4p__B1_Q9NTJ3,4,4,0,2,0.9094229218914456,91.8125,True,0.6122897318586961
4u4p__A1_O95347--4u4p__B1_Q9NTJ3,5,5,1,2,0.8848527488564342,87.0,True,0.5824276083353139
4u4p__A1_O95347--4u4p__B1_Q9NTJ3,6,3,1,2,0.8839136923993641,86.375,True,0.5763316710909139
4u4p__A1_O95347--4u4p__B1_Q9NTJ3,7,1,0,2,0.8539411839331478,85.4375,True,0.5417459608241186
4u4p__A1_O95347--4u4p__B1_Q9NTJ3,8,1,1,2,0.8564783058679625,85.25,True,0.5354186135846775
4u4p__A1_O95347--4u4p__B1_Q9NTJ3,9,5,0,2,0.7286587067646537,83.5625,True,0.5500209721412822
4u4p__A1_O95347--4u4p__B1_Q9NTJ3,10,5,2,2,0.7900987896942655,83.375,True,0.5180118742987856
4u4p__A1_O95347--4u4p__B1_Q9NTJ3,11,5,3,2,0.7753749425119132,83.375,True,0.5000335608010934
4u4p__A1_O95347--4u4p__B1_Q9NTJ3,12,1,3,2,0.844958967122689,82.0,True,0.48544776136469087
4u4p__A1_O95347--4u4p__B1_Q9NTJ3,13,1,2,2,0.8203106525049836,80.125,True,0.47092015541070426
4u4p__A1_O95347--4u4p__B1_Q9NTJ3,14,2,2,2,0.8416476021606224,79.25,True,0.4388062267675246
4u4p__A1_O95347--4u4p__B1_Q9NTJ3,15,2,1,2,0.8443869133981442,79.25,True,0.43389784382093954
4u4p__A1_O95347--4u4p__B1_Q9NTJ3,16,3,2,2,0.544067499522576,79.125,True,0.44274463775098444
4u4p__A1_O95347--4u4p__B1_Q9NTJ3,17,2,0,2,0.8473225810405719,79.0625,True,0.41122384302120873
4u4p__A1_O95347--4u4p__B1_Q9NTJ3,18,3,0,2,0.5105989294317905,78.8125,True,0.3856418570361738
4u4p__A1_O95347--4u4p__B1_Q9NTJ3,19,2,3,2,0.8487102299596764,78.6875,True,0.41363379895641456
4u4p__A1_O95347--4u4p__B1_Q9NTJ3,20,3,3,2,0.4747672635834878,78.375,True,0.3705351369937714
4uhz__A1_P12643--4uhz__B1_Q6NW40,1,3,0,0,0.8907249378615077,77.25,True,0.6562668252567563
4uhz__A1_P12643--4uhz__B1_Q6NW40,2,3,2,0,0.8759015965380633,76.9375,True,0.6415347377227066
4uhz__A1_P12643--4uhz__B1_Q6NW40,3,1,1,0,0.8220464298275557,75.5,True,0.6265305667666061
4uhz__A1_P12643--4uhz__B1_Q6NW40,4,5,0,0,0.8756520418839231,73.5625,True,0.6112789060346601
4uhz__A1_P12643--4uhz__B1_Q6NW40,5,4,0,0,0.8955995635367163,72.625,True,0.5958062168089577
4uhz__A1_P12643--4uhz__B1_Q6NW40,6,5,2,0,0.878387275912406,71.3125,True,0.580140668350864
4uhz__A1_P12643--4uhz__B1_Q6NW40,7,5,1,0,0.8633876935828769,70.5,True,0.5643119510772447
4uhz__A1_P12643--4uhz__B1_Q6NW40,8,3,3,0,0.0104080969684184,65.3125,False,0.5291553025180037
4uhz__A1_P12643--4uhz__B1_Q6NW40,9,4,3,0,0.8677321628256203,65.0625,True,0.5456651616572963
4uhz__A1_P12643--4uhz__B1_Q6NW40,10,5,3,0,0.8784574455708558,64.0,True,0.5293930793675636
4uhz__A1_P12643--4uhz__B1_Q6NW40,11,1,0,0,0.0105429675760826,62.375,False,0.48821975302456855
4uhz__A1_P12643--4uhz__B1_Q6NW40,12,3,1,0,0.0104388084870534,61.21875,False,0.4911669489227031
4uhz__A1_P12643--4uhz__B1_Q6NW40,13,2,3,0,0.0104294372108082,56.40625,False,0.46476931616507294
4uhz__A1_P12643--4uhz__B1_Q6NW40,14,4,2,0,0.0104524678880366,55.59375,False,0.44733171738523114
4uhz__A1_P12643--4uhz__B1_Q6NW40,15,2,1,0,0.0104577382054277,53.8125,False,0.4399823543760533
4uhz__A1_P12643--4uhz__B1_Q6NW40,16,2,0,0,0.0104675438614837,53.1875,False,0.419859331649136
4uhz__A1_P12643--4uhz__B1_Q6NW40,17,2,2,0,0.0104566919744389,52.0625,False,0.40419378319104227
4uhz__A1_P12643--4uhz__B1_Q6NW40,18,4,1,0,0.0105948735082508,45.75,False,0.38872109396533994
4uhz__A1_P12643--4uhz__B1_Q6NW40,19,1,2,0,0.7505469797409754,43.40625,True,0.3734694332333938
4uhz__A1_P12643--4uhz__B1_Q6NW40,20,1,3,0,0.587140335455472,31.484375,True,0.35846526227729325
4upd__A1_Q2TFW1--4upd__B1_Q2TFW1,1,3,3,2,0.0462886102808753,87.4375,False,0.640832370881361
4upd__A1_Q2TFW1--4upd__B1_Q2TFW1,2,3,0,2,0.0198660347274635,86.6875,False,0.6288540645125295
4upd__A1_Q2TFW1--4upd__B1_Q2TFW1,3,1,0,2,0.0198774311943373,76.6875,False,0.6143899476729139
4upd__A1_Q2TFW1--4upd__B1_Q2TFW1,4,3,2,2,0.0375412187229779,74.8125,False,0.5997209421353165
4upd__A1_Q2TFW1--4upd__B1_Q2TFW1,5,1,2,2,0.028729154916327,73.8125,False,0.5872546390392012
4upd__A1_Q2TFW1--4upd__B1_Q2TFW1,6,2,3,2,0.0105643257248609,69.25,False,0.5714701135557517
4upd__A1_Q2TFW1--4upd__B1_Q2TFW1,7,2,2,2,0.0102459181786432,66.0625,False,0.5586092010570195
4upd__A1_Q2TFW1--4upd__B1_Q2TFW1,8,1,3,2,0.0110478905424647,62.09375,False,0.5437214511756971
4upd__A1_Q2TFW1--4upd__B1_Q2TFW1,9,4,3,2,0.0109373153419107,56.90625,False,0.5342994133739035
4upd__A1_Q2TFW1--4upd__B1_Q2TFW1,10,5,1,2,0.0158940429509906,52.21875,False,0.5194050804227612
4upd__A1_Q2TFW1--4upd__B1_Q2TFW1,11,5,3,2,0.0290329536400405,44.9375,False,0.5191216535681327
4upd__A1_Q2TFW1--4upd__B1_Q2TFW1,12,2,0,2,0.0124649004630009,42.1875,False,0.493439203175618
4upd__A1_Q2TFW1--4upd__B1_Q2TFW1,13,1,1,2,0.0287304481147974,32.78125,False,0.4470872076928646
4upd__A1_Q2TFW1--4upd__B1_Q2TFW1,14,5,2,2,0.0294926981494527,32.71875,False,0.4768476232914695
4upd__A1_Q2TFW1--4upd__B1_Q2TFW1,15,5,0,2,0.0150710404244072,30.625,False,0.4472419027783456
4upd__A1_Q2TFW1--4upd__B1_Q2TFW1,16,4,2,2,0.0567657695317382,28.875,False,0.4289848207789508
4upd__A1_Q2TFW1--4upd__B1_Q2TFW1,17,3,1,2,0.1346165659242247,28.234375,False,0.418872498987143
4upd__A1_Q2TFW1--4upd__B1_Q2TFW1,18,2,1,2,0.0364793565947376,27.265625,False,0.3809739071045673
4upd__A1_Q2TFW1--4upd__B1_Q2TFW1,19,4,1,2,0.0580522143295975,26.40625,False,0.3758051099345987
4upd__A1_Q2TFW1--4upd__B1_Q2TFW1,20,4,0,2,0.0398474320839023,26.0,False,0.3571698335789447
4v1i__A1_A0A140UH28--4v1i__B1_A0A140UH28,1,3,2,1,0.90398662493889,78.6875,True,0.6373033260027056
4v1i__A1_A0A140UH28--4v1i__B1_A0A140UH28,2,5,1,1,0.8722017672092689,77.0625,True,0.6241758896027589
4v1i__A1_A0A140UH28--4v1i__B1_A0A140UH28,3,3,0,1,0.8991848578605818,76.3125,True,0.6108634353226405
4v1i__A1_A0A140UH28--4v1i__B1_A0A140UH28,4,4,1,1,0.9064356783679156,75.125,True,0.5927813039696536
4v1i__A1_A0A140UH28--4v1i__B1_A0A140UH28,5,4,0,1,0.9072923769880304,73.375,True,0.5849750477495429
4v1i__A1_A0A140UH28--4v1i__B1_A0A140UH28,6,4,3,1,0.8907171128131791,72.875,True,0.5734438995251505
4v1i__A1_A0A140UH28--4v1i__B1_A0A140UH28,7,4,2,1,0.8949521373714407,71.875,True,0.5584878316005278
4v1i__A1_A0A140UH28--4v1i__B1_A0A140UH28,8,5,2,1,0.8899202581115132,69.75,True,0.541077229719208
4v1i__A1_A0A140UH28--4v1i__B1_A0A140UH28,9,1,1,1,0.8663915422352249,69.625,True,0.5293786484722703
4v1i__A1_A0A140UH28--4v1i__B1_A0A140UH28,10,1,2,1,0.8972224668836953,69.0,True,0.5080604537770983
4v1i__A1_A0A140UH28--4v1i__B1_A0A140UH28,11,5,0,1,0.8661742136254693,68.8125,True,0.49864587771576785
4v1i__A1_A0A140UH28--4v1i__B1_A0A140UH28,12,5,3,1,0.9024026900263036,68.75,True,0.4812401458570634
4v1i__A1_A0A140UH28--4v1i__B1_A0A140UH28,13,2,0,1,0.0352994927139348,66.875,False,0.4813037056159406
4v1i__A1_A0A140UH28--4v1i__B1_A0A140UH28,14,3,3,1,0.8580878088483179,66.75,True,0.46626624792367366
4v1i__A1_A0A140UH28--4v1i__B1_A0A140UH28,15,3,1,1,0.8429967886907045,65.5,True,0.44275115655175057
4v1i__A1_A0A140UH28--4v1i__B1_A0A140UH28,16,1,0,1,0.8688382516893608,63.75,True,0.4228741003611134
4v1i__A1_A0A140UH28--4v1i__B1_A0A140UH28,17,1,3,1,0.890027711650302,61.65625,True,0.4162450092335215
4v1i__A1_A0A140UH28--4v1i__B1_A0A140UH28,18,2,2,1,0.0323068077389915,54.1875,False,0.4038251642645492
4v1i__A1_A0A140UH28--4v1i__B1_A0A140UH28,19,2,1,1,0.0325984580428026,53.96875,False,0.38794316056514244
4v1i__A1_A0A140UH28--4v1i__B1_A0A140UH28,20,2,3,1,0.0322760685071398,53.53125,False,0.375824110397241
4wj0__A1_O58938--4wj0__B1_O58938,1,1,0,0,0.1598244931197092,59.21875,False,0.6496195810336557
4wj0__A1_O58938--4wj0__B1_O58938,2,3,0,0,0.3901665998332781,53.5,True,0.6364535327174878
4wj0__A1_O58938--4wj0__B1_O58938,3,4,2,0,0.138530435873894,52.4375,False,0.5966892216197917
4wj0__A1_O58938--4wj0__B1_O58938,4,4,0,0,0.1356310259525977,51.5625,False,0.5716020243582375
4wj0__A1_O58938--4wj0__B1_O58938,5,4,1,0,0.1374803846268598,50.5625,False,0.538527719166017
4wj0__A1_O58938--4wj0__B1_O58938,6,1,3,0,0.3825068713366287,50.21875,True,0.6020848947991385
4wj0__A1_O58938--4wj0__B1_O58938,7,1,2,0,0.4257170222776005,47.5,True,0.5954554367978313
4wj0__A1_O58938--4wj0__B1_O58938,8,4,3,0,0.1312195376273402,47.0625,False,0.47183411375981676
4wj0__A1_O58938--4wj0__B1_O58938,9,5,2,0,0.3320107735619468,44.71875,True,0.5513115766696697
4wj0__A1_O58938--4wj0__B1_O58938,10,2,1,0,0.235221251710169,42.40625,True,0.4957236388834592
4wj0__A1_O58938--4wj0__B1_O58938,11,2,0,0,0.2480069069030666,41.03125,True,0.45735606734389844
4wj0__A1_O58938--4wj0__B1_O58938,12,3,1,0,0.3184926503747804,40.59375,True,0.5237635596791548
4wj0__A1_O58938--4wj0__B1_O58938,13,1,1,0,0.4025189535342582,39.5,True,0.5150123481487869
4wj0__A1_O58938--4wj0__B1_O58938,14,5,0,0,0.1823724983024232,38.84375,False,0.48167884247056497
4wj0__A1_O58938--4wj0__B1_O58938,15,2,3,0,0.2600939617044968,38.6875,True,0.40734984237520355
4wj0__A1_O58938--4wj0__B1_O58938,16,2,2,0,0.2439002244758314,38.59375,True,0.39822083831345084
4wj0__A1_O58938--4wj0__B1_O58938,17,3,2,0,0.2382673845870268,36.78125,True,0.4584636808952822
4wj0__A1_O58938--4wj0__B1_O58938,18,5,3,0,0.1775809362883461,36.46875,False,0.4271901018172009
4wj0__A1_O58938--4wj0__B1_O58938,19,3,3,0,0.2669766732639305,34.90625,True,0.40999789761985894
4wj0__A1_O58938--4wj0__B1_O58938,20,5,1,0,0.3410069727467828,30.921875,True,0.3679050987875881
4wlp__A1_Q9Y5K5--4wlp__B1_Q6P4R8,1,4,1,2,0.7497861116122783,87.0625,True,0.6371047954737356
4wlp__A1_Q9Y5K5--4wlp__B1_Q6P4R8,2,5,2,2,0.7219532267192661,85.9375,True,0.598044012253462
4wlp__A1_Q9Y5K5--4wlp__B1_Q6P4R8,3,3,3,2,0.76140829680601,85.875,True,0.5999984767719949
4wlp__A1_Q9Y5K5--4wlp__B1_Q6P4R8,4,5,1,2,0.7139039328891105,85.8125,True,0.562161462812892
4wlp__A1_Q9Y5K5--4wlp__B1_Q6P4R8,5,1,0,2,0.7336466414041443,85.4375,True,0.5526799824055173
4wlp__A1_Q9Y5K5--4wlp__B1_Q6P4R8,6,4,2,2,0.7386463241556968,85.375,True,0.5705693849562627
4wlp__A1_Q9Y5K5--4wlp__B1_Q6P4R8,7,3,0,2,0.7507684928084316,85.375,True,0.5741865167473539
4wlp__A1_Q9Y5K5--4wlp__B1_Q6P4R8,8,5,0,2,0.7263474892360543,85.3125,True,0.494753487459755
4wlp__A1_Q9Y5K5--4wlp__B1_Q6P4R8,9,1,3,2,0.7240337654596924,85.25,True,0.5589185308669783
4wlp__A1_Q9Y5K5--4wlp__B1_Q6P4R8,10,4,0,2,0.7439163517539248,85.125,True,0.5393797358389661
4wlp__A1_Q9Y5K5--4wlp__B1_Q6P4R8,11,4,3,2,0.7417562404472382,85.0,True,0.5030951704432494
4wlp__A1_Q9Y5K5--4wlp__B1_Q6P4R8,12,3,1,2,0.7443433493005825,84.9375,True,0.5429909303891368
4wlp__A1_Q9Y5K5--4wlp__B1_Q6P4R8,13,5,3,2,0.7202531369356978,84.9375,True,0.48748523332406946
4wlp__A1_Q9Y5K5--4wlp__B1_Q6P4R8,14,3,2,2,0.7382363103727284,84.8125,True,0.4657803116229814
4wlp__A1_Q9Y5K5--4wlp__B1_Q6P4R8,15,1,2,2,0.7303439840719834,84.625,True,0.4597697344102432
4wlp__A1_Q9Y5K5--4wlp__B1_Q6P4R8,16,1,1,2,0.7280756296557445,83.9375,True,0.41972776333457074
4wlp__A1_Q9Y5K5--4wlp__B1_Q6P4R8,17,2,1,2,0.72105938146694,83.5625,True,0.4134311241560585
4wlp__A1_Q9Y5K5--4wlp__B1_Q6P4R8,18,2,0,2,0.724693411522494,83.3125,True,0.40863041721619275
4wlp__A1_Q9Y5K5--4wlp__B1_Q6P4R8,19,2,2,2,0.7299360004202979,83.25,True,0.3844884171938557
4wlp__A1_Q9Y5K5--4wlp__B1_Q6P4R8,20,2,3,2,0.7290404287708719,82.875,True,0.37191069877152755
4wpd__A1_Q55080--4wpd__B1_Q55080,1,5,2,3,0.0117837039242103,40.84375,False,0.6549847640245088
4wpd__A1_Q55080--4wpd__B1_Q55080,2,5,0,3,0.0118154041799831,39.75,False,0.6285182817498486
4wpd__A1_Q55080--4wpd__B1_Q55080,3,5,3,3,0.0120504095239835,38.5625,False,0.632769626954177
4wpd__A1_Q55080--4wpd__B1_Q55080,4,1,3,3,0.013789692973441,37.125,False,0.6461693197198964
4wpd__A1_Q55080--4wpd__B1_Q55080,5,1,1,3,0.0156236947760948,36.0625,False,0.6251176836997675
4wpd__A1_Q55080--4wpd__B1_Q55080,6,2,1,3,0.0117888544390977,34.40625,False,0.6067679183907029
4wpd__A1_Q55080--4wpd__B1_Q55080,7,1,2,3,0.0161711516878791,34.0625,False,0.5859665906878927
4wpd__A1_Q55080--4wpd__B1_Q55080,8,2,0,3,0.012647006718239,33.84375,False,0.5905080544667881
4wpd__A1_Q55080--4wpd__B1_Q55080,9,3,0,3,0.0102755694285897,33.3125,False,0.5390744806537998
4wpd__A1_Q55080--4wpd__B1_Q55080,10,1,0,3,0.0166826588039562,32.5625,False,0.5282558551121582
4wpd__A1_Q55080--4wpd__B1_Q55080,11,3,3,3,0.0109682345204293,32.0,False,0.5029679333801839
4wpd__A1_Q55080--4wpd__B1_Q55080,12,5,1,3,0.0151567627102319,29.8125,False,0.4603225100410289
4wpd__A1_Q55080--4wpd__B1_Q55080,13,4,2,3,0.0142366045988584,29.6875,False,0.4769840825053116
4wpd__A1_Q55080--4wpd__B1_Q55080,14,3,2,3,0.0145605660501939,29.5,False,0.44648590995064846
4wpd__A1_Q55080--4wpd__B1_Q55080,15,4,1,3,0.0170466512786611,26.796875,False,0.42396480198184733
4wpd__A1_Q55080--4wpd__B1_Q55080,16,4,3,3,0.0179201281745383,25.890625,False,0.39944205425732765
4wpd__A1_Q55080--4wpd__B1_Q55080,17,3,1,3,0.0134114461112489,25.390625,False,0.37489474224144187
4wpd__A1_Q55080--4wpd__B1_Q55080,18,2,3,3,0.0112293147469105,25.328125,False,0.36515657614846425
4wpd__A1_Q55080--4wpd__B1_Q55080,19,4,0,3,0.017163806028918,25.265625,False,0.35147844761260055
4wpd__A1_Q55080--4wpd__B1_Q55080,20,2,2,3,0.0115530896120233,24.78125,False,0.32603342178741823
4xl5__B1_UNDEFINED--4xl5__A1_P42212,1,1,2,4,0.0382471790856429,49.75,False,0.6810057938295675
4xl5__B1_UNDEFINED--4xl5__A1_P42212,2,4,0,4,0.3111576347838241,34.46875,True,0.6572674328518108
4xl5__B1_UNDEFINED--4xl5__A1_P42212,3,1,0,4,0.03547661350198,33.46875,False,0.6872526045076535
4xl5__B1_UNDEFINED--4xl5__A1_P42212,4,4,2,4,0.2901401287820007,33.25,True,0.614503427299812
4xl5__B1_UNDEFINED--4xl5__A1_P42212,5,3,1,4,0.031709523863772,33.09375,False,0.6459305413311451
4xl5__B1_UNDEFINED--4xl5__A1_P42212,6,4,1,4,0.2400924924123281,32.375,True,0.569034401529595
4xl5__B1_UNDEFINED--4xl5__A1_P42212,7,1,1,4,0.0469746199905323,31.984375,False,0.6127642146851667
4xl5__B1_UNDEFINED--4xl5__A1_P42212,8,3,0,4,0.0307649680740766,31.859375,False,0.5927379155928528
4xl5__B1_UNDEFINED--4xl5__A1_P42212,9,2,1,4,0.0318932959960802,31.140625,False,0.5421056071751488
4xl5__B1_UNDEFINED--4xl5__A1_P42212,10,2,0,4,0.0707638652797481,30.671875,False,0.4709750099788409
4xl5__B1_UNDEFINED--4xl5__A1_P42212,11,3,3,4,0.0303884725332158,30.578125,False,0.5626127093467334
4xl5__B1_UNDEFINED--4xl5__A1_P42212,12,3,2,4,0.0309482378052428,29.90625,False,0.5253094326386589
4xl5__B1_UNDEFINED--4xl5__A1_P42212,13,5,3,4,0.0557080175474788,29.703125,False,0.4285704749081081
4xl5__B1_UNDEFINED--4xl5__A1_P42212,14,5,1,4,0.0611795742257703,29.640625,False,0.43636570208958586
4xl5__B1_UNDEFINED--4xl5__A1_P42212,15,5,2,4,0.0624231003222036,28.96875,False,0.3954136803746529
4xl5__B1_UNDEFINED--4xl5__A1_P42212,16,1,3,4,0.0415669376715345,28.625,False,0.4114739484221537
4xl5__B1_UNDEFINED--4xl5__A1_P42212,17,5,0,4,0.0516616621404406,28.28125,False,0.34663088031429773
4xl5__B1_UNDEFINED--4xl5__A1_P42212,18,4,3,4,0.1276712846394201,28.140625,False,0.34177149201537
4xl5__B1_UNDEFINED--4xl5__A1_P42212,19,2,3,4,0.0338375837555117,28.0625,False,0.3513795377791152
4xl5__B1_UNDEFINED--4xl5__A1_P42212,20,2,2,4,0.1056597158590905,27.765625,False,0.29874113610624076
4xt2__C1_Q99814--4xt2__A1_P27540,1,3,1,1,0.6127440693611702,85.9375,True,0.6057155252297546
4xt2__C1_Q99814--4xt2__A1_P27540,2,3,2,1,0.6021072269049986,85.9375,True,0.5834214950780218
4xt2__C1_Q99814--4xt2__A1_P27540,3,4,2,1,0.6477930272110433,85.875,True,0.606920574152628
4xt2__C1_Q99814--4xt2__A1_P27540,4,5,2,1,0.6142879931195219,85.75,True,0.5770576088842341
4xt2__C1_Q99814--4xt2__A1_P27540,5,1,1,1,0.6411879568100677,85.6875,True,0.6118670485132561
4xt2__C1_Q99814--4xt2__A1_P27540,6,1,0,1,0.6285598375279383,85.5,True,0.6075437833239075
4xt2__C1_Q99814--4xt2__A1_P27540,7,1,2,1,0.6338588681648657,85.3125,True,0.5413126591317534
4xt2__C1_Q99814--4xt2__A1_P27540,8,4,0,1,0.6454849662787873,85.3125,True,0.5638294973814079
4xt2__C1_Q99814--4xt2__A1_P27540,9,5,1,1,0.6033992135433491,85.1875,True,0.5331070696895098
4xt2__C1_Q99814--4xt2__A1_P27540,10,3,0,1,0.5800281090799954,84.8125,True,0.5115318974655663
4xt2__C1_Q99814--4xt2__A1_P27540,11,4,1,1,0.6233621079717743,84.75,True,0.5108748974717245
4xt2__C1_Q99814--4xt2__A1_P27540,12,3,3,1,0.5951869229934893,84.625,True,0.46582655330208395
4xt2__C1_Q99814--4xt2__A1_P27540,13,5,0,1,0.6039957201942077,84.5,True,0.4729755368442679
4xt2__C1_Q99814--4xt2__A1_P27540,14,1,3,1,0.6205669797139041,83.9375,True,0.4469982844782476
4xt2__C1_Q99814--4xt2__A1_P27540,15,5,3,1,0.6431051510132977,83.3125,True,0.47231052557010345
4xt2__C1_Q99814--4xt2__A1_P27540,16,2,3,1,0.6438485927717936,82.1875,True,0.4346904255495062
4xt2__C1_Q99814--4xt2__A1_P27540,17,4,3,1,0.7240961799309763,81.8125,True,0.40041466336055875
4xt2__C1_Q99814--4xt2__A1_P27540,18,2,0,1,0.6337167680923018,81.8125,True,0.41847304242758576
4xt2__C1_Q99814--4xt2__A1_P27540,19,2,1,1,0.6278172809496143,81.1875,True,0.39825458220242343
4xt2__C1_Q99814--4xt2__A1_P27540,20,2,2,1,0.4121682828450592,31.40625,True,0.375824110397241
4xyd__A1_Q16A04--4xyd__B1_Q16A03,1,4,0,0,0.9330826864686212,95.0625,True,0.6342192371780653
4xyd__A1_Q16A04--4xyd__B1_Q16A03,2,4,1,0,0.93561764926527,95.0625,True,0.6434500118797218
4xyd__A1_Q16A04--4xyd__B1_Q16A03,3,4,3,0,0.9435672506401834,94.9375,True,0.5536255603467427
4xyd__A1_Q16A04--4xyd__B1_Q16A03,4,1,3,0,0.94598899907376,94.9375,True,0.6272407246722437
4xyd__A1_Q16A04--4xyd__B1_Q16A03,5,5,3,0,0.9385762408185648,94.875,True,0.5472099228143528
4xyd__A1_Q16A04--4xyd__B1_Q16A03,6,5,0,0,0.933943106431781,94.875,True,0.5618210347167183
4xyd__A1_Q16A04--4xyd__B1_Q16A03,7,5,1,0,0.9353348840115104,94.875,True,0.5406463892594022
4xyd__A1_Q16A04--4xyd__B1_Q16A03,8,4,2,0,0.9291010641375976,94.8125,True,0.5392055973026729
4xyd__A1_Q16A04--4xyd__B1_Q16A03,9,5,2,0,0.9369147518187574,94.8125,True,0.550684796139675
4xyd__A1_Q16A04--4xyd__B1_Q16A03,10,2,3,0,0.9401482528526264,94.75,True,0.4821744214819594
4xyd__A1_Q16A04--4xyd__B1_Q16A03,11,2,0,0,0.9412066991770156,94.75,True,0.5131778751929247
4xyd__A1_Q16A04--4xyd__B1_Q16A03,12,1,0,0,0.9325317732110024,94.75,True,0.5308286385233171
4xyd__A1_Q16A04--4xyd__B1_Q16A03,13,2,2,0,0.9381495510853536,94.6875,True,0.4587130804786574
4xyd__A1_Q16A04--4xyd__B1_Q16A03,14,1,2,0,0.9380705467366184,94.6875,True,0.48756276641241936
4xyd__A1_Q16A04--4xyd__B1_Q16A03,15,2,1,0,0.9386787066291908,94.6875,True,0.47830638934994874
4xyd__A1_Q16A04--4xyd__B1_Q16A03,16,1,1,0,0.9340273147145216,94.625,True,0.4718902967317156
4xyd__A1_Q16A04--4xyd__B1_Q16A03,17,3,1,0,0.9298447852922668,94.5,True,0.3909540305935364
4xyd__A1_Q16A04--4xyd__B1_Q16A03,18,3,3,0,0.9379681939542256,94.5,True,0.38494930156870794
4xyd__A1_Q16A04--4xyd__B1_Q16A03,19,3,0,0,0.9357250816157396,94.5,True,0.39299708248938947
4xyd__A1_Q16A04--4xyd__B1_Q16A03,20,3,2,0,0.9427501239966396,94.4375,True,0.369396098115281
4yxc__A1_P00720--4yxc__B1_P26419,1,4,2,3,0.1895343385471325,64.9375,False,0.6298021422441232
4yxc__A1_P00720--4yxc__B1_P26419,2,3,0,3,0.1788459504925405,64.8125,False,0.6640629001981692
4yxc__A1_P00720--4yxc__B1_P26419,3,4,3,3,0.1754876310905218,64.4375,False,0.6233545772978023
4yxc__A1_P00720--4yxc__B1_P26419,4,5,3,3,0.1324499263225631,64.0,False,0.5007458385243168
4yxc__A1_P00720--4yxc__B1_P26419,5,3,2,3,0.1702417819473627,63.8125,False,0.6383248478154433
4yxc__A1_P00720--4yxc__B1_P26419,6,4,0,3,0.1871473787568396,62.59375,False,0.563519771342232
4yxc__A1_P00720--4yxc__B1_P26419,7,3,3,3,0.1859611401474249,59.4375,False,0.5875445124895289
4yxc__A1_P00720--4yxc__B1_P26419,8,5,0,3,0.1886719851136971,53.71875,False,0.48803808781917596
4yxc__A1_P00720--4yxc__B1_P26419,9,3,1,3,0.1486647202850314,52.3125,False,0.5370523974452468
4yxc__A1_P00720--4yxc__B1_P26419,10,4,1,3,0.177417203037963,52.1875,False,0.4536972630084111
4yxc__A1_P00720--4yxc__B1_P26419,11,1,3,3,0.1710550486446909,51.03125,False,0.48926240516285824
4yxc__A1_P00720--4yxc__B1_P26419,12,2,1,3,0.1267630534552027,49.9375,False,0.508992960121097
4yxc__A1_P00720--4yxc__B1_P26419,13,1,2,3,0.1482440516880999,49.5,False,0.48206736689846685
4yxc__A1_P00720--4yxc__B1_P26419,14,1,0,3,0.167680663169025,49.15625,False,0.545568200841014
4yxc__A1_P00720--4yxc__B1_P26419,15,2,2,3,0.1637946946935207,46.0625,False,0.4636306332047459
4yxc__A1_P00720--4yxc__B1_P26419,16,2,0,3,0.0568345865214537,41.71875,False,0.4795707094043335
4yxc__A1_P00720--4yxc__B1_P26419,17,5,2,3,0.0617853353642409,40.09375,False,0.38395498415930945
4yxc__A1_P00720--4yxc__B1_P26419,18,5,1,3,0.0725652463849771,39.625,False,0.36925320511984977
4yxc__A1_P00720--4yxc__B1_P26419,19,2,3,3,0.1467229981509172,35.8125,False,0.37061352639116374
4yxc__A1_P00720--4yxc__B1_P26419,20,1,1,3,0.0613091714615014,33.65625,False,0.38208772964718085
4z0o__A1_Q504Y3--4z0o__A2_Q504Y3,1,3,1,3,0.4368925628415042,66.6875,True,0.6528046337457452
4z0o__A1_Q504Y3--4z0o__A2_Q504Y3,2,3,2,3,0.4155553206437166,65.625,True,0.6098277391816598
4z0o__A1_Q504Y3--4z0o__A2_Q504Y3,3,3,3,3,0.4518073025697178,64.8125,True,0.5739650291999693
4z0o__A1_Q504Y3--4z0o__A2_Q504Y3,4,3,0,3,0.4470231335842898,64.4375,True,0.5789966432883705
4z0o__A1_Q504Y3--4z0o__A2_Q504Y3,5,5,2,3,0.3802886356212929,62.6875,True,0.6225761705999691
4z0o__A1_Q504Y3--4z0o__A2_Q504Y3,6,5,3,3,0.3815848136745824,62.53125,True,0.5972130834039756
4z0o__A1_Q504Y3--4z0o__A2_Q504Y3,7,5,0,3,0.3801710334843113,62.1875,True,0.5815370297365374
4z0o__A1_Q504Y3--4z0o__A2_Q504Y3,8,5,1,3,0.3721309243296012,61.09375,True,0.5696085220831238
4z0o__A1_Q504Y3--4z0o__A2_Q504Y3,9,2,1,3,0.1586243506791136,44.65625,False,0.6032912822591328
4z0o__A1_Q504Y3--4z0o__A2_Q504Y3,10,2,2,3,0.0531935962517889,33.46875,False,0.5098038939666657
4z0o__A1_Q504Y3--4z0o__A2_Q504Y3,11,2,0,3,0.1986452882834615,25.09375,False,0.5010631752156989
4z0o__A1_Q504Y3--4z0o__A2_Q504Y3,12,2,3,3,0.1704734415683091,23.4375,False,0.484320250059765
4z0o__A1_Q504Y3--4z0o__A2_Q504Y3,13,1,1,3,0.2805345721857989,20.8125,True,0.463859489519765
4z0o__A1_Q504Y3--4z0o__A2_Q504Y3,14,1,2,3,0.2956052749212216,20.640625,True,0.4536877017438389
4z0o__A1_Q504Y3--4z0o__A2_Q504Y3,15,1,3,3,0.2931911032896767,20.21875,True,0.4368240359449743
4z0o__A1_Q504Y3--4z0o__A2_Q504Y3,16,1,0,3,0.2869674573952986,19.609375,True,0.4172755428521126
4z0o__A1_Q504Y3--4z0o__A2_Q504Y3,17,4,1,3,0.1720764187533147,17.234375,False,0.40468516990749576
4z0o__A1_Q504Y3--4z0o__A2_Q504Y3,18,4,3,3,0.077932664884439,12.9609375,False,0.36801402958499196
4z0o__A1_Q504Y3--4z0o__A2_Q504Y3,19,4,2,3,0.0845746950724544,12.9609375,False,0.3656566500506612
4z0o__A1_Q504Y3--4z0o__A2_Q504Y3,20,4,0,3,0.0694101139849573,12.9140625,False,0.37001658718035835
4z86__A1_Q9KQ21--4z86__B1_Q9KQ21,1,4,2,2,0.0312716917741907,69.875,False,0.627759982516371
4z86__A1_Q9KQ21--4z86__B1_Q9KQ21,2,4,1,2,0.0309933600159616,69.4375,False,0.6112589652436683
4z86__A1_Q9KQ21--4z86__B1_Q9KQ21,3,5,2,2,0.0422124591898677,64.875,False,0.5263252789998193
4z86__A1_Q9KQ21--4z86__B1_Q9KQ21,4,5,1,2,0.0425439122965855,62.03125,False,0.472672067142029
4z86__A1_Q9KQ21--4z86__B1_Q9KQ21,5,5,3,2,0.0273131004702737,60.53125,False,0.47753751635017416
4z86__A1_Q9KQ21--4z86__B1_Q9KQ21,6,5,0,2,0.0275327878018314,57.75,False,0.4582053068643026
4z86__A1_Q9KQ21--4z86__B1_Q9KQ21,7,3,3,2,0.0191348721581225,56.5625,False,0.471487743426642
4z86__A1_Q9KQ21--4z86__B1_Q9KQ21,8,4,0,2,0.1026007360483965,52.5,False,0.6135659110964949
4z86__A1_Q9KQ21--4z86__B1_Q9KQ21,9,4,3,2,0.1275412297274889,34.65625,False,0.5934416955498271
4z86__A1_Q9KQ21--4z86__B1_Q9KQ21,10,2,2,2,0.1050413909762959,31.03125,False,0.5816031966024753
4z86__A1_Q9KQ21--4z86__B1_Q9KQ21,11,2,3,2,0.1164582742379508,27.0,False,0.561950275816246
4z86__A1_Q9KQ21--4z86__B1_Q9KQ21,12,2,0,2,0.1051134875135573,25.65625,False,0.5421010083658668
4z86__A1_Q9KQ21--4z86__B1_Q9KQ21,13,2,1,2,0.1048178065513827,25.546875,False,0.5221171872266268
4z86__A1_Q9KQ21--4z86__B1_Q9KQ21,14,3,0,2,0.1598342941901312,23.09375,False,0.4671968454098496
4z86__A1_Q9KQ21--4z86__B1_Q9KQ21,15,3,1,2,0.2202078467686231,22.65625,False,0.4593167031731396
4z86__A1_Q9KQ21--4z86__B1_Q9KQ21,16,3,2,2,0.0942181184853763,21.78125,False,0.4051277700781654
4z86__A1_Q9KQ21--4z86__B1_Q9KQ21,17,1,0,2,0.0809239385257786,20.5625,False,0.48101204382376417
4z86__A1_Q9KQ21--4z86__B1_Q9KQ21,18,1,3,2,0.096814658940211,19.484375,False,0.42505131271625834
4z86__A1_Q9KQ21--4z86__B1_Q9KQ21,19,1,2,2,0.0829137086016994,19.484375,False,0.42065482431206896
4z86__A1_Q9KQ21--4z86__B1_Q9KQ21,20,1,1,2,0.0733838260451896,19.0,False,0.4214509332311886
4zb3__A1_Q9SU14--4zb3__A2_Q9SU14,1,3,0,3,0.2185476910433966,85.625,False,0.6614858700232774
4zb3__A1_Q9SU14--4zb3__A2_Q9SU14,2,1,3,3,0.2236165919066911,82.9375,False,0.6511793991549832
4zb3__A1_Q9SU14--4zb3__A2_Q9SU14,3,4,2,3,0.2139322679916458,80.5,False,0.6437384486870344
4zb3__A1_Q9SU14--4zb3__A2_Q9SU14,4,1,2,3,0.2263107110330468,79.5625,False,0.5943058148815428
4zb3__A1_Q9SU14--4zb3__A2_Q9SU14,5,3,3,3,0.231210367063182,79.3125,True,0.6099590535888881
4zb3__A1_Q9SU14--4zb3__A2_Q9SU14,6,4,1,3,0.2157645307560065,78.8125,False,0.5882624047388457
4zb3__A1_Q9SU14--4zb3__A2_Q9SU14,7,5,0,3,0.2260096665973076,78.6875,False,0.5937618513634921
4zb3__A1_Q9SU14--4zb3__A2_Q9SU14,8,2,0,3,0.221113752710822,78.0625,False,0.5744206533053495
4zb3__A1_Q9SU14--4zb3__A2_Q9SU14,9,1,1,3,0.2220439357898609,77.9375,False,0.5615925984566394
4zb3__A1_Q9SU14--4zb3__A2_Q9SU14,10,2,3,3,0.2202097100969127,77.875,False,0.545627648072424
4zb3__A1_Q9SU14--4zb3__A2_Q9SU14,11,4,3,3,0.2190286200767325,77.4375,False,0.4801546694836404
4zb3__A1_Q9SU14--4zb3__A2_Q9SU14,12,4,0,3,0.2194626183426129,76.9375,False,0.5025127691270673
4zb3__A1_Q9SU14--4zb3__A2_Q9SU14,13,5,3,3,0.22213333299745,76.75,False,0.45200476054355104
4zb3__A1_Q9SU14--4zb3__A2_Q9SU14,14,1,0,3,0.2207897951089436,76.5625,False,0.4587720388940833
4zb3__A1_Q9SU14--4zb3__A2_Q9SU14,15,5,2,3,0.2305108586635924,76.125,True,0.41503657957188567
4zb3__A1_Q9SU14--4zb3__A2_Q9SU14,16,5,1,3,0.2212731010001336,74.9375,False,0.4009462973832471
4zb3__A1_Q9SU14--4zb3__A2_Q9SU14,17,2,2,3,0.2196787315685041,73.5625,False,0.38137385561802023
4zb3__A1_Q9SU14--4zb3__A2_Q9SU14,18,3,2,3,0.2236592227143602,73.3125,False,0.36819865237928506
4zb3__A1_Q9SU14--4zb3__A2_Q9SU14,19,2,1,3,0.2227644497492884,73.0,False,0.3560887998300146
4zb3__A1_Q9SU14--4zb3__A2_Q9SU14,20,3,1,3,0.2187315389128605,71.1875,False,0.32658316034756635
4zir__A1_Q9WY65--4zir__B1_Q9X1Z1,1,4,0,0,0.5461757584785515,83.625,True,0.6562668252567563
4zir__A1_Q9WY65--4zir__B1_Q9X1Z1,2,4,2,0,0.631137069020621,82.3125,True,0.6296084857393964
4zir__A1_Q9WY65--4zir__B1_Q9X1Z1,3,4,3,0,0.5930576261811451,82.25,True,0.6341975611368915
4zir__A1_Q9WY65--4zir__B1_Q9X1Z1,4,4,1,0,0.6249751362870657,81.9375,True,0.593315155240542
4zir__A1_Q9WY65--4zir__B1_Q9X1Z1,5,1,2,0,0.491860333982102,81.6875,True,0.5881136304500616
4zir__A1_Q9WY65--4zir__B1_Q9X1Z1,6,5,0,0,0.5032582191764295,81.0625,True,0.5108772245305179
4zir__A1_Q9WY65--4zir__B1_Q9X1Z1,7,5,2,0,0.5650464823723312,80.75,True,0.5088940771249746
4zir__A1_Q9WY65--4zir__B1_Q9X1Z1,8,1,0,0,0.4586443466778983,80.625,True,0.578743605410303
4zir__A1_Q9WY65--4zir__B1_Q9X1Z1,9,3,2,0,0.6272922864304107,80.625,True,0.5073940797645288
4zir__A1_Q9WY65--4zir__B1_Q9X1Z1,10,3,3,0,0.6619669664501103,80.4375,True,0.4982948882789386
4zir__A1_Q9WY65--4zir__B1_Q9X1Z1,11,1,3,0,0.4826437578547592,80.3125,True,0.5376903589338872
4zir__A1_Q9WY65--4zir__B1_Q9X1Z1,12,5,1,0,0.5699797549657186,80.25,True,0.42509985438978876
4zir__A1_Q9WY65--4zir__B1_Q9X1Z1,13,2,2,0,0.448774562656606,80.1875,True,0.5192259469646017
4zir__A1_Q9WY65--4zir__B1_Q9X1Z1,14,3,0,0,0.6279435961131842,80.1875,True,0.4470737741417441
4zir__A1_Q9WY65--4zir__B1_Q9X1Z1,15,3,1,0,0.602699945302872,80.0,True,0.4021941362812588
4zir__A1_Q9WY65--4zir__B1_Q9X1Z1,16,5,3,0,0.5161544090133475,79.9375,True,0.403738912716674
4zir__A1_Q9WY65--4zir__B1_Q9X1Z1,17,1,1,0,0.5014315288419328,79.75,True,0.5136957966797613
4zir__A1_Q9WY65--4zir__B1_Q9X1Z1,18,2,1,0,0.429204131661391,79.6875,True,0.44772753653576364
4zir__A1_Q9WY65--4zir__B1_Q9X1Z1,19,2,0,0,0.4392810818758026,78.4375,True,0.3734694332333938
4zir__A1_Q9WY65--4zir__B1_Q9X1Z1,20,2,3,0,0.443271729499974,76.875,True,0.380107922817474
4zkc__A1_Q2F862--4zkc__B1_P80098,1,4,2,4,0.7127118453476354,89.375,True,0.6655299241608249
4zkc__A1_Q2F862--4zkc__B1_P80098,2,4,3,4,0.7111957518086077,88.3125,True,0.6680418590159226
4zkc__A1_Q2F862--4zkc__B1_P80098,3,5,2,4,0.6915016438295133,87.0,True,0.44275764399794837
4zkc__A1_Q2F862--4zkc__B1_P80098,4,1,2,4,0.6970237317772755,86.8125,True,0.576102683605323
4zkc__A1_Q2F862--4zkc__B1_P80098,5,1,1,4,0.704102772706217,86.25,True,0.6445090350149639
4zkc__A1_Q2F862--4zkc__B1_P80098,6,2,3,4,0.7148456684736652,86.125,True,0.5426069496726201
4zkc__A1_Q2F862--4zkc__B1_P80098,7,2,2,4,0.6733064260498516,86.125,True,0.5951025327136844
4zkc__A1_Q2F862--4zkc__B1_P80098,8,5,3,4,0.6998543568821015,85.1875,True,0.5542876711821644
4zkc__A1_Q2F862--4zkc__B1_P80098,9,4,1,4,0.7067151269335974,84.9375,True,0.6057009711898862
4zkc__A1_Q2F862--4zkc__B1_P80098,10,5,1,4,0.7013194369911221,84.6875,True,0.5041853104908829
4zkc__A1_Q2F862--4zkc__B1_P80098,11,2,1,4,0.7067943426717077,82.375,True,0.5618071273924748
4zkc__A1_Q2F862--4zkc__B1_P80098,12,2,0,4,0.7021281687280793,81.0,True,0.5297305537669207
4zkc__A1_Q2F862--4zkc__B1_P80098,13,4,0,4,0.7134797869341812,80.5,True,0.49896830095185063
4zkc__A1_Q2F862--4zkc__B1_P80098,14,3,2,4,0.7053141048584463,75.0625,True,0.4275081154666729
4zkc__A1_Q2F862--4zkc__B1_P80098,15,5,0,4,0.6732709582898114,74.25,True,0.416436370440231
4zkc__A1_Q2F862--4zkc__B1_P80098,16,3,3,4,0.6919770817072735,73.375,True,0.4474071187900213
4zkc__A1_Q2F862--4zkc__B1_P80098,17,3,1,4,0.6884861896879569,70.8125,True,0.3940485206472229
4zkc__A1_Q2F862--4zkc__B1_P80098,18,3,0,4,0.6966410524139518,70.0,True,0.38217618348899324
4zkc__A1_Q2F862--4zkc__B1_P80098,19,1,0,4,0.2676255914144728,29.3125,True,0.36700824817003497
4zkc__A1_Q2F862--4zkc__B1_P80098,20,1,3,4,0.435183712797321,28.0625,True,0.3439425700038879
5an6__B1_Q9X2D0--5an6__C1_Q9X2D0,1,5,0,4,0.5931615385726493,57.46875,True,0.6557101025620494
5an6__B1_Q9X2D0--5an6__C1_Q9X2D0,2,5,2,4,0.7909296341906792,56.65625,True,0.66523500029693
5an6__B1_Q9X2D0--5an6__C1_Q9X2D0,3,1,1,4,0.795817001759833,48.59375,True,0.6234306099491028
5an6__B1_Q9X2D0--5an6__C1_Q9X2D0,4,1,0,4,0.4690070198848222,47.96875,True,0.637182176439174
5an6__B1_Q9X2D0--5an6__C1_Q9X2D0,5,1,2,4,0.763297239071628,47.75,True,0.5995897520411526
5an6__B1_Q9X2D0--5an6__C1_Q9X2D0,6,1,3,4,0.4217915876318807,43.40625,True,0.5906835456242234
5an6__B1_Q9X2D0--5an6__C1_Q9X2D0,7,5,1,4,0.7934329611689112,42.71875,True,0.5655349077084904
5an6__B1_Q9X2D0--5an6__C1_Q9X2D0,8,2,1,4,0.7494307280142084,34.6875,True,0.5405946402782948
5an6__B1_Q9X2D0--5an6__C1_Q9X2D0,9,3,0,4,0.4070277158874801,32.6875,True,0.4918079183642565
5an6__B1_Q9X2D0--5an6__C1_Q9X2D0,10,2,3,4,0.7619402923056421,32.59375,True,0.5138935526061097
5an6__B1_Q9X2D0--5an6__C1_Q9X2D0,11,3,2,4,0.3259504455369233,30.0625,True,0.42972759234263475
5an6__B1_Q9X2D0--5an6__C1_Q9X2D0,12,2,2,4,0.750752164724252,29.84375,True,0.5023776072248072
5an6__B1_Q9X2D0--5an6__C1_Q9X2D0,13,3,3,4,0.3400961527291207,29.75,True,0.41752097284577444
5an6__B1_Q9X2D0--5an6__C1_Q9X2D0,14,2,0,4,0.7513178089768626,29.671875,True,0.48167754657195316
5an6__B1_Q9X2D0--5an6__C1_Q9X2D0,15,4,2,4,0.7567949535120991,28.90625,True,0.4866952883747291
5an6__B1_Q9X2D0--5an6__C1_Q9X2D0,16,4,1,4,0.7690587258558623,28.59375,True,0.44764380205312365
5an6__B1_Q9X2D0--5an6__C1_Q9X2D0,17,4,0,4,0.7517183994670994,28.03125,True,0.4428701895327849
5an6__B1_Q9X2D0--5an6__C1_Q9X2D0,18,3,1,4,0.3375412367170724,28.0,True,0.38844479806253635
5an6__B1_Q9X2D0--5an6__C1_Q9X2D0,19,4,3,4,0.7508403691691904,26.15625,True,0.3615690934094589
5an6__B1_Q9X2D0--5an6__C1_Q9X2D0,20,5,3,4,0.0546835092390132,15.9453125,False,0.3268645881998544
5axg__B1_B0KBZ7--5axg__A1_B0KBZ7,1,4,2,3,0.3650160340654904,66.4375,True,0.6614858700232774
5axg__B1_B0KBZ7--5axg__A1_B0KBZ7,2,4,3,3,0.3856001665602487,55.3125,True,0.642076436905241
5axg__B1_B0KBZ7--5axg__A1_B0KBZ7,3,1,1,3,0.555275618408809,55.21875,True,0.6437285406703287
5axg__B1_B0KBZ7--5axg__A1_B0KBZ7,4,4,0,3,0.4437282279706487,43.71875,True,0.6337502137315162
5axg__B1_B0KBZ7--5axg__A1_B0KBZ7,5,4,1,3,0.4868434171326171,43.5,True,0.6236021772750274
5axg__B1_B0KBZ7--5axg__A1_B0KBZ7,6,1,3,3,0.4780674338263169,42.0,True,0.6133445101630085
5axg__B1_B0KBZ7--5axg__A1_B0KBZ7,7,2,1,3,0.4504984286625892,41.125,True,0.5843980371750683
5axg__B1_B0KBZ7--5axg__A1_B0KBZ7,8,2,0,3,0.52733027863006,37.15625,True,0.5619833685493355
5axg__B1_B0KBZ7--5axg__A1_B0KBZ7,9,2,3,3,0.6434430217924509,35.75,True,0.5464843280556615
5axg__B1_B0KBZ7--5axg__A1_B0KBZ7,10,2,2,3,0.5135541694578446,34.375,True,0.5140723616413276
5axg__B1_B0KBZ7--5axg__A1_B0KBZ7,11,3,0,3,0.0537317233289848,31.40625,False,0.48394700920126427
5axg__B1_B0KBZ7--5axg__A1_B0KBZ7,12,3,1,3,0.0627728100319619,31.25,False,0.48271318610823055
5axg__B1_B0KBZ7--5axg__A1_B0KBZ7,13,5,1,3,0.0156956044931026,31.03125,False,0.46145189658080593
5axg__B1_B0KBZ7--5axg__A1_B0KBZ7,14,3,2,3,0.0336952702022575,30.609375,False,0.4472698012620028
5axg__B1_B0KBZ7--5axg__A1_B0KBZ7,15,3,3,3,0.0436869610121779,30.390625,False,0.41274752922097135
5axg__B1_B0KBZ7--5axg__A1_B0KBZ7,16,5,3,3,0.1048141725597442,30.046875,False,0.4066257948463438
5axg__B1_B0KBZ7--5axg__A1_B0KBZ7,17,1,2,3,0.4028340378113824,29.875,True,0.4054342277401805
5axg__B1_B0KBZ7--5axg__A1_B0KBZ7,18,5,0,3,0.1251145968635989,29.625,False,0.3632675756277835
5axg__B1_B0KBZ7--5axg__A1_B0KBZ7,19,5,2,3,0.1541377812252752,28.90625,False,0.3488837564147101
5axg__B1_B0KBZ7--5axg__A1_B0KBZ7,20,1,0,3,0.0252170331007782,25.765625,False,0.3262442127403194
5ayr__A1_P13051--5ayr__B1_Q936H5,1,4,2,2,0.8650913526352401,92.3125,True,0.6415858834017127
5ayr__A1_P13051--5ayr__B1_Q936H5,2,4,1,2,0.8522638153666976,92.25,True,0.624920825780718
5ayr__A1_P13051--5ayr__B1_Q936H5,3,4,0,2,0.8451732470633379,92.1875,True,0.6170078585351649
5ayr__A1_P13051--5ayr__B1_Q936H5,4,4,3,2,0.8552682315043404,92.1875,True,0.6011009344835421
5ayr__A1_P13051--5ayr__B1_Q936H5,5,3,1,2,0.8197189784420248,92.0625,True,0.5722533183618651
5ayr__A1_P13051--5ayr__B1_Q936H5,6,1,0,2,0.8661124693215488,91.9375,True,0.5637144550866016
5ayr__A1_P13051--5ayr__B1_Q936H5,7,1,2,2,0.8671886194259756,91.9375,True,0.5378906572527966
5ayr__A1_P13051--5ayr__B1_Q936H5,8,2,0,2,0.858650143173966,91.875,True,0.5320609606276228
5ayr__A1_P13051--5ayr__B1_Q936H5,9,3,0,2,0.8357197496619887,91.875,True,0.49241457427008595
5ayr__A1_P13051--5ayr__B1_Q936H5,10,5,0,2,0.8392712493060478,91.8125,True,0.4824562427757232
5ayr__A1_P13051--5ayr__B1_Q936H5,11,1,1,2,0.8538484162702765,91.75,True,0.5575796447482501
5ayr__A1_P13051--5ayr__B1_Q936H5,12,1,3,2,0.8702639942236093,91.75,True,0.4850020259729659
5ayr__A1_P13051--5ayr__B1_Q936H5,13,3,2,2,0.8587622523949462,91.625,True,0.4597685688282359
5ayr__A1_P13051--5ayr__B1_Q936H5,14,2,1,2,0.8610356501714529,91.625,True,0.5316987223124895
5ayr__A1_P13051--5ayr__B1_Q936H5,15,5,1,2,0.8487940031671521,91.5625,True,0.4292618442692493
5ayr__A1_P13051--5ayr__B1_Q936H5,16,3,3,2,0.8500908283987898,91.5,True,0.42356658722649554
5ayr__A1_P13051--5ayr__B1_Q936H5,17,5,2,2,0.8359775637195191,91.25,True,0.3930995994119847
5ayr__A1_P13051--5ayr__B1_Q936H5,18,5,3,2,0.8487791294128918,91.25,True,0.40547954120057483
5ayr__A1_P13051--5ayr__B1_Q936H5,19,2,2,2,0.8626175687858652,89.5625,True,0.40716318338667534
5ayr__A1_P13051--5ayr__B1_Q936H5,20,2,3,2,0.8259676489582383,89.1875,True,0.3832541405820627
5b1q__A1_Q9WT50--5b1q__B1_Q9WT50,1,4,3,3,0.3160732550193847,82.1875,True,0.6684608210245232
5b1q__A1_Q9WT50--5b1q__B1_Q9WT50,2,1,2,3,0.3028806864051724,81.8125,True,0.646498659775678
5b1q__A1_Q9WT50--5b1q__B1_Q9WT50,3,1,0,3,0.2297801045452311,76.9375,False,0.5852597465820801
5b1q__A1_Q9WT50--5b1q__B1_Q9WT50,4,4,0,3,0.2078352739265102,74.5,False,0.6211384543939258
5b1q__A1_Q9WT50--5b1q__B1_Q9WT50,5,1,1,3,0.2463680112394624,74.0,True,0.5945020638104347
5b1q__A1_Q9WT50--5b1q__B1_Q9WT50,6,1,3,3,0.2175295858758591,73.75,False,0.5770944100515918
5b1q__A1_Q9WT50--5b1q__B1_Q9WT50,7,4,2,3,0.2139193842712135,73.75,False,0.5656382785461262
5b1q__A1_Q9WT50--5b1q__B1_Q9WT50,8,5,2,3,0.1962223360413744,73.375,False,0.49611459974621513
5b1q__A1_Q9WT50--5b1q__B1_Q9WT50,9,5,0,3,0.2097109305403547,73.1875,False,0.5157673916702996
5b1q__A1_Q9WT50--5b1q__B1_Q9WT50,10,5,3,3,0.2030050916542185,72.875,False,0.48025059252572616
5b1q__A1_Q9WT50--5b1q__B1_Q9WT50,11,5,1,3,0.1963818717097747,72.8125,False,0.4828924143191761
5b1q__A1_Q9WT50--5b1q__B1_Q9WT50,12,3,2,3,0.1971240287559056,72.6875,False,0.5051520270382165
5b1q__A1_Q9WT50--5b1q__B1_Q9WT50,13,2,0,3,0.2276015673380794,72.4375,False,0.4935645840659435
5b1q__A1_Q9WT50--5b1q__B1_Q9WT50,14,2,2,3,0.1722459844546977,72.25,False,0.4650438531490283
5b1q__A1_Q9WT50--5b1q__B1_Q9WT50,15,4,1,3,0.1878859264925415,72.125,False,0.36002092339813146
5b1q__A1_Q9WT50--5b1q__B1_Q9WT50,16,2,3,3,0.2056885840205545,72.125,False,0.47251288071835373
5b1q__A1_Q9WT50--5b1q__B1_Q9WT50,17,2,1,3,0.2002432572337539,72.0,False,0.48567546352578445
5b1q__A1_Q9WT50--5b1q__B1_Q9WT50,18,3,3,3,0.1725052576880156,71.875,False,0.3699901315168554
5b1q__A1_Q9WT50--5b1q__B1_Q9WT50,19,3,0,3,0.1751749245155821,71.4375,False,0.3778589606640077
5b1q__A1_Q9WT50--5b1q__B1_Q9WT50,20,3,1,3,0.1674541360111378,71.0,False,0.39828029492932515
5b2g__A1_O14493--5b2g__B1_P01558,1,4,1,2,0.0037185053908853,30.0625,False,0.6479772716836575
5b2g__A1_O14493--5b2g__B1_P01558,2,5,3,2,0.0027197334391889,29.328125,False,0.5684786489885727
5b2g__A1_O14493--5b2g__B1_P01558,3,5,2,2,0.0034156711044709,27.65625,False,0.612537811726553
5b2g__A1_O14493--5b2g__B1_P01558,4,3,1,2,0.138017376185527,27.0,False,0.6290644410371322
5b2g__A1_O14493--5b2g__B1_P01558,5,4,3,2,0.0033998783209907,26.8125,False,0.6111352434427119
5b2g__A1_O14493--5b2g__B1_P01558,6,1,0,2,0.0031347515697643,26.0,False,0.5912342149602623
5b2g__A1_O14493--5b2g__B1_P01558,7,4,0,2,0.0032890583347793,25.359375,False,0.5801535180836331
5b2g__A1_O14493--5b2g__B1_P01558,8,2,0,2,0.0033373275952848,24.8125,False,0.5603055127397397
5b2g__A1_O14493--5b2g__B1_P01558,9,1,3,2,0.0030172620883618,24.484375,False,0.5192811351051156
5b2g__A1_O14493--5b2g__B1_P01558,10,3,3,2,0.1014606834570193,23.890625,False,0.5299898052439235
5b2g__A1_O14493--5b2g__B1_P01558,11,2,2,2,0.0031606769820814,23.578125,False,0.47700700027419896
5b2g__A1_O14493--5b2g__B1_P01558,12,5,1,2,0.0046854834486904,23.390625,False,0.48641773729945825
5b2g__A1_O14493--5b2g__B1_P01558,13,5,0,2,0.0033154809261262,22.140625,False,0.4857215035181908
5b2g__A1_O14493--5b2g__B1_P01558,14,4,2,2,0.0033710953777249,21.84375,False,0.5126303892766879
5b2g__A1_O14493--5b2g__B1_P01558,15,3,0,2,0.0485211728645038,21.75,False,0.43300886460655635
5b2g__A1_O14493--5b2g__B1_P01558,16,1,1,2,0.0033615104638909,21.390625,False,0.4109895588927638
5b2g__A1_O14493--5b2g__B1_P01558,17,2,1,2,0.0032711411286783,20.96875,False,0.38853286772281076
5b2g__A1_O14493--5b2g__B1_P01558,18,3,2,2,0.0323978428816516,20.765625,False,0.39779372934436313
5b2g__A1_O14493--5b2g__B1_P01558,19,1,2,2,0.0045493846335835,20.0625,False,0.33419260733700307
5b2g__A1_O14493--5b2g__B1_P01558,20,2,3,2,0.0030567239125925,20.046875,False,0.36955928422210743
5b2h__A1_Q93HT5--5b2h__B1_Q93HT5,1,4,0,1,0.7214598625100038,85.8125,True,0.6373033260027056
5b2h__A1_Q93HT5--5b2h__B1_Q93HT5,2,4,3,1,0.6811698835324327,74.5,True,0.6241758896027589
5b2h__A1_Q93HT5--5b2h__B1_Q93HT5,3,3,3,1,0.68333914985753,70.25,True,0.6108634353226405
5b2h__A1_Q93HT5--5b2h__B1_Q93HT5,4,2,2,1,0.6730153878718536,65.4375,True,0.5879721408869365
5b2h__A1_Q93HT5--5b2h__B1_Q93HT5,5,2,1,1,0.0177859575232732,65.1875,False,0.5922204407444335
5b2h__A1_Q93HT5--5b2h__B1_Q93HT5,6,1,3,1,0.0176575378926399,63.78125,False,0.5687654960853153
5b2h__A1_Q93HT5--5b2h__B1_Q93HT5,7,5,3,1,0.0175099368529517,63.4375,False,0.5668901687780895
5b2h__A1_Q93HT5--5b2h__B1_Q93HT5,8,3,1,1,0.0178112416172468,59.9375,False,0.545910812817103
5b2h__A1_Q93HT5--5b2h__B1_Q93HT5,9,3,0,1,0.0260175470576876,56.03125,False,0.5363702371624195
5b2h__A1_Q93HT5--5b2h__B1_Q93HT5,10,3,2,1,0.6479317197076165,55.9375,True,0.5059637347524245
5b2h__A1_Q93HT5--5b2h__B1_Q93HT5,11,2,0,1,0.6788273240546158,55.25,True,0.4935303729989831
5b2h__A1_Q93HT5--5b2h__B1_Q93HT5,12,5,1,1,0.6050970062389937,54.625,True,0.4871179353373445
5b2h__A1_Q93HT5--5b2h__B1_Q93HT5,13,5,2,1,0.5960049704532907,52.6875,True,0.4670136699087408
5b2h__A1_Q93HT5--5b2h__B1_Q93HT5,14,1,1,1,0.0178908191117166,52.4375,False,0.4674568817552449
5b2h__A1_Q93HT5--5b2h__B1_Q93HT5,15,2,3,1,0.0180559242185644,48.9375,False,0.4319371218454011
5b2h__A1_Q93HT5--5b2h__B1_Q93HT5,16,1,0,1,0.0179804036123156,44.09375,False,0.4300028749279588
5b2h__A1_Q93HT5--5b2h__B1_Q93HT5,17,5,0,1,0.0178318581784524,26.859375,False,0.4204022280364752
5b2h__A1_Q93HT5--5b2h__B1_Q93HT5,18,4,2,1,0.5810077566610735,26.578125,True,0.41013350107843893
5b2h__A1_Q93HT5--5b2h__B1_Q93HT5,19,4,1,1,0.0397523414268559,19.3125,False,0.38175524286685886
5b2h__A1_Q93HT5--5b2h__B1_Q93HT5,20,1,2,1,0.0312879920666797,19.15625,False,0.37182491510421267
5b5w__A1_Q8BPB0--5b5w__B1_O95835,1,4,1,2,0.909766172407827,88.25,True,0.6415858834017127
5b5w__A1_Q8BPB0--5b5w__B1_O95835,2,4,3,2,0.9184346404348036,87.3125,True,0.5905983213192084
5b5w__A1_Q8BPB0--5b5w__B1_O95835,3,4,0,2,0.9122154879701796,86.75,True,0.5812618783548559
5b5w__A1_Q8BPB0--5b5w__B1_O95835,4,2,1,2,0.8907195299063888,86.75,True,0.599009505177248
5b5w__A1_Q8BPB0--5b5w__B1_O95835,5,4,2,2,0.9003825295339798,86.75,True,0.5954070854949076
5b5w__A1_Q8BPB0--5b5w__B1_O95835,6,2,3,2,0.909328651001162,86.6875,True,0.5928517679533201
5b5w__A1_Q8BPB0--5b5w__B1_O95835,7,2,2,2,0.8927677506661486,86.5625,True,0.556860642561975
5b5w__A1_Q8BPB0--5b5w__B1_O95835,8,5,1,2,0.909783271034832,86.5,True,0.5406424739828816
5b5w__A1_Q8BPB0--5b5w__B1_O95835,9,2,0,2,0.9030726388837416,86.5,True,0.5686736424768255
5b5w__A1_Q8BPB0--5b5w__B1_O95835,10,5,3,2,0.9140340682398488,86.0,True,0.5072363109351364
5b5w__A1_Q8BPB0--5b5w__B1_O95835,11,5,2,2,0.889958001345548,84.75,True,0.48362383172214374
5b5w__A1_Q8BPB0--5b5w__B1_O95835,12,5,0,2,0.8961620183483107,84.625,True,0.4650233362112423
5b5w__A1_Q8BPB0--5b5w__B1_O95835,13,3,1,2,0.879246453908265,84.25,True,0.43327912846966926
5b5w__A1_Q8BPB0--5b5w__B1_O95835,14,1,3,2,0.8999005046335976,84.0625,True,0.48061163399518053
5b5w__A1_Q8BPB0--5b5w__B1_O95835,15,3,3,2,0.8886040625341146,83.875,True,0.43346382345803175
5b5w__A1_Q8BPB0--5b5w__B1_O95835,16,1,1,2,0.8936569846763774,83.5625,True,0.4660976567482823
5b5w__A1_Q8BPB0--5b5w__B1_O95835,17,1,0,2,0.8885885148539785,82.625,True,0.43353512561285373
5b5w__A1_Q8BPB0--5b5w__B1_O95835,18,1,2,2,0.8832990702376824,82.25,True,0.4153116715204127
5b5w__A1_Q8BPB0--5b5w__B1_O95835,19,3,2,2,0.8744197026170846,81.625,True,0.385610052327086
5b5w__A1_Q8BPB0--5b5w__B1_O95835,20,3,0,2,0.8839400845164666,81.0625,True,0.37191069877152755
5bqb__A1_Q00604--5bqb__B1_Q00604,1,1,0,1,0.7429590609475647,85.0,True,0.6347099847688866
5bqb__A1_Q00604--5bqb__B1_Q00604,2,2,2,1,0.7532153093745588,84.875,True,0.6223214196946483
5bqb__A1_Q00604--5bqb__B1_Q00604,3,4,0,1,0.808012695416297,81.1875,True,0.6153939600072392
5bqb__A1_Q00604--5bqb__B1_Q00604,4,4,2,1,0.760650847198792,78.5625,True,0.59738359664213
5bqb__A1_Q00604--5bqb__B1_Q00604,5,1,3,1,0.4995129550421434,57.53125,True,0.5550873543430256
5bqb__A1_Q00604--5bqb__B1_Q00604,6,5,0,1,0.0333013719469248,56.1875,False,0.5795255446531686
5bqb__A1_Q00604--5bqb__B1_Q00604,7,3,1,1,0.0280478455877077,36.0,False,0.5597232854449071
5bqb__A1_Q00604--5bqb__B1_Q00604,8,4,3,1,0.0311765838721053,33.9375,False,0.562693333498674
5bqb__A1_Q00604--5bqb__B1_Q00604,9,4,1,1,0.0328567971288087,30.40625,False,0.5232694194232653
5bqb__A1_Q00604--5bqb__B1_Q00604,10,3,2,1,0.0198020288422014,19.71875,False,0.5150016192721695
5bqb__A1_Q00604--5bqb__B1_Q00604,11,3,0,1,0.0208661929044013,19.5,False,0.5217220900595022
5bqb__A1_Q00604--5bqb__B1_Q00604,12,1,1,1,0.0389741790880116,17.40625,False,0.5258581949816372
5bqb__A1_Q00604--5bqb__B1_Q00604,13,5,2,1,0.0281490606772429,16.453125,False,0.4145050683563727
5bqb__A1_Q00604--5bqb__B1_Q00604,14,3,3,1,0.0339502951224578,16.0625,False,0.4185349983144497
5bqb__A1_Q00604--5bqb__B1_Q00604,15,1,2,1,0.0484358077778886,15.7890625,False,0.47766194669592327
5bqb__A1_Q00604--5bqb__B1_Q00604,16,2,1,1,0.0320786722224553,15.1953125,False,0.4361899552402418
5bqb__A1_Q00604--5bqb__B1_Q00604,17,2,3,1,0.0158920867548804,14.765625,False,0.4157037582110919
5bqb__A1_Q00604--5bqb__B1_Q00604,18,5,3,1,0.0266355655760296,14.71875,False,0.3724484586445044
5bqb__A1_Q00604--5bqb__B1_Q00604,19,2,0,1,0.0150588774013322,14.390625,False,0.4162271668474637
5bqb__A1_Q00604--5bqb__B1_Q00604,20,5,1,1,0.017244427433929,14.390625,False,0.37518821992101153
5ch7__A1_G8QM55--5ch7__B1_G8QM54,1,3,1,4,0.7755982507294679,95.25,True,0.605499721269993
5ch7__A1_G8QM55--5ch7__B1_G8QM54,2,5,2,4,0.7422345214139187,95.25,True,0.5556249427551517
5ch7__A1_G8QM55--5ch7__B1_G8QM54,3,3,2,4,0.752675461074733,95.25,True,0.6334336428446629
5ch7__A1_G8QM55--5ch7__B1_G8QM54,4,5,1,4,0.7541403155401083,95.1875,True,0.5954179189405305
5ch7__A1_G8QM55--5ch7__B1_G8QM54,5,3,0,4,0.7715239924430687,95.1875,True,0.5567403920999401
5ch7__A1_G8QM55--5ch7__B1_G8QM54,6,5,0,4,0.7449583815195274,95.1875,True,0.5685267148520702
5ch7__A1_G8QM55--5ch7__B1_G8QM54,7,3,3,4,0.7743495916810618,95.125,True,0.5213864174729334
5ch7__A1_G8QM55--5ch7__B1_G8QM54,8,4,2,4,0.7476784587686826,95.125,True,0.5500970968742388
5ch7__A1_G8QM55--5ch7__B1_G8QM54,9,4,0,4,0.7532183255982755,95.0625,True,0.44831861204800094
5ch7__A1_G8QM55--5ch7__B1_G8QM54,10,1,1,4,0.7917535766911294,95.0625,True,0.44889975466086096
5ch7__A1_G8QM55--5ch7__B1_G8QM54,11,1,0,4,0.7653403897443788,95.0625,True,0.5204827898883218
5ch7__A1_G8QM55--5ch7__B1_G8QM54,12,1,2,4,0.7908332228968099,95.0625,True,0.5402793852569616
5ch7__A1_G8QM55--5ch7__B1_G8QM54,13,2,2,4,0.7536732519374792,95.0625,True,0.5184099156403633
5ch7__A1_G8QM55--5ch7__B1_G8QM54,14,4,1,4,0.7551391149320787,95.0,True,0.523426383611718
5ch7__A1_G8QM55--5ch7__B1_G8QM54,15,5,3,4,0.7494802930529804,95.0,True,0.5628470354323987
5ch7__A1_G8QM55--5ch7__B1_G8QM54,16,4,3,4,0.7490186288647672,94.9375,True,0.3957145099229186
5ch7__A1_G8QM55--5ch7__B1_G8QM54,17,2,1,4,0.7776965984238684,94.875,True,0.3809839128284413
5ch7__A1_G8QM55--5ch7__B1_G8QM54,18,1,3,4,0.7529224282928869,94.875,True,0.4825147479935964
5ch7__A1_G8QM55--5ch7__B1_G8QM54,19,2,3,4,0.7523021953333262,94.8125,True,0.41275618359905475
5ch7__A1_G8QM55--5ch7__B1_G8QM54,20,2,0,4,0.7525938148986837,94.8125,True,0.35550111336532914
5cqs__A1_Q06706--5cqs__D1_Q06706,1,1,0,1,0.5220133867610101,82.1875,True,0.636255004969678
5cqs__A1_Q06706--5cqs__D1_Q06706,2,1,2,1,0.5172406236194734,81.75,True,0.6231120643072836
5cqs__A1_Q06706--5cqs__D1_Q06706,3,1,3,1,0.5171728010508442,80.5625,True,0.609785485270337
5cqs__A1_Q06706--5cqs__D1_Q06706,4,1,1,1,0.4039217051761148,58.625,True,0.6005041809674369
5cqs__A1_Q06706--5cqs__D1_Q06706,5,3,2,1,0.0064627863317554,47.9375,False,0.5858368780786403
5cqs__A1_Q06706--5cqs__D1_Q06706,6,3,3,1,0.005900367110296,46.53125,False,0.5687654960853153
5cqs__A1_Q06706--5cqs__D1_Q06706,7,3,1,1,0.0052811213455797,45.03125,False,0.5276923128180541
5cqs__A1_Q06706--5cqs__D1_Q06706,8,5,2,1,0.006012387733133,43.71875,False,0.5396806704893458
5cqs__A1_Q06706--5cqs__D1_Q06706,9,5,3,1,0.0069929174246525,43.34375,False,0.5270216243514314
5cqs__A1_Q06706--5cqs__D1_Q06706,10,5,0,1,0.006982578157924,43.21875,False,0.48180521885777144
5cqs__A1_Q06706--5cqs__D1_Q06706,11,4,1,1,0.0053796857716328,42.90625,False,0.5119338310650582
5cqs__A1_Q06706--5cqs__D1_Q06706,12,4,3,1,0.0052014005150355,42.25,False,0.4452963415378725
5cqs__A1_Q06706--5cqs__D1_Q06706,13,4,2,1,0.0062776369427824,41.75,False,0.48698534816486
5cqs__A1_Q06706--5cqs__D1_Q06706,14,2,3,1,0.0057254050109456,41.71875,False,0.4866690916285407
5cqs__A1_Q06706--5cqs__D1_Q06706,15,2,2,1,0.0072819363036766,40.78125,False,0.4555658986967926
5cqs__A1_Q06706--5cqs__D1_Q06706,16,4,0,1,0.008939024055286,39.84375,False,0.44409983713824397
5cqs__A1_Q06706--5cqs__D1_Q06706,17,2,1,1,0.0049789658699349,39.5,False,0.4229124377820432
5cqs__A1_Q06706--5cqs__D1_Q06706,18,2,0,1,0.0049397927591538,39.25,False,0.4177647509424214
5cqs__A1_Q06706--5cqs__D1_Q06706,19,3,0,1,0.0523800650226928,18.703125,False,0.38275568545370575
5cqs__A1_Q06706--5cqs__D1_Q06706,20,5,1,1,0.0812357655212636,17.828125,False,0.3821609791971855
5cs3__A1_P14210--5cs3__B1_P14210,1,3,3,1,0.0076008261097401,68.1875,False,0.6373033260027056
5cs3__A1_P14210--5cs3__B1_P14210,2,3,1,1,0.0076376243443469,64.875,False,0.6241758896027589
5cs3__A1_P14210--5cs3__B1_P14210,3,5,1,1,0.0624607048049507,22.0625,False,0.5565417241885724
5cs3__A1_P14210--5cs3__B1_P14210,4,5,3,1,0.0624350136005783,21.421875,False,0.5607271658704343
5cs3__A1_P14210--5cs3__B1_P14210,5,5,0,1,0.062399215477926,20.390625,False,0.5504797262618646
5cs3__A1_P14210--5cs3__B1_P14210,6,1,2,1,0.0402850607322491,18.109375,False,0.5944910911879092
5cs3__A1_P14210--5cs3__B1_P14210,7,5,2,1,0.0577530799156258,17.828125,False,0.5037753077531153
5cs3__A1_P14210--5cs3__B1_P14210,8,1,3,1,0.0419856129237518,16.546875,False,0.5510709010810592
5cs3__A1_P14210--5cs3__B1_P14210,9,4,1,1,0.0115701838140909,16.21875,False,0.5755399715466692
5cs3__A1_P14210--5cs3__B1_P14210,10,4,2,1,0.0133642498413555,15.9921875,False,0.5382804472895496
5cs3__A1_P14210--5cs3__B1_P14210,11,4,0,1,0.0122994627167225,15.921875,False,0.5351893623830337
5cs3__A1_P14210--5cs3__B1_P14210,12,1,1,1,0.0456123806672554,15.8984375,False,0.5242476787445366
5cs3__A1_P14210--5cs3__B1_P14210,13,3,0,1,0.0558208435706976,15.4921875,False,0.43245019368255216
5cs3__A1_P14210--5cs3__B1_P14210,14,4,3,1,0.017332265853579,15.4453125,False,0.45457964455827243
5cs3__A1_P14210--5cs3__B1_P14210,15,2,2,1,0.0670950368260919,15.28125,False,0.39695741003407364
5cs3__A1_P14210--5cs3__B1_P14210,16,2,0,1,0.0947651404844086,15.2734375,False,0.41435077304734946
5cs3__A1_P14210--5cs3__B1_P14210,17,2,3,1,0.1433793486161638,15.2578125,False,0.4194146825398835
5cs3__A1_P14210--5cs3__B1_P14210,18,3,2,1,0.0730880559955273,14.984375,False,0.39000975064069554
5cs3__A1_P14210--5cs3__B1_P14210,19,2,1,1,0.1260018868386007,14.96875,False,0.38352502395713456
5cs3__A1_P14210--5cs3__B1_P14210,20,1,0,1,0.0247248625078689,14.65625,False,0.4963668675481692
5cuz__A1_Q9H3L0--5cuz__A2_Q9H3L0,1,2,3,4,0.0604337803840459,57.5,False,0.668298189550973
5cuz__A1_Q9H3L0--5cuz__A2_Q9H3L0,2,5,2,4,0.2659295114253693,40.71875,True,0.5999831731989178
5cuz__A1_Q9H3L0--5cuz__A2_Q9H3L0,3,5,0,4,0.3138222521554832,38.34375,True,0.47624418145811315
5cuz__A1_Q9H3L0--5cuz__A2_Q9H3L0,4,5,1,4,0.2756440692839171,35.8125,True,0.4499927455346074
5cuz__A1_Q9H3L0--5cuz__A2_Q9H3L0,5,3,1,4,0.2433956107772689,35.25,True,0.605369950643992
5cuz__A1_Q9H3L0--5cuz__A2_Q9H3L0,6,3,0,4,0.2419682229367863,34.125,True,0.6083534575631481
5cuz__A1_Q9H3L0--5cuz__A2_Q9H3L0,7,3,3,4,0.2022489383762469,33.78125,False,0.6458066149302691
5cuz__A1_Q9H3L0--5cuz__A2_Q9H3L0,8,3,2,4,0.1663580338371471,26.578125,False,0.6325821079824592
5cuz__A1_Q9H3L0--5cuz__A2_Q9H3L0,9,2,1,4,0.1727643390513132,25.140625,False,0.38982117045522247
5cuz__A1_Q9H3L0--5cuz__A2_Q9H3L0,10,2,0,4,0.0987940143930231,24.796875,False,0.4362332147100352
5cuz__A1_Q9H3L0--5cuz__A2_Q9H3L0,11,2,2,4,0.1014523751401877,24.484375,False,0.49337884239592517
5cuz__A1_Q9H3L0--5cuz__A2_Q9H3L0,12,4,2,4,0.127057408062006,24.421875,False,0.5513457184039653
5cuz__A1_Q9H3L0--5cuz__A2_Q9H3L0,13,1,1,4,0.1662390398639613,24.265625,False,0.46874878681238435
5cuz__A1_Q9H3L0--5cuz__A2_Q9H3L0,14,1,2,4,0.1663587343874088,24.03125,False,0.505027769728882
5cuz__A1_Q9H3L0--5cuz__A2_Q9H3L0,15,4,3,4,0.1231807599101679,23.921875,False,0.4729760163977206
5cuz__A1_Q9H3L0--5cuz__A2_Q9H3L0,16,4,1,4,0.1228210486779649,23.890625,False,0.49975099134659995
5cuz__A1_Q9H3L0--5cuz__A2_Q9H3L0,17,4,0,4,0.1174819311463602,23.828125,False,0.5157393339540024
5cuz__A1_Q9H3L0--5cuz__A2_Q9H3L0,18,1,3,4,0.1547682635369807,23.171875,False,0.4317949586962946
5cuz__A1_Q9H3L0--5cuz__A2_Q9H3L0,19,1,0,4,0.1332710283248342,22.4375,False,0.3874649062983642
5cuz__A1_Q9H3L0--5cuz__A2_Q9H3L0,20,5,3,4,0.1897680513109783,21.0,False,0.32890047037075937
5d7q__A1_Q8IXJ6--5d7q__B1_Q8IXJ6,1,1,0,3,0.0573828616716857,52.5,False,0.6614858700232774
5d7q__A1_Q8IXJ6--5d7q__B1_Q8IXJ6,2,5,1,3,0.0766358220819559,42.09375,False,0.6688817513985047
5d7q__A1_Q8IXJ6--5d7q__B1_Q8IXJ6,3,5,3,3,0.0849725156908929,41.5,False,0.6458751531756878
5d7q__A1_Q8IXJ6--5d7q__B1_Q8IXJ6,4,5,2,3,0.0765809870534303,41.125,False,0.6370889271917036
5d7q__A1_Q8IXJ6--5d7q__B1_Q8IXJ6,5,5,0,3,0.1004713918027476,37.78125,False,0.6021816382099505
5d7q__A1_Q8IXJ6--5d7q__B1_Q8IXJ6,6,1,2,3,0.0650881589361216,37.5625,False,0.6083513483548244
5d7q__A1_Q8IXJ6--5d7q__B1_Q8IXJ6,7,1,3,3,0.0513348686804201,33.8125,False,0.5759569300872688
5d7q__A1_Q8IXJ6--5d7q__B1_Q8IXJ6,8,3,2,3,0.0754864700647393,32.15625,False,0.5644181826722694
5d7q__A1_Q8IXJ6--5d7q__B1_Q8IXJ6,9,1,1,3,0.059601900451128,30.9375,False,0.5340378229372469
5d7q__A1_Q8IXJ6--5d7q__B1_Q8IXJ6,10,3,1,3,0.0833792830372622,30.203125,False,0.5339093373521572
5d7q__A1_Q8IXJ6--5d7q__B1_Q8IXJ6,11,3,0,3,0.0839243124668352,29.078125,False,0.48401301161505894
5d7q__A1_Q8IXJ6--5d7q__B1_Q8IXJ6,12,3,3,3,0.0917736534983001,28.5625,False,0.4628923176034144
5d7q__A1_Q8IXJ6--5d7q__B1_Q8IXJ6,13,4,3,3,0.0832919781139353,28.546875,False,0.4675388037540156
5d7q__A1_Q8IXJ6--5d7q__B1_Q8IXJ6,14,4,2,3,0.0844116356043426,27.90625,False,0.42728591661052534
5d7q__A1_Q8IXJ6--5d7q__B1_Q8IXJ6,15,4,0,3,0.0924820424821818,27.828125,False,0.40270536627084896
5d7q__A1_Q8IXJ6--5d7q__B1_Q8IXJ6,16,2,3,3,0.0177136505964969,27.75,False,0.44571310073663667
5d7q__A1_Q8IXJ6--5d7q__B1_Q8IXJ6,17,2,1,3,0.0170995284859098,26.90625,False,0.40549793618956537
5d7q__A1_Q8IXJ6--5d7q__B1_Q8IXJ6,18,2,0,3,0.0678732953834766,26.875,False,0.354463112674796
5d7q__A1_Q8IXJ6--5d7q__B1_Q8IXJ6,19,2,2,3,0.0187877311012854,26.40625,False,0.3489437938996814
5d7q__A1_Q8IXJ6--5d7q__B1_Q8IXJ6,20,4,1,3,0.0973660131346937,25.6875,False,0.33055168099684673
5d8e__A1_Q9BQ15--5d8e__D1_Q9BQ15,1,1,3,1,0.0303829707882436,67.875,False,0.6373033260027056
5d8e__A1_Q9BQ15--5d8e__D1_Q9BQ15,2,1,0,1,0.0290749828636528,63.0,False,0.6149870806601716
5d8e__A1_Q9BQ15--5d8e__D1_Q9BQ15,3,3,1,1,0.034721286341776,54.5,False,0.5827282593883963
5d8e__A1_Q9BQ15--5d8e__D1_Q9BQ15,4,5,2,1,0.0163951516961548,38.09375,False,0.6159867443643812
5d8e__A1_Q9BQ15--5d8e__D1_Q9BQ15,5,5,3,1,0.0163902116469049,34.4375,False,0.5897947872204097
5d8e__A1_Q9BQ15--5d8e__D1_Q9BQ15,6,5,1,1,0.0158562048926599,33.15625,False,0.5912348584156887
5d8e__A1_Q9BQ15--5d8e__D1_Q9BQ15,7,4,3,1,0.0192746567748174,29.53125,False,0.5152610395250786
5d8e__A1_Q9BQ15--5d8e__D1_Q9BQ15,8,3,0,1,0.0156458276267478,29.375,False,0.5742805545470392
5d8e__A1_Q9BQ15--5d8e__D1_Q9BQ15,9,2,3,1,0.0190010849480759,29.234375,False,0.5039923382038023
5d8e__A1_Q9BQ15--5d8e__D1_Q9BQ15,10,1,1,1,0.0155564787169722,29.015625,False,0.5631520609990885
5d8e__A1_Q9BQ15--5d8e__D1_Q9BQ15,11,2,1,1,0.016889107846396,28.78125,False,0.47721536603754233
5d8e__A1_Q9BQ15--5d8e__D1_Q9BQ15,12,2,2,1,0.0177400957080902,28.15625,False,0.4536173872878724
5d8e__A1_Q9BQ15--5d8e__D1_Q9BQ15,13,3,2,1,0.0147713840624469,27.640625,False,0.48873139740037846
5d8e__A1_Q9BQ15--5d8e__D1_Q9BQ15,14,2,0,1,0.0175407056202877,27.125,False,0.42700246054131863
5d8e__A1_Q9BQ15--5d8e__D1_Q9BQ15,15,5,0,1,0.0150651218827286,26.53125,False,0.4677401234772131
5d8e__A1_Q9BQ15--5d8e__D1_Q9BQ15,16,1,2,1,0.0151592524807528,24.59375,False,0.43504691645327564
5d8e__A1_Q9BQ15--5d8e__D1_Q9BQ15,17,4,2,1,0.0190270294201241,24.515625,False,0.411126498387367
5d8e__A1_Q9BQ15--5d8e__D1_Q9BQ15,18,4,1,1,0.0185130511777828,24.484375,False,0.39930633073692734
5d8e__A1_Q9BQ15--5d8e__D1_Q9BQ15,19,4,0,1,0.0179111395258607,24.03125,False,0.39368359782291
5d8e__A1_Q9BQ15--5d8e__D1_Q9BQ15,20,3,3,1,0.0145847744725429,22.328125,False,0.39390885643509554
5doi__A1_D2CVN7--5doi__E1_Q6JXI5,1,1,2,3,0.0667390543533049,13.8203125,False,0.6832097257351601
5doi__A1_D2CVN7--5doi__E1_Q6JXI5,2,5,2,3,0.0374447242896989,13.75,False,0.6637761558556621
5doi__A1_D2CVN7--5doi__E1_Q6JXI5,3,1,0,3,0.0426748306666362,13.359375,False,0.6427904564937695
5doi__A1_D2CVN7--5doi__E1_Q6JXI5,4,5,3,3,0.0369766594461998,12.6171875,False,0.6030949111188956
5doi__A1_D2CVN7--5doi__E1_Q6JXI5,5,3,1,3,0.0288327680500174,11.1328125,False,0.6257305700880221
5doi__A1_D2CVN7--5doi__E1_Q6JXI5,6,2,0,3,0.0296029983816612,10.3671875,False,0.4651095531449083
5doi__A1_D2CVN7--5doi__E1_Q6JXI5,7,2,1,3,0.0372993799891253,10.3515625,False,0.5486417573900543
5doi__A1_D2CVN7--5doi__E1_Q6JXI5,8,4,2,3,0.040773782687177,10.2890625,False,0.5409516180395264
5doi__A1_D2CVN7--5doi__E1_Q6JXI5,9,4,1,3,0.0223444618036396,10.21875,False,0.5588012701869854
5doi__A1_D2CVN7--5doi__E1_Q6JXI5,10,4,0,3,0.0232785847857593,9.9140625,False,0.4939891690124723
5doi__A1_D2CVN7--5doi__E1_Q6JXI5,11,3,3,3,0.028335139681668,9.890625,False,0.41872546110108544
5doi__A1_D2CVN7--5doi__E1_Q6JXI5,12,4,3,3,0.0435394924387197,9.8359375,False,0.48218779065052286
5doi__A1_D2CVN7--5doi__E1_Q6JXI5,13,5,1,3,0.0272892319630258,9.828125,False,0.4395160487106593
5doi__A1_D2CVN7--5doi__E1_Q6JXI5,14,2,2,3,0.0379241805717611,9.8203125,False,0.535398045816164
5doi__A1_D2CVN7--5doi__E1_Q6JXI5,15,3,2,3,0.0253612635033728,9.5859375,False,0.43128134427023473
5doi__A1_D2CVN7--5doi__E1_Q6JXI5,16,5,0,3,0.0347244273793418,9.5546875,False,0.40652729069371485
5doi__A1_D2CVN7--5doi__E1_Q6JXI5,17,2,3,3,0.0375165052585923,9.546875,False,0.4255885128411051
5doi__A1_D2CVN7--5doi__E1_Q6JXI5,18,1,3,3,0.0404313718443333,9.4375,False,0.42321049366880326
5doi__A1_D2CVN7--5doi__E1_Q6JXI5,19,1,1,3,0.0455267067823757,9.4140625,False,0.3862218772730295
5doi__A1_D2CVN7--5doi__E1_Q6JXI5,20,3,0,3,0.0197642904788635,9.03125,False,0.37702453532623564
5e4b__A1_A0A1C9V3S9--5e4b__B1_A0A1C9V3S9,1,2,3,0,0.2765387323049999,72.625,True,0.6562668252567563
5e4b__A1_A0A1C9V3S9--5e4b__B1_A0A1C9V3S9,2,1,3,0,0.2957176651809874,70.75,True,0.6318164074665658
5e4b__A1_A0A1C9V3S9--5e4b__B1_A0A1C9V3S9,3,1,1,0,0.2671703726445988,70.125,True,0.6288565557901753
5e4b__A1_A0A1C9V3S9--5e4b__B1_A0A1C9V3S9,4,4,3,0,0.278745433532323,68.25,True,0.5936634861856496
5e4b__A1_A0A1C9V3S9--5e4b__B1_A0A1C9V3S9,5,2,0,0,0.2593185862485298,65.5625,True,0.5923831878085973
5e4b__A1_A0A1C9V3S9--5e4b__B1_A0A1C9V3S9,6,4,0,0,0.025695354703666,63.96875,False,0.5801233828473599
5e4b__A1_A0A1C9V3S9--5e4b__B1_A0A1C9V3S9,7,2,2,0,0.0248857841692625,62.90625,False,0.5827074320641136
5e4b__A1_A0A1C9V3S9--5e4b__B1_A0A1C9V3S9,8,4,1,0,0.1624242041522137,57.5,False,0.5608442529813755
5e4b__A1_A0A1C9V3S9--5e4b__B1_A0A1C9V3S9,9,3,2,0,0.1977003591233163,54.4375,False,0.5259893198402708
5e4b__A1_A0A1C9V3S9--5e4b__B1_A0A1C9V3S9,10,1,2,0,0.0255804059733508,52.9375,False,0.5191300174621303
5e4b__A1_A0A1C9V3S9--5e4b__B1_A0A1C9V3S9,11,5,3,0,0.1428295205111255,52.4375,False,0.501873461280322
5e4b__A1_A0A1C9V3S9--5e4b__B1_A0A1C9V3S9,12,3,1,0,0.1928262409825316,46.53125,False,0.484917638317718
5e4b__A1_A0A1C9V3S9--5e4b__B1_A0A1C9V3S9,13,4,2,0,0.1700428051252079,45.9375,False,0.46937853659425455
5e4b__A1_A0A1C9V3S9--5e4b__B1_A0A1C9V3S9,14,3,3,0,0.2675030225459403,45.03125,True,0.4383044859773453
5e4b__A1_A0A1C9V3S9--5e4b__B1_A0A1C9V3S9,15,5,2,0,0.1341459605645641,44.75,False,0.43898591846521706
5e4b__A1_A0A1C9V3S9--5e4b__B1_A0A1C9V3S9,16,5,0,0,0.1521762592447414,41.65625,False,0.41130012613604755
5e4b__A1_A0A1C9V3S9--5e4b__B1_A0A1C9V3S9,17,3,0,0,0.1551886831500833,41.46875,False,0.415995402705461
5e4b__A1_A0A1C9V3S9--5e4b__B1_A0A1C9V3S9,18,5,1,0,0.1667568403753546,39.25,False,0.39598667913557967
5e4b__A1_A0A1C9V3S9--5e4b__B1_A0A1C9V3S9,19,1,0,0,0.1677083401703418,35.75,False,0.37010396583571065
5e4b__A1_A0A1C9V3S9--5e4b__B1_A0A1C9V3S9,20,2,1,0,0.027982611423046,30.265625,False,0.35846526227729325
5e9h__B1_Q4HYR2--5e9h__A1_Q4HYR2,1,5,0,1,0.8936659085533593,69.0625,True,0.6338807285413538
5e9h__B1_Q4HYR2--5e9h__A1_Q4HYR2,2,2,1,1,0.0060616400031019,68.375,False,0.6381486816723371
5e9h__B1_Q4HYR2--5e9h__A1_Q4HYR2,3,2,3,1,0.0060639094220203,68.1875,False,0.6330246081598254
5e9h__B1_Q4HYR2--5e9h__A1_Q4HYR2,4,2,2,1,0.0060614553497749,68.0625,False,0.6173743011833708
5e9h__B1_Q4HYR2--5e9h__A1_Q4HYR2,5,4,2,1,0.8932446778002273,67.5625,True,0.5798725772419748
5e9h__B1_Q4HYR2--5e9h__A1_Q4HYR2,6,5,2,1,0.8927700171719838,66.75,True,0.5965789439464597
5e9h__B1_Q4HYR2--5e9h__A1_Q4HYR2,7,5,1,1,0.8879298564271857,66.625,True,0.5780038348909222
5e9h__B1_Q4HYR2--5e9h__A1_Q4HYR2,8,4,0,1,0.8931869327523433,66.5625,True,0.5584330318347864
5e9h__B1_Q4HYR2--5e9h__A1_Q4HYR2,9,2,0,1,0.0060683911047677,66.1875,False,0.5875274163798139
5e9h__B1_Q4HYR2--5e9h__A1_Q4HYR2,10,4,1,1,0.8892788477687049,66.0625,True,0.5590380511476336
5e9h__B1_Q4HYR2--5e9h__A1_Q4HYR2,11,5,3,1,0.8903012152657307,65.3125,True,0.5495978965757098
5e9h__B1_Q4HYR2--5e9h__A1_Q4HYR2,12,1,3,1,0.855014934043799,60.84375,True,0.46219708068651794
5e9h__B1_Q4HYR2--5e9h__A1_Q4HYR2,13,4,3,1,0.884213749246241,60.5625,True,0.45759315567261727
5e9h__B1_Q4HYR2--5e9h__A1_Q4HYR2,14,1,0,1,0.0060239331676382,59.90625,False,0.45424146598074117
5e9h__B1_Q4HYR2--5e9h__A1_Q4HYR2,15,1,2,1,0.0060584908460483,56.46875,False,0.3922169177125734
5e9h__B1_Q4HYR2--5e9h__A1_Q4HYR2,16,3,3,1,0.006134290143619,54.65625,False,0.4036928619973776
5e9h__B1_Q4HYR2--5e9h__A1_Q4HYR2,17,1,1,1,0.0060443318129283,54.0625,False,0.3954211294506281
5e9h__B1_Q4HYR2--5e9h__A1_Q4HYR2,18,3,0,1,0.0060996150192378,53.3125,False,0.37565480200303075
5e9h__B1_Q4HYR2--5e9h__A1_Q4HYR2,19,3,2,1,0.0060921930313051,52.90625,False,0.34603246670567067
5e9h__B1_Q4HYR2--5e9h__A1_Q4HYR2,20,3,1,1,0.0061012202101263,51.875,False,0.32589852795743196
5eu0__A1_E6YJU0--5eu0__B1_E6YLF5,1,1,3,3,0.9128853845557424,95.8125,True,0.6410249467928911
5eu0__A1_E6YJU0--5eu0__B1_E6YLF5,2,1,2,3,0.9239890899793805,95.8125,True,0.651602514150531
5eu0__A1_E6YJU0--5eu0__B1_E6YLF5,3,1,1,3,0.916945545626446,95.8125,True,0.6087520910135706
5eu0__A1_E6YJU0--5eu0__B1_E6YLF5,4,1,0,3,0.9214964884390748,95.75,True,0.6140798166949675
5eu0__A1_E6YJU0--5eu0__B1_E6YLF5,5,2,3,3,0.9359397998374864,95.75,True,0.5502419445782323
5eu0__A1_E6YJU0--5eu0__B1_E6YLF5,6,4,2,3,0.9392727091676696,95.75,True,0.5206722266403916
5eu0__A1_E6YJU0--5eu0__B1_E6YLF5,7,4,0,3,0.9323192848101092,95.75,True,0.5496023393532219
5eu0__A1_E6YJU0--5eu0__B1_E6YLF5,8,2,2,3,0.9370801037395754,95.75,True,0.6014819292192398
5eu0__A1_E6YJU0--5eu0__B1_E6YLF5,9,3,1,3,0.9233259213498488,95.75,True,0.5563475201172224
5eu0__A1_E6YJU0--5eu0__B1_E6YLF5,10,2,1,3,0.9358115892423412,95.6875,True,0.529519064901236
5eu0__A1_E6YJU0--5eu0__B1_E6YLF5,11,2,0,3,0.934803112430397,95.6875,True,0.5760846370249312
5eu0__A1_E6YJU0--5eu0__B1_E6YLF5,12,4,3,3,0.9238592137681476,95.6875,True,0.4193190029698431
5eu0__A1_E6YJU0--5eu0__B1_E6YLF5,13,3,0,3,0.9214766707484584,95.625,True,0.46710755494548734
5eu0__A1_E6YJU0--5eu0__B1_E6YLF5,14,5,3,3,0.922252737265328,95.625,True,0.4070939282399953
5eu0__A1_E6YJU0--5eu0__B1_E6YLF5,15,4,1,3,0.9211947500592536,95.625,True,0.4032900530426659
5eu0__A1_E6YJU0--5eu0__B1_E6YLF5,16,3,2,3,0.9255285483529954,95.625,True,0.41874569396904343
5eu0__A1_E6YJU0--5eu0__B1_E6YLF5,17,3,3,3,0.921134382487779,95.625,True,0.4571050082382368
5eu0__A1_E6YJU0--5eu0__B1_E6YLF5,18,5,1,3,0.9221358393557398,95.625,True,0.4486073208613281
5eu0__A1_E6YJU0--5eu0__B1_E6YLF5,19,5,0,3,0.9092987498498628,95.5625,True,0.3681098206373552
5eu0__A1_E6YJU0--5eu0__B1_E6YLF5,20,5,2,3,0.9132387808500508,95.5625,True,0.3734912992753678
5evk__A1_P52700--5evk__A2_P52700,1,4,3,1,0.0139310059860567,91.125,False,0.6358738494799461
5evk__A1_P52700--5evk__A2_P52700,2,4,2,1,0.0138474326409752,91.0625,False,0.6256242518156476
5evk__A1_P52700--5evk__A2_P52700,3,1,3,1,0.0135276602134217,86.4375,False,0.6108634353226405
5evk__A1_P52700--5evk__A2_P52700,4,4,0,1,0.0133239237628186,83.3125,False,0.59738359664213
5evk__A1_P52700--5evk__A2_P52700,5,2,3,1,0.8814112959324523,74.6875,True,0.5872903159092541
5evk__A1_P52700--5evk__A2_P52700,6,2,1,1,0.9338281917938988,72.1875,True,0.5375074288504764
5evk__A1_P52700--5evk__A2_P52700,7,5,1,1,0.9292816634474604,70.6875,True,0.5259714287816099
5evk__A1_P52700--5evk__A2_P52700,8,2,2,1,0.9440488626893284,69.6875,True,0.47520285784632954
5evk__A1_P52700--5evk__A2_P52700,9,3,2,1,0.0141417673829494,62.34375,False,0.5589691171099124
5evk__A1_P52700--5evk__A2_P52700,10,1,1,1,0.0133221244637354,59.96875,False,0.5682215081387149
5evk__A1_P52700--5evk__A2_P52700,11,3,1,1,0.0134474441596845,59.59375,False,0.532268937873698
5evk__A1_P52700--5evk__A2_P52700,12,4,1,1,0.0135874401456006,58.4375,False,0.5114731899217918
5evk__A1_P52700--5evk__A2_P52700,13,2,0,1,0.0137112193571911,57.8125,False,0.4743015876568023
5evk__A1_P52700--5evk__A2_P52700,14,5,3,1,0.0134837293892818,56.59375,False,0.4764602739841086
5evk__A1_P52700--5evk__A2_P52700,15,3,3,1,0.8073345322855681,56.34375,True,0.4183841275645744
5evk__A1_P52700--5evk__A2_P52700,16,5,0,1,0.0133689477590959,56.3125,False,0.4515774567783811
5evk__A1_P52700--5evk__A2_P52700,17,1,0,1,0.8446856098790422,52.78125,True,0.39294207746153964
5evk__A1_P52700--5evk__A2_P52700,18,3,0,1,0.0138009804163857,52.46875,False,0.4070502527412267
5evk__A1_P52700--5evk__A2_P52700,19,1,2,1,0.817052025463147,52.40625,True,0.34647182862640924
5evk__A1_P52700--5evk__A2_P52700,20,5,2,1,0.013604977661028,51.625,False,0.4059295591696442
5f22__B1_P0C6X7--5f22__A1_P0C6U8,1,2,1,2,0.6417353144944675,89.1875,True,0.6153688650267484
5f22__B1_P0C6X7--5f22__A1_P0C6U8,2,5,1,2,0.7300328887944202,89.125,True,0.6203546724184174
5f22__B1_P0C6X7--5f22__A1_P0C6U8,3,2,2,2,0.6118653091874399,88.5,True,0.6143581429638262
5f22__B1_P0C6X7--5f22__A1_P0C6U8,4,3,3,2,0.7194202627290983,86.9375,True,0.5613776064666766
5f22__B1_P0C6X7--5f22__A1_P0C6U8,5,3,1,2,0.7319767514918508,85.8125,True,0.5292603193256823
5f22__B1_P0C6X7--5f22__A1_P0C6U8,6,1,1,2,0.6060095739820949,85.625,True,0.5533551035376387
5f22__B1_P0C6X7--5f22__A1_P0C6U8,7,5,0,2,0.3469898662756809,85.3125,True,0.5822823376715959
5f22__B1_P0C6X7--5f22__A1_P0C6U8,8,1,2,2,0.6375065264825327,84.625,True,0.5313082657321575
5f22__B1_P0C6X7--5f22__A1_P0C6U8,9,5,3,2,0.6149331312700594,84.625,True,0.5438896531293228
5f22__B1_P0C6X7--5f22__A1_P0C6U8,10,2,3,2,0.5281588154884843,84.5,True,0.4937022004659043
5f22__B1_P0C6X7--5f22__A1_P0C6U8,11,5,2,2,0.3392724306622643,84.4375,True,0.5294125568360728
5f22__B1_P0C6X7--5f22__A1_P0C6U8,12,3,0,2,0.3458311760577761,82.375,True,0.49760923077590985
5f22__B1_P0C6X7--5f22__A1_P0C6U8,13,3,2,2,0.3300217575616825,82.25,True,0.47905902040544596
5f22__B1_P0C6X7--5f22__A1_P0C6U8,14,4,0,2,0.2961767397336898,82.0625,True,0.4496181625223552
5f22__B1_P0C6X7--5f22__A1_P0C6U8,15,4,3,2,0.2734209747082858,81.5625,True,0.4799841797873407
5f22__B1_P0C6X7--5f22__A1_P0C6U8,16,2,0,2,0.3021727131295514,80.375,True,0.403052180276232
5f22__B1_P0C6X7--5f22__A1_P0C6U8,17,4,2,2,0.6472225545413305,80.1875,True,0.5042861069454286
5f22__B1_P0C6X7--5f22__A1_P0C6U8,18,1,0,2,0.4712081064986934,68.6875,True,0.39949306359013786
5f22__B1_P0C6X7--5f22__A1_P0C6U8,19,1,3,2,0.1223234194880721,23.421875,False,0.37331974475056834
5f22__B1_P0C6X7--5f22__A1_P0C6U8,20,4,1,2,0.0763914131935693,23.140625,False,0.3841830562150209
5f4e__A1_Q8IYV9--5f4e__B1_A6ND01,1,5,1,4,0.8318569018464479,85.5,True,0.609284698261226
5f4e__A1_Q8IYV9--5f4e__B1_A6ND01,2,1,0,4,0.777351900625233,85.25,True,0.6493857498815584
5f4e__A1_Q8IYV9--5f4e__B1_A6ND01,3,5,0,4,0.8363738406102335,84.875,True,0.5585998803219241
5f4e__A1_Q8IYV9--5f4e__B1_A6ND01,4,5,3,4,0.8161515047235578,84.3125,True,0.5669891909496358
5f4e__A1_Q8IYV9--5f4e__B1_A6ND01,5,5,2,4,0.8172115058677435,84.1875,True,0.5427862512090668
5f4e__A1_Q8IYV9--5f4e__B1_A6ND01,6,1,1,4,0.760287484410925,84.125,True,0.6538182823243394
5f4e__A1_Q8IYV9--5f4e__B1_A6ND01,7,3,2,4,0.725135079974446,83.875,True,0.5753128381138174
5f4e__A1_Q8IYV9--5f4e__B1_A6ND01,8,1,3,4,0.8075735262555123,83.625,True,0.6310080435029712
5f4e__A1_Q8IYV9--5f4e__B1_A6ND01,9,1,2,4,0.8173179777187669,83.125,True,0.5347754020786812
5f4e__A1_Q8IYV9--5f4e__B1_A6ND01,10,2,3,4,0.8026491278362066,83.0,True,0.5321635811422394
5f4e__A1_Q8IYV9--5f4e__B1_A6ND01,11,2,0,4,0.7328454790239816,82.8125,True,0.4465781995910713
5f4e__A1_Q8IYV9--5f4e__B1_A6ND01,12,3,1,4,0.5590917490269512,82.6875,True,0.5206047761428674
5f4e__A1_Q8IYV9--5f4e__B1_A6ND01,13,3,3,4,0.5744521569565147,82.625,True,0.47385409014532454
5f4e__A1_Q8IYV9--5f4e__B1_A6ND01,14,2,2,4,0.7444650766654431,82.4375,True,0.4286882730876203
5f4e__A1_Q8IYV9--5f4e__B1_A6ND01,15,4,3,4,0.7736733817573711,81.75,True,0.3814847090932927
5f4e__A1_Q8IYV9--5f4e__B1_A6ND01,16,3,0,4,0.5811391722412127,81.625,True,0.49075419019882555
5f4e__A1_Q8IYV9--5f4e__B1_A6ND01,17,4,2,4,0.5880196388759708,81.3125,True,0.3869812340029913
5f4e__A1_Q8IYV9--5f4e__B1_A6ND01,18,2,1,4,0.597386380283559,81.125,True,0.4653026985281623
5f4e__A1_Q8IYV9--5f4e__B1_A6ND01,19,4,1,4,0.5915127429123351,80.5,True,0.3729175547421999
5f4e__A1_Q8IYV9--5f4e__B1_A6ND01,20,4,0,4,0.7258647413574617,78.9375,True,0.3502395564045873
5fbz__A1_A0A182DWC7--5fbz__B1_P01053,1,5,1,0,0.9236219675747288,93.5,True,0.6488012502264436
5fbz__A1_A0A182DWC7--5fbz__B1_P01053,2,1,2,0,0.9195731842691458,93.5,True,0.6587715513924493
5fbz__A1_A0A182DWC7--5fbz__B1_P01053,3,1,3,0,0.9191531926448347,93.4375,True,0.6050958814055404
5fbz__A1_A0A182DWC7--5fbz__B1_P01053,4,5,2,0,0.9314325020413068,93.4375,True,0.6086858635642859
5fbz__A1_A0A182DWC7--5fbz__B1_P01053,5,5,3,0,0.9318347524548084,93.4375,True,0.6024391189548111
5fbz__A1_A0A182DWC7--5fbz__B1_P01053,6,4,3,0,0.901381723203118,93.375,True,0.5480798654183279
5fbz__A1_A0A182DWC7--5fbz__B1_P01053,7,1,0,0,0.9189155520458702,93.375,True,0.5517860841825539
5fbz__A1_A0A182DWC7--5fbz__B1_P01053,8,3,3,0,0.9189887987929024,93.3125,True,0.5413673484529931
5fbz__A1_A0A182DWC7--5fbz__B1_P01053,9,5,0,0,0.9314351756446468,93.3125,True,0.4943178632111134
5fbz__A1_A0A182DWC7--5fbz__B1_P01053,10,4,0,0,0.9059569061375536,93.3125,True,0.527561164146802
5fbz__A1_A0A182DWC7--5fbz__B1_P01053,11,3,0,0,0.9174020202153038,93.25,True,0.5700349497903804
5fbz__A1_A0A182DWC7--5fbz__B1_P01053,12,3,2,0,0.9164153008500878,93.125,True,0.4777171682287013
5fbz__A1_A0A182DWC7--5fbz__B1_P01053,13,4,1,0,0.9184262912822988,93.125,True,0.43748862240369574
5fbz__A1_A0A182DWC7--5fbz__B1_P01053,14,2,2,0,0.91217993357929,93.0625,True,0.44409482805691414
5fbz__A1_A0A182DWC7--5fbz__B1_P01053,15,3,1,0,0.9238317499749104,93.0,True,0.44778668651889697
5fbz__A1_A0A182DWC7--5fbz__B1_P01053,16,2,1,0,0.9059898524040664,93.0,True,0.3849400599804046
5fbz__A1_A0A182DWC7--5fbz__B1_P01053,17,2,0,0,0.9132625613948582,93.0,True,0.42288615644265365
5fbz__A1_A0A182DWC7--5fbz__B1_P01053,18,2,3,0,0.9103021052215547,92.9375,True,0.3950029445270585
5fbz__A1_A0A182DWC7--5fbz__B1_P01053,19,4,2,0,0.9222163092924692,92.875,True,0.3977877539416297
5fbz__A1_A0A182DWC7--5fbz__B1_P01053,20,1,1,0,0.9209574036525696,92.8125,True,0.3893542870175108
5fnw__A1_M1AKE5--5fnw__A2_M1AKE5,1,1,3,3,0.5319554001896277,82.25,True,0.6614858700232774
5fnw__A1_M1AKE5--5fnw__A2_M1AKE5,2,1,1,3,0.5309940671220251,81.5625,True,0.6463264740952176
5fnw__A1_M1AKE5--5fnw__A2_M1AKE5,3,1,0,3,0.5696257668519608,80.0625,True,0.6308670418386041
5fnw__A1_M1AKE5--5fnw__A2_M1AKE5,4,1,2,3,0.4688300880419267,58.65625,True,0.6059723870667105
5fnw__A1_M1AKE5--5fnw__A2_M1AKE5,5,2,3,3,0.6107100672142759,52.75,True,0.5706614174070097
5fnw__A1_M1AKE5--5fnw__A2_M1AKE5,6,2,1,3,0.5966241253750406,51.25,True,0.5825269637734474
5fnw__A1_M1AKE5--5fnw__A2_M1AKE5,7,5,0,3,0.24936511851779,49.59375,True,0.5786021498734183
5fnw__A1_M1AKE5--5fnw__A2_M1AKE5,8,3,2,3,0.5256974137523182,48.96875,True,0.5496287872381479
5fnw__A1_M1AKE5--5fnw__A2_M1AKE5,9,2,0,3,0.6245317160426994,46.875,True,0.5036202537061051
5fnw__A1_M1AKE5--5fnw__A2_M1AKE5,10,3,0,3,0.1519571672095824,45.4375,False,0.5438767247029273
5fnw__A1_M1AKE5--5fnw__A2_M1AKE5,11,5,3,3,0.1771772188145896,43.875,False,0.5100832331641617
5fnw__A1_M1AKE5--5fnw__A2_M1AKE5,12,5,1,3,0.1978236622279311,43.53125,False,0.483709168160022
5fnw__A1_M1AKE5--5fnw__A2_M1AKE5,13,5,2,3,0.1433759834293009,41.96875,False,0.47878375604764156
5fnw__A1_M1AKE5--5fnw__A2_M1AKE5,14,2,2,3,0.55246356525386,40.5,True,0.4329869228230971
5fnw__A1_M1AKE5--5fnw__A2_M1AKE5,15,3,3,3,0.4190629151160538,39.96875,True,0.44711771800767247
5fnw__A1_M1AKE5--5fnw__A2_M1AKE5,16,3,1,3,0.247848990406427,39.71875,True,0.43270823721918544
5fnw__A1_M1AKE5--5fnw__A2_M1AKE5,17,4,2,3,0.359774732038186,36.0625,True,0.4008430395748654
5fnw__A1_M1AKE5--5fnw__A2_M1AKE5,18,4,1,3,0.4979209586994138,35.84375,True,0.38385944384174037
5fnw__A1_M1AKE5--5fnw__A2_M1AKE5,19,4,3,3,0.2484540232075421,31.859375,True,0.3681431663345264
5fnw__A1_M1AKE5--5fnw__A2_M1AKE5,20,4,0,3,0.3272269705071466,31.0625,True,0.3507550371598838
5gko__A1_A0A0D8G707--5gko__B1_A0A0D8G707,1,4,3,1,0.1615519572581409,46.5,False,0.6328769214639602
5gko__A1_A0A0D8G707--5gko__B1_A0A0D8G707,2,4,1,1,0.1686214976639485,45.25,False,0.6173339261110078
5gko__A1_A0A0D8G707--5gko__B1_A0A0D8G707,3,4,2,1,0.156227883469059,44.84375,False,0.5908169827996839
5gko__A1_A0A0D8G707--5gko__B1_A0A0D8G707,4,4,0,1,0.160084979538895,44.65625,False,0.5783488992586837
5gko__A1_A0A0D8G707--5gko__B1_A0A0D8G707,5,2,1,1,0.1398533725974229,44.25,False,0.6346292032151113
5gko__A1_A0A0D8G707--5gko__B1_A0A0D8G707,6,2,3,1,0.1392765947940016,43.5625,False,0.6088563747983917
5gko__A1_A0A0D8G707--5gko__B1_A0A0D8G707,7,2,2,1,0.1387142867893061,43.375,False,0.6000623265883833
5gko__A1_A0A0D8G707--5gko__B1_A0A0D8G707,8,2,0,1,0.1549163540490731,42.8125,False,0.5578626457035086
5gko__A1_A0A0D8G707--5gko__B1_A0A0D8G707,9,5,3,1,0.1406470413548677,38.84375,False,0.4612023993707549
5gko__A1_A0A0D8G707--5gko__B1_A0A0D8G707,10,5,0,1,0.154081517861937,38.46875,False,0.44083185387056206
5gko__A1_A0A0D8G707--5gko__B1_A0A0D8G707,11,5,2,1,0.1647268951471371,37.875,False,0.41326810100893185
5gko__A1_A0A0D8G707--5gko__B1_A0A0D8G707,12,5,1,1,0.1563216030168023,37.6875,False,0.3991279744596068
5gko__A1_A0A0D8G707--5gko__B1_A0A0D8G707,13,3,0,1,0.1560606054119265,37.53125,False,0.5168285320140813
5gko__A1_A0A0D8G707--5gko__B1_A0A0D8G707,14,3,2,1,0.1587921652181485,37.1875,False,0.4662676650044336
5gko__A1_A0A0D8G707--5gko__B1_A0A0D8G707,15,3,1,1,0.1414010730458405,36.625,False,0.43081299613820423
5gko__A1_A0A0D8G707--5gko__B1_A0A0D8G707,16,3,3,1,0.1577205442049725,36.5625,False,0.4578185594480004
5gko__A1_A0A0D8G707--5gko__B1_A0A0D8G707,17,1,1,1,0.1301080206771779,35.875,False,0.4909623204138791
5gko__A1_A0A0D8G707--5gko__B1_A0A0D8G707,18,1,3,1,0.1417942285260674,35.59375,False,0.4012198538787189
5gko__A1_A0A0D8G707--5gko__B1_A0A0D8G707,19,1,2,1,0.1336259146048266,35.34375,False,0.4616708669403817
5gko__A1_A0A0D8G707--5gko__B1_A0A0D8G707,20,1,0,1,0.1417611633246963,34.0625,False,0.3735852019788692
5gox__A1_Q92878--5gox__B1_Q92878,1,1,3,1,0.4871186558114979,68.8125,True,0.5863862165316195
5gox__A1_Q92878--5gox__B1_Q92878,2,1,0,1,0.4674769571987253,68.6875,True,0.5819730364782983
5gox__A1_Q92878--5gox__B1_Q92878,3,1,2,1,0.4883752560930622,67.875,True,0.5527300918415441
5gox__A1_Q92878--5gox__B1_Q92878,4,1,1,1,0.4636166809917172,67.125,True,0.5908258326423754
5gox__A1_Q92878--5gox__B1_Q92878,5,3,0,1,0.5404876314854088,62.75,True,0.5984955866725505
5gox__A1_Q92878--5gox__B1_Q92878,6,4,1,1,0.5639730871763259,62.625,True,0.5742968986695479
5gox__A1_Q92878--5gox__B1_Q92878,7,5,2,1,0.1836078241059211,61.90625,False,0.534042498788024
5gox__A1_Q92878--5gox__B1_Q92878,8,5,3,1,0.5386391589248235,61.65625,True,0.5575387811259097
5gox__A1_Q92878--5gox__B1_Q92878,9,5,0,1,0.1838340613638926,61.5625,False,0.5150299551721066
5gox__A1_Q92878--5gox__B1_Q92878,10,4,3,1,0.5587764970602564,60.84375,True,0.5458221175132166
5gox__A1_Q92878--5gox__B1_Q92878,11,2,2,1,0.1912965119305017,60.53125,False,0.47944711359372194
5gox__A1_Q92878--5gox__B1_Q92878,12,4,2,1,0.5597258332021354,60.46875,True,0.5278012221197085
5gox__A1_Q92878--5gox__B1_Q92878,13,2,3,1,0.1912339865618402,60.125,False,0.4556828006844731
5gox__A1_Q92878--5gox__B1_Q92878,14,2,0,1,0.1910653528118089,59.625,False,0.4366301887048862
5gox__A1_Q92878--5gox__B1_Q92878,15,4,0,1,0.5627686861578342,59.28125,True,0.49257142489954603
5gox__A1_Q92878--5gox__B1_Q92878,16,3,1,1,0.528058039330841,59.21875,True,0.45671761544280065
5gox__A1_Q92878--5gox__B1_Q92878,17,5,1,1,0.5350515640730422,58.375,True,0.4837787164839024
5gox__A1_Q92878--5gox__B1_Q92878,18,3,2,1,0.4954102446721141,54.59375,True,0.39447536854264176
5gox__A1_Q92878--5gox__B1_Q92878,19,3,3,1,0.4968320036378,54.5625,True,0.401821872927697
5gox__A1_Q92878--5gox__B1_Q92878,20,2,1,1,0.5061614390708294,43.34375,True,0.375824110397241
5gwv__B1_A0A010--5gwv__A1_A0A010,1,4,3,0,0.9597896479435922,93.125,True,0.6291066586213043
5gwv__B1_A0A010--5gwv__A1_A0A010,2,4,0,0,0.9611613736067248,93.125,True,0.6328310611406256
5gwv__B1_A0A010--5gwv__A1_A0A010,3,4,1,0,0.960622923584833,93.0625,True,0.5982287013636838
5gwv__B1_A0A010--5gwv__A1_A0A010,4,3,3,0,0.9390127984388608,93.0,True,0.6193452199187103
5gwv__B1_A0A010--5gwv__A1_A0A010,5,4,2,0,0.9653592020160168,93.0,True,0.5851892833977091
5gwv__B1_A0A010--5gwv__A1_A0A010,6,3,1,0,0.9327901227616624,92.875,True,0.6238089519652189
5gwv__B1_A0A010--5gwv__A1_A0A010,7,3,0,0,0.9384310575503187,92.8125,True,0.5858131261996861
5gwv__B1_A0A010--5gwv__A1_A0A010,8,3,2,0,0.9450300619407528,92.6875,True,0.553441543945721
5gwv__B1_A0A010--5gwv__A1_A0A010,9,5,3,0,0.9653582926574568,92.625,True,0.5067987812243051
5gwv__B1_A0A010--5gwv__A1_A0A010,10,5,1,0,0.965140779981158,92.625,True,0.506055226057174
5gwv__B1_A0A010--5gwv__A1_A0A010,11,2,1,0,0.9522413686484116,92.5625,True,0.4966366499795815
5gwv__B1_A0A010--5gwv__A1_A0A010,12,5,0,0,0.965954891595906,92.5625,True,0.44611665958155217
5gwv__B1_A0A010--5gwv__A1_A0A010,13,2,3,0,0.9514197875025684,92.5625,True,0.49791543262478954
5gwv__B1_A0A010--5gwv__A1_A0A010,14,5,2,0,0.9654640291500276,92.5,True,0.4231078174313219
5gwv__B1_A0A010--5gwv__A1_A0A010,15,2,0,0,0.9575218368208764,92.4375,True,0.4631401937364344
5gwv__B1_A0A010--5gwv__A1_A0A010,16,2,2,0,0.968634092926138,92.25,True,0.4256709340823558
5gwv__B1_A0A010--5gwv__A1_A0A010,17,1,3,0,0.9594057887252776,92.1875,True,0.4009407261612032
5gwv__B1_A0A010--5gwv__A1_A0A010,18,1,0,0,0.9538454237478916,92.1875,True,0.41849827163314907
5gwv__B1_A0A010--5gwv__A1_A0A010,19,1,1,0,0.9541755103086146,92.125,True,0.38567769284509174
5gwv__B1_A0A010--5gwv__A1_A0A010,20,1,2,0,0.9592901766019444,92.0,True,0.35846526227729325
5h1p__A1_D2UG58--5h1p__B1_D2UG58,1,1,0,0,0.1842138037302702,87.0,False,0.6359759566100346
5h1p__A1_D2UG58--5h1p__B1_D2UG58,2,2,2,0,0.1849698465176333,86.625,False,0.624059451760927
5h1p__A1_D2UG58--5h1p__B1_D2UG58,3,3,2,0,0.8294371080189701,86.4375,True,0.6030624146622616
5h1p__A1_D2UG58--5h1p__B1_D2UG58,4,2,0,0,0.1837919515446262,86.4375,False,0.6203910297664578
5h1p__A1_D2UG58--5h1p__B1_D2UG58,5,1,3,0,0.8275563996820122,86.375,True,0.6170245891956775
5h1p__A1_D2UG58--5h1p__B1_D2UG58,6,3,1,0,0.8260511850233234,86.0,True,0.580586565797077
5h1p__A1_D2UG58--5h1p__B1_D2UG58,7,3,3,0,0.8212358334195983,85.9375,True,0.5862695030218782
5h1p__A1_D2UG58--5h1p__B1_D2UG58,8,2,1,0,0.1845380165050643,85.6875,False,0.5233413505848418
5h1p__A1_D2UG58--5h1p__B1_D2UG58,9,3,0,0,0.8327216344099361,85.625,True,0.5317821992682935
5h1p__A1_D2UG58--5h1p__B1_D2UG58,10,1,2,0,0.1849618789095375,85.5,False,0.4920174278822429
5h1p__A1_D2UG58--5h1p__B1_D2UG58,11,1,1,0,0.1847961731954616,85.375,False,0.48096564888914844
5h1p__A1_D2UG58--5h1p__B1_D2UG58,12,2,3,0,0.18469110380086,85.375,False,0.4751437751746381
5h1p__A1_D2UG58--5h1p__B1_D2UG58,13,5,2,0,0.8321997061185096,84.0625,True,0.4757170910977832
5h1p__A1_D2UG58--5h1p__B1_D2UG58,14,4,2,0,0.8245681079109167,83.375,True,0.46886490566750905
5h1p__A1_D2UG58--5h1p__B1_D2UG58,15,5,1,0,0.8309606428616919,82.8125,True,0.44506261438653244
5h1p__A1_D2UG58--5h1p__B1_D2UG58,16,4,1,0,0.8210387629076842,82.625,True,0.4246771930952487
5h1p__A1_D2UG58--5h1p__B1_D2UG58,17,5,3,0,0.8259249436315281,82.625,True,0.41495820290588425
5h1p__A1_D2UG58--5h1p__B1_D2UG58,18,4,0,0,0.8318801180068883,82.25,True,0.40368013149588033
5h1p__A1_D2UG58--5h1p__B1_D2UG58,19,4,3,0,0.8191836100368036,81.6875,True,0.39425425439058565
5h1p__A1_D2UG58--5h1p__B1_D2UG58,20,5,0,0,0.18850315002277,76.9375,False,0.35846526227729325
5hpg__A1_P00747--5hpg__B1_P00747,1,1,2,4,0.0165734166484943,54.40625,False,0.6620328340019245
5hpg__A1_P00747--5hpg__B1_P00747,2,1,3,4,0.0164679804237407,54.09375,False,0.6589413134057199
5hpg__A1_P00747--5hpg__B1_P00747,3,1,0,4,0.0169723516170879,45.5,False,0.6365447287148313
5hpg__A1_P00747--5hpg__B1_P00747,4,1,1,4,0.0172341027739509,43.5625,False,0.6201885602874647
5hpg__A1_P00747--5hpg__B1_P00747,5,3,0,4,0.0262628635330438,26.90625,False,0.6328283725097431
5hpg__A1_P00747--5hpg__B1_P00747,6,5,2,4,0.0211367969054056,19.609375,False,0.6201319602547309
5hpg__A1_P00747--5hpg__B1_P00747,7,2,1,4,0.0150647263306185,18.890625,False,0.6183149614399797
5hpg__A1_P00747--5hpg__B1_P00747,8,2,0,4,0.0151768828073309,17.8125,False,0.5899682743880073
5hpg__A1_P00747--5hpg__B1_P00747,9,4,0,4,0.028108151551404,17.8125,False,0.5192252401750478
5hpg__A1_P00747--5hpg__B1_P00747,10,5,1,4,0.0207432147327563,17.65625,False,0.5110801118911372
5hpg__A1_P00747--5hpg__B1_P00747,11,5,0,4,0.0210400987790708,17.640625,False,0.5206691144468892
5hpg__A1_P00747--5hpg__B1_P00747,12,2,2,4,0.0150961624490069,17.546875,False,0.5533249099054812
5hpg__A1_P00747--5hpg__B1_P00747,13,4,1,4,0.0277422221134817,17.21875,False,0.43918038672564275
5hpg__A1_P00747--5hpg__B1_P00747,14,4,3,4,0.02914712571239,16.90625,False,0.42349103503484387
5hpg__A1_P00747--5hpg__B1_P00747,15,2,3,4,0.0155191612551357,16.40625,False,0.4398359133674912
5hpg__A1_P00747--5hpg__B1_P00747,16,5,3,4,0.0356247900224019,16.390625,False,0.4070094697499139
5hpg__A1_P00747--5hpg__B1_P00747,17,4,2,4,0.0325498267773523,16.265625,False,0.3655922426837892
5hpg__A1_P00747--5hpg__B1_P00747,18,3,2,4,0.0525661343441919,15.015625,False,0.34256739554653554
5hpg__A1_P00747--5hpg__B1_P00747,19,3,3,4,0.7648371464333955,14.8359375,True,0.3202606091386681
5hpg__A1_P00747--5hpg__B1_P00747,20,3,1,4,0.0537201292722872,14.3359375,False,0.29874630861888307
5hrm__B1_A0A077JBW9--5hrm__A1_A0A077JBW9,1,5,3,2,0.1580328141794891,76.4375,False,0.6415858834017127
5hrm__B1_A0A077JBW9--5hrm__A1_A0A077JBW9,2,5,1,2,0.3392273574791702,53.6875,True,0.6588338446217844
5hrm__B1_A0A077JBW9--5hrm__A1_A0A077JBW9,3,5,0,2,0.3351431462223102,49.90625,True,0.6540198377374836
5hrm__B1_A0A077JBW9--5hrm__A1_A0A077JBW9,4,3,1,2,0.2001403926687454,48.96875,False,0.6006646365889027
5hrm__B1_A0A077JBW9--5hrm__A1_A0A077JBW9,5,5,2,2,0.3758834626514342,45.71875,True,0.6191445331470604
5hrm__B1_A0A077JBW9--5hrm__A1_A0A077JBW9,6,1,1,2,0.0888261776522712,38.25,False,0.5796266140770151
5hrm__B1_A0A077JBW9--5hrm__A1_A0A077JBW9,7,1,2,2,0.4183987821991972,37.96875,True,0.5822530865590162
5hrm__B1_A0A077JBW9--5hrm__A1_A0A077JBW9,8,2,3,2,0.0528668243469322,37.78125,False,0.5417404880785467
5hrm__B1_A0A077JBW9--5hrm__A1_A0A077JBW9,9,3,2,2,0.1878016677769204,37.09375,False,0.5257010777186288
5hrm__B1_A0A077JBW9--5hrm__A1_A0A077JBW9,10,3,0,2,0.1233168074144412,37.0,False,0.5413755709186859
5hrm__B1_A0A077JBW9--5hrm__A1_A0A077JBW9,11,1,3,2,0.1483842495065321,35.21875,False,0.48801668048883995
5hrm__B1_A0A077JBW9--5hrm__A1_A0A077JBW9,12,2,2,2,0.206729503634036,35.21875,False,0.46011959281283604
5hrm__B1_A0A077JBW9--5hrm__A1_A0A077JBW9,13,4,3,2,0.0239566591994598,34.75,False,0.4916029114022877
5hrm__B1_A0A077JBW9--5hrm__A1_A0A077JBW9,14,2,1,2,0.1700196492563332,34.625,False,0.4444191537140953
5hrm__B1_A0A077JBW9--5hrm__A1_A0A077JBW9,15,3,3,2,0.0859698570702919,34.0625,False,0.4214428097967591
5hrm__B1_A0A077JBW9--5hrm__A1_A0A077JBW9,16,1,0,2,0.1699130966483228,33.90625,False,0.4066825699281081
5hrm__B1_A0A077JBW9--5hrm__A1_A0A077JBW9,17,4,1,2,0.0200684742454747,31.15625,False,0.419323900478644
5hrm__B1_A0A077JBW9--5hrm__A1_A0A077JBW9,18,2,0,2,0.0907469532307186,30.84375,False,0.371702286494927
5hrm__B1_A0A077JBW9--5hrm__A1_A0A077JBW9,19,4,0,2,0.0209823340964022,29.9375,False,0.3634950677954663
5hrm__B1_A0A077JBW9--5hrm__A1_A0A077JBW9,20,4,2,2,0.4546488206876564,29.046875,True,0.32992541728884006
5hy7__A1_G0S5A2--5hy7__B1_G0S133,1,5,1,4,0.8783261516136066,96.1875,True,0.6592389417244745
5hy7__A1_G0S5A2--5hy7__B1_G0S133,2,5,2,4,0.8768039838326579,96.1875,True,0.6333612084906027
5hy7__A1_G0S5A2--5hy7__B1_G0S133,3,5,0,4,0.8763593398682251,96.125,True,0.6082906254884202
5hy7__A1_G0S5A2--5hy7__B1_G0S133,4,5,3,4,0.8816980146176676,96.125,True,0.5306215029094018
5hy7__A1_G0S5A2--5hy7__B1_G0S133,5,4,2,4,0.8824600206730318,96.0625,True,0.5603351100477353
5hy7__A1_G0S5A2--5hy7__B1_G0S133,6,1,2,4,0.8790205706250669,96.0625,True,0.5973720517614085
5hy7__A1_G0S5A2--5hy7__B1_G0S133,7,4,0,4,0.8752583128497653,96.0625,True,0.5532093401208766
5hy7__A1_G0S5A2--5hy7__B1_G0S133,8,1,0,4,0.8773651276865803,96.0625,True,0.6154228758222051
5hy7__A1_G0S5A2--5hy7__B1_G0S133,9,3,2,4,0.882434439809462,96.0,True,0.5176988379245623
5hy7__A1_G0S5A2--5hy7__B1_G0S133,10,4,3,4,0.8817385547848685,96.0,True,0.43221255415803805
5hy7__A1_G0S5A2--5hy7__B1_G0S133,11,4,1,4,0.8827338222933836,96.0,True,0.42862846074137245
5hy7__A1_G0S5A2--5hy7__B1_G0S133,12,1,1,4,0.875331523355774,96.0,True,0.5712296810731079
5hy7__A1_G0S5A2--5hy7__B1_G0S133,13,3,0,4,0.8830251540464573,96.0,True,0.499074929541814
5hy7__A1_G0S5A2--5hy7__B1_G0S133,14,1,3,4,0.8799087681026618,95.9375,True,0.47260770281254566
5hy7__A1_G0S5A2--5hy7__B1_G0S133,15,3,1,4,0.8748398181939527,95.9375,True,0.4875613717868746
5hy7__A1_G0S5A2--5hy7__B1_G0S133,16,2,3,4,0.8791659238707302,95.875,True,0.4082079700707527
5hy7__A1_G0S5A2--5hy7__B1_G0S133,17,2,2,4,0.8771160654873089,95.875,True,0.4049766056207221
5hy7__A1_G0S5A2--5hy7__B1_G0S133,18,2,1,4,0.8795852354632162,95.875,True,0.3990031213949394
5hy7__A1_G0S5A2--5hy7__B1_G0S133,19,3,3,4,0.8886503361159876,95.875,True,0.37075642740785447
5hy7__A1_G0S5A2--5hy7__B1_G0S133,20,2,0,4,0.8752646432121377,95.875,True,0.4184275535884025
5jkt__A1_P20536--5jkt__B1_P20995,1,2,3,3,0.9342856003333696,95.375,True,0.6614858700232774
5jkt__A1_P20536--5jkt__B1_P20995,2,2,1,3,0.935940127998918,95.25,True,0.6463264740952176
5jkt__A1_P20536--5jkt__B1_P20995,3,1,3,3,0.9415021043799908,95.0625,True,0.6308670418386041
5jkt__A1_P20536--5jkt__B1_P20995,4,1,1,3,0.9313602206041216,94.8125,True,0.6103000351827151
5jkt__A1_P20536--5jkt__B1_P20995,5,1,0,3,0.8834595437480397,94.0625,True,0.619214803254545
5jkt__A1_P20536--5jkt__B1_P20995,6,2,2,3,0.8991753275770952,93.875,True,0.6021631571570145
5jkt__A1_P20536--5jkt__B1_P20995,7,2,0,3,0.898368529638221,93.75,True,0.5942496506476352
5jkt__A1_P20536--5jkt__B1_P20995,8,1,2,3,0.8932948763367498,93.75,True,0.5754440029564791
5jkt__A1_P20536--5jkt__B1_P20995,9,4,3,3,0.8972116873733372,93.4375,True,0.5008458130112139
5jkt__A1_P20536--5jkt__B1_P20995,10,4,1,3,0.8971822032292015,93.375,True,0.469824620024191
5jkt__A1_P20536--5jkt__B1_P20995,11,5,1,3,0.8865203260291136,93.3125,True,0.4643229571899622
5jkt__A1_P20536--5jkt__B1_P20995,12,3,3,3,0.8932256028982636,93.3125,True,0.45864187539790563
5jkt__A1_P20536--5jkt__B1_P20995,13,4,0,3,0.8886863573266961,93.25,True,0.429477095683635
5jkt__A1_P20536--5jkt__B1_P20995,14,3,2,3,0.9001532386435107,93.1875,True,0.43360974024873306
5jkt__A1_P20536--5jkt__B1_P20995,15,3,1,3,0.8993217730482753,93.1875,True,0.434618323618629
5jkt__A1_P20536--5jkt__B1_P20995,16,4,2,3,0.8956706543383476,93.125,True,0.34881769694495923
5jkt__A1_P20536--5jkt__B1_P20995,17,5,2,3,0.8831877023409554,93.125,True,0.45114665267495896
5jkt__A1_P20536--5jkt__B1_P20995,18,5,3,3,0.8893492301322207,93.125,True,0.41891944987444785
5jkt__A1_P20536--5jkt__B1_P20995,19,5,0,3,0.8774354934443848,93.0625,True,0.4233259689647058
5jkt__A1_P20536--5jkt__B1_P20995,20,3,0,3,0.8992550726464247,92.9375,True,0.3830087824707329
5k7b__B1_A8MW95--5k7b__A1_A8MW95,1,4,0,4,0.1972049606886025,76.75,False,0.668298189550973
5k7b__B1_A8MW95--5k7b__A1_A8MW95,2,5,2,4,0.5889228141840757,71.3125,True,0.65259109577284
5k7b__B1_A8MW95--5k7b__A1_A8MW95,3,5,3,4,0.6176620410184622,70.1875,True,0.630375632613123
5k7b__B1_A8MW95--5k7b__A1_A8MW95,4,1,2,4,0.6059355259625314,69.875,True,0.6264269208171114
5k7b__B1_A8MW95--5k7b__A1_A8MW95,5,1,1,4,0.6405415024294611,68.6875,True,0.6035547566907647
5k7b__B1_A8MW95--5k7b__A1_A8MW95,6,3,3,4,0.2209970511369187,68.375,False,0.572132910756642
5k7b__B1_A8MW95--5k7b__A1_A8MW95,7,1,3,4,0.6269820819015041,68.0625,True,0.5823387465257921
5k7b__B1_A8MW95--5k7b__A1_A8MW95,8,1,0,4,0.5890470942447014,67.1875,True,0.5373814119869776
5k7b__B1_A8MW95--5k7b__A1_A8MW95,9,3,0,4,0.6604239316453807,67.0625,True,0.5518014048170026
5k7b__B1_A8MW95--5k7b__A1_A8MW95,10,4,1,4,0.3843633613705877,58.21875,True,0.517505293951046
5k7b__B1_A8MW95--5k7b__A1_A8MW95,11,3,1,4,0.1618181387767698,56.1875,False,0.5
5k7b__B1_A8MW95--5k7b__A1_A8MW95,12,2,1,4,0.045010515039504,50.3125,False,0.4684636389015974
5k7b__B1_A8MW95--5k7b__A1_A8MW95,13,2,2,4,0.0634975965662258,48.6875,False,0.4391864679747414
5k7b__B1_A8MW95--5k7b__A1_A8MW95,14,2,3,4,0.0595253524061506,48.625,False,0.454233564217007
5k7b__B1_A8MW95--5k7b__A1_A8MW95,15,5,0,4,0.1921337560290853,45.84375,False,0.46352964358718074
5k7b__B1_A8MW95--5k7b__A1_A8MW95,16,3,2,4,0.1658997885753402,34.59375,False,0.4227641648149572
5k7b__B1_A8MW95--5k7b__A1_A8MW95,17,4,3,4,0.4791755748603096,31.109375,True,0.39546918741899106
5k7b__B1_A8MW95--5k7b__A1_A8MW95,18,4,2,4,0.4834069898186956,30.296875,True,0.3788506305770461
5k7b__B1_A8MW95--5k7b__A1_A8MW95,19,2,0,4,0.0103587464012921,25.953125,False,0.35733077335611085
5k7b__B1_A8MW95--5k7b__A1_A8MW95,20,5,1,4,0.0414166486333542,13.140625,False,0.34648426987439773
5kou__B1_Q82446--5kou__A1_Q82446,1,2,0,3,0.6771205752185793,84.8125,True,0.6528046337457452
5kou__B1_Q82446--5kou__A1_Q82446,2,4,0,3,0.6452514617809628,83.25,True,0.6159451199364132
5kou__B1_Q82446--5kou__A1_Q82446,3,4,2,3,0.7072078719152954,82.875,True,0.648134768060732
5kou__B1_Q82446--5kou__A1_Q82446,4,3,1,3,0.6734848729767157,82.375,True,0.6327094604546019
5kou__B1_Q82446--5kou__A1_Q82446,5,3,2,3,0.6349923336243212,79.25,True,0.5878387320707407
5kou__B1_Q82446--5kou__A1_Q82446,6,3,3,3,0.0566182939762365,78.9375,False,0.564659009437414
5kou__B1_Q82446--5kou__A1_Q82446,7,2,3,3,0.5902342039216397,78.9375,True,0.5839014685946747
5kou__B1_Q82446--5kou__A1_Q82446,8,2,2,3,0.6641392717158691,77.5625,True,0.5410566435208501
5kou__B1_Q82446--5kou__A1_Q82446,9,5,3,3,0.6579971014029717,77.5,True,0.5678410487339858
5kou__B1_Q82446--5kou__A1_Q82446,10,1,2,3,0.5779946166090618,76.0,True,0.5097196347047522
5kou__B1_Q82446--5kou__A1_Q82446,11,1,0,3,0.5343029118725466,74.4375,True,0.49890872778428913
5kou__B1_Q82446--5kou__A1_Q82446,12,4,3,3,0.5697706216303366,67.5625,True,0.483258191209408
5kou__B1_Q82446--5kou__A1_Q82446,13,2,1,3,0.4322811541040692,66.0625,True,0.43982089747656694
5kou__B1_Q82446--5kou__A1_Q82446,14,5,2,3,0.0583005570771707,66.0625,False,0.4489996793061644
5kou__B1_Q82446--5kou__A1_Q82446,15,3,0,3,0.0540247295337568,63.90625,False,0.4448885910743864
5kou__B1_Q82446--5kou__A1_Q82446,16,5,0,3,0.0463817330608497,63.53125,False,0.4109469555530231
5kou__B1_Q82446--5kou__A1_Q82446,17,5,1,3,0.0665689814705364,61.75,False,0.4127542234308459
5kou__B1_Q82446--5kou__A1_Q82446,18,1,1,3,0.2801547813829665,51.28125,True,0.394555950489785
5kou__B1_Q82446--5kou__A1_Q82446,19,4,1,3,0.0372588465363606,43.375,False,0.35969619555076593
5kou__B1_Q82446--5kou__A1_Q82446,20,1,3,3,0.1158426843451837,41.28125,False,0.3630418689366289
5ky2__A1_Q91ZW2--5ky2__B1_P70375,1,3,3,1,0.8103285266783248,94.5625,True,0.61448688400545
5ky2__A1_Q91ZW2--5ky2__B1_P70375,2,3,2,1,0.798465382458823,94.4375,True,0.6074155867160624
5ky2__A1_Q91ZW2--5ky2__B1_P70375,3,3,1,1,0.8034558838154506,94.375,True,0.5662183487063291
5ky2__A1_Q91ZW2--5ky2__B1_P70375,4,4,3,1,0.8081005276591432,94.375,True,0.5252921277690054
5ky2__A1_Q91ZW2--5ky2__B1_P70375,5,4,1,1,0.7912574987842863,94.375,True,0.5369581139086904
5ky2__A1_Q91ZW2--5ky2__B1_P70375,6,1,3,1,0.8281656421125222,94.3125,True,0.6142616642698112
5ky2__A1_Q91ZW2--5ky2__B1_P70375,7,5,2,1,0.7985241000928133,94.3125,True,0.6060492459976744
5ky2__A1_Q91ZW2--5ky2__B1_P70375,8,5,3,1,0.8157380847402896,94.125,True,0.575992437947763
5ky2__A1_Q91ZW2--5ky2__B1_P70375,9,1,2,1,0.823385352320174,94.0,True,0.5735992512526329
5ky2__A1_Q91ZW2--5ky2__B1_P70375,10,3,0,1,0.8060106352611203,93.875,True,0.5056963555084051
5ky2__A1_Q91ZW2--5ky2__B1_P70375,11,1,1,1,0.8351373800632986,93.8125,True,0.5399361409076129
5ky2__A1_Q91ZW2--5ky2__B1_P70375,12,5,0,1,0.7921573209914263,92.75,True,0.48114196977101314
5ky2__A1_Q91ZW2--5ky2__B1_P70375,13,1,0,1,0.8243808242880695,92.5625,True,0.4766081548087621
5ky2__A1_Q91ZW2--5ky2__B1_P70375,14,5,1,1,0.4737814512348363,63.5,True,0.45782454302577774
5ky2__A1_Q91ZW2--5ky2__B1_P70375,15,4,0,1,0.6143141813488037,53.09375,True,0.443869707501294
5ky2__A1_Q91ZW2--5ky2__B1_P70375,16,4,2,1,0.3272196461025898,51.40625,True,0.42066612354216326
5ky2__A1_Q91ZW2--5ky2__B1_P70375,17,2,0,1,0.0934888282097221,51.25,False,0.3977136541233743
5ky2__A1_Q91ZW2--5ky2__B1_P70375,18,2,1,1,0.0826241863448871,51.0,False,0.42477470959499497
5ky2__A1_Q91ZW2--5ky2__B1_P70375,19,2,3,1,0.4683125463728257,50.9375,True,0.39362774479432333
5ky2__A1_Q91ZW2--5ky2__B1_P70375,20,2,2,1,0.1296762492224868,50.59375,False,0.37694289000792175
5kyy__B1_O94855--5kyy__A1_Q15436,1,5,1,3,0.6528351641941849,90.5625,True,0.6571583942391744
5kyy__B1_O94855--5kyy__A1_Q15436,2,5,3,3,0.6476071670308007,90.375,True,0.6507180048614077
5kyy__B1_O94855--5kyy__A1_Q15436,3,5,0,3,0.6486951923232629,90.3125,True,0.5973505292858152
5kyy__B1_O94855--5kyy__A1_Q15436,4,4,0,3,0.6621104232345097,90.1875,True,0.6075417547290639
5kyy__B1_O94855--5kyy__A1_Q15436,5,4,3,3,0.6564435145479225,90.125,True,0.6078618252573386
5kyy__B1_O94855--5kyy__A1_Q15436,6,4,1,3,0.6629806357240982,90.0,True,0.5582002522162144
5kyy__B1_O94855--5kyy__A1_Q15436,7,5,2,3,0.6524298922853128,90.0,True,0.5381050006604962
5kyy__B1_O94855--5kyy__A1_Q15436,8,4,2,3,0.6592635903765954,90.0,True,0.5506232181158737
5kyy__B1_O94855--5kyy__A1_Q15436,9,3,0,3,0.6599963770282958,89.5,True,0.5562350145553783
5kyy__B1_O94855--5kyy__A1_Q15436,10,3,3,3,0.6616581116603898,89.4375,True,0.5619877505602594
5kyy__B1_O94855--5kyy__A1_Q15436,11,3,2,3,0.6667976323539571,89.25,True,0.5096319390708565
5kyy__B1_O94855--5kyy__A1_Q15436,12,1,0,3,0.6381992405982327,89.25,True,0.4843483196084062
5kyy__B1_O94855--5kyy__A1_Q15436,13,3,1,3,0.6644540247993556,89.0625,True,0.46998874188944106
5kyy__B1_O94855--5kyy__A1_Q15436,14,2,1,3,0.6346428038018562,88.9375,True,0.439921475131322
5kyy__B1_O94855--5kyy__A1_Q15436,15,1,3,3,0.6400965547905212,88.9375,True,0.4420142264672541
5kyy__B1_O94855--5kyy__A1_Q15436,16,1,2,3,0.6471375876954331,88.875,True,0.41608517176930604
5kyy__B1_O94855--5kyy__A1_Q15436,17,2,0,3,0.6387192460344977,88.5625,True,0.3982178956330653
5kyy__B1_O94855--5kyy__A1_Q15436,18,1,1,3,0.6398335407676502,88.4375,True,0.3874595487726935
5kyy__B1_O94855--5kyy__A1_Q15436,19,2,3,3,0.6280269980401965,88.25,True,0.3674825712994396
5kyy__B1_O94855--5kyy__A1_Q15436,20,2,2,3,0.632482928774993,88.25,True,0.3621523399177911
5l0w__A1_G0SH41--5l0w__B1_G0S0B5,1,5,1,1,0.6679242603817254,84.75,True,0.6693747138373591
5l0w__A1_G0SH41--5l0w__B1_G0S0B5,2,1,3,1,0.5753388764877969,82.4375,True,0.6821402063677255
5l0w__A1_G0SH41--5l0w__B1_G0S0B5,3,5,3,1,0.6611343002985305,80.6875,True,0.5969795539507585
5l0w__A1_G0SH41--5l0w__B1_G0S0B5,4,1,1,1,0.5709958017385031,80.1875,True,0.6113885280327065
5l0w__A1_G0SH41--5l0w__B1_G0S0B5,5,5,2,1,0.6580776198121159,78.625,True,0.5589585578968765
5l0w__A1_G0SH41--5l0w__B1_G0S0B5,6,4,3,1,0.5947707795759772,78.5625,True,0.5567738131873664
5l0w__A1_G0SH41--5l0w__B1_G0S0B5,7,4,0,1,0.6298340005815316,78.25,True,0.590386083738477
5l0w__A1_G0SH41--5l0w__B1_G0S0B5,8,4,1,1,0.5927690254184034,78.0625,True,0.5659800424673641
5l0w__A1_G0SH41--5l0w__B1_G0S0B5,9,1,0,1,0.5845234402654679,77.5,True,0.5087636869361697
5l0w__A1_G0SH41--5l0w__B1_G0S0B5,10,1,2,1,0.5769795012489831,77.4375,True,0.5201342316416673
5l0w__A1_G0SH41--5l0w__B1_G0S0B5,11,4,2,1,0.5968649445110207,76.9375,True,0.5241463013877979
5l0w__A1_G0SH41--5l0w__B1_G0S0B5,12,2,3,1,0.6090474446491703,75.4375,True,0.4961085126424811
5l0w__A1_G0SH41--5l0w__B1_G0S0B5,13,2,2,1,0.6019212183213476,75.0625,True,0.4666454631128537
5l0w__A1_G0SH41--5l0w__B1_G0S0B5,14,3,0,1,0.6245868046061714,74.9375,True,0.3964037537609745
5l0w__A1_G0SH41--5l0w__B1_G0S0B5,15,2,0,1,0.6040978718520332,74.9375,True,0.43359891307971166
5l0w__A1_G0SH41--5l0w__B1_G0S0B5,16,5,0,1,0.5813640692815024,74.875,True,0.40892202372309894
5l0w__A1_G0SH41--5l0w__B1_G0S0B5,17,2,1,1,0.6037521281477559,74.6875,True,0.4259977729350909
5l0w__A1_G0SH41--5l0w__B1_G0S0B5,18,3,2,1,0.6177054716027036,74.5625,True,0.36561386069384544
5l0w__A1_G0SH41--5l0w__B1_G0S0B5,19,3,3,1,0.6240586178140334,74.1875,True,0.3848568363513585
5l0w__A1_G0SH41--5l0w__B1_G0S0B5,20,3,1,1,0.6211993704128879,72.875,True,0.3690782611173359
5l1m__A1_Q8WXE0--5l1m__A2_Q8WXE0,1,4,2,0,0.1701336070903564,46.09375,False,0.6562668252567563
5l1m__A1_Q8WXE0--5l1m__A2_Q8WXE0,2,1,3,0,0.2172306964643301,42.09375,False,0.6279338082027612
5l1m__A1_Q8WXE0--5l1m__A2_Q8WXE0,3,3,0,0,0.0500601286660316,26.75,False,0.5714030375984724
5l1m__A1_Q8WXE0--5l1m__A2_Q8WXE0,4,3,3,0,0.0453250380971624,25.984375,False,0.5747314140097284
5l1m__A1_Q8WXE0--5l1m__A2_Q8WXE0,5,3,1,0,0.0567099742450251,24.328125,False,0.5285279874608978
5l1m__A1_Q8WXE0--5l1m__A2_Q8WXE0,6,1,2,0,0.0127826604571194,24.078125,False,0.5839237805861459
5l1m__A1_Q8WXE0--5l1m__A2_Q8WXE0,7,3,2,0,0.0727528023743312,23.46875,False,0.5270058503284609
5l1m__A1_Q8WXE0--5l1m__A2_Q8WXE0,8,1,1,0,0.0126657897990931,21.421875,False,0.5196140610829757
5l1m__A1_Q8WXE0--5l1m__A2_Q8WXE0,9,5,2,0,0.0183891146309736,21.109375,False,0.5591297212150249
5l1m__A1_Q8WXE0--5l1m__A2_Q8WXE0,10,1,0,0,0.0119940784373831,20.359375,False,0.5328226634601289
5l1m__A1_Q8WXE0--5l1m__A2_Q8WXE0,11,5,3,0,0.0657960372274744,18.125,False,0.45802100485294683
5l1m__A1_Q8WXE0--5l1m__A2_Q8WXE0,12,4,0,0,0.0387511267418351,17.34375,False,0.45622739072049046
5l1m__A1_Q8WXE0--5l1m__A2_Q8WXE0,13,5,1,0,0.0601601432682436,17.28125,False,0.42897064959353354
5l1m__A1_Q8WXE0--5l1m__A2_Q8WXE0,14,4,1,0,0.0478668170209305,17.21875,False,0.4337874953304188
5l1m__A1_Q8WXE0--5l1m__A2_Q8WXE0,15,4,3,0,0.0449953384587317,16.453125,False,0.414382866920606
5l1m__A1_Q8WXE0--5l1m__A2_Q8WXE0,16,2,0,0,0.0447909551645393,16.40625,False,0.4936787315227976
5l1m__A1_Q8WXE0--5l1m__A2_Q8WXE0,17,2,3,0,0.0481660984041568,16.359375,False,0.493853561590069
5l1m__A1_Q8WXE0--5l1m__A2_Q8WXE0,18,5,0,0,0.0566032874410662,16.3125,False,0.397915876358211
5l1m__A1_Q8WXE0--5l1m__A2_Q8WXE0,19,2,1,0,0.0539583422919498,15.9453125,False,0.4555175906619959
5l1m__A1_Q8WXE0--5l1m__A2_Q8WXE0,20,2,2,0,0.0510268264731574,15.734375,False,0.4411809864009936
5lda__A1_Q8U1Y4--5lda__B1_Q8U1Z3,1,3,1,2,0.4552505226553542,72.5625,True,0.6391188480031311
5lda__A1_Q8U1Y4--5lda__B1_Q8U1Z3,2,5,2,2,0.436502941743613,72.25,True,0.6305881551082474
5lda__A1_Q8U1Y4--5lda__B1_Q8U1Z3,3,3,3,2,0.4610889033865135,71.8125,True,0.6143899476729139
5lda__A1_Q8U1Y4--5lda__B1_Q8U1Z3,4,1,1,2,0.2927441602338049,62.34375,True,0.6005069364098622
5lda__A1_Q8U1Y4--5lda__B1_Q8U1Z3,5,1,2,2,0.2931764930119181,61.9375,True,0.586460526759568
5lda__A1_Q8U1Y4--5lda__B1_Q8U1Z3,6,1,0,2,0.2976298873197223,59.5625,True,0.5722720170601946
5lda__A1_Q8U1Y4--5lda__B1_Q8U1Z3,7,1,3,2,0.2995853951161838,52.34375,True,0.5579636243531853
5lda__A1_Q8U1Y4--5lda__B1_Q8U1Z3,8,5,3,2,0.3292480611091676,40.15625,True,0.5435583516824813
5lda__A1_Q8U1Y4--5lda__B1_Q8U1Z3,9,3,2,2,0.3074832578840332,37.65625,True,0.5290798445892958
5lda__A1_Q8U1Y4--5lda__B1_Q8U1Z3,10,2,0,2,0.1421373826099568,33.1875,False,0.5091465490031091
5lda__A1_Q8U1Y4--5lda__B1_Q8U1Z3,11,5,1,2,0.3044642419344611,33.0,True,0.5090088608214577
5lda__A1_Q8U1Y4--5lda__B1_Q8U1Z3,12,4,2,2,0.2007653111278265,32.28125,False,0.47438002313837874
5lda__A1_Q8U1Y4--5lda__B1_Q8U1Z3,13,2,3,2,0.1468301439172111,31.96875,False,0.4617952468863371
5lda__A1_Q8U1Y4--5lda__B1_Q8U1Z3,14,3,0,2,0.2736485338667683,29.625,True,0.4587695600719338
5lda__A1_Q8U1Y4--5lda__B1_Q8U1Z3,15,5,0,2,0.2864796000445014,29.515625,True,0.4707419492886027
5lda__A1_Q8U1Y4--5lda__B1_Q8U1Z3,16,2,2,2,0.1313682958536947,27.46875,False,0.41882882571058566
5lda__A1_Q8U1Y4--5lda__B1_Q8U1Z3,17,2,1,2,0.0876419052562575,26.234375,False,0.4082017601371269
5lda__A1_Q8U1Y4--5lda__B1_Q8U1Z3,18,4,0,2,0.1333762749562706,23.453125,False,0.40479479269202606
5lda__A1_Q8U1Y4--5lda__B1_Q8U1Z3,19,4,1,2,0.081339025715108,20.90625,False,0.385610052327086
5lda__A1_Q8U1Y4--5lda__B1_Q8U1Z3,20,4,3,2,0.0295654945701542,20.4375,False,0.36677426352447984
5lsb__A1_Q99181--5lsb__B1_Q02554,1,4,1,2,0.6927731367981192,91.25,True,0.5897607714764702
5lsb__A1_Q99181--5lsb__B1_Q02554,2,4,0,2,0.6923013647200048,91.125,True,0.622769337819273
5lsb__A1_Q99181--5lsb__B1_Q02554,3,3,0,2,0.6902587010839096,90.5625,True,0.6250596680793041
5lsb__A1_Q99181--5lsb__B1_Q02554,4,4,3,2,0.6946097510194912,90.5625,True,0.572707644890649
5lsb__A1_Q99181--5lsb__B1_Q02554,5,4,2,2,0.6870951354546112,90.375,True,0.5415551920609315
5lsb__A1_Q99181--5lsb__B1_Q02554,6,5,3,2,0.6956137752125627,90.1875,True,0.5417352918595585
5lsb__A1_Q99181--5lsb__B1_Q02554,7,1,0,2,0.6934859461295573,90.1875,True,0.5285921370892503
5lsb__A1_Q99181--5lsb__B1_Q02554,8,1,2,2,0.6914883000684737,90.125,True,0.5132003347033394
5lsb__A1_Q99181--5lsb__B1_Q02554,9,3,2,2,0.7010990518854242,90.0625,True,0.5209331246675444
5lsb__A1_Q99181--5lsb__B1_Q02554,10,5,0,2,0.6933468834347117,90.0625,True,0.5584468067029313
5lsb__A1_Q99181--5lsb__B1_Q02554,11,3,3,2,0.6939800823497572,90.0,True,0.5431758711840664
5lsb__A1_Q99181--5lsb__B1_Q02554,12,1,3,2,0.6909346357927526,89.8125,True,0.45892676207214284
5lsb__A1_Q99181--5lsb__B1_Q02554,13,2,0,2,0.6944919311097948,89.8125,True,0.4754535681830474
5lsb__A1_Q99181--5lsb__B1_Q02554,14,1,1,2,0.6944469274205565,89.75,True,0.47464920759989065
5lsb__A1_Q99181--5lsb__B1_Q02554,15,5,2,2,0.6938502148346878,89.625,True,0.47214619257927337
5lsb__A1_Q99181--5lsb__B1_Q02554,16,3,1,2,0.6958759133814184,89.5625,True,0.42917658461702357
5lsb__A1_Q99181--5lsb__B1_Q02554,17,5,1,2,0.6946625091472938,89.5625,True,0.46629252883018163
5lsb__A1_Q99181--5lsb__B1_Q02554,18,2,1,2,0.6934874205087059,89.4375,True,0.41886260493848376
5lsb__A1_Q99181--5lsb__B1_Q02554,19,2,3,2,0.6920524023596569,89.1875,True,0.40302400637589664
5lsb__A1_Q99181--5lsb__B1_Q02554,20,2,2,2,0.6926135213771557,89.0625,True,0.3863863071546409
5ltu__B1_Q9NZJ9--5ltu__A1_Q9NZJ9,1,1,1,3,0.0109808237333227,20.015625,False,0.6760080924149401
5ltu__B1_Q9NZJ9--5ltu__A1_Q9NZJ9,2,1,0,3,0.0119010428089789,19.1875,False,0.6575453646135854
5ltu__B1_Q9NZJ9--5ltu__A1_Q9NZJ9,3,1,3,3,0.0111303036537941,18.921875,False,0.6130093905754257
5ltu__B1_Q9NZJ9--5ltu__A1_Q9NZJ9,4,1,2,3,0.011460857563814,18.796875,False,0.6222483074422
5ltu__B1_Q9NZJ9--5ltu__A1_Q9NZJ9,5,4,1,3,0.0087501728378013,17.09375,False,0.5704301763221999
5ltu__B1_Q9NZJ9--5ltu__A1_Q9NZJ9,6,4,0,3,0.0103780054088557,16.984375,False,0.5289513583238179
5ltu__B1_Q9NZJ9--5ltu__A1_Q9NZJ9,7,2,0,3,0.0430842132104507,16.5625,False,0.6349428461936357
5ltu__B1_Q9NZJ9--5ltu__A1_Q9NZJ9,8,5,3,3,0.2091030205551426,16.5625,False,0.4482516603343014
5ltu__B1_Q9NZJ9--5ltu__A1_Q9NZJ9,9,3,3,3,0.2756204294211361,16.546875,True,0.4870251079603208
5ltu__B1_Q9NZJ9--5ltu__A1_Q9NZJ9,10,2,3,3,0.0596602303752677,16.34375,False,0.5569277357387303
5ltu__B1_Q9NZJ9--5ltu__A1_Q9NZJ9,11,3,1,3,0.3024512721657661,16.203125,True,0.42107193063868714
5ltu__B1_Q9NZJ9--5ltu__A1_Q9NZJ9,12,5,0,3,0.3391830334693274,16.1875,True,0.4366001656039381
5ltu__B1_Q9NZJ9--5ltu__A1_Q9NZJ9,13,2,1,3,0.0373849894181725,16.15625,False,0.5749329366151696
5ltu__B1_Q9NZJ9--5ltu__A1_Q9NZJ9,14,4,2,3,0.0097170760679472,16.140625,False,0.4849986464271202
5ltu__B1_Q9NZJ9--5ltu__A1_Q9NZJ9,15,5,2,3,0.2793467491076417,16.015625,True,0.4007248764386138
5ltu__B1_Q9NZJ9--5ltu__A1_Q9NZJ9,16,4,3,3,0.0091264058709981,15.953125,False,0.4533547771698959
5ltu__B1_Q9NZJ9--5ltu__A1_Q9NZJ9,17,2,2,3,0.0275313456454437,15.8359375,False,0.5240174806627266
5ltu__B1_Q9NZJ9--5ltu__A1_Q9NZJ9,18,3,2,3,0.1076420080245112,15.53125,False,0.3314643104580336
5ltu__B1_Q9NZJ9--5ltu__A1_Q9NZJ9,19,3,0,3,0.0832041987527873,15.5234375,False,0.3781100190591808
5ltu__B1_Q9NZJ9--5ltu__A1_Q9NZJ9,20,5,1,3,0.1418762686473563,15.5,False,0.36004718354081056
5lxr__A1_Q9Y580--5lxr__B1_Q6NZY4,1,4,1,3,0.9139293593944988,88.8125,True,0.6614858700232774
5lxr__A1_Q9Y580--5lxr__B1_Q6NZY4,2,4,3,3,0.9139057381406194,88.6875,True,0.6463264740952176
5lxr__A1_Q9Y580--5lxr__B1_Q6NZY4,3,4,0,3,0.9077136949062128,87.8125,True,0.6308670418386041
5lxr__A1_Q9Y580--5lxr__B1_Q6NZY4,4,4,2,3,0.9126860555239514,85.5,True,0.6151342470186344
5lxr__A1_Q9Y580--5lxr__B1_Q6NZY4,5,1,1,3,0.884607470452988,82.75,True,0.5991569604251347
5lxr__A1_Q9Y580--5lxr__B1_Q6NZY4,6,1,2,3,0.7986617181870419,82.125,True,0.5783021745125292
5lxr__A1_Q9Y580--5lxr__B1_Q6NZY4,7,5,3,3,0.8471814309188689,81.625,True,0.5676382776623329
5lxr__A1_Q9Y580--5lxr__B1_Q6NZY4,8,2,1,3,0.7631783129512261,81.125,True,0.4922144024411363
5lxr__A1_Q9Y580--5lxr__B1_Q6NZY4,9,1,0,3,0.8336936057524945,81.125,True,0.557727080571311
5lxr__A1_Q9Y580--5lxr__B1_Q6NZY4,10,5,2,3,0.8160762450040128,81.125,True,0.5129636779790393
5lxr__A1_Q9Y580--5lxr__B1_Q6NZY4,11,1,3,3,0.787180844678121,81.0625,True,0.41985822800431283
5lxr__A1_Q9Y580--5lxr__B1_Q6NZY4,12,5,1,3,0.785826316920974,80.625,True,0.5025049150134405
5lxr__A1_Q9Y580--5lxr__B1_Q6NZY4,13,3,1,3,0.8229284887208864,80.3125,True,0.4900497850369416
5lxr__A1_Q9Y580--5lxr__B1_Q6NZY4,14,3,3,3,0.8350155302953466,80.0,True,0.4584219807619596
5lxr__A1_Q9Y580--5lxr__B1_Q6NZY4,15,5,0,3,0.8299266037149811,79.9375,True,0.4597982781993281
5lxr__A1_Q9Y580--5lxr__B1_Q6NZY4,16,2,2,3,0.8181087854431418,79.5625,True,0.4208182132159667
5lxr__A1_Q9Y580--5lxr__B1_Q6NZY4,17,2,3,3,0.7698388225562466,79.5625,True,0.4208729991546294
5lxr__A1_Q9Y580--5lxr__B1_Q6NZY4,18,3,0,3,0.8157900889976338,79.3125,True,0.3986101418290175
5lxr__A1_Q9Y580--5lxr__B1_Q6NZY4,19,3,2,3,0.8369760541243579,78.0625,True,0.37363076732827105
5lxr__A1_Q9Y580--5lxr__B1_Q6NZY4,20,2,0,3,0.7920778901968406,73.8125,True,0.35367352590478235
5min__B1_P13650--5min__A1_P13650,1,2,1,2,0.8675158836776174,93.5625,True,0.6189720306010791
5min__B1_P13650--5min__A1_P13650,2,5,1,2,0.8783553026969839,93.5,True,0.5988087578008598
5min__B1_P13650--5min__A1_P13650,3,2,0,2,0.864076307295818,93.5,True,0.6080991955862141
5min__B1_P13650--5min__A1_P13650,4,2,3,2,0.8723926138538922,93.4375,True,0.5933043168135371
5min__B1_P13650--5min__A1_P13650,5,1,2,2,0.84503088392831,93.375,True,0.5938468054974009
5min__B1_P13650--5min__A1_P13650,6,1,0,2,0.8712838593642575,93.375,True,0.6017748102066947
5min__B1_P13650--5min__A1_P13650,7,1,1,2,0.864191215520358,93.3125,True,0.5837510549303123
5min__B1_P13650--5min__A1_P13650,8,5,0,2,0.7727118095563709,93.1875,True,0.5387328088475476
5min__B1_P13650--5min__A1_P13650,9,2,2,2,0.8711004331168098,92.75,True,0.5387517917890156
5min__B1_P13650--5min__A1_P13650,10,1,3,2,0.0926517060513684,23.21875,False,0.5420217554556592
5min__B1_P13650--5min__A1_P13650,11,4,2,2,0.0051478790047312,22.328125,False,0.5099043100831017
5min__B1_P13650--5min__A1_P13650,12,4,1,2,0.0051580510963602,21.984375,False,0.506840564818414
5min__B1_P13650--5min__A1_P13650,13,4,0,2,0.0085540310595782,21.5,False,0.4496015121784774
5min__B1_P13650--5min__A1_P13650,14,4,3,2,0.0049737161874357,21.46875,False,0.4724919630732471
5min__B1_P13650--5min__A1_P13650,15,3,1,2,0.022716109353739,20.96875,False,0.42770928444794165
5min__B1_P13650--5min__A1_P13650,16,3,2,2,0.0207761091898053,20.796875,False,0.40102580329534154
5min__B1_P13650--5min__A1_P13650,17,3,3,2,0.024596515035498,20.796875,False,0.39430019116698106
5min__B1_P13650--5min__A1_P13650,18,3,0,2,0.0194395784011758,20.78125,False,0.39934257891151487
5min__B1_P13650--5min__A1_P13650,19,5,2,2,0.0061918363357072,20.59375,False,0.39004482010432373
5min__B1_P13650--5min__A1_P13650,20,5,3,2,0.0148615032844415,20.21875,False,0.3756702046336188
5mxg__A1_C7BLE4--5mxg__A2_C7BLE4,1,3,1,3,0.8656301051348044,86.875,True,0.6614858700232774
5mxg__A1_C7BLE4--5mxg__A2_C7BLE4,2,3,2,3,0.8469806027599812,84.5625,True,0.6463264740952176
5mxg__A1_C7BLE4--5mxg__A2_C7BLE4,3,3,3,3,0.8308394991186422,83.6875,True,0.6308670418386041
5mxg__A1_C7BLE4--5mxg__A2_C7BLE4,4,3,0,3,0.8357869552376304,79.6875,True,0.6161671369746626
5mxg__A1_C7BLE4--5mxg__A2_C7BLE4,5,2,3,3,0.6237192057353315,74.875,True,0.5981081522573263
5mxg__A1_C7BLE4--5mxg__A2_C7BLE4,6,2,1,3,0.7459308013040328,73.6875,True,0.5829660685218538
5mxg__A1_C7BLE4--5mxg__A2_C7BLE4,7,1,1,3,0.4069003590846784,62.21875,True,0.5581856120341384
5mxg__A1_C7BLE4--5mxg__A2_C7BLE4,8,1,2,3,0.1757054590957476,59.71875,False,0.5537608763303984
5mxg__A1_C7BLE4--5mxg__A2_C7BLE4,9,5,2,3,0.147042044648932,57.59375,False,0.5393226055621966
5mxg__A1_C7BLE4--5mxg__A2_C7BLE4,10,5,3,3,0.1954402762485293,53.4375,False,0.5107931597511758
5mxg__A1_C7BLE4--5mxg__A2_C7BLE4,11,5,0,3,0.5470363281117785,53.15625,True,0.5188315219625521
5mxg__A1_C7BLE4--5mxg__A2_C7BLE4,12,4,1,3,0.3017525345310246,49.21875,True,0.484320250059765
5mxg__A1_C7BLE4--5mxg__A2_C7BLE4,13,5,1,3,0.3213266426724216,45.9375,True,0.4669612069599334
5mxg__A1_C7BLE4--5mxg__A2_C7BLE4,14,4,0,3,0.4336122576339202,43.625,True,0.4455649700259294
5mxg__A1_C7BLE4--5mxg__A2_C7BLE4,15,4,2,3,0.0208866429488439,42.40625,False,0.36543771043150236
5mxg__A1_C7BLE4--5mxg__A2_C7BLE4,16,1,3,3,0.2112348482832653,37.625,False,0.4306491608728713
5mxg__A1_C7BLE4--5mxg__A2_C7BLE4,17,1,0,3,0.2079817398688415,36.84375,False,0.41319201586174414
5mxg__A1_C7BLE4--5mxg__A2_C7BLE4,18,4,3,3,0.1875493321434935,36.5625,False,0.397075599184718
5mxg__A1_C7BLE4--5mxg__A2_C7BLE4,19,2,0,3,0.0369287143526233,26.59375,False,0.3804386732172056
5mxg__A1_C7BLE4--5mxg__A2_C7BLE4,20,2,2,3,0.0452956695331685,20.359375,False,0.3613077742321703
5swi__A1_A0A0Y0HIE3--5swi__D1_A0A0Y0HIE3,1,1,2,2,0.8018132955644736,86.5,True,0.6415858834017127
5swi__A1_A0A0Y0HIE3--5swi__D1_A0A0Y0HIE3,2,1,3,2,0.8105070784687841,86.0,True,0.6280893012284724
5swi__A1_A0A0Y0HIE3--5swi__D1_A0A0Y0HIE3,3,1,0,2,0.7958283918662962,84.75,True,0.6143899476729139
5swi__A1_A0A0Y0HIE3--5swi__D1_A0A0Y0HIE3,4,1,1,2,0.796575156594554,81.5625,True,0.6005069364098622
5swi__A1_A0A0Y0HIE3--5swi__D1_A0A0Y0HIE3,5,4,2,2,0.7967031624018257,72.25,True,0.6097601756479871
5swi__A1_A0A0Y0HIE3--5swi__D1_A0A0Y0HIE3,6,4,1,2,0.7974928372776561,71.9375,True,0.5635382386497533
5swi__A1_A0A0Y0HIE3--5swi__D1_A0A0Y0HIE3,7,4,0,2,0.79621049282003,71.0625,True,0.557155653905601
5swi__A1_A0A0Y0HIE3--5swi__D1_A0A0Y0HIE3,8,4,3,2,0.7985138312793773,70.5,True,0.5384060618043569
5swi__A1_A0A0Y0HIE3--5swi__D1_A0A0Y0HIE3,9,2,1,2,0.7900431152182534,70.0625,True,0.5167894509453013
5swi__A1_A0A0Y0HIE3--5swi__D1_A0A0Y0HIE3,10,5,0,2,0.7951994874216065,70.0,True,0.5280935699908981
5swi__A1_A0A0Y0HIE3--5swi__D1_A0A0Y0HIE3,11,2,2,2,0.7699020954089786,69.75,True,0.5170761366497538
5swi__A1_A0A0Y0HIE3--5swi__D1_A0A0Y0HIE3,12,5,1,2,0.7944801044705564,69.5625,True,0.47721755579709135
5swi__A1_A0A0Y0HIE3--5swi__D1_A0A0Y0HIE3,13,5,3,2,0.7939156799320669,69.1875,True,0.4674694290089331
5swi__A1_A0A0Y0HIE3--5swi__D1_A0A0Y0HIE3,14,2,3,2,0.7751876554679066,69.125,True,0.4645560404521249
5swi__A1_A0A0Y0HIE3--5swi__D1_A0A0Y0HIE3,15,5,2,2,0.781055179541348,68.5,True,0.4198197201992043
5swi__A1_A0A0Y0HIE3--5swi__D1_A0A0Y0HIE3,16,2,0,2,0.7646005941355556,67.1875,True,0.4342079895122147
5swi__A1_A0A0Y0HIE3--5swi__D1_A0A0Y0HIE3,17,3,1,2,0.787747076669668,59.5625,True,0.41746373809427756
5swi__A1_A0A0Y0HIE3--5swi__D1_A0A0Y0HIE3,18,3,0,2,0.7776857071433051,57.03125,True,0.39949306359013786
5swi__A1_A0A0Y0HIE3--5swi__D1_A0A0Y0HIE3,19,3,3,2,0.7801606348280572,56.8125,True,0.38088686805805944
5swi__A1_A0A0Y0HIE3--5swi__D1_A0A0Y0HIE3,20,3,2,2,0.7767926214395985,56.78125,True,0.3652794662914059
5t3r__B1_Q8A6W3--5t3r__A1_Q8A6W4,1,4,2,4,0.8228336814370018,93.9375,True,0.6603814440307719
5t3r__B1_Q8A6W3--5t3r__A1_Q8A6W4,2,4,3,4,0.8141257442357507,93.875,True,0.6428804957603693
5t3r__B1_Q8A6W3--5t3r__A1_Q8A6W4,3,5,3,4,0.8188399419784291,93.75,True,0.5656033046388184
5t3r__B1_Q8A6W3--5t3r__A1_Q8A6W4,4,5,0,4,0.8208090971985316,93.6875,True,0.5047199777641038
5t3r__B1_Q8A6W3--5t3r__A1_Q8A6W4,5,5,2,4,0.8195660426953403,93.6875,True,0.46559501496486916
5t3r__B1_Q8A6W3--5t3r__A1_Q8A6W4,6,4,0,4,0.808289636852315,93.625,True,0.5599301993564367
5t3r__B1_Q8A6W3--5t3r__A1_Q8A6W4,7,4,1,4,0.8039298963191283,93.5,True,0.5171411836188125
5t3r__B1_Q8A6W3--5t3r__A1_Q8A6W4,8,5,1,4,0.8104611656022612,93.5,True,0.5187220355172166
5t3r__B1_Q8A6W3--5t3r__A1_Q8A6W4,9,3,2,4,0.8346346111886488,93.375,True,0.4881315897746193
5t3r__B1_Q8A6W3--5t3r__A1_Q8A6W4,10,3,3,4,0.8296636530830203,93.3125,True,0.4801077825485003
5t3r__B1_Q8A6W3--5t3r__A1_Q8A6W4,11,1,2,4,0.8315130362593766,93.25,True,0.5982605468769718
5t3r__B1_Q8A6W3--5t3r__A1_Q8A6W4,12,1,3,4,0.8153091103951118,93.25,True,0.6087211462690066
5t3r__B1_Q8A6W3--5t3r__A1_Q8A6W4,13,3,1,4,0.8173121904879292,93.125,True,0.46728000267255004
5t3r__B1_Q8A6W3--5t3r__A1_Q8A6W4,14,1,0,4,0.8237096035436658,93.125,True,0.5614080546346167
5t3r__B1_Q8A6W3--5t3r__A1_Q8A6W4,15,1,1,4,0.8216061085584739,93.0625,True,0.5660803018184928
5t3r__B1_Q8A6W3--5t3r__A1_Q8A6W4,16,3,0,4,0.8207405538529612,93.0625,True,0.41301084779426367
5t3r__B1_Q8A6W3--5t3r__A1_Q8A6W4,17,2,2,4,0.8301652900225314,92.4375,True,0.40847268310213397
5t3r__B1_Q8A6W3--5t3r__A1_Q8A6W4,18,2,0,4,0.816780300318348,92.1875,True,0.40850964103936377
5t3r__B1_Q8A6W3--5t3r__A1_Q8A6W4,19,2,3,4,0.8200015259776507,92.0625,True,0.3820894520945878
5t3r__B1_Q8A6W3--5t3r__A1_Q8A6W4,20,2,1,4,0.7973175050878983,91.5625,True,0.35345687370906326
5t5s__A1_P49588--5t5s__A2_P49588,1,4,2,0,0.4011343740216402,35.59375,True,0.6812735643460436
5t5s__A1_P49588--5t5s__A2_P49588,2,4,3,0,0.3388752937231325,28.53125,True,0.6644242869887483
5t5s__A1_P49588--5t5s__A2_P49588,3,4,1,0,0.3766700177412764,28.125,True,0.6471456200984462
5t5s__A1_P49588--5t5s__A2_P49588,4,3,2,0,0.1889707646724095,24.96875,False,0.6185711166882354
5t5s__A1_P49588--5t5s__A2_P49588,5,3,0,0,0.2823260835243731,24.203125,True,0.6114475492094045
5t5s__A1_P49588--5t5s__A2_P49588,6,3,1,0,0.3859049577330649,23.765625,True,0.6020514374278483
5t5s__A1_P49588--5t5s__A2_P49588,7,4,0,0,0.2317155618854654,23.28125,True,0.5767828060462764
5t5s__A1_P49588--5t5s__A2_P49588,8,3,3,0,0.3121857200855027,22.125,True,0.5557000290186127
5t5s__A1_P49588--5t5s__A2_P49588,9,5,1,0,0.0273081200434575,19.5,False,0.524791821025259
5t5s__A1_P49588--5t5s__A2_P49588,10,5,2,0,0.0282237365141142,19.296875,False,0.5249662453500089
5t5s__A1_P49588--5t5s__A2_P49588,11,5,0,0,0.019246935795783,19.21875,False,0.50316111981594
5t5s__A1_P49588--5t5s__A2_P49588,12,5,3,0,0.0257135760812529,18.703125,False,0.47224457731550623
5t5s__A1_P49588--5t5s__A2_P49588,13,1,3,0,0.0151632478329589,18.671875,False,0.458197753726613
5t5s__A1_P49588--5t5s__A2_P49588,14,1,1,0,0.0177166801863903,18.46875,False,0.4295864731973752
5t5s__A1_P49588--5t5s__A2_P49588,15,1,2,0,0.0261873407788419,18.109375,False,0.4297578710668559
5t5s__A1_P49588--5t5s__A2_P49588,16,2,2,0,0.0118486878293025,17.765625,False,0.3951040304057252
5t5s__A1_P49588--5t5s__A2_P49588,17,2,0,0,0.01095902236679,17.28125,False,0.3611381727843502
5t5s__A1_P49588--5t5s__A2_P49588,18,2,1,0,0.0106689514790805,17.203125,False,0.3877579091320138
5t5s__A1_P49588--5t5s__A2_P49588,19,2,3,0,0.0103805019617093,17.1875,False,0.3547183029533151
5t5s__A1_P49588--5t5s__A2_P49588,20,1,0,0,0.0109846998148857,16.890625,False,0.3538818703581151
5tbk__J1_P18754--5tbk__A1_O00629,1,5,1,0,0.7471234387290312,85.875,True,0.6413575525741263
5tbk__J1_P18754--5tbk__A1_O00629,2,5,3,0,0.745075879732846,85.75,True,0.6219898498177523
5tbk__J1_P18754--5tbk__A1_O00629,3,4,3,0,0.7417787919583153,85.1875,True,0.6355447537572927
5tbk__J1_P18754--5tbk__A1_O00629,4,5,2,0,0.6763213948866532,85.125,True,0.5925854736380067
5tbk__J1_P18754--5tbk__A1_O00629,5,4,1,0,0.7388693482638775,85.0625,True,0.6160510643354327
5tbk__J1_P18754--5tbk__A1_O00629,6,5,0,0,0.6891096835984998,84.375,True,0.5591667982149311
5tbk__J1_P18754--5tbk__A1_O00629,7,3,3,0,0.7320305017288211,83.625,True,0.5772369877468188
5tbk__J1_P18754--5tbk__A1_O00629,8,4,0,0,0.7102613557996998,82.75,True,0.5422773354159632
5tbk__J1_P18754--5tbk__A1_O00629,9,3,1,0,0.6857666324539246,82.3125,True,0.5487944290151776
5tbk__J1_P18754--5tbk__A1_O00629,10,2,2,0,0.590458088692568,81.875,True,0.5397895273475993
5tbk__J1_P18754--5tbk__A1_O00629,11,3,2,0,0.6777227453844515,81.5,True,0.4956206134833361
5tbk__J1_P18754--5tbk__A1_O00629,12,1,2,0,0.6971180610622106,80.75,True,0.47218361716209883
5tbk__J1_P18754--5tbk__A1_O00629,13,2,1,0,0.6654691131950238,80.5625,True,0.45157466420979453
5tbk__J1_P18754--5tbk__A1_O00629,14,2,0,0,0.6226866932369034,80.5,True,0.44232495525776755
5tbk__J1_P18754--5tbk__A1_O00629,15,1,1,0,0.6891976833715691,80.4375,True,0.4117625170948178
5tbk__J1_P18754--5tbk__A1_O00629,16,3,0,0,0.6969433757995516,80.25,True,0.43704442251232317
5tbk__J1_P18754--5tbk__A1_O00629,17,4,2,0,0.7029314385653187,80.125,True,0.4007138697172578
5tbk__J1_P18754--5tbk__A1_O00629,18,2,3,0,0.7031239643884165,79.9375,True,0.42936875652548295
5tbk__J1_P18754--5tbk__A1_O00629,19,1,0,0,0.7186063529099643,79.375,True,0.3830984927565454
5tbk__J1_P18754--5tbk__A1_O00629,20,1,3,0,0.03643451917152,55.125,False,0.35846526227729325
5tc2__A1_P04585--5tc2__B1_P04585,1,4,1,3,0.8044065534328168,73.5,True,0.6614858700232774
5tc2__A1_P04585--5tc2__B1_P04585,2,4,3,3,0.8302807901575169,73.25,True,0.6463264740952176
5tc2__A1_P04585--5tc2__B1_P04585,3,4,2,3,0.8107122169885033,72.875,True,0.6308670418386041
5tc2__A1_P04585--5tc2__B1_P04585,4,4,0,3,0.814313304522125,72.125,True,0.6161671369746626
5tc2__A1_P04585--5tc2__B1_P04585,5,2,0,3,0.5807593412304763,71.125,True,0.5981081522573263
5tc2__A1_P04585--5tc2__B1_P04585,6,1,2,3,0.1187481245985124,68.0625,False,0.5735967820444957
5tc2__A1_P04585--5tc2__B1_P04585,7,1,0,3,0.1198241009576846,67.0,False,0.5582133284846006
5tc2__A1_P04585--5tc2__B1_P04585,8,3,0,3,0.6524265465440345,66.5625,True,0.5484923670915666
5tc2__A1_P04585--5tc2__B1_P04585,9,3,2,3,0.5426907527661314,66.3125,True,0.5344312452043577
5tc2__A1_P04585--5tc2__B1_P04585,10,3,1,3,0.7117716471167687,65.5,True,0.5150991458443217
5tc2__A1_P04585--5tc2__B1_P04585,11,5,1,3,0.5800264701642809,65.0625,True,0.4716544079905592
5tc2__A1_P04585--5tc2__B1_P04585,12,5,0,3,0.5710102292646648,65.0,True,0.48062761519288194
5tc2__A1_P04585--5tc2__B1_P04585,13,5,2,3,0.5722138187596558,64.9375,True,0.47026428354843874
5tc2__A1_P04585--5tc2__B1_P04585,14,1,3,3,0.117267942587467,64.75,False,0.49962355602061076
5tc2__A1_P04585--5tc2__B1_P04585,15,5,3,3,0.5635504234126191,63.71875,True,0.4323617223376671
5tc2__A1_P04585--5tc2__B1_P04585,16,2,1,3,0.1164332229593198,62.40625,False,0.4159184837798964
5tc2__A1_P04585--5tc2__B1_P04585,17,1,1,3,0.1247705934973311,55.8125,False,0.4008430395748654
5tc2__A1_P04585--5tc2__B1_P04585,18,2,3,3,0.0973339281545041,48.125,False,0.38134409685620296
5tc2__A1_P04585--5tc2__B1_P04585,19,3,3,3,0.3885111672040066,46.625,True,0.37260976521324224
5tc2__A1_P04585--5tc2__B1_P04585,20,2,2,3,0.0964708224509424,45.125,False,0.35367352590478235
5u4o__A1_A0A6H3AI29--5u4o__A2_A0A6H3AI29,1,3,2,3,0.0072385256368242,30.0625,False,0.6523810849693815
5u4o__A1_A0A6H3AI29--5u4o__A2_A0A6H3AI29,2,1,3,3,0.0083989936270339,28.421875,False,0.6519400154105686
5u4o__A1_A0A6H3AI29--5u4o__A2_A0A6H3AI29,3,1,0,3,0.0088744528586461,27.65625,False,0.6331076265614622
5u4o__A1_A0A6H3AI29--5u4o__A2_A0A6H3AI29,4,3,0,3,0.0076994156055552,27.125,False,0.6500193284342038
5u4o__A1_A0A6H3AI29--5u4o__A2_A0A6H3AI29,5,3,1,3,0.0074655413398482,26.625,False,0.6356155940570235
5u4o__A1_A0A6H3AI29--5u4o__A2_A0A6H3AI29,6,3,3,3,0.0075717902314919,26.359375,False,0.5980420813654141
5u4o__A1_A0A6H3AI29--5u4o__A2_A0A6H3AI29,7,1,1,3,0.0090958580029017,25.046875,False,0.4975335366775806
5u4o__A1_A0A6H3AI29--5u4o__A2_A0A6H3AI29,8,1,2,3,0.0087587135966878,23.671875,False,0.44593656648066027
5u4o__A1_A0A6H3AI29--5u4o__A2_A0A6H3AI29,9,2,2,3,0.0088109848709311,23.296875,False,0.4948672512171826
5u4o__A1_A0A6H3AI29--5u4o__A2_A0A6H3AI29,10,2,3,3,0.0094855880670041,23.140625,False,0.45521965998782127
5u4o__A1_A0A6H3AI29--5u4o__A2_A0A6H3AI29,11,4,3,3,0.0109602968743657,22.4375,False,0.4992294214845018
5u4o__A1_A0A6H3AI29--5u4o__A2_A0A6H3AI29,12,5,3,3,0.0095296405536829,22.328125,False,0.4972451421027508
5u4o__A1_A0A6H3AI29--5u4o__A2_A0A6H3AI29,13,4,1,3,0.0143540554000954,22.21875,False,0.4780599214010803
5u4o__A1_A0A6H3AI29--5u4o__A2_A0A6H3AI29,14,5,2,3,0.0087231423029458,22.03125,False,0.43858971802041624
5u4o__A1_A0A6H3AI29--5u4o__A2_A0A6H3AI29,15,4,2,3,0.0244465653953058,21.828125,False,0.4418473018647501
5u4o__A1_A0A6H3AI29--5u4o__A2_A0A6H3AI29,16,4,0,3,0.1708881547032262,21.4375,False,0.5276512170199322
5u4o__A1_A0A6H3AI29--5u4o__A2_A0A6H3AI29,17,5,0,3,0.0100272180731998,21.234375,False,0.4092456734048604
5u4o__A1_A0A6H3AI29--5u4o__A2_A0A6H3AI29,18,5,1,3,0.0175200033079736,20.984375,False,0.3909568389218139
5u4o__A1_A0A6H3AI29--5u4o__A2_A0A6H3AI29,19,2,0,3,0.0124724141341173,20.640625,False,0.37835287038098897
5u4o__A1_A0A6H3AI29--5u4o__A2_A0A6H3AI29,20,2,1,3,0.0138692286510481,20.625,False,0.3775899693960666
5uiw__A1_P51681--5uiw__B1_P13501,1,3,1,3,0.7875560236075723,88.0,True,0.6047876686454287
5uiw__A1_P51681--5uiw__B1_P13501,2,5,1,3,0.7787743181710695,87.625,True,0.5698886695772379
5uiw__A1_P51681--5uiw__B1_P13501,3,3,2,3,0.8193851560384195,87.5625,True,0.6350833249147863
5uiw__A1_P51681--5uiw__B1_P13501,4,3,0,3,0.8065860477824481,87.5,True,0.6394947420570634
5uiw__A1_P51681--5uiw__B1_P13501,5,5,0,3,0.7833521445165985,87.375,True,0.6009205625445516
5uiw__A1_P51681--5uiw__B1_P13501,6,4,1,3,0.7990178489999319,87.0625,True,0.5754474719428156
5uiw__A1_P51681--5uiw__B1_P13501,7,5,3,3,0.7627250150531036,87.0,True,0.5489603972472645
5uiw__A1_P51681--5uiw__B1_P13501,8,5,2,3,0.7026941819862705,87.0,True,0.4930804732525632
5uiw__A1_P51681--5uiw__B1_P13501,9,4,0,3,0.787514494468701,86.9375,True,0.5489826752837913
5uiw__A1_P51681--5uiw__B1_P13501,10,4,3,3,0.789399585399433,86.875,True,0.5661968502861239
5uiw__A1_P51681--5uiw__B1_P13501,11,4,2,3,0.7709215808040274,86.3125,True,0.5406987843435739
5uiw__A1_P51681--5uiw__B1_P13501,12,3,3,3,0.7577862836494038,86.0625,True,0.4103937961317775
5uiw__A1_P51681--5uiw__B1_P13501,13,2,1,3,0.8025878704224221,85.375,True,0.5194945584475971
5uiw__A1_P51681--5uiw__B1_P13501,14,1,3,3,0.7719799044282154,85.1875,True,0.45613689114483996
5uiw__A1_P51681--5uiw__B1_P13501,15,1,1,3,0.7819570064068717,85.0625,True,0.381191446780824
5uiw__A1_P51681--5uiw__B1_P13501,16,1,0,3,0.7726177457272921,85.0625,True,0.3817399396388797
5uiw__A1_P51681--5uiw__B1_P13501,17,1,2,3,0.7708647304120877,84.875,True,0.3916251245211503
5uiw__A1_P51681--5uiw__B1_P13501,18,2,0,3,0.8124554528494826,83.6875,True,0.409245800973898
5uiw__A1_P51681--5uiw__B1_P13501,19,2,3,3,0.8267738059020298,83.5625,True,0.4598718442311601
5uiw__A1_P51681--5uiw__B1_P13501,20,2,2,3,0.8050248032632101,83.4375,True,0.4311540435458332
5uzu__B1_P05164--5uzu__A1_Q2G0X2,1,3,1,2,0.0359416201731464,41.78125,False,0.6507911875522308
5uzu__B1_P05164--5uzu__A1_Q2G0X2,2,3,2,2,0.0298908898700842,41.6875,False,0.6509774049477006
5uzu__B1_P05164--5uzu__A1_Q2G0X2,3,3,3,2,0.1082901589158217,41.03125,False,0.6063616162906642
5uzu__B1_P05164--5uzu__A1_Q2G0X2,4,5,1,2,0.0661085909298063,40.5,False,0.6219930435379255
5uzu__B1_P05164--5uzu__A1_Q2G0X2,5,3,0,2,0.0840532829006982,39.40625,False,0.5846908355838445
5uzu__B1_P05164--5uzu__A1_Q2G0X2,6,1,2,2,0.0811398380473866,37.59375,False,0.5946833606414382
5uzu__B1_P05164--5uzu__A1_Q2G0X2,7,4,1,2,0.0834469646736038,37.375,False,0.5493557897960277
5uzu__B1_P05164--5uzu__A1_Q2G0X2,8,1,0,2,0.0294530024906206,37.09375,False,0.5509704309455822
5uzu__B1_P05164--5uzu__A1_Q2G0X2,9,2,3,2,0.069812841764576,36.53125,False,0.5160782579970712
5uzu__B1_P05164--5uzu__A1_Q2G0X2,10,4,2,2,0.0646118765033824,36.40625,False,0.5084147135178053
5uzu__B1_P05164--5uzu__A1_Q2G0X2,11,4,3,2,0.0747995865489835,36.03125,False,0.4947294373288332
5uzu__B1_P05164--5uzu__A1_Q2G0X2,12,2,2,2,0.0584590983423207,35.78125,False,0.45982548793774913
5uzu__B1_P05164--5uzu__A1_Q2G0X2,13,5,0,2,0.0710818764894875,34.90625,False,0.48718856070902555
5uzu__B1_P05164--5uzu__A1_Q2G0X2,14,4,0,2,0.1382884061532273,34.125,False,0.4644964519093044
5uzu__B1_P05164--5uzu__A1_Q2G0X2,15,5,3,2,0.0505166495573639,33.65625,False,0.4527001716402486
5uzu__B1_P05164--5uzu__A1_Q2G0X2,16,1,3,2,0.0237681426100278,33.03125,False,0.41776406633803603
5uzu__B1_P05164--5uzu__A1_Q2G0X2,17,2,1,2,0.0687604654611081,32.78125,False,0.3982415517952758
5uzu__B1_P05164--5uzu__A1_Q2G0X2,18,2,0,2,0.062547950617105,32.09375,False,0.37688486738919186
5uzu__B1_P05164--5uzu__A1_Q2G0X2,19,5,2,2,0.0640896928192346,31.921875,False,0.38585215488511854
5uzu__B1_P05164--5uzu__A1_Q2G0X2,20,1,1,2,0.0369551542055184,31.8125,False,0.3677208916305423
5ve6__A1_Q86YV5--5ve6__A2_Q86YV5,1,4,2,0,0.0135804849129496,69.5,False,0.6574198106126623
5ve6__A1_Q86YV5--5ve6__A2_Q86YV5,2,4,0,0,0.6199110394557684,66.0625,True,0.6430742903214525
5ve6__A1_Q86YV5--5ve6__A2_Q86YV5,3,4,3,0,0.6011540081900714,65.0625,True,0.6251470883999605
5ve6__A1_Q86YV5--5ve6__A2_Q86YV5,4,1,0,0,0.013638440315231,59.0,False,0.6081219365851747
5ve6__A1_Q86YV5--5ve6__A2_Q86YV5,5,5,1,0,0.0134991507574913,57.09375,False,0.5834438656939995
5ve6__A1_Q86YV5--5ve6__A2_Q86YV5,6,1,2,0,0.5526369979572657,56.9375,True,0.6032908496312522
5ve6__A1_Q86YV5--5ve6__A2_Q86YV5,7,4,1,0,0.1116768169113514,55.5625,False,0.4743858911972749
5ve6__A1_Q86YV5--5ve6__A2_Q86YV5,8,1,3,0,0.0134097938717618,55.15625,False,0.5189843489580761
5ve6__A1_Q86YV5--5ve6__A2_Q86YV5,9,5,0,0,0.0135593948225728,54.25,False,0.5406184575405791
5ve6__A1_Q86YV5--5ve6__A2_Q86YV5,10,1,1,0,0.558502248673582,54.03125,True,0.542378295318985
5ve6__A1_Q86YV5--5ve6__A2_Q86YV5,11,2,2,0,0.11094119079887,53.34375,False,0.4812595637677646
5ve6__A1_Q86YV5--5ve6__A2_Q86YV5,12,2,1,0,0.0055893666625752,52.125,False,0.43129505242088795
5ve6__A1_Q86YV5--5ve6__A2_Q86YV5,13,2,0,0,0.0130894840889947,51.46875,False,0.4370952755414674
5ve6__A1_Q86YV5--5ve6__A2_Q86YV5,14,5,3,0,0.0135930911747556,49.3125,False,0.4547096810493749
5ve6__A1_Q86YV5--5ve6__A2_Q86YV5,15,5,2,0,0.0135406020200481,48.90625,False,0.42467991797884674
5ve6__A1_Q86YV5--5ve6__A2_Q86YV5,16,2,3,0,0.00512985596291,48.46875,False,0.40780524905237236
5ve6__A1_Q86YV5--5ve6__A2_Q86YV5,17,3,3,0,0.1155528024671721,48.40625,False,0.3900731316870739
5ve6__A1_Q86YV5--5ve6__A2_Q86YV5,18,3,0,0,0.4146733848813184,48.15625,True,0.4685366351719072
5ve6__A1_Q86YV5--5ve6__A2_Q86YV5,19,3,1,0,0.4126417518337999,45.03125,True,0.44513999974809515
5ve6__A1_Q86YV5--5ve6__A2_Q86YV5,20,3,2,0,0.381044837493232,43.6875,True,0.41317459546710417
5vpc__B1_P17535--5vpc__A1_P53539,1,1,2,4,0.4397793860743206,77.5625,True,0.6623821967094717
5vpc__B1_P17535--5vpc__A1_P53539,2,1,0,4,0.4393116965162729,77.4375,True,0.6604475958926365
5vpc__B1_P17535--5vpc__A1_P53539,3,1,3,4,0.4374362344209997,77.3125,True,0.6374883468002884
5vpc__B1_P17535--5vpc__A1_P53539,4,1,1,4,0.4394448412564537,77.25,True,0.6172746219088966
5vpc__B1_P17535--5vpc__A1_P53539,5,4,0,4,0.4523593562459858,75.4375,True,0.6035547566907647
5vpc__B1_P17535--5vpc__A1_P53539,6,4,2,4,0.4510430234393174,75.3125,True,0.5969019185449357
5vpc__B1_P17535--5vpc__A1_P53539,7,4,3,4,0.4510577879206804,75.1875,True,0.5775149624346458
5vpc__B1_P17535--5vpc__A1_P53539,8,4,1,4,0.4499646576227751,75.125,True,0.572150843115082
5vpc__B1_P17535--5vpc__A1_P53539,9,2,1,4,0.4791227087222089,71.625,True,0.5518097322343073
5vpc__B1_P17535--5vpc__A1_P53539,10,2,2,4,0.4824490547165417,71.1875,True,0.5344293402992629
5vpc__B1_P17535--5vpc__A1_P53539,11,2,3,4,0.4878504345847228,71.0625,True,0.44127996063562286
5vpc__B1_P17535--5vpc__A1_P53539,12,2,0,4,0.4849908673012725,71.0,True,0.4579573965235969
5vpc__B1_P17535--5vpc__A1_P53539,13,3,3,4,0.4663955041469671,70.3125,True,0.45246897974974515
5vpc__B1_P17535--5vpc__A1_P53539,14,3,1,4,0.4764928900235774,70.3125,True,0.45132430281929503
5vpc__B1_P17535--5vpc__A1_P53539,15,3,2,4,0.4762331071290532,70.25,True,0.5209043589095654
5vpc__B1_P17535--5vpc__A1_P53539,16,3,0,4,0.473032429159599,70.25,True,0.49295756104131216
5vpc__B1_P17535--5vpc__A1_P53539,17,5,2,4,0.5193810020618181,67.6875,True,0.3709151556531827
5vpc__B1_P17535--5vpc__A1_P53539,18,5,0,4,0.5158709793360386,67.6875,True,0.33898262746706703
5vpc__B1_P17535--5vpc__A1_P53539,19,5,1,4,0.5183386258535507,67.5625,True,0.344637451520067
5vpc__B1_P17535--5vpc__A1_P53539,20,5,3,4,0.5159675290988867,67.5,True,0.2953965132129085
5vxz__A1_Q14393--5vxz__C1_P30530,1,4,2,0,0.8716297139356378,93.8125,True,0.6383970345772222
5vxz__A1_Q14393--5vxz__C1_P30530,2,4,0,0,0.8858696991230742,93.8125,True,0.6344154201273923
5vxz__A1_Q14393--5vxz__C1_P30530,3,5,0,0,0.8735203881306649,93.75,True,0.6058631528414792
5vxz__A1_Q14393--5vxz__C1_P30530,4,4,1,0,0.8839507691368284,93.75,True,0.6035950191739216
5vxz__A1_Q14393--5vxz__C1_P30530,5,4,3,0,0.8655424821559891,93.625,True,0.5496217160587936
5vxz__A1_Q14393--5vxz__C1_P30530,6,5,1,0,0.8756093579409292,93.5625,True,0.5468437027631032
5vxz__A1_Q14393--5vxz__C1_P30530,7,5,3,0,0.8710798509934222,93.5,True,0.5000232693826636
5vxz__A1_Q14393--5vxz__C1_P30530,8,1,0,0,0.8586445611397492,93.5,True,0.5542320793030633
5vxz__A1_Q14393--5vxz__C1_P30530,9,3,2,0,0.8767040747915313,93.4375,True,0.504787243800503
5vxz__A1_Q14393--5vxz__C1_P30530,10,5,2,0,0.8627071901930273,93.4375,True,0.46420484220365166
5vxz__A1_Q14393--5vxz__C1_P30530,11,3,1,0,0.8917965294528161,93.4375,True,0.5154631454373529
5vxz__A1_Q14393--5vxz__C1_P30530,12,1,1,0,0.8564821300833318,93.4375,True,0.5619328648947755
5vxz__A1_Q14393--5vxz__C1_P30530,13,1,3,0,0.8447144114046455,93.375,True,0.46389642862493086
5vxz__A1_Q14393--5vxz__C1_P30530,14,3,3,0,0.8774967038761637,93.375,True,0.44882887832204726
5vxz__A1_Q14393--5vxz__C1_P30530,15,3,0,0,0.8625241762428771,93.375,True,0.4925294120274066
5vxz__A1_Q14393--5vxz__C1_P30530,16,1,2,0,0.8486068076495741,93.3125,True,0.4475463213222674
5vxz__A1_Q14393--5vxz__C1_P30530,17,2,1,0,0.8488707557301295,93.25,True,0.4565626425697315
5vxz__A1_Q14393--5vxz__C1_P30530,18,2,0,0,0.8512698857446602,93.1875,True,0.4014385597969323
5vxz__A1_Q14393--5vxz__C1_P30530,19,2,2,0,0.8165268202423293,93.0,True,0.4032334466613281
5vxz__A1_Q14393--5vxz__C1_P30530,20,2,3,0,0.84177010308901,93.0,True,0.3638537714431906
5vzt__B1_Q5XUX0--5vzt__A1_P63208,1,4,2,4,0.7902845164912606,91.8125,True,0.6329769598424058
5vzt__B1_Q5XUX0--5vzt__A1_P63208,2,4,1,4,0.7962936406765029,91.6875,True,0.6636622711793846
5vzt__B1_Q5XUX0--5vzt__A1_P63208,3,4,3,4,0.8040422977257968,91.5625,True,0.6171727918707666
5vzt__B1_Q5XUX0--5vzt__A1_P63208,4,4,0,4,0.8072795907897418,91.375,True,0.6046186301230472
5vzt__B1_Q5XUX0--5vzt__A1_P63208,5,3,2,4,0.8809345510412511,90.6875,True,0.513630563075664
5vzt__B1_Q5XUX0--5vzt__A1_P63208,6,1,0,4,0.8077752250686988,90.5625,True,0.5591603621550753
5vzt__B1_Q5XUX0--5vzt__A1_P63208,7,2,1,4,0.779816047277459,90.0625,True,0.5226471712747459
5vzt__B1_Q5XUX0--5vzt__A1_P63208,8,5,3,4,0.8379221176120399,90.0,True,0.5108168191210161
5vzt__B1_Q5XUX0--5vzt__A1_P63208,9,3,3,4,0.8724258761088648,90.0,True,0.5627279575890486
5vzt__B1_Q5XUX0--5vzt__A1_P63208,10,3,1,4,0.8803837662042695,89.9375,True,0.4743045086580351
5vzt__B1_Q5XUX0--5vzt__A1_P63208,11,1,1,4,0.7982007039552848,89.8125,True,0.5165789160091612
5vzt__B1_Q5XUX0--5vzt__A1_P63208,12,5,0,4,0.859711731819044,89.625,True,0.5638200750305892
5vzt__B1_Q5XUX0--5vzt__A1_P63208,13,1,2,4,0.7891423136438048,89.5,True,0.44976500278819204
5vzt__B1_Q5XUX0--5vzt__A1_P63208,14,5,2,4,0.8301711512538509,89.375,True,0.44886035926955475
5vzt__B1_Q5XUX0--5vzt__A1_P63208,15,1,3,4,0.801562270506437,89.375,True,0.4432251705888909
5vzt__B1_Q5XUX0--5vzt__A1_P63208,16,2,3,4,0.7841034848139631,89.375,True,0.45599147921730837
5vzt__B1_Q5XUX0--5vzt__A1_P63208,17,3,0,4,0.8789976710098348,89.3125,True,0.44004133612382185
5vzt__B1_Q5XUX0--5vzt__A1_P63208,18,2,0,4,0.7662301138758411,89.0,True,0.4230400688890035
5vzt__B1_Q5XUX0--5vzt__A1_P63208,19,5,1,4,0.8458212997386735,88.8125,True,0.37101089268703824
5vzt__B1_Q5XUX0--5vzt__A1_P63208,20,2,2,4,0.7739780460354823,85.1875,True,0.3930684126613928
5wat__A2_P07128--5wat__B1_P07128,1,1,1,3,0.0050215267149202,93.875,False,0.6320718917776144
5wat__A2_P07128--5wat__B1_P07128,2,1,3,3,0.0050230467744857,93.8125,False,0.6223695409847553
5wat__A2_P07128--5wat__B1_P07128,3,1,2,3,0.005019480125651,93.8125,False,0.6310823405640046
5wat__A2_P07128--5wat__B1_P07128,4,1,0,3,0.005021306348483,93.75,False,0.5977014845517079
5wat__A2_P07128--5wat__B1_P07128,5,3,1,3,0.0050252468072198,93.75,False,0.6120022248775826
5wat__A2_P07128--5wat__B1_P07128,6,3,0,3,0.0050240151163245,93.625,False,0.584196423208081
5wat__A2_P07128--5wat__B1_P07128,7,3,2,3,0.0050227445928392,93.625,False,0.5896446337160811
5wat__A2_P07128--5wat__B1_P07128,8,3,3,3,0.0050215932540447,93.5625,False,0.5870656298079888
5wat__A2_P07128--5wat__B1_P07128,9,4,0,3,0.0050211295422484,93.4375,False,0.5188630113823696
5wat__A2_P07128--5wat__B1_P07128,10,5,0,3,0.0050260777179775,93.4375,False,0.46298924209236014
5wat__A2_P07128--5wat__B1_P07128,11,5,1,3,0.0050256499495113,93.4375,False,0.4603575295630426
5wat__A2_P07128--5wat__B1_P07128,12,4,2,3,0.0050245486775019,93.375,False,0.4801136564449303
5wat__A2_P07128--5wat__B1_P07128,13,4,1,3,0.0050194525431345,93.3125,False,0.46779850551669977
5wat__A2_P07128--5wat__B1_P07128,14,5,2,3,0.0050292456837934,93.3125,False,0.40420100926341374
5wat__A2_P07128--5wat__B1_P07128,15,5,3,3,0.0050273668137573,93.3125,False,0.41377362414054547
5wat__A2_P07128--5wat__B1_P07128,16,4,3,3,0.0050237304868264,93.25,False,0.4441140601583081
5wat__A2_P07128--5wat__B1_P07128,17,2,0,3,0.0050219307457792,93.125,False,0.428625271164513
5wat__A2_P07128--5wat__B1_P07128,18,2,2,3,0.0050205103185386,93.0625,False,0.4104765086281984
5wat__A2_P07128--5wat__B1_P07128,19,2,3,3,0.0050207337395826,93.0625,False,0.4267827982478247
5wat__A2_P07128--5wat__B1_P07128,20,2,1,3,0.0050172517452424,93.0,False,0.3850739368565464
5wee__A1_A0A183GMB4--5wee__B1_A0A183GMB4,1,3,2,3,0.5336022582572489,30.109375,True,0.6538187633548995
5wee__A1_A0A183GMB4--5wee__B1_A0A183GMB4,2,3,3,3,0.3927135117596865,29.796875,True,0.6533515888107958
5wee__A1_A0A183GMB4--5wee__B1_A0A183GMB4,3,4,2,3,0.6540897126283026,29.375,True,0.6293763962498888
5wee__A1_A0A183GMB4--5wee__B1_A0A183GMB4,4,5,0,3,0.0390760489553773,29.359375,False,0.6230260872873262
5wee__A1_A0A183GMB4--5wee__B1_A0A183GMB4,5,3,0,3,0.4309275306715753,27.859375,True,0.6272295190836638
5wee__A1_A0A183GMB4--5wee__B1_A0A183GMB4,6,3,1,3,0.3945490124648839,27.265625,True,0.5779860156150023
5wee__A1_A0A183GMB4--5wee__B1_A0A183GMB4,7,5,2,3,0.0524821360989726,27.09375,False,0.554251183185825
5wee__A1_A0A183GMB4--5wee__B1_A0A183GMB4,8,4,1,3,0.4673528898570714,25.84375,True,0.5577875804077715
5wee__A1_A0A183GMB4--5wee__B1_A0A183GMB4,9,1,1,3,0.0627587583041297,25.484375,False,0.5411625836547995
5wee__A1_A0A183GMB4--5wee__B1_A0A183GMB4,10,2,1,3,0.1820106390414096,25.328125,False,0.5103707692315563
5wee__A1_A0A183GMB4--5wee__B1_A0A183GMB4,11,4,3,3,0.406140218425673,25.09375,True,0.49117388298152015
5wee__A1_A0A183GMB4--5wee__B1_A0A183GMB4,12,2,0,3,0.0715384477026791,24.734375,False,0.4771631457203752
5wee__A1_A0A183GMB4--5wee__B1_A0A183GMB4,13,1,2,3,0.0569493098790165,24.453125,False,0.4713230424152133
5wee__A1_A0A183GMB4--5wee__B1_A0A183GMB4,14,5,3,3,0.0491141174527457,24.421875,False,0.44965905193298394
5wee__A1_A0A183GMB4--5wee__B1_A0A183GMB4,15,2,2,3,0.0792890201954316,24.234375,False,0.4352743614603987
5wee__A1_A0A183GMB4--5wee__B1_A0A183GMB4,16,1,3,3,0.3724730681321266,24.0,True,0.4448347226876791
5wee__A1_A0A183GMB4--5wee__B1_A0A183GMB4,17,1,0,3,0.0380299180385476,23.65625,False,0.38367731057113086
5wee__A1_A0A183GMB4--5wee__B1_A0A183GMB4,18,2,3,3,0.0701843948587528,23.546875,False,0.3500129925728635
5wee__A1_A0A183GMB4--5wee__B1_A0A183GMB4,19,5,1,3,0.0499191500915791,23.203125,False,0.37688411963140744
5wee__A1_A0A183GMB4--5wee__B1_A0A183GMB4,20,4,0,3,0.0580318679656587,23.125,False,0.35391950420058416
5wuq__A1_Q45585--5wuq__C1_Q45588,1,2,1,4,0.7923164022251757,89.9375,True,0.6564149369749281
5wuq__A1_Q45585--5wuq__C1_Q45588,2,2,3,4,0.7873957680049122,89.75,True,0.5959695782861005
5wuq__A1_Q45585--5wuq__C1_Q45588,3,2,0,4,0.7919548390833969,89.5625,True,0.5725134558318983
5wuq__A1_Q45585--5wuq__C1_Q45588,4,4,1,4,0.7975713560455285,89.5,True,0.6548426403613898
5wuq__A1_Q45585--5wuq__C1_Q45588,5,5,3,4,0.7968296476150899,89.4375,True,0.630786261150593
5wuq__A1_Q45585--5wuq__C1_Q45588,6,5,0,4,0.8003033731184873,89.4375,True,0.6097893046501618
5wuq__A1_Q45585--5wuq__C1_Q45588,7,5,1,4,0.7953689198407746,89.4375,True,0.5703232002072403
5wuq__A1_Q45585--5wuq__C1_Q45588,8,5,2,4,0.7998211505284408,89.375,True,0.5750883231968577
5wuq__A1_Q45585--5wuq__C1_Q45588,9,2,2,4,0.795733869396948,89.3125,True,0.5612639910878178
5wuq__A1_Q45585--5wuq__C1_Q45588,10,1,1,4,0.8442390168974393,86.375,True,0.5213040922163263
5wuq__A1_Q45585--5wuq__C1_Q45588,11,4,2,4,0.8957099423215147,85.0,True,0.5028646498216025
5wuq__A1_Q45585--5wuq__C1_Q45588,12,4,3,4,0.8996546279754338,84.0625,True,0.4600622024242611
5wuq__A1_Q45585--5wuq__C1_Q45588,13,4,0,4,0.9090276605558488,83.875,True,0.43283853425561636
5wuq__A1_Q45585--5wuq__C1_Q45588,14,3,0,4,0.879067350300249,82.9375,True,0.5006776089777256
5wuq__A1_Q45585--5wuq__C1_Q45588,15,3,1,4,0.8732183314004714,80.0,True,0.39944189523306056
5wuq__A1_Q45585--5wuq__C1_Q45588,16,3,2,4,0.875890224657514,79.3125,True,0.4007283060911488
5wuq__A1_Q45585--5wuq__C1_Q45588,17,3,3,4,0.8706237292236,78.25,True,0.3495846720412355
5wuq__A1_Q45585--5wuq__C1_Q45588,18,1,0,4,0.8811000521886356,77.125,True,0.4677143401940334
5wuq__A1_Q45585--5wuq__C1_Q45588,19,1,3,4,0.8610527990416453,62.84375,True,0.35733077335611085
5wuq__A1_Q45585--5wuq__C1_Q45588,20,1,2,4,0.8652911128089203,60.09375,True,0.35345687370906326
5xec__B1_P15452--5xec__A1_P00099,1,5,3,1,0.0530329681270017,39.34375,False,0.6373033260027056
5xec__B1_P15452--5xec__A1_P00099,2,5,2,1,0.0460381762154589,38.1875,False,0.6299293226656124
5xec__B1_P15452--5xec__A1_P00099,3,5,1,1,0.0492872471621929,37.15625,False,0.6065452332968554
5xec__B1_P15452--5xec__A1_P00099,4,5,0,1,0.048892348107197,35.5625,False,0.5872995108404854
5xec__B1_P15452--5xec__A1_P00099,5,1,1,1,0.0510302752542769,34.1875,False,0.5897204770201586
5xec__B1_P15452--5xec__A1_P00099,6,2,3,1,0.046550687816007,33.625,False,0.553035388324133
5xec__B1_P15452--5xec__A1_P00099,7,2,1,1,0.0431849553872096,33.21875,False,0.5206462071602642
5xec__B1_P15452--5xec__A1_P00099,8,2,0,1,0.0462646519570499,32.9375,False,0.5212714221069349
5xec__B1_P15452--5xec__A1_P00099,9,2,2,1,0.0434826633833149,32.84375,False,0.48792236064197336
5xec__B1_P15452--5xec__A1_P00099,10,4,2,1,0.0404579639230489,32.6875,False,0.557596761461848
5xec__B1_P15452--5xec__A1_P00099,11,1,0,1,0.0499515455136371,32.375,False,0.5099433904800805
5xec__B1_P15452--5xec__A1_P00099,12,1,3,1,0.0496601530313549,32.0625,False,0.4747945179027724
5xec__B1_P15452--5xec__A1_P00099,13,4,1,1,0.0435036025463088,32.0625,False,0.5302560852151049
5xec__B1_P15452--5xec__A1_P00099,14,1,2,1,0.046639684155338,31.4375,False,0.4735617795389796
5xec__B1_P15452--5xec__A1_P00099,15,4,0,1,0.0490405836486626,29.109375,False,0.44026133294666625
5xec__B1_P15452--5xec__A1_P00099,16,4,3,1,0.0472723484196347,29.046875,False,0.43808924099713764
5xec__B1_P15452--5xec__A1_P00099,17,3,3,1,0.038625332331416,27.609375,False,0.41844931304380845
5xec__B1_P15452--5xec__A1_P00099,18,3,0,1,0.0452374233860968,27.140625,False,0.40152948936711014
5xec__B1_P15452--5xec__A1_P00099,19,3,2,1,0.0385593838279045,27.078125,False,0.3900977433170529
5xec__B1_P15452--5xec__A1_P00099,20,3,1,1,0.0436540192271553,26.84375,False,0.36954120542351027
5xpz__A1_Q8CIB5--5xpz__B1_Q8CIB5,1,5,2,3,0.007365089833755,61.1875,False,0.6614858700232774
5xpz__A1_Q8CIB5--5xpz__B1_Q8CIB5,2,5,3,3,0.0070489358891859,58.53125,False,0.6379386951807624
5xpz__A1_Q8CIB5--5xpz__B1_Q8CIB5,3,2,2,3,0.0081710804408964,56.21875,False,0.6328716293831649
5xpz__A1_Q8CIB5--5xpz__B1_Q8CIB5,4,2,0,3,0.0073435389006816,54.9375,False,0.6075008019932706
5xpz__A1_Q8CIB5--5xpz__B1_Q8CIB5,5,2,1,3,0.0059869119509591,49.4375,False,0.593987705730211
5xpz__A1_Q8CIB5--5xpz__B1_Q8CIB5,6,5,0,3,0.0099868334002162,21.390625,False,0.5855067133253637
5xpz__A1_Q8CIB5--5xpz__B1_Q8CIB5,7,3,3,3,0.0099547909648184,21.234375,False,0.5622725150503914
5xpz__A1_Q8CIB5--5xpz__B1_Q8CIB5,8,5,1,3,0.008401986208662,21.15625,False,0.5772104145855692
5xpz__A1_Q8CIB5--5xpz__B1_Q8CIB5,9,4,1,3,0.0289359564028559,21.046875,False,0.47235107278291355
5xpz__A1_Q8CIB5--5xpz__B1_Q8CIB5,10,3,2,3,0.0086291628812262,21.0,False,0.5142368289984418
5xpz__A1_Q8CIB5--5xpz__B1_Q8CIB5,11,3,1,3,0.0119320060908048,20.859375,False,0.5147273639806522
5xpz__A1_Q8CIB5--5xpz__B1_Q8CIB5,12,2,3,3,0.0061711467814909,20.65625,False,0.5342391115101983
5xpz__A1_Q8CIB5--5xpz__B1_Q8CIB5,13,4,0,3,0.0410129666658973,20.46875,False,0.435411632544237
5xpz__A1_Q8CIB5--5xpz__B1_Q8CIB5,14,3,0,3,0.0074388062756227,20.328125,False,0.4411828832102961
5xpz__A1_Q8CIB5--5xpz__B1_Q8CIB5,15,1,3,3,0.0077016951505542,20.15625,False,0.3918608910988969
5xpz__A1_Q8CIB5--5xpz__B1_Q8CIB5,16,1,1,3,0.007197379341879,20.109375,False,0.43664945610810174
5xpz__A1_Q8CIB5--5xpz__B1_Q8CIB5,17,1,2,3,0.0074942913055829,19.765625,False,0.4159295421588814
5xpz__A1_Q8CIB5--5xpz__B1_Q8CIB5,18,4,3,3,0.0058344144810737,19.75,False,0.4606374230035659
5xpz__A1_Q8CIB5--5xpz__B1_Q8CIB5,19,4,2,3,0.0086716037365513,19.5625,False,0.34915065844708754
5xpz__A1_Q8CIB5--5xpz__B1_Q8CIB5,20,1,0,3,0.0086312348633199,18.953125,False,0.3391060189859176
5y61__A1_Q9I4L4--5y61__B1_Q9I4L6,1,2,2,0,0.490648565692972,86.6875,True,0.6562668252567563
5y61__A1_Q9I4L4--5y61__B1_Q9I4L6,2,1,1,0,0.476871194631024,85.75,True,0.6270937718180144
5y61__A1_Q9I4L4--5y61__B1_Q9I4L6,3,4,3,0,0.5004669741902782,85.75,True,0.6245607943253109
5y61__A1_Q9I4L4--5y61__B1_Q9I4L6,4,2,0,0,0.4998529073471613,85.6875,True,0.5890750867877931
5y61__A1_Q9I4L4--5y61__B1_Q9I4L6,5,5,3,0,0.4872083301936811,85.5,True,0.5107982103161108
5y61__A1_Q9I4L4--5y61__B1_Q9I4L6,6,1,3,0,0.4873509731688656,85.5,True,0.599673558278299
5y61__A1_Q9I4L4--5y61__B1_Q9I4L6,7,1,2,0,0.4794678692118597,85.3125,True,0.564332132843326
5y61__A1_Q9I4L4--5y61__B1_Q9I4L6,8,3,0,0,0.4813038802351255,85.25,True,0.5438307518499786
5y61__A1_Q9I4L4--5y61__B1_Q9I4L6,9,5,1,0,0.4634589904177466,85.25,True,0.5058921003057683
5y61__A1_Q9I4L4--5y61__B1_Q9I4L6,10,3,2,0,0.477237768377508,85.1875,True,0.5361182271318727
5y61__A1_Q9I4L4--5y61__B1_Q9I4L6,11,5,2,0,0.4875772558144174,85.1875,True,0.5137244807815926
5y61__A1_Q9I4L4--5y61__B1_Q9I4L6,12,1,0,0,0.4857086126661441,84.9375,True,0.4937364763574768
5y61__A1_Q9I4L4--5y61__B1_Q9I4L6,13,4,1,0,0.4873312393128935,84.8125,True,0.46554601848668997
5y61__A1_Q9I4L4--5y61__B1_Q9I4L6,14,5,0,0,0.4934859792207566,84.8125,True,0.4687740855265009
5y61__A1_Q9I4L4--5y61__B1_Q9I4L6,15,3,3,0,0.4809648829610607,84.8125,True,0.43454123398263805
5y61__A1_Q9I4L4--5y61__B1_Q9I4L6,16,4,2,0,0.5054447061794032,84.625,True,0.5041169949820549
5y61__A1_Q9I4L4--5y61__B1_Q9I4L6,17,2,1,0,0.4701222916933778,84.25,True,0.3938676816672896
5y61__A1_Q9I4L4--5y61__B1_Q9I4L6,18,4,0,0,0.4910292073456556,84.0625,True,0.3945081625238577
5y61__A1_Q9I4L4--5y61__B1_Q9I4L6,19,3,1,0,0.4353614763611697,79.875,True,0.3734694332333938
5y61__A1_Q9I4L4--5y61__B1_Q9I4L6,20,2,3,0,0.0929582037050248,27.40625,False,0.35846526227729325
5y78__A1_B5AJT1--5y78__B1_B5AJT1,1,5,0,2,0.3772115734669617,69.75,True,0.6466407859576645
5y78__A1_B5AJT1--5y78__B1_B5AJT1,2,5,1,2,0.3794836210257616,69.5625,True,0.6229237682089301
5y78__A1_B5AJT1--5y78__B1_B5AJT1,3,5,2,2,0.3736600787369317,68.25,True,0.6143899476729139
5y78__A1_B5AJT1--5y78__B1_B5AJT1,4,5,3,2,0.3871803048846345,66.3125,True,0.6005069364098622
5y78__A1_B5AJT1--5y78__B1_B5AJT1,5,4,3,2,0.3812750212893555,56.6875,True,0.586460526759568
5y78__A1_B5AJT1--5y78__B1_B5AJT1,6,4,2,2,0.3923814823735592,52.15625,True,0.5722720170601946
5y78__A1_B5AJT1--5y78__B1_B5AJT1,7,4,1,2,0.3999454925313178,44.5625,True,0.5673892471174501
5y78__A1_B5AJT1--5y78__B1_B5AJT1,8,3,2,2,0.007150418545053,34.3125,False,0.5754299478125208
5y78__A1_B5AJT1--5y78__B1_B5AJT1,9,3,0,2,0.0069810977203664,33.53125,False,0.5557085675633301
5y78__A1_B5AJT1--5y78__B1_B5AJT1,10,3,3,2,0.0080858947786736,33.4375,False,0.5164316663172385
5y78__A1_B5AJT1--5y78__B1_B5AJT1,11,3,1,2,0.007024252414555,32.84375,False,0.51822337826552
5y78__A1_B5AJT1--5y78__B1_B5AJT1,12,1,1,2,0.0256182883699543,30.09375,False,0.5030205968654393
5y78__A1_B5AJT1--5y78__B1_B5AJT1,13,1,0,2,0.0262538158103867,29.265625,False,0.47568280714410904
5y78__A1_B5AJT1--5y78__B1_B5AJT1,14,1,3,2,0.0197817491063322,29.0625,False,0.46536681762226567
5y78__A1_B5AJT1--5y78__B1_B5AJT1,15,1,2,2,0.3512097367481783,27.046875,True,0.40892775116149244
5y78__A1_B5AJT1--5y78__B1_B5AJT1,16,4,0,2,0.4642745692702217,26.734375,True,0.4289885050820598
5y78__A1_B5AJT1--5y78__B1_B5AJT1,17,2,1,2,0.0251504576929702,26.125,False,0.3992148961673133
5y78__A1_B5AJT1--5y78__B1_B5AJT1,18,2,3,2,0.0256040036135468,25.34375,False,0.37783878842580987
5y78__A1_B5AJT1--5y78__B1_B5AJT1,19,2,2,2,0.026962944071762,25.09375,False,0.3704180000881611
5y78__A1_B5AJT1--5y78__B1_B5AJT1,20,2,0,2,0.0192054606890122,21.078125,False,0.3409000101704755
5yh3__A1_Q96MK3--5yh3__B1_Q8IXL6,1,4,2,0,0.6812467327592476,87.3125,True,0.6261630178928967
5yh3__A1_Q96MK3--5yh3__B1_Q8IXL6,2,1,1,0,0.5988994362055783,86.8125,True,0.6329935624974288
5yh3__A1_Q96MK3--5yh3__B1_Q8IXL6,3,4,1,0,0.6893842226798969,86.8125,True,0.6131512482974731
5yh3__A1_Q96MK3--5yh3__B1_Q8IXL6,4,5,1,0,0.5976092879629445,86.5625,True,0.5639662163951321
5yh3__A1_Q96MK3--5yh3__B1_Q8IXL6,5,1,2,0,0.670899230921764,86.3125,True,0.6055800030767912
5yh3__A1_Q96MK3--5yh3__B1_Q8IXL6,6,1,3,0,0.5872971438978897,86.0,True,0.595479005988785
5yh3__A1_Q96MK3--5yh3__B1_Q8IXL6,7,4,3,0,0.654764978932438,85.5,True,0.5380108368525091
5yh3__A1_Q96MK3--5yh3__B1_Q8IXL6,8,5,3,0,0.6000572616587013,85.0625,True,0.5141210780743471
5yh3__A1_Q96MK3--5yh3__B1_Q8IXL6,9,2,2,0,0.686414070743945,84.875,True,0.5378720233863548
5yh3__A1_Q96MK3--5yh3__B1_Q8IXL6,10,2,3,0,0.5764840559538985,84.8125,True,0.5542345190777386
5yh3__A1_Q96MK3--5yh3__B1_Q8IXL6,11,1,0,0,0.5980141336820946,84.75,True,0.5341823080774236
5yh3__A1_Q96MK3--5yh3__B1_Q8IXL6,12,2,1,0,0.5890513021558551,84.6875,True,0.5177798702736113
5yh3__A1_Q96MK3--5yh3__B1_Q8IXL6,13,3,2,0,0.5814849918318444,84.3125,True,0.4670179052759683
5yh3__A1_Q96MK3--5yh3__B1_Q8IXL6,14,2,0,0,0.5923848192821913,83.875,True,0.4800853004719309
5yh3__A1_Q96MK3--5yh3__B1_Q8IXL6,15,5,2,0,0.3995777173759751,82.875,True,0.4356880489227552
5yh3__A1_Q96MK3--5yh3__B1_Q8IXL6,16,3,3,0,0.6034668196350915,81.5,True,0.4035597301629756
5yh3__A1_Q96MK3--5yh3__B1_Q8IXL6,17,5,0,0,0.3682375462476773,81.5,True,0.4129009671111371
5yh3__A1_Q96MK3--5yh3__B1_Q8IXL6,18,3,1,0,0.6228966834457245,80.3125,True,0.3758065594034106
5yh3__A1_Q96MK3--5yh3__B1_Q8IXL6,19,4,0,0,0.652449163102345,80.1875,True,0.3847490746430589
5yh3__A1_Q96MK3--5yh3__B1_Q8IXL6,20,3,0,0,0.5859674494881812,78.875,True,0.36725962029689263
5z5y__A1_P02866--5z5y__B1_P02866,1,3,0,4,0.7669034385582192,92.8125,True,0.668298189550973
5z5y__A1_P02866--5z5y__B1_P02866,2,3,1,4,0.7779245258770242,92.6875,True,0.6497604435954127
5z5y__A1_P02866--5z5y__B1_P02866,3,3,2,4,0.7600417893012733,92.4375,True,0.6394229179181655
5z5y__A1_P02866--5z5y__B1_P02866,4,3,3,4,0.7923942524691306,92.125,True,0.6139102314404146
5z5y__A1_P02866--5z5y__B1_P02866,5,1,2,4,0.7512817129047451,88.5,True,0.6098944744762416
5z5y__A1_P02866--5z5y__B1_P02866,6,1,0,4,0.3299536093875859,75.5,True,0.5838650272316257
5z5y__A1_P02866--5z5y__B1_P02866,7,2,2,4,0.3179378627398077,74.5625,True,0.572433827652844
5z5y__A1_P02866--5z5y__B1_P02866,8,4,2,4,0.5155373689665729,73.875,True,0.5523448550676545
5z5y__A1_P02866--5z5y__B1_P02866,9,5,2,4,0.4952467062695641,62.96875,True,0.5276905980379293
5z5y__A1_P02866--5z5y__B1_P02866,10,2,1,4,0.292083592269083,62.5,True,0.5024263719304807
5z5y__A1_P02866--5z5y__B1_P02866,11,5,3,4,0.4575906222891036,62.21875,True,0.5099288223930819
5z5y__A1_P02866--5z5y__B1_P02866,12,5,0,4,0.3791491029064787,59.28125,True,0.503435100239504
5z5y__A1_P02866--5z5y__B1_P02866,13,4,1,4,0.7921142989276522,57.28125,True,0.4740927609015727
5z5y__A1_P02866--5z5y__B1_P02866,14,4,3,4,0.5109048792108343,56.46875,True,0.43802506211680803
5z5y__A1_P02866--5z5y__B1_P02866,15,1,1,4,0.2560062902757824,54.375,True,0.4004738634999703
5z5y__A1_P02866--5z5y__B1_P02866,16,5,1,4,0.3867349554788024,54.375,True,0.43926680668438967
5z5y__A1_P02866--5z5y__B1_P02866,17,1,3,4,0.2735696992827841,49.375,True,0.3930745225604654
5z5y__A1_P02866--5z5y__B1_P02866,18,4,0,4,0.5477732972927626,47.75,True,0.3798114397125353
5z5y__A1_P02866--5z5y__B1_P02866,19,2,3,4,0.3219207480044707,34.09375,True,0.3653710586814918
5z5y__A1_P02866--5z5y__B1_P02866,20,2,0,4,0.1684803653230926,27.0625,False,0.34553601998075045
5ztb__B1_Q72LF3--5ztb__A1_Q72LF4,1,2,0,0,0.8335348552088222,92.6875,True,0.6459233618099708
5ztb__B1_Q72LF3--5ztb__A1_Q72LF4,2,1,1,0,0.7477086436734445,91.5625,True,0.6023900895948469
5ztb__B1_Q72LF3--5ztb__A1_Q72LF4,3,2,3,0,0.8188393141155569,91.1875,True,0.5674981030177154
5ztb__B1_Q72LF3--5ztb__A1_Q72LF4,4,2,1,0,0.7501524558537177,90.6875,True,0.6136951665406772
5ztb__B1_Q72LF3--5ztb__A1_Q72LF4,5,5,0,0,0.7479586330113047,90.6875,True,0.5304587320453987
5ztb__B1_Q72LF3--5ztb__A1_Q72LF4,6,5,2,0,0.7444392943598966,90.4375,True,0.5687032710477932
5ztb__B1_Q72LF3--5ztb__A1_Q72LF4,7,3,0,0,0.8013952026381904,90.1875,True,0.5628591287683968
5ztb__B1_Q72LF3--5ztb__A1_Q72LF4,8,2,2,0,0.7614096277770089,90.1875,True,0.5857705578433812
5ztb__B1_Q72LF3--5ztb__A1_Q72LF4,9,5,1,0,0.8293621508936037,89.9375,True,0.5227208009630744
5ztb__B1_Q72LF3--5ztb__A1_Q72LF4,10,1,0,0,0.7810125526774372,89.9375,True,0.49012294125769185
5ztb__B1_Q72LF3--5ztb__A1_Q72LF4,11,4,0,0,0.7779313147479412,89.8125,True,0.478373730494265
5ztb__B1_Q72LF3--5ztb__A1_Q72LF4,12,3,3,0,0.7697977703597281,89.8125,True,0.5410851869540593
5ztb__B1_Q72LF3--5ztb__A1_Q72LF4,13,5,3,0,0.7679516790921875,89.625,True,0.49516636485578636
5ztb__B1_Q72LF3--5ztb__A1_Q72LF4,14,1,2,0,0.822704722297281,89.5625,True,0.42338702164154346
5ztb__B1_Q72LF3--5ztb__A1_Q72LF4,15,1,3,0,0.8295995836260251,89.5,True,0.4599236907357301
5ztb__B1_Q72LF3--5ztb__A1_Q72LF4,16,4,1,0,0.8266449498704466,89.0,True,0.4237191161681783
5ztb__B1_Q72LF3--5ztb__A1_Q72LF4,17,3,1,0,0.7776732135743428,89.0,True,0.4541758577990614
5ztb__B1_Q72LF3--5ztb__A1_Q72LF4,18,3,2,0,0.7614673256192467,88.9375,True,0.4249887170127285
5ztb__B1_Q72LF3--5ztb__A1_Q72LF4,19,4,3,0,0.8359936475336539,88.5625,True,0.3744406047743055
5ztb__B1_Q72LF3--5ztb__A1_Q72LF4,20,4,2,0,0.7902026636896743,88.5625,True,0.3926727295212751
5zyo__A1_P0A8I8--5zyo__C1_P0A8I8,1,5,3,3,0.0363799116735716,84.375,False,0.6614858700232774
5zyo__A1_P0A8I8--5zyo__C1_P0A8I8,2,5,2,3,0.0363028395138666,83.8125,False,0.6447290116622686
5zyo__A1_P0A8I8--5zyo__C1_P0A8I8,3,5,0,3,0.0363233458805762,83.8125,False,0.6324913048211745
5zyo__A1_P0A8I8--5zyo__C1_P0A8I8,4,5,1,3,0.0364071941796889,82.75,False,0.6151342470186344
5zyo__A1_P0A8I8--5zyo__C1_P0A8I8,5,3,0,3,0.0383142039819388,82.0625,False,0.5970854834959508
5zyo__A1_P0A8I8--5zyo__C1_P0A8I8,6,4,2,3,0.0362892788283065,81.5,False,0.5850596899084393
5zyo__A1_P0A8I8--5zyo__C1_P0A8I8,7,1,0,3,0.0364549375450052,79.0,False,0.5665942579760616
5zyo__A1_P0A8I8--5zyo__C1_P0A8I8,8,1,2,3,0.0374739250770834,77.125,False,0.5453030581458036
5zyo__A1_P0A8I8--5zyo__C1_P0A8I8,9,1,1,3,0.0364901721012201,76.375,False,0.5249335839462143
5zyo__A1_P0A8I8--5zyo__C1_P0A8I8,10,4,1,3,0.0363666907012448,75.9375,False,0.5252683820184288
5zyo__A1_P0A8I8--5zyo__C1_P0A8I8,11,4,0,3,0.0363544280125851,74.625,False,0.504816416416313
5zyo__A1_P0A8I8--5zyo__C1_P0A8I8,12,4,3,3,0.0364056286893148,70.5,False,0.483258191209408
5zyo__A1_P0A8I8--5zyo__C1_P0A8I8,13,2,3,3,0.0365587802630486,67.375,False,0.4665538806240635
5zyo__A1_P0A8I8--5zyo__C1_P0A8I8,14,2,2,3,0.036534205355413,66.625,False,0.44992423124695646
5zyo__A1_P0A8I8--5zyo__C1_P0A8I8,15,2,0,3,0.036507143567674,58.5,False,0.4386427532871581
5zyo__A1_P0A8I8--5zyo__C1_P0A8I8,16,3,3,3,0.0397918188007126,56.25,False,0.40459516217975205
5zyo__A1_P0A8I8--5zyo__C1_P0A8I8,17,2,1,3,0.0397445114123828,54.59375,False,0.41324651735008644
5zyo__A1_P0A8I8--5zyo__C1_P0A8I8,18,3,1,3,0.0410367679356624,53.21875,False,0.3798363556073042
5zyo__A1_P0A8I8--5zyo__C1_P0A8I8,19,1,3,3,0.0420921013604939,41.8125,False,0.36913295816139585
5zyo__A1_P0A8I8--5zyo__C1_P0A8I8,20,3,2,3,0.2986982502785937,32.71875,True,0.35367352590478235
6a3v__A1_P41273--6a3v__B1_Q07011,1,3,1,2,0.6013949760950238,86.3125,True,0.6604637788258183
6a3v__A1_P41273--6a3v__B1_Q07011,2,3,2,2,0.6913088639989654,85.875,True,0.5531045627718579
6a3v__A1_P41273--6a3v__B1_Q07011,3,3,0,2,0.662208437276932,85.8125,True,0.5731542368807583
6a3v__A1_P41273--6a3v__B1_Q07011,4,3,3,2,0.6834740574244261,85.6875,True,0.5493790257846486
6a3v__A1_P41273--6a3v__B1_Q07011,5,5,0,2,0.6243844615734725,85.625,True,0.5725744416506047
6a3v__A1_P41273--6a3v__B1_Q07011,6,4,1,2,0.7437864308097621,85.625,True,0.5064743905780038
6a3v__A1_P41273--6a3v__B1_Q07011,7,4,3,2,0.7370011233044638,85.5625,True,0.5035831223674183
6a3v__A1_P41273--6a3v__B1_Q07011,8,4,0,2,0.7931549367669691,85.5625,True,0.5178322399009052
6a3v__A1_P41273--6a3v__B1_Q07011,9,5,1,2,0.6202875097677034,85.5,True,0.5525929121916494
6a3v__A1_P41273--6a3v__B1_Q07011,10,1,0,2,0.6266049827675803,85.5,True,0.5794564677428307
6a3v__A1_P41273--6a3v__B1_Q07011,11,5,2,2,0.6977448194197886,85.4375,True,0.471778097552967
6a3v__A1_P41273--6a3v__B1_Q07011,12,1,3,2,0.6247472844488772,85.25,True,0.5417771650771066
6a3v__A1_P41273--6a3v__B1_Q07011,13,5,3,2,0.7024531560094182,85.25,True,0.4352114167930924
6a3v__A1_P41273--6a3v__B1_Q07011,14,1,1,2,0.6359612522959496,85.1875,True,0.5345225303910879
6a3v__A1_P41273--6a3v__B1_Q07011,15,4,2,2,0.796106430164612,85.125,True,0.45173647734712674
6a3v__A1_P41273--6a3v__B1_Q07011,16,1,2,2,0.6301187954404619,85.0,True,0.5240423020305459
6a3v__A1_P41273--6a3v__B1_Q07011,17,2,1,2,0.6161679077044553,85.0,True,0.4419384721399488
6a3v__A1_P41273--6a3v__B1_Q07011,18,2,3,2,0.6683121477465352,85.0,True,0.4205107795669792
6a3v__A1_P41273--6a3v__B1_Q07011,19,2,0,2,0.6478357256401249,84.9375,True,0.39404318897555185
6a3v__A1_P41273--6a3v__B1_Q07011,20,2,2,2,0.6935189903259652,84.625,True,0.3600106724003638
6a9y__A1_Q9BQI5--6a9y__A2_Q9BQI5,1,3,2,0,0.0040480594930259,39.34375,False,0.6812735643460436
6a9y__A1_Q9BQI5--6a9y__A2_Q9BQI5,2,4,3,0,0.0042975751660741,25.34375,False,0.63050108830266
6a9y__A1_Q9BQI5--6a9y__A2_Q9BQI5,3,4,1,0,0.0041920077172155,25.03125,False,0.6102862243255348
6a9y__A1_Q9BQI5--6a9y__A2_Q9BQI5,4,1,0,0,0.2481498725831958,24.6875,True,0.6381018309610575
6a9y__A1_Q9BQI5--6a9y__A2_Q9BQI5,5,1,2,0,0.2860172304401169,23.9375,True,0.6202424833670441
6a9y__A1_Q9BQI5--6a9y__A2_Q9BQI5,6,1,3,0,0.1372858348210841,23.53125,False,0.6020514374278483
6a9y__A1_Q9BQI5--6a9y__A2_Q9BQI5,7,1,1,0,0.0616696029249344,22.140625,False,0.5800053955134218
6a9y__A1_Q9BQI5--6a9y__A2_Q9BQI5,8,4,2,0,0.0042027947632062,21.984375,False,0.5270430521548587
6a9y__A1_Q9BQI5--6a9y__A2_Q9BQI5,9,4,0,0,0.0042372002241677,21.828125,False,0.5251538840581093
6a9y__A1_Q9BQI5--6a9y__A2_Q9BQI5,10,2,3,0,0.0138526526568827,21.625,False,0.5242420663031429
6a9y__A1_Q9BQI5--6a9y__A2_Q9BQI5,11,2,1,0,0.013811798660084,21.4375,False,0.5027981642215493
6a9y__A1_Q9BQI5--6a9y__A2_Q9BQI5,12,2,0,0,0.0141773768967854,21.1875,False,0.4700080184498601
6a9y__A1_Q9BQI5--6a9y__A2_Q9BQI5,13,2,2,0,0.0134745267713099,20.84375,False,0.5147612923024439
6a9y__A1_Q9BQI5--6a9y__A2_Q9BQI5,14,5,3,0,0.0260259901319959,20.640625,False,0.42443432265927417
6a9y__A1_Q9BQI5--6a9y__A2_Q9BQI5,15,5,0,0,0.023185538877051,20.625,False,0.41745469581308303
6a9y__A1_Q9BQI5--6a9y__A2_Q9BQI5,16,5,2,0,0.0238142842235473,20.40625,False,0.3963888831540365
6a9y__A1_Q9BQI5--6a9y__A2_Q9BQI5,17,5,1,0,0.0182790447181559,19.96875,False,0.3945773271386204
6a9y__A1_Q9BQI5--6a9y__A2_Q9BQI5,18,3,1,0,0.0131757679252208,18.5,False,0.38962130722097
6a9y__A1_Q9BQI5--6a9y__A2_Q9BQI5,19,3,3,0,0.0130529579028952,18.09375,False,0.36384433149529105
6a9y__A1_Q9BQI5--6a9y__A2_Q9BQI5,20,3,0,0,0.0108916231985613,18.03125,False,0.34244642394967273
6ahy__B1_P56703--6ahy__A1_Q61091,1,3,0,1,0.3258036370431348,61.03125,True,0.5469563457302261
6ahy__B1_P56703--6ahy__A1_Q61091,2,3,3,1,0.3316122475224125,59.84375,True,0.5256967127636558
6ahy__B1_P56703--6ahy__A1_Q61091,3,3,1,1,0.3289162615309718,54.09375,True,0.6108634353226405
6ahy__B1_P56703--6ahy__A1_Q61091,4,1,3,1,0.2828627545677769,47.5,True,0.6251662366428125
6ahy__B1_P56703--6ahy__A1_Q61091,5,2,3,1,0.2443444758298229,44.59375,True,0.6118670485132561
6ahy__B1_P56703--6ahy__A1_Q61091,6,2,2,1,0.211145281402885,40.90625,False,0.5795255446531686
6ahy__B1_P56703--6ahy__A1_Q61091,7,2,1,1,0.204119212133205,40.0625,False,0.6222789731194802
6ahy__B1_P56703--6ahy__A1_Q61091,8,4,3,1,0.1690308642621897,33.96875,False,0.5557197319055185
6ahy__B1_P56703--6ahy__A1_Q61091,9,4,0,1,0.1958769386733913,33.53125,False,0.583765433037644
6ahy__B1_P56703--6ahy__A1_Q61091,10,1,2,1,0.1732150928450574,32.15625,False,0.53926434016838
6ahy__B1_P56703--6ahy__A1_Q61091,11,3,2,1,0.1425177726877581,31.921875,False,0.4333572499919403
6ahy__B1_P56703--6ahy__A1_Q61091,12,4,2,1,0.052878041525081,29.015625,False,0.5142074929614657
6ahy__B1_P56703--6ahy__A1_Q61091,13,5,0,1,0.0321588871865856,29.015625,False,0.44210017757356096
6ahy__B1_P56703--6ahy__A1_Q61091,14,4,1,1,0.0501232761544863,28.03125,False,0.5179558465689593
6ahy__B1_P56703--6ahy__A1_Q61091,15,1,0,1,0.090049955296987,27.03125,False,0.4486596313477115
6ahy__B1_P56703--6ahy__A1_Q61091,16,2,0,1,0.0250796332148141,26.890625,False,0.4252080516059102
6ahy__B1_P56703--6ahy__A1_Q61091,17,5,2,1,0.0543014569516176,26.796875,False,0.42416979450521597
6ahy__B1_P56703--6ahy__A1_Q61091,18,5,1,1,0.0380938862147131,25.3125,False,0.3678782441778197
6ahy__B1_P56703--6ahy__A1_Q61091,19,5,3,1,0.0466443003022654,25.046875,False,0.3848480126258631
6ahy__B1_P56703--6ahy__A1_Q61091,20,1,1,1,0.0369385427440248,24.421875,False,0.38011365238496997
6apx__A1_P0AEX9--6apx__B1_UNDEFINED,1,3,2,2,0.0073968482176277,44.21875,False,0.633256914023377
6apx__A1_P0AEX9--6apx__B1_UNDEFINED,2,3,3,2,0.0075124860129663,44.15625,False,0.6385110912995005
6apx__A1_P0AEX9--6apx__B1_UNDEFINED,3,3,1,2,0.0074749075879759,43.125,False,0.5916100715904599
6apx__A1_P0AEX9--6apx__B1_UNDEFINED,4,3,0,2,0.0075894422210632,43.09375,False,0.5897325032516272
6apx__A1_P0AEX9--6apx__B1_UNDEFINED,5,1,3,2,0.0077656668891417,40.21875,False,0.5652495059002213
6apx__A1_P0AEX9--6apx__B1_UNDEFINED,6,1,1,2,0.0079249437098219,39.78125,False,0.565595858344982
6apx__A1_P0AEX9--6apx__B1_UNDEFINED,7,1,0,2,0.0080715286113192,38.15625,False,0.6227886141905293
6apx__A1_P0AEX9--6apx__B1_UNDEFINED,8,1,2,2,0.00838255342891,36.09375,False,0.5274388270661224
6apx__A1_P0AEX9--6apx__B1_UNDEFINED,9,2,3,2,0.0080460414353464,32.6875,False,0.5636244564612664
6apx__A1_P0AEX9--6apx__B1_UNDEFINED,10,2,1,2,0.0082387925866958,32.125,False,0.5152286776593344
6apx__A1_P0AEX9--6apx__B1_UNDEFINED,11,4,0,2,0.0128113251423395,30.921875,False,0.5179228653515452
6apx__A1_P0AEX9--6apx__B1_UNDEFINED,12,2,0,2,0.0129669164232787,29.6875,False,0.5436171379207141
6apx__A1_P0AEX9--6apx__B1_UNDEFINED,13,5,1,2,0.0078404406745254,28.9375,False,0.4442300174253265
6apx__A1_P0AEX9--6apx__B1_UNDEFINED,14,2,2,2,0.0131132973936769,28.90625,False,0.46569969515473647
6apx__A1_P0AEX9--6apx__B1_UNDEFINED,15,5,3,2,0.0084279302327659,28.265625,False,0.40951027779725613
6apx__A1_P0AEX9--6apx__B1_UNDEFINED,16,4,1,2,0.0130736428677805,27.875,False,0.4566273777715659
6apx__A1_P0AEX9--6apx__B1_UNDEFINED,17,5,2,2,0.0173939997098021,27.796875,False,0.40976944494315404
6apx__A1_P0AEX9--6apx__B1_UNDEFINED,18,4,3,2,0.0139294709274433,27.234375,False,0.3691765127616855
6apx__A1_P0AEX9--6apx__B1_UNDEFINED,19,5,0,2,0.012849068695775,26.953125,False,0.3525770925762542
6apx__A1_P0AEX9--6apx__B1_UNDEFINED,20,4,2,2,0.0136680441193221,26.71875,False,0.36407363762558265
6aqe__B1_Q9RY20--6aqe__A1_Q9RY20,1,4,2,4,0.0100499212123842,90.125,False,0.6750573227925454
6aqe__B1_Q9RY20--6aqe__A1_Q9RY20,2,4,3,4,0.0100300476051191,90.0,False,0.6456099750845689
6aqe__B1_Q9RY20--6aqe__A1_Q9RY20,3,4,0,4,0.0100295237642582,89.25,False,0.6365447287148313
6aqe__B1_Q9RY20--6aqe__A1_Q9RY20,4,4,1,4,0.0100443992540788,88.875,False,0.6201885602874647
6aqe__B1_Q9RY20--6aqe__A1_Q9RY20,5,1,0,4,0.0100352642575473,86.0,False,0.6035547566907647
6aqe__B1_Q9RY20--6aqe__A1_Q9RY20,6,1,1,4,0.0100377962827381,85.1875,False,0.5866779669161652
6aqe__B1_Q9RY20--6aqe__A1_Q9RY20,7,1,2,4,0.0101081752510027,85.0,False,0.569595065822068
6aqe__B1_Q9RY20--6aqe__A1_Q9RY20,8,1,3,4,0.0100958475480464,81.6875,False,0.5523448550676545
6aqe__B1_Q9RY20--6aqe__A1_Q9RY20,9,3,3,4,0.0100649364691692,68.5,False,0.5349677265167485
6aqe__B1_Q9RY20--6aqe__A1_Q9RY20,10,3,1,4,0.0100872832603023,66.6875,False,0.5210270316202326
6aqe__B1_Q9RY20--6aqe__A1_Q9RY20,11,3,2,4,0.0100955857605435,66.4375,False,0.49647306949885534
6aqe__B1_Q9RY20--6aqe__A1_Q9RY20,12,3,0,4,0.0100933894997591,65.9375,False,0.4684636389015974
6aqe__B1_Q9RY20--6aqe__A1_Q9RY20,13,2,0,4,0.7439181942723326,64.375,True,0.48962338268420785
6aqe__B1_Q9RY20--6aqe__A1_Q9RY20,14,5,2,4,0.7596369459426668,62.8125,True,0.4462124432988075
6aqe__B1_Q9RY20--6aqe__A1_Q9RY20,15,2,3,4,0.7339599810467137,62.375,True,0.431809503490574
6aqe__B1_Q9RY20--6aqe__A1_Q9RY20,16,5,3,4,0.7519088235330095,62.125,True,0.40692081453291884
6aqe__B1_Q9RY20--6aqe__A1_Q9RY20,17,2,2,4,0.7394436893155122,60.5625,True,0.39839982391928536
6aqe__B1_Q9RY20--6aqe__A1_Q9RY20,18,5,0,4,0.7704499979571886,60.25,True,0.3823624426183432
6aqe__B1_Q9RY20--6aqe__A1_Q9RY20,19,5,1,4,0.7584227403067381,59.9375,True,0.36690867132309085
6aqe__B1_Q9RY20--6aqe__A1_Q9RY20,20,2,1,4,0.6989223719462658,52.6875,True,0.3362441917790339
6au8__A1_Q7L5D6--6au8__B1_P46379,1,2,3,4,0.7464183190813255,94.0625,True,0.6514684515092732
6au8__A1_Q7L5D6--6au8__B1_P46379,2,1,3,4,0.7325659256059115,94.0625,True,0.5879331881986289
6au8__A1_Q7L5D6--6au8__B1_P46379,3,1,2,4,0.7097372529075302,94.0625,True,0.6192569227416157
6au8__A1_Q7L5D6--6au8__B1_P46379,4,2,1,4,0.7414601290362651,94.0,True,0.6404153793161477
6au8__A1_Q7L5D6--6au8__B1_P46379,5,2,2,4,0.7389080369579889,94.0,True,0.6072537933026164
6au8__A1_Q7L5D6--6au8__B1_P46379,6,4,0,4,0.734285934098399,93.9375,True,0.6139878249700749
6au8__A1_Q7L5D6--6au8__B1_P46379,7,1,1,4,0.7117169047295828,93.9375,True,0.4489198246078823
6au8__A1_Q7L5D6--6au8__B1_P46379,8,5,0,4,0.7396025066297792,93.8125,True,0.5456213504999816
6au8__A1_Q7L5D6--6au8__B1_P46379,9,1,0,4,0.7273238327655959,93.75,True,0.40238998511285634
6au8__A1_Q7L5D6--6au8__B1_P46379,10,4,2,4,0.730934327581764,93.75,True,0.5715717943138985
6au8__A1_Q7L5D6--6au8__B1_P46379,11,4,3,4,0.7325564272330038,93.75,True,0.5624190444244656
6au8__A1_Q7L5D6--6au8__B1_P46379,12,5,3,4,0.7379714910640907,93.6875,True,0.48648893766376394
6au8__A1_Q7L5D6--6au8__B1_P46379,13,4,1,4,0.7301484348534143,93.6875,True,0.49295311250826757
6au8__A1_Q7L5D6--6au8__B1_P46379,14,5,2,4,0.7366142064775224,93.6875,True,0.4390111854972317
6au8__A1_Q7L5D6--6au8__B1_P46379,15,2,0,4,0.7215232664735067,93.625,True,0.511790704363678
6au8__A1_Q7L5D6--6au8__B1_P46379,16,5,1,4,0.7421924843284476,93.5,True,0.4197793615210717
6au8__A1_Q7L5D6--6au8__B1_P46379,17,3,3,4,0.7350474059436665,93.4375,True,0.4308096823492137
6au8__A1_Q7L5D6--6au8__B1_P46379,18,3,0,4,0.7365388619658134,93.375,True,0.38291400321197716
6au8__A1_Q7L5D6--6au8__B1_P46379,19,3,1,4,0.7349948982920784,93.3125,True,0.3848093141336108
6au8__A1_Q7L5D6--6au8__B1_P46379,20,3,2,4,0.7405816457325184,93.1875,True,0.36895207374633276
6cp8__A1_A0A2A2CAY5--6cp8__C1_A0A2A2C800,1,1,0,3,0.7132728422095237,88.25,True,0.6489157953547312
6cp8__A1_A0A2A2CAY5--6cp8__C1_A0A2A2C800,2,1,2,3,0.7080367920275656,88.25,True,0.6589405304868732
6cp8__A1_A0A2A2CAY5--6cp8__C1_A0A2A2C800,3,5,2,3,0.7035456826986671,87.1875,True,0.49393948543728144
6cp8__A1_A0A2A2CAY5--6cp8__C1_A0A2A2C800,4,5,0,3,0.7003589846401793,87.0,True,0.5855253015776932
6cp8__A1_A0A2A2CAY5--6cp8__C1_A0A2A2C800,5,4,1,3,0.7213923437570712,86.9375,True,0.4123166940849435
6cp8__A1_A0A2A2CAY5--6cp8__C1_A0A2A2C800,6,4,3,3,0.6993223467250477,86.875,True,0.5765269703844041
6cp8__A1_A0A2A2CAY5--6cp8__C1_A0A2A2C800,7,2,0,3,0.7201587372865879,86.75,True,0.6107207203337258
6cp8__A1_A0A2A2CAY5--6cp8__C1_A0A2A2C800,8,5,1,3,0.7010243272007295,86.75,True,0.5453030581458036
6cp8__A1_A0A2A2CAY5--6cp8__C1_A0A2A2C800,9,1,1,3,0.7277301723026287,86.625,True,0.5974132979622179
6cp8__A1_A0A2A2CAY5--6cp8__C1_A0A2A2C800,10,2,3,3,0.7061059607156581,86.4375,True,0.47836060920105533
6cp8__A1_A0A2A2CAY5--6cp8__C1_A0A2A2C800,11,4,2,3,0.7057993633663914,86.375,True,0.5345922467959772
6cp8__A1_A0A2A2CAY5--6cp8__C1_A0A2A2C800,12,5,3,3,0.7006298743454783,86.375,True,0.5675165208435857
6cp8__A1_A0A2A2CAY5--6cp8__C1_A0A2A2C800,13,2,2,3,0.734997742851351,86.0,True,0.3934734004238453
6cp8__A1_A0A2A2CAY5--6cp8__C1_A0A2A2C800,14,1,3,3,0.721956463987708,84.6875,True,0.51133570391068
6cp8__A1_A0A2A2CAY5--6cp8__C1_A0A2A2C800,15,3,2,3,0.6667950281261811,83.9375,True,0.4676871606397025
6cp8__A1_A0A2A2CAY5--6cp8__C1_A0A2A2C800,16,3,1,3,0.6820912363524566,83.8125,True,0.45653371055028924
6cp8__A1_A0A2A2CAY5--6cp8__C1_A0A2A2C800,17,2,1,3,0.7227050153954796,83.8125,True,0.3904180439060291
6cp8__A1_A0A2A2CAY5--6cp8__C1_A0A2A2C800,18,3,0,3,0.6841640080598386,83.1875,True,0.42056652057138844
6cp8__A1_A0A2A2CAY5--6cp8__C1_A0A2A2C800,19,3,3,3,0.6793532341101569,83.125,True,0.41402406907663397
6cp8__A1_A0A2A2CAY5--6cp8__C1_A0A2A2C800,20,4,0,3,0.6950197654222757,83.0625,True,0.39548886879910705
6djl__C1_O60239--6djl__A1_P62491,1,4,1,4,0.64282704808161,77.8125,True,0.6564149369749281
6djl__C1_O60239--6djl__A1_P62491,2,4,3,4,0.6451618121038295,76.75,True,0.6585902253362187
6djl__C1_O60239--6djl__A1_P62491,3,3,3,4,0.5822951551854655,75.0625,True,0.6296475191846672
6djl__C1_O60239--6djl__A1_P62491,4,4,0,4,0.636357008921162,74.8125,True,0.6333491826433415
6djl__C1_O60239--6djl__A1_P62491,5,4,2,4,0.4959831703636276,71.3125,True,0.6078986258800824
6djl__C1_O60239--6djl__A1_P62491,6,5,0,4,0.4224830374659932,70.625,True,0.5856880465130037
6djl__C1_O60239--6djl__A1_P62491,7,5,2,4,0.418550253504369,69.125,True,0.5383158919983799
6djl__C1_O60239--6djl__A1_P62491,8,3,1,4,0.4344845927253001,68.625,True,0.5662120250879162
6djl__C1_O60239--6djl__A1_P62491,9,3,0,4,0.447821886190598,68.4375,True,0.5458461273926768
6djl__C1_O60239--6djl__A1_P62491,10,5,1,4,0.418287599551362,67.3125,True,0.5206162252573463
6djl__C1_O60239--6djl__A1_P62491,11,5,3,4,0.4188280305288254,65.25,True,0.4935972112498106
6djl__C1_O60239--6djl__A1_P62491,12,3,2,4,0.4289575301159634,65.25,True,0.5042159670743
6djl__C1_O60239--6djl__A1_P62491,13,2,0,4,0.4953098066277578,63.90625,True,0.44981922373059124
6djl__C1_O60239--6djl__A1_P62491,14,1,3,4,0.4535903979513283,58.65625,True,0.44457586980786706
6djl__C1_O60239--6djl__A1_P62491,15,2,2,4,0.4426035683980436,57.15625,True,0.43346265673306733
6djl__C1_O60239--6djl__A1_P62491,16,2,3,4,0.4521638659973295,54.9375,True,0.4071254187383859
6djl__C1_O60239--6djl__A1_P62491,17,1,0,4,0.4282936497785413,54.125,True,0.40258968461694683
6djl__C1_O60239--6djl__A1_P62491,18,2,1,4,0.4622016214053632,53.3125,True,0.37379712459559455
6djl__C1_O60239--6djl__A1_P62491,19,1,2,4,0.4706160893236517,52.625,True,0.3694013476397044
6djl__C1_O60239--6djl__A1_P62491,20,1,1,4,0.4533629017041309,49.0625,True,0.34740890422716
6dkk__B1_P0DPI0--6dkk__A1_P0DPI0,1,5,0,0,0.005764619969538,32.75,False,0.6812735643460436
6dkk__B1_P0DPI0--6dkk__A1_P0DPI0,2,3,0,0,0.0065638311960848,22.171875,False,0.6539850767840633
6dkk__B1_P0DPI0--6dkk__A1_P0DPI0,3,2,3,0,0.0066135492336453,21.171875,False,0.581692817509342
6dkk__B1_P0DPI0--6dkk__A1_P0DPI0,4,4,1,0,0.0082779855059686,21.109375,False,0.585427148057193
6dkk__B1_P0DPI0--6dkk__A1_P0DPI0,5,2,1,0,0.0053241932766119,20.9375,False,0.5338267197811144
6dkk__B1_P0DPI0--6dkk__A1_P0DPI0,6,5,1,0,0.0078880237597457,20.796875,False,0.5873163495677581
6dkk__B1_P0DPI0--6dkk__A1_P0DPI0,7,4,0,0,0.0084640403373168,20.796875,False,0.589490241435851
6dkk__B1_P0DPI0--6dkk__A1_P0DPI0,8,3,2,0,0.0278131724355081,20.078125,False,0.5930987905179137
6dkk__B1_P0DPI0--6dkk__A1_P0DPI0,9,4,3,0,0.0079263935968219,20.078125,False,0.5454524333984093
6dkk__B1_P0DPI0--6dkk__A1_P0DPI0,10,1,1,0,0.0067759878807983,19.921875,False,0.49450575132273583
6dkk__B1_P0DPI0--6dkk__A1_P0DPI0,11,2,0,0,0.0072918729235854,19.765625,False,0.4506651337308366
6dkk__B1_P0DPI0--6dkk__A1_P0DPI0,12,3,1,0,0.0088318576017062,19.671875,False,0.4979497696013794
6dkk__B1_P0DPI0--6dkk__A1_P0DPI0,13,5,3,0,0.0077391080490189,19.65625,False,0.4521479091782966
6dkk__B1_P0DPI0--6dkk__A1_P0DPI0,14,1,3,0,0.0060522700097492,19.640625,False,0.47419951795875
6dkk__B1_P0DPI0--6dkk__A1_P0DPI0,15,1,2,0,0.0067067926927074,19.390625,False,0.47308720430762574
6dkk__B1_P0DPI0--6dkk__A1_P0DPI0,16,5,2,0,0.0072466451458148,19.359375,False,0.3788176903730824
6dkk__B1_P0DPI0--6dkk__A1_P0DPI0,17,2,2,0,0.0083842558208189,19.3125,False,0.48057937446993204
6dkk__B1_P0DPI0--6dkk__A1_P0DPI0,18,4,2,0,0.0077075032101201,19.25,False,0.38048745815983304
6dkk__B1_P0DPI0--6dkk__A1_P0DPI0,19,3,3,0,0.0074650248474466,19.015625,False,0.3589844324430854
6dkk__B1_P0DPI0--6dkk__A1_P0DPI0,20,1,0,0,0.0064381104244882,19.0,False,0.36286371245517796
6e8a__A1_Q7CPJ3--6e8a__A2_Q7CPJ3,1,1,1,4,0.764736155460375,66.4375,True,0.422567683945588
6e8a__A1_Q7CPJ3--6e8a__A2_Q7CPJ3,2,1,2,4,0.73453346894241,62.71875,True,0.4055743565621154
6e8a__A1_Q7CPJ3--6e8a__A2_Q7CPJ3,3,3,2,4,0.0199713373085826,53.71875,False,0.6621578234432935
6e8a__A1_Q7CPJ3--6e8a__A2_Q7CPJ3,4,3,3,4,0.023638728118345,52.625,False,0.6463138473599267
6e8a__A1_Q7CPJ3--6e8a__A2_Q7CPJ3,5,3,0,4,0.0217723563058478,52.125,False,0.6301418656235025
6e8a__A1_Q7CPJ3--6e8a__A2_Q7CPJ3,6,3,1,4,0.0235606854543555,51.09375,False,0.6136724329118531
6e8a__A1_Q7CPJ3--6e8a__A2_Q7CPJ3,7,1,3,4,0.0282141720360221,46.1875,False,0.6003284433918121
6e8a__A1_Q7CPJ3--6e8a__A2_Q7CPJ3,8,1,0,4,0.0274757180368878,43.96875,False,0.5696738731653811
6e8a__A1_Q7CPJ3--6e8a__A2_Q7CPJ3,9,2,0,4,0.0225595035873023,42.28125,False,0.5697113690158474
6e8a__A1_Q7CPJ3--6e8a__A2_Q7CPJ3,10,2,1,4,0.0224072628535698,39.90625,False,0.5389227408641597
6e8a__A1_Q7CPJ3--6e8a__A2_Q7CPJ3,11,2,3,4,0.0216398725624569,39.375,False,0.5382263640267623
6e8a__A1_Q7CPJ3--6e8a__A2_Q7CPJ3,12,2,2,4,0.0231343813532616,37.4375,False,0.5128899595025178
6e8a__A1_Q7CPJ3--6e8a__A2_Q7CPJ3,13,4,3,4,0.0205779897411691,36.78125,False,0.5017811003232079
6e8a__A1_Q7CPJ3--6e8a__A2_Q7CPJ3,14,4,2,4,0.0206224162232365,34.6875,False,0.4754484864358744
6e8a__A1_Q7CPJ3--6e8a__A2_Q7CPJ3,15,5,0,4,0.0244443508484776,34.5625,False,0.40695251028528917
6e8a__A1_Q7CPJ3--6e8a__A2_Q7CPJ3,16,4,1,4,0.0219226719757072,34.53125,False,0.46958668003169574
6e8a__A1_Q7CPJ3--6e8a__A2_Q7CPJ3,17,5,3,4,0.0238488802953898,34.46875,False,0.4236525819706222
6e8a__A1_Q7CPJ3--6e8a__A2_Q7CPJ3,18,5,2,4,0.0240011404702606,33.8125,False,0.39373228091877915
6e8a__A1_Q7CPJ3--6e8a__A2_Q7CPJ3,19,4,0,4,0.0211879295691032,33.25,False,0.4092169892862409
6e8a__A1_Q7CPJ3--6e8a__A2_Q7CPJ3,20,5,1,4,0.0239741168182485,33.15625,False,0.37543081147809665
6efw__A1_J9VIT7--6efw__A2_J9VIT7,1,2,2,2,0.703673586731474,72.9375,True,0.6415858834017127
6efw__A1_J9VIT7--6efw__A2_J9VIT7,2,2,1,2,0.701447615131768,67.9375,True,0.6279357227893612
6efw__A1_J9VIT7--6efw__A2_J9VIT7,3,2,3,2,0.6867914600401533,67.875,True,0.6147619609980632
6efw__A1_J9VIT7--6efw__A2_J9VIT7,4,2,0,2,0.6989860056779059,67.8125,True,0.600287861167963
6efw__A1_J9VIT7--6efw__A2_J9VIT7,5,5,2,2,0.688639173258307,65.8125,True,0.5942218827197474
6efw__A1_J9VIT7--6efw__A2_J9VIT7,6,5,0,2,0.6813912939860418,65.625,True,0.6113372558602007
6efw__A1_J9VIT7--6efw__A2_J9VIT7,7,5,3,2,0.6834056876098588,65.25,True,0.5934701037610179
6efw__A1_J9VIT7--6efw__A2_J9VIT7,8,4,3,2,0.6991902490356061,61.125,True,0.5674925439055137
6efw__A1_J9VIT7--6efw__A2_J9VIT7,9,4,0,2,0.7032743511008027,60.78125,True,0.5451480340288072
6efw__A1_J9VIT7--6efw__A2_J9VIT7,10,4,2,2,0.699313150600635,60.03125,True,0.5226202191932964
6efw__A1_J9VIT7--6efw__A2_J9VIT7,11,5,1,2,0.6812553683657402,59.09375,True,0.5319173946468007
6efw__A1_J9VIT7--6efw__A2_J9VIT7,12,4,1,2,0.7016007968714222,58.125,True,0.45727050708574096
6efw__A1_J9VIT7--6efw__A2_J9VIT7,13,3,2,2,0.671222922657169,52.6875,True,0.45558270278634405
6efw__A1_J9VIT7--6efw__A2_J9VIT7,14,1,2,2,0.6584395509908373,52.1875,True,0.42157522890179727
6efw__A1_J9VIT7--6efw__A2_J9VIT7,15,3,3,2,0.6666885140098415,51.84375,True,0.39077750303766595
6efw__A1_J9VIT7--6efw__A2_J9VIT7,16,3,0,2,0.6687378382169747,51.75,True,0.4192565621311999
6efw__A1_J9VIT7--6efw__A2_J9VIT7,17,1,1,2,0.6514396229424074,51.0,True,0.4207795288159291
6efw__A1_J9VIT7--6efw__A2_J9VIT7,18,1,3,2,0.6314515730137832,50.90625,True,0.3916876491486632
6efw__A1_J9VIT7--6efw__A2_J9VIT7,19,3,1,2,0.6664961613674115,50.75,True,0.3689461617142266
6efw__A1_J9VIT7--6efw__A2_J9VIT7,20,1,0,2,0.6384811446418123,45.25,True,0.3660901854979702
6eho__A1_Q99523--6eho__A2_Q99523,1,3,0,0,0.0246942943023912,33.96875,False,0.6751888182957538
6eho__A1_Q99523--6eho__A2_Q99523,2,3,2,0,0.0183893879874182,29.15625,False,0.5938377318101488
6eho__A1_Q99523--6eho__A2_Q99523,3,3,3,0,0.0192174371088776,29.03125,False,0.6053297887349044
6eho__A1_Q99523--6eho__A2_Q99523,4,1,0,0,0.4652483875860905,28.953125,True,0.5509592008889171
6eho__A1_Q99523--6eho__A2_Q99523,5,5,2,0,0.0577005061968569,28.890625,False,0.6428773300147993
6eho__A1_Q99523--6eho__A2_Q99523,6,5,1,0,0.0686279116956756,28.703125,False,0.6001710488761078
6eho__A1_Q99523--6eho__A2_Q99523,7,5,0,0,0.0676050019670786,28.390625,False,0.5682888178163323
6eho__A1_Q99523--6eho__A2_Q99523,8,4,3,0,0.0585527280700327,28.21875,False,0.6225810840680448
6eho__A1_Q99523--6eho__A2_Q99523,9,5,3,0,0.0661752505282865,27.703125,False,0.5489788535808633
6eho__A1_Q99523--6eho__A2_Q99523,10,3,1,0,0.0213534975466503,27.109375,False,0.46781487483098966
6eho__A1_Q99523--6eho__A2_Q99523,11,4,1,0,0.0625917889585411,26.796875,False,0.5399977283481301
6eho__A1_Q99523--6eho__A2_Q99523,12,1,3,0,0.328041492714487,26.265625,True,0.4647660795495449
6eho__A1_Q99523--6eho__A2_Q99523,13,4,0,0,0.1265338606655719,25.9375,False,0.5147612923024439
6eho__A1_Q99523--6eho__A2_Q99523,14,4,2,0,0.1956467777859729,25.21875,False,0.47863530364830514
6eho__A1_Q99523--6eho__A2_Q99523,15,1,1,0,0.0550509539824464,25.046875,False,0.40568006924110606
6eho__A1_Q99523--6eho__A2_Q99523,16,1,2,0,0.0552393310149311,24.9375,False,0.38981287619593863
6eho__A1_Q99523--6eho__A2_Q99523,17,2,0,0,0.0537148327496691,24.484375,False,0.40066415691277174
6eho__A1_Q99523--6eho__A2_Q99523,18,2,1,0,0.1354622578553736,24.15625,False,0.38335433390865925
6eho__A1_Q99523--6eho__A2_Q99523,19,2,2,0,0.1863043261677114,23.71875,False,0.3697466084347359
6eho__A1_Q99523--6eho__A2_Q99523,20,2,3,0,0.1619125371056051,23.625,False,0.3349977845409481
6ejv__A1_Q65J43--6ejv__B1_Q65J43,1,5,1,2,0.0318454329595879,42.25,False,0.6415858834017127
6ejv__A1_Q65J43--6ejv__B1_Q65J43,2,5,2,2,0.0302612869057882,39.5625,False,0.6280893012284724
6ejv__A1_Q65J43--6ejv__B1_Q65J43,3,5,3,2,0.0293862247173506,39.25,False,0.6182110252941527
6ejv__A1_Q65J43--6ejv__B1_Q65J43,4,5,0,2,0.0317334013474629,36.78125,False,0.5966242837102315
6ejv__A1_Q65J43--6ejv__B1_Q65J43,5,2,0,2,0.2665188115740216,26.203125,True,0.6136172716817826
6ejv__A1_Q65J43--6ejv__B1_Q65J43,6,2,3,2,0.1969456972470452,25.953125,False,0.6193197124553421
6ejv__A1_Q65J43--6ejv__B1_Q65J43,7,2,1,2,0.2545648841341112,23.71875,True,0.5829153135698457
6ejv__A1_Q65J43--6ejv__B1_Q65J43,8,2,2,2,0.2538688763883081,23.546875,True,0.5728144252071867
6ejv__A1_Q65J43--6ejv__B1_Q65J43,9,1,3,2,0.057949434525657,18.0,False,0.5393723620631595
6ejv__A1_Q65J43--6ejv__B1_Q65J43,10,1,2,2,0.0561491102526936,17.8125,False,0.4862820995072207
6ejv__A1_Q65J43--6ejv__B1_Q65J43,11,1,0,2,0.0552660084598555,17.703125,False,0.49279119152142886
6ejv__A1_Q65J43--6ejv__B1_Q65J43,12,1,1,2,0.0572925565026062,17.65625,False,0.49396219298126437
6ejv__A1_Q65J43--6ejv__B1_Q65J43,13,4,1,2,0.0528505860940707,17.15625,False,0.45430588847824976
6ejv__A1_Q65J43--6ejv__B1_Q65J43,14,3,3,2,0.066302581873239,16.8125,False,0.4764668409359641
6ejv__A1_Q65J43--6ejv__B1_Q65J43,15,4,0,2,0.0614591695399426,16.40625,False,0.4163589350717502
6ejv__A1_Q65J43--6ejv__B1_Q65J43,16,3,0,2,0.0370039114747541,16.390625,False,0.42650743795648255
6ejv__A1_Q65J43--6ejv__B1_Q65J43,17,3,1,2,0.0815097527347915,16.015625,False,0.4001037450979138
6ejv__A1_Q65J43--6ejv__B1_Q65J43,18,4,2,2,0.0400809551550241,15.9765625,False,0.35914419628161803
6ejv__A1_Q65J43--6ejv__B1_Q65J43,19,4,3,2,0.0535185998783207,15.9375,False,0.3596376550366249
6ejv__A1_Q65J43--6ejv__B1_Q65J43,20,3,2,2,0.0256298232128025,15.8515625,False,0.3653408914996473
6em0__A1_O06647--6em0__A2_O06647,1,1,0,2,0.0056961502810907,92.5,False,0.5386622627765836
6em0__A1_O06647--6em0__A2_O06647,2,4,2,2,0.0057522544852619,92.5,False,0.5962529442228856
6em0__A1_O06647--6em0__A2_O06647,3,4,1,2,0.0057116357075769,92.5,False,0.5967000412947292
6em0__A1_O06647--6em0__A2_O06647,4,4,3,2,0.005692556415611,92.5,False,0.6145350018766788
6em0__A1_O06647--6em0__A2_O06647,5,1,2,2,0.005659698380052,92.4375,False,0.5229455742162948
6em0__A1_O06647--6em0__A2_O06647,6,1,3,2,0.0057098174715215,92.4375,False,0.5393164503453866
6em0__A1_O06647--6em0__A2_O06647,7,4,0,2,0.0057111284687183,92.375,False,0.5319742087475298
6em0__A1_O06647--6em0__A2_O06647,8,1,1,2,0.0056860181201621,92.375,False,0.5201840896285386
6em0__A1_O06647--6em0__A2_O06647,9,2,1,2,0.0057245275787561,92.3125,False,0.5425414395324418
6em0__A1_O06647--6em0__A2_O06647,10,5,3,2,0.0057219050017155,92.3125,False,0.569767665554434
6em0__A1_O06647--6em0__A2_O06647,11,5,2,2,0.0057704396869541,92.3125,False,0.5399157907521066
6em0__A1_O06647--6em0__A2_O06647,12,3,2,2,0.0057106013480826,92.25,False,0.4376224132615652
6em0__A1_O06647--6em0__A2_O06647,13,5,0,2,0.0057627351216864,92.25,False,0.5162808558471385
6em0__A1_O06647--6em0__A2_O06647,14,5,1,2,0.0057416572687901,92.25,False,0.5262043301409258
6em0__A1_O06647--6em0__A2_O06647,15,2,2,2,0.0057061567058486,92.1875,False,0.4742874195699869
6em0__A1_O06647--6em0__A2_O06647,16,2,3,2,0.0056727550477176,92.125,False,0.4431929991684703
6em0__A1_O06647--6em0__A2_O06647,17,2,0,2,0.0057111779093664,92.125,False,0.4520620116657939
6em0__A1_O06647--6em0__A2_O06647,18,3,3,2,0.0057571462973227,92.0625,False,0.37999512054904805
6em0__A1_O06647--6em0__A2_O06647,19,3,0,2,0.0057325177870318,92.0625,False,0.39355972135641226
6em0__A1_O06647--6em0__A2_O06647,20,3,1,2,0.0056568736494917,92.0,False,0.40991701492587856
6exa__B1_Q5ZYC7--6exa__A1_Q5ZYC7,1,5,0,1,0.5555576040803123,78.9375,True,0.6328769214639602
6exa__B1_Q5ZYC7--6exa__A1_Q5ZYC7,2,5,3,1,0.5747211659881609,77.75,True,0.6286456452379245
6exa__B1_Q5ZYC7--6exa__A1_Q5ZYC7,3,5,2,1,0.5574649258922489,74.1875,True,0.5971593623889115
6exa__B1_Q5ZYC7--6exa__A1_Q5ZYC7,4,3,3,1,0.574404289841351,73.4375,True,0.6066532964286905
6exa__B1_Q5ZYC7--6exa__A1_Q5ZYC7,5,3,0,1,0.5799426276808793,71.375,True,0.5978465400177738
6exa__B1_Q5ZYC7--6exa__A1_Q5ZYC7,6,1,1,1,0.6461607525567706,71.0625,True,0.5530297581419327
6exa__B1_Q5ZYC7--6exa__A1_Q5ZYC7,7,4,1,1,0.6073715720712739,70.375,True,0.5627173277822546
6exa__B1_Q5ZYC7--6exa__A1_Q5ZYC7,8,5,1,1,0.5836554479272648,70.3125,True,0.5400956510466997
6exa__B1_Q5ZYC7--6exa__A1_Q5ZYC7,9,1,2,1,0.5804341107907748,70.1875,True,0.5262532724639197
6exa__B1_Q5ZYC7--6exa__A1_Q5ZYC7,10,3,1,1,0.5945802669846875,68.8125,True,0.50803608240145
6exa__B1_Q5ZYC7--6exa__A1_Q5ZYC7,11,1,3,1,0.5599537449944659,67.9375,True,0.5009364859569844
6exa__B1_Q5ZYC7--6exa__A1_Q5ZYC7,12,3,2,1,0.6504411042734725,67.8125,True,0.49565478588955536
6exa__B1_Q5ZYC7--6exa__A1_Q5ZYC7,13,1,0,1,0.5995552491932717,61.53125,True,0.4718458698315332
6exa__B1_Q5ZYC7--6exa__A1_Q5ZYC7,14,4,0,1,0.5636881931300955,55.65625,True,0.45782454302577774
6exa__B1_Q5ZYC7--6exa__A1_Q5ZYC7,15,4,3,1,0.581280112364986,47.3125,True,0.443869707501294
6exa__B1_Q5ZYC7--6exa__A1_Q5ZYC7,16,2,0,1,0.0320045447090306,41.125,False,0.43117431883251633
6exa__B1_Q5ZYC7--6exa__A1_Q5ZYC7,17,2,2,1,0.033547578173348,37.90625,False,0.41508452807299434
6exa__B1_Q5ZYC7--6exa__A1_Q5ZYC7,18,2,1,1,0.0553544003372003,34.84375,False,0.40261640335786997
6exa__B1_Q5ZYC7--6exa__A1_Q5ZYC7,19,2,3,1,0.0572333622646144,31.671875,False,0.39027290515567176
6exa__B1_Q5ZYC7--6exa__A1_Q5ZYC7,20,4,2,1,0.0565198968393227,24.25,False,0.37470398603223537
6fc2__A1_P07260--6fc2__B1_P36041,1,5,0,4,0.7250175568583596,88.0625,True,0.5918843228854723
6fc2__A1_P07260--6fc2__B1_P36041,2,3,0,4,0.7291633403690434,87.9375,True,0.6291891492215408
6fc2__A1_P07260--6fc2__B1_P36041,3,3,1,4,0.7343531539992907,87.9375,True,0.6783552679461518
6fc2__A1_P07260--6fc2__B1_P36041,4,1,2,4,0.673249941965981,87.9375,True,0.47178617074503953
6fc2__A1_P07260--6fc2__B1_P36041,5,1,0,4,0.7196783883478072,87.875,True,0.567215933595366
6fc2__A1_P07260--6fc2__B1_P36041,6,3,2,4,0.7314699199619822,87.75,True,0.6204789248196328
6fc2__A1_P07260--6fc2__B1_P36041,7,1,1,4,0.7107244584230769,87.75,True,0.5989333132806891
6fc2__A1_P07260--6fc2__B1_P36041,8,5,3,4,0.7240588098352584,87.6875,True,0.5494585919354052
6fc2__A1_P07260--6fc2__B1_P36041,9,1,3,4,0.7069093181987101,87.625,True,0.5357892879913391
6fc2__A1_P07260--6fc2__B1_P36041,10,4,0,4,0.7044328010890247,87.625,True,0.37662235602939864
6fc2__A1_P07260--6fc2__B1_P36041,11,3,3,4,0.734047795573565,87.625,True,0.5534009770942697
6fc2__A1_P07260--6fc2__B1_P36041,12,2,0,4,0.7122065831277701,87.625,True,0.5030765895368836
6fc2__A1_P07260--6fc2__B1_P36041,13,5,2,4,0.6785806484902096,87.5625,True,0.49189426894096633
6fc2__A1_P07260--6fc2__B1_P36041,14,4,2,4,0.7057878842971507,87.5,True,0.4155406350064582
6fc2__A1_P07260--6fc2__B1_P36041,15,2,2,4,0.7211311840262188,87.4375,True,0.4884576791162974
6fc2__A1_P07260--6fc2__B1_P36041,16,4,3,4,0.7326456060336164,87.25,True,0.4232399641787204
6fc2__A1_P07260--6fc2__B1_P36041,17,2,1,4,0.7107790583306204,87.25,True,0.41781326601494434
6fc2__A1_P07260--6fc2__B1_P36041,18,5,1,4,0.7168496431097581,87.25,True,0.47737984433536146
6fc2__A1_P07260--6fc2__B1_P36041,19,4,1,4,0.7083679297290028,87.125,True,0.34598548240299815
6fc2__A1_P07260--6fc2__B1_P36041,20,2,3,4,0.723367120974606,86.9375,True,0.43221214036161887
6hlk__A1_A0A5H1ZR32--6hlk__A2_A0A5H1ZR32,1,4,0,4,0.802606455045806,68.75,True,0.6750573227925454
6hlk__A1_A0A5H1ZR32--6hlk__A2_A0A5H1ZR32,2,3,0,4,0.7714494104551547,65.5625,True,0.6535157301256023
6hlk__A1_A0A5H1ZR32--6hlk__A2_A0A5H1ZR32,3,5,3,4,0.0284469685272574,55.09375,False,0.6284718872003272
6hlk__A1_A0A5H1ZR32--6hlk__A2_A0A5H1ZR32,4,5,0,4,0.0439301597662367,41.8125,False,0.6102095853641716
6hlk__A1_A0A5H1ZR32--6hlk__A2_A0A5H1ZR32,5,5,1,4,0.0419197091929465,39.84375,False,0.5660165329916504
6hlk__A1_A0A5H1ZR32--6hlk__A2_A0A5H1ZR32,6,2,0,4,0.0305511194809096,31.40625,False,0.6154144265053806
6hlk__A1_A0A5H1ZR32--6hlk__A2_A0A5H1ZR32,7,3,3,4,0.5769200678227463,30.71875,True,0.5616601391715774
6hlk__A1_A0A5H1ZR32--6hlk__A2_A0A5H1ZR32,8,3,2,4,0.0163681040472731,24.125,False,0.4929197251456428
6hlk__A1_A0A5H1ZR32--6hlk__A2_A0A5H1ZR32,9,3,1,4,0.0180580772267054,23.375,False,0.5262377796724796
6hlk__A1_A0A5H1ZR32--6hlk__A2_A0A5H1ZR32,10,5,2,4,0.0976534835879497,19.8125,False,0.643462969608692
6hlk__A1_A0A5H1ZR32--6hlk__A2_A0A5H1ZR32,11,4,1,4,0.1914089727765747,17.328125,False,0.5461093830813611
6hlk__A1_A0A5H1ZR32--6hlk__A2_A0A5H1ZR32,12,4,3,4,0.0336121416984886,16.5625,False,0.5320154245413191
6hlk__A1_A0A5H1ZR32--6hlk__A2_A0A5H1ZR32,13,2,2,4,0.0420356215027219,15.328125,False,0.4467726219653388
6hlk__A1_A0A5H1ZR32--6hlk__A2_A0A5H1ZR32,14,2,3,4,0.0251230630487242,15.234375,False,0.4150352433267358
6hlk__A1_A0A5H1ZR32--6hlk__A2_A0A5H1ZR32,15,1,0,4,0.0202965601041922,15.046875,False,0.4052320537970235
6hlk__A1_A0A5H1ZR32--6hlk__A2_A0A5H1ZR32,16,1,3,4,0.0150905057936401,14.84375,False,0.4045290262754017
6hlk__A1_A0A5H1ZR32--6hlk__A2_A0A5H1ZR32,17,4,2,4,0.0936468589558888,14.7421875,False,0.4285302958319202
6hlk__A1_A0A5H1ZR32--6hlk__A2_A0A5H1ZR32,18,1,1,4,0.029800825913771,14.71875,False,0.3453118496241636
6hlk__A1_A0A5H1ZR32--6hlk__A2_A0A5H1ZR32,19,2,1,4,0.0256029850881132,13.9609375,False,0.363825302026711
6hlk__A1_A0A5H1ZR32--6hlk__A2_A0A5H1ZR32,20,1,2,4,0.0549067474807918,13.7578125,False,0.3122907686229326
6hmv__A1_Q9H3P7--6hmv__B1_Q68T42,1,4,3,4,0.9377771140401684,91.5625,True,0.6594350327234144
6hmv__A1_Q9H3P7--6hmv__B1_Q68T42,2,2,0,4,0.9295588797392088,91.0625,True,0.5949862461191775
6hmv__A1_Q9H3P7--6hmv__B1_Q68T42,3,2,2,4,0.9378832376587568,91.0625,True,0.6081093194764816
6hmv__A1_Q9H3P7--6hmv__B1_Q68T42,4,2,1,4,0.934015388279588,90.875,True,0.5723493028327502
6hmv__A1_Q9H3P7--6hmv__B1_Q68T42,5,4,1,4,0.923380952013458,90.8125,True,0.6268909179508093
6hmv__A1_Q9H3P7--6hmv__B1_Q68T42,6,1,0,4,0.9271496392735608,90.75,True,0.6396338574830949
6hmv__A1_Q9H3P7--6hmv__B1_Q68T42,7,1,1,4,0.9344829357138934,90.5625,True,0.6092725663794294
6hmv__A1_Q9H3P7--6hmv__B1_Q68T42,8,2,3,4,0.9391507016638266,90.4375,True,0.5094566992431817
6hmv__A1_Q9H3P7--6hmv__B1_Q68T42,9,4,2,4,0.9298107314374574,90.25,True,0.5239138654548626
6hmv__A1_Q9H3P7--6hmv__B1_Q68T42,10,1,2,4,0.9000013272657968,90.0625,True,0.5776970923155534
6hmv__A1_Q9H3P7--6hmv__B1_Q68T42,11,1,3,4,0.8911916896976315,89.25,True,0.5272862722616514
6hmv__A1_Q9H3P7--6hmv__B1_Q68T42,12,5,0,4,0.9055170902784496,88.4375,True,0.49076000229458644
6hmv__A1_Q9H3P7--6hmv__B1_Q68T42,13,5,1,4,0.8739318293339738,88.0625,True,0.46503227348325143
6hmv__A1_Q9H3P7--6hmv__B1_Q68T42,14,4,0,4,0.7672054925031615,87.3125,True,0.43541832352952037
6hmv__A1_Q9H3P7--6hmv__B1_Q68T42,15,5,2,4,0.8377759236279246,86.0,True,0.430404934177932
6hmv__A1_Q9H3P7--6hmv__B1_Q68T42,16,3,1,4,0.7838656624391717,85.75,True,0.4133220330838347
6hmv__A1_Q9H3P7--6hmv__B1_Q68T42,17,5,3,4,0.634996391720276,84.75,True,0.40197557773194803
6hmv__A1_Q9H3P7--6hmv__B1_Q68T42,18,3,0,4,0.8500404202085602,84.6875,True,0.38217618348899324
6hmv__A1_Q9H3P7--6hmv__B1_Q68T42,19,3,3,4,0.7548163168101162,84.25,True,0.3596367146539484
6hmv__A1_Q9H3P7--6hmv__B1_Q68T42,20,3,2,4,0.7920377177326005,83.9375,True,0.3436679153203532
6htj__A1_Q97VU8--6htj__B1_Q97VU8,1,2,0,2,0.015487878275578,85.1875,False,0.6415858834017127
6htj__A1_Q97VU8--6htj__B1_Q97VU8,2,2,2,2,0.0154040553329603,83.6875,False,0.6204042784828085
6htj__A1_Q97VU8--6htj__B1_Q97VU8,3,2,1,2,0.0157424652196562,83.625,False,0.6221225692398938
6htj__A1_Q97VU8--6htj__B1_Q97VU8,4,1,0,2,0.0147235276243064,80.25,False,0.6005069364098622
6htj__A1_Q97VU8--6htj__B1_Q97VU8,5,1,1,2,0.0145567398525672,77.4375,False,0.586460526759568
6htj__A1_Q97VU8--6htj__B1_Q97VU8,6,2,3,2,0.0156691089342091,73.6875,False,0.5675085022343942
6htj__A1_Q97VU8--6htj__B1_Q97VU8,7,1,2,2,0.0143840700443148,71.5625,False,0.562751269231267
6htj__A1_Q97VU8--6htj__B1_Q97VU8,8,4,3,2,0.0149009109912118,44.96875,False,0.5435583516824813
6htj__A1_Q97VU8--6htj__B1_Q97VU8,9,4,2,2,0.2944983749936434,24.953125,True,0.5371472344304896
6htj__A1_Q97VU8--6htj__B1_Q97VU8,10,4,0,2,0.0882093657129779,23.890625,False,0.5066103338297002
6htj__A1_Q97VU8--6htj__B1_Q97VU8,11,3,3,2,0.0551870215618377,21.46875,False,0.5233180686108904
6htj__A1_Q97VU8--6htj__B1_Q97VU8,12,3,0,2,0.0575776380489451,21.390625,False,0.5032656467069657
6htj__A1_Q97VU8--6htj__B1_Q97VU8,13,4,1,2,0.0511132171208538,21.34375,False,0.4977718525304249
6htj__A1_Q97VU8--6htj__B1_Q97VU8,14,3,1,2,0.0736929031870838,20.140625,False,0.45836523706951254
6htj__A1_Q97VU8--6htj__B1_Q97VU8,15,5,2,2,0.1120197988444027,19.734375,False,0.4481038380852757
6htj__A1_Q97VU8--6htj__B1_Q97VU8,16,5,0,2,0.3650879501522235,18.859375,True,0.4109004885597297
6htj__A1_Q97VU8--6htj__B1_Q97VU8,17,1,3,2,0.185186071550187,18.6875,False,0.3869964530424817
6htj__A1_Q97VU8--6htj__B1_Q97VU8,18,3,2,2,0.25232604138315,18.328125,True,0.40524964784998385
6htj__A1_Q97VU8--6htj__B1_Q97VU8,19,5,1,2,0.0961281040142648,18.109375,False,0.3751912185171852
6htj__A1_Q97VU8--6htj__B1_Q97VU8,20,5,3,2,0.0574852476427834,15.78125,False,0.34770218385146257
6hul__B1_P50383--6hul__A1_P50382,1,5,1,3,0.7682314825245182,91.125,True,0.6614858700232774
6hul__B1_P50383--6hul__A1_P50382,2,3,3,3,0.78588443699575,90.9375,True,0.641655820001858
6hul__B1_P50383--6hul__A1_P50382,3,1,2,3,0.7541557321223807,90.0625,True,0.6196851851884537
6hul__B1_P50383--6hul__A1_P50382,4,1,1,3,0.7680210254908532,90.0625,True,0.631369241772916
6hul__B1_P50383--6hul__A1_P50382,5,5,3,3,0.7862150785363475,90.0625,True,0.6025056207224226
6hul__B1_P50383--6hul__A1_P50382,6,5,2,3,0.7634145650740991,89.625,True,0.5551260697869608
6hul__B1_P50383--6hul__A1_P50382,7,3,2,3,0.7756509790001108,89.4375,True,0.5576399740903489
6hul__B1_P50383--6hul__A1_P50382,8,1,3,3,0.7853586363140508,89.4375,True,0.5832215683303165
6hul__B1_P50383--6hul__A1_P50382,9,4,1,3,0.7872497226615395,89.25,True,0.51818074075861
6hul__B1_P50383--6hul__A1_P50382,10,3,0,3,0.7860919786775448,89.1875,True,0.5116528650541716
6hul__B1_P50383--6hul__A1_P50382,11,3,1,3,0.7634044663356104,88.6875,True,0.4764727765163653
6hul__B1_P50383--6hul__A1_P50382,12,2,3,3,0.781492536889183,88.5,True,0.5175286006528741
6hul__B1_P50383--6hul__A1_P50382,13,4,2,3,0.8514269150369854,88.0,True,0.46015572416925077
6hul__B1_P50383--6hul__A1_P50382,14,2,2,3,0.7849570233443175,87.6875,True,0.46587485617921875
6hul__B1_P50383--6hul__A1_P50382,15,2,1,3,0.7852161992111872,86.5,True,0.4297502293150801
6hul__B1_P50383--6hul__A1_P50382,16,4,3,3,0.652340248454882,85.6875,True,0.4206610697963644
6hul__B1_P50383--6hul__A1_P50382,17,5,0,3,0.6799158832872823,82.1875,True,0.39622486737300716
6hul__B1_P50383--6hul__A1_P50382,18,2,0,3,0.8406130013406848,80.625,True,0.3919718315240931
6hul__B1_P50383--6hul__A1_P50382,19,4,0,3,0.7257410198997197,79.875,True,0.36219428440270063
6hul__B1_P50383--6hul__A1_P50382,20,1,0,3,0.6971231529435976,78.5,True,0.3580898867951248
6i7s__C1_P55157--6i7s__A1_P07237,1,1,0,3,0.7546723345142078,83.4375,True,0.6662382013609502
6i7s__C1_P55157--6i7s__A1_P07237,2,1,1,3,0.7542917078399406,82.625,True,0.6295731707484735
6i7s__C1_P55157--6i7s__A1_P07237,3,5,1,3,0.7179739481860326,82.375,True,0.6163196423856815
6i7s__C1_P55157--6i7s__A1_P07237,4,1,3,3,0.749175217758232,82.125,True,0.6085923464843603
6i7s__C1_P55157--6i7s__A1_P07237,5,1,2,3,0.7434943374086279,82.0,True,0.5893330478541989
6i7s__C1_P55157--6i7s__A1_P07237,6,4,0,3,0.7432364986386985,81.4375,True,0.5869943900361972
6i7s__C1_P55157--6i7s__A1_P07237,7,4,3,3,0.731356894165469,81.4375,True,0.5878593616186628
6i7s__C1_P55157--6i7s__A1_P07237,8,5,0,3,0.7321885014716413,81.375,True,0.544490899428943
6i7s__C1_P55157--6i7s__A1_P07237,9,4,1,3,0.7030162245634283,81.0625,True,0.5361601591853179
6i7s__C1_P55157--6i7s__A1_P07237,10,4,2,3,0.7316454078410484,80.625,True,0.5433557589897519
6i7s__C1_P55157--6i7s__A1_P07237,11,2,1,3,0.7061924534869072,79.875,True,0.48719339629815533
6i7s__C1_P55157--6i7s__A1_P07237,12,5,3,3,0.7252910237509652,79.8125,True,0.4860192781827709
6i7s__C1_P55157--6i7s__A1_P07237,13,2,0,3,0.7337366674568188,79.5625,True,0.49915418698878605
6i7s__C1_P55157--6i7s__A1_P07237,14,2,3,3,0.7612519490347993,78.4375,True,0.4685642522881216
6i7s__C1_P55157--6i7s__A1_P07237,15,5,2,3,0.7099945865768555,78.3125,True,0.4195971891174413
6i7s__C1_P55157--6i7s__A1_P07237,16,3,0,3,0.6508890814585512,78.1875,True,0.42698274526524366
6i7s__C1_P55157--6i7s__A1_P07237,17,2,2,3,0.7378199856747866,78.0,True,0.41638122300281083
6i7s__C1_P55157--6i7s__A1_P07237,18,3,1,3,0.579651881691957,74.625,True,0.357512511187137
6i7s__C1_P55157--6i7s__A1_P07237,19,3,3,3,0.4973066088616764,72.625,True,0.34108781782542097
6i7s__C1_P55157--6i7s__A1_P07237,20,3,2,3,0.5414302063790876,72.375,True,0.3555406677492088
6in7__B1_Q06198--6in7__A1_P38107,1,1,1,2,0.7807760753875316,90.625,True,0.6415858834017127
6in7__B1_Q06198--6in7__A1_P38107,2,1,0,2,0.7735957360895118,90.375,True,0.6100113197559922
6in7__B1_Q06198--6in7__A1_P38107,3,3,1,2,0.8071782182788235,90.125,True,0.6123215995090122
6in7__B1_Q06198--6in7__A1_P38107,4,3,2,2,0.808910487088584,90.0,True,0.5905697094058353
6in7__B1_Q06198--6in7__A1_P38107,5,1,2,2,0.806848143079972,89.625,True,0.5477719834402485
6in7__B1_Q06198--6in7__A1_P38107,6,5,2,2,0.8003719057641066,89.5,True,0.5635254286146796
6in7__B1_Q06198--6in7__A1_P38107,7,4,2,2,0.7742388139398741,89.4375,True,0.5432681205590136
6in7__B1_Q06198--6in7__A1_P38107,8,3,0,2,0.8130302587978022,89.375,True,0.5251870774738079
6in7__B1_Q06198--6in7__A1_P38107,9,5,0,2,0.8071450674581575,89.375,True,0.5286421616497046
6in7__B1_Q06198--6in7__A1_P38107,10,5,1,2,0.8019526141323426,89.375,True,0.5429018826478867
6in7__B1_Q06198--6in7__A1_P38107,11,4,1,2,0.7755795484703162,89.3125,True,0.5091939340323609
6in7__B1_Q06198--6in7__A1_P38107,12,5,3,2,0.805600668330665,89.3125,True,0.4610044135306533
6in7__B1_Q06198--6in7__A1_P38107,13,2,1,2,0.8260655627359705,89.25,True,0.47824896897399793
6in7__B1_Q06198--6in7__A1_P38107,14,4,0,2,0.7806279195470145,89.1875,True,0.45953060951323876
6in7__B1_Q06198--6in7__A1_P38107,15,3,3,2,0.8159101924598238,89.1875,True,0.4723863611244334
6in7__B1_Q06198--6in7__A1_P38107,16,2,2,2,0.8294965234918014,88.875,True,0.4657716182737537
6in7__B1_Q06198--6in7__A1_P38107,17,4,3,2,0.7752296771003264,88.625,True,0.43067303695091774
6in7__B1_Q06198--6in7__A1_P38107,18,1,3,2,0.7978264112346215,88.625,True,0.39819968018105484
6in7__B1_Q06198--6in7__A1_P38107,19,2,3,2,0.8206133397713101,88.125,True,0.3940760391579231
6in7__B1_Q06198--6in7__A1_P38107,20,2,0,2,0.817035336213411,87.625,True,0.3681440291208566
6iub__A1_O25759--6iub__B1_O25759,1,1,2,4,0.1604494920811686,90.5625,False,0.6564149369749281
6iub__A1_O25759--6iub__B1_O25759,2,1,0,4,0.1630834502930936,90.3125,False,0.6404478784408624
6iub__A1_O25759--6iub__B1_O25759,3,1,1,4,0.16705347776027,90.0625,False,0.6212358087936183
6iub__A1_O25759--6iub__B1_O25759,4,1,3,4,0.1712575198609405,89.9375,False,0.5720577922512882
6iub__A1_O25759--6iub__B1_O25759,5,2,0,4,0.1420461493868372,88.875,False,0.6352471364606999
6iub__A1_O25759--6iub__B1_O25759,6,2,3,4,0.1415989170646357,88.5625,False,0.6221895622205719
6iub__A1_O25759--6iub__B1_O25759,7,2,2,4,0.1420550587734984,88.25,False,0.5962275017404035
6iub__A1_O25759--6iub__B1_O25759,8,2,1,4,0.1417183983674608,88.0,False,0.5597164612137959
6iub__A1_O25759--6iub__B1_O25759,9,3,3,4,0.168123518745118,87.5,False,0.5188275446047618
6iub__A1_O25759--6iub__B1_O25759,10,5,0,4,0.1628376287180989,87.5,False,0.49428953927094943
6iub__A1_O25759--6iub__B1_O25759,11,3,2,4,0.1677592891672875,87.4375,False,0.46726058057019115
6iub__A1_O25759--6iub__B1_O25759,12,3,0,4,0.1690195191487085,87.375,False,0.45134878502740006
6iub__A1_O25759--6iub__B1_O25759,13,5,2,4,0.161487827450837,87.25,False,0.5016301153062039
6iub__A1_O25759--6iub__B1_O25759,14,5,1,4,0.1640663412916916,86.9375,False,0.47282472314843005
6iub__A1_O25759--6iub__B1_O25759,15,5,3,4,0.1630120904396575,86.8125,False,0.4457420315873811
6iub__A1_O25759--6iub__B1_O25759,16,3,1,4,0.1682754315962299,86.5625,False,0.4262642740605711
6iub__A1_O25759--6iub__B1_O25759,17,4,1,4,0.2411157659653081,63.34375,True,0.3897339948598463
6iub__A1_O25759--6iub__B1_O25759,18,4,0,4,0.2296363885645787,63.25,False,0.38017940404218314
6iub__A1_O25759--6iub__B1_O25759,19,4,2,4,0.2362100753506071,62.0,True,0.36962436738687693
6iub__A1_O25759--6iub__B1_O25759,20,4,3,4,0.2295848676767181,60.625,False,0.34740890422716
6j2u__B1_Q93HL2--6j2u__A1_Q93HL1,1,1,1,2,0.9374508786738164,93.5,True,0.6410641097573962
6j2u__B1_Q93HL2--6j2u__A1_Q93HL1,2,1,2,2,0.9341866835934534,93.5,True,0.6216530991722118
6j2u__B1_Q93HL2--6j2u__A1_Q93HL1,3,5,3,2,0.929333339208146,93.4375,True,0.5523432054404895
6j2u__B1_Q93HL2--6j2u__A1_Q93HL1,4,5,2,2,0.9354429283772266,93.4375,True,0.589982527073638
6j2u__B1_Q93HL2--6j2u__A1_Q93HL1,5,5,1,2,0.9341261950606377,93.4375,True,0.5253758532060866
6j2u__B1_Q93HL2--6j2u__A1_Q93HL1,6,1,3,2,0.9391406173884288,93.4375,True,0.5706896749644054
6j2u__B1_Q93HL2--6j2u__A1_Q93HL1,7,1,0,2,0.934362713178391,93.4375,True,0.6047537872826964
6j2u__B1_Q93HL2--6j2u__A1_Q93HL1,8,3,2,2,0.9321014408763229,93.375,True,0.5130564057194609
6j2u__B1_Q93HL2--6j2u__A1_Q93HL1,9,5,0,2,0.9241202678034404,93.375,True,0.565709779102289
6j2u__B1_Q93HL2--6j2u__A1_Q93HL1,10,4,3,2,0.9334068395345028,93.25,True,0.555051320037616
6j2u__B1_Q93HL2--6j2u__A1_Q93HL1,11,3,1,2,0.9330093220840024,93.25,True,0.44239521934483506
6j2u__B1_Q93HL2--6j2u__A1_Q93HL1,12,3,3,2,0.9311192428770776,93.1875,True,0.47598475719969735
6j2u__B1_Q93HL2--6j2u__A1_Q93HL1,13,4,1,2,0.935260031701876,93.125,True,0.5163620089720597
6j2u__B1_Q93HL2--6j2u__A1_Q93HL1,14,3,0,2,0.9279856182012944,93.125,True,0.44554651996079503
6j2u__B1_Q93HL2--6j2u__A1_Q93HL1,15,4,2,2,0.9324712656762328,93.0625,True,0.4802262796483916
6j2u__B1_Q93HL2--6j2u__A1_Q93HL1,16,2,2,2,0.9312336493612776,92.9375,True,0.4517772998176711
6j2u__B1_Q93HL2--6j2u__A1_Q93HL1,17,2,3,2,0.9326274412805322,92.875,True,0.4334126200686483
6j2u__B1_Q93HL2--6j2u__A1_Q93HL1,18,2,1,2,0.9315170495076566,92.8125,True,0.40207817919938177
6j2u__B1_Q93HL2--6j2u__A1_Q93HL1,19,2,0,2,0.9325568734991664,92.75,True,0.3784930548809586
6j2u__B1_Q93HL2--6j2u__A1_Q93HL1,20,4,0,2,0.9249829135752916,92.625,True,0.37672074447597204
6j4p__A1_Q86V25--6j4p__B1_Q8N300,1,1,0,4,0.7339031598225639,91.8125,True,0.6493317391278574
6j4p__A1_Q86V25--6j4p__B1_Q8N300,2,1,2,4,0.7163390980466021,91.625,True,0.6473682175214595
6j4p__A1_Q86V25--6j4p__B1_Q8N300,3,4,0,4,0.7423890380812779,91.5,True,0.5804080498336371
6j4p__A1_Q86V25--6j4p__B1_Q8N300,4,1,1,4,0.7229078733258886,91.5,True,0.6535901279209231
6j4p__A1_Q86V25--6j4p__B1_Q8N300,5,4,1,4,0.7417572640258001,91.5,True,0.5921762542216072
6j4p__A1_Q86V25--6j4p__B1_Q8N300,6,4,3,4,0.742386198280227,91.5,True,0.6022023767067315
6j4p__A1_Q86V25--6j4p__B1_Q8N300,7,3,3,4,0.739110509733897,91.375,True,0.4552455295766407
6j4p__A1_Q86V25--6j4p__B1_Q8N300,8,1,3,4,0.7197318412362326,91.375,True,0.654657470287034
6j4p__A1_Q86V25--6j4p__B1_Q8N300,9,4,2,4,0.7398319292464736,91.375,True,0.5421442252643267
6j4p__A1_Q86V25--6j4p__B1_Q8N300,10,5,1,4,0.7326546843361372,91.3125,True,0.5059486220572014
6j4p__A1_Q86V25--6j4p__B1_Q8N300,11,5,2,4,0.7106858312774489,91.25,True,0.48956341901110606
6j4p__A1_Q86V25--6j4p__B1_Q8N300,12,3,0,4,0.737263609888093,91.25,True,0.42527629882663404
6j4p__A1_Q86V25--6j4p__B1_Q8N300,13,5,0,4,0.7307696124279959,91.1875,True,0.4514114169455022
6j4p__A1_Q86V25--6j4p__B1_Q8N300,14,5,3,4,0.7311376662794217,91.1875,True,0.46976967398365105
6j4p__A1_Q86V25--6j4p__B1_Q8N300,15,3,1,4,0.737771079155304,91.0625,True,0.42162472500903864
6j4p__A1_Q86V25--6j4p__B1_Q8N300,16,3,2,4,0.7394722195626664,91.0,True,0.3647174233312904
6j4p__A1_Q86V25--6j4p__B1_Q8N300,17,2,0,4,0.7290187431589829,91.0,True,0.4750039701248261
6j4p__A1_Q86V25--6j4p__B1_Q8N300,18,2,1,4,0.7362163043476798,90.75,True,0.40910638784861103
6j4p__A1_Q86V25--6j4p__B1_Q8N300,19,2,3,4,0.7263637134022255,90.6875,True,0.4105085412210616
6j4p__A1_Q86V25--6j4p__B1_Q8N300,20,2,2,4,0.7269347949651078,90.625,True,0.3627877407148614
6j7m__A1_Q9HZZ1--6j7m__C1_Q9HZZ2,1,1,2,0,0.3299399393566154,81.0625,True,0.6496195810336557
6j7m__A1_Q9HZZ1--6j7m__C1_Q9HZZ2,2,1,0,0,0.3339746608509506,79.9375,True,0.6304409601830577
6j7m__A1_Q9HZZ1--6j7m__C1_Q9HZZ2,3,1,3,0,0.3322335723292244,78.9375,True,0.6012725528003376
6j7m__A1_Q9HZZ1--6j7m__C1_Q9HZZ2,4,5,0,0,0.3237327538004391,78.4375,True,0.6200752855865805
6j7m__A1_Q9HZZ1--6j7m__C1_Q9HZZ2,5,3,0,0,0.5795710730921008,76.5625,True,0.5615188923679866
6j7m__A1_Q9HZZ1--6j7m__C1_Q9HZZ2,6,1,1,0,0.3858349819534363,75.9375,True,0.5817665349549479
6j7m__A1_Q9HZZ1--6j7m__C1_Q9HZZ2,7,5,2,0,0.3469429507742447,75.875,True,0.5539612105063584
6j7m__A1_Q9HZZ1--6j7m__C1_Q9HZZ2,8,3,2,0,0.6206303640737313,74.75,True,0.5498138680286075
6j7m__A1_Q9HZZ1--6j7m__C1_Q9HZZ2,9,4,2,0,0.6565300593850268,72.375,True,0.5937188687910281
6j7m__A1_Q9HZZ1--6j7m__C1_Q9HZZ2,10,5,3,0,0.3308423810559275,71.0,True,0.5119839659325192
6j7m__A1_Q9HZZ1--6j7m__C1_Q9HZZ2,11,4,0,0,0.676368213557936,70.75,True,0.5280260665215828
6j7m__A1_Q9HZZ1--6j7m__C1_Q9HZZ2,12,5,1,0,0.3653492236382941,68.0625,True,0.46870500131789616
6j7m__A1_Q9HZZ1--6j7m__C1_Q9HZZ2,13,3,1,0,0.6562983672467623,67.625,True,0.43650329549879435
6j7m__A1_Q9HZZ1--6j7m__C1_Q9HZZ2,14,2,2,0,0.5258086613205368,66.5,True,0.45232439384202106
6j7m__A1_Q9HZZ1--6j7m__C1_Q9HZZ2,15,4,3,0,0.689590184705315,64.6875,True,0.45559213919346214
6j7m__A1_Q9HZZ1--6j7m__C1_Q9HZZ2,16,2,1,0,0.3824289016401919,64.0625,True,0.42574687546490664
6j7m__A1_Q9HZZ1--6j7m__C1_Q9HZZ2,17,2,3,0,0.4996790691300981,63.96875,True,0.39244546850982825
6j7m__A1_Q9HZZ1--6j7m__C1_Q9HZZ2,18,4,1,0,0.6679202568122795,62.90625,True,0.3906156518341209
6j7m__A1_Q9HZZ1--6j7m__C1_Q9HZZ2,19,3,3,0,0.594623625623618,62.125,True,0.38587277478910953
6j7m__A1_Q9HZZ1--6j7m__C1_Q9HZZ2,20,2,0,0,0.3781328762515868,62.125,True,0.3674614045539625
6jh0__D1_UNDEFINED--6jh0__A1_P03502,1,5,1,4,0.2868185929111327,54.9375,True,0.6564149369749281
6jh0__D1_UNDEFINED--6jh0__A1_P03502,2,5,2,4,0.0317270049239623,49.78125,False,0.6585902253362187
6jh0__D1_UNDEFINED--6jh0__A1_P03502,3,4,3,4,0.0312654614339092,46.15625,False,0.6459024936826208
6jh0__D1_UNDEFINED--6jh0__A1_P03502,4,3,2,4,0.1540090453503059,44.78125,False,0.6168597756790227
6jh0__D1_UNDEFINED--6jh0__A1_P03502,5,3,0,4,0.172870873978848,40.5625,False,0.5987464697551982
6jh0__D1_UNDEFINED--6jh0__A1_P03502,6,4,1,4,0.0328938032620206,38.84375,False,0.6055632219681968
6jh0__D1_UNDEFINED--6jh0__A1_P03502,7,5,0,4,0.0333663779677991,36.78125,False,0.5381865797951355
6jh0__D1_UNDEFINED--6jh0__A1_P03502,8,4,2,4,0.2015384215808579,34.65625,False,0.5642062703020284
6jh0__D1_UNDEFINED--6jh0__A1_P03502,9,1,1,4,0.117975693281271,31.828125,False,0.5236243692840099
6jh0__D1_UNDEFINED--6jh0__A1_P03502,10,2,1,4,0.2349279190231376,31.46875,True,0.4863987550966482
6jh0__D1_UNDEFINED--6jh0__A1_P03502,11,2,2,4,0.0330207587377354,30.984375,False,0.527151970370778
6jh0__D1_UNDEFINED--6jh0__A1_P03502,12,3,1,4,0.034640031466794,30.578125,False,0.504562423650658
6jh0__D1_UNDEFINED--6jh0__A1_P03502,13,5,3,4,0.032651754827587,29.421875,False,0.46406691444525
6jh0__D1_UNDEFINED--6jh0__A1_P03502,14,2,3,4,0.0345940711137169,28.65625,False,0.442289776260136
6jh0__D1_UNDEFINED--6jh0__A1_P03502,15,4,0,4,0.1981011217020413,27.828125,False,0.42882436904826665
6jh0__D1_UNDEFINED--6jh0__A1_P03502,16,1,2,4,0.1330033320886161,27.265625,False,0.3723191317037114
6jh0__D1_UNDEFINED--6jh0__A1_P03502,17,2,0,4,0.0465738513686277,27.09375,False,0.4349330112458794
6jh0__D1_UNDEFINED--6jh0__A1_P03502,18,1,3,4,0.1272361220600932,25.828125,False,0.3579399281924722
6jh0__D1_UNDEFINED--6jh0__A1_P03502,19,1,0,4,0.0486788355907495,25.234375,False,0.40223319175008815
6jh0__D1_UNDEFINED--6jh0__A1_P03502,20,3,3,4,0.0934667761502363,18.65625,False,0.3403965249488666
6jtz__A1_P46063--6jtz__B1_P46063,1,2,2,3,0.0109543703480438,54.0,False,0.6240897510036613
6jtz__A1_P46063--6jtz__B1_P46063,2,2,0,3,0.0106084044774822,50.84375,False,0.6033825322912538
6jtz__A1_P46063--6jtz__B1_P46063,3,4,3,3,0.4998503062141585,42.40625,True,0.6780976246975194
6jtz__A1_P46063--6jtz__B1_P46063,4,4,0,3,0.482409087941682,39.96875,True,0.6599423041500105
6jtz__A1_P46063--6jtz__B1_P46063,5,4,2,3,0.4871534368220787,34.59375,True,0.6413046700449321
6jtz__A1_P46063--6jtz__B1_P46063,6,4,1,3,0.4766069337362498,33.3125,True,0.6222302810225678
6jtz__A1_P46063--6jtz__B1_P46063,7,5,1,3,0.0344295874268464,24.46875,False,0.5786831586940703
6jtz__A1_P46063--6jtz__B1_P46063,8,5,0,3,0.0355073846017889,24.28125,False,0.5368231683558832
6jtz__A1_P46063--6jtz__B1_P46063,9,5,3,3,0.0333044550909169,24.1875,False,0.5211923624370938
6jtz__A1_P46063--6jtz__B1_P46063,10,5,2,3,0.0355534621237207,24.046875,False,0.5271679337708828
6jtz__A1_P46063--6jtz__B1_P46063,11,1,2,3,0.0315882943172876,22.25,False,0.4815955428311098
6jtz__A1_P46063--6jtz__B1_P46063,12,1,1,3,0.0314624466498928,22.171875,False,0.4393699695099611
6jtz__A1_P46063--6jtz__B1_P46063,13,1,3,3,0.0307963865233833,22.046875,False,0.418616889285232
6jtz__A1_P46063--6jtz__B1_P46063,14,1,0,3,0.0326510112083032,22.015625,False,0.4268139766472968
6jtz__A1_P46063--6jtz__B1_P46063,15,2,1,3,0.063174892815036,21.96875,False,0.4625870741483233
6jtz__A1_P46063--6jtz__B1_P46063,16,2,3,3,0.0540761063450711,21.390625,False,0.4299314208950449
6jtz__A1_P46063--6jtz__B1_P46063,17,3,2,3,0.1305655828630151,21.234375,False,0.40779055436979983
6jtz__A1_P46063--6jtz__B1_P46063,18,3,0,3,0.1772258414144118,20.984375,False,0.35981500018832296
6jtz__A1_P46063--6jtz__B1_P46063,19,3,1,3,0.1098909683717456,20.71875,False,0.39118448655994753
6jtz__A1_P46063--6jtz__B1_P46063,20,3,3,3,0.1053199807787516,20.71875,False,0.3454937101786661
6jzf__A1_Q8VY16--6jzf__B1_Q8VY16,1,4,0,0,0.0132469169442363,78.875,False,0.6460884476085981
6jzf__A1_Q8VY16--6jzf__B1_Q8VY16,2,4,3,0,0.01321652373882,78.375,False,0.6277443289357554
6jzf__A1_Q8VY16--6jzf__B1_Q8VY16,3,4,2,0,0.0132624265762041,78.1875,False,0.6045897882888861
6jzf__A1_Q8VY16--6jzf__B1_Q8VY16,4,4,1,0,0.0132316758832309,77.5625,False,0.5564652983435867
6jzf__A1_Q8VY16--6jzf__B1_Q8VY16,5,3,1,0,0.0130004057245993,76.4375,False,0.6223442188142634
6jzf__A1_Q8VY16--6jzf__B1_Q8VY16,6,3,0,0,0.0128283302420754,76.1875,False,0.6069823500271841
6jzf__A1_Q8VY16--6jzf__B1_Q8VY16,7,5,0,0,0.0135847170391601,76.0625,False,0.5591453530627409
6jzf__A1_Q8VY16--6jzf__B1_Q8VY16,8,3,3,0,0.0126899503507766,75.25,False,0.5644682360996365
6jzf__A1_Q8VY16--6jzf__B1_Q8VY16,9,5,1,0,0.0136686964659389,74.5625,False,0.5083625063477683
6jzf__A1_Q8VY16--6jzf__B1_Q8VY16,10,3,2,0,0.0129659684001942,74.1875,False,0.5716721361698232
6jzf__A1_Q8VY16--6jzf__B1_Q8VY16,11,1,0,0,0.012674588613534,73.375,False,0.4818749390460154
6jzf__A1_Q8VY16--6jzf__B1_Q8VY16,12,1,1,0,0.0127121995666796,72.125,False,0.4557031006200783
6jzf__A1_Q8VY16--6jzf__B1_Q8VY16,13,2,3,0,0.0113208229811127,57.71875,False,0.4268780606493615
6jzf__A1_Q8VY16--6jzf__B1_Q8VY16,14,5,3,0,0.3845908003874713,56.9375,True,0.5211920033229176
6jzf__A1_Q8VY16--6jzf__B1_Q8VY16,15,1,2,0,0.009277580321219,40.6875,False,0.4446304054720572
6jzf__A1_Q8VY16--6jzf__B1_Q8VY16,16,2,2,0,0.0087283609536199,40.5,False,0.4183809190682954
6jzf__A1_Q8VY16--6jzf__B1_Q8VY16,17,2,0,0,0.0094403659589411,39.40625,False,0.3963860113848195
6jzf__A1_Q8VY16--6jzf__B1_Q8VY16,18,2,1,0,0.0086691277169006,38.8125,False,0.4031137278269609
6jzf__A1_Q8VY16--6jzf__B1_Q8VY16,19,1,3,0,0.0110077158953617,33.71875,False,0.38328589110296046
6jzf__A1_Q8VY16--6jzf__B1_Q8VY16,20,5,2,0,0.0409389544009038,17.28125,False,0.35846526227729325
6k3b__A1_Q5ZTL4--6k3b__B1_Q5ZTL2,1,4,1,3,0.0163133287622567,28.09375,False,0.6574125438998584
6k3b__A1_Q5ZTL4--6k3b__B1_Q5ZTL2,2,1,2,3,0.012751061681791,26.78125,False,0.6711722361073537
6k3b__A1_Q5ZTL4--6k3b__B1_Q5ZTL2,3,4,0,3,0.026310760550133,25.984375,False,0.6517056551674714
6k3b__A1_Q5ZTL4--6k3b__B1_Q5ZTL2,4,1,0,3,0.0124761531630576,25.96875,False,0.6559494210633028
6k3b__A1_Q5ZTL4--6k3b__B1_Q5ZTL2,5,1,3,3,0.0179294266243535,23.828125,False,0.5468285918798476
6k3b__A1_Q5ZTL4--6k3b__B1_Q5ZTL2,6,2,0,3,0.0291970611743457,23.296875,False,0.5350997809247847
6k3b__A1_Q5ZTL4--6k3b__B1_Q5ZTL2,7,3,0,3,0.0708284133450186,22.640625,False,0.5515370069676103
6k3b__A1_Q5ZTL4--6k3b__B1_Q5ZTL2,8,2,3,3,0.0395271144971371,22.578125,False,0.5431165639560326
6k3b__A1_Q5ZTL4--6k3b__B1_Q5ZTL2,9,2,2,3,0.023955476742821,22.09375,False,0.45701932288663205
6k3b__A1_Q5ZTL4--6k3b__B1_Q5ZTL2,10,5,2,3,0.0127953901273321,22.0625,False,0.48891596714862146
6k3b__A1_Q5ZTL4--6k3b__B1_Q5ZTL2,11,2,1,3,0.0704517368721931,22.03125,False,0.5398275074298924
6k3b__A1_Q5ZTL4--6k3b__B1_Q5ZTL2,12,5,0,3,0.0224557412840534,21.46875,False,0.46777528267415325
6k3b__A1_Q5ZTL4--6k3b__B1_Q5ZTL2,13,4,3,3,0.0149175421641974,21.25,False,0.4390983197490411
6k3b__A1_Q5ZTL4--6k3b__B1_Q5ZTL2,14,1,1,3,0.0387950074376318,21.171875,False,0.4775931202640676
6k3b__A1_Q5ZTL4--6k3b__B1_Q5ZTL2,15,4,2,3,0.0265860256210591,20.75,False,0.4554757641153792
6k3b__A1_Q5ZTL4--6k3b__B1_Q5ZTL2,16,3,3,3,0.0244089533331131,20.703125,False,0.4213347523257146
6k3b__A1_Q5ZTL4--6k3b__B1_Q5ZTL2,17,5,3,3,0.0346539493931616,20.421875,False,0.4309014548571173
6k3b__A1_Q5ZTL4--6k3b__B1_Q5ZTL2,18,5,1,3,0.054420321049387,20.328125,False,0.43756651172607003
6k3b__A1_Q5ZTL4--6k3b__B1_Q5ZTL2,19,3,1,3,0.0115401309631229,15.984375,False,0.3866875059150637
6k3b__A1_Q5ZTL4--6k3b__B1_Q5ZTL2,20,3,2,3,0.014008483728316,15.46875,False,0.3388340900060789
6k7c__A1_D4ZE39--6k7c__B1_D4ZE39,1,3,3,2,0.0387054167633417,64.125,False,0.6415858834017127
6k7c__A1_D4ZE39--6k7c__B1_D4ZE39,2,3,0,2,0.0428430025804001,62.5,False,0.6280893012284724
6k7c__A1_D4ZE39--6k7c__B1_D4ZE39,3,3,1,2,0.0430048256191702,61.8125,False,0.6143899476729139
6k7c__A1_D4ZE39--6k7c__B1_D4ZE39,4,3,2,2,0.0387557197771399,61.65625,False,0.6005069364098622
6k7c__A1_D4ZE39--6k7c__B1_D4ZE39,5,5,0,2,0.0475377230508599,54.15625,False,0.586460526759568
6k7c__A1_D4ZE39--6k7c__B1_D4ZE39,6,5,3,2,0.0472163536262569,53.53125,False,0.5722720170601946
6k7c__A1_D4ZE39--6k7c__B1_D4ZE39,7,5,1,2,0.0473138031906511,51.8125,False,0.5579636243531853
6k7c__A1_D4ZE39--6k7c__B1_D4ZE39,8,5,2,2,0.0473020119536468,50.75,False,0.5435583516824813
6k7c__A1_D4ZE39--6k7c__B1_D4ZE39,9,2,1,2,0.055849797259864,41.09375,False,0.5290798445892958
6k7c__A1_D4ZE39--6k7c__B1_D4ZE39,10,2,0,2,0.056380162551728,40.125,False,0.5145522386353092
6k7c__A1_D4ZE39--6k7c__B1_D4ZE39,11,2,2,2,0.057416021672513,37.40625,False,0.5
6k7c__A1_D4ZE39--6k7c__B1_D4ZE39,12,2,3,2,0.0566842026531462,35.90625,False,0.4869199279508079
6k7c__A1_D4ZE39--6k7c__B1_D4ZE39,13,1,2,2,0.0552678292712508,29.484375,False,0.4694521021500458
6k7c__A1_D4ZE39--6k7c__B1_D4ZE39,14,1,1,2,0.0564895613701288,26.6875,False,0.4447640973152798
6k7c__A1_D4ZE39--6k7c__B1_D4ZE39,15,1,0,2,0.0615271023144989,26.3125,False,0.4413907989429805
6k7c__A1_D4ZE39--6k7c__B1_D4ZE39,16,1,3,2,0.0632352575715884,25.71875,False,0.42308512733065884
6k7c__A1_D4ZE39--6k7c__B1_D4ZE39,17,4,1,2,0.061110570784564,25.15625,False,0.4121109665976112
6k7c__A1_D4ZE39--6k7c__B1_D4ZE39,18,4,3,2,0.0601680040826052,25.046875,False,0.40185258350073255
6k7c__A1_D4ZE39--6k7c__B1_D4ZE39,19,4,0,2,0.0619808699444431,25.0,False,0.38853427534015306
6k7c__A1_D4ZE39--6k7c__B1_D4ZE39,20,4,2,2,0.0629474256715538,24.875,False,0.38426082583924104
6k8i__B1_Q96524--6k8i__A1_Q96524,1,3,0,0,0.0051372049974856,60.875,False,0.6496195810336557
6k8i__B1_Q96524--6k8i__A1_Q96524,2,5,0,0,0.0050676018613248,59.0625,False,0.6375126507534588
6k8i__B1_Q96524--6k8i__A1_Q96524,3,5,3,0,0.0049637597045195,58.875,False,0.6168359410364628
6k8i__B1_Q96524--6k8i__A1_Q96524,4,2,1,0,0.0050095696730389,58.21875,False,0.602682763599712
6k8i__B1_Q96524--6k8i__A1_Q96524,5,5,1,0,0.0049960465444232,57.6875,False,0.5903440329730718
6k8i__B1_Q96524--6k8i__A1_Q96524,6,2,0,0,0.0056321145739542,55.3125,False,0.566780428731366
6k8i__B1_Q96524--6k8i__A1_Q96524,7,1,0,0,0.0059690737184145,55.0,False,0.547864475076385
6k8i__B1_Q96524--6k8i__A1_Q96524,8,2,2,0,0.0057074917744901,54.78125,False,0.5372481442579652
6k8i__B1_Q96524--6k8i__A1_Q96524,9,2,3,0,0.0054060499889756,54.53125,False,0.5225112231601357
6k8i__B1_Q96524--6k8i__A1_Q96524,10,3,1,0,0.0052923747995492,53.15625,False,0.512484935931781
6k8i__B1_Q96524--6k8i__A1_Q96524,11,1,3,0,0.0058790871027801,52.8125,False,0.4795055470000558
6k8i__B1_Q96524--6k8i__A1_Q96524,12,1,2,0,0.0055482068724988,52.78125,False,0.4859949034120602
6k8i__B1_Q96524--6k8i__A1_Q96524,13,3,3,0,0.005248770819636,52.4375,False,0.48066645002948577
6k8i__B1_Q96524--6k8i__A1_Q96524,14,1,1,0,0.0057603400600724,51.8125,False,0.4460498943014574
6k8i__B1_Q96524--6k8i__A1_Q96524,15,4,2,0,0.0052584570960492,50.34375,False,0.4284898985512748
6k8i__B1_Q96524--6k8i__A1_Q96524,16,4,3,0,0.0055877968000223,49.3125,False,0.3971497657896799
6k8i__B1_Q96524--6k8i__A1_Q96524,17,4,1,0,0.0055021008859495,49.28125,False,0.39858755971837656
6k8i__B1_Q96524--6k8i__A1_Q96524,18,3,2,0,0.0053275651575385,49.1875,False,0.3971273953860678
6k8i__B1_Q96524--6k8i__A1_Q96524,19,5,2,0,0.688888967198102,48.65625,True,0.4984770794533669
6k8i__B1_Q96524--6k8i__A1_Q96524,20,4,0,0,0.005430491209902,47.8125,False,0.3609617936914851
6kbe__A1_B9G207--6kbe__B1_P0CG48,1,4,2,3,0.3460214804366961,86.5625,True,0.6614858700232774
6kbe__A1_B9G207--6kbe__B1_P0CG48,2,4,3,3,0.5301916167810394,84.5,True,0.5891596840279014
6kbe__A1_B9G207--6kbe__B1_P0CG48,3,4,0,3,0.477675724137621,84.4375,True,0.6348976838027481
6kbe__A1_B9G207--6kbe__B1_P0CG48,4,4,1,3,0.55340853326663,84.25,True,0.5920491347617646
6kbe__A1_B9G207--6kbe__B1_P0CG48,5,2,2,3,0.4855222291940075,84.125,True,0.5181761531770396
6kbe__A1_B9G207--6kbe__B1_P0CG48,6,1,1,3,0.5624620945681382,82.5625,True,0.6058481594811547
6kbe__A1_B9G207--6kbe__B1_P0CG48,7,1,2,3,0.5679881422973216,81.875,True,0.47537944980419505
6kbe__A1_B9G207--6kbe__B1_P0CG48,8,5,0,3,0.5253721029576258,81.375,True,0.4259266726816338
6kbe__A1_B9G207--6kbe__B1_P0CG48,9,5,2,3,0.5085293221595608,81.1875,True,0.5054422953124573
6kbe__A1_B9G207--6kbe__B1_P0CG48,10,5,3,3,0.539539066739109,81.0625,True,0.5495049251197783
6kbe__A1_B9G207--6kbe__B1_P0CG48,11,2,0,3,0.5099345641553611,81.0,True,0.414786870768544
6kbe__A1_B9G207--6kbe__B1_P0CG48,12,1,0,3,0.5403157070565721,81.0,True,0.4895388096781369
6kbe__A1_B9G207--6kbe__B1_P0CG48,13,5,1,3,0.489823251432163,80.25,True,0.5152046269443369
6kbe__A1_B9G207--6kbe__B1_P0CG48,14,3,1,3,0.6358132292176103,80.1875,True,0.5499081829733343
6kbe__A1_B9G207--6kbe__B1_P0CG48,15,3,3,3,0.5384742681987822,79.875,True,0.44391297188699574
6kbe__A1_B9G207--6kbe__B1_P0CG48,16,3,0,3,0.6553220166955837,79.8125,True,0.5648164836232201
6kbe__A1_B9G207--6kbe__B1_P0CG48,17,1,3,3,0.570170703951154,79.625,True,0.39891548681034283
6kbe__A1_B9G207--6kbe__B1_P0CG48,18,3,2,3,0.5728250073829221,79.5,True,0.4963395519379865
6kbe__A1_B9G207--6kbe__B1_P0CG48,19,2,1,3,0.5364608085106123,77.5625,True,0.37867088256662296
6kbe__A1_B9G207--6kbe__B1_P0CG48,20,2,3,3,0.4825908679276132,73.6875,True,0.35367352590478235
6ki2__A1_Q55415--6ki2__B1_Q55415,1,3,1,0,0.1893061994705863,71.375,False,0.660301725602725
6ki2__A1_Q55415--6ki2__B1_Q55415,2,3,0,0,0.1878608848023439,70.6875,False,0.6415184179517598
6ki2__A1_Q55415--6ki2__B1_Q55415,3,5,3,0,0.1872156854399209,69.8125,False,0.636205238294758
6ki2__A1_Q55415--6ki2__B1_Q55415,4,4,1,0,0.1817373805456518,68.8125,False,0.6251026734360655
6ki2__A1_Q55415--6ki2__B1_Q55415,5,4,0,0,0.1920595123312362,68.375,False,0.575211039933359
6ki2__A1_Q55415--6ki2__B1_Q55415,6,4,2,0,0.1857872498529259,68.1875,False,0.5630967103998972
6ki2__A1_Q55415--6ki2__B1_Q55415,7,5,1,0,0.1883834922236412,67.8125,False,0.5705922822817894
6ki2__A1_Q55415--6ki2__B1_Q55415,8,3,3,0,0.1936175713623723,67.0625,False,0.5414523852274792
6ki2__A1_Q55415--6ki2__B1_Q55415,9,4,3,0,0.1926507365323602,67.0,False,0.5174890369932328
6ki2__A1_Q55415--6ki2__B1_Q55415,10,1,2,0,0.1920395624404658,66.8125,False,0.5372807538854263
6ki2__A1_Q55415--6ki2__B1_Q55415,11,3,2,0,0.1927635170769011,66.5,False,0.4677273595239547
6ki2__A1_Q55415--6ki2__B1_Q55415,12,1,3,0,0.1949305311837062,66.125,False,0.50880588725349
6ki2__A1_Q55415--6ki2__B1_Q55415,13,5,0,0,0.1867039175755321,66.125,False,0.4964715447268352
6ki2__A1_Q55415--6ki2__B1_Q55415,14,5,2,0,0.1855969516638571,65.9375,False,0.44309131723200895
6ki2__A1_Q55415--6ki2__B1_Q55415,15,1,0,0,0.1948238820335779,63.34375,False,0.42143182368305204
6ki2__A1_Q55415--6ki2__B1_Q55415,16,1,1,0,0.1938878217790897,61.78125,False,0.42481573612287504
6ki2__A1_Q55415--6ki2__B1_Q55415,17,2,1,0,0.1822600317481732,51.96875,False,0.40419378319104227
6ki2__A1_Q55415--6ki2__B1_Q55415,18,2,0,0,0.188670710791578,50.59375,False,0.384313446532474
6ki2__A1_Q55415--6ki2__B1_Q55415,19,2,2,0,0.1834327183570515,47.21875,False,0.37782903341718527
6ki2__A1_Q55415--6ki2__B1_Q55415,20,2,3,0,0.1860803917660728,44.03125,False,0.35846526227729325
6koi__B1_Q9Y5W9--6koi__A1_Q9Y5W9,1,5,1,0,0.0097063327220924,27.84375,False,0.6772237777124602
6koi__B1_Q9Y5W9--6koi__A1_Q9Y5W9,2,2,2,0,0.0121263343014858,25.625,False,0.6602671715465549
6koi__B1_Q9Y5W9--6koi__A1_Q9Y5W9,3,2,3,0,0.011733664683594,25.546875,False,0.655587666153364
6koi__B1_Q9Y5W9--6koi__A1_Q9Y5W9,4,5,2,0,0.0097996869655591,25.15625,False,0.6072017943954527
6koi__B1_Q9Y5W9--6koi__A1_Q9Y5W9,5,5,0,0,0.0099502343860331,25.046875,False,0.5962330842482928
6koi__B1_Q9Y5W9--6koi__A1_Q9Y5W9,6,5,3,0,0.0099218762057825,24.953125,False,0.5613703975698249
6koi__B1_Q9Y5W9--6koi__A1_Q9Y5W9,7,2,0,0,0.012167075692587,24.0625,False,0.5429446635644638
6koi__B1_Q9Y5W9--6koi__A1_Q9Y5W9,8,2,1,0,0.012458918493811,24.046875,False,0.5434784722636555
6koi__B1_Q9Y5W9--6koi__A1_Q9Y5W9,9,1,1,0,0.0101787514612177,23.671875,False,0.5526732838061486
6koi__B1_Q9Y5W9--6koi__A1_Q9Y5W9,10,1,0,0,0.010057542522697,23.328125,False,0.5187044916281826
6koi__B1_Q9Y5W9--6koi__A1_Q9Y5W9,11,1,2,0,0.0102634993451182,22.84375,False,0.5158624177401337
6koi__B1_Q9Y5W9--6koi__A1_Q9Y5W9,12,1,3,0,0.0102531433298439,22.625,False,0.5253150756825804
6koi__B1_Q9Y5W9--6koi__A1_Q9Y5W9,13,3,0,0,0.0104523395004002,22.046875,False,0.47419951795875
6koi__B1_Q9Y5W9--6koi__A1_Q9Y5W9,14,3,2,0,0.0100942860760026,20.65625,False,0.42695526535791345
6koi__B1_Q9Y5W9--6koi__A1_Q9Y5W9,15,4,0,0,0.0129408833543152,19.734375,False,0.44436357443127905
6koi__B1_Q9Y5W9--6koi__A1_Q9Y5W9,16,3,1,0,0.0124203992949263,19.375,False,0.3791593979433938
6koi__B1_Q9Y5W9--6koi__A1_Q9Y5W9,17,3,3,0,0.0115803787877,18.71875,False,0.3762798640299376
6koi__B1_Q9Y5W9--6koi__A1_Q9Y5W9,18,4,1,0,0.0127025216177373,18.625,False,0.35848953651897353
6koi__B1_Q9Y5W9--6koi__A1_Q9Y5W9,19,4,2,0,0.012982946916734,18.609375,False,0.377290193209686
6koi__B1_Q9Y5W9--6koi__A1_Q9Y5W9,20,4,3,0,0.0132651432821155,17.8125,False,0.36128732488771986
6kos__A1_UNDEFINED--6kos__B1_UNDEFINED,1,1,2,4,0.2009791396183079,76.8125,False,0.668298189550973
6kos__A1_UNDEFINED--6kos__B1_UNDEFINED,2,1,3,4,0.2018145799583574,76.0625,False,0.65259109577284
6kos__A1_UNDEFINED--6kos__B1_UNDEFINED,3,1,1,4,0.1969407519097443,71.1875,False,0.6365447287148313
6kos__A1_UNDEFINED--6kos__B1_UNDEFINED,4,2,1,4,0.2037592977142802,69.1875,False,0.6107885675647119
6kos__A1_UNDEFINED--6kos__B1_UNDEFINED,5,4,2,4,0.1961670163199574,68.9375,False,0.6130187659970087
6kos__A1_UNDEFINED--6kos__B1_UNDEFINED,6,2,2,4,0.2004408371342449,68.4375,False,0.5866779669161652
6kos__A1_UNDEFINED--6kos__B1_UNDEFINED,7,2,0,4,0.1997263580500713,67.625,False,0.569595065822068
6kos__A1_UNDEFINED--6kos__B1_UNDEFINED,8,5,2,4,0.1992715559159603,58.53125,False,0.5523448550676545
6kos__A1_UNDEFINED--6kos__B1_UNDEFINED,9,4,0,4,0.0777562635420146,57.0,False,0.5198735936504999
6kos__A1_UNDEFINED--6kos__B1_UNDEFINED,10,3,0,4,0.1868310047682239,56.9375,False,0.5305200584566203
6kos__A1_UNDEFINED--6kos__B1_UNDEFINED,11,3,1,4,0.2040071095273554,56.53125,False,0.50413560656839
6kos__A1_UNDEFINED--6kos__B1_UNDEFINED,12,2,3,4,0.0780628247845732,55.25,False,0.4804570457519509
6kos__A1_UNDEFINED--6kos__B1_UNDEFINED,13,4,1,4,0.188260663406082,48.0,False,0.46933388245560376
6kos__A1_UNDEFINED--6kos__B1_UNDEFINED,14,3,2,4,0.092543184971587,46.625,False,0.47172810923070213
6kos__A1_UNDEFINED--6kos__B1_UNDEFINED,15,5,1,4,0.1516740682502291,45.375,False,0.43346265673306733
6kos__A1_UNDEFINED--6kos__B1_UNDEFINED,16,5,0,4,0.1466572456591627,44.9375,False,0.37094658278300274
6kos__A1_UNDEFINED--6kos__B1_UNDEFINED,17,3,3,4,0.1029872701977313,44.0,False,0.39959613616921336
6kos__A1_UNDEFINED--6kos__B1_UNDEFINED,18,5,3,4,0.1976650922557041,42.84375,False,0.3941252807039344
6kos__A1_UNDEFINED--6kos__B1_UNDEFINED,19,1,0,4,0.1716165303053621,41.28125,False,0.3583188583496522
6kos__A1_UNDEFINED--6kos__B1_UNDEFINED,20,4,3,4,0.1161818563260033,31.765625,False,0.34740890422716
6kuc__A1_Q9Y006--6kuc__A2_Q9Y006,1,2,3,3,0.2161850273522383,84.125,False,0.5768357916141824
6kuc__A1_Q9Y006--6kuc__A2_Q9Y006,2,2,0,3,0.2268101095748053,84.125,False,0.6319095750509877
6kuc__A1_Q9Y006--6kuc__A2_Q9Y006,3,2,1,3,0.2176245385550379,83.5,False,0.5369589426192591
6kuc__A1_Q9Y006--6kuc__A2_Q9Y006,4,2,2,3,0.2188077563607553,83.0,False,0.4955554020712264
6kuc__A1_Q9Y006--6kuc__A2_Q9Y006,5,3,2,3,0.4590128952174335,79.25,True,0.6270924567154775
6kuc__A1_Q9Y006--6kuc__A2_Q9Y006,6,3,1,3,0.5335289189643144,78.3125,True,0.5704483329467593
6kuc__A1_Q9Y006--6kuc__A2_Q9Y006,7,3,3,3,0.4249277024855564,78.25,True,0.5955326094298066
6kuc__A1_Q9Y006--6kuc__A2_Q9Y006,8,5,1,3,0.437861670012017,77.6875,True,0.6073529186089739
6kuc__A1_Q9Y006--6kuc__A2_Q9Y006,9,5,3,3,0.4436356968726295,77.25,True,0.5213450916562369
6kuc__A1_Q9Y006--6kuc__A2_Q9Y006,10,4,2,3,0.4247478929655957,77.25,True,0.5717209841058624
6kuc__A1_Q9Y006--6kuc__A2_Q9Y006,11,4,0,3,0.4063336995888464,76.3125,True,0.5241803789662938
6kuc__A1_Q9Y006--6kuc__A2_Q9Y006,12,4,3,3,0.4285582864020019,76.0,True,0.49209907077593207
6kuc__A1_Q9Y006--6kuc__A2_Q9Y006,13,3,0,3,0.4239301820711202,75.9375,True,0.5419732579358869
6kuc__A1_Q9Y006--6kuc__A2_Q9Y006,14,1,2,3,0.4016494555771393,73.8125,True,0.44124118119202166
6kuc__A1_Q9Y006--6kuc__A2_Q9Y006,15,4,1,3,0.4111323890749759,73.75,True,0.418857846281676
6kuc__A1_Q9Y006--6kuc__A2_Q9Y006,16,5,2,3,0.4533639740380771,72.625,True,0.4475500989128798
6kuc__A1_Q9Y006--6kuc__A2_Q9Y006,17,5,0,3,0.3627200308503773,71.3125,True,0.45935082197553245
6kuc__A1_Q9Y006--6kuc__A2_Q9Y006,18,1,0,3,0.3333935979400215,61.28125,True,0.3848657529813655
6kuc__A1_Q9Y006--6kuc__A2_Q9Y006,19,1,1,3,0.2075835806089334,47.3125,False,0.36913295816139585
6kuc__A1_Q9Y006--6kuc__A2_Q9Y006,20,1,3,3,0.019989000283093,32.40625,False,0.35367352590478235
6kwz__A1_Q94707--6kwz__B2_Q94707,1,3,1,3,0.048976124523536,24.09375,False,0.6837551530422961
6kwz__A1_Q94707--6kwz__B2_Q94707,2,4,0,3,0.1058624981096644,20.359375,False,0.6344014878160702
6kwz__A1_Q94707--6kwz__B2_Q94707,3,3,2,3,0.0436721496626204,20.34375,False,0.629250897862563
6kwz__A1_Q94707--6kwz__B2_Q94707,4,1,0,3,0.1234973860077166,20.234375,False,0.6478179204065108
6kwz__A1_Q94707--6kwz__B2_Q94707,5,5,1,3,0.5465266108416379,19.703125,True,0.6327408545086431
6kwz__A1_Q94707--6kwz__B2_Q94707,6,4,3,3,0.0281251110508069,19.34375,False,0.44399404389397884
6kwz__A1_Q94707--6kwz__B2_Q94707,7,5,0,3,0.6171786607484671,18.859375,True,0.5723847299887068
6kwz__A1_Q94707--6kwz__B2_Q94707,8,2,1,3,0.0242431261752694,18.53125,False,0.6036570377323182
6kwz__A1_Q94707--6kwz__B2_Q94707,9,5,3,3,0.4999735878909866,18.171875,True,0.4989271073937115
6kwz__A1_Q94707--6kwz__B2_Q94707,10,2,2,3,0.0240188551397849,17.9375,False,0.5707955511862718
6kwz__A1_Q94707--6kwz__B2_Q94707,11,5,2,3,0.7059051430967251,17.625,True,0.46588426706107006
6kwz__A1_Q94707--6kwz__B2_Q94707,12,4,2,3,0.0581977353291672,16.90625,False,0.4293711899030074
6kwz__A1_Q94707--6kwz__B2_Q94707,13,1,2,3,0.0883092369770398,16.5625,False,0.4777948553057211
6kwz__A1_Q94707--6kwz__B2_Q94707,14,1,3,3,0.06646226869776,16.546875,False,0.4229105919239063
6kwz__A1_Q94707--6kwz__B2_Q94707,15,3,0,3,0.0285646852984089,16.40625,False,0.39840664733309283
6kwz__A1_Q94707--6kwz__B2_Q94707,16,2,0,3,0.0287351752471947,16.15625,False,0.478284855122666
6kwz__A1_Q94707--6kwz__B2_Q94707,17,3,3,3,0.0726836234690891,15.9765625,False,0.3692640304583291
6kwz__A1_Q94707--6kwz__B2_Q94707,18,2,3,3,0.0431206392685652,15.96875,False,0.44301563626048707
6kwz__A1_Q94707--6kwz__B2_Q94707,19,1,1,3,0.0291588452585739,15.6796875,False,0.4216151357599177
6kwz__A1_Q94707--6kwz__B2_Q94707,20,4,1,3,0.1018362439592741,14.890625,False,0.33122894379965595
6l4p__A1_Q9XHH2--6l4p__B1_Q39575,1,4,2,3,0.8920009563717303,93.4375,True,0.6192984092822212
6l4p__A1_Q9XHH2--6l4p__B1_Q39575,2,2,2,3,0.918145210833675,93.4375,True,0.6339923071456149
6l4p__A1_Q9XHH2--6l4p__B1_Q39575,3,4,3,3,0.9261501083367484,93.375,True,0.555566985309736
6l4p__A1_Q9XHH2--6l4p__B1_Q39575,4,2,1,3,0.9232780473030888,93.375,True,0.5741087634519997
6l4p__A1_Q9XHH2--6l4p__B1_Q39575,5,1,3,3,0.9316915768519048,93.375,True,0.6475510048191736
6l4p__A1_Q9XHH2--6l4p__B1_Q39575,6,2,3,3,0.9284103093460312,93.3125,True,0.6258685363631414
6l4p__A1_Q9XHH2--6l4p__B1_Q39575,7,4,1,3,0.9124729874304712,93.3125,True,0.5788996976671763
6l4p__A1_Q9XHH2--6l4p__B1_Q39575,8,5,2,3,0.9245562477913888,93.125,True,0.501496905096478
6l4p__A1_Q9XHH2--6l4p__B1_Q39575,9,5,3,3,0.8921230747037555,93.0625,True,0.4894195376781968
6l4p__A1_Q9XHH2--6l4p__B1_Q39575,10,5,1,3,0.8907783265783586,93.0625,True,0.5209309570137123
6l4p__A1_Q9XHH2--6l4p__B1_Q39575,11,1,2,3,0.9288090631224788,93.0,True,0.4965966330253151
6l4p__A1_Q9XHH2--6l4p__B1_Q39575,12,3,3,3,0.8977402211787912,93.0,True,0.4526156796250652
6l4p__A1_Q9XHH2--6l4p__B1_Q39575,13,1,1,3,0.928575305712815,93.0,True,0.5795099821509565
6l4p__A1_Q9XHH2--6l4p__B1_Q39575,14,3,2,3,0.9203172160289056,92.9375,True,0.44148561936583697
6l4p__A1_Q9XHH2--6l4p__B1_Q39575,15,5,0,3,0.9188714399395432,92.9375,True,0.4820127778685671
6l4p__A1_Q9XHH2--6l4p__B1_Q39575,16,4,0,3,0.8889374398643334,92.9375,True,0.42704155516271397
6l4p__A1_Q9XHH2--6l4p__B1_Q39575,17,3,1,3,0.9224495038239168,92.75,True,0.42933858259299024
6l4p__A1_Q9XHH2--6l4p__B1_Q39575,18,3,0,3,0.8889003309783741,92.25,True,0.3848657529813655
6l4p__A1_Q9XHH2--6l4p__B1_Q39575,19,2,0,3,0.821775087541882,91.6875,True,0.3562714593296713
6l4p__A1_Q9XHH2--6l4p__B1_Q39575,20,1,0,3,0.8710047676354707,91.0625,True,0.36649463396508714
6lh6__A1_A0A1S2XQ25--6lh6__B1_A0A1S2XQ25,1,4,0,1,0.0308704674167178,49.34375,False,0.6373033260027056
6lh6__A1_A0A1S2XQ25--6lh6__B1_A0A1S2XQ25,2,4,2,1,0.0303022037213293,46.40625,False,0.6104547969890096
6lh6__A1_A0A1S2XQ25--6lh6__B1_A0A1S2XQ25,3,4,1,1,0.0314250830668624,45.9375,False,0.5967808932103462
6lh6__A1_A0A1S2XQ25--6lh6__B1_A0A1S2XQ25,4,1,2,1,0.0313525193437394,45.875,False,0.5784959136101894
6lh6__A1_A0A1S2XQ25--6lh6__B1_A0A1S2XQ25,5,4,3,1,0.0320546958497738,45.03125,False,0.6118670485132561
6lh6__A1_A0A1S2XQ25--6lh6__B1_A0A1S2XQ25,6,2,2,1,0.0321200292315573,43.125,False,0.5843636041048721
6lh6__A1_A0A1S2XQ25--6lh6__B1_A0A1S2XQ25,7,1,3,1,0.0325304680892046,41.53125,False,0.5535786728715208
6lh6__A1_A0A1S2XQ25--6lh6__B1_A0A1S2XQ25,8,2,0,1,0.0317085736344122,41.25,False,0.5483489689954076
6lh6__A1_A0A1S2XQ25--6lh6__B1_A0A1S2XQ25,9,2,3,1,0.0314284663880821,39.875,False,0.5281998926371491
6lh6__A1_A0A1S2XQ25--6lh6__B1_A0A1S2XQ25,10,2,1,1,0.0318153567202379,39.34375,False,0.5335805479340243
6lh6__A1_A0A1S2XQ25--6lh6__B1_A0A1S2XQ25,11,3,0,1,0.0338432891177675,38.09375,False,0.47469699663061465
6lh6__A1_A0A1S2XQ25--6lh6__B1_A0A1S2XQ25,12,3,1,1,0.0312190361560578,37.84375,False,0.49779823277814134
6lh6__A1_A0A1S2XQ25--6lh6__B1_A0A1S2XQ25,13,3,2,1,0.0342939576049854,35.875,False,0.4618062571726004
6lh6__A1_A0A1S2XQ25--6lh6__B1_A0A1S2XQ25,14,3,3,1,0.0340118548503965,35.84375,False,0.4486475741961237
6lh6__A1_A0A1S2XQ25--6lh6__B1_A0A1S2XQ25,15,1,1,1,0.0281441195032812,34.78125,False,0.4580559485744491
6lh6__A1_A0A1S2XQ25--6lh6__B1_A0A1S2XQ25,16,1,0,1,0.0308729254684238,29.9375,False,0.4300028749279588
6lh6__A1_A0A1S2XQ25--6lh6__B1_A0A1S2XQ25,17,5,0,1,0.1466452899693221,21.03125,False,0.4139872807078147
6lh6__A1_A0A1S2XQ25--6lh6__B1_A0A1S2XQ25,18,5,2,1,0.1030727074702583,20.328125,False,0.40026407889693044
6lh6__A1_A0A1S2XQ25--6lh6__B1_A0A1S2XQ25,19,5,1,1,0.0461940865874843,19.734375,False,0.39711013777637977
6lh6__A1_A0A1S2XQ25--6lh6__B1_A0A1S2XQ25,20,5,3,1,0.1585588178797944,19.4375,False,0.37246776857963765
6lqo__A1_P29882--6lqo__G1_P0CK49,1,3,3,2,0.7060468229102561,84.0625,True,0.6415858834017127
6lqo__A1_P29882--6lqo__G1_P0CK49,2,3,0,2,0.711143966380074,83.6875,True,0.6308383273972077
6lqo__A1_P29882--6lqo__G1_P0CK49,3,4,3,2,0.7154373461996909,83.25,True,0.6090993584987114
6lqo__A1_P29882--6lqo__G1_P0CK49,4,5,3,2,0.7103148548838973,83.125,True,0.582169460753247
6lqo__A1_P29882--6lqo__G1_P0CK49,5,4,1,2,0.6978494687725972,83.125,True,0.5900329255752554
6lqo__A1_P29882--6lqo__G1_P0CK49,6,3,1,2,0.6881086066353465,82.8125,True,0.5758455560572504
6lqo__A1_P29882--6lqo__G1_P0CK49,7,1,3,2,0.7064067573591615,82.6875,True,0.5734183643289938
6lqo__A1_P29882--6lqo__G1_P0CK49,8,5,0,2,0.7071664608744919,82.125,True,0.5420958692110728
6lqo__A1_P29882--6lqo__G1_P0CK49,9,5,1,2,0.3291005724131222,69.75,True,0.5200920383170683
6lqo__A1_P29882--6lqo__G1_P0CK49,10,3,2,2,0.0290751496701994,65.1875,False,0.5235487505774454
6lqo__A1_P29882--6lqo__G1_P0CK49,11,2,2,2,0.0324702413896105,44.0,False,0.5002685242407015
6lqo__A1_P29882--6lqo__G1_P0CK49,12,2,0,2,0.0337558861663689,43.65625,False,0.48326947708504064
6lqo__A1_P29882--6lqo__G1_P0CK49,13,4,2,2,0.0335517937900632,41.25,False,0.47979644995975834
6lqo__A1_P29882--6lqo__G1_P0CK49,14,2,3,2,0.0389334563927068,40.1875,False,0.44951730280982655
6lqo__A1_P29882--6lqo__G1_P0CK49,15,2,1,2,0.036766095129744,38.375,False,0.4420363756468148
6lqo__A1_P29882--6lqo__G1_P0CK49,16,1,0,2,0.0547214942360398,33.28125,False,0.4306154313255336
6lqo__A1_P29882--6lqo__G1_P0CK49,17,1,1,2,0.0382698750551366,32.0625,False,0.4081981267367853
6lqo__A1_P29882--6lqo__G1_P0CK49,18,1,2,2,0.0379495579501002,29.828125,False,0.38665057511623313
6lqo__A1_P29882--6lqo__G1_P0CK49,19,4,0,2,0.0496879505663288,29.625,False,0.40724173645111145
6lqo__A1_P29882--6lqo__G1_P0CK49,20,5,2,2,0.0277774002717205,25.328125,False,0.36578647522267665
6n85__A1_Q5E9J8--6n85__B1_P0AEX9,1,5,1,3,0.2286979573082637,83.75,False,0.645513463995163
6n85__A1_Q5E9J8--6n85__B1_P0AEX9,2,5,2,3,0.224642601076256,83.4375,False,0.6653718676000759
6n85__A1_Q5E9J8--6n85__B1_P0AEX9,3,4,1,3,0.2219383435485213,82.625,False,0.42373119147506516
6n85__A1_Q5E9J8--6n85__B1_P0AEX9,4,5,0,3,0.2245591898393483,82.4375,False,0.5233760320735728
6n85__A1_Q5E9J8--6n85__B1_P0AEX9,5,4,0,3,0.2264975863243908,82.1875,False,0.4381129867200722
6n85__A1_Q5E9J8--6n85__B1_P0AEX9,6,3,0,3,0.2327810352877276,82.125,True,0.6095280996809558
6n85__A1_Q5E9J8--6n85__B1_P0AEX9,7,4,2,3,0.2217270312235043,82.125,False,0.4132237375404291
6n85__A1_Q5E9J8--6n85__B1_P0AEX9,8,5,3,3,0.2199493500800275,81.875,False,0.542024759077574
6n85__A1_Q5E9J8--6n85__B1_P0AEX9,9,3,2,3,0.2291938584771288,81.8125,False,0.6236325209634729
6n85__A1_Q5E9J8--6n85__B1_P0AEX9,10,3,1,3,0.2331451224937577,81.8125,True,0.5871646946841875
6n85__A1_Q5E9J8--6n85__B1_P0AEX9,11,4,3,3,0.2222535371834081,81.75,False,0.37591910014637275
6n85__A1_Q5E9J8--6n85__B1_P0AEX9,12,2,1,3,0.2296185538855616,81.6875,False,0.5520074156708881
6n85__A1_Q5E9J8--6n85__B1_P0AEX9,13,1,2,3,0.2256109054492504,81.5625,False,0.51332777080743
6n85__A1_Q5E9J8--6n85__B1_P0AEX9,14,2,0,3,0.2254929114250924,81.375,False,0.5058703193443276
6n85__A1_Q5E9J8--6n85__B1_P0AEX9,15,3,3,3,0.2326170415714902,81.25,True,0.58046599765295
6n85__A1_Q5E9J8--6n85__B1_P0AEX9,16,1,1,3,0.2214705377679371,81.1875,False,0.4242972740317741
6n85__A1_Q5E9J8--6n85__B1_P0AEX9,17,1,0,3,0.2210243976157829,81.1875,False,0.43260503152501917
6n85__A1_Q5E9J8--6n85__B1_P0AEX9,18,2,2,3,0.2298001652976054,80.875,False,0.46941585218941667
6n85__A1_Q5E9J8--6n85__B1_P0AEX9,19,1,3,3,0.2252799995789808,80.6875,False,0.3700557803143623
6n85__A1_Q5E9J8--6n85__B1_P0AEX9,20,2,3,3,0.2251803800591586,80.6875,False,0.4633179031392588
6nf3__B2_P02654--6nf3__A1_P02654,1,2,0,0,0.0232613876191738,27.890625,False,0.6534007923001913
6nf3__B2_P02654--6nf3__A1_P02654,2,2,3,0,0.0237581634814485,26.890625,False,0.6240346292268176
6nf3__B2_P02654--6nf3__A1_P02654,3,2,2,0,0.0135804637734033,26.640625,False,0.6304191907161761
6nf3__B2_P02654--6nf3__A1_P02654,4,2,1,0,0.0237406537311809,26.234375,False,0.6142876348484471
6nf3__B2_P02654--6nf3__A1_P02654,5,1,0,0,0.0156457066985066,22.53125,False,0.5870990328888628
6nf3__B2_P02654--6nf3__A1_P02654,6,1,1,0,0.0177578864898249,21.828125,False,0.6030176807281846
6nf3__B2_P02654--6nf3__A1_P02654,7,5,1,0,0.0237008058559649,19.421875,False,0.549836995067434
6nf3__B2_P02654--6nf3__A1_P02654,8,1,2,0,0.0146651771227293,19.21875,False,0.5523742389053065
6nf3__B2_P02654--6nf3__A1_P02654,9,1,3,0,0.0154908257974314,18.125,False,0.5284526497568501
6nf3__B2_P02654--6nf3__A1_P02654,10,5,2,0,0.0234318844728154,18.03125,False,0.5226801456045952
6nf3__B2_P02654--6nf3__A1_P02654,11,5,0,0,0.0224038351706599,17.15625,False,0.4886638510042983
6nf3__B2_P02654--6nf3__A1_P02654,12,5,3,0,0.0227668402548185,16.96875,False,0.4922348386867127
6nf3__B2_P02654--6nf3__A1_P02654,13,3,3,0,0.0383940380613887,16.125,False,0.4626608926780933
6nf3__B2_P02654--6nf3__A1_P02654,14,3,1,0,0.0620861294456897,15.9375,False,0.44711449623705984
6nf3__B2_P02654--6nf3__A1_P02654,15,4,1,0,0.0152472591738961,15.65625,False,0.4584153382829073
6nf3__B2_P02654--6nf3__A1_P02654,16,3,2,0,0.0604130523121657,14.84375,False,0.40273407366978875
6nf3__B2_P02654--6nf3__A1_P02654,17,4,2,0,0.0152197549760376,14.8203125,False,0.4059935885268594
6nf3__B2_P02654--6nf3__A1_P02654,18,3,0,0,0.0448412185541322,14.359375,False,0.38632152427382505
6nf3__B2_P02654--6nf3__A1_P02654,19,4,0,0,0.0149947395217156,14.1953125,False,0.3814038738450705
6nf3__B2_P02654--6nf3__A1_P02654,20,4,3,0,0.015190556295408,13.40625,False,0.3653288875471353
6njy__A1_F3ZXK6--6njy__B1_F3ZXK6,1,4,2,3,0.5430796548145969,85.875,True,0.6528046337457452
6njy__A1_F3ZXK6--6njy__B1_F3ZXK6,2,4,0,3,0.5583290980240491,84.8125,True,0.6531343291677396
6njy__A1_F3ZXK6--6njy__B1_F3ZXK6,3,2,0,3,0.5972681366862443,84.5625,True,0.6137413889316408
6njy__A1_F3ZXK6--6njy__B1_F3ZXK6,4,4,3,3,0.0172471411555797,84.4375,False,0.6177215155241487
6njy__A1_F3ZXK6--6njy__B1_F3ZXK6,5,2,3,3,0.6584736856100376,84.25,True,0.6124445784815836
6njy__A1_F3ZXK6--6njy__B1_F3ZXK6,6,2,1,3,0.5530198471457811,83.4375,True,0.5865842496815143
6njy__A1_F3ZXK6--6njy__B1_F3ZXK6,7,3,0,3,0.017686132615415,82.75,False,0.5665942579760616
6njy__A1_F3ZXK6--6njy__B1_F3ZXK6,8,5,2,3,0.0173771943753191,78.8125,False,0.5500757687530435
6njy__A1_F3ZXK6--6njy__B1_F3ZXK6,9,3,3,3,0.0174460236214557,77.25,False,0.5232930783085067
6njy__A1_F3ZXK6--6njy__B1_F3ZXK6,10,5,0,3,0.0174958993263027,76.0625,False,0.5231923121240544
6njy__A1_F3ZXK6--6njy__B1_F3ZXK6,11,5,1,3,0.0174266067817526,75.5,False,0.5037252225199995
6njy__A1_F3ZXK6--6njy__B1_F3ZXK6,12,1,3,3,0.023240834906427,70.6875,False,0.47844872598607446
6njy__A1_F3ZXK6--6njy__B1_F3ZXK6,13,1,2,3,0.0473191300617758,68.875,False,0.46549561318608407
6njy__A1_F3ZXK6--6njy__B1_F3ZXK6,14,4,1,3,0.037026404215554,67.4375,False,0.4557515921559556
6njy__A1_F3ZXK6--6njy__B1_F3ZXK6,15,5,3,3,0.0175529373152486,66.0,False,0.43340574202393845
6njy__A1_F3ZXK6--6njy__B1_F3ZXK6,16,3,2,3,0.0398223502041382,61.5,False,0.4170339314781462
6njy__A1_F3ZXK6--6njy__B1_F3ZXK6,17,3,1,3,0.0217650558603927,59.78125,False,0.4008430395748654
6njy__A1_F3ZXK6--6njy__B1_F3ZXK6,18,1,1,3,0.0398379093947361,48.1875,False,0.3823744456734032
6njy__A1_F3ZXK6--6njy__B1_F3ZXK6,19,2,2,3,0.0205172920805281,46.4375,False,0.37510243153730216
6njy__A1_F3ZXK6--6njy__B1_F3ZXK6,20,1,0,3,0.0453724171269921,45.21875,False,0.3502491862839832
6o1t__A1_P79125--6o1t__B2_P79125,1,1,1,0,0.7292058696325713,58.1875,True,0.6562668252567563
6o1t__A1_P79125--6o1t__B2_P79125,2,1,0,0,0.5285446434809353,57.0625,True,0.6415347377227066
6o1t__A1_P79125--6o1t__B2_P79125,3,1,3,0,0.5453951783242663,52.21875,True,0.62355881479482
6o1t__A1_P79125--6o1t__B2_P79125,4,1,2,0,0.5588143246105638,49.46875,True,0.6142876348484471
6o1t__A1_P79125--6o1t__B2_P79125,5,2,0,0,0.1731393843351,32.5,False,0.5887224975536122
6o1t__A1_P79125--6o1t__B2_P79125,6,2,2,0,0.5610608464874091,31.53125,True,0.5872685737657927
6o1t__A1_P79125--6o1t__B2_P79125,7,4,3,0,0.1156726975602923,26.078125,False,0.5762292739132235
6o1t__A1_P79125--6o1t__B2_P79125,8,3,2,0,0.1768937429457782,25.9375,False,0.5597389761173744
6o1t__A1_P79125--6o1t__B2_P79125,9,2,1,0,0.3216019827898682,25.28125,True,0.5503588629850757
6o1t__A1_P79125--6o1t__B2_P79125,10,3,1,0,0.1992157214039236,25.0,False,0.5290478009322497
6o1t__A1_P79125--6o1t__B2_P79125,11,4,2,0,0.3767810450076278,22.90625,True,0.5120742628918251
6o1t__A1_P79125--6o1t__B2_P79125,12,2,3,0,0.2786267020084479,21.328125,True,0.488292321043413
6o1t__A1_P79125--6o1t__B2_P79125,13,3,3,0,0.0417236538187114,20.5625,False,0.4355381473807882
6o1t__A1_P79125--6o1t__B2_P79125,14,4,1,0,0.1739365705024948,19.65625,False,0.44062261097132305
6o1t__A1_P79125--6o1t__B2_P79125,15,5,1,0,0.1457301553909189,19.015625,False,0.42500156355695934
6o1t__A1_P79125--6o1t__B2_P79125,16,5,0,0,0.1435219050816532,18.890625,False,0.40988000169513983
6o1t__A1_P79125--6o1t__B2_P79125,17,5,2,0,0.0212511524099471,18.328125,False,0.3833394669080962
6o1t__A1_P79125--6o1t__B2_P79125,18,4,0,0,0.1756338018630086,17.71875,False,0.3821452086106953
6o1t__A1_P79125--6o1t__B2_P79125,19,3,0,0,0.075528574241618,17.0625,False,0.3899390690174527
6o1t__A1_P79125--6o1t__B2_P79125,20,5,3,0,0.1724045439752389,16.78125,False,0.3629226838724592
6ob5__A1_P0AEX9--6ob5__D1_UNDEFINED,1,1,2,2,0.0880476943921951,64.25,False,0.638490515541307
6ob5__A1_P0AEX9--6ob5__D1_UNDEFINED,2,4,0,2,0.1124110563173506,62.5625,False,0.6312222895169923
6ob5__A1_P0AEX9--6ob5__D1_UNDEFINED,3,1,0,2,0.0970919437183467,60.90625,False,0.6143899476729139
6ob5__A1_P0AEX9--6ob5__D1_UNDEFINED,4,1,3,2,0.1125961458666559,57.09375,False,0.6057852173503419
6ob5__A1_P0AEX9--6ob5__D1_UNDEFINED,5,1,1,2,0.0917899206240365,56.0,False,0.5811024217152004
6ob5__A1_P0AEX9--6ob5__D1_UNDEFINED,6,4,1,2,0.1228904146064194,50.15625,False,0.5619263748547937
6ob5__A1_P0AEX9--6ob5__D1_UNDEFINED,7,2,1,2,0.0785213573126998,49.125,False,0.5539746041019613
6ob5__A1_P0AEX9--6ob5__D1_UNDEFINED,8,3,1,2,0.1235285730607683,45.25,False,0.46998605264527676
6ob5__A1_P0AEX9--6ob5__D1_UNDEFINED,9,3,2,2,0.111468818903851,45.0,False,0.4863544388537006
6ob5__A1_P0AEX9--6ob5__D1_UNDEFINED,10,4,3,2,0.1063068846320392,44.53125,False,0.5240948704262842
6ob5__A1_P0AEX9--6ob5__D1_UNDEFINED,11,2,0,2,0.1357868714664961,43.84375,False,0.49273478478774
6ob5__A1_P0AEX9--6ob5__D1_UNDEFINED,12,4,2,2,0.1084586668144245,43.625,False,0.5260660688782323
6ob5__A1_P0AEX9--6ob5__D1_UNDEFINED,13,5,2,2,0.1247575810667156,41.46875,False,0.4899487435672504
6ob5__A1_P0AEX9--6ob5__D1_UNDEFINED,14,5,0,2,0.1256622083632525,40.96875,False,0.45706136333137826
6ob5__A1_P0AEX9--6ob5__D1_UNDEFINED,15,3,3,2,0.136001188269437,40.53125,False,0.4212102969439516
6ob5__A1_P0AEX9--6ob5__D1_UNDEFINED,16,3,0,2,0.1308202241989513,40.4375,False,0.4169007071347551
6ob5__A1_P0AEX9--6ob5__D1_UNDEFINED,17,2,3,2,0.1035727534212882,39.96875,False,0.4342330224966166
6ob5__A1_P0AEX9--6ob5__D1_UNDEFINED,18,5,3,2,0.1166662297747122,39.09375,False,0.4304548183277787
6ob5__A1_P0AEX9--6ob5__D1_UNDEFINED,19,5,1,2,0.0423451289937162,36.78125,False,0.4156539884115522
6ob5__A1_P0AEX9--6ob5__D1_UNDEFINED,20,2,2,2,0.1010686446791597,36.3125,False,0.38734161273109113
6ocf__A1_Q7L8A9--6ocf__B1_Q8N300,1,5,2,4,0.5633280355856493,78.8125,True,0.6620859065424578
6ocf__A1_Q7L8A9--6ocf__B1_Q8N300,2,2,2,4,0.5653185347929575,78.75,True,0.6338895640222025
6ocf__A1_Q7L8A9--6ocf__B1_Q8N300,3,5,1,4,0.5733575391313774,77.125,True,0.658312606420815
6ocf__A1_Q7L8A9--6ocf__B1_Q8N300,4,5,0,4,0.5569230645162642,77.125,True,0.6210949384546574
6ocf__A1_Q7L8A9--6ocf__B1_Q8N300,5,4,3,4,0.5648340615688836,76.875,True,0.5480569267988378
6ocf__A1_Q7L8A9--6ocf__B1_Q8N300,6,4,2,4,0.564421780573742,76.875,True,0.5061927778082055
6ocf__A1_Q7L8A9--6ocf__B1_Q8N300,7,2,1,4,0.5659201462448564,76.6875,True,0.6280148410163232
6ocf__A1_Q7L8A9--6ocf__B1_Q8N300,8,5,3,4,0.5849051742008826,76.3125,True,0.5968503345829681
6ocf__A1_Q7L8A9--6ocf__B1_Q8N300,9,4,0,4,0.5697643231168926,75.9375,True,0.40309439246838147
6ocf__A1_Q7L8A9--6ocf__B1_Q8N300,10,4,1,4,0.558530499053765,75.8125,True,0.44998793462630676
6ocf__A1_Q7L8A9--6ocf__B1_Q8N300,11,2,3,4,0.5544244073945671,75.25,True,0.560775251233271
6ocf__A1_Q7L8A9--6ocf__B1_Q8N300,12,3,2,4,0.5838358062698711,74.9375,True,0.5866060555069345
6ocf__A1_Q7L8A9--6ocf__B1_Q8N300,13,3,1,4,0.5589851993417942,74.125,True,0.5078438422182638
6ocf__A1_Q7L8A9--6ocf__B1_Q8N300,14,1,3,4,0.5430850565119149,73.875,True,0.3804067718480094
6ocf__A1_Q7L8A9--6ocf__B1_Q8N300,15,3,3,4,0.5787425737516001,73.6875,True,0.48935165138308495
6ocf__A1_Q7L8A9--6ocf__B1_Q8N300,16,2,0,4,0.5629232297554384,72.6875,True,0.44278625577375713
6ocf__A1_Q7L8A9--6ocf__B1_Q8N300,17,1,1,4,0.5708627508344873,72.4375,True,0.38325067450733225
6ocf__A1_Q7L8A9--6ocf__B1_Q8N300,18,1,2,4,0.5477645737982478,72.0625,True,0.3545810122745536
6ocf__A1_Q7L8A9--6ocf__B1_Q8N300,19,3,0,4,0.5732815693210228,72.0,True,0.4081654654341755
6ocf__A1_Q7L8A9--6ocf__B1_Q8N300,20,1,0,4,0.5696506260806542,69.0,True,0.34740890422716
6otn__A1_P06753--6otn__B1_P06753,1,5,3,2,0.857931489149813,78.4375,True,0.6371047954737356
6otn__A1_P06753--6otn__B1_P06753,2,5,1,2,0.8600470376936968,78.125,True,0.632617519193475
6otn__A1_P06753--6otn__B1_P06753,3,5,0,2,0.8522806365589294,77.9375,True,0.6143899476729139
6otn__A1_P06753--6otn__B1_P06753,4,4,3,2,0.8638090763655372,75.75,True,0.5864420000869118
6otn__A1_P06753--6otn__B1_P06753,5,4,1,2,0.874088790002712,74.75,True,0.5724889681672077
6otn__A1_P06753--6otn__B1_P06753,6,4,0,2,0.8633626383093332,74.75,True,0.5719830166645028
6otn__A1_P06753--6otn__B1_P06753,7,4,2,2,0.861090405348517,74.3125,True,0.5512594848320448
6otn__A1_P06753--6otn__B1_P06753,8,2,0,2,0.8343577376837946,74.1875,True,0.5542791551939118
6otn__A1_P06753--6otn__B1_P06753,9,2,2,2,0.8330305207192016,73.6875,True,0.5324187848482681
6otn__A1_P06753--6otn__B1_P06753,10,2,3,2,0.838613910643565,73.6875,True,0.5282066544954747
6otn__A1_P06753--6otn__B1_P06753,11,2,1,2,0.828830037243061,73.3125,True,0.5081330531326324
6otn__A1_P06753--6otn__B1_P06753,12,1,2,2,0.0220380108284088,65.5,False,0.48544776136469087
6otn__A1_P06753--6otn__B1_P06753,13,1,3,2,0.022025490349067,57.65625,False,0.47092015541070426
6otn__A1_P06753--6otn__B1_P06753,14,3,0,2,0.0121650348517087,35.59375,False,0.4564416483175187
6otn__A1_P06753--6otn__B1_P06753,15,3,1,2,0.0190340773037056,35.21875,False,0.4420363756468148
6otn__A1_P06753--6otn__B1_P06753,16,3,3,2,0.0155911147569591,32.65625,False,0.42772798293980535
6otn__A1_P06753--6otn__B1_P06753,17,5,2,2,0.3624815180232455,24.859375,True,0.4033573320246912
6otn__A1_P06753--6otn__B1_P06753,18,3,2,2,0.0203732657182763,18.671875,False,0.4002790578646836
6otn__A1_P06753--6otn__B1_P06753,19,1,0,2,0.0643853966081637,17.0625,False,0.3902243531839823
6otn__A1_P06753--6otn__B1_P06753,20,1,1,2,0.019551093392964,15.8515625,False,0.3764615162727814
6p66__B1_O29890--6p66__A1_O29889,1,2,2,3,0.2645865596006814,73.625,True,0.6709570027352875
6p66__B1_O29890--6p66__A1_O29889,2,2,3,3,0.2689877511389303,72.0,True,0.6382818345701197
6p66__B1_O29890--6p66__A1_O29889,3,2,0,3,0.2637911531720182,71.75,True,0.6510051390632312
6p66__B1_O29890--6p66__A1_O29889,4,1,2,3,0.2716069993349214,71.3125,True,0.5332125528455142
6p66__B1_O29890--6p66__A1_O29889,5,2,1,3,0.2649144099051532,71.1875,True,0.6430197217962492
6p66__B1_O29890--6p66__A1_O29889,6,1,0,3,0.2719387957817292,70.8125,True,0.5119716012088797
6p66__B1_O29890--6p66__A1_O29889,7,1,1,3,0.2671819621357911,70.5,True,0.55077052149151
6p66__B1_O29890--6p66__A1_O29889,8,1,3,3,0.2611431723460591,70.125,True,0.6054319114600755
6p66__B1_O29890--6p66__A1_O29889,9,4,2,3,0.2738332537665719,69.125,True,0.5360781471408322
6p66__B1_O29890--6p66__A1_O29889,10,4,1,3,0.2736760185677578,68.875,True,0.5571063713549955
6p66__B1_O29890--6p66__A1_O29889,11,4,0,3,0.2660094069436206,68.0625,True,0.5185247313909909
6p66__B1_O29890--6p66__A1_O29889,12,4,3,3,0.2696637362806581,68.0,True,0.5083946898235266
6p66__B1_O29890--6p66__A1_O29889,13,3,2,3,0.2633765431392911,67.4375,True,0.49477198433821223
6p66__B1_O29890--6p66__A1_O29889,14,3,1,3,0.2639640904235875,66.375,True,0.4625833865606868
6p66__B1_O29890--6p66__A1_O29889,15,3,0,3,0.2664828885892297,65.6875,True,0.4334909519368443
6p66__B1_O29890--6p66__A1_O29889,16,3,3,3,0.2626608392392857,65.625,True,0.4571232276067179
6p66__B1_O29890--6p66__A1_O29889,17,5,2,3,0.270865794957909,64.375,True,0.38360589462118594
6p66__B1_O29890--6p66__A1_O29889,18,5,3,3,0.273489023975594,63.84375,True,0.3554625629384898
6p66__B1_O29890--6p66__A1_O29889,19,5,0,3,0.2825430178225157,63.03125,True,0.3284853132702762
6p66__B1_O29890--6p66__A1_O29889,20,5,1,3,0.2774823197926511,61.59375,True,0.3269072603412965
6p7y__A1_J7H333--6p7y__B1_P52799,1,5,3,3,0.5328041685205823,88.6875,True,0.6535429158211473
6p7y__A1_J7H333--6p7y__B1_P52799,2,5,2,3,0.5552550259351919,88.5,True,0.6403968320014781
6p7y__A1_J7H333--6p7y__B1_P52799,3,4,2,3,0.5392070010030803,88.3125,True,0.6096475419799127
6p7y__A1_J7H333--6p7y__B1_P52799,4,4,3,3,0.558201111636189,88.125,True,0.6358578736220287
6p7y__A1_J7H333--6p7y__B1_P52799,5,5,0,3,0.5110567161657001,87.875,True,0.562755243109193
6p7y__A1_J7H333--6p7y__B1_P52799,6,3,2,3,0.5523952048122772,87.4375,True,0.5709627956581269
6p7y__A1_J7H333--6p7y__B1_P52799,7,1,2,3,0.5429190960700362,86.4375,True,0.5760311219186309
6p7y__A1_J7H333--6p7y__B1_P52799,8,2,1,3,0.5752914737299216,86.125,True,0.5837185349454139
6p7y__A1_J7H333--6p7y__B1_P52799,9,3,1,3,0.5172619027081266,86.0,True,0.5547530894999237
6p7y__A1_J7H333--6p7y__B1_P52799,10,1,0,3,0.5371721927641487,85.5,True,0.5167418087905921
6p7y__A1_J7H333--6p7y__B1_P52799,11,1,1,3,0.5285419576719806,83.6875,True,0.5
6p7y__A1_J7H333--6p7y__B1_P52799,12,3,0,3,0.4805144543285318,83.0625,True,0.483258191209408
6p7y__A1_J7H333--6p7y__B1_P52799,13,3,3,3,0.4879295522509201,81.5,True,0.44904460115654654
6p7y__A1_J7H333--6p7y__B1_P52799,14,1,3,3,0.5206752916657742,80.9375,True,0.4424873958043663
6p7y__A1_J7H333--6p7y__B1_P52799,15,5,1,3,0.5425072430422261,79.875,True,0.4281115907888821
6p7y__A1_J7H333--6p7y__B1_P52799,16,4,0,3,0.50166526402423,78.8125,True,0.4470178653668144
6p7y__A1_J7H333--6p7y__B1_P52799,17,2,0,3,0.5314667762915108,75.375,True,0.3972696039854067
6p7y__A1_J7H333--6p7y__B1_P52799,18,2,3,3,0.5248062967692637,73.75,True,0.38385944384174037
6p7y__A1_J7H333--6p7y__B1_P52799,19,4,1,3,0.5695224536612716,72.9375,True,0.37360446532428243
6p7y__A1_J7H333--6p7y__B1_P52799,20,2,2,3,0.519005697975287,68.875,True,0.35367352590478235
6pal__A1_A0A412SRH5--6pal__B1_A0A412SRH5,1,2,1,3,0.0334344677076765,28.515625,False,0.692652958412514
6pal__A1_A0A412SRH5--6pal__B1_A0A412SRH5,2,2,2,3,0.0305660434973725,25.96875,False,0.6290748539146932
6pal__A1_A0A412SRH5--6pal__B1_A0A412SRH5,3,4,2,3,0.1985084366883847,25.421875,False,0.6318969076998071
6pal__A1_A0A412SRH5--6pal__B1_A0A412SRH5,4,1,0,3,0.1263390901353469,25.34375,False,0.65606593604443
6pal__A1_A0A412SRH5--6pal__B1_A0A412SRH5,5,5,1,3,0.0576456073822075,24.796875,False,0.5553278670320864
6pal__A1_A0A412SRH5--6pal__B1_A0A412SRH5,6,1,3,3,0.1294857933326568,24.765625,False,0.6067411020989238
6pal__A1_A0A412SRH5--6pal__B1_A0A412SRH5,7,5,3,3,0.0473758156241815,24.421875,False,0.5433427838536065
6pal__A1_A0A412SRH5--6pal__B1_A0A412SRH5,8,5,2,3,0.0337468706387224,24.296875,False,0.5479911303773713
6pal__A1_A0A412SRH5--6pal__B1_A0A412SRH5,9,4,3,3,0.1698486702858622,24.234375,False,0.4928162877772802
6pal__A1_A0A412SRH5--6pal__B1_A0A412SRH5,10,3,2,3,0.0334428536300772,24.203125,False,0.5354232977596626
6pal__A1_A0A412SRH5--6pal__B1_A0A412SRH5,11,5,0,3,0.0529321825042855,23.921875,False,0.45141361793652485
6pal__A1_A0A412SRH5--6pal__B1_A0A412SRH5,12,4,1,3,0.162472335934394,23.859375,False,0.387435296615234
6pal__A1_A0A412SRH5--6pal__B1_A0A412SRH5,13,3,0,3,0.0504766599257503,23.859375,False,0.4884301299022218
6pal__A1_A0A412SRH5--6pal__B1_A0A412SRH5,14,1,1,3,0.0370456031222928,23.421875,False,0.5024904952234506
6pal__A1_A0A412SRH5--6pal__B1_A0A412SRH5,15,4,0,3,0.0894909679248476,23.40625,False,0.35343886313913064
6pal__A1_A0A412SRH5--6pal__B1_A0A412SRH5,16,3,3,3,0.1246386295593652,23.390625,False,0.389279106105938
6pal__A1_A0A412SRH5--6pal__B1_A0A412SRH5,17,3,1,3,0.040296784196365,23.296875,False,0.421256269916021
6pal__A1_A0A412SRH5--6pal__B1_A0A412SRH5,18,2,3,3,0.0382164422153378,23.265625,False,0.4610138389522883
6pal__A1_A0A412SRH5--6pal__B1_A0A412SRH5,19,2,0,3,0.1332359430487497,23.25,False,0.3839581940162256
6pal__A1_A0A412SRH5--6pal__B1_A0A412SRH5,20,1,2,3,0.0284424557593308,23.171875,False,0.4250409378709842
6pnp__A1_Q9CS84--6pnp__B1_Q63366,1,1,0,0,0.566061935849777,81.0625,True,0.660301725602725
6pnp__A1_Q9CS84--6pnp__B1_Q63366,2,1,3,0,0.537341121419148,79.75,True,0.6342961718653304
6pnp__A1_Q9CS84--6pnp__B1_Q63366,3,2,1,0,0.5527045069056564,79.1875,True,0.630869708224054
6pnp__A1_Q9CS84--6pnp__B1_Q63366,4,4,1,0,0.5615226064486668,78.3125,True,0.6100458560110952
6pnp__A1_Q9CS84--6pnp__B1_Q63366,5,3,3,0,0.3918072312613154,73.0625,True,0.575418152344084
6pnp__A1_Q9CS84--6pnp__B1_Q63366,6,1,1,0,0.4917792724240093,73.0,True,0.5887170566069858
6pnp__A1_Q9CS84--6pnp__B1_Q63366,7,1,2,0,0.4334399533156032,71.9375,True,0.5692425077477122
6pnp__A1_Q9CS84--6pnp__B1_Q63366,8,5,0,0,0.2515626813252724,70.8125,True,0.5404222600504527
6pnp__A1_Q9CS84--6pnp__B1_Q63366,9,3,0,0,0.4190735613289808,70.5625,True,0.5427341797407921
6pnp__A1_Q9CS84--6pnp__B1_Q63366,10,5,2,0,0.2423327901605392,66.1875,True,0.496853368019202
6pnp__A1_Q9CS84--6pnp__B1_Q63366,11,5,1,0,0.2699035723982712,63.09375,True,0.5124382469502319
6pnp__A1_Q9CS84--6pnp__B1_Q63366,12,2,3,0,0.2368887237115567,61.71875,True,0.46411984873167894
6pnp__A1_Q9CS84--6pnp__B1_Q63366,13,2,2,0,0.1689217323656439,56.625,False,0.4869820724267204
6pnp__A1_Q9CS84--6pnp__B1_Q63366,14,2,0,0,0.2125550232703306,51.1875,False,0.4635428274781216
6pnp__A1_Q9CS84--6pnp__B1_Q63366,15,3,1,0,0.1210172622909976,49.8125,False,0.4371411981197339
6pnp__A1_Q9CS84--6pnp__B1_Q63366,16,4,0,0,0.2859425132506054,43.65625,True,0.41842092459953495
6pnp__A1_Q9CS84--6pnp__B1_Q63366,17,4,3,0,0.3138391277145428,35.90625,True,0.39972541805662054
6pnp__A1_Q9CS84--6pnp__B1_Q63366,18,4,2,0,0.224797930511021,32.09375,False,0.39598667913557967
6pnp__A1_Q9CS84--6pnp__B1_Q63366,19,5,3,0,0.097342253063865,23.515625,False,0.3734694332333938
6pnp__A1_Q9CS84--6pnp__B1_Q63366,20,3,2,0,0.0276862080286173,21.484375,False,0.3557361963560614
6pog__B1_Q99435--6pog__A1_Q96MS0,1,4,2,1,0.7113385188458835,84.0,True,0.6373033260027056
6pog__B1_Q99435--6pog__A1_Q96MS0,2,4,1,1,0.72289462822072,83.6875,True,0.6241758896027589
6pog__B1_Q99435--6pog__A1_Q96MS0,3,2,2,1,0.7237889047063882,82.3125,True,0.6093936211400417
6pog__B1_Q99435--6pog__A1_Q96MS0,4,2,1,1,0.7173666385186009,82.1875,True,0.598868855547616
6pog__B1_Q99435--6pog__A1_Q96MS0,5,2,0,1,0.0218051289592738,76.0625,False,0.5872903159092541
6pog__B1_Q99435--6pog__A1_Q96MS0,6,2,3,1,0.0221615872715182,74.4375,False,0.5664230278968713
6pog__B1_Q99435--6pog__A1_Q96MS0,7,1,3,1,0.0215009787810291,62.21875,False,0.5561302924987059
6pog__B1_Q99435--6pog__A1_Q96MS0,8,4,0,1,0.3171524487378258,26.484375,True,0.5723483319666902
6pog__B1_Q99435--6pog__A1_Q96MS0,9,3,3,1,0.0414704286802604,26.0625,False,0.5225497690630706
6pog__B1_Q99435--6pog__A1_Q96MS0,10,4,3,1,0.3587610629271321,26.046875,True,0.5383364878972762
6pog__B1_Q99435--6pog__A1_Q96MS0,11,3,2,1,0.0411616399690065,22.875,False,0.488854360718006
6pog__B1_Q99435--6pog__A1_Q96MS0,12,5,0,1,0.0720258111735869,22.125,False,0.5070863450718247
6pog__B1_Q99435--6pog__A1_Q96MS0,13,1,2,1,0.1124948518278175,21.765625,False,0.48067687400015796
6pog__B1_Q99435--6pog__A1_Q96MS0,14,3,1,1,0.0380001734120087,20.796875,False,0.4772331358022187
6pog__B1_Q99435--6pog__A1_Q96MS0,15,5,1,1,0.0559589042329851,18.1875,False,0.45676993309129904
6pog__B1_Q99435--6pog__A1_Q96MS0,16,5,3,1,0.0190593946583184,17.65625,False,0.42835119816353456
6pog__B1_Q99435--6pog__A1_Q96MS0,17,5,2,1,0.0282888048373123,16.1875,False,0.38738272852411115
6pog__B1_Q99435--6pog__A1_Q96MS0,18,3,0,1,0.0339157962906499,15.5234375,False,0.37808666755341175
6pog__B1_Q99435--6pog__A1_Q96MS0,19,1,1,1,0.0536664347864148,15.4921875,False,0.35867734394649275
6pog__B1_Q99435--6pog__A1_Q96MS0,20,1,0,1,0.0243006146818294,15.0234375,False,0.36587799503767826
6pqn__A1_B0F0C5--6pqn__B1_B0F0C5,1,4,1,3,0.1863061165232762,81.1875,False,0.658141179967655
6pqn__A1_B0F0C5--6pqn__B1_B0F0C5,2,4,0,3,0.1862272101983351,80.5625,False,0.627076324845733
6pqn__A1_B0F0C5--6pqn__B1_B0F0C5,3,4,2,3,0.1866042350922792,80.0625,False,0.6037450048260524
6pqn__A1_B0F0C5--6pqn__B1_B0F0C5,4,4,3,3,0.1752051578724304,79.4375,False,0.590430607594764
6pqn__A1_B0F0C5--6pqn__B1_B0F0C5,5,1,3,3,0.1882892661324808,79.4375,False,0.619668879530008
6pqn__A1_B0F0C5--6pqn__B1_B0F0C5,6,1,0,3,0.1876077478293631,79.1875,False,0.6138246331868462
6pqn__A1_B0F0C5--6pqn__B1_B0F0C5,7,5,2,3,0.1916232197646265,79.0625,False,0.5386862571726307
6pqn__A1_B0F0C5--6pqn__B1_B0F0C5,8,5,1,3,0.1932269433960058,78.5625,False,0.5437749932311947
6pqn__A1_B0F0C5--6pqn__B1_B0F0C5,9,1,1,3,0.1874695583062714,78.375,False,0.5622289898106291
6pqn__A1_B0F0C5--6pqn__B1_B0F0C5,10,5,0,3,0.1945058258434623,77.3125,False,0.4905705597031819
6pqn__A1_B0F0C5--6pqn__B1_B0F0C5,11,5,3,3,0.1935743891009141,77.1875,False,0.44877147053396177
6pqn__A1_B0F0C5--6pqn__B1_B0F0C5,12,1,2,3,0.1886583617225018,76.875,False,0.5084652143849537
6pqn__A1_B0F0C5--6pqn__B1_B0F0C5,13,2,3,3,0.1909887625126328,76.75,False,0.4990274485333478
6pqn__A1_B0F0C5--6pqn__B1_B0F0C5,14,3,1,3,0.1923383524178059,76.25,False,0.43345033103231284
6pqn__A1_B0F0C5--6pqn__B1_B0F0C5,15,2,0,3,0.1892079786034365,76.25,False,0.4869148515250845
6pqn__A1_B0F0C5--6pqn__B1_B0F0C5,16,2,2,3,0.1929816976755305,75.8125,False,0.40069194365047156
6pqn__A1_B0F0C5--6pqn__B1_B0F0C5,17,3,3,3,0.1929945448952633,75.8125,False,0.40840829941924406
6pqn__A1_B0F0C5--6pqn__B1_B0F0C5,18,3,0,3,0.1921207521505407,75.125,False,0.3803148148115462
6pqn__A1_B0F0C5--6pqn__B1_B0F0C5,19,2,1,3,0.1971738579472609,74.4375,False,0.39607478273496477
6pqn__A1_B0F0C5--6pqn__B1_B0F0C5,20,3,2,3,0.1932391565875169,74.3125,False,0.35267635343638853
6pyk__A1_P16466--6pyk__A2_P16466,1,3,0,4,0.4380012084326712,80.9375,True,0.668298189550973
6pyk__A1_P16466--6pyk__A2_P16466,2,3,1,4,0.1798607882370027,68.5625,False,0.6434249007826538
6pyk__A1_P16466--6pyk__A2_P16466,3,5,3,4,0.0382139578183419,68.375,False,0.5725047989445976
6pyk__A1_P16466--6pyk__A2_P16466,4,1,1,4,0.439380304578206,65.3125,True,0.6491573142883064
6pyk__A1_P16466--6pyk__A2_P16466,5,1,0,4,0.071888478614922,57.90625,False,0.6034347352467762
6pyk__A1_P16466--6pyk__A2_P16466,6,5,0,4,0.5041675140523555,57.65625,True,0.5704048177185621
6pyk__A1_P16466--6pyk__A2_P16466,7,5,2,4,0.4573156026528329,49.125,True,0.5397055725385705
6pyk__A1_P16466--6pyk__A2_P16466,8,4,3,4,0.1411075898283103,47.71875,False,0.5098220025027825
6pyk__A1_P16466--6pyk__A2_P16466,9,3,3,4,0.1387108559443111,47.4375,False,0.5673098318833553
6pyk__A1_P16466--6pyk__A2_P16466,10,1,2,4,0.0996608712202392,44.65625,False,0.5640340486789701
6pyk__A1_P16466--6pyk__A2_P16466,11,5,1,4,0.0335985707703043,43.5,False,0.5126313885293865
6pyk__A1_P16466--6pyk__A2_P16466,12,4,2,4,0.3258671556389789,41.25,True,0.4789729683797674
6pyk__A1_P16466--6pyk__A2_P16466,13,3,2,4,0.1279061399891632,40.40625,False,0.5366285158246283
6pyk__A1_P16466--6pyk__A2_P16466,14,2,1,4,0.0415006551787202,39.75,False,0.4578599729754308
6pyk__A1_P16466--6pyk__A2_P16466,15,1,3,4,0.0426192193339657,39.3125,False,0.4358458362786025
6pyk__A1_P16466--6pyk__A2_P16466,16,4,1,4,0.0409929105117708,37.75,False,0.4226251506410477
6pyk__A1_P16466--6pyk__A2_P16466,17,2,2,4,0.0261102045514846,37.03125,False,0.38260963005933424
6pyk__A1_P16466--6pyk__A2_P16466,18,2,3,4,0.0498995506451924,32.9375,False,0.3767128708757979
6pyk__A1_P16466--6pyk__A2_P16466,19,2,0,4,0.0691353060655221,31.75,False,0.34047748440252984
6pyk__A1_P16466--6pyk__A2_P16466,20,4,0,4,0.0280069881331724,31.03125,False,0.3410018832659527
6qpk__B1_A0A2H1G421--6qpk__A1_A0A2H1G421,1,2,3,4,0.0437001347679296,28.328125,False,0.6527048022625276
6qpk__B1_A0A2H1G421--6qpk__A1_A0A2H1G421,2,3,3,4,0.0139110759995026,22.71875,False,0.7308590011511229
6qpk__B1_A0A2H1G421--6qpk__A1_A0A2H1G421,3,4,0,4,0.0181145669366846,18.125,False,0.620424828776155
6qpk__B1_A0A2H1G421--6qpk__A1_A0A2H1G421,4,2,0,4,0.0230172012794918,17.875,False,0.5700868551272471
6qpk__B1_A0A2H1G421--6qpk__A1_A0A2H1G421,5,2,1,4,0.0219837345468992,14.984375,False,0.5118221101738806
6qpk__B1_A0A2H1G421--6qpk__A1_A0A2H1G421,6,3,2,4,0.0172283464654515,14.9765625,False,0.5318347505326262
6qpk__B1_A0A2H1G421--6qpk__A1_A0A2H1G421,7,5,2,4,0.0166156705570417,14.3671875,False,0.5320443314101484
6qpk__B1_A0A2H1G421--6qpk__A1_A0A2H1G421,8,4,1,4,0.0146420830912853,14.0546875,False,0.5217800662884082
6qpk__B1_A0A2H1G421--6qpk__A1_A0A2H1G421,9,3,1,4,0.0142299981086489,13.375,False,0.592052642385704
6qpk__B1_A0A2H1G421--6qpk__A1_A0A2H1G421,10,5,3,4,0.0187356013157271,13.15625,False,0.5303071229048578
6qpk__B1_A0A2H1G421--6qpk__A1_A0A2H1G421,11,5,1,4,0.0273028859400519,13.1171875,False,0.6368342921389804
6qpk__B1_A0A2H1G421--6qpk__A1_A0A2H1G421,12,4,3,4,0.0175168107192654,13.03125,False,0.4951541588040845
6qpk__B1_A0A2H1G421--6qpk__A1_A0A2H1G421,13,5,0,4,0.017598230154623,12.203125,False,0.41783995283056896
6qpk__B1_A0A2H1G421--6qpk__A1_A0A2H1G421,14,1,1,4,0.015674054148712,11.9296875,False,0.41732255588297174
6qpk__B1_A0A2H1G421--6qpk__A1_A0A2H1G421,15,1,2,4,0.0174471304730586,11.4609375,False,0.383591989282152
6qpk__B1_A0A2H1G421--6qpk__A1_A0A2H1G421,16,2,2,4,0.0301726135145131,11.4375,False,0.3857125491141201
6qpk__B1_A0A2H1G421--6qpk__A1_A0A2H1G421,17,3,0,4,0.0161557986077302,11.3125,False,0.46652796288553305
6qpk__B1_A0A2H1G421--6qpk__A1_A0A2H1G421,18,1,0,4,0.0165271093189278,11.125,False,0.33527258127143306
6qpk__B1_A0A2H1G421--6qpk__A1_A0A2H1G421,19,4,2,4,0.0158980460069745,10.8828125,False,0.49834691816408244
6qpk__B1_A0A2H1G421--6qpk__A1_A0A2H1G421,20,1,3,4,0.0171990951948653,10.828125,False,0.3319947334367673
6qxp__A1_O48809--6qxp__I1_Q9FZA0,1,5,3,3,0.3778525981154956,90.0625,True,0.4926562559935738
6qxp__A1_O48809--6qxp__I1_Q9FZA0,2,5,2,3,0.6744893321233535,90.0625,True,0.6365541664292855
6qxp__A1_O48809--6qxp__I1_Q9FZA0,3,5,1,3,0.7014105313887318,89.875,True,0.6158761497080383
6qxp__A1_O48809--6qxp__I1_Q9FZA0,4,5,0,3,0.6888709892663111,89.8125,True,0.6280712639831744
6qxp__A1_O48809--6qxp__I1_Q9FZA0,5,3,1,3,0.7069010276506785,89.75,True,0.5816342847639374
6qxp__A1_O48809--6qxp__I1_Q9FZA0,6,4,2,3,0.6950874643916173,89.6875,True,0.5441603293668082
6qxp__A1_O48809--6qxp__I1_Q9FZA0,7,4,3,3,0.7349700081675254,89.5,True,0.5582581064084661
6qxp__A1_O48809--6qxp__I1_Q9FZA0,8,3,0,3,0.7047688683701566,89.375,True,0.5548246166241506
6qxp__A1_O48809--6qxp__I1_Q9FZA0,9,4,1,3,0.7178019220306915,89.3125,True,0.5765174422117499
6qxp__A1_O48809--6qxp__I1_Q9FZA0,10,3,3,3,0.3893437368128737,89.25,True,0.47496063725633797
6qxp__A1_O48809--6qxp__I1_Q9FZA0,11,4,0,3,0.7344820769673032,89.1875,True,0.48053944159356093
6qxp__A1_O48809--6qxp__I1_Q9FZA0,12,2,1,3,0.7547733343408666,89.0,True,0.5708547132185751
6qxp__A1_O48809--6qxp__I1_Q9FZA0,13,2,3,3,0.7567168962692342,89.0,True,0.5960873187093512
6qxp__A1_O48809--6qxp__I1_Q9FZA0,14,1,2,3,0.4001797895391547,88.875,True,0.36535441320246825
6qxp__A1_O48809--6qxp__I1_Q9FZA0,15,3,2,3,0.3923012657353265,88.8125,True,0.47402428800990754
6qxp__A1_O48809--6qxp__I1_Q9FZA0,16,2,2,3,0.4050538334569655,88.75,True,0.42769248471017823
6qxp__A1_O48809--6qxp__I1_Q9FZA0,17,1,1,3,0.4119101945366517,88.625,True,0.3913795986348979
6qxp__A1_O48809--6qxp__I1_Q9FZA0,18,2,0,3,0.3982420093531189,88.25,True,0.404848377729987
6qxp__A1_O48809--6qxp__I1_Q9FZA0,19,1,0,3,0.7034767670851939,88.0625,True,0.41384380659080167
6qxp__A1_O48809--6qxp__I1_Q9FZA0,20,1,3,3,0.7050956765898676,88.0,True,0.3774108851100978
6r2f__A1_Q9BXU0--6r2f__B1_Q9BXU0,1,1,3,1,0.081619139415162,38.5625,False,0.6263426078700274
6r2f__A1_Q9BXU0--6r2f__B1_Q9BXU0,2,5,2,1,0.1186430302415088,38.4375,False,0.6200955422421917
6r2f__A1_Q9BXU0--6r2f__B1_Q9BXU0,3,5,3,1,0.1321556539454487,38.375,False,0.6216598605649273
6r2f__A1_Q9BXU0--6r2f__B1_Q9BXU0,4,5,1,1,0.1453025508266762,38.375,False,0.6065895326605372
6r2f__A1_Q9BXU0--6r2f__B1_Q9BXU0,5,5,0,1,0.1336282908974391,38.03125,False,0.5789842698247817
6r2f__A1_Q9BXU0--6r2f__B1_Q9BXU0,6,1,0,1,0.0869338022182297,35.4375,False,0.5654301701792757
6r2f__A1_Q9BXU0--6r2f__B1_Q9BXU0,7,4,2,1,0.5926486000514575,32.65625,True,0.5548899612794724
6r2f__A1_Q9BXU0--6r2f__B1_Q9BXU0,8,2,1,1,0.1181984850813788,32.15625,False,0.5057267556955151
6r2f__A1_Q9BXU0--6r2f__B1_Q9BXU0,9,1,2,1,0.086966029062482,32.09375,False,0.5309626261258427
6r2f__A1_Q9BXU0--6r2f__B1_Q9BXU0,10,2,0,1,0.3262981597097516,31.75,True,0.46560691488846623
6r2f__A1_Q9BXU0--6r2f__B1_Q9BXU0,11,1,1,1,0.0829405468212613,31.703125,False,0.5111846312651515
6r2f__A1_Q9BXU0--6r2f__B1_Q9BXU0,12,2,3,1,0.3197655709963091,31.484375,True,0.4799833815569694
6r2f__A1_Q9BXU0--6r2f__B1_Q9BXU0,13,4,3,1,0.6348598791013736,31.25,True,0.5276877263311831
6r2f__A1_Q9BXU0--6r2f__B1_Q9BXU0,14,4,1,1,0.5867015339507459,30.1875,True,0.4804767475757687
6r2f__A1_Q9BXU0--6r2f__B1_Q9BXU0,15,2,2,1,0.1002529687199717,29.875,False,0.4353819830445884
6r2f__A1_Q9BXU0--6r2f__B1_Q9BXU0,16,4,0,1,0.531096924973209,29.484375,True,0.4426908716987659
6r2f__A1_Q9BXU0--6r2f__B1_Q9BXU0,17,3,0,1,0.107453966386522,20.546875,False,0.425063166959426
6r2f__A1_Q9BXU0--6r2f__B1_Q9BXU0,18,3,3,1,0.1105097751049204,19.40625,False,0.4055208018332482
6r2f__A1_Q9BXU0--6r2f__B1_Q9BXU0,19,3,2,1,0.1075082936816004,19.03125,False,0.3862732646789632
6r2f__A1_Q9BXU0--6r2f__B1_Q9BXU0,20,3,1,1,0.1088316708157175,18.578125,False,0.3673747281588834
6r6n__A1_Q1Q7P4--6r6n__B1_Q1Q7P3,1,1,2,3,0.5631643736795385,82.375,True,0.6395777922728518
6r6n__A1_Q1Q7P4--6r6n__B1_Q1Q7P3,2,1,3,3,0.5491373530704388,81.0625,True,0.6364601504966461
6r6n__A1_Q1Q7P4--6r6n__B1_Q1Q7P3,3,4,0,3,0.6006231729841173,80.4375,True,0.6185167499215992
6r6n__A1_Q1Q7P4--6r6n__B1_Q1Q7P3,4,4,1,3,0.5504813707856607,80.0,True,0.6246913961622048
6r6n__A1_Q1Q7P4--6r6n__B1_Q1Q7P3,5,5,1,3,0.5104002808831195,79.8125,True,0.5758018720048504
6r6n__A1_Q1Q7P4--6r6n__B1_Q1Q7P3,6,5,2,3,0.5276715574886598,79.625,True,0.5467032306263431
6r6n__A1_Q1Q7P4--6r6n__B1_Q1Q7P3,7,3,3,3,0.5264813176367644,79.5,True,0.6323333373798118
6r6n__A1_Q1Q7P4--6r6n__B1_Q1Q7P3,8,3,1,3,0.5470163966130092,78.125,True,0.5798371665392625
6r6n__A1_Q1Q7P4--6r6n__B1_Q1Q7P3,9,5,3,3,0.536168727621331,75.6875,True,0.5190372360075809
6r6n__A1_Q1Q7P4--6r6n__B1_Q1Q7P3,10,4,2,3,0.5400067504116403,73.875,True,0.5092229497094055
6r6n__A1_Q1Q7P4--6r6n__B1_Q1Q7P3,11,3,2,3,0.5328075833580868,73.75,True,0.5073490692113678
6r6n__A1_Q1Q7P4--6r6n__B1_Q1Q7P3,12,4,3,3,0.5442419773112656,73.6875,True,0.4978761145081703
6r6n__A1_Q1Q7P4--6r6n__B1_Q1Q7P3,13,5,0,3,0.5583253696159719,71.375,True,0.4665538806240635
6r6n__A1_Q1Q7P4--6r6n__B1_Q1Q7P3,14,1,1,3,0.519425367681678,67.9375,True,0.44992423124695646
6r6n__A1_Q1Q7P4--6r6n__B1_Q1Q7P3,15,1,0,3,0.4697886756834048,60.25,True,0.43340574202393845
6r6n__A1_Q1Q7P4--6r6n__B1_Q1Q7P3,16,2,3,3,0.4745822220570686,57.375,True,0.4170339314781462
6r6n__A1_Q1Q7P4--6r6n__B1_Q1Q7P3,17,2,1,3,0.5389014913504222,50.875,True,0.4008430395748654
6r6n__A1_Q1Q7P4--6r6n__B1_Q1Q7P3,18,2,2,3,0.4634290531578096,37.84375,True,0.38134409685620296
6r6n__A1_Q1Q7P4--6r6n__B1_Q1Q7P3,19,3,0,3,0.3105826074067375,34.53125,True,0.37260976521324224
6r6n__A1_Q1Q7P4--6r6n__B1_Q1Q7P3,20,2,0,3,0.2449201376698863,28.109375,True,0.35367352590478235
6ra0__A1_Q9XUJ7--6ra0__A2_Q9XUJ7,1,4,1,3,0.0150290523819252,58.9375,False,0.6528046337457452
6ra0__A1_Q9XUJ7--6ra0__A2_Q9XUJ7,2,4,2,3,0.0122986518608096,57.59375,False,0.6374695375137285
6ra0__A1_Q9XUJ7--6ra0__A2_Q9XUJ7,3,4,0,3,0.0132122979728573,56.84375,False,0.6255923124862129
6ra0__A1_Q9XUJ7--6ra0__A2_Q9XUJ7,4,5,3,3,0.0157911074501001,56.65625,False,0.6202328881673898
6ra0__A1_Q9XUJ7--6ra0__A2_Q9XUJ7,5,4,3,3,0.0142923570519249,56.28125,False,0.6004432909525453
6ra0__A1_Q9XUJ7--6ra0__A2_Q9XUJ7,6,5,2,3,0.0240832384090951,56.21875,False,0.5956299035468612
6ra0__A1_Q9XUJ7--6ra0__A2_Q9XUJ7,7,5,1,3,0.0159365055353555,56.125,False,0.5715900543496861
6ra0__A1_Q9XUJ7--6ra0__A2_Q9XUJ7,8,3,1,3,0.0191218925297001,51.59375,False,0.5490230333484477
6ra0__A1_Q9XUJ7--6ra0__A2_Q9XUJ7,9,3,3,3,0.0203041377216996,51.4375,False,0.534504386813916
6ra0__A1_Q9XUJ7--6ra0__A2_Q9XUJ7,10,3,2,3,0.0148413138037469,49.34375,False,0.5167418087905921
6ra0__A1_Q9XUJ7--6ra0__A2_Q9XUJ7,11,1,2,3,0.0340925647741834,28.78125,False,0.40933798536966454
6ra0__A1_Q9XUJ7--6ra0__A2_Q9XUJ7,12,1,1,3,0.0756600804396501,24.515625,False,0.4741042608510783
6ra0__A1_Q9XUJ7--6ra0__A2_Q9XUJ7,13,3,0,3,0.0733878922911226,23.140625,False,0.4948627620172587
6ra0__A1_Q9XUJ7--6ra0__A2_Q9XUJ7,14,1,0,3,0.0798769052849698,22.65625,False,0.43937983027093275
6ra0__A1_Q9XUJ7--6ra0__A2_Q9XUJ7,15,5,0,3,0.0630621632636317,22.390625,False,0.47959815712160025
6ra0__A1_Q9XUJ7--6ra0__A2_Q9XUJ7,16,2,0,3,0.0164346459629031,21.8125,False,0.4433300516133011
6ra0__A1_Q9XUJ7--6ra0__A2_Q9XUJ7,17,2,3,3,0.0244812125886889,20.03125,False,0.40629381930399644
6ra0__A1_Q9XUJ7--6ra0__A2_Q9XUJ7,18,1,3,3,0.0502789299946359,17.78125,False,0.3912531915309382
6ra0__A1_Q9XUJ7--6ra0__A2_Q9XUJ7,19,2,1,3,0.0341464683093555,15.0859375,False,0.3696574824540332
6ra0__A1_Q9XUJ7--6ra0__A2_Q9XUJ7,20,2,2,3,0.0978463832138025,13.3046875,False,0.35076179664971835
6ra9__B1_Q71V39--6ra9__A1_Q71V39,1,5,2,4,0.0248607106188873,25.484375,False,0.7294196807232911
6ra9__B1_Q71V39--6ra9__A1_Q71V39,2,5,0,4,0.0131747668076184,24.71875,False,0.6998413419960962
6ra9__B1_Q71V39--6ra9__A1_Q71V39,3,5,3,4,0.0221041419118133,24.125,False,0.6897565844299747
6ra9__B1_Q71V39--6ra9__A1_Q71V39,4,4,2,4,0.012870474043543,23.9375,False,0.5964890312707767
6ra9__B1_Q71V39--6ra9__A1_Q71V39,5,4,0,4,0.0121012729215566,23.234375,False,0.5971293559389381
6ra9__B1_Q71V39--6ra9__A1_Q71V39,6,1,2,4,0.0494479552332201,22.671875,False,0.6286835448739161
6ra9__B1_Q71V39--6ra9__A1_Q71V39,7,2,2,4,0.016216407881616,22.328125,False,0.41008833993924265
6ra9__B1_Q71V39--6ra9__A1_Q71V39,8,2,3,4,0.0190898434216581,21.796875,False,0.5577851003259572
6ra9__B1_Q71V39--6ra9__A1_Q71V39,9,5,1,4,0.0220426668776626,21.671875,False,0.36855253148952183
6ra9__B1_Q71V39--6ra9__A1_Q71V39,10,1,3,4,0.0187443456278231,21.5,False,0.5411202624393391
6ra9__B1_Q71V39--6ra9__A1_Q71V39,11,1,1,4,0.0652347281313609,21.453125,False,0.5165576585721153
6ra9__B1_Q71V39--6ra9__A1_Q71V39,12,2,0,4,0.0426115557800209,21.4375,False,0.4990158614869667
6ra9__B1_Q71V39--6ra9__A1_Q71V39,13,1,0,4,0.0494119000406424,21.09375,False,0.4002109855993318
6ra9__B1_Q71V39--6ra9__A1_Q71V39,14,4,1,4,0.0121712017531289,20.953125,False,0.36107186668131613
6ra9__B1_Q71V39--6ra9__A1_Q71V39,15,2,1,4,0.1662977112191485,20.5625,False,0.3355841143903441
6ra9__B1_Q71V39--6ra9__A1_Q71V39,16,3,2,4,0.045648378439779,20.453125,False,0.4288028083304065
6ra9__B1_Q71V39--6ra9__A1_Q71V39,17,4,3,4,0.022092164293627,20.328125,False,0.3972033881483284
6ra9__B1_Q71V39--6ra9__A1_Q71V39,18,3,1,4,0.0306345138734052,20.28125,False,0.5178866077415066
6ra9__B1_Q71V39--6ra9__A1_Q71V39,19,3,3,4,0.0540565535865958,20.015625,False,0.4616548831018789
6ra9__B1_Q71V39--6ra9__A1_Q71V39,20,3,0,4,0.054192661784502,19.9375,False,0.4107992940255417
6rj8__A1_A0A5B8X6B5--6rj8__A2_A0A5B8X6B5,1,3,3,4,0.8755653663341508,92.875,True,0.668298189550973
6rj8__A1_A0A5B8X6B5--6rj8__A2_A0A5B8X6B5,2,3,2,4,0.8748971176251029,92.6875,True,0.6497604435954127
6rj8__A1_A0A5B8X6B5--6rj8__A2_A0A5B8X6B5,3,3,0,4,0.8843691460864885,92.625,True,0.6459024936826208
6rj8__A1_A0A5B8X6B5--6rj8__A2_A0A5B8X6B5,4,1,1,4,0.8724232299347471,92.5,True,0.613519997109085
6rj8__A1_A0A5B8X6B5--6rj8__A2_A0A5B8X6B5,5,2,0,4,0.867579434669334,92.1875,True,0.6035547566907647
6rj8__A1_A0A5B8X6B5--6rj8__A2_A0A5B8X6B5,6,4,3,4,0.8018476773059868,83.3125,True,0.5699197740169397
6rj8__A1_A0A5B8X6B5--6rj8__A2_A0A5B8X6B5,7,3,1,4,0.7587882451831648,82.75,True,0.5863567280936651
6rj8__A1_A0A5B8X6B5--6rj8__A2_A0A5B8X6B5,8,5,3,4,0.8487757517694875,75.375,True,0.5523448550676545
6rj8__A1_A0A5B8X6B5--6rj8__A2_A0A5B8X6B5,9,5,1,4,0.0089334294527963,53.25,False,0.5349677265167485
6rj8__A1_A0A5B8X6B5--6rj8__A2_A0A5B8X6B5,10,5,2,4,0.0089755652657021,41.78125,False,0.555595074329131
6rj8__A1_A0A5B8X6B5--6rj8__A2_A0A5B8X6B5,11,2,3,4,0.0088548785812482,40.53125,False,0.5306124232290865
6rj8__A1_A0A5B8X6B5--6rj8__A2_A0A5B8X6B5,12,5,0,4,0.0092170004182351,36.8125,False,0.5054753992220334
6rj8__A1_A0A5B8X6B5--6rj8__A2_A0A5B8X6B5,13,2,1,4,0.0101118795269151,30.796875,False,0.48031066345587237
6rj8__A1_A0A5B8X6B5--6rj8__A2_A0A5B8X6B5,14,2,2,4,0.0096937069596036,30.09375,False,0.45524543593532
6rj8__A1_A0A5B8X6B5--6rj8__A2_A0A5B8X6B5,15,4,2,4,0.0127442435209642,29.328125,False,0.4102257131238186
6rj8__A1_A0A5B8X6B5--6rj8__A2_A0A5B8X6B5,16,1,3,4,0.0108121653526978,29.328125,False,0.42603017607203536
6rj8__A1_A0A5B8X6B5--6rj8__A2_A0A5B8X6B5,17,1,0,4,0.0109810659722035,28.671875,False,0.36559796923183435
6rj8__A1_A0A5B8X6B5--6rj8__A2_A0A5B8X6B5,18,1,2,4,0.0112096315891865,28.65625,False,0.3745484525144121
6rj8__A1_A0A5B8X6B5--6rj8__A2_A0A5B8X6B5,19,4,0,4,0.0120822985306834,27.625,False,0.3355917313079746
6rj8__A1_A0A5B8X6B5--6rj8__A2_A0A5B8X6B5,20,4,1,4,0.0134045882666826,26.09375,False,0.31352255788822475
6rm9__A1_G0SEG4--6rm9__B1_G0SFN3,1,5,2,4,0.8330006800487264,91.6875,True,0.6499051227853233
6rm9__A1_G0SEG4--6rm9__B1_G0SFN3,2,5,1,4,0.7079416294294836,90.625,True,0.6583749498018976
6rm9__A1_G0SEG4--6rm9__B1_G0SFN3,3,3,1,4,0.7678060721971431,89.875,True,0.5984669744127736
6rm9__A1_G0SEG4--6rm9__B1_G0SFN3,4,5,3,4,0.739182592220438,89.875,True,0.5910925576034544
6rm9__A1_G0SEG4--6rm9__B1_G0SFN3,5,5,0,4,0.7211569652924256,89.8125,True,0.6002068176928023
6rm9__A1_G0SEG4--6rm9__B1_G0SFN3,6,4,0,4,0.7476452035956779,89.6875,True,0.6132946772660263
6rm9__A1_G0SEG4--6rm9__B1_G0SFN3,7,3,0,4,0.7718683213465208,89.375,True,0.5122800203852355
6rm9__A1_G0SEG4--6rm9__B1_G0SFN3,8,4,1,4,0.7537926060824324,88.75,True,0.5203773082271429
6rm9__A1_G0SEG4--6rm9__B1_G0SFN3,9,3,2,4,0.7492827903287669,88.6875,True,0.4579675890511689
6rm9__A1_G0SEG4--6rm9__B1_G0SFN3,10,4,3,4,0.7440916957168119,88.625,True,0.5262392668028607
6rm9__A1_G0SEG4--6rm9__B1_G0SFN3,11,3,3,4,0.7524839930959235,88.5,True,0.43346713461178316
6rm9__A1_G0SEG4--6rm9__B1_G0SFN3,12,2,1,4,0.7314663424667088,88.4375,True,0.559619686854156
6rm9__A1_G0SEG4--6rm9__B1_G0SFN3,13,4,2,4,0.7426019713745502,88.25,True,0.46951382545030756
6rm9__A1_G0SEG4--6rm9__B1_G0SFN3,14,1,3,4,0.7316338209797606,87.5,True,0.5124063347725897
6rm9__A1_G0SEG4--6rm9__B1_G0SFN3,15,2,0,4,0.7282128713578174,87.25,True,0.47193788098039746
6rm9__A1_G0SEG4--6rm9__B1_G0SFN3,16,2,2,4,0.7172973017403418,87.0,True,0.41596003105246115
6rm9__A1_G0SEG4--6rm9__B1_G0SFN3,17,1,0,4,0.7208431074079372,87.0,True,0.43093253181900837
6rm9__A1_G0SEG4--6rm9__B1_G0SFN3,18,1,2,4,0.712639966764495,86.625,True,0.41838684097940904
6rm9__A1_G0SEG4--6rm9__B1_G0SFN3,19,2,3,4,0.7242169826428299,86.5,True,0.38077319182613006
6rm9__A1_G0SEG4--6rm9__B1_G0SFN3,20,1,1,4,0.7061408206034202,85.1875,True,0.34740890422716
6s6a__A1_Q7L523--6s6a__C1_Q9HB90,1,4,0,2,0.6542801785711593,90.125,True,0.6123402712167678
6s6a__A1_Q7L523--6s6a__C1_Q9HB90,2,4,2,2,0.6233608775600028,90.0625,True,0.5626328154353456
6s6a__A1_Q7L523--6s6a__C1_Q9HB90,3,4,1,2,0.6610112630432988,90.0,True,0.5851550206360967
6s6a__A1_Q7L523--6s6a__C1_Q9HB90,4,5,3,2,0.6822626512903316,89.75,True,0.5692168374948345
6s6a__A1_Q7L523--6s6a__C1_Q9HB90,5,4,3,2,0.6635306517750008,89.75,True,0.5298370757140428
6s6a__A1_Q7L523--6s6a__C1_Q9HB90,6,5,2,2,0.6797188868842939,89.5625,True,0.5332196537844087
6s6a__A1_Q7L523--6s6a__C1_Q9HB90,7,2,0,2,0.7263007264208023,89.375,True,0.5989043743443738
6s6a__A1_Q7L523--6s6a__C1_Q9HB90,8,5,0,2,0.6806879156592718,89.3125,True,0.5204969805631314
6s6a__A1_Q7L523--6s6a__C1_Q9HB90,9,1,3,2,0.7020437105573221,89.3125,True,0.5577452108288383
6s6a__A1_Q7L523--6s6a__C1_Q9HB90,10,2,1,2,0.7229480008784067,89.3125,True,0.6034811271620739
6s6a__A1_Q7L523--6s6a__C1_Q9HB90,11,1,2,2,0.6909044787217659,89.0625,True,0.5313236704267599
6s6a__A1_Q7L523--6s6a__C1_Q9HB90,12,2,2,2,0.7007908561201738,89.0,True,0.5397023783744812
6s6a__A1_Q7L523--6s6a__C1_Q9HB90,13,2,3,2,0.7146896399627579,88.8125,True,0.499371488701907
6s6a__A1_Q7L523--6s6a__C1_Q9HB90,14,3,2,2,0.7075053701604155,88.6875,True,0.4289427065133757
6s6a__A1_Q7L523--6s6a__C1_Q9HB90,15,5,1,2,0.719387367007876,88.5625,True,0.38833643373618687
6s6a__A1_Q7L523--6s6a__C1_Q9HB90,16,1,1,2,0.707432547123688,88.5,True,0.47285823993871157
6s6a__A1_Q7L523--6s6a__C1_Q9HB90,17,1,0,2,0.708572701651527,88.4375,True,0.4886391783018967
6s6a__A1_Q7L523--6s6a__C1_Q9HB90,18,3,0,2,0.7133862108373887,88.3125,True,0.4035025511913133
6s6a__A1_Q7L523--6s6a__C1_Q9HB90,19,3,1,2,0.7052076848481411,88.0625,True,0.38885829573003167
6s6a__A1_Q7L523--6s6a__C1_Q9HB90,20,3,3,2,0.7327215625413128,87.8125,True,0.33595361921991446
6s9j__A1_Q8AZ57--6s9j__B1_A0A060BIS8,1,2,1,3,0.0092203128599265,27.734375,False,0.6764859328181183
6s9j__A1_Q8AZ57--6s9j__B1_A0A060BIS8,2,3,2,3,0.0592430741879975,26.0,False,0.6661620804390841
6s9j__A1_Q8AZ57--6s9j__B1_A0A060BIS8,3,1,2,3,0.0282797070763823,25.359375,False,0.6543426326679841
6s9j__A1_Q8AZ57--6s9j__B1_A0A060BIS8,4,4,1,3,0.0463608156809303,24.25,False,0.6120922548211137
6s9j__A1_Q8AZ57--6s9j__B1_A0A060BIS8,5,2,0,3,0.0084945375007333,24.171875,False,0.5653580186726135
6s9j__A1_Q8AZ57--6s9j__B1_A0A060BIS8,6,4,0,3,0.0575437974908895,23.921875,False,0.5957170748985875
6s9j__A1_Q8AZ57--6s9j__B1_A0A060BIS8,7,5,0,3,0.0341627807990752,23.109375,False,0.5741525540795619
6s9j__A1_Q8AZ57--6s9j__B1_A0A060BIS8,8,4,2,3,0.0670722232726243,23.109375,False,0.5547128171296353
6s9j__A1_Q8AZ57--6s9j__B1_A0A060BIS8,9,1,1,3,0.0392264087738797,22.5,False,0.5442433241859252
6s9j__A1_Q8AZ57--6s9j__B1_A0A060BIS8,10,1,0,3,0.0203711329737577,22.4375,False,0.4511938834406067
6s9j__A1_Q8AZ57--6s9j__B1_A0A060BIS8,11,2,2,3,0.0313064530905503,22.203125,False,0.4930232437571688
6s9j__A1_Q8AZ57--6s9j__B1_A0A060BIS8,12,5,2,3,0.0558274938975342,22.171875,False,0.4516983932407769
6s9j__A1_Q8AZ57--6s9j__B1_A0A060BIS8,13,5,1,3,0.0252180914894136,22.078125,False,0.4251371633887215
6s9j__A1_Q8AZ57--6s9j__B1_A0A060BIS8,14,2,3,3,0.0145350296489594,21.9375,False,0.40613552256711677
6s9j__A1_Q8AZ57--6s9j__B1_A0A060BIS8,15,3,3,3,0.0279772796781864,21.890625,False,0.42574340439938585
6s9j__A1_Q8AZ57--6s9j__B1_A0A060BIS8,16,5,3,3,0.0267650225212646,21.890625,False,0.5011809254817531
6s9j__A1_Q8AZ57--6s9j__B1_A0A060BIS8,17,1,3,3,0.0402942734539858,21.546875,False,0.46285093039956055
6s9j__A1_Q8AZ57--6s9j__B1_A0A060BIS8,18,3,1,3,0.0295069711575706,21.328125,False,0.37035758425914
6s9j__A1_Q8AZ57--6s9j__B1_A0A060BIS8,19,4,3,3,0.0577095889924989,21.296875,False,0.39850607248365677
6s9j__A1_Q8AZ57--6s9j__B1_A0A060BIS8,20,3,0,3,0.0169062420668531,19.359375,False,0.32861026862289683
6sqc__A1_P0AEX9--6sqc__B1_Q9Y6Q9,1,3,2,3,0.2669722961001888,71.0,True,0.5251293979484015
6sqc__A1_P0AEX9--6sqc__B1_Q9Y6Q9,2,3,1,3,0.2613540499804739,70.875,True,0.5433916929416828
6sqc__A1_P0AEX9--6sqc__B1_Q9Y6Q9,3,5,1,3,0.2911998944612045,68.5625,True,0.6116964357668563
6sqc__A1_P0AEX9--6sqc__B1_Q9Y6Q9,4,2,3,3,0.2865158022796101,68.0,True,0.5595882067371236
6sqc__A1_P0AEX9--6sqc__B1_Q9Y6Q9,5,5,2,3,0.2783352059297539,67.875,True,0.615012002587569
6sqc__A1_P0AEX9--6sqc__B1_Q9Y6Q9,6,2,1,3,0.3175823284716492,64.75,True,0.5529821346331856
6sqc__A1_P0AEX9--6sqc__B1_Q9Y6Q9,7,2,0,3,0.2996863412623458,61.6875,True,0.5160558148387876
6sqc__A1_P0AEX9--6sqc__B1_Q9Y6Q9,8,5,0,3,0.0627620879121002,45.78125,False,0.6262628011988689
6sqc__A1_P0AEX9--6sqc__B1_Q9Y6Q9,9,4,0,3,0.180020498563269,44.78125,False,0.5515753605634238
6sqc__A1_P0AEX9--6sqc__B1_Q9Y6Q9,10,5,3,3,0.0797821075128043,44.3125,False,0.6075247525647808
6sqc__A1_P0AEX9--6sqc__B1_Q9Y6Q9,11,4,1,3,0.1693525750872669,42.8125,False,0.5075102529469293
6sqc__A1_P0AEX9--6sqc__B1_Q9Y6Q9,12,3,0,3,0.0931525789719818,41.96875,False,0.4672268626937479
6sqc__A1_P0AEX9--6sqc__B1_Q9Y6Q9,13,1,3,3,0.1135422719839837,40.5625,False,0.42991826992595883
6sqc__A1_P0AEX9--6sqc__B1_Q9Y6Q9,14,4,2,3,0.1345373648797273,39.9375,False,0.5077000784635693
6sqc__A1_P0AEX9--6sqc__B1_Q9Y6Q9,15,4,3,3,0.0623323818024452,38.53125,False,0.55534985505953
6sqc__A1_P0AEX9--6sqc__B1_Q9Y6Q9,16,3,3,3,0.103724850152575,38.0,False,0.38933884940628927
6sqc__A1_P0AEX9--6sqc__B1_Q9Y6Q9,17,1,1,3,0.1881169831910402,37.09375,False,0.3897878110225706
6sqc__A1_P0AEX9--6sqc__B1_Q9Y6Q9,18,1,2,3,0.1511720604234632,37.0,False,0.45551581816850695
6sqc__A1_P0AEX9--6sqc__B1_Q9Y6Q9,19,1,0,3,0.08653972219592,36.21875,False,0.3875576021851345
6sqc__A1_P0AEX9--6sqc__B1_Q9Y6Q9,20,2,2,3,0.1982888670222735,35.125,False,0.3682815125395901
6sqj__A1_Q04245--6sqj__B1_Q04245,1,4,0,0,0.029361257500665,74.4375,False,0.652061574321747
6sqj__A1_Q04245--6sqj__B1_Q04245,2,3,0,0,0.0162815343408183,69.875,False,0.6457981066382963
6sqj__A1_Q04245--6sqj__B1_Q04245,3,2,3,0,0.0826302834278455,60.3125,False,0.6265305667666061
6sqj__A1_Q04245--6sqj__B1_Q04245,4,2,0,0,0.1299620296105481,48.28125,False,0.6126986965242792
6sqj__A1_Q04245--6sqj__B1_Q04245,5,2,1,0,0.0892775404662859,47.5,False,0.5943654983658276
6sqj__A1_Q04245--6sqj__B1_Q04245,6,4,1,0,0.0298293074427922,44.8125,False,0.5893159802154977
6sqj__A1_Q04245--6sqj__B1_Q04245,7,2,2,0,0.1073421668253744,41.5,False,0.5522131745862497
6sqj__A1_Q04245--6sqj__B1_Q04245,8,5,3,0,0.0998561257967985,40.53125,False,0.5560652301288341
6sqj__A1_Q04245--6sqj__B1_Q04245,9,4,2,0,0.0307465220007613,37.875,False,0.5284047903123574
6sqj__A1_Q04245--6sqj__B1_Q04245,10,5,2,0,0.1254085764679022,36.375,False,0.502874583115142
6sqj__A1_Q04245--6sqj__B1_Q04245,11,5,1,0,0.1466697529001845,34.65625,False,0.49432620092241236
6sqj__A1_Q04245--6sqj__B1_Q04245,12,3,2,0,0.4377086132467753,33.03125,True,0.48552949332506434
6sqj__A1_Q04245--6sqj__B1_Q04245,13,5,0,0,0.1507225332735957,31.796875,False,0.4388006247050747
6sqj__A1_Q04245--6sqj__B1_Q04245,14,1,2,0,0.4673502759051413,31.609375,True,0.46745152077530855
6sqj__A1_Q04245--6sqj__B1_Q04245,15,1,0,0,0.0909025974429581,31.484375,False,0.4395027526967534
6sqj__A1_Q04245--6sqj__B1_Q04245,16,4,3,0,0.0357255504222732,31.25,False,0.4101463957134217
6sqj__A1_Q04245--6sqj__B1_Q04245,17,1,1,0,0.0677983970147583,31.1875,False,0.4111729276375605
6sqj__A1_Q04245--6sqj__B1_Q04245,18,1,3,0,0.1248203267572582,30.234375,False,0.4010547986007631
6sqj__A1_Q04245--6sqj__B1_Q04245,19,3,3,0,0.6638037792398193,29.5,True,0.39442667021060324
6sqj__A1_Q04245--6sqj__B1_Q04245,20,3,1,0,0.031510349704659,24.953125,False,0.3523258755331504
6t6q__A1_A0A0F7VBC6--6t6q__B1_A0A0F7VBC6,1,5,3,4,0.0328870692358739,44.28125,False,0.668298189550973
6t6q__A1_A0A0F7VBC6--6t6q__B1_A0A0F7VBC6,2,5,2,4,0.0579335055477222,27.5625,False,0.7027064923538714
6t6q__A1_A0A0F7VBC6--6t6q__B1_A0A0F7VBC6,3,1,0,4,0.0594486391036361,24.734375,False,0.6439789369685748
6t6q__A1_A0A0F7VBC6--6t6q__B1_A0A0F7VBC6,4,5,1,4,0.0480001735887796,23.59375,False,0.6367397181394114
6t6q__A1_A0A0F7VBC6--6t6q__B1_A0A0F7VBC6,5,3,2,4,0.0449083626698768,23.375,False,0.4553978381622096
6t6q__A1_A0A0F7VBC6--6t6q__B1_A0A0F7VBC6,6,5,0,4,0.0486664360762921,23.125,False,0.6635928832099608
6t6q__A1_A0A0F7VBC6--6t6q__B1_A0A0F7VBC6,7,4,3,4,0.0462792944372198,21.53125,False,0.6351862847607638
6t6q__A1_A0A0F7VBC6--6t6q__B1_A0A0F7VBC6,8,3,0,4,0.0321390590252307,21.5,False,0.3764996940056664
6t6q__A1_A0A0F7VBC6--6t6q__B1_A0A0F7VBC6,9,1,1,4,0.1027943488951496,20.46875,False,0.582417357505794
6t6q__A1_A0A0F7VBC6--6t6q__B1_A0A0F7VBC6,10,4,2,4,0.0454873603597206,19.953125,False,0.5144306239128564
6t6q__A1_A0A0F7VBC6--6t6q__B1_A0A0F7VBC6,11,2,1,4,0.087965307416159,19.75,False,0.5409383572768729
6t6q__A1_A0A0F7VBC6--6t6q__B1_A0A0F7VBC6,12,1,3,4,0.1844776512902665,19.375,False,0.4949540728914518
6t6q__A1_A0A0F7VBC6--6t6q__B1_A0A0F7VBC6,13,1,2,4,0.1901904793849586,19.359375,False,0.4879490647797649
6t6q__A1_A0A0F7VBC6--6t6q__B1_A0A0F7VBC6,14,2,3,4,0.1091564510446257,18.890625,False,0.4603660854351938
6t6q__A1_A0A0F7VBC6--6t6q__B1_A0A0F7VBC6,15,3,1,4,0.0714738891727883,18.828125,False,0.3779840706379554
6t6q__A1_A0A0F7VBC6--6t6q__B1_A0A0F7VBC6,16,4,0,4,0.0574007604299554,18.8125,False,0.44201217983949614
6t6q__A1_A0A0F7VBC6--6t6q__B1_A0A0F7VBC6,17,3,3,4,0.0713510512461157,18.765625,False,0.3651876503295822
6t6q__A1_A0A0F7VBC6--6t6q__B1_A0A0F7VBC6,18,2,0,4,0.133489969437238,18.296875,False,0.4108941853416115
6t6q__A1_A0A0F7VBC6--6t6q__B1_A0A0F7VBC6,19,2,2,4,0.1342837039710783,17.640625,False,0.34756482220004425
6t6q__A1_A0A0F7VBC6--6t6q__B1_A0A0F7VBC6,20,4,1,4,0.0218943996761701,16.71875,False,0.3502513536718621
6tgk__A1_Q05086--6tgk__A2_Q05086,1,3,2,3,0.700625532962126,76.875,True,0.6753196176108158
6tgk__A1_Q05086--6tgk__A2_Q05086,2,3,3,3,0.8334380449666728,75.9375,True,0.6751687290144035
6tgk__A1_Q05086--6tgk__A2_Q05086,3,3,1,3,0.6963673255673153,73.9375,True,0.6358929085748924
6tgk__A1_Q05086--6tgk__A2_Q05086,4,3,0,3,0.7476126521364704,73.4375,True,0.5978001936919726
6tgk__A1_Q05086--6tgk__A2_Q05086,5,4,0,3,0.7384942214342464,73.4375,True,0.6080840789047773
6tgk__A1_Q05086--6tgk__A2_Q05086,6,4,2,3,0.8054237525249067,73.0625,True,0.5847361073360051
6tgk__A1_Q05086--6tgk__A2_Q05086,7,4,3,3,0.8909190369701778,72.8125,True,0.5629620345816267
6tgk__A1_Q05086--6tgk__A2_Q05086,8,4,1,3,0.9290644405425476,72.8125,True,0.5465888996792935
6tgk__A1_Q05086--6tgk__A2_Q05086,9,5,2,3,0.6000084219924728,71.5625,True,0.5253278607198384
6tgk__A1_Q05086--6tgk__A2_Q05086,10,5,1,3,0.6537846194216234,71.25,True,0.508600639790942
6tgk__A1_Q05086--6tgk__A2_Q05086,11,5,3,3,0.6525016075321418,70.625,True,0.48060299222378056
6tgk__A1_Q05086--6tgk__A2_Q05086,12,5,0,3,0.7448083191233009,68.1875,True,0.47998880331588506
6tgk__A1_Q05086--6tgk__A2_Q05086,13,2,1,3,0.035170057289239,27.3125,False,0.4665538806240635
6tgk__A1_Q05086--6tgk__A2_Q05086,14,2,2,3,0.0330861516184872,26.109375,False,0.44992423124695646
6tgk__A1_Q05086--6tgk__A2_Q05086,15,2,3,3,0.0546700588204674,22.890625,False,0.3829544168769148
6tgk__A1_Q05086--6tgk__A2_Q05086,16,1,1,3,0.0420661191584691,21.484375,False,0.42914567973169154
6tgk__A1_Q05086--6tgk__A2_Q05086,17,1,3,3,0.0351696434519052,21.25,False,0.41129530120609303
6tgk__A1_Q05086--6tgk__A2_Q05086,18,1,2,3,0.0432661455831897,20.828125,False,0.3893420505025228
6tgk__A1_Q05086--6tgk__A2_Q05086,19,2,0,3,0.0383905410773375,20.734375,False,0.36731452261825087
6tgk__A1_Q05086--6tgk__A2_Q05086,20,1,0,3,0.044786706582174,20.5625,False,0.3780372564063988
6tp8__A1_P41365--6tp8__B1_P41365,1,3,2,2,0.0270528369830388,65.6875,False,0.6415858834017127
6tp8__A1_P41365--6tp8__B1_P41365,2,2,2,2,0.0342457911338461,58.0625,False,0.6280893012284724
6tp8__A1_P41365--6tp8__B1_P41365,3,2,0,2,0.0337696822442713,57.6875,False,0.6143899476729139
6tp8__A1_P41365--6tp8__B1_P41365,4,2,3,2,0.0332035913536272,55.03125,False,0.6043769985438308
6tp8__A1_P41365--6tp8__B1_P41365,5,2,1,2,0.0340788303757324,53.25,False,0.5825362619057224
6tp8__A1_P41365--6tp8__B1_P41365,6,5,3,2,0.0365437543893891,39.25,False,0.5722720170601946
6tp8__A1_P41365--6tp8__B1_P41365,7,5,1,2,0.0380734111874209,34.40625,False,0.5968595979515245
6tp8__A1_P41365--6tp8__B1_P41365,8,5,0,2,0.0278804478322687,34.1875,False,0.5475880199913982
6tp8__A1_P41365--6tp8__B1_P41365,9,3,0,2,0.0292164127643833,32.8125,False,0.531660438896118
6tp8__A1_P41365--6tp8__B1_P41365,10,1,0,2,0.0296626002024454,32.59375,False,0.5305654619079896
6tp8__A1_P41365--6tp8__B1_P41365,11,3,3,2,0.0310194857534141,32.125,False,0.5081043681122576
6tp8__A1_P41365--6tp8__B1_P41365,12,5,2,2,0.0382978275702145,32.03125,False,0.4910886210556763
6tp8__A1_P41365--6tp8__B1_P41365,13,1,1,2,0.0302958167259313,31.90625,False,0.4421280082009059
6tp8__A1_P41365--6tp8__B1_P41365,14,1,2,2,0.0300322468029982,31.859375,False,0.4675172286791155
6tp8__A1_P41365--6tp8__B1_P41365,15,1,3,2,0.0301537575713589,31.546875,False,0.42506408033477827
6tp8__A1_P41365--6tp8__B1_P41365,16,3,1,2,0.0291389325390842,31.484375,False,0.46805083868929115
6tp8__A1_P41365--6tp8__B1_P41365,17,4,1,2,0.0266019213227008,28.796875,False,0.410526261883542
6tp8__A1_P41365--6tp8__B1_P41365,18,4,0,2,0.0263536450406779,26.890625,False,0.37973991402361035
6tp8__A1_P41365--6tp8__B1_P41365,19,4,3,2,0.0433914545310551,26.5625,False,0.3565514681578507
6tp8__A1_P41365--6tp8__B1_P41365,20,4,2,2,0.024908081314526,26.296875,False,0.347108671071324
6u7f__A1_P15144--6u7f__C1_Q1HVL3,1,3,1,0,0.0068917566344497,41.125,False,0.6419010920817401
6u7f__A1_P15144--6u7f__C1_Q1HVL3,2,3,2,0,0.0067219463980896,41.0625,False,0.596217793156858
6u7f__A1_P15144--6u7f__C1_Q1HVL3,3,3,0,0,0.0066665361488912,40.71875,False,0.5932011086297075
6u7f__A1_P15144--6u7f__C1_Q1HVL3,4,3,3,0,0.0065831903057573,40.65625,False,0.5466739807239266
6u7f__A1_P15144--6u7f__C1_Q1HVL3,5,5,1,0,0.0066490364161284,38.5,False,0.6389334902648773
6u7f__A1_P15144--6u7f__C1_Q1HVL3,6,5,0,0,0.007065241746215,38.15625,False,0.6034420012419706
6u7f__A1_P15144--6u7f__C1_Q1HVL3,7,5,2,0,0.0066695873381869,37.84375,False,0.5993977012998928
6u7f__A1_P15144--6u7f__C1_Q1HVL3,8,5,3,0,0.0065436579238491,37.6875,False,0.5925027410493626
6u7f__A1_P15144--6u7f__C1_Q1HVL3,9,4,2,0,0.0061033650649899,36.65625,False,0.5331857883005662
6u7f__A1_P15144--6u7f__C1_Q1HVL3,10,4,0,0,0.0063834040316156,36.3125,False,0.5678415513377609
6u7f__A1_P15144--6u7f__C1_Q1HVL3,11,4,3,0,0.0060485546372369,36.0,False,0.5005832803676767
6u7f__A1_P15144--6u7f__C1_Q1HVL3,12,4,1,0,0.0061646172961709,36.0,False,0.5143324521103101
6u7f__A1_P15144--6u7f__C1_Q1HVL3,13,2,2,0,0.0072744664577836,32.96875,False,0.42451199795827016
6u7f__A1_P15144--6u7f__C1_Q1HVL3,14,2,1,0,0.0069085201623678,32.875,False,0.3855788990484935
6u7f__A1_P15144--6u7f__C1_Q1HVL3,15,2,0,0,0.0070410285187622,32.46875,False,0.3719398379093599
6u7f__A1_P15144--6u7f__C1_Q1HVL3,16,2,3,0,0.0068817976071394,32.4375,False,0.3724425218635628
6u7f__A1_P15144--6u7f__C1_Q1HVL3,17,1,0,0,0.0061881244256146,31.5625,False,0.4216149071810527
6u7f__A1_P15144--6u7f__C1_Q1HVL3,18,1,1,0,0.0058151726576233,31.296875,False,0.4350846845859814
6u7f__A1_P15144--6u7f__C1_Q1HVL3,19,1,3,0,0.0060824495084436,30.9375,False,0.4291268691647131
6u7f__A1_P15144--6u7f__C1_Q1HVL3,20,1,2,0,0.0062488944338392,30.65625,False,0.39029947138502086
6ubo__A1_P0A901--6ubo__B1_P0A901,1,3,0,2,0.0640170394411847,86.5,False,0.6340172429081956
6ubo__A1_P0A901--6ubo__B1_P0A901,2,3,3,2,0.0642178160382011,86.4375,False,0.6189657627756583
6ubo__A1_P0A901--6ubo__B1_P0A901,3,3,2,2,0.0648801824395389,86.375,False,0.6304527991700836
6ubo__A1_P0A901--6ubo__B1_P0A901,4,3,1,2,0.0645535284101572,86.25,False,0.6012924133735491
6ubo__A1_P0A901--6ubo__B1_P0A901,5,5,0,2,0.1175307420826722,50.5625,False,0.586460526759568
6ubo__A1_P0A901--6ubo__B1_P0A901,6,5,1,2,0.1181800517811807,41.71875,False,0.59229019986156
6ubo__A1_P0A901--6ubo__B1_P0A901,7,2,0,2,0.1276730003969963,37.71875,False,0.5458654253109352
6ubo__A1_P0A901--6ubo__B1_P0A901,8,5,2,2,0.1092681714980823,37.15625,False,0.5614802068588983
6ubo__A1_P0A901--6ubo__B1_P0A901,9,2,1,2,0.1265794369343832,35.53125,False,0.5046512166510031
6ubo__A1_P0A901--6ubo__B1_P0A901,10,2,3,2,0.192080224428759,35.0625,False,0.5208817003604586
6ubo__A1_P0A901--6ubo__B1_P0A901,11,2,2,2,0.1829373181599548,34.40625,False,0.4931258806929918
6ubo__A1_P0A901--6ubo__B1_P0A901,12,5,3,2,0.1271064128046401,32.53125,False,0.5022510182981857
6ubo__A1_P0A901--6ubo__B1_P0A901,13,1,1,2,0.1951372486899636,32.28125,False,0.4587505923906314
6ubo__A1_P0A901--6ubo__B1_P0A901,14,1,0,2,0.2292793921906456,31.09375,False,0.4525186566742692
6ubo__A1_P0A901--6ubo__B1_P0A901,15,1,2,2,0.194432687196791,30.984375,False,0.44168875438026156
6ubo__A1_P0A901--6ubo__B1_P0A901,16,1,3,2,0.2068146596875784,30.59375,False,0.4289079887476546
6ubo__A1_P0A901--6ubo__B1_P0A901,17,4,2,2,0.2517961525476206,23.28125,True,0.39884328114604106
6ubo__A1_P0A901--6ubo__B1_P0A901,18,4,1,2,0.1809898963177394,23.25,False,0.40464003324728737
6ubo__A1_P0A901--6ubo__B1_P0A901,19,4,0,2,0.2140337751489002,22.765625,False,0.3915246750660317
6ubo__A1_P0A901--6ubo__B1_P0A901,20,4,3,2,0.2006298754126246,22.703125,False,0.37257517558770087
6ust__A1_A0A174CV66--6ust__D2_A0A174CV66,1,5,3,0,0.0044074617767606,77.1875,False,0.6562668252567563
6ust__A1_A0A174CV66--6ust__D2_A0A174CV66,2,5,1,0,0.0044091349752081,76.625,False,0.6415347377227066
6ust__A1_A0A174CV66--6ust__D2_A0A174CV66,3,5,0,0,0.0044034555843933,76.5,False,0.6265305667666061
6ust__A1_A0A174CV66--6ust__D2_A0A174CV66,4,5,2,0,0.0043975121302387,75.625,False,0.6112789060346601
6ust__A1_A0A174CV66--6ust__D2_A0A174CV66,5,1,3,0,0.0043479308825725,64.3125,False,0.5958062168089577
6ust__A1_A0A174CV66--6ust__D2_A0A174CV66,6,3,3,0,0.0044274110700042,60.96875,False,0.5858858890820877
6ust__A1_A0A174CV66--6ust__D2_A0A174CV66,7,1,2,0,0.0043828861330092,56.875,False,0.570113269008019
6ust__A1_A0A174CV66--6ust__D2_A0A174CV66,8,3,1,0,0.0045182901020692,49.40625,False,0.547565494348152
6ust__A1_A0A174CV66--6ust__D2_A0A174CV66,9,1,1,0,0.0045096976991282,40.6875,False,0.5352383932560099
6ust__A1_A0A174CV66--6ust__D2_A0A174CV66,10,3,2,0,0.0046041225911189,36.4375,False,0.49756928934542444
6ust__A1_A0A174CV66--6ust__D2_A0A174CV66,11,3,0,0,0.0046682385092314,35.25,False,0.478443281393055
6ust__A1_A0A174CV66--6ust__D2_A0A174CV66,12,1,0,0,0.0045851422938349,31.796875,False,0.45938026705834684
6ust__A1_A0A174CV66--6ust__D2_A0A174CV66,13,2,0,0,0.0042769975295331,30.703125,False,0.4727078343531795
6ust__A1_A0A174CV66--6ust__D2_A0A174CV66,14,4,0,0,0.0042731174713022,29.828125,False,0.44487855489869305
6ust__A1_A0A174CV66--6ust__D2_A0A174CV66,15,4,1,0,0.004263704738097,29.6875,False,0.44727112932570734
6ust__A1_A0A174CV66--6ust__D2_A0A174CV66,16,2,3,0,0.0043543527693515,29.375,False,0.4228542743053803
6ust__A1_A0A174CV66--6ust__D2_A0A174CV66,17,4,3,0,0.0042489375665517,28.46875,False,0.41267202527928515
6ust__A1_A0A174CV66--6ust__D2_A0A174CV66,18,4,2,0,0.004281199963491,28.34375,False,0.40249234773362313
6ust__A1_A0A174CV66--6ust__D2_A0A174CV66,19,2,1,0,0.004316089813255,27.796875,False,0.3779661360588801
6ust__A1_A0A174CV66--6ust__D2_A0A174CV66,20,2,2,0,0.0044482764924878,27.015625,False,0.3675030415019185
6vax__A1_P31040--6vax__B1_Q9NX18,1,4,1,2,0.6319603056141553,94.375,True,0.628784094968981
6vax__A1_P31040--6vax__B1_Q9NX18,2,4,2,2,0.6339909297940355,94.3125,True,0.619718565805953
6vax__A1_P31040--6vax__B1_Q9NX18,3,3,0,2,0.6214799524717355,94.25,True,0.6167275201903842
6vax__A1_P31040--6vax__B1_Q9NX18,4,4,0,2,0.6499406260416914,94.1875,True,0.6051363155488211
6vax__A1_P31040--6vax__B1_Q9NX18,5,5,0,2,0.667717949034946,94.1875,True,0.5284209513207795
6vax__A1_P31040--6vax__B1_Q9NX18,6,5,1,2,0.6665523040515915,94.125,True,0.570543117929144
6vax__A1_P31040--6vax__B1_Q9NX18,7,5,2,2,0.648776417978497,94.0625,True,0.44953342677310804
6vax__A1_P31040--6vax__B1_Q9NX18,8,3,1,2,0.6251509714773539,94.0,True,0.49118994954151707
6vax__A1_P31040--6vax__B1_Q9NX18,9,4,3,2,0.6507144258621543,93.9375,True,0.5061138592055932
6vax__A1_P31040--6vax__B1_Q9NX18,10,5,3,2,0.6538951604453274,93.875,True,0.43759711059596695
6vax__A1_P31040--6vax__B1_Q9NX18,11,3,2,2,0.6506094966505862,93.8125,True,0.4724903480448323
6vax__A1_P31040--6vax__B1_Q9NX18,12,1,0,2,0.6486201083231345,93.8125,True,0.5329087779393002
6vax__A1_P31040--6vax__B1_Q9NX18,13,1,2,2,0.6217399157405854,93.625,True,0.4889561801566811
6vax__A1_P31040--6vax__B1_Q9NX18,14,2,2,2,0.6576543755992528,93.625,True,0.5158078934312853
6vax__A1_P31040--6vax__B1_Q9NX18,15,2,1,2,0.6566308880104826,93.5625,True,0.4717691275800164
6vax__A1_P31040--6vax__B1_Q9NX18,16,1,3,2,0.637923828224496,93.5625,True,0.4808283808438329
6vax__A1_P31040--6vax__B1_Q9NX18,17,1,1,2,0.6334112397861039,93.4375,True,0.4708945042876597
6vax__A1_P31040--6vax__B1_Q9NX18,18,2,0,2,0.6479405368782386,93.3125,True,0.4426420138047149
6vax__A1_P31040--6vax__B1_Q9NX18,19,2,3,2,0.6458576393412042,93.25,True,0.4251412557035255
6vax__A1_P31040--6vax__B1_Q9NX18,20,3,3,2,0.6346070555959807,93.1875,True,0.3842413295623658
6vwo__A1_P0AEW6--6vwo__A2_P0AEW6,1,2,2,1,0.5836961484115966,87.875,True,0.6373033260027056
6vwo__A1_P0AEW6--6vwo__A2_P0AEW6,2,2,0,1,0.5816259552260622,87.5,True,0.6241758896027589
6vwo__A1_P0AEW6--6vwo__A2_P0AEW6,3,2,1,1,0.5932483384578243,87.0625,True,0.6108634353226405
6vwo__A1_P0AEW6--6vwo__A2_P0AEW6,4,2,3,1,0.5790188693335633,86.625,True,0.59738359664213
6vwo__A1_P0AEW6--6vwo__A2_P0AEW6,5,3,0,1,0.5783320353395744,85.6875,True,0.5837549907664785
6vwo__A1_P0AEW6--6vwo__A2_P0AEW6,6,5,0,1,0.6047505254704788,84.75,True,0.5604165646584135
6vwo__A1_P0AEW6--6vwo__A2_P0AEW6,7,5,3,1,0.6145041263002208,84.375,True,0.5476704680622709
6vwo__A1_P0AEW6--6vwo__A2_P0AEW6,8,5,2,1,0.6085352730130656,84.25,True,0.5215747493677585
6vwo__A1_P0AEW6--6vwo__A2_P0AEW6,9,3,2,1,0.5822619069930653,83.6875,True,0.5492762013612092
6vwo__A1_P0AEW6--6vwo__A2_P0AEW6,10,5,1,1,0.6076278619676136,83.5625,True,0.5123300378387938
6vwo__A1_P0AEW6--6vwo__A2_P0AEW6,11,3,3,1,0.5855984094957664,82.0,True,0.5194834249410722
6vwo__A1_P0AEW6--6vwo__A2_P0AEW6,12,3,1,1,0.6095056208137145,80.3125,True,0.4471199303746355
6vwo__A1_P0AEW6--6vwo__A2_P0AEW6,13,1,2,1,0.5836417867292357,80.1875,True,0.4718458698315332
6vwo__A1_P0AEW6--6vwo__A2_P0AEW6,14,1,0,1,0.5812537048169849,80.0625,True,0.4772331358022187
6vwo__A1_P0AEW6--6vwo__A2_P0AEW6,15,1,1,1,0.5927688418298721,78.3125,True,0.4507385209575678
6vwo__A1_P0AEW6--6vwo__A2_P0AEW6,16,1,3,1,0.58260419734235,78.3125,True,0.4423449523235678
6vwo__A1_P0AEW6--6vwo__A2_P0AEW6,17,4,1,1,0.6289834718052959,75.1875,True,0.4221181875016912
6vwo__A1_P0AEW6--6vwo__A2_P0AEW6,18,4,2,1,0.6251297711923335,74.8125,True,0.3875351359230365
6vwo__A1_P0AEW6--6vwo__A2_P0AEW6,19,4,0,1,0.6823238945338591,73.25,True,0.3984430855282188
6vwo__A1_P0AEW6--6vwo__A2_P0AEW6,20,4,3,1,0.6548326492678512,69.875,True,0.375824110397241
6w2n__A1_Q4DJ68--6w2n__A2_Q4DJ68,1,4,0,2,0.5138611555906126,90.875,True,0.6278013172980238
6w2n__A1_Q4DJ68--6w2n__A2_Q4DJ68,2,4,1,2,0.5166088053200688,90.875,True,0.6191870712064903
6w2n__A1_Q4DJ68--6w2n__A2_Q4DJ68,3,4,3,2,0.5179437583755492,90.75,True,0.6024357591964832
6w2n__A1_Q4DJ68--6w2n__A2_Q4DJ68,4,1,1,2,0.5211858520548948,90.625,True,0.581809137867837
6w2n__A1_Q4DJ68--6w2n__A2_Q4DJ68,5,1,3,2,0.5362214001499622,90.5,True,0.5761480089003319
6w2n__A1_Q4DJ68--6w2n__A2_Q4DJ68,6,4,2,2,0.5293752819137091,90.4375,True,0.5593711624789657
6w2n__A1_Q4DJ68--6w2n__A2_Q4DJ68,7,1,2,2,0.5264283082003892,90.375,True,0.5114030133136892
6w2n__A1_Q4DJ68--6w2n__A2_Q4DJ68,8,1,0,2,0.5377121251082658,90.3125,True,0.5325749995338314
6w2n__A1_Q4DJ68--6w2n__A2_Q4DJ68,9,3,2,2,0.5162020971362264,90.3125,True,0.49846972745313445
6w2n__A1_Q4DJ68--6w2n__A2_Q4DJ68,10,5,3,2,0.5099942150160538,90.1875,True,0.5170024073089785
6w2n__A1_Q4DJ68--6w2n__A2_Q4DJ68,11,3,3,2,0.5234905317911603,90.1875,True,0.506216265407835
6w2n__A1_Q4DJ68--6w2n__A2_Q4DJ68,12,5,1,2,0.5164493823448296,90.125,True,0.5100139558974023
6w2n__A1_Q4DJ68--6w2n__A2_Q4DJ68,13,5,0,2,0.5159445504424396,90.0625,True,0.45652378475664274
6w2n__A1_Q4DJ68--6w2n__A2_Q4DJ68,14,3,1,2,0.5317223093351348,89.9375,True,0.4613701371095577
6w2n__A1_Q4DJ68--6w2n__A2_Q4DJ68,15,2,1,2,0.5225370241947038,89.9375,True,0.48145912577544425
6w2n__A1_Q4DJ68--6w2n__A2_Q4DJ68,16,5,2,2,0.5146336461730805,89.75,True,0.41559021981997607
6w2n__A1_Q4DJ68--6w2n__A2_Q4DJ68,17,3,0,2,0.5246451925776732,89.625,True,0.45632248319813373
6w2n__A1_Q4DJ68--6w2n__A2_Q4DJ68,18,2,0,2,0.5299066669420333,89.625,True,0.4169670773193669
6w2n__A1_Q4DJ68--6w2n__A2_Q4DJ68,19,2,2,2,0.5202819592091247,89.3125,True,0.42060943583194005
6w2n__A1_Q4DJ68--6w2n__A2_Q4DJ68,20,2,3,2,0.533528680284096,89.0625,True,0.39029568715823715
6wlg__A1_Q68E01--6wlg__B2_Q68E01,1,4,3,3,0.7529790995737754,85.4375,True,0.6532669626387377
6wlg__A1_Q68E01--6wlg__B2_Q68E01,2,1,1,3,0.6407793650551606,85.3125,True,0.6557020292927684
6wlg__A1_Q68E01--6wlg__B2_Q68E01,3,4,2,3,0.7707908454373702,84.875,True,0.6418887918414112
6wlg__A1_Q68E01--6wlg__B2_Q68E01,4,4,1,3,0.7261168660193776,84.75,True,0.653430865287545
6wlg__A1_Q68E01--6wlg__B2_Q68E01,5,1,3,3,0.6827511061552728,84.375,True,0.6145085431069784
6wlg__A1_Q68E01--6wlg__B2_Q68E01,6,4,0,3,0.6410292309773645,83.8125,True,0.6369503627323376
6wlg__A1_Q68E01--6wlg__B2_Q68E01,7,1,0,3,0.767492322716265,83.0625,True,0.5529549496301444
6wlg__A1_Q68E01--6wlg__B2_Q68E01,8,1,2,3,0.7732269930283024,82.75,True,0.5627345264611879
6wlg__A1_Q68E01--6wlg__B2_Q68E01,9,5,3,3,0.7183072010298543,82.25,True,0.5360002676490694
6wlg__A1_Q68E01--6wlg__B2_Q68E01,10,5,0,3,0.7187078197612893,82.125,True,0.4960765491623506
6wlg__A1_Q68E01--6wlg__B2_Q68E01,11,5,1,3,0.7192184581941216,82.125,True,0.4814495242736306
6wlg__A1_Q68E01--6wlg__B2_Q68E01,12,3,0,3,0.7204521645245588,81.8125,True,0.5121853517063003
6wlg__A1_Q68E01--6wlg__B2_Q68E01,13,3,2,3,0.752157849158036,81.6875,True,0.4090078896418487
6wlg__A1_Q68E01--6wlg__B2_Q68E01,14,3,3,3,0.7387690781083375,81.6875,True,0.39922373696567004
6wlg__A1_Q68E01--6wlg__B2_Q68E01,15,2,3,3,0.7231188520671249,81.625,True,0.43649059534715706
6wlg__A1_Q68E01--6wlg__B2_Q68E01,16,2,0,3,0.7483474358421244,81.625,True,0.4417741907189852
6wlg__A1_Q68E01--6wlg__B2_Q68E01,17,5,2,3,0.7221115863617564,81.375,True,0.37395288940889604
6wlg__A1_Q68E01--6wlg__B2_Q68E01,18,2,1,3,0.7043831449844541,81.25,True,0.3628048688235042
6wlg__A1_Q68E01--6wlg__B2_Q68E01,19,3,1,3,0.7386721524629637,81.0,True,0.3502545502071634
6wlg__A1_Q68E01--6wlg__B2_Q68E01,20,2,2,3,0.7101897956709866,80.625,True,0.3871596549387069
6wmk__A1_UNDEFINED--6wmk__B1_UNDEFINED,1,5,2,0,0.2609902192247263,85.75,True,0.5642821279169623
6wmk__A1_UNDEFINED--6wmk__B1_UNDEFINED,2,5,3,0,0.2059277650518326,85.6875,False,0.5749979728784338
6wmk__A1_UNDEFINED--6wmk__B1_UNDEFINED,3,1,0,0,0.1923113464934761,85.625,False,0.5677579262539216
6wmk__A1_UNDEFINED--6wmk__B1_UNDEFINED,4,4,3,0,0.1659671465133802,85.125,False,0.5569438788017649
6wmk__A1_UNDEFINED--6wmk__B1_UNDEFINED,5,1,2,0,0.8991978969959024,83.8125,True,0.6079591314087475
6wmk__A1_UNDEFINED--6wmk__B1_UNDEFINED,6,1,1,0,0.8987887106369504,82.75,True,0.5936769252666323
6wmk__A1_UNDEFINED--6wmk__B1_UNDEFINED,7,4,2,0,0.8918396005281554,81.9375,True,0.5798141203244327
6wmk__A1_UNDEFINED--6wmk__B1_UNDEFINED,8,1,3,0,0.8822354451970699,79.375,True,0.5679641908711937
6wmk__A1_UNDEFINED--6wmk__B1_UNDEFINED,9,4,0,0,0.8923980475971902,78.4375,True,0.5339579850506402
6wmk__A1_UNDEFINED--6wmk__B1_UNDEFINED,10,2,3,0,0.8763427748575165,77.6875,True,0.5260088127156185
6wmk__A1_UNDEFINED--6wmk__B1_UNDEFINED,11,3,0,0,0.8525878990264785,77.1875,True,0.533867493498088
6wmk__A1_UNDEFINED--6wmk__B1_UNDEFINED,12,3,1,0,0.8306736203475337,76.125,True,0.5114275735421124
6wmk__A1_UNDEFINED--6wmk__B1_UNDEFINED,13,2,1,0,0.8722600544468051,75.0625,True,0.47578628328857436
6wmk__A1_UNDEFINED--6wmk__B1_UNDEFINED,14,3,2,0,0.6920575428002199,74.8125,True,0.4487928164346749
6wmk__A1_UNDEFINED--6wmk__B1_UNDEFINED,15,3,3,0,0.8357296165926997,74.75,True,0.47343782787540334
6wmk__A1_UNDEFINED--6wmk__B1_UNDEFINED,16,2,2,0,0.8606223361578427,73.625,True,0.44119401296686833
6wmk__A1_UNDEFINED--6wmk__B1_UNDEFINED,17,5,0,0,0.8567550821010114,72.375,True,0.42676074222469396
6wmk__A1_UNDEFINED--6wmk__B1_UNDEFINED,18,4,1,0,0.8678216735113834,71.3125,True,0.4110201278648215
6wmk__A1_UNDEFINED--6wmk__B1_UNDEFINED,19,5,1,0,0.5415311869053684,60.8125,True,0.3894298861247383
6wmk__A1_UNDEFINED--6wmk__B1_UNDEFINED,20,2,0,0,0.7231066127462727,59.71875,True,0.3773109944889377
6xb4__A1_V9XTR0--6xb4__B1_V9XTR0,1,1,1,1,0.5864876008947756,54.0,True,0.6400157903415701
6xb4__A1_V9XTR0--6xb4__B1_V9XTR0,2,3,3,1,0.0166024975494003,52.40625,False,0.5336556197971312
6xb4__A1_V9XTR0--6xb4__B1_V9XTR0,3,1,3,1,0.7515871106451355,51.1875,True,0.5985201106863569
6xb4__A1_V9XTR0--6xb4__B1_V9XTR0,4,2,0,1,0.1414210293385804,50.5625,False,0.4971291095315202
6xb4__A1_V9XTR0--6xb4__B1_V9XTR0,5,1,2,1,0.4854154267868025,48.8125,True,0.6027558911897385
6xb4__A1_V9XTR0--6xb4__B1_V9XTR0,6,2,2,1,0.0160137208062595,45.9375,False,0.5692023093143121
6xb4__A1_V9XTR0--6xb4__B1_V9XTR0,7,4,3,1,0.6783313628770639,45.46875,True,0.5974183190521964
6xb4__A1_V9XTR0--6xb4__B1_V9XTR0,8,1,0,1,0.8230162930016345,44.4375,True,0.6027196435356723
6xb4__A1_V9XTR0--6xb4__B1_V9XTR0,9,4,2,1,0.0191297211915443,41.9375,False,0.48078706957180645
6xb4__A1_V9XTR0--6xb4__B1_V9XTR0,10,5,2,1,0.7075707503182715,40.59375,True,0.565997500745815
6xb4__A1_V9XTR0--6xb4__B1_V9XTR0,11,5,1,1,0.01675242144926,39.125,False,0.5160411040563294
6xb4__A1_V9XTR0--6xb4__B1_V9XTR0,12,2,1,1,0.0191155663954121,34.1875,False,0.5333167876430516
6xb4__A1_V9XTR0--6xb4__B1_V9XTR0,13,3,1,1,0.0135577945472772,33.375,False,0.48676250502821444
6xb4__A1_V9XTR0--6xb4__B1_V9XTR0,14,5,0,1,0.0185953454477801,26.5625,False,0.4980278441725817
6xb4__A1_V9XTR0--6xb4__B1_V9XTR0,15,3,0,1,0.0175565798810256,22.546875,False,0.4296417924339889
6xb4__A1_V9XTR0--6xb4__B1_V9XTR0,16,5,3,1,0.0391320127279782,21.171875,False,0.4574918523599883
6xb4__A1_V9XTR0--6xb4__B1_V9XTR0,17,4,0,1,0.0140858914084525,18.578125,False,0.39924474224644063
6xb4__A1_V9XTR0--6xb4__B1_V9XTR0,18,2,3,1,0.0362548149755067,17.828125,False,0.390343600360471
6xb4__A1_V9XTR0--6xb4__B1_V9XTR0,19,4,1,1,0.0191653302300839,17.640625,False,0.37552237014800754
6xb4__A1_V9XTR0--6xb4__B1_V9XTR0,20,3,2,1,0.015138080534551,17.578125,False,0.36584073658854993
6xj5__A1_P06621--6xj5__B1_P06621,1,4,0,3,0.0052011740388641,85.5625,False,0.6596973803674427
6xj5__A1_P06621--6xj5__B1_P06621,2,4,3,3,0.0051759272917839,85.125,False,0.6493141393982468
6xj5__A1_P06621--6xj5__B1_P06621,3,4,2,3,0.0051721258661713,85.0625,False,0.639794136984474
6xj5__A1_P06621--6xj5__B1_P06621,4,4,1,3,0.0051859662609569,84.5625,False,0.6120293780349371
6xj5__A1_P06621--6xj5__B1_P06621,5,5,0,3,0.0052788954737212,84.0,False,0.6116693811839925
6xj5__A1_P06621--6xj5__B1_P06621,6,3,0,3,0.0052977134558014,83.125,False,0.5504915070570513
6xj5__A1_P06621--6xj5__B1_P06621,7,5,2,3,0.0052627440282673,82.75,False,0.5771887328517338
6xj5__A1_P06621--6xj5__B1_P06621,8,5,3,3,0.0052748872478991,82.625,False,0.5542583058884061
6xj5__A1_P06621--6xj5__B1_P06621,9,1,2,3,0.0051954064453453,82.625,False,0.5116592435836604
6xj5__A1_P06621--6xj5__B1_P06621,10,5,1,3,0.005253382688011,82.5625,False,0.5195746499067544
6xj5__A1_P06621--6xj5__B1_P06621,11,3,1,3,0.0052202743971521,82.3125,False,0.4785643375715144
6xj5__A1_P06621--6xj5__B1_P06621,12,3,2,3,0.0052329079879953,82.0625,False,0.46577037218143014
6xj5__A1_P06621--6xj5__B1_P06621,13,1,0,3,0.0052788855048752,81.875,False,0.44009090734198725
6xj5__A1_P06621--6xj5__B1_P06621,14,3,3,3,0.0052780088845946,81.8125,False,0.43439225494079037
6xj5__A1_P06621--6xj5__B1_P06621,15,1,3,3,0.0052389499631783,81.5625,False,0.40508538382077114
6xj5__A1_P06621--6xj5__B1_P06621,16,2,0,3,0.0051399019610198,80.9375,False,0.44519182575974064
6xj5__A1_P06621--6xj5__B1_P06621,17,2,2,3,0.0050924712181908,80.875,False,0.4372848648475788
6xj5__A1_P06621--6xj5__B1_P06621,18,1,1,3,0.0051559710549731,80.3125,False,0.3716980905500619
6xj5__A1_P06621--6xj5__B1_P06621,19,2,3,3,0.0051147825975128,79.875,False,0.40039898272416424
6xj5__A1_P06621--6xj5__B1_P06621,20,2,1,3,0.0050680178724449,79.8125,False,0.39258987509875787
6xwx__A1_G0S825--6xwx__B1_G0S0S7,1,4,2,1,0.684217664712099,93.8125,True,0.6192797335094239
6xwx__A1_G0S825--6xwx__B1_G0S0S7,2,4,0,1,0.6818779382659362,93.6875,True,0.5965565499817006
6xwx__A1_G0S825--6xwx__B1_G0S0S7,3,1,1,1,0.6943538380459305,93.6875,True,0.6289777818888296
6xwx__A1_G0S825--6xwx__B1_G0S0S7,4,1,2,1,0.6928116998026569,93.625,True,0.6310877734550858
6xwx__A1_G0S825--6xwx__B1_G0S0S7,5,4,1,1,0.6913949162548735,93.5625,True,0.5774624965294657
6xwx__A1_G0S825--6xwx__B1_G0S0S7,6,4,3,1,0.6769667587420437,93.25,True,0.5288372902821147
6xwx__A1_G0S825--6xwx__B1_G0S0S7,7,2,1,1,0.6848721923064701,93.25,True,0.5359125786850247
6xwx__A1_G0S825--6xwx__B1_G0S0S7,8,3,1,1,0.6793266169088809,93.1875,True,0.536899034872495
6xwx__A1_G0S825--6xwx__B1_G0S0S7,9,5,3,1,0.6948809292411894,93.125,True,0.47324312524959367
6xwx__A1_G0S825--6xwx__B1_G0S0S7,10,2,0,1,0.6821745652715329,93.125,True,0.5051864616532642
6xwx__A1_G0S825--6xwx__B1_G0S0S7,11,5,1,1,0.6894740263178475,93.0625,True,0.45573773787332894
6xwx__A1_G0S825--6xwx__B1_G0S0S7,12,1,0,1,0.6911888029030052,93.0625,True,0.5550796688277866
6xwx__A1_G0S825--6xwx__B1_G0S0S7,13,3,0,1,0.6814620993537827,93.0,True,0.47137180993318656
6xwx__A1_G0S825--6xwx__B1_G0S0S7,14,1,3,1,0.6937747305502185,92.875,True,0.539175277430498
6xwx__A1_G0S825--6xwx__B1_G0S0S7,15,2,3,1,0.6852563382825966,92.6875,True,0.46155205787716663
6xwx__A1_G0S825--6xwx__B1_G0S0S7,16,5,0,1,0.6963275279875177,92.625,True,0.4030928019216857
6xwx__A1_G0S825--6xwx__B1_G0S0S7,17,5,2,1,0.6934558184945088,92.5,True,0.38447879959570325
6xwx__A1_G0S825--6xwx__B1_G0S0S7,18,3,3,1,0.6736239432504872,92.3125,True,0.41202785911306344
6xwx__A1_G0S825--6xwx__B1_G0S0S7,19,2,2,1,0.6845179368106287,92.25,True,0.4274120188655855
6xwx__A1_G0S825--6xwx__B1_G0S0S7,20,3,2,1,0.6842727985425658,92.125,True,0.3934810469709102
6y62__B1_Q5MYC0--6y62__A1_Q5MYC0,1,5,1,4,0.3157918391307557,84.4375,True,0.5836827884675826
6y62__B1_Q5MYC0--6y62__A1_Q5MYC0,2,1,3,4,0.3424521052559781,84.125,True,0.6589413134057199
6y62__B1_Q5MYC0--6y62__A1_Q5MYC0,3,1,0,4,0.3276621913119303,83.625,True,0.6105045696304816
6y62__B1_Q5MYC0--6y62__A1_Q5MYC0,4,4,2,4,0.3451175048491363,83.5625,True,0.5471086180375299
6y62__B1_Q5MYC0--6y62__A1_Q5MYC0,5,3,0,4,0.2991155900869253,83.3125,True,0.6410047289219262
6y62__B1_Q5MYC0--6y62__A1_Q5MYC0,6,3,1,4,0.3316566521722569,83.3125,True,0.48980341761308843
6y62__B1_Q5MYC0--6y62__A1_Q5MYC0,7,1,2,4,0.3127823682785625,82.875,True,0.586568457097797
6y62__B1_Q5MYC0--6y62__A1_Q5MYC0,8,5,2,4,0.2972222129777994,82.8125,True,0.5292825906700697
6y62__B1_Q5MYC0--6y62__A1_Q5MYC0,9,3,3,4,0.4041722671141914,82.625,True,0.5906773534944927
6y62__B1_Q5MYC0--6y62__A1_Q5MYC0,10,4,0,4,0.3361515075311835,82.5,True,0.6109488006853573
6y62__B1_Q5MYC0--6y62__A1_Q5MYC0,11,4,1,4,0.3299496141128595,82.375,True,0.42640042720897586
6y62__B1_Q5MYC0--6y62__A1_Q5MYC0,12,3,2,4,0.3694923467817405,82.3125,True,0.5125188622854562
6y62__B1_Q5MYC0--6y62__A1_Q5MYC0,13,1,1,4,0.3267979624941579,82.25,True,0.4704307863943979
6y62__B1_Q5MYC0--6y62__A1_Q5MYC0,14,5,3,4,0.4081739401613618,81.625,True,0.4248289415830326
6y62__B1_Q5MYC0--6y62__A1_Q5MYC0,15,2,2,4,0.2958449172275258,81.5625,True,0.4204620280764146
6y62__B1_Q5MYC0--6y62__A1_Q5MYC0,16,4,3,4,0.3280442693562584,81.0625,True,0.43543162040725936
6y62__B1_Q5MYC0--6y62__A1_Q5MYC0,17,5,0,4,0.3366627800025368,80.875,True,0.4939533569516651
6y62__B1_Q5MYC0--6y62__A1_Q5MYC0,18,2,3,4,0.3092996007610081,78.9375,True,0.3995080078268744
6y62__B1_Q5MYC0--6y62__A1_Q5MYC0,19,2,1,4,0.3376478920202452,78.0,True,0.3765693900508972
6y62__B1_Q5MYC0--6y62__A1_Q5MYC0,20,2,0,4,0.4334493327131696,76.875,True,0.3602717334750509
6y75__A1_Q236S9--6y75__B1_Q236S9,1,2,0,1,0.5361512283180704,89.3125,True,0.6328769214639602
6y75__A1_Q236S9--6y75__B1_Q236S9,2,2,1,1,0.5300366946039136,89.25,True,0.6196848817996689
6y75__A1_Q236S9--6y75__B1_Q236S9,3,2,2,1,0.5307993100882444,89.0625,True,0.6063136837791568
6y75__A1_Q236S9--6y75__B1_Q236S9,4,2,3,1,0.5403682340382979,88.5625,True,0.5962929836204427
6y75__A1_Q236S9--6y75__B1_Q236S9,5,1,2,1,0.5446673425038872,88.4375,True,0.5849750477495429
6y75__A1_Q236S9--6y75__B1_Q236S9,6,1,0,1,0.550001136183107,88.375,True,0.5569430443864067
6y75__A1_Q236S9--6y75__B1_Q236S9,7,3,1,1,0.5537968021152929,87.875,True,0.5830619134431688
6y75__A1_Q236S9--6y75__B1_Q236S9,8,1,1,1,0.5487592479950244,87.625,True,0.5421754569742222
6y75__A1_Q236S9--6y75__B1_Q236S9,9,3,3,1,0.6214884775437093,81.9375,True,0.5281541301684667
6y75__A1_Q236S9--6y75__B1_Q236S9,10,4,2,1,0.0701580716393803,60.5625,False,0.5118235315904982
6y75__A1_Q236S9--6y75__B1_Q236S9,11,3,0,1,0.5491351627638228,58.28125,True,0.5071634462753731
6y75__A1_Q236S9--6y75__B1_Q236S9,12,1,3,1,0.2098991301471819,54.4375,False,0.4810194525335589
6y75__A1_Q236S9--6y75__B1_Q236S9,13,4,3,1,0.0579859860687783,44.375,False,0.4754776391968008
6y75__A1_Q236S9--6y75__B1_Q236S9,14,5,0,1,0.1577503098562446,43.15625,False,0.4698224478565345
6y75__A1_Q236S9--6y75__B1_Q236S9,15,4,1,1,0.0589165957809653,41.25,False,0.4343407800671553
6y75__A1_Q236S9--6y75__B1_Q236S9,16,5,3,1,0.1498746457273501,40.875,False,0.43123450391468476
6y75__A1_Q236S9--6y75__B1_Q236S9,17,5,2,1,0.1424568107442423,39.71875,False,0.4080166188618831
6y75__A1_Q236S9--6y75__B1_Q236S9,18,4,0,1,0.0571458123167383,39.5625,False,0.40377547195665586
6y75__A1_Q236S9--6y75__B1_Q236S9,19,5,1,1,0.1917410348950664,37.0625,False,0.38913656467735946
6y75__A1_Q236S9--6y75__B1_Q236S9,20,3,2,1,0.0346100745969185,16.46875,False,0.375824110397241
6y9m__D1_P36291--6y9m__A1_P36291,1,1,1,4,0.0037148965631617,24.421875,False,0.625706391371353
6y9m__D1_P36291--6y9m__A1_P36291,2,4,3,4,0.0274868888402881,22.609375,False,0.4428663531088482
6y9m__D1_P36291--6y9m__A1_P36291,3,2,0,4,0.0948527075379655,21.671875,False,0.38980377271461963
6y9m__D1_P36291--6y9m__A1_P36291,4,2,2,4,0.0353024995471081,20.34375,False,0.5162186592218427
6y9m__D1_P36291--6y9m__A1_P36291,5,1,2,4,0.1765064511988884,19.375,False,0.6874702126862527
6y9m__D1_P36291--6y9m__A1_P36291,6,2,1,4,0.2641951262902433,19.125,True,0.6460363059309838
6y9m__D1_P36291--6y9m__A1_P36291,7,2,3,4,0.2412234665185725,18.96875,True,0.7021180644476807
6y9m__D1_P36291--6y9m__A1_P36291,8,5,3,4,0.1037930004934779,18.421875,False,0.6473579945071843
6y9m__D1_P36291--6y9m__A1_P36291,9,5,2,4,0.1384823860873275,18.234375,False,0.5836938169889544
6y9m__D1_P36291--6y9m__A1_P36291,10,4,2,4,0.047101170669904,18.03125,False,0.5128137347135592
6y9m__D1_P36291--6y9m__A1_P36291,11,1,0,4,0.0583737043999757,17.453125,False,0.47866915852008945
6y9m__D1_P36291--6y9m__A1_P36291,12,5,0,4,0.1493529671351176,17.359375,False,0.5251835677085648
6y9m__D1_P36291--6y9m__A1_P36291,13,4,1,4,0.0718520385751854,17.234375,False,0.5626052464504679
6y9m__D1_P36291--6y9m__A1_P36291,14,1,3,4,0.0118297526288721,17.109375,False,0.48103848257997506
6y9m__D1_P36291--6y9m__A1_P36291,15,4,0,4,0.0152137205395679,16.4375,False,0.46825491330698704
6y9m__D1_P36291--6y9m__A1_P36291,16,5,1,4,0.0070594793180861,16.09375,False,0.402870644061062
6y9m__D1_P36291--6y9m__A1_P36291,17,3,3,4,0.0344334576432295,15.8125,False,0.3410309659403296
6y9m__D1_P36291--6y9m__A1_P36291,18,3,1,4,0.0067049312983615,15.796875,False,0.385172851050563
6y9m__D1_P36291--6y9m__A1_P36291,19,3,0,4,0.0095338503223493,15.75,False,0.4035109687292232
6y9m__D1_P36291--6y9m__A1_P36291,20,3,2,4,0.0075347084740251,15.3203125,False,0.35479154729859264
6yva__A1_P0DTD1--6yva__B1_Q64339,1,5,1,4,0.504009536357786,84.0,True,0.6557101025620494
6yva__A1_P0DTD1--6yva__B1_Q64339,2,1,3,4,0.522454784983792,83.125,True,0.66523500029693
6yva__A1_P0DTD1--6yva__B1_Q64339,3,1,0,4,0.4827489087335448,82.5625,True,0.6324010031340058
6yva__A1_P0DTD1--6yva__B1_Q64339,4,1,2,4,0.5035362361488834,82.5,True,0.6181365326628098
6yva__A1_P0DTD1--6yva__B1_Q64339,5,5,3,4,0.2171463983779451,81.1875,False,0.5640846349957798
6yva__A1_P0DTD1--6yva__B1_Q64339,6,5,2,4,0.2451985056481488,80.8125,True,0.5328554837169112
6yva__A1_P0DTD1--6yva__B1_Q64339,7,3,2,4,0.488408163748788,80.8125,True,0.5869880105515535
6yva__A1_P0DTD1--6yva__B1_Q64339,8,2,0,4,0.4846323341322764,80.8125,True,0.6062380673764592
6yva__A1_P0DTD1--6yva__B1_Q64339,9,5,0,4,0.4369749284007626,80.5625,True,0.5293895227279863
6yva__A1_P0DTD1--6yva__B1_Q64339,10,2,1,4,0.5017925024244508,79.375,True,0.5472666321461085
6yva__A1_P0DTD1--6yva__B1_Q64339,11,3,3,4,0.2433818682334114,79.0,True,0.4978244105581378
6yva__A1_P0DTD1--6yva__B1_Q64339,12,3,0,4,0.2307296763051588,78.4375,True,0.4793837747426538
6yva__A1_P0DTD1--6yva__B1_Q64339,13,4,0,4,0.3271932168531365,75.1875,True,0.43105452991846077
6yva__A1_P0DTD1--6yva__B1_Q64339,14,4,2,4,0.2839741664552299,75.1875,True,0.4546207768221552
6yva__A1_P0DTD1--6yva__B1_Q64339,15,3,1,4,0.2164600100252491,72.5,False,0.4670854703703524
6yva__A1_P0DTD1--6yva__B1_Q64339,16,2,2,4,0.214050814183863,67.875,False,0.4133220330838347
6yva__A1_P0DTD1--6yva__B1_Q64339,17,4,1,4,0.0350180192334964,26.484375,False,0.4074969198448458
6yva__A1_P0DTD1--6yva__B1_Q64339,18,2,3,4,0.0475935642479778,24.390625,False,0.3702168641989895
6yva__A1_P0DTD1--6yva__B1_Q64339,19,4,3,4,0.0411753548571601,24.21875,False,0.36987678795906614
6yva__A1_P0DTD1--6yva__B1_Q64339,20,1,1,4,0.0193672806043827,22.34375,False,0.340034724237647
6yyi__A1_B5YB78--6yyi__B1_B5YB78,1,2,3,1,0.9407528066762016,90.1875,True,0.6373033260027056
6yyi__A1_B5YB78--6yyi__B1_B5YB78,2,2,0,1,0.9391771926188266,88.625,True,0.6184305300707674
6yyi__A1_B5YB78--6yyi__B1_B5YB78,3,1,2,1,0.0068482921636929,88.1875,False,0.6075825927147142
6yyi__A1_B5YB78--6yyi__B1_B5YB78,4,2,1,1,0.9399342475074474,88.0,True,0.6019688008139379
6yyi__A1_B5YB78--6yyi__B1_B5YB78,5,2,2,1,0.9427150752984368,86.75,True,0.582461982072927
6yyi__A1_B5YB78--6yyi__B1_B5YB78,6,1,3,1,0.0068590727770642,86.5625,False,0.5784206955823679
6yyi__A1_B5YB78--6yyi__B1_B5YB78,7,4,1,1,0.0073198225708864,85.5,False,0.5536517602315862
6yyi__A1_B5YB78--6yyi__B1_B5YB78,8,1,1,1,0.0068947375447561,85.0,False,0.5387984065658323
6yyi__A1_B5YB78--6yyi__B1_B5YB78,9,5,3,1,0.0069190265349374,83.3125,False,0.531907952529001
6yyi__A1_B5YB78--6yyi__B1_B5YB78,10,4,0,1,0.007284402312444,82.4375,False,0.49447620771770734
6yyi__A1_B5YB78--6yyi__B1_B5YB78,11,5,1,1,0.00694840930368,82.375,False,0.5066567411593058
6yyi__A1_B5YB78--6yyi__B1_B5YB78,12,4,2,1,0.0072916717999149,82.3125,False,0.49314348556283116
6yyi__A1_B5YB78--6yyi__B1_B5YB78,13,4,3,1,0.007261176080957,82.25,False,0.47718765444302397
6yyi__A1_B5YB78--6yyi__B1_B5YB78,14,1,0,1,0.0069059265948451,79.375,False,0.45186716119390974
6yyi__A1_B5YB78--6yyi__B1_B5YB78,15,5,0,1,0.006926920423278,77.625,False,0.4498081757838946
6yyi__A1_B5YB78--6yyi__B1_B5YB78,16,3,0,1,0.0070564889650737,62.75,False,0.4323465334223321
6yyi__A1_B5YB78--6yyi__B1_B5YB78,17,3,2,1,0.0070458431276125,60.8125,False,0.4174633237135572
6yyi__A1_B5YB78--6yyi__B1_B5YB78,18,3,3,1,0.0070927124845667,59.28125,False,0.40843182733356576
6yyi__A1_B5YB78--6yyi__B1_B5YB78,19,3,1,1,0.0071163540126194,59.0,False,0.3799798113725042
6yyi__A1_B5YB78--6yyi__B1_B5YB78,20,5,2,1,0.4187507100709551,33.8125,True,0.375824110397241
6z70__A1_O66528--6z70__B1_O66528,1,3,2,4,0.7922593559445478,62.5,True,0.668298189550973
6z70__A1_O66528--6z70__B1_O66528,2,3,0,4,0.7552505705998392,58.5,True,0.65259109577284
6z70__A1_O66528--6z70__B1_O66528,3,3,1,4,0.7687627050644373,46.125,True,0.6959284638287923
6z70__A1_O66528--6z70__B1_O66528,4,3,3,4,0.6663420235249794,42.46875,True,0.6457276181179771
6z70__A1_O66528--6z70__B1_O66528,5,5,0,4,0.009137326642418,29.1875,False,0.6517142083080633
6z70__A1_O66528--6z70__B1_O66528,6,5,1,4,0.0093638785163249,29.078125,False,0.6222977182900575
6z70__A1_O66528--6z70__B1_O66528,7,5,2,4,0.0092953835760779,28.84375,False,0.6110555766468433
6z70__A1_O66528--6z70__B1_O66528,8,5,3,4,0.0092498966661695,28.359375,False,0.5804159296644551
6z70__A1_O66528--6z70__B1_O66528,9,4,3,4,0.4024253072955742,22.640625,True,0.5458522480599922
6z70__A1_O66528--6z70__B1_O66528,10,4,0,4,0.3440761202985459,22.578125,True,0.5274212106430353
6z70__A1_O66528--6z70__B1_O66528,11,4,1,4,0.3418992488924106,22.421875,True,0.5089151234867955
6z70__A1_O66528--6z70__B1_O66528,12,4,2,4,0.3826055118886895,21.828125,True,0.460574340373502
6z70__A1_O66528--6z70__B1_O66528,13,1,2,4,0.1334099233843719,21.421875,False,0.4422189359664198
6z70__A1_O66528--6z70__B1_O66528,14,1,1,4,0.0820691007988756,21.21875,False,0.41034109597360374
6z70__A1_O66528--6z70__B1_O66528,15,1,0,4,0.1411453847019646,21.125,False,0.41966235964911514
6z70__A1_O66528--6z70__B1_O66528,16,1,3,4,0.0119029606232496,20.984375,False,0.36952312969114176
6z70__A1_O66528--6z70__B1_O66528,17,2,3,4,0.012112648795843,20.15625,False,0.3213683912540754
6z70__A1_O66528--6z70__B1_O66528,18,2,0,4,0.0135886485005792,20.140625,False,0.36666478907772426
6z70__A1_O66528--6z70__B1_O66528,19,2,1,4,0.0128997134452954,20.109375,False,0.377277904386888
6z70__A1_O66528--6z70__B1_O66528,20,2,2,4,0.0061497211621186,19.953125,False,0.2923649315407014
6z81__A1_P05852--6z81__C1_P76256,1,5,3,0,0.7904078535402546,93.3125,True,0.6294682330982612
6z81__A1_P05852--6z81__C1_P76256,2,3,3,0,0.8022841486871329,93.3125,True,0.6286433206506643
6z81__A1_P05852--6z81__C1_P76256,3,1,3,0,0.759399506374943,93.3125,True,0.6400154787467036
6z81__A1_P05852--6z81__C1_P76256,4,1,2,0,0.8336587381388197,93.25,True,0.5413417763481899
6z81__A1_P05852--6z81__C1_P76256,5,3,0,0,0.7695862153673145,93.25,True,0.5992251055223261
6z81__A1_P05852--6z81__C1_P76256,6,5,1,0,0.797444462601329,93.25,True,0.5237330103256712
6z81__A1_P05852--6z81__C1_P76256,7,5,2,0,0.8247812905437236,93.25,True,0.5900592247929919
6z81__A1_P05852--6z81__C1_P76256,8,3,2,0,0.8022612599020665,93.1875,True,0.5182004036691845
6z81__A1_P05852--6z81__C1_P76256,9,3,1,0,0.7886328236279954,93.1875,True,0.5185817290420104
6z81__A1_P05852--6z81__C1_P76256,10,5,0,0,0.7813416419923139,93.1875,True,0.5381628373794423
6z81__A1_P05852--6z81__C1_P76256,11,1,0,0,0.7493214272506005,93.1875,True,0.5496810839098712
6z81__A1_P05852--6z81__C1_P76256,12,4,2,0,0.8669762169320586,93.125,True,0.49802158470184876
6z81__A1_P05852--6z81__C1_P76256,13,4,1,0,0.8605899048913438,93.125,True,0.46656254782295725
6z81__A1_P05852--6z81__C1_P76256,14,1,1,0,0.7945980099681295,93.125,True,0.47909847212466355
6z81__A1_P05852--6z81__C1_P76256,15,4,3,0,0.7861337231335627,93.0625,True,0.4497388989537661
6z81__A1_P05852--6z81__C1_P76256,16,4,0,0,0.7862362608422387,93.0,True,0.4028072783827914
6z81__A1_P05852--6z81__C1_P76256,17,2,3,0,0.8654018010761945,92.875,True,0.42245625216242644
6z81__A1_P05852--6z81__C1_P76256,18,2,2,0,0.8658294738792791,92.75,True,0.42002423223692426
6z81__A1_P05852--6z81__C1_P76256,19,2,1,0,0.8687680926611391,92.625,True,0.3838212953723575
6z81__A1_P05852--6z81__C1_P76256,20,2,0,0,0.860224093718548,92.5625,True,0.35846526227729325
6zht__A1_P22515--6zht__B1_P52490,1,2,0,0,0.6054785012482582,78.5625,True,0.65892741060735
6zht__A1_P22515--6zht__B1_P52490,2,2,3,0,0.4907846631207928,76.0625,True,0.605566061459112
6zht__A1_P22515--6zht__B1_P52490,3,4,3,0,0.3784778646954789,75.125,True,0.6154332746179445
6zht__A1_P22515--6zht__B1_P52490,4,4,0,0,0.3349654725908697,74.875,True,0.5775720274522194
6zht__A1_P22515--6zht__B1_P52490,5,3,0,0,0.3935454772888394,73.5,True,0.5605227046912464
6zht__A1_P22515--6zht__B1_P52490,6,4,1,0,0.4406175777391994,73.5,True,0.5853664403524503
6zht__A1_P22515--6zht__B1_P52490,7,3,2,0,0.3948725701901416,72.625,True,0.5529865863131277
6zht__A1_P22515--6zht__B1_P52490,8,4,2,0,0.3322902292495287,72.4375,True,0.5925607315862775
6zht__A1_P22515--6zht__B1_P52490,9,3,1,0,0.3639998479042197,72.3125,True,0.52527089350471
6zht__A1_P22515--6zht__B1_P52490,10,3,3,0,0.4129185561435129,72.1875,True,0.4924977500486454
6zht__A1_P22515--6zht__B1_P52490,11,5,0,0,0.4842075669152159,70.5,True,0.5310006988005644
6zht__A1_P22515--6zht__B1_P52490,12,2,1,0,0.5657713183022212,70.4375,True,0.4948462244746874
6zht__A1_P22515--6zht__B1_P52490,13,5,3,0,0.4986694830564326,68.9375,True,0.49386044944511354
6zht__A1_P22515--6zht__B1_P52490,14,5,1,0,0.4207980221342038,68.3125,True,0.4467674915258327
6zht__A1_P22515--6zht__B1_P52490,15,2,2,0,0.5168948220959173,68.0625,True,0.4175873591859459
6zht__A1_P22515--6zht__B1_P52490,16,1,0,0,0.3394586232707099,67.625,True,0.4138616601547433
6zht__A1_P22515--6zht__B1_P52490,17,5,2,0,0.413686628369539,67.0,True,0.3930931307452549
6zht__A1_P22515--6zht__B1_P52490,18,1,1,0,0.4040109413907268,66.9375,True,0.4042481734954381
6zht__A1_P22515--6zht__B1_P52490,19,1,2,0,0.1958080460241923,65.125,False,0.42856662771621395
6zht__A1_P22515--6zht__B1_P52490,20,1,3,0,0.3345754645153862,63.40625,True,0.3670589065829529
7a5c__A1_Q9KR64--7a5c__B1_Q9KR64,1,3,2,2,0.0182158623482687,84.0,False,0.6325997649218342
7a5c__A1_Q9KR64--7a5c__B1_Q9KR64,2,3,1,2,0.0182875104102239,83.375,False,0.632617519193475
7a5c__A1_Q9KR64--7a5c__B1_Q9KR64,3,4,1,2,0.0181228699635032,80.0,False,0.6189837790706477
7a5c__A1_Q9KR64--7a5c__B1_Q9KR64,4,3,3,2,0.0180215343306329,77.875,False,0.5879215568605124
7a5c__A1_Q9KR64--7a5c__B1_Q9KR64,5,4,3,2,0.0181536420942114,77.5,False,0.5990600977075384
7a5c__A1_Q9KR64--7a5c__B1_Q9KR64,6,3,0,2,0.0180875666112417,75.625,False,0.5722720170601946
7a5c__A1_Q9KR64--7a5c__B1_Q9KR64,7,2,1,2,0.0178486943152434,74.75,False,0.5579636243531853
7a5c__A1_Q9KR64--7a5c__B1_Q9KR64,8,4,2,2,0.0180785560909296,71.25,False,0.5435583516824813
7a5c__A1_Q9KR64--7a5c__B1_Q9KR64,9,4,0,2,0.0179037599775415,64.9375,False,0.5290798445892958
7a5c__A1_Q9KR64--7a5c__B1_Q9KR64,10,2,0,2,0.0092923010195162,62.25,False,0.5145522386353092
7a5c__A1_Q9KR64--7a5c__B1_Q9KR64,11,2,2,2,0.0089486495085286,40.03125,False,0.5
7a5c__A1_Q9KR64--7a5c__B1_Q9KR64,12,1,1,2,0.0083315998580226,35.5,False,0.5026369553377413
7a5c__A1_Q9KR64--7a5c__B1_Q9KR64,13,1,2,2,0.0083187723163754,34.8125,False,0.4825747369902501
7a5c__A1_Q9KR64--7a5c__B1_Q9KR64,14,5,1,2,0.0085934441334021,31.921875,False,0.44797162645371047
7a5c__A1_Q9KR64--7a5c__B1_Q9KR64,15,2,3,2,0.0090664576832546,31.0,False,0.4700897700627247
7a5c__A1_Q9KR64--7a5c__B1_Q9KR64,16,5,2,2,0.0089568248134183,30.875,False,0.43412811847671773
7a5c__A1_Q9KR64--7a5c__B1_Q9KR64,17,5,3,2,0.0108837509948396,26.46875,False,0.4035155535134123
7a5c__A1_Q9KR64--7a5c__B1_Q9KR64,18,5,0,2,0.0098734094889181,25.640625,False,0.37976418146155017
7a5c__A1_Q9KR64--7a5c__B1_Q9KR64,19,1,3,2,0.016508928086905,22.3125,False,0.36695814413770955
7a5c__A1_Q9KR64--7a5c__B1_Q9KR64,20,1,0,2,0.0175271394459433,22.28125,False,0.36804710625719417
7acx__B1_Q9AEM2--7acx__A1_Q9AEM2,1,1,1,0,0.2498586235911251,51.625,True,0.669929978688891
7acx__B1_Q9AEM2--7acx__A1_Q9AEM2,2,3,0,0,0.2656983887999562,48.6875,True,0.6653676693358653
7acx__B1_Q9AEM2--7acx__A1_Q9AEM2,3,3,2,0,0.2635893872476506,47.625,True,0.6240885473682245
7acx__B1_Q9AEM2--7acx__A1_Q9AEM2,4,1,2,0,0.3067381336045605,46.1875,True,0.5662737366147297
7acx__B1_Q9AEM2--7acx__A1_Q9AEM2,5,5,3,0,0.2983779121291529,46.03125,True,0.5881320773311745
7acx__B1_Q9AEM2--7acx__A1_Q9AEM2,6,1,0,0,0.3177811790927223,45.75,True,0.5129082643621872
7acx__B1_Q9AEM2--7acx__A1_Q9AEM2,7,1,3,0,0.2989345301057909,45.34375,True,0.5663067660425395
7acx__B1_Q9AEM2--7acx__A1_Q9AEM2,8,3,1,0,0.2464339879559927,45.0,True,0.4737713728519722
7acx__B1_Q9AEM2--7acx__A1_Q9AEM2,9,3,3,0,0.2684530889623461,43.125,True,0.5393179789437379
7acx__B1_Q9AEM2--7acx__A1_Q9AEM2,10,2,3,0,0.2470599788492725,41.84375,True,0.5310490345269006
7acx__B1_Q9AEM2--7acx__A1_Q9AEM2,11,2,2,0,0.2905317132404795,41.71875,True,0.42623038688636544
7acx__B1_Q9AEM2--7acx__A1_Q9AEM2,12,5,2,0,0.2552392045368369,40.71875,True,0.5129644875803959
7acx__B1_Q9AEM2--7acx__A1_Q9AEM2,13,2,1,0,0.244049579938316,40.5,True,0.47964828240366736
7acx__B1_Q9AEM2--7acx__A1_Q9AEM2,14,5,0,0,0.3227305123329803,40.46875,True,0.4120974033742118
7acx__B1_Q9AEM2--7acx__A1_Q9AEM2,15,4,3,0,0.2440628121513688,40.15625,True,0.4432102908562595
7acx__B1_Q9AEM2--7acx__A1_Q9AEM2,16,4,2,0,0.2970509601114013,39.71875,True,0.3626002508719522
7acx__B1_Q9AEM2--7acx__A1_Q9AEM2,17,4,0,0,0.2467944704556595,39.71875,True,0.5453534600294391
7acx__B1_Q9AEM2--7acx__A1_Q9AEM2,18,2,0,0,0.2444224295668637,39.5,True,0.49342953345976537
7acx__B1_Q9AEM2--7acx__A1_Q9AEM2,19,5,1,0,0.2858861081276744,38.34375,True,0.36798037377721493
7acx__B1_Q9AEM2--7acx__A1_Q9AEM2,20,4,1,0,0.2415993484842129,38.28125,True,0.37423766844429895
7aed__B1_D1LHF8--7aed__A1_D1LHF8,1,1,3,1,0.6694744903863592,89.5625,True,0.6373033260027056
7aed__B1_D1LHF8--7aed__A1_D1LHF8,2,1,2,1,0.6641194020317093,88.75,True,0.6241758896027589
7aed__B1_D1LHF8--7aed__A1_D1LHF8,3,1,0,1,0.6730967750153551,87.8125,True,0.6108634353226405
7aed__B1_D1LHF8--7aed__A1_D1LHF8,4,1,1,1,0.6756631207379411,85.375,True,0.59738359664213
7aed__B1_D1LHF8--7aed__A1_D1LHF8,5,2,3,1,0.6959099166175684,71.6875,True,0.5837549907664785
7aed__B1_D1LHF8--7aed__A1_D1LHF8,6,2,0,1,0.7081195041288293,70.375,True,0.5699971250720411
7aed__B1_D1LHF8--7aed__A1_D1LHF8,7,2,2,1,0.713071992813589,65.8125,True,0.5561302924987059
7aed__B1_D1LHF8--7aed__A1_D1LHF8,8,3,0,1,0.5106903964556592,44.40625,True,0.5556742292510073
7aed__B1_D1LHF8--7aed__A1_D1LHF8,9,2,1,1,0.7338747047888058,44.3125,True,0.5361081891876941
7aed__B1_D1LHF8--7aed__A1_D1LHF8,10,3,1,1,0.5135730164125655,43.1875,True,0.5044191459517358
7aed__B1_D1LHF8--7aed__A1_D1LHF8,11,3,3,1,0.5160553575622754,41.0625,True,0.509554548212025
7aed__B1_D1LHF8--7aed__A1_D1LHF8,12,3,2,1,0.519956074714537,32.96875,True,0.507641781845584
7aed__B1_D1LHF8--7aed__A1_D1LHF8,13,5,1,1,0.5156728576390647,19.421875,True,0.4708401836193982
7aed__B1_D1LHF8--7aed__A1_D1LHF8,14,5,2,1,0.0321015366542888,17.21875,False,0.440919954637447
7aed__B1_D1LHF8--7aed__A1_D1LHF8,15,5,0,1,0.0116211478098257,16.921875,False,0.45693102087284637
7aed__B1_D1LHF8--7aed__A1_D1LHF8,16,4,2,1,0.0203203426114149,16.78125,False,0.4444868105574693
7aed__B1_D1LHF8--7aed__A1_D1LHF8,17,4,1,1,0.4050886989539659,16.421875,True,0.40357453982369745
7aed__B1_D1LHF8--7aed__A1_D1LHF8,18,5,3,1,0.0150348796484008,16.078125,False,0.395437113689025
7aed__B1_D1LHF8--7aed__A1_D1LHF8,19,4,3,1,0.2694793614365053,15.828125,True,0.3608088561001023
7aed__B1_D1LHF8--7aed__A1_D1LHF8,20,4,0,1,0.099490275813807,15.8203125,False,0.37372096926109544
7aex__A1_P52129--7aex__A2_P52129,1,5,1,3,0.0262862278180956,63.4375,False,0.6352060491833692
7aex__A1_P52129--7aex__A2_P52129,2,2,2,3,0.0374455521458646,62.75,False,0.6472979883177076
7aex__A1_P52129--7aex__A2_P52129,3,2,0,3,0.0327531964313827,62.28125,False,0.6298499459197497
7aex__A1_P52129--7aex__A2_P52129,4,4,3,3,0.0321502290692869,61.65625,False,0.5936981517325616
7aex__A1_P52129--7aex__A2_P52129,5,2,1,3,0.0371559138565095,61.4375,False,0.5653083898692548
7aex__A1_P52129--7aex__A2_P52129,6,4,1,3,0.033446699674915,61.25,False,0.5735822623137563
7aex__A1_P52129--7aex__A2_P52129,7,1,3,3,0.0446274696720092,61.21875,False,0.579143839494249
7aex__A1_P52129--7aex__A2_P52129,8,1,1,3,0.0340542667892006,61.21875,False,0.6007862086971835
7aex__A1_P52129--7aex__A2_P52129,9,1,2,3,0.0449431562448034,61.03125,False,0.5131075029006772
7aex__A1_P52129--7aex__A2_P52129,10,2,3,3,0.0360766732056048,60.59375,False,0.4669754328356334
7aex__A1_P52129--7aex__A2_P52129,11,4,0,3,0.0340121294791631,60.5,False,0.4866166781711527
7aex__A1_P52129--7aex__A2_P52129,12,4,2,3,0.033784833613628,60.25,False,0.5137467952014313
7aex__A1_P52129--7aex__A2_P52129,13,3,0,3,0.0328670273673076,60.125,False,0.4506167479452047
7aex__A1_P52129--7aex__A2_P52129,14,1,0,3,0.0401715027488374,60.03125,False,0.4225207172194208
7aex__A1_P52129--7aex__A2_P52129,15,5,2,3,0.0390614144859708,59.625,False,0.45449555307558237
7aex__A1_P52129--7aex__A2_P52129,16,3,1,3,0.0404536505592704,59.5625,False,0.43277932371551864
7aex__A1_P52129--7aex__A2_P52129,17,3,2,3,0.0334228851859312,59.4375,False,0.4184664010513043
7aex__A1_P52129--7aex__A2_P52129,18,3,3,3,0.0356417831041427,58.875,False,0.4434671784534592
7aex__A1_P52129--7aex__A2_P52129,19,5,0,3,0.0515961897558097,58.34375,False,0.3801791479257937
7aex__A1_P52129--7aex__A2_P52129,20,5,3,3,0.0363048479172585,56.875,False,0.35367352590478235
7bjn__A1_Q8IGY1--7bjn__B1_Q8IGY1,1,2,2,4,0.8911703941974212,83.4375,True,0.6623821967094717
7bjn__A1_Q8IGY1--7bjn__B1_Q8IGY1,2,2,0,4,0.8920910881630572,82.8125,True,0.6522369206933076
7bjn__A1_Q8IGY1--7bjn__B1_Q8IGY1,3,2,3,4,0.8942463741911747,82.6875,True,0.6430278128346161
7bjn__A1_Q8IGY1--7bjn__B1_Q8IGY1,4,1,2,4,0.876025814994097,80.25,True,0.6201885602874647
7bjn__A1_Q8IGY1--7bjn__B1_Q8IGY1,5,1,3,4,0.8779878508771682,80.1875,True,0.6035547566907647
7bjn__A1_Q8IGY1--7bjn__B1_Q8IGY1,6,3,2,4,0.0404461347666767,79.875,False,0.560158003425368
7bjn__A1_Q8IGY1--7bjn__B1_Q8IGY1,7,1,1,4,0.8791692850752781,79.75,True,0.5685943169386835
7bjn__A1_Q8IGY1--7bjn__B1_Q8IGY1,8,3,1,4,0.0404316083257702,78.9375,False,0.5394098405396665
7bjn__A1_Q8IGY1--7bjn__B1_Q8IGY1,9,5,2,4,0.04038903230775,78.875,False,0.5776101564217622
7bjn__A1_Q8IGY1--7bjn__B1_Q8IGY1,10,1,0,4,0.8739419553311869,77.625,True,0.5154670513098883
7bjn__A1_Q8IGY1--7bjn__B1_Q8IGY1,11,3,0,4,0.0404332352250367,77.5,False,0.48593788069679966
7bjn__A1_Q8IGY1--7bjn__B1_Q8IGY1,12,5,1,4,0.0404170522566094,75.75,False,0.4965534317020251
7bjn__A1_Q8IGY1--7bjn__B1_Q8IGY1,13,3,3,4,0.0404471353247314,74.5,False,0.46854368611401775
7bjn__A1_Q8IGY1--7bjn__B1_Q8IGY1,14,2,1,4,0.8397009058929091,70.8125,True,0.44416944343603715
7bjn__A1_Q8IGY1--7bjn__B1_Q8IGY1,15,4,0,4,0.6876097141469236,53.46875,True,0.41666902368740083
7bjn__A1_Q8IGY1--7bjn__B1_Q8IGY1,16,5,0,4,0.0404728348370577,52.34375,False,0.42802717658301087
7bjn__A1_Q8IGY1--7bjn__B1_Q8IGY1,17,5,3,4,0.0404692489931043,50.5,False,0.39742212450851133
7bjn__A1_Q8IGY1--7bjn__B1_Q8IGY1,18,4,3,4,0.5987063560479342,45.96875,True,0.37789077102231694
7bjn__A1_Q8IGY1--7bjn__B1_Q8IGY1,19,4,1,4,0.0404895312260729,27.9375,False,0.3634552712851688
7bjn__A1_Q8IGY1--7bjn__B1_Q8IGY1,20,4,2,4,0.0404627653020013,27.015625,False,0.34740890422716
7bv5__C1_Q9URQ3--7bv5__A1_P47058,1,1,0,1,0.8287138113086122,90.6875,True,0.6214578728472192
7bv5__C1_Q9URQ3--7bv5__A1_P47058,2,1,2,1,0.7950061633096898,90.4375,True,0.6351336244832511
7bv5__C1_Q9URQ3--7bv5__A1_P47058,3,4,2,1,0.7925242607411699,90.1875,True,0.5588728679337225
7bv5__C1_Q9URQ3--7bv5__A1_P47058,4,4,0,1,0.7799603570479724,90.125,True,0.5835893155653215
7bv5__C1_Q9URQ3--7bv5__A1_P47058,5,1,1,1,0.7856950702872895,90.125,True,0.6016969095031416
7bv5__C1_Q9URQ3--7bv5__A1_P47058,6,4,3,1,0.7768341607905419,90.0625,True,0.47915721854465654
7bv5__C1_Q9URQ3--7bv5__A1_P47058,7,4,1,1,0.7902714488504842,90.0625,True,0.5024890029916774
7bv5__C1_Q9URQ3--7bv5__A1_P47058,8,1,3,1,0.7718087670394312,90.0,True,0.5046352529246352
7bv5__C1_Q9URQ3--7bv5__A1_P47058,9,2,0,1,0.7723268199070654,89.9375,True,0.5702665588045092
7bv5__C1_Q9URQ3--7bv5__A1_P47058,10,2,2,1,0.7721261063393042,89.875,True,0.6441626630170766
7bv5__C1_Q9URQ3--7bv5__A1_P47058,11,3,1,1,0.7961277170038338,89.8125,True,0.4836606095233496
7bv5__C1_Q9URQ3--7bv5__A1_P47058,12,3,3,1,0.7756819107060879,89.6875,True,0.46461653505973793
7bv5__C1_Q9URQ3--7bv5__A1_P47058,13,5,0,1,0.786146811033161,89.625,True,0.41730054586569354
7bv5__C1_Q9URQ3--7bv5__A1_P47058,14,3,0,1,0.7725155284818223,89.5,True,0.513970192372837
7bv5__C1_Q9URQ3--7bv5__A1_P47058,15,5,2,1,0.8096710601849689,89.375,True,0.3685876366455193
7bv5__C1_Q9URQ3--7bv5__A1_P47058,16,5,1,1,0.8029052664148587,89.3125,True,0.35288290204837297
7bv5__C1_Q9URQ3--7bv5__A1_P47058,17,3,2,1,0.7757484684618573,89.25,True,0.4972719493907941
7bv5__C1_Q9URQ3--7bv5__A1_P47058,18,5,3,1,0.760512454520398,89.25,True,0.36729865496392533
7bv5__C1_Q9URQ3--7bv5__A1_P47058,19,2,1,1,0.7902205938162811,88.0,True,0.5270893411639332
7bv5__C1_Q9URQ3--7bv5__A1_P47058,20,2,3,1,0.7827493849834998,87.8125,True,0.44560342885770227
7cdv__A1_A0A2I4PGE9--7cdv__B1_A0A2I4PGE9,1,5,3,0,0.4391765768228619,86.125,True,0.6172235698565395
7cdv__A1_A0A2I4PGE9--7cdv__B1_A0A2I4PGE9,2,5,1,0,0.4412158220421867,85.875,True,0.6336458809419406
7cdv__A1_A0A2I4PGE9--7cdv__B1_A0A2I4PGE9,3,5,2,0,0.7080438295705216,85.8125,True,0.6163912195063325
7cdv__A1_A0A2I4PGE9--7cdv__B1_A0A2I4PGE9,4,5,0,0,0.7048671019657201,85.8125,True,0.6145883902136746
7cdv__A1_A0A2I4PGE9--7cdv__B1_A0A2I4PGE9,5,1,2,0,0.4404854780544213,85.625,True,0.6060883935888594
7cdv__A1_A0A2I4PGE9--7cdv__B1_A0A2I4PGE9,6,1,3,0,0.4510674206405582,85.25,True,0.5863049977632748
7cdv__A1_A0A2I4PGE9--7cdv__B1_A0A2I4PGE9,7,1,0,0,0.4418940987586818,85.1875,True,0.5776960021265154
7cdv__A1_A0A2I4PGE9--7cdv__B1_A0A2I4PGE9,8,1,1,0,0.4412736861113384,85.125,True,0.5752604490175675
7cdv__A1_A0A2I4PGE9--7cdv__B1_A0A2I4PGE9,9,2,1,0,0.4413838740985246,84.4375,True,0.5322900851990321
7cdv__A1_A0A2I4PGE9--7cdv__B1_A0A2I4PGE9,10,3,3,0,0.6450146643208886,84.0,True,0.5161619114166671
7cdv__A1_A0A2I4PGE9--7cdv__B1_A0A2I4PGE9,11,3,2,0,0.6533964868199338,83.8125,True,0.4827715675057723
7cdv__A1_A0A2I4PGE9--7cdv__B1_A0A2I4PGE9,12,3,0,0,0.7478351633842738,83.8125,True,0.48248659914728187
7cdv__A1_A0A2I4PGE9--7cdv__B1_A0A2I4PGE9,13,3,1,0,0.6960269048740281,83.6875,True,0.4584666972210933
7cdv__A1_A0A2I4PGE9--7cdv__B1_A0A2I4PGE9,14,2,3,0,0.5311941905225651,82.875,True,0.4654935183762339
7cdv__A1_A0A2I4PGE9--7cdv__B1_A0A2I4PGE9,15,4,2,0,0.5878468684015855,82.625,True,0.43112344865762764
7cdv__A1_A0A2I4PGE9--7cdv__B1_A0A2I4PGE9,16,4,3,0,0.559327601913237,81.875,True,0.40258648284184206
7cdv__A1_A0A2I4PGE9--7cdv__B1_A0A2I4PGE9,17,2,0,0,0.4793434889819295,81.4375,True,0.43396933267339327
7cdv__A1_A0A2I4PGE9--7cdv__B1_A0A2I4PGE9,18,4,0,0,0.4473718820622183,81.3125,True,0.390309203915581
7cdv__A1_A0A2I4PGE9--7cdv__B1_A0A2I4PGE9,19,4,1,0,0.4812705333542812,81.25,True,0.36618757719329664
7cdv__A1_A0A2I4PGE9--7cdv__B1_A0A2I4PGE9,20,2,2,0,0.5926620471264544,80.25,True,0.36955903981694227
7cnv__A1_A0B757--7cnv__B1_A0B757,1,2,2,3,0.1174323868725312,59.875,False,0.5451233326812468
7cnv__A1_A0B757--7cnv__B1_A0B757,2,2,0,3,0.157720340145429,59.28125,False,0.528467546691422
7cnv__A1_A0B757--7cnv__B1_A0B757,3,2,1,3,0.1360440587935226,56.09375,False,0.5015641036445846
7cnv__A1_A0B757--7cnv__B1_A0B757,4,3,2,3,0.2174543372585807,30.328125,False,0.6261879593556962
7cnv__A1_A0B757--7cnv__B1_A0B757,5,2,3,3,0.2747032625478918,29.84375,True,0.3995738784373422
7cnv__A1_A0B757--7cnv__B1_A0B757,6,4,2,3,0.1142592837364537,29.390625,False,0.5135694945954582
7cnv__A1_A0B757--7cnv__B1_A0B757,7,4,3,3,0.155448237532955,28.8125,False,0.5262983105515637
7cnv__A1_A0B757--7cnv__B1_A0B757,8,1,1,3,0.309493005556876,28.734375,True,0.6157361104561629
7cnv__A1_A0B757--7cnv__B1_A0B757,9,1,0,3,0.0678492173872983,28.6875,False,0.5489609812027039
7cnv__A1_A0B757--7cnv__B1_A0B757,10,1,2,3,0.1528184993852933,28.140625,False,0.5391507802866126
7cnv__A1_A0B757--7cnv__B1_A0B757,11,5,1,3,0.2646227202105364,27.9375,True,0.5936526308272017
7cnv__A1_A0B757--7cnv__B1_A0B757,12,4,1,3,0.1026521660206194,27.71875,False,0.47988798148709577
7cnv__A1_A0B757--7cnv__B1_A0B757,13,1,3,3,0.3836517015055681,27.609375,True,0.5225633318404207
7cnv__A1_A0B757--7cnv__B1_A0B757,14,4,0,3,0.1235281004080004,27.546875,False,0.41190325350266294
7cnv__A1_A0B757--7cnv__B1_A0B757,15,5,3,3,0.2369283322636843,27.1875,True,0.5257090594360312
7cnv__A1_A0B757--7cnv__B1_A0B757,16,5,2,3,0.3472293725040054,26.3125,True,0.4987974964061354
7cnv__A1_A0B757--7cnv__B1_A0B757,17,5,0,3,0.3836799153905257,25.796875,True,0.4767247325504462
7cnv__A1_A0B757--7cnv__B1_A0B757,18,3,1,3,0.2728949796732243,25.09375,True,0.4488021996193083
7cnv__A1_A0B757--7cnv__B1_A0B757,19,3,3,3,0.2447621560002473,24.90625,True,0.42908404066991473
7cnv__A1_A0B757--7cnv__B1_A0B757,20,3,0,3,0.1340030245091232,24.84375,False,0.4326390326669668
7dnn__A1_H0QPL9--7dnn__B1_H0QPL8,1,1,1,0,0.6281019878995567,91.0,True,0.5848018719230978
7dnn__A1_H0QPL9--7dnn__B1_H0QPL8,2,1,3,0,0.6037937541766757,90.9375,True,0.6358820287918865
7dnn__A1_H0QPL9--7dnn__B1_H0QPL8,3,2,1,0,0.6152692048072325,90.875,True,0.6035973756856547
7dnn__A1_H0QPL9--7dnn__B1_H0QPL8,4,1,2,0,0.5932029067607426,90.8125,True,0.562273857397427
7dnn__A1_H0QPL9--7dnn__B1_H0QPL8,5,5,3,0,0.5994636522592898,90.75,True,0.5809035254687382
7dnn__A1_H0QPL9--7dnn__B1_H0QPL8,6,2,3,0,0.6015584781613144,90.6875,True,0.5646081935517273
7dnn__A1_H0QPL9--7dnn__B1_H0QPL8,7,5,1,0,0.6135094161848124,90.5625,True,0.5488571615353698
7dnn__A1_H0QPL9--7dnn__B1_H0QPL8,8,5,2,0,0.593602373743447,90.5,True,0.5333077139511698
7dnn__A1_H0QPL9--7dnn__B1_H0QPL8,9,3,0,0,0.6142220016368615,90.375,True,0.506039243655334
7dnn__A1_H0QPL9--7dnn__B1_H0QPL8,10,1,0,0,0.6324119819419245,90.3125,True,0.5172068348169356
7dnn__A1_H0QPL9--7dnn__B1_H0QPL8,11,4,1,0,0.600387187995,90.25,True,0.5084102363527808
7dnn__A1_H0QPL9--7dnn__B1_H0QPL8,12,2,0,0,0.6754243514335642,90.25,True,0.5207997351190348
7dnn__A1_H0QPL9--7dnn__B1_H0QPL8,13,4,3,0,0.6128871237674208,90.1875,True,0.46249363997441395
7dnn__A1_H0QPL9--7dnn__B1_H0QPL8,14,3,1,0,0.617623462176547,90.1875,True,0.47749486147996245
7dnn__A1_H0QPL9--7dnn__B1_H0QPL8,15,5,0,0,0.6392656574660064,90.1875,True,0.4818673225172713
7dnn__A1_H0QPL9--7dnn__B1_H0QPL8,16,2,2,0,0.6207941804972571,90.125,True,0.45160156284615743
7dnn__A1_H0QPL9--7dnn__B1_H0QPL8,17,3,2,0,0.6188813480982642,90.0,True,0.36253067961476254
7dnn__A1_H0QPL9--7dnn__B1_H0QPL8,18,3,3,0,0.6135926628295336,90.0,True,0.39881012218945816
7dnn__A1_H0QPL9--7dnn__B1_H0QPL8,19,4,2,0,0.5999205311442081,89.9375,True,0.4427221843733779
7dnn__A1_H0QPL9--7dnn__B1_H0QPL8,20,4,0,0,0.6462771678273126,89.625,True,0.4163241847324435
7drb__B1_A0A2I8B6R1--7drb__A1_Q30BZ2,1,1,1,0,0.4665993400184085,64.375,True,0.6562668252567563
7drb__B1_A0A2I8B6R1--7drb__A1_Q30BZ2,2,1,2,0,0.4216045237696944,43.1875,True,0.5916772498284408
7drb__B1_A0A2I8B6R1--7drb__A1_Q30BZ2,3,3,0,0,0.4603556796484374,42.03125,True,0.624943736750826
7drb__B1_A0A2I8B6R1--7drb__A1_Q30BZ2,4,2,1,0,0.2042718135120044,41.0,False,0.5110444226299486
7drb__B1_A0A2I8B6R1--7drb__A1_Q30BZ2,5,3,2,0,0.3571497787909871,40.0,True,0.6233066198604956
7drb__B1_A0A2I8B6R1--7drb__A1_Q30BZ2,6,2,2,0,0.0725748108222914,39.21875,False,0.551546250507616
7drb__B1_A0A2I8B6R1--7drb__A1_Q30BZ2,7,4,0,0,0.2619923705868783,39.09375,True,0.6000844025107384
7drb__B1_A0A2I8B6R1--7drb__A1_Q30BZ2,8,1,3,0,0.1072379594499817,38.96875,False,0.4736920586792139
7drb__B1_A0A2I8B6R1--7drb__A1_Q30BZ2,9,2,0,0,0.1538565675704482,38.875,False,0.4595475407681494
7drb__B1_A0A2I8B6R1--7drb__A1_Q30BZ2,10,1,0,0,0.1143627075605045,38.15625,False,0.4457977845666197
7drb__B1_A0A2I8B6R1--7drb__A1_Q30BZ2,11,4,1,0,0.0806742993178337,37.96875,False,0.5038100129468168
7drb__B1_A0A2I8B6R1--7drb__A1_Q30BZ2,12,2,3,0,0.0464331360600603,37.5625,False,0.39051875524448504
7drb__B1_A0A2I8B6R1--7drb__A1_Q30BZ2,13,4,2,0,0.0748521056229013,37.21875,False,0.5078259488285216
7drb__B1_A0A2I8B6R1--7drb__A1_Q30BZ2,14,5,2,0,0.0691746377885388,37.09375,False,0.5154757980960822
7drb__B1_A0A2I8B6R1--7drb__A1_Q30BZ2,15,4,3,0,0.084781280124316,37.0,False,0.47519559951221085
7drb__B1_A0A2I8B6R1--7drb__A1_Q30BZ2,16,3,1,0,0.1521707208342252,36.625,False,0.4570139009766642
7drb__B1_A0A2I8B6R1--7drb__A1_Q30BZ2,17,3,3,0,0.1585085110902958,36.5625,False,0.4390530182646924
7drb__B1_A0A2I8B6R1--7drb__A1_Q30BZ2,18,5,3,0,0.0959205045830423,36.46875,False,0.45736105147735406
7drb__B1_A0A2I8B6R1--7drb__A1_Q30BZ2,19,5,1,0,0.0559140998893801,36.25,False,0.37872025585974384
7drb__B1_A0A2I8B6R1--7drb__A1_Q30BZ2,20,5,0,0,0.1605643188202749,36.09375,False,0.4906091369427486
7dtl__A1_UNDEFINED--7dtl__B1_UNDEFINED,1,1,1,3,0.6478037064807456,82.0,True,0.6614858700232774
7dtl__A1_UNDEFINED--7dtl__B1_UNDEFINED,2,1,0,3,0.5910409031499332,73.125,True,0.6384777138581273
7dtl__A1_UNDEFINED--7dtl__B1_UNDEFINED,3,1,2,3,0.6199077530856206,72.3125,True,0.6298499459197497
7dtl__A1_UNDEFINED--7dtl__B1_UNDEFINED,4,1,3,3,0.5820546799182725,65.3125,True,0.6116004866013839
7dtl__A1_UNDEFINED--7dtl__B1_UNDEFINED,5,2,2,3,0.5924458104215548,59.40625,True,0.591978715909723
7dtl__A1_UNDEFINED--7dtl__B1_UNDEFINED,6,2,3,3,0.582838552506857,57.75,True,0.5735692934376097
7dtl__A1_UNDEFINED--7dtl__B1_UNDEFINED,7,4,1,3,0.1628530389212802,53.0625,False,0.5869097907104679
7dtl__A1_UNDEFINED--7dtl__B1_UNDEFINED,8,5,0,3,0.0192471649551907,42.78125,False,0.5606682258786526
7dtl__A1_UNDEFINED--7dtl__B1_UNDEFINED,9,2,0,3,0.1680500739434935,41.28125,False,0.5076775899665128
7dtl__A1_UNDEFINED--7dtl__B1_UNDEFINED,10,3,0,3,0.4183507902763272,40.84375,True,0.49644924348978264
7dtl__A1_UNDEFINED--7dtl__B1_UNDEFINED,11,3,1,3,0.4319833107660143,40.59375,True,0.5000734908465871
7dtl__A1_UNDEFINED--7dtl__B1_UNDEFINED,12,5,3,3,0.0193697825169239,40.5625,False,0.53136065178119
7dtl__A1_UNDEFINED--7dtl__B1_UNDEFINED,13,3,3,3,0.448702055162834,39.53125,True,0.44746279050889964
7dtl__A1_UNDEFINED--7dtl__B1_UNDEFINED,14,2,1,3,0.1904931427563396,37.9375,False,0.42713964640530994
7dtl__A1_UNDEFINED--7dtl__B1_UNDEFINED,15,3,2,3,0.4321748156278547,37.9375,True,0.4219397290012943
7dtl__A1_UNDEFINED--7dtl__B1_UNDEFINED,16,5,2,3,0.019457129398685,36.34375,False,0.4671948491928402
7dtl__A1_UNDEFINED--7dtl__B1_UNDEFINED,17,4,2,3,0.1568053285596265,31.0625,False,0.3913616187929038
7dtl__A1_UNDEFINED--7dtl__B1_UNDEFINED,18,4,3,3,0.2166372832258414,29.609375,False,0.37076019175552977
7dtl__A1_UNDEFINED--7dtl__B1_UNDEFINED,19,5,1,3,0.0269211248815127,29.34375,False,0.3926256814534998
7dtl__A1_UNDEFINED--7dtl__B1_UNDEFINED,20,4,0,3,0.151927489070884,27.34375,False,0.35367352590478235
7e2m__A1_Q9P2K8--7e2m__B1_Q9P2K8,1,3,0,0,0.1007422373902674,51.3125,False,0.6562668252567563
7e2m__A1_Q9P2K8--7e2m__B1_Q9P2K8,2,3,1,0,0.1083001658425942,41.4375,False,0.6403742562353109
7e2m__A1_Q9P2K8--7e2m__B1_Q9P2K8,3,1,3,0,0.1394076545885787,38.09375,False,0.6292747482479113
7e2m__A1_Q9P2K8--7e2m__B1_Q9P2K8,4,5,3,0,0.1321479880997933,37.03125,False,0.6089942266511096
7e2m__A1_Q9P2K8--7e2m__B1_Q9P2K8,5,5,0,0,0.2531607358881104,36.4375,True,0.5679908609028671
7e2m__A1_Q9P2K8--7e2m__B1_Q9P2K8,6,1,0,0,0.104227767821422,36.25,False,0.5929006008358266
7e2m__A1_Q9P2K8--7e2m__B1_Q9P2K8,7,4,2,0,0.1824650111192808,35.6875,False,0.5623320459777051
7e2m__A1_Q9P2K8--7e2m__B1_Q9P2K8,8,3,2,0,0.1183988721365896,35.125,False,0.5440166414090765
7e2m__A1_Q9P2K8--7e2m__B1_Q9P2K8,9,2,0,0,0.079037437727478,34.9375,False,0.5686178983917868
7e2m__A1_Q9P2K8--7e2m__B1_Q9P2K8,10,1,2,0,0.148641861008151,33.46875,False,0.510458672566041
7e2m__A1_Q9P2K8--7e2m__B1_Q9P2K8,11,4,1,0,0.2143272798599761,33.40625,False,0.4614071856944131
7e2m__A1_Q9P2K8--7e2m__B1_Q9P2K8,12,1,1,0,0.1467076589727988,33.1875,False,0.4841753343107896
7e2m__A1_Q9P2K8--7e2m__B1_Q9P2K8,13,5,2,0,0.3219706040315601,33.125,True,0.43934462766950605
7e2m__A1_Q9P2K8--7e2m__B1_Q9P2K8,14,5,1,0,0.3104443736047408,32.59375,True,0.388647713732152
7e2m__A1_Q9P2K8--7e2m__B1_Q9P2K8,15,4,3,0,0.241208699367146,31.515625,True,0.3946842611274247
7e2m__A1_Q9P2K8--7e2m__B1_Q9P2K8,16,4,0,0,0.0582534931849707,31.46875,False,0.4688547381665848
7e2m__A1_Q9P2K8--7e2m__B1_Q9P2K8,17,2,2,0,0.0978024719438843,31.046875,False,0.43349336893563134
7e2m__A1_Q9P2K8--7e2m__B1_Q9P2K8,18,3,3,0,0.1096252286385846,31.046875,False,0.41014095932756506
7e2m__A1_Q9P2K8--7e2m__B1_Q9P2K8,19,2,1,0,0.1194148809632866,30.8125,False,0.42532695414210586
7e2m__A1_Q9P2K8--7e2m__B1_Q9P2K8,20,2,3,0,0.1217520408172177,28.015625,False,0.3670589065829529
7e36__B1_A0A318JQQ2--7e36__A1_A0A318JWT9,1,4,1,4,0.8126730926514747,94.1875,True,0.6007326252365894
7e36__B1_A0A318JQQ2--7e36__A1_A0A318JWT9,2,4,3,4,0.8154764988709958,94.1875,True,0.38168741704456494
7e36__B1_A0A318JQQ2--7e36__A1_A0A318JWT9,3,4,0,4,0.8218199750332585,94.0625,True,0.6093979177327981
7e36__B1_A0A318JQQ2--7e36__A1_A0A318JWT9,4,4,2,4,0.8088754698949477,94.0625,True,0.4703036657666548
7e36__B1_A0A318JQQ2--7e36__A1_A0A318JWT9,5,3,3,4,0.8039023504373026,93.9375,True,0.6019473238719971
7e36__B1_A0A318JQQ2--7e36__A1_A0A318JWT9,6,1,1,4,0.8016237016841301,93.9375,True,0.6033135743248401
7e36__B1_A0A318JQQ2--7e36__A1_A0A318JWT9,7,1,2,4,0.8021869477315674,93.9375,True,0.6449208285315646
7e36__B1_A0A318JQQ2--7e36__A1_A0A318JWT9,8,5,1,4,0.8026750834399139,93.875,True,0.5531360554545729
7e36__B1_A0A318JQQ2--7e36__A1_A0A318JWT9,9,2,0,4,0.7972922700990265,93.875,True,0.5021455478851822
7e36__B1_A0A318JQQ2--7e36__A1_A0A318JWT9,10,5,0,4,0.8076151028328847,93.875,True,0.5052631901940826
7e36__B1_A0A318JQQ2--7e36__A1_A0A318JWT9,11,2,1,4,0.7948899198681749,93.875,True,0.450768026886272
7e36__B1_A0A318JQQ2--7e36__A1_A0A318JWT9,12,1,0,4,0.8078119812183745,93.875,True,0.6348474670661354
7e36__B1_A0A318JQQ2--7e36__A1_A0A318JWT9,13,3,2,4,0.8106400008367322,93.875,True,0.44444778873544033
7e36__B1_A0A318JQQ2--7e36__A1_A0A318JWT9,14,3,1,4,0.8141078823586394,93.8125,True,0.319391720153687
7e36__B1_A0A318JQQ2--7e36__A1_A0A318JWT9,15,2,2,4,0.797412707635378,93.8125,True,0.5069258812554116
7e36__B1_A0A318JQQ2--7e36__A1_A0A318JWT9,16,5,2,4,0.8044612075216008,93.8125,True,0.423891779987773
7e36__B1_A0A318JQQ2--7e36__A1_A0A318JWT9,17,1,3,4,0.7944730823505304,93.8125,True,0.6235952480812633
7e36__B1_A0A318JQQ2--7e36__A1_A0A318JWT9,18,3,0,4,0.8183481012158659,93.8125,True,0.48414076814033596
7e36__B1_A0A318JQQ2--7e36__A1_A0A318JWT9,19,5,3,4,0.8051869491227849,93.75,True,0.4254242431906048
7e36__B1_A0A318JQQ2--7e36__A1_A0A318JWT9,20,2,3,4,0.7940588101941959,93.6875,True,0.38659250007724816
7e5m__A1_P09758--7e5m__B2_P09758,1,3,3,0,0.0093173485121944,79.8125,False,0.6562668252567563
7e5m__A1_P09758--7e5m__B2_P09758,2,3,0,0,0.0093894380592316,78.8125,False,0.6329410934170471
7e5m__A1_P09758--7e5m__B2_P09758,3,4,0,0,0.0092768001797318,77.625,False,0.6172708909071928
7e5m__A1_P09758--7e5m__B2_P09758,4,1,0,0,0.0092535136085395,77.4375,False,0.6128035352112242
7e5m__A1_P09758--7e5m__B2_P09758,5,3,1,0,0.0093736206913674,77.4375,False,0.5714735768533853
7e5m__A1_P09758--7e5m__B2_P09758,6,2,3,0,0.0091205328398024,76.5,False,0.5177765179866753
7e5m__A1_P09758--7e5m__B2_P09758,7,4,3,0,0.0093425339890489,76.4375,False,0.5118253878236684
7e5m__A1_P09758--7e5m__B2_P09758,8,3,2,0,0.0093391507081464,76.25,False,0.5385580094896497
7e5m__A1_P09758--7e5m__B2_P09758,9,2,0,0,0.0091893227324349,75.8125,False,0.508874138369087
7e5m__A1_P09758--7e5m__B2_P09758,10,2,1,0,0.0091713508767315,75.75,False,0.515552661211427
7e5m__A1_P09758--7e5m__B2_P09758,11,5,3,0,0.009202509656828,75.75,False,0.506692528827698
7e5m__A1_P09758--7e5m__B2_P09758,12,4,2,0,0.0093087617205309,74.9375,False,0.4636229909120713
7e5m__A1_P09758--7e5m__B2_P09758,13,4,1,0,0.0093443813828322,74.4375,False,0.4772262606274574
7e5m__A1_P09758--7e5m__B2_P09758,14,5,1,0,0.0092198013283402,73.75,False,0.4219443809563401
7e5m__A1_P09758--7e5m__B2_P09758,15,5,2,0,0.0092229986589678,73.5625,False,0.4480385945152432
7e5m__A1_P09758--7e5m__B2_P09758,16,1,2,0,0.0092153134520241,73.4375,False,0.47425578694471665
7e5m__A1_P09758--7e5m__B2_P09758,17,1,3,0,0.0092284566364269,73.4375,False,0.4574977639826786
7e5m__A1_P09758--7e5m__B2_P09758,18,1,1,0,0.009187538683677,73.1875,False,0.45516119961608986
7e5m__A1_P09758--7e5m__B2_P09758,19,2,2,0,0.0091248763120273,73.0,False,0.40108200271695477
7e5m__A1_P09758--7e5m__B2_P09758,20,5,0,0,0.0092316365343028,67.4375,False,0.3652388458886587
7f7j__B1_A0A5J6VLZ7--7f7j__A2_A0A5J6VLZ7,1,5,0,2,0.0052112650292727,58.4375,False,0.6489828638140801
7f7j__B1_A0A5J6VLZ7--7f7j__A2_A0A5J6VLZ7,2,3,1,2,0.0051401191750825,55.71875,False,0.6243070074574822
7f7j__B1_A0A5J6VLZ7--7f7j__A2_A0A5J6VLZ7,3,3,2,2,0.0051412685187652,54.5,False,0.6105547185481618
7f7j__B1_A0A5J6VLZ7--7f7j__A2_A0A5J6VLZ7,4,3,0,2,0.0051122333245466,53.5625,False,0.595835791763271
7f7j__B1_A0A5J6VLZ7--7f7j__A2_A0A5J6VLZ7,5,3,3,2,0.0051106764575458,53.34375,False,0.5911656783379647
7f7j__B1_A0A5J6VLZ7--7f7j__A2_A0A5J6VLZ7,6,2,0,2,0.0051681152505077,47.4375,False,0.5642338231016066
7f7j__B1_A0A5J6VLZ7--7f7j__A2_A0A5J6VLZ7,7,5,3,2,0.0050961050292192,47.34375,False,0.5766684632896752
7f7j__B1_A0A5J6VLZ7--7f7j__A2_A0A5J6VLZ7,8,5,2,2,0.0050612338141838,46.78125,False,0.543395242848121
7f7j__B1_A0A5J6VLZ7--7f7j__A2_A0A5J6VLZ7,9,2,1,2,0.0051649314806753,46.03125,False,0.531800435882524
7f7j__B1_A0A5J6VLZ7--7f7j__A2_A0A5J6VLZ7,10,2,3,2,0.0050774229940327,42.6875,False,0.5172801840797484
7f7j__B1_A0A5J6VLZ7--7f7j__A2_A0A5J6VLZ7,11,5,1,2,0.0050615693419193,41.1875,False,0.500654470172602
7f7j__B1_A0A5J6VLZ7--7f7j__A2_A0A5J6VLZ7,12,2,2,2,0.0051323600387359,39.34375,False,0.4686716321028865
7f7j__B1_A0A5J6VLZ7--7f7j__A2_A0A5J6VLZ7,13,4,2,2,0.0051632924172384,36.84375,False,0.49171163881099667
7f7j__B1_A0A5J6VLZ7--7f7j__A2_A0A5J6VLZ7,14,1,2,2,0.0050932011163619,36.0,False,0.4488363802948978
7f7j__B1_A0A5J6VLZ7--7f7j__A2_A0A5J6VLZ7,15,4,3,2,0.0051948167827664,35.96875,False,0.4466497332936293
7f7j__B1_A0A5J6VLZ7--7f7j__A2_A0A5J6VLZ7,16,4,0,2,0.0052267273582177,35.6875,False,0.4200488315645628
7f7j__B1_A0A5J6VLZ7--7f7j__A2_A0A5J6VLZ7,17,4,1,2,0.0052140960149709,35.0625,False,0.41470505111813716
7f7j__B1_A0A5J6VLZ7--7f7j__A2_A0A5J6VLZ7,18,1,3,2,0.0051410908701499,33.3125,False,0.4027720417901145
7f7j__B1_A0A5J6VLZ7--7f7j__A2_A0A5J6VLZ7,19,1,0,2,0.0051434798304331,33.21875,False,0.37752164588213494
7f7j__B1_A0A5J6VLZ7--7f7j__A2_A0A5J6VLZ7,20,1,1,2,0.0051405790982122,32.34375,False,0.3663190601848697
7fds__B1_P9WK61--7fds__A1_P9WK61,1,1,0,4,0.055246824930071,84.1875,False,0.668298189550973
7fds__B1_P9WK61--7fds__A1_P9WK61,2,1,2,4,0.0558186720975989,77.25,False,0.65259109577284
7fds__B1_P9WK61--7fds__A1_P9WK61,3,2,2,4,0.0557396295966284,75.5,False,0.6365447287148313
7fds__B1_P9WK61--7fds__A1_P9WK61,4,2,1,4,0.0563761396425131,62.6875,False,0.6201885602874647
7fds__B1_P9WK61--7fds__A1_P9WK61,5,2,0,4,0.0552231989587694,57.1875,False,0.6035547566907647
7fds__B1_P9WK61--7fds__A1_P9WK61,6,5,2,4,0.0555533236007711,53.96875,False,0.5836528964485354
7fds__B1_P9WK61--7fds__A1_P9WK61,7,1,3,4,0.0568834307256269,49.875,False,0.5726474892074175
7fds__B1_P9WK61--7fds__A1_P9WK61,8,5,1,4,0.0580099227532292,48.40625,False,0.545766435782993
7fds__B1_P9WK61--7fds__A1_P9WK61,9,4,0,4,0.0596003773354144,46.6875,False,0.5359828222425739
7fds__B1_P9WK61--7fds__A1_P9WK61,10,2,3,4,0.0502035286026347,45.375,False,0.5231181824049269
7fds__B1_P9WK61--7fds__A1_P9WK61,11,4,3,4,0.058754620211291,44.96875,False,0.5
7fds__B1_P9WK61--7fds__A1_P9WK61,12,4,1,4,0.251629097610996,41.9375,True,0.4369574139629046
7fds__B1_P9WK61--7fds__A1_P9WK61,13,1,1,4,0.055748193174657,40.5625,False,0.47805586310223674
7fds__B1_P9WK61--7fds__A1_P9WK61,14,5,3,4,0.0510118369072537,39.8125,False,0.4406892285878108
7fds__B1_P9WK61--7fds__A1_P9WK61,15,3,2,4,0.0627129387101036,33.15625,False,0.4434777400662525
7fds__B1_P9WK61--7fds__A1_P9WK61,16,4,2,4,0.0533151360298275,31.25,False,0.3645578434309568
7fds__B1_P9WK61--7fds__A1_P9WK61,17,3,3,4,0.0617231795416474,30.8125,False,0.428340266679101
7fds__B1_P9WK61--7fds__A1_P9WK61,18,3,1,4,0.0676522879429019,30.5625,False,0.4043285564585084
7fds__B1_P9WK61--7fds__A1_P9WK61,19,3,0,4,0.0612494374581853,30.359375,False,0.39941988599074246
7fds__B1_P9WK61--7fds__A1_P9WK61,20,5,0,4,0.0505403732082489,29.078125,False,0.3305147755630705
7jre__A1_Q68T42--7jre__B1_Q68T42,1,2,2,1,0.9031052526381274,71.625,True,0.6373033260027056
7jre__A1_Q68T42--7jre__B1_Q68T42,2,2,1,1,0.3110265198227065,22.8125,True,0.6735796852178015
7jre__A1_Q68T42--7jre__B1_Q68T42,3,4,1,1,0.0207308044350918,21.875,False,0.6556411395856868
7jre__A1_Q68T42--7jre__B1_Q68T42,4,5,0,1,0.0761141365365087,20.078125,False,0.4853106579877534
7jre__A1_Q68T42--7jre__B1_Q68T42,5,5,3,1,0.0142040840600246,20.0625,False,0.5479803653208402
7jre__A1_Q68T42--7jre__B1_Q68T42,6,4,3,1,0.0188338060120775,19.703125,False,0.6086026703211906
7jre__A1_Q68T42--7jre__B1_Q68T42,7,3,2,1,0.0417888344380994,19.6875,False,0.6215716691863917
7jre__A1_Q68T42--7jre__B1_Q68T42,8,4,2,1,0.0218080994102884,19.328125,False,0.5645839294860319
7jre__A1_Q68T42--7jre__B1_Q68T42,9,1,1,1,0.6485796717851177,19.109375,True,0.532408074169444
7jre__A1_Q68T42--7jre__B1_Q68T42,10,1,0,1,0.5234626714143468,19.0,True,0.5483847232900803
7jre__A1_Q68T42--7jre__B1_Q68T42,11,5,2,1,0.0136655568538318,18.78125,False,0.39198309728811204
7jre__A1_Q68T42--7jre__B1_Q68T42,12,3,3,1,0.0279073834607442,18.59375,False,0.561912764083782
7jre__A1_Q68T42--7jre__B1_Q68T42,13,1,3,1,0.3332037375212033,17.6875,True,0.47439680449039523
7jre__A1_Q68T42--7jre__B1_Q68T42,14,4,0,1,0.0263435824053222,17.359375,False,0.4324906355337393
7jre__A1_Q68T42--7jre__B1_Q68T42,15,1,2,1,0.0279708378749555,17.1875,False,0.4124323503716576
7jre__A1_Q68T42--7jre__B1_Q68T42,16,2,0,1,0.0292386766472106,17.1875,False,0.44739029654413454
7jre__A1_Q68T42--7jre__B1_Q68T42,17,5,1,1,0.0209274381511115,16.875,False,0.3580707012678012
7jre__A1_Q68T42--7jre__B1_Q68T42,18,2,3,1,0.02663063137171,16.6875,False,0.411022100561745
7jre__A1_Q68T42--7jre__B1_Q68T42,19,3,1,1,0.0140874833066607,16.65625,False,0.4012018914369828
7jre__A1_Q68T42--7jre__B1_Q68T42,20,3,0,1,0.0217328877792648,15.859375,False,0.36582715650513475
7k5n__A1_A0A3S5WQC2--7k5n__A2_A0A3S5WQC2,1,4,1,3,0.0177188446215014,81.9375,False,0.6662382013609502
7k5n__A1_A0A3S5WQC2--7k5n__A2_A0A3S5WQC2,2,5,1,3,0.0179761261142041,81.625,False,0.6088444928234613
7k5n__A1_A0A3S5WQC2--7k5n__A2_A0A3S5WQC2,3,5,0,3,0.017992632677797,81.5625,False,0.6122915497850497
7k5n__A1_A0A3S5WQC2--7k5n__A2_A0A3S5WQC2,4,3,1,3,0.0180099425204762,81.1875,False,0.594183105371672
7k5n__A1_A0A3S5WQC2--7k5n__A2_A0A3S5WQC2,5,4,2,3,0.0177235566397408,81.0,False,0.6409615280543413
7k5n__A1_A0A3S5WQC2--7k5n__A2_A0A3S5WQC2,6,5,3,3,0.0179988820180974,80.75,False,0.5562038176671633
7k5n__A1_A0A3S5WQC2--7k5n__A2_A0A3S5WQC2,7,4,0,3,0.0177452586085509,80.0,False,0.6008632510563438
7k5n__A1_A0A3S5WQC2--7k5n__A2_A0A3S5WQC2,8,5,2,3,0.0180771641433846,76.5,False,0.5207797831466366
7k5n__A1_A0A3S5WQC2--7k5n__A2_A0A3S5WQC2,9,2,0,3,0.0177360232221102,75.6875,False,0.5673532668756551
7k5n__A1_A0A3S5WQC2--7k5n__A2_A0A3S5WQC2,10,2,3,3,0.01778676703304,73.375,False,0.5208703625804683
7k5n__A1_A0A3S5WQC2--7k5n__A2_A0A3S5WQC2,11,3,0,3,0.0180259385298586,73.25,False,0.47071020402239094
7k5n__A1_A0A3S5WQC2--7k5n__A2_A0A3S5WQC2,12,2,1,3,0.0177589123331965,71.8125,False,0.5030712108409388
7k5n__A1_A0A3S5WQC2--7k5n__A2_A0A3S5WQC2,13,4,3,3,0.0177369565663859,71.1875,False,0.47779593627890093
7k5n__A1_A0A3S5WQC2--7k5n__A2_A0A3S5WQC2,14,2,2,3,0.0177074827178597,70.25,False,0.4631809816025781
7k5n__A1_A0A3S5WQC2--7k5n__A2_A0A3S5WQC2,15,3,2,3,0.018145124323558,66.9375,False,0.43340574202393845
7k5n__A1_A0A3S5WQC2--7k5n__A2_A0A3S5WQC2,16,1,2,3,0.0292749661711967,22.65625,False,0.42435170142460144
7k5n__A1_A0A3S5WQC2--7k5n__A2_A0A3S5WQC2,17,1,0,3,0.078775582034179,20.875,False,0.3870263556706645
7k5n__A1_A0A3S5WQC2--7k5n__A2_A0A3S5WQC2,18,3,3,3,0.0218801934267227,20.859375,False,0.39467929798911855
7k5n__A1_A0A3S5WQC2--7k5n__A2_A0A3S5WQC2,19,1,3,3,0.0693182975892837,20.75,False,0.3730103569833569
7k5n__A1_A0A3S5WQC2--7k5n__A2_A0A3S5WQC2,20,1,1,3,0.0614215685445406,20.046875,False,0.3468402096646843
7mku__A1_Q8VYI3--7mku__B1_Q8VYI3,1,2,3,1,0.0062255883238701,92.3125,False,0.6571687203490494
7mku__A1_Q8VYI3--7mku__B1_Q8VYI3,2,1,3,1,0.0060884480278836,92.25,False,0.6159466027628623
7mku__A1_Q8VYI3--7mku__B1_Q8VYI3,3,5,1,1,0.0060865202180055,92.1875,False,0.5788618375635358
7mku__A1_Q8VYI3--7mku__B1_Q8VYI3,4,5,0,1,0.006083389711964,92.1875,False,0.5693197634353957
7mku__A1_Q8VYI3--7mku__B1_Q8VYI3,5,3,1,1,0.0061709151623656,92.125,False,0.5728340704027225
7mku__A1_Q8VYI3--7mku__B1_Q8VYI3,6,2,2,1,0.0062230438200015,92.125,False,0.6261035132462258
7mku__A1_Q8VYI3--7mku__B1_Q8VYI3,7,1,2,1,0.0060849294808947,92.0,False,0.5727344277866638
7mku__A1_Q8VYI3--7mku__B1_Q8VYI3,8,2,0,1,0.0062498944542119,91.75,False,0.5394424795086842
7mku__A1_Q8VYI3--7mku__B1_Q8VYI3,9,3,2,1,0.0062006615123013,91.375,False,0.5427694261499402
7mku__A1_Q8VYI3--7mku__B1_Q8VYI3,10,1,1,1,0.0061363910492102,91.1875,False,0.4898530898495268
7mku__A1_Q8VYI3--7mku__B1_Q8VYI3,11,3,3,1,0.0061330481238888,91.0625,False,0.5012773381745396
7mku__A1_Q8VYI3--7mku__B1_Q8VYI3,12,3,0,1,0.0061732006123744,91.0625,False,0.48487783998234335
7mku__A1_Q8VYI3--7mku__B1_Q8VYI3,13,5,3,1,0.0061064754989464,90.9375,False,0.4622854052846697
7mku__A1_Q8VYI3--7mku__B1_Q8VYI3,14,4,1,1,0.0060785693254068,90.8125,False,0.459693862171391
7mku__A1_Q8VYI3--7mku__B1_Q8VYI3,15,5,2,1,0.0061441017019353,90.8125,False,0.3895290993574347
7mku__A1_Q8VYI3--7mku__B1_Q8VYI3,16,4,0,1,0.0060248904111131,90.625,False,0.45355546303071087
7mku__A1_Q8VYI3--7mku__B1_Q8VYI3,17,1,0,1,0.0061363704932672,90.625,False,0.42772236866663904
7mku__A1_Q8VYI3--7mku__B1_Q8VYI3,18,2,1,1,0.0061392775659826,90.5625,False,0.3894581867542378
7mku__A1_Q8VYI3--7mku__B1_Q8VYI3,19,4,2,1,0.0060228670003411,90.5625,False,0.42081814306087845
7mku__A1_Q8VYI3--7mku__B1_Q8VYI3,20,4,3,1,0.0060317271447751,90.3125,False,0.3813838883884823
7mnr__A1_P62826--7mnr__B1_P49792,1,5,1,2,0.6078517666639414,85.0625,True,0.5664753829819331
7mnr__A1_P62826--7mnr__B1_P49792,2,1,3,2,0.6584935451485867,84.5625,True,0.6018394778361339
7mnr__A1_P62826--7mnr__B1_P49792,3,4,0,2,0.6843374580122977,84.5625,True,0.6211630142164087
7mnr__A1_P62826--7mnr__B1_P49792,4,4,2,2,0.6858627088946644,84.5625,True,0.6233461148802284
7mnr__A1_P62826--7mnr__B1_P49792,5,5,3,2,0.6193171900590674,84.5,True,0.5516909619662287
7mnr__A1_P62826--7mnr__B1_P49792,6,5,2,2,0.6295120363495782,84.0625,True,0.46346578970425917
7mnr__A1_P62826--7mnr__B1_P49792,7,3,2,2,0.6906324871632495,84.0,True,0.550791081044367
7mnr__A1_P62826--7mnr__B1_P49792,8,5,0,2,0.6748742166402003,84.0,True,0.563681438967669
7mnr__A1_P62826--7mnr__B1_P49792,9,1,2,2,0.6571936460746008,83.9375,True,0.518783104961442
7mnr__A1_P62826--7mnr__B1_P49792,10,1,1,2,0.6687283677310111,83.875,True,0.5386606222831065
7mnr__A1_P62826--7mnr__B1_P49792,11,1,0,2,0.6337339634871086,83.8125,True,0.5351707764685075
7mnr__A1_P62826--7mnr__B1_P49792,12,3,0,2,0.6864673265873794,83.6875,True,0.4875389173493042
7mnr__A1_P62826--7mnr__B1_P49792,13,4,3,2,0.6911145006226986,83.625,True,0.542695841851471
7mnr__A1_P62826--7mnr__B1_P49792,14,3,3,2,0.6392712020175383,83.3125,True,0.42608885266788554
7mnr__A1_P62826--7mnr__B1_P49792,15,4,1,2,0.6839557359269977,83.125,True,0.4764754555776122
7mnr__A1_P62826--7mnr__B1_P49792,16,3,1,2,0.5996931737544867,82.875,True,0.41749638476090173
7mnr__A1_P62826--7mnr__B1_P49792,17,2,3,2,0.5795351549163458,82.0625,True,0.4377793349716558
7mnr__A1_P62826--7mnr__B1_P49792,18,2,2,2,0.5688557791385442,81.625,True,0.39290770795465274
7mnr__A1_P62826--7mnr__B1_P49792,19,2,0,2,0.6318754244596536,81.25,True,0.4209640082007239
7mnr__A1_P62826--7mnr__B1_P49792,20,2,1,2,0.6546514982245045,80.875,True,0.40589891996772026
7o8c__A1_A7LY27--7o8c__B1_A7LY27,1,5,2,1,0.0540034855418293,51.03125,False,0.6686467147189445
7o8c__A1_A7LY27--7o8c__B1_A7LY27,2,5,3,1,0.0404725259252513,38.40625,False,0.6719761790894991
7o8c__A1_A7LY27--7o8c__B1_A7LY27,3,2,1,1,0.0292617902387424,37.90625,False,0.6313099965214817
7o8c__A1_A7LY27--7o8c__B1_A7LY27,4,1,2,1,0.048204877270117,37.28125,False,0.4902676299183083
7o8c__A1_A7LY27--7o8c__B1_A7LY27,5,3,1,1,0.0479446022684873,35.84375,False,0.6347965224875232
7o8c__A1_A7LY27--7o8c__B1_A7LY27,6,2,0,1,0.0440146210970922,34.25,False,0.6068662677376941
7o8c__A1_A7LY27--7o8c__B1_A7LY27,7,4,1,1,0.0113645900673288,32.125,False,0.5735542453077649
7o8c__A1_A7LY27--7o8c__B1_A7LY27,8,5,1,1,0.0695107045153333,30.21875,False,0.5131817878525656
7o8c__A1_A7LY27--7o8c__B1_A7LY27,9,1,3,1,0.0445164594692364,30.140625,False,0.5337946534303443
7o8c__A1_A7LY27--7o8c__B1_A7LY27,10,5,0,1,0.0410915485539972,30.0,False,0.541647303945257
7o8c__A1_A7LY27--7o8c__B1_A7LY27,11,3,0,1,0.0405917608320754,29.96875,False,0.5371367327385586
7o8c__A1_A7LY27--7o8c__B1_A7LY27,12,2,3,1,0.0309202249595643,29.890625,False,0.4832308254671609
7o8c__A1_A7LY27--7o8c__B1_A7LY27,13,3,3,1,0.1099970364348188,27.296875,False,0.4815219905764923
7o8c__A1_A7LY27--7o8c__B1_A7LY27,14,4,0,1,0.0310296943533391,27.140625,False,0.45247623154854
7o8c__A1_A7LY27--7o8c__B1_A7LY27,15,1,1,1,0.0162077284525216,27.03125,False,0.4046431836737887
7o8c__A1_A7LY27--7o8c__B1_A7LY27,16,4,3,1,0.0934356980246605,26.5,False,0.4220802851123829
7o8c__A1_A7LY27--7o8c__B1_A7LY27,17,2,2,1,0.0209690058874907,25.859375,False,0.3888780632437031
7o8c__A1_A7LY27--7o8c__B1_A7LY27,18,3,2,1,0.0448312900086593,25.421875,False,0.39692005216263126
7o8c__A1_A7LY27--7o8c__B1_A7LY27,19,1,0,1,0.0161260823197866,24.625,False,0.3646310964463198
7o8c__A1_A7LY27--7o8c__B1_A7LY27,20,4,2,1,0.0430981155120633,24.15625,False,0.33537935165102517
7ouv__A1_Q14315--7ouv__B1_Q14315,1,2,1,2,0.0191153107520002,21.46875,False,0.6290785069777316
7ouv__A1_Q14315--7ouv__B1_Q14315,2,1,3,2,0.2070225229159929,21.25,False,0.6821493433729601
7ouv__A1_Q14315--7ouv__B1_Q14315,3,1,0,2,0.1212681908187166,21.046875,False,0.6623250716452387
7ouv__A1_Q14315--7ouv__B1_Q14315,4,2,3,2,0.0191190350604017,20.78125,False,0.6198707394470152
7ouv__A1_Q14315--7ouv__B1_Q14315,5,2,2,2,0.0208217425356218,20.140625,False,0.4750389376555847
7ouv__A1_Q14315--7ouv__B1_Q14315,6,2,0,2,0.0205990850846765,19.953125,False,0.5584536701263869
7ouv__A1_Q14315--7ouv__B1_Q14315,7,1,2,2,0.0859831934448662,19.921875,False,0.5650045251175679
7ouv__A1_Q14315--7ouv__B1_Q14315,8,1,1,2,0.0728754776104218,19.734375,False,0.5282703535647515
7ouv__A1_Q14315--7ouv__B1_Q14315,9,4,0,2,0.2720846678672063,19.59375,True,0.49670773653434497
7ouv__A1_Q14315--7ouv__B1_Q14315,10,4,1,2,0.2566102390061667,19.359375,True,0.5279040574484599
7ouv__A1_Q14315--7ouv__B1_Q14315,11,4,3,2,0.3080477672624738,19.125,True,0.4581928747734971
7ouv__A1_Q14315--7ouv__B1_Q14315,12,4,2,2,0.1801101106854476,18.765625,False,0.42817367473969703
7ouv__A1_Q14315--7ouv__B1_Q14315,13,3,1,2,0.053778188463112,18.125,False,0.4515695764506332
7ouv__A1_Q14315--7ouv__B1_Q14315,14,5,3,2,0.0194935061247002,18.0625,False,0.5279114729953142
7ouv__A1_Q14315--7ouv__B1_Q14315,15,3,2,2,0.1130044974363849,17.578125,False,0.45299559296175756
7ouv__A1_Q14315--7ouv__B1_Q14315,16,5,0,2,0.1392151022843245,17.40625,False,0.41135490460201396
7ouv__A1_Q14315--7ouv__B1_Q14315,17,5,2,2,0.0208770064743992,17.40625,False,0.4014495035382612
7ouv__A1_Q14315--7ouv__B1_Q14315,18,3,3,2,0.1233173949699993,17.359375,False,0.41569201267484207
7ouv__A1_Q14315--7ouv__B1_Q14315,19,3,0,2,0.1135488511457969,17.234375,False,0.45442238138507796
7ouv__A1_Q14315--7ouv__B1_Q14315,20,5,1,2,0.1227073078330944,16.796875,False,0.3842829586861653
7ovp__A1_O58230--7ovp__B1_O58230,1,5,0,3,0.3075575556813466,59.375,True,0.6582192447728955
7ovp__A1_O58230--7ovp__B1_O58230,2,3,2,3,0.3044832518405496,59.1875,True,0.6663430629304027
7ovp__A1_O58230--7ovp__B1_O58230,3,1,3,3,0.3052520932574913,53.125,True,0.6484112852846444
7ovp__A1_O58230--7ovp__B1_O58230,4,3,1,3,0.2735855526744448,42.15625,True,0.6136456259146527
7ovp__A1_O58230--7ovp__B1_O58230,5,4,1,3,0.2795324161740489,38.125,True,0.6115438244919231
7ovp__A1_O58230--7ovp__B1_O58230,6,3,3,3,0.2672448166196453,36.78125,True,0.58885492228099
7ovp__A1_O58230--7ovp__B1_O58230,7,5,2,3,0.2669265171108215,33.28125,True,0.5550116491715431
7ovp__A1_O58230--7ovp__B1_O58230,8,2,1,3,0.2790521196318361,33.15625,True,0.5536000586130483
7ovp__A1_O58230--7ovp__B1_O58230,9,4,2,3,0.2745506280362999,31.765625,True,0.4437044826479462
7ovp__A1_O58230--7ovp__B1_O58230,10,4,3,3,0.2777730220366719,31.453125,True,0.5093096666765962
7ovp__A1_O58230--7ovp__B1_O58230,11,4,0,3,0.2807392084973234,31.359375,True,0.5219596342518188
7ovp__A1_O58230--7ovp__B1_O58230,12,3,0,3,0.2610307013402715,30.859375,True,0.45963414118619805
7ovp__A1_O58230--7ovp__B1_O58230,13,5,3,3,0.264600986672803,30.84375,True,0.39263771524579444
7ovp__A1_O58230--7ovp__B1_O58230,14,2,3,3,0.2703448485389998,30.71875,True,0.4984001469829241
7ovp__A1_O58230--7ovp__B1_O58230,15,2,0,3,0.2812079674192612,30.265625,True,0.44062493989201285
7ovp__A1_O58230--7ovp__B1_O58230,16,1,2,3,0.2789248276216593,30.1875,True,0.45098337388290544
7ovp__A1_O58230--7ovp__B1_O58230,17,2,2,3,0.275713538394264,29.828125,True,0.44639512375548834
7ovp__A1_O58230--7ovp__B1_O58230,18,1,1,3,0.2752343416296951,29.125,True,0.40795086523823537
7ovp__A1_O58230--7ovp__B1_O58230,19,5,1,3,0.2750335426193626,28.84375,True,0.3342696343960878
7ovp__A1_O58230--7ovp__B1_O58230,20,1,0,3,0.3027415384873273,27.25,True,0.3580898867951248
7oxl__A1_Q9NWM0--7oxl__A2_Q9NWM0,1,3,3,1,0.0035450710704804,72.5,False,0.6373033260027056
7oxl__A1_Q9NWM0--7oxl__A2_Q9NWM0,2,5,1,1,0.0035734469096416,70.6875,False,0.6275869232771039
7oxl__A1_Q9NWM0--7oxl__A2_Q9NWM0,3,4,3,1,0.0034166515432463,68.25,False,0.6031690367539376
7oxl__A1_Q9NWM0--7oxl__A2_Q9NWM0,4,5,2,1,0.0035912244858738,68.125,False,0.5529997021002123
7oxl__A1_Q9NWM0--7oxl__A2_Q9NWM0,5,4,1,1,0.0034282095340726,67.75,False,0.5961005698702594
7oxl__A1_Q9NWM0--7oxl__A2_Q9NWM0,6,3,1,1,0.0036545389548142,67.25,False,0.548930182164739
7oxl__A1_Q9NWM0--7oxl__A2_Q9NWM0,7,4,0,1,0.0034593818981449,66.75,False,0.562173565686698
7oxl__A1_Q9NWM0--7oxl__A2_Q9NWM0,8,3,2,1,0.004043994935196,64.9375,False,0.5714502948275918
7oxl__A1_Q9NWM0--7oxl__A2_Q9NWM0,9,5,0,1,0.0036510793810526,63.90625,False,0.5167483779786927
7oxl__A1_Q9NWM0--7oxl__A2_Q9NWM0,10,4,2,1,0.0034312604522205,61.40625,False,0.5493003421668833
7oxl__A1_Q9NWM0--7oxl__A2_Q9NWM0,11,5,3,1,0.0036503893672404,59.875,False,0.4987441922584929
7oxl__A1_Q9NWM0--7oxl__A2_Q9NWM0,12,3,0,1,0.0035256352162754,52.21875,False,0.4859117589346725
7oxl__A1_Q9NWM0--7oxl__A2_Q9NWM0,13,2,2,1,0.0034071545251158,42.9375,False,0.4284506114987401
7oxl__A1_Q9NWM0--7oxl__A2_Q9NWM0,14,2,3,1,0.0034462035231669,41.59375,False,0.4205943729659468
7oxl__A1_Q9NWM0--7oxl__A2_Q9NWM0,15,2,0,1,0.0033999277228105,40.21875,False,0.40917423726491464
7oxl__A1_Q9NWM0--7oxl__A2_Q9NWM0,16,1,0,1,0.0033013985904612,37.59375,False,0.4660576539788797
7oxl__A1_Q9NWM0--7oxl__A2_Q9NWM0,17,1,2,1,0.0032879193553378,32.25,False,0.4460929190285155
7oxl__A1_Q9NWM0--7oxl__A2_Q9NWM0,18,1,3,1,0.0032022816710276,27.328125,False,0.42163604169733016
7oxl__A1_Q9NWM0--7oxl__A2_Q9NWM0,19,1,1,1,0.0032052088078836,26.59375,False,0.3972751081057538
7oxl__A1_Q9NWM0--7oxl__A2_Q9NWM0,20,2,1,1,0.0033001814649286,26.40625,False,0.39676646055376225
7ped__A1_Q8TB45--7ped__B1_Q8TB45,1,4,1,3,0.2929944938318023,62.3125,True,0.6614858700232774
7ped__A1_Q8TB45--7ped__B1_Q8TB45,2,4,3,3,0.2893820383815332,59.90625,True,0.6394846721190959
7ped__A1_Q8TB45--7ped__B1_Q8TB45,3,4,0,3,0.2930805679501881,58.9375,True,0.6295920303278445
7ped__A1_Q8TB45--7ped__B1_Q8TB45,4,4,2,3,0.293204085622227,58.6875,True,0.623450414483099
7ped__A1_Q8TB45--7ped__B1_Q8TB45,5,1,1,3,0.3013740886761257,46.46875,True,0.5420076348678626
7ped__A1_Q8TB45--7ped__B1_Q8TB45,6,1,3,3,0.3012471533045647,43.78125,True,0.5059758484037864
7ped__A1_Q8TB45--7ped__B1_Q8TB45,7,1,2,3,0.3081640701770775,43.28125,True,0.4918908889800087
7ped__A1_Q8TB45--7ped__B1_Q8TB45,8,2,1,3,0.0065896333289918,42.5,False,0.5675391385428368
7ped__A1_Q8TB45--7ped__B1_Q8TB45,9,2,0,3,0.0066294375703231,40.125,False,0.5029375404829494
7ped__A1_Q8TB45--7ped__B1_Q8TB45,10,2,3,3,0.006656939046495,39.78125,False,0.5103138067016234
7ped__A1_Q8TB45--7ped__B1_Q8TB45,11,2,2,3,0.0066389885489001,39.0625,False,0.475892940523793
7ped__A1_Q8TB45--7ped__B1_Q8TB45,12,3,3,3,0.0065007102212435,25.734375,False,0.40355003501355824
7ped__A1_Q8TB45--7ped__B1_Q8TB45,13,1,0,3,0.0767586092699948,21.96875,False,0.43315827197749596
7ped__A1_Q8TB45--7ped__B1_Q8TB45,14,5,3,3,0.0194112408971331,20.203125,False,0.4976200949274779
7ped__A1_Q8TB45--7ped__B1_Q8TB45,15,5,2,3,0.0209140683992056,19.78125,False,0.5021784655052901
7ped__A1_Q8TB45--7ped__B1_Q8TB45,16,3,0,3,0.0153194307295942,19.6875,False,0.4319455527788141
7ped__A1_Q8TB45--7ped__B1_Q8TB45,17,5,0,3,0.0206162100619905,19.625,False,0.4675312426470642
7ped__A1_Q8TB45--7ped__B1_Q8TB45,18,5,1,3,0.0196048745918808,19.34375,False,0.4512735932198122
7ped__A1_Q8TB45--7ped__B1_Q8TB45,19,3,2,3,0.0150246413859026,19.234375,False,0.4213117034238026
7ped__A1_Q8TB45--7ped__B1_Q8TB45,20,3,1,3,0.0148447129775539,18.578125,False,0.3968366952213609
7ppp__A1_A0A5F9DAT3--7ppp__B1_A0A5F9DAT3,1,5,3,4,0.8560163310144387,79.9375,True,0.6577054145232074
7ppp__A1_A0A5F9DAT3--7ppp__B1_A0A5F9DAT3,2,4,2,4,0.8378759473083051,78.375,True,0.6322711185543298
7ppp__A1_A0A5F9DAT3--7ppp__B1_A0A5F9DAT3,3,4,3,4,0.8906010752633353,77.4375,True,0.5932701246729521
7ppp__A1_A0A5F9DAT3--7ppp__B1_A0A5F9DAT3,4,4,1,4,0.8877789588421662,77.1875,True,0.5891833474273269
7ppp__A1_A0A5F9DAT3--7ppp__B1_A0A5F9DAT3,5,5,2,4,0.893035236351751,77.125,True,0.637035175851328
7ppp__A1_A0A5F9DAT3--7ppp__B1_A0A5F9DAT3,6,5,0,4,0.8552652316013868,76.8125,True,0.621280829314532
7ppp__A1_A0A5F9DAT3--7ppp__B1_A0A5F9DAT3,7,4,0,4,0.8487674252072045,76.375,True,0.6086841805422617
7ppp__A1_A0A5F9DAT3--7ppp__B1_A0A5F9DAT3,8,5,1,4,0.8418850278743641,72.8125,True,0.5383957851807636
7ppp__A1_A0A5F9DAT3--7ppp__B1_A0A5F9DAT3,9,1,0,4,0.868548886173905,65.0,True,0.5569171632755116
7ppp__A1_A0A5F9DAT3--7ppp__B1_A0A5F9DAT3,10,1,3,4,0.8585478205287135,62.0,True,0.5024263719304807
7ppp__A1_A0A5F9DAT3--7ppp__B1_A0A5F9DAT3,11,1,2,4,0.8514493085700966,59.21875,True,0.5140621193032003
7ppp__A1_A0A5F9DAT3--7ppp__B1_A0A5F9DAT3,12,1,1,4,0.8592629786868592,57.28125,True,0.46883157915255785
7ppp__A1_A0A5F9DAT3--7ppp__B1_A0A5F9DAT3,13,2,1,4,0.8272335070446079,49.90625,True,0.45765341399639026
7ppp__A1_A0A5F9DAT3--7ppp__B1_A0A5F9DAT3,14,3,0,4,0.8358605041870611,48.03125,True,0.4674736684489352
7ppp__A1_A0A5F9DAT3--7ppp__B1_A0A5F9DAT3,15,3,2,4,0.8389639330912629,38.28125,True,0.4508639347472009
7ppp__A1_A0A5F9DAT3--7ppp__B1_A0A5F9DAT3,16,3,3,4,0.8425107649381239,38.1875,True,0.43898507001630727
7ppp__A1_A0A5F9DAT3--7ppp__B1_A0A5F9DAT3,17,2,0,4,0.8493503890752162,33.96875,True,0.3821002829676042
7ppp__A1_A0A5F9DAT3--7ppp__B1_A0A5F9DAT3,18,3,1,4,0.837346131651346,32.65625,True,0.4004874282180589
7ppp__A1_A0A5F9DAT3--7ppp__B1_A0A5F9DAT3,19,2,2,4,0.8316247914288452,28.265625,True,0.33035093367092355
7ppp__A1_A0A5F9DAT3--7ppp__B1_A0A5F9DAT3,20,2,3,4,0.8365429002802239,24.53125,True,0.3268645881998544
7pq0__B1_P60842--7pq0__A1_Q63UP7,1,4,3,1,0.0235893512786936,78.6875,False,0.6147663281659694
7pq0__B1_P60842--7pq0__A1_Q63UP7,2,2,3,1,0.1602276785851752,77.8125,False,0.6432552014957112
7pq0__B1_P60842--7pq0__A1_Q63UP7,3,2,1,1,0.025307538554332,75.625,False,0.6096687012738553
7pq0__B1_P60842--7pq0__A1_Q63UP7,4,2,0,1,0.0277266800255143,72.125,False,0.6019688008139379
7pq0__B1_P60842--7pq0__A1_Q63UP7,5,3,2,1,0.0274085995186579,55.75,False,0.5837549907664785
7pq0__B1_P60842--7pq0__A1_Q63UP7,6,1,1,1,0.009659754515576,48.21875,False,0.5699971250720411
7pq0__B1_P60842--7pq0__A1_Q63UP7,7,1,0,1,0.0093856099359964,40.65625,False,0.5714044708340693
7pq0__B1_P60842--7pq0__A1_Q63UP7,8,3,0,1,0.0228647051268332,38.09375,False,0.5719876668966357
7pq0__B1_P60842--7pq0__A1_Q63UP7,9,1,2,1,0.0111648947843361,31.4375,False,0.5616039910427811
7pq0__B1_P60842--7pq0__A1_Q63UP7,10,1,3,1,0.0113028309926829,30.25,False,0.536953279936075
7pq0__B1_P60842--7pq0__A1_Q63UP7,11,3,3,1,0.0241519170275401,28.046875,False,0.5023763188991357
7pq0__B1_P60842--7pq0__A1_Q63UP7,12,4,0,1,0.0235222595999901,25.875,False,0.4820646147617346
7pq0__B1_P60842--7pq0__A1_Q63UP7,13,2,2,1,0.027421442119892,25.328125,False,0.481828688731812
7pq0__B1_P60842--7pq0__A1_Q63UP7,14,5,2,1,0.0157831419815819,24.90625,False,0.4184738958563573
7pq0__B1_P60842--7pq0__A1_Q63UP7,15,4,1,1,0.0097383147090045,24.109375,False,0.4347862017615765
7pq0__B1_P60842--7pq0__A1_Q63UP7,16,5,1,1,0.0124707382394477,22.734375,False,0.4078008835571159
7pq0__B1_P60842--7pq0__A1_Q63UP7,17,5,3,1,0.0165320255650772,22.5625,False,0.37704924533958983
7pq0__B1_P60842--7pq0__A1_Q63UP7,18,5,0,1,0.0288325784503696,22.03125,False,0.42494981346960387
7pq0__B1_P60842--7pq0__A1_Q63UP7,19,4,2,1,0.0337114246167144,21.125,False,0.37737061274267225
7pq0__B1_P60842--7pq0__A1_Q63UP7,20,3,1,1,0.0249339086392576,20.5,False,0.3678522597033931
7r79__B1_F0UVX7--7r79__A1_F0UVX7,1,4,2,1,0.7949571066684235,74.375,True,0.6373033260027056
7r79__B1_F0UVX7--7r79__A1_F0UVX7,2,4,0,1,0.7991441933539706,74.125,True,0.6241758896027589
7r79__B1_F0UVX7--7r79__A1_F0UVX7,3,4,3,1,0.7960911825370395,72.375,True,0.6108634353226405
7r79__B1_F0UVX7--7r79__A1_F0UVX7,4,4,1,1,0.8243684223383543,72.0625,True,0.5904961852386199
7r79__B1_F0UVX7--7r79__A1_F0UVX7,5,2,2,1,0.7435314800612844,71.1875,True,0.589580890183091
7r79__B1_F0UVX7--7r79__A1_F0UVX7,6,2,1,1,0.7656430345456838,70.5625,True,0.5711076810352159
7r79__B1_F0UVX7--7r79__A1_F0UVX7,7,2,0,1,0.7736937824159632,68.0,True,0.5561302924987059
7r79__B1_F0UVX7--7r79__A1_F0UVX7,8,2,3,1,0.7496741591115201,67.75,True,0.5421754569742222
7r79__B1_F0UVX7--7r79__A1_F0UVX7,9,3,2,1,0.7825953408130939,67.625,True,0.5377844800324638
7r79__B1_F0UVX7--7r79__A1_F0UVX7,10,5,0,1,0.7237905444110312,63.3125,True,0.4960971042230997
7r79__B1_F0UVX7--7r79__A1_F0UVX7,11,3,1,1,0.7269703170514318,62.53125,True,0.5035219870846732
7r79__B1_F0UVX7--7r79__A1_F0UVX7,12,3,0,1,0.7105637879447692,62.3125,True,0.5149497311363218
7r79__B1_F0UVX7--7r79__A1_F0UVX7,13,1,1,1,0.3680691648471417,60.65625,True,0.41935977632553545
7r79__B1_F0UVX7--7r79__A1_F0UVX7,14,1,3,1,0.6080031907757796,60.09375,True,0.46970020370302545
7r79__B1_F0UVX7--7r79__A1_F0UVX7,15,3,3,1,0.7119392084677897,59.84375,True,0.4787191110463824
7r79__B1_F0UVX7--7r79__A1_F0UVX7,16,1,0,1,0.3733941772813731,57.40625,True,0.41236206237215706
7r79__B1_F0UVX7--7r79__A1_F0UVX7,17,1,2,1,0.3649406511545603,51.46875,True,0.4162450092335215
7r79__B1_F0UVX7--7r79__A1_F0UVX7,18,5,2,1,0.2757890195382917,44.71875,True,0.40261640335786997
7r79__B1_F0UVX7--7r79__A1_F0UVX7,19,5,1,1,0.3242156422013185,42.625,True,0.38913656467735946
7r79__B1_F0UVX7--7r79__A1_F0UVX7,20,5,3,1,0.2683184627984198,39.65625,True,0.375824110397241
7rwk__A1_V4NUN3--7rwk__B1_V4NUN3,1,3,1,2,0.2022699435807743,65.625,False,0.7248153001129771
7rwk__A1_V4NUN3--7rwk__B1_V4NUN3,2,3,0,2,0.2026246308761577,64.8125,False,0.7092907956106189
7rwk__A1_V4NUN3--7rwk__B1_V4NUN3,3,3,2,2,0.2024777606222876,63.65625,False,0.692692863004671
7rwk__A1_V4NUN3--7rwk__B1_V4NUN3,4,3,3,2,0.2026553638596886,59.75,False,0.6589288667078228
7rwk__A1_V4NUN3--7rwk__B1_V4NUN3,5,2,3,2,0.1976336862453992,59.65625,False,0.5885976307086737
7rwk__A1_V4NUN3--7rwk__B1_V4NUN3,6,2,0,2,0.2029294484748888,58.5625,False,0.5780646215729893
7rwk__A1_V4NUN3--7rwk__B1_V4NUN3,7,5,2,2,0.2027471254899321,57.875,False,0.5905218646805072
7rwk__A1_V4NUN3--7rwk__B1_V4NUN3,8,4,1,2,0.2025254929496922,57.84375,False,0.5841167855948136
7rwk__A1_V4NUN3--7rwk__B1_V4NUN3,9,2,2,2,0.2001943654596291,57.71875,False,0.5234251760677002
7rwk__A1_V4NUN3--7rwk__B1_V4NUN3,10,5,0,2,0.2027471284335364,57.625,False,0.5304677072343463
7rwk__A1_V4NUN3--7rwk__B1_V4NUN3,11,2,1,2,0.2028422793441423,56.96875,False,0.4603682577142156
7rwk__A1_V4NUN3--7rwk__B1_V4NUN3,12,5,1,2,0.2025052132157234,56.0625,False,0.4633713552271381
7rwk__A1_V4NUN3--7rwk__B1_V4NUN3,13,5,3,2,0.2025812665502702,55.96875,False,0.4746039689550094
7rwk__A1_V4NUN3--7rwk__B1_V4NUN3,14,4,3,2,0.1970474333746334,53.75,False,0.43176215378235067
7rwk__A1_V4NUN3--7rwk__B1_V4NUN3,15,4,2,2,0.2027676032201078,52.53125,False,0.43596935495595673
7rwk__A1_V4NUN3--7rwk__B1_V4NUN3,16,4,0,2,0.1971790292057811,51.1875,False,0.36792918180357886
7rwk__A1_V4NUN3--7rwk__B1_V4NUN3,17,1,1,2,0.2004937066167134,48.53125,False,0.34111390455295315
7rwk__A1_V4NUN3--7rwk__B1_V4NUN3,18,1,0,2,0.2035868694922056,47.59375,False,0.3514159455792508
7rwk__A1_V4NUN3--7rwk__B1_V4NUN3,19,1,2,2,0.201094862650701,47.125,False,0.3196106386699921
7rwk__A1_V4NUN3--7rwk__B1_V4NUN3,20,1,3,2,0.2009593173514164,47.03125,False,0.30222975137251257
7s0y__A1_P18177--7s0y__B1_P60953,1,1,0,0,0.748060340256583,82.9375,True,0.650979290742164
7s0y__A1_P18177--7s0y__B1_P60953,2,1,1,0,0.7482840682292876,81.75,True,0.6332061961948326
7s0y__A1_P18177--7s0y__B1_P60953,3,4,0,0,0.7709315040314504,81.625,True,0.6403196742028935
7s0y__A1_P18177--7s0y__B1_P60953,4,4,3,0,0.6923125739595223,79.0,True,0.6028745375292905
7s0y__A1_P18177--7s0y__B1_P60953,5,4,2,0,0.694017435269426,78.9375,True,0.5988561145705114
7s0y__A1_P18177--7s0y__B1_P60953,6,5,3,0,0.6300433771908122,78.125,True,0.5589248764840625
7s0y__A1_P18177--7s0y__B1_P60953,7,3,1,0,0.664306599837175,77.875,True,0.569036190048717
7s0y__A1_P18177--7s0y__B1_P60953,8,5,1,0,0.6803892596161218,77.5625,True,0.5704963568418091
7s0y__A1_P18177--7s0y__B1_P60953,9,1,2,0,0.717358998954929,76.5,True,0.5276597503082855
7s0y__A1_P18177--7s0y__B1_P60953,10,1,3,0,0.7264375562647509,74.5625,True,0.49398663782277513
7s0y__A1_P18177--7s0y__B1_P60953,11,5,2,0,0.6109780369743367,72.9375,True,0.4970048605522517
7s0y__A1_P18177--7s0y__B1_P60953,12,3,2,0,0.6019401996486752,72.9375,True,0.48773650360377957
7s0y__A1_P18177--7s0y__B1_P60953,13,4,1,0,0.471078842331976,70.9375,True,0.49358711804157507
7s0y__A1_P18177--7s0y__B1_P60953,14,2,1,0,0.7341619299910365,70.125,True,0.44801907686178893
7s0y__A1_P18177--7s0y__B1_P60953,15,2,0,0,0.7342884082659946,69.25,True,0.43826845901787753
7s0y__A1_P18177--7s0y__B1_P60953,16,5,0,0,0.4379713023584176,65.0625,True,0.3984762666661909
7s0y__A1_P18177--7s0y__B1_P60953,17,3,3,0,0.4048264889887336,65.0625,True,0.4078772245986187
7s0y__A1_P18177--7s0y__B1_P60953,18,3,0,0,0.4013776076960664,65.0,True,0.4072565246409595
7s0y__A1_P18177--7s0y__B1_P60953,19,2,2,0,0.4195031002839517,55.75,True,0.3734694332333938
7s0y__A1_P18177--7s0y__B1_P60953,20,2,3,0,0.3965233517247264,48.40625,True,0.35846526227729325
7s7q__A1_Q8I1Y0--7s7q__B1_C6KSX0,1,5,1,1,0.5487554804384698,82.6875,True,0.5804514646605436
7s7q__A1_Q8I1Y0--7s7q__B1_C6KSX0,2,3,1,1,0.5098740081274253,82.375,True,0.5886183488054427
7s7q__A1_Q8I1Y0--7s7q__B1_C6KSX0,3,3,0,1,0.5309931372073781,81.8125,True,0.6107958377953756
7s7q__A1_Q8I1Y0--7s7q__B1_C6KSX0,4,2,2,1,0.498578525730131,81.5,True,0.5476954928115157
7s7q__A1_Q8I1Y0--7s7q__B1_C6KSX0,5,4,0,1,0.5211753742657877,81.4375,True,0.5201966377463094
7s7q__A1_Q8I1Y0--7s7q__B1_C6KSX0,6,4,3,1,0.5174552124483575,81.25,True,0.6190095857806264
7s7q__A1_Q8I1Y0--7s7q__B1_C6KSX0,7,5,0,1,0.5147063750772519,80.75,True,0.5059580206935202
7s7q__A1_Q8I1Y0--7s7q__B1_C6KSX0,8,1,3,1,0.5673599673749748,80.75,True,0.5610242991196042
7s7q__A1_Q8I1Y0--7s7q__B1_C6KSX0,9,4,1,1,0.5343371685024251,80.25,True,0.5266323345435813
7s7q__A1_Q8I1Y0--7s7q__B1_C6KSX0,10,3,2,1,0.513237041144241,79.875,True,0.5115415433528506
7s7q__A1_Q8I1Y0--7s7q__B1_C6KSX0,11,2,1,1,0.5250347077697083,79.875,True,0.498759370424651
7s7q__A1_Q8I1Y0--7s7q__B1_C6KSX0,12,5,2,1,0.5257049085765041,79.375,True,0.39300205782244774
7s7q__A1_Q8I1Y0--7s7q__B1_C6KSX0,13,4,2,1,0.5384675112332132,79.1875,True,0.43786336789684605
7s7q__A1_Q8I1Y0--7s7q__B1_C6KSX0,14,1,1,1,0.5110021812000678,79.1875,True,0.43687708703269496
7s7q__A1_Q8I1Y0--7s7q__B1_C6KSX0,15,3,3,1,0.5335618226635105,79.0,True,0.482331120574499
7s7q__A1_Q8I1Y0--7s7q__B1_C6KSX0,16,5,3,1,0.5305315619417286,78.75,True,0.46428195939218486
7s7q__A1_Q8I1Y0--7s7q__B1_C6KSX0,17,1,0,1,0.5818609848074464,78.625,True,0.5198248916749423
7s7q__A1_Q8I1Y0--7s7q__B1_C6KSX0,18,1,2,1,0.5606876261613073,78.375,True,0.47961334997510974
7s7q__A1_Q8I1Y0--7s7q__B1_C6KSX0,19,2,3,1,0.5163355336106061,78.1875,True,0.3993654400227597
7s7q__A1_Q8I1Y0--7s7q__B1_C6KSX0,20,2,0,1,0.5344601964623609,77.875,True,0.45466885468280155
7sa1__B1_Q5VMP0--7sa1__A1_Q39255,1,4,2,1,0.5653695413986831,86.625,True,0.5847164163328039
7sa1__B1_Q5VMP0--7sa1__A1_Q39255,2,4,1,1,0.5617355663189999,86.5,True,0.5735434796998489
7sa1__B1_Q5VMP0--7sa1__A1_Q39255,3,3,2,1,0.5991062631053202,86.4375,True,0.617125513350627
7sa1__B1_Q5VMP0--7sa1__A1_Q39255,4,5,3,1,0.5387297196289126,86.375,True,0.5535849114460702
7sa1__B1_Q5VMP0--7sa1__A1_Q39255,5,3,0,1,0.5708019934469095,86.0,True,0.4732279699091014
7sa1__B1_Q5VMP0--7sa1__A1_Q39255,6,5,2,1,0.5554558338370176,86.0,True,0.48905120659239687
7sa1__B1_Q5VMP0--7sa1__A1_Q39255,7,3,3,1,0.5730203837760501,85.9375,True,0.46785398051216354
7sa1__B1_Q5VMP0--7sa1__A1_Q39255,8,4,0,1,0.5520907178069647,85.9375,True,0.5127877953962663
7sa1__B1_Q5VMP0--7sa1__A1_Q39255,9,2,0,1,0.6102813858060921,85.75,True,0.5886474895913776
7sa1__B1_Q5VMP0--7sa1__A1_Q39255,10,5,1,1,0.5388659428151571,85.625,True,0.5388621411202336
7sa1__B1_Q5VMP0--7sa1__A1_Q39255,11,5,0,1,0.5390424229113266,85.5625,True,0.46917797851020543
7sa1__B1_Q5VMP0--7sa1__A1_Q39255,12,3,1,1,0.5810852741392178,85.3125,True,0.4228251138634163
7sa1__B1_Q5VMP0--7sa1__A1_Q39255,13,2,1,1,0.553203589595725,84.9375,True,0.5271764891016305
7sa1__B1_Q5VMP0--7sa1__A1_Q39255,14,2,3,1,0.5675523670016626,84.9375,True,0.4497472381094345
7sa1__B1_Q5VMP0--7sa1__A1_Q39255,15,4,3,1,0.5604072068004254,84.875,True,0.4155796333274941
7sa1__B1_Q5VMP0--7sa1__A1_Q39255,16,2,2,1,0.5658855837592531,84.875,True,0.4399343462793012
7sa1__B1_Q5VMP0--7sa1__A1_Q39255,17,1,2,1,0.5324442775862436,84.75,True,0.4805148242456887
7sa1__B1_Q5VMP0--7sa1__A1_Q39255,18,1,3,1,0.5702944805441138,84.75,True,0.5343128847011974
7sa1__B1_Q5VMP0--7sa1__A1_Q39255,19,1,0,1,0.5597324649455764,84.75,True,0.5359843358712337
7sa1__B1_Q5VMP0--7sa1__A1_Q39255,20,1,1,1,0.5266478697572824,84.4375,True,0.46339617824086143
7v3k__A1_A3TMR7--7v3k__D1_A3TMR7,1,5,0,1,0.1824132272088758,38.59375,False,0.6665286977659531
7v3k__A1_A3TMR7--7v3k__D1_A3TMR7,2,5,3,1,0.1971627117272666,37.4375,False,0.6316459371153537
7v3k__A1_A3TMR7--7v3k__D1_A3TMR7,3,5,1,1,0.1810280766308666,37.4375,False,0.6479990431665641
7v3k__A1_A3TMR7--7v3k__D1_A3TMR7,4,3,3,1,0.1864862434712777,37.4375,False,0.6230454994971362
7v3k__A1_A3TMR7--7v3k__D1_A3TMR7,5,2,1,1,0.1702375138166433,34.21875,False,0.6063283365311315
7v3k__A1_A3TMR7--7v3k__D1_A3TMR7,6,1,3,1,0.194204706742189,34.0,False,0.6260566633074978
7v3k__A1_A3TMR7--7v3k__D1_A3TMR7,7,2,3,1,0.1539243953967204,33.5,False,0.5651668522172953
7v3k__A1_A3TMR7--7v3k__D1_A3TMR7,8,1,0,1,0.2071203071128076,30.8125,False,0.5452923657934221
7v3k__A1_A3TMR7--7v3k__D1_A3TMR7,9,1,1,1,0.1653292643924712,27.546875,False,0.4964474505533343
7v3k__A1_A3TMR7--7v3k__D1_A3TMR7,10,4,1,1,0.2803246965103882,27.234375,True,0.48627133031289693
7v3k__A1_A3TMR7--7v3k__D1_A3TMR7,11,2,2,1,0.0255473758247028,26.96875,False,0.49898025893217995
7v3k__A1_A3TMR7--7v3k__D1_A3TMR7,12,4,0,1,0.0169385416352041,26.90625,False,0.5075069548601046
7v3k__A1_A3TMR7--7v3k__D1_A3TMR7,13,4,2,1,0.3174618700166769,26.828125,True,0.4454145917446018
7v3k__A1_A3TMR7--7v3k__D1_A3TMR7,14,4,3,1,0.2977597827182451,26.71875,True,0.43969342553643026
7v3k__A1_A3TMR7--7v3k__D1_A3TMR7,15,2,0,1,0.0199326439091121,25.875,False,0.45008671333641864
7v3k__A1_A3TMR7--7v3k__D1_A3TMR7,16,3,0,1,0.1346189651384096,24.0625,False,0.40471390922972045
7v3k__A1_A3TMR7--7v3k__D1_A3TMR7,17,5,2,1,0.0312372121379973,23.78125,False,0.3945675153902619
7v3k__A1_A3TMR7--7v3k__D1_A3TMR7,18,3,1,1,0.0271466768580664,22.890625,False,0.37922278425642375
7v3k__A1_A3TMR7--7v3k__D1_A3TMR7,19,3,2,1,0.0230267475778595,22.875,False,0.379815729020046
7v3k__A1_A3TMR7--7v3k__D1_A3TMR7,20,1,2,1,0.0378988718783396,21.828125,False,0.338580530869783
